lead,month,daylight,site,n,p_cloud_eq_0,p_cloud_eq_100,p_cloud_between,p_cloud_outside_0_100,unique_values
D+1,2024-02,day,changzhou_1,320.0,0.153125,0.665625,0.18125,0.0,34.0
D+1,2024-02,day,huai_an_1,319.0,0.14420062695924765,0.6520376175548589,0.20376175548589343,0.0,32.0
D+1,2024-02,day,huai_an_2,319.0,0.14420062695924765,0.6238244514106583,0.23197492163009403,0.0,37.0
D+1,2024-02,day,huai_an_3,319.0,0.15987460815047022,0.6802507836990596,0.15987460815047022,0.0,23.0
D+1,2024-02,day,lianyungang_1,319.0,0.1536050156739812,0.5893416927899686,0.25705329153605017,0.0,37.0
D+1,2024-02,day,lianyungang_2,318.0,0.16352201257861634,0.6226415094339622,0.2138364779874214,0.0,29.0
D+1,2024-02,day,nanjing_1,319.0,0.16927899686520376,0.6489028213166145,0.18181818181818182,0.0,37.0
D+1,2024-02,day,nanjing_2,319.0,0.15673981191222572,0.658307210031348,0.18181818181818182,0.003134796238244514,38.0
D+1,2024-02,day,nantong_1,322.0,0.16459627329192547,0.6708074534161491,0.16459627329192547,0.0,36.0
D+1,2024-02,day,nantong_2,321.0,0.12149532710280374,0.6947040498442367,0.1806853582554517,0.003115264797507788,30.0
D+1,2024-02,day,suqian_1,319.0,0.14733542319749215,0.6300940438871473,0.2225705329153605,0.0,37.0
D+1,2024-02,day,suzhou_1,323.0,0.1393188854489164,0.6749226006191951,0.1826625386996904,0.0030959752321981426,36.0
D+1,2024-02,day,taizhou_1,320.0,0.153125,0.65625,0.190625,0.0,28.0
D+1,2024-02,day,taizhou_2,319.0,0.15987460815047022,0.6802507836990596,0.15987460815047022,0.0,27.0
D+1,2024-02,day,wuxi_1,322.0,0.14596273291925466,0.6770186335403726,0.17391304347826086,0.003105590062111801,32.0
D+1,2024-02,day,xuzhou_1,319.0,0.1724137931034483,0.6175548589341693,0.21003134796238246,0.0,33.0
D+1,2024-02,day,xuzhou_2,319.0,0.15047021943573669,0.5924764890282131,0.25705329153605017,0.0,36.0
D+1,2024-02,day,yancheng_1,318.0,0.14150943396226415,0.6289308176100629,0.22641509433962265,0.0031446540880503146,28.0
D+1,2024-02,day,yancheng_2,319.0,0.14733542319749215,0.670846394984326,0.18181818181818182,0.0,31.0
D+1,2024-02,day,yancheng_3,319.0,0.14733542319749215,0.658307210031348,0.18808777429467086,0.006269592476489028,29.0
D+1,2024-02,night,changzhou_1,376.0,0.13031914893617022,0.6702127659574468,0.19946808510638298,0.0,49.0
D+1,2024-02,night,huai_an_1,377.0,0.13527851458885942,0.6419098143236074,0.22281167108753316,0.0,52.0
D+1,2024-02,night,huai_an_2,377.0,0.15119363395225463,0.6472148541114059,0.20159151193633953,0.0,45.0
D+1,2024-02,night,huai_an_3,377.0,0.14058355437665782,0.7002652519893899,0.15915119363395225,0.0,41.0
D+1,2024-02,night,lianyungang_1,377.0,0.1962864721485411,0.5862068965517241,0.21750663129973474,0.0,47.0
D+1,2024-02,night,lianyungang_2,378.0,0.18253968253968253,0.6058201058201058,0.21164021164021163,0.0,36.0
D+1,2024-02,night,nanjing_1,377.0,0.1273209549071618,0.6339522546419099,0.23872679045092837,0.0,53.0
D+1,2024-02,night,nanjing_2,377.0,0.13262599469496023,0.6684350132625995,0.1989389920424403,0.0,47.0
D+1,2024-02,night,nantong_1,374.0,0.11764705882352941,0.6631016042780749,0.2192513368983957,0.0,49.0
D+1,2024-02,night,nantong_2,375.0,0.12,0.7146666666666667,0.16533333333333333,0.0,35.0
D+1,2024-02,night,suqian_1,377.0,0.15915119363395225,0.6127320954907162,0.22811671087533156,0.0,53.0
D+1,2024-02,night,suzhou_1,373.0,0.13136729222520108,0.707774798927614,0.16085790884718498,0.0,34.0
D+1,2024-02,night,taizhou_1,376.0,0.1276595744680851,0.6675531914893617,0.2047872340425532,0.0,41.0
D+1,2024-02,night,taizhou_2,377.0,0.11936339522546419,0.6763925729442971,0.20424403183023873,0.0,42.0
D+1,2024-02,night,wuxi_1,374.0,0.12834224598930483,0.7433155080213903,0.12834224598930483,0.0,31.0
D+1,2024-02,night,xuzhou_1,377.0,0.20424403183023873,0.5941644562334217,0.20159151193633953,0.0,47.0
D+1,2024-02,night,xuzhou_2,377.0,0.16180371352785147,0.6127320954907162,0.22546419098143236,0.0,42.0
D+1,2024-02,night,yancheng_1,378.0,0.15343915343915343,0.6613756613756614,0.17989417989417988,0.005291005291005291,43.0
D+1,2024-02,night,yancheng_2,377.0,0.1273209549071618,0.6710875331564987,0.20159151193633953,0.0,45.0
D+1,2024-02,night,yancheng_3,377.0,0.13262599469496023,0.6684350132625995,0.1989389920424403,0.0,39.0
D+1,2024-03,day,changzhou_1,372.0,0.15053763440860216,0.6182795698924731,0.23118279569892472,0.0,41.0
D+1,2024-03,day,huai_an_1,371.0,0.1940700808625337,0.6199460916442049,0.18598382749326145,0.0,35.0
D+1,2024-03,day,huai_an_2,371.0,0.2371967654986523,0.5633423180592992,0.19946091644204852,0.0,32.0
D+1,2024-03,day,huai_an_3,368.0,0.23641304347826086,0.6059782608695652,0.15760869565217392,0.0,31.0
D+1,2024-03,day,lianyungang_1,368.0,0.2826086956521739,0.5733695652173914,0.14402173913043478,0.0,28.0
D+1,2024-03,day,lianyungang_2,370.0,0.2864864864864865,0.5594594594594594,0.15405405405405406,0.0,29.0
D+1,2024-03,day,nanjing_1,369.0,0.16802168021680217,0.6233062330623306,0.2086720867208672,0.0,45.0
D+1,2024-03,day,nanjing_2,371.0,0.15633423180592992,0.6199460916442049,0.22371967654986524,0.0,41.0
D+1,2024-03,day,nantong_1,372.0,0.18548387096774194,0.5725806451612904,0.24193548387096775,0.0,42.0
D+1,2024-03,day,nantong_2,372.0,0.16666666666666666,0.5967741935483871,0.23655913978494625,0.0,36.0
D+1,2024-03,day,suqian_1,367.0,0.23705722070844687,0.55858310626703,0.20435967302452315,0.0,40.0
D+1,2024-03,day,suzhou_1,372.0,0.17204301075268819,0.6129032258064516,0.21505376344086022,0.0,43.0
D+1,2024-03,day,taizhou_1,372.0,0.18548387096774194,0.6424731182795699,0.1693548387096774,0.002688172043010753,30.0
D+1,2024-03,day,taizhou_2,372.0,0.17204301075268819,0.6370967741935484,0.1881720430107527,0.002688172043010753,37.0
D+1,2024-03,day,wuxi_1,372.0,0.20161290322580644,0.6182795698924731,0.18010752688172044,0.0,38.0
D+1,2024-03,day,xuzhou_1,366.0,0.27049180327868855,0.5683060109289617,0.15846994535519127,0.00273224043715847,29.0
D+1,2024-03,day,xuzhou_2,364.0,0.2554945054945055,0.5714285714285714,0.17307692307692307,0.0,34.0
D+1,2024-03,day,yancheng_1,372.0,0.24193548387096775,0.5833333333333334,0.17473118279569894,0.0,34.0
D+1,2024-03,day,yancheng_2,372.0,0.1639784946236559,0.6559139784946236,0.17473118279569894,0.005376344086021506,32.0
D+1,2024-03,day,yancheng_3,372.0,0.18548387096774194,0.6612903225806451,0.1532258064516129,0.0,26.0
D+1,2024-03,night,changzhou_1,372.0,0.23387096774193547,0.5672043010752689,0.1935483870967742,0.005376344086021506,42.0
D+1,2024-03,night,huai_an_1,373.0,0.21179624664879357,0.5764075067024129,0.20911528150134048,0.002680965147453083,34.0
D+1,2024-03,night,huai_an_2,373.0,0.24932975871313673,0.5442359249329759,0.2064343163538874,0.0,28.0
D+1,2024-03,night,huai_an_3,376.0,0.21010638297872342,0.5638297872340425,0.22606382978723405,0.0,38.0
D+1,2024-03,night,lianyungang_1,376.0,0.27925531914893614,0.5638297872340425,0.15691489361702127,0.0,30.0
D+1,2024-03,night,lianyungang_2,374.0,0.2727272727272727,0.5561497326203209,0.1711229946524064,0.0,31.0
D+1,2024-03,night,nanjing_1,375.0,0.21866666666666668,0.5946666666666667,0.18666666666666668,0.0,35.0
D+1,2024-03,night,nanjing_2,373.0,0.24128686327077747,0.5844504021447721,0.1742627345844504,0.0,39.0
D+1,2024-03,night,nantong_1,372.0,0.19623655913978494,0.5860215053763441,0.21774193548387097,0.0,39.0
D+1,2024-03,night,nantong_2,372.0,0.1989247311827957,0.6048387096774194,0.19623655913978494,0.0,36.0
D+1,2024-03,night,suqian_1,377.0,0.2519893899204244,0.5596816976127321,0.1883289124668435,0.0,30.0
D+1,2024-03,night,suzhou_1,372.0,0.22580645161290322,0.5967741935483871,0.1774193548387097,0.0,28.0
D+1,2024-03,night,taizhou_1,372.0,0.22043010752688172,0.5752688172043011,0.20161290322580644,0.002688172043010753,37.0
D+1,2024-03,night,taizhou_2,372.0,0.21505376344086022,0.5698924731182796,0.21505376344086022,0.0,45.0
D+1,2024-03,night,wuxi_1,372.0,0.24193548387096775,0.5887096774193549,0.1693548387096774,0.0,35.0
D+1,2024-03,night,xuzhou_1,378.0,0.2566137566137566,0.5502645502645502,0.19047619047619047,0.0026455026455026454,31.0
D+1,2024-03,night,xuzhou_2,380.0,0.25526315789473686,0.5605263157894737,0.18421052631578946,0.0,28.0
D+1,2024-03,night,yancheng_1,372.0,0.23387096774193547,0.521505376344086,0.2446236559139785,0.0,37.0
D+1,2024-03,night,yancheng_2,372.0,0.23118279569892472,0.543010752688172,0.22580645161290322,0.0,39.0
D+1,2024-03,night,yancheng_3,372.0,0.22849462365591397,0.5779569892473119,0.19086021505376344,0.002688172043010753,39.0
D+1,2024-04,day,changzhou_1,386.0,0.06217616580310881,0.7746113989637305,0.16321243523316062,0.0,42.0
D+1,2024-04,day,huai_an_1,391.0,0.10997442455242967,0.6649616368286445,0.22506393861892582,0.0,50.0
D+1,2024-04,day,huai_an_2,393.0,0.15776081424936386,0.6590330788804071,0.183206106870229,0.0,39.0
D+1,2024-04,day,huai_an_3,393.0,0.1272264631043257,0.6641221374045801,0.20865139949109415,0.0,45.0
D+1,2024-04,day,lianyungang_1,396.0,0.20959595959595959,0.6085858585858586,0.18181818181818182,0.0,40.0
D+1,2024-04,day,lianyungang_2,394.0,0.22842639593908629,0.616751269035533,0.1548223350253807,0.0,32.0
D+1,2024-04,day,nanjing_1,390.0,0.07692307692307693,0.7564102564102564,0.1641025641025641,0.002564102564102564,41.0
D+1,2024-04,day,nanjing_2,387.0,0.07235142118863049,0.7441860465116279,0.1834625322997416,0.0,52.0
D+1,2024-04,day,nantong_1,384.0,0.07552083333333333,0.7447916666666666,0.1796875,0.0,42.0
D+1,2024-04,day,nantong_2,382.0,0.07068062827225131,0.7696335078534031,0.15968586387434555,0.0,34.0
D+1,2024-04,day,suqian_1,395.0,0.15443037974683543,0.620253164556962,0.22531645569620254,0.0,48.0
D+1,2024-04,day,suzhou_1,384.0,0.07291666666666667,0.7682291666666666,0.15885416666666666,0.0,35.0
D+1,2024-04,day,taizhou_1,389.0,0.10025706940874037,0.712082262210797,0.18766066838046272,0.0,42.0
D+1,2024-04,day,taizhou_2,388.0,0.10051546391752578,0.7061855670103093,0.19072164948453607,0.002577319587628866,45.0
D+1,2024-04,day,wuxi_1,384.0,0.059895833333333336,0.8177083333333334,0.12239583333333333,0.0,30.0
D+1,2024-04,day,xuzhou_1,396.0,0.1388888888888889,0.6590909090909091,0.20202020202020202,0.0,35.0
D+1,2024-04,day,xuzhou_2,397.0,0.16120906801007556,0.6397984886649875,0.1964735516372796,0.0025188916876574307,44.0
D+1,2024-04,day,yancheng_1,392.0,0.1556122448979592,0.625,0.21683673469387754,0.002551020408163265,44.0
D+1,2024-04,day,yancheng_2,388.0,0.10051546391752578,0.6907216494845361,0.20618556701030927,0.002577319587628866,47.0
D+1,2024-04,day,yancheng_3,391.0,0.12531969309462915,0.7135549872122762,0.16112531969309463,0.0,35.0
D+1,2024-04,night,changzhou_1,334.0,0.04790419161676647,0.8263473053892215,0.12574850299401197,0.0,33.0
D+1,2024-04,night,huai_an_1,329.0,0.0729483282674772,0.7507598784194529,0.17325227963525835,0.00303951367781155,44.0
D+1,2024-04,night,huai_an_2,327.0,0.11926605504587157,0.7125382262996942,0.16819571865443425,0.0,37.0
D+1,2024-04,night,huai_an_3,327.0,0.07033639143730887,0.7522935779816514,0.17737003058103976,0.0,44.0
D+1,2024-04,night,lianyungang_1,324.0,0.13271604938271606,0.6666666666666666,0.19753086419753085,0.0030864197530864196,40.0
D+1,2024-04,night,lianyungang_2,326.0,0.1441717791411043,0.696319018404908,0.15950920245398773,0.0,31.0
D+1,2024-04,night,nanjing_1,330.0,0.07272727272727272,0.803030303030303,0.12424242424242424,0.0,34.0
D+1,2024-04,night,nanjing_2,333.0,0.08408408408408409,0.8288288288288288,0.08708708708708708,0.0,24.0
D+1,2024-04,night,nantong_1,336.0,0.047619047619047616,0.8511904761904762,0.10119047619047619,0.0,26.0
D+1,2024-04,night,nantong_2,338.0,0.05029585798816568,0.8402366863905325,0.10946745562130178,0.0,21.0
D+1,2024-04,night,suqian_1,325.0,0.09230769230769231,0.7107692307692308,0.19384615384615383,0.003076923076923077,41.0
D+1,2024-04,night,suzhou_1,336.0,0.041666666666666664,0.8452380952380952,0.1130952380952381,0.0,36.0
D+1,2024-04,night,taizhou_1,331.0,0.08157099697885196,0.8036253776435045,0.1148036253776435,0.0,31.0
D+1,2024-04,night,taizhou_2,332.0,0.07530120481927711,0.7831325301204819,0.14156626506024098,0.0,35.0
D+1,2024-04,night,wuxi_1,336.0,0.044642857142857144,0.8154761904761905,0.13988095238095238,0.0,29.0
D+1,2024-04,night,xuzhou_1,324.0,0.17592592592592593,0.6481481481481481,0.17592592592592593,0.0,32.0
D+1,2024-04,night,xuzhou_2,323.0,0.11145510835913312,0.6873065015479877,0.19814241486068113,0.0030959752321981426,41.0
D+1,2024-04,night,yancheng_1,328.0,0.125,0.7317073170731707,0.1402439024390244,0.003048780487804878,26.0
D+1,2024-04,night,yancheng_2,332.0,0.08132530120481928,0.7710843373493976,0.14759036144578314,0.0,32.0
D+1,2024-04,night,yancheng_3,329.0,0.0729483282674772,0.7507598784194529,0.1762917933130699,0.0,36.0
D+1,2024-05,day,changzhou_1,434.0,0.2119815668202765,0.5622119815668203,0.22580645161290322,0.0,47.0
D+1,2024-05,day,huai_an_1,434.0,0.31797235023041476,0.45852534562211983,0.22350230414746544,0.0,38.0
D+1,2024-05,day,huai_an_2,434.0,0.3225806451612903,0.4447004608294931,0.2304147465437788,0.002304147465437788,49.0
D+1,2024-05,day,huai_an_3,434.0,0.2926267281105991,0.4400921658986175,0.2672811059907834,0.0,48.0
D+1,2024-05,day,lianyungang_1,434.0,0.3225806451612903,0.45852534562211983,0.21889400921658986,0.0,42.0
D+1,2024-05,day,lianyungang_2,434.0,0.2903225806451613,0.46774193548387094,0.24193548387096775,0.0,45.0
D+1,2024-05,day,nanjing_1,434.0,0.20046082949308755,0.5414746543778802,0.2557603686635945,0.002304147465437788,50.0
D+1,2024-05,day,nanjing_2,434.0,0.20276497695852536,0.5483870967741935,0.2488479262672811,0.0,49.0
D+1,2024-05,day,nantong_1,434.0,0.2695852534562212,0.5460829493087558,0.18202764976958524,0.002304147465437788,46.0
D+1,2024-05,day,nantong_2,434.0,0.2511520737327189,0.5230414746543779,0.22580645161290322,0.0,45.0
D+1,2024-05,day,suqian_1,434.0,0.31797235023041476,0.4078341013824885,0.271889400921659,0.002304147465437788,57.0
D+1,2024-05,day,suzhou_1,434.0,0.22119815668202766,0.5806451612903226,0.19815668202764977,0.0,44.0
D+1,2024-05,day,taizhou_1,434.0,0.2903225806451613,0.48847926267281105,0.22119815668202766,0.0,41.0
D+1,2024-05,day,taizhou_2,434.0,0.3087557603686636,0.4861751152073733,0.20506912442396313,0.0,41.0
D+1,2024-05,day,wuxi_1,434.0,0.2073732718894009,0.6013824884792627,0.1912442396313364,0.0,39.0
D+1,2024-05,day,xuzhou_1,434.0,0.31105990783410137,0.4608294930875576,0.22811059907834103,0.0,43.0
D+1,2024-05,day,xuzhou_2,434.0,0.315668202764977,0.45161290322580644,0.2304147465437788,0.002304147465437788,52.0
D+1,2024-05,day,yancheng_1,434.0,0.3294930875576037,0.45622119815668205,0.2119815668202765,0.002304147465437788,35.0
D+1,2024-05,day,yancheng_2,434.0,0.31336405529953915,0.4861751152073733,0.20046082949308755,0.0,36.0
D+1,2024-05,day,yancheng_3,434.0,0.31797235023041476,0.4700460829493088,0.2119815668202765,0.0,34.0
D+1,2024-05,night,changzhou_1,310.0,0.1774193548387097,0.5774193548387097,0.24516129032258063,0.0,39.0
D+1,2024-05,night,huai_an_1,310.0,0.2709677419354839,0.5419354838709678,0.1870967741935484,0.0,32.0
D+1,2024-05,night,huai_an_2,310.0,0.32903225806451614,0.4935483870967742,0.17419354838709677,0.0032258064516129032,26.0
D+1,2024-05,night,huai_an_3,310.0,0.2709677419354839,0.4645161290322581,0.2645161290322581,0.0,41.0
D+1,2024-05,night,lianyungang_1,310.0,0.3032258064516129,0.4612903225806452,0.23548387096774193,0.0,34.0
D+1,2024-05,night,lianyungang_2,310.0,0.31290322580645163,0.43870967741935485,0.24838709677419354,0.0,29.0
D+1,2024-05,night,nanjing_1,310.0,0.15483870967741936,0.5580645161290323,0.2870967741935484,0.0,43.0
D+1,2024-05,night,nanjing_2,310.0,0.16774193548387098,0.603225806451613,0.22903225806451613,0.0,42.0
D+1,2024-05,night,nantong_1,310.0,0.22580645161290322,0.5516129032258065,0.22258064516129034,0.0,33.0
D+1,2024-05,night,nantong_2,310.0,0.22580645161290322,0.532258064516129,0.23870967741935484,0.0032258064516129032,35.0
D+1,2024-05,night,suqian_1,310.0,0.2967741935483871,0.46774193548387094,0.23225806451612904,0.0032258064516129032,32.0
D+1,2024-05,night,suzhou_1,310.0,0.17096774193548386,0.567741935483871,0.25483870967741934,0.0064516129032258064,41.0
D+1,2024-05,night,taizhou_1,310.0,0.25483870967741934,0.5064516129032258,0.23870967741935484,0.0,42.0
D+1,2024-05,night,taizhou_2,310.0,0.25806451612903225,0.47419354838709676,0.267741935483871,0.0,39.0
D+1,2024-05,night,wuxi_1,310.0,0.16129032258064516,0.603225806451613,0.23548387096774193,0.0,35.0
D+1,2024-05,night,xuzhou_1,310.0,0.2838709677419355,0.4483870967741935,0.267741935483871,0.0,41.0
D+1,2024-05,night,xuzhou_2,310.0,0.3225806451612903,0.45161290322580644,0.22258064516129034,0.0032258064516129032,39.0
D+1,2024-05,night,yancheng_1,310.0,0.3258064516129032,0.49032258064516127,0.18387096774193548,0.0,32.0
D+1,2024-05,night,yancheng_2,310.0,0.3064516129032258,0.5,0.1935483870967742,0.0,31.0
D+1,2024-05,night,yancheng_3,310.0,0.2709677419354839,0.5258064516129032,0.2032258064516129,0.0,27.0
D+1,2024-06,day,changzhou_1,420.0,0.05714285714285714,0.7428571428571429,0.2,0.0,55.0
D+1,2024-06,day,huai_an_1,420.0,0.06190476190476191,0.719047619047619,0.21666666666666667,0.002380952380952381,49.0
D+1,2024-06,day,huai_an_2,420.0,0.1357142857142857,0.5904761904761905,0.27380952380952384,0.0,44.0
D+1,2024-06,day,huai_an_3,420.0,0.0880952380952381,0.6738095238095239,0.2357142857142857,0.002380952380952381,55.0
D+1,2024-06,day,lianyungang_1,420.0,0.16904761904761906,0.5547619047619048,0.27380952380952384,0.002380952380952381,51.0
D+1,2024-06,day,lianyungang_2,420.0,0.1595238095238095,0.5666666666666667,0.27380952380952384,0.0,47.0
D+1,2024-06,day,nanjing_1,420.0,0.05238095238095238,0.75,0.1976190476190476,0.0,41.0
D+1,2024-06,day,nanjing_2,420.0,0.05476190476190476,0.7595238095238095,0.18571428571428572,0.0,41.0
D+1,2024-06,day,nantong_1,420.0,0.05476190476190476,0.7428571428571429,0.20238095238095238,0.0,46.0
D+1,2024-06,day,nantong_2,420.0,0.05476190476190476,0.7595238095238095,0.18571428571428572,0.0,46.0
D+1,2024-06,day,suqian_1,420.0,0.15,0.5428571428571428,0.30714285714285716,0.0,59.0
D+1,2024-06,day,suzhou_1,420.0,0.05476190476190476,0.7880952380952381,0.15714285714285714,0.0,41.0
D+1,2024-06,day,taizhou_1,420.0,0.05238095238095238,0.7428571428571429,0.20476190476190476,0.0,43.0
D+1,2024-06,day,taizhou_2,420.0,0.04523809523809524,0.7452380952380953,0.20952380952380953,0.0,38.0
D+1,2024-06,day,wuxi_1,420.0,0.05238095238095238,0.8,0.14761904761904762,0.0,41.0
D+1,2024-06,day,xuzhou_1,420.0,0.18571428571428572,0.5333333333333333,0.2785714285714286,0.002380952380952381,55.0
D+1,2024-06,day,xuzhou_2,420.0,0.1738095238095238,0.5404761904761904,0.2857142857142857,0.0,56.0
D+1,2024-06,day,yancheng_1,420.0,0.13333333333333333,0.6428571428571429,0.22380952380952382,0.0,44.0
D+1,2024-06,day,yancheng_2,420.0,0.0761904761904762,0.7261904761904762,0.1976190476190476,0.0,44.0
D+1,2024-06,day,yancheng_3,420.0,0.05714285714285714,0.7333333333333333,0.20952380952380953,0.0,48.0
D+1,2024-06,night,changzhou_1,300.0,0.06666666666666667,0.8,0.13333333333333333,0.0,27.0
D+1,2024-06,night,huai_an_1,300.0,0.10666666666666667,0.79,0.10333333333333333,0.0,19.0
D+1,2024-06,night,huai_an_2,300.0,0.11666666666666667,0.6733333333333333,0.21,0.0,33.0
D+1,2024-06,night,huai_an_3,300.0,0.12,0.7466666666666667,0.13,0.0033333333333333335,31.0
D+1,2024-06,night,lianyungang_1,300.0,0.13,0.6666666666666666,0.20333333333333334,0.0,31.0
D+1,2024-06,night,lianyungang_2,300.0,0.13333333333333333,0.6166666666666667,0.25,0.0,40.0
D+1,2024-06,night,nanjing_1,300.0,0.07,0.78,0.15,0.0,33.0
D+1,2024-06,night,nanjing_2,300.0,0.07333333333333333,0.8033333333333333,0.12,0.0033333333333333335,29.0
D+1,2024-06,night,nantong_1,300.0,0.07,0.8066666666666666,0.12333333333333334,0.0,26.0
D+1,2024-06,night,nantong_2,300.0,0.08333333333333333,0.82,0.09666666666666666,0.0,17.0
D+1,2024-06,night,suqian_1,300.0,0.12,0.6766666666666666,0.20333333333333334,0.0,33.0
D+1,2024-06,night,suzhou_1,300.0,0.07,0.8333333333333334,0.09666666666666666,0.0,25.0
D+1,2024-06,night,taizhou_1,300.0,0.06666666666666667,0.7933333333333333,0.13666666666666666,0.0033333333333333335,23.0
D+1,2024-06,night,taizhou_2,300.0,0.07666666666666666,0.7933333333333333,0.12666666666666668,0.0033333333333333335,27.0
D+1,2024-06,night,wuxi_1,300.0,0.06333333333333334,0.86,0.07333333333333333,0.0033333333333333335,21.0
D+1,2024-06,night,xuzhou_1,300.0,0.11666666666666667,0.6666666666666666,0.21666666666666667,0.0,32.0
D+1,2024-06,night,xuzhou_2,300.0,0.13666666666666666,0.6566666666666666,0.20666666666666667,0.0,33.0
D+1,2024-06,night,yancheng_1,300.0,0.11666666666666667,0.7233333333333334,0.16,0.0,28.0
D+1,2024-06,night,yancheng_2,300.0,0.10333333333333333,0.76,0.13666666666666666,0.0,24.0
D+1,2024-06,night,yancheng_3,300.0,0.08,0.7666666666666667,0.15333333333333332,0.0,22.0
D+1,2024-07,day,changzhou_1,434.0,0.14055299539170507,0.6658986175115207,0.1935483870967742,0.0,51.0
D+1,2024-07,day,huai_an_1,434.0,0.11981566820276497,0.6751152073732719,0.20506912442396313,0.0,54.0
D+1,2024-07,day,huai_an_2,434.0,0.11290322580645161,0.6820276497695853,0.20506912442396313,0.0,48.0
D+1,2024-07,day,huai_an_3,434.0,0.09907834101382489,0.6336405529953917,0.26497695852534564,0.002304147465437788,67.0
D+1,2024-07,day,lianyungang_1,434.0,0.11290322580645161,0.6382488479262672,0.2488479262672811,0.0,55.0
D+1,2024-07,day,lianyungang_2,434.0,0.12672811059907835,0.6405529953917051,0.23271889400921658,0.0,57.0
D+1,2024-07,day,nanjing_1,434.0,0.10599078341013825,0.6935483870967742,0.20046082949308755,0.0,50.0
D+1,2024-07,day,nanjing_2,434.0,0.15207373271889402,0.6497695852534562,0.195852534562212,0.002304147465437788,54.0
D+1,2024-07,day,nantong_1,434.0,0.16359447004608296,0.6728110599078341,0.16359447004608296,0.0,46.0
D+1,2024-07,day,nantong_2,434.0,0.18433179723502305,0.6105990783410138,0.20506912442396313,0.0,51.0
D+1,2024-07,day,suqian_1,434.0,0.11290322580645161,0.6543778801843319,0.23271889400921658,0.0,57.0
D+1,2024-07,day,suzhou_1,434.0,0.15898617511520738,0.6866359447004609,0.1543778801843318,0.0,47.0
D+1,2024-07,day,taizhou_1,434.0,0.10829493087557604,0.728110599078341,0.16359447004608296,0.0,40.0
D+1,2024-07,day,taizhou_2,434.0,0.14285714285714285,0.6866359447004609,0.17050691244239632,0.0,48.0
D+1,2024-07,day,wuxi_1,434.0,0.15898617511520738,0.684331797235023,0.15668202764976957,0.0,42.0
D+1,2024-07,day,xuzhou_1,434.0,0.0944700460829493,0.6129032258064516,0.2926267281105991,0.0,66.0
D+1,2024-07,day,xuzhou_2,434.0,0.10368663594470046,0.6359447004608295,0.26036866359447003,0.0,64.0
D+1,2024-07,day,yancheng_1,434.0,0.10829493087557604,0.6889400921658986,0.20276497695852536,0.0,54.0
D+1,2024-07,day,yancheng_2,434.0,0.12903225806451613,0.6912442396313364,0.17972350230414746,0.0,44.0
D+1,2024-07,day,yancheng_3,434.0,0.12903225806451613,0.6866359447004609,0.18433179723502305,0.0,45.0
D+1,2024-07,night,changzhou_1,310.0,0.15161290322580645,0.6935483870967742,0.15161290322580645,0.0032258064516129032,34.0
D+1,2024-07,night,huai_an_1,310.0,0.11935483870967742,0.6612903225806451,0.21935483870967742,0.0,44.0
D+1,2024-07,night,huai_an_2,310.0,0.12580645161290321,0.6419354838709678,0.23225806451612904,0.0,43.0
D+1,2024-07,night,huai_an_3,310.0,0.08709677419354839,0.6806451612903226,0.23225806451612904,0.0,48.0
D+1,2024-07,night,lianyungang_1,310.0,0.14838709677419354,0.6,0.25161290322580643,0.0,47.0
D+1,2024-07,night,lianyungang_2,310.0,0.14838709677419354,0.6516129032258065,0.2,0.0,40.0
D+1,2024-07,night,nanjing_1,310.0,0.12258064516129032,0.6612903225806451,0.2161290322580645,0.0,40.0
D+1,2024-07,night,nanjing_2,310.0,0.13225806451612904,0.6967741935483871,0.17096774193548386,0.0,35.0
D+1,2024-07,night,nantong_1,310.0,0.1774193548387097,0.6580645161290323,0.16129032258064516,0.0032258064516129032,35.0
D+1,2024-07,night,nantong_2,310.0,0.17096774193548386,0.6483870967741936,0.1774193548387097,0.0032258064516129032,33.0
D+1,2024-07,night,suqian_1,310.0,0.15161290322580645,0.6548387096774193,0.1935483870967742,0.0,42.0
D+1,2024-07,night,suzhou_1,310.0,0.18387096774193548,0.6645161290322581,0.15161290322580645,0.0,29.0
D+1,2024-07,night,taizhou_1,310.0,0.16774193548387098,0.6548387096774193,0.17096774193548386,0.0064516129032258064,33.0
D+1,2024-07,night,taizhou_2,310.0,0.16451612903225807,0.667741935483871,0.16451612903225807,0.0032258064516129032,37.0
D+1,2024-07,night,wuxi_1,310.0,0.1967741935483871,0.667741935483871,0.13548387096774195,0.0,31.0
D+1,2024-07,night,xuzhou_1,310.0,0.14193548387096774,0.6967741935483871,0.16129032258064516,0.0,31.0
D+1,2024-07,night,xuzhou_2,310.0,0.14193548387096774,0.6161290322580645,0.23870967741935484,0.0032258064516129032,46.0
D+1,2024-07,night,yancheng_1,310.0,0.11935483870967742,0.6451612903225806,0.23548387096774193,0.0,37.0
D+1,2024-07,night,yancheng_2,310.0,0.17096774193548386,0.6709677419354839,0.15806451612903225,0.0,33.0
D+1,2024-07,night,yancheng_3,310.0,0.13225806451612904,0.667741935483871,0.2,0.0,40.0
D+1,2024-08,day,changzhou_1,415.0,0.20481927710843373,0.39518072289156625,0.4,0.0,69.0
D+1,2024-08,day,huai_an_1,418.0,0.19856459330143542,0.430622009569378,0.3708133971291866,0.0,61.0
D+1,2024-08,day,huai_an_2,421.0,0.17577197149643706,0.4323040380047506,0.3919239904988123,0.0,67.0
D+1,2024-08,day,huai_an_3,417.0,0.16786570743405277,0.36930455635491605,0.4628297362110312,0.0,81.0
D+1,2024-08,day,lianyungang_1,420.0,0.16904761904761906,0.42142857142857143,0.4095238095238095,0.0,70.0
D+1,2024-08,day,lianyungang_2,423.0,0.2458628841607565,0.408983451536643,0.34515366430260047,0.0,68.0
D+1,2024-08,day,nanjing_1,413.0,0.17675544794188863,0.36803874092009686,0.45278450363196127,0.002421307506053269,76.0
D+1,2024-08,day,nanjing_2,413.0,0.18886198547215496,0.3728813559322034,0.4358353510895884,0.002421307506053269,80.0
D+1,2024-08,day,nantong_1,421.0,0.3016627078384798,0.32304038004750596,0.3752969121140142,0.0,66.0
D+1,2024-08,day,nantong_2,422.0,0.3293838862559242,0.2985781990521327,0.37203791469194314,0.0,56.0
D+1,2024-08,day,suqian_1,416.0,0.1778846153846154,0.45913461538461536,0.3629807692307692,0.0,68.0
D+1,2024-08,day,suzhou_1,419.0,0.2243436754176611,0.3723150357995227,0.4033412887828162,0.0,72.0
D+1,2024-08,day,taizhou_1,419.0,0.2052505966587112,0.4295942720763723,0.3627684964200477,0.002386634844868735,62.0
D+1,2024-08,day,taizhou_2,421.0,0.25415676959619954,0.3847980997624703,0.3586698337292161,0.0023752969121140144,61.0
D+1,2024-08,day,wuxi_1,416.0,0.24278846153846154,0.39663461538461536,0.3605769230769231,0.0,58.0
D+1,2024-08,day,xuzhou_1,409.0,0.29584352078239606,0.33496332518337407,0.3691931540342298,0.0,63.0
D+1,2024-08,day,xuzhou_2,413.0,0.19854721549636803,0.36803874092009686,0.43341404358353514,0.0,74.0
D+1,2024-08,day,yancheng_1,422.0,0.17535545023696683,0.46208530805687204,0.36255924170616116,0.0,64.0
D+1,2024-08,day,yancheng_2,422.0,0.23696682464454977,0.38388625592417064,0.3767772511848341,0.002369668246445498,55.0
D+1,2024-08,day,yancheng_3,420.0,0.20238095238095238,0.44047619047619047,0.35714285714285715,0.0,60.0
D+1,2024-08,night,changzhou_1,329.0,0.2796352583586626,0.4316109422492401,0.2887537993920973,0.0,48.0
D+1,2024-08,night,huai_an_1,326.0,0.2607361963190184,0.4539877300613497,0.2852760736196319,0.0,45.0
D+1,2024-08,night,huai_an_2,323.0,0.24148606811145512,0.49226006191950467,0.26625386996904027,0.0,38.0
D+1,2024-08,night,huai_an_3,327.0,0.24464831804281345,0.38837920489296635,0.363914373088685,0.0030581039755351682,51.0
D+1,2024-08,night,lianyungang_1,324.0,0.2222222222222222,0.4228395061728395,0.3549382716049383,0.0,55.0
D+1,2024-08,night,lianyungang_2,321.0,0.22429906542056074,0.43613707165109034,0.3395638629283489,0.0,55.0
D+1,2024-08,night,nanjing_1,331.0,0.2537764350453172,0.38972809667673713,0.3564954682779456,0.0,54.0
D+1,2024-08,night,nanjing_2,331.0,0.3202416918429003,0.38368580060422963,0.2930513595166163,0.0030211480362537764,56.0
D+1,2024-08,night,nantong_1,323.0,0.33746130030959753,0.34674922600619196,0.3126934984520124,0.0030959752321981426,48.0
D+1,2024-08,night,nantong_2,322.0,0.3447204968944099,0.2950310559006211,0.36024844720496896,0.0,49.0
D+1,2024-08,night,suqian_1,328.0,0.25609756097560976,0.3932926829268293,0.35060975609756095,0.0,49.0
D+1,2024-08,night,suzhou_1,325.0,0.2953846153846154,0.3723076923076923,0.3323076923076923,0.0,53.0
D+1,2024-08,night,taizhou_1,325.0,0.2953846153846154,0.42153846153846153,0.28307692307692306,0.0,51.0
D+1,2024-08,night,taizhou_2,323.0,0.28173374613003094,0.4458204334365325,0.2724458204334365,0.0,35.0
D+1,2024-08,night,wuxi_1,328.0,0.27439024390243905,0.40853658536585363,0.31402439024390244,0.003048780487804878,54.0
D+1,2024-08,night,xuzhou_1,335.0,0.33432835820895523,0.29253731343283584,0.3641791044776119,0.008955223880597015,53.0
D+1,2024-08,night,xuzhou_2,331.0,0.283987915407855,0.31722054380664655,0.3957703927492447,0.0030211480362537764,55.0
D+1,2024-08,night,yancheng_1,322.0,0.2577639751552795,0.4782608695652174,0.2639751552795031,0.0,41.0
D+1,2024-08,night,yancheng_2,322.0,0.2701863354037267,0.468944099378882,0.2608695652173913,0.0,33.0
D+1,2024-08,night,yancheng_3,324.0,0.29012345679012347,0.4660493827160494,0.24074074074074073,0.0030864197530864196,43.0
D+1,2024-09,day,changzhou_1,360.0,0.1527777777777778,0.44166666666666665,0.40555555555555556,0.0,69.0
D+1,2024-09,day,huai_an_1,360.0,0.1388888888888889,0.4166666666666667,0.4444444444444444,0.0,68.0
D+1,2024-09,day,huai_an_2,360.0,0.16944444444444445,0.43333333333333335,0.39444444444444443,0.002777777777777778,69.0
D+1,2024-09,day,huai_an_3,360.0,0.14166666666666666,0.41944444444444445,0.4388888888888889,0.0,66.0
D+1,2024-09,day,lianyungang_1,361.0,0.24653739612188366,0.34349030470914127,0.4099722991689751,0.0,74.0
D+1,2024-09,day,lianyungang_2,360.0,0.20833333333333334,0.34444444444444444,0.4444444444444444,0.002777777777777778,70.0
D+1,2024-09,day,nanjing_1,360.0,0.21388888888888888,0.37777777777777777,0.4083333333333333,0.0,65.0
D+1,2024-09,day,nanjing_2,360.0,0.16666666666666666,0.39166666666666666,0.4388888888888889,0.002777777777777778,67.0
D+1,2024-09,day,nantong_1,360.0,0.1361111111111111,0.5416666666666666,0.3194444444444444,0.002777777777777778,56.0
D+1,2024-09,day,nantong_2,360.0,0.13333333333333333,0.49444444444444446,0.37222222222222223,0.0,58.0
D+1,2024-09,day,suqian_1,362.0,0.17679558011049723,0.4447513812154696,0.3784530386740331,0.0,68.0
D+1,2024-09,day,suzhou_1,360.0,0.13333333333333333,0.5527777777777778,0.3138888888888889,0.0,54.0
D+1,2024-09,day,taizhou_1,360.0,0.1638888888888889,0.4638888888888889,0.37222222222222223,0.0,57.0
D+1,2024-09,day,taizhou_2,360.0,0.1361111111111111,0.4861111111111111,0.37777777777777777,0.0,64.0
D+1,2024-09,day,wuxi_1,360.0,0.19444444444444445,0.5055555555555555,0.3,0.0,40.0
D+1,2024-09,day,xuzhou_1,367.0,0.1907356948228883,0.40054495912806537,0.4087193460490463,0.0,66.0
D+1,2024-09,day,xuzhou_2,364.0,0.16758241758241757,0.4010989010989011,0.42857142857142855,0.0027472527472527475,74.0
D+1,2024-09,day,yancheng_1,360.0,0.18611111111111112,0.49444444444444446,0.3194444444444444,0.0,59.0
D+1,2024-09,day,yancheng_2,360.0,0.14722222222222223,0.49166666666666664,0.3611111111111111,0.0,59.0
D+1,2024-09,day,yancheng_3,360.0,0.15,0.4777777777777778,0.37222222222222223,0.0,53.0
D+1,2024-09,night,changzhou_1,360.0,0.18888888888888888,0.4888888888888889,0.3194444444444444,0.002777777777777778,50.0
D+1,2024-09,night,huai_an_1,360.0,0.13055555555555556,0.5,0.36666666666666664,0.002777777777777778,64.0
D+1,2024-09,night,huai_an_2,360.0,0.16111111111111112,0.5444444444444444,0.29444444444444445,0.0,56.0
D+1,2024-09,night,huai_an_3,360.0,0.1361111111111111,0.475,0.3888888888888889,0.0,64.0
D+1,2024-09,night,lianyungang_1,359.0,0.2479108635097493,0.48746518105849584,0.2590529247910863,0.005571030640668524,56.0
D+1,2024-09,night,lianyungang_2,360.0,0.2,0.525,0.275,0.0,55.0
D+1,2024-09,night,nanjing_1,360.0,0.21388888888888888,0.4027777777777778,0.38333333333333336,0.0,59.0
D+1,2024-09,night,nanjing_2,360.0,0.24722222222222223,0.44166666666666665,0.3111111111111111,0.0,53.0
D+1,2024-09,night,nantong_1,360.0,0.20833333333333334,0.5388888888888889,0.25277777777777777,0.0,36.0
D+1,2024-09,night,nantong_2,360.0,0.23055555555555557,0.5,0.26944444444444443,0.0,39.0
D+1,2024-09,night,suqian_1,358.0,0.1452513966480447,0.4776536312849162,0.3770949720670391,0.0,67.0
D+1,2024-09,night,suzhou_1,360.0,0.25555555555555554,0.5361111111111111,0.20833333333333334,0.0,37.0
D+1,2024-09,night,taizhou_1,360.0,0.1638888888888889,0.5111111111111111,0.325,0.0,51.0
D+1,2024-09,night,taizhou_2,360.0,0.18888888888888888,0.5361111111111111,0.275,0.0,39.0
D+1,2024-09,night,wuxi_1,360.0,0.2222222222222222,0.5277777777777778,0.25,0.0,38.0
D+1,2024-09,night,xuzhou_1,353.0,0.254957507082153,0.43626062322946174,0.3059490084985836,0.0028328611898017,59.0
D+1,2024-09,night,xuzhou_2,356.0,0.2050561797752809,0.4550561797752809,0.3398876404494382,0.0,55.0
D+1,2024-09,night,yancheng_1,360.0,0.15833333333333333,0.5611111111111111,0.28055555555555556,0.0,53.0
D+1,2024-09,night,yancheng_2,360.0,0.16111111111111112,0.5444444444444444,0.2916666666666667,0.002777777777777778,51.0
D+1,2024-09,night,yancheng_3,360.0,0.1527777777777778,0.5277777777777778,0.3194444444444444,0.0,56.0
D+1,2024-10,day,changzhou_1,353.0,0.20679886685552407,0.5410764872521246,0.2521246458923513,0.0,50.0
D+1,2024-10,day,huai_an_1,354.0,0.3163841807909605,0.5,0.18361581920903955,0.0,39.0
D+1,2024-10,day,huai_an_2,353.0,0.35694050991501414,0.47875354107648727,0.1643059490084986,0.0,26.0
D+1,2024-10,day,huai_an_3,356.0,0.3258426966292135,0.4410112359550562,0.23314606741573032,0.0,41.0
D+1,2024-10,day,lianyungang_1,355.0,0.36619718309859156,0.428169014084507,0.2056338028169014,0.0,40.0
D+1,2024-10,day,lianyungang_2,353.0,0.3597733711048159,0.43342776203966005,0.20679886685552407,0.0,38.0
D+1,2024-10,day,nanjing_1,357.0,0.24649859943977592,0.5070028011204482,0.24649859943977592,0.0,50.0
D+1,2024-10,day,nanjing_2,356.0,0.23876404494382023,0.550561797752809,0.21067415730337077,0.0,49.0
D+1,2024-10,day,nantong_1,349.0,0.2034383954154728,0.5845272206303725,0.21203438395415472,0.0,47.0
D+1,2024-10,day,nantong_2,347.0,0.19020172910662825,0.6080691642651297,0.2017291066282421,0.0,44.0
D+1,2024-10,day,suqian_1,357.0,0.3585434173669468,0.42016806722689076,0.2184873949579832,0.0028011204481792717,35.0
D+1,2024-10,day,suzhou_1,349.0,0.1833810888252149,0.6160458452722063,0.1977077363896848,0.0028653295128939827,43.0
D+1,2024-10,day,taizhou_1,353.0,0.2776203966005666,0.5864022662889519,0.1359773371104816,0.0,28.0
D+1,2024-10,day,taizhou_2,350.0,0.24285714285714285,0.62,0.13714285714285715,0.0,38.0
D+1,2024-10,day,wuxi_1,352.0,0.16761363636363635,0.6022727272727273,0.23011363636363635,0.0,44.0
D+1,2024-10,day,xuzhou_1,355.0,0.3352112676056338,0.4,0.2647887323943662,0.0,40.0
D+1,2024-10,day,xuzhou_2,357.0,0.34173669467787116,0.4257703081232493,0.23249299719887956,0.0,35.0
D+1,2024-10,day,yancheng_1,352.0,0.34375,0.4772727272727273,0.17897727272727273,0.0,34.0
D+1,2024-10,day,yancheng_2,350.0,0.2571428571428571,0.6371428571428571,0.10571428571428572,0.0,24.0
D+1,2024-10,day,yancheng_3,352.0,0.2840909090909091,0.5511363636363636,0.16477272727272727,0.0,29.0
D+1,2024-10,night,changzhou_1,391.0,0.16624040920716113,0.6138107416879796,0.21739130434782608,0.0025575447570332483,44.0
D+1,2024-10,night,huai_an_1,390.0,0.23076923076923078,0.5897435897435898,0.1794871794871795,0.0,29.0
D+1,2024-10,night,huai_an_2,391.0,0.27877237851662406,0.5728900255754475,0.1483375959079284,0.0,29.0
D+1,2024-10,night,huai_an_3,388.0,0.22422680412371135,0.5360824742268041,0.23711340206185566,0.002577319587628866,51.0
D+1,2024-10,night,lianyungang_1,389.0,0.34190231362467866,0.506426735218509,0.14910025706940874,0.002570694087403599,28.0
D+1,2024-10,night,lianyungang_2,391.0,0.29923273657289,0.5242966751918159,0.17647058823529413,0.0,36.0
D+1,2024-10,night,nanjing_1,387.0,0.20155038759689922,0.5788113695090439,0.21963824289405684,0.0,51.0
D+1,2024-10,night,nanjing_2,388.0,0.19845360824742267,0.5876288659793815,0.21391752577319587,0.0,45.0
D+1,2024-10,night,nantong_1,395.0,0.16455696202531644,0.6379746835443038,0.1949367088607595,0.002531645569620253,43.0
D+1,2024-10,night,nantong_2,397.0,0.15365239294710328,0.6297229219143576,0.21662468513853905,0.0,47.0
D+1,2024-10,night,suqian_1,387.0,0.26098191214470284,0.5555555555555556,0.1834625322997416,0.0,41.0
D+1,2024-10,night,suzhou_1,395.0,0.1291139240506329,0.6708860759493671,0.2,0.0,47.0
D+1,2024-10,night,taizhou_1,391.0,0.20971867007672634,0.6138107416879796,0.17647058823529413,0.0,40.0
D+1,2024-10,night,taizhou_2,394.0,0.20050761421319796,0.6091370558375635,0.19035532994923857,0.0,46.0
D+1,2024-10,night,wuxi_1,392.0,0.1377551020408163,0.6785714285714286,0.1836734693877551,0.0,36.0
D+1,2024-10,night,xuzhou_1,389.0,0.3496143958868895,0.46786632390745503,0.18251928020565553,0.0,36.0
D+1,2024-10,night,xuzhou_2,387.0,0.27906976744186046,0.5297157622739018,0.18863049095607234,0.002583979328165375,41.0
D+1,2024-10,night,yancheng_1,392.0,0.24489795918367346,0.5867346938775511,0.1683673469387755,0.0,29.0
D+1,2024-10,night,yancheng_2,394.0,0.21065989847715735,0.6421319796954315,0.1446700507614213,0.0025380710659898475,38.0
D+1,2024-10,night,yancheng_3,392.0,0.2372448979591837,0.5943877551020408,0.1683673469387755,0.0,39.0
D+1,2024-11,day,changzhou_1,314.0,0.3885350318471338,0.410828025477707,0.20063694267515925,0.0,33.0
D+1,2024-11,day,huai_an_1,309.0,0.3559870550161812,0.36245954692556637,0.2783171521035599,0.003236245954692557,50.0
D+1,2024-11,day,huai_an_2,307.0,0.30293159609120524,0.36482084690553745,0.3322475570032573,0.0,48.0
D+1,2024-11,day,huai_an_3,305.0,0.35081967213114756,0.39672131147540984,0.25245901639344265,0.0,41.0
D+1,2024-11,day,lianyungang_1,302.0,0.2814569536423841,0.40066225165562913,0.31788079470198677,0.0,51.0
D+1,2024-11,day,lianyungang_2,305.0,0.2819672131147541,0.39344262295081966,0.32459016393442625,0.0,49.0
D+1,2024-11,day,nanjing_1,307.0,0.39087947882736157,0.3355048859934853,0.2736156351791531,0.0,40.0
D+1,2024-11,day,nanjing_2,310.0,0.3903225806451613,0.3741935483870968,0.23548387096774193,0.0,41.0
D+1,2024-11,day,nantong_1,318.0,0.39308176100628933,0.41509433962264153,0.1918238993710692,0.0,34.0
D+1,2024-11,day,nantong_2,322.0,0.34782608695652173,0.46273291925465837,0.18944099378881987,0.0,42.0
D+1,2024-11,day,suqian_1,302.0,0.3079470198675497,0.39403973509933776,0.2980132450331126,0.0,43.0
D+1,2024-11,day,suzhou_1,319.0,0.38557993730407525,0.4231974921630094,0.19122257053291536,0.0,41.0
D+1,2024-11,day,taizhou_1,311.0,0.38263665594855306,0.3536977491961415,0.26366559485530544,0.0,36.0
D+1,2024-11,day,taizhou_2,314.0,0.40764331210191085,0.3503184713375796,0.24203821656050956,0.0,43.0
D+1,2024-11,day,wuxi_1,316.0,0.379746835443038,0.4177215189873418,0.20253164556962025,0.0,38.0
D+1,2024-11,day,xuzhou_1,300.0,0.3,0.46,0.24,0.0,37.0
D+1,2024-11,day,xuzhou_2,300.0,0.31666666666666665,0.37333333333333335,0.31,0.0,52.0
D+1,2024-11,day,yancheng_1,309.0,0.3074433656957929,0.3656957928802589,0.3268608414239482,0.0,48.0
D+1,2024-11,day,yancheng_2,314.0,0.3630573248407643,0.37579617834394907,0.2611464968152866,0.0,40.0
D+1,2024-11,day,yancheng_3,310.0,0.35161290322580646,0.36774193548387096,0.2806451612903226,0.0,37.0
D+1,2024-11,night,changzhou_1,406.0,0.31773399014778325,0.43349753694581283,0.24876847290640394,0.0,46.0
D+1,2024-11,night,huai_an_1,411.0,0.30900243309002434,0.4793187347931874,0.20924574209245742,0.0024330900243309003,40.0
D+1,2024-11,night,huai_an_2,413.0,0.3026634382566586,0.46731234866828086,0.23002421307506055,0.0,46.0
D+1,2024-11,night,huai_an_3,415.0,0.30120481927710846,0.46987951807228917,0.2289156626506024,0.0,44.0
D+1,2024-11,night,lianyungang_1,418.0,0.3038277511961722,0.46411483253588515,0.23205741626794257,0.0,44.0
D+1,2024-11,night,lianyungang_2,415.0,0.26987951807228916,0.4457831325301205,0.28433734939759037,0.0,55.0
D+1,2024-11,night,nanjing_1,413.0,0.31476997578692495,0.4092009685230024,0.2736077481840194,0.002421307506053269,46.0
D+1,2024-11,night,nanjing_2,410.0,0.3121951219512195,0.3829268292682927,0.3,0.004878048780487805,49.0
D+1,2024-11,night,nantong_1,402.0,0.31840796019900497,0.4054726368159204,0.27611940298507465,0.0,49.0
D+1,2024-11,night,nantong_2,398.0,0.271356783919598,0.5150753768844221,0.2135678391959799,0.0,34.0
D+1,2024-11,night,suqian_1,418.0,0.29904306220095694,0.4688995215311005,0.23205741626794257,0.0,47.0
D+1,2024-11,night,suzhou_1,401.0,0.3266832917705736,0.428927680798005,0.24438902743142144,0.0,47.0
D+1,2024-11,night,taizhou_1,409.0,0.3276283618581907,0.4718826405867971,0.20048899755501223,0.0,39.0
D+1,2024-11,night,taizhou_2,406.0,0.31773399014778325,0.4605911330049261,0.22167487684729065,0.0,38.0
D+1,2024-11,night,wuxi_1,404.0,0.29455445544554454,0.400990099009901,0.30445544554455445,0.0,43.0
D+1,2024-11,night,xuzhou_1,420.0,0.26904761904761904,0.5214285714285715,0.20952380952380953,0.0,43.0
D+1,2024-11,night,xuzhou_2,420.0,0.2976190476190476,0.4857142857142857,0.21666666666666667,0.0,42.0
D+1,2024-11,night,yancheng_1,411.0,0.2822384428223844,0.4768856447688564,0.24087591240875914,0.0,43.0
D+1,2024-11,night,yancheng_2,406.0,0.29802955665024633,0.46551724137931033,0.23645320197044334,0.0,46.0
D+1,2024-11,night,yancheng_3,410.0,0.3121951219512195,0.4951219512195122,0.1926829268292683,0.0,38.0
D+1,2024-12,day,changzhou_1,310.0,0.3225806451612903,0.2870967741935484,0.3903225806451613,0.0,50.0
D+1,2024-12,day,huai_an_1,310.0,0.2870967741935484,0.38064516129032255,0.33225806451612905,0.0,45.0
D+1,2024-12,day,huai_an_2,310.0,0.2870967741935484,0.38064516129032255,0.33225806451612905,0.0,43.0
D+1,2024-12,day,huai_an_3,310.0,0.27419354838709675,0.3580645161290323,0.36774193548387096,0.0,48.0
D+1,2024-12,day,lianyungang_1,310.0,0.3258064516129032,0.38387096774193546,0.2870967741935484,0.0032258064516129032,43.0
D+1,2024-12,day,lianyungang_2,310.0,0.26129032258064516,0.36129032258064514,0.3741935483870968,0.0032258064516129032,57.0
D+1,2024-12,day,nanjing_1,310.0,0.29354838709677417,0.33225806451612905,0.3741935483870968,0.0,44.0
D+1,2024-12,day,nanjing_2,310.0,0.3193548387096774,0.2838709677419355,0.3935483870967742,0.0032258064516129032,51.0
D+1,2024-12,day,nantong_1,310.0,0.2967741935483871,0.3064516129032258,0.3935483870967742,0.0032258064516129032,40.0
D+1,2024-12,day,nantong_2,310.0,0.2064516129032258,0.3258064516129032,0.46774193548387094,0.0,42.0
D+1,2024-12,day,suqian_1,310.0,0.3258064516129032,0.3774193548387097,0.29354838709677417,0.0032258064516129032,43.0
D+1,2024-12,day,suzhou_1,310.0,0.29354838709677417,0.27419354838709675,0.4290322580645161,0.0032258064516129032,38.0
D+1,2024-12,day,taizhou_1,310.0,0.3,0.3870967741935484,0.31290322580645163,0.0,38.0
D+1,2024-12,day,taizhou_2,310.0,0.2903225806451613,0.38064516129032255,0.3258064516129032,0.0032258064516129032,38.0
D+1,2024-12,day,wuxi_1,310.0,0.3387096774193548,0.3387096774193548,0.3225806451612903,0.0,42.0
D+1,2024-12,day,xuzhou_1,310.0,0.35161290322580646,0.4032258064516129,0.24193548387096775,0.0032258064516129032,43.0
D+1,2024-12,day,xuzhou_2,310.0,0.3258064516129032,0.4258064516129032,0.24838709677419354,0.0,46.0
D+1,2024-12,day,yancheng_1,310.0,0.2806451612903226,0.41935483870967744,0.3,0.0,40.0
D+1,2024-12,day,yancheng_2,310.0,0.2709677419354839,0.4,0.32903225806451614,0.0,38.0
D+1,2024-12,day,yancheng_3,310.0,0.27741935483870966,0.38387096774193546,0.3387096774193548,0.0,45.0
D+1,2024-12,night,changzhou_1,434.0,0.3248847926267281,0.30184331797235026,0.37327188940092165,0.0,45.0
D+1,2024-12,night,huai_an_1,434.0,0.31797235023041476,0.4055299539170507,0.2764976958525346,0.0,36.0
D+1,2024-12,night,huai_an_2,434.0,0.3294930875576037,0.3824884792626728,0.2857142857142857,0.002304147465437788,42.0
D+1,2024-12,night,huai_an_3,434.0,0.30414746543778803,0.3640552995391705,0.3317972350230415,0.0,52.0
D+1,2024-12,night,lianyungang_1,434.0,0.35253456221198154,0.37327188940092165,0.271889400921659,0.002304147465437788,48.0
D+1,2024-12,night,lianyungang_2,434.0,0.3064516129032258,0.391705069124424,0.29723502304147464,0.004608294930875576,52.0
D+1,2024-12,night,nanjing_1,434.0,0.3271889400921659,0.3064516129032258,0.3640552995391705,0.002304147465437788,45.0
D+1,2024-12,night,nanjing_2,434.0,0.3317972350230415,0.30184331797235026,0.3663594470046083,0.0,50.0
D+1,2024-12,night,nantong_1,434.0,0.31105990783410137,0.2672811059907834,0.4216589861751152,0.0,49.0
D+1,2024-12,night,nantong_2,434.0,0.271889400921659,0.31336405529953915,0.4147465437788018,0.0,49.0
D+1,2024-12,night,suqian_1,434.0,0.3317972350230415,0.38940092165898615,0.2764976958525346,0.002304147465437788,51.0
D+1,2024-12,night,suzhou_1,434.0,0.29723502304147464,0.2626728110599078,0.4400921658986175,0.0,52.0
D+1,2024-12,night,taizhou_1,434.0,0.3271889400921659,0.3617511520737327,0.3087557603686636,0.002304147465437788,44.0
D+1,2024-12,night,taizhou_2,434.0,0.3248847926267281,0.3387096774193548,0.33640552995391704,0.0,46.0
D+1,2024-12,night,wuxi_1,434.0,0.30414746543778803,0.34101382488479265,0.3548387096774194,0.0,54.0
D+1,2024-12,night,xuzhou_1,434.0,0.37327188940092165,0.3847926267281106,0.24193548387096775,0.0,44.0
D+1,2024-12,night,xuzhou_2,434.0,0.35714285714285715,0.39400921658986177,0.2488479262672811,0.0,47.0
D+1,2024-12,night,yancheng_1,434.0,0.29723502304147464,0.3986175115207373,0.30184331797235026,0.002304147465437788,38.0
D+1,2024-12,night,yancheng_2,434.0,0.2926267281105991,0.3778801843317972,0.3271889400921659,0.002304147465437788,41.0
D+1,2024-12,night,yancheng_3,434.0,0.31797235023041476,0.3986175115207373,0.27880184331797236,0.004608294930875576,41.0
D+1,2025-01,day,changzhou_1,314.0,0.3471337579617834,0.40764331210191085,0.24522292993630573,0.0,31.0
D+1,2025-01,day,huai_an_1,313.0,0.4281150159744409,0.41533546325878595,0.15335463258785942,0.003194888178913738,26.0
D+1,2025-01,day,huai_an_2,311.0,0.4533762057877814,0.3633440514469453,0.18006430868167203,0.003215434083601286,25.0
D+1,2025-01,day,huai_an_3,316.0,0.3987341772151899,0.41455696202531644,0.18670886075949367,0.0,28.0
D+1,2025-01,day,lianyungang_1,313.0,0.5079872204472844,0.3610223642172524,0.13099041533546327,0.0,19.0
D+1,2025-01,day,lianyungang_2,310.0,0.535483870967742,0.32903225806451614,0.13548387096774195,0.0,23.0
D+1,2025-01,day,nanjing_1,318.0,0.3238993710691824,0.44339622641509435,0.23270440251572327,0.0,28.0
D+1,2025-01,day,nanjing_2,317.0,0.35646687697160884,0.4637223974763407,0.17981072555205047,0.0,23.0
D+1,2025-01,day,nantong_1,310.0,0.3548387096774194,0.43870967741935485,0.2,0.0064516129032258064,19.0
D+1,2025-01,day,nantong_2,310.0,0.2903225806451613,0.4129032258064516,0.29354838709677417,0.0032258064516129032,30.0
D+1,2025-01,day,suqian_1,316.0,0.40822784810126583,0.370253164556962,0.21835443037974683,0.0031645569620253164,31.0
D+1,2025-01,day,suzhou_1,310.0,0.36451612903225805,0.4129032258064516,0.21935483870967742,0.0032258064516129032,28.0
D+1,2025-01,day,taizhou_1,312.0,0.4166666666666667,0.42948717948717946,0.15384615384615385,0.0,22.0
D+1,2025-01,day,taizhou_2,310.0,0.3709677419354839,0.4064516129032258,0.22258064516129034,0.0,24.0
D+1,2025-01,day,wuxi_1,313.0,0.3769968051118211,0.43130990415335463,0.18849840255591055,0.003194888178913738,36.0
D+1,2025-01,day,xuzhou_1,321.0,0.4236760124610592,0.38006230529595014,0.19626168224299065,0.0,23.0
D+1,2025-01,day,xuzhou_2,318.0,0.41823899371069184,0.36163522012578614,0.22012578616352202,0.0,33.0
D+1,2025-01,day,yancheng_1,310.0,0.4612903225806452,0.35161290322580646,0.1870967741935484,0.0,27.0
D+1,2025-01,day,yancheng_2,310.0,0.38387096774193546,0.4032258064516129,0.2129032258064516,0.0,22.0
D+1,2025-01,day,yancheng_3,311.0,0.42765273311897106,0.41479099678456594,0.15755627009646303,0.0,24.0
D+1,2025-01,night,changzhou_1,430.0,0.29767441860465116,0.5232558139534884,0.17906976744186046,0.0,34.0
D+1,2025-01,night,huai_an_1,431.0,0.34106728538283065,0.5104408352668214,0.14849187935034802,0.0,26.0
D+1,2025-01,night,huai_an_2,433.0,0.4018475750577367,0.45958429561200925,0.13856812933025403,0.0,21.0
D+1,2025-01,night,huai_an_3,428.0,0.34813084112149534,0.49065420560747663,0.16121495327102803,0.0,40.0
D+1,2025-01,night,lianyungang_1,431.0,0.4779582366589327,0.3665893271461717,0.1554524361948956,0.0,27.0
D+1,2025-01,night,lianyungang_2,434.0,0.48847926267281105,0.37327188940092165,0.1382488479262673,0.0,24.0
D+1,2025-01,night,nanjing_1,426.0,0.3215962441314554,0.5539906103286385,0.12441314553990611,0.0,31.0
D+1,2025-01,night,nanjing_2,427.0,0.29508196721311475,0.5081967213114754,0.19672131147540983,0.0,35.0
D+1,2025-01,night,nantong_1,434.0,0.32027649769585254,0.5138248847926268,0.16589861751152074,0.0,38.0
D+1,2025-01,night,nantong_2,434.0,0.32027649769585254,0.5253456221198156,0.1543778801843318,0.0,30.0
D+1,2025-01,night,suqian_1,428.0,0.3901869158878505,0.45794392523364486,0.14953271028037382,0.002336448598130841,28.0
D+1,2025-01,night,suzhou_1,434.0,0.30414746543778803,0.5046082949308756,0.1912442396313364,0.0,35.0
D+1,2025-01,night,taizhou_1,432.0,0.3472222222222222,0.5231481481481481,0.12962962962962962,0.0,24.0
D+1,2025-01,night,taizhou_2,434.0,0.3548387096774194,0.4861751152073733,0.15668202764976957,0.002304147465437788,33.0
D+1,2025-01,night,wuxi_1,431.0,0.2923433874709977,0.5081206496519721,0.19953596287703015,0.0,37.0
D+1,2025-01,night,xuzhou_1,423.0,0.458628841607565,0.3900709219858156,0.14893617021276595,0.002364066193853428,27.0
D+1,2025-01,night,xuzhou_2,426.0,0.4154929577464789,0.4413145539906103,0.14084507042253522,0.002347417840375587,27.0
D+1,2025-01,night,yancheng_1,434.0,0.4032258064516129,0.4470046082949309,0.1497695852534562,0.0,28.0
D+1,2025-01,night,yancheng_2,434.0,0.35023041474654376,0.49539170506912444,0.15207373271889402,0.002304147465437788,22.0
D+1,2025-01,night,yancheng_3,433.0,0.3533487297921478,0.5034642032332564,0.14318706697459585,0.0,22.0
D+1,2025-02,day,changzhou_1,309.0,0.14563106796116504,0.5922330097087378,0.2621359223300971,0.0,38.0
D+1,2025-02,day,huai_an_1,308.0,0.10714285714285714,0.6233766233766234,0.2694805194805195,0.0,39.0
D+1,2025-02,day,huai_an_2,308.0,0.2077922077922078,0.5162337662337663,0.275974025974026,0.0,36.0
D+1,2025-02,day,huai_an_3,308.0,0.11038961038961038,0.5974025974025974,0.2922077922077922,0.0,43.0
D+1,2025-02,day,lianyungang_1,308.0,0.21103896103896103,0.487012987012987,0.30194805194805197,0.0,45.0
D+1,2025-02,day,lianyungang_2,307.0,0.23127035830618892,0.495114006514658,0.2736156351791531,0.0,39.0
D+1,2025-02,day,nanjing_1,308.0,0.12337662337662338,0.6233766233766234,0.2532467532467532,0.0,42.0
D+1,2025-02,day,nanjing_2,308.0,0.1525974025974026,0.577922077922078,0.2694805194805195,0.0,47.0
D+1,2025-02,day,nantong_1,311.0,0.1607717041800643,0.5884244372990354,0.24437299035369775,0.006430868167202572,33.0
D+1,2025-02,day,nantong_2,311.0,0.10932475884244373,0.6141479099678456,0.2765273311897106,0.0,40.0
D+1,2025-02,day,suqian_1,308.0,0.16883116883116883,0.5422077922077922,0.288961038961039,0.0,49.0
D+1,2025-02,day,suzhou_1,313.0,0.1757188498402556,0.5782747603833865,0.24600638977635783,0.0,38.0
D+1,2025-02,day,taizhou_1,308.0,0.1266233766233766,0.6363636363636364,0.237012987012987,0.0,42.0
D+1,2025-02,day,taizhou_2,309.0,0.11650485436893204,0.6472491909385113,0.23624595469255663,0.0,34.0
D+1,2025-02,day,wuxi_1,311.0,0.1864951768488746,0.594855305466238,0.21864951768488747,0.0,30.0
D+1,2025-02,day,xuzhou_1,308.0,0.2012987012987013,0.538961038961039,0.2597402597402597,0.0,35.0
D+1,2025-02,day,xuzhou_2,308.0,0.17857142857142858,0.5584415584415584,0.262987012987013,0.0,37.0
D+1,2025-02,day,yancheng_1,308.0,0.19805194805194806,0.5227272727272727,0.2792207792207792,0.0,37.0
D+1,2025-02,day,yancheng_2,309.0,0.10679611650485436,0.5760517799352751,0.31715210355987056,0.0,45.0
D+1,2025-02,day,yancheng_3,308.0,0.12012987012987013,0.6136363636363636,0.2662337662337662,0.0,37.0
D+1,2025-02,night,changzhou_1,363.0,0.1349862258953168,0.4490358126721763,0.4132231404958678,0.0027548209366391185,59.0
D+1,2025-02,night,huai_an_1,364.0,0.1401098901098901,0.5879120879120879,0.27197802197802196,0.0,37.0
D+1,2025-02,night,huai_an_2,364.0,0.18681318681318682,0.5604395604395604,0.25274725274725274,0.0,38.0
D+1,2025-02,night,huai_an_3,364.0,0.16758241758241757,0.5274725274725275,0.3021978021978022,0.0027472527472527475,49.0
D+1,2025-02,night,lianyungang_1,364.0,0.20054945054945056,0.4642857142857143,0.33516483516483514,0.0,55.0
D+1,2025-02,night,lianyungang_2,365.0,0.21095890410958903,0.46301369863013697,0.32602739726027397,0.0,51.0
D+1,2025-02,night,nanjing_1,364.0,0.12362637362637363,0.4807692307692308,0.3901098901098901,0.005494505494505495,56.0
D+1,2025-02,night,nanjing_2,364.0,0.1565934065934066,0.4697802197802198,0.3708791208791209,0.0027472527472527475,51.0
D+1,2025-02,night,nantong_1,361.0,0.16897506925207756,0.5041551246537396,0.32409972299168976,0.002770083102493075,43.0
D+1,2025-02,night,nantong_2,361.0,0.1523545706371191,0.5235457063711911,0.32409972299168976,0.0,44.0
D+1,2025-02,night,suqian_1,364.0,0.19230769230769232,0.5302197802197802,0.2774725274725275,0.0,48.0
D+1,2025-02,night,suzhou_1,359.0,0.12813370473537605,0.4986072423398329,0.3732590529247911,0.0,46.0
D+1,2025-02,night,taizhou_1,364.0,0.12362637362637363,0.5796703296703297,0.2967032967032967,0.0,44.0
D+1,2025-02,night,taizhou_2,363.0,0.12396694214876033,0.559228650137741,0.3168044077134986,0.0,46.0
D+1,2025-02,night,wuxi_1,361.0,0.15512465373961218,0.554016620498615,0.2880886426592798,0.002770083102493075,45.0
D+1,2025-02,night,xuzhou_1,364.0,0.20054945054945056,0.4807692307692308,0.3159340659340659,0.0027472527472527475,51.0
D+1,2025-02,night,xuzhou_2,364.0,0.18681318681318682,0.5274725274725275,0.2857142857142857,0.0,43.0
D+1,2025-02,night,yancheng_1,364.0,0.17857142857142858,0.5494505494505495,0.27197802197802196,0.0,39.0
D+1,2025-02,night,yancheng_2,363.0,0.1487603305785124,0.5702479338842975,0.27548209366391185,0.005509641873278237,44.0
D+1,2025-02,night,yancheng_3,364.0,0.15934065934065933,0.5879120879120879,0.25274725274725274,0.0,37.0
D+1,2025-03,day,changzhou_1,372.0,0.21774193548387097,0.5779569892473119,0.20430107526881722,0.0,36.0
D+1,2025-03,day,huai_an_1,371.0,0.2722371967654987,0.5795148247978437,0.14824797843665768,0.0,24.0
D+1,2025-03,day,huai_an_2,370.0,0.3027027027027027,0.5621621621621622,0.13513513513513514,0.0,27.0
D+1,2025-03,day,huai_an_3,368.0,0.26902173913043476,0.5516304347826086,0.1793478260869565,0.0,33.0
D+1,2025-03,day,lianyungang_1,368.0,0.3070652173913043,0.5244565217391305,0.16847826086956522,0.0,37.0
D+1,2025-03,day,lianyungang_2,370.0,0.3054054054054054,0.4972972972972973,0.1972972972972973,0.0,37.0
D+1,2025-03,day,nanjing_1,369.0,0.2032520325203252,0.5582655826558266,0.23848238482384823,0.0,41.0
D+1,2025-03,day,nanjing_2,371.0,0.19946091644204852,0.5902964959568733,0.21024258760107817,0.0,41.0
D+1,2025-03,day,nantong_1,372.0,0.25,0.5618279569892473,0.18548387096774194,0.002688172043010753,35.0
D+1,2025-03,day,nantong_2,372.0,0.25806451612903225,0.5483870967741935,0.1935483870967742,0.0,31.0
D+1,2025-03,day,suqian_1,367.0,0.2779291553133515,0.5122615803814714,0.20708446866485014,0.0027247956403269754,32.0
D+1,2025-03,day,suzhou_1,372.0,0.22849462365591397,0.5725806451612904,0.1989247311827957,0.0,28.0
D+1,2025-03,day,taizhou_1,372.0,0.260752688172043,0.5752688172043011,0.1639784946236559,0.0,22.0
D+1,2025-03,day,taizhou_2,372.0,0.2768817204301075,0.5806451612903226,0.1424731182795699,0.0,25.0
D+1,2025-03,day,wuxi_1,372.0,0.23118279569892472,0.5510752688172043,0.21774193548387097,0.0,38.0
D+1,2025-03,day,xuzhou_1,366.0,0.3005464480874317,0.505464480874317,0.19398907103825136,0.0,38.0
D+1,2025-03,day,xuzhou_2,364.0,0.31043956043956045,0.510989010989011,0.17582417582417584,0.0027472527472527475,33.0
D+1,2025-03,day,yancheng_1,372.0,0.3118279569892473,0.553763440860215,0.13172043010752688,0.002688172043010753,24.0
D+1,2025-03,day,yancheng_2,372.0,0.2849462365591398,0.553763440860215,0.1586021505376344,0.002688172043010753,28.0
D+1,2025-03,day,yancheng_3,372.0,0.2849462365591398,0.5806451612903226,0.13440860215053763,0.0,18.0
D+1,2025-03,night,changzhou_1,372.0,0.15591397849462366,0.6424731182795699,0.20161290322580644,0.0,40.0
D+1,2025-03,night,huai_an_1,373.0,0.24128686327077747,0.6327077747989276,0.12332439678284182,0.002680965147453083,28.0
D+1,2025-03,night,huai_an_2,374.0,0.2807486631016043,0.5748663101604278,0.1443850267379679,0.0,27.0
D+1,2025-03,night,huai_an_3,376.0,0.24468085106382978,0.6143617021276596,0.14095744680851063,0.0,36.0
D+1,2025-03,night,lianyungang_1,376.0,0.324468085106383,0.45478723404255317,0.22074468085106383,0.0,39.0
D+1,2025-03,night,lianyungang_2,374.0,0.31283422459893045,0.4839572192513369,0.20053475935828877,0.00267379679144385,37.0
D+1,2025-03,night,nanjing_1,375.0,0.16533333333333333,0.6933333333333334,0.14133333333333334,0.0,28.0
D+1,2025-03,night,nanjing_2,373.0,0.15013404825737264,0.6809651474530831,0.16621983914209115,0.002680965147453083,34.0
D+1,2025-03,night,nantong_1,372.0,0.22311827956989247,0.6344086021505376,0.1424731182795699,0.0,37.0
D+1,2025-03,night,nantong_2,372.0,0.23387096774193547,0.6370967741935484,0.12634408602150538,0.002688172043010753,29.0
D+1,2025-03,night,suqian_1,377.0,0.29708222811671087,0.5358090185676393,0.16710875331564987,0.0,34.0
D+1,2025-03,night,suzhou_1,372.0,0.19623655913978494,0.6290322580645161,0.17473118279569894,0.0,35.0
D+1,2025-03,night,taizhou_1,372.0,0.24731182795698925,0.6290322580645161,0.12365591397849462,0.0,33.0
D+1,2025-03,night,taizhou_2,372.0,0.2446236559139785,0.6451612903225806,0.11021505376344086,0.0,28.0
D+1,2025-03,night,wuxi_1,372.0,0.17204301075268819,0.6397849462365591,0.18548387096774194,0.002688172043010753,33.0
D+1,2025-03,night,xuzhou_1,378.0,0.328042328042328,0.48148148148148145,0.19047619047619047,0.0,40.0
D+1,2025-03,night,xuzhou_2,380.0,0.31842105263157894,0.5078947368421053,0.1736842105263158,0.0,31.0
D+1,2025-03,night,yancheng_1,372.0,0.28225806451612906,0.5967741935483871,0.12096774193548387,0.0,16.0
D+1,2025-03,night,yancheng_2,372.0,0.239247311827957,0.6317204301075269,0.12634408602150538,0.002688172043010753,22.0
D+1,2025-03,night,yancheng_3,372.0,0.24731182795698925,0.6263440860215054,0.12096774193548387,0.005376344086021506,26.0
D+1,2025-04,day,changzhou_1,386.0,0.19430051813471502,0.5518134715025906,0.2538860103626943,0.0,45.0
D+1,2025-04,day,huai_an_1,390.0,0.2282051282051282,0.5435897435897435,0.22564102564102564,0.002564102564102564,39.0
D+1,2025-04,day,huai_an_2,392.0,0.29846938775510207,0.5076530612244898,0.1913265306122449,0.002551020408163265,30.0
D+1,2025-04,day,huai_an_3,392.0,0.2755102040816326,0.5561224489795918,0.1683673469387755,0.0,33.0
D+1,2025-04,day,lianyungang_1,396.0,0.3484848484848485,0.4772727272727273,0.17424242424242425,0.0,28.0
D+1,2025-04,day,lianyungang_2,394.0,0.3299492385786802,0.5050761421319797,0.1649746192893401,0.0,29.0
D+1,2025-04,day,nanjing_1,389.0,0.19794344473007713,0.5989717223650386,0.20051413881748073,0.002570694087403599,39.0
D+1,2025-04,day,nanjing_2,387.0,0.18604651162790697,0.537467700258398,0.2739018087855297,0.002583979328165375,49.0
D+1,2025-04,day,nantong_1,384.0,0.22395833333333334,0.5572916666666666,0.21614583333333334,0.0026041666666666665,35.0
D+1,2025-04,day,nantong_2,382.0,0.20418848167539266,0.5654450261780105,0.23036649214659685,0.0,43.0
D+1,2025-04,day,suqian_1,395.0,0.2759493670886076,0.47848101265822784,0.2430379746835443,0.002531645569620253,41.0
D+1,2025-04,day,suzhou_1,382.0,0.19895287958115182,0.5392670157068062,0.2617801047120419,0.0,43.0
D+1,2025-04,day,taizhou_1,389.0,0.2596401028277635,0.5681233933161953,0.17223650385604114,0.0,28.0
D+1,2025-04,day,taizhou_2,387.0,0.24806201550387597,0.5607235142118863,0.19121447028423771,0.0,28.0
D+1,2025-04,day,wuxi_1,383.0,0.19321148825065274,0.5587467362924282,0.24804177545691905,0.0,32.0
D+1,2025-04,day,xuzhou_1,395.0,0.2911392405063291,0.4936708860759494,0.21518987341772153,0.0,39.0
D+1,2025-04,day,xuzhou_2,397.0,0.2795969773299748,0.46851385390428213,0.2518891687657431,0.0,49.0
D+1,2025-04,day,yancheng_1,392.0,0.2857142857142857,0.49489795918367346,0.21683673469387754,0.002551020408163265,40.0
D+1,2025-04,day,yancheng_2,388.0,0.2654639175257732,0.5541237113402062,0.17783505154639176,0.002577319587628866,36.0
D+1,2025-04,day,yancheng_3,389.0,0.2493573264781491,0.583547557840617,0.16709511568123395,0.0,26.0
D+1,2025-04,night,changzhou_1,334.0,0.20958083832335328,0.5868263473053892,0.20359281437125748,0.0,36.0
D+1,2025-04,night,huai_an_1,330.0,0.21212121212121213,0.5818181818181818,0.20303030303030303,0.0030303030303030303,31.0
D+1,2025-04,night,huai_an_2,328.0,0.2774390243902439,0.5030487804878049,0.21646341463414634,0.003048780487804878,32.0
D+1,2025-04,night,huai_an_3,328.0,0.21036585365853658,0.600609756097561,0.18597560975609756,0.003048780487804878,33.0
D+1,2025-04,night,lianyungang_1,324.0,0.3271604938271605,0.4567901234567901,0.21604938271604937,0.0,33.0
D+1,2025-04,night,lianyungang_2,326.0,0.31901840490797545,0.46932515337423314,0.2116564417177914,0.0,31.0
D+1,2025-04,night,nanjing_1,331.0,0.19939577039274925,0.5861027190332326,0.21450151057401812,0.0,33.0
D+1,2025-04,night,nanjing_2,333.0,0.2012012012012012,0.5915915915915916,0.2042042042042042,0.003003003003003003,34.0
D+1,2025-04,night,nantong_1,336.0,0.1875,0.6279761904761905,0.18154761904761904,0.002976190476190476,28.0
D+1,2025-04,night,nantong_2,338.0,0.15680473372781065,0.6420118343195266,0.20118343195266272,0.0,38.0
D+1,2025-04,night,suqian_1,325.0,0.24307692307692308,0.52,0.23384615384615384,0.003076923076923077,38.0
D+1,2025-04,night,suzhou_1,338.0,0.20414201183431951,0.6242603550295858,0.17159763313609466,0.0,29.0
D+1,2025-04,night,taizhou_1,331.0,0.19637462235649547,0.6102719033232629,0.1933534743202417,0.0,27.0
D+1,2025-04,night,taizhou_2,333.0,0.2042042042042042,0.6006006006006006,0.19519519519519518,0.0,30.0
D+1,2025-04,night,wuxi_1,337.0,0.19287833827893175,0.6379821958456974,0.16913946587537093,0.0,27.0
D+1,2025-04,night,xuzhou_1,325.0,0.30153846153846153,0.4369230769230769,0.26153846153846155,0.0,34.0
D+1,2025-04,night,xuzhou_2,323.0,0.30340557275541796,0.4953560371517028,0.20123839009287925,0.0,32.0
D+1,2025-04,night,yancheng_1,328.0,0.27439024390243905,0.5274390243902439,0.1951219512195122,0.003048780487804878,24.0
D+1,2025-04,night,yancheng_2,332.0,0.21084337349397592,0.5933734939759037,0.19578313253012047,0.0,30.0
D+1,2025-04,night,yancheng_3,331.0,0.2084592145015106,0.6042296072507553,0.18731117824773413,0.0,31.0
D+1,2025-05,day,changzhou_1,434.0,0.1382488479262673,0.6267281105990783,0.2350230414746544,0.0,49.0
D+1,2025-05,day,huai_an_1,434.0,0.21889400921658986,0.5622119815668203,0.21889400921658986,0.0,50.0
D+1,2025-05,day,huai_an_2,434.0,0.2488479262672811,0.5691244239631337,0.18202764976958524,0.0,33.0
D+1,2025-05,day,huai_an_3,434.0,0.21889400921658986,0.5645161290322581,0.21428571428571427,0.002304147465437788,46.0
D+1,2025-05,day,lianyungang_1,434.0,0.2534562211981567,0.5207373271889401,0.22580645161290322,0.0,42.0
D+1,2025-05,day,lianyungang_2,434.0,0.2304147465437788,0.532258064516129,0.23732718894009217,0.0,39.0
D+1,2025-05,day,nanjing_1,434.0,0.15207373271889402,0.6152073732718893,0.23271889400921658,0.0,56.0
D+1,2025-05,day,nanjing_2,434.0,0.14746543778801843,0.6244239631336406,0.22811059907834103,0.0,46.0
D+1,2025-05,day,nantong_1,434.0,0.17050691244239632,0.6175115207373272,0.20967741935483872,0.002304147465437788,46.0
D+1,2025-05,day,nantong_2,434.0,0.1774193548387097,0.6658986175115207,0.15668202764976957,0.0,40.0
D+1,2025-05,day,suqian_1,434.0,0.24193548387096775,0.532258064516129,0.22580645161290322,0.0,45.0
D+1,2025-05,day,suzhou_1,434.0,0.15668202764976957,0.6612903225806451,0.18202764976958524,0.0,38.0
D+1,2025-05,day,taizhou_1,434.0,0.1935483870967742,0.6036866359447005,0.20276497695852536,0.0,36.0
D+1,2025-05,day,taizhou_2,434.0,0.1889400921658986,0.6244239631336406,0.18663594470046083,0.0,35.0
D+1,2025-05,day,wuxi_1,434.0,0.15207373271889402,0.6359447004608295,0.2119815668202765,0.0,38.0
D+1,2025-05,day,xuzhou_1,434.0,0.27419354838709675,0.543778801843318,0.18202764976958524,0.0,46.0
D+1,2025-05,day,xuzhou_2,434.0,0.2695852534562212,0.532258064516129,0.195852534562212,0.002304147465437788,38.0
D+1,2025-05,day,yancheng_1,434.0,0.2534562211981567,0.5552995391705069,0.1912442396313364,0.0,32.0
D+1,2025-05,day,yancheng_2,434.0,0.21428571428571427,0.5783410138248848,0.2073732718894009,0.0,41.0
D+1,2025-05,day,yancheng_3,434.0,0.21428571428571427,0.576036866359447,0.20967741935483872,0.0,41.0
D+1,2025-05,night,changzhou_1,310.0,0.18064516129032257,0.6967741935483871,0.12258064516129032,0.0,27.0
D+1,2025-05,night,huai_an_1,310.0,0.1967741935483871,0.6709677419354839,0.13225806451612904,0.0,23.0
D+1,2025-05,night,huai_an_2,310.0,0.2,0.6419354838709678,0.15806451612903225,0.0,24.0
D+1,2025-05,night,huai_an_3,310.0,0.18387096774193548,0.6516129032258065,0.16129032258064516,0.0032258064516129032,27.0
D+1,2025-05,night,lianyungang_1,310.0,0.21935483870967742,0.5838709677419355,0.1967741935483871,0.0,32.0
D+1,2025-05,night,lianyungang_2,310.0,0.19032258064516128,0.6161290322580645,0.1935483870967742,0.0,39.0
D+1,2025-05,night,nanjing_1,310.0,0.17096774193548386,0.6580645161290323,0.17096774193548386,0.0,32.0
D+1,2025-05,night,nanjing_2,310.0,0.17096774193548386,0.6838709677419355,0.14516129032258066,0.0,31.0
D+1,2025-05,night,nantong_1,310.0,0.1870967741935484,0.7032258064516129,0.1064516129032258,0.0032258064516129032,25.0
D+1,2025-05,night,nantong_2,310.0,0.16129032258064516,0.7161290322580646,0.11935483870967742,0.0032258064516129032,25.0
D+1,2025-05,night,suqian_1,310.0,0.1935483870967742,0.6258064516129033,0.18064516129032257,0.0,31.0
D+1,2025-05,night,suzhou_1,310.0,0.17419354838709677,0.7161290322580646,0.10967741935483871,0.0,20.0
D+1,2025-05,night,taizhou_1,310.0,0.1870967741935484,0.6741935483870968,0.13870967741935483,0.0,24.0
D+1,2025-05,night,taizhou_2,310.0,0.2,0.6548387096774193,0.14193548387096774,0.0032258064516129032,31.0
D+1,2025-05,night,wuxi_1,310.0,0.15483870967741936,0.7290322580645161,0.11290322580645161,0.0032258064516129032,24.0
D+1,2025-05,night,xuzhou_1,310.0,0.2806451612903226,0.532258064516129,0.18387096774193548,0.0032258064516129032,25.0
D+1,2025-05,night,xuzhou_2,310.0,0.25483870967741934,0.5645161290322581,0.18064516129032257,0.0,27.0
D+1,2025-05,night,yancheng_1,310.0,0.1935483870967742,0.635483870967742,0.17096774193548386,0.0,23.0
D+1,2025-05,night,yancheng_2,310.0,0.20967741935483872,0.6612903225806451,0.12903225806451613,0.0,27.0
D+1,2025-05,night,yancheng_3,310.0,0.18387096774193548,0.6612903225806451,0.14838709677419354,0.0064516129032258064,23.0
D+1,2025-06,day,changzhou_1,420.0,0.05952380952380952,0.6904761904761905,0.25,0.0,55.0
D+1,2025-06,day,huai_an_1,420.0,0.0880952380952381,0.7,0.2119047619047619,0.0,43.0
D+1,2025-06,day,huai_an_2,420.0,0.11428571428571428,0.638095238095238,0.24761904761904763,0.0,56.0
D+1,2025-06,day,huai_an_3,420.0,0.07857142857142857,0.6238095238095238,0.2976190476190476,0.0,58.0
D+1,2025-06,day,lianyungang_1,420.0,0.11428571428571428,0.6238095238095238,0.2619047619047619,0.0,53.0
D+1,2025-06,day,lianyungang_2,420.0,0.14761904761904762,0.6047619047619047,0.24761904761904763,0.0,53.0
D+1,2025-06,day,nanjing_1,420.0,0.07857142857142857,0.6857142857142857,0.2357142857142857,0.0,57.0
D+1,2025-06,day,nanjing_2,420.0,0.06428571428571428,0.6976190476190476,0.2357142857142857,0.002380952380952381,52.0
D+1,2025-06,day,nantong_1,420.0,0.11428571428571428,0.7047619047619048,0.18095238095238095,0.0,38.0
D+1,2025-06,day,nantong_2,420.0,0.12380952380952381,0.7095238095238096,0.16666666666666666,0.0,34.0
D+1,2025-06,day,suqian_1,420.0,0.09761904761904762,0.5904761904761905,0.30952380952380953,0.002380952380952381,67.0
D+1,2025-06,day,suzhou_1,420.0,0.10714285714285714,0.7071428571428572,0.18571428571428572,0.0,42.0
D+1,2025-06,day,taizhou_1,420.0,0.08095238095238096,0.6976190476190476,0.22142857142857142,0.0,45.0
D+1,2025-06,day,taizhou_2,420.0,0.07380952380952381,0.7071428571428572,0.21904761904761905,0.0,44.0
D+1,2025-06,day,wuxi_1,420.0,0.07857142857142857,0.7214285714285714,0.2,0.0,37.0
D+1,2025-06,day,xuzhou_1,420.0,0.15,0.5880952380952381,0.2619047619047619,0.0,58.0
D+1,2025-06,day,xuzhou_2,420.0,0.10476190476190476,0.5785714285714286,0.3142857142857143,0.002380952380952381,62.0
D+1,2025-06,day,yancheng_1,420.0,0.09047619047619047,0.638095238095238,0.2714285714285714,0.0,61.0
D+1,2025-06,day,yancheng_2,420.0,0.08571428571428572,0.7142857142857143,0.2,0.0,42.0
D+1,2025-06,day,yancheng_3,420.0,0.08333333333333333,0.7166666666666667,0.1976190476190476,0.002380952380952381,38.0
D+1,2025-06,night,changzhou_1,300.0,0.043333333333333335,0.74,0.21666666666666667,0.0,41.0
D+1,2025-06,night,huai_an_1,300.0,0.056666666666666664,0.6833333333333333,0.25666666666666665,0.0033333333333333335,43.0
D+1,2025-06,night,huai_an_2,300.0,0.07333333333333333,0.69,0.23666666666666666,0.0,30.0
D+1,2025-06,night,huai_an_3,300.0,0.07,0.6266666666666667,0.30333333333333334,0.0,50.0
D+1,2025-06,night,lianyungang_1,300.0,0.09,0.6066666666666667,0.30333333333333334,0.0,47.0
D+1,2025-06,night,lianyungang_2,300.0,0.08333333333333333,0.6566666666666666,0.26,0.0,36.0
D+1,2025-06,night,nanjing_1,300.0,0.07333333333333333,0.7033333333333334,0.22333333333333333,0.0,40.0
D+1,2025-06,night,nanjing_2,300.0,0.05,0.6933333333333334,0.25666666666666665,0.0,47.0
D+1,2025-06,night,nantong_1,300.0,0.04666666666666667,0.7733333333333333,0.18,0.0,33.0
D+1,2025-06,night,nantong_2,300.0,0.08,0.77,0.15,0.0,27.0
D+1,2025-06,night,suqian_1,300.0,0.08333333333333333,0.5433333333333333,0.37,0.0033333333333333335,49.0
D+1,2025-06,night,suzhou_1,300.0,0.03666666666666667,0.7666666666666667,0.19666666666666666,0.0,35.0
D+1,2025-06,night,taizhou_1,300.0,0.06,0.72,0.22,0.0,32.0
D+1,2025-06,night,taizhou_2,300.0,0.07666666666666666,0.71,0.21333333333333335,0.0,41.0
D+1,2025-06,night,wuxi_1,300.0,0.03666666666666667,0.7666666666666667,0.19666666666666666,0.0,36.0
D+1,2025-06,night,xuzhou_1,300.0,0.14333333333333334,0.6133333333333333,0.24333333333333335,0.0,34.0
D+1,2025-06,night,xuzhou_2,300.0,0.11333333333333333,0.6066666666666667,0.28,0.0,49.0
D+1,2025-06,night,yancheng_1,300.0,0.06333333333333334,0.71,0.22666666666666666,0.0,34.0
D+1,2025-06,night,yancheng_2,300.0,0.07333333333333333,0.7266666666666667,0.2,0.0,37.0
D+1,2025-06,night,yancheng_3,300.0,0.05,0.71,0.24,0.0,33.0
D+1,2025-07,day,changzhou_1,434.0,0.11290322580645161,0.347926267281106,0.5391705069124424,0.0,87.0
D+1,2025-07,day,huai_an_1,434.0,0.20046082949308755,0.3824884792626728,0.4147465437788018,0.002304147465437788,75.0
D+1,2025-07,day,huai_an_2,434.0,0.2695852534562212,0.391705069124424,0.3387096774193548,0.0,59.0
D+1,2025-07,day,huai_an_3,434.0,0.20506912442396313,0.3225806451612903,0.4700460829493088,0.002304147465437788,81.0
D+1,2025-07,day,lianyungang_1,434.0,0.1935483870967742,0.3663594470046083,0.4400921658986175,0.0,82.0
D+1,2025-07,day,lianyungang_2,434.0,0.29493087557603687,0.3709677419354839,0.33410138248847926,0.0,60.0
D+1,2025-07,day,nanjing_1,434.0,0.1543778801843318,0.3433179723502304,0.5023041474654378,0.0,77.0
D+1,2025-07,day,nanjing_2,434.0,0.12211981566820276,0.3248847926267281,0.5506912442396313,0.002304147465437788,91.0
D+1,2025-07,day,nantong_1,434.0,0.17511520737327188,0.3847926267281106,0.4400921658986175,0.0,79.0
D+1,2025-07,day,nantong_2,434.0,0.23963133640552994,0.38018433179723504,0.38018433179723504,0.0,60.0
D+1,2025-07,day,suqian_1,434.0,0.24193548387096775,0.33410138248847926,0.423963133640553,0.0,78.0
D+1,2025-07,day,suzhou_1,434.0,0.15898617511520738,0.39631336405529954,0.4447004608294931,0.0,77.0
D+1,2025-07,day,taizhou_1,434.0,0.1935483870967742,0.3686635944700461,0.43548387096774194,0.002304147465437788,74.0
D+1,2025-07,day,taizhou_2,434.0,0.21428571428571427,0.35944700460829493,0.42626728110599077,0.0,74.0
D+1,2025-07,day,wuxi_1,434.0,0.1935483870967742,0.4055299539170507,0.4009216589861751,0.0,70.0
D+1,2025-07,day,xuzhou_1,434.0,0.22580645161290322,0.3433179723502304,0.42857142857142855,0.002304147465437788,79.0
D+1,2025-07,day,xuzhou_2,434.0,0.22580645161290322,0.3433179723502304,0.42857142857142855,0.002304147465437788,76.0
D+1,2025-07,day,yancheng_1,434.0,0.271889400921659,0.3824884792626728,0.3456221198156682,0.0,69.0
D+1,2025-07,day,yancheng_2,434.0,0.22811059907834103,0.3387096774193548,0.43317972350230416,0.0,69.0
D+1,2025-07,day,yancheng_3,434.0,0.20276497695852536,0.39631336405529954,0.39631336405529954,0.004608294930875576,73.0
D+1,2025-07,night,changzhou_1,310.0,0.15483870967741936,0.4064516129032258,0.43548387096774194,0.0032258064516129032,65.0
D+1,2025-07,night,huai_an_1,310.0,0.25161290322580643,0.31290322580645163,0.43548387096774194,0.0,53.0
D+1,2025-07,night,huai_an_2,310.0,0.36451612903225805,0.2903225806451613,0.3419354838709677,0.0032258064516129032,44.0
D+1,2025-07,night,huai_an_3,310.0,0.2709677419354839,0.3032258064516129,0.4258064516129032,0.0,60.0
D+1,2025-07,night,lianyungang_1,310.0,0.29354838709677417,0.3193548387096774,0.3870967741935484,0.0,54.0
D+1,2025-07,night,lianyungang_2,310.0,0.27741935483870966,0.3548387096774194,0.36774193548387096,0.0,52.0
D+1,2025-07,night,nanjing_1,310.0,0.31290322580645163,0.33225806451612905,0.34838709677419355,0.0064516129032258064,46.0
D+1,2025-07,night,nanjing_2,310.0,0.25161290322580643,0.32903225806451614,0.4161290322580645,0.0032258064516129032,61.0
D+1,2025-07,night,nantong_1,310.0,0.18064516129032257,0.3741935483870968,0.44516129032258067,0.0,62.0
D+1,2025-07,night,nantong_2,310.0,0.21935483870967742,0.4161290322580645,0.36451612903225805,0.0,51.0
D+1,2025-07,night,suqian_1,310.0,0.3161290322580645,0.3419354838709677,0.3419354838709677,0.0,53.0
D+1,2025-07,night,suzhou_1,310.0,0.16451612903225807,0.36774193548387096,0.4645161290322581,0.0032258064516129032,67.0
D+1,2025-07,night,taizhou_1,310.0,0.25483870967741934,0.34838709677419355,0.3935483870967742,0.0032258064516129032,48.0
D+1,2025-07,night,taizhou_2,310.0,0.2645161290322581,0.36451612903225805,0.3709677419354839,0.0,52.0
D+1,2025-07,night,wuxi_1,310.0,0.17096774193548386,0.44193548387096776,0.3870967741935484,0.0,65.0
D+1,2025-07,night,xuzhou_1,310.0,0.32903225806451614,0.34516129032258064,0.3258064516129032,0.0,47.0
D+1,2025-07,night,xuzhou_2,310.0,0.3419354838709677,0.2838709677419355,0.3741935483870968,0.0,48.0
D+1,2025-07,night,yancheng_1,310.0,0.3580645161290323,0.35161290322580646,0.2903225806451613,0.0,37.0
D+1,2025-07,night,yancheng_2,310.0,0.3096774193548387,0.3419354838709677,0.34838709677419355,0.0,44.0
D+1,2025-07,night,yancheng_3,310.0,0.3,0.3419354838709677,0.3580645161290323,0.0,40.0
D+1,2025-08,day,changzhou_1,416.0,0.20192307692307693,0.3485576923076923,0.4495192307692308,0.0,52.0
D+1,2025-08,day,huai_an_1,420.0,0.24047619047619048,0.4119047619047619,0.3476190476190476,0.0,57.0
D+1,2025-08,day,huai_an_2,421.0,0.21140142517814728,0.42280285035629456,0.3657957244655582,0.0,59.0
D+1,2025-08,day,huai_an_3,417.0,0.2182254196642686,0.3980815347721823,0.37889688249400477,0.004796163069544364,65.0
D+1,2025-08,day,lianyungang_1,420.0,0.12380952380952381,0.46190476190476193,0.4142857142857143,0.0,75.0
D+1,2025-08,day,lianyungang_2,423.0,0.16312056737588654,0.4373522458628842,0.39952718676122934,0.0,72.0
D+1,2025-08,day,nanjing_1,413.0,0.20823244552058112,0.37530266343825663,0.41646489104116224,0.0,59.0
D+1,2025-08,day,nanjing_2,414.0,0.2028985507246377,0.33816425120772947,0.45893719806763283,0.0,58.0
D+1,2025-08,day,nantong_1,421.0,0.2042755344418052,0.35629453681710216,0.43942992874109266,0.0,57.0
D+1,2025-08,day,nantong_2,423.0,0.19858156028368795,0.36879432624113473,0.4326241134751773,0.0,59.0
D+1,2025-08,day,suqian_1,417.0,0.17266187050359713,0.40047961630695444,0.42685851318944845,0.0,60.0
D+1,2025-08,day,suzhou_1,420.0,0.1380952380952381,0.4023809523809524,0.45714285714285713,0.002380952380952381,66.0
D+1,2025-08,day,taizhou_1,419.0,0.23627684964200477,0.41766109785202865,0.3460620525059666,0.0,50.0
D+1,2025-08,day,taizhou_2,422.0,0.21800947867298578,0.3744075829383886,0.4052132701421801,0.002369668246445498,56.0
D+1,2025-08,day,wuxi_1,416.0,0.1971153846153846,0.33413461538461536,0.46875,0.0,49.0
D+1,2025-08,day,xuzhou_1,409.0,0.10757946210268948,0.4621026894865526,0.43031784841075793,0.0,79.0
D+1,2025-08,day,xuzhou_2,413.0,0.1234866828087167,0.44794188861985473,0.4261501210653753,0.002421307506053269,72.0
D+1,2025-08,day,yancheng_1,422.0,0.24170616113744076,0.4431279620853081,0.31516587677725116,0.0,59.0
D+1,2025-08,day,yancheng_2,423.0,0.20567375886524822,0.4231678486997636,0.37115839243498816,0.0,51.0
D+1,2025-08,day,yancheng_3,421.0,0.23040380047505937,0.4085510688836104,0.3586698337292161,0.0023752969121140144,52.0
D+1,2025-08,night,changzhou_1,328.0,0.2347560975609756,0.40853658536585363,0.3567073170731707,0.0,38.0
D+1,2025-08,night,huai_an_1,324.0,0.24382716049382716,0.4722222222222222,0.2839506172839506,0.0,33.0
D+1,2025-08,night,huai_an_2,323.0,0.2260061919504644,0.5263157894736842,0.2476780185758514,0.0,36.0
D+1,2025-08,night,huai_an_3,327.0,0.22629969418960244,0.4801223241590214,0.29357798165137616,0.0,46.0
D+1,2025-08,night,lianyungang_1,324.0,0.19753086419753085,0.4660493827160494,0.33641975308641975,0.0,52.0
D+1,2025-08,night,lianyungang_2,321.0,0.1308411214953271,0.46105919003115264,0.40809968847352024,0.0,60.0
D+1,2025-08,night,nanjing_1,331.0,0.23867069486404835,0.41389728096676737,0.3474320241691843,0.0,44.0
D+1,2025-08,night,nanjing_2,330.0,0.21818181818181817,0.403030303030303,0.37575757575757573,0.0030303030303030303,48.0
D+1,2025-08,night,nantong_1,323.0,0.2260061919504644,0.4086687306501548,0.3622291021671827,0.0030959752321981426,41.0
D+1,2025-08,night,nantong_2,321.0,0.2616822429906542,0.42990654205607476,0.3052959501557632,0.003115264797507788,38.0
D+1,2025-08,night,suqian_1,327.0,0.1926605504587156,0.4617737003058104,0.345565749235474,0.0,53.0
D+1,2025-08,night,suzhou_1,324.0,0.20679012345679013,0.44135802469135804,0.3487654320987654,0.0030864197530864196,41.0
D+1,2025-08,night,taizhou_1,325.0,0.24,0.4523076923076923,0.2923076923076923,0.015384615384615385,41.0
D+1,2025-08,night,taizhou_2,322.0,0.2453416149068323,0.4254658385093168,0.32919254658385094,0.0,40.0
D+1,2025-08,night,wuxi_1,328.0,0.2073170731707317,0.43902439024390244,0.35060975609756095,0.003048780487804878,40.0
D+1,2025-08,night,xuzhou_1,335.0,0.2208955223880597,0.48656716417910445,0.29253731343283584,0.0,47.0
D+1,2025-08,night,xuzhou_2,331.0,0.18429003021148035,0.4501510574018127,0.36555891238670696,0.0,61.0
D+1,2025-08,night,yancheng_1,322.0,0.21428571428571427,0.515527950310559,0.2670807453416149,0.003105590062111801,36.0
D+1,2025-08,night,yancheng_2,321.0,0.2897196261682243,0.4797507788161994,0.23052959501557632,0.0,28.0
D+1,2025-08,night,yancheng_3,323.0,0.2693498452012384,0.4953560371517028,0.22910216718266255,0.006191950464396285,35.0
D+1,2025-09,day,changzhou_1,360.0,0.11666666666666667,0.5638888888888889,0.3194444444444444,0.0,68.0
D+1,2025-09,day,huai_an_1,360.0,0.05555555555555555,0.6333333333333333,0.30833333333333335,0.002777777777777778,57.0
D+1,2025-09,day,huai_an_2,360.0,0.019444444444444445,0.7666666666666667,0.21388888888888888,0.0,48.0
D+1,2025-09,day,huai_an_3,360.0,0.05,0.65,0.3,0.0,57.0
D+1,2025-09,day,lianyungang_1,361.0,0.0997229916897507,0.631578947368421,0.2659279778393352,0.002770083102493075,56.0
D+1,2025-09,day,lianyungang_2,360.0,0.06111111111111111,0.7277777777777777,0.2111111111111111,0.0,49.0
D+1,2025-09,day,nanjing_1,360.0,0.06111111111111111,0.6222222222222222,0.3138888888888889,0.002777777777777778,66.0
D+1,2025-09,day,nanjing_2,360.0,0.1,0.6166666666666667,0.28055555555555556,0.002777777777777778,60.0
D+1,2025-09,day,nantong_1,360.0,0.1361111111111111,0.5138888888888888,0.35,0.0,64.0
D+1,2025-09,day,nantong_2,360.0,0.14722222222222223,0.49444444444444446,0.35833333333333334,0.0,61.0
D+1,2025-09,day,suqian_1,362.0,0.06353591160220995,0.7209944751381215,0.20994475138121546,0.0055248618784530384,55.0
D+1,2025-09,day,suzhou_1,360.0,0.11666666666666667,0.5333333333333333,0.35,0.0,54.0
D+1,2025-09,day,taizhou_1,360.0,0.05555555555555555,0.6138888888888889,0.33055555555555555,0.0,59.0
D+1,2025-09,day,taizhou_2,360.0,0.08333333333333333,0.5722222222222222,0.34444444444444444,0.0,57.0
D+1,2025-09,day,wuxi_1,360.0,0.13055555555555556,0.48333333333333334,0.3861111111111111,0.0,57.0
D+1,2025-09,day,xuzhou_1,367.0,0.1444141689373297,0.659400544959128,0.19618528610354224,0.0,40.0
D+1,2025-09,day,xuzhou_2,364.0,0.0989010989010989,0.6758241758241759,0.22527472527472528,0.0,48.0
D+1,2025-09,day,yancheng_1,360.0,0.044444444444444446,0.7638888888888888,0.19166666666666668,0.0,45.0
D+1,2025-09,day,yancheng_2,360.0,0.09166666666666666,0.6333333333333333,0.2722222222222222,0.002777777777777778,56.0
D+1,2025-09,day,yancheng_3,360.0,0.058333333333333334,0.6638888888888889,0.2777777777777778,0.0,47.0
D+1,2025-09,night,changzhou_1,360.0,0.1,0.6583333333333333,0.24166666666666667,0.0,52.0
D+1,2025-09,night,huai_an_1,360.0,0.03888888888888889,0.7138888888888889,0.24444444444444444,0.002777777777777778,41.0
D+1,2025-09,night,huai_an_2,360.0,0.04722222222222222,0.7833333333333333,0.16944444444444445,0.0,34.0
D+1,2025-09,night,huai_an_3,360.0,0.022222222222222223,0.7444444444444445,0.23333333333333334,0.0,52.0
D+1,2025-09,night,lianyungang_1,359.0,0.08635097493036212,0.7771587743732591,0.1309192200557103,0.005571030640668524,31.0
D+1,2025-09,night,lianyungang_2,360.0,0.06944444444444445,0.7972222222222223,0.13333333333333333,0.0,32.0
D+1,2025-09,night,nanjing_1,360.0,0.07222222222222222,0.7111111111111111,0.21666666666666667,0.0,44.0
D+1,2025-09,night,nanjing_2,360.0,0.08333333333333333,0.65,0.26666666666666666,0.0,50.0
D+1,2025-09,night,nantong_1,360.0,0.08611111111111111,0.6277777777777778,0.2861111111111111,0.0,56.0
D+1,2025-09,night,nantong_2,360.0,0.10555555555555556,0.5388888888888889,0.35555555555555557,0.0,61.0
D+1,2025-09,night,suqian_1,358.0,0.0446927374301676,0.840782122905028,0.11452513966480447,0.0,31.0
D+1,2025-09,night,suzhou_1,360.0,0.09722222222222222,0.5944444444444444,0.3055555555555556,0.002777777777777778,51.0
D+1,2025-09,night,taizhou_1,360.0,0.07777777777777778,0.7055555555555556,0.21666666666666667,0.0,39.0
D+1,2025-09,night,taizhou_2,360.0,0.09722222222222222,0.6611111111111111,0.24166666666666667,0.0,39.0
D+1,2025-09,night,wuxi_1,360.0,0.08333333333333333,0.6361111111111111,0.28055555555555556,0.0,45.0
D+1,2025-09,night,xuzhou_1,353.0,0.11614730878186968,0.6883852691218131,0.1954674220963173,0.0,38.0
D+1,2025-09,night,xuzhou_2,356.0,0.05898876404494382,0.800561797752809,0.1404494382022472,0.0,35.0
D+1,2025-09,night,yancheng_1,360.0,0.06388888888888888,0.7888888888888889,0.14166666666666666,0.005555555555555556,29.0
D+1,2025-09,night,yancheng_2,360.0,0.09166666666666666,0.7027777777777777,0.20555555555555555,0.0,43.0
D+1,2025-09,night,yancheng_3,360.0,0.05555555555555555,0.7333333333333333,0.20833333333333334,0.002777777777777778,37.0
D+1,2025-10,day,changzhou_1,354.0,0.192090395480226,0.4548022598870056,0.3502824858757062,0.002824858757062147,74.0
D+1,2025-10,day,huai_an_1,354.0,0.2062146892655367,0.6045197740112994,0.18926553672316385,0.0,46.0
D+1,2025-10,day,huai_an_2,353.0,0.1813031161473088,0.6090651558073654,0.2096317280453258,0.0,45.0
D+1,2025-10,day,huai_an_3,357.0,0.19047619047619047,0.5882352941176471,0.22128851540616246,0.0,51.0
D+1,2025-10,day,lianyungang_1,355.0,0.1323943661971831,0.5943661971830986,0.27323943661971833,0.0,51.0
D+1,2025-10,day,lianyungang_2,353.0,0.13031161473087818,0.56657223796034,0.3031161473087819,0.0,57.0
D+1,2025-10,day,nanjing_1,357.0,0.20728291316526612,0.5238095238095238,0.2661064425770308,0.0028011204481792717,60.0
D+1,2025-10,day,nanjing_2,356.0,0.19662921348314608,0.5,0.30337078651685395,0.0,61.0
D+1,2025-10,day,nantong_1,349.0,0.22063037249283668,0.4469914040114613,0.32664756446991405,0.0057306590257879654,63.0
D+1,2025-10,day,nantong_2,347.0,0.21613832853025935,0.47262247838616717,0.3112391930835735,0.0,63.0
D+1,2025-10,day,suqian_1,357.0,0.17086834733893558,0.6050420168067226,0.22408963585434175,0.0,50.0
D+1,2025-10,day,suzhou_1,349.0,0.22922636103151864,0.4785100286532951,0.2922636103151863,0.0,63.0
D+1,2025-10,day,taizhou_1,353.0,0.22662889518413598,0.5552407932011332,0.21529745042492918,0.0028328611898017,51.0
D+1,2025-10,day,taizhou_2,350.0,0.21142857142857144,0.5628571428571428,0.2257142857142857,0.0,51.0
D+1,2025-10,day,wuxi_1,352.0,0.30113636363636365,0.4375,0.2585227272727273,0.002840909090909091,56.0
D+1,2025-10,day,xuzhou_1,356.0,0.047752808988764044,0.6601123595505618,0.29213483146067415,0.0,55.0
D+1,2025-10,day,xuzhou_2,358.0,0.10893854748603352,0.61731843575419,0.2737430167597765,0.0,52.0
D+1,2025-10,day,yancheng_1,352.0,0.19318181818181818,0.5795454545454546,0.22443181818181818,0.002840909090909091,51.0
D+1,2025-10,day,yancheng_2,350.0,0.2057142857142857,0.6028571428571429,0.18857142857142858,0.002857142857142857,52.0
D+1,2025-10,day,yancheng_3,353.0,0.23229461756373937,0.5779036827195467,0.18980169971671387,0.0,48.0
D+1,2025-10,night,changzhou_1,390.0,0.2564102564102564,0.5487179487179488,0.19487179487179487,0.0,48.0
D+1,2025-10,night,huai_an_1,390.0,0.23846153846153847,0.6641025641025641,0.09487179487179487,0.002564102564102564,22.0
D+1,2025-10,night,huai_an_2,391.0,0.23273657289002558,0.5907928388746803,0.17647058823529413,0.0,32.0
D+1,2025-10,night,huai_an_3,387.0,0.20155038759689922,0.6356589147286822,0.16020671834625322,0.002583979328165375,42.0
D+1,2025-10,night,lianyungang_1,389.0,0.14910025706940874,0.6015424164524421,0.2493573264781491,0.0,55.0
D+1,2025-10,night,lianyungang_2,391.0,0.1278772378516624,0.5933503836317136,0.27877237851662406,0.0,58.0
D+1,2025-10,night,nanjing_1,387.0,0.21705426356589147,0.6020671834625323,0.17829457364341086,0.002583979328165375,46.0
D+1,2025-10,night,nanjing_2,388.0,0.23969072164948454,0.5824742268041238,0.17783505154639176,0.0,40.0
D+1,2025-10,night,nantong_1,395.0,0.2936708860759494,0.5569620253164557,0.14936708860759493,0.0,40.0
D+1,2025-10,night,nantong_2,397.0,0.24937027707808565,0.6095717884130982,0.14105793450881612,0.0,37.0
D+1,2025-10,night,suqian_1,387.0,0.19121447028423771,0.5736434108527132,0.2351421188630491,0.0,51.0
D+1,2025-10,night,suzhou_1,395.0,0.3139240506329114,0.5392405063291139,0.1468354430379747,0.0,41.0
D+1,2025-10,night,taizhou_1,391.0,0.24296675191815856,0.6342710997442456,0.12276214833759591,0.0,30.0
D+1,2025-10,night,taizhou_2,394.0,0.25888324873096447,0.5913705583756346,0.14974619289340102,0.0,41.0
D+1,2025-10,night,wuxi_1,392.0,0.3010204081632653,0.5918367346938775,0.10714285714285714,0.0,28.0
D+1,2025-10,night,xuzhou_1,388.0,0.15979381443298968,0.6314432989690721,0.20876288659793815,0.0,48.0
D+1,2025-10,night,xuzhou_2,386.0,0.15025906735751296,0.5595854922279793,0.28756476683937826,0.0025906735751295338,50.0
D+1,2025-10,night,yancheng_1,392.0,0.23469387755102042,0.6122448979591837,0.15306122448979592,0.0,23.0
D+1,2025-10,night,yancheng_2,394.0,0.25888324873096447,0.6269035532994924,0.11421319796954314,0.0,25.0
D+1,2025-10,night,yancheng_3,391.0,0.23785166240409208,0.659846547314578,0.09974424552429667,0.0025575447570332483,25.0
D+1,2025-11,day,changzhou_1,314.0,0.4171974522292994,0.3375796178343949,0.24522292993630573,0.0,27.0
D+1,2025-11,day,huai_an_1,309.0,0.4692556634304207,0.3106796116504854,0.22006472491909385,0.0,33.0
D+1,2025-11,day,huai_an_2,307.0,0.4788273615635179,0.30618892508143325,0.21498371335504887,0.0,24.0
D+1,2025-11,day,huai_an_3,305.0,0.43278688524590164,0.28852459016393445,0.2786885245901639,0.0,37.0
D+1,2025-11,day,lianyungang_1,302.0,0.48013245033112584,0.32781456953642385,0.19205298013245034,0.0,28.0
D+1,2025-11,day,lianyungang_2,306.0,0.4673202614379085,0.2973856209150327,0.23202614379084968,0.0032679738562091504,35.0
D+1,2025-11,day,nanjing_1,307.0,0.4234527687296417,0.36156351791530944,0.21498371335504887,0.0,29.0
D+1,2025-11,day,nanjing_2,311.0,0.4212218649517685,0.3408360128617363,0.2379421221864952,0.0,31.0
D+1,2025-11,day,nantong_1,319.0,0.43573667711598746,0.34796238244514105,0.21630094043887146,0.0,27.0
D+1,2025-11,day,nantong_2,322.0,0.4254658385093168,0.33540372670807456,0.2391304347826087,0.0,25.0
D+1,2025-11,day,suqian_1,302.0,0.45364238410596025,0.32450331125827814,0.22185430463576158,0.0,29.0
D+1,2025-11,day,suzhou_1,320.0,0.434375,0.353125,0.2125,0.0,32.0
D+1,2025-11,day,taizhou_1,311.0,0.4437299035369775,0.3504823151125402,0.2057877813504823,0.0,26.0
D+1,2025-11,day,taizhou_2,315.0,0.48253968253968255,0.2984126984126984,0.21904761904761905,0.0,33.0
D+1,2025-11,day,wuxi_1,317.0,0.42902208201892744,0.38801261829652994,0.1829652996845426,0.0,30.0
D+1,2025-11,day,xuzhou_1,300.0,0.42333333333333334,0.35,0.22666666666666666,0.0,34.0
D+1,2025-11,day,xuzhou_2,300.0,0.44666666666666666,0.31,0.24333333333333335,0.0,39.0
D+1,2025-11,day,yancheng_1,309.0,0.4886731391585761,0.3042071197411003,0.20388349514563106,0.003236245954692557,27.0
D+1,2025-11,day,yancheng_2,314.0,0.4968152866242038,0.29936305732484075,0.20382165605095542,0.0,27.0
D+1,2025-11,day,yancheng_3,310.0,0.45806451612903226,0.3225806451612903,0.21935483870967742,0.0,28.0
D+1,2025-11,night,changzhou_1,406.0,0.41625615763546797,0.34236453201970446,0.2413793103448276,0.0,46.0
D+1,2025-11,night,huai_an_1,411.0,0.4233576642335766,0.36009732360097324,0.21654501216545013,0.0,35.0
D+1,2025-11,night,huai_an_2,413.0,0.46246973365617433,0.3414043583535109,0.19612590799031476,0.0,28.0
D+1,2025-11,night,huai_an_3,415.0,0.40240963855421685,0.344578313253012,0.25301204819277107,0.0,41.0
D+1,2025-11,night,lianyungang_1,418.0,0.5143540669856459,0.2942583732057416,0.19138755980861244,0.0,35.0
D+1,2025-11,night,lianyungang_2,414.0,0.5144927536231884,0.2922705314009662,0.1932367149758454,0.0,33.0
D+1,2025-11,night,nanjing_1,413.0,0.39951573849878935,0.3583535108958838,0.2397094430992736,0.002421307506053269,35.0
D+1,2025-11,night,nanjing_2,409.0,0.38875305623471884,0.3471882640586797,0.26405867970660146,0.0,38.0
D+1,2025-11,night,nantong_1,401.0,0.4613466334164589,0.35910224438902744,0.17955112219451372,0.0,33.0
D+1,2025-11,night,nantong_2,398.0,0.44974874371859297,0.3768844221105528,0.17336683417085427,0.0,34.0
D+1,2025-11,night,suqian_1,418.0,0.45215311004784686,0.3277511961722488,0.22009569377990432,0.0,34.0
D+1,2025-11,night,suzhou_1,400.0,0.4375,0.3975,0.165,0.0,36.0
D+1,2025-11,night,taizhou_1,409.0,0.43031784841075793,0.36674816625916873,0.20293398533007334,0.0,25.0
D+1,2025-11,night,taizhou_2,405.0,0.44938271604938274,0.35555555555555557,0.19506172839506172,0.0,32.0
D+1,2025-11,night,wuxi_1,403.0,0.37220843672456577,0.39950372208436724,0.228287841191067,0.0,41.0
D+1,2025-11,night,xuzhou_1,420.0,0.47619047619047616,0.31666666666666665,0.20714285714285716,0.0,39.0
D+1,2025-11,night,xuzhou_2,420.0,0.4642857142857143,0.34523809523809523,0.19047619047619047,0.0,31.0
D+1,2025-11,night,yancheng_1,411.0,0.46958637469586373,0.34549878345498786,0.18491484184914841,0.0,29.0
D+1,2025-11,night,yancheng_2,406.0,0.43596059113300495,0.3374384236453202,0.22660098522167488,0.0,34.0
D+1,2025-11,night,yancheng_3,410.0,0.4146341463414634,0.36585365853658536,0.21707317073170732,0.0024390243902439024,28.0
D+1,2025-12,day,changzhou_1,310.0,0.3935483870967742,0.3193548387096774,0.2870967741935484,0.0,39.0
D+1,2025-12,day,huai_an_1,310.0,0.4290322580645161,0.36451612903225805,0.2064516129032258,0.0,28.0
D+1,2025-12,day,huai_an_2,310.0,0.42258064516129035,0.3580645161290323,0.21935483870967742,0.0,31.0
D+1,2025-12,day,huai_an_3,310.0,0.41935483870967744,0.3548387096774194,0.22580645161290322,0.0,33.0
D+1,2025-12,day,lianyungang_1,310.0,0.35161290322580646,0.35161290322580646,0.2967741935483871,0.0,38.0
D+1,2025-12,day,lianyungang_2,310.0,0.31290322580645163,0.3774193548387097,0.3096774193548387,0.0,32.0
D+1,2025-12,day,nanjing_1,310.0,0.3967741935483871,0.3225806451612903,0.2806451612903226,0.0,35.0
D+1,2025-12,day,nanjing_2,310.0,0.36774193548387096,0.3161290322580645,0.3161290322580645,0.0,46.0
D+1,2025-12,day,nantong_1,310.0,0.3935483870967742,0.3096774193548387,0.2967741935483871,0.0,33.0
D+1,2025-12,day,nantong_2,310.0,0.33225806451612905,0.32903225806451614,0.3387096774193548,0.0,36.0
D+1,2025-12,day,suqian_1,310.0,0.4096774193548387,0.3774193548387097,0.2129032258064516,0.0,23.0
D+1,2025-12,day,suzhou_1,310.0,0.3774193548387097,0.3225806451612903,0.3,0.0,36.0
D+1,2025-12,day,taizhou_1,310.0,0.44193548387096776,0.3548387096774194,0.2032258064516129,0.0,27.0
D+1,2025-12,day,taizhou_2,310.0,0.4,0.36451612903225805,0.23548387096774193,0.0,31.0
D+1,2025-12,day,wuxi_1,310.0,0.3709677419354839,0.3548387096774194,0.27419354838709675,0.0,30.0
D+1,2025-12,day,xuzhou_1,310.0,0.36451612903225805,0.35161290322580646,0.2838709677419355,0.0,39.0
D+1,2025-12,day,xuzhou_2,310.0,0.38064516129032255,0.3580645161290323,0.26129032258064516,0.0,33.0
D+1,2025-12,day,yancheng_1,310.0,0.3870967741935484,0.3193548387096774,0.29354838709677417,0.0,42.0
D+1,2025-12,day,yancheng_2,310.0,0.36774193548387096,0.36129032258064514,0.2709677419354839,0.0,32.0
D+1,2025-12,day,yancheng_3,310.0,0.42258064516129035,0.35161290322580646,0.22580645161290322,0.0,26.0
D+1,2025-12,night,changzhou_1,434.0,0.3225806451612903,0.37327188940092165,0.30414746543778803,0.0,50.0
D+1,2025-12,night,huai_an_1,434.0,0.33640552995391704,0.4700460829493088,0.1935483870967742,0.0,36.0
D+1,2025-12,night,huai_an_2,434.0,0.3271889400921659,0.43548387096774194,0.23732718894009217,0.0,34.0
D+1,2025-12,night,huai_an_3,434.0,0.3271889400921659,0.4216589861751152,0.2511520737327189,0.0,40.0
D+1,2025-12,night,lianyungang_1,434.0,0.3870967741935484,0.37327188940092165,0.23963133640552994,0.0,33.0
D+1,2025-12,night,lianyungang_2,434.0,0.34101382488479265,0.38940092165898615,0.2695852534562212,0.0,46.0
D+1,2025-12,night,nanjing_1,434.0,0.31336405529953915,0.4377880184331797,0.2488479262672811,0.0,37.0
D+1,2025-12,night,nanjing_2,434.0,0.31336405529953915,0.38018433179723504,0.3064516129032258,0.0,51.0
D+1,2025-12,night,nantong_1,434.0,0.27419354838709675,0.38018433179723504,0.3456221198156682,0.0,50.0
D+1,2025-12,night,nantong_2,434.0,0.23271889400921658,0.391705069124424,0.37557603686635943,0.0,50.0
D+1,2025-12,night,suqian_1,434.0,0.3709677419354839,0.3870967741935484,0.24193548387096775,0.0,40.0
D+1,2025-12,night,suzhou_1,434.0,0.3225806451612903,0.3686635944700461,0.3087557603686636,0.0,38.0
D+1,2025-12,night,taizhou_1,434.0,0.3294930875576037,0.4792626728110599,0.1912442396313364,0.0,38.0
D+1,2025-12,night,taizhou_2,434.0,0.2880184331797235,0.4769585253456221,0.2350230414746544,0.0,39.0
D+1,2025-12,night,wuxi_1,434.0,0.3433179723502304,0.3870967741935484,0.2695852534562212,0.0,35.0
D+1,2025-12,night,xuzhou_1,434.0,0.4539170506912442,0.3617511520737327,0.18433179723502305,0.0,40.0
D+1,2025-12,night,xuzhou_2,434.0,0.41705069124423966,0.3663594470046083,0.21658986175115208,0.0,42.0
D+1,2025-12,night,yancheng_1,434.0,0.3271889400921659,0.4539170506912442,0.21889400921658986,0.0,33.0
D+1,2025-12,night,yancheng_2,434.0,0.2764976958525346,0.4769585253456221,0.2465437788018433,0.0,39.0
D+1,2025-12,night,yancheng_3,434.0,0.3294930875576037,0.4930875576036866,0.1774193548387097,0.0,27.0
D+1,2026-01,day,changzhou_1,314.0,0.3630573248407643,0.3535031847133758,0.28343949044585987,0.0,40.0
D+1,2026-01,day,huai_an_1,312.0,0.3782051282051282,0.40705128205128205,0.21474358974358973,0.0,33.0
D+1,2026-01,day,huai_an_2,311.0,0.3890675241157556,0.4180064308681672,0.19292604501607716,0.0,26.0
D+1,2026-01,day,huai_an_3,316.0,0.34177215189873417,0.4177215189873418,0.24050632911392406,0.0,32.0
D+1,2026-01,day,lianyungang_1,312.0,0.4807692307692308,0.3814102564102564,0.13782051282051283,0.0,28.0
D+1,2026-01,day,lianyungang_2,310.0,0.43870967741935485,0.4096774193548387,0.15161290322580645,0.0,25.0
D+1,2026-01,day,nanjing_1,318.0,0.33647798742138363,0.39622641509433965,0.2672955974842767,0.0,37.0
D+1,2026-01,day,nanjing_2,317.0,0.39747634069400634,0.3722397476340694,0.2302839116719243,0.0,42.0
D+1,2026-01,day,nantong_1,310.0,0.3193548387096774,0.3903225806451613,0.2903225806451613,0.0,34.0
D+1,2026-01,day,nantong_2,310.0,0.2709677419354839,0.42258064516129035,0.3064516129032258,0.0,40.0
D+1,2026-01,day,suqian_1,315.0,0.4126984126984127,0.4031746031746032,0.18412698412698414,0.0,29.0
D+1,2026-01,day,suzhou_1,310.0,0.34838709677419355,0.38064516129032255,0.2709677419354839,0.0,34.0
D+1,2026-01,day,taizhou_1,311.0,0.35691318327974275,0.4405144694533762,0.20257234726688103,0.0,30.0
D+1,2026-01,day,taizhou_2,310.0,0.33225806451612905,0.44516129032258067,0.22258064516129034,0.0,29.0
D+1,2026-01,day,wuxi_1,313.0,0.402555910543131,0.34185303514376997,0.25559105431309903,0.0,31.0
D+1,2026-01,day,xuzhou_1,320.0,0.3875,0.35625,0.25625,0.0,30.0
D+1,2026-01,day,xuzhou_2,318.0,0.36477987421383645,0.4025157232704403,0.23270440251572327,0.0,31.0
D+1,2026-01,day,yancheng_1,310.0,0.3709677419354839,0.41935483870967744,0.20967741935483872,0.0,31.0
D+1,2026-01,day,yancheng_2,310.0,0.33225806451612905,0.42258064516129035,0.24516129032258063,0.0,32.0
D+1,2026-01,day,yancheng_3,311.0,0.3762057877813505,0.4340836012861736,0.18971061093247588,0.0,23.0
D+1,2026-01,night,changzhou_1,430.0,0.3813953488372093,0.3302325581395349,0.28837209302325584,0.0,43.0
D+1,2026-01,night,huai_an_1,432.0,0.3402777777777778,0.4699074074074074,0.18981481481481483,0.0,28.0
D+1,2026-01,night,huai_an_2,433.0,0.3833718244803695,0.42725173210161665,0.18937644341801385,0.0,30.0
D+1,2026-01,night,huai_an_3,428.0,0.34345794392523366,0.441588785046729,0.21495327102803738,0.0,41.0
D+1,2026-01,night,lianyungang_1,432.0,0.40046296296296297,0.3888888888888889,0.21064814814814814,0.0,46.0
D+1,2026-01,night,lianyungang_2,434.0,0.3986175115207373,0.41013824884792627,0.1912442396313364,0.0,38.0
D+1,2026-01,night,nanjing_1,426.0,0.3380281690140845,0.3591549295774648,0.3028169014084507,0.0,51.0
D+1,2026-01,night,nanjing_2,427.0,0.3770491803278688,0.33021077283372363,0.2927400468384075,0.0,42.0
D+1,2026-01,night,nantong_1,434.0,0.35944700460829493,0.35023041474654376,0.2903225806451613,0.0,39.0
D+1,2026-01,night,nantong_2,434.0,0.29723502304147464,0.39400921658986177,0.3087557603686636,0.0,40.0
D+1,2026-01,night,suqian_1,429.0,0.37995337995337997,0.42657342657342656,0.19347319347319347,0.0,39.0
D+1,2026-01,night,suzhou_1,434.0,0.41705069124423966,0.31336405529953915,0.2695852534562212,0.0,39.0
D+1,2026-01,night,taizhou_1,433.0,0.3464203233256351,0.45496535796766746,0.19861431870669746,0.0,29.0
D+1,2026-01,night,taizhou_2,434.0,0.3663594470046083,0.4377880184331797,0.195852534562212,0.0,32.0
D+1,2026-01,night,wuxi_1,431.0,0.4245939675174014,0.35266821345707655,0.22273781902552203,0.0,35.0
D+1,2026-01,night,xuzhou_1,424.0,0.37028301886792453,0.419811320754717,0.2099056603773585,0.0,40.0
D+1,2026-01,night,xuzhou_2,426.0,0.392018779342723,0.42018779342723006,0.18779342723004694,0.0,38.0
D+1,2026-01,night,yancheng_1,434.0,0.391705069124424,0.423963133640553,0.18433179723502305,0.0,32.0
D+1,2026-01,night,yancheng_2,434.0,0.35023041474654376,0.4539170506912442,0.195852534562212,0.0,32.0
D+1,2026-01,night,yancheng_3,433.0,0.3348729792147806,0.45265588914549654,0.21247113163972287,0.0,36.0
D+1,2026-02,day,changzhou_1,309.0,0.2912621359223301,0.4886731391585761,0.22006472491909385,0.0,33.0
D+1,2026-02,day,huai_an_1,308.0,0.30844155844155846,0.5097402597402597,0.18181818181818182,0.0,34.0
D+1,2026-02,day,huai_an_2,308.0,0.3116883116883117,0.5292207792207793,0.1590909090909091,0.0,26.0
D+1,2026-02,day,huai_an_3,308.0,0.29545454545454547,0.5032467532467533,0.2012987012987013,0.0,37.0
D+1,2026-02,day,lianyungang_1,308.0,0.30194805194805197,0.4837662337662338,0.21428571428571427,0.0,37.0
D+1,2026-02,day,lianyungang_2,307.0,0.30944625407166126,0.4560260586319218,0.23452768729641693,0.0,42.0
D+1,2026-02,day,nanjing_1,308.0,0.30844155844155846,0.4772727272727273,0.21428571428571427,0.0,30.0
D+1,2026-02,day,nanjing_2,308.0,0.2792207792207792,0.5032467532467533,0.21753246753246752,0.0,34.0
D+1,2026-02,day,nantong_1,310.0,0.2870967741935484,0.5161290322580645,0.1967741935483871,0.0,25.0
D+1,2026-02,day,nantong_2,310.0,0.2645161290322581,0.5032258064516129,0.23225806451612904,0.0,29.0
D+1,2026-02,day,suqian_1,308.0,0.2987012987012987,0.5487012987012987,0.1525974025974026,0.0,28.0
D+1,2026-02,day,suzhou_1,312.0,0.2532051282051282,0.49038461538461536,0.2564102564102564,0.0,33.0
D+1,2026-02,day,taizhou_1,308.0,0.29545454545454547,0.5064935064935064,0.19805194805194806,0.0,32.0
D+1,2026-02,day,taizhou_2,309.0,0.284789644012945,0.49838187702265374,0.2168284789644013,0.0,29.0
D+1,2026-02,day,wuxi_1,311.0,0.2958199356913183,0.4855305466237942,0.21864951768488747,0.0,32.0
D+1,2026-02,day,xuzhou_1,308.0,0.275974025974026,0.5324675324675324,0.19155844155844157,0.0,36.0
D+1,2026-02,day,xuzhou_2,308.0,0.275974025974026,0.5811688311688312,0.14285714285714285,0.0,26.0
D+1,2026-02,day,yancheng_1,307.0,0.31596091205211724,0.5179153094462541,0.16612377850162866,0.0,30.0
D+1,2026-02,day,yancheng_2,308.0,0.3051948051948052,0.5064935064935064,0.18831168831168832,0.0,27.0
D+1,2026-02,day,yancheng_3,308.0,0.31493506493506496,0.5032467532467533,0.18181818181818182,0.0,29.0
D+1,2026-02,night,changzhou_1,363.0,0.25895316804407714,0.49586776859504134,0.24517906336088155,0.0,44.0
D+1,2026-02,night,huai_an_1,364.0,0.29120879120879123,0.5027472527472527,0.20604395604395603,0.0,31.0
D+1,2026-02,night,huai_an_2,364.0,0.3021978021978022,0.5,0.1978021978021978,0.0,30.0
D+1,2026-02,night,huai_an_3,364.0,0.27197802197802196,0.4807692307692308,0.24725274725274726,0.0,42.0
D+1,2026-02,night,lianyungang_1,364.0,0.3489010989010989,0.45879120879120877,0.19230769230769232,0.0,34.0
D+1,2026-02,night,lianyungang_2,365.0,0.33972602739726027,0.4876712328767123,0.1726027397260274,0.0,31.0
D+1,2026-02,night,nanjing_1,364.0,0.27197802197802196,0.4642857142857143,0.26373626373626374,0.0,49.0
D+1,2026-02,night,nanjing_2,364.0,0.26373626373626374,0.49725274725274726,0.23901098901098902,0.0,43.0
D+1,2026-02,night,nantong_1,362.0,0.26795580110497236,0.4530386740331492,0.27900552486187846,0.0,40.0
D+1,2026-02,night,nantong_2,362.0,0.27900552486187846,0.48342541436464087,0.23756906077348067,0.0,42.0
D+1,2026-02,night,suqian_1,364.0,0.3021978021978022,0.47527472527472525,0.22252747252747251,0.0,39.0
D+1,2026-02,night,suzhou_1,360.0,0.2777777777777778,0.4777777777777778,0.24444444444444444,0.0,38.0
D+1,2026-02,night,taizhou_1,364.0,0.2802197802197802,0.47802197802197804,0.24175824175824176,0.0,37.0
D+1,2026-02,night,taizhou_2,363.0,0.2837465564738292,0.49586776859504134,0.22038567493112948,0.0,27.0
D+1,2026-02,night,wuxi_1,361.0,0.26038781163434904,0.5152354570637119,0.22437673130193905,0.0,39.0
D+1,2026-02,night,xuzhou_1,364.0,0.3598901098901099,0.47802197802197804,0.1620879120879121,0.0,33.0
D+1,2026-02,night,xuzhou_2,364.0,0.3324175824175824,0.48626373626373626,0.1813186813186813,0.0,38.0
D+1,2026-02,night,yancheng_1,365.0,0.31232876712328766,0.4986301369863014,0.18904109589041096,0.0,31.0
D+1,2026-02,night,yancheng_2,364.0,0.27472527472527475,0.46153846153846156,0.26373626373626374,0.0,36.0
D+1,2026-02,night,yancheng_3,364.0,0.27472527472527475,0.4945054945054945,0.23076923076923078,0.0,33.0
D+1,2026-03,day,changzhou_1,372.0,0.15053763440860216,0.5887096774193549,0.260752688172043,0.0,49.0
D+1,2026-03,day,huai_an_1,371.0,0.1320754716981132,0.6199460916442049,0.24797843665768193,0.0,43.0
D+1,2026-03,day,huai_an_2,370.0,0.14324324324324325,0.5351351351351351,0.3216216216216216,0.0,49.0
D+1,2026-03,day,huai_an_3,368.0,0.12771739130434784,0.6141304347826086,0.25815217391304346,0.0,47.0
D+1,2026-03,day,lianyungang_1,367.0,0.17438692098092642,0.5313351498637602,0.29427792915531337,0.0,51.0
D+1,2026-03,day,lianyungang_2,370.0,0.16486486486486487,0.518918918918919,0.3162162162162162,0.0,49.0
D+1,2026-03,day,nanjing_1,369.0,0.12737127371273713,0.6341463414634146,0.23848238482384823,0.0,37.0
D+1,2026-03,day,nanjing_2,370.0,0.13783783783783785,0.6243243243243243,0.23783783783783785,0.0,47.0
D+1,2026-03,day,nantong_1,372.0,0.13440860215053763,0.5967741935483871,0.26881720430107525,0.0,45.0
D+1,2026-03,day,nantong_2,372.0,0.12365591397849462,0.5913978494623656,0.2849462365591398,0.0,41.0
D+1,2026-03,day,suqian_1,367.0,0.11716621253405994,0.5749318801089919,0.3079019073569482,0.0,46.0
D+1,2026-03,day,suzhou_1,372.0,0.1532258064516129,0.6021505376344086,0.2446236559139785,0.0,43.0
D+1,2026-03,day,taizhou_1,372.0,0.11559139784946236,0.6317204301075269,0.25268817204301075,0.0,40.0
D+1,2026-03,day,taizhou_2,372.0,0.13440860215053763,0.6209677419354839,0.2446236559139785,0.0,38.0
D+1,2026-03,day,wuxi_1,372.0,0.16666666666666666,0.6236559139784946,0.20967741935483872,0.0,35.0
D+1,2026-03,day,xuzhou_1,364.0,0.1346153846153846,0.5741758241758241,0.29120879120879123,0.0,50.0
D+1,2026-03,day,xuzhou_2,364.0,0.12912087912087913,0.5686813186813187,0.3021978021978022,0.0,50.0
D+1,2026-03,day,yancheng_1,371.0,0.1509433962264151,0.5714285714285714,0.2776280323450135,0.0,47.0
D+1,2026-03,day,yancheng_2,372.0,0.16129032258064516,0.5994623655913979,0.239247311827957,0.0,40.0
D+1,2026-03,day,yancheng_3,372.0,0.12634408602150538,0.6182795698924731,0.2553763440860215,0.0,35.0
D+1,2026-03,night,changzhou_1,372.0,0.11290322580645161,0.6182795698924731,0.26881720430107525,0.0,44.0
D+1,2026-03,night,huai_an_1,373.0,0.11528150134048257,0.6916890080428955,0.19302949061662197,0.0,34.0
D+1,2026-03,night,huai_an_2,374.0,0.11764705882352941,0.6925133689839572,0.18983957219251338,0.0,33.0
D+1,2026-03,night,huai_an_3,376.0,0.1356382978723404,0.6728723404255319,0.19148936170212766,0.0,39.0
D+1,2026-03,night,lianyungang_1,377.0,0.1220159151193634,0.7002652519893899,0.17771883289124668,0.0,33.0
D+1,2026-03,night,lianyungang_2,374.0,0.09893048128342247,0.7433155080213903,0.15775401069518716,0.0,34.0
D+1,2026-03,night,nanjing_1,375.0,0.12533333333333332,0.6373333333333333,0.23733333333333334,0.0,42.0
D+1,2026-03,night,nanjing_2,374.0,0.10962566844919786,0.6229946524064172,0.26737967914438504,0.0,52.0
D+1,2026-03,night,nantong_1,372.0,0.12903225806451613,0.6182795698924731,0.25268817204301075,0.0,40.0
D+1,2026-03,night,nantong_2,372.0,0.13440860215053763,0.6317204301075269,0.23387096774193547,0.0,41.0
D+1,2026-03,night,suqian_1,377.0,0.11936339522546419,0.6816976127320955,0.1989389920424403,0.0,37.0
D+1,2026-03,night,suzhou_1,372.0,0.12096774193548387,0.6666666666666666,0.21236559139784947,0.0,39.0
D+1,2026-03,night,taizhou_1,372.0,0.12634408602150538,0.7258064516129032,0.1478494623655914,0.0,29.0
D+1,2026-03,night,taizhou_2,372.0,0.12634408602150538,0.6586021505376344,0.21505376344086022,0.0,40.0
D+1,2026-03,night,wuxi_1,372.0,0.08602150537634409,0.6720430107526881,0.24193548387096775,0.0,42.0
D+1,2026-03,night,xuzhou_1,380.0,0.14473684210526316,0.6526315789473685,0.2026315789473684,0.0,49.0
D+1,2026-03,night,xuzhou_2,380.0,0.12105263157894737,0.6578947368421053,0.22105263157894736,0.0,35.0
D+1,2026-03,night,yancheng_1,373.0,0.09651474530831099,0.6890080428954424,0.21447721179624665,0.0,38.0
D+1,2026-03,night,yancheng_2,372.0,0.12365591397849462,0.6532258064516129,0.22311827956989247,0.0,44.0
D+1,2026-03,night,yancheng_3,372.0,0.11021505376344086,0.7096774193548387,0.18010752688172044,0.0,28.0
D+1,2026-04,day,changzhou_1,386.0,0.11917098445595854,0.7305699481865285,0.15025906735751296,0.0,34.0
D+1,2026-04,day,huai_an_1,390.0,0.13333333333333333,0.7,0.16666666666666666,0.0,36.0
D+1,2026-04,day,huai_an_2,392.0,0.16326530612244897,0.6556122448979592,0.18112244897959184,0.0,37.0
D+1,2026-04,day,huai_an_3,392.0,0.14540816326530612,0.7117346938775511,0.14285714285714285,0.0,29.0
D+1,2026-04,day,lianyungang_1,395.0,0.2,0.5392405063291139,0.2607594936708861,0.0,48.0
D+1,2026-04,day,lianyungang_2,393.0,0.21628498727735368,0.549618320610687,0.2340966921119593,0.0,44.0
D+1,2026-04,day,nanjing_1,389.0,0.11825192802056556,0.7429305912596401,0.13881748071979436,0.0,28.0
D+1,2026-04,day,nanjing_2,387.0,0.11886304909560723,0.7312661498708011,0.14987080103359174,0.0,35.0
D+1,2026-04,day,nantong_1,383.0,0.09399477806788512,0.7571801566579635,0.14882506527415143,0.0,35.0
D+1,2026-04,day,nantong_2,382.0,0.08638743455497382,0.743455497382199,0.17015706806282724,0.0,41.0
D+1,2026-04,day,suqian_1,394.0,0.13959390862944163,0.6421319796954315,0.2182741116751269,0.0,42.0
D+1,2026-04,day,suzhou_1,382.0,0.09162303664921466,0.756544502617801,0.1518324607329843,0.0,34.0
D+1,2026-04,day,taizhou_1,389.0,0.09254498714652956,0.7146529562982005,0.1928020565552699,0.0,37.0
D+1,2026-04,day,taizhou_2,387.0,0.09302325581395349,0.7596899224806202,0.14728682170542637,0.0,34.0
D+1,2026-04,day,wuxi_1,383.0,0.13838120104438642,0.7049608355091384,0.1566579634464752,0.0,32.0
D+1,2026-04,day,xuzhou_1,395.0,0.21012658227848102,0.5848101265822785,0.20506329113924052,0.0,41.0
D+1,2026-04,day,xuzhou_2,396.0,0.17424242424242425,0.6060606060606061,0.2196969696969697,0.0,46.0
D+1,2026-04,day,yancheng_1,391.0,0.1534526854219949,0.6675191815856778,0.17902813299232737,0.0,34.0
D+1,2026-04,day,yancheng_2,388.0,0.10309278350515463,0.7216494845360825,0.17525773195876287,0.0,42.0
D+1,2026-04,day,yancheng_3,389.0,0.11568123393316196,0.7146529562982005,0.16966580976863754,0.0,40.0
D+1,2026-04,night,changzhou_1,334.0,0.1497005988023952,0.7275449101796407,0.12275449101796407,0.0,32.0
D+1,2026-04,night,huai_an_1,330.0,0.15757575757575756,0.706060606060606,0.13636363636363635,0.0,22.0
D+1,2026-04,night,huai_an_2,328.0,0.16463414634146342,0.6615853658536586,0.17378048780487804,0.0,31.0
D+1,2026-04,night,huai_an_3,328.0,0.18292682926829268,0.6524390243902439,0.16463414634146342,0.0,29.0
D+1,2026-04,night,lianyungang_1,325.0,0.17846153846153845,0.5876923076923077,0.23384615384615384,0.0,32.0
D+1,2026-04,night,lianyungang_2,327.0,0.1559633027522936,0.617737003058104,0.22629969418960244,0.0,31.0
D+1,2026-04,night,nanjing_1,331.0,0.16012084592145015,0.6888217522658611,0.1510574018126888,0.0,29.0
D+1,2026-04,night,nanjing_2,333.0,0.14414414414414414,0.7057057057057057,0.15015015015015015,0.0,32.0
D+1,2026-04,night,nantong_1,337.0,0.12462908011869436,0.7655786350148368,0.10979228486646884,0.0,21.0
D+1,2026-04,night,nantong_2,338.0,0.10946745562130178,0.7514792899408284,0.1390532544378698,0.0,31.0
D+1,2026-04,night,suqian_1,326.0,0.15337423312883436,0.6595092024539877,0.18711656441717792,0.0,33.0
D+1,2026-04,night,suzhou_1,338.0,0.15088757396449703,0.7071005917159763,0.14201183431952663,0.0,31.0
D+1,2026-04,night,taizhou_1,331.0,0.1419939577039275,0.7009063444108762,0.15709969788519637,0.0,26.0
D+1,2026-04,night,taizhou_2,333.0,0.11411411411411411,0.7177177177177178,0.16816816816816818,0.0,34.0
D+1,2026-04,night,wuxi_1,337.0,0.1543026706231454,0.712166172106825,0.13353115727002968,0.0,28.0
D+1,2026-04,night,xuzhou_1,325.0,0.24615384615384617,0.5353846153846153,0.21846153846153846,0.0,37.0
D+1,2026-04,night,xuzhou_2,324.0,0.19753086419753085,0.595679012345679,0.20679012345679013,0.0,37.0
D+1,2026-04,night,yancheng_1,329.0,0.1702127659574468,0.6717325227963525,0.1580547112462006,0.0,29.0
D+1,2026-04,night,yancheng_2,332.0,0.14457831325301204,0.7349397590361446,0.12048192771084337,0.0,23.0
D+1,2026-04,night,yancheng_3,331.0,0.1510574018126888,0.6978851963746223,0.1510574018126888,0.0,31.0
D+1,2026-05,day,changzhou_1,434.0,0.12903225806451613,0.543778801843318,0.3271889400921659,0.0,59.0
D+1,2026-05,day,huai_an_1,434.0,0.20967741935483872,0.5253456221198156,0.26497695852534564,0.0,51.0
D+1,2026-05,day,huai_an_2,434.0,0.22119815668202766,0.5,0.27880184331797236,0.0,49.0
D+1,2026-05,day,huai_an_3,434.0,0.16820276497695852,0.5,0.3317972350230415,0.0,67.0
D+1,2026-05,day,lianyungang_1,434.0,0.23732718894009217,0.5230414746543779,0.23963133640552994,0.0,50.0
D+1,2026-05,day,lianyungang_2,434.0,0.2304147465437788,0.49539170506912444,0.27419354838709675,0.0,49.0
D+1,2026-05,day,nanjing_1,434.0,0.12672811059907835,0.5483870967741935,0.3248847926267281,0.0,62.0
D+1,2026-05,day,nanjing_2,434.0,0.1313364055299539,0.5506912442396313,0.31797235023041476,0.0,63.0
D+1,2026-05,day,nantong_1,434.0,0.18433179723502305,0.5714285714285714,0.24423963133640553,0.0,49.0
D+1,2026-05,day,nantong_2,434.0,0.2119815668202765,0.5829493087557603,0.20506912442396313,0.0,37.0
D+1,2026-05,day,suqian_1,434.0,0.20506912442396313,0.5299539170506913,0.26497695852534564,0.0,51.0
D+1,2026-05,day,suzhou_1,434.0,0.16589861751152074,0.5737327188940092,0.26036866359447003,0.0,54.0
D+1,2026-05,day,taizhou_1,434.0,0.17972350230414746,0.5460829493087558,0.27419354838709675,0.0,47.0
D+1,2026-05,day,taizhou_2,434.0,0.20276497695852536,0.5414746543778802,0.2557603686635945,0.0,49.0
D+1,2026-05,day,wuxi_1,434.0,0.17050691244239632,0.5737327188940092,0.2557603686635945,0.0,45.0
D+1,2026-05,day,xuzhou_1,434.0,0.195852534562212,0.5552995391705069,0.2488479262672811,0.0,51.0
D+1,2026-05,day,xuzhou_2,434.0,0.1889400921658986,0.5460829493087558,0.26497695852534564,0.0,51.0
D+1,2026-05,day,yancheng_1,434.0,0.24423963133640553,0.5092165898617511,0.2465437788018433,0.0,42.0
D+1,2026-05,day,yancheng_2,434.0,0.21658986175115208,0.5414746543778802,0.24193548387096775,0.0,38.0
D+1,2026-05,day,yancheng_3,434.0,0.20967741935483872,0.532258064516129,0.25806451612903225,0.0,43.0
D+1,2026-05,night,changzhou_1,310.0,0.13870967741935483,0.6129032258064516,0.24838709677419354,0.0,41.0
D+1,2026-05,night,huai_an_1,310.0,0.1935483870967742,0.5741935483870968,0.23225806451612904,0.0,36.0
D+1,2026-05,night,huai_an_2,310.0,0.2161290322580645,0.5967741935483871,0.1870967741935484,0.0,38.0
D+1,2026-05,night,huai_an_3,310.0,0.17096774193548386,0.5612903225806452,0.267741935483871,0.0,42.0
D+1,2026-05,night,lianyungang_1,310.0,0.16774193548387098,0.5290322580645161,0.3032258064516129,0.0,43.0
D+1,2026-05,night,lianyungang_2,310.0,0.16451612903225807,0.5548387096774193,0.2806451612903226,0.0,42.0
D+1,2026-05,night,nanjing_1,310.0,0.1774193548387097,0.5580645161290323,0.2645161290322581,0.0,41.0
D+1,2026-05,night,nanjing_2,310.0,0.16451612903225807,0.5774193548387097,0.25806451612903225,0.0,43.0
D+1,2026-05,night,nantong_1,310.0,0.16129032258064516,0.5870967741935483,0.25161290322580643,0.0,33.0
D+1,2026-05,night,nantong_2,310.0,0.17096774193548386,0.6064516129032258,0.22258064516129034,0.0,34.0
D+1,2026-05,night,suqian_1,310.0,0.17419354838709677,0.5548387096774193,0.2709677419354839,0.0,46.0
D+1,2026-05,night,suzhou_1,310.0,0.13870967741935483,0.6096774193548387,0.25161290322580643,0.0,29.0
D+1,2026-05,night,taizhou_1,310.0,0.19032258064516128,0.5709677419354838,0.23870967741935484,0.0,33.0
D+1,2026-05,night,taizhou_2,310.0,0.2064516129032258,0.5967741935483871,0.1967741935483871,0.0,29.0
D+1,2026-05,night,wuxi_1,310.0,0.17419354838709677,0.6645161290322581,0.16129032258064516,0.0,21.0
D+1,2026-05,night,xuzhou_1,310.0,0.15806451612903225,0.5548387096774193,0.2870967741935484,0.0,46.0
D+1,2026-05,night,xuzhou_2,310.0,0.15806451612903225,0.5580645161290323,0.2838709677419355,0.0,46.0
D+1,2026-05,night,yancheng_1,310.0,0.22580645161290322,0.5709677419354838,0.2032258064516129,0.0,34.0
D+1,2026-05,night,yancheng_2,310.0,0.19032258064516128,0.603225806451613,0.2064516129032258,0.0,25.0
D+1,2026-05,night,yancheng_3,310.0,0.1967741935483871,0.5870967741935483,0.2161290322580645,0.0,32.0
D+1,2026-06,day,changzhou_1,420.0,0.07857142857142857,0.6285714285714286,0.29285714285714287,0.0,59.0
D+1,2026-06,day,huai_an_1,420.0,0.09761904761904762,0.7071428571428572,0.19523809523809524,0.0,48.0
D+1,2026-06,day,huai_an_2,420.0,0.0880952380952381,0.6857142857142857,0.2261904761904762,0.0,48.0
D+1,2026-06,day,huai_an_3,420.0,0.09761904761904762,0.6642857142857143,0.23809523809523808,0.0,53.0
D+1,2026-06,day,lianyungang_1,420.0,0.09761904761904762,0.6142857142857143,0.28809523809523807,0.0,64.0
D+1,2026-06,day,lianyungang_2,420.0,0.0880952380952381,0.6428571428571429,0.26904761904761904,0.0,48.0
D+1,2026-06,day,nanjing_1,420.0,0.1,0.6238095238095238,0.2761904761904762,0.0,63.0
D+1,2026-06,day,nanjing_2,420.0,0.0880952380952381,0.6142857142857143,0.2976190476190476,0.0,59.0
D+1,2026-06,day,nantong_1,420.0,0.10476190476190476,0.6666666666666666,0.22857142857142856,0.0,51.0
D+1,2026-06,day,nantong_2,420.0,0.09761904761904762,0.6952380952380952,0.20714285714285716,0.0,49.0
D+1,2026-06,day,suqian_1,420.0,0.10714285714285714,0.6166666666666667,0.2761904761904762,0.0,50.0
D+1,2026-06,day,suzhou_1,420.0,0.08571428571428572,0.6904761904761905,0.22380952380952382,0.0,46.0
D+1,2026-06,day,taizhou_1,420.0,0.1,0.7095238095238096,0.19047619047619047,0.0,45.0
D+1,2026-06,day,taizhou_2,420.0,0.09761904761904762,0.7095238095238096,0.19285714285714287,0.0,45.0
D+1,2026-06,day,wuxi_1,420.0,0.12380952380952381,0.6190476190476191,0.2571428571428571,0.0,49.0
D+1,2026-06,day,xuzhou_1,420.0,0.14285714285714285,0.6404761904761904,0.21666666666666667,0.0,45.0
D+1,2026-06,day,xuzhou_2,420.0,0.1523809523809524,0.580952380952381,0.26666666666666666,0.0,55.0
D+1,2026-06,day,yancheng_1,420.0,0.10714285714285714,0.6928571428571428,0.2,0.0,42.0
D+1,2026-06,day,yancheng_2,420.0,0.09761904761904762,0.7404761904761905,0.1619047619047619,0.0,39.0
D+1,2026-06,day,yancheng_3,420.0,0.09761904761904762,0.7452380952380953,0.15714285714285714,0.0,39.0
D+1,2026-06,night,changzhou_1,300.0,0.12,0.6833333333333333,0.19666666666666666,0.0,41.0
D+1,2026-06,night,huai_an_1,300.0,0.12666666666666668,0.7,0.17333333333333334,0.0,35.0
D+1,2026-06,night,huai_an_2,300.0,0.11333333333333333,0.6533333333333333,0.23333333333333334,0.0,39.0
D+1,2026-06,night,huai_an_3,300.0,0.15333333333333332,0.6666666666666666,0.18,0.0,34.0
D+1,2026-06,night,lianyungang_1,300.0,0.10333333333333333,0.5633333333333334,0.3333333333333333,0.0,46.0
D+1,2026-06,night,lianyungang_2,300.0,0.1,0.6133333333333333,0.2866666666666667,0.0,40.0
D+1,2026-06,night,nanjing_1,300.0,0.12333333333333334,0.63,0.24666666666666667,0.0,39.0
D+1,2026-06,night,nanjing_2,300.0,0.11,0.64,0.25,0.0,51.0
D+1,2026-06,night,nantong_1,300.0,0.11333333333333333,0.7233333333333334,0.16333333333333333,0.0,29.0
D+1,2026-06,night,nantong_2,300.0,0.12333333333333334,0.73,0.14666666666666667,0.0,32.0
D+1,2026-06,night,suqian_1,300.0,0.14666666666666667,0.61,0.24333333333333335,0.0,33.0
D+1,2026-06,night,suzhou_1,300.0,0.1,0.6833333333333333,0.21666666666666667,0.0,37.0
D+1,2026-06,night,taizhou_1,300.0,0.11333333333333333,0.76,0.12666666666666668,0.0,30.0
D+1,2026-06,night,taizhou_2,300.0,0.12666666666666668,0.7533333333333333,0.12,0.0,29.0
D+1,2026-06,night,wuxi_1,300.0,0.11333333333333333,0.71,0.17666666666666667,0.0,31.0
D+1,2026-06,night,xuzhou_1,300.0,0.08666666666666667,0.6633333333333333,0.25,0.0,37.0
D+1,2026-06,night,xuzhou_2,300.0,0.11666666666666667,0.6033333333333334,0.28,0.0,41.0
D+1,2026-06,night,yancheng_1,300.0,0.11333333333333333,0.6233333333333333,0.2633333333333333,0.0,41.0
D+1,2026-06,night,yancheng_2,300.0,0.10666666666666667,0.75,0.14333333333333334,0.0,29.0
D+1,2026-06,night,yancheng_3,300.0,0.11,0.75,0.14,0.0,29.0
D+1,2026-07,day,changzhou_1,434.0,0.0967741935483871,0.7442396313364056,0.15898617511520738,0.0,45.0
D+1,2026-07,day,huai_an_1,434.0,0.0967741935483871,0.7465437788018433,0.15668202764976957,0.0,36.0
D+1,2026-07,day,huai_an_2,434.0,0.07603686635944701,0.7142857142857143,0.20967741935483872,0.0,43.0
D+1,2026-07,day,huai_an_3,434.0,0.06451612903225806,0.6981566820276498,0.23732718894009217,0.0,50.0
D+1,2026-07,day,lianyungang_1,434.0,0.08064516129032258,0.6175115207373272,0.30184331797235026,0.0,66.0
D+1,2026-07,day,lianyungang_2,434.0,0.07142857142857142,0.6751152073732719,0.2534562211981567,0.0,61.0
D+1,2026-07,day,nanjing_1,434.0,0.08986175115207373,0.7304147465437788,0.17972350230414746,0.0,48.0
D+1,2026-07,day,nanjing_2,434.0,0.09907834101382489,0.7050691244239631,0.195852534562212,0.0,50.0
D+1,2026-07,day,nantong_1,434.0,0.06221198156682028,0.7258064516129032,0.2119815668202765,0.0,44.0
D+1,2026-07,day,nantong_2,434.0,0.052995391705069124,0.7327188940092166,0.21428571428571427,0.0,45.0
D+1,2026-07,day,suqian_1,434.0,0.06451612903225806,0.6612903225806451,0.27419354838709675,0.0,62.0
D+1,2026-07,day,suzhou_1,434.0,0.06682027649769585,0.7695852534562212,0.16359447004608296,0.0,40.0
D+1,2026-07,day,taizhou_1,434.0,0.10829493087557604,0.7511520737327189,0.14055299539170507,0.0,38.0
D+1,2026-07,day,taizhou_2,434.0,0.10368663594470046,0.7695852534562212,0.12672811059907835,0.0,35.0
D+1,2026-07,day,wuxi_1,434.0,0.0967741935483871,0.7695852534562212,0.1336405529953917,0.0,32.0
D+1,2026-07,day,xuzhou_1,434.0,0.16820276497695852,0.532258064516129,0.2995391705069124,0.0,69.0
D+1,2026-07,day,xuzhou_2,434.0,0.08755760368663594,0.5483870967741935,0.3640552995391705,0.0,75.0
D+1,2026-07,day,yancheng_1,434.0,0.08755760368663594,0.7211981566820277,0.1912442396313364,0.0,38.0
D+1,2026-07,day,yancheng_2,434.0,0.1175115207373272,0.7741935483870968,0.10829493087557604,0.0,27.0
D+1,2026-07,day,yancheng_3,434.0,0.10368663594470046,0.7488479262672811,0.14746543778801843,0.0,34.0
D+1,2026-07,night,changzhou_1,310.0,0.12580645161290321,0.7677419354838709,0.1064516129032258,0.0,29.0
D+1,2026-07,night,huai_an_1,310.0,0.1064516129032258,0.7516129032258064,0.14193548387096774,0.0,31.0
D+1,2026-07,night,huai_an_2,310.0,0.1064516129032258,0.6806451612903226,0.2129032258064516,0.0,41.0
D+1,2026-07,night,huai_an_3,310.0,0.1,0.7032258064516129,0.1967741935483871,0.0,36.0
D+1,2026-07,night,lianyungang_1,310.0,0.14193548387096774,0.6,0.25806451612903225,0.0,49.0
D+1,2026-07,night,lianyungang_2,310.0,0.1,0.6612903225806451,0.23870967741935484,0.0,41.0
D+1,2026-07,night,nanjing_1,310.0,0.09032258064516129,0.7645161290322581,0.14516129032258066,0.0,33.0
D+1,2026-07,night,nanjing_2,310.0,0.13548387096774195,0.7612903225806451,0.1032258064516129,0.0,24.0
D+1,2026-07,night,nantong_1,310.0,0.10967741935483871,0.7516129032258064,0.13870967741935483,0.0,33.0
D+1,2026-07,night,nantong_2,310.0,0.11935483870967742,0.7225806451612903,0.15806451612903225,0.0,29.0
D+1,2026-07,night,suqian_1,310.0,0.0967741935483871,0.667741935483871,0.23548387096774193,0.0,42.0
D+1,2026-07,night,suzhou_1,310.0,0.12258064516129032,0.7741935483870968,0.1032258064516129,0.0,20.0
D+1,2026-07,night,taizhou_1,310.0,0.11290322580645161,0.7451612903225806,0.14193548387096774,0.0,35.0
D+1,2026-07,night,taizhou_2,310.0,0.13870967741935483,0.7709677419354839,0.09032258064516129,0.0,27.0
D+1,2026-07,night,wuxi_1,310.0,0.10967741935483871,0.7967741935483871,0.0935483870967742,0.0,20.0
D+1,2026-07,night,xuzhou_1,310.0,0.2032258064516129,0.603225806451613,0.1935483870967742,0.0,42.0
D+1,2026-07,night,xuzhou_2,310.0,0.19032258064516128,0.6161290322580645,0.1935483870967742,0.0,37.0
D+1,2026-07,night,yancheng_1,310.0,0.11612903225806452,0.7096774193548387,0.17419354838709677,0.0,31.0
D+1,2026-07,night,yancheng_2,310.0,0.12580645161290321,0.7290322580645161,0.14516129032258066,0.0,35.0
D+1,2026-07,night,yancheng_3,310.0,0.12258064516129032,0.7516129032258064,0.12580645161290321,0.0,26.0
D+1,2026-08,day,changzhou_1,416.0,0.16105769230769232,0.43509615384615385,0.40384615384615385,0.0,75.0
D+1,2026-08,day,huai_an_1,420.0,0.21666666666666667,0.46190476190476193,0.32142857142857145,0.0,63.0
D+1,2026-08,day,huai_an_2,421.0,0.2327790973871734,0.505938242280285,0.26128266033254155,0.0,58.0
D+1,2026-08,day,huai_an_3,417.0,0.20863309352517986,0.4052757793764988,0.38609112709832133,0.0,79.0
D+1,2026-08,day,lianyungang_1,420.0,0.2261904761904762,0.3738095238095238,0.4,0.0,81.0
D+1,2026-08,day,lianyungang_2,424.0,0.23113207547169812,0.41037735849056606,0.3584905660377358,0.0,77.0
D+1,2026-08,day,nanjing_1,414.0,0.18357487922705315,0.3695652173913043,0.4468599033816425,0.0,84.0
D+1,2026-08,day,nanjing_2,414.0,0.15942028985507245,0.3695652173913043,0.47101449275362317,0.0,80.0
D+1,2026-08,day,nantong_1,421.0,0.15201900237529692,0.45368171021377673,0.39429928741092635,0.0,66.0
D+1,2026-08,day,nantong_2,423.0,0.20567375886524822,0.4326241134751773,0.3617021276595745,0.0,58.0
D+1,2026-08,day,suqian_1,417.0,0.22541966426858512,0.40047961630695444,0.37410071942446044,0.0,78.0
D+1,2026-08,day,suzhou_1,420.0,0.12380952380952381,0.49047619047619045,0.38571428571428573,0.0,69.0
D+1,2026-08,day,taizhou_1,419.0,0.2171837708830549,0.4606205250596659,0.3221957040572792,0.0,67.0
D+1,2026-08,day,taizhou_2,422.0,0.1966824644549763,0.43364928909952605,0.3696682464454976,0.0,65.0
D+1,2026-08,day,wuxi_1,417.0,0.1774580335731415,0.4412470023980815,0.381294964028777,0.0,70.0
D+1,2026-08,day,xuzhou_1,410.0,0.20243902439024392,0.4024390243902439,0.3951219512195122,0.0,76.0
D+1,2026-08,day,xuzhou_2,413.0,0.19128329297820823,0.36561743341404357,0.4430992736077482,0.0,75.0
D+1,2026-08,day,yancheng_1,422.0,0.25118483412322273,0.4881516587677725,0.26066350710900477,0.0,56.0
D+1,2026-08,day,yancheng_2,423.0,0.20803782505910165,0.43498817966903075,0.35697399527186763,0.0,70.0
D+1,2026-08,day,yancheng_3,421.0,0.22802850356294538,0.47268408551068886,0.2992874109263658,0.0,62.0
D+1,2026-08,night,changzhou_1,328.0,0.14634146341463414,0.4146341463414634,0.43902439024390244,0.0,66.0
D+1,2026-08,night,huai_an_1,324.0,0.20679012345679013,0.49382716049382713,0.2993827160493827,0.0,51.0
D+1,2026-08,night,huai_an_2,323.0,0.21671826625386997,0.4520123839009288,0.33126934984520123,0.0,50.0
D+1,2026-08,night,huai_an_3,327.0,0.20795107033639143,0.42813455657492355,0.363914373088685,0.0,56.0
D+1,2026-08,night,lianyungang_1,324.0,0.23765432098765432,0.2962962962962963,0.4660493827160494,0.0,65.0
D+1,2026-08,night,lianyungang_2,320.0,0.246875,0.371875,0.38125,0.0,57.0
D+1,2026-08,night,nanjing_1,330.0,0.16666666666666666,0.41818181818181815,0.41515151515151516,0.0,63.0
D+1,2026-08,night,nanjing_2,330.0,0.16666666666666666,0.42727272727272725,0.40606060606060607,0.0,57.0
D+1,2026-08,night,nantong_1,323.0,0.17647058823529413,0.4582043343653251,0.3653250773993808,0.0,58.0
D+1,2026-08,night,nantong_2,321.0,0.205607476635514,0.470404984423676,0.32398753894080995,0.0,42.0
D+1,2026-08,night,suqian_1,327.0,0.22018348623853212,0.4036697247706422,0.3761467889908257,0.0,54.0
D+1,2026-08,night,suzhou_1,324.0,0.16049382716049382,0.4660493827160494,0.3734567901234568,0.0,60.0
D+1,2026-08,night,taizhou_1,325.0,0.21846153846153846,0.5046153846153846,0.27692307692307694,0.0,44.0
D+1,2026-08,night,taizhou_2,322.0,0.2422360248447205,0.4503105590062112,0.30745341614906835,0.0,50.0
D+1,2026-08,night,wuxi_1,327.0,0.13149847094801223,0.40978593272171254,0.45871559633027525,0.0,63.0
D+1,2026-08,night,xuzhou_1,334.0,0.3023952095808383,0.32934131736526945,0.36826347305389223,0.0,55.0
D+1,2026-08,night,xuzhou_2,331.0,0.2326283987915408,0.3776435045317221,0.38972809667673713,0.0,59.0
D+1,2026-08,night,yancheng_1,322.0,0.20496894409937888,0.468944099378882,0.32608695652173914,0.0,45.0
D+1,2026-08,night,yancheng_2,321.0,0.23052959501557632,0.4485981308411215,0.32087227414330216,0.0,50.0
D+1,2026-08,night,yancheng_3,323.0,0.19195046439628483,0.5170278637770898,0.29102167182662536,0.0,40.0
D+2,2024-02,day,changzhou_1,320.0,0.134375,0.69375,0.171875,0.0,32.0
D+2,2024-02,day,huai_an_1,319.0,0.14420062695924765,0.7178683385579937,0.13793103448275862,0.0,26.0
D+2,2024-02,day,huai_an_2,319.0,0.14106583072100312,0.6959247648902821,0.16300940438871472,0.0,33.0
D+2,2024-02,day,huai_an_3,319.0,0.13793103448275862,0.6990595611285266,0.16300940438871472,0.0,39.0
D+2,2024-02,day,lianyungang_1,319.0,0.15673981191222572,0.6081504702194357,0.23510971786833856,0.0,34.0
D+2,2024-02,day,lianyungang_2,318.0,0.1509433962264151,0.6415094339622641,0.20125786163522014,0.006289308176100629,33.0
D+2,2024-02,day,nanjing_1,319.0,0.13479623824451412,0.677115987460815,0.18495297805642633,0.003134796238244514,38.0
D+2,2024-02,day,nanjing_2,319.0,0.13793103448275862,0.7084639498432602,0.1536050156739812,0.0,32.0
D+2,2024-02,day,nantong_1,322.0,0.14285714285714285,0.7204968944099379,0.13664596273291926,0.0,25.0
D+2,2024-02,day,nantong_2,321.0,0.10903426791277258,0.7601246105919003,0.1308411214953271,0.0,18.0
D+2,2024-02,day,suqian_1,319.0,0.12539184952978055,0.6520376175548589,0.2225705329153605,0.0,38.0
D+2,2024-02,day,suzhou_1,323.0,0.14551083591331268,0.6873065015479877,0.16718266253869968,0.0,34.0
D+2,2024-02,day,taizhou_1,320.0,0.14375,0.703125,0.153125,0.0,32.0
D+2,2024-02,day,taizhou_2,319.0,0.14420062695924765,0.7304075235109718,0.12225705329153605,0.003134796238244514,26.0
D+2,2024-02,day,wuxi_1,322.0,0.12111801242236025,0.7080745341614907,0.17080745341614906,0.0,27.0
D+2,2024-02,day,xuzhou_1,319.0,0.18181818181818182,0.6300940438871473,0.18181818181818182,0.006269592476489028,38.0
D+2,2024-02,day,xuzhou_2,319.0,0.12852664576802508,0.6332288401253918,0.23824451410658307,0.0,41.0
D+2,2024-02,day,yancheng_1,318.0,0.14779874213836477,0.6855345911949685,0.16666666666666666,0.0,32.0
D+2,2024-02,day,yancheng_2,319.0,0.14106583072100312,0.7554858934169278,0.10344827586206896,0.0,23.0
D+2,2024-02,day,yancheng_3,319.0,0.1536050156739812,0.7115987460815048,0.13479623824451412,0.0,28.0
D+2,2024-02,night,changzhou_1,376.0,0.1276595744680851,0.7340425531914894,0.1356382978723404,0.0026595744680851063,37.0
D+2,2024-02,night,huai_an_1,377.0,0.13262599469496023,0.7241379310344828,0.14323607427055704,0.0,36.0
D+2,2024-02,night,huai_an_2,377.0,0.13262599469496023,0.6737400530503979,0.19363395225464192,0.0,41.0
D+2,2024-02,night,huai_an_3,377.0,0.129973474801061,0.6870026525198939,0.1830238726790451,0.0,41.0
D+2,2024-02,night,lianyungang_1,377.0,0.15915119363395225,0.5915119363395226,0.246684350132626,0.002652519893899204,55.0
D+2,2024-02,night,lianyungang_2,378.0,0.1693121693121693,0.6481481481481481,0.17989417989417988,0.0026455026455026454,41.0
D+2,2024-02,night,nanjing_1,377.0,0.13262599469496023,0.6923076923076923,0.17506631299734748,0.0,46.0
D+2,2024-02,night,nanjing_2,377.0,0.129973474801061,0.713527851458886,0.15649867374005305,0.0,42.0
D+2,2024-02,night,nantong_1,374.0,0.12834224598930483,0.7486631016042781,0.12299465240641712,0.0,34.0
D+2,2024-02,night,nantong_2,375.0,0.11466666666666667,0.768,0.11733333333333333,0.0,29.0
D+2,2024-02,night,suqian_1,377.0,0.13262599469496023,0.6472148541114059,0.22015915119363394,0.0,49.0
D+2,2024-02,night,suzhou_1,373.0,0.13404825737265416,0.7372654155495979,0.128686327077748,0.0,31.0
D+2,2024-02,night,taizhou_1,376.0,0.13297872340425532,0.7180851063829787,0.14893617021276595,0.0,35.0
D+2,2024-02,night,taizhou_2,377.0,0.1273209549071618,0.7347480106100795,0.13793103448275862,0.0,38.0
D+2,2024-02,night,wuxi_1,374.0,0.12566844919786097,0.7620320855614974,0.11229946524064172,0.0,29.0
D+2,2024-02,night,xuzhou_1,377.0,0.20689655172413793,0.596816976127321,0.1962864721485411,0.0,48.0
D+2,2024-02,night,xuzhou_2,377.0,0.15119363395225463,0.6286472148541115,0.22015915119363394,0.0,48.0
D+2,2024-02,night,yancheng_1,378.0,0.13227513227513227,0.6772486772486772,0.18783068783068782,0.0026455026455026454,44.0
D+2,2024-02,night,yancheng_2,377.0,0.1220159151193634,0.7400530503978779,0.13793103448275862,0.0,32.0
D+2,2024-02,night,yancheng_3,377.0,0.13527851458885942,0.726790450928382,0.13793103448275862,0.0,35.0
D+2,2024-03,day,changzhou_1,372.0,0.14516129032258066,0.6478494623655914,0.20698924731182797,0.0,38.0
D+2,2024-03,day,huai_an_1,371.0,0.16981132075471697,0.6873315363881402,0.14285714285714285,0.0,28.0
D+2,2024-03,day,huai_an_2,371.0,0.18598382749326145,0.6388140161725068,0.1752021563342318,0.0,31.0
D+2,2024-03,day,huai_an_3,368.0,0.17391304347826086,0.6521739130434783,0.17391304347826086,0.0,33.0
D+2,2024-03,day,lianyungang_1,368.0,0.25271739130434784,0.5760869565217391,0.17119565217391305,0.0,29.0
D+2,2024-03,day,lianyungang_2,370.0,0.2594594594594595,0.5648648648648649,0.17567567567567569,0.0,30.0
D+2,2024-03,day,nanjing_1,369.0,0.12466124661246612,0.6639566395663956,0.2086720867208672,0.0027100271002710027,42.0
D+2,2024-03,day,nanjing_2,371.0,0.1320754716981132,0.6549865229110512,0.21293800539083557,0.0,42.0
D+2,2024-03,day,nantong_1,372.0,0.1693548387096774,0.6102150537634409,0.21774193548387097,0.002688172043010753,39.0
D+2,2024-03,day,nantong_2,372.0,0.17473118279569894,0.6129032258064516,0.21236559139784947,0.0,38.0
D+2,2024-03,day,suqian_1,367.0,0.17166212534059946,0.662125340599455,0.16621253405994552,0.0,32.0
D+2,2024-03,day,suzhou_1,372.0,0.1693548387096774,0.6236559139784946,0.20698924731182797,0.0,49.0
D+2,2024-03,day,taizhou_1,372.0,0.16129032258064516,0.6586021505376344,0.18010752688172044,0.0,33.0
D+2,2024-03,day,taizhou_2,372.0,0.15053763440860216,0.6505376344086021,0.19623655913978494,0.002688172043010753,38.0
D+2,2024-03,day,wuxi_1,372.0,0.16666666666666666,0.6559139784946236,0.1774193548387097,0.0,30.0
D+2,2024-03,day,xuzhou_1,366.0,0.22131147540983606,0.5737704918032787,0.20491803278688525,0.0,35.0
D+2,2024-03,day,xuzhou_2,364.0,0.2032967032967033,0.6291208791208791,0.16758241758241757,0.0,29.0
D+2,2024-03,day,yancheng_1,372.0,0.1881720430107527,0.6397849462365591,0.17204301075268819,0.0,34.0
D+2,2024-03,day,yancheng_2,372.0,0.16666666666666666,0.6532258064516129,0.18010752688172044,0.0,38.0
D+2,2024-03,day,yancheng_3,372.0,0.17204301075268819,0.6989247311827957,0.12634408602150538,0.002688172043010753,23.0
D+2,2024-03,night,changzhou_1,372.0,0.1774193548387097,0.5618279569892473,0.25806451612903225,0.002688172043010753,48.0
D+2,2024-03,night,huai_an_1,373.0,0.2037533512064343,0.6380697050938338,0.1554959785522788,0.002680965147453083,27.0
D+2,2024-03,night,huai_an_2,373.0,0.1903485254691689,0.6353887399463807,0.1742627345844504,0.0,25.0
D+2,2024-03,night,huai_an_3,376.0,0.2074468085106383,0.6382978723404256,0.15425531914893617,0.0,33.0
D+2,2024-03,night,lianyungang_1,376.0,0.26063829787234044,0.550531914893617,0.18882978723404256,0.0,32.0
D+2,2024-03,night,lianyungang_2,374.0,0.23529411764705882,0.5935828877005348,0.1711229946524064,0.0,34.0
D+2,2024-03,night,nanjing_1,375.0,0.18933333333333333,0.6266666666666667,0.184,0.0,39.0
D+2,2024-03,night,nanjing_2,373.0,0.1581769436997319,0.5817694369973191,0.2546916890080429,0.005361930294906166,50.0
D+2,2024-03,night,nantong_1,372.0,0.1989247311827957,0.5779569892473119,0.22043010752688172,0.002688172043010753,45.0
D+2,2024-03,night,nantong_2,372.0,0.18548387096774194,0.5994623655913979,0.21236559139784947,0.002688172043010753,32.0
D+2,2024-03,night,suqian_1,377.0,0.21750663129973474,0.6259946949602122,0.15384615384615385,0.002652519893899204,30.0
D+2,2024-03,night,suzhou_1,372.0,0.20698924731182797,0.5806451612903226,0.21236559139784947,0.0,44.0
D+2,2024-03,night,taizhou_1,372.0,0.22311827956989247,0.6532258064516129,0.12096774193548387,0.002688172043010753,24.0
D+2,2024-03,night,taizhou_2,372.0,0.21505376344086022,0.6102150537634409,0.17473118279569894,0.0,36.0
D+2,2024-03,night,wuxi_1,372.0,0.17204301075268819,0.6344086021505376,0.1935483870967742,0.0,29.0
D+2,2024-03,night,xuzhou_1,378.0,0.2275132275132275,0.58994708994709,0.18253968253968253,0.0,38.0
D+2,2024-03,night,xuzhou_2,380.0,0.2026315789473684,0.6026315789473684,0.19473684210526315,0.0,38.0
D+2,2024-03,night,yancheng_1,372.0,0.1935483870967742,0.6155913978494624,0.19086021505376344,0.0,26.0
D+2,2024-03,night,yancheng_2,372.0,0.21774193548387097,0.5913978494623656,0.19086021505376344,0.0,36.0
D+2,2024-03,night,yancheng_3,372.0,0.20430107526881722,0.6397849462365591,0.15591397849462366,0.0,28.0
D+2,2024-04,day,changzhou_1,386.0,0.05181347150259067,0.7953367875647669,0.15284974093264247,0.0,41.0
D+2,2024-04,day,huai_an_1,391.0,0.09462915601023018,0.7263427109974424,0.17902813299232737,0.0,42.0
D+2,2024-04,day,huai_an_2,393.0,0.13994910941475827,0.6692111959287532,0.19083969465648856,0.0,44.0
D+2,2024-04,day,huai_an_3,393.0,0.11704834605597965,0.648854961832061,0.23155216284987276,0.002544529262086514,52.0
D+2,2024-04,day,lianyungang_1,396.0,0.1590909090909091,0.6666666666666666,0.1717171717171717,0.0025252525252525255,42.0
D+2,2024-04,day,lianyungang_2,394.0,0.16243654822335024,0.6573604060913706,0.17766497461928935,0.0025380710659898475,43.0
D+2,2024-04,day,nanjing_1,390.0,0.04358974358974359,0.7410256410256411,0.2153846153846154,0.0,47.0
D+2,2024-04,day,nanjing_2,387.0,0.04909560723514212,0.7803617571059431,0.165374677002584,0.00516795865633075,49.0
D+2,2024-04,day,nantong_1,384.0,0.052083333333333336,0.7604166666666666,0.18489583333333334,0.0026041666666666665,44.0
D+2,2024-04,day,nantong_2,382.0,0.041884816753926704,0.7958115183246073,0.15706806282722513,0.005235602094240838,37.0
D+2,2024-04,day,suqian_1,395.0,0.1518987341772152,0.6708860759493671,0.17721518987341772,0.0,44.0
D+2,2024-04,day,suzhou_1,384.0,0.0703125,0.8072916666666666,0.12239583333333333,0.0,35.0
D+2,2024-04,day,taizhou_1,389.0,0.061696658097686374,0.7377892030848329,0.20051413881748073,0.0,38.0
D+2,2024-04,day,taizhou_2,388.0,0.05670103092783505,0.7603092783505154,0.18298969072164947,0.0,45.0
D+2,2024-04,day,wuxi_1,384.0,0.049479166666666664,0.8020833333333334,0.14583333333333334,0.0026041666666666665,43.0
D+2,2024-04,day,xuzhou_1,396.0,0.14898989898989898,0.648989898989899,0.20202020202020202,0.0,41.0
D+2,2024-04,day,xuzhou_2,397.0,0.14609571788413098,0.6649874055415617,0.1889168765743073,0.0,46.0
D+2,2024-04,day,yancheng_1,392.0,0.12755102040816327,0.701530612244898,0.17091836734693877,0.0,37.0
D+2,2024-04,day,yancheng_2,388.0,0.09020618556701031,0.7164948453608248,0.19329896907216496,0.0,44.0
D+2,2024-04,day,yancheng_3,391.0,0.0792838874680307,0.7493606138107417,0.17135549872122763,0.0,32.0
D+2,2024-04,night,changzhou_1,334.0,0.029940119760479042,0.8502994011976048,0.11976047904191617,0.0,33.0
D+2,2024-04,night,huai_an_1,329.0,0.0729483282674772,0.8115501519756839,0.11550151975683891,0.0,29.0
D+2,2024-04,night,huai_an_2,327.0,0.09480122324159021,0.7308868501529052,0.1743119266055046,0.0,35.0
D+2,2024-04,night,huai_an_3,327.0,0.07339449541284404,0.7737003058103975,0.1529051987767584,0.0,38.0
D+2,2024-04,night,lianyungang_1,324.0,0.13580246913580246,0.6512345679012346,0.21296296296296297,0.0,40.0
D+2,2024-04,night,lianyungang_2,326.0,0.11349693251533742,0.6717791411042945,0.2116564417177914,0.003067484662576687,42.0
D+2,2024-04,night,nanjing_1,330.0,0.05757575757575758,0.803030303030303,0.1393939393939394,0.0,37.0
D+2,2024-04,night,nanjing_2,333.0,0.04504504504504504,0.8348348348348348,0.11711711711711711,0.003003003003003003,31.0
D+2,2024-04,night,nantong_1,336.0,0.005952380952380952,0.8660714285714286,0.12797619047619047,0.0,30.0
D+2,2024-04,night,nantong_2,338.0,0.011834319526627219,0.8816568047337278,0.10650887573964497,0.0,28.0
D+2,2024-04,night,suqian_1,325.0,0.1076923076923077,0.7261538461538461,0.16615384615384615,0.0,38.0
D+2,2024-04,night,suzhou_1,336.0,0.008928571428571428,0.8839285714285714,0.10714285714285714,0.0,27.0
D+2,2024-04,night,taizhou_1,331.0,0.045317220543806644,0.8308157099697885,0.12386706948640483,0.0,31.0
D+2,2024-04,night,taizhou_2,332.0,0.012048192771084338,0.8433734939759037,0.14457831325301204,0.0,37.0
D+2,2024-04,night,wuxi_1,336.0,0.005952380952380952,0.9047619047619048,0.08928571428571429,0.0,25.0
D+2,2024-04,night,xuzhou_1,324.0,0.17592592592592593,0.6296296296296297,0.19444444444444445,0.0,40.0
D+2,2024-04,night,xuzhou_2,323.0,0.1609907120743034,0.6594427244582043,0.17956656346749225,0.0,39.0
D+2,2024-04,night,yancheng_1,328.0,0.08231707317073171,0.7469512195121951,0.17073170731707318,0.0,33.0
D+2,2024-04,night,yancheng_2,332.0,0.03313253012048193,0.8283132530120482,0.1355421686746988,0.0030120481927710845,36.0
D+2,2024-04,night,yancheng_3,329.0,0.057750759878419454,0.8297872340425532,0.1094224924012158,0.00303951367781155,29.0
D+2,2024-05,day,changzhou_1,434.0,0.2764976958525346,0.5184331797235023,0.20506912442396313,0.0,48.0
D+2,2024-05,day,huai_an_1,434.0,0.3087557603686636,0.4423963133640553,0.2488479262672811,0.0,44.0
D+2,2024-05,day,huai_an_2,434.0,0.3640552995391705,0.41244239631336405,0.21889400921658986,0.004608294930875576,36.0
D+2,2024-05,day,huai_an_3,434.0,0.2926267281105991,0.4631336405529954,0.24423963133640553,0.0,40.0
D+2,2024-05,day,lianyungang_1,434.0,0.37327188940092165,0.3387096774193548,0.2880184331797235,0.0,49.0
D+2,2024-05,day,lianyungang_2,434.0,0.3778801843317972,0.37327188940092165,0.2488479262672811,0.0,40.0
D+2,2024-05,day,nanjing_1,434.0,0.2511520737327189,0.4861751152073733,0.2626728110599078,0.0,59.0
D+2,2024-05,day,nanjing_2,434.0,0.24423963133640553,0.5207373271889401,0.2350230414746544,0.0,58.0
D+2,2024-05,day,nantong_1,434.0,0.2764976958525346,0.4838709677419355,0.23963133640552994,0.0,54.0
D+2,2024-05,day,nantong_2,434.0,0.25806451612903225,0.5,0.24193548387096775,0.0,47.0
D+2,2024-05,day,suqian_1,434.0,0.35944700460829493,0.4308755760368664,0.20967741935483872,0.0,51.0
D+2,2024-05,day,suzhou_1,434.0,0.23732718894009217,0.4838709677419355,0.27880184331797236,0.0,63.0
D+2,2024-05,day,taizhou_1,434.0,0.2834101382488479,0.46543778801843316,0.2511520737327189,0.0,40.0
D+2,2024-05,day,taizhou_2,434.0,0.30184331797235026,0.4861751152073733,0.20967741935483872,0.002304147465437788,42.0
D+2,2024-05,day,wuxi_1,434.0,0.2557603686635945,0.5299539170506913,0.2119815668202765,0.002304147465437788,51.0
D+2,2024-05,day,xuzhou_1,434.0,0.32027649769585254,0.38018433179723504,0.2995391705069124,0.0,56.0
D+2,2024-05,day,xuzhou_2,434.0,0.3225806451612903,0.3663594470046083,0.31105990783410137,0.0,54.0
D+2,2024-05,day,yancheng_1,434.0,0.3686635944700461,0.41244239631336405,0.21658986175115208,0.002304147465437788,40.0
D+2,2024-05,day,yancheng_2,434.0,0.347926267281106,0.46774193548387094,0.18433179723502305,0.0,33.0
D+2,2024-05,day,yancheng_3,434.0,0.31105990783410137,0.47235023041474655,0.21658986175115208,0.0,32.0
D+2,2024-05,night,changzhou_1,310.0,0.2,0.5096774193548387,0.2870967741935484,0.0032258064516129032,48.0
D+2,2024-05,night,huai_an_1,310.0,0.33548387096774196,0.43870967741935485,0.22258064516129034,0.0032258064516129032,35.0
D+2,2024-05,night,huai_an_2,310.0,0.33225806451612905,0.4161290322580645,0.24838709677419354,0.0032258064516129032,38.0
D+2,2024-05,night,huai_an_3,310.0,0.31290322580645163,0.432258064516129,0.25161290322580643,0.0032258064516129032,39.0
D+2,2024-05,night,lianyungang_1,310.0,0.24838709677419354,0.4774193548387097,0.27419354838709675,0.0,35.0
D+2,2024-05,night,lianyungang_2,310.0,0.29354838709677417,0.4483870967741935,0.25483870967741934,0.0032258064516129032,32.0
D+2,2024-05,night,nanjing_1,310.0,0.23548387096774193,0.5258064516129032,0.23548387096774193,0.0032258064516129032,41.0
D+2,2024-05,night,nanjing_2,310.0,0.2129032258064516,0.5483870967741935,0.23870967741935484,0.0,36.0
D+2,2024-05,night,nantong_1,310.0,0.2806451612903226,0.5387096774193548,0.18064516129032257,0.0,42.0
D+2,2024-05,night,nantong_2,310.0,0.2838709677419355,0.532258064516129,0.18387096774193548,0.0,34.0
D+2,2024-05,night,suqian_1,310.0,0.3,0.432258064516129,0.267741935483871,0.0,37.0
D+2,2024-05,night,suzhou_1,310.0,0.24838709677419354,0.5548387096774193,0.1967741935483871,0.0,34.0
D+2,2024-05,night,taizhou_1,310.0,0.3064516129032258,0.46774193548387094,0.22258064516129034,0.0032258064516129032,33.0
D+2,2024-05,night,taizhou_2,310.0,0.2870967741935484,0.4612903225806452,0.25161290322580643,0.0,39.0
D+2,2024-05,night,wuxi_1,310.0,0.2,0.5870967741935483,0.20967741935483872,0.0032258064516129032,31.0
D+2,2024-05,night,xuzhou_1,310.0,0.23548387096774193,0.44193548387096776,0.3225806451612903,0.0,44.0
D+2,2024-05,night,xuzhou_2,310.0,0.27741935483870966,0.47096774193548385,0.25161290322580643,0.0,37.0
D+2,2024-05,night,yancheng_1,310.0,0.3548387096774194,0.42258064516129035,0.22258064516129034,0.0,30.0
D+2,2024-05,night,yancheng_2,310.0,0.33225806451612905,0.44193548387096776,0.22580645161290322,0.0,34.0
D+2,2024-05,night,yancheng_3,310.0,0.3064516129032258,0.4483870967741935,0.24516129032258063,0.0,37.0
D+2,2024-06,day,changzhou_1,420.0,0.047619047619047616,0.7642857142857142,0.18333333333333332,0.004761904761904762,54.0
D+2,2024-06,day,huai_an_1,420.0,0.07857142857142857,0.7142857142857143,0.20714285714285716,0.0,46.0
D+2,2024-06,day,huai_an_2,420.0,0.1357142857142857,0.7,0.16428571428571428,0.0,38.0
D+2,2024-06,day,huai_an_3,420.0,0.08095238095238096,0.6642857142857143,0.25476190476190474,0.0,58.0
D+2,2024-06,day,lianyungang_1,420.0,0.1619047619047619,0.638095238095238,0.2,0.0,49.0
D+2,2024-06,day,lianyungang_2,420.0,0.1619047619047619,0.6333333333333333,0.20476190476190476,0.0,44.0
D+2,2024-06,day,nanjing_1,420.0,0.03333333333333333,0.7404761904761905,0.2261904761904762,0.0,55.0
D+2,2024-06,day,nanjing_2,420.0,0.03571428571428571,0.7571428571428571,0.20714285714285716,0.0,53.0
D+2,2024-06,day,nantong_1,420.0,0.05238095238095238,0.8,0.14523809523809525,0.002380952380952381,43.0
D+2,2024-06,day,nantong_2,420.0,0.05952380952380952,0.7952380952380952,0.14523809523809525,0.0,38.0
D+2,2024-06,day,suqian_1,420.0,0.10476190476190476,0.6738095238095239,0.21904761904761905,0.002380952380952381,47.0
D+2,2024-06,day,suzhou_1,420.0,0.05476190476190476,0.8,0.14523809523809525,0.0,37.0
D+2,2024-06,day,taizhou_1,420.0,0.05952380952380952,0.7714285714285715,0.16904761904761906,0.0,41.0
D+2,2024-06,day,taizhou_2,420.0,0.06190476190476191,0.7642857142857142,0.1738095238095238,0.0,38.0
D+2,2024-06,day,wuxi_1,420.0,0.04047619047619048,0.7833333333333333,0.1738095238095238,0.002380952380952381,43.0
D+2,2024-06,day,xuzhou_1,420.0,0.10714285714285714,0.6666666666666666,0.2261904761904762,0.0,50.0
D+2,2024-06,day,xuzhou_2,420.0,0.10952380952380952,0.7,0.19047619047619047,0.0,42.0
D+2,2024-06,day,yancheng_1,420.0,0.12857142857142856,0.7119047619047619,0.15714285714285714,0.002380952380952381,34.0
D+2,2024-06,day,yancheng_2,420.0,0.06666666666666667,0.7428571428571429,0.1880952380952381,0.002380952380952381,37.0
D+2,2024-06,day,yancheng_3,420.0,0.0761904761904762,0.7380952380952381,0.18333333333333332,0.002380952380952381,41.0
D+2,2024-06,night,changzhou_1,300.0,0.05,0.82,0.13,0.0,24.0
D+2,2024-06,night,huai_an_1,300.0,0.08333333333333333,0.7966666666666666,0.12,0.0,18.0
D+2,2024-06,night,huai_an_2,300.0,0.13,0.7133333333333334,0.15666666666666668,0.0,27.0
D+2,2024-06,night,huai_an_3,300.0,0.09666666666666666,0.7666666666666667,0.13333333333333333,0.0033333333333333335,26.0
D+2,2024-06,night,lianyungang_1,300.0,0.13333333333333333,0.6833333333333333,0.18333333333333332,0.0,31.0
D+2,2024-06,night,lianyungang_2,300.0,0.11666666666666667,0.69,0.19333333333333333,0.0,33.0
D+2,2024-06,night,nanjing_1,300.0,0.05,0.79,0.16,0.0,36.0
D+2,2024-06,night,nanjing_2,300.0,0.06,0.7933333333333333,0.14666666666666667,0.0,35.0
D+2,2024-06,night,nantong_1,300.0,0.05,0.8233333333333334,0.12666666666666668,0.0,23.0
D+2,2024-06,night,nantong_2,300.0,0.05333333333333334,0.8333333333333334,0.11333333333333333,0.0,19.0
D+2,2024-06,night,suqian_1,300.0,0.13333333333333333,0.7033333333333334,0.16333333333333333,0.0,25.0
D+2,2024-06,night,suzhou_1,300.0,0.056666666666666664,0.8166666666666667,0.12333333333333334,0.0033333333333333335,25.0
D+2,2024-06,night,taizhou_1,300.0,0.08666666666666667,0.7933333333333333,0.12,0.0,23.0
D+2,2024-06,night,taizhou_2,300.0,0.07333333333333333,0.79,0.13666666666666666,0.0,31.0
D+2,2024-06,night,wuxi_1,300.0,0.043333333333333335,0.8333333333333334,0.12333333333333334,0.0,23.0
D+2,2024-06,night,xuzhou_1,300.0,0.11666666666666667,0.66,0.22333333333333333,0.0,34.0
D+2,2024-06,night,xuzhou_2,300.0,0.13333333333333333,0.7033333333333334,0.16,0.0033333333333333335,31.0
D+2,2024-06,night,yancheng_1,300.0,0.12666666666666668,0.73,0.14,0.0033333333333333335,26.0
D+2,2024-06,night,yancheng_2,300.0,0.07666666666666666,0.78,0.14333333333333334,0.0,30.0
D+2,2024-06,night,yancheng_3,300.0,0.08333333333333333,0.8033333333333333,0.11333333333333333,0.0,18.0
D+2,2024-07,day,changzhou_1,434.0,0.1382488479262673,0.6290322580645161,0.2304147465437788,0.002304147465437788,56.0
D+2,2024-07,day,huai_an_1,434.0,0.15207373271889402,0.6705069124423964,0.17511520737327188,0.002304147465437788,55.0
D+2,2024-07,day,huai_an_2,434.0,0.14055299539170507,0.6221198156682027,0.23732718894009217,0.0,65.0
D+2,2024-07,day,huai_an_3,434.0,0.10368663594470046,0.6359447004608295,0.26036866359447003,0.0,62.0
D+2,2024-07,day,lianyungang_1,434.0,0.11059907834101383,0.6059907834101382,0.2834101382488479,0.0,62.0
D+2,2024-07,day,lianyungang_2,434.0,0.1382488479262673,0.6290322580645161,0.23271889400921658,0.0,48.0
D+2,2024-07,day,nanjing_1,434.0,0.12211981566820276,0.6820276497695853,0.195852534562212,0.0,59.0
D+2,2024-07,day,nanjing_2,434.0,0.1336405529953917,0.6428571428571429,0.22119815668202766,0.002304147465437788,50.0
D+2,2024-07,day,nantong_1,434.0,0.15898617511520738,0.631336405529954,0.20967741935483872,0.0,50.0
D+2,2024-07,day,nantong_2,434.0,0.16589861751152074,0.6589861751152074,0.1728110599078341,0.002304147465437788,46.0
D+2,2024-07,day,suqian_1,434.0,0.1175115207373272,0.5829493087557603,0.2995391705069124,0.0,68.0
D+2,2024-07,day,suzhou_1,434.0,0.17050691244239632,0.6129032258064516,0.21658986175115208,0.0,51.0
D+2,2024-07,day,taizhou_1,434.0,0.1359447004608295,0.6797235023041475,0.18433179723502305,0.0,52.0
D+2,2024-07,day,taizhou_2,434.0,0.16820276497695852,0.7050691244239631,0.12672811059907835,0.0,47.0
D+2,2024-07,day,wuxi_1,434.0,0.17050691244239632,0.6612903225806451,0.16820276497695852,0.0,38.0
D+2,2024-07,day,xuzhou_1,434.0,0.06451612903225806,0.631336405529954,0.2995391705069124,0.004608294930875576,69.0
D+2,2024-07,day,xuzhou_2,434.0,0.12442396313364056,0.576036866359447,0.2995391705069124,0.0,59.0
D+2,2024-07,day,yancheng_1,434.0,0.1336405529953917,0.6244239631336406,0.24193548387096775,0.0,54.0
D+2,2024-07,day,yancheng_2,434.0,0.1543778801843318,0.6728110599078341,0.1728110599078341,0.0,53.0
D+2,2024-07,day,yancheng_3,434.0,0.1497695852534562,0.6797235023041475,0.17050691244239632,0.0,49.0
D+2,2024-07,night,changzhou_1,310.0,0.16129032258064516,0.6870967741935484,0.14838709677419354,0.0032258064516129032,33.0
D+2,2024-07,night,huai_an_1,310.0,0.12903225806451613,0.7193548387096774,0.15161290322580645,0.0,36.0
D+2,2024-07,night,huai_an_2,310.0,0.11612903225806452,0.6580645161290323,0.22580645161290322,0.0,39.0
D+2,2024-07,night,huai_an_3,310.0,0.1,0.7193548387096774,0.1774193548387097,0.0032258064516129032,41.0
D+2,2024-07,night,lianyungang_1,310.0,0.12903225806451613,0.6645161290322581,0.2064516129032258,0.0,39.0
D+2,2024-07,night,lianyungang_2,310.0,0.10967741935483871,0.6612903225806451,0.22903225806451613,0.0,40.0
D+2,2024-07,night,nanjing_1,310.0,0.07741935483870968,0.7161290322580646,0.2064516129032258,0.0,37.0
D+2,2024-07,night,nanjing_2,310.0,0.14516129032258066,0.6967741935483871,0.15806451612903225,0.0,36.0
D+2,2024-07,night,nantong_1,310.0,0.15161290322580645,0.6838709677419355,0.16129032258064516,0.0032258064516129032,36.0
D+2,2024-07,night,nantong_2,310.0,0.15806451612903225,0.6741935483870968,0.16774193548387098,0.0,34.0
D+2,2024-07,night,suqian_1,310.0,0.0935483870967742,0.6967741935483871,0.2064516129032258,0.0032258064516129032,46.0
D+2,2024-07,night,suzhou_1,310.0,0.16774193548387098,0.667741935483871,0.16451612903225807,0.0,37.0
D+2,2024-07,night,taizhou_1,310.0,0.13225806451612904,0.7225806451612903,0.14516129032258066,0.0,35.0
D+2,2024-07,night,taizhou_2,310.0,0.15483870967741936,0.7064516129032258,0.13870967741935483,0.0,39.0
D+2,2024-07,night,wuxi_1,310.0,0.1870967741935484,0.6612903225806451,0.15161290322580645,0.0,34.0
D+2,2024-07,night,xuzhou_1,310.0,0.12258064516129032,0.7032258064516129,0.17096774193548386,0.0032258064516129032,32.0
D+2,2024-07,night,xuzhou_2,310.0,0.13225806451612904,0.6774193548387096,0.1870967741935484,0.0032258064516129032,32.0
D+2,2024-07,night,yancheng_1,310.0,0.13548387096774195,0.6580645161290323,0.2064516129032258,0.0,38.0
D+2,2024-07,night,yancheng_2,310.0,0.15483870967741936,0.7064516129032258,0.13870967741935483,0.0,35.0
D+2,2024-07,night,yancheng_3,310.0,0.12580645161290321,0.7193548387096774,0.15483870967741936,0.0,35.0
D+2,2024-08,day,changzhou_1,415.0,0.19036144578313252,0.3397590361445783,0.46987951807228917,0.0,78.0
D+2,2024-08,day,huai_an_1,418.0,0.1937799043062201,0.430622009569378,0.37559808612440193,0.0,68.0
D+2,2024-08,day,huai_an_2,421.0,0.19002375296912113,0.45368171021377673,0.3515439429928741,0.004750593824228029,69.0
D+2,2024-08,day,huai_an_3,417.0,0.20623501199040767,0.3669064748201439,0.42685851318944845,0.0,78.0
D+2,2024-08,day,lianyungang_1,420.0,0.20238095238095238,0.4523809523809524,0.34523809523809523,0.0,73.0
D+2,2024-08,day,lianyungang_2,423.0,0.1773049645390071,0.41371158392434987,0.408983451536643,0.0,70.0
D+2,2024-08,day,nanjing_1,413.0,0.1937046004842615,0.3099273607748184,0.4915254237288136,0.004842615012106538,74.0
D+2,2024-08,day,nanjing_2,413.0,0.20823244552058112,0.35108958837772397,0.4406779661016949,0.0,76.0
D+2,2024-08,day,nantong_1,421.0,0.25653206650831356,0.3087885985748218,0.4346793349168646,0.0,67.0
D+2,2024-08,day,nantong_2,422.0,0.3175355450236967,0.2796208530805687,0.4028436018957346,0.0,52.0
D+2,2024-08,day,suqian_1,416.0,0.19230769230769232,0.39663461538461536,0.4110576923076923,0.0,77.0
D+2,2024-08,day,suzhou_1,419.0,0.20763723150357996,0.3818615751789976,0.4105011933174224,0.0,66.0
D+2,2024-08,day,taizhou_1,419.0,0.21241050119331742,0.3914081145584726,0.3937947494033413,0.002386634844868735,66.0
D+2,2024-08,day,taizhou_2,421.0,0.19714964370546317,0.37767220902612825,0.4251781472684085,0.0,67.0
D+2,2024-08,day,wuxi_1,416.0,0.27403846153846156,0.3798076923076923,0.34375,0.002403846153846154,54.0
D+2,2024-08,day,xuzhou_1,409.0,0.2371638141809291,0.38875305623471884,0.3740831295843521,0.0,69.0
D+2,2024-08,day,xuzhou_2,413.0,0.17433414043583534,0.4116222760290557,0.41404358353510895,0.0,73.0
D+2,2024-08,day,yancheng_1,422.0,0.17772511848341233,0.4597156398104265,0.36018957345971564,0.002369668246445498,61.0
D+2,2024-08,day,yancheng_2,422.0,0.2014218009478673,0.3909952606635071,0.4052132701421801,0.002369668246445498,69.0
D+2,2024-08,day,yancheng_3,420.0,0.21666666666666667,0.42857142857142855,0.3547619047619048,0.0,61.0
D+2,2024-08,night,changzhou_1,329.0,0.2857142857142857,0.41033434650455924,0.3009118541033435,0.00303951367781155,53.0
D+2,2024-08,night,huai_an_1,326.0,0.2085889570552147,0.49693251533742333,0.29141104294478526,0.003067484662576687,46.0
D+2,2024-08,night,huai_an_2,323.0,0.24148606811145512,0.49226006191950467,0.26625386996904027,0.0,43.0
D+2,2024-08,night,huai_an_3,327.0,0.22629969418960244,0.42813455657492355,0.3425076452599388,0.0030581039755351682,58.0
D+2,2024-08,night,lianyungang_1,324.0,0.2623456790123457,0.46296296296296297,0.27469135802469136,0.0,44.0
D+2,2024-08,night,lianyungang_2,321.0,0.24299065420560748,0.4174454828660436,0.3395638629283489,0.0,49.0
D+2,2024-08,night,nanjing_1,331.0,0.2719033232628399,0.4652567975830816,0.2598187311178248,0.0030211480362537764,50.0
D+2,2024-08,night,nanjing_2,331.0,0.283987915407855,0.4501510574018127,0.26586102719033233,0.0,44.0
D+2,2024-08,night,nantong_1,323.0,0.3560371517027864,0.34055727554179566,0.30340557275541796,0.0,49.0
D+2,2024-08,night,nantong_2,322.0,0.32919254658385094,0.2515527950310559,0.4192546583850932,0.0,45.0
D+2,2024-08,night,suqian_1,328.0,0.25609756097560976,0.36890243902439024,0.375,0.0,51.0
D+2,2024-08,night,suzhou_1,325.0,0.36923076923076925,0.32,0.31076923076923074,0.0,40.0
D+2,2024-08,night,taizhou_1,325.0,0.27384615384615385,0.5323076923076923,0.19384615384615383,0.0,35.0
D+2,2024-08,night,taizhou_2,323.0,0.26625386996904027,0.47058823529411764,0.26006191950464397,0.0030959752321981426,42.0
D+2,2024-08,night,wuxi_1,328.0,0.2621951219512195,0.4268292682926829,0.3079268292682927,0.003048780487804878,43.0
D+2,2024-08,night,xuzhou_1,335.0,0.34626865671641793,0.34328358208955223,0.31044776119402984,0.0,47.0
D+2,2024-08,night,xuzhou_2,331.0,0.283987915407855,0.36555891238670696,0.3504531722054381,0.0,52.0
D+2,2024-08,night,yancheng_1,322.0,0.2577639751552795,0.4658385093167702,0.2732919254658385,0.003105590062111801,46.0
D+2,2024-08,night,yancheng_2,322.0,0.2329192546583851,0.468944099378882,0.2950310559006211,0.003105590062111801,43.0
D+2,2024-08,night,yancheng_3,324.0,0.23148148148148148,0.49691358024691357,0.2654320987654321,0.006172839506172839,42.0
D+2,2024-09,day,changzhou_1,360.0,0.17777777777777778,0.4722222222222222,0.35,0.0,69.0
D+2,2024-09,day,huai_an_1,360.0,0.14722222222222223,0.46111111111111114,0.39166666666666666,0.0,61.0
D+2,2024-09,day,huai_an_2,360.0,0.19444444444444445,0.5222222222222223,0.2833333333333333,0.0,59.0
D+2,2024-09,day,huai_an_3,360.0,0.12222222222222222,0.3861111111111111,0.49166666666666664,0.0,77.0
D+2,2024-09,day,lianyungang_1,361.0,0.18282548476454294,0.4182825484764543,0.3988919667590028,0.0,69.0
D+2,2024-09,day,lianyungang_2,360.0,0.225,0.39166666666666666,0.38333333333333336,0.0,71.0
D+2,2024-09,day,nanjing_1,360.0,0.19444444444444445,0.46111111111111114,0.34444444444444444,0.0,67.0
D+2,2024-09,day,nanjing_2,360.0,0.18333333333333332,0.48333333333333334,0.3333333333333333,0.0,66.0
D+2,2024-09,day,nantong_1,360.0,0.16944444444444445,0.5333333333333333,0.2972222222222222,0.0,60.0
D+2,2024-09,day,nantong_2,360.0,0.24722222222222223,0.49166666666666664,0.25833333333333336,0.002777777777777778,49.0
D+2,2024-09,day,suqian_1,362.0,0.1574585635359116,0.39226519337016574,0.45027624309392267,0.0,80.0
D+2,2024-09,day,suzhou_1,360.0,0.15,0.5166666666666667,0.3333333333333333,0.0,61.0
D+2,2024-09,day,taizhou_1,360.0,0.175,0.5083333333333333,0.3138888888888889,0.002777777777777778,62.0
D+2,2024-09,day,taizhou_2,360.0,0.19166666666666668,0.4777777777777778,0.33055555555555555,0.0,59.0
D+2,2024-09,day,wuxi_1,360.0,0.2638888888888889,0.48055555555555557,0.25555555555555554,0.0,46.0
D+2,2024-09,day,xuzhou_1,367.0,0.16893732970027248,0.46321525885558584,0.3678474114441417,0.0,64.0
D+2,2024-09,day,xuzhou_2,364.0,0.14560439560439561,0.4175824175824176,0.4368131868131868,0.0,74.0
D+2,2024-09,day,yancheng_1,360.0,0.19166666666666668,0.5777777777777777,0.23055555555555557,0.0,41.0
D+2,2024-09,day,yancheng_2,360.0,0.19166666666666668,0.49166666666666664,0.31666666666666665,0.0,58.0
D+2,2024-09,day,yancheng_3,360.0,0.1527777777777778,0.5083333333333333,0.33611111111111114,0.002777777777777778,59.0
D+2,2024-09,night,changzhou_1,360.0,0.18888888888888888,0.5083333333333333,0.3,0.002777777777777778,60.0
D+2,2024-09,night,huai_an_1,360.0,0.175,0.5361111111111111,0.28888888888888886,0.0,53.0
D+2,2024-09,night,huai_an_2,360.0,0.16111111111111112,0.5277777777777778,0.3111111111111111,0.0,45.0
D+2,2024-09,night,huai_an_3,360.0,0.15555555555555556,0.49444444444444446,0.35,0.0,64.0
D+2,2024-09,night,lianyungang_1,359.0,0.2395543175487465,0.4233983286908078,0.3342618384401114,0.002785515320334262,61.0
D+2,2024-09,night,lianyungang_2,360.0,0.18333333333333332,0.45555555555555555,0.3611111111111111,0.0,65.0
D+2,2024-09,night,nanjing_1,360.0,0.24444444444444444,0.48333333333333334,0.2722222222222222,0.0,52.0
D+2,2024-09,night,nanjing_2,360.0,0.2222222222222222,0.4527777777777778,0.325,0.0,61.0
D+2,2024-09,night,nantong_1,360.0,0.21944444444444444,0.5055555555555555,0.26944444444444443,0.005555555555555556,47.0
D+2,2024-09,night,nantong_2,360.0,0.20555555555555555,0.5138888888888888,0.28055555555555556,0.0,46.0
D+2,2024-09,night,suqian_1,358.0,0.14804469273743018,0.42178770949720673,0.4301675977653631,0.0,61.0
D+2,2024-09,night,suzhou_1,360.0,0.20833333333333334,0.49722222222222223,0.29444444444444445,0.0,52.0
D+2,2024-09,night,taizhou_1,360.0,0.20833333333333334,0.49722222222222223,0.29444444444444445,0.0,47.0
D+2,2024-09,night,taizhou_2,360.0,0.21388888888888888,0.5611111111111111,0.2222222222222222,0.002777777777777778,37.0
D+2,2024-09,night,wuxi_1,360.0,0.24444444444444444,0.5277777777777778,0.22777777777777777,0.0,42.0
D+2,2024-09,night,xuzhou_1,353.0,0.26912181303116145,0.40509915014164305,0.32577903682719545,0.0,58.0
D+2,2024-09,night,xuzhou_2,356.0,0.21910112359550563,0.39325842696629215,0.3848314606741573,0.0028089887640449437,67.0
D+2,2024-09,night,yancheng_1,360.0,0.15,0.525,0.325,0.0,49.0
D+2,2024-09,night,yancheng_2,360.0,0.17777777777777778,0.5444444444444444,0.2777777777777778,0.0,39.0
D+2,2024-09,night,yancheng_3,360.0,0.16666666666666666,0.5361111111111111,0.29444444444444445,0.002777777777777778,48.0
D+2,2024-10,day,changzhou_1,353.0,0.1501416430594901,0.5892351274787535,0.2577903682719547,0.0028328611898017,51.0
D+2,2024-10,day,huai_an_1,354.0,0.2796610169491525,0.53954802259887,0.1807909604519774,0.0,39.0
D+2,2024-10,day,huai_an_2,353.0,0.29745042492917845,0.4985835694050991,0.20396600566572237,0.0,38.0
D+2,2024-10,day,huai_an_3,356.0,0.2556179775280899,0.5280898876404494,0.21629213483146068,0.0,40.0
D+2,2024-10,day,lianyungang_1,355.0,0.3436619718309859,0.4535211267605634,0.2028169014084507,0.0,46.0
D+2,2024-10,day,lianyungang_2,353.0,0.29461756373937675,0.45609065155807366,0.24929178470254956,0.0,46.0
D+2,2024-10,day,nanjing_1,357.0,0.21008403361344538,0.5434173669467787,0.24649859943977592,0.0,53.0
D+2,2024-10,day,nanjing_2,356.0,0.17134831460674158,0.5702247191011236,0.25842696629213485,0.0,50.0
D+2,2024-10,day,nantong_1,349.0,0.18911174785100288,0.6561604584527221,0.15472779369627507,0.0,38.0
D+2,2024-10,day,nantong_2,347.0,0.1729106628242075,0.6743515850144092,0.1440922190201729,0.008645533141210375,35.0
D+2,2024-10,day,suqian_1,357.0,0.31092436974789917,0.45938375350140054,0.22969187675070027,0.0,42.0
D+2,2024-10,day,suzhou_1,349.0,0.1489971346704871,0.6848137535816619,0.166189111747851,0.0,34.0
D+2,2024-10,day,taizhou_1,353.0,0.2577903682719547,0.6090651558073654,0.13314447592067988,0.0,29.0
D+2,2024-10,day,taizhou_2,350.0,0.23142857142857143,0.6428571428571429,0.12571428571428572,0.0,35.0
D+2,2024-10,day,wuxi_1,352.0,0.16761363636363635,0.6505681818181818,0.17897727272727273,0.002840909090909091,39.0
D+2,2024-10,day,xuzhou_1,355.0,0.3323943661971831,0.43661971830985913,0.23098591549295774,0.0,40.0
D+2,2024-10,day,xuzhou_2,357.0,0.3165266106442577,0.4481792717086835,0.23529411764705882,0.0,54.0
D+2,2024-10,day,yancheng_1,352.0,0.28125,0.5227272727272727,0.19318181818181818,0.002840909090909091,39.0
D+2,2024-10,day,yancheng_2,350.0,0.24285714285714285,0.5657142857142857,0.19142857142857142,0.0,38.0
D+2,2024-10,day,yancheng_3,352.0,0.2784090909090909,0.5454545454545454,0.17613636363636365,0.0,33.0
D+2,2024-10,night,changzhou_1,391.0,0.1278772378516624,0.6572890025575447,0.21483375959079284,0.0,41.0
D+2,2024-10,night,huai_an_1,390.0,0.19743589743589743,0.6230769230769231,0.1794871794871795,0.0,38.0
D+2,2024-10,night,huai_an_2,391.0,0.24040920716112532,0.6214833759590793,0.13554987212276215,0.0025575447570332483,25.0
D+2,2024-10,night,huai_an_3,388.0,0.17525773195876287,0.6211340206185567,0.2036082474226804,0.0,43.0
D+2,2024-10,night,lianyungang_1,389.0,0.2879177377892031,0.5449871465295629,0.16195372750642673,0.005141388174807198,35.0
D+2,2024-10,night,lianyungang_2,391.0,0.29411764705882354,0.5601023017902813,0.14578005115089515,0.0,33.0
D+2,2024-10,night,nanjing_1,387.0,0.16279069767441862,0.6459948320413437,0.19121447028423771,0.0,44.0
D+2,2024-10,night,nanjing_2,388.0,0.12371134020618557,0.6701030927835051,0.2036082474226804,0.002577319587628866,46.0
D+2,2024-10,night,nantong_1,395.0,0.13670886075949368,0.6810126582278481,0.17974683544303796,0.002531645569620253,38.0
D+2,2024-10,night,nantong_2,397.0,0.12846347607052896,0.6851385390428212,0.18639798488664988,0.0,34.0
D+2,2024-10,night,suqian_1,387.0,0.2661498708010336,0.5813953488372093,0.1524547803617571,0.0,30.0
D+2,2024-10,night,suzhou_1,395.0,0.1240506329113924,0.7139240506329114,0.1620253164556962,0.0,39.0
D+2,2024-10,night,taizhou_1,391.0,0.17902813299232737,0.6419437340153452,0.17647058823529413,0.0025575447570332483,41.0
D+2,2024-10,night,taizhou_2,394.0,0.17766497461928935,0.6395939086294417,0.18274111675126903,0.0,38.0
D+2,2024-10,night,wuxi_1,392.0,0.10459183673469388,0.7142857142857143,0.18112244897959184,0.0,43.0
D+2,2024-10,night,xuzhou_1,389.0,0.2853470437017995,0.5424164524421594,0.17223650385604114,0.0,38.0
D+2,2024-10,night,xuzhou_2,387.0,0.2842377260981912,0.5452196382428941,0.17054263565891473,0.0,39.0
D+2,2024-10,night,yancheng_1,392.0,0.25,0.6198979591836735,0.13010204081632654,0.0,22.0
D+2,2024-10,night,yancheng_2,394.0,0.18274111675126903,0.6573604060913706,0.1598984771573604,0.0,30.0
D+2,2024-10,night,yancheng_3,392.0,0.1913265306122449,0.6224489795918368,0.18622448979591838,0.0,38.0
D+2,2024-11,day,changzhou_1,314.0,0.2898089171974522,0.4140127388535032,0.2898089171974522,0.006369426751592357,43.0
D+2,2024-11,day,huai_an_1,309.0,0.29449838187702265,0.46601941747572817,0.23948220064724918,0.0,36.0
D+2,2024-11,day,huai_an_2,307.0,0.2736156351791531,0.4723127035830619,0.254071661237785,0.0,36.0
D+2,2024-11,day,huai_an_3,305.0,0.2721311475409836,0.4491803278688525,0.2786885245901639,0.0,45.0
D+2,2024-11,day,lianyungang_1,302.0,0.23178807947019867,0.44370860927152317,0.3211920529801324,0.0033112582781456954,53.0
D+2,2024-11,day,lianyungang_2,305.0,0.2754098360655738,0.39672131147540984,0.32459016393442625,0.003278688524590164,42.0
D+2,2024-11,day,nanjing_1,307.0,0.2768729641693811,0.4723127035830619,0.247557003257329,0.003257328990228013,35.0
D+2,2024-11,day,nanjing_2,310.0,0.2806451612903226,0.41935483870967744,0.3,0.0,42.0
D+2,2024-11,day,nantong_1,318.0,0.34276729559748426,0.4371069182389937,0.2169811320754717,0.0031446540880503146,38.0
D+2,2024-11,day,nantong_2,322.0,0.3136645962732919,0.4968944099378882,0.18944099378881987,0.0,35.0
D+2,2024-11,day,suqian_1,302.0,0.25165562913907286,0.46357615894039733,0.2847682119205298,0.0,46.0
D+2,2024-11,day,suzhou_1,319.0,0.3166144200626959,0.43573667711598746,0.2476489028213166,0.0,44.0
D+2,2024-11,day,taizhou_1,311.0,0.3183279742765273,0.3954983922829582,0.2861736334405145,0.0,37.0
D+2,2024-11,day,taizhou_2,314.0,0.32802547770700635,0.39490445859872614,0.2770700636942675,0.0,39.0
D+2,2024-11,day,wuxi_1,316.0,0.2974683544303797,0.4240506329113924,0.27531645569620256,0.0031645569620253164,43.0
D+2,2024-11,day,xuzhou_1,300.0,0.2633333333333333,0.5,0.23666666666666666,0.0,39.0
D+2,2024-11,day,xuzhou_2,300.0,0.27,0.45,0.28,0.0,41.0
D+2,2024-11,day,yancheng_1,309.0,0.2686084142394822,0.47572815533980584,0.2524271844660194,0.003236245954692557,39.0
D+2,2024-11,day,yancheng_2,314.0,0.3184713375796178,0.40764331210191085,0.27388535031847133,0.0,36.0
D+2,2024-11,day,yancheng_3,310.0,0.3161290322580645,0.44193548387096776,0.24193548387096775,0.0,33.0
D+2,2024-11,night,changzhou_1,406.0,0.28078817733990147,0.35714285714285715,0.35960591133004927,0.0024630541871921183,59.0
D+2,2024-11,night,huai_an_1,411.0,0.2871046228710462,0.5036496350364964,0.20681265206812652,0.0024330900243309003,44.0
D+2,2024-11,night,huai_an_2,413.0,0.2566585956416465,0.513317191283293,0.23002421307506055,0.0,37.0
D+2,2024-11,night,huai_an_3,415.0,0.27710843373493976,0.5253012048192771,0.19759036144578312,0.0,34.0
D+2,2024-11,night,lianyungang_1,418.0,0.2799043062200957,0.49760765550239233,0.22248803827751196,0.0,48.0
D+2,2024-11,night,lianyungang_2,415.0,0.24096385542168675,0.491566265060241,0.2674698795180723,0.0,53.0
D+2,2024-11,night,nanjing_1,413.0,0.3026634382566586,0.41404358353510895,0.28329297820823246,0.0,47.0
D+2,2024-11,night,nanjing_2,410.0,0.28780487804878047,0.3951219512195122,0.3170731707317073,0.0,50.0
D+2,2024-11,night,nantong_1,402.0,0.2736318407960199,0.4502487562189055,0.27611940298507465,0.0,48.0
D+2,2024-11,night,nantong_2,398.0,0.2889447236180904,0.4648241206030151,0.24623115577889448,0.0,48.0
D+2,2024-11,night,suqian_1,418.0,0.24401913875598086,0.4784688995215311,0.27751196172248804,0.0,51.0
D+2,2024-11,night,suzhou_1,401.0,0.28428927680798005,0.41895261845386533,0.2967581047381546,0.0,40.0
D+2,2024-11,night,taizhou_1,409.0,0.293398533007335,0.48655256723716384,0.2200488997555012,0.0,38.0
D+2,2024-11,night,taizhou_2,406.0,0.30295566502463056,0.4827586206896552,0.21428571428571427,0.0,40.0
D+2,2024-11,night,wuxi_1,404.0,0.25495049504950495,0.41336633663366334,0.3316831683168317,0.0,47.0
D+2,2024-11,night,xuzhou_1,420.0,0.26666666666666666,0.5666666666666667,0.16666666666666666,0.0,32.0
D+2,2024-11,night,xuzhou_2,420.0,0.2761904761904762,0.5142857142857142,0.20714285714285716,0.002380952380952381,50.0
D+2,2024-11,night,yancheng_1,411.0,0.26763990267639903,0.49391727493917276,0.23357664233576642,0.004866180048661801,37.0
D+2,2024-11,night,yancheng_2,406.0,0.29064039408866993,0.4827586206896552,0.22413793103448276,0.0024630541871921183,41.0
D+2,2024-11,night,yancheng_3,410.0,0.3,0.4902439024390244,0.2097560975609756,0.0,38.0
D+2,2024-12,day,changzhou_1,310.0,0.3064516129032258,0.32903225806451614,0.36451612903225805,0.0,49.0
D+2,2024-12,day,huai_an_1,310.0,0.29354838709677417,0.3870967741935484,0.3193548387096774,0.0,41.0
D+2,2024-12,day,huai_an_2,310.0,0.2870967741935484,0.4483870967741935,0.2645161290322581,0.0,34.0
D+2,2024-12,day,huai_an_3,310.0,0.27741935483870966,0.3580645161290323,0.36129032258064514,0.0032258064516129032,50.0
D+2,2024-12,day,lianyungang_1,310.0,0.3096774193548387,0.4032258064516129,0.2838709677419355,0.0032258064516129032,41.0
D+2,2024-12,day,lianyungang_2,310.0,0.23870967741935484,0.3903225806451613,0.36774193548387096,0.0032258064516129032,56.0
D+2,2024-12,day,nanjing_1,310.0,0.3161290322580645,0.31290322580645163,0.3709677419354839,0.0,48.0
D+2,2024-12,day,nanjing_2,310.0,0.31290322580645163,0.34516129032258064,0.3419354838709677,0.0,50.0
D+2,2024-12,day,nantong_1,310.0,0.267741935483871,0.3741935483870968,0.3580645161290323,0.0,44.0
D+2,2024-12,day,nantong_2,310.0,0.16129032258064516,0.4161290322580645,0.42258064516129035,0.0,40.0
D+2,2024-12,day,suqian_1,310.0,0.3419354838709677,0.4096774193548387,0.24838709677419354,0.0,29.0
D+2,2024-12,day,suzhou_1,310.0,0.27741935483870966,0.3419354838709677,0.38064516129032255,0.0,41.0
D+2,2024-12,day,taizhou_1,310.0,0.2967741935483871,0.3741935483870968,0.3225806451612903,0.0064516129032258064,42.0
D+2,2024-12,day,taizhou_2,310.0,0.27741935483870966,0.3967741935483871,0.3258064516129032,0.0,37.0
D+2,2024-12,day,wuxi_1,310.0,0.29354838709677417,0.4064516129032258,0.2967741935483871,0.0032258064516129032,41.0
D+2,2024-12,day,xuzhou_1,310.0,0.3387096774193548,0.3903225806451613,0.267741935483871,0.0032258064516129032,38.0
D+2,2024-12,day,xuzhou_2,310.0,0.3161290322580645,0.3870967741935484,0.2967741935483871,0.0,39.0
D+2,2024-12,day,yancheng_1,310.0,0.3,0.45161290322580644,0.24838709677419354,0.0,31.0
D+2,2024-12,day,yancheng_2,310.0,0.2709677419354839,0.38387096774193546,0.3387096774193548,0.0064516129032258064,45.0
D+2,2024-12,day,yancheng_3,310.0,0.27741935483870966,0.4161290322580645,0.3064516129032258,0.0,36.0
D+2,2024-12,night,changzhou_1,434.0,0.33640552995391704,0.26497695852534564,0.39631336405529954,0.002304147465437788,65.0
D+2,2024-12,night,huai_an_1,434.0,0.3317972350230415,0.3824884792626728,0.2857142857142857,0.0,37.0
D+2,2024-12,night,huai_an_2,434.0,0.3225806451612903,0.4147465437788018,0.2626728110599078,0.0,42.0
D+2,2024-12,night,huai_an_3,434.0,0.3087557603686636,0.3433179723502304,0.347926267281106,0.0,48.0
D+2,2024-12,night,lianyungang_1,434.0,0.35023041474654376,0.3824884792626728,0.2672811059907834,0.0,49.0
D+2,2024-12,night,lianyungang_2,434.0,0.3225806451612903,0.3778801843317972,0.2995391705069124,0.0,45.0
D+2,2024-12,night,nanjing_1,434.0,0.31105990783410137,0.2857142857142857,0.4032258064516129,0.0,51.0
D+2,2024-12,night,nanjing_2,434.0,0.3456221198156682,0.27419354838709675,0.38018433179723504,0.0,55.0
D+2,2024-12,night,nantong_1,434.0,0.33640552995391704,0.30184331797235026,0.3617511520737327,0.0,47.0
D+2,2024-12,night,nantong_2,434.0,0.2534562211981567,0.3433179723502304,0.4032258064516129,0.0,54.0
D+2,2024-12,night,suqian_1,434.0,0.35023041474654376,0.38940092165898615,0.26036866359447003,0.0,53.0
D+2,2024-12,night,suzhou_1,434.0,0.34101382488479265,0.3271889400921659,0.3317972350230415,0.0,47.0
D+2,2024-12,night,taizhou_1,434.0,0.3456221198156682,0.347926267281106,0.3064516129032258,0.0,41.0
D+2,2024-12,night,taizhou_2,434.0,0.3064516129032258,0.31105990783410137,0.3824884792626728,0.0,53.0
D+2,2024-12,night,wuxi_1,434.0,0.3271889400921659,0.3847926267281106,0.2880184331797235,0.0,43.0
D+2,2024-12,night,xuzhou_1,434.0,0.31797235023041476,0.41244239631336405,0.2672811059907834,0.002304147465437788,47.0
D+2,2024-12,night,xuzhou_2,434.0,0.35944700460829493,0.3686635944700461,0.271889400921659,0.0,53.0
D+2,2024-12,night,yancheng_1,434.0,0.3087557603686636,0.41705069124423966,0.271889400921659,0.002304147465437788,39.0
D+2,2024-12,night,yancheng_2,434.0,0.271889400921659,0.38018433179723504,0.347926267281106,0.0,42.0
D+2,2024-12,night,yancheng_3,434.0,0.31105990783410137,0.37327188940092165,0.315668202764977,0.0,39.0
D+2,2025-01,day,changzhou_1,314.0,0.3853503184713376,0.3821656050955414,0.23248407643312102,0.0,41.0
D+2,2025-01,day,huai_an_1,313.0,0.41533546325878595,0.4472843450479233,0.134185303514377,0.003194888178913738,27.0
D+2,2025-01,day,huai_an_2,311.0,0.4405144694533762,0.3987138263665595,0.15755627009646303,0.003215434083601286,23.0
D+2,2025-01,day,huai_an_3,316.0,0.40189873417721517,0.45569620253164556,0.14240506329113925,0.0,28.0
D+2,2025-01,day,lianyungang_1,313.0,0.476038338658147,0.33865814696485624,0.1853035143769968,0.0,33.0
D+2,2025-01,day,lianyungang_2,310.0,0.5032258064516129,0.36129032258064514,0.13548387096774195,0.0,22.0
D+2,2025-01,day,nanjing_1,318.0,0.37735849056603776,0.4371069182389937,0.18238993710691823,0.0031446540880503146,28.0
D+2,2025-01,day,nanjing_2,317.0,0.3785488958990536,0.38485804416403785,0.23659305993690852,0.0,31.0
D+2,2025-01,day,nantong_1,310.0,0.3548387096774194,0.3774193548387097,0.26129032258064516,0.0064516129032258064,33.0
D+2,2025-01,day,nantong_2,310.0,0.3032258064516129,0.3774193548387097,0.3193548387096774,0.0,35.0
D+2,2025-01,day,suqian_1,316.0,0.40822784810126583,0.41455696202531644,0.17721518987341772,0.0,23.0
D+2,2025-01,day,suzhou_1,310.0,0.34838709677419355,0.4064516129032258,0.24516129032258063,0.0,30.0
D+2,2025-01,day,taizhou_1,312.0,0.42948717948717946,0.4391025641025641,0.1282051282051282,0.003205128205128205,23.0
D+2,2025-01,day,taizhou_2,310.0,0.4096774193548387,0.45161290322580644,0.13870967741935483,0.0,19.0
D+2,2025-01,day,wuxi_1,313.0,0.3738019169329074,0.4057507987220447,0.21725239616613418,0.003194888178913738,28.0
D+2,2025-01,day,xuzhou_1,321.0,0.3987538940809969,0.3894080996884735,0.2118380062305296,0.0,31.0
D+2,2025-01,day,xuzhou_2,318.0,0.39622641509433965,0.3742138364779874,0.22955974842767296,0.0,36.0
D+2,2025-01,day,yancheng_1,310.0,0.45161290322580644,0.4032258064516129,0.14516129032258066,0.0,21.0
D+2,2025-01,day,yancheng_2,310.0,0.4096774193548387,0.43548387096774194,0.15483870967741936,0.0,23.0
D+2,2025-01,day,yancheng_3,311.0,0.42443729903536975,0.4405144694533762,0.13183279742765272,0.003215434083601286,23.0
D+2,2025-01,night,changzhou_1,430.0,0.28837209302325584,0.5441860465116279,0.16744186046511628,0.0,36.0
D+2,2025-01,night,huai_an_1,431.0,0.3248259860788863,0.5498839907192575,0.12529002320185614,0.0,27.0
D+2,2025-01,night,huai_an_2,433.0,0.3903002309468822,0.46882217090069284,0.14087759815242495,0.0,24.0
D+2,2025-01,night,huai_an_3,428.0,0.3294392523364486,0.514018691588785,0.1542056074766355,0.002336448598130841,38.0
D+2,2025-01,night,lianyungang_1,431.0,0.4385150812064965,0.3851508120649652,0.17633410672853828,0.0,35.0
D+2,2025-01,night,lianyungang_2,434.0,0.4216589861751152,0.38940092165898615,0.1889400921658986,0.0,35.0
D+2,2025-01,night,nanjing_1,426.0,0.2863849765258216,0.5211267605633803,0.19014084507042253,0.002347417840375587,38.0
D+2,2025-01,night,nanjing_2,427.0,0.25995316159250587,0.5175644028103045,0.22014051522248243,0.00234192037470726,41.0
D+2,2025-01,night,nantong_1,434.0,0.2903225806451613,0.5552995391705069,0.15207373271889402,0.002304147465437788,29.0
D+2,2025-01,night,nantong_2,434.0,0.2880184331797235,0.5645161290322581,0.14746543778801843,0.0,29.0
D+2,2025-01,night,suqian_1,428.0,0.38317757009345793,0.46261682242990654,0.1542056074766355,0.0,24.0
D+2,2025-01,night,suzhou_1,434.0,0.2880184331797235,0.5506912442396313,0.16129032258064516,0.0,34.0
D+2,2025-01,night,taizhou_1,432.0,0.3194444444444444,0.5717592592592593,0.1087962962962963,0.0,26.0
D+2,2025-01,night,taizhou_2,434.0,0.29723502304147464,0.5506912442396313,0.15207373271889402,0.0,32.0
D+2,2025-01,night,wuxi_1,431.0,0.27842227378190254,0.5266821345707656,0.19489559164733178,0.0,38.0
D+2,2025-01,night,xuzhou_1,423.0,0.43498817966903075,0.3735224586288416,0.18912529550827423,0.002364066193853428,37.0
D+2,2025-01,night,xuzhou_2,426.0,0.4107981220657277,0.41784037558685444,0.17136150234741784,0.0,30.0
D+2,2025-01,night,yancheng_1,434.0,0.37557603686635943,0.46774193548387094,0.15668202764976957,0.0,27.0
D+2,2025-01,night,yancheng_2,434.0,0.30184331797235026,0.5368663594470046,0.15898617511520738,0.002304147465437788,29.0
D+2,2025-01,night,yancheng_3,433.0,0.3140877598152425,0.5519630484988453,0.13394919168591224,0.0,25.0
D+2,2025-02,day,changzhou_1,309.0,0.13592233009708737,0.5760517799352751,0.28802588996763756,0.0,44.0
D+2,2025-02,day,huai_an_1,308.0,0.12987012987012986,0.6461038961038961,0.22402597402597402,0.0,32.0
D+2,2025-02,day,huai_an_2,308.0,0.18831168831168832,0.5746753246753247,0.237012987012987,0.0,35.0
D+2,2025-02,day,huai_an_3,308.0,0.12012987012987013,0.6136363636363636,0.262987012987013,0.003246753246753247,41.0
D+2,2025-02,day,lianyungang_1,308.0,0.2012987012987013,0.4837662337662338,0.3116883116883117,0.003246753246753247,50.0
D+2,2025-02,day,lianyungang_2,307.0,0.20846905537459284,0.4592833876221498,0.3289902280130293,0.003257328990228013,47.0
D+2,2025-02,day,nanjing_1,308.0,0.12012987012987013,0.6298701298701299,0.25,0.0,41.0
D+2,2025-02,day,nanjing_2,308.0,0.12012987012987013,0.5746753246753247,0.3051948051948052,0.0,42.0
D+2,2025-02,day,nantong_1,311.0,0.14469453376205788,0.5980707395498392,0.2572347266881029,0.0,40.0
D+2,2025-02,day,nantong_2,311.0,0.09967845659163987,0.6045016077170418,0.29260450160771706,0.003215434083601286,40.0
D+2,2025-02,day,suqian_1,308.0,0.14935064935064934,0.5714285714285714,0.275974025974026,0.003246753246753247,49.0
D+2,2025-02,day,suzhou_1,313.0,0.16613418530351437,0.5878594249201278,0.24600638977635783,0.0,33.0
D+2,2025-02,day,taizhou_1,308.0,0.12987012987012986,0.672077922077922,0.19805194805194806,0.0,36.0
D+2,2025-02,day,taizhou_2,309.0,0.12944983818770225,0.6537216828478964,0.2168284789644013,0.0,37.0
D+2,2025-02,day,wuxi_1,311.0,0.1832797427652733,0.5884244372990354,0.2282958199356913,0.0,30.0
D+2,2025-02,day,xuzhou_1,308.0,0.19805194805194806,0.538961038961039,0.262987012987013,0.0,41.0
D+2,2025-02,day,xuzhou_2,308.0,0.1590909090909091,0.551948051948052,0.2857142857142857,0.003246753246753247,49.0
D+2,2025-02,day,yancheng_1,308.0,0.17857142857142858,0.577922077922078,0.2435064935064935,0.0,38.0
D+2,2025-02,day,yancheng_2,309.0,0.14563106796116504,0.6343042071197411,0.22006472491909385,0.0,30.0
D+2,2025-02,day,yancheng_3,308.0,0.1331168831168831,0.6525974025974026,0.21103896103896103,0.003246753246753247,36.0
D+2,2025-02,night,changzhou_1,363.0,0.15151515151515152,0.5068870523415978,0.3415977961432507,0.0,52.0
D+2,2025-02,night,huai_an_1,364.0,0.12362637362637363,0.5467032967032966,0.32967032967032966,0.0,53.0
D+2,2025-02,night,huai_an_2,364.0,0.16483516483516483,0.5879120879120879,0.24725274725274726,0.0,36.0
D+2,2025-02,night,huai_an_3,364.0,0.12087912087912088,0.510989010989011,0.3626373626373626,0.005494505494505495,55.0
D+2,2025-02,night,lianyungang_1,364.0,0.21703296703296704,0.5027472527472527,0.2774725274725275,0.0027472527472527475,47.0
D+2,2025-02,night,lianyungang_2,365.0,0.21643835616438356,0.5178082191780822,0.26301369863013696,0.0027397260273972603,38.0
D+2,2025-02,night,nanjing_1,364.0,0.12362637362637363,0.5137362637362637,0.3626373626373626,0.0,48.0
D+2,2025-02,night,nanjing_2,364.0,0.14560439560439561,0.5384615384615384,0.3159340659340659,0.0,48.0
D+2,2025-02,night,nantong_1,361.0,0.1440443213296399,0.5346260387811634,0.32132963988919666,0.0,42.0
D+2,2025-02,night,nantong_2,361.0,0.11357340720221606,0.554016620498615,0.33240997229916897,0.0,47.0
D+2,2025-02,night,suqian_1,364.0,0.1813186813186813,0.554945054945055,0.260989010989011,0.0027472527472527475,46.0
D+2,2025-02,night,suzhou_1,359.0,0.17270194986072424,0.5236768802228412,0.30362116991643456,0.0,38.0
D+2,2025-02,night,taizhou_1,364.0,0.12637362637362637,0.5906593406593407,0.28296703296703296,0.0,41.0
D+2,2025-02,night,taizhou_2,363.0,0.12121212121212122,0.5674931129476584,0.31129476584022037,0.0,48.0
D+2,2025-02,night,wuxi_1,361.0,0.1883656509695291,0.5789473684210527,0.23268698060941828,0.0,34.0
D+2,2025-02,night,xuzhou_1,364.0,0.18681318681318682,0.521978021978022,0.29120879120879123,0.0,46.0
D+2,2025-02,night,xuzhou_2,364.0,0.18681318681318682,0.5247252747252747,0.28846153846153844,0.0,47.0
D+2,2025-02,night,yancheng_1,364.0,0.15934065934065933,0.5769230769230769,0.26373626373626374,0.0,32.0
D+2,2025-02,night,yancheng_2,363.0,0.12672176308539945,0.5922865013774105,0.2809917355371901,0.0,46.0
D+2,2025-02,night,yancheng_3,364.0,0.13186813186813187,0.5769230769230769,0.28846153846153844,0.0027472527472527475,46.0
D+2,2025-03,day,changzhou_1,372.0,0.1935483870967742,0.5994623655913979,0.20430107526881722,0.002688172043010753,41.0
D+2,2025-03,day,huai_an_1,371.0,0.2560646900269542,0.6253369272237197,0.11859838274932614,0.0,24.0
D+2,2025-03,day,huai_an_2,370.0,0.2864864864864865,0.5756756756756757,0.13783783783783785,0.0,28.0
D+2,2025-03,day,huai_an_3,368.0,0.2391304347826087,0.592391304347826,0.16847826086956522,0.0,34.0
D+2,2025-03,day,lianyungang_1,368.0,0.28804347826086957,0.5027173913043478,0.20652173913043478,0.002717391304347826,38.0
D+2,2025-03,day,lianyungang_2,370.0,0.2864864864864865,0.4945945945945946,0.21891891891891893,0.0,47.0
D+2,2025-03,day,nanjing_1,369.0,0.1842818428184282,0.5826558265582655,0.23306233062330622,0.0,49.0
D+2,2025-03,day,nanjing_2,371.0,0.18328840970350405,0.601078167115903,0.215633423180593,0.0,41.0
D+2,2025-03,day,nantong_1,372.0,0.20430107526881722,0.5913978494623656,0.20161290322580644,0.002688172043010753,34.0
D+2,2025-03,day,nantong_2,372.0,0.23387096774193547,0.5752688172043011,0.19086021505376344,0.0,34.0
D+2,2025-03,day,suqian_1,367.0,0.29155313351498635,0.5449591280653951,0.16348773841961853,0.0,36.0
D+2,2025-03,day,suzhou_1,372.0,0.1774193548387097,0.6021505376344086,0.22043010752688172,0.0,39.0
D+2,2025-03,day,taizhou_1,372.0,0.25806451612903225,0.6182795698924731,0.12365591397849462,0.0,27.0
D+2,2025-03,day,taizhou_2,372.0,0.25806451612903225,0.6048387096774194,0.13709677419354838,0.0,26.0
D+2,2025-03,day,wuxi_1,372.0,0.19623655913978494,0.6236559139784946,0.18010752688172044,0.0,32.0
D+2,2025-03,day,xuzhou_1,366.0,0.32786885245901637,0.4808743169398907,0.1912568306010929,0.0,41.0
D+2,2025-03,day,xuzhou_2,364.0,0.3131868131868132,0.5054945054945055,0.1813186813186813,0.0,34.0
D+2,2025-03,day,yancheng_1,372.0,0.29838709677419356,0.5672043010752689,0.13440860215053763,0.0,26.0
D+2,2025-03,day,yancheng_2,372.0,0.271505376344086,0.5967741935483871,0.13172043010752688,0.0,31.0
D+2,2025-03,day,yancheng_3,372.0,0.25806451612903225,0.6236559139784946,0.11559139784946236,0.002688172043010753,25.0
D+2,2025-03,night,changzhou_1,372.0,0.12365591397849462,0.6586021505376344,0.21774193548387097,0.0,40.0
D+2,2025-03,night,huai_an_1,373.0,0.2225201072386059,0.646112600536193,0.13136729222520108,0.0,26.0
D+2,2025-03,night,huai_an_2,374.0,0.2540106951871658,0.6096256684491979,0.13636363636363635,0.0,25.0
D+2,2025-03,night,huai_an_3,376.0,0.22074468085106383,0.6728723404255319,0.10638297872340426,0.0,24.0
D+2,2025-03,night,lianyungang_1,376.0,0.31382978723404253,0.48936170212765956,0.19680851063829788,0.0,30.0
D+2,2025-03,night,lianyungang_2,374.0,0.2807486631016043,0.5267379679144385,0.1925133689839572,0.0,28.0
D+2,2025-03,night,nanjing_1,375.0,0.12266666666666666,0.6933333333333334,0.184,0.0,43.0
D+2,2025-03,night,nanjing_2,373.0,0.1126005361930295,0.6970509383378016,0.1903485254691689,0.0,35.0
D+2,2025-03,night,nantong_1,372.0,0.1693548387096774,0.6451612903225806,0.18548387096774194,0.0,31.0
D+2,2025-03,night,nantong_2,372.0,0.17473118279569894,0.6263440860215054,0.19623655913978494,0.002688172043010753,33.0
D+2,2025-03,night,suqian_1,377.0,0.28116710875331563,0.610079575596817,0.10875331564986737,0.0,27.0
D+2,2025-03,night,suzhou_1,372.0,0.15591397849462366,0.6586021505376344,0.18548387096774194,0.0,34.0
D+2,2025-03,night,taizhou_1,372.0,0.21505376344086022,0.696236559139785,0.08870967741935484,0.0,21.0
D+2,2025-03,night,taizhou_2,372.0,0.23118279569892472,0.6801075268817204,0.08870967741935484,0.0,22.0
D+2,2025-03,night,wuxi_1,372.0,0.15053763440860216,0.6908602150537635,0.15591397849462366,0.002688172043010753,28.0
D+2,2025-03,night,xuzhou_1,378.0,0.30952380952380953,0.5052910052910053,0.18253968253968253,0.0026455026455026454,29.0
D+2,2025-03,night,xuzhou_2,380.0,0.3157894736842105,0.5157894736842106,0.16842105263157894,0.0,31.0
D+2,2025-03,night,yancheng_1,372.0,0.26881720430107525,0.6102150537634409,0.12096774193548387,0.0,21.0
D+2,2025-03,night,yancheng_2,372.0,0.23655913978494625,0.6505376344086021,0.11021505376344086,0.002688172043010753,27.0
D+2,2025-03,night,yancheng_3,372.0,0.23118279569892472,0.6720430107526881,0.0967741935483871,0.0,18.0
D+2,2025-04,day,changzhou_1,386.0,0.19170984455958548,0.5440414507772021,0.26424870466321243,0.0,45.0
D+2,2025-04,day,huai_an_1,390.0,0.26153846153846155,0.5153846153846153,0.2230769230769231,0.0,37.0
D+2,2025-04,day,huai_an_2,392.0,0.29846938775510207,0.49489795918367346,0.2066326530612245,0.0,30.0
D+2,2025-04,day,huai_an_3,392.0,0.25510204081632654,0.5025510204081632,0.23979591836734693,0.002551020408163265,41.0
D+2,2025-04,day,lianyungang_1,396.0,0.32575757575757575,0.45202020202020204,0.2222222222222222,0.0,37.0
D+2,2025-04,day,lianyungang_2,394.0,0.31725888324873097,0.4720812182741117,0.21065989847715735,0.0,38.0
D+2,2025-04,day,nanjing_1,389.0,0.16966580976863754,0.5681233933161953,0.2622107969151671,0.0,44.0
D+2,2025-04,day,nanjing_2,387.0,0.18087855297157623,0.5529715762273901,0.26098191214470284,0.00516795865633075,53.0
D+2,2025-04,day,nantong_1,384.0,0.22916666666666666,0.5260416666666666,0.23958333333333334,0.005208333333333333,42.0
D+2,2025-04,day,nantong_2,382.0,0.23298429319371727,0.5157068062827225,0.2513089005235602,0.0,45.0
D+2,2025-04,day,suqian_1,395.0,0.27341772151898736,0.4708860759493671,0.25569620253164554,0.0,45.0
D+2,2025-04,day,suzhou_1,382.0,0.20418848167539266,0.5418848167539267,0.2486910994764398,0.005235602094240838,38.0
D+2,2025-04,day,taizhou_1,389.0,0.2493573264781491,0.5475578406169666,0.20308483290488433,0.0,32.0
D+2,2025-04,day,taizhou_2,387.0,0.24806201550387597,0.5064599483204134,0.2454780361757106,0.0,41.0
D+2,2025-04,day,wuxi_1,383.0,0.17493472584856398,0.608355091383812,0.21671018276762402,0.0,35.0
D+2,2025-04,day,xuzhou_1,395.0,0.2911392405063291,0.5012658227848101,0.20506329113924052,0.002531645569620253,38.0
D+2,2025-04,day,xuzhou_2,397.0,0.26700251889168763,0.49622166246851385,0.23173803526448364,0.005037783375314861,41.0
D+2,2025-04,day,yancheng_1,392.0,0.29336734693877553,0.4846938775510204,0.2193877551020408,0.002551020408163265,36.0
D+2,2025-04,day,yancheng_2,388.0,0.28350515463917525,0.5154639175257731,0.19845360824742267,0.002577319587628866,40.0
D+2,2025-04,day,yancheng_3,389.0,0.2519280205655527,0.5244215938303342,0.2236503856041131,0.0,36.0
D+2,2025-04,night,changzhou_1,334.0,0.17964071856287425,0.6197604790419161,0.20059880239520958,0.0,34.0
D+2,2025-04,night,huai_an_1,330.0,0.20606060606060606,0.6242424242424243,0.16666666666666666,0.0030303030303030303,28.0
D+2,2025-04,night,huai_an_2,328.0,0.24695121951219512,0.600609756097561,0.1524390243902439,0.0,26.0
D+2,2025-04,night,huai_an_3,328.0,0.2073170731707317,0.6067073170731707,0.18597560975609756,0.0,27.0
D+2,2025-04,night,lianyungang_1,324.0,0.2932098765432099,0.5246913580246914,0.18209876543209877,0.0,29.0
D+2,2025-04,night,lianyungang_2,326.0,0.2822085889570552,0.5460122699386503,0.1687116564417178,0.003067484662576687,33.0
D+2,2025-04,night,nanjing_1,331.0,0.1782477341389728,0.595166163141994,0.22658610271903323,0.0,40.0
D+2,2025-04,night,nanjing_2,333.0,0.17117117117117117,0.6036036036036037,0.22522522522522523,0.0,38.0
D+2,2025-04,night,nantong_1,336.0,0.17559523809523808,0.6101190476190477,0.2113095238095238,0.002976190476190476,37.0
D+2,2025-04,night,nantong_2,338.0,0.16272189349112426,0.6331360946745562,0.1952662721893491,0.008875739644970414,33.0
D+2,2025-04,night,suqian_1,325.0,0.27384615384615385,0.5692307692307692,0.15384615384615385,0.003076923076923077,23.0
D+2,2025-04,night,suzhou_1,338.0,0.1834319526627219,0.650887573964497,0.16568047337278108,0.0,24.0
D+2,2025-04,night,taizhou_1,331.0,0.2054380664652568,0.6253776435045317,0.1691842900302115,0.0,33.0
D+2,2025-04,night,taizhou_2,333.0,0.16216216216216217,0.6246246246246246,0.21021021021021022,0.003003003003003003,33.0
D+2,2025-04,night,wuxi_1,337.0,0.17210682492581603,0.6172106824925816,0.21068249258160238,0.0,38.0
D+2,2025-04,night,xuzhou_1,325.0,0.3169230769230769,0.5107692307692308,0.1723076923076923,0.0,27.0
D+2,2025-04,night,xuzhou_2,323.0,0.2631578947368421,0.5510835913312694,0.18575851393188855,0.0,26.0
D+2,2025-04,night,yancheng_1,328.0,0.25,0.5945121951219512,0.1524390243902439,0.003048780487804878,27.0
D+2,2025-04,night,yancheng_2,332.0,0.1716867469879518,0.6174698795180723,0.21084337349397592,0.0,31.0
D+2,2025-04,night,yancheng_3,331.0,0.19637462235649547,0.6404833836858006,0.16314199395770393,0.0,24.0
D+2,2025-05,day,changzhou_1,434.0,0.12903225806451613,0.6589861751152074,0.20967741935483872,0.002304147465437788,46.0
D+2,2025-05,day,huai_an_1,434.0,0.23271889400921658,0.5645161290322581,0.20276497695852536,0.0,40.0
D+2,2025-05,day,huai_an_2,434.0,0.29493087557603687,0.4930875576036866,0.2119815668202765,0.0,34.0
D+2,2025-05,day,huai_an_3,434.0,0.23732718894009217,0.5230414746543779,0.23732718894009217,0.002304147465437788,46.0
D+2,2025-05,day,lianyungang_1,434.0,0.2857142857142857,0.47465437788018433,0.23963133640552994,0.0,49.0
D+2,2025-05,day,lianyungang_2,434.0,0.27419354838709675,0.46543778801843316,0.26036866359447003,0.0,47.0
D+2,2025-05,day,nanjing_1,434.0,0.1543778801843318,0.6152073732718893,0.2304147465437788,0.0,55.0
D+2,2025-05,day,nanjing_2,434.0,0.14285714285714285,0.6428571428571429,0.21428571428571427,0.0,51.0
D+2,2025-05,day,nantong_1,434.0,0.15898617511520738,0.6774193548387096,0.16359447004608296,0.0,36.0
D+2,2025-05,day,nantong_2,434.0,0.17511520737327188,0.6612903225806451,0.16359447004608296,0.0,41.0
D+2,2025-05,day,suqian_1,434.0,0.2903225806451613,0.4792626728110599,0.2304147465437788,0.0,36.0
D+2,2025-05,day,suzhou_1,434.0,0.14055299539170507,0.6797235023041475,0.17972350230414746,0.0,31.0
D+2,2025-05,day,taizhou_1,434.0,0.20276497695852536,0.5852534562211982,0.2119815668202765,0.0,43.0
D+2,2025-05,day,taizhou_2,434.0,0.1935483870967742,0.6152073732718893,0.1912442396313364,0.0,38.0
D+2,2025-05,day,wuxi_1,434.0,0.14516129032258066,0.6497695852534562,0.20276497695852536,0.002304147465437788,39.0
D+2,2025-05,day,xuzhou_1,434.0,0.2534562211981567,0.5,0.2465437788018433,0.0,47.0
D+2,2025-05,day,xuzhou_2,434.0,0.2857142857142857,0.4815668202764977,0.23271889400921658,0.0,49.0
D+2,2025-05,day,yancheng_1,434.0,0.29493087557603687,0.49539170506912444,0.20967741935483872,0.0,34.0
D+2,2025-05,day,yancheng_2,434.0,0.23271889400921658,0.5645161290322581,0.20276497695852536,0.0,36.0
D+2,2025-05,day,yancheng_3,434.0,0.23732718894009217,0.5668202764976958,0.195852534562212,0.0,41.0
D+2,2025-05,night,changzhou_1,310.0,0.11935483870967742,0.6967741935483871,0.18387096774193548,0.0,36.0
D+2,2025-05,night,huai_an_1,310.0,0.2,0.6,0.2,0.0,30.0
D+2,2025-05,night,huai_an_2,310.0,0.26129032258064516,0.5612903225806452,0.1774193548387097,0.0,25.0
D+2,2025-05,night,huai_an_3,310.0,0.2161290322580645,0.5645161290322581,0.21935483870967742,0.0,39.0
D+2,2025-05,night,lianyungang_1,310.0,0.2967741935483871,0.5290322580645161,0.17419354838709677,0.0,29.0
D+2,2025-05,night,lianyungang_2,310.0,0.22258064516129034,0.5645161290322581,0.20967741935483872,0.0032258064516129032,41.0
D+2,2025-05,night,nanjing_1,310.0,0.14516129032258066,0.6612903225806451,0.1935483870967742,0.0,34.0
D+2,2025-05,night,nanjing_2,310.0,0.12580645161290321,0.6903225806451613,0.18387096774193548,0.0,35.0
D+2,2025-05,night,nantong_1,310.0,0.15161290322580645,0.7032258064516129,0.14516129032258066,0.0,29.0
D+2,2025-05,night,nantong_2,310.0,0.15483870967741936,0.7064516129032258,0.13870967741935483,0.0,30.0
D+2,2025-05,night,suqian_1,310.0,0.2870967741935484,0.5258064516129032,0.1870967741935484,0.0,27.0
D+2,2025-05,night,suzhou_1,310.0,0.14193548387096774,0.7096774193548387,0.14838709677419354,0.0,25.0
D+2,2025-05,night,taizhou_1,310.0,0.1870967741935484,0.632258064516129,0.1774193548387097,0.0032258064516129032,29.0
D+2,2025-05,night,taizhou_2,310.0,0.18064516129032257,0.6451612903225806,0.17419354838709677,0.0,31.0
D+2,2025-05,night,wuxi_1,310.0,0.12258064516129032,0.7354838709677419,0.14193548387096774,0.0,26.0
D+2,2025-05,night,xuzhou_1,310.0,0.2870967741935484,0.5419354838709678,0.16774193548387098,0.0032258064516129032,30.0
D+2,2025-05,night,xuzhou_2,310.0,0.27741935483870966,0.5451612903225806,0.1774193548387097,0.0,23.0
D+2,2025-05,night,yancheng_1,310.0,0.26129032258064516,0.5741935483870968,0.16451612903225807,0.0,23.0
D+2,2025-05,night,yancheng_2,310.0,0.2,0.6129032258064516,0.1870967741935484,0.0,28.0
D+2,2025-05,night,yancheng_3,310.0,0.1935483870967742,0.603225806451613,0.2032258064516129,0.0,35.0
D+2,2025-06,day,changzhou_1,420.0,0.05476190476190476,0.7142857142857143,0.23095238095238096,0.0,53.0
D+2,2025-06,day,huai_an_1,420.0,0.06666666666666667,0.6619047619047619,0.2714285714285714,0.0,59.0
D+2,2025-06,day,huai_an_2,420.0,0.09761904761904762,0.6452380952380953,0.25476190476190474,0.002380952380952381,54.0
D+2,2025-06,day,huai_an_3,420.0,0.07857142857142857,0.6214285714285714,0.3,0.0,64.0
D+2,2025-06,day,lianyungang_1,420.0,0.10238095238095238,0.6333333333333333,0.2642857142857143,0.0,59.0
D+2,2025-06,day,lianyungang_2,420.0,0.10714285714285714,0.6261904761904762,0.26666666666666666,0.0,57.0
D+2,2025-06,day,nanjing_1,420.0,0.06904761904761905,0.7119047619047619,0.21904761904761905,0.0,50.0
D+2,2025-06,day,nanjing_2,420.0,0.05714285714285714,0.7023809523809523,0.24047619047619048,0.0,54.0
D+2,2025-06,day,nantong_1,420.0,0.08333333333333333,0.6928571428571428,0.21904761904761905,0.004761904761904762,50.0
D+2,2025-06,day,nantong_2,420.0,0.09523809523809523,0.7119047619047619,0.19285714285714287,0.0,35.0
D+2,2025-06,day,suqian_1,420.0,0.12142857142857143,0.5976190476190476,0.28095238095238095,0.0,65.0
D+2,2025-06,day,suzhou_1,420.0,0.08095238095238096,0.7404761904761905,0.17857142857142858,0.0,39.0
D+2,2025-06,day,taizhou_1,420.0,0.05952380952380952,0.7214285714285714,0.21904761904761905,0.0,48.0
D+2,2025-06,day,taizhou_2,420.0,0.07380952380952381,0.75,0.1761904761904762,0.0,43.0
D+2,2025-06,day,wuxi_1,420.0,0.0761904761904762,0.7476190476190476,0.1738095238095238,0.002380952380952381,32.0
D+2,2025-06,day,xuzhou_1,420.0,0.11190476190476191,0.6190476190476191,0.26666666666666666,0.002380952380952381,59.0
D+2,2025-06,day,xuzhou_2,420.0,0.11904761904761904,0.5904761904761905,0.2904761904761905,0.0,57.0
D+2,2025-06,day,yancheng_1,420.0,0.07857142857142857,0.65,0.26904761904761904,0.002380952380952381,64.0
D+2,2025-06,day,yancheng_2,420.0,0.05952380952380952,0.7309523809523809,0.20238095238095238,0.007142857142857143,45.0
D+2,2025-06,day,yancheng_3,420.0,0.05952380952380952,0.6952380952380952,0.24523809523809523,0.0,59.0
D+2,2025-06,night,changzhou_1,300.0,0.016666666666666666,0.7333333333333333,0.25,0.0,49.0
D+2,2025-06,night,huai_an_1,300.0,0.04,0.72,0.24,0.0,36.0
D+2,2025-06,night,huai_an_2,300.0,0.03333333333333333,0.7166666666666667,0.24666666666666667,0.0033333333333333335,32.0
D+2,2025-06,night,huai_an_3,300.0,0.04666666666666667,0.6566666666666666,0.29333333333333333,0.0033333333333333335,50.0
D+2,2025-06,night,lianyungang_1,300.0,0.07,0.67,0.26,0.0,44.0
D+2,2025-06,night,lianyungang_2,300.0,0.09666666666666666,0.7133333333333334,0.19,0.0,32.0
D+2,2025-06,night,nanjing_1,300.0,0.03333333333333333,0.7166666666666667,0.25,0.0,50.0
D+2,2025-06,night,nanjing_2,300.0,0.02666666666666667,0.7466666666666667,0.22666666666666666,0.0,44.0
D+2,2025-06,night,nantong_1,300.0,0.02,0.7833333333333333,0.19666666666666666,0.0,33.0
D+2,2025-06,night,nantong_2,300.0,0.05,0.7633333333333333,0.18666666666666668,0.0,31.0
D+2,2025-06,night,suqian_1,300.0,0.04666666666666667,0.6,0.35333333333333333,0.0,51.0
D+2,2025-06,night,suzhou_1,300.0,0.013333333333333334,0.7933333333333333,0.19333333333333333,0.0,39.0
D+2,2025-06,night,taizhou_1,300.0,0.04,0.7466666666666667,0.21333333333333335,0.0,37.0
D+2,2025-06,night,taizhou_2,300.0,0.043333333333333335,0.73,0.22666666666666666,0.0,43.0
D+2,2025-06,night,wuxi_1,300.0,0.03,0.79,0.18,0.0,30.0
D+2,2025-06,night,xuzhou_1,300.0,0.08666666666666667,0.61,0.30333333333333334,0.0,49.0
D+2,2025-06,night,xuzhou_2,300.0,0.08666666666666667,0.6433333333333333,0.26666666666666666,0.0033333333333333335,49.0
D+2,2025-06,night,yancheng_1,300.0,0.05,0.7133333333333334,0.23666666666666666,0.0,32.0
D+2,2025-06,night,yancheng_2,300.0,0.05,0.7533333333333333,0.19666666666666666,0.0,36.0
D+2,2025-06,night,yancheng_3,300.0,0.06,0.7166666666666667,0.22333333333333333,0.0,31.0
D+2,2025-07,day,changzhou_1,434.0,0.08986175115207373,0.4078341013824885,0.5,0.002304147465437788,85.0
D+2,2025-07,day,huai_an_1,434.0,0.2119815668202765,0.38940092165898615,0.3986175115207373,0.0,71.0
D+2,2025-07,day,huai_an_2,434.0,0.27419354838709675,0.41013824884792627,0.315668202764977,0.0,64.0
D+2,2025-07,day,huai_an_3,434.0,0.2119815668202765,0.35023041474654376,0.43548387096774194,0.002304147465437788,79.0
D+2,2025-07,day,lianyungang_1,434.0,0.315668202764977,0.3456221198156682,0.3387096774193548,0.0,69.0
D+2,2025-07,day,lianyungang_2,434.0,0.31797235023041476,0.3387096774193548,0.3433179723502304,0.0,69.0
D+2,2025-07,day,nanjing_1,434.0,0.1912442396313364,0.33640552995391704,0.47235023041474655,0.0,76.0
D+2,2025-07,day,nanjing_2,434.0,0.11981566820276497,0.35253456221198154,0.5276497695852534,0.0,83.0
D+2,2025-07,day,nantong_1,434.0,0.12442396313364056,0.4032258064516129,0.47235023041474655,0.0,77.0
D+2,2025-07,day,nantong_2,434.0,0.21428571428571427,0.39631336405529954,0.38940092165898615,0.0,59.0
D+2,2025-07,day,suqian_1,434.0,0.2350230414746544,0.29493087557603687,0.4700460829493088,0.0,77.0
D+2,2025-07,day,suzhou_1,434.0,0.1336405529953917,0.423963133640553,0.4400921658986175,0.002304147465437788,80.0
D+2,2025-07,day,taizhou_1,434.0,0.19815668202764977,0.41935483870967744,0.38018433179723504,0.002304147465437788,70.0
D+2,2025-07,day,taizhou_2,434.0,0.20046082949308755,0.41244239631336405,0.3870967741935484,0.0,67.0
D+2,2025-07,day,wuxi_1,434.0,0.15207373271889402,0.4769585253456221,0.3709677419354839,0.0,61.0
D+2,2025-07,day,xuzhou_1,434.0,0.23963133640552994,0.3548387096774194,0.4055299539170507,0.0,78.0
D+2,2025-07,day,xuzhou_2,434.0,0.24193548387096775,0.37327188940092165,0.3847926267281106,0.0,69.0
D+2,2025-07,day,yancheng_1,434.0,0.28110599078341014,0.4308755760368664,0.2880184331797235,0.0,59.0
D+2,2025-07,day,yancheng_2,434.0,0.2119815668202765,0.37557603686635943,0.41244239631336405,0.0,69.0
D+2,2025-07,day,yancheng_3,434.0,0.22580645161290322,0.391705069124424,0.3824884792626728,0.0,65.0
D+2,2025-07,night,changzhou_1,310.0,0.18387096774193548,0.35161290322580646,0.4645161290322581,0.0,70.0
D+2,2025-07,night,huai_an_1,310.0,0.29354838709677417,0.4032258064516129,0.3032258064516129,0.0,37.0
D+2,2025-07,night,huai_an_2,310.0,0.33225806451612905,0.3935483870967742,0.27419354838709675,0.0,39.0
D+2,2025-07,night,huai_an_3,310.0,0.29354838709677417,0.3225806451612903,0.38064516129032255,0.0032258064516129032,60.0
D+2,2025-07,night,lianyungang_1,310.0,0.3032258064516129,0.2709677419354839,0.42258064516129035,0.0032258064516129032,59.0
D+2,2025-07,night,lianyungang_2,310.0,0.3580645161290323,0.3096774193548387,0.33225806451612905,0.0,47.0
D+2,2025-07,night,nanjing_1,310.0,0.3032258064516129,0.33548387096774196,0.36129032258064514,0.0,53.0
D+2,2025-07,night,nanjing_2,310.0,0.27741935483870966,0.33548387096774196,0.3870967741935484,0.0,51.0
D+2,2025-07,night,nantong_1,310.0,0.2064516129032258,0.3935483870967742,0.3967741935483871,0.0032258064516129032,53.0
D+2,2025-07,night,nantong_2,310.0,0.2838709677419355,0.36451612903225805,0.34838709677419355,0.0032258064516129032,45.0
D+2,2025-07,night,suqian_1,310.0,0.3419354838709677,0.25483870967741934,0.4,0.0032258064516129032,50.0
D+2,2025-07,night,suzhou_1,310.0,0.19032258064516128,0.4161290322580645,0.3935483870967742,0.0,64.0
D+2,2025-07,night,taizhou_1,310.0,0.3032258064516129,0.36774193548387096,0.3258064516129032,0.0032258064516129032,43.0
D+2,2025-07,night,taizhou_2,310.0,0.267741935483871,0.36129032258064514,0.36774193548387096,0.0032258064516129032,51.0
D+2,2025-07,night,wuxi_1,310.0,0.2064516129032258,0.36129032258064514,0.432258064516129,0.0,63.0
D+2,2025-07,night,xuzhou_1,310.0,0.3064516129032258,0.33225806451612905,0.3580645161290323,0.0032258064516129032,57.0
D+2,2025-07,night,xuzhou_2,310.0,0.31290322580645163,0.25161290322580643,0.43548387096774194,0.0,49.0
D+2,2025-07,night,yancheng_1,310.0,0.34516129032258064,0.38064516129032255,0.27419354838709675,0.0,34.0
D+2,2025-07,night,yancheng_2,310.0,0.2838709677419355,0.38064516129032255,0.33548387096774196,0.0,49.0
D+2,2025-07,night,yancheng_3,310.0,0.3193548387096774,0.3870967741935484,0.29354838709677417,0.0,40.0
D+2,2025-08,day,changzhou_1,416.0,0.20192307692307693,0.31009615384615385,0.4879807692307692,0.0,68.0
D+2,2025-08,day,huai_an_1,420.0,0.23095238095238096,0.39285714285714285,0.3761904761904762,0.0,60.0
D+2,2025-08,day,huai_an_2,421.0,0.2042755344418052,0.5106888361045131,0.2850356294536817,0.0,57.0
D+2,2025-08,day,huai_an_3,417.0,0.22062350119904076,0.4148681055155875,0.3645083932853717,0.0,63.0
D+2,2025-08,day,lianyungang_1,420.0,0.1595238095238095,0.5333333333333333,0.30714285714285716,0.0,67.0
D+2,2025-08,day,lianyungang_2,423.0,0.1867612293144208,0.5059101654846335,0.3049645390070922,0.002364066193853428,58.0
D+2,2025-08,day,nanjing_1,413.0,0.18159806295399517,0.3898305084745763,0.42857142857142855,0.0,67.0
D+2,2025-08,day,nanjing_2,414.0,0.178743961352657,0.3285024154589372,0.4927536231884058,0.0,71.0
D+2,2025-08,day,nantong_1,421.0,0.24228028503562946,0.39667458432304037,0.3586698337292161,0.0023752969121140144,66.0
D+2,2025-08,day,nantong_2,423.0,0.25059101654846333,0.4066193853427896,0.34278959810874704,0.0,59.0
D+2,2025-08,day,suqian_1,417.0,0.17985611510791366,0.45083932853717024,0.36930455635491605,0.0,64.0
D+2,2025-08,day,suzhou_1,420.0,0.20714285714285716,0.43333333333333335,0.3595238095238095,0.0,63.0
D+2,2025-08,day,taizhou_1,419.0,0.23627684964200477,0.37708830548926014,0.38663484486873506,0.0,61.0
D+2,2025-08,day,taizhou_2,422.0,0.1895734597156398,0.41232227488151657,0.3981042654028436,0.0,53.0
D+2,2025-08,day,wuxi_1,416.0,0.27884615384615385,0.35096153846153844,0.3701923076923077,0.0,51.0
D+2,2025-08,day,xuzhou_1,409.0,0.16381418092909536,0.5061124694376528,0.33007334963325186,0.0,70.0
D+2,2025-08,day,xuzhou_2,413.0,0.14527845036319612,0.48426150121065376,0.36803874092009686,0.002421307506053269,74.0
D+2,2025-08,day,yancheng_1,422.0,0.2014218009478673,0.509478672985782,0.2890995260663507,0.0,57.0
D+2,2025-08,day,yancheng_2,423.0,0.19621749408983452,0.40425531914893614,0.39952718676122934,0.0,56.0
D+2,2025-08,day,yancheng_3,421.0,0.23040380047505937,0.4156769596199525,0.35391923990498814,0.0,54.0
D+2,2025-08,night,changzhou_1,328.0,0.24390243902439024,0.3780487804878049,0.3780487804878049,0.0,50.0
D+2,2025-08,night,huai_an_1,324.0,0.23765432098765432,0.5030864197530864,0.25925925925925924,0.0,33.0
D+2,2025-08,night,huai_an_2,323.0,0.2631578947368421,0.5479876160990712,0.18885448916408668,0.0,33.0
D+2,2025-08,night,huai_an_3,327.0,0.18960244648318042,0.5137614678899083,0.2966360856269113,0.0,42.0
D+2,2025-08,night,lianyungang_1,324.0,0.09876543209876543,0.4506172839506173,0.4506172839506173,0.0,66.0
D+2,2025-08,night,lianyungang_2,321.0,0.11838006230529595,0.5046728971962616,0.37694704049844235,0.0,58.0
D+2,2025-08,night,nanjing_1,331.0,0.22356495468277945,0.38972809667673713,0.38368580060422963,0.0030211480362537764,46.0
D+2,2025-08,night,nanjing_2,330.0,0.22424242424242424,0.3696969696969697,0.40606060606060607,0.0,46.0
D+2,2025-08,night,nantong_1,323.0,0.25077399380804954,0.4086687306501548,0.33436532507739936,0.006191950464396285,46.0
D+2,2025-08,night,nantong_2,321.0,0.2554517133956386,0.4392523364485981,0.29906542056074764,0.006230529595015576,33.0
D+2,2025-08,night,suqian_1,327.0,0.1437308868501529,0.4801223241590214,0.37003058103975534,0.0061162079510703364,55.0
D+2,2025-08,night,suzhou_1,324.0,0.22530864197530864,0.4166666666666667,0.35802469135802467,0.0,46.0
D+2,2025-08,night,taizhou_1,325.0,0.22153846153846155,0.47384615384615386,0.3046153846153846,0.0,37.0
D+2,2025-08,night,taizhou_2,322.0,0.2329192546583851,0.46273291925465837,0.30124223602484473,0.003105590062111801,44.0
D+2,2025-08,night,wuxi_1,328.0,0.24695121951219512,0.4329268292682927,0.3201219512195122,0.0,35.0
D+2,2025-08,night,xuzhou_1,335.0,0.16119402985074627,0.4507462686567164,0.3880597014925373,0.0,54.0
D+2,2025-08,night,xuzhou_2,331.0,0.16314199395770393,0.48942598187311176,0.3413897280966767,0.006042296072507553,55.0
D+2,2025-08,night,yancheng_1,322.0,0.2919254658385093,0.5372670807453416,0.17080745341614906,0.0,34.0
D+2,2025-08,night,yancheng_2,321.0,0.2336448598130841,0.5015576323987538,0.26479750778816197,0.0,36.0
D+2,2025-08,night,yancheng_3,323.0,0.22910216718266255,0.48606811145510836,0.2848297213622291,0.0,39.0
D+2,2025-09,day,changzhou_1,360.0,0.09444444444444444,0.525,0.38055555555555554,0.0,70.0
D+2,2025-09,day,huai_an_1,360.0,0.08055555555555556,0.6611111111111111,0.25555555555555554,0.002777777777777778,53.0
D+2,2025-09,day,huai_an_2,360.0,0.07222222222222222,0.7111111111111111,0.21388888888888888,0.002777777777777778,48.0
D+2,2025-09,day,huai_an_3,360.0,0.044444444444444446,0.6388888888888888,0.31666666666666665,0.0,58.0
D+2,2025-09,day,lianyungang_1,361.0,0.13850415512465375,0.6426592797783933,0.2188365650969529,0.0,49.0
D+2,2025-09,day,lianyungang_2,360.0,0.08055555555555556,0.6805555555555556,0.2388888888888889,0.0,55.0
D+2,2025-09,day,nanjing_1,360.0,0.05555555555555555,0.6,0.3416666666666667,0.002777777777777778,68.0
D+2,2025-09,day,nanjing_2,360.0,0.07222222222222222,0.5361111111111111,0.39166666666666666,0.0,76.0
D+2,2025-09,day,nantong_1,360.0,0.13333333333333333,0.5111111111111111,0.35555555555555557,0.0,70.0
D+2,2025-09,day,nantong_2,360.0,0.09166666666666666,0.5694444444444444,0.3388888888888889,0.0,61.0
D+2,2025-09,day,suqian_1,362.0,0.08011049723756906,0.6850828729281768,0.23480662983425415,0.0,55.0
D+2,2025-09,day,suzhou_1,360.0,0.07777777777777778,0.575,0.3472222222222222,0.0,65.0
D+2,2025-09,day,taizhou_1,360.0,0.08055555555555556,0.6444444444444445,0.2722222222222222,0.002777777777777778,54.0
D+2,2025-09,day,taizhou_2,360.0,0.06388888888888888,0.6583333333333333,0.2777777777777778,0.0,56.0
D+2,2025-09,day,wuxi_1,360.0,0.10555555555555556,0.5166666666666667,0.37777777777777777,0.0,51.0
D+2,2025-09,day,xuzhou_1,367.0,0.14713896457765668,0.6430517711171662,0.2098092643051771,0.0,47.0
D+2,2025-09,day,xuzhou_2,364.0,0.14285714285714285,0.6318681318681318,0.22527472527472528,0.0,47.0
D+2,2025-09,day,yancheng_1,360.0,0.06111111111111111,0.7305555555555555,0.20833333333333334,0.0,49.0
D+2,2025-09,day,yancheng_2,360.0,0.08055555555555556,0.65,0.26944444444444443,0.0,61.0
D+2,2025-09,day,yancheng_3,360.0,0.08888888888888889,0.6666666666666666,0.24444444444444444,0.0,52.0
D+2,2025-09,night,changzhou_1,360.0,0.075,0.6,0.325,0.0,62.0
D+2,2025-09,night,huai_an_1,360.0,0.10833333333333334,0.6666666666666666,0.225,0.0,39.0
D+2,2025-09,night,huai_an_2,360.0,0.09722222222222222,0.7277777777777777,0.175,0.0,38.0
D+2,2025-09,night,huai_an_3,360.0,0.06388888888888888,0.6888888888888889,0.24722222222222223,0.0,49.0
D+2,2025-09,night,lianyungang_1,359.0,0.15877437325905291,0.6434540389972145,0.1977715877437326,0.0,43.0
D+2,2025-09,night,lianyungang_2,360.0,0.12222222222222222,0.6777777777777778,0.19722222222222222,0.002777777777777778,46.0
D+2,2025-09,night,nanjing_1,360.0,0.05277777777777778,0.6694444444444444,0.2777777777777778,0.0,55.0
D+2,2025-09,night,nanjing_2,360.0,0.06944444444444445,0.5805555555555556,0.35,0.0,60.0
D+2,2025-09,night,nantong_1,360.0,0.08055555555555556,0.5361111111111111,0.38333333333333336,0.0,64.0
D+2,2025-09,night,nantong_2,360.0,0.08888888888888889,0.5888888888888889,0.32222222222222224,0.0,53.0
D+2,2025-09,night,suqian_1,358.0,0.09217877094972067,0.7067039106145251,0.2011173184357542,0.0,42.0
D+2,2025-09,night,suzhou_1,360.0,0.09444444444444444,0.5388888888888889,0.36666666666666664,0.0,54.0
D+2,2025-09,night,taizhou_1,360.0,0.09722222222222222,0.6555555555555556,0.24722222222222223,0.0,46.0
D+2,2025-09,night,taizhou_2,360.0,0.09722222222222222,0.6722222222222223,0.23055555555555557,0.0,49.0
D+2,2025-09,night,wuxi_1,360.0,0.06944444444444445,0.625,0.30277777777777776,0.002777777777777778,57.0
D+2,2025-09,night,xuzhou_1,353.0,0.22946175637393768,0.5779036827195467,0.19263456090651557,0.0,42.0
D+2,2025-09,night,xuzhou_2,356.0,0.16853932584269662,0.6404494382022472,0.18820224719101122,0.0028089887640449437,40.0
D+2,2025-09,night,yancheng_1,360.0,0.11388888888888889,0.7388888888888889,0.14722222222222223,0.0,36.0
D+2,2025-09,night,yancheng_2,360.0,0.11388888888888889,0.6666666666666666,0.21944444444444444,0.0,48.0
D+2,2025-09,night,yancheng_3,360.0,0.11388888888888889,0.6722222222222223,0.21388888888888888,0.0,42.0
D+2,2025-10,day,changzhou_1,354.0,0.2175141242937853,0.4632768361581921,0.3135593220338983,0.005649717514124294,69.0
D+2,2025-10,day,huai_an_1,354.0,0.17231638418079095,0.5790960451977402,0.24858757062146894,0.0,57.0
D+2,2025-10,day,huai_an_2,353.0,0.13031161473087818,0.6628895184135978,0.20679886685552407,0.0,46.0
D+2,2025-10,day,huai_an_3,357.0,0.1876750700280112,0.5518207282913166,0.2605042016806723,0.0,56.0
D+2,2025-10,day,lianyungang_1,355.0,0.0647887323943662,0.6450704225352113,0.29014084507042254,0.0,55.0
D+2,2025-10,day,lianyungang_2,353.0,0.08498583569405099,0.6118980169971672,0.3031161473087819,0.0,66.0
D+2,2025-10,day,nanjing_1,357.0,0.23249299719887956,0.48179271708683474,0.2857142857142857,0.0,61.0
D+2,2025-10,day,nanjing_2,356.0,0.23314606741573032,0.46629213483146065,0.300561797752809,0.0,62.0
D+2,2025-10,day,nantong_1,349.0,0.23209169054441262,0.49283667621776506,0.2722063037249284,0.0028653295128939827,55.0
D+2,2025-10,day,nantong_2,347.0,0.19596541786743515,0.4956772334293948,0.30835734870317005,0.0,57.0
D+2,2025-10,day,suqian_1,357.0,0.08683473389355742,0.6246498599439776,0.28851540616246496,0.0,62.0
D+2,2025-10,day,suzhou_1,349.0,0.2349570200573066,0.5100286532951289,0.25501432664756446,0.0,59.0
D+2,2025-10,day,taizhou_1,353.0,0.20679886685552407,0.5439093484419264,0.24929178470254956,0.0,59.0
D+2,2025-10,day,taizhou_2,350.0,0.15428571428571428,0.5942857142857143,0.24857142857142858,0.002857142857142857,57.0
D+2,2025-10,day,wuxi_1,352.0,0.29261363636363635,0.48863636363636365,0.21875,0.0,44.0
D+2,2025-10,day,xuzhou_1,356.0,0.07865168539325842,0.6938202247191011,0.22752808988764045,0.0,55.0
D+2,2025-10,day,xuzhou_2,358.0,0.0670391061452514,0.7039106145251397,0.22905027932960895,0.0,47.0
D+2,2025-10,day,yancheng_1,352.0,0.14204545454545456,0.6363636363636364,0.2215909090909091,0.0,46.0
D+2,2025-10,day,yancheng_2,350.0,0.17142857142857143,0.6171428571428571,0.21142857142857144,0.0,51.0
D+2,2025-10,day,yancheng_3,353.0,0.18413597733711048,0.5949008498583569,0.22096317280453256,0.0,50.0
D+2,2025-10,night,changzhou_1,390.0,0.24358974358974358,0.517948717948718,0.23846153846153847,0.0,55.0
D+2,2025-10,night,huai_an_1,390.0,0.16923076923076924,0.6615384615384615,0.16923076923076924,0.0,34.0
D+2,2025-10,night,huai_an_2,391.0,0.18925831202046037,0.6675191815856778,0.1432225063938619,0.0,32.0
D+2,2025-10,night,huai_an_3,387.0,0.165374677002584,0.6537467700258398,0.18087855297157623,0.0,41.0
D+2,2025-10,night,lianyungang_1,389.0,0.14652956298200515,0.6632390745501285,0.19023136246786632,0.0,44.0
D+2,2025-10,night,lianyungang_2,391.0,0.09207161125319693,0.7161125319693095,0.1918158567774936,0.0,48.0
D+2,2025-10,night,nanjing_1,387.0,0.20930232558139536,0.5581395348837209,0.23255813953488372,0.0,48.0
D+2,2025-10,night,nanjing_2,388.0,0.2551546391752577,0.5360824742268041,0.2036082474226804,0.005154639175257732,51.0
D+2,2025-10,night,nantong_1,395.0,0.23544303797468355,0.6,0.16455696202531644,0.0,45.0
D+2,2025-10,night,nantong_2,397.0,0.21158690176322417,0.5717884130982368,0.21662468513853905,0.0,52.0
D+2,2025-10,night,suqian_1,387.0,0.15503875968992248,0.6537467700258398,0.19121447028423771,0.0,38.0
D+2,2025-10,night,suzhou_1,395.0,0.2607594936708861,0.5594936708860759,0.17721518987341772,0.002531645569620253,52.0
D+2,2025-10,night,taizhou_1,391.0,0.1815856777493606,0.6521739130434783,0.16624040920716113,0.0,37.0
D+2,2025-10,night,taizhou_2,394.0,0.19543147208121828,0.6065989847715736,0.19796954314720813,0.0,46.0
D+2,2025-10,night,wuxi_1,392.0,0.28061224489795916,0.5790816326530612,0.14030612244897958,0.0,39.0
D+2,2025-10,night,xuzhou_1,388.0,0.1211340206185567,0.6804123711340206,0.19845360824742267,0.0,46.0
D+2,2025-10,night,xuzhou_2,386.0,0.10103626943005181,0.7046632124352331,0.19170984455958548,0.0025906735751295338,45.0
D+2,2025-10,night,yancheng_1,392.0,0.1836734693877551,0.6530612244897959,0.16326530612244897,0.0,38.0
D+2,2025-10,night,yancheng_2,394.0,0.19543147208121828,0.5964467005076142,0.20812182741116753,0.0,44.0
D+2,2025-10,night,yancheng_3,391.0,0.16112531969309463,0.6777493606138107,0.16112531969309463,0.0,27.0
D+2,2025-11,day,changzhou_1,314.0,0.3853503184713376,0.3503184713375796,0.2643312101910828,0.0,36.0
D+2,2025-11,day,huai_an_1,309.0,0.4336569579288026,0.33980582524271846,0.22653721682847897,0.0,27.0
D+2,2025-11,day,huai_an_2,307.0,0.4364820846905538,0.2931596091205212,0.2703583061889251,0.0,34.0
D+2,2025-11,day,huai_an_3,305.0,0.419672131147541,0.33114754098360655,0.24918032786885247,0.0,39.0
D+2,2025-11,day,lianyungang_1,302.0,0.49337748344370863,0.271523178807947,0.23178807947019867,0.0033112582781456954,32.0
D+2,2025-11,day,lianyungang_2,306.0,0.5098039215686274,0.27124183006535946,0.21568627450980393,0.0032679738562091504,32.0
D+2,2025-11,day,nanjing_1,307.0,0.39087947882736157,0.3713355048859935,0.23778501628664495,0.0,31.0
D+2,2025-11,day,nanjing_2,311.0,0.39228295819935693,0.34726688102893893,0.2604501607717042,0.0,33.0
D+2,2025-11,day,nantong_1,319.0,0.39184952978056425,0.3667711598746082,0.23824451410658307,0.003134796238244514,36.0
D+2,2025-11,day,nantong_2,322.0,0.36645962732919257,0.40062111801242234,0.2329192546583851,0.0,26.0
D+2,2025-11,day,suqian_1,302.0,0.4503311258278146,0.2814569536423841,0.2682119205298013,0.0,38.0
D+2,2025-11,day,suzhou_1,320.0,0.3625,0.3875,0.25,0.0,35.0
D+2,2025-11,day,taizhou_1,311.0,0.4437299035369775,0.3408360128617363,0.21543408360128619,0.0,24.0
D+2,2025-11,day,taizhou_2,315.0,0.42857142857142855,0.3238095238095238,0.24761904761904763,0.0,40.0
D+2,2025-11,day,wuxi_1,317.0,0.35331230283911674,0.3943217665615142,0.25236593059936907,0.0,32.0
D+2,2025-11,day,xuzhou_1,300.0,0.44666666666666666,0.36333333333333334,0.19,0.0,29.0
D+2,2025-11,day,xuzhou_2,300.0,0.49666666666666665,0.30666666666666664,0.19666666666666666,0.0,28.0
D+2,2025-11,day,yancheng_1,309.0,0.45307443365695793,0.2815533980582524,0.26537216828478966,0.0,33.0
D+2,2025-11,day,yancheng_2,314.0,0.45222929936305734,0.31528662420382164,0.22929936305732485,0.0031847133757961785,34.0
D+2,2025-11,day,yancheng_3,310.0,0.45161290322580644,0.3419354838709677,0.2064516129032258,0.0,30.0
D+2,2025-11,night,changzhou_1,406.0,0.33004926108374383,0.3793103448275862,0.29064039408866993,0.0,43.0
D+2,2025-11,night,huai_an_1,411.0,0.40875912408759124,0.3771289537712895,0.2116788321167883,0.0024330900243309003,34.0
D+2,2025-11,night,huai_an_2,413.0,0.45036319612590797,0.38256658595641646,0.16707021791767554,0.0,27.0
D+2,2025-11,night,huai_an_3,415.0,0.42409638554216866,0.3493975903614458,0.22650602409638554,0.0,37.0
D+2,2025-11,night,lianyungang_1,418.0,0.48086124401913877,0.3157894736842105,0.20334928229665072,0.0,35.0
D+2,2025-11,night,lianyungang_2,414.0,0.463768115942029,0.3115942028985507,0.2246376811594203,0.0,39.0
D+2,2025-11,night,nanjing_1,413.0,0.3486682808716707,0.3898305084745763,0.26150121065375304,0.0,41.0
D+2,2025-11,night,nanjing_2,409.0,0.31784841075794623,0.3691931540342298,0.31295843520782396,0.0,45.0
D+2,2025-11,night,nantong_1,401.0,0.341645885286783,0.42144638403990026,0.2344139650872818,0.0024937655860349127,39.0
D+2,2025-11,night,nantong_2,398.0,0.32663316582914576,0.40703517587939697,0.2663316582914573,0.0,39.0
D+2,2025-11,night,suqian_1,418.0,0.4449760765550239,0.361244019138756,0.1937799043062201,0.0,32.0
D+2,2025-11,night,suzhou_1,400.0,0.3425,0.405,0.2525,0.0,36.0
D+2,2025-11,night,taizhou_1,409.0,0.40097799511002447,0.3863080684596577,0.21271393643031786,0.0,30.0
D+2,2025-11,night,taizhou_2,405.0,0.40987654320987654,0.3802469135802469,0.20987654320987653,0.0,30.0
D+2,2025-11,night,wuxi_1,403.0,0.3176178660049628,0.41687344913151364,0.2630272952853598,0.0024813895781637717,37.0
D+2,2025-11,night,xuzhou_1,420.0,0.44285714285714284,0.33095238095238094,0.2261904761904762,0.0,35.0
D+2,2025-11,night,xuzhou_2,420.0,0.4380952380952381,0.3476190476190476,0.2119047619047619,0.002380952380952381,42.0
D+2,2025-11,night,yancheng_1,411.0,0.45012165450121655,0.39902676399026765,0.15085158150851583,0.0,27.0
D+2,2025-11,night,yancheng_2,406.0,0.43842364532019706,0.3768472906403941,0.18472906403940886,0.0,29.0
D+2,2025-11,night,yancheng_3,410.0,0.4170731707317073,0.3780487804878049,0.2048780487804878,0.0,28.0
D+2,2025-12,day,changzhou_1,310.0,0.2870967741935484,0.34516129032258064,0.36774193548387096,0.0,49.0
D+2,2025-12,day,huai_an_1,310.0,0.4161290322580645,0.3193548387096774,0.2645161290322581,0.0,36.0
D+2,2025-12,day,huai_an_2,310.0,0.4064516129032258,0.3967741935483871,0.1967741935483871,0.0,30.0
D+2,2025-12,day,huai_an_3,310.0,0.4,0.3258064516129032,0.27419354838709675,0.0,37.0
D+2,2025-12,day,lianyungang_1,310.0,0.32903225806451614,0.3774193548387097,0.29354838709677417,0.0,31.0
D+2,2025-12,day,lianyungang_2,310.0,0.2967741935483871,0.3967741935483871,0.3064516129032258,0.0,32.0
D+2,2025-12,day,nanjing_1,310.0,0.34516129032258064,0.34838709677419355,0.3064516129032258,0.0,41.0
D+2,2025-12,day,nanjing_2,310.0,0.3032258064516129,0.35161290322580646,0.34516129032258064,0.0,47.0
D+2,2025-12,day,nantong_1,310.0,0.34838709677419355,0.34838709677419355,0.3032258064516129,0.0,34.0
D+2,2025-12,day,nantong_2,310.0,0.2838709677419355,0.3709677419354839,0.34516129032258064,0.0,39.0
D+2,2025-12,day,suqian_1,310.0,0.3774193548387097,0.3741935483870968,0.24838709677419354,0.0,33.0
D+2,2025-12,day,suzhou_1,310.0,0.3032258064516129,0.36774193548387096,0.32903225806451614,0.0,40.0
D+2,2025-12,day,taizhou_1,310.0,0.41935483870967744,0.35161290322580646,0.22903225806451613,0.0,29.0
D+2,2025-12,day,taizhou_2,310.0,0.3580645161290323,0.35161290322580646,0.2903225806451613,0.0,40.0
D+2,2025-12,day,wuxi_1,310.0,0.2903225806451613,0.3935483870967742,0.3161290322580645,0.0,39.0
D+2,2025-12,day,xuzhou_1,310.0,0.32903225806451614,0.432258064516129,0.23870967741935484,0.0,38.0
D+2,2025-12,day,xuzhou_2,310.0,0.38064516129032255,0.3967741935483871,0.22258064516129034,0.0,35.0
D+2,2025-12,day,yancheng_1,310.0,0.36774193548387096,0.36451612903225805,0.267741935483871,0.0,34.0
D+2,2025-12,day,yancheng_2,310.0,0.3419354838709677,0.36129032258064514,0.2967741935483871,0.0,31.0
D+2,2025-12,day,yancheng_3,310.0,0.4032258064516129,0.3548387096774194,0.24193548387096775,0.0,28.0
D+2,2025-12,night,changzhou_1,434.0,0.27880184331797236,0.38940092165898615,0.3317972350230415,0.0,58.0
D+2,2025-12,night,huai_an_1,434.0,0.3317972350230415,0.4423963133640553,0.22580645161290322,0.0,43.0
D+2,2025-12,night,huai_an_2,434.0,0.35714285714285715,0.4308755760368664,0.2119815668202765,0.0,32.0
D+2,2025-12,night,huai_an_3,434.0,0.33410138248847926,0.4539170506912442,0.2119815668202765,0.0,39.0
D+2,2025-12,night,lianyungang_1,434.0,0.3986175115207373,0.3824884792626728,0.21889400921658986,0.0,41.0
D+2,2025-12,night,lianyungang_2,434.0,0.3387096774193548,0.41244239631336405,0.2488479262672811,0.0,40.0
D+2,2025-12,night,nanjing_1,434.0,0.31336405529953915,0.45852534562211983,0.22811059907834103,0.0,43.0
D+2,2025-12,night,nanjing_2,434.0,0.2695852534562212,0.41705069124423966,0.31336405529953915,0.0,55.0
D+2,2025-12,night,nantong_1,434.0,0.2672811059907834,0.4032258064516129,0.3294930875576037,0.0,63.0
D+2,2025-12,night,nantong_2,434.0,0.22119815668202766,0.42626728110599077,0.35253456221198154,0.0,52.0
D+2,2025-12,night,suqian_1,434.0,0.37327188940092165,0.4032258064516129,0.22350230414746544,0.0,38.0
D+2,2025-12,night,suzhou_1,434.0,0.27419354838709675,0.35714285714285715,0.3686635944700461,0.0,52.0
D+2,2025-12,night,taizhou_1,434.0,0.31797235023041476,0.48847926267281105,0.1935483870967742,0.0,35.0
D+2,2025-12,night,taizhou_2,434.0,0.31797235023041476,0.4769585253456221,0.20506912442396313,0.0,37.0
D+2,2025-12,night,wuxi_1,434.0,0.31105990783410137,0.4009216589861751,0.2880184331797235,0.0,47.0
D+2,2025-12,night,xuzhou_1,434.0,0.41244239631336405,0.4032258064516129,0.18433179723502305,0.0,33.0
D+2,2025-12,night,xuzhou_2,434.0,0.39631336405529954,0.37557603686635943,0.22811059907834103,0.0,38.0
D+2,2025-12,night,yancheng_1,434.0,0.347926267281106,0.423963133640553,0.22811059907834103,0.0,38.0
D+2,2025-12,night,yancheng_2,434.0,0.315668202764977,0.4838709677419355,0.20046082949308755,0.0,33.0
D+2,2025-12,night,yancheng_3,434.0,0.3225806451612903,0.47235023041474655,0.20506912442396313,0.0,30.0
D+2,2026-01,day,changzhou_1,314.0,0.3375796178343949,0.3503184713375796,0.31210191082802546,0.0,46.0
D+2,2026-01,day,huai_an_1,312.0,0.34294871794871795,0.4358974358974359,0.22115384615384615,0.0,31.0
D+2,2026-01,day,huai_an_2,311.0,0.3858520900321543,0.40192926045016075,0.21221864951768488,0.0,27.0
D+2,2026-01,day,huai_an_3,316.0,0.31962025316455694,0.39556962025316456,0.2848101265822785,0.0,46.0
D+2,2026-01,day,lianyungang_1,312.0,0.4326923076923077,0.36538461538461536,0.20192307692307693,0.0,32.0
D+2,2026-01,day,lianyungang_2,310.0,0.4161290322580645,0.38387096774193546,0.2,0.0,29.0
D+2,2026-01,day,nanjing_1,318.0,0.33647798742138363,0.41823899371069184,0.24528301886792453,0.0,40.0
D+2,2026-01,day,nanjing_2,317.0,0.3280757097791798,0.39747634069400634,0.2744479495268139,0.0,41.0
D+2,2026-01,day,nantong_1,310.0,0.3064516129032258,0.3870967741935484,0.3064516129032258,0.0,35.0
D+2,2026-01,day,nantong_2,310.0,0.2903225806451613,0.4129032258064516,0.2967741935483871,0.0,41.0
D+2,2026-01,day,suqian_1,315.0,0.3904761904761905,0.3968253968253968,0.2126984126984127,0.0,31.0
D+2,2026-01,day,suzhou_1,310.0,0.36451612903225805,0.3548387096774194,0.2806451612903226,0.0,36.0
D+2,2026-01,day,taizhou_1,311.0,0.35691318327974275,0.4405144694533762,0.20257234726688103,0.0,27.0
D+2,2026-01,day,taizhou_2,310.0,0.3258064516129032,0.44516129032258067,0.22903225806451613,0.0,31.0
D+2,2026-01,day,wuxi_1,313.0,0.402555910543131,0.329073482428115,0.268370607028754,0.0,34.0
D+2,2026-01,day,xuzhou_1,320.0,0.40625,0.38125,0.2125,0.0,33.0
D+2,2026-01,day,xuzhou_2,318.0,0.39622641509433965,0.39622641509433965,0.20754716981132076,0.0,27.0
D+2,2026-01,day,yancheng_1,310.0,0.38387096774193546,0.4161290322580645,0.2,0.0,30.0
D+2,2026-01,day,yancheng_2,310.0,0.3258064516129032,0.45483870967741935,0.21935483870967742,0.0,28.0
D+2,2026-01,day,yancheng_3,311.0,0.33440514469453375,0.45016077170418006,0.21543408360128619,0.0,24.0
D+2,2026-01,night,changzhou_1,430.0,0.3744186046511628,0.3581395348837209,0.26744186046511625,0.0,43.0
D+2,2026-01,night,huai_an_1,432.0,0.34953703703703703,0.42824074074074076,0.2222222222222222,0.0,39.0
D+2,2026-01,night,huai_an_2,433.0,0.3648960739030023,0.45727482678983833,0.17782909930715934,0.0,37.0
D+2,2026-01,night,huai_an_3,428.0,0.34813084112149534,0.43457943925233644,0.21728971962616822,0.0,47.0
D+2,2026-01,night,lianyungang_1,432.0,0.3726851851851852,0.4097222222222222,0.2175925925925926,0.0,49.0
D+2,2026-01,night,lianyungang_2,434.0,0.3870967741935484,0.4400921658986175,0.1728110599078341,0.0,38.0
D+2,2026-01,night,nanjing_1,426.0,0.3145539906103286,0.3615023474178404,0.323943661971831,0.0,52.0
D+2,2026-01,night,nanjing_2,427.0,0.3395784543325527,0.34192037470725994,0.3185011709601874,0.0,44.0
D+2,2026-01,night,nantong_1,434.0,0.347926267281106,0.3709677419354839,0.28110599078341014,0.0,45.0
D+2,2026-01,night,nantong_2,434.0,0.30184331797235026,0.41244239631336405,0.2857142857142857,0.0,40.0
D+2,2026-01,night,suqian_1,429.0,0.358974358974359,0.44522144522144524,0.1958041958041958,0.0,40.0
D+2,2026-01,night,suzhou_1,434.0,0.38018433179723504,0.3548387096774194,0.26497695852534564,0.0,36.0
D+2,2026-01,night,taizhou_1,433.0,0.3418013856812933,0.4503464203233256,0.20785219399538107,0.0,37.0
D+2,2026-01,night,taizhou_2,434.0,0.3456221198156682,0.4470046082949309,0.2073732718894009,0.0,32.0
D+2,2026-01,night,wuxi_1,431.0,0.3805104408352668,0.4245939675174014,0.19489559164733178,0.0,34.0
D+2,2026-01,night,xuzhou_1,424.0,0.3915094339622642,0.4221698113207547,0.18632075471698112,0.0,44.0
D+2,2026-01,night,xuzhou_2,426.0,0.3873239436619718,0.43896713615023475,0.17370892018779344,0.0,38.0
D+2,2026-01,night,yancheng_1,434.0,0.3640552995391705,0.45852534562211983,0.1774193548387097,0.0,27.0
D+2,2026-01,night,yancheng_2,434.0,0.3548387096774194,0.42626728110599077,0.21889400921658986,0.0,37.0
D+2,2026-01,night,yancheng_3,433.0,0.3579676674364896,0.42494226327944573,0.21709006928406466,0.0,36.0
D+2,2026-02,day,changzhou_1,309.0,0.2297734627831715,0.5145631067961165,0.255663430420712,0.0,34.0
D+2,2026-02,day,huai_an_1,308.0,0.3116883116883117,0.4967532467532468,0.19155844155844157,0.0,38.0
D+2,2026-02,day,huai_an_2,308.0,0.3181818181818182,0.5032467532467533,0.17857142857142858,0.0,32.0
D+2,2026-02,day,huai_an_3,308.0,0.2727272727272727,0.5227272727272727,0.20454545454545456,0.0,38.0
D+2,2026-02,day,lianyungang_1,308.0,0.3181818181818182,0.4577922077922078,0.22402597402597402,0.0,39.0
D+2,2026-02,day,lianyungang_2,307.0,0.30293159609120524,0.43322475570032576,0.26384364820846906,0.0,42.0
D+2,2026-02,day,nanjing_1,308.0,0.2792207792207792,0.5032467532467533,0.21753246753246752,0.0,30.0
D+2,2026-02,day,nanjing_2,308.0,0.2532467532467532,0.5064935064935064,0.24025974025974026,0.0,38.0
D+2,2026-02,day,nantong_1,310.0,0.2709677419354839,0.5129032258064516,0.2161290322580645,0.0,36.0
D+2,2026-02,day,nantong_2,310.0,0.25161290322580643,0.5451612903225806,0.2032258064516129,0.0,30.0
D+2,2026-02,day,suqian_1,308.0,0.3051948051948052,0.5064935064935064,0.18831168831168832,0.0,40.0
D+2,2026-02,day,suzhou_1,312.0,0.2692307692307692,0.5128205128205128,0.21794871794871795,0.0,37.0
D+2,2026-02,day,taizhou_1,308.0,0.2662337662337662,0.538961038961039,0.19480519480519481,0.0,23.0
D+2,2026-02,day,taizhou_2,309.0,0.2912621359223301,0.49514563106796117,0.21359223300970873,0.0,29.0
D+2,2026-02,day,wuxi_1,311.0,0.24115755627009647,0.5852090032154341,0.17363344051446947,0.0,26.0
D+2,2026-02,day,xuzhou_1,308.0,0.237012987012987,0.5227272727272727,0.24025974025974026,0.0,38.0
D+2,2026-02,day,xuzhou_2,308.0,0.24675324675324675,0.5097402597402597,0.2435064935064935,0.0,42.0
D+2,2026-02,day,yancheng_1,307.0,0.3257328990228013,0.501628664495114,0.17263843648208468,0.0,32.0
D+2,2026-02,day,yancheng_2,308.0,0.29545454545454547,0.5,0.20454545454545456,0.0,35.0
D+2,2026-02,day,yancheng_3,308.0,0.3116883116883117,0.5292207792207793,0.1590909090909091,0.0,28.0
D+2,2026-02,night,changzhou_1,363.0,0.20110192837465565,0.5316804407713499,0.26721763085399447,0.0,44.0
D+2,2026-02,night,huai_an_1,364.0,0.23626373626373626,0.4697802197802198,0.29395604395604397,0.0,37.0
D+2,2026-02,night,huai_an_2,364.0,0.29120879120879123,0.49725274725274726,0.21153846153846154,0.0,36.0
D+2,2026-02,night,huai_an_3,364.0,0.23901098901098902,0.4697802197802198,0.29120879120879123,0.0,46.0
D+2,2026-02,night,lianyungang_1,364.0,0.33791208791208793,0.44505494505494503,0.21703296703296704,0.0,35.0
D+2,2026-02,night,lianyungang_2,365.0,0.3178082191780822,0.4438356164383562,0.23835616438356164,0.0,35.0
D+2,2026-02,night,nanjing_1,364.0,0.23901098901098902,0.5439560439560439,0.21703296703296704,0.0,45.0
D+2,2026-02,night,nanjing_2,364.0,0.21703296703296704,0.5494505494505495,0.23351648351648352,0.0,39.0
D+2,2026-02,night,nantong_1,362.0,0.23756906077348067,0.505524861878453,0.2569060773480663,0.0,34.0
D+2,2026-02,night,nantong_2,362.0,0.24033149171270718,0.5138121546961326,0.24585635359116023,0.0,37.0
D+2,2026-02,night,suqian_1,364.0,0.2774725274725275,0.47527472527472525,0.24725274725274726,0.0,44.0
D+2,2026-02,night,suzhou_1,360.0,0.22777777777777777,0.5444444444444444,0.22777777777777777,0.0,31.0
D+2,2026-02,night,taizhou_1,364.0,0.25824175824175827,0.47802197802197804,0.26373626373626374,0.0,35.0
D+2,2026-02,night,taizhou_2,363.0,0.2727272727272727,0.4380165289256198,0.2892561983471074,0.0,39.0
D+2,2026-02,night,wuxi_1,361.0,0.20498614958448755,0.5706371191135734,0.22437673130193905,0.0,36.0
D+2,2026-02,night,xuzhou_1,364.0,0.33791208791208793,0.47802197802197804,0.18406593406593408,0.0,35.0
D+2,2026-02,night,xuzhou_2,364.0,0.29120879120879123,0.4835164835164835,0.22527472527472528,0.0,43.0
D+2,2026-02,night,yancheng_1,365.0,0.29863013698630136,0.4876712328767123,0.2136986301369863,0.0,35.0
D+2,2026-02,night,yancheng_2,364.0,0.27197802197802196,0.4532967032967033,0.27472527472527475,0.0,34.0
D+2,2026-02,night,yancheng_3,364.0,0.2445054945054945,0.4642857142857143,0.29120879120879123,0.0,39.0
D+2,2026-03,day,changzhou_1,372.0,0.11559139784946236,0.6478494623655914,0.23655913978494625,0.0,48.0
D+2,2026-03,day,huai_an_1,371.0,0.1078167115902965,0.6307277628032345,0.261455525606469,0.0,45.0
D+2,2026-03,day,huai_an_2,370.0,0.12972972972972974,0.6054054054054054,0.2648648648648649,0.0,49.0
D+2,2026-03,day,huai_an_3,368.0,0.10597826086956522,0.6385869565217391,0.2554347826086957,0.0,47.0
D+2,2026-03,day,lianyungang_1,367.0,0.14713896457765668,0.5667574931880109,0.28610354223433243,0.0,49.0
D+2,2026-03,day,lianyungang_2,370.0,0.14594594594594595,0.5675675675675675,0.2864864864864865,0.0,45.0
D+2,2026-03,day,nanjing_1,369.0,0.13008130081300814,0.6693766937669376,0.2005420054200542,0.0,39.0
D+2,2026-03,day,nanjing_2,370.0,0.13243243243243244,0.6702702702702703,0.1972972972972973,0.0,45.0
D+2,2026-03,day,nantong_1,372.0,0.09408602150537634,0.6586021505376344,0.24731182795698925,0.0,40.0
D+2,2026-03,day,nantong_2,372.0,0.08602150537634409,0.6290322580645161,0.2849462365591398,0.0,32.0
D+2,2026-03,day,suqian_1,367.0,0.1307901907356948,0.5858310626702997,0.28337874659400547,0.0,52.0
D+2,2026-03,day,suzhou_1,372.0,0.12096774193548387,0.6236559139784946,0.2553763440860215,0.0,46.0
D+2,2026-03,day,taizhou_1,372.0,0.12365591397849462,0.6478494623655914,0.22849462365591397,0.0,46.0
D+2,2026-03,day,taizhou_2,372.0,0.11827956989247312,0.6451612903225806,0.23655913978494625,0.0,36.0
D+2,2026-03,day,wuxi_1,372.0,0.12634408602150538,0.6612903225806451,0.21236559139784947,0.0,42.0
D+2,2026-03,day,xuzhou_1,364.0,0.13186813186813187,0.5824175824175825,0.2857142857142857,0.0,55.0
D+2,2026-03,day,xuzhou_2,364.0,0.16483516483516483,0.5796703296703297,0.2554945054945055,0.0,49.0
D+2,2026-03,day,yancheng_1,371.0,0.1347708894878706,0.5983827493261455,0.2668463611859838,0.0,46.0
D+2,2026-03,day,yancheng_2,372.0,0.11827956989247312,0.6263440860215054,0.2553763440860215,0.0,41.0
D+2,2026-03,day,yancheng_3,372.0,0.11290322580645161,0.6290322580645161,0.25806451612903225,0.0,44.0
D+2,2026-03,night,changzhou_1,372.0,0.08602150537634409,0.7258064516129032,0.1881720430107527,0.0,46.0
D+2,2026-03,night,huai_an_1,373.0,0.12332439678284182,0.6916890080428955,0.18498659517426275,0.0,37.0
D+2,2026-03,night,huai_an_2,374.0,0.11229946524064172,0.7085561497326203,0.17914438502673796,0.0,37.0
D+2,2026-03,night,huai_an_3,376.0,0.10106382978723404,0.7021276595744681,0.19680851063829788,0.0,39.0
D+2,2026-03,night,lianyungang_1,377.0,0.11140583554376658,0.7082228116710876,0.18037135278514588,0.0,39.0
D+2,2026-03,night,lianyungang_2,374.0,0.10427807486631016,0.7406417112299465,0.15508021390374332,0.0,30.0
D+2,2026-03,night,nanjing_1,375.0,0.08533333333333333,0.672,0.24266666666666667,0.0,51.0
D+2,2026-03,night,nanjing_2,374.0,0.07754010695187166,0.7272727272727273,0.19518716577540107,0.0,41.0
D+2,2026-03,night,nantong_1,372.0,0.10215053763440861,0.7473118279569892,0.15053763440860216,0.0,30.0
D+2,2026-03,night,nantong_2,372.0,0.07795698924731183,0.7338709677419355,0.1881720430107527,0.0,31.0
D+2,2026-03,night,suqian_1,377.0,0.09814323607427056,0.7241379310344828,0.17771883289124668,0.0,44.0
D+2,2026-03,night,suzhou_1,372.0,0.09408602150537634,0.7876344086021505,0.11827956989247312,0.0,28.0
D+2,2026-03,night,taizhou_1,372.0,0.0967741935483871,0.7204301075268817,0.1827956989247312,0.0,34.0
D+2,2026-03,night,taizhou_2,372.0,0.09946236559139784,0.6935483870967742,0.20698924731182797,0.0,36.0
D+2,2026-03,night,wuxi_1,372.0,0.08602150537634409,0.793010752688172,0.12096774193548387,0.0,30.0
D+2,2026-03,night,xuzhou_1,380.0,0.13421052631578947,0.6631578947368421,0.2026315789473684,0.0,37.0
D+2,2026-03,night,xuzhou_2,380.0,0.09736842105263158,0.7131578947368421,0.18947368421052632,0.0,42.0
D+2,2026-03,night,yancheng_1,373.0,0.09919571045576407,0.707774798927614,0.19302949061662197,0.0,38.0
D+2,2026-03,night,yancheng_2,372.0,0.12365591397849462,0.6854838709677419,0.19086021505376344,0.0,31.0
D+2,2026-03,night,yancheng_3,372.0,0.11827956989247312,0.7016129032258065,0.18010752688172044,0.0,35.0
D+2,2026-04,day,changzhou_1,386.0,0.11917098445595854,0.694300518134715,0.18652849740932642,0.0,46.0
D+2,2026-04,day,huai_an_1,390.0,0.15128205128205127,0.7051282051282052,0.14358974358974358,0.0,35.0
D+2,2026-04,day,huai_an_2,392.0,0.16581632653061223,0.6632653061224489,0.17091836734693877,0.0,37.0
D+2,2026-04,day,huai_an_3,392.0,0.1683673469387755,0.6913265306122449,0.14030612244897958,0.0,33.0
D+2,2026-04,day,lianyungang_1,395.0,0.22025316455696203,0.5670886075949367,0.21265822784810126,0.0,43.0
D+2,2026-04,day,lianyungang_2,393.0,0.2340966921119593,0.5801526717557252,0.18575063613231552,0.0,33.0
D+2,2026-04,day,nanjing_1,389.0,0.13624678663239073,0.7326478149100257,0.13110539845758354,0.0,27.0
D+2,2026-04,day,nanjing_2,387.0,0.1421188630490956,0.7157622739018088,0.1421188630490956,0.0,37.0
D+2,2026-04,day,nantong_1,383.0,0.12010443864229765,0.7441253263707572,0.13577023498694518,0.0,32.0
D+2,2026-04,day,nantong_2,382.0,0.1256544502617801,0.7198952879581152,0.1544502617801047,0.0,38.0
D+2,2026-04,day,suqian_1,394.0,0.1802030456852792,0.6649746192893401,0.1548223350253807,0.0,34.0
D+2,2026-04,day,suzhou_1,382.0,0.11518324607329843,0.7198952879581152,0.1649214659685864,0.0,39.0
D+2,2026-04,day,taizhou_1,389.0,0.13881748071979436,0.7609254498714653,0.10025706940874037,0.0,23.0
D+2,2026-04,day,taizhou_2,387.0,0.1111111111111111,0.7441860465116279,0.14470284237726097,0.0,36.0
D+2,2026-04,day,wuxi_1,383.0,0.13054830287206268,0.7049608355091384,0.16449086161879894,0.0,32.0
D+2,2026-04,day,xuzhou_1,395.0,0.27848101265822783,0.5265822784810127,0.1949367088607595,0.0,39.0
D+2,2026-04,day,xuzhou_2,396.0,0.22727272727272727,0.6136363636363636,0.1590909090909091,0.0,38.0
D+2,2026-04,day,yancheng_1,391.0,0.1585677749360614,0.6854219948849105,0.15601023017902813,0.0,31.0
D+2,2026-04,day,yancheng_2,388.0,0.1211340206185567,0.729381443298969,0.14948453608247422,0.0,36.0
D+2,2026-04,day,yancheng_3,389.0,0.12853470437017994,0.7249357326478149,0.14652956298200515,0.0,30.0
D+2,2026-04,night,changzhou_1,334.0,0.15868263473053892,0.7245508982035929,0.11676646706586827,0.0,22.0
D+2,2026-04,night,huai_an_1,330.0,0.19090909090909092,0.7272727272727273,0.08181818181818182,0.0,19.0
D+2,2026-04,night,huai_an_2,328.0,0.14939024390243902,0.6920731707317073,0.15853658536585366,0.0,17.0
D+2,2026-04,night,huai_an_3,328.0,0.21341463414634146,0.6737804878048781,0.11280487804878049,0.0,26.0
D+2,2026-04,night,lianyungang_1,325.0,0.19076923076923077,0.6153846153846154,0.19384615384615383,0.0,33.0
D+2,2026-04,night,lianyungang_2,327.0,0.1743119266055046,0.6330275229357798,0.1926605504587156,0.0,39.0
D+2,2026-04,night,nanjing_1,331.0,0.16012084592145015,0.7009063444108762,0.13897280966767372,0.0,24.0
D+2,2026-04,night,nanjing_2,333.0,0.15015015015015015,0.6996996996996997,0.15015015015015015,0.0,26.0
D+2,2026-04,night,nantong_1,337.0,0.142433234421365,0.7388724035608308,0.11869436201780416,0.0,29.0
D+2,2026-04,night,nantong_2,338.0,0.11834319526627218,0.7455621301775148,0.13609467455621302,0.0,29.0
D+2,2026-04,night,suqian_1,326.0,0.20245398773006135,0.6503067484662577,0.147239263803681,0.0,31.0
D+2,2026-04,night,suzhou_1,338.0,0.14201183431952663,0.7218934911242604,0.13609467455621302,0.0,32.0
D+2,2026-04,night,taizhou_1,331.0,0.1903323262839879,0.7190332326283988,0.09063444108761329,0.0,17.0
D+2,2026-04,night,taizhou_2,333.0,0.15315315315315314,0.7357357357357357,0.1111111111111111,0.0,26.0
D+2,2026-04,night,wuxi_1,337.0,0.1513353115727003,0.712166172106825,0.13649851632047477,0.0,30.0
D+2,2026-04,night,xuzhou_1,325.0,0.2523076923076923,0.6061538461538462,0.14153846153846153,0.0,33.0
D+2,2026-04,night,xuzhou_2,324.0,0.22839506172839505,0.6327160493827161,0.1388888888888889,0.0,28.0
D+2,2026-04,night,yancheng_1,329.0,0.16109422492401215,0.7051671732522796,0.1337386018237082,0.0,24.0
D+2,2026-04,night,yancheng_2,332.0,0.1716867469879518,0.7108433734939759,0.11746987951807229,0.0,25.0
D+2,2026-04,night,yancheng_3,331.0,0.1782477341389728,0.7371601208459214,0.08459214501510574,0.0,18.0
D+2,2026-05,day,changzhou_1,434.0,0.1728110599078341,0.5691244239631337,0.25806451612903225,0.0,57.0
D+2,2026-05,day,huai_an_1,434.0,0.21428571428571427,0.5414746543778802,0.24423963133640553,0.0,36.0
D+2,2026-05,day,huai_an_2,434.0,0.26497695852534564,0.5069124423963134,0.22811059907834103,0.0,33.0
D+2,2026-05,day,huai_an_3,434.0,0.20276497695852536,0.5230414746543779,0.27419354838709675,0.0,58.0
D+2,2026-05,day,lianyungang_1,434.0,0.2465437788018433,0.511520737327189,0.24193548387096775,0.0,46.0
D+2,2026-05,day,lianyungang_2,434.0,0.2880184331797235,0.5161290322580645,0.195852534562212,0.0,34.0
D+2,2026-05,day,nanjing_1,434.0,0.16129032258064516,0.5483870967741935,0.2903225806451613,0.0,59.0
D+2,2026-05,day,nanjing_2,434.0,0.14285714285714285,0.5875576036866359,0.2695852534562212,0.0,52.0
D+2,2026-05,day,nantong_1,434.0,0.17511520737327188,0.5645161290322581,0.26036866359447003,0.0,45.0
D+2,2026-05,day,nantong_2,434.0,0.16820276497695852,0.5460829493087558,0.2857142857142857,0.0,47.0
D+2,2026-05,day,suqian_1,434.0,0.2350230414746544,0.4769585253456221,0.2880184331797235,0.0,52.0
D+2,2026-05,day,suzhou_1,434.0,0.1774193548387097,0.5875576036866359,0.2350230414746544,0.0,50.0
D+2,2026-05,day,taizhou_1,434.0,0.19815668202764977,0.5483870967741935,0.2534562211981567,0.0,45.0
D+2,2026-05,day,taizhou_2,434.0,0.22811059907834103,0.5299539170506913,0.24193548387096775,0.0,50.0
D+2,2026-05,day,wuxi_1,434.0,0.16359447004608296,0.5875576036866359,0.2488479262672811,0.0,51.0
D+2,2026-05,day,xuzhou_1,434.0,0.2119815668202765,0.5599078341013825,0.22811059907834103,0.0,44.0
D+2,2026-05,day,xuzhou_2,434.0,0.22811059907834103,0.5069124423963134,0.26497695852534564,0.0,48.0
D+2,2026-05,day,yancheng_1,434.0,0.2880184331797235,0.5,0.2119815668202765,0.0,36.0
D+2,2026-05,day,yancheng_2,434.0,0.22119815668202766,0.532258064516129,0.2465437788018433,0.0,48.0
D+2,2026-05,day,yancheng_3,434.0,0.20967741935483872,0.5483870967741935,0.24193548387096775,0.0,36.0
D+2,2026-05,night,changzhou_1,310.0,0.12258064516129032,0.6129032258064516,0.2645161290322581,0.0,51.0
D+2,2026-05,night,huai_an_1,310.0,0.17096774193548386,0.6193548387096774,0.20967741935483872,0.0,35.0
D+2,2026-05,night,huai_an_2,310.0,0.20967741935483872,0.6387096774193548,0.15161290322580645,0.0,33.0
D+2,2026-05,night,huai_an_3,310.0,0.15161290322580645,0.6064516129032258,0.24193548387096775,0.0,44.0
D+2,2026-05,night,lianyungang_1,310.0,0.2064516129032258,0.5806451612903226,0.2129032258064516,0.0,38.0
D+2,2026-05,night,lianyungang_2,310.0,0.16774193548387098,0.632258064516129,0.2,0.0,33.0
D+2,2026-05,night,nanjing_1,310.0,0.1064516129032258,0.6612903225806451,0.23225806451612904,0.0,38.0
D+2,2026-05,night,nanjing_2,310.0,0.14193548387096774,0.6419354838709678,0.2161290322580645,0.0,40.0
D+2,2026-05,night,nantong_1,310.0,0.13225806451612904,0.6612903225806451,0.2064516129032258,0.0,31.0
D+2,2026-05,night,nantong_2,310.0,0.13548387096774195,0.632258064516129,0.23225806451612904,0.0,31.0
D+2,2026-05,night,suqian_1,310.0,0.1935483870967742,0.6096774193548387,0.1967741935483871,0.0,36.0
D+2,2026-05,night,suzhou_1,310.0,0.15806451612903225,0.6645161290322581,0.1774193548387097,0.0,33.0
D+2,2026-05,night,taizhou_1,310.0,0.14838709677419354,0.5967741935483871,0.25483870967741934,0.0,42.0
D+2,2026-05,night,taizhou_2,310.0,0.14838709677419354,0.5967741935483871,0.25483870967741934,0.0,39.0
D+2,2026-05,night,wuxi_1,310.0,0.15483870967741936,0.635483870967742,0.20967741935483872,0.0,28.0
D+2,2026-05,night,xuzhou_1,310.0,0.21935483870967742,0.5548387096774193,0.22580645161290322,0.0,42.0
D+2,2026-05,night,xuzhou_2,310.0,0.2064516129032258,0.5806451612903226,0.2129032258064516,0.0,41.0
D+2,2026-05,night,yancheng_1,310.0,0.20967741935483872,0.6387096774193548,0.15161290322580645,0.0,30.0
D+2,2026-05,night,yancheng_2,310.0,0.16451612903225807,0.5967741935483871,0.23870967741935484,0.0,35.0
D+2,2026-05,night,yancheng_3,310.0,0.17096774193548386,0.6225806451612903,0.2064516129032258,0.0,38.0
D+2,2026-06,day,changzhou_1,420.0,0.05476190476190476,0.6523809523809524,0.29285714285714287,0.0,63.0
D+2,2026-06,day,huai_an_1,420.0,0.11190476190476191,0.6857142857142857,0.20238095238095238,0.0,42.0
D+2,2026-06,day,huai_an_2,420.0,0.07857142857142857,0.6904761904761905,0.23095238095238096,0.0,49.0
D+2,2026-06,day,huai_an_3,420.0,0.13095238095238096,0.6309523809523809,0.23809523809523808,0.0,47.0
D+2,2026-06,day,lianyungang_1,420.0,0.05,0.6833333333333333,0.26666666666666666,0.0,52.0
D+2,2026-06,day,lianyungang_2,420.0,0.06190476190476191,0.6880952380952381,0.25,0.0,56.0
D+2,2026-06,day,nanjing_1,420.0,0.07857142857142857,0.65,0.2714285714285714,0.0,60.0
D+2,2026-06,day,nanjing_2,420.0,0.05238095238095238,0.6761904761904762,0.2714285714285714,0.0,58.0
D+2,2026-06,day,nantong_1,420.0,0.05952380952380952,0.7261904761904762,0.21428571428571427,0.0,50.0
D+2,2026-06,day,nantong_2,420.0,0.06190476190476191,0.7380952380952381,0.2,0.0,48.0
D+2,2026-06,day,suqian_1,420.0,0.0880952380952381,0.6142857142857143,0.2976190476190476,0.0,57.0
D+2,2026-06,day,suzhou_1,420.0,0.047619047619047616,0.7428571428571429,0.20952380952380953,0.0,51.0
D+2,2026-06,day,taizhou_1,420.0,0.09523809523809523,0.6976190476190476,0.20714285714285716,0.0,47.0
D+2,2026-06,day,taizhou_2,420.0,0.08333333333333333,0.7119047619047619,0.20476190476190476,0.0,42.0
D+2,2026-06,day,wuxi_1,420.0,0.08095238095238096,0.6833333333333333,0.2357142857142857,0.0,42.0
D+2,2026-06,day,xuzhou_1,420.0,0.11904761904761904,0.6071428571428571,0.27380952380952384,0.0,52.0
D+2,2026-06,day,xuzhou_2,420.0,0.0761904761904762,0.6238095238095238,0.3,0.0,54.0
D+2,2026-06,day,yancheng_1,420.0,0.08333333333333333,0.680952380952381,0.2357142857142857,0.0,44.0
D+2,2026-06,day,yancheng_2,420.0,0.09523809523809523,0.7285714285714285,0.1761904761904762,0.0,38.0
D+2,2026-06,day,yancheng_3,420.0,0.10238095238095238,0.7142857142857143,0.18333333333333332,0.0,33.0
D+2,2026-06,night,changzhou_1,300.0,0.06666666666666667,0.7233333333333334,0.21,0.0,41.0
D+2,2026-06,night,huai_an_1,300.0,0.08666666666666667,0.7066666666666667,0.20666666666666667,0.0,39.0
D+2,2026-06,night,huai_an_2,300.0,0.1,0.6866666666666666,0.21333333333333335,0.0,32.0
D+2,2026-06,night,huai_an_3,300.0,0.07666666666666666,0.73,0.19333333333333333,0.0,37.0
D+2,2026-06,night,lianyungang_1,300.0,0.09666666666666666,0.68,0.22333333333333333,0.0,39.0
D+2,2026-06,night,lianyungang_2,300.0,0.09,0.6666666666666666,0.24333333333333335,0.0,38.0
D+2,2026-06,night,nanjing_1,300.0,0.09,0.66,0.25,0.0,45.0
D+2,2026-06,night,nanjing_2,300.0,0.10666666666666667,0.7,0.19333333333333333,0.0,41.0
D+2,2026-06,night,nantong_1,300.0,0.06,0.7266666666666667,0.21333333333333335,0.0,43.0
D+2,2026-06,night,nantong_2,300.0,0.06666666666666667,0.77,0.16333333333333333,0.0,35.0
D+2,2026-06,night,suqian_1,300.0,0.10333333333333333,0.7033333333333334,0.19333333333333333,0.0,37.0
D+2,2026-06,night,suzhou_1,300.0,0.05333333333333334,0.76,0.18666666666666668,0.0,40.0
D+2,2026-06,night,taizhou_1,300.0,0.07666666666666666,0.75,0.17333333333333334,0.0,32.0
D+2,2026-06,night,taizhou_2,300.0,0.07666666666666666,0.76,0.16333333333333333,0.0,34.0
D+2,2026-06,night,wuxi_1,300.0,0.07666666666666666,0.7166666666666667,0.20666666666666667,0.0,44.0
D+2,2026-06,night,xuzhou_1,300.0,0.06666666666666667,0.6433333333333333,0.29,0.0,39.0
D+2,2026-06,night,xuzhou_2,300.0,0.09,0.69,0.22,0.0,29.0
D+2,2026-06,night,yancheng_1,300.0,0.09666666666666666,0.71,0.19333333333333333,0.0,27.0
D+2,2026-06,night,yancheng_2,300.0,0.08666666666666667,0.7866666666666666,0.12666666666666668,0.0,32.0
D+2,2026-06,night,yancheng_3,300.0,0.07666666666666666,0.7366666666666667,0.18666666666666668,0.0,32.0
D+2,2026-07,day,changzhou_1,434.0,0.059907834101382486,0.7258064516129032,0.21428571428571427,0.0,54.0
D+2,2026-07,day,huai_an_1,434.0,0.0967741935483871,0.7211981566820277,0.18202764976958524,0.0,48.0
D+2,2026-07,day,huai_an_2,434.0,0.07834101382488479,0.7050691244239631,0.21658986175115208,0.0,54.0
D+2,2026-07,day,huai_an_3,434.0,0.08525345622119816,0.684331797235023,0.2304147465437788,0.0,49.0
D+2,2026-07,day,lianyungang_1,434.0,0.07603686635944701,0.6244239631336406,0.2995391705069124,0.0,67.0
D+2,2026-07,day,lianyungang_2,434.0,0.08525345622119816,0.6405529953917051,0.27419354838709675,0.0,61.0
D+2,2026-07,day,nanjing_1,434.0,0.10138248847926268,0.7327188940092166,0.16589861751152074,0.0,46.0
D+2,2026-07,day,nanjing_2,434.0,0.09216589861751152,0.7534562211981567,0.1543778801843318,0.0,45.0
D+2,2026-07,day,nantong_1,434.0,0.07373271889400922,0.7511520737327189,0.17511520737327188,0.0,41.0
D+2,2026-07,day,nantong_2,434.0,0.06912442396313365,0.7027649769585254,0.22811059907834103,0.0,53.0
D+2,2026-07,day,suqian_1,434.0,0.09907834101382489,0.6705069124423964,0.2304147465437788,0.0,57.0
D+2,2026-07,day,suzhou_1,434.0,0.07834101382488479,0.771889400921659,0.1497695852534562,0.0,36.0
D+2,2026-07,day,taizhou_1,434.0,0.08064516129032258,0.7327188940092166,0.18663594470046083,0.0,43.0
D+2,2026-07,day,taizhou_2,434.0,0.07142857142857142,0.7534562211981567,0.17511520737327188,0.0,39.0
D+2,2026-07,day,wuxi_1,434.0,0.08064516129032258,0.7188940092165899,0.20046082949308755,0.0,43.0
D+2,2026-07,day,xuzhou_1,434.0,0.1152073732718894,0.5783410138248848,0.3064516129032258,0.0,69.0
D+2,2026-07,day,xuzhou_2,434.0,0.0944700460829493,0.5921658986175116,0.31336405529953915,0.0,72.0
D+2,2026-07,day,yancheng_1,434.0,0.07142857142857142,0.7465437788018433,0.18202764976958524,0.0,47.0
D+2,2026-07,day,yancheng_2,434.0,0.08294930875576037,0.7580645161290323,0.15898617511520738,0.0,45.0
D+2,2026-07,day,yancheng_3,434.0,0.0944700460829493,0.7488479262672811,0.15668202764976957,0.0,39.0
D+2,2026-07,night,changzhou_1,310.0,0.1064516129032258,0.7774193548387097,0.11612903225806452,0.0,27.0
D+2,2026-07,night,huai_an_1,310.0,0.0967741935483871,0.7258064516129032,0.1774193548387097,0.0,37.0
D+2,2026-07,night,huai_an_2,310.0,0.1032258064516129,0.667741935483871,0.22903225806451613,0.0,40.0
D+2,2026-07,night,huai_an_3,310.0,0.08064516129032258,0.6903225806451613,0.22903225806451613,0.0,46.0
D+2,2026-07,night,lianyungang_1,310.0,0.15806451612903225,0.4870967741935484,0.3548387096774194,0.0,58.0
D+2,2026-07,night,lianyungang_2,310.0,0.10967741935483871,0.6,0.2903225806451613,0.0,47.0
D+2,2026-07,night,nanjing_1,310.0,0.07741935483870968,0.7161290322580646,0.2064516129032258,0.0,46.0
D+2,2026-07,night,nanjing_2,310.0,0.1032258064516129,0.7096774193548387,0.1870967741935484,0.0,39.0
D+2,2026-07,night,nantong_1,310.0,0.1032258064516129,0.7516129032258064,0.14516129032258066,0.0,32.0
D+2,2026-07,night,nantong_2,310.0,0.11935483870967742,0.7354838709677419,0.14516129032258066,0.0,25.0
D+2,2026-07,night,suqian_1,310.0,0.12258064516129032,0.5709677419354838,0.3064516129032258,0.0,58.0
D+2,2026-07,night,suzhou_1,310.0,0.10967741935483871,0.7322580645161291,0.15806451612903225,0.0,31.0
D+2,2026-07,night,taizhou_1,310.0,0.11612903225806452,0.7580645161290323,0.12580645161290321,0.0,32.0
D+2,2026-07,night,taizhou_2,310.0,0.11290322580645161,0.7483870967741936,0.13870967741935483,0.0,30.0
D+2,2026-07,night,wuxi_1,310.0,0.11290322580645161,0.7483870967741936,0.13870967741935483,0.0,23.0
D+2,2026-07,night,xuzhou_1,310.0,0.2129032258064516,0.5967741935483871,0.19032258064516128,0.0,40.0
D+2,2026-07,night,xuzhou_2,310.0,0.23225806451612904,0.5741935483870968,0.1935483870967742,0.0,43.0
D+2,2026-07,night,yancheng_1,310.0,0.11290322580645161,0.6774193548387096,0.20967741935483872,0.0,36.0
D+2,2026-07,night,yancheng_2,310.0,0.11935483870967742,0.7129032258064516,0.16774193548387098,0.0,35.0
D+2,2026-07,night,yancheng_3,310.0,0.0935483870967742,0.7419354838709677,0.16451612903225807,0.0,33.0
D+2,2026-08,day,changzhou_1,416.0,0.12740384615384615,0.4519230769230769,0.4206730769230769,0.0,79.0
D+2,2026-08,day,huai_an_1,420.0,0.18095238095238095,0.4523809523809524,0.36666666666666664,0.0,69.0
D+2,2026-08,day,huai_an_2,421.0,0.1828978622327791,0.5273159144893111,0.28978622327790976,0.0,62.0
D+2,2026-08,day,huai_an_3,417.0,0.17985611510791366,0.3932853717026379,0.42685851318944845,0.0,81.0
D+2,2026-08,day,lianyungang_1,420.0,0.22380952380952382,0.4642857142857143,0.3119047619047619,0.0,71.0
D+2,2026-08,day,lianyungang_2,424.0,0.2169811320754717,0.4882075471698113,0.294811320754717,0.0,68.0
D+2,2026-08,day,nanjing_1,414.0,0.1570048309178744,0.42995169082125606,0.41304347826086957,0.0,83.0
D+2,2026-08,day,nanjing_2,414.0,0.1497584541062802,0.41304347826086957,0.43719806763285024,0.0,81.0
D+2,2026-08,day,nantong_1,421.0,0.17339667458432304,0.4750593824228028,0.3515439429928741,0.0,63.0
D+2,2026-08,day,nantong_2,423.0,0.2198581560283688,0.44680851063829785,0.3333333333333333,0.0,49.0
D+2,2026-08,day,suqian_1,417.0,0.19424460431654678,0.4364508393285372,0.36930455635491605,0.0,74.0
D+2,2026-08,day,suzhou_1,420.0,0.10952380952380952,0.5285714285714286,0.3619047619047619,0.0,70.0
D+2,2026-08,day,taizhou_1,419.0,0.14081145584725538,0.4677804295942721,0.3914081145584726,0.0,73.0
D+2,2026-08,day,taizhou_2,422.0,0.17535545023696683,0.4928909952606635,0.33175355450236965,0.0,63.0
D+2,2026-08,day,wuxi_1,417.0,0.1510791366906475,0.4844124700239808,0.3645083932853717,0.0,71.0
D+2,2026-08,day,xuzhou_1,410.0,0.2073170731707317,0.43658536585365854,0.35609756097560974,0.0,67.0
D+2,2026-08,day,xuzhou_2,413.0,0.2397094430992736,0.43099273607748184,0.32929782082324455,0.0,70.0
D+2,2026-08,day,yancheng_1,422.0,0.1848341232227488,0.509478672985782,0.3056872037914692,0.0,61.0
D+2,2026-08,day,yancheng_2,423.0,0.17966903073286053,0.48699763593380613,0.3333333333333333,0.0,60.0
D+2,2026-08,day,yancheng_3,421.0,0.1876484560570071,0.47743467933491684,0.334916864608076,0.0,63.0
D+2,2026-08,night,changzhou_1,328.0,0.11890243902439024,0.42378048780487804,0.4573170731707317,0.0,73.0
D+2,2026-08,night,huai_an_1,324.0,0.1419753086419753,0.4537037037037037,0.404320987654321,0.0,61.0
D+2,2026-08,night,huai_an_2,323.0,0.20123839009287925,0.5077399380804953,0.29102167182662536,0.0,48.0
D+2,2026-08,night,huai_an_3,327.0,0.1743119266055046,0.43119266055045874,0.3944954128440367,0.0,67.0
D+2,2026-08,night,lianyungang_1,324.0,0.2037037037037037,0.43209876543209874,0.36419753086419754,0.0,61.0
D+2,2026-08,night,lianyungang_2,320.0,0.2,0.471875,0.328125,0.0,54.0
D+2,2026-08,night,nanjing_1,330.0,0.12121212121212122,0.4484848484848485,0.4303030303030303,0.0,67.0
D+2,2026-08,night,nanjing_2,330.0,0.13333333333333333,0.41515151515151516,0.45151515151515154,0.0,71.0
D+2,2026-08,night,nantong_1,323.0,0.17647058823529413,0.4551083591331269,0.3684210526315789,0.0,56.0
D+2,2026-08,night,nantong_2,321.0,0.205607476635514,0.4766355140186916,0.3177570093457944,0.0,42.0
D+2,2026-08,night,suqian_1,327.0,0.17737003058103976,0.43425076452599387,0.38837920489296635,0.0,56.0
D+2,2026-08,night,suzhou_1,324.0,0.1697530864197531,0.46296296296296297,0.36728395061728397,0.0,51.0
D+2,2026-08,night,taizhou_1,325.0,0.12923076923076923,0.47384615384615386,0.39692307692307693,0.0,45.0
D+2,2026-08,night,taizhou_2,322.0,0.15838509316770186,0.468944099378882,0.37267080745341613,0.0,59.0
D+2,2026-08,night,wuxi_1,327.0,0.1834862385321101,0.44036697247706424,0.3761467889908257,0.0,63.0
D+2,2026-08,night,xuzhou_1,334.0,0.2215568862275449,0.38922155688622756,0.38922155688622756,0.0,61.0
D+2,2026-08,night,xuzhou_2,331.0,0.1933534743202417,0.4471299093655589,0.3595166163141994,0.0,62.0
D+2,2026-08,night,yancheng_1,322.0,0.2204968944099379,0.5217391304347826,0.2577639751552795,0.0,40.0
D+2,2026-08,night,yancheng_2,321.0,0.1838006230529595,0.4984423676012461,0.3177570093457944,0.0,44.0
D+2,2026-08,night,yancheng_3,323.0,0.13312693498452013,0.47678018575851394,0.39009287925696595,0.0,53.0
D+3,2024-02,day,changzhou_1,320.0,0.115625,0.7,0.18125,0.003125,33.0
D+3,2024-02,day,huai_an_1,319.0,0.11285266457680251,0.7241379310344828,0.16300940438871472,0.0,30.0
D+3,2024-02,day,huai_an_2,319.0,0.12225705329153605,0.7147335423197492,0.16300940438871472,0.0,36.0
D+3,2024-02,day,huai_an_3,319.0,0.10344827586206896,0.7617554858934169,0.13479623824451412,0.0,30.0
D+3,2024-02,day,lianyungang_1,319.0,0.11598746081504702,0.6677115987460815,0.21630094043887146,0.0,41.0
D+3,2024-02,day,lianyungang_2,318.0,0.12578616352201258,0.7075471698113207,0.16666666666666666,0.0,29.0
D+3,2024-02,day,nanjing_1,319.0,0.11285266457680251,0.6865203761755486,0.2006269592476489,0.0,40.0
D+3,2024-02,day,nanjing_2,319.0,0.11598746081504702,0.6896551724137931,0.19435736677115986,0.0,34.0
D+3,2024-02,day,nantong_1,322.0,0.13975155279503104,0.7080745341614907,0.14906832298136646,0.003105590062111801,32.0
D+3,2024-02,day,nantong_2,321.0,0.11214953271028037,0.7320872274143302,0.1557632398753894,0.0,29.0
D+3,2024-02,day,suqian_1,319.0,0.10344827586206896,0.7241379310344828,0.1724137931034483,0.0,33.0
D+3,2024-02,day,suzhou_1,323.0,0.10835913312693499,0.7213622291021672,0.17027863777089783,0.0,31.0
D+3,2024-02,day,taizhou_1,320.0,0.128125,0.70625,0.165625,0.0,32.0
D+3,2024-02,day,taizhou_2,319.0,0.14420062695924765,0.7304075235109718,0.12539184952978055,0.0,26.0
D+3,2024-02,day,wuxi_1,322.0,0.13354037267080746,0.7391304347826086,0.12732919254658384,0.0,24.0
D+3,2024-02,day,xuzhou_1,319.0,0.16614420062695925,0.658307210031348,0.1755485893416928,0.0,33.0
D+3,2024-02,day,xuzhou_2,319.0,0.10658307210031348,0.664576802507837,0.22884012539184953,0.0,40.0
D+3,2024-02,day,yancheng_1,318.0,0.11635220125786164,0.7232704402515723,0.16037735849056603,0.0,27.0
D+3,2024-02,day,yancheng_2,319.0,0.11912225705329153,0.7084639498432602,0.16927899686520376,0.003134796238244514,33.0
D+3,2024-02,day,yancheng_3,319.0,0.11912225705329153,0.7272727272727273,0.1536050156739812,0.0,30.0
D+3,2024-02,night,changzhou_1,376.0,0.1196808510638298,0.6914893617021277,0.18882978723404256,0.0,45.0
D+3,2024-02,night,huai_an_1,377.0,0.13262599469496023,0.6976127320954907,0.16976127320954906,0.0,40.0
D+3,2024-02,night,huai_an_2,377.0,0.13793103448275862,0.6923076923076923,0.16976127320954906,0.0,36.0
D+3,2024-02,night,huai_an_3,377.0,0.129973474801061,0.6949602122015915,0.17506631299734748,0.0,42.0
D+3,2024-02,night,lianyungang_1,377.0,0.17506631299734748,0.5862068965517241,0.23872679045092837,0.0,46.0
D+3,2024-02,night,lianyungang_2,378.0,0.164021164021164,0.6402116402116402,0.19576719576719576,0.0,46.0
D+3,2024-02,night,nanjing_1,377.0,0.1220159151193634,0.6843501326259946,0.19363395225464192,0.0,52.0
D+3,2024-02,night,nanjing_2,377.0,0.1246684350132626,0.7029177718832891,0.1724137931034483,0.0,45.0
D+3,2024-02,night,nantong_1,374.0,0.11497326203208556,0.7406417112299465,0.1443850267379679,0.0,35.0
D+3,2024-02,night,nantong_2,375.0,0.10666666666666667,0.728,0.16533333333333333,0.0,37.0
D+3,2024-02,night,suqian_1,377.0,0.14854111405835543,0.6578249336870027,0.1909814323607427,0.002652519893899204,46.0
D+3,2024-02,night,suzhou_1,373.0,0.12064343163538874,0.710455764075067,0.16890080428954424,0.0,41.0
D+3,2024-02,night,taizhou_1,376.0,0.13031914893617022,0.6968085106382979,0.17287234042553193,0.0,40.0
D+3,2024-02,night,taizhou_2,377.0,0.1273209549071618,0.7480106100795756,0.1246684350132626,0.0,34.0
D+3,2024-02,night,wuxi_1,374.0,0.12566844919786097,0.7165775401069518,0.15775401069518716,0.0,31.0
D+3,2024-02,night,xuzhou_1,377.0,0.21485411140583555,0.5729442970822282,0.21220159151193635,0.0,46.0
D+3,2024-02,night,xuzhou_2,377.0,0.16976127320954906,0.583554376657825,0.2440318302387268,0.002652519893899204,53.0
D+3,2024-02,night,yancheng_1,378.0,0.1455026455026455,0.6931216931216931,0.15873015873015872,0.0026455026455026454,40.0
D+3,2024-02,night,yancheng_2,377.0,0.13527851458885942,0.753315649867374,0.11140583554376658,0.0,33.0
D+3,2024-02,night,yancheng_3,377.0,0.129973474801061,0.7108753315649867,0.15915119363395225,0.0,39.0
D+3,2024-03,day,changzhou_1,372.0,0.13440860215053763,0.6478494623655914,0.21774193548387097,0.0,37.0
D+3,2024-03,day,huai_an_1,371.0,0.1509433962264151,0.6549865229110512,0.1940700808625337,0.0,34.0
D+3,2024-03,day,huai_an_2,371.0,0.20754716981132076,0.6091644204851752,0.18059299191374664,0.0026954177897574125,30.0
D+3,2024-03,day,huai_an_3,368.0,0.17391304347826086,0.6358695652173914,0.1875,0.002717391304347826,40.0
D+3,2024-03,day,lianyungang_1,368.0,0.296195652173913,0.5353260869565217,0.16847826086956522,0.0,29.0
D+3,2024-03,day,lianyungang_2,370.0,0.2864864864864865,0.5243243243243243,0.1891891891891892,0.0,34.0
D+3,2024-03,day,nanjing_1,369.0,0.12195121951219512,0.6802168021680217,0.1978319783197832,0.0,35.0
D+3,2024-03,day,nanjing_2,371.0,0.12398921832884097,0.6576819407008087,0.2183288409703504,0.0,39.0
D+3,2024-03,day,nantong_1,372.0,0.13709677419354838,0.6639784946236559,0.1989247311827957,0.0,29.0
D+3,2024-03,day,nantong_2,372.0,0.1478494623655914,0.6424731182795699,0.20967741935483872,0.0,40.0
D+3,2024-03,day,suqian_1,367.0,0.1989100817438692,0.5994550408719346,0.2016348773841962,0.0,35.0
D+3,2024-03,day,suzhou_1,372.0,0.1478494623655914,0.6424731182795699,0.20967741935483872,0.0,43.0
D+3,2024-03,day,taizhou_1,372.0,0.1586021505376344,0.6720430107526881,0.1693548387096774,0.0,34.0
D+3,2024-03,day,taizhou_2,372.0,0.1586021505376344,0.6478494623655914,0.19086021505376344,0.002688172043010753,35.0
D+3,2024-03,day,wuxi_1,372.0,0.15591397849462366,0.6317204301075269,0.20967741935483872,0.002688172043010753,40.0
D+3,2024-03,day,xuzhou_1,366.0,0.28415300546448086,0.6038251366120219,0.10655737704918032,0.00546448087431694,21.0
D+3,2024-03,day,xuzhou_2,364.0,0.23076923076923078,0.5851648351648352,0.18406593406593408,0.0,31.0
D+3,2024-03,day,yancheng_1,372.0,0.20967741935483872,0.6209677419354839,0.1693548387096774,0.0,31.0
D+3,2024-03,day,yancheng_2,372.0,0.15053763440860216,0.6424731182795699,0.20698924731182797,0.0,37.0
D+3,2024-03,day,yancheng_3,372.0,0.15591397849462366,0.6532258064516129,0.18548387096774194,0.005376344086021506,34.0
D+3,2024-03,night,changzhou_1,372.0,0.12903225806451613,0.6397849462365591,0.22849462365591397,0.002688172043010753,41.0
D+3,2024-03,night,huai_an_1,373.0,0.1769436997319035,0.6621983914209115,0.16085790884718498,0.0,36.0
D+3,2024-03,night,huai_an_2,373.0,0.21983914209115282,0.6300268096514745,0.15013404825737264,0.0,28.0
D+3,2024-03,night,huai_an_3,376.0,0.19414893617021275,0.6595744680851063,0.14361702127659576,0.0026595744680851063,35.0
D+3,2024-03,night,lianyungang_1,376.0,0.2712765957446808,0.5478723404255319,0.17819148936170212,0.0026595744680851063,36.0
D+3,2024-03,night,lianyungang_2,374.0,0.28342245989304815,0.5614973262032086,0.15508021390374332,0.0,32.0
D+3,2024-03,night,nanjing_1,375.0,0.16,0.6666666666666666,0.17066666666666666,0.0026666666666666666,35.0
D+3,2024-03,night,nanjing_2,373.0,0.128686327077748,0.6407506702412868,0.22788203753351208,0.002680965147453083,36.0
D+3,2024-03,night,nantong_1,372.0,0.13709677419354838,0.6586021505376344,0.20161290322580644,0.002688172043010753,33.0
D+3,2024-03,night,nantong_2,372.0,0.13172043010752688,0.6290322580645161,0.239247311827957,0.0,42.0
D+3,2024-03,night,suqian_1,377.0,0.1962864721485411,0.6047745358090185,0.1989389920424403,0.0,40.0
D+3,2024-03,night,suzhou_1,372.0,0.14516129032258066,0.6478494623655914,0.20698924731182797,0.0,41.0
D+3,2024-03,night,taizhou_1,372.0,0.17473118279569894,0.6747311827956989,0.15053763440860216,0.0,26.0
D+3,2024-03,night,taizhou_2,372.0,0.1774193548387097,0.6451612903225806,0.1774193548387097,0.0,34.0
D+3,2024-03,night,wuxi_1,372.0,0.12634408602150538,0.6532258064516129,0.22043010752688172,0.0,38.0
D+3,2024-03,night,xuzhou_1,378.0,0.2566137566137566,0.5529100529100529,0.19047619047619047,0.0,39.0
D+3,2024-03,night,xuzhou_2,380.0,0.23421052631578948,0.5605263157894737,0.20526315789473684,0.0,39.0
D+3,2024-03,night,yancheng_1,372.0,0.21774193548387097,0.6129032258064516,0.1693548387096774,0.0,26.0
D+3,2024-03,night,yancheng_2,372.0,0.1935483870967742,0.6317204301075269,0.17204301075268819,0.002688172043010753,38.0
D+3,2024-03,night,yancheng_3,372.0,0.1774193548387097,0.6586021505376344,0.1639784946236559,0.0,34.0
D+3,2024-04,day,changzhou_1,386.0,0.025906735751295335,0.8186528497409327,0.15544041450777202,0.0,38.0
D+3,2024-04,day,huai_an_1,391.0,0.043478260869565216,0.7365728900255755,0.21994884910485935,0.0,56.0
D+3,2024-04,day,huai_an_2,393.0,0.08396946564885496,0.7201017811704835,0.19592875318066158,0.0,43.0
D+3,2024-04,day,huai_an_3,393.0,0.07124681933842239,0.712468193384224,0.21628498727735368,0.0,52.0
D+3,2024-04,day,lianyungang_1,396.0,0.13131313131313133,0.6414141414141414,0.22474747474747475,0.0025252525252525255,56.0
D+3,2024-04,day,lianyungang_2,394.0,0.12690355329949238,0.6370558375634517,0.233502538071066,0.0025380710659898475,47.0
D+3,2024-04,day,nanjing_1,390.0,0.03076923076923077,0.7666666666666667,0.20256410256410257,0.0,49.0
D+3,2024-04,day,nanjing_2,387.0,0.023255813953488372,0.8087855297157622,0.16795865633074936,0.0,42.0
D+3,2024-04,day,nantong_1,384.0,0.0625,0.8177083333333334,0.11979166666666667,0.0,33.0
D+3,2024-04,day,nantong_2,382.0,0.060209424083769635,0.824607329842932,0.11518324607329843,0.0,26.0
D+3,2024-04,day,suqian_1,395.0,0.08860759493670886,0.7164556962025317,0.1949367088607595,0.0,46.0
D+3,2024-04,day,suzhou_1,384.0,0.057291666666666664,0.8333333333333334,0.10677083333333333,0.0026041666666666665,29.0
D+3,2024-04,day,taizhou_1,389.0,0.05141388174807198,0.7609254498714653,0.18508997429305912,0.002570694087403599,50.0
D+3,2024-04,day,taizhou_2,388.0,0.04639175257731959,0.7860824742268041,0.16752577319587628,0.0,44.0
D+3,2024-04,day,wuxi_1,384.0,0.0390625,0.828125,0.1328125,0.0,38.0
D+3,2024-04,day,xuzhou_1,396.0,0.12878787878787878,0.648989898989899,0.2222222222222222,0.0,48.0
D+3,2024-04,day,xuzhou_2,397.0,0.09319899244332494,0.6523929471032746,0.25440806045340053,0.0,58.0
D+3,2024-04,day,yancheng_1,392.0,0.08163265306122448,0.6989795918367347,0.2193877551020408,0.0,46.0
D+3,2024-04,day,yancheng_2,388.0,0.05412371134020619,0.7010309278350515,0.24484536082474226,0.0,52.0
D+3,2024-04,day,yancheng_3,391.0,0.03836317135549872,0.7621483375959079,0.19948849104859334,0.0,44.0
D+3,2024-04,night,changzhou_1,334.0,0.014970059880239521,0.8652694610778443,0.11976047904191617,0.0,33.0
D+3,2024-04,night,huai_an_1,329.0,0.0425531914893617,0.8054711246200608,0.1519756838905775,0.0,35.0
D+3,2024-04,night,huai_an_2,327.0,0.08868501529051988,0.8195718654434251,0.09174311926605505,0.0,20.0
D+3,2024-04,night,huai_an_3,327.0,0.045871559633027525,0.8042813455657493,0.14984709480122324,0.0,36.0
D+3,2024-04,night,lianyungang_1,324.0,0.09567901234567901,0.7253086419753086,0.17901234567901234,0.0,45.0
D+3,2024-04,night,lianyungang_2,326.0,0.10122699386503067,0.7300613496932515,0.1687116564417178,0.0,38.0
D+3,2024-04,night,nanjing_1,330.0,0.01818181818181818,0.8606060606060606,0.12121212121212122,0.0,28.0
D+3,2024-04,night,nanjing_2,333.0,0.015015015015015015,0.8408408408408409,0.14414414414414414,0.0,36.0
D+3,2024-04,night,nantong_1,336.0,0.020833333333333332,0.8809523809523809,0.09821428571428571,0.0,27.0
D+3,2024-04,night,nantong_2,338.0,0.023668639053254437,0.8727810650887574,0.10355029585798817,0.0,25.0
D+3,2024-04,night,suqian_1,325.0,0.06461538461538462,0.76,0.1753846153846154,0.0,41.0
D+3,2024-04,night,suzhou_1,336.0,0.01488095238095238,0.8809523809523809,0.10416666666666667,0.0,29.0
D+3,2024-04,night,taizhou_1,331.0,0.03625377643504532,0.8700906344410876,0.09365558912386707,0.0,22.0
D+3,2024-04,night,taizhou_2,332.0,0.03313253012048193,0.8885542168674698,0.0783132530120482,0.0,22.0
D+3,2024-04,night,wuxi_1,336.0,0.008928571428571428,0.9315476190476191,0.05952380952380952,0.0,15.0
D+3,2024-04,night,xuzhou_1,324.0,0.12654320987654322,0.7129629629629629,0.16049382716049382,0.0,38.0
D+3,2024-04,night,xuzhou_2,323.0,0.07430340557275542,0.7554179566563467,0.16718266253869968,0.0030959752321981426,35.0
D+3,2024-04,night,yancheng_1,328.0,0.07926829268292683,0.8170731707317073,0.10365853658536585,0.0,23.0
D+3,2024-04,night,yancheng_2,332.0,0.04216867469879518,0.8644578313253012,0.09337349397590361,0.0,22.0
D+3,2024-04,night,yancheng_3,329.0,0.0425531914893617,0.851063829787234,0.10638297872340426,0.0,24.0
D+3,2024-05,day,changzhou_1,434.0,0.2465437788018433,0.49078341013824883,0.26036866359447003,0.002304147465437788,59.0
D+3,2024-05,day,huai_an_1,434.0,0.26497695852534564,0.4700460829493088,0.26497695852534564,0.0,39.0
D+3,2024-05,day,huai_an_2,434.0,0.315668202764977,0.45622119815668205,0.22811059907834103,0.0,36.0
D+3,2024-05,day,huai_an_3,434.0,0.24193548387096775,0.4216589861751152,0.33640552995391704,0.0,47.0
D+3,2024-05,day,lianyungang_1,434.0,0.3087557603686636,0.4308755760368664,0.26036866359447003,0.0,48.0
D+3,2024-05,day,lianyungang_2,434.0,0.31797235023041476,0.41935483870967744,0.2626728110599078,0.0,42.0
D+3,2024-05,day,nanjing_1,434.0,0.271889400921659,0.45622119815668205,0.2695852534562212,0.002304147465437788,51.0
D+3,2024-05,day,nanjing_2,434.0,0.26036866359447003,0.4700460829493088,0.2695852534562212,0.0,62.0
D+3,2024-05,day,nantong_1,434.0,0.2465437788018433,0.5023041474654378,0.2488479262672811,0.002304147465437788,51.0
D+3,2024-05,day,nantong_2,434.0,0.23963133640552994,0.4976958525345622,0.26036866359447003,0.002304147465437788,44.0
D+3,2024-05,day,suqian_1,434.0,0.31336405529953915,0.41013824884792627,0.27419354838709675,0.002304147465437788,48.0
D+3,2024-05,day,suzhou_1,434.0,0.2073732718894009,0.5230414746543779,0.2695852534562212,0.0,51.0
D+3,2024-05,day,taizhou_1,434.0,0.29723502304147464,0.48847926267281105,0.21428571428571427,0.0,40.0
D+3,2024-05,day,taizhou_2,434.0,0.29723502304147464,0.4861751152073733,0.21658986175115208,0.0,35.0
D+3,2024-05,day,wuxi_1,434.0,0.22119815668202766,0.5599078341013825,0.21889400921658986,0.0,48.0
D+3,2024-05,day,xuzhou_1,434.0,0.30184331797235026,0.39400921658986177,0.30184331797235026,0.002304147465437788,57.0
D+3,2024-05,day,xuzhou_2,434.0,0.30414746543778803,0.42857142857142855,0.2672811059907834,0.0,43.0
D+3,2024-05,day,yancheng_1,434.0,0.31105990783410137,0.44930875576036866,0.23963133640552994,0.0,40.0
D+3,2024-05,day,yancheng_2,434.0,0.27419354838709675,0.4861751152073733,0.23963133640552994,0.0,33.0
D+3,2024-05,day,yancheng_3,434.0,0.2695852534562212,0.47235023041474655,0.25806451612903225,0.0,32.0
D+3,2024-05,night,changzhou_1,310.0,0.25161290322580643,0.5161290322580645,0.23225806451612904,0.0,45.0
D+3,2024-05,night,huai_an_1,310.0,0.3,0.45161290322580644,0.24838709677419354,0.0,34.0
D+3,2024-05,night,huai_an_2,310.0,0.267741935483871,0.4645161290322581,0.2645161290322581,0.0032258064516129032,39.0
D+3,2024-05,night,huai_an_3,310.0,0.2709677419354839,0.44193548387096776,0.2870967741935484,0.0,42.0
D+3,2024-05,night,lianyungang_1,310.0,0.267741935483871,0.4645161290322581,0.2645161290322581,0.0032258064516129032,42.0
D+3,2024-05,night,lianyungang_2,310.0,0.267741935483871,0.5064516129032258,0.22258064516129034,0.0032258064516129032,35.0
D+3,2024-05,night,nanjing_1,310.0,0.3161290322580645,0.45161290322580644,0.23225806451612904,0.0,40.0
D+3,2024-05,night,nanjing_2,310.0,0.267741935483871,0.5032258064516129,0.22580645161290322,0.0032258064516129032,42.0
D+3,2024-05,night,nantong_1,310.0,0.3161290322580645,0.5193548387096775,0.16451612903225807,0.0,35.0
D+3,2024-05,night,nantong_2,310.0,0.31290322580645163,0.532258064516129,0.15483870967741936,0.0,34.0
D+3,2024-05,night,suqian_1,310.0,0.23548387096774193,0.47096774193548385,0.29354838709677417,0.0,40.0
D+3,2024-05,night,suzhou_1,310.0,0.267741935483871,0.5548387096774193,0.1774193548387097,0.0,37.0
D+3,2024-05,night,taizhou_1,310.0,0.3064516129032258,0.4645161290322581,0.22903225806451613,0.0,30.0
D+3,2024-05,night,taizhou_2,310.0,0.33548387096774196,0.4612903225806452,0.2032258064516129,0.0,34.0
D+3,2024-05,night,wuxi_1,310.0,0.22580645161290322,0.5741935483870968,0.2,0.0,38.0
D+3,2024-05,night,xuzhou_1,310.0,0.23870967741935484,0.45161290322580644,0.3064516129032258,0.0032258064516129032,50.0
D+3,2024-05,night,xuzhou_2,310.0,0.22903225806451613,0.4645161290322581,0.3064516129032258,0.0,46.0
D+3,2024-05,night,yancheng_1,310.0,0.267741935483871,0.4838709677419355,0.24838709677419354,0.0,29.0
D+3,2024-05,night,yancheng_2,310.0,0.3,0.47419354838709676,0.22580645161290322,0.0,26.0
D+3,2024-05,night,yancheng_3,310.0,0.29354838709677417,0.4645161290322581,0.24193548387096775,0.0,35.0
D+3,2024-06,day,changzhou_1,420.0,0.02857142857142857,0.7880952380952381,0.18095238095238095,0.002380952380952381,47.0
D+3,2024-06,day,huai_an_1,420.0,0.06428571428571428,0.75,0.18571428571428572,0.0,41.0
D+3,2024-06,day,huai_an_2,420.0,0.09523809523809523,0.6880952380952381,0.21428571428571427,0.002380952380952381,43.0
D+3,2024-06,day,huai_an_3,420.0,0.06666666666666667,0.7309523809523809,0.20238095238095238,0.0,49.0
D+3,2024-06,day,lianyungang_1,420.0,0.10714285714285714,0.6071428571428571,0.2833333333333333,0.002380952380952381,55.0
D+3,2024-06,day,lianyungang_2,420.0,0.09047619047619047,0.6547619047619048,0.25476190476190474,0.0,50.0
D+3,2024-06,day,nanjing_1,420.0,0.02857142857142857,0.7380952380952381,0.23333333333333334,0.0,55.0
D+3,2024-06,day,nanjing_2,420.0,0.02142857142857143,0.7428571428571429,0.2357142857142857,0.0,57.0
D+3,2024-06,day,nantong_1,420.0,0.023809523809523808,0.8404761904761905,0.1357142857142857,0.0,42.0
D+3,2024-06,day,nantong_2,420.0,0.03333333333333333,0.8404761904761905,0.12142857142857143,0.004761904761904762,36.0
D+3,2024-06,day,suqian_1,420.0,0.08095238095238096,0.6952380952380952,0.22380952380952382,0.0,51.0
D+3,2024-06,day,suzhou_1,420.0,0.03333333333333333,0.8333333333333334,0.13333333333333333,0.0,40.0
D+3,2024-06,day,taizhou_1,420.0,0.05,0.7904761904761904,0.1595238095238095,0.0,37.0
D+3,2024-06,day,taizhou_2,420.0,0.03571428571428571,0.7952380952380952,0.16666666666666666,0.002380952380952381,39.0
D+3,2024-06,day,wuxi_1,420.0,0.0380952380952381,0.8333333333333334,0.12857142857142856,0.0,34.0
D+3,2024-06,day,xuzhou_1,420.0,0.11904761904761904,0.5880952380952381,0.29285714285714287,0.0,56.0
D+3,2024-06,day,xuzhou_2,420.0,0.09761904761904762,0.6214285714285714,0.2785714285714286,0.002380952380952381,55.0
D+3,2024-06,day,yancheng_1,420.0,0.0880952380952381,0.6928571428571428,0.21666666666666667,0.002380952380952381,40.0
D+3,2024-06,day,yancheng_2,420.0,0.05476190476190476,0.7714285714285715,0.1738095238095238,0.0,42.0
D+3,2024-06,day,yancheng_3,420.0,0.05476190476190476,0.7642857142857142,0.18095238095238095,0.0,34.0
D+3,2024-06,night,changzhou_1,300.0,0.07333333333333333,0.7666666666666667,0.15666666666666668,0.0033333333333333335,37.0
D+3,2024-06,night,huai_an_1,300.0,0.11666666666666667,0.7733333333333333,0.11,0.0,24.0
D+3,2024-06,night,huai_an_2,300.0,0.10333333333333333,0.7566666666666667,0.14,0.0,21.0
D+3,2024-06,night,huai_an_3,300.0,0.11666666666666667,0.7166666666666667,0.16666666666666666,0.0,36.0
D+3,2024-06,night,lianyungang_1,300.0,0.15333333333333332,0.6633333333333333,0.18,0.0033333333333333335,29.0
D+3,2024-06,night,lianyungang_2,300.0,0.14,0.7,0.16,0.0,24.0
D+3,2024-06,night,nanjing_1,300.0,0.08333333333333333,0.78,0.13666666666666666,0.0,30.0
D+3,2024-06,night,nanjing_2,300.0,0.08333333333333333,0.7533333333333333,0.16,0.0033333333333333335,40.0
D+3,2024-06,night,nantong_1,300.0,0.03,0.8633333333333333,0.10666666666666667,0.0,24.0
D+3,2024-06,night,nantong_2,300.0,0.006666666666666667,0.8733333333333333,0.11666666666666667,0.0033333333333333335,30.0
D+3,2024-06,night,suqian_1,300.0,0.16666666666666666,0.68,0.15333333333333332,0.0,26.0
D+3,2024-06,night,suzhou_1,300.0,0.03,0.8366666666666667,0.13,0.0033333333333333335,29.0
D+3,2024-06,night,taizhou_1,300.0,0.08333333333333333,0.79,0.12666666666666668,0.0,23.0
D+3,2024-06,night,taizhou_2,300.0,0.05333333333333334,0.8133333333333334,0.13333333333333333,0.0,27.0
D+3,2024-06,night,wuxi_1,300.0,0.04666666666666667,0.8366666666666667,0.11666666666666667,0.0,22.0
D+3,2024-06,night,xuzhou_1,300.0,0.21,0.6266666666666667,0.16333333333333333,0.0,24.0
D+3,2024-06,night,xuzhou_2,300.0,0.18666666666666668,0.6766666666666666,0.13333333333333333,0.0033333333333333335,20.0
D+3,2024-06,night,yancheng_1,300.0,0.12,0.77,0.10666666666666667,0.0033333333333333335,24.0
D+3,2024-06,night,yancheng_2,300.0,0.06,0.7833333333333333,0.15666666666666668,0.0,30.0
D+3,2024-06,night,yancheng_3,300.0,0.10333333333333333,0.7933333333333333,0.10333333333333333,0.0,21.0
D+3,2024-07,day,changzhou_1,434.0,0.07373271889400922,0.7764976958525346,0.1497695852534562,0.0,44.0
D+3,2024-07,day,huai_an_1,434.0,0.08064516129032258,0.7419354838709677,0.1774193548387097,0.0,45.0
D+3,2024-07,day,huai_an_2,434.0,0.08064516129032258,0.7488479262672811,0.17050691244239632,0.0,48.0
D+3,2024-07,day,huai_an_3,434.0,0.08064516129032258,0.7027649769585254,0.21428571428571427,0.002304147465437788,61.0
D+3,2024-07,day,lianyungang_1,434.0,0.07142857142857142,0.652073732718894,0.2764976958525346,0.0,65.0
D+3,2024-07,day,lianyungang_2,434.0,0.0967741935483871,0.7050691244239631,0.195852534562212,0.002304147465437788,48.0
D+3,2024-07,day,nanjing_1,434.0,0.07603686635944701,0.7073732718894009,0.21658986175115208,0.0,56.0
D+3,2024-07,day,nanjing_2,434.0,0.07603686635944701,0.7211981566820277,0.20276497695852536,0.0,52.0
D+3,2024-07,day,nantong_1,434.0,0.12672811059907835,0.6981566820276498,0.17511520737327188,0.0,41.0
D+3,2024-07,day,nantong_2,434.0,0.14516129032258066,0.6705069124423964,0.18433179723502305,0.0,43.0
D+3,2024-07,day,suqian_1,434.0,0.06682027649769585,0.6935483870967742,0.23963133640552994,0.0,61.0
D+3,2024-07,day,suzhou_1,434.0,0.14516129032258066,0.6820276497695853,0.1728110599078341,0.0,45.0
D+3,2024-07,day,taizhou_1,434.0,0.08525345622119816,0.7442396313364056,0.17050691244239632,0.0,52.0
D+3,2024-07,day,taizhou_2,434.0,0.11059907834101383,0.728110599078341,0.15898617511520738,0.002304147465437788,42.0
D+3,2024-07,day,wuxi_1,434.0,0.0967741935483871,0.6889400921658986,0.21428571428571427,0.0,40.0
D+3,2024-07,day,xuzhou_1,434.0,0.08064516129032258,0.663594470046083,0.2557603686635945,0.0,55.0
D+3,2024-07,day,xuzhou_2,434.0,0.06682027649769585,0.6981566820276498,0.2350230414746544,0.0,57.0
D+3,2024-07,day,yancheng_1,434.0,0.10368663594470046,0.7511520737327189,0.14516129032258066,0.0,42.0
D+3,2024-07,day,yancheng_2,434.0,0.1152073732718894,0.7304147465437788,0.1543778801843318,0.0,39.0
D+3,2024-07,day,yancheng_3,434.0,0.08755760368663594,0.7419354838709677,0.17050691244239632,0.0,48.0
D+3,2024-07,night,changzhou_1,310.0,0.08387096774193549,0.7387096774193549,0.17419354838709677,0.0032258064516129032,40.0
D+3,2024-07,night,huai_an_1,310.0,0.07741935483870968,0.7838709677419354,0.13870967741935483,0.0,31.0
D+3,2024-07,night,huai_an_2,310.0,0.1,0.7741935483870968,0.12580645161290321,0.0,32.0
D+3,2024-07,night,huai_an_3,310.0,0.06129032258064516,0.8161290322580645,0.12258064516129032,0.0,32.0
D+3,2024-07,night,lianyungang_1,310.0,0.08709677419354839,0.7354838709677419,0.1774193548387097,0.0,35.0
D+3,2024-07,night,lianyungang_2,310.0,0.0967741935483871,0.7451612903225806,0.15483870967741936,0.0032258064516129032,36.0
D+3,2024-07,night,nanjing_1,310.0,0.041935483870967745,0.8225806451612904,0.13548387096774195,0.0,31.0
D+3,2024-07,night,nanjing_2,310.0,0.06129032258064516,0.7645161290322581,0.17419354838709677,0.0,38.0
D+3,2024-07,night,nantong_1,310.0,0.12903225806451613,0.6935483870967742,0.17419354838709677,0.0032258064516129032,39.0
D+3,2024-07,night,nantong_2,310.0,0.14838709677419354,0.6483870967741936,0.2032258064516129,0.0,41.0
D+3,2024-07,night,suqian_1,310.0,0.04838709677419355,0.7677419354838709,0.1774193548387097,0.0064516129032258064,39.0
D+3,2024-07,night,suzhou_1,310.0,0.16129032258064516,0.6612903225806451,0.1774193548387097,0.0,36.0
D+3,2024-07,night,taizhou_1,310.0,0.1032258064516129,0.7838709677419354,0.11290322580645161,0.0,27.0
D+3,2024-07,night,taizhou_2,310.0,0.13225806451612904,0.7354838709677419,0.13225806451612904,0.0,29.0
D+3,2024-07,night,wuxi_1,310.0,0.11612903225806452,0.7096774193548387,0.17419354838709677,0.0,28.0
D+3,2024-07,night,xuzhou_1,310.0,0.1032258064516129,0.7161290322580646,0.18064516129032257,0.0,34.0
D+3,2024-07,night,xuzhou_2,310.0,0.08709677419354839,0.7419354838709677,0.17096774193548386,0.0,38.0
D+3,2024-07,night,yancheng_1,310.0,0.11612903225806452,0.7580645161290323,0.12580645161290321,0.0,25.0
D+3,2024-07,night,yancheng_2,310.0,0.11935483870967742,0.7774193548387097,0.1032258064516129,0.0,26.0
D+3,2024-07,night,yancheng_3,310.0,0.08064516129032258,0.8290322580645161,0.09032258064516129,0.0,21.0
D+3,2024-08,day,changzhou_1,415.0,0.1927710843373494,0.41445783132530123,0.3927710843373494,0.0,68.0
D+3,2024-08,day,huai_an_1,418.0,0.15550239234449761,0.4354066985645933,0.4090909090909091,0.0,66.0
D+3,2024-08,day,huai_an_2,421.0,0.16152019002375298,0.4584323040380047,0.38004750593824227,0.0,62.0
D+3,2024-08,day,huai_an_3,417.0,0.18944844124700239,0.3501199040767386,0.460431654676259,0.0,70.0
D+3,2024-08,day,lianyungang_1,420.0,0.1357142857142857,0.4142857142857143,0.45,0.0,75.0
D+3,2024-08,day,lianyungang_2,423.0,0.18203309692671396,0.3877068557919622,0.4302600472813239,0.0,68.0
D+3,2024-08,day,nanjing_1,413.0,0.17191283292978207,0.4188861985472155,0.4092009685230024,0.0,71.0
D+3,2024-08,day,nanjing_2,413.0,0.17191283292978207,0.42857142857142855,0.39951573849878935,0.0,72.0
D+3,2024-08,day,nantong_1,421.0,0.2589073634204275,0.3657957244655582,0.3752969121140142,0.0,66.0
D+3,2024-08,day,nantong_2,422.0,0.31990521327014215,0.33175355450236965,0.34834123222748814,0.0,58.0
D+3,2024-08,day,suqian_1,416.0,0.18269230769230768,0.38221153846153844,0.4326923076923077,0.002403846153846154,77.0
D+3,2024-08,day,suzhou_1,419.0,0.2052505966587112,0.39618138424821003,0.39856801909307876,0.0,63.0
D+3,2024-08,day,taizhou_1,419.0,0.18377088305489261,0.4295942720763723,0.38663484486873506,0.0,66.0
D+3,2024-08,day,taizhou_2,421.0,0.23990498812351543,0.3847980997624703,0.37292161520190026,0.0023752969121140144,72.0
D+3,2024-08,day,wuxi_1,416.0,0.21634615384615385,0.38461538461538464,0.39663461538461536,0.002403846153846154,64.0
D+3,2024-08,day,xuzhou_1,409.0,0.2273838630806846,0.38141809290953543,0.39119804400978,0.0,66.0
D+3,2024-08,day,xuzhou_2,413.0,0.1694915254237288,0.39951573849878935,0.42857142857142855,0.002421307506053269,81.0
D+3,2024-08,day,yancheng_1,422.0,0.15876777251184834,0.466824644549763,0.37203791469194314,0.002369668246445498,68.0
D+3,2024-08,day,yancheng_2,422.0,0.17061611374407584,0.41232227488151657,0.41706161137440756,0.0,65.0
D+3,2024-08,day,yancheng_3,420.0,0.16666666666666666,0.45,0.38333333333333336,0.0,58.0
D+3,2024-08,night,changzhou_1,329.0,0.23708206686930092,0.41641337386018235,0.3434650455927052,0.00303951367781155,51.0
D+3,2024-08,night,huai_an_1,326.0,0.19631901840490798,0.42024539877300615,0.3834355828220859,0.0,47.0
D+3,2024-08,night,huai_an_2,323.0,0.25696594427244585,0.3746130030959752,0.3684210526315789,0.0,47.0
D+3,2024-08,night,huai_an_3,327.0,0.2018348623853211,0.382262996941896,0.41590214067278286,0.0,56.0
D+3,2024-08,night,lianyungang_1,324.0,0.26851851851851855,0.3333333333333333,0.3950617283950617,0.0030864197530864196,58.0
D+3,2024-08,night,lianyungang_2,321.0,0.2367601246105919,0.37383177570093457,0.3894080996884735,0.0,52.0
D+3,2024-08,night,nanjing_1,331.0,0.23867069486404835,0.43202416918429004,0.3293051359516616,0.0,49.0
D+3,2024-08,night,nanjing_2,331.0,0.2688821752265861,0.44108761329305135,0.283987915407855,0.006042296072507553,50.0
D+3,2024-08,night,nantong_1,323.0,0.38390092879256965,0.35294117647058826,0.26006191950464397,0.0030959752321981426,36.0
D+3,2024-08,night,nantong_2,322.0,0.38509316770186336,0.3167701863354037,0.2981366459627329,0.0,45.0
D+3,2024-08,night,suqian_1,328.0,0.25609756097560976,0.3048780487804878,0.43597560975609756,0.003048780487804878,63.0
D+3,2024-08,night,suzhou_1,325.0,0.3169230769230769,0.37538461538461537,0.3076923076923077,0.0,40.0
D+3,2024-08,night,taizhou_1,325.0,0.2553846153846154,0.4123076923076923,0.3323076923076923,0.0,40.0
D+3,2024-08,night,taizhou_2,323.0,0.25386996904024767,0.4055727554179567,0.33746130030959753,0.0030959752321981426,49.0
D+3,2024-08,night,wuxi_1,328.0,0.24085365853658536,0.4420731707317073,0.3170731707317073,0.0,43.0
D+3,2024-08,night,xuzhou_1,335.0,0.2865671641791045,0.3402985074626866,0.373134328358209,0.0,51.0
D+3,2024-08,night,xuzhou_2,331.0,0.283987915407855,0.3293051359516616,0.3867069486404834,0.0,54.0
D+3,2024-08,night,yancheng_1,322.0,0.2329192546583851,0.4192546583850932,0.3447204968944099,0.003105590062111801,41.0
D+3,2024-08,night,yancheng_2,322.0,0.20186335403726707,0.41304347826086957,0.38509316770186336,0.0,43.0
D+3,2024-08,night,yancheng_3,324.0,0.21604938271604937,0.43209876543209874,0.3487654320987654,0.0030864197530864196,44.0
D+3,2024-09,day,changzhou_1,360.0,0.15555555555555556,0.4111111111111111,0.43333333333333335,0.0,73.0
D+3,2024-09,day,huai_an_1,360.0,0.17777777777777778,0.45,0.36944444444444446,0.002777777777777778,66.0
D+3,2024-09,day,huai_an_2,360.0,0.16666666666666666,0.40555555555555556,0.42777777777777776,0.0,69.0
D+3,2024-09,day,huai_an_3,360.0,0.12777777777777777,0.3888888888888889,0.48333333333333334,0.0,79.0
D+3,2024-09,day,lianyungang_1,361.0,0.21329639889196675,0.31024930747922436,0.47645429362880887,0.0,75.0
D+3,2024-09,day,lianyungang_2,360.0,0.175,0.3333333333333333,0.49166666666666664,0.0,74.0
D+3,2024-09,day,nanjing_1,360.0,0.16666666666666666,0.4361111111111111,0.39444444444444443,0.002777777777777778,69.0
D+3,2024-09,day,nanjing_2,360.0,0.17777777777777778,0.375,0.4444444444444444,0.002777777777777778,72.0
D+3,2024-09,day,nantong_1,360.0,0.15555555555555556,0.48055555555555557,0.3638888888888889,0.0,68.0
D+3,2024-09,day,nantong_2,360.0,0.2111111111111111,0.44722222222222224,0.3388888888888889,0.002777777777777778,59.0
D+3,2024-09,day,suqian_1,362.0,0.16022099447513813,0.3867403314917127,0.45027624309392267,0.0027624309392265192,84.0
D+3,2024-09,day,suzhou_1,360.0,0.16944444444444445,0.49722222222222223,0.33055555555555555,0.002777777777777778,61.0
D+3,2024-09,day,taizhou_1,360.0,0.20277777777777778,0.4527777777777778,0.34444444444444444,0.0,60.0
D+3,2024-09,day,taizhou_2,360.0,0.19444444444444445,0.4222222222222222,0.38333333333333336,0.0,57.0
D+3,2024-09,day,wuxi_1,360.0,0.20833333333333334,0.4583333333333333,0.3333333333333333,0.0,55.0
D+3,2024-09,day,xuzhou_1,367.0,0.1989100817438692,0.37057220708446864,0.42779291553133514,0.0027247956403269754,63.0
D+3,2024-09,day,xuzhou_2,364.0,0.18406593406593408,0.37362637362637363,0.4423076923076923,0.0,71.0
D+3,2024-09,day,yancheng_1,360.0,0.18333333333333332,0.4111111111111111,0.4,0.005555555555555556,69.0
D+3,2024-09,day,yancheng_2,360.0,0.16944444444444445,0.44166666666666665,0.3888888888888889,0.0,57.0
D+3,2024-09,day,yancheng_3,360.0,0.19166666666666668,0.4666666666666667,0.3416666666666667,0.0,62.0
D+3,2024-09,night,changzhou_1,360.0,0.25833333333333336,0.49166666666666664,0.25,0.0,53.0
D+3,2024-09,night,huai_an_1,360.0,0.25,0.49444444444444446,0.25555555555555554,0.0,48.0
D+3,2024-09,night,huai_an_2,360.0,0.21944444444444444,0.49722222222222223,0.28055555555555556,0.002777777777777778,51.0
D+3,2024-09,night,huai_an_3,360.0,0.21944444444444444,0.48333333333333334,0.2972222222222222,0.0,54.0
D+3,2024-09,night,lianyungang_1,359.0,0.2116991643454039,0.44846796657381616,0.3370473537604457,0.002785515320334262,57.0
D+3,2024-09,night,lianyungang_2,360.0,0.19444444444444445,0.4305555555555556,0.375,0.0,60.0
D+3,2024-09,night,nanjing_1,360.0,0.2638888888888889,0.4166666666666667,0.31666666666666665,0.002777777777777778,55.0
D+3,2024-09,night,nanjing_2,360.0,0.30277777777777776,0.45,0.24722222222222223,0.0,54.0
D+3,2024-09,night,nantong_1,360.0,0.28888888888888886,0.4222222222222222,0.28888888888888886,0.0,46.0
D+3,2024-09,night,nantong_2,360.0,0.22777777777777777,0.4444444444444444,0.3277777777777778,0.0,51.0
D+3,2024-09,night,suqian_1,358.0,0.19832402234636873,0.4441340782122905,0.3575418994413408,0.0,56.0
D+3,2024-09,night,suzhou_1,360.0,0.26944444444444443,0.4027777777777778,0.3277777777777778,0.0,62.0
D+3,2024-09,night,taizhou_1,360.0,0.2722222222222222,0.4777777777777778,0.25,0.0,41.0
D+3,2024-09,night,taizhou_2,360.0,0.24722222222222223,0.45,0.30277777777777776,0.0,46.0
D+3,2024-09,night,wuxi_1,360.0,0.2861111111111111,0.4444444444444444,0.26944444444444443,0.0,43.0
D+3,2024-09,night,xuzhou_1,353.0,0.2804532577903683,0.40226628895184136,0.31728045325779036,0.0,58.0
D+3,2024-09,night,xuzhou_2,356.0,0.22191011235955055,0.4044943820224719,0.37359550561797755,0.0,60.0
D+3,2024-09,night,yancheng_1,360.0,0.21666666666666667,0.4722222222222222,0.3111111111111111,0.0,50.0
D+3,2024-09,night,yancheng_2,360.0,0.24166666666666667,0.4888888888888889,0.26944444444444443,0.0,44.0
D+3,2024-09,night,yancheng_3,360.0,0.2611111111111111,0.5,0.2388888888888889,0.0,43.0
D+3,2024-10,day,changzhou_1,353.0,0.1558073654390935,0.5920679886685553,0.2521246458923513,0.0,52.0
D+3,2024-10,day,huai_an_1,354.0,0.2514124293785311,0.559322033898305,0.18926553672316385,0.0,38.0
D+3,2024-10,day,huai_an_2,353.0,0.2719546742209632,0.5325779036827195,0.1954674220963173,0.0,36.0
D+3,2024-10,day,huai_an_3,356.0,0.25280898876404495,0.5589887640449438,0.18820224719101122,0.0,41.0
D+3,2024-10,day,lianyungang_1,355.0,0.3211267605633803,0.4563380281690141,0.22253521126760564,0.0,40.0
D+3,2024-10,day,lianyungang_2,353.0,0.31728045325779036,0.49291784702549574,0.18980169971671387,0.0,43.0
D+3,2024-10,day,nanjing_1,357.0,0.23529411764705882,0.5770308123249299,0.1876750700280112,0.0,44.0
D+3,2024-10,day,nanjing_2,356.0,0.16573033707865167,0.6123595505617978,0.21910112359550563,0.0028089887640449437,48.0
D+3,2024-10,day,nantong_1,349.0,0.12034383954154727,0.6561604584527221,0.22063037249283668,0.0028653295128939827,48.0
D+3,2024-10,day,nantong_2,347.0,0.14697406340057637,0.6426512968299711,0.207492795389049,0.002881844380403458,50.0
D+3,2024-10,day,suqian_1,357.0,0.27450980392156865,0.5378151260504201,0.1876750700280112,0.0,39.0
D+3,2024-10,day,suzhou_1,349.0,0.09742120343839542,0.6962750716332379,0.2034383954154728,0.0028653295128939827,53.0
D+3,2024-10,day,taizhou_1,353.0,0.24645892351274787,0.5977337110481586,0.1558073654390935,0.0,32.0
D+3,2024-10,day,taizhou_2,350.0,0.24857142857142858,0.6142857142857143,0.13428571428571429,0.002857142857142857,34.0
D+3,2024-10,day,wuxi_1,352.0,0.10795454545454546,0.6590909090909091,0.23295454545454544,0.0,48.0
D+3,2024-10,day,xuzhou_1,355.0,0.28169014084507044,0.48450704225352115,0.23380281690140844,0.0,46.0
D+3,2024-10,day,xuzhou_2,357.0,0.27450980392156865,0.4957983193277311,0.226890756302521,0.0028011204481792717,53.0
D+3,2024-10,day,yancheng_1,352.0,0.2897727272727273,0.5482954545454546,0.16193181818181818,0.0,27.0
D+3,2024-10,day,yancheng_2,350.0,0.24857142857142858,0.5971428571428572,0.15428571428571428,0.0,35.0
D+3,2024-10,day,yancheng_3,352.0,0.2727272727272727,0.5994318181818182,0.1278409090909091,0.0,31.0
D+3,2024-10,night,changzhou_1,391.0,0.1534526854219949,0.6163682864450127,0.23017902813299232,0.0,43.0
D+3,2024-10,night,huai_an_1,390.0,0.2230769230769231,0.6461538461538462,0.13076923076923078,0.0,29.0
D+3,2024-10,night,huai_an_2,391.0,0.2710997442455243,0.5754475703324808,0.15089514066496162,0.0025575447570332483,25.0
D+3,2024-10,night,huai_an_3,388.0,0.2190721649484536,0.615979381443299,0.16237113402061856,0.002577319587628866,36.0
D+3,2024-10,night,lianyungang_1,389.0,0.2982005141388175,0.493573264781491,0.20822622107969152,0.0,43.0
D+3,2024-10,night,lianyungang_2,391.0,0.3069053708439898,0.5038363171355499,0.18925831202046037,0.0,49.0
D+3,2024-10,night,nanjing_1,387.0,0.16279069767441862,0.6175710594315246,0.21963824289405684,0.0,46.0
D+3,2024-10,night,nanjing_2,388.0,0.15979381443298968,0.615979381443299,0.22422680412371135,0.0,49.0
D+3,2024-10,night,nantong_1,395.0,0.1670886075949367,0.6658227848101266,0.16455696202531644,0.002531645569620253,40.0
D+3,2024-10,night,nantong_2,397.0,0.13350125944584382,0.6498740554156172,0.2141057934508816,0.0025188916876574307,46.0
D+3,2024-10,night,suqian_1,387.0,0.29198966408268734,0.5529715762273901,0.15503875968992248,0.0,36.0
D+3,2024-10,night,suzhou_1,395.0,0.14430379746835442,0.6632911392405063,0.19240506329113924,0.0,39.0
D+3,2024-10,night,taizhou_1,391.0,0.21739130434782608,0.6547314578005116,0.1278772378516624,0.0,32.0
D+3,2024-10,night,taizhou_2,394.0,0.19289340101522842,0.6725888324873096,0.13451776649746192,0.0,33.0
D+3,2024-10,night,wuxi_1,392.0,0.1326530612244898,0.6403061224489796,0.22704081632653061,0.0,48.0
D+3,2024-10,night,xuzhou_1,389.0,0.30077120822622105,0.532133676092545,0.16709511568123395,0.0,38.0
D+3,2024-10,night,xuzhou_2,387.0,0.27648578811369506,0.5503875968992248,0.1731266149870801,0.0,33.0
D+3,2024-10,night,yancheng_1,392.0,0.2780612244897959,0.6020408163265306,0.11989795918367346,0.0,18.0
D+3,2024-10,night,yancheng_2,394.0,0.19796954314720813,0.6573604060913706,0.1446700507614213,0.0,38.0
D+3,2024-10,night,yancheng_3,392.0,0.21173469387755103,0.6377551020408163,0.15051020408163265,0.0,29.0
D+3,2024-11,day,changzhou_1,314.0,0.30254777070063693,0.410828025477707,0.28662420382165604,0.0,43.0
D+3,2024-11,day,huai_an_1,309.0,0.32038834951456313,0.3948220064724919,0.2815533980582524,0.003236245954692557,40.0
D+3,2024-11,day,huai_an_2,307.0,0.28338762214983715,0.4364820846905538,0.28013029315960913,0.0,47.0
D+3,2024-11,day,huai_an_3,305.0,0.3114754098360656,0.43278688524590164,0.25573770491803277,0.0,36.0
D+3,2024-11,day,lianyungang_1,302.0,0.25165562913907286,0.4768211920529801,0.271523178807947,0.0,36.0
D+3,2024-11,day,lianyungang_2,305.0,0.26557377049180325,0.4262295081967213,0.3081967213114754,0.0,40.0
D+3,2024-11,day,nanjing_1,307.0,0.28013029315960913,0.42671009771986973,0.2899022801302932,0.003257328990228013,42.0
D+3,2024-11,day,nanjing_2,310.0,0.27741935483870966,0.41935483870967744,0.3032258064516129,0.0,45.0
D+3,2024-11,day,nantong_1,318.0,0.29245283018867924,0.4025157232704403,0.3050314465408805,0.0,43.0
D+3,2024-11,day,nantong_2,322.0,0.27639751552795033,0.45962732919254656,0.2639751552795031,0.0,35.0
D+3,2024-11,day,suqian_1,302.0,0.2582781456953642,0.48013245033112584,0.2582781456953642,0.0033112582781456954,40.0
D+3,2024-11,day,suzhou_1,319.0,0.30094043887147337,0.43260188087774293,0.2664576802507837,0.0,43.0
D+3,2024-11,day,taizhou_1,311.0,0.2958199356913183,0.39228295819935693,0.31189710610932475,0.0,42.0
D+3,2024-11,day,taizhou_2,314.0,0.2898089171974522,0.39490445859872614,0.31528662420382164,0.0,47.0
D+3,2024-11,day,wuxi_1,316.0,0.3291139240506329,0.4272151898734177,0.24367088607594936,0.0,32.0
D+3,2024-11,day,xuzhou_1,300.0,0.19333333333333333,0.5233333333333333,0.2833333333333333,0.0,37.0
D+3,2024-11,day,xuzhou_2,300.0,0.22666666666666666,0.5166666666666667,0.25666666666666665,0.0,32.0
D+3,2024-11,day,yancheng_1,309.0,0.2783171521035599,0.4401294498381877,0.2815533980582524,0.0,39.0
D+3,2024-11,day,yancheng_2,314.0,0.2898089171974522,0.4171974522292994,0.2898089171974522,0.0031847133757961785,45.0
D+3,2024-11,day,yancheng_3,310.0,0.3096774193548387,0.4064516129032258,0.2806451612903226,0.0032258064516129032,39.0
D+3,2024-11,night,changzhou_1,406.0,0.27832512315270935,0.47044334975369456,0.2512315270935961,0.0,45.0
D+3,2024-11,night,huai_an_1,411.0,0.26763990267639903,0.48175182481751827,0.25060827250608275,0.0,52.0
D+3,2024-11,night,huai_an_2,413.0,0.23728813559322035,0.5375302663438256,0.22518159806295399,0.0,45.0
D+3,2024-11,night,huai_an_3,415.0,0.25542168674698795,0.4843373493975904,0.26024096385542167,0.0,53.0
D+3,2024-11,night,lianyungang_1,418.0,0.24641148325358853,0.5191387559808612,0.23444976076555024,0.0,43.0
D+3,2024-11,night,lianyungang_2,415.0,0.2385542168674699,0.5614457831325301,0.2,0.0,41.0
D+3,2024-11,night,nanjing_1,413.0,0.2542372881355932,0.4915254237288136,0.2542372881355932,0.0,46.0
D+3,2024-11,night,nanjing_2,410.0,0.2658536585365854,0.4609756097560976,0.2731707317073171,0.0,44.0
D+3,2024-11,night,nantong_1,402.0,0.3009950248756219,0.43532338308457713,0.263681592039801,0.0,45.0
D+3,2024-11,night,nantong_2,398.0,0.3065326633165829,0.4723618090452261,0.22110552763819097,0.0,36.0
D+3,2024-11,night,suqian_1,418.0,0.23684210526315788,0.5406698564593302,0.22248803827751196,0.0,45.0
D+3,2024-11,night,suzhou_1,401.0,0.30174563591022446,0.43640897755610975,0.26184538653366585,0.0,41.0
D+3,2024-11,night,taizhou_1,409.0,0.2567237163814181,0.5330073349633252,0.21026894865525672,0.0,35.0
D+3,2024-11,night,taizhou_2,406.0,0.26108374384236455,0.4753694581280788,0.26354679802955666,0.0,45.0
D+3,2024-11,night,wuxi_1,404.0,0.3069306930693069,0.46782178217821785,0.22524752475247525,0.0,35.0
D+3,2024-11,night,xuzhou_1,420.0,0.24047619047619048,0.5547619047619048,0.20476190476190476,0.0,45.0
D+3,2024-11,night,xuzhou_2,420.0,0.23333333333333334,0.5428571428571428,0.22380952380952382,0.0,45.0
D+3,2024-11,night,yancheng_1,411.0,0.23357664233576642,0.5450121654501217,0.21897810218978103,0.0024330900243309003,45.0
D+3,2024-11,night,yancheng_2,406.0,0.2536945812807882,0.4975369458128079,0.24876847290640394,0.0,39.0
D+3,2024-11,night,yancheng_3,410.0,0.26097560975609757,0.4902439024390244,0.24878048780487805,0.0,44.0
D+3,2024-12,day,changzhou_1,310.0,0.3419354838709677,0.31290322580645163,0.34516129032258064,0.0,42.0
D+3,2024-12,day,huai_an_1,310.0,0.3096774193548387,0.36129032258064514,0.32903225806451614,0.0,47.0
D+3,2024-12,day,huai_an_2,310.0,0.3,0.36774193548387096,0.33225806451612905,0.0,40.0
D+3,2024-12,day,huai_an_3,310.0,0.32903225806451614,0.34516129032258064,0.3258064516129032,0.0,46.0
D+3,2024-12,day,lianyungang_1,310.0,0.29354838709677417,0.38064516129032255,0.3225806451612903,0.0032258064516129032,44.0
D+3,2024-12,day,lianyungang_2,310.0,0.2709677419354839,0.3903225806451613,0.3387096774193548,0.0,44.0
D+3,2024-12,day,nanjing_1,310.0,0.3580645161290323,0.31290322580645163,0.32903225806451614,0.0,47.0
D+3,2024-12,day,nanjing_2,310.0,0.34838709677419355,0.31290322580645163,0.3387096774193548,0.0,47.0
D+3,2024-12,day,nantong_1,310.0,0.2870967741935484,0.34516129032258064,0.36774193548387096,0.0,48.0
D+3,2024-12,day,nantong_2,310.0,0.21935483870967742,0.3935483870967742,0.3870967741935484,0.0,45.0
D+3,2024-12,day,suqian_1,310.0,0.35161290322580646,0.34838709677419355,0.3,0.0,41.0
D+3,2024-12,day,suzhou_1,310.0,0.33225806451612905,0.3709677419354839,0.2967741935483871,0.0,43.0
D+3,2024-12,day,taizhou_1,310.0,0.3258064516129032,0.4096774193548387,0.26129032258064516,0.0032258064516129032,39.0
D+3,2024-12,day,taizhou_2,310.0,0.3032258064516129,0.4064516129032258,0.2903225806451613,0.0,38.0
D+3,2024-12,day,wuxi_1,310.0,0.3548387096774194,0.3709677419354839,0.27419354838709675,0.0,34.0
D+3,2024-12,day,xuzhou_1,310.0,0.33548387096774196,0.3967741935483871,0.2645161290322581,0.0032258064516129032,38.0
D+3,2024-12,day,xuzhou_2,310.0,0.33225806451612905,0.3870967741935484,0.27741935483870966,0.0032258064516129032,42.0
D+3,2024-12,day,yancheng_1,310.0,0.2967741935483871,0.36774193548387096,0.33548387096774196,0.0,42.0
D+3,2024-12,day,yancheng_2,310.0,0.2870967741935484,0.3935483870967742,0.3193548387096774,0.0,43.0
D+3,2024-12,day,yancheng_3,310.0,0.3258064516129032,0.4032258064516129,0.2709677419354839,0.0,38.0
D+3,2024-12,night,changzhou_1,434.0,0.3317972350230415,0.3433179723502304,0.3225806451612903,0.002304147465437788,58.0
D+3,2024-12,night,huai_an_1,434.0,0.3617511520737327,0.35023041474654376,0.2880184331797235,0.0,47.0
D+3,2024-12,night,huai_an_2,434.0,0.35944700460829493,0.347926267281106,0.2926267281105991,0.0,42.0
D+3,2024-12,night,huai_an_3,434.0,0.3548387096774194,0.3317972350230415,0.31336405529953915,0.0,48.0
D+3,2024-12,night,lianyungang_1,434.0,0.3617511520737327,0.3294930875576037,0.3087557603686636,0.0,39.0
D+3,2024-12,night,lianyungang_2,434.0,0.33640552995391704,0.3225806451612903,0.3387096774193548,0.002304147465437788,45.0
D+3,2024-12,night,nanjing_1,434.0,0.3387096774193548,0.3387096774193548,0.32027649769585254,0.002304147465437788,52.0
D+3,2024-12,night,nanjing_2,434.0,0.3225806451612903,0.33410138248847926,0.3433179723502304,0.0,53.0
D+3,2024-12,night,nantong_1,434.0,0.3271889400921659,0.37327188940092165,0.2995391705069124,0.0,40.0
D+3,2024-12,night,nantong_2,434.0,0.2488479262672811,0.37557603686635943,0.37557603686635943,0.0,52.0
D+3,2024-12,night,suqian_1,434.0,0.3709677419354839,0.3248847926267281,0.30414746543778803,0.0,53.0
D+3,2024-12,night,suzhou_1,434.0,0.31797235023041476,0.3663594470046083,0.315668202764977,0.0,50.0
D+3,2024-12,night,taizhou_1,434.0,0.3548387096774194,0.3617511520737327,0.2834101382488479,0.0,44.0
D+3,2024-12,night,taizhou_2,434.0,0.3064516129032258,0.35023041474654376,0.3433179723502304,0.0,50.0
D+3,2024-12,night,wuxi_1,434.0,0.3248847926267281,0.4009216589861751,0.27419354838709675,0.0,39.0
D+3,2024-12,night,xuzhou_1,434.0,0.3663594470046083,0.3387096774193548,0.29493087557603687,0.0,52.0
D+3,2024-12,night,xuzhou_2,434.0,0.3778801843317972,0.3317972350230415,0.2880184331797235,0.002304147465437788,52.0
D+3,2024-12,night,yancheng_1,434.0,0.32027649769585254,0.3640552995391705,0.31336405529953915,0.002304147465437788,45.0
D+3,2024-12,night,yancheng_2,434.0,0.2880184331797235,0.35023041474654376,0.3617511520737327,0.0,53.0
D+3,2024-12,night,yancheng_3,434.0,0.3433179723502304,0.3617511520737327,0.29493087557603687,0.0,38.0
D+3,2025-01,day,changzhou_1,314.0,0.37579617834394907,0.3885350318471338,0.2356687898089172,0.0,42.0
D+3,2025-01,day,huai_an_1,313.0,0.41214057507987223,0.4185303514376997,0.16932907348242812,0.0,32.0
D+3,2025-01,day,huai_an_2,311.0,0.4340836012861736,0.40514469453376206,0.15755627009646303,0.003215434083601286,24.0
D+3,2025-01,day,huai_an_3,316.0,0.3987341772151899,0.4525316455696203,0.14873417721518986,0.0,28.0
D+3,2025-01,day,lianyungang_1,313.0,0.48881789137380194,0.3738019169329074,0.13738019169329074,0.0,24.0
D+3,2025-01,day,lianyungang_2,310.0,0.46774193548387094,0.36129032258064514,0.17096774193548386,0.0,29.0
D+3,2025-01,day,nanjing_1,318.0,0.3867924528301887,0.42138364779874216,0.18867924528301888,0.0031446540880503146,26.0
D+3,2025-01,day,nanjing_2,317.0,0.3627760252365931,0.39747634069400634,0.23974763406940064,0.0,34.0
D+3,2025-01,day,nantong_1,310.0,0.3774193548387097,0.4258064516129032,0.1967741935483871,0.0,26.0
D+3,2025-01,day,nantong_2,310.0,0.36451612903225805,0.4258064516129032,0.20967741935483872,0.0,29.0
D+3,2025-01,day,suqian_1,316.0,0.4208860759493671,0.4240506329113924,0.1550632911392405,0.0,26.0
D+3,2025-01,day,suzhou_1,310.0,0.3935483870967742,0.43870967741935485,0.16774193548387098,0.0,30.0
D+3,2025-01,day,taizhou_1,312.0,0.3942307692307692,0.4519230769230769,0.15384615384615385,0.0,23.0
D+3,2025-01,day,taizhou_2,310.0,0.3774193548387097,0.4290322580645161,0.19032258064516128,0.0032258064516129032,27.0
D+3,2025-01,day,wuxi_1,313.0,0.3929712460063898,0.48562300319488816,0.12140575079872204,0.0,23.0
D+3,2025-01,day,xuzhou_1,321.0,0.4423676012461059,0.4174454828660436,0.14018691588785046,0.0,21.0
D+3,2025-01,day,xuzhou_2,318.0,0.4119496855345912,0.3867924528301887,0.19811320754716982,0.0031446540880503146,29.0
D+3,2025-01,day,yancheng_1,310.0,0.43870967741935485,0.4129032258064516,0.14838709677419354,0.0,24.0
D+3,2025-01,day,yancheng_2,310.0,0.3741935483870968,0.4258064516129032,0.2,0.0,31.0
D+3,2025-01,day,yancheng_3,311.0,0.3890675241157556,0.42765273311897106,0.1832797427652733,0.0,31.0
D+3,2025-01,night,changzhou_1,430.0,0.26976744186046514,0.5209302325581395,0.20465116279069767,0.004651162790697674,44.0
D+3,2025-01,night,huai_an_1,431.0,0.3248259860788863,0.5452436194895591,0.12993039443155452,0.0,31.0
D+3,2025-01,night,huai_an_2,433.0,0.3579676674364896,0.5127020785219399,0.12702078521939955,0.0023094688221709007,29.0
D+3,2025-01,night,huai_an_3,428.0,0.3177570093457944,0.5373831775700935,0.14485981308411214,0.0,31.0
D+3,2025-01,night,lianyungang_1,431.0,0.42691415313225056,0.4408352668213457,0.13225058004640372,0.0,22.0
D+3,2025-01,night,lianyungang_2,434.0,0.41244239631336405,0.42626728110599077,0.16129032258064516,0.0,32.0
D+3,2025-01,night,nanjing_1,426.0,0.3004694835680751,0.5375586854460094,0.1596244131455399,0.002347417840375587,35.0
D+3,2025-01,night,nanjing_2,427.0,0.26697892271662765,0.5269320843091335,0.20608899297423888,0.0,46.0
D+3,2025-01,night,nantong_1,434.0,0.3248847926267281,0.532258064516129,0.14285714285714285,0.0,34.0
D+3,2025-01,night,nantong_2,434.0,0.29493087557603687,0.5276497695852534,0.1774193548387097,0.0,39.0
D+3,2025-01,night,suqian_1,428.0,0.34813084112149534,0.514018691588785,0.13551401869158877,0.002336448598130841,26.0
D+3,2025-01,night,suzhou_1,434.0,0.2857142857142857,0.5460829493087558,0.16820276497695852,0.0,41.0
D+3,2025-01,night,taizhou_1,432.0,0.3333333333333333,0.5740740740740741,0.09259259259259259,0.0,25.0
D+3,2025-01,night,taizhou_2,434.0,0.32027649769585254,0.5345622119815668,0.14285714285714285,0.002304147465437788,35.0
D+3,2025-01,night,wuxi_1,431.0,0.26218097447795824,0.54292343387471,0.19489559164733178,0.0,34.0
D+3,2025-01,night,xuzhou_1,423.0,0.3971631205673759,0.4373522458628842,0.16548463356973994,0.0,29.0
D+3,2025-01,night,xuzhou_2,426.0,0.352112676056338,0.47417840375586856,0.17370892018779344,0.0,30.0
D+3,2025-01,night,yancheng_1,434.0,0.3548387096774194,0.5253456221198156,0.11981566820276497,0.0,26.0
D+3,2025-01,night,yancheng_2,434.0,0.34101382488479265,0.5184331797235023,0.14055299539170507,0.0,34.0
D+3,2025-01,night,yancheng_3,433.0,0.3394919168591224,0.5404157043879908,0.11778290993071594,0.0023094688221709007,28.0
D+3,2025-02,day,changzhou_1,309.0,0.09061488673139159,0.5598705501618123,0.34951456310679613,0.0,49.0
D+3,2025-02,day,huai_an_1,308.0,0.06818181818181818,0.6655844155844156,0.262987012987013,0.003246753246753247,45.0
D+3,2025-02,day,huai_an_2,308.0,0.15584415584415584,0.564935064935065,0.275974025974026,0.003246753246753247,43.0
D+3,2025-02,day,huai_an_3,308.0,0.06493506493506493,0.6168831168831169,0.31493506493506496,0.003246753246753247,52.0
D+3,2025-02,day,lianyungang_1,308.0,0.19155844155844157,0.487012987012987,0.32142857142857145,0.0,44.0
D+3,2025-02,day,lianyungang_2,307.0,0.21172638436482086,0.511400651465798,0.2768729641693811,0.0,43.0
D+3,2025-02,day,nanjing_1,308.0,0.09090909090909091,0.6590909090909091,0.24675324675324675,0.003246753246753247,45.0
D+3,2025-02,day,nanjing_2,308.0,0.09740259740259741,0.6038961038961039,0.2987012987012987,0.0,46.0
D+3,2025-02,day,nantong_1,311.0,0.08681672025723473,0.5980707395498392,0.31511254019292606,0.0,34.0
D+3,2025-02,day,nantong_2,311.0,0.04823151125401929,0.6045016077170418,0.34726688102893893,0.0,44.0
D+3,2025-02,day,suqian_1,308.0,0.11363636363636363,0.6006493506493507,0.2857142857142857,0.0,50.0
D+3,2025-02,day,suzhou_1,313.0,0.07987220447284345,0.6198083067092651,0.3003194888178914,0.0,32.0
D+3,2025-02,day,taizhou_1,308.0,0.07142857142857142,0.6915584415584416,0.237012987012987,0.0,34.0
D+3,2025-02,day,taizhou_2,309.0,0.061488673139158574,0.6893203883495146,0.24919093851132687,0.0,34.0
D+3,2025-02,day,wuxi_1,311.0,0.12218649517684887,0.6270096463022508,0.2508038585209003,0.0,38.0
D+3,2025-02,day,xuzhou_1,308.0,0.14935064935064934,0.564935064935065,0.2824675324675325,0.003246753246753247,49.0
D+3,2025-02,day,xuzhou_2,308.0,0.12337662337662338,0.5714285714285714,0.3051948051948052,0.0,44.0
D+3,2025-02,day,yancheng_1,308.0,0.1461038961038961,0.5746753246753247,0.2792207792207792,0.0,35.0
D+3,2025-02,day,yancheng_2,309.0,0.07766990291262135,0.6310679611650486,0.28802588996763756,0.003236245954692557,43.0
D+3,2025-02,day,yancheng_3,308.0,0.07142857142857142,0.6753246753246753,0.2532467532467532,0.0,38.0
D+3,2025-02,night,changzhou_1,363.0,0.12121212121212122,0.5564738292011019,0.32231404958677684,0.0,49.0
D+3,2025-02,night,huai_an_1,364.0,0.10989010989010989,0.5357142857142857,0.3516483516483517,0.0027472527472527475,48.0
D+3,2025-02,night,huai_an_2,364.0,0.1620879120879121,0.5467032967032966,0.29120879120879123,0.0,44.0
D+3,2025-02,night,huai_an_3,364.0,0.11538461538461539,0.5054945054945055,0.3791208791208791,0.0,49.0
D+3,2025-02,night,lianyungang_1,364.0,0.18956043956043955,0.47802197802197804,0.3324175824175824,0.0,51.0
D+3,2025-02,night,lianyungang_2,365.0,0.1780821917808219,0.4657534246575342,0.3561643835616438,0.0,51.0
D+3,2025-02,night,nanjing_1,364.0,0.10714285714285714,0.5027472527472527,0.3901098901098901,0.0,60.0
D+3,2025-02,night,nanjing_2,364.0,0.10164835164835165,0.5714285714285714,0.3269230769230769,0.0,38.0
D+3,2025-02,night,nantong_1,361.0,0.12188365650969529,0.5844875346260388,0.29362880886426596,0.0,51.0
D+3,2025-02,night,nantong_2,361.0,0.11634349030470914,0.5678670360110804,0.3157894736842105,0.0,48.0
D+3,2025-02,night,suqian_1,364.0,0.1510989010989011,0.5137362637362637,0.3324175824175824,0.0027472527472527475,48.0
D+3,2025-02,night,suzhou_1,359.0,0.1392757660167131,0.5487465181058496,0.31197771587743733,0.0,53.0
D+3,2025-02,night,taizhou_1,364.0,0.09065934065934066,0.5851648351648352,0.3241758241758242,0.0,45.0
D+3,2025-02,night,taizhou_2,363.0,0.11019283746556474,0.5757575757575758,0.31129476584022037,0.0027548209366391185,46.0
D+3,2025-02,night,wuxi_1,361.0,0.16066481994459833,0.6038781163434903,0.23545706371191136,0.0,42.0
D+3,2025-02,night,xuzhou_1,364.0,0.1813186813186813,0.554945054945055,0.26373626373626374,0.0,44.0
D+3,2025-02,night,xuzhou_2,364.0,0.17307692307692307,0.510989010989011,0.3159340659340659,0.0,49.0
D+3,2025-02,night,yancheng_1,364.0,0.1565934065934066,0.5631868131868132,0.2802197802197802,0.0,46.0
D+3,2025-02,night,yancheng_2,363.0,0.11570247933884298,0.5757575757575758,0.3085399449035813,0.0,43.0
D+3,2025-02,night,yancheng_3,364.0,0.10714285714285714,0.5714285714285714,0.32142857142857145,0.0,43.0
D+3,2025-03,day,changzhou_1,372.0,0.18548387096774194,0.5940860215053764,0.22043010752688172,0.0,34.0
D+3,2025-03,day,huai_an_1,371.0,0.2884097035040431,0.5525606469002695,0.15902964959568733,0.0,31.0
D+3,2025-03,day,huai_an_2,370.0,0.3,0.5351351351351351,0.16486486486486487,0.0,34.0
D+3,2025-03,day,huai_an_3,368.0,0.29347826086956524,0.5706521739130435,0.1358695652173913,0.0,31.0
D+3,2025-03,day,lianyungang_1,368.0,0.2907608695652174,0.5,0.20923913043478262,0.0,36.0
D+3,2025-03,day,lianyungang_2,370.0,0.2972972972972973,0.4918918918918919,0.21081081081081082,0.0,40.0
D+3,2025-03,day,nanjing_1,369.0,0.23035230352303523,0.5853658536585366,0.1842818428184282,0.0,40.0
D+3,2025-03,day,nanjing_2,371.0,0.18598382749326145,0.5929919137466307,0.2210242587601078,0.0,39.0
D+3,2025-03,day,nantong_1,372.0,0.22043010752688172,0.5967741935483871,0.18010752688172044,0.002688172043010753,31.0
D+3,2025-03,day,nantong_2,372.0,0.23387096774193547,0.5994623655913979,0.16666666666666666,0.0,28.0
D+3,2025-03,day,suqian_1,367.0,0.30517711171662126,0.5340599455040872,0.16076294277929154,0.0,39.0
D+3,2025-03,day,suzhou_1,372.0,0.1881720430107527,0.5913978494623656,0.22043010752688172,0.0,35.0
D+3,2025-03,day,taizhou_1,372.0,0.26344086021505375,0.5860215053763441,0.15053763440860216,0.0,25.0
D+3,2025-03,day,taizhou_2,372.0,0.26344086021505375,0.6048387096774194,0.13172043010752688,0.0,30.0
D+3,2025-03,day,wuxi_1,372.0,0.20430107526881722,0.6129032258064516,0.18010752688172044,0.002688172043010753,36.0
D+3,2025-03,day,xuzhou_1,366.0,0.31420765027322406,0.4890710382513661,0.19672131147540983,0.0,40.0
D+3,2025-03,day,xuzhou_2,364.0,0.3076923076923077,0.5082417582417582,0.1813186813186813,0.0027472527472527475,35.0
D+3,2025-03,day,yancheng_1,372.0,0.30376344086021506,0.5618279569892473,0.13172043010752688,0.002688172043010753,31.0
D+3,2025-03,day,yancheng_2,372.0,0.271505376344086,0.5913978494623656,0.13440860215053763,0.002688172043010753,29.0
D+3,2025-03,day,yancheng_3,372.0,0.28225806451612906,0.5672043010752689,0.15053763440860216,0.0,33.0
D+3,2025-03,night,changzhou_1,372.0,0.12903225806451613,0.6747311827956989,0.19623655913978494,0.0,38.0
D+3,2025-03,night,huai_an_1,373.0,0.24128686327077747,0.6300268096514745,0.128686327077748,0.0,24.0
D+3,2025-03,night,huai_an_2,374.0,0.2914438502673797,0.5882352941176471,0.11764705882352941,0.00267379679144385,23.0
D+3,2025-03,night,huai_an_3,376.0,0.2154255319148936,0.6117021276595744,0.17287234042553193,0.0,35.0
D+3,2025-03,night,lianyungang_1,376.0,0.3484042553191489,0.4973404255319149,0.15425531914893617,0.0,26.0
D+3,2025-03,night,lianyungang_2,374.0,0.32887700534759357,0.5106951871657754,0.15775401069518716,0.00267379679144385,30.0
D+3,2025-03,night,nanjing_1,375.0,0.12533333333333332,0.672,0.2,0.0026666666666666666,36.0
D+3,2025-03,night,nanjing_2,373.0,0.14745308310991956,0.6729222520107239,0.17962466487935658,0.0,42.0
D+3,2025-03,night,nantong_1,372.0,0.16666666666666666,0.6720430107526881,0.16129032258064516,0.0,29.0
D+3,2025-03,night,nantong_2,372.0,0.1827956989247312,0.6774193548387096,0.13978494623655913,0.0,25.0
D+3,2025-03,night,suqian_1,377.0,0.3209549071618037,0.5755968169761273,0.10344827586206896,0.0,19.0
D+3,2025-03,night,suzhou_1,372.0,0.16129032258064516,0.6586021505376344,0.18010752688172044,0.0,38.0
D+3,2025-03,night,taizhou_1,372.0,0.20967741935483872,0.6720430107526881,0.11827956989247312,0.0,23.0
D+3,2025-03,night,taizhou_2,372.0,0.21505376344086022,0.6666666666666666,0.11827956989247312,0.0,21.0
D+3,2025-03,night,wuxi_1,372.0,0.1478494623655914,0.7043010752688172,0.1478494623655914,0.0,26.0
D+3,2025-03,night,xuzhou_1,378.0,0.34656084656084657,0.4894179894179894,0.164021164021164,0.0,36.0
D+3,2025-03,night,xuzhou_2,380.0,0.3605263157894737,0.5289473684210526,0.11052631578947368,0.0,21.0
D+3,2025-03,night,yancheng_1,372.0,0.28763440860215056,0.5994623655913979,0.11290322580645161,0.0,20.0
D+3,2025-03,night,yancheng_2,372.0,0.2446236559139785,0.6586021505376344,0.0967741935483871,0.0,20.0
D+3,2025-03,night,yancheng_3,372.0,0.2446236559139785,0.6478494623655914,0.10752688172043011,0.0,20.0
D+3,2025-04,day,changzhou_1,386.0,0.20207253886010362,0.5207253886010362,0.2772020725388601,0.0,51.0
D+3,2025-04,day,huai_an_1,390.0,0.2282051282051282,0.5641025641025641,0.20512820512820512,0.002564102564102564,32.0
D+3,2025-04,day,huai_an_2,392.0,0.29846938775510207,0.4770408163265306,0.22448979591836735,0.0,37.0
D+3,2025-04,day,huai_an_3,392.0,0.22193877551020408,0.5382653061224489,0.2372448979591837,0.002551020408163265,41.0
D+3,2025-04,day,lianyungang_1,396.0,0.31565656565656564,0.45707070707070707,0.22474747474747475,0.0025252525252525255,33.0
D+3,2025-04,day,lianyungang_2,394.0,0.3147208121827411,0.4365482233502538,0.24873096446700507,0.0,44.0
D+3,2025-04,day,nanjing_1,389.0,0.2159383033419023,0.5886889460154242,0.1953727506426735,0.0,39.0
D+3,2025-04,day,nanjing_2,387.0,0.20155038759689922,0.5658914728682171,0.23255813953488372,0.0,46.0
D+3,2025-04,day,nantong_1,384.0,0.2604166666666667,0.53125,0.20833333333333334,0.0,35.0
D+3,2025-04,day,nantong_2,382.0,0.2670157068062827,0.5418848167539267,0.19109947643979058,0.0,36.0
D+3,2025-04,day,suqian_1,395.0,0.27341772151898736,0.4936708860759494,0.23291139240506328,0.0,36.0
D+3,2025-04,day,suzhou_1,382.0,0.2356020942408377,0.5314136125654451,0.23298429319371727,0.0,42.0
D+3,2025-04,day,taizhou_1,389.0,0.2236503856041131,0.5784061696658098,0.19794344473007713,0.0,33.0
D+3,2025-04,day,taizhou_2,387.0,0.24806201550387597,0.5478036175710594,0.2041343669250646,0.0,39.0
D+3,2025-04,day,wuxi_1,383.0,0.20887728459530025,0.5744125326370757,0.21409921671018275,0.0026109660574412533,39.0
D+3,2025-04,day,xuzhou_1,395.0,0.33164556962025316,0.4430379746835443,0.22531645569620254,0.0,35.0
D+3,2025-04,day,xuzhou_2,397.0,0.29974811083123426,0.4634760705289673,0.2367758186397985,0.0,38.0
D+3,2025-04,day,yancheng_1,392.0,0.31887755102040816,0.4770408163265306,0.20408163265306123,0.0,38.0
D+3,2025-04,day,yancheng_2,388.0,0.2551546391752577,0.5257731958762887,0.2190721649484536,0.0,35.0
D+3,2025-04,day,yancheng_3,389.0,0.2467866323907455,0.5655526992287918,0.18766066838046272,0.0,29.0
D+3,2025-04,night,changzhou_1,334.0,0.2125748502994012,0.5598802395209581,0.2275449101796407,0.0,30.0
D+3,2025-04,night,huai_an_1,330.0,0.2606060606060606,0.5212121212121212,0.21515151515151515,0.0030303030303030303,32.0
D+3,2025-04,night,huai_an_2,328.0,0.2682926829268293,0.5182926829268293,0.21341463414634146,0.0,25.0
D+3,2025-04,night,huai_an_3,328.0,0.24390243902439024,0.5060975609756098,0.25,0.0,39.0
D+3,2025-04,night,lianyungang_1,324.0,0.3487654320987654,0.43209876543209874,0.21604938271604937,0.0030864197530864196,42.0
D+3,2025-04,night,lianyungang_2,326.0,0.3343558282208589,0.44785276073619634,0.21779141104294478,0.0,30.0
D+3,2025-04,night,nanjing_1,331.0,0.229607250755287,0.552870090634441,0.2175226586102719,0.0,41.0
D+3,2025-04,night,nanjing_2,333.0,0.21621621621621623,0.5405405405405406,0.24324324324324326,0.0,37.0
D+3,2025-04,night,nantong_1,336.0,0.22321428571428573,0.6130952380952381,0.1636904761904762,0.0,22.0
D+3,2025-04,night,nantong_2,338.0,0.21005917159763313,0.6449704142011834,0.14497041420118342,0.0,18.0
D+3,2025-04,night,suqian_1,325.0,0.27384615384615385,0.5261538461538462,0.2,0.0,30.0
D+3,2025-04,night,suzhou_1,338.0,0.22189349112426035,0.6124260355029586,0.16568047337278108,0.0,21.0
D+3,2025-04,night,taizhou_1,331.0,0.24169184290030213,0.5619335347432024,0.19637462235649547,0.0,32.0
D+3,2025-04,night,taizhou_2,333.0,0.22822822822822822,0.5615615615615616,0.2072072072072072,0.003003003003003003,32.0
D+3,2025-04,night,wuxi_1,337.0,0.19584569732937684,0.599406528189911,0.20474777448071216,0.0,23.0
D+3,2025-04,night,xuzhou_1,325.0,0.32,0.46153846153846156,0.2153846153846154,0.003076923076923077,36.0
D+3,2025-04,night,xuzhou_2,323.0,0.2848297213622291,0.46439628482972134,0.25077399380804954,0.0,36.0
D+3,2025-04,night,yancheng_1,328.0,0.2926829268292683,0.5335365853658537,0.17378048780487804,0.0,22.0
D+3,2025-04,night,yancheng_2,332.0,0.24096385542168675,0.5240963855421686,0.23493975903614459,0.0,38.0
D+3,2025-04,night,yancheng_3,331.0,0.2628398791540785,0.552870090634441,0.18429003021148035,0.0,26.0
D+3,2025-05,day,changzhou_1,434.0,0.18663594470046083,0.5875576036866359,0.22350230414746544,0.002304147465437788,54.0
D+3,2025-05,day,huai_an_1,434.0,0.23732718894009217,0.5645161290322581,0.19815668202764977,0.0,40.0
D+3,2025-05,day,huai_an_2,434.0,0.30414746543778803,0.5207373271889401,0.1728110599078341,0.002304147465437788,34.0
D+3,2025-05,day,huai_an_3,434.0,0.25806451612903225,0.5207373271889401,0.21889400921658986,0.002304147465437788,46.0
D+3,2025-05,day,lianyungang_1,434.0,0.30184331797235026,0.4470046082949309,0.2511520737327189,0.0,44.0
D+3,2025-05,day,lianyungang_2,434.0,0.29493087557603687,0.47465437788018433,0.2304147465437788,0.0,46.0
D+3,2025-05,day,nanjing_1,434.0,0.1912442396313364,0.5829493087557603,0.22580645161290322,0.0,46.0
D+3,2025-05,day,nanjing_2,434.0,0.18202764976958524,0.6036866359447005,0.21428571428571427,0.0,47.0
D+3,2025-05,day,nantong_1,434.0,0.23963133640552994,0.5806451612903226,0.1774193548387097,0.002304147465437788,42.0
D+3,2025-05,day,nantong_2,434.0,0.21889400921658986,0.5714285714285714,0.2073732718894009,0.002304147465437788,42.0
D+3,2025-05,day,suqian_1,434.0,0.2764976958525346,0.46543778801843316,0.2534562211981567,0.004608294930875576,47.0
D+3,2025-05,day,suzhou_1,434.0,0.195852534562212,0.6152073732718893,0.1889400921658986,0.0,44.0
D+3,2025-05,day,taizhou_1,434.0,0.23963133640552994,0.5599078341013825,0.20046082949308755,0.0,40.0
D+3,2025-05,day,taizhou_2,434.0,0.2511520737327189,0.5576036866359447,0.1912442396313364,0.0,44.0
D+3,2025-05,day,wuxi_1,434.0,0.17972350230414746,0.6221198156682027,0.195852534562212,0.002304147465437788,42.0
D+3,2025-05,day,xuzhou_1,434.0,0.2834101382488479,0.44930875576036866,0.2672811059907834,0.0,50.0
D+3,2025-05,day,xuzhou_2,434.0,0.29493087557603687,0.45622119815668205,0.2488479262672811,0.0,43.0
D+3,2025-05,day,yancheng_1,434.0,0.32027649769585254,0.532258064516129,0.14746543778801843,0.0,24.0
D+3,2025-05,day,yancheng_2,434.0,0.2465437788018433,0.5529953917050692,0.20046082949308755,0.0,43.0
D+3,2025-05,day,yancheng_3,434.0,0.2488479262672811,0.5898617511520737,0.16129032258064516,0.0,27.0
D+3,2025-05,night,changzhou_1,310.0,0.19032258064516128,0.6451612903225806,0.16451612903225807,0.0,27.0
D+3,2025-05,night,huai_an_1,310.0,0.2032258064516129,0.5967741935483871,0.2,0.0,35.0
D+3,2025-05,night,huai_an_2,310.0,0.2838709677419355,0.5516129032258065,0.16451612903225807,0.0,27.0
D+3,2025-05,night,huai_an_3,310.0,0.2161290322580645,0.6193548387096774,0.16451612903225807,0.0,29.0
D+3,2025-05,night,lianyungang_1,310.0,0.3161290322580645,0.4806451612903226,0.2032258064516129,0.0,33.0
D+3,2025-05,night,lianyungang_2,310.0,0.32903225806451614,0.5387096774193548,0.13225806451612904,0.0,24.0
D+3,2025-05,night,nanjing_1,310.0,0.2129032258064516,0.6,0.1870967741935484,0.0,30.0
D+3,2025-05,night,nanjing_2,310.0,0.1870967741935484,0.6580645161290323,0.15483870967741936,0.0,24.0
D+3,2025-05,night,nantong_1,310.0,0.18064516129032257,0.635483870967742,0.18387096774193548,0.0,37.0
D+3,2025-05,night,nantong_2,310.0,0.15806451612903225,0.6516129032258065,0.19032258064516128,0.0,35.0
D+3,2025-05,night,suqian_1,310.0,0.2806451612903226,0.5064516129032258,0.2129032258064516,0.0,35.0
D+3,2025-05,night,suzhou_1,310.0,0.15806451612903225,0.6645161290322581,0.1774193548387097,0.0,23.0
D+3,2025-05,night,taizhou_1,310.0,0.1870967741935484,0.6419354838709678,0.16451612903225807,0.0064516129032258064,24.0
D+3,2025-05,night,taizhou_2,310.0,0.18387096774193548,0.635483870967742,0.17419354838709677,0.0064516129032258064,30.0
D+3,2025-05,night,wuxi_1,310.0,0.1935483870967742,0.6580645161290323,0.14838709677419354,0.0,22.0
D+3,2025-05,night,xuzhou_1,310.0,0.31290322580645163,0.5451612903225806,0.13870967741935483,0.0032258064516129032,22.0
D+3,2025-05,night,xuzhou_2,310.0,0.27419354838709675,0.4967741935483871,0.22903225806451613,0.0,31.0
D+3,2025-05,night,yancheng_1,310.0,0.26129032258064516,0.5709677419354838,0.16774193548387098,0.0,24.0
D+3,2025-05,night,yancheng_2,310.0,0.1774193548387097,0.6,0.21935483870967742,0.0032258064516129032,39.0
D+3,2025-05,night,yancheng_3,310.0,0.1870967741935484,0.6161290322580645,0.1967741935483871,0.0,30.0
D+3,2025-06,day,changzhou_1,420.0,0.05952380952380952,0.6761904761904762,0.2642857142857143,0.0,52.0
D+3,2025-06,day,huai_an_1,420.0,0.0761904761904762,0.669047619047619,0.2523809523809524,0.002380952380952381,55.0
D+3,2025-06,day,huai_an_2,420.0,0.10714285714285714,0.6214285714285714,0.26904761904761904,0.002380952380952381,63.0
D+3,2025-06,day,huai_an_3,420.0,0.10476190476190476,0.611904761904762,0.28095238095238095,0.002380952380952381,60.0
D+3,2025-06,day,lianyungang_1,420.0,0.13333333333333333,0.5857142857142857,0.28095238095238095,0.0,60.0
D+3,2025-06,day,lianyungang_2,420.0,0.10714285714285714,0.6285714285714286,0.2642857142857143,0.0,55.0
D+3,2025-06,day,nanjing_1,420.0,0.08333333333333333,0.7023809523809523,0.21428571428571427,0.0,45.0
D+3,2025-06,day,nanjing_2,420.0,0.06190476190476191,0.6785714285714286,0.25952380952380955,0.0,58.0
D+3,2025-06,day,nantong_1,420.0,0.10238095238095238,0.6976190476190476,0.2,0.0,45.0
D+3,2025-06,day,nantong_2,420.0,0.09047619047619047,0.6976190476190476,0.20952380952380953,0.002380952380952381,50.0
D+3,2025-06,day,suqian_1,420.0,0.10952380952380952,0.611904761904762,0.2785714285714286,0.0,67.0
D+3,2025-06,day,suzhou_1,420.0,0.0761904761904762,0.7404761904761905,0.18333333333333332,0.0,39.0
D+3,2025-06,day,taizhou_1,420.0,0.0880952380952381,0.6880952380952381,0.22380952380952382,0.0,47.0
D+3,2025-06,day,taizhou_2,420.0,0.07380952380952381,0.7071428571428572,0.21666666666666667,0.002380952380952381,52.0
D+3,2025-06,day,wuxi_1,420.0,0.06666666666666667,0.7142857142857143,0.21904761904761905,0.0,44.0
D+3,2025-06,day,xuzhou_1,420.0,0.14761904761904762,0.5928571428571429,0.25952380952380955,0.0,58.0
D+3,2025-06,day,xuzhou_2,420.0,0.12857142857142856,0.5785714285714286,0.2904761904761905,0.002380952380952381,57.0
D+3,2025-06,day,yancheng_1,420.0,0.11428571428571428,0.65,0.23333333333333334,0.002380952380952381,52.0
D+3,2025-06,day,yancheng_2,420.0,0.07857142857142857,0.7285714285714285,0.19047619047619047,0.002380952380952381,46.0
D+3,2025-06,day,yancheng_3,420.0,0.0880952380952381,0.7,0.2119047619047619,0.0,47.0
D+3,2025-06,night,changzhou_1,300.0,0.07,0.7333333333333333,0.19666666666666666,0.0,43.0
D+3,2025-06,night,huai_an_1,300.0,0.08333333333333333,0.7,0.21666666666666667,0.0,42.0
D+3,2025-06,night,huai_an_2,300.0,0.07333333333333333,0.68,0.24666666666666667,0.0,40.0
D+3,2025-06,night,huai_an_3,300.0,0.07333333333333333,0.6733333333333333,0.25333333333333335,0.0,45.0
D+3,2025-06,night,lianyungang_1,300.0,0.11,0.6133333333333333,0.2733333333333333,0.0033333333333333335,42.0
D+3,2025-06,night,lianyungang_2,300.0,0.08666666666666667,0.6233333333333333,0.29,0.0,47.0
D+3,2025-06,night,nanjing_1,300.0,0.06666666666666667,0.7033333333333334,0.23,0.0,41.0
D+3,2025-06,night,nanjing_2,300.0,0.06,0.73,0.21,0.0,41.0
D+3,2025-06,night,nantong_1,300.0,0.08,0.7566666666666667,0.16333333333333333,0.0,29.0
D+3,2025-06,night,nantong_2,300.0,0.1,0.7566666666666667,0.14333333333333334,0.0,31.0
D+3,2025-06,night,suqian_1,300.0,0.07333333333333333,0.65,0.2733333333333333,0.0033333333333333335,45.0
D+3,2025-06,night,suzhou_1,300.0,0.056666666666666664,0.7666666666666667,0.17333333333333334,0.0033333333333333335,34.0
D+3,2025-06,night,taizhou_1,300.0,0.07,0.7033333333333334,0.22666666666666666,0.0,39.0
D+3,2025-06,night,taizhou_2,300.0,0.05333333333333334,0.7233333333333334,0.22333333333333333,0.0,38.0
D+3,2025-06,night,wuxi_1,300.0,0.04666666666666667,0.7933333333333333,0.16,0.0,34.0
D+3,2025-06,night,xuzhou_1,300.0,0.11666666666666667,0.65,0.23333333333333334,0.0,35.0
D+3,2025-06,night,xuzhou_2,300.0,0.11333333333333333,0.6833333333333333,0.20333333333333334,0.0,42.0
D+3,2025-06,night,yancheng_1,300.0,0.06333333333333334,0.7366666666666667,0.2,0.0,36.0
D+3,2025-06,night,yancheng_2,300.0,0.07666666666666666,0.72,0.2,0.0033333333333333335,33.0
D+3,2025-06,night,yancheng_3,300.0,0.08,0.7133333333333334,0.20666666666666667,0.0,35.0
D+3,2025-07,day,changzhou_1,434.0,0.0944700460829493,0.4769585253456221,0.42857142857142855,0.0,85.0
D+3,2025-07,day,huai_an_1,434.0,0.20276497695852536,0.38940092165898615,0.4055299539170507,0.002304147465437788,70.0
D+3,2025-07,day,huai_an_2,434.0,0.2488479262672811,0.3986175115207373,0.35253456221198154,0.0,60.0
D+3,2025-07,day,huai_an_3,434.0,0.19815668202764977,0.3548387096774194,0.4447004608294931,0.002304147465437788,76.0
D+3,2025-07,day,lianyungang_1,434.0,0.27419354838709675,0.3847926267281106,0.34101382488479265,0.0,61.0
D+3,2025-07,day,lianyungang_2,434.0,0.31336405529953915,0.31336405529953915,0.37327188940092165,0.0,66.0
D+3,2025-07,day,nanjing_1,434.0,0.1497695852534562,0.4400921658986175,0.41013824884792627,0.0,79.0
D+3,2025-07,day,nanjing_2,434.0,0.08986175115207373,0.45161290322580644,0.45622119815668205,0.002304147465437788,79.0
D+3,2025-07,day,nantong_1,434.0,0.1313364055299539,0.45852534562211983,0.41013824884792627,0.0,69.0
D+3,2025-07,day,nantong_2,434.0,0.16359447004608296,0.46774193548387094,0.3686635944700461,0.0,65.0
D+3,2025-07,day,suqian_1,434.0,0.23963133640552994,0.3617511520737327,0.39631336405529954,0.002304147465437788,68.0
D+3,2025-07,day,suzhou_1,434.0,0.11290322580645161,0.49078341013824883,0.39631336405529954,0.0,64.0
D+3,2025-07,day,taizhou_1,434.0,0.20276497695852536,0.4470046082949309,0.35023041474654376,0.0,68.0
D+3,2025-07,day,taizhou_2,434.0,0.1912442396313364,0.4055299539170507,0.4009216589861751,0.002304147465437788,65.0
D+3,2025-07,day,wuxi_1,434.0,0.1152073732718894,0.532258064516129,0.35253456221198154,0.0,64.0
D+3,2025-07,day,xuzhou_1,434.0,0.31336405529953915,0.3778801843317972,0.3087557603686636,0.0,53.0
D+3,2025-07,day,xuzhou_2,434.0,0.27419354838709675,0.35944700460829493,0.3663594470046083,0.0,62.0
D+3,2025-07,day,yancheng_1,434.0,0.26497695852534564,0.3824884792626728,0.35253456221198154,0.0,54.0
D+3,2025-07,day,yancheng_2,434.0,0.2626728110599078,0.3986175115207373,0.3387096774193548,0.0,61.0
D+3,2025-07,day,yancheng_3,434.0,0.22811059907834103,0.4078341013824885,0.3640552995391705,0.0,66.0
D+3,2025-07,night,changzhou_1,310.0,0.16451612903225807,0.42258064516129035,0.4129032258064516,0.0,65.0
D+3,2025-07,night,huai_an_1,310.0,0.3709677419354839,0.35161290322580646,0.27741935483870966,0.0,43.0
D+3,2025-07,night,huai_an_2,310.0,0.3870967741935484,0.34838709677419355,0.26129032258064516,0.0032258064516129032,39.0
D+3,2025-07,night,huai_an_3,310.0,0.36451612903225805,0.3258064516129032,0.3096774193548387,0.0,44.0
D+3,2025-07,night,lianyungang_1,310.0,0.3580645161290323,0.33225806451612905,0.3064516129032258,0.0032258064516129032,47.0
D+3,2025-07,night,lianyungang_2,310.0,0.35161290322580646,0.3032258064516129,0.34516129032258064,0.0,59.0
D+3,2025-07,night,nanjing_1,310.0,0.24193548387096775,0.38387096774193546,0.3741935483870968,0.0,54.0
D+3,2025-07,night,nanjing_2,310.0,0.2129032258064516,0.42258064516129035,0.36451612903225805,0.0,57.0
D+3,2025-07,night,nantong_1,310.0,0.1870967741935484,0.4129032258064516,0.4,0.0,54.0
D+3,2025-07,night,nantong_2,310.0,0.2129032258064516,0.4290322580645161,0.3580645161290323,0.0,42.0
D+3,2025-07,night,suqian_1,310.0,0.35161290322580646,0.2709677419354839,0.3774193548387097,0.0,54.0
D+3,2025-07,night,suzhou_1,310.0,0.15806451612903225,0.43548387096774194,0.4064516129032258,0.0,55.0
D+3,2025-07,night,taizhou_1,310.0,0.3258064516129032,0.36451612903225805,0.3096774193548387,0.0,39.0
D+3,2025-07,night,taizhou_2,310.0,0.22258064516129034,0.3548387096774194,0.42258064516129035,0.0,42.0
D+3,2025-07,night,wuxi_1,310.0,0.2064516129032258,0.43548387096774194,0.3580645161290323,0.0,57.0
D+3,2025-07,night,xuzhou_1,310.0,0.34838709677419355,0.32903225806451614,0.3193548387096774,0.0032258064516129032,50.0
D+3,2025-07,night,xuzhou_2,310.0,0.3580645161290323,0.3419354838709677,0.3,0.0,45.0
D+3,2025-07,night,yancheng_1,310.0,0.3870967741935484,0.3387096774193548,0.2709677419354839,0.0032258064516129032,40.0
D+3,2025-07,night,yancheng_2,310.0,0.29354838709677417,0.3774193548387097,0.32903225806451614,0.0,39.0
D+3,2025-07,night,yancheng_3,310.0,0.3161290322580645,0.3903225806451613,0.29354838709677417,0.0,39.0
D+3,2025-08,day,changzhou_1,416.0,0.24759615384615385,0.40625,0.34615384615384615,0.0,47.0
D+3,2025-08,day,huai_an_1,420.0,0.19523809523809524,0.43333333333333335,0.37142857142857144,0.0,60.0
D+3,2025-08,day,huai_an_2,421.0,0.16864608076009502,0.501187648456057,0.33016627078384797,0.0,61.0
D+3,2025-08,day,huai_an_3,417.0,0.17985611510791366,0.45323741007194246,0.3669064748201439,0.0,56.0
D+3,2025-08,day,lianyungang_1,420.0,0.11904761904761904,0.5333333333333333,0.3476190476190476,0.0,72.0
D+3,2025-08,day,lianyungang_2,423.0,0.15602836879432624,0.5106382978723404,0.3333333333333333,0.0,68.0
D+3,2025-08,day,nanjing_1,413.0,0.25181598062953997,0.3801452784503632,0.36803874092009686,0.0,54.0
D+3,2025-08,day,nanjing_2,414.0,0.24879227053140096,0.3647342995169082,0.3864734299516908,0.0,54.0
D+3,2025-08,day,nantong_1,421.0,0.2161520190023753,0.3990498812351544,0.3824228028503563,0.0023752969121140144,56.0
D+3,2025-08,day,nantong_2,423.0,0.19621749408983452,0.375886524822695,0.42789598108747046,0.0,60.0
D+3,2025-08,day,suqian_1,417.0,0.17985611510791366,0.4676258992805755,0.35251798561151076,0.0,75.0
D+3,2025-08,day,suzhou_1,420.0,0.2,0.3976190476190476,0.4,0.002380952380952381,53.0
D+3,2025-08,day,taizhou_1,419.0,0.23389021479713604,0.431980906921241,0.3317422434367542,0.002386634844868735,50.0
D+3,2025-08,day,taizhou_2,422.0,0.20616113744075829,0.48578199052132703,0.3080568720379147,0.0,58.0
D+3,2025-08,day,wuxi_1,416.0,0.25961538461538464,0.33413461538461536,0.40625,0.0,48.0
D+3,2025-08,day,xuzhou_1,409.0,0.1980440097799511,0.48655256723716384,0.3154034229828851,0.0,73.0
D+3,2025-08,day,xuzhou_2,413.0,0.1549636803874092,0.4794188861985472,0.36561743341404357,0.0,71.0
D+3,2025-08,day,yancheng_1,422.0,0.1872037914691943,0.47393364928909953,0.33886255924170616,0.0,63.0
D+3,2025-08,day,yancheng_2,423.0,0.20094562647754138,0.508274231678487,0.2907801418439716,0.0,51.0
D+3,2025-08,day,yancheng_3,421.0,0.20190023752969122,0.42755344418052255,0.37054631828978624,0.0,52.0
D+3,2025-08,night,changzhou_1,328.0,0.25914634146341464,0.4268292682926829,0.31402439024390244,0.0,37.0
D+3,2025-08,night,huai_an_1,324.0,0.2345679012345679,0.49691358024691357,0.26851851851851855,0.0,45.0
D+3,2025-08,night,huai_an_2,323.0,0.21671826625386997,0.48297213622291024,0.30030959752321984,0.0,41.0
D+3,2025-08,night,huai_an_3,327.0,0.22324159021406728,0.4709480122324159,0.3058103975535168,0.0,58.0
D+3,2025-08,night,lianyungang_1,324.0,0.18209876543209877,0.4537037037037037,0.36419753086419754,0.0,57.0
D+3,2025-08,night,lianyungang_2,321.0,0.205607476635514,0.4454828660436137,0.34890965732087226,0.0,57.0
D+3,2025-08,night,nanjing_1,331.0,0.256797583081571,0.44410876132930516,0.29607250755287007,0.0030211480362537764,52.0
D+3,2025-08,night,nanjing_2,330.0,0.2636363636363636,0.45454545454545453,0.27575757575757576,0.006060606060606061,39.0
D+3,2025-08,night,nantong_1,323.0,0.26006191950464397,0.4551083591331269,0.2848297213622291,0.0,35.0
D+3,2025-08,night,nantong_2,321.0,0.22429906542056074,0.4236760124610592,0.35202492211838005,0.0,45.0
D+3,2025-08,night,suqian_1,327.0,0.22018348623853212,0.4709480122324159,0.308868501529052,0.0,51.0
D+3,2025-08,night,suzhou_1,324.0,0.23765432098765432,0.4228395061728395,0.33641975308641975,0.0030864197530864196,43.0
D+3,2025-08,night,taizhou_1,325.0,0.23692307692307693,0.49846153846153846,0.26461538461538464,0.0,40.0
D+3,2025-08,night,taizhou_2,322.0,0.2546583850931677,0.4503105590062112,0.2950310559006211,0.0,42.0
D+3,2025-08,night,wuxi_1,328.0,0.27134146341463417,0.3871951219512195,0.3384146341463415,0.003048780487804878,33.0
D+3,2025-08,night,xuzhou_1,335.0,0.24776119402985075,0.4626865671641791,0.2835820895522388,0.005970149253731343,55.0
D+3,2025-08,night,xuzhou_2,331.0,0.2628398791540785,0.4652567975830816,0.2719033232628399,0.0,46.0
D+3,2025-08,night,yancheng_1,322.0,0.2360248447204969,0.4782608695652174,0.2857142857142857,0.0,43.0
D+3,2025-08,night,yancheng_2,321.0,0.22741433021806853,0.45794392523364486,0.3146417445482866,0.0,44.0
D+3,2025-08,night,yancheng_3,323.0,0.2260061919504644,0.5077399380804953,0.2631578947368421,0.0030959752321981426,39.0
D+3,2025-09,day,changzhou_1,360.0,0.04722222222222222,0.5527777777777778,0.4,0.0,75.0
D+3,2025-09,day,huai_an_1,360.0,0.12222222222222222,0.6,0.2777777777777778,0.0,59.0
D+3,2025-09,day,huai_an_2,360.0,0.14722222222222223,0.6583333333333333,0.19166666666666668,0.002777777777777778,44.0
D+3,2025-09,day,huai_an_3,360.0,0.15833333333333333,0.6111111111111112,0.23055555555555557,0.0,51.0
D+3,2025-09,day,lianyungang_1,361.0,0.1994459833795014,0.6371191135734072,0.1634349030470914,0.0,44.0
D+3,2025-09,day,lianyungang_2,360.0,0.18888888888888888,0.6305555555555555,0.18055555555555555,0.0,41.0
D+3,2025-09,day,nanjing_1,360.0,0.058333333333333334,0.5611111111111111,0.38055555555555554,0.0,68.0
D+3,2025-09,day,nanjing_2,360.0,0.03333333333333333,0.5805555555555556,0.38333333333333336,0.002777777777777778,76.0
D+3,2025-09,day,nantong_1,360.0,0.06666666666666667,0.5444444444444444,0.3888888888888889,0.0,67.0
D+3,2025-09,day,nantong_2,360.0,0.06666666666666667,0.5777777777777777,0.35555555555555557,0.0,64.0
D+3,2025-09,day,suqian_1,362.0,0.143646408839779,0.649171270718232,0.20441988950276244,0.0027624309392265192,48.0
D+3,2025-09,day,suzhou_1,360.0,0.05277777777777778,0.6055555555555555,0.3388888888888889,0.002777777777777778,66.0
D+3,2025-09,day,taizhou_1,360.0,0.10277777777777777,0.6027777777777777,0.2916666666666667,0.002777777777777778,60.0
D+3,2025-09,day,taizhou_2,360.0,0.06944444444444445,0.6111111111111112,0.3194444444444444,0.0,60.0
D+3,2025-09,day,wuxi_1,360.0,0.04722222222222222,0.5972222222222222,0.35555555555555557,0.0,51.0
D+3,2025-09,day,xuzhou_1,367.0,0.21525885558583105,0.5858310626702997,0.1989100817438692,0.0,43.0
D+3,2025-09,day,xuzhou_2,364.0,0.16758241758241757,0.6538461538461539,0.17582417582417584,0.0027472527472527475,42.0
D+3,2025-09,day,yancheng_1,360.0,0.13055555555555556,0.6638888888888889,0.20555555555555555,0.0,52.0
D+3,2025-09,day,yancheng_2,360.0,0.08611111111111111,0.6,0.3138888888888889,0.0,64.0
D+3,2025-09,day,yancheng_3,360.0,0.11666666666666667,0.6194444444444445,0.2638888888888889,0.0,59.0
D+3,2025-09,night,changzhou_1,360.0,0.06111111111111111,0.5944444444444444,0.34444444444444444,0.0,59.0
D+3,2025-09,night,huai_an_1,360.0,0.08611111111111111,0.6777777777777778,0.2361111111111111,0.0,52.0
D+3,2025-09,night,huai_an_2,360.0,0.12777777777777777,0.6944444444444444,0.17777777777777778,0.0,37.0
D+3,2025-09,night,huai_an_3,360.0,0.10277777777777777,0.6694444444444444,0.22777777777777777,0.0,52.0
D+3,2025-09,night,lianyungang_1,359.0,0.17548746518105848,0.6545961002785515,0.16991643454038996,0.0,36.0
D+3,2025-09,night,lianyungang_2,360.0,0.16111111111111112,0.6555555555555556,0.18333333333333332,0.0,40.0
D+3,2025-09,night,nanjing_1,360.0,0.06944444444444445,0.6055555555555555,0.32222222222222224,0.002777777777777778,58.0
D+3,2025-09,night,nanjing_2,360.0,0.09444444444444444,0.6388888888888888,0.26666666666666666,0.0,55.0
D+3,2025-09,night,nantong_1,360.0,0.06388888888888888,0.6111111111111112,0.325,0.0,50.0
D+3,2025-09,night,nantong_2,360.0,0.09722222222222222,0.5472222222222223,0.35555555555555557,0.0,56.0
D+3,2025-09,night,suqian_1,358.0,0.13687150837988826,0.6675977653631285,0.19553072625698323,0.0,44.0
D+3,2025-09,night,suzhou_1,360.0,0.075,0.55,0.375,0.0,57.0
D+3,2025-09,night,taizhou_1,360.0,0.09166666666666666,0.6888888888888889,0.21666666666666667,0.002777777777777778,47.0
D+3,2025-09,night,taizhou_2,360.0,0.1,0.6805555555555556,0.21666666666666667,0.002777777777777778,46.0
D+3,2025-09,night,wuxi_1,360.0,0.04722222222222222,0.6388888888888888,0.3138888888888889,0.0,50.0
D+3,2025-09,night,xuzhou_1,353.0,0.23512747875354106,0.5977337110481586,0.1671388101983003,0.0,37.0
D+3,2025-09,night,xuzhou_2,356.0,0.18258426966292135,0.6797752808988764,0.1348314606741573,0.0028089887640449437,37.0
D+3,2025-09,night,yancheng_1,360.0,0.12222222222222222,0.6972222222222222,0.18055555555555555,0.0,33.0
D+3,2025-09,night,yancheng_2,360.0,0.10555555555555556,0.6972222222222222,0.19722222222222222,0.0,37.0
D+3,2025-09,night,yancheng_3,360.0,0.10277777777777777,0.6888888888888889,0.20555555555555555,0.002777777777777778,48.0
D+3,2025-10,day,changzhou_1,354.0,0.1751412429378531,0.53954802259887,0.2853107344632768,0.0,62.0
D+3,2025-10,day,huai_an_1,354.0,0.10734463276836158,0.5621468926553672,0.3248587570621469,0.005649717514124294,55.0
D+3,2025-10,day,huai_an_2,353.0,0.10198300283286119,0.5864022662889519,0.311614730878187,0.0,60.0
D+3,2025-10,day,huai_an_3,357.0,0.11204481792717087,0.5602240896358543,0.3277310924369748,0.0,62.0
D+3,2025-10,day,lianyungang_1,355.0,0.09014084507042254,0.5887323943661972,0.3211267605633803,0.0,58.0
D+3,2025-10,day,lianyungang_2,353.0,0.0906515580736544,0.5750708215297451,0.3342776203966006,0.0,65.0
D+3,2025-10,day,nanjing_1,357.0,0.20448179271708683,0.5210084033613446,0.27170868347338933,0.0028011204481792717,61.0
D+3,2025-10,day,nanjing_2,356.0,0.19101123595505617,0.49157303370786515,0.31741573033707865,0.0,67.0
D+3,2025-10,day,nantong_1,349.0,0.12607449856733524,0.5616045845272206,0.30945558739255014,0.0028653295128939827,59.0
D+3,2025-10,day,nantong_2,347.0,0.12680115273775217,0.590778097982709,0.2824207492795389,0.0,58.0
D+3,2025-10,day,suqian_1,357.0,0.10364145658263306,0.6442577030812325,0.25210084033613445,0.0,52.0
D+3,2025-10,day,suzhou_1,349.0,0.12320916905444126,0.5415472779369628,0.335243553008596,0.0,60.0
D+3,2025-10,day,taizhou_1,353.0,0.16147308781869688,0.5694050991501416,0.26912181303116145,0.0,48.0
D+3,2025-10,day,taizhou_2,350.0,0.12571428571428572,0.6085714285714285,0.26571428571428574,0.0,50.0
D+3,2025-10,day,wuxi_1,352.0,0.23863636363636365,0.5142045454545454,0.2471590909090909,0.0,50.0
D+3,2025-10,day,xuzhou_1,356.0,0.06179775280898876,0.6853932584269663,0.25,0.0028089887640449437,55.0
D+3,2025-10,day,xuzhou_2,358.0,0.07262569832402235,0.6703910614525139,0.2541899441340782,0.002793296089385475,52.0
D+3,2025-10,day,yancheng_1,352.0,0.10511363636363637,0.6448863636363636,0.25,0.0,45.0
D+3,2025-10,day,yancheng_2,350.0,0.12,0.6057142857142858,0.2742857142857143,0.0,49.0
D+3,2025-10,day,yancheng_3,353.0,0.141643059490085,0.5835694050991501,0.2747875354107649,0.0,44.0
D+3,2025-10,night,changzhou_1,390.0,0.22564102564102564,0.5512820512820513,0.2153846153846154,0.007692307692307693,53.0
D+3,2025-10,night,huai_an_1,390.0,0.18205128205128204,0.5897435897435898,0.22564102564102564,0.002564102564102564,47.0
D+3,2025-10,night,huai_an_2,391.0,0.15089514066496162,0.6624040920716112,0.1867007672634271,0.0,42.0
D+3,2025-10,night,huai_an_3,387.0,0.1524547803617571,0.5788113695090439,0.2661498708010336,0.002583979328165375,60.0
D+3,2025-10,night,lianyungang_1,389.0,0.17223650385604114,0.6401028277634961,0.18766066838046272,0.0,43.0
D+3,2025-10,night,lianyungang_2,391.0,0.11764705882352941,0.6726342710997443,0.2071611253196931,0.0025575447570332483,56.0
D+3,2025-10,night,nanjing_1,387.0,0.15762273901808785,0.5452196382428941,0.2971576227390181,0.0,54.0
D+3,2025-10,night,nanjing_2,388.0,0.19072164948453607,0.5670103092783505,0.2422680412371134,0.0,55.0
D+3,2025-10,night,nantong_1,395.0,0.21772151898734177,0.5924050632911393,0.189873417721519,0.0,48.0
D+3,2025-10,night,nantong_2,397.0,0.14609571788413098,0.654911838790932,0.19899244332493704,0.0,49.0
D+3,2025-10,night,suqian_1,387.0,0.1524547803617571,0.6382428940568475,0.20930232558139536,0.0,49.0
D+3,2025-10,night,suzhou_1,395.0,0.2,0.5873417721518988,0.20759493670886076,0.005063291139240506,56.0
D+3,2025-10,night,taizhou_1,391.0,0.1867007672634271,0.6035805626598465,0.20971867007672634,0.0,39.0
D+3,2025-10,night,taizhou_2,394.0,0.1751269035532995,0.5888324873096447,0.23604060913705585,0.0,51.0
D+3,2025-10,night,wuxi_1,392.0,0.2780612244897959,0.5637755102040817,0.15816326530612246,0.0,42.0
D+3,2025-10,night,xuzhou_1,388.0,0.14948453608247422,0.6469072164948454,0.20103092783505155,0.002577319587628866,37.0
D+3,2025-10,night,xuzhou_2,386.0,0.15803108808290156,0.6658031088082902,0.17357512953367876,0.0025906735751295338,43.0
D+3,2025-10,night,yancheng_1,392.0,0.14285714285714285,0.6938775510204082,0.16326530612244897,0.0,32.0
D+3,2025-10,night,yancheng_2,394.0,0.12944162436548223,0.6522842639593909,0.2182741116751269,0.0,48.0
D+3,2025-10,night,yancheng_3,391.0,0.17135549872122763,0.6086956521739131,0.21994884910485935,0.0,45.0
D+3,2025-11,day,changzhou_1,314.0,0.36942675159235666,0.37261146496815284,0.25796178343949044,0.0,36.0
D+3,2025-11,day,huai_an_1,309.0,0.42718446601941745,0.3786407766990291,0.18770226537216828,0.006472491909385114,25.0
D+3,2025-11,day,huai_an_2,307.0,0.44299674267100975,0.3322475570032573,0.2247557003257329,0.0,24.0
D+3,2025-11,day,huai_an_3,305.0,0.38688524590163936,0.3442622950819672,0.26885245901639343,0.0,33.0
D+3,2025-11,day,lianyungang_1,302.0,0.46688741721854304,0.2847682119205298,0.24834437086092714,0.0,30.0
D+3,2025-11,day,lianyungang_2,306.0,0.4934640522875817,0.2647058823529412,0.24183006535947713,0.0,35.0
D+3,2025-11,day,nanjing_1,307.0,0.4006514657980456,0.39087947882736157,0.20846905537459284,0.0,31.0
D+3,2025-11,day,nanjing_2,311.0,0.3440514469453376,0.36977491961414793,0.2861736334405145,0.0,42.0
D+3,2025-11,day,nantong_1,319.0,0.3510971786833856,0.36363636363636365,0.28213166144200624,0.003134796238244514,34.0
D+3,2025-11,day,nantong_2,322.0,0.32608695652173914,0.35403726708074534,0.3198757763975155,0.0,29.0
D+3,2025-11,day,suqian_1,302.0,0.40728476821192056,0.3079470198675497,0.2814569536423841,0.0033112582781456954,35.0
D+3,2025-11,day,suzhou_1,320.0,0.340625,0.384375,0.275,0.0,31.0
D+3,2025-11,day,taizhou_1,311.0,0.3987138263665595,0.42443729903536975,0.17684887459807075,0.0,25.0
D+3,2025-11,day,taizhou_2,315.0,0.3873015873015873,0.3904761904761905,0.21587301587301588,0.006349206349206349,37.0
D+3,2025-11,day,wuxi_1,317.0,0.35331230283911674,0.4227129337539432,0.22397476340694006,0.0,30.0
D+3,2025-11,day,xuzhou_1,300.0,0.44333333333333336,0.33,0.22666666666666666,0.0,29.0
D+3,2025-11,day,xuzhou_2,300.0,0.4,0.3333333333333333,0.2633333333333333,0.0033333333333333335,38.0
D+3,2025-11,day,yancheng_1,309.0,0.47572815533980584,0.3074433656957929,0.21359223300970873,0.003236245954692557,29.0
D+3,2025-11,day,yancheng_2,314.0,0.43630573248407645,0.3535031847133758,0.21019108280254778,0.0,29.0
D+3,2025-11,day,yancheng_3,310.0,0.432258064516129,0.38064516129032255,0.1870967741935484,0.0,26.0
D+3,2025-11,night,changzhou_1,406.0,0.3078817733990148,0.39655172413793105,0.29310344827586204,0.0024630541871921183,45.0
D+3,2025-11,night,huai_an_1,411.0,0.32116788321167883,0.45255474452554745,0.22627737226277372,0.0,34.0
D+3,2025-11,night,huai_an_2,413.0,0.4043583535108959,0.37530266343825663,0.2179176755447942,0.002421307506053269,37.0
D+3,2025-11,night,huai_an_3,415.0,0.3349397590361446,0.41204819277108434,0.25301204819277107,0.0,38.0
D+3,2025-11,night,lianyungang_1,418.0,0.4449760765550239,0.3803827751196172,0.17464114832535885,0.0,40.0
D+3,2025-11,night,lianyungang_2,414.0,0.4444444444444444,0.3647342995169082,0.19082125603864733,0.0,40.0
D+3,2025-11,night,nanjing_1,413.0,0.2711864406779661,0.3728813559322034,0.3559322033898305,0.0,49.0
D+3,2025-11,night,nanjing_2,409.0,0.29095354523227385,0.3765281173594132,0.33251833740831294,0.0,46.0
D+3,2025-11,night,nantong_1,401.0,0.3167082294264339,0.40399002493765584,0.2793017456359102,0.0,44.0
D+3,2025-11,night,nantong_2,398.0,0.3165829145728643,0.4321608040201005,0.25125628140703515,0.0,46.0
D+3,2025-11,night,suqian_1,418.0,0.3492822966507177,0.40669856459330145,0.24401913875598086,0.0,37.0
D+3,2025-11,night,suzhou_1,400.0,0.34,0.4325,0.2275,0.0,46.0
D+3,2025-11,night,taizhou_1,409.0,0.3080684596577017,0.4449877750611247,0.2469437652811736,0.0,33.0
D+3,2025-11,night,taizhou_2,405.0,0.3358024691358025,0.4148148148148148,0.24938271604938272,0.0,40.0
D+3,2025-11,night,wuxi_1,403.0,0.32754342431761785,0.4292803970223325,0.24317617866004962,0.0,41.0
D+3,2025-11,night,xuzhou_1,420.0,0.4095238095238095,0.36666666666666664,0.22380952380952382,0.0,48.0
D+3,2025-11,night,xuzhou_2,420.0,0.37142857142857144,0.4,0.22857142857142856,0.0,39.0
D+3,2025-11,night,yancheng_1,411.0,0.40632603406326034,0.3795620437956204,0.2141119221411192,0.0,35.0
D+3,2025-11,night,yancheng_2,406.0,0.3472906403940887,0.4236453201970443,0.229064039408867,0.0,37.0
D+3,2025-11,night,yancheng_3,410.0,0.32926829268292684,0.4658536585365854,0.2048780487804878,0.0,28.0
D+3,2025-12,day,changzhou_1,310.0,0.31290322580645163,0.38387096774193546,0.3032258064516129,0.0,48.0
D+3,2025-12,day,huai_an_1,310.0,0.4,0.33548387096774196,0.2645161290322581,0.0,26.0
D+3,2025-12,day,huai_an_2,310.0,0.3387096774193548,0.38064516129032255,0.2806451612903226,0.0,30.0
D+3,2025-12,day,huai_an_3,310.0,0.38387096774193546,0.3161290322580645,0.3,0.0,34.0
D+3,2025-12,day,lianyungang_1,310.0,0.3870967741935484,0.32903225806451614,0.2838709677419355,0.0,41.0
D+3,2025-12,day,lianyungang_2,310.0,0.33548387096774196,0.32903225806451614,0.33548387096774196,0.0,47.0
D+3,2025-12,day,nanjing_1,310.0,0.3709677419354839,0.36451612903225805,0.2645161290322581,0.0,41.0
D+3,2025-12,day,nanjing_2,310.0,0.3032258064516129,0.3741935483870968,0.3225806451612903,0.0,48.0
D+3,2025-12,day,nantong_1,310.0,0.3387096774193548,0.34516129032258064,0.3161290322580645,0.0,36.0
D+3,2025-12,day,nantong_2,310.0,0.3193548387096774,0.3741935483870968,0.3064516129032258,0.0,36.0
D+3,2025-12,day,suqian_1,310.0,0.36129032258064514,0.36129032258064514,0.27741935483870966,0.0,44.0
D+3,2025-12,day,suzhou_1,310.0,0.3096774193548387,0.3709677419354839,0.3193548387096774,0.0,41.0
D+3,2025-12,day,taizhou_1,310.0,0.4096774193548387,0.36129032258064514,0.22903225806451613,0.0,29.0
D+3,2025-12,day,taizhou_2,310.0,0.33548387096774196,0.38387096774193546,0.2806451612903226,0.0,32.0
D+3,2025-12,day,wuxi_1,310.0,0.2967741935483871,0.36774193548387096,0.33548387096774196,0.0,43.0
D+3,2025-12,day,xuzhou_1,310.0,0.34838709677419355,0.3774193548387097,0.27419354838709675,0.0,43.0
D+3,2025-12,day,xuzhou_2,310.0,0.34516129032258064,0.432258064516129,0.22258064516129034,0.0,29.0
D+3,2025-12,day,yancheng_1,310.0,0.3161290322580645,0.38387096774193546,0.3,0.0,31.0
D+3,2025-12,day,yancheng_2,310.0,0.31290322580645163,0.3580645161290323,0.32903225806451614,0.0,33.0
D+3,2025-12,day,yancheng_3,310.0,0.3741935483870968,0.3419354838709677,0.2838709677419355,0.0,28.0
D+3,2025-12,night,changzhou_1,434.0,0.2511520737327189,0.39631336405529954,0.35253456221198154,0.0,50.0
D+3,2025-12,night,huai_an_1,434.0,0.2834101382488479,0.4838709677419355,0.23271889400921658,0.0,37.0
D+3,2025-12,night,huai_an_2,434.0,0.3225806451612903,0.45622119815668205,0.22119815668202766,0.0,42.0
D+3,2025-12,night,huai_an_3,434.0,0.2695852534562212,0.4470046082949309,0.2834101382488479,0.0,42.0
D+3,2025-12,night,lianyungang_1,434.0,0.3640552995391705,0.4400921658986175,0.195852534562212,0.0,36.0
D+3,2025-12,night,lianyungang_2,434.0,0.3317972350230415,0.4308755760368664,0.23732718894009217,0.0,43.0
D+3,2025-12,night,nanjing_1,434.0,0.26036866359447003,0.49539170506912444,0.24423963133640553,0.0,39.0
D+3,2025-12,night,nanjing_2,434.0,0.24423963133640553,0.4032258064516129,0.35253456221198154,0.0,52.0
D+3,2025-12,night,nantong_1,434.0,0.23271889400921658,0.39400921658986177,0.37327188940092165,0.0,53.0
D+3,2025-12,night,nantong_2,434.0,0.21889400921658986,0.4539170506912442,0.3271889400921659,0.0,49.0
D+3,2025-12,night,suqian_1,434.0,0.31797235023041476,0.4539170506912442,0.22811059907834103,0.0,48.0
D+3,2025-12,night,suzhou_1,434.0,0.2465437788018433,0.3387096774193548,0.4147465437788018,0.0,53.0
D+3,2025-12,night,taizhou_1,434.0,0.32027649769585254,0.5092165898617511,0.17050691244239632,0.0,35.0
D+3,2025-12,night,taizhou_2,434.0,0.3064516129032258,0.4700460829493088,0.22350230414746544,0.0,47.0
D+3,2025-12,night,wuxi_1,434.0,0.25806451612903225,0.37557603686635943,0.3663594470046083,0.0,43.0
D+3,2025-12,night,xuzhou_1,434.0,0.37327188940092165,0.41705069124423966,0.20967741935483872,0.0,41.0
D+3,2025-12,night,xuzhou_2,434.0,0.3617511520737327,0.42857142857142855,0.20967741935483872,0.0,39.0
D+3,2025-12,night,yancheng_1,434.0,0.3225806451612903,0.44930875576036866,0.22811059907834103,0.0,41.0
D+3,2025-12,night,yancheng_2,434.0,0.2857142857142857,0.4792626728110599,0.2350230414746544,0.0,36.0
D+3,2025-12,night,yancheng_3,434.0,0.31105990783410137,0.5023041474654378,0.18663594470046083,0.0,32.0
D+3,2026-01,day,changzhou_1,314.0,0.3375796178343949,0.34394904458598724,0.3184713375796178,0.0,50.0
D+3,2026-01,day,huai_an_1,312.0,0.3301282051282051,0.4935897435897436,0.1762820512820513,0.0,23.0
D+3,2026-01,day,huai_an_2,311.0,0.36977491961414793,0.4630225080385852,0.16720257234726688,0.0,21.0
D+3,2026-01,day,huai_an_3,316.0,0.2879746835443038,0.5063291139240507,0.20569620253164558,0.0,31.0
D+3,2026-01,day,lianyungang_1,312.0,0.41346153846153844,0.40064102564102566,0.1858974358974359,0.0,33.0
D+3,2026-01,day,lianyungang_2,310.0,0.4064516129032258,0.43870967741935485,0.15483870967741936,0.0,25.0
D+3,2026-01,day,nanjing_1,318.0,0.3081761006289308,0.4276729559748428,0.2641509433962264,0.0,41.0
D+3,2026-01,day,nanjing_2,317.0,0.334384858044164,0.35962145110410093,0.305993690851735,0.0,49.0
D+3,2026-01,day,nantong_1,310.0,0.3225806451612903,0.35161290322580646,0.3258064516129032,0.0,38.0
D+3,2026-01,day,nantong_2,310.0,0.27741935483870966,0.34516129032258064,0.3774193548387097,0.0,50.0
D+3,2026-01,day,suqian_1,315.0,0.346031746031746,0.4222222222222222,0.23174603174603176,0.0,37.0
D+3,2026-01,day,suzhou_1,310.0,0.3548387096774194,0.32903225806451614,0.3161290322580645,0.0,35.0
D+3,2026-01,day,taizhou_1,311.0,0.3183279742765273,0.5112540192926045,0.17041800643086816,0.0,18.0
D+3,2026-01,day,taizhou_2,310.0,0.3032258064516129,0.4612903225806452,0.23548387096774193,0.0,35.0
D+3,2026-01,day,wuxi_1,313.0,0.36741214057507987,0.34185303514376997,0.29073482428115016,0.0,35.0
D+3,2026-01,day,xuzhou_1,320.0,0.390625,0.40625,0.203125,0.0,40.0
D+3,2026-01,day,xuzhou_2,318.0,0.34591194968553457,0.41823899371069184,0.2358490566037736,0.0,35.0
D+3,2026-01,day,yancheng_1,310.0,0.3709677419354839,0.46774193548387094,0.16129032258064516,0.0,25.0
D+3,2026-01,day,yancheng_2,310.0,0.2967741935483871,0.5064516129032258,0.1967741935483871,0.0,29.0
D+3,2026-01,day,yancheng_3,311.0,0.33762057877813506,0.4855305466237942,0.17684887459807075,0.0,23.0
D+3,2026-01,night,changzhou_1,430.0,0.32790697674418606,0.38372093023255816,0.28837209302325584,0.0,48.0
D+3,2026-01,night,huai_an_1,432.0,0.3472222222222222,0.4791666666666667,0.1736111111111111,0.0,34.0
D+3,2026-01,night,huai_an_2,433.0,0.3510392609699769,0.4618937644341801,0.18706697459584296,0.0,37.0
D+3,2026-01,night,huai_an_3,428.0,0.32009345794392524,0.48598130841121495,0.1939252336448598,0.0,40.0
D+3,2026-01,night,lianyungang_1,432.0,0.3425925925925926,0.4722222222222222,0.18518518518518517,0.0,37.0
D+3,2026-01,night,lianyungang_2,434.0,0.34101382488479265,0.4769585253456221,0.18202764976958524,0.0,36.0
D+3,2026-01,night,nanjing_1,426.0,0.32629107981220656,0.4014084507042254,0.27230046948356806,0.0,46.0
D+3,2026-01,night,nanjing_2,427.0,0.33021077283372363,0.3629976580796253,0.30679156908665106,0.0,49.0
D+3,2026-01,night,nantong_1,434.0,0.35944700460829493,0.3778801843317972,0.2626728110599078,0.0,48.0
D+3,2026-01,night,nantong_2,434.0,0.30184331797235026,0.41935483870967744,0.27880184331797236,0.0,36.0
D+3,2026-01,night,suqian_1,429.0,0.3076923076923077,0.4755244755244755,0.21678321678321677,0.0,45.0
D+3,2026-01,night,suzhou_1,434.0,0.3847926267281106,0.35944700460829493,0.2557603686635945,0.0,48.0
D+3,2026-01,night,taizhou_1,433.0,0.3371824480369515,0.4780600461893764,0.18475750577367206,0.0,35.0
D+3,2026-01,night,taizhou_2,434.0,0.31797235023041476,0.4470046082949309,0.2350230414746544,0.0,38.0
D+3,2026-01,night,wuxi_1,431.0,0.37587006960556846,0.41067285382830626,0.21345707656612528,0.0,39.0
D+3,2026-01,night,xuzhou_1,424.0,0.32547169811320753,0.45047169811320753,0.2240566037735849,0.0,37.0
D+3,2026-01,night,xuzhou_2,426.0,0.3145539906103286,0.4671361502347418,0.21830985915492956,0.0,37.0
D+3,2026-01,night,yancheng_1,434.0,0.3387096774193548,0.47235023041474655,0.1889400921658986,0.0,40.0
D+3,2026-01,night,yancheng_2,434.0,0.33640552995391704,0.4631336405529954,0.20046082949308755,0.0,41.0
D+3,2026-01,night,yancheng_3,433.0,0.3510392609699769,0.48729792147806006,0.16166281755196305,0.0,28.0
D+3,2026-02,day,changzhou_1,309.0,0.18770226537216828,0.5631067961165048,0.24919093851132687,0.0,36.0
D+3,2026-02,day,huai_an_1,308.0,0.2987012987012987,0.487012987012987,0.21428571428571427,0.0,35.0
D+3,2026-02,day,huai_an_2,308.0,0.3051948051948052,0.4675324675324675,0.22727272727272727,0.0,35.0
D+3,2026-02,day,huai_an_3,308.0,0.2792207792207792,0.5032467532467533,0.21753246753246752,0.0,30.0
D+3,2026-02,day,lianyungang_1,308.0,0.30194805194805197,0.4253246753246753,0.2727272727272727,0.0,44.0
D+3,2026-02,day,lianyungang_2,307.0,0.32247557003257327,0.4201954397394137,0.25732899022801303,0.0,35.0
D+3,2026-02,day,nanjing_1,308.0,0.22077922077922077,0.5292207792207793,0.25,0.0,34.0
D+3,2026-02,day,nanjing_2,308.0,0.21103896103896103,0.5487012987012987,0.24025974025974026,0.0,31.0
D+3,2026-02,day,nantong_1,310.0,0.2645161290322581,0.5451612903225806,0.19032258064516128,0.0,29.0
D+3,2026-02,day,nantong_2,310.0,0.25483870967741934,0.535483870967742,0.20967741935483872,0.0,31.0
D+3,2026-02,day,suqian_1,308.0,0.2727272727272727,0.4707792207792208,0.2564935064935065,0.0,45.0
D+3,2026-02,day,suzhou_1,312.0,0.21474358974358973,0.5641025641025641,0.22115384615384615,0.0,31.0
D+3,2026-02,day,taizhou_1,308.0,0.2694805194805195,0.5,0.2305194805194805,0.0,31.0
D+3,2026-02,day,taizhou_2,309.0,0.2588996763754045,0.4854368932038835,0.255663430420712,0.0,37.0
D+3,2026-02,day,wuxi_1,311.0,0.2379421221864952,0.5852090032154341,0.17684887459807075,0.0,27.0
D+3,2026-02,day,xuzhou_1,308.0,0.2727272727272727,0.5064935064935064,0.22077922077922077,0.0,36.0
D+3,2026-02,day,xuzhou_2,308.0,0.25,0.4642857142857143,0.2857142857142857,0.0,45.0
D+3,2026-02,day,yancheng_1,307.0,0.3127035830618892,0.4560260586319218,0.23127035830618892,0.0,37.0
D+3,2026-02,day,yancheng_2,308.0,0.30194805194805197,0.4707792207792208,0.22727272727272727,0.0,26.0
D+3,2026-02,day,yancheng_3,308.0,0.29545454545454547,0.5097402597402597,0.19480519480519481,0.0,25.0
D+3,2026-02,night,changzhou_1,363.0,0.1652892561983471,0.6005509641873278,0.23415977961432508,0.0,43.0
D+3,2026-02,night,huai_an_1,364.0,0.23076923076923078,0.5302197802197802,0.23901098901098902,0.0,43.0
D+3,2026-02,night,huai_an_2,364.0,0.25824175824175827,0.5521978021978022,0.18956043956043955,0.0,28.0
D+3,2026-02,night,huai_an_3,364.0,0.22802197802197802,0.5247252747252747,0.24725274725274726,0.0,39.0
D+3,2026-02,night,lianyungang_1,364.0,0.29120879120879123,0.4532967032967033,0.2554945054945055,0.0,33.0
D+3,2026-02,night,lianyungang_2,365.0,0.30684931506849317,0.4712328767123288,0.2219178082191781,0.0,33.0
D+3,2026-02,night,nanjing_1,364.0,0.18406593406593408,0.5714285714285714,0.2445054945054945,0.0,46.0
D+3,2026-02,night,nanjing_2,364.0,0.17307692307692307,0.5851648351648352,0.24175824175824176,0.0,48.0
D+3,2026-02,night,nantong_1,362.0,0.1878453038674033,0.5414364640883977,0.27071823204419887,0.0,39.0
D+3,2026-02,night,nantong_2,362.0,0.2154696132596685,0.5580110497237569,0.2265193370165746,0.0,36.0
D+3,2026-02,night,suqian_1,364.0,0.2664835164835165,0.489010989010989,0.2445054945054945,0.0,42.0
D+3,2026-02,night,suzhou_1,360.0,0.19722222222222222,0.575,0.22777777777777777,0.0,42.0
D+3,2026-02,night,taizhou_1,364.0,0.23351648351648352,0.510989010989011,0.2554945054945055,0.0,37.0
D+3,2026-02,night,taizhou_2,363.0,0.2369146005509642,0.49586776859504134,0.26721763085399447,0.0,38.0
D+3,2026-02,night,wuxi_1,361.0,0.18005540166204986,0.6121883656509696,0.2077562326869806,0.0,41.0
D+3,2026-02,night,xuzhou_1,364.0,0.3021978021978022,0.4725274725274725,0.22527472527472528,0.0,39.0
D+3,2026-02,night,xuzhou_2,364.0,0.28296703296703296,0.4835164835164835,0.23351648351648352,0.0,40.0
D+3,2026-02,night,yancheng_1,365.0,0.25753424657534246,0.5452054794520548,0.19726027397260273,0.0,37.0
D+3,2026-02,night,yancheng_2,364.0,0.24175824175824176,0.5274725274725275,0.23076923076923078,0.0,39.0
D+3,2026-02,night,yancheng_3,364.0,0.23626373626373626,0.5192307692307693,0.2445054945054945,0.0,40.0
D+3,2026-03,day,changzhou_1,372.0,0.11559139784946236,0.7231182795698925,0.16129032258064516,0.0,39.0
D+3,2026-03,day,huai_an_1,371.0,0.1347708894878706,0.633423180592992,0.23180592991913745,0.0,46.0
D+3,2026-03,day,huai_an_2,370.0,0.13783783783783785,0.6054054054054054,0.25675675675675674,0.0,45.0
D+3,2026-03,day,huai_an_3,368.0,0.11956521739130435,0.6086956521739131,0.2717391304347826,0.0,43.0
D+3,2026-03,day,lianyungang_1,367.0,0.1553133514986376,0.5313351498637602,0.3133514986376022,0.0,56.0
D+3,2026-03,day,lianyungang_2,370.0,0.15675675675675677,0.5297297297297298,0.31351351351351353,0.0,56.0
D+3,2026-03,day,nanjing_1,369.0,0.10569105691056911,0.7100271002710027,0.1842818428184282,0.0,39.0
D+3,2026-03,day,nanjing_2,370.0,0.10270270270270271,0.7054054054054054,0.1918918918918919,0.0,44.0
D+3,2026-03,day,nantong_1,372.0,0.11021505376344086,0.6720430107526881,0.21774193548387097,0.0,46.0
D+3,2026-03,day,nantong_2,372.0,0.09408602150537634,0.6612903225806451,0.2446236559139785,0.0,43.0
D+3,2026-03,day,suqian_1,367.0,0.11171662125340599,0.5885558583106267,0.2997275204359673,0.0,48.0
D+3,2026-03,day,suzhou_1,372.0,0.11021505376344086,0.706989247311828,0.1827956989247312,0.0,36.0
D+3,2026-03,day,taizhou_1,372.0,0.12634408602150538,0.6827956989247311,0.19086021505376344,0.0,40.0
D+3,2026-03,day,taizhou_2,372.0,0.10752688172043011,0.6532258064516129,0.239247311827957,0.0,39.0
D+3,2026-03,day,wuxi_1,372.0,0.10752688172043011,0.728494623655914,0.1639784946236559,0.0,36.0
D+3,2026-03,day,xuzhou_1,364.0,0.0989010989010989,0.5961538461538461,0.30494505494505497,0.0,46.0
D+3,2026-03,day,xuzhou_2,364.0,0.12362637362637363,0.532967032967033,0.3434065934065934,0.0,55.0
D+3,2026-03,day,yancheng_1,371.0,0.1347708894878706,0.6469002695417789,0.2183288409703504,0.0,36.0
D+3,2026-03,day,yancheng_2,372.0,0.11559139784946236,0.6532258064516129,0.23118279569892472,0.0,36.0
D+3,2026-03,day,yancheng_3,372.0,0.13709677419354838,0.6451612903225806,0.21774193548387097,0.0,33.0
D+3,2026-03,night,changzhou_1,372.0,0.09408602150537634,0.6989247311827957,0.20698924731182797,0.0,42.0
D+3,2026-03,night,huai_an_1,373.0,0.08847184986595175,0.7050938337801609,0.2064343163538874,0.0,46.0
D+3,2026-03,night,huai_an_2,374.0,0.11764705882352941,0.7272727272727273,0.15508021390374332,0.0,41.0
D+3,2026-03,night,huai_an_3,376.0,0.09574468085106383,0.6861702127659575,0.21808510638297873,0.0,47.0
D+3,2026-03,night,lianyungang_1,377.0,0.11936339522546419,0.6816976127320955,0.1989389920424403,0.0,42.0
D+3,2026-03,night,lianyungang_2,374.0,0.10962566844919786,0.6951871657754011,0.19518716577540107,0.0,38.0
D+3,2026-03,night,nanjing_1,375.0,0.09333333333333334,0.656,0.25066666666666665,0.0,48.0
D+3,2026-03,night,nanjing_2,374.0,0.10160427807486631,0.6898395721925134,0.20855614973262032,0.0,38.0
D+3,2026-03,night,nantong_1,372.0,0.08602150537634409,0.7231182795698925,0.19086021505376344,0.0,38.0
D+3,2026-03,night,nantong_2,372.0,0.05913978494623656,0.7311827956989247,0.20967741935483872,0.0,37.0
D+3,2026-03,night,suqian_1,377.0,0.13262599469496023,0.6816976127320955,0.1856763925729443,0.0,44.0
D+3,2026-03,night,suzhou_1,372.0,0.08870967741935484,0.760752688172043,0.15053763440860216,0.0,33.0
D+3,2026-03,night,taizhou_1,372.0,0.08602150537634409,0.7043010752688172,0.20967741935483872,0.0,46.0
D+3,2026-03,night,taizhou_2,372.0,0.09408602150537634,0.7016129032258065,0.20430107526881722,0.0,44.0
D+3,2026-03,night,wuxi_1,372.0,0.09408602150537634,0.8064516129032258,0.09946236559139784,0.0,20.0
D+3,2026-03,night,xuzhou_1,380.0,0.11842105263157894,0.7236842105263158,0.15789473684210525,0.0,31.0
D+3,2026-03,night,xuzhou_2,380.0,0.12631578947368421,0.6947368421052632,0.17894736842105263,0.0,44.0
D+3,2026-03,night,yancheng_1,373.0,0.10723860589812333,0.7533512064343163,0.13941018766756033,0.0,33.0
D+3,2026-03,night,yancheng_2,372.0,0.0967741935483871,0.7338709677419355,0.1693548387096774,0.0,39.0
D+3,2026-03,night,yancheng_3,372.0,0.08870967741935484,0.7096774193548387,0.20161290322580644,0.0,44.0
D+3,2026-04,day,changzhou_1,386.0,0.11398963730569948,0.5777202072538861,0.27202072538860106,0.0,60.0
D+3,2026-04,day,huai_an_1,390.0,0.13076923076923078,0.5333333333333333,0.3,0.0,58.0
D+3,2026-04,day,huai_an_2,392.0,0.1683673469387755,0.5739795918367347,0.22193877551020408,0.0,54.0
D+3,2026-04,day,huai_an_3,392.0,0.14285714285714285,0.5357142857142857,0.288265306122449,0.0,53.0
D+3,2026-04,day,lianyungang_1,395.0,0.189873417721519,0.46329113924050636,0.3139240506329114,0.0,58.0
D+3,2026-04,day,lianyungang_2,393.0,0.2010178117048346,0.5241730279898219,0.23918575063613232,0.0,50.0
D+3,2026-04,day,nanjing_1,389.0,0.11568123393316196,0.6041131105398457,0.2467866323907455,0.0,47.0
D+3,2026-04,day,nanjing_2,387.0,0.12403100775193798,0.5788113695090439,0.26356589147286824,0.0,50.0
D+3,2026-04,day,nantong_1,383.0,0.10182767624020887,0.5953002610966057,0.2689295039164491,0.0,62.0
D+3,2026-04,day,nantong_2,382.0,0.10732984293193717,0.6073298429319371,0.2513089005235602,0.0,55.0
D+3,2026-04,day,suqian_1,394.0,0.15736040609137056,0.5532994923857868,0.2563451776649746,0.0,54.0
D+3,2026-04,day,suzhou_1,382.0,0.13089005235602094,0.5706806282722513,0.2643979057591623,0.0,62.0
D+3,2026-04,day,taizhou_1,389.0,0.15167095115681234,0.583547557840617,0.22879177377892032,0.0,50.0
D+3,2026-04,day,taizhou_2,387.0,0.1421188630490956,0.5503875968992248,0.2739018087855297,0.0,59.0
D+3,2026-04,day,wuxi_1,383.0,0.13315926892950392,0.5848563968668408,0.24804177545691905,0.0,52.0
D+3,2026-04,day,xuzhou_1,395.0,0.23544303797468355,0.4936708860759494,0.2379746835443038,0.0,53.0
D+3,2026-04,day,xuzhou_2,396.0,0.16414141414141414,0.5555555555555556,0.2474747474747475,0.0,53.0
D+3,2026-04,day,yancheng_1,391.0,0.17647058823529413,0.5447570332480819,0.24296675191815856,0.0,54.0
D+3,2026-04,day,yancheng_2,388.0,0.14175257731958762,0.5360824742268041,0.28865979381443296,0.0,64.0
D+3,2026-04,day,yancheng_3,389.0,0.13110539845758354,0.5372750642673522,0.29562982005141386,0.0,54.0
D+3,2026-04,night,changzhou_1,334.0,0.12874251497005987,0.5868263473053892,0.23952095808383234,0.0,54.0
D+3,2026-04,night,huai_an_1,330.0,0.13636363636363635,0.5333333333333333,0.28484848484848485,0.0,55.0
D+3,2026-04,night,huai_an_2,328.0,0.12804878048780488,0.5579268292682927,0.2682926829268293,0.0,45.0
D+3,2026-04,night,huai_an_3,328.0,0.13719512195121952,0.4878048780487805,0.32621951219512196,0.0,55.0
D+3,2026-04,night,lianyungang_1,325.0,0.20307692307692307,0.5076923076923077,0.24,0.0,43.0
D+3,2026-04,night,lianyungang_2,327.0,0.1926605504587156,0.5565749235474006,0.20489296636085627,0.0,45.0
D+3,2026-04,night,nanjing_1,331.0,0.16314199395770393,0.540785498489426,0.24773413897280966,0.0,53.0
D+3,2026-04,night,nanjing_2,333.0,0.15015015015015015,0.5465465465465466,0.2552552552552553,0.0,50.0
D+3,2026-04,night,nantong_1,337.0,0.12759643916913946,0.6053412462908012,0.2195845697329377,0.0,50.0
D+3,2026-04,night,nantong_2,338.0,0.1242603550295858,0.5798816568047337,0.2485207100591716,0.0,47.0
D+3,2026-04,night,suqian_1,326.0,0.147239263803681,0.4662576687116564,0.3374233128834356,0.0,53.0
D+3,2026-04,night,suzhou_1,338.0,0.11834319526627218,0.591715976331361,0.24260355029585798,0.0,49.0
D+3,2026-04,night,taizhou_1,331.0,0.1419939577039275,0.56797583081571,0.24471299093655588,0.0,48.0
D+3,2026-04,night,taizhou_2,333.0,0.12612612612612611,0.5495495495495496,0.27627627627627627,0.0,48.0
D+3,2026-04,night,wuxi_1,337.0,0.09495548961424333,0.6112759643916914,0.24629080118694363,0.0,53.0
D+3,2026-04,night,xuzhou_1,325.0,0.19076923076923077,0.5015384615384615,0.25846153846153846,0.0,53.0
D+3,2026-04,night,xuzhou_2,324.0,0.19135802469135801,0.5030864197530864,0.25617283950617287,0.0,47.0
D+3,2026-04,night,yancheng_1,329.0,0.14285714285714285,0.5592705167173252,0.25227963525835867,0.0,55.0
D+3,2026-04,night,yancheng_2,332.0,0.10843373493975904,0.5783132530120482,0.26506024096385544,0.0,53.0
D+3,2026-04,night,yancheng_3,331.0,0.1299093655589124,0.540785498489426,0.283987915407855,0.0,55.0
D+3,2026-05,day,changzhou_1,434.0,0.1774193548387097,0.5691244239631337,0.2534562211981567,0.0,42.0
D+3,2026-05,day,huai_an_1,434.0,0.23271889400921658,0.5207373271889401,0.2465437788018433,0.0,39.0
D+3,2026-05,day,huai_an_2,434.0,0.2626728110599078,0.5023041474654378,0.2350230414746544,0.0,42.0
D+3,2026-05,day,huai_an_3,434.0,0.22580645161290322,0.543778801843318,0.2304147465437788,0.0,42.0
D+3,2026-05,day,lianyungang_1,434.0,0.23732718894009217,0.5299539170506913,0.23271889400921658,0.0,44.0
D+3,2026-05,day,lianyungang_2,434.0,0.25806451612903225,0.4976958525345622,0.24423963133640553,0.0,48.0
D+3,2026-05,day,nanjing_1,434.0,0.15668202764976957,0.5529953917050692,0.2903225806451613,0.0,52.0
D+3,2026-05,day,nanjing_2,434.0,0.17050691244239632,0.5529953917050692,0.2764976958525346,0.0,48.0
D+3,2026-05,day,nantong_1,434.0,0.21889400921658986,0.5852534562211982,0.195852534562212,0.0,35.0
D+3,2026-05,day,nantong_2,434.0,0.22119815668202766,0.5691244239631337,0.20967741935483872,0.0,44.0
D+3,2026-05,day,suqian_1,434.0,0.23271889400921658,0.5046082949308756,0.2626728110599078,0.0,51.0
D+3,2026-05,day,suzhou_1,434.0,0.20506912442396313,0.5668202764976958,0.22811059907834103,0.0,38.0
D+3,2026-05,day,taizhou_1,434.0,0.2119815668202765,0.5921658986175116,0.195852534562212,0.0,35.0
D+3,2026-05,day,taizhou_2,434.0,0.21658986175115208,0.5668202764976958,0.21658986175115208,0.0,45.0
D+3,2026-05,day,wuxi_1,434.0,0.1543778801843318,0.5967741935483871,0.2488479262672811,0.0,35.0
D+3,2026-05,day,xuzhou_1,434.0,0.20506912442396313,0.5806451612903226,0.21428571428571427,0.0,45.0
D+3,2026-05,day,xuzhou_2,434.0,0.22119815668202766,0.5529953917050692,0.22580645161290322,0.0,46.0
D+3,2026-05,day,yancheng_1,434.0,0.2626728110599078,0.4861751152073733,0.2511520737327189,0.0,52.0
D+3,2026-05,day,yancheng_2,434.0,0.22580645161290322,0.532258064516129,0.24193548387096775,0.0,37.0
D+3,2026-05,day,yancheng_3,434.0,0.23271889400921658,0.5345622119815668,0.23271889400921658,0.0,34.0
D+3,2026-05,night,changzhou_1,310.0,0.12903225806451613,0.6096774193548387,0.26129032258064516,0.0,44.0
D+3,2026-05,night,huai_an_1,310.0,0.1870967741935484,0.6129032258064516,0.2,0.0,27.0
D+3,2026-05,night,huai_an_2,310.0,0.27741935483870966,0.5580645161290323,0.16451612903225807,0.0,27.0
D+3,2026-05,night,huai_an_3,310.0,0.16129032258064516,0.6,0.23870967741935484,0.0,41.0
D+3,2026-05,night,lianyungang_1,310.0,0.3096774193548387,0.49032258064516127,0.2,0.0,31.0
D+3,2026-05,night,lianyungang_2,310.0,0.3161290322580645,0.5064516129032258,0.1774193548387097,0.0,24.0
D+3,2026-05,night,nanjing_1,310.0,0.15161290322580645,0.6161290322580645,0.23225806451612904,0.0,35.0
D+3,2026-05,night,nanjing_2,310.0,0.15161290322580645,0.6,0.24838709677419354,0.0,36.0
D+3,2026-05,night,nantong_1,310.0,0.17419354838709677,0.6290322580645161,0.1967741935483871,0.0,36.0
D+3,2026-05,night,nantong_2,310.0,0.2,0.6225806451612903,0.1774193548387097,0.0,28.0
D+3,2026-05,night,suqian_1,310.0,0.25161290322580643,0.535483870967742,0.2129032258064516,0.0,33.0
D+3,2026-05,night,suzhou_1,310.0,0.17096774193548386,0.603225806451613,0.22580645161290322,0.0,36.0
D+3,2026-05,night,taizhou_1,310.0,0.20967741935483872,0.6387096774193548,0.15161290322580645,0.0,25.0
D+3,2026-05,night,taizhou_2,310.0,0.20967741935483872,0.6290322580645161,0.16129032258064516,0.0,29.0
D+3,2026-05,night,wuxi_1,310.0,0.14193548387096774,0.5935483870967742,0.2645161290322581,0.0,37.0
D+3,2026-05,night,xuzhou_1,310.0,0.24838709677419354,0.5129032258064516,0.23870967741935484,0.0,42.0
D+3,2026-05,night,xuzhou_2,310.0,0.23870967741935484,0.5064516129032258,0.25483870967741934,0.0,45.0
D+3,2026-05,night,yancheng_1,310.0,0.27419354838709675,0.535483870967742,0.19032258064516128,0.0,30.0
D+3,2026-05,night,yancheng_2,310.0,0.23870967741935484,0.5645161290322581,0.1967741935483871,0.0,31.0
D+3,2026-05,night,yancheng_3,310.0,0.1935483870967742,0.6161290322580645,0.19032258064516128,0.0,24.0
D+3,2026-06,day,changzhou_1,420.0,0.08095238095238096,0.6785714285714286,0.24047619047619048,0.0,60.0
D+3,2026-06,day,huai_an_1,420.0,0.13333333333333333,0.6833333333333333,0.18333333333333332,0.0,44.0
D+3,2026-06,day,huai_an_2,420.0,0.12142857142857143,0.6904761904761905,0.1880952380952381,0.0,50.0
D+3,2026-06,day,huai_an_3,420.0,0.13095238095238096,0.6357142857142857,0.23333333333333334,0.0,52.0
D+3,2026-06,day,lianyungang_1,420.0,0.10238095238095238,0.6738095238095239,0.22380952380952382,0.0,50.0
D+3,2026-06,day,lianyungang_2,420.0,0.10714285714285714,0.7023809523809523,0.19047619047619047,0.0,47.0
D+3,2026-06,day,nanjing_1,420.0,0.1,0.669047619047619,0.23095238095238096,0.0,51.0
D+3,2026-06,day,nanjing_2,420.0,0.07857142857142857,0.6738095238095239,0.24761904761904763,0.0,58.0
D+3,2026-06,day,nantong_1,420.0,0.07857142857142857,0.7142857142857143,0.20714285714285716,0.0,51.0
D+3,2026-06,day,nantong_2,420.0,0.07380952380952381,0.7214285714285714,0.20476190476190476,0.0,51.0
D+3,2026-06,day,suqian_1,420.0,0.11666666666666667,0.6285714285714286,0.25476190476190474,0.0,55.0
D+3,2026-06,day,suzhou_1,420.0,0.05952380952380952,0.7309523809523809,0.20952380952380953,0.0,53.0
D+3,2026-06,day,taizhou_1,420.0,0.10714285714285714,0.7095238095238096,0.18333333333333332,0.0,39.0
D+3,2026-06,day,taizhou_2,420.0,0.1261904761904762,0.7166666666666667,0.15714285714285714,0.0,39.0
D+3,2026-06,day,wuxi_1,420.0,0.10238095238095238,0.7023809523809523,0.19523809523809524,0.0,47.0
D+3,2026-06,day,xuzhou_1,420.0,0.18095238095238095,0.5785714285714286,0.24047619047619048,0.0,45.0
D+3,2026-06,day,xuzhou_2,420.0,0.13333333333333333,0.6095238095238096,0.2571428571428571,0.0,59.0
D+3,2026-06,day,yancheng_1,420.0,0.11190476190476191,0.7214285714285714,0.16666666666666666,0.0,44.0
D+3,2026-06,day,yancheng_2,420.0,0.14047619047619048,0.6619047619047619,0.1976190476190476,0.0,52.0
D+3,2026-06,day,yancheng_3,420.0,0.11904761904761904,0.7023809523809523,0.17857142857142858,0.0,40.0
D+3,2026-06,night,changzhou_1,300.0,0.08333333333333333,0.7066666666666667,0.21,0.0,47.0
D+3,2026-06,night,huai_an_1,300.0,0.1,0.7033333333333334,0.19666666666666666,0.0,30.0
D+3,2026-06,night,huai_an_2,300.0,0.12666666666666668,0.6733333333333333,0.2,0.0,32.0
D+3,2026-06,night,huai_an_3,300.0,0.12333333333333334,0.6166666666666667,0.26,0.0,44.0
D+3,2026-06,night,lianyungang_1,300.0,0.13666666666666666,0.6133333333333333,0.25,0.0,32.0
D+3,2026-06,night,lianyungang_2,300.0,0.17,0.6233333333333333,0.20666666666666667,0.0,39.0
D+3,2026-06,night,nanjing_1,300.0,0.10333333333333333,0.6966666666666667,0.2,0.0,32.0
D+3,2026-06,night,nanjing_2,300.0,0.1,0.6866666666666666,0.21333333333333335,0.0,40.0
D+3,2026-06,night,nantong_1,300.0,0.11666666666666667,0.7266666666666667,0.15666666666666668,0.0,37.0
D+3,2026-06,night,nantong_2,300.0,0.10333333333333333,0.73,0.16666666666666666,0.0,35.0
D+3,2026-06,night,suqian_1,300.0,0.13666666666666666,0.6533333333333333,0.21,0.0,34.0
D+3,2026-06,night,suzhou_1,300.0,0.11333333333333333,0.7366666666666667,0.15,0.0,34.0
D+3,2026-06,night,taizhou_1,300.0,0.11,0.68,0.21,0.0,34.0
D+3,2026-06,night,taizhou_2,300.0,0.12333333333333334,0.7,0.17666666666666667,0.0,34.0
D+3,2026-06,night,wuxi_1,300.0,0.10333333333333333,0.7533333333333333,0.14333333333333334,0.0,31.0
D+3,2026-06,night,xuzhou_1,300.0,0.13666666666666666,0.5766666666666667,0.2866666666666667,0.0,38.0
D+3,2026-06,night,xuzhou_2,300.0,0.13333333333333333,0.6,0.26666666666666666,0.0,35.0
D+3,2026-06,night,yancheng_1,300.0,0.14333333333333334,0.6933333333333334,0.16333333333333333,0.0,32.0
D+3,2026-06,night,yancheng_2,300.0,0.13333333333333333,0.7133333333333334,0.15333333333333332,0.0,34.0
D+3,2026-06,night,yancheng_3,300.0,0.11,0.7033333333333334,0.18666666666666668,0.0,32.0
D+3,2026-07,day,changzhou_1,434.0,0.07834101382488479,0.7188940092165899,0.20276497695852536,0.0,51.0
D+3,2026-07,day,huai_an_1,434.0,0.07373271889400922,0.6866359447004609,0.23963133640552994,0.0,53.0
D+3,2026-07,day,huai_an_2,434.0,0.09216589861751152,0.6935483870967742,0.21428571428571427,0.0,45.0
D+3,2026-07,day,huai_an_3,434.0,0.06682027649769585,0.6820276497695853,0.2511520737327189,0.0,58.0
D+3,2026-07,day,lianyungang_1,434.0,0.11981566820276497,0.6175115207373272,0.2626728110599078,0.0,64.0
D+3,2026-07,day,lianyungang_2,434.0,0.11059907834101383,0.6428571428571429,0.2465437788018433,0.0,59.0
D+3,2026-07,day,nanjing_1,434.0,0.06221198156682028,0.7258064516129032,0.2119815668202765,0.0,54.0
D+3,2026-07,day,nanjing_2,434.0,0.08064516129032258,0.7396313364055299,0.17972350230414746,0.0,45.0
D+3,2026-07,day,nantong_1,434.0,0.055299539170506916,0.7304147465437788,0.21428571428571427,0.0,49.0
D+3,2026-07,day,nantong_2,434.0,0.07142857142857142,0.716589861751152,0.2119815668202765,0.0,48.0
D+3,2026-07,day,suqian_1,434.0,0.10829493087557604,0.6658986175115207,0.22580645161290322,0.0,55.0
D+3,2026-07,day,suzhou_1,434.0,0.04838709677419355,0.7465437788018433,0.20506912442396313,0.0,45.0
D+3,2026-07,day,taizhou_1,434.0,0.03917050691244239,0.7327188940092166,0.22811059907834103,0.0,55.0
D+3,2026-07,day,taizhou_2,434.0,0.07373271889400922,0.7580645161290323,0.16820276497695852,0.0,46.0
D+3,2026-07,day,wuxi_1,434.0,0.07142857142857142,0.7557603686635944,0.1728110599078341,0.0,41.0
D+3,2026-07,day,xuzhou_1,434.0,0.12903225806451613,0.5529953917050692,0.31797235023041476,0.0,71.0
D+3,2026-07,day,xuzhou_2,434.0,0.10829493087557604,0.5990783410138248,0.2926267281105991,0.0,64.0
D+3,2026-07,day,yancheng_1,434.0,0.07603686635944701,0.695852534562212,0.22811059907834103,0.0,49.0
D+3,2026-07,day,yancheng_2,434.0,0.08294930875576037,0.7534562211981567,0.16359447004608296,0.0,47.0
D+3,2026-07,day,yancheng_3,434.0,0.059907834101382486,0.716589861751152,0.22350230414746544,0.0,56.0
D+3,2026-07,night,changzhou_1,310.0,0.08387096774193549,0.7387096774193549,0.1774193548387097,0.0,40.0
D+3,2026-07,night,huai_an_1,310.0,0.08387096774193549,0.6967741935483871,0.21935483870967742,0.0,39.0
D+3,2026-07,night,huai_an_2,310.0,0.13870967741935483,0.603225806451613,0.25806451612903225,0.0,35.0
D+3,2026-07,night,huai_an_3,310.0,0.14516129032258066,0.6451612903225806,0.20967741935483872,0.0,43.0
D+3,2026-07,night,lianyungang_1,310.0,0.1935483870967742,0.535483870967742,0.2709677419354839,0.0,48.0
D+3,2026-07,night,lianyungang_2,310.0,0.18064516129032257,0.5580645161290323,0.26129032258064516,0.0,44.0
D+3,2026-07,night,nanjing_1,310.0,0.08387096774193549,0.7193548387096774,0.1967741935483871,0.0,36.0
D+3,2026-07,night,nanjing_2,310.0,0.06129032258064516,0.7838709677419354,0.15483870967741936,0.0,35.0
D+3,2026-07,night,nantong_1,310.0,0.0935483870967742,0.7032258064516129,0.2032258064516129,0.0,46.0
D+3,2026-07,night,nantong_2,310.0,0.0935483870967742,0.7516129032258064,0.15483870967741936,0.0,42.0
D+3,2026-07,night,suqian_1,310.0,0.1774193548387097,0.5419354838709678,0.2806451612903226,0.0,43.0
D+3,2026-07,night,suzhou_1,310.0,0.1064516129032258,0.7645161290322581,0.12903225806451613,0.0,31.0
D+3,2026-07,night,taizhou_1,310.0,0.08064516129032258,0.7419354838709677,0.1774193548387097,0.0,37.0
D+3,2026-07,night,taizhou_2,310.0,0.1032258064516129,0.7419354838709677,0.15483870967741936,0.0,37.0
D+3,2026-07,night,wuxi_1,310.0,0.1064516129032258,0.7806451612903226,0.11290322580645161,0.0,27.0
D+3,2026-07,night,xuzhou_1,310.0,0.16129032258064516,0.5741935483870968,0.2645161290322581,0.0,50.0
D+3,2026-07,night,xuzhou_2,310.0,0.16451612903225807,0.532258064516129,0.3032258064516129,0.0,55.0
D+3,2026-07,night,yancheng_1,310.0,0.14193548387096774,0.6387096774193548,0.21935483870967742,0.0,37.0
D+3,2026-07,night,yancheng_2,310.0,0.1064516129032258,0.7322580645161291,0.16129032258064516,0.0,35.0
D+3,2026-07,night,yancheng_3,310.0,0.07096774193548387,0.7096774193548387,0.21935483870967742,0.0,38.0
D+3,2026-08,day,changzhou_1,416.0,0.08173076923076923,0.3942307692307692,0.5240384615384616,0.0,84.0
D+3,2026-08,day,huai_an_1,420.0,0.15476190476190477,0.4785714285714286,0.36666666666666664,0.0,76.0
D+3,2026-08,day,huai_an_2,421.0,0.15201900237529692,0.5201900237529691,0.32779097387173395,0.0,68.0
D+3,2026-08,day,huai_an_3,417.0,0.17026378896882494,0.4292565947242206,0.40047961630695444,0.0,80.0
D+3,2026-08,day,lianyungang_1,420.0,0.16428571428571428,0.45714285714285713,0.37857142857142856,0.0,77.0
D+3,2026-08,day,lianyungang_2,424.0,0.16037735849056603,0.5424528301886793,0.2971698113207547,0.0,64.0
D+3,2026-08,day,nanjing_1,414.0,0.11835748792270531,0.41545893719806765,0.46618357487922707,0.0,76.0
D+3,2026-08,day,nanjing_2,414.0,0.1280193236714976,0.39855072463768115,0.47342995169082125,0.0,82.0
D+3,2026-08,day,nantong_1,421.0,0.12114014251781473,0.44418052256532065,0.4346793349168646,0.0,75.0
D+3,2026-08,day,nantong_2,423.0,0.18203309692671396,0.4066193853427896,0.41134751773049644,0.0,63.0
D+3,2026-08,day,suqian_1,417.0,0.14628297362110312,0.44844124700239807,0.4052757793764988,0.0,79.0
D+3,2026-08,day,suzhou_1,420.0,0.14047619047619048,0.4357142857142857,0.4238095238095238,0.0,72.0
D+3,2026-08,day,taizhou_1,419.0,0.14558472553699284,0.48687350835322196,0.36754176610978523,0.0,71.0
D+3,2026-08,day,taizhou_2,422.0,0.15165876777251186,0.45734597156398105,0.3909952606635071,0.0,73.0
D+3,2026-08,day,wuxi_1,417.0,0.19664268585131894,0.434052757793765,0.36930455635491605,0.0,63.0
D+3,2026-08,day,xuzhou_1,410.0,0.17073170731707318,0.4268292682926829,0.4024390243902439,0.0,73.0
D+3,2026-08,day,xuzhou_2,413.0,0.19854721549636803,0.4019370460048426,0.39951573849878935,0.0,74.0
D+3,2026-08,day,yancheng_1,422.0,0.14691943127962084,0.5402843601895735,0.3127962085308057,0.0,72.0
D+3,2026-08,day,yancheng_2,423.0,0.17257683215130024,0.46335697399527187,0.3640661938534279,0.0,69.0
D+3,2026-08,day,yancheng_3,421.0,0.15914489311163896,0.49406175771971494,0.34679334916864607,0.0,67.0
D+3,2026-08,night,changzhou_1,328.0,0.08536585365853659,0.4451219512195122,0.4695121951219512,0.0,73.0
D+3,2026-08,night,huai_an_1,324.0,0.12962962962962962,0.5370370370370371,0.3333333333333333,0.0,49.0
D+3,2026-08,night,huai_an_2,323.0,0.13003095975232198,0.5789473684210527,0.29102167182662536,0.0,47.0
D+3,2026-08,night,huai_an_3,327.0,0.14678899082568808,0.4648318042813456,0.38837920489296635,0.0,60.0
D+3,2026-08,night,lianyungang_1,324.0,0.12654320987654322,0.5216049382716049,0.35185185185185186,0.0,61.0
D+3,2026-08,night,lianyungang_2,320.0,0.11875,0.54375,0.3375,0.0,59.0
D+3,2026-08,night,nanjing_1,330.0,0.1696969696969697,0.43636363636363634,0.3939393939393939,0.0,54.0
D+3,2026-08,night,nanjing_2,330.0,0.15151515151515152,0.4121212121212121,0.43636363636363634,0.0,61.0
D+3,2026-08,night,nantong_1,323.0,0.1393188854489164,0.43653250773993807,0.4241486068111455,0.0,59.0
D+3,2026-08,night,nantong_2,321.0,0.2087227414330218,0.3987538940809969,0.3925233644859813,0.0,49.0
D+3,2026-08,night,suqian_1,327.0,0.1743119266055046,0.48623853211009177,0.3394495412844037,0.0,54.0
D+3,2026-08,night,suzhou_1,324.0,0.1574074074074074,0.4351851851851852,0.4074074074074074,0.0,62.0
D+3,2026-08,night,taizhou_1,325.0,0.1476923076923077,0.5292307692307693,0.3230769230769231,0.0,55.0
D+3,2026-08,night,taizhou_2,322.0,0.16459627329192547,0.4906832298136646,0.3447204968944099,0.0,56.0
D+3,2026-08,night,wuxi_1,327.0,0.1712538226299694,0.4525993883792049,0.3761467889908257,0.0,58.0
D+3,2026-08,night,xuzhou_1,334.0,0.16467065868263472,0.437125748502994,0.39820359281437123,0.0,62.0
D+3,2026-08,night,xuzhou_2,331.0,0.1419939577039275,0.459214501510574,0.3987915407854985,0.0,62.0
D+3,2026-08,night,yancheng_1,322.0,0.13975155279503104,0.5652173913043478,0.2950310559006211,0.0,50.0
D+3,2026-08,night,yancheng_2,321.0,0.1557632398753894,0.49221183800623053,0.35202492211838005,0.0,52.0
D+3,2026-08,night,yancheng_3,323.0,0.11455108359133127,0.5696594427244582,0.3157894736842105,0.0,46.0
