condition,lead,month,site,n,ghi_raw_zero_rate,ghi_raw_negative_rate,ghi_clean_zero_rate,zero_with_sat_gt100_rate,zero_with_sat_gt300_rate,zero_inconsistent_dhi_dni_rate,zero_count,zero_dhi_positive_fraction,zero_dni_positive_fraction,zero_gti_positive_fraction,zero_terrestrial_positive_fraction,zero_cloud_mean
all,D+1,2024-02,changzhou_1,696.0,0.5172413793103449,0.0,0.5172413793103449,0.0,0.0,0.0,360.0,0.0,0.0,0.0,0.03333333333333333,78.00555555555556
all,D+1,2024-02,huai_an_1,696.0,0.5229885057471264,0.0,0.5229885057471264,0.0,0.0,0.0,364.0,0.0,0.0,0.0,0.03021978021978022,72.74450549450549
all,D+1,2024-02,huai_an_2,696.0,0.5258620689655172,0.0,0.5258620689655172,0.0,0.0,0.0,366.0,0.0,0.0,0.0,0.03278688524590164,71.99180327868852
all,D+1,2024-02,huai_an_3,696.0,0.5258620689655172,0.0,0.5258620689655172,0.0,0.0,0.0,366.0,0.0,0.0,0.0,0.0273224043715847,76.98087431693989
all,D+1,2024-02,lianyungang_1,696.0,0.5301724137931034,0.0,0.5301724137931034,0.0,0.0,0.0,369.0,0.0,0.0,0.0,0.02710027100271003,66.84823848238483
all,D+1,2024-02,lianyungang_2,696.0,0.5244252873563219,0.0,0.5244252873563219,0.0,0.0,0.0,365.0,0.0,0.0,0.0,0.024657534246575342,68.03287671232877
all,D+1,2024-02,nanjing_1,696.0,0.5258620689655172,0.0,0.5258620689655172,0.0,0.0,0.0,366.0,0.0,0.0,0.0,0.03278688524590164,74.6639344262295
all,D+1,2024-02,nanjing_2,696.0,0.5244252873563219,0.0,0.5244252873563219,0.0,0.0,0.0,365.0,0.0,0.0,0.0,0.038356164383561646,76.59726027397261
all,D+1,2024-02,nantong_1,696.0,0.507183908045977,0.0,0.507183908045977,0.0,0.0,0.0,353.0,0.0,0.0,0.0,0.014164305949008499,75.84985835694052
all,D+1,2024-02,nantong_2,696.0,0.5057471264367817,0.0,0.5057471264367817,0.0,0.0,0.0,352.0,0.0,0.0,0.0,0.011363636363636364,77.79261363636364
all,D+1,2024-02,suqian_1,696.0,0.5301724137931034,0.0,0.5301724137931034,0.0,0.0,0.0,369.0,0.0,0.0,0.0,0.02710027100271003,71.15176151761517
all,D+1,2024-02,suzhou_1,696.0,0.5086206896551724,0.0,0.5086206896551724,0.0,0.0,0.0,354.0,0.0,0.0,0.0,0.01694915254237288,78.15254237288136
all,D+1,2024-02,taizhou_1,696.0,0.5201149425287356,0.0,0.5201149425287356,0.0,0.0,0.0,362.0,0.0,0.0,0.0,0.03314917127071823,76.12430939226519
all,D+1,2024-02,taizhou_2,696.0,0.5100574712643678,0.0,0.5100574712643678,0.0,0.0,0.0,355.0,0.0,0.0,0.0,0.01971830985915493,75.39718309859155
all,D+1,2024-02,wuxi_1,696.0,0.5129310344827587,0.0,0.5129310344827587,0.0,0.0,0.0,357.0,0.0,0.0,0.0,0.025210084033613446,80.30532212885154
all,D+1,2024-02,xuzhou_1,696.0,0.5344827586206896,0.0,0.5344827586206896,0.0,0.0,0.0,372.0,0.0,0.0,0.0,0.026881720430107527,67.15860215053763
all,D+1,2024-02,xuzhou_2,696.0,0.5316091954022989,0.0,0.5316091954022989,0.0,0.0,0.0,370.0,0.0,0.0,0.0,0.021621621621621623,69.84054054054054
all,D+1,2024-02,yancheng_1,696.0,0.5229885057471264,0.0,0.5229885057471264,0.0,0.0,0.0,364.0,0.0,0.0,0.0,0.03021978021978022,72.94505494505495
all,D+1,2024-02,yancheng_2,696.0,0.5100574712643678,0.0,0.5100574712643678,0.0,0.0,0.0,355.0,0.0,0.0,0.0,0.01971830985915493,74.83380281690141
all,D+1,2024-02,yancheng_3,696.0,0.521551724137931,0.0,0.521551724137931,0.0,0.0,0.0,363.0,0.0,0.0,0.0,0.03305785123966942,73.96694214876032
all,D+1,2024-03,changzhou_1,744.0,0.4852150537634409,0.0,0.4852150537634409,0.0,0.0,0.0,361.0,0.0,0.0,0.0,0.0443213296398892,65.06094182825485
all,D+1,2024-03,huai_an_1,744.0,0.48655913978494625,0.0,0.48655913978494625,0.0,0.0,0.0,362.0,0.0,0.0,0.0,0.04696132596685083,64.14088397790056
all,D+1,2024-03,huai_an_2,744.0,0.48655913978494625,0.0,0.48655913978494625,0.0,0.0,0.0,362.0,0.0,0.0,0.0,0.04696132596685083,60.10220994475138
all,D+1,2024-03,huai_an_3,744.0,0.478494623655914,0.0,0.478494623655914,0.0,0.0,0.0,356.0,0.0,0.0,0.0,0.03651685393258427,65.24157303370787
all,D+1,2024-03,lianyungang_1,744.0,0.4798387096774194,0.0,0.4798387096774194,0.0,0.0,0.0,357.0,0.0,0.0,0.0,0.036414565826330535,61.1624649859944
all,D+1,2024-03,lianyungang_2,744.0,0.4852150537634409,0.0,0.4852150537634409,0.0,0.0,0.0,361.0,0.0,0.0,0.0,0.0443213296398892,61.59002770083102
all,D+1,2024-03,nanjing_1,744.0,0.4838709677419355,0.0,0.4838709677419355,0.0,0.0,0.0,360.0,0.0,0.0,0.0,0.04722222222222222,66.21944444444445
all,D+1,2024-03,nanjing_2,744.0,0.4825268817204301,0.0,0.4825268817204301,0.0,0.0,0.0,359.0,0.0,0.0,0.0,0.04456824512534819,66.01392757660167
all,D+1,2024-03,nantong_1,744.0,0.489247311827957,0.0,0.489247311827957,0.0,0.0,0.0,364.0,0.0,0.0,0.0,0.04395604395604396,65.15384615384616
all,D+1,2024-03,nantong_2,744.0,0.489247311827957,0.0,0.489247311827957,0.0,0.0,0.0,364.0,0.0,0.0,0.0,0.038461538461538464,65.6510989010989
all,D+1,2024-03,suqian_1,744.0,0.4771505376344086,0.0,0.4771505376344086,0.0,0.0,0.0,355.0,0.0,0.0,0.0,0.036619718309859155,61.36619718309859
all,D+1,2024-03,suzhou_1,744.0,0.489247311827957,0.0,0.489247311827957,0.0,0.0,0.0,364.0,0.0,0.0,0.0,0.04395604395604396,65.81043956043956
all,D+1,2024-03,taizhou_1,744.0,0.4879032258064516,0.0,0.4879032258064516,0.0,0.0,0.0,363.0,0.0,0.0,0.0,0.049586776859504134,64.42699724517907
all,D+1,2024-03,taizhou_2,744.0,0.49193548387096775,0.0,0.49193548387096775,0.0,0.0,0.0,366.0,0.0,0.0,0.0,0.05191256830601093,65.94535519125684
all,D+1,2024-03,wuxi_1,744.0,0.48655913978494625,0.0,0.48655913978494625,0.0,0.0,0.0,362.0,0.0,0.0,0.0,0.04419889502762431,64.43646408839778
all,D+1,2024-03,xuzhou_1,744.0,0.46908602150537637,0.0,0.46908602150537637,0.0,0.0,0.0,349.0,0.0,0.0,0.0,0.022922636103151862,59.80229226361031
all,D+1,2024-03,xuzhou_2,744.0,0.47043010752688175,0.0,0.47043010752688175,0.0,0.0,0.0,350.0,0.0,0.0,0.0,0.025714285714285714,61.605714285714285
all,D+1,2024-03,yancheng_1,744.0,0.4879032258064516,0.0,0.4879032258064516,0.0,0.0,0.0,363.0,0.0,0.0,0.0,0.046831955922865015,59.95867768595041
all,D+1,2024-03,yancheng_2,744.0,0.4905913978494624,0.0,0.4905913978494624,0.0,0.0,0.0,365.0,0.0,0.0,0.0,0.049315068493150684,61.75616438356165
all,D+1,2024-03,yancheng_3,744.0,0.4879032258064516,0.0,0.4879032258064516,0.0,0.0,0.0,363.0,0.0,0.0,0.0,0.046831955922865015,63.81267217630854
all,D+1,2024-04,changzhou_1,720.0,0.42777777777777776,0.0,0.42777777777777776,0.0,0.0,0.0,308.0,0.0,0.0,0.0,0.025974025974025976,87.77597402597402
all,D+1,2024-04,huai_an_1,720.0,0.4222222222222222,0.0,0.4222222222222222,0.0,0.0,0.0,304.0,0.0,0.0,0.0,0.013157894736842105,82.0657894736842
all,D+1,2024-04,huai_an_2,720.0,0.42083333333333334,0.0,0.42083333333333334,0.0,0.0,0.0,303.0,0.0,0.0,0.0,0.009900990099009901,76.71947194719472
all,D+1,2024-04,huai_an_3,720.0,0.4236111111111111,0.0,0.4236111111111111,0.0,0.0,0.0,305.0,0.0,0.0,0.0,0.01639344262295082,84.12786885245902
all,D+1,2024-04,lianyungang_1,720.0,0.4222222222222222,0.0,0.4222222222222222,0.0,0.0,0.0,304.0,0.0,0.0,0.0,0.013157894736842105,73.90131578947368
all,D+1,2024-04,lianyungang_2,720.0,0.4222222222222222,0.0,0.4222222222222222,0.0,0.0,0.0,304.0,0.0,0.0,0.0,0.013157894736842105,74.30592105263158
all,D+1,2024-04,nanjing_1,720.0,0.42916666666666664,0.0,0.42916666666666664,0.0,0.0,0.0,309.0,0.0,0.0,0.0,0.02912621359223301,85.27831715210355
all,D+1,2024-04,nanjing_2,720.0,0.4263888888888889,0.0,0.4263888888888889,0.0,0.0,0.0,307.0,0.0,0.0,0.0,0.02280130293159609,86.85667752442997
all,D+1,2024-04,nantong_1,720.0,0.4222222222222222,0.0,0.4222222222222222,0.0,0.0,0.0,304.0,0.0,0.0,0.0,0.013157894736842105,89.16118421052632
all,D+1,2024-04,nantong_2,720.0,0.42916666666666664,0.0,0.42916666666666664,0.0,0.0,0.0,309.0,0.0,0.0,0.0,0.02912621359223301,88.9967637540453
all,D+1,2024-04,suqian_1,720.0,0.425,0.0,0.425,0.0,0.0,0.0,306.0,0.0,0.0,0.0,0.0196078431372549,77.94444444444444
all,D+1,2024-04,suzhou_1,720.0,0.4263888888888889,0.0,0.4263888888888889,0.0,0.0,0.0,307.0,0.0,0.0,0.0,0.02280130293159609,88.85667752442997
all,D+1,2024-04,taizhou_1,720.0,0.4236111111111111,0.0,0.4236111111111111,0.0,0.0,0.0,305.0,0.0,0.0,0.0,0.01639344262295082,84.85245901639344
all,D+1,2024-04,taizhou_2,720.0,0.4222222222222222,0.0,0.4222222222222222,0.0,0.0,0.0,304.0,0.0,0.0,0.0,0.013157894736842105,82.26315789473684
all,D+1,2024-04,wuxi_1,720.0,0.425,0.0,0.425,0.0,0.0,0.0,306.0,0.0,0.0,0.0,0.0196078431372549,87.48692810457516
all,D+1,2024-04,xuzhou_1,720.0,0.42916666666666664,0.0,0.42916666666666664,0.0,0.0,0.0,309.0,0.0,0.0,0.0,0.016181229773462782,71.42718446601941
all,D+1,2024-04,xuzhou_2,720.0,0.425,0.0,0.425,0.0,0.0,0.0,306.0,0.0,0.0,0.0,0.013071895424836602,77.38562091503267
all,D+1,2024-04,yancheng_1,720.0,0.425,0.0,0.425,0.0,0.0,0.0,306.0,0.0,0.0,0.0,0.0196078431372549,78.17647058823529
all,D+1,2024-04,yancheng_2,720.0,0.4236111111111111,0.0,0.4236111111111111,0.0,0.0,0.0,305.0,0.0,0.0,0.0,0.01639344262295082,81.35081967213115
all,D+1,2024-04,yancheng_3,720.0,0.42083333333333334,0.0,0.42083333333333334,0.0,0.0,0.0,303.0,0.0,0.0,0.0,0.009900990099009901,80.53465346534654
all,D+1,2024-05,changzhou_1,744.0,0.4166666666666667,0.0,0.4166666666666667,0.0,0.0,0.0,310.0,0.0,0.0,0.0,0.0,65.46129032258065
all,D+1,2024-05,huai_an_1,744.0,0.4166666666666667,0.0,0.4166666666666667,0.0,0.0,0.0,310.0,0.0,0.0,0.0,0.0032258064516129032,60.090322580645164
all,D+1,2024-05,huai_an_2,744.0,0.4166666666666667,0.0,0.4166666666666667,0.0,0.0,0.0,310.0,0.0,0.0,0.0,0.03225806451612903,54.38709677419355
all,D+1,2024-05,huai_an_3,744.0,0.4166666666666667,0.0,0.4166666666666667,0.0,0.0,0.0,310.0,0.0,0.0,0.0,0.01935483870967742,54.26129032258064
all,D+1,2024-05,lianyungang_1,744.0,0.41397849462365593,0.0,0.41397849462365593,0.0,0.0,0.0,308.0,0.0,0.0,0.0,0.03896103896103896,51.73376623376623
all,D+1,2024-05,lianyungang_2,744.0,0.4166666666666667,0.0,0.4166666666666667,0.0,0.0,0.0,310.0,0.0,0.0,0.0,0.054838709677419356,49.438709677419354
all,D+1,2024-05,nanjing_1,744.0,0.41801075268817206,0.0,0.41801075268817206,0.0,0.0,0.0,311.0,0.0,0.0,0.0,0.00964630225080386,66.70418006430869
all,D+1,2024-05,nanjing_2,744.0,0.4166666666666667,0.0,0.4166666666666667,0.0,0.0,0.0,310.0,0.0,0.0,0.0,0.0,67.27741935483871
all,D+1,2024-05,nantong_1,744.0,0.4166666666666667,0.0,0.4166666666666667,0.0,0.0,0.0,310.0,0.0,0.0,0.0,0.03225806451612903,60.55806451612903
all,D+1,2024-05,nantong_2,744.0,0.4166666666666667,0.0,0.4166666666666667,0.0,0.0,0.0,310.0,0.0,0.0,0.0,0.05161290322580645,58.95161290322581
all,D+1,2024-05,suqian_1,744.0,0.4153225806451613,0.0,0.4153225806451613,0.0,0.0,0.0,309.0,0.0,0.0,0.0,0.032362459546925564,53.15857605177994
all,D+1,2024-05,suzhou_1,744.0,0.41801075268817206,0.0,0.41801075268817206,0.0,0.0,0.0,311.0,0.0,0.0,0.0,0.028938906752411574,64.26366559485531
all,D+1,2024-05,taizhou_1,744.0,0.4166666666666667,0.0,0.4166666666666667,0.0,0.0,0.0,310.0,0.0,0.0,0.0,0.0064516129032258064,58.70967741935484
all,D+1,2024-05,taizhou_2,744.0,0.4166666666666667,0.0,0.4166666666666667,0.0,0.0,0.0,310.0,0.0,0.0,0.0,0.03225806451612903,55.53225806451613
all,D+1,2024-05,wuxi_1,744.0,0.4166666666666667,0.0,0.4166666666666667,0.0,0.0,0.0,310.0,0.0,0.0,0.0,0.0,65.9258064516129
all,D+1,2024-05,xuzhou_1,744.0,0.3978494623655914,0.0,0.3978494623655914,0.0,0.0,0.0,296.0,0.0,0.0,0.0,0.02702702702702703,52.58108108108108
all,D+1,2024-05,xuzhou_2,744.0,0.4099462365591398,0.0,0.4099462365591398,0.0,0.0,0.0,305.0,0.0,0.0,0.0,0.036065573770491806,52.13442622950819
all,D+1,2024-05,yancheng_1,744.0,0.4166666666666667,0.0,0.4166666666666667,0.0,0.0,0.0,310.0,0.0,0.0,0.0,0.035483870967741936,54.63870967741936
all,D+1,2024-05,yancheng_2,744.0,0.4166666666666667,0.0,0.4166666666666667,0.0,0.0,0.0,310.0,0.0,0.0,0.0,0.03870967741935484,55.22258064516129
all,D+1,2024-05,yancheng_3,744.0,0.4166666666666667,0.0,0.4166666666666667,0.0,0.0,0.0,310.0,0.0,0.0,0.0,0.016129032258064516,57.79677419354839
all,D+1,2024-06,changzhou_1,720.0,0.4166666666666667,0.0,0.4166666666666667,0.0,0.0,0.0,300.0,0.0,0.0,0.0,0.06666666666666667,85.38333333333334
all,D+1,2024-06,huai_an_1,720.0,0.4027777777777778,0.0,0.4027777777777778,0.0,0.0,0.0,290.0,0.0,0.0,0.0,0.1413793103448276,82.5551724137931
all,D+1,2024-06,huai_an_2,720.0,0.3902777777777778,0.0,0.3902777777777778,0.0,0.0,0.0,281.0,0.0,0.0,0.0,0.1387900355871886,75.17081850533808
all,D+1,2024-06,huai_an_3,720.0,0.3861111111111111,0.0,0.3861111111111111,0.0,0.0,0.0,278.0,0.0,0.0,0.0,0.02877697841726619,81.64028776978417
all,D+1,2024-06,lianyungang_1,720.0,0.37916666666666665,0.0,0.37916666666666665,0.0,0.0,0.0,273.0,0.0,0.0,0.0,0.10256410256410256,73.65201465201466
all,D+1,2024-06,lianyungang_2,720.0,0.3861111111111111,0.0,0.3861111111111111,0.0,0.0,0.0,278.0,0.0,0.0,0.0,0.1366906474820144,70.24460431654676
all,D+1,2024-06,nanjing_1,720.0,0.4,0.0,0.4,0.0,0.0,0.0,288.0,0.0,0.0,0.0,0.0625,85.59375
all,D+1,2024-06,nanjing_2,720.0,0.4152777777777778,0.0,0.4152777777777778,0.0,0.0,0.0,299.0,0.0,0.0,0.0,0.08361204013377926,85.0133779264214
all,D+1,2024-06,nantong_1,720.0,0.4166666666666667,0.0,0.4166666666666667,0.0,0.0,0.0,300.0,0.0,0.0,0.0,0.11,84.71
all,D+1,2024-06,nantong_2,720.0,0.4,0.0,0.4,0.0,0.0,0.0,288.0,0.0,0.0,0.0,0.0625,84.96180555555556
all,D+1,2024-06,suqian_1,720.0,0.3763888888888889,0.0,0.3763888888888889,0.0,0.0,0.0,271.0,0.0,0.0,0.0,0.0036900369003690036,74.1660516605166
all,D+1,2024-06,suzhou_1,720.0,0.4166666666666667,0.0,0.4166666666666667,0.0,0.0,0.0,300.0,0.0,0.0,0.0,0.09666666666666666,88.13333333333334
all,D+1,2024-06,taizhou_1,720.0,0.4152777777777778,0.0,0.4152777777777778,0.0,0.0,0.0,299.0,0.0,0.0,0.0,0.1605351170568562,83.20066889632108
all,D+1,2024-06,taizhou_2,720.0,0.4166666666666667,0.0,0.4166666666666667,0.0,0.0,0.0,300.0,0.0,0.0,0.0,0.16666666666666666,84.17
all,D+1,2024-06,wuxi_1,720.0,0.4166666666666667,0.0,0.4166666666666667,0.0,0.0,0.0,300.0,0.0,0.0,0.0,0.04,88.77333333333333
all,D+1,2024-06,xuzhou_1,720.0,0.375,0.0,0.375,0.0,0.0,0.0,270.0,0.0,0.0,0.0,0.0,72.9
all,D+1,2024-06,xuzhou_2,720.0,0.3763888888888889,0.0,0.3763888888888889,0.0,0.0,0.0,271.0,0.0,0.0,0.0,0.0036900369003690036,70.92619926199262
all,D+1,2024-06,yancheng_1,720.0,0.3958333333333333,0.0,0.3958333333333333,0.0,0.0,0.0,285.0,0.0,0.0,0.0,0.15789473684210525,78.34035087719299
all,D+1,2024-06,yancheng_2,720.0,0.4166666666666667,0.0,0.4166666666666667,0.0,0.0,0.0,300.0,0.0,0.0,0.0,0.17333333333333334,80.07
all,D+1,2024-06,yancheng_3,720.0,0.4083333333333333,0.0,0.4083333333333333,0.0,0.0,0.0,294.0,0.0,0.0,0.0,0.16326530612244897,80.93877551020408
all,D+1,2024-07,changzhou_1,744.0,0.4166666666666667,0.0,0.4166666666666667,0.0,0.0,0.0,310.0,0.0,0.0,0.0,0.05806451612903226,75.20967741935483
all,D+1,2024-07,huai_an_1,744.0,0.4032258064516129,0.0,0.4032258064516129,0.0,0.0,0.0,300.0,0.0,0.0,0.0,0.05333333333333334,74.24
all,D+1,2024-07,huai_an_2,744.0,0.4032258064516129,0.0,0.4032258064516129,0.0,0.0,0.0,300.0,0.0,0.0,0.0,0.06,71.74666666666667
all,D+1,2024-07,huai_an_3,744.0,0.4018817204301075,0.0,0.4018817204301075,0.0,0.0,0.0,299.0,0.0,0.0,0.0,0.06354515050167224,77.79933110367892
all,D+1,2024-07,lianyungang_1,744.0,0.3897849462365591,0.0,0.3897849462365591,0.0,0.0,0.0,290.0,0.0,0.0,0.0,0.03793103448275862,70.47241379310344
all,D+1,2024-07,lianyungang_2,744.0,0.3978494623655914,0.0,0.3978494623655914,0.0,0.0,0.0,296.0,0.0,0.0,0.0,0.060810810810810814,72.79391891891892
all,D+1,2024-07,nanjing_1,744.0,0.40591397849462363,0.0,0.40591397849462363,0.0,0.0,0.0,302.0,0.0,0.0,0.0,0.06291390728476821,74.00662251655629
all,D+1,2024-07,nanjing_2,744.0,0.41397849462365593,0.0,0.41397849462365593,0.0,0.0,0.0,308.0,0.0,0.0,0.0,0.06818181818181818,75.40584415584415
all,D+1,2024-07,nantong_1,744.0,0.4166666666666667,0.0,0.4166666666666667,0.0,0.0,0.0,310.0,0.0,0.0,0.0,0.00967741935483871,71.90645161290323
all,D+1,2024-07,nantong_2,744.0,0.4166666666666667,0.0,0.4166666666666667,0.0,0.0,0.0,310.0,0.0,0.0,0.0,0.02258064516129032,70.70967741935483
all,D+1,2024-07,suqian_1,744.0,0.3911290322580645,0.0,0.3911290322580645,0.0,0.0,0.0,291.0,0.0,0.0,0.0,0.041237113402061855,74.18556701030928
all,D+1,2024-07,suzhou_1,744.0,0.4166666666666667,0.0,0.4166666666666667,0.0,0.0,0.0,310.0,0.0,0.0,0.0,0.0,72.19032258064516
all,D+1,2024-07,taizhou_1,744.0,0.41263440860215056,0.0,0.41263440860215056,0.0,0.0,0.0,307.0,0.0,0.0,0.0,0.06514657980456026,73.11074918566776
all,D+1,2024-07,taizhou_2,744.0,0.4166666666666667,0.0,0.4166666666666667,0.0,0.0,0.0,310.0,0.0,0.0,0.0,0.06129032258064516,73.7516129032258
all,D+1,2024-07,wuxi_1,744.0,0.4166666666666667,0.0,0.4166666666666667,0.0,0.0,0.0,310.0,0.0,0.0,0.0,0.03225806451612903,72.98064516129033
all,D+1,2024-07,xuzhou_1,744.0,0.38844086021505375,0.0,0.38844086021505375,0.0,0.0,0.0,289.0,0.0,0.0,0.0,0.03460207612456748,76.72318339100346
all,D+1,2024-07,xuzhou_2,744.0,0.385752688172043,0.0,0.385752688172043,0.0,0.0,0.0,287.0,0.0,0.0,0.0,0.027874564459930314,70.87108013937282
all,D+1,2024-07,yancheng_1,744.0,0.40456989247311825,0.0,0.40456989247311825,0.0,0.0,0.0,301.0,0.0,0.0,0.0,0.059800664451827246,72.4485049833887
all,D+1,2024-07,yancheng_2,744.0,0.4166666666666667,0.0,0.4166666666666667,0.0,0.0,0.0,310.0,0.0,0.0,0.0,0.07096774193548387,73.33870967741936
all,D+1,2024-07,yancheng_3,744.0,0.4099462365591398,0.0,0.4099462365591398,0.0,0.0,0.0,305.0,0.0,0.0,0.0,0.06229508196721312,73.80983606557378
all,D+1,2024-08,changzhou_1,744.0,0.4166666666666667,0.0,0.4166666666666667,0.0,0.0,0.0,310.0,0.0,0.0,0.0,0.0,53.196774193548386
all,D+1,2024-08,huai_an_1,744.0,0.4166666666666667,0.0,0.4166666666666667,0.0,0.0,0.0,310.0,0.0,0.0,0.0,0.0,53.94838709677419
all,D+1,2024-08,huai_an_2,744.0,0.41935483870967744,0.0,0.41935483870967744,0.0,0.0,0.0,312.0,0.0,0.0,0.0,0.00641025641025641,58.708333333333336
all,D+1,2024-08,huai_an_3,744.0,0.4166666666666667,0.0,0.4166666666666667,0.0,0.0,0.0,310.0,0.0,0.0,0.0,0.0,50.83548387096774
all,D+1,2024-08,lianyungang_1,744.0,0.4166666666666667,0.0,0.4166666666666667,0.0,0.0,0.0,310.0,0.0,0.0,0.0,0.00967741935483871,53.70967741935484
all,D+1,2024-08,lianyungang_2,744.0,0.4166666666666667,0.0,0.4166666666666667,0.0,0.0,0.0,310.0,0.0,0.0,0.0,0.0,54.57419354838709
all,D+1,2024-08,nanjing_1,744.0,0.41801075268817206,0.0,0.41801075268817206,0.0,0.0,0.0,311.0,0.0,0.0,0.0,0.003215434083601286,50.32475884244373
all,D+1,2024-08,nanjing_2,744.0,0.41935483870967744,0.0,0.41935483870967744,0.0,0.0,0.0,312.0,0.0,0.0,0.0,0.00641025641025641,50.09935897435897
all,D+1,2024-08,nantong_1,744.0,0.4166666666666667,0.0,0.4166666666666667,0.0,0.0,0.0,310.0,0.0,0.0,0.0,0.0,44.74516129032258
all,D+1,2024-08,nantong_2,744.0,0.4166666666666667,0.0,0.4166666666666667,0.0,0.0,0.0,310.0,0.0,0.0,0.0,0.0,40.07096774193548
all,D+1,2024-08,suqian_1,744.0,0.4166666666666667,0.0,0.4166666666666667,0.0,0.0,0.0,310.0,0.0,0.0,0.0,0.00967741935483871,48.99354838709677
all,D+1,2024-08,suzhou_1,744.0,0.4166666666666667,0.0,0.4166666666666667,0.0,0.0,0.0,310.0,0.0,0.0,0.0,0.0,47.78709677419355
all,D+1,2024-08,taizhou_1,744.0,0.41801075268817206,0.0,0.41801075268817206,0.0,0.0,0.0,311.0,0.0,0.0,0.0,0.003215434083601286,52.28617363344051
all,D+1,2024-08,taizhou_2,744.0,0.4166666666666667,0.0,0.4166666666666667,0.0,0.0,0.0,310.0,0.0,0.0,0.0,0.0,51.70645161290322
all,D+1,2024-08,wuxi_1,744.0,0.4166666666666667,0.0,0.4166666666666667,0.0,0.0,0.0,310.0,0.0,0.0,0.0,0.0,54.10967741935484
all,D+1,2024-08,xuzhou_1,744.0,0.4153225806451613,0.0,0.4153225806451613,0.0,0.0,0.0,309.0,0.0,0.0,0.0,0.032362459546925564,40.30744336569579
all,D+1,2024-08,xuzhou_2,744.0,0.41935483870967744,0.0,0.41935483870967744,0.0,0.0,0.0,312.0,0.0,0.0,0.0,0.028846153846153848,43.81089743589744
all,D+1,2024-08,yancheng_1,744.0,0.41801075268817206,0.0,0.41801075268817206,0.0,0.0,0.0,311.0,0.0,0.0,0.0,0.003215434083601286,56.40836012861736
all,D+1,2024-08,yancheng_2,744.0,0.41801075268817206,0.0,0.41801075268817206,0.0,0.0,0.0,311.0,0.0,0.0,0.0,0.003215434083601286,53.40192926045016
all,D+1,2024-08,yancheng_3,744.0,0.41935483870967744,0.0,0.41935483870967744,0.0,0.0,0.0,312.0,0.0,0.0,0.0,0.00641025641025641,54.49679487179487
all,D+1,2024-09,changzhou_1,720.0,0.4652777777777778,0.0,0.4652777777777778,0.0,0.0,0.0,335.0,0.0,0.0,0.0,0.0626865671641791,57.76417910447761
all,D+1,2024-09,huai_an_1,720.0,0.46111111111111114,0.0,0.46111111111111114,0.0,0.0,0.0,332.0,0.0,0.0,0.0,0.04819277108433735,64.08433734939759
all,D+1,2024-09,huai_an_2,720.0,0.4666666666666667,0.0,0.4666666666666667,0.0,0.0,0.0,336.0,0.0,0.0,0.0,0.05952380952380952,66.11011904761905
all,D+1,2024-09,huai_an_3,720.0,0.4708333333333333,0.0,0.4708333333333333,0.0,0.0,0.0,339.0,0.0,0.0,0.0,0.058997050147492625,62.581120943952804
all,D+1,2024-09,lianyungang_1,720.0,0.46805555555555556,0.0,0.46805555555555556,0.0,0.0,0.0,337.0,0.0,0.0,0.0,0.05341246290801187,59.65875370919881
all,D+1,2024-09,lianyungang_2,720.0,0.4652777777777778,0.0,0.4652777777777778,0.0,0.0,0.0,335.0,0.0,0.0,0.0,0.056716417910447764,63.973134328358206
all,D+1,2024-09,nanjing_1,720.0,0.4652777777777778,0.0,0.4652777777777778,0.0,0.0,0.0,335.0,0.0,0.0,0.0,0.04776119402985075,52.582089552238806
all,D+1,2024-09,nanjing_2,720.0,0.4652777777777778,0.0,0.4652777777777778,0.0,0.0,0.0,335.0,0.0,0.0,0.0,0.05373134328358209,55.570149253731344
all,D+1,2024-09,nantong_1,720.0,0.45694444444444443,0.0,0.45694444444444443,0.0,0.0,0.0,329.0,0.0,0.0,0.0,0.03343465045592705,61.3161094224924
all,D+1,2024-09,nantong_2,720.0,0.4583333333333333,0.0,0.4583333333333333,0.0,0.0,0.0,330.0,0.0,0.0,0.0,0.030303030303030304,58.233333333333334
all,D+1,2024-09,suqian_1,720.0,0.4708333333333333,0.0,0.4708333333333333,0.0,0.0,0.0,339.0,0.0,0.0,0.0,0.05604719764011799,62.799410029498524
all,D+1,2024-09,suzhou_1,720.0,0.4583333333333333,0.0,0.4583333333333333,0.0,0.0,0.0,330.0,0.0,0.0,0.0,0.03636363636363636,59.878787878787875
all,D+1,2024-09,taizhou_1,720.0,0.4666666666666667,0.0,0.4666666666666667,0.0,0.0,0.0,336.0,0.0,0.0,0.0,0.0625,60.1875
all,D+1,2024-09,taizhou_2,720.0,0.46111111111111114,0.0,0.46111111111111114,0.0,0.0,0.0,332.0,0.0,0.0,0.0,0.04819277108433735,61.16566265060241
all,D+1,2024-09,wuxi_1,720.0,0.4625,0.0,0.4625,0.0,0.0,0.0,333.0,0.0,0.0,0.0,0.05105105105105105,59.705705705705704
all,D+1,2024-09,xuzhou_1,720.0,0.46805555555555556,0.0,0.46805555555555556,0.0,0.0,0.0,337.0,0.0,0.0,0.0,0.03857566765578635,55.804154302670625
all,D+1,2024-09,xuzhou_2,720.0,0.4708333333333333,0.0,0.4708333333333333,0.0,0.0,0.0,339.0,0.0,0.0,0.0,0.05014749262536873,54.2212389380531
all,D+1,2024-09,yancheng_1,720.0,0.4625,0.0,0.4625,0.0,0.0,0.0,333.0,0.0,0.0,0.0,0.05405405405405406,67.53153153153153
all,D+1,2024-09,yancheng_2,720.0,0.46111111111111114,0.0,0.46111111111111114,0.0,0.0,0.0,332.0,0.0,0.0,0.0,0.04819277108433735,62.71084337349398
all,D+1,2024-09,yancheng_3,720.0,0.4625,0.0,0.4625,0.0,0.0,0.0,333.0,0.0,0.0,0.0,0.05405405405405406,61.6006006006006
all,D+1,2024-10,changzhou_1,744.0,0.5080645161290323,0.0,0.5080645161290323,0.0,0.0,0.0,378.0,0.0,0.0,0.0,0.015873015873015872,71.55291005291005
all,D+1,2024-10,huai_an_1,744.0,0.5026881720430108,0.0,0.5026881720430108,0.0,0.0,0.0,374.0,0.0,0.0,0.0,0.0053475935828877,64.77540106951872
all,D+1,2024-10,huai_an_2,744.0,0.5067204301075269,0.0,0.5067204301075269,0.0,0.0,0.0,377.0,0.0,0.0,0.0,0.013262599469496022,61.95755968169761
all,D+1,2024-10,huai_an_3,744.0,0.5013440860215054,0.0,0.5013440860215054,0.0,0.0,0.0,373.0,0.0,0.0,0.0,0.002680965147453083,63.83109919571046
all,D+1,2024-10,lianyungang_1,744.0,0.5067204301075269,0.0,0.5067204301075269,0.0,0.0,0.0,377.0,0.0,0.0,0.0,0.013262599469496022,56.80106100795756
all,D+1,2024-10,lianyungang_2,744.0,0.5094086021505376,0.0,0.5094086021505376,0.0,0.0,0.0,379.0,0.0,0.0,0.0,0.018469656992084433,57.4934036939314
all,D+1,2024-10,nanjing_1,744.0,0.5013440860215054,0.0,0.5013440860215054,0.0,0.0,0.0,373.0,0.0,0.0,0.0,0.002680965147453083,67.67024128686327
all,D+1,2024-10,nanjing_2,744.0,0.5067204301075269,0.0,0.5067204301075269,0.0,0.0,0.0,377.0,0.0,0.0,0.0,0.013262599469496022,68.18037135278514
all,D+1,2024-10,nantong_1,744.0,0.5120967741935484,0.0,0.5120967741935484,0.0,0.0,0.0,381.0,0.0,0.0,0.0,0.04199475065616798,71.71128608923884
all,D+1,2024-10,nantong_2,744.0,0.5147849462365591,0.0,0.5147849462365591,0.0,0.0,0.0,383.0,0.0,0.0,0.0,0.05221932114882506,75.51697127937337
all,D+1,2024-10,suqian_1,744.0,0.5040322580645161,0.0,0.5040322580645161,0.0,0.0,0.0,375.0,0.0,0.0,0.0,0.008,63.67733333333333
all,D+1,2024-10,suzhou_1,744.0,0.5120967741935484,0.0,0.5120967741935484,0.0,0.0,0.0,381.0,0.0,0.0,0.0,0.04461942257217848,76.04199475065617
all,D+1,2024-10,taizhou_1,744.0,0.5067204301075269,0.0,0.5067204301075269,0.0,0.0,0.0,377.0,0.0,0.0,0.0,0.013262599469496022,67.86737400530504
all,D+1,2024-10,taizhou_2,744.0,0.510752688172043,0.0,0.510752688172043,0.0,0.0,0.0,380.0,0.0,0.0,0.0,0.031578947368421054,68.57631578947368
all,D+1,2024-10,wuxi_1,744.0,0.5080645161290323,0.0,0.5080645161290323,0.0,0.0,0.0,378.0,0.0,0.0,0.0,0.023809523809523808,73.9074074074074
all,D+1,2024-10,xuzhou_1,744.0,0.5040322580645161,0.0,0.5040322580645161,0.0,0.0,0.0,375.0,0.0,0.0,0.0,0.008,54.101333333333336
all,D+1,2024-10,xuzhou_2,744.0,0.5026881720430108,0.0,0.5026881720430108,0.0,0.0,0.0,374.0,0.0,0.0,0.0,0.0053475935828877,60.13903743315508
all,D+1,2024-10,yancheng_1,744.0,0.510752688172043,0.0,0.510752688172043,0.0,0.0,0.0,380.0,0.0,0.0,0.0,0.021052631578947368,62.444736842105264
all,D+1,2024-10,yancheng_2,744.0,0.510752688172043,0.0,0.510752688172043,0.0,0.0,0.0,380.0,0.0,0.0,0.0,0.031578947368421054,69.22368421052632
all,D+1,2024-10,yancheng_3,744.0,0.5067204301075269,0.0,0.5067204301075269,0.0,0.0,0.0,377.0,0.0,0.0,0.0,0.013262599469496022,65.08753315649868
all,D+1,2024-11,changzhou_1,720.0,0.5430555555555555,0.0,0.5430555555555555,0.0,0.0,0.0,391.0,0.0,0.0,0.0,0.02557544757033248,51.94373401534527
all,D+1,2024-11,huai_an_1,720.0,0.5458333333333333,0.0,0.5458333333333333,0.0,0.0,0.0,393.0,0.0,0.0,0.0,0.02544529262086514,56.19338422391858
all,D+1,2024-11,huai_an_2,720.0,0.5458333333333333,0.0,0.5458333333333333,0.0,0.0,0.0,393.0,0.0,0.0,0.0,0.020356234096692113,55.353689567430024
all,D+1,2024-11,huai_an_3,720.0,0.5444444444444444,0.0,0.5444444444444444,0.0,0.0,0.0,392.0,0.0,0.0,0.0,0.03571428571428571,54.58418367346939
all,D+1,2024-11,lianyungang_1,720.0,0.5541666666666667,0.0,0.5541666666666667,0.0,0.0,0.0,399.0,0.0,0.0,0.0,0.040100250626566414,55.53634085213032
all,D+1,2024-11,lianyungang_2,720.0,0.5486111111111112,0.0,0.5486111111111112,0.0,0.0,0.0,395.0,0.0,0.0,0.0,0.02278481012658228,57.28607594936709
all,D+1,2024-11,nanjing_1,720.0,0.5402777777777777,0.0,0.5402777777777777,0.0,0.0,0.0,389.0,0.0,0.0,0.0,0.038560411311053984,50.49357326478149
all,D+1,2024-11,nanjing_2,720.0,0.5388888888888889,0.0,0.5388888888888889,0.0,0.0,0.0,388.0,0.0,0.0,0.0,0.030927835051546393,50.123711340206185
all,D+1,2024-11,nantong_1,720.0,0.5416666666666666,0.0,0.5416666666666666,0.0,0.0,0.0,390.0,0.0,0.0,0.0,0.002564102564102564,50.09230769230769
all,D+1,2024-11,nantong_2,720.0,0.5416666666666666,0.0,0.5416666666666666,0.0,0.0,0.0,390.0,0.0,0.0,0.0,0.0,58.15384615384615
all,D+1,2024-11,suqian_1,720.0,0.5513888888888889,0.0,0.5513888888888889,0.0,0.0,0.0,397.0,0.0,0.0,0.0,0.04785894206549118,54.642317380352644
all,D+1,2024-11,suzhou_1,720.0,0.5416666666666666,0.0,0.5416666666666666,0.0,0.0,0.0,390.0,0.0,0.0,0.0,0.005128205128205128,50.5974358974359
all,D+1,2024-11,taizhou_1,720.0,0.5444444444444444,0.0,0.5444444444444444,0.0,0.0,0.0,392.0,0.0,0.0,0.0,0.02040816326530612,54.0280612244898
all,D+1,2024-11,taizhou_2,720.0,0.5430555555555555,0.0,0.5430555555555555,0.0,0.0,0.0,391.0,0.0,0.0,0.0,0.0076726342710997444,52.38363171355499
all,D+1,2024-11,wuxi_1,720.0,0.5416666666666666,0.0,0.5416666666666666,0.0,0.0,0.0,390.0,0.0,0.0,0.0,0.017948717948717947,47.8974358974359
all,D+1,2024-11,xuzhou_1,720.0,0.5597222222222222,0.0,0.5597222222222222,0.0,0.0,0.0,403.0,0.0,0.0,0.0,0.05955334987593052,60.79404466501241
all,D+1,2024-11,xuzhou_2,720.0,0.55,0.0,0.55,0.0,0.0,0.0,396.0,0.0,0.0,0.0,0.04292929292929293,58.38131313131313
all,D+1,2024-11,yancheng_1,720.0,0.5430555555555555,0.0,0.5430555555555555,0.0,0.0,0.0,391.0,0.0,0.0,0.0,0.01278772378516624,56.14322250639386
all,D+1,2024-11,yancheng_2,720.0,0.5430555555555555,0.0,0.5430555555555555,0.0,0.0,0.0,391.0,0.0,0.0,0.0,0.005115089514066497,54.171355498721226
all,D+1,2024-11,yancheng_3,720.0,0.5444444444444444,0.0,0.5444444444444444,0.0,0.0,0.0,392.0,0.0,0.0,0.0,0.017857142857142856,55.33673469387755
all,D+1,2024-12,changzhou_1,744.0,0.5752688172043011,0.0,0.5752688172043011,0.0,0.0,0.0,428.0,0.0,0.0,0.0,0.035046728971962614,39.929906542056074
all,D+1,2024-12,huai_an_1,744.0,0.581989247311828,0.0,0.581989247311828,0.0,0.0,0.0,433.0,0.0,0.0,0.0,0.018475750577367205,45.75288683602771
all,D+1,2024-12,huai_an_2,744.0,0.5833333333333334,0.0,0.5833333333333334,0.0,0.0,0.0,434.0,0.0,0.0,0.0,0.013824884792626729,46.09216589861751
all,D+1,2024-12,huai_an_3,744.0,0.5833333333333334,0.0,0.5833333333333334,0.0,0.0,0.0,434.0,0.0,0.0,0.0,0.020737327188940093,46.59907834101382
all,D+1,2024-12,lianyungang_1,744.0,0.5833333333333334,0.0,0.5833333333333334,0.0,0.0,0.0,434.0,0.0,0.0,0.0,0.0,46.00691244239631
all,D+1,2024-12,lianyungang_2,744.0,0.5833333333333334,0.0,0.5833333333333334,0.0,0.0,0.0,434.0,0.0,0.0,0.0,0.0069124423963133645,47.80875576036866
all,D+1,2024-12,nanjing_1,744.0,0.5833333333333334,0.0,0.5833333333333334,0.0,0.0,0.0,434.0,0.0,0.0,0.0,0.04377880184331797,40.8479262672811
all,D+1,2024-12,nanjing_2,744.0,0.5806451612903226,0.0,0.5806451612903226,0.0,0.0,0.0,432.0,0.0,0.0,0.0,0.04398148148148148,40.638888888888886
all,D+1,2024-12,nantong_1,744.0,0.5672043010752689,0.0,0.5672043010752689,0.0,0.0,0.0,422.0,0.0,0.0,0.0,0.030805687203791468,35.84834123222749
all,D+1,2024-12,nantong_2,744.0,0.5618279569892473,0.0,0.5618279569892473,0.0,0.0,0.0,418.0,0.0,0.0,0.0,0.03588516746411483,41.76555023923445
all,D+1,2024-12,suqian_1,744.0,0.5833333333333334,0.0,0.5833333333333334,0.0,0.0,0.0,434.0,0.0,0.0,0.0,0.009216589861751152,47.175115207373274
all,D+1,2024-12,suzhou_1,744.0,0.5658602150537635,0.0,0.5658602150537635,0.0,0.0,0.0,421.0,0.0,0.0,0.0,0.03800475059382423,37.83847980997625
all,D+1,2024-12,taizhou_1,744.0,0.5793010752688172,0.0,0.5793010752688172,0.0,0.0,0.0,431.0,0.0,0.0,0.0,0.018561484918793503,43.382830626450115
all,D+1,2024-12,taizhou_2,744.0,0.5725806451612904,0.0,0.5725806451612904,0.0,0.0,0.0,426.0,0.0,0.0,0.0,0.02112676056338028,41.73943661971831
all,D+1,2024-12,wuxi_1,744.0,0.5725806451612904,0.0,0.5725806451612904,0.0,0.0,0.0,426.0,0.0,0.0,0.0,0.03990610328638498,42.617370892018776
all,D+1,2024-12,xuzhou_1,744.0,0.5806451612903226,0.0,0.5806451612903226,0.0,0.0,0.0,432.0,0.0,0.0,0.0,0.023148148148148147,47.52777777777778
all,D+1,2024-12,xuzhou_2,744.0,0.5833333333333334,0.0,0.5833333333333334,0.0,0.0,0.0,434.0,0.0,0.0,0.0,0.018433179723502304,50.06912442396313
all,D+1,2024-12,yancheng_1,744.0,0.5833333333333334,0.0,0.5833333333333334,0.0,0.0,0.0,434.0,0.0,0.0,0.0,0.016129032258064516,47.306451612903224
all,D+1,2024-12,yancheng_2,744.0,0.5739247311827957,0.0,0.5739247311827957,0.0,0.0,0.0,427.0,0.0,0.0,0.0,0.01873536299765808,45.831381733021075
all,D+1,2024-12,yancheng_3,744.0,0.5806451612903226,0.0,0.5806451612903226,0.0,0.0,0.0,432.0,0.0,0.0,0.0,0.018518518518518517,45.91898148148148
all,D+1,2025-01,changzhou_1,744.0,0.5470430107526881,0.0,0.5470430107526881,0.0,0.0,0.0,407.0,0.0,0.0,0.0,0.014742014742014743,58.17936117936118
all,D+1,2025-01,huai_an_1,744.0,0.553763440860215,0.0,0.553763440860215,0.0,0.0,0.0,412.0,0.0,0.0,0.0,0.021844660194174758,54.36165048543689
all,D+1,2025-01,huai_an_2,744.0,0.5551075268817204,0.0,0.5551075268817204,0.0,0.0,0.0,413.0,0.0,0.0,0.0,0.01937046004842615,48.68765133171913
all,D+1,2025-01,huai_an_3,744.0,0.5470430107526881,0.0,0.5470430107526881,0.0,0.0,0.0,407.0,0.0,0.0,0.0,0.009828009828009828,54.85749385749386
all,D+1,2025-01,lianyungang_1,744.0,0.5524193548387096,0.0,0.5524193548387096,0.0,0.0,0.0,411.0,0.0,0.0,0.0,0.0170316301703163,40.17031630170316
all,D+1,2025-01,lianyungang_2,744.0,0.5577956989247311,0.0,0.5577956989247311,0.0,0.0,0.0,415.0,0.0,0.0,0.0,0.016867469879518072,39.29638554216867
all,D+1,2025-01,nanjing_1,744.0,0.543010752688172,0.0,0.543010752688172,0.0,0.0,0.0,404.0,0.0,0.0,0.0,0.0024752475247524753,60.27970297029703
all,D+1,2025-01,nanjing_2,744.0,0.5416666666666666,0.0,0.5416666666666666,0.0,0.0,0.0,403.0,0.0,0.0,0.0,0.0,58.220843672456574
all,D+1,2025-01,nantong_1,744.0,0.5591397849462365,0.0,0.5591397849462365,0.0,0.0,0.0,416.0,0.0,0.0,0.0,0.04807692307692308,57.19230769230769
all,D+1,2025-01,nantong_2,744.0,0.5591397849462365,0.0,0.5591397849462365,0.0,0.0,0.0,416.0,0.0,0.0,0.0,0.08653846153846154,57.29807692307692
all,D+1,2025-01,suqian_1,744.0,0.5470430107526881,0.0,0.5470430107526881,0.0,0.0,0.0,407.0,0.0,0.0,0.0,0.009828009828009828,49.4004914004914
all,D+1,2025-01,suzhou_1,744.0,0.5551075268817204,0.0,0.5551075268817204,0.0,0.0,0.0,413.0,0.0,0.0,0.0,0.05084745762711865,56.07506053268765
all,D+1,2025-01,taizhou_1,744.0,0.5524193548387096,0.0,0.5524193548387096,0.0,0.0,0.0,411.0,0.0,0.0,0.0,0.019464720194647202,55.776155717761554
all,D+1,2025-01,taizhou_2,744.0,0.5591397849462365,0.0,0.5591397849462365,0.0,0.0,0.0,416.0,0.0,0.0,0.0,0.03125,52.51923076923077
all,D+1,2025-01,wuxi_1,744.0,0.5483870967741935,0.0,0.5483870967741935,0.0,0.0,0.0,408.0,0.0,0.0,0.0,0.029411764705882353,56.0171568627451
all,D+1,2025-01,xuzhou_1,744.0,0.5416666666666666,0.0,0.5416666666666666,0.0,0.0,0.0,403.0,0.0,0.0,0.0,0.0,42.6575682382134
all,D+1,2025-01,xuzhou_2,744.0,0.5456989247311828,0.0,0.5456989247311828,0.0,0.0,0.0,406.0,0.0,0.0,0.0,0.007389162561576354,47.23399014778325
all,D+1,2025-01,yancheng_1,744.0,0.5564516129032258,0.0,0.5564516129032258,0.0,0.0,0.0,414.0,0.0,0.0,0.0,0.016908212560386472,47.53864734299517
all,D+1,2025-01,yancheng_2,744.0,0.5577956989247311,0.0,0.5577956989247311,0.0,0.0,0.0,415.0,0.0,0.0,0.0,0.021686746987951807,52.255421686746985
all,D+1,2025-01,yancheng_3,744.0,0.553763440860215,0.0,0.553763440860215,0.0,0.0,0.0,412.0,0.0,0.0,0.0,0.019417475728155338,53.359223300970875
all,D+1,2025-02,changzhou_1,672.0,0.5148809523809523,0.0,0.5148809523809523,0.0,0.0,0.0,346.0,0.0,0.0,0.0,0.028901734104046242,62.65028901734104
all,D+1,2025-02,huai_an_1,672.0,0.5163690476190477,0.0,0.5163690476190477,0.0,0.0,0.0,347.0,0.0,0.0,0.0,0.020172910662824207,66.72622478386167
all,D+1,2025-02,huai_an_2,672.0,0.5178571428571429,0.0,0.5178571428571429,0.0,0.0,0.0,348.0,0.0,0.0,0.0,0.020114942528735632,63.956896551724135
all,D+1,2025-02,huai_an_3,672.0,0.5208333333333334,0.0,0.5208333333333334,0.0,0.0,0.0,350.0,0.0,0.0,0.0,0.017142857142857144,64.62857142857143
all,D+1,2025-02,lianyungang_1,672.0,0.5252976190476191,0.0,0.5252976190476191,0.0,0.0,0.0,353.0,0.0,0.0,0.0,0.019830028328611898,58.59773371104816
all,D+1,2025-02,lianyungang_2,672.0,0.5193452380952381,0.0,0.5193452380952381,0.0,0.0,0.0,349.0,0.0,0.0,0.0,0.017191977077363897,56.93696275071633
all,D+1,2025-02,nanjing_1,672.0,0.5208333333333334,0.0,0.5208333333333334,0.0,0.0,0.0,350.0,0.0,0.0,0.0,0.022857142857142857,65.08857142857143
all,D+1,2025-02,nanjing_2,672.0,0.5193452380952381,0.0,0.5193452380952381,0.0,0.0,0.0,349.0,0.0,0.0,0.0,0.03151862464183381,60.83094555873925
all,D+1,2025-02,nantong_1,672.0,0.5014880952380952,0.0,0.5014880952380952,0.0,0.0,0.0,337.0,0.0,0.0,0.0,0.002967359050445104,61.29080118694362
all,D+1,2025-02,nantong_2,672.0,0.5014880952380952,0.0,0.5014880952380952,0.0,0.0,0.0,337.0,0.0,0.0,0.0,0.002967359050445104,62.231454005934715
all,D+1,2025-02,suqian_1,672.0,0.5238095238095238,0.0,0.5238095238095238,0.0,0.0,0.0,352.0,0.0,0.0,0.0,0.017045454545454544,66.08238636363636
all,D+1,2025-02,suzhou_1,672.0,0.5014880952380952,0.0,0.5014880952380952,0.0,0.0,0.0,337.0,0.0,0.0,0.0,0.002967359050445104,63.982195845697326
all,D+1,2025-02,taizhou_1,672.0,0.5148809523809523,0.0,0.5148809523809523,0.0,0.0,0.0,346.0,0.0,0.0,0.0,0.02601156069364162,66.52890173410404
all,D+1,2025-02,taizhou_2,672.0,0.5104166666666666,0.0,0.5104166666666666,0.0,0.0,0.0,343.0,0.0,0.0,0.0,0.02040816326530612,65.86297376093295
all,D+1,2025-02,wuxi_1,672.0,0.5074404761904762,0.0,0.5074404761904762,0.0,0.0,0.0,341.0,0.0,0.0,0.0,0.01466275659824047,64.9090909090909
all,D+1,2025-02,xuzhou_1,672.0,0.5357142857142857,0.0,0.5357142857142857,0.0,0.0,0.0,360.0,0.0,0.0,0.0,0.027777777777777776,60.44444444444444
all,D+1,2025-02,xuzhou_2,672.0,0.53125,0.0,0.53125,0.0,0.0,0.0,357.0,0.0,0.0,0.0,0.022408963585434174,63.773109243697476
all,D+1,2025-02,yancheng_1,672.0,0.5163690476190477,0.0,0.5163690476190477,0.0,0.0,0.0,347.0,0.0,0.0,0.0,0.020172910662824207,63.544668587896254
all,D+1,2025-02,yancheng_2,672.0,0.5089285714285714,0.0,0.5089285714285714,0.0,0.0,0.0,342.0,0.0,0.0,0.0,0.017543859649122806,66.62573099415205
all,D+1,2025-02,yancheng_3,672.0,0.5148809523809523,0.0,0.5148809523809523,0.0,0.0,0.0,346.0,0.0,0.0,0.0,0.023121387283236993,66.31502890173411
all,D+1,2025-03,changzhou_1,744.0,0.4838709677419355,0.0,0.4838709677419355,0.0,0.0,0.0,360.0,0.0,0.0,0.0,0.041666666666666664,72.76388888888889
all,D+1,2025-03,huai_an_1,744.0,0.478494623655914,0.0,0.478494623655914,0.0,0.0,0.0,356.0,0.0,0.0,0.0,0.03089887640449438,67.95786516853933
all,D+1,2025-03,huai_an_2,744.0,0.48118279569892475,0.0,0.48118279569892475,0.0,0.0,0.0,358.0,0.0,0.0,0.0,0.036312849162011177,60.986033519553075
all,D+1,2025-03,huai_an_3,744.0,0.4771505376344086,0.0,0.4771505376344086,0.0,0.0,0.0,355.0,0.0,0.0,0.0,0.030985915492957747,67.57464788732395
all,D+1,2025-03,lianyungang_1,744.0,0.4771505376344086,0.0,0.4771505376344086,0.0,0.0,0.0,355.0,0.0,0.0,0.0,0.030985915492957747,53.183098591549296
all,D+1,2025-03,lianyungang_2,744.0,0.48118279569892475,0.0,0.48118279569892475,0.0,0.0,0.0,358.0,0.0,0.0,0.0,0.0335195530726257,54.60335195530726
all,D+1,2025-03,nanjing_1,744.0,0.4825268817204301,0.0,0.4825268817204301,0.0,0.0,0.0,359.0,0.0,0.0,0.0,0.04456824512534819,74.50974930362116
all,D+1,2025-03,nanjing_2,744.0,0.48118279569892475,0.0,0.48118279569892475,0.0,0.0,0.0,358.0,0.0,0.0,0.0,0.03910614525139665,74.86033519553072
all,D+1,2025-03,nantong_1,744.0,0.489247311827957,0.0,0.489247311827957,0.0,0.0,0.0,364.0,0.0,0.0,0.0,0.04395604395604396,67.8956043956044
all,D+1,2025-03,nantong_2,744.0,0.49193548387096775,0.0,0.49193548387096775,0.0,0.0,0.0,366.0,0.0,0.0,0.0,0.04371584699453552,66.93169398907104
all,D+1,2025-03,suqian_1,744.0,0.4771505376344086,0.0,0.4771505376344086,0.0,0.0,0.0,355.0,0.0,0.0,0.0,0.03380281690140845,59.06478873239437
all,D+1,2025-03,suzhou_1,744.0,0.4932795698924731,0.0,0.4932795698924731,0.0,0.0,0.0,367.0,0.0,0.0,0.0,0.051771117166212535,68.02724795640327
all,D+1,2025-03,taizhou_1,744.0,0.4838709677419355,0.0,0.4838709677419355,0.0,0.0,0.0,360.0,0.0,0.0,0.0,0.03888888888888889,67.8861111111111
all,D+1,2025-03,taizhou_2,744.0,0.48655913978494625,0.0,0.48655913978494625,0.0,0.0,0.0,362.0,0.0,0.0,0.0,0.03867403314917127,68.43922651933701
all,D+1,2025-03,wuxi_1,744.0,0.48655913978494625,0.0,0.48655913978494625,0.0,0.0,0.0,362.0,0.0,0.0,0.0,0.04419889502762431,68.9171270718232
all,D+1,2025-03,xuzhou_1,744.0,0.4637096774193548,0.0,0.4637096774193548,0.0,0.0,0.0,345.0,0.0,0.0,0.0,0.011594202898550725,55.744927536231884
all,D+1,2025-03,xuzhou_2,744.0,0.46908602150537637,0.0,0.46908602150537637,0.0,0.0,0.0,349.0,0.0,0.0,0.0,0.022922636103151862,56.17765042979943
all,D+1,2025-03,yancheng_1,744.0,0.4825268817204301,0.0,0.4825268817204301,0.0,0.0,0.0,359.0,0.0,0.0,0.0,0.036211699164345405,61.58774373259053
all,D+1,2025-03,yancheng_2,744.0,0.48655913978494625,0.0,0.48655913978494625,0.0,0.0,0.0,362.0,0.0,0.0,0.0,0.03867403314917127,66.00276243093923
all,D+1,2025-03,yancheng_3,744.0,0.4825268817204301,0.0,0.4825268817204301,0.0,0.0,0.0,359.0,0.0,0.0,0.0,0.036211699164345405,67.82451253481894
all,D+1,2025-04,changzhou_1,720.0,0.41805555555555557,0.0,0.41805555555555557,0.0,0.0,0.0,301.0,0.0,0.0,0.0,0.0033222591362126247,67.97674418604652
all,D+1,2025-04,huai_an_1,720.0,0.41944444444444445,0.0,0.41944444444444445,0.0,0.0,0.0,302.0,0.0,0.0,0.0,0.006622516556291391,64.79801324503312
all,D+1,2025-04,huai_an_2,720.0,0.41944444444444445,0.0,0.41944444444444445,0.0,0.0,0.0,302.0,0.0,0.0,0.0,0.006622516556291391,57.54304635761589
all,D+1,2025-04,huai_an_3,720.0,0.4222222222222222,0.0,0.4222222222222222,0.0,0.0,0.0,304.0,0.0,0.0,0.0,0.013157894736842105,66.94407894736842
all,D+1,2025-04,lianyungang_1,720.0,0.4222222222222222,0.0,0.4222222222222222,0.0,0.0,0.0,304.0,0.0,0.0,0.0,0.013157894736842105,52.37171052631579
all,D+1,2025-04,lianyungang_2,720.0,0.41805555555555557,0.0,0.41805555555555557,0.0,0.0,0.0,301.0,0.0,0.0,0.0,0.0033222591362126247,51.45514950166113
all,D+1,2025-04,nanjing_1,720.0,0.4236111111111111,0.0,0.4236111111111111,0.0,0.0,0.0,305.0,0.0,0.0,0.0,0.01639344262295082,66.88852459016394
all,D+1,2025-04,nanjing_2,720.0,0.4222222222222222,0.0,0.4222222222222222,0.0,0.0,0.0,304.0,0.0,0.0,0.0,0.013157894736842105,68.08552631578948
all,D+1,2025-04,nantong_1,720.0,0.41805555555555557,0.0,0.41805555555555557,0.0,0.0,0.0,301.0,0.0,0.0,0.0,0.0033222591362126247,68.93023255813954
all,D+1,2025-04,nantong_2,720.0,0.41944444444444445,0.0,0.41944444444444445,0.0,0.0,0.0,302.0,0.0,0.0,0.0,0.006622516556291391,71.30132450331126
all,D+1,2025-04,suqian_1,720.0,0.4236111111111111,0.0,0.4236111111111111,0.0,0.0,0.0,305.0,0.0,0.0,0.0,0.01639344262295082,60.570491803278685
all,D+1,2025-04,suzhou_1,720.0,0.41944444444444445,0.0,0.41944444444444445,0.0,0.0,0.0,302.0,0.0,0.0,0.0,0.006622516556291391,68.84437086092716
all,D+1,2025-04,taizhou_1,720.0,0.41805555555555557,0.0,0.41805555555555557,0.0,0.0,0.0,301.0,0.0,0.0,0.0,0.0033222591362126247,66.59468438538207
all,D+1,2025-04,taizhou_2,720.0,0.41944444444444445,0.0,0.41944444444444445,0.0,0.0,0.0,302.0,0.0,0.0,0.0,0.006622516556291391,67.22847682119205
all,D+1,2025-04,wuxi_1,720.0,0.41944444444444445,0.0,0.41944444444444445,0.0,0.0,0.0,302.0,0.0,0.0,0.0,0.006622516556291391,70.10596026490066
all,D+1,2025-04,xuzhou_1,720.0,0.42916666666666664,0.0,0.42916666666666664,0.0,0.0,0.0,309.0,0.0,0.0,0.0,0.016181229773462782,51.54368932038835
all,D+1,2025-04,xuzhou_2,720.0,0.42777777777777776,0.0,0.42777777777777776,0.0,0.0,0.0,308.0,0.0,0.0,0.0,0.01948051948051948,56.133116883116884
all,D+1,2025-04,yancheng_1,720.0,0.4166666666666667,0.0,0.4166666666666667,0.0,0.0,0.0,300.0,0.0,0.0,0.0,0.0,57.28
all,D+1,2025-04,yancheng_2,720.0,0.41944444444444445,0.0,0.41944444444444445,0.0,0.0,0.0,302.0,0.0,0.0,0.0,0.006622516556291391,65.51986754966887
all,D+1,2025-04,yancheng_3,720.0,0.41805555555555557,0.0,0.41805555555555557,0.0,0.0,0.0,301.0,0.0,0.0,0.0,0.0033222591362126247,65.5813953488372
all,D+1,2025-05,changzhou_1,744.0,0.4166666666666667,0.0,0.4166666666666667,0.0,0.0,0.0,310.0,0.0,0.0,0.0,0.0,73.77096774193548
all,D+1,2025-05,huai_an_1,744.0,0.41801075268817206,0.0,0.41801075268817206,0.0,0.0,0.0,311.0,0.0,0.0,0.0,0.003215434083601286,70.21543408360128
all,D+1,2025-05,huai_an_2,744.0,0.4166666666666667,0.0,0.4166666666666667,0.0,0.0,0.0,310.0,0.0,0.0,0.0,0.03225806451612903,68.70645161290322
all,D+1,2025-05,huai_an_3,744.0,0.4166666666666667,0.0,0.4166666666666667,0.0,0.0,0.0,310.0,0.0,0.0,0.0,0.01935483870967742,70.12258064516129
all,D+1,2025-05,lianyungang_1,744.0,0.4166666666666667,0.0,0.4166666666666667,0.0,0.0,0.0,310.0,0.0,0.0,0.0,0.041935483870967745,64.12258064516129
all,D+1,2025-05,lianyungang_2,744.0,0.4166666666666667,0.0,0.4166666666666667,0.0,0.0,0.0,310.0,0.0,0.0,0.0,0.054838709677419356,69.60645161290323
all,D+1,2025-05,nanjing_1,744.0,0.4166666666666667,0.0,0.4166666666666667,0.0,0.0,0.0,310.0,0.0,0.0,0.0,0.0032258064516129032,72.37096774193549
all,D+1,2025-05,nanjing_2,744.0,0.4166666666666667,0.0,0.4166666666666667,0.0,0.0,0.0,310.0,0.0,0.0,0.0,0.0,73.58387096774193
all,D+1,2025-05,nantong_1,744.0,0.41801075268817206,0.0,0.41801075268817206,0.0,0.0,0.0,311.0,0.0,0.0,0.0,0.03536977491961415,74.016077170418
all,D+1,2025-05,nantong_2,744.0,0.41801075268817206,0.0,0.41801075268817206,0.0,0.0,0.0,311.0,0.0,0.0,0.0,0.05144694533762058,75.17684887459806
all,D+1,2025-05,suqian_1,744.0,0.4166666666666667,0.0,0.4166666666666667,0.0,0.0,0.0,310.0,0.0,0.0,0.0,0.035483870967741936,67.20322580645161
all,D+1,2025-05,suzhou_1,744.0,0.4166666666666667,0.0,0.4166666666666667,0.0,0.0,0.0,310.0,0.0,0.0,0.0,0.025806451612903226,74.41612903225807
all,D+1,2025-05,taizhou_1,744.0,0.41801075268817206,0.0,0.41801075268817206,0.0,0.0,0.0,311.0,0.0,0.0,0.0,0.00964630225080386,71.68488745980707
all,D+1,2025-05,taizhou_2,744.0,0.41801075268817206,0.0,0.41801075268817206,0.0,0.0,0.0,311.0,0.0,0.0,0.0,0.03536977491961415,70.72990353697749
all,D+1,2025-05,wuxi_1,744.0,0.4166666666666667,0.0,0.4166666666666667,0.0,0.0,0.0,310.0,0.0,0.0,0.0,0.0,76.49677419354839
all,D+1,2025-05,xuzhou_1,744.0,0.39919354838709675,0.0,0.39919354838709675,0.0,0.0,0.0,297.0,0.0,0.0,0.0,0.030303030303030304,58.26262626262626
all,D+1,2025-05,xuzhou_2,744.0,0.40860215053763443,0.0,0.40860215053763443,0.0,0.0,0.0,304.0,0.0,0.0,0.0,0.03289473684210526,61.016447368421055
all,D+1,2025-05,yancheng_1,744.0,0.4166666666666667,0.0,0.4166666666666667,0.0,0.0,0.0,310.0,0.0,0.0,0.0,0.03225806451612903,67.47419354838709
all,D+1,2025-05,yancheng_2,744.0,0.41801075268817206,0.0,0.41801075268817206,0.0,0.0,0.0,311.0,0.0,0.0,0.0,0.03858520900321544,69.83601286173634
all,D+1,2025-05,yancheng_3,744.0,0.41801075268817206,0.0,0.41801075268817206,0.0,0.0,0.0,311.0,0.0,0.0,0.0,0.01929260450160772,69.95498392282958
all,D+1,2025-06,changzhou_1,720.0,0.41805555555555557,0.0,0.41805555555555557,0.0,0.0,0.0,301.0,0.0,0.0,0.0,0.06976744186046512,83.62126245847176
all,D+1,2025-06,huai_an_1,720.0,0.4041666666666667,0.0,0.4041666666666667,0.0,0.0,0.0,291.0,0.0,0.0,0.0,0.14432989690721648,78.1340206185567
all,D+1,2025-06,huai_an_2,720.0,0.3958333333333333,0.0,0.3958333333333333,0.0,0.0,0.0,285.0,0.0,0.0,0.0,0.15087719298245614,75.99649122807017
all,D+1,2025-06,huai_an_3,720.0,0.3902777777777778,0.0,0.3902777777777778,0.0,0.0,0.0,281.0,0.0,0.0,0.0,0.03914590747330961,76.30604982206405
all,D+1,2025-06,lianyungang_1,720.0,0.38055555555555554,0.0,0.38055555555555554,0.0,0.0,0.0,274.0,0.0,0.0,0.0,0.10583941605839416,71.13868613138686
all,D+1,2025-06,lianyungang_2,720.0,0.3902777777777778,0.0,0.3902777777777778,0.0,0.0,0.0,281.0,0.0,0.0,0.0,0.14590747330960854,74.58007117437722
all,D+1,2025-06,nanjing_1,720.0,0.4041666666666667,0.0,0.4041666666666667,0.0,0.0,0.0,291.0,0.0,0.0,0.0,0.07216494845360824,79.9278350515464
all,D+1,2025-06,nanjing_2,720.0,0.4125,0.0,0.4125,0.0,0.0,0.0,297.0,0.0,0.0,0.0,0.07744107744107744,82.1986531986532
all,D+1,2025-06,nantong_1,720.0,0.4166666666666667,0.0,0.4166666666666667,0.0,0.0,0.0,300.0,0.0,0.0,0.0,0.11,82.95333333333333
all,D+1,2025-06,nantong_2,720.0,0.4027777777777778,0.0,0.4027777777777778,0.0,0.0,0.0,290.0,0.0,0.0,0.0,0.06896551724137931,82.6448275862069
all,D+1,2025-06,suqian_1,720.0,0.38333333333333336,0.0,0.38333333333333336,0.0,0.0,0.0,276.0,0.0,0.0,0.0,0.021739130434782608,68.65579710144928
all,D+1,2025-06,suzhou_1,720.0,0.4166666666666667,0.0,0.4166666666666667,0.0,0.0,0.0,300.0,0.0,0.0,0.0,0.09666666666666666,82.32
all,D+1,2025-06,taizhou_1,720.0,0.4125,0.0,0.4125,0.0,0.0,0.0,297.0,0.0,0.0,0.0,0.15488215488215487,78.41414141414141
all,D+1,2025-06,taizhou_2,720.0,0.4166666666666667,0.0,0.4166666666666667,0.0,0.0,0.0,300.0,0.0,0.0,0.0,0.16333333333333333,78.49
all,D+1,2025-06,wuxi_1,720.0,0.4166666666666667,0.0,0.4166666666666667,0.0,0.0,0.0,300.0,0.0,0.0,0.0,0.03666666666666667,84.14666666666666
all,D+1,2025-06,xuzhou_1,720.0,0.37916666666666665,0.0,0.37916666666666665,0.0,0.0,0.0,273.0,0.0,0.0,0.0,0.01098901098901099,69.86813186813187
all,D+1,2025-06,xuzhou_2,720.0,0.37916666666666665,0.0,0.37916666666666665,0.0,0.0,0.0,273.0,0.0,0.0,0.0,0.01098901098901099,72.18315018315019
all,D+1,2025-06,yancheng_1,720.0,0.4,0.0,0.4,0.0,0.0,0.0,288.0,0.0,0.0,0.0,0.16666666666666666,79.29166666666667
all,D+1,2025-06,yancheng_2,720.0,0.4166666666666667,0.0,0.4166666666666667,0.0,0.0,0.0,300.0,0.0,0.0,0.0,0.17,80.63333333333334
all,D+1,2025-06,yancheng_3,720.0,0.4111111111111111,0.0,0.4111111111111111,0.0,0.0,0.0,296.0,0.0,0.0,0.0,0.16891891891891891,77.76013513513513
all,D+1,2025-07,changzhou_1,744.0,0.41801075268817206,0.0,0.41801075268817206,0.0,0.0,0.0,311.0,0.0,0.0,0.0,0.06109324758842444,54.861736334405144
all,D+1,2025-07,huai_an_1,744.0,0.40053763440860213,0.0,0.40053763440860213,0.0,0.0,0.0,298.0,0.0,0.0,0.0,0.04697986577181208,41.66107382550336
all,D+1,2025-07,huai_an_2,744.0,0.39381720430107525,0.0,0.39381720430107525,0.0,0.0,0.0,293.0,0.0,0.0,0.0,0.040955631399317405,38.89078498293515
all,D+1,2025-07,huai_an_3,744.0,0.3924731182795699,0.0,0.3924731182795699,0.0,0.0,0.0,292.0,0.0,0.0,0.0,0.04452054794520548,43.32534246575342
all,D+1,2025-07,lianyungang_1,744.0,0.3844086021505376,0.0,0.3844086021505376,0.0013440860215053765,0.0013440860215053765,0.0,286.0,0.0,0.0,0.0,0.024475524475524476,43.15034965034965
all,D+1,2025-07,lianyungang_2,744.0,0.38844086021505375,0.0,0.38844086021505375,0.0,0.0,0.0,289.0,0.0,0.0,0.0,0.04498269896193772,44.56401384083045
all,D+1,2025-07,nanjing_1,744.0,0.39919354838709675,0.0,0.39919354838709675,0.0,0.0,0.0,297.0,0.0,0.0,0.0,0.050505050505050504,43.043771043771045
all,D+1,2025-07,nanjing_2,744.0,0.4112903225806452,0.0,0.4112903225806452,0.0,0.0,0.0,306.0,0.0,0.0,0.0,0.06209150326797386,46.029411764705884
all,D+1,2025-07,nantong_1,744.0,0.41935483870967744,0.0,0.41935483870967744,0.0,0.0,0.0,312.0,0.0,0.0,0.0,0.022435897435897436,50.67307692307692
all,D+1,2025-07,nantong_2,744.0,0.41935483870967744,0.0,0.41935483870967744,0.0,0.0,0.0,312.0,0.0,0.0,0.0,0.03205128205128205,50.618589743589745
all,D+1,2025-07,suqian_1,744.0,0.385752688172043,0.0,0.385752688172043,0.0,0.0,0.0,287.0,0.0,0.0,0.0,0.027874564459930314,43.045296167247386
all,D+1,2025-07,suzhou_1,744.0,0.4166666666666667,0.0,0.4166666666666667,0.0,0.0,0.0,310.0,0.0,0.0,0.0,0.0,51.487096774193546
all,D+1,2025-07,taizhou_1,744.0,0.4099462365591398,0.0,0.4099462365591398,0.0,0.0,0.0,305.0,0.0,0.0,0.0,0.05901639344262295,42.56393442622951
all,D+1,2025-07,taizhou_2,744.0,0.4166666666666667,0.0,0.4166666666666667,0.0,0.0,0.0,310.0,0.0,0.0,0.0,0.06129032258064516,44.983870967741936
all,D+1,2025-07,wuxi_1,744.0,0.4166666666666667,0.0,0.4166666666666667,0.0,0.0,0.0,310.0,0.0,0.0,0.0,0.03225806451612903,56.535483870967745
all,D+1,2025-07,xuzhou_1,744.0,0.375,0.0,0.375,0.0,0.0,0.0,279.0,0.0,0.0,0.0,0.0,43.229390681003586
all,D+1,2025-07,xuzhou_2,744.0,0.3763440860215054,0.0,0.3763440860215054,0.0,0.0,0.0,280.0,0.0,0.0,0.0,0.0035714285714285713,36.675
all,D+1,2025-07,yancheng_1,744.0,0.3978494623655914,0.0,0.3978494623655914,0.0,0.0,0.0,296.0,0.0,0.0,0.0,0.0472972972972973,42.641891891891895
all,D+1,2025-07,yancheng_2,744.0,0.4166666666666667,0.0,0.4166666666666667,0.0,0.0,0.0,310.0,0.0,0.0,0.0,0.07096774193548387,42.035483870967745
all,D+1,2025-07,yancheng_3,744.0,0.40591397849462363,0.0,0.40591397849462363,0.0,0.0,0.0,302.0,0.0,0.0,0.0,0.052980132450331126,41.19205298013245
all,D+1,2025-08,changzhou_1,744.0,0.4166666666666667,0.0,0.4166666666666667,0.0,0.0,0.0,310.0,0.0,0.0,0.0,0.0,50.70322580645161
all,D+1,2025-08,huai_an_1,744.0,0.4166666666666667,0.0,0.4166666666666667,0.0,0.0,0.0,310.0,0.0,0.0,0.0,0.0,55.23870967741936
all,D+1,2025-08,huai_an_2,744.0,0.4166666666666667,0.0,0.4166666666666667,0.0,0.0,0.0,310.0,0.0,0.0,0.0,0.0,58.825806451612905
all,D+1,2025-08,huai_an_3,744.0,0.4166666666666667,0.0,0.4166666666666667,0.0,0.0,0.0,310.0,0.0,0.0,0.0,0.0,57.62903225806452
all,D+1,2025-08,lianyungang_1,744.0,0.4166666666666667,0.0,0.4166666666666667,0.0,0.0,0.0,310.0,0.0,0.0,0.0,0.00967741935483871,56.961290322580645
all,D+1,2025-08,lianyungang_2,744.0,0.4166666666666667,0.0,0.4166666666666667,0.0,0.0,0.0,310.0,0.0,0.0,0.0,0.0,59.0
all,D+1,2025-08,nanjing_1,744.0,0.41801075268817206,0.0,0.41801075268817206,0.0,0.0,0.0,311.0,0.0,0.0,0.0,0.003215434083601286,52.39228295819936
all,D+1,2025-08,nanjing_2,744.0,0.4166666666666667,0.0,0.4166666666666667,0.0,0.0,0.0,310.0,0.0,0.0,0.0,0.0,49.41935483870968
all,D+1,2025-08,nantong_1,744.0,0.4166666666666667,0.0,0.4166666666666667,0.0,0.0,0.0,310.0,0.0,0.0,0.0,0.0,49.45483870967742
all,D+1,2025-08,nantong_2,744.0,0.4166666666666667,0.0,0.4166666666666667,0.0,0.0,0.0,310.0,0.0,0.0,0.0,0.0,49.91290322580645
all,D+1,2025-08,suqian_1,744.0,0.4166666666666667,0.0,0.4166666666666667,0.0,0.0,0.0,310.0,0.0,0.0,0.0,0.00967741935483871,58.73870967741936
all,D+1,2025-08,suzhou_1,744.0,0.4166666666666667,0.0,0.4166666666666667,0.0,0.0,0.0,310.0,0.0,0.0,0.0,0.0,51.94838709677419
all,D+1,2025-08,taizhou_1,744.0,0.41935483870967744,0.0,0.41935483870967744,0.0,0.0,0.0,312.0,0.0,0.0,0.0,0.00641025641025641,54.092948717948715
all,D+1,2025-08,taizhou_2,744.0,0.41801075268817206,0.0,0.41801075268817206,0.0,0.0,0.0,311.0,0.0,0.0,0.0,0.003215434083601286,50.4951768488746
all,D+1,2025-08,wuxi_1,744.0,0.4166666666666667,0.0,0.4166666666666667,0.0,0.0,0.0,310.0,0.0,0.0,0.0,0.0,52.95161290322581
all,D+1,2025-08,xuzhou_1,744.0,0.4153225806451613,0.0,0.4153225806451613,0.0,0.0,0.0,309.0,0.0,0.0,0.0,0.032362459546925564,61.13268608414239
all,D+1,2025-08,xuzhou_2,744.0,0.41801075268817206,0.0,0.41801075268817206,0.0,0.0,0.0,311.0,0.0,0.0,0.0,0.02572347266881029,59.491961414791
all,D+1,2025-08,yancheng_1,744.0,0.4166666666666667,0.0,0.4166666666666667,0.0,0.0,0.0,310.0,0.0,0.0,0.0,0.0,58.77741935483871
all,D+1,2025-08,yancheng_2,744.0,0.41801075268817206,0.0,0.41801075268817206,0.0,0.0,0.0,311.0,0.0,0.0,0.0,0.003215434083601286,53.77491961414791
all,D+1,2025-08,yancheng_3,744.0,0.4166666666666667,0.0,0.4166666666666667,0.0,0.0,0.0,310.0,0.0,0.0,0.0,0.0,55.96774193548387
all,D+1,2025-09,changzhou_1,720.0,0.4666666666666667,0.0,0.4666666666666667,0.0,0.0,0.0,336.0,0.0,0.0,0.0,0.06547619047619048,76.63690476190476
all,D+1,2025-09,huai_an_1,720.0,0.475,0.0,0.475,0.0,0.0,0.0,342.0,0.0,0.0,0.0,0.07602339181286549,79.01461988304094
all,D+1,2025-09,huai_an_2,720.0,0.475,0.0,0.475,0.0,0.0,0.0,342.0,0.0,0.0,0.0,0.07602339181286549,85.53508771929825
all,D+1,2025-09,huai_an_3,720.0,0.4791666666666667,0.0,0.4791666666666667,0.0,0.0,0.0,345.0,0.0,0.0,0.0,0.0782608695652174,85.94202898550725
all,D+1,2025-09,lianyungang_1,720.0,0.4708333333333333,0.0,0.4708333333333333,0.0,0.0,0.0,339.0,0.0,0.0,0.0,0.061946902654867256,84.46607669616519
all,D+1,2025-09,lianyungang_2,720.0,0.4708333333333333,0.0,0.4708333333333333,0.0,0.0,0.0,339.0,0.0,0.0,0.0,0.06784660766961652,86.11504424778761
all,D+1,2025-09,nanjing_1,720.0,0.46944444444444444,0.0,0.46944444444444444,0.0,0.0,0.0,338.0,0.0,0.0,0.0,0.0621301775147929,81.96745562130178
all,D+1,2025-09,nanjing_2,720.0,0.4666666666666667,0.0,0.4666666666666667,0.0,0.0,0.0,336.0,0.0,0.0,0.0,0.05952380952380952,78.09821428571429
all,D+1,2025-09,nantong_1,720.0,0.45555555555555555,0.0,0.45555555555555555,0.0,0.0,0.0,328.0,0.0,0.0,0.0,0.03048780487804878,74.1189024390244
all,D+1,2025-09,nantong_2,720.0,0.45694444444444443,0.0,0.45694444444444443,0.0,0.0,0.0,329.0,0.0,0.0,0.0,0.02735562310030395,66.22492401215806
all,D+1,2025-09,suqian_1,720.0,0.47638888888888886,0.0,0.47638888888888886,0.0,0.0,0.0,343.0,0.0,0.0,0.0,0.06997084548104957,89.51020408163265
all,D+1,2025-09,suzhou_1,720.0,0.45555555555555555,0.0,0.45555555555555555,0.0,0.0,0.0,328.0,0.0,0.0,0.0,0.03048780487804878,69.07317073170732
all,D+1,2025-09,taizhou_1,720.0,0.46944444444444444,0.0,0.46944444444444444,0.0,0.0,0.0,338.0,0.0,0.0,0.0,0.07100591715976332,77.73076923076923
all,D+1,2025-09,taizhou_2,720.0,0.46111111111111114,0.0,0.46111111111111114,0.0,0.0,0.0,332.0,0.0,0.0,0.0,0.04819277108433735,75.37349397590361
all,D+1,2025-09,wuxi_1,720.0,0.4625,0.0,0.4625,0.0,0.0,0.0,333.0,0.0,0.0,0.0,0.05105105105105105,72.87087087087087
all,D+1,2025-09,xuzhou_1,720.0,0.475,0.0,0.475,0.0,0.0,0.0,342.0,0.0,0.0,0.0,0.05263157894736842,74.8859649122807
all,D+1,2025-09,xuzhou_2,720.0,0.4777777777777778,0.0,0.4777777777777778,0.0,0.0,0.0,344.0,0.0,0.0,0.0,0.06686046511627906,85.63662790697674
all,D+1,2025-09,yancheng_1,720.0,0.47638888888888886,0.0,0.47638888888888886,0.0,0.0,0.0,343.0,0.0,0.0,0.0,0.08163265306122448,84.8192419825073
all,D+1,2025-09,yancheng_2,720.0,0.4625,0.0,0.4625,0.0,0.0,0.0,333.0,0.0,0.0,0.0,0.05105105105105105,79.30030030030031
all,D+1,2025-09,yancheng_3,720.0,0.4722222222222222,0.0,0.4722222222222222,0.0,0.0,0.0,340.0,0.0,0.0,0.0,0.07352941176470588,79.37941176470588
all,D+1,2025-10,changzhou_1,744.0,0.5053763440860215,0.0,0.5053763440860215,0.0,0.0,0.0,376.0,0.0,0.0,0.0,0.010638297872340425,63.27925531914894
all,D+1,2025-10,huai_an_1,744.0,0.5067204301075269,0.0,0.5067204301075269,0.0,0.0,0.0,377.0,0.0,0.0,0.0,0.013262599469496022,69.06366047745358
all,D+1,2025-10,huai_an_2,744.0,0.5094086021505376,0.0,0.5094086021505376,0.0,0.0,0.0,379.0,0.0,0.0,0.0,0.018469656992084433,62.934036939313984
all,D+1,2025-10,huai_an_3,744.0,0.5040322580645161,0.0,0.5040322580645161,0.0,0.0,0.0,375.0,0.0,0.0,0.0,0.008,70.736
all,D+1,2025-10,lianyungang_1,744.0,0.5053763440860215,0.0,0.5053763440860215,0.0,0.0,0.0,376.0,0.0,0.0,0.0,0.010638297872340425,70.08510638297872
all,D+1,2025-10,lianyungang_2,744.0,0.5094086021505376,0.0,0.5094086021505376,0.0,0.0,0.0,379.0,0.0,0.0,0.0,0.018469656992084433,69.40633245382585
all,D+1,2025-10,nanjing_1,744.0,0.5026881720430108,0.0,0.5026881720430108,0.0,0.0,0.0,374.0,0.0,0.0,0.0,0.0053475935828877,66.70320855614973
all,D+1,2025-10,nanjing_2,744.0,0.5040322580645161,0.0,0.5040322580645161,0.0,0.0,0.0,375.0,0.0,0.0,0.0,0.008,64.65866666666666
all,D+1,2025-10,nantong_1,744.0,0.5120967741935484,0.0,0.5120967741935484,0.0,0.0,0.0,381.0,0.0,0.0,0.0,0.04461942257217848,62.41207349081365
all,D+1,2025-10,nantong_2,744.0,0.5134408602150538,0.0,0.5134408602150538,0.0,0.0,0.0,382.0,0.0,0.0,0.0,0.05235602094240838,66.33246073298429
all,D+1,2025-10,suqian_1,744.0,0.5067204301075269,0.0,0.5067204301075269,0.0,0.0,0.0,377.0,0.0,0.0,0.0,0.013262599469496022,66.04774535809018
all,D+1,2025-10,suzhou_1,744.0,0.5080645161290323,0.0,0.5080645161290323,0.0,0.0,0.0,378.0,0.0,0.0,0.0,0.037037037037037035,59.72222222222222
all,D+1,2025-10,taizhou_1,744.0,0.5053763440860215,0.0,0.5053763440860215,0.0,0.0,0.0,376.0,0.0,0.0,0.0,0.010638297872340425,67.38829787234043
all,D+1,2025-10,taizhou_2,744.0,0.5094086021505376,0.0,0.5094086021505376,0.0,0.0,0.0,379.0,0.0,0.0,0.0,0.029023746701846966,63.35883905013193
all,D+1,2025-10,wuxi_1,744.0,0.5040322580645161,0.0,0.5040322580645161,0.0,0.0,0.0,375.0,0.0,0.0,0.0,0.016,63.928
all,D+1,2025-10,xuzhou_1,744.0,0.5013440860215054,0.0,0.5013440860215054,0.0,0.0,0.0,373.0,0.0,0.0,0.0,0.002680965147453083,72.51474530831099
all,D+1,2025-10,xuzhou_2,744.0,0.5053763440860215,0.0,0.5053763440860215,0.0,0.0,0.0,376.0,0.0,0.0,0.0,0.010638297872340425,67.26329787234043
all,D+1,2025-10,yancheng_1,744.0,0.510752688172043,0.0,0.510752688172043,0.0,0.0,0.0,380.0,0.0,0.0,0.0,0.021052631578947368,63.37105263157895
all,D+1,2025-10,yancheng_2,744.0,0.510752688172043,0.0,0.510752688172043,0.0,0.0,0.0,380.0,0.0,0.0,0.0,0.031578947368421054,65.86315789473684
all,D+1,2025-10,yancheng_3,744.0,0.5094086021505376,0.0,0.5094086021505376,0.0,0.0,0.0,379.0,0.0,0.0,0.0,0.018469656992084433,68.70976253298153
all,D+1,2025-11,changzhou_1,720.0,0.5416666666666666,0.0,0.5416666666666666,0.0,0.0,0.0,390.0,0.0,0.0,0.0,0.02564102564102564,41.51538461538462
all,D+1,2025-11,huai_an_1,720.0,0.5430555555555555,0.0,0.5430555555555555,0.0,0.0,0.0,391.0,0.0,0.0,0.0,0.020460358056265986,42.294117647058826
all,D+1,2025-11,huai_an_2,720.0,0.5444444444444444,0.0,0.5444444444444444,0.0,0.0,0.0,392.0,0.0,0.0,0.0,0.02040816326530612,39.316326530612244
all,D+1,2025-11,huai_an_3,720.0,0.5416666666666666,0.0,0.5416666666666666,0.0,0.0,0.0,390.0,0.0,0.0,0.0,0.03076923076923077,42.16410256410256
all,D+1,2025-11,lianyungang_1,720.0,0.5513888888888889,0.0,0.5513888888888889,0.0,0.0,0.0,397.0,0.0,0.0,0.0,0.03526448362720403,35.84382871536524
all,D+1,2025-11,lianyungang_2,720.0,0.5486111111111112,0.0,0.5486111111111112,0.0,0.0,0.0,395.0,0.0,0.0,0.0,0.02278481012658228,36.769620253164554
all,D+1,2025-11,nanjing_1,720.0,0.5375,0.0,0.5375,0.0,0.0,0.0,387.0,0.0,0.0,0.0,0.03359173126614987,42.45219638242894
all,D+1,2025-11,nanjing_2,720.0,0.5361111111111111,0.0,0.5361111111111111,0.0,0.0,0.0,386.0,0.0,0.0,0.0,0.025906735751295335,42.4559585492228
all,D+1,2025-11,nantong_1,720.0,0.5416666666666666,0.0,0.5416666666666666,0.0,0.0,0.0,390.0,0.0,0.0,0.0,0.005128205128205128,42.15897435897436
all,D+1,2025-11,nantong_2,720.0,0.5416666666666666,0.0,0.5416666666666666,0.0,0.0,0.0,390.0,0.0,0.0,0.0,0.0,43.284615384615385
all,D+1,2025-11,suqian_1,720.0,0.5458333333333333,0.0,0.5458333333333333,0.0,0.0,0.0,393.0,0.0,0.0,0.0,0.03816793893129771,38.80407124681934
all,D+1,2025-11,suzhou_1,720.0,0.5416666666666666,0.0,0.5416666666666666,0.0,0.0,0.0,390.0,0.0,0.0,0.0,0.005128205128205128,45.825641025641026
all,D+1,2025-11,taizhou_1,720.0,0.5430555555555555,0.0,0.5430555555555555,0.0,0.0,0.0,391.0,0.0,0.0,0.0,0.017902813299232736,40.61636828644501
all,D+1,2025-11,taizhou_2,720.0,0.5430555555555555,0.0,0.5430555555555555,0.0,0.0,0.0,391.0,0.0,0.0,0.0,0.0076726342710997444,40.531969309462916
all,D+1,2025-11,wuxi_1,720.0,0.5416666666666666,0.0,0.5416666666666666,0.0,0.0,0.0,390.0,0.0,0.0,0.0,0.020512820512820513,48.01025641025641
all,D+1,2025-11,xuzhou_1,720.0,0.5541666666666667,0.0,0.5541666666666667,0.0,0.0,0.0,399.0,0.0,0.0,0.0,0.05012531328320802,38.19548872180451
all,D+1,2025-11,xuzhou_2,720.0,0.5513888888888889,0.0,0.5513888888888889,0.0,0.0,0.0,397.0,0.0,0.0,0.0,0.04785894206549118,39.41813602015113
all,D+1,2025-11,yancheng_1,720.0,0.5430555555555555,0.0,0.5430555555555555,0.0,0.0,0.0,391.0,0.0,0.0,0.0,0.01278772378516624,39.69820971867008
all,D+1,2025-11,yancheng_2,720.0,0.5430555555555555,0.0,0.5430555555555555,0.0,0.0,0.0,391.0,0.0,0.0,0.0,0.0076726342710997444,40.01790281329923
all,D+1,2025-11,yancheng_3,720.0,0.5430555555555555,0.0,0.5430555555555555,0.0,0.0,0.0,391.0,0.0,0.0,0.0,0.017902813299232736,43.813299232736576
all,D+1,2025-12,changzhou_1,744.0,0.5725806451612904,0.0,0.5725806451612904,0.0,0.0,0.0,426.0,0.0,0.0,0.0,0.03051643192488263,46.50469483568075
all,D+1,2025-12,huai_an_1,744.0,0.581989247311828,0.0,0.581989247311828,0.0,0.0,0.0,433.0,0.0,0.0,0.0,0.016166281755196306,52.73441108545035
all,D+1,2025-12,huai_an_2,744.0,0.5833333333333334,0.0,0.5833333333333334,0.0,0.0,0.0,434.0,0.0,0.0,0.0,0.013824884792626729,47.764976958525345
all,D+1,2025-12,huai_an_3,744.0,0.5833333333333334,0.0,0.5833333333333334,0.0,0.0,0.0,434.0,0.0,0.0,0.0,0.020737327188940093,49.86866359447004
all,D+1,2025-12,lianyungang_1,744.0,0.5846774193548387,0.0,0.5846774193548387,0.0,0.0,0.0,435.0,0.0,0.0,0.0,0.0022988505747126436,42.51494252873563
all,D+1,2025-12,lianyungang_2,744.0,0.5833333333333334,0.0,0.5833333333333334,0.0,0.0,0.0,434.0,0.0,0.0,0.0,0.0069124423963133645,46.672811059907836
all,D+1,2025-12,nanjing_1,744.0,0.5833333333333334,0.0,0.5833333333333334,0.0,0.0,0.0,434.0,0.0,0.0,0.0,0.041474654377880185,49.05299539170507
all,D+1,2025-12,nanjing_2,744.0,0.5779569892473119,0.0,0.5779569892473119,0.0,0.0,0.0,430.0,0.0,0.0,0.0,0.03953488372093023,47.895348837209305
all,D+1,2025-12,nantong_1,744.0,0.5658602150537635,0.0,0.5658602150537635,0.0,0.0,0.0,421.0,0.0,0.0,0.0,0.028503562945368172,46.47030878859857
all,D+1,2025-12,nantong_2,744.0,0.5604838709677419,0.0,0.5604838709677419,0.0,0.0,0.0,417.0,0.0,0.0,0.0,0.03357314148681055,47.73860911270983
all,D+1,2025-12,suqian_1,744.0,0.5833333333333334,0.0,0.5833333333333334,0.0,0.0,0.0,434.0,0.0,0.0,0.0,0.009216589861751152,46.21889400921659
all,D+1,2025-12,suzhou_1,744.0,0.5645161290322581,0.0,0.5645161290322581,0.0,0.0,0.0,420.0,0.0,0.0,0.0,0.03571428571428571,43.583333333333336
all,D+1,2025-12,taizhou_1,744.0,0.5779569892473119,0.0,0.5779569892473119,0.0,0.0,0.0,430.0,0.0,0.0,0.0,0.018604651162790697,52.99302325581395
all,D+1,2025-12,taizhou_2,744.0,0.5725806451612904,0.0,0.5725806451612904,0.0,0.0,0.0,426.0,0.0,0.0,0.0,0.02112676056338028,53.64319248826291
all,D+1,2025-12,wuxi_1,744.0,0.5698924731182796,0.0,0.5698924731182796,0.0,0.0,0.0,424.0,0.0,0.0,0.0,0.03537735849056604,43.285377358490564
all,D+1,2025-12,xuzhou_1,744.0,0.5833333333333334,0.0,0.5833333333333334,0.0,0.0,0.0,434.0,0.0,0.0,0.0,0.027649769585253458,41.61981566820276
all,D+1,2025-12,xuzhou_2,744.0,0.5833333333333334,0.0,0.5833333333333334,0.0,0.0,0.0,434.0,0.0,0.0,0.0,0.018433179723502304,41.99078341013825
all,D+1,2025-12,yancheng_1,744.0,0.5833333333333334,0.0,0.5833333333333334,0.0,0.0,0.0,434.0,0.0,0.0,0.0,0.016129032258064516,50.59907834101382
all,D+1,2025-12,yancheng_2,744.0,0.5739247311827957,0.0,0.5739247311827957,0.0,0.0,0.0,427.0,0.0,0.0,0.0,0.01873536299765808,54.07494145199063
all,D+1,2025-12,yancheng_3,744.0,0.5793010752688172,0.0,0.5793010752688172,0.0,0.0,0.0,431.0,0.0,0.0,0.0,0.016241299303944315,53.17169373549884
all,D+1,2026-01,changzhou_1,744.0,0.5510752688172043,0.0,0.5510752688172043,0.0,0.0,0.0,410.0,0.0,0.0,0.0,0.02195121951219512,41.74390243902439
all,D+1,2026-01,huai_an_1,744.0,0.553763440860215,0.0,0.553763440860215,0.0,0.0,0.0,412.0,0.0,0.0,0.0,0.021844660194174758,50.62135922330097
all,D+1,2026-01,huai_an_2,744.0,0.5564516129032258,0.0,0.5564516129032258,0.0,0.0,0.0,414.0,0.0,0.0,0.0,0.01932367149758454,46.85265700483092
all,D+1,2026-01,huai_an_3,744.0,0.5470430107526881,0.0,0.5470430107526881,0.0,0.0,0.0,407.0,0.0,0.0,0.0,0.009828009828009828,53.680589680589684
all,D+1,2026-01,lianyungang_1,744.0,0.553763440860215,0.0,0.553763440860215,0.0,0.0,0.0,412.0,0.0,0.0,0.0,0.019417475728155338,47.00485436893204
all,D+1,2026-01,lianyungang_2,744.0,0.5604838709677419,0.0,0.5604838709677419,0.0,0.0,0.0,417.0,0.0,0.0,0.0,0.02158273381294964,47.41486810551559
all,D+1,2026-01,nanjing_1,744.0,0.543010752688172,0.0,0.543010752688172,0.0,0.0,0.0,404.0,0.0,0.0,0.0,0.0024752475247524753,46.35643564356435
all,D+1,2026-01,nanjing_2,744.0,0.5456989247311828,0.0,0.5456989247311828,0.0,0.0,0.0,406.0,0.0,0.0,0.0,0.007389162561576354,41.642857142857146
all,D+1,2026-01,nantong_1,744.0,0.5604838709677419,0.0,0.5604838709677419,0.0,0.0,0.0,417.0,0.0,0.0,0.0,0.047961630695443645,40.851318944844124
all,D+1,2026-01,nantong_2,744.0,0.5645161290322581,0.0,0.5645161290322581,0.0,0.0,0.0,420.0,0.0,0.0,0.0,0.09523809523809523,45.24523809523809
all,D+1,2026-01,suqian_1,744.0,0.5497311827956989,0.0,0.5497311827956989,0.0,0.0,0.0,409.0,0.0,0.0,0.0,0.014669926650366748,48.882640586797066
all,D+1,2026-01,suzhou_1,744.0,0.5564516129032258,0.0,0.5564516129032258,0.0,0.0,0.0,414.0,0.0,0.0,0.0,0.05314009661835749,37.18115942028985
all,D+1,2026-01,taizhou_1,744.0,0.553763440860215,0.0,0.553763440860215,0.0,0.0,0.0,412.0,0.0,0.0,0.0,0.021844660194174758,49.713592233009706
all,D+1,2026-01,taizhou_2,744.0,0.5591397849462365,0.0,0.5591397849462365,0.0,0.0,0.0,416.0,0.0,0.0,0.0,0.028846153846153848,47.35817307692308
all,D+1,2026-01,wuxi_1,744.0,0.5497311827956989,0.0,0.5497311827956989,0.0,0.0,0.0,409.0,0.0,0.0,0.0,0.03178484107579462,40.53789731051345
all,D+1,2026-01,xuzhou_1,744.0,0.543010752688172,0.0,0.543010752688172,0.0,0.0,0.0,404.0,0.0,0.0,0.0,0.0024752475247524753,49.039603960396036
all,D+1,2026-01,xuzhou_2,744.0,0.5443548387096774,0.0,0.5443548387096774,0.0,0.0,0.0,405.0,0.0,0.0,0.0,0.0049382716049382715,48.498765432098764
all,D+1,2026-01,yancheng_1,744.0,0.5577956989247311,0.0,0.5577956989247311,0.0,0.0,0.0,415.0,0.0,0.0,0.0,0.01927710843373494,46.09879518072289
all,D+1,2026-01,yancheng_2,744.0,0.5631720430107527,0.0,0.5631720430107527,0.0,0.0,0.0,419.0,0.0,0.0,0.0,0.031026252983293555,49.54415274463007
all,D+1,2026-01,yancheng_3,744.0,0.5564516129032258,0.0,0.5564516129032258,0.0,0.0,0.0,414.0,0.0,0.0,0.0,0.021739130434782608,49.833333333333336
all,D+1,2026-02,changzhou_1,672.0,0.5119047619047619,0.0,0.5119047619047619,0.0,0.0,0.0,344.0,0.0,0.0,0.0,0.023255813953488372,59.4156976744186
all,D+1,2026-02,huai_an_1,672.0,0.5208333333333334,0.0,0.5208333333333334,0.0,0.0,0.0,350.0,0.0,0.0,0.0,0.02857142857142857,56.16285714285714
all,D+1,2026-02,huai_an_2,672.0,0.5208333333333334,0.0,0.5208333333333334,0.0,0.0,0.0,350.0,0.0,0.0,0.0,0.022857142857142857,56.54857142857143
all,D+1,2026-02,huai_an_3,672.0,0.5282738095238095,0.0,0.5282738095238095,0.0,0.0,0.0,355.0,0.0,0.0,0.0,0.030985915492957747,57.8112676056338
all,D+1,2026-02,lianyungang_1,672.0,0.5267857142857143,0.0,0.5267857142857143,0.0,0.0,0.0,354.0,0.0,0.0,0.0,0.01977401129943503,51.663841807909606
all,D+1,2026-02,lianyungang_2,672.0,0.5208333333333334,0.0,0.5208333333333334,0.0,0.0,0.0,350.0,0.0,0.0,0.0,0.02,54.37428571428571
all,D+1,2026-02,nanjing_1,672.0,0.5238095238095238,0.0,0.5238095238095238,0.0,0.0,0.0,352.0,0.0,0.0,0.0,0.028409090909090908,56.5625
all,D+1,2026-02,nanjing_2,672.0,0.5193452380952381,0.0,0.5193452380952381,0.0,0.0,0.0,349.0,0.0,0.0,0.0,0.03151862464183381,59.42406876790831
all,D+1,2026-02,nantong_1,672.0,0.5059523809523809,0.0,0.5059523809523809,0.0,0.0,0.0,340.0,0.0,0.0,0.0,0.011764705882352941,55.11176470588235
all,D+1,2026-02,nantong_2,672.0,0.5014880952380952,0.0,0.5014880952380952,0.0,0.0,0.0,337.0,0.0,0.0,0.0,0.002967359050445104,56.35608308605341
all,D+1,2026-02,suqian_1,672.0,0.5297619047619048,0.0,0.5297619047619048,0.0,0.0,0.0,356.0,0.0,0.0,0.0,0.025280898876404494,54.668539325842694
all,D+1,2026-02,suzhou_1,672.0,0.5059523809523809,0.0,0.5059523809523809,0.0,0.0,0.0,340.0,0.0,0.0,0.0,0.011764705882352941,56.555882352941175
all,D+1,2026-02,taizhou_1,672.0,0.5148809523809523,0.0,0.5148809523809523,0.0,0.0,0.0,346.0,0.0,0.0,0.0,0.02601156069364162,55.11849710982659
all,D+1,2026-02,taizhou_2,672.0,0.5089285714285714,0.0,0.5089285714285714,0.0,0.0,0.0,342.0,0.0,0.0,0.0,0.017543859649122806,55.3421052631579
all,D+1,2026-02,wuxi_1,672.0,0.5119047619047619,0.0,0.5119047619047619,0.0,0.0,0.0,344.0,0.0,0.0,0.0,0.023255813953488372,59.09011627906977
all,D+1,2026-02,xuzhou_1,672.0,0.5401785714285714,0.0,0.5401785714285714,0.0,0.0,0.0,363.0,0.0,0.0,0.0,0.03581267217630854,54.23691460055097
all,D+1,2026-02,xuzhou_2,672.0,0.5372023809523809,0.0,0.5372023809523809,0.0,0.0,0.0,361.0,0.0,0.0,0.0,0.030470914127423823,55.232686980609415
all,D+1,2026-02,yancheng_1,672.0,0.5178571428571429,0.0,0.5178571428571429,0.0,0.0,0.0,348.0,0.0,0.0,0.0,0.022988505747126436,55.589080459770116
all,D+1,2026-02,yancheng_2,672.0,0.5104166666666666,0.0,0.5104166666666666,0.0,0.0,0.0,343.0,0.0,0.0,0.0,0.02040816326530612,54.1399416909621
all,D+1,2026-02,yancheng_3,672.0,0.5148809523809523,0.0,0.5148809523809523,0.0,0.0,0.0,346.0,0.0,0.0,0.0,0.023121387283236993,55.94219653179191
all,D+1,2026-03,changzhou_1,744.0,0.4905913978494624,0.0,0.4905913978494624,0.0,0.0,0.0,365.0,0.0,0.0,0.0,0.052054794520547946,70.13150684931507
all,D+1,2026-03,huai_an_1,744.0,0.4838709677419355,0.0,0.4838709677419355,0.0,0.0,0.0,360.0,0.0,0.0,0.0,0.041666666666666664,74.125
all,D+1,2026-03,huai_an_2,744.0,0.4852150537634409,0.0,0.4852150537634409,0.0,0.0,0.0,361.0,0.0,0.0,0.0,0.04155124653739612,74.28808864265928
all,D+1,2026-03,huai_an_3,744.0,0.48118279569892475,0.0,0.48118279569892475,0.0,0.0,0.0,358.0,0.0,0.0,0.0,0.03910614525139665,74.50279329608938
all,D+1,2026-03,lianyungang_1,744.0,0.4771505376344086,0.0,0.4771505376344086,0.0,0.0,0.0,355.0,0.0,0.0,0.0,0.030985915492957747,76.97746478873239
all,D+1,2026-03,lianyungang_2,744.0,0.4838709677419355,0.0,0.4838709677419355,0.0,0.0,0.0,360.0,0.0,0.0,0.0,0.03888888888888889,79.13055555555556
all,D+1,2026-03,nanjing_1,744.0,0.4825268817204301,0.0,0.4825268817204301,0.0,0.0,0.0,359.0,0.0,0.0,0.0,0.04456824512534819,71.37883008356546
all,D+1,2026-03,nanjing_2,744.0,0.489247311827957,0.0,0.489247311827957,0.0,0.0,0.0,364.0,0.0,0.0,0.0,0.054945054945054944,73.21978021978022
all,D+1,2026-03,nantong_1,744.0,0.4932795698924731,0.0,0.4932795698924731,0.0,0.0,0.0,367.0,0.0,0.0,0.0,0.04632152588555858,70.46321525885558
all,D+1,2026-03,nantong_2,744.0,0.4932795698924731,0.0,0.4932795698924731,0.0,0.0,0.0,367.0,0.0,0.0,0.0,0.043596730245231606,70.60490463215258
all,D+1,2026-03,suqian_1,744.0,0.4771505376344086,0.0,0.4771505376344086,0.0,0.0,0.0,355.0,0.0,0.0,0.0,0.030985915492957747,75.74929577464789
all,D+1,2026-03,suzhou_1,744.0,0.4932795698924731,0.0,0.4932795698924731,0.0,0.0,0.0,367.0,0.0,0.0,0.0,0.04632152588555858,73.35422343324251
all,D+1,2026-03,taizhou_1,744.0,0.4879032258064516,0.0,0.4879032258064516,0.0,0.0,0.0,363.0,0.0,0.0,0.0,0.046831955922865015,76.37465564738292
all,D+1,2026-03,taizhou_2,744.0,0.4905913978494624,0.0,0.4905913978494624,0.0,0.0,0.0,365.0,0.0,0.0,0.0,0.04657534246575343,73.68493150684931
all,D+1,2026-03,wuxi_1,744.0,0.4905913978494624,0.0,0.4905913978494624,0.0,0.0,0.0,365.0,0.0,0.0,0.0,0.049315068493150684,74.55068493150685
all,D+1,2026-03,xuzhou_1,744.0,0.46774193548387094,0.0,0.46774193548387094,0.0,0.0,0.0,348.0,0.0,0.0,0.0,0.020114942528735632,73.84770114942529
all,D+1,2026-03,xuzhou_2,744.0,0.47043010752688175,0.0,0.47043010752688175,0.0,0.0,0.0,350.0,0.0,0.0,0.0,0.025714285714285714,75.52285714285715
all,D+1,2026-03,yancheng_1,744.0,0.4852150537634409,0.0,0.4852150537634409,0.0,0.0,0.0,361.0,0.0,0.0,0.0,0.04155124653739612,75.03601108033241
all,D+1,2026-03,yancheng_2,744.0,0.4905913978494624,0.0,0.4905913978494624,0.0,0.0,0.0,365.0,0.0,0.0,0.0,0.04657534246575343,72.2931506849315
all,D+1,2026-03,yancheng_3,744.0,0.4879032258064516,0.0,0.4879032258064516,0.0,0.0,0.0,363.0,0.0,0.0,0.0,0.046831955922865015,75.61157024793388
all,D+1,2026-04,changzhou_1,720.0,0.43194444444444446,0.0,0.43194444444444446,0.0,0.0,0.005555555555555556,311.0,0.012861736334405145,0.0,0.012861736334405145,0.03536977491961415,77.05466237942122
all,D+1,2026-04,huai_an_1,720.0,0.425,0.0,0.425,0.0,0.0,0.002777777777777778,306.0,0.006535947712418301,0.0,0.006535947712418301,0.0196078431372549,73.23202614379085
all,D+1,2026-04,huai_an_2,720.0,0.425,0.0,0.425,0.0,0.0,0.004166666666666667,306.0,0.00980392156862745,0.0,0.00980392156862745,0.0196078431372549,71.54248366013071
all,D+1,2026-04,huai_an_3,720.0,0.42777777777777776,0.0,0.42777777777777776,0.0,0.0,0.001388888888888889,308.0,0.003246753246753247,0.0,0.003246753246753247,0.025974025974025976,70.14285714285714
all,D+1,2026-04,lianyungang_1,720.0,0.4222222222222222,0.0,0.4222222222222222,0.0,0.0,0.0,304.0,0.0,0.0,0.0,0.013157894736842105,65.96381578947368
all,D+1,2026-04,lianyungang_2,720.0,0.41944444444444445,0.0,0.41944444444444445,0.0,0.0,0.0,302.0,0.0,0.0,0.0,0.006622516556291391,68.75165562913908
all,D+1,2026-04,nanjing_1,720.0,0.43194444444444446,0.0,0.43194444444444446,0.0,0.0,0.002777777777777778,311.0,0.006430868167202572,0.0,0.006430868167202572,0.03536977491961415,73.983922829582
all,D+1,2026-04,nanjing_2,720.0,0.43194444444444446,0.0,0.43194444444444446,0.0,0.0,0.004166666666666667,311.0,0.00964630225080386,0.0,0.00964630225080386,0.03536977491961415,75.58199356913184
all,D+1,2026-04,nantong_1,720.0,0.43194444444444446,0.0,0.43194444444444446,0.0,0.0,0.006944444444444444,311.0,0.01607717041800643,0.0,0.01607717041800643,0.03536977491961415,79.10289389067525
all,D+1,2026-04,nantong_2,720.0,0.43333333333333335,0.0,0.43333333333333335,0.0,0.0,0.005555555555555556,312.0,0.01282051282051282,0.0,0.01282051282051282,0.038461538461538464,80.78525641025641
all,D+1,2026-04,suqian_1,720.0,0.42777777777777776,0.0,0.42777777777777776,0.0,0.0,0.002777777777777778,308.0,0.006493506493506494,0.0,0.006493506493506494,0.025974025974025976,71.9090909090909
all,D+1,2026-04,suzhou_1,720.0,0.42916666666666664,0.0,0.42916666666666664,0.0,0.0,0.006944444444444444,309.0,0.016181229773462782,0.0,0.016181229773462782,0.02912621359223301,74.957928802589
all,D+1,2026-04,taizhou_1,720.0,0.4263888888888889,0.0,0.4263888888888889,0.0,0.0,0.002777777777777778,307.0,0.006514657980456026,0.0,0.006514657980456026,0.02280130293159609,74.02605863192183
all,D+1,2026-04,taizhou_2,720.0,0.4263888888888889,0.0,0.4263888888888889,0.0,0.0,0.002777777777777778,307.0,0.006514657980456026,0.0,0.006514657980456026,0.02280130293159609,76.70684039087948
all,D+1,2026-04,wuxi_1,720.0,0.425,0.0,0.425,0.0,0.0,0.001388888888888889,306.0,0.0032679738562091504,0.0,0.0032679738562091504,0.0196078431372549,73.18954248366013
all,D+1,2026-04,xuzhou_1,720.0,0.43194444444444446,0.0,0.43194444444444446,0.0,0.0,0.001388888888888889,311.0,0.003215434083601286,0.0,0.003215434083601286,0.022508038585209004,60.07073954983923
all,D+1,2026-04,xuzhou_2,720.0,0.42777777777777776,0.0,0.42777777777777776,0.0,0.0,0.0,308.0,0.0,0.0,0.0,0.01948051948051948,66.34415584415585
all,D+1,2026-04,yancheng_1,720.0,0.41944444444444445,0.0,0.41944444444444445,0.0,0.0,0.001388888888888889,302.0,0.0033112582781456954,0.0,0.0033112582781456954,0.006622516556291391,72.21523178807946
all,D+1,2026-04,yancheng_2,720.0,0.4222222222222222,0.0,0.4222222222222222,0.0,0.0,0.002777777777777778,304.0,0.006578947368421052,0.0,0.006578947368421052,0.013157894736842105,76.20723684210526
all,D+1,2026-04,yancheng_3,720.0,0.4236111111111111,0.0,0.4236111111111111,0.0,0.0,0.001388888888888889,305.0,0.003278688524590164,0.0,0.003278688524590164,0.01639344262295082,74.09508196721312
all,D+1,2026-05,changzhou_1,744.0,0.4166666666666667,0.0,0.4166666666666667,0.0,0.0,0.0,310.0,0.0,0.0,0.0,0.0,67.36451612903225
all,D+1,2026-05,huai_an_1,744.0,0.41801075268817206,0.0,0.41801075268817206,0.0,0.0,0.0,311.0,0.0,0.0,0.0,0.003215434083601286,65.27974276527331
all,D+1,2026-05,huai_an_2,744.0,0.4166666666666667,0.0,0.4166666666666667,0.0,0.0,0.0,310.0,0.0,0.0,0.0,0.025806451612903226,65.47419354838709
all,D+1,2026-05,huai_an_3,744.0,0.41801075268817206,0.0,0.41801075268817206,0.0,0.0,0.0,311.0,0.0,0.0,0.0,0.01929260450160772,64.69453376205787
all,D+1,2026-05,lianyungang_1,744.0,0.4153225806451613,0.0,0.4153225806451613,0.0,0.0,0.0,309.0,0.0,0.0,0.0,0.038834951456310676,63.90614886731392
all,D+1,2026-05,lianyungang_2,744.0,0.4166666666666667,0.0,0.4166666666666667,0.0,0.0,0.0,310.0,0.0,0.0,0.0,0.04838709677419355,64.29032258064517
all,D+1,2026-05,nanjing_1,744.0,0.41801075268817206,0.0,0.41801075268817206,0.0,0.0,0.0,311.0,0.0,0.0,0.0,0.006430868167202572,63.954983922829584
all,D+1,2026-05,nanjing_2,744.0,0.4166666666666667,0.0,0.4166666666666667,0.0,0.0,0.0,310.0,0.0,0.0,0.0,0.0,65.00967741935484
all,D+1,2026-05,nantong_1,744.0,0.41801075268817206,0.0,0.41801075268817206,0.0,0.0,0.0,311.0,0.0,0.0,0.0,0.03536977491961415,64.65273311897106
all,D+1,2026-05,nantong_2,744.0,0.4153225806451613,0.0,0.4153225806451613,0.0,0.0,0.0,309.0,0.0,0.0,0.0,0.045307443365695796,67.28802588996764
all,D+1,2026-05,suqian_1,744.0,0.4166666666666667,0.0,0.4166666666666667,0.0,0.0,0.0,310.0,0.0,0.0,0.0,0.03225806451612903,64.52580645161291
all,D+1,2026-05,suzhou_1,744.0,0.4166666666666667,0.0,0.4166666666666667,0.0,0.0,0.0,310.0,0.0,0.0,0.0,0.025806451612903226,66.09032258064516
all,D+1,2026-05,taizhou_1,744.0,0.41801075268817206,0.0,0.41801075268817206,0.0,0.0,0.0,311.0,0.0,0.0,0.0,0.00964630225080386,63.755627009646304
all,D+1,2026-05,taizhou_2,744.0,0.4166666666666667,0.0,0.4166666666666667,0.0,0.0,0.0,310.0,0.0,0.0,0.0,0.03225806451612903,64.5516129032258
all,D+1,2026-05,wuxi_1,744.0,0.4166666666666667,0.0,0.4166666666666667,0.0,0.0,0.0,310.0,0.0,0.0,0.0,0.0,69.62903225806451
all,D+1,2026-05,xuzhou_1,744.0,0.40456989247311825,0.0,0.40456989247311825,0.0,0.0,0.0,301.0,0.0,0.0,0.0,0.03986710963455149,64.421926910299
all,D+1,2026-05,xuzhou_2,744.0,0.41263440860215056,0.0,0.41263440860215056,0.0,0.0,0.0,307.0,0.0,0.0,0.0,0.04234527687296417,65.26384364820846
all,D+1,2026-05,yancheng_1,744.0,0.4166666666666667,0.0,0.4166666666666667,0.0,0.0,0.0,310.0,0.0,0.0,0.0,0.02903225806451613,62.65483870967742
all,D+1,2026-05,yancheng_2,744.0,0.4166666666666667,0.0,0.4166666666666667,0.0,0.0,0.0,310.0,0.0,0.0,0.0,0.035483870967741936,65.19032258064516
all,D+1,2026-05,yancheng_3,744.0,0.41801075268817206,0.0,0.41801075268817206,0.0,0.0,0.0,311.0,0.0,0.0,0.0,0.01607717041800643,65.36977491961414
all,D+1,2026-06,changzhou_1,720.0,0.4166666666666667,0.0,0.4166666666666667,0.0,0.0,0.0,300.0,0.0,0.0,0.0,0.06333333333333334,77.53
all,D+1,2026-06,huai_an_1,720.0,0.4,0.0,0.4,0.0,0.0,0.0,288.0,0.0,0.0,0.0,0.13541666666666666,76.20833333333333
all,D+1,2026-06,huai_an_2,720.0,0.39444444444444443,0.0,0.39444444444444443,0.0,0.0,0.0,284.0,0.0,0.0,0.0,0.14788732394366197,73.91197183098592
all,D+1,2026-06,huai_an_3,720.0,0.39444444444444443,0.0,0.39444444444444443,0.0,0.0,0.0,284.0,0.0,0.0,0.0,0.04929577464788732,73.63028169014085
all,D+1,2026-06,lianyungang_1,720.0,0.38055555555555554,0.0,0.38055555555555554,0.0,0.0,0.0,274.0,0.0,0.0,0.0,0.10583941605839416,66.98540145985402
all,D+1,2026-06,lianyungang_2,720.0,0.3875,0.0,0.3875,0.0,0.0,0.0,279.0,0.0,0.0,0.0,0.13978494623655913,71.98924731182795
all,D+1,2026-06,nanjing_1,720.0,0.40555555555555556,0.0,0.40555555555555556,0.0,0.0,0.0,292.0,0.0,0.0,0.0,0.07534246575342465,71.95547945205479
all,D+1,2026-06,nanjing_2,720.0,0.41388888888888886,0.0,0.41388888888888886,0.0,0.0,0.0,298.0,0.0,0.0,0.0,0.08053691275167785,75.4261744966443
all,D+1,2026-06,nantong_1,720.0,0.4166666666666667,0.0,0.4166666666666667,0.0,0.0,0.0,300.0,0.0,0.0,0.0,0.11,76.9
all,D+1,2026-06,nantong_2,720.0,0.4013888888888889,0.0,0.4013888888888889,0.0,0.0,0.0,289.0,0.0,0.0,0.0,0.0657439446366782,79.55709342560553
all,D+1,2026-06,suqian_1,720.0,0.3819444444444444,0.0,0.3819444444444444,0.0,0.0,0.0,275.0,0.0,0.0,0.0,0.01818181818181818,70.49454545454546
all,D+1,2026-06,suzhou_1,720.0,0.4166666666666667,0.0,0.4166666666666667,0.0,0.0,0.0,300.0,0.0,0.0,0.0,0.09666666666666666,76.48
all,D+1,2026-06,taizhou_1,720.0,0.4097222222222222,0.0,0.4097222222222222,0.0,0.0,0.0,295.0,0.0,0.0,0.0,0.14915254237288136,81.55932203389831
all,D+1,2026-06,taizhou_2,720.0,0.4166666666666667,0.0,0.4166666666666667,0.0,0.0,0.0,300.0,0.0,0.0,0.0,0.16333333333333333,80.11333333333333
all,D+1,2026-06,wuxi_1,720.0,0.4166666666666667,0.0,0.4166666666666667,0.0,0.0,0.0,300.0,0.0,0.0,0.0,0.03666666666666667,76.60333333333334
all,D+1,2026-06,xuzhou_1,720.0,0.3763888888888889,0.0,0.3763888888888889,0.0,0.0,0.0,271.0,0.0,0.0,0.0,0.0036900369003690036,76.88560885608857
all,D+1,2026-06,xuzhou_2,720.0,0.37777777777777777,0.0,0.37777777777777777,0.0,0.0,0.0,272.0,0.0,0.0,0.0,0.007352941176470588,70.09926470588235
all,D+1,2026-06,yancheng_1,720.0,0.39861111111111114,0.0,0.39861111111111114,0.0,0.0,0.0,287.0,0.0,0.0,0.0,0.16376306620209058,72.09059233449477
all,D+1,2026-06,yancheng_2,720.0,0.4166666666666667,0.0,0.4166666666666667,0.0,0.0,0.0,300.0,0.0,0.0,0.0,0.17,80.50333333333333
all,D+1,2026-06,yancheng_3,720.0,0.40694444444444444,0.0,0.40694444444444444,0.0,0.0,0.0,293.0,0.0,0.0,0.0,0.16040955631399317,80.02389078498294
all,D+1,2026-07,changzhou_1,744.0,0.4166666666666667,0.0,0.4166666666666667,0.0,0.0,0.0,310.0,0.0,0.0,0.0,0.05806451612903226,82.29677419354839
all,D+1,2026-07,huai_an_1,744.0,0.4032258064516129,0.0,0.4032258064516129,0.0,0.0,0.0,300.0,0.0,0.0,0.0,0.056666666666666664,80.92
all,D+1,2026-07,huai_an_2,744.0,0.4032258064516129,0.0,0.4032258064516129,0.0,0.0,0.0,300.0,0.0,0.0,0.0,0.06333333333333334,75.32
all,D+1,2026-07,huai_an_3,744.0,0.396505376344086,0.0,0.396505376344086,0.0,0.0,0.0,295.0,0.0,0.0,0.0,0.05423728813559322,79.36949152542373
all,D+1,2026-07,lianyungang_1,744.0,0.3870967741935484,0.0,0.3870967741935484,0.0,0.0,0.0,288.0,0.0,0.0,0.0,0.03125,71.19791666666667
all,D+1,2026-07,lianyungang_2,744.0,0.39381720430107525,0.0,0.39381720430107525,0.0,0.0,0.0,293.0,0.0,0.0,0.0,0.05802047781569966,73.03071672354949
all,D+1,2026-07,nanjing_1,744.0,0.40591397849462363,0.0,0.40591397849462363,0.0,0.0,0.0,302.0,0.0,0.0,0.0,0.06622516556291391,82.6456953642384
all,D+1,2026-07,nanjing_2,744.0,0.4153225806451613,0.0,0.4153225806451613,0.0,0.0,0.0,309.0,0.0,0.0,0.0,0.0744336569579288,80.36893203883496
all,D+1,2026-07,nantong_1,744.0,0.4166666666666667,0.0,0.4166666666666667,0.0,0.0,0.0,310.0,0.0,0.0,0.0,0.012903225806451613,80.50645161290322
all,D+1,2026-07,nantong_2,744.0,0.4166666666666667,0.0,0.4166666666666667,0.0,0.0,0.0,310.0,0.0,0.0,0.0,0.025806451612903226,78.00322580645161
all,D+1,2026-07,suqian_1,744.0,0.385752688172043,0.0,0.385752688172043,0.0,0.0,0.0,287.0,0.0,0.0,0.0,0.027874564459930314,77.2404181184669
all,D+1,2026-07,suzhou_1,744.0,0.4166666666666667,0.0,0.4166666666666667,0.0,0.0,0.0,310.0,0.0,0.0,0.0,0.0,81.11612903225806
all,D+1,2026-07,taizhou_1,744.0,0.4153225806451613,0.0,0.4153225806451613,0.0,0.0,0.0,309.0,0.0,0.0,0.0,0.07119741100323625,81.26860841423948
all,D+1,2026-07,taizhou_2,744.0,0.4166666666666667,0.0,0.4166666666666667,0.0,0.0,0.0,310.0,0.0,0.0,0.0,0.06129032258064516,80.22903225806452
all,D+1,2026-07,wuxi_1,744.0,0.4166666666666667,0.0,0.4166666666666667,0.0,0.0,0.0,310.0,0.0,0.0,0.0,0.03225806451612903,82.67096774193548
all,D+1,2026-07,xuzhou_1,744.0,0.37768817204301075,0.0,0.37768817204301075,0.0,0.0,0.0,281.0,0.0,0.0,0.0,0.0071174377224199285,67.20640569395017
all,D+1,2026-07,xuzhou_2,744.0,0.3817204301075269,0.0,0.3817204301075269,0.0,0.0,0.0,284.0,0.0,0.0,0.0,0.017605633802816902,68.95422535211267
all,D+1,2026-07,yancheng_1,744.0,0.40456989247311825,0.0,0.40456989247311825,0.0,0.0,0.0,301.0,0.0,0.0,0.0,0.0664451827242525,76.05980066445183
all,D+1,2026-07,yancheng_2,744.0,0.4166666666666667,0.0,0.4166666666666667,0.0,0.0,0.0,310.0,0.0,0.0,0.0,0.07419354838709677,79.53548387096774
all,D+1,2026-07,yancheng_3,744.0,0.40860215053763443,0.0,0.40860215053763443,0.0,0.0,0.0,304.0,0.0,0.0,0.0,0.05921052631578947,79.75
all,D+1,2026-08,changzhou_1,744.0,0.4206989247311828,0.0,0.4206989247311828,0.0,0.0,0.0,313.0,0.0,0.0,0.0,0.009584664536741214,56.073482428115014
all,D+1,2026-08,huai_an_1,744.0,0.42338709677419356,0.0,0.42338709677419356,0.0,0.0,0.0,315.0,0.0,0.0,0.0,0.015873015873015872,60.612698412698414
all,D+1,2026-08,huai_an_2,744.0,0.41801075268817206,0.0,0.41801075268817206,0.0,0.0,0.0,311.0,0.0,0.0,0.0,0.003215434083601286,55.652733118971064
all,D+1,2026-08,huai_an_3,744.0,0.4206989247311828,0.0,0.4206989247311828,0.0,0.0,0.0,313.0,0.0,0.0,0.0,0.009584664536741214,55.6038338658147
all,D+1,2026-08,lianyungang_1,744.0,0.41935483870967744,0.0,0.41935483870967744,0.0,0.0,0.0,312.0,0.0,0.0,0.0,0.016025641025641024,46.541666666666664
all,D+1,2026-08,lianyungang_2,744.0,0.4166666666666667,0.0,0.4166666666666667,0.0,0.0,0.0,310.0,0.0,0.0,0.0,0.0,51.038709677419355
all,D+1,2026-08,nanjing_1,744.0,0.4260752688172043,0.0,0.4260752688172043,0.0,0.0,0.0,317.0,0.0,0.0,0.0,0.022082018927444796,56.29652996845426
all,D+1,2026-08,nanjing_2,744.0,0.42338709677419356,0.0,0.42338709677419356,0.0,0.0,0.0,315.0,0.0,0.0,0.0,0.015873015873015872,54.28888888888889
all,D+1,2026-08,nantong_1,744.0,0.41801075268817206,0.0,0.41801075268817206,0.0,0.0,0.0,311.0,0.0,0.0,0.0,0.003215434083601286,57.32154340836013
all,D+1,2026-08,nantong_2,744.0,0.41801075268817206,0.0,0.41801075268817206,0.0,0.0,0.0,311.0,0.0,0.0,0.0,0.003215434083601286,56.27974276527331
all,D+1,2026-08,suqian_1,744.0,0.41935483870967744,0.0,0.41935483870967744,0.0,0.0,0.0,312.0,0.0,0.0,0.0,0.016025641025641024,52.11538461538461
all,D+1,2026-08,suzhou_1,744.0,0.41801075268817206,0.0,0.41801075268817206,0.0,0.0,0.0,311.0,0.0,0.0,0.0,0.003215434083601286,58.97427652733119
all,D+1,2026-08,taizhou_1,744.0,0.41935483870967744,0.0,0.41935483870967744,0.0,0.0,0.0,312.0,0.0,0.0,0.0,0.00641025641025641,59.958333333333336
all,D+1,2026-08,taizhou_2,744.0,0.41935483870967744,0.0,0.41935483870967744,0.0,0.0,0.0,312.0,0.0,0.0,0.0,0.00641025641025641,55.93589743589744
all,D+1,2026-08,wuxi_1,744.0,0.41801075268817206,0.0,0.41801075268817206,0.0,0.0,0.0,311.0,0.0,0.0,0.0,0.003215434083601286,54.61736334405145
all,D+1,2026-08,xuzhou_1,744.0,0.41397849462365593,0.0,0.41397849462365593,0.0,0.0,0.0,308.0,0.0,0.0,0.0,0.02922077922077922,45.383116883116884
all,D+1,2026-08,xuzhou_2,744.0,0.4206989247311828,0.0,0.4206989247311828,0.0,0.0,0.0,313.0,0.0,0.0,0.0,0.03194888178913738,52.105431309904155
all,D+1,2026-08,yancheng_1,744.0,0.41935483870967744,0.0,0.41935483870967744,0.0,0.0,0.0,312.0,0.0,0.0,0.0,0.00641025641025641,57.455128205128204
all,D+1,2026-08,yancheng_2,744.0,0.41935483870967744,0.0,0.41935483870967744,0.0,0.0,0.0,312.0,0.0,0.0,0.0,0.00641025641025641,54.26923076923077
all,D+1,2026-08,yancheng_3,744.0,0.4166666666666667,0.0,0.4166666666666667,0.0,0.0,0.0,310.0,0.0,0.0,0.0,0.0,60.23548387096774
all,D+2,2024-02,changzhou_1,696.0,0.521551724137931,0.0,0.521551724137931,0.0,0.0,0.0,363.0,0.0,0.0,0.0,0.04132231404958678,81.14876033057851
all,D+2,2024-02,huai_an_1,696.0,0.5258620689655172,0.0,0.5258620689655172,0.0,0.0,0.0,366.0,0.0,0.0,0.0,0.03551912568306011,78.51912568306011
all,D+2,2024-02,huai_an_2,696.0,0.5244252873563219,0.0,0.5244252873563219,0.0,0.0,0.0,365.0,0.0,0.0,0.0,0.030136986301369864,74.66849315068494
all,D+2,2024-02,huai_an_3,696.0,0.5301724137931034,0.0,0.5301724137931034,0.0,0.0,0.0,369.0,0.0,0.0,0.0,0.03523035230352303,78.7479674796748
all,D+2,2024-02,lianyungang_1,696.0,0.5287356321839081,0.0,0.5287356321839081,0.0,0.0,0.0,368.0,0.0,0.0,0.0,0.024456521739130436,68.33967391304348
all,D+2,2024-02,lianyungang_2,696.0,0.5258620689655172,0.0,0.5258620689655172,0.0,0.0,0.0,366.0,0.0,0.0,0.0,0.0273224043715847,71.72950819672131
all,D+2,2024-02,nanjing_1,696.0,0.5316091954022989,0.0,0.5316091954022989,0.0,0.0,0.0,370.0,0.0,0.0,0.0,0.043243243243243246,79.3027027027027
all,D+2,2024-02,nanjing_2,696.0,0.5258620689655172,0.0,0.5258620689655172,0.0,0.0,0.0,366.0,0.0,0.0,0.0,0.040983606557377046,80.4153005464481
all,D+2,2024-02,nantong_1,696.0,0.5086206896551724,0.0,0.5086206896551724,0.0,0.0,0.0,354.0,0.0,0.0,0.0,0.01694915254237288,80.35310734463278
all,D+2,2024-02,nantong_2,696.0,0.5086206896551724,0.0,0.5086206896551724,0.0,0.0,0.0,354.0,0.0,0.0,0.0,0.01694915254237288,80.36440677966101
all,D+2,2024-02,suqian_1,696.0,0.5316091954022989,0.0,0.5316091954022989,0.0,0.0,0.0,370.0,0.0,0.0,0.0,0.02972972972972973,74.55945945945946
all,D+2,2024-02,suzhou_1,696.0,0.5129310344827587,0.0,0.5129310344827587,0.0,0.0,0.0,357.0,0.0,0.0,0.0,0.025210084033613446,80.27170868347339
all,D+2,2024-02,taizhou_1,696.0,0.521551724137931,0.0,0.521551724137931,0.0,0.0,0.0,363.0,0.0,0.0,0.0,0.03581267217630854,79.11570247933884
all,D+2,2024-02,taizhou_2,696.0,0.5158045977011494,0.0,0.5158045977011494,0.0,0.0,0.0,359.0,0.0,0.0,0.0,0.03064066852367688,79.54596100278552
all,D+2,2024-02,wuxi_1,696.0,0.5100574712643678,0.0,0.5100574712643678,0.0,0.0,0.0,355.0,0.0,0.0,0.0,0.01971830985915493,81.48732394366198
all,D+2,2024-02,xuzhou_1,696.0,0.5344827586206896,0.0,0.5344827586206896,0.0,0.0,0.0,372.0,0.0,0.0,0.0,0.026881720430107527,70.99731182795699
all,D+2,2024-02,xuzhou_2,696.0,0.5301724137931034,0.0,0.5301724137931034,0.0,0.0,0.0,369.0,0.0,0.0,0.0,0.018970189701897018,72.96205962059621
all,D+2,2024-02,yancheng_1,696.0,0.521551724137931,0.0,0.521551724137931,0.0,0.0,0.0,363.0,0.0,0.0,0.0,0.027548209366391185,75.75206611570248
all,D+2,2024-02,yancheng_2,696.0,0.5158045977011494,0.0,0.5158045977011494,0.0,0.0,0.0,359.0,0.0,0.0,0.0,0.03064066852367688,80.18105849582173
all,D+2,2024-02,yancheng_3,696.0,0.5244252873563219,0.0,0.5244252873563219,0.0,0.0,0.0,365.0,0.0,0.0,0.0,0.038356164383561646,79.15890410958905
all,D+2,2024-03,changzhou_1,744.0,0.4852150537634409,0.0,0.4852150537634409,0.0,0.0,0.0,361.0,0.0,0.0,0.0,0.0443213296398892,65.91412742382272
all,D+2,2024-03,huai_an_1,744.0,0.4879032258064516,0.0,0.4879032258064516,0.0,0.0,0.0,363.0,0.0,0.0,0.0,0.049586776859504134,68.42699724517907
all,D+2,2024-03,huai_an_2,744.0,0.4879032258064516,0.0,0.4879032258064516,0.0,0.0,0.0,363.0,0.0,0.0,0.0,0.049586776859504134,67.4931129476584
all,D+2,2024-03,huai_an_3,744.0,0.4798387096774194,0.0,0.4798387096774194,0.0,0.0,0.0,357.0,0.0,0.0,0.0,0.0392156862745098,69.24369747899159
all,D+2,2024-03,lianyungang_1,744.0,0.48118279569892475,0.0,0.48118279569892475,0.0,0.0,0.0,358.0,0.0,0.0,0.0,0.03910614525139665,61.324022346368714
all,D+2,2024-03,lianyungang_2,744.0,0.4852150537634409,0.0,0.4852150537634409,0.0,0.0,0.0,361.0,0.0,0.0,0.0,0.0443213296398892,64.5180055401662
all,D+2,2024-03,nanjing_1,744.0,0.4825268817204301,0.0,0.4825268817204301,0.0,0.0,0.0,359.0,0.0,0.0,0.0,0.04456824512534819,70.28133704735376
all,D+2,2024-03,nanjing_2,744.0,0.4838709677419355,0.0,0.4838709677419355,0.0,0.0,0.0,360.0,0.0,0.0,0.0,0.04722222222222222,68.09722222222223
all,D+2,2024-03,nantong_1,744.0,0.489247311827957,0.0,0.489247311827957,0.0,0.0,0.0,364.0,0.0,0.0,0.0,0.04395604395604396,64.75549450549451
all,D+2,2024-03,nantong_2,744.0,0.489247311827957,0.0,0.489247311827957,0.0,0.0,0.0,364.0,0.0,0.0,0.0,0.038461538461538464,65.49450549450549
all,D+2,2024-03,suqian_1,744.0,0.47580645161290325,0.0,0.47580645161290325,0.0,0.0,0.0,354.0,0.0,0.0,0.0,0.03389830508474576,68.79943502824858
all,D+2,2024-03,suzhou_1,744.0,0.4879032258064516,0.0,0.4879032258064516,0.0,0.0,0.0,363.0,0.0,0.0,0.0,0.04132231404958678,65.14049586776859
all,D+2,2024-03,taizhou_1,744.0,0.489247311827957,0.0,0.489247311827957,0.0,0.0,0.0,364.0,0.0,0.0,0.0,0.0521978021978022,68.97252747252747
all,D+2,2024-03,taizhou_2,744.0,0.49193548387096775,0.0,0.49193548387096775,0.0,0.0,0.0,366.0,0.0,0.0,0.0,0.05191256830601093,66.38524590163935
all,D+2,2024-03,wuxi_1,744.0,0.4879032258064516,0.0,0.4879032258064516,0.0,0.0,0.0,363.0,0.0,0.0,0.0,0.046831955922865015,69.4297520661157
all,D+2,2024-03,xuzhou_1,744.0,0.46908602150537637,0.0,0.46908602150537637,0.0,0.0,0.0,349.0,0.0,0.0,0.0,0.022922636103151862,63.21489971346705
all,D+2,2024-03,xuzhou_2,744.0,0.47446236559139787,0.0,0.47446236559139787,0.0,0.0,0.0,353.0,0.0,0.0,0.0,0.0339943342776204,66.34560906515581
all,D+2,2024-03,yancheng_1,744.0,0.4879032258064516,0.0,0.4879032258064516,0.0,0.0,0.0,363.0,0.0,0.0,0.0,0.046831955922865015,66.3801652892562
all,D+2,2024-03,yancheng_2,744.0,0.4905913978494624,0.0,0.4905913978494624,0.0,0.0,0.0,365.0,0.0,0.0,0.0,0.049315068493150684,65.16712328767123
all,D+2,2024-03,yancheng_3,744.0,0.4879032258064516,0.0,0.4879032258064516,0.0,0.0,0.0,363.0,0.0,0.0,0.0,0.046831955922865015,68.63911845730027
all,D+2,2024-04,changzhou_1,720.0,0.425,0.0,0.425,0.0,0.0,0.0,306.0,0.0,0.0,0.0,0.0196078431372549,91.12091503267973
all,D+2,2024-04,huai_an_1,720.0,0.4222222222222222,0.0,0.4222222222222222,0.0,0.0,0.0,304.0,0.0,0.0,0.0,0.013157894736842105,85.40789473684211
all,D+2,2024-04,huai_an_2,720.0,0.42083333333333334,0.0,0.42083333333333334,0.0,0.0,0.0,303.0,0.0,0.0,0.0,0.009900990099009901,77.87128712871286
all,D+2,2024-04,huai_an_3,720.0,0.4222222222222222,0.0,0.4222222222222222,0.0,0.0,0.0,304.0,0.0,0.0,0.0,0.013157894736842105,83.84539473684211
all,D+2,2024-04,lianyungang_1,720.0,0.4222222222222222,0.0,0.4222222222222222,0.0,0.0,0.0,304.0,0.0,0.0,0.0,0.013157894736842105,72.35197368421052
all,D+2,2024-04,lianyungang_2,720.0,0.41944444444444445,0.0,0.41944444444444445,0.0,0.0,0.0,302.0,0.0,0.0,0.0,0.006622516556291391,73.70860927152317
all,D+2,2024-04,nanjing_1,720.0,0.4305555555555556,0.0,0.4305555555555556,0.0,0.0,0.0,310.0,0.0,0.0,0.0,0.03225806451612903,86.28064516129032
all,D+2,2024-04,nanjing_2,720.0,0.43333333333333335,0.0,0.43333333333333335,0.0,0.0,0.0,312.0,0.0,0.0,0.0,0.038461538461538464,88.61858974358974
all,D+2,2024-04,nantong_1,720.0,0.425,0.0,0.425,0.0,0.0,0.0,306.0,0.0,0.0,0.0,0.0196078431372549,91.4281045751634
all,D+2,2024-04,nantong_2,720.0,0.42083333333333334,0.0,0.42083333333333334,0.0,0.0,0.0,303.0,0.0,0.0,0.0,0.009900990099009901,93.18151815181518
all,D+2,2024-04,suqian_1,720.0,0.4236111111111111,0.0,0.4236111111111111,0.0,0.0,0.0,305.0,0.0,0.0,0.0,0.01639344262295082,79.13770491803278
all,D+2,2024-04,suzhou_1,720.0,0.4305555555555556,0.0,0.4305555555555556,0.0,0.0,0.0,310.0,0.0,0.0,0.0,0.03225806451612903,92.39677419354838
all,D+2,2024-04,taizhou_1,720.0,0.42083333333333334,0.0,0.42083333333333334,0.0,0.0,0.0,303.0,0.0,0.0,0.0,0.009900990099009901,87.99009900990099
all,D+2,2024-04,taizhou_2,720.0,0.42083333333333334,0.0,0.42083333333333334,0.0,0.0,0.0,303.0,0.0,0.0,0.0,0.009900990099009901,90.53465346534654
all,D+2,2024-04,wuxi_1,720.0,0.4263888888888889,0.0,0.4263888888888889,0.0,0.0,0.0,307.0,0.0,0.0,0.0,0.02280130293159609,94.83387622149837
all,D+2,2024-04,xuzhou_1,720.0,0.42916666666666664,0.0,0.42916666666666664,0.0,0.0,0.0,309.0,0.0,0.0,0.0,0.016181229773462782,71.24595469255664
all,D+2,2024-04,xuzhou_2,720.0,0.425,0.0,0.425,0.0,0.0,0.0,306.0,0.0,0.0,0.0,0.013071895424836602,73.07843137254902
all,D+2,2024-04,yancheng_1,720.0,0.42083333333333334,0.0,0.42083333333333334,0.0,0.0,0.0,303.0,0.0,0.0,0.0,0.009900990099009901,79.18481848184818
all,D+2,2024-04,yancheng_2,720.0,0.4236111111111111,0.0,0.4236111111111111,0.0,0.0,0.0,305.0,0.0,0.0,0.0,0.01639344262295082,88.38360655737705
all,D+2,2024-04,yancheng_3,720.0,0.4222222222222222,0.0,0.4222222222222222,0.0,0.0,0.0,304.0,0.0,0.0,0.0,0.013157894736842105,87.50986842105263
all,D+2,2024-05,changzhou_1,744.0,0.4166666666666667,0.0,0.4166666666666667,0.0,0.0,0.0,310.0,0.0,0.0,0.0,0.0,62.91612903225806
all,D+2,2024-05,huai_an_1,744.0,0.4166666666666667,0.0,0.4166666666666667,0.0,0.0,0.0,310.0,0.0,0.0,0.0,0.0032258064516129032,51.329032258064515
all,D+2,2024-05,huai_an_2,744.0,0.4166666666666667,0.0,0.4166666666666667,0.0,0.0,0.0,310.0,0.0,0.0,0.0,0.03225806451612903,47.66129032258065
all,D+2,2024-05,huai_an_3,744.0,0.4166666666666667,0.0,0.4166666666666667,0.0,0.0,0.0,310.0,0.0,0.0,0.0,0.01935483870967742,51.58387096774194
all,D+2,2024-05,lianyungang_1,744.0,0.4153225806451613,0.0,0.4153225806451613,0.0,0.0,0.0,309.0,0.0,0.0,0.0,0.042071197411003236,55.35598705501618
all,D+2,2024-05,lianyungang_2,744.0,0.4166666666666667,0.0,0.4166666666666667,0.0,0.0,0.0,310.0,0.0,0.0,0.0,0.054838709677419356,52.480645161290326
all,D+2,2024-05,nanjing_1,744.0,0.4206989247311828,0.0,0.4206989247311828,0.0,0.0,0.0,313.0,0.0,0.0,0.0,0.01597444089456869,60.78594249201278
all,D+2,2024-05,nanjing_2,744.0,0.4166666666666667,0.0,0.4166666666666667,0.0,0.0,0.0,310.0,0.0,0.0,0.0,0.0,62.5
all,D+2,2024-05,nantong_1,744.0,0.4166666666666667,0.0,0.4166666666666667,0.0,0.0,0.0,310.0,0.0,0.0,0.0,0.03225806451612903,61.116129032258065
all,D+2,2024-05,nantong_2,744.0,0.4153225806451613,0.0,0.4153225806451613,0.0,0.0,0.0,309.0,0.0,0.0,0.0,0.04854368932038835,60.359223300970875
all,D+2,2024-05,suqian_1,744.0,0.4153225806451613,0.0,0.4153225806451613,0.0,0.0,0.0,309.0,0.0,0.0,0.0,0.032362459546925564,51.41747572815534
all,D+2,2024-05,suzhou_1,744.0,0.41801075268817206,0.0,0.41801075268817206,0.0,0.0,0.0,311.0,0.0,0.0,0.0,0.028938906752411574,62.68810289389067
all,D+2,2024-05,taizhou_1,744.0,0.4166666666666667,0.0,0.4166666666666667,0.0,0.0,0.0,310.0,0.0,0.0,0.0,0.0064516129032258064,52.60322580645161
all,D+2,2024-05,taizhou_2,744.0,0.41801075268817206,0.0,0.41801075268817206,0.0,0.0,0.0,311.0,0.0,0.0,0.0,0.03536977491961415,54.035369774919616
all,D+2,2024-05,wuxi_1,744.0,0.41801075268817206,0.0,0.41801075268817206,0.0,0.0,0.0,311.0,0.0,0.0,0.0,0.003215434083601286,63.633440514469456
all,D+2,2024-05,xuzhou_1,744.0,0.39919354838709675,0.0,0.39919354838709675,0.0,0.0,0.0,297.0,0.0,0.0,0.0,0.030303030303030304,53.14141414141414
all,D+2,2024-05,xuzhou_2,744.0,0.4099462365591398,0.0,0.4099462365591398,0.0,0.0,0.0,305.0,0.0,0.0,0.0,0.036065573770491806,53.3672131147541
all,D+2,2024-05,yancheng_1,744.0,0.4166666666666667,0.0,0.4166666666666667,0.0,0.0,0.0,310.0,0.0,0.0,0.0,0.035483870967741936,47.42580645161291
all,D+2,2024-05,yancheng_2,744.0,0.4166666666666667,0.0,0.4166666666666667,0.0,0.0,0.0,310.0,0.0,0.0,0.0,0.03870967741935484,50.25483870967742
all,D+2,2024-05,yancheng_3,744.0,0.41801075268817206,0.0,0.41801075268817206,0.0,0.0,0.0,311.0,0.0,0.0,0.0,0.01929260450160772,51.79742765273312
all,D+2,2024-06,changzhou_1,720.0,0.4166666666666667,0.0,0.4166666666666667,0.0,0.0,0.0,300.0,0.0,0.0,0.0,0.06666666666666667,88.98666666666666
all,D+2,2024-06,huai_an_1,720.0,0.39861111111111114,0.0,0.39861111111111114,0.0,0.0,0.0,287.0,0.0,0.0,0.0,0.13240418118466898,82.20905923344948
all,D+2,2024-06,huai_an_2,720.0,0.3902777777777778,0.0,0.3902777777777778,0.0,0.0,0.0,281.0,0.0,0.0,0.0,0.1387900355871886,76.9644128113879
all,D+2,2024-06,huai_an_3,720.0,0.3861111111111111,0.0,0.3861111111111111,0.0,0.0,0.0,278.0,0.0,0.0,0.0,0.02877697841726619,81.45323741007195
all,D+2,2024-06,lianyungang_1,720.0,0.37916666666666665,0.0,0.37916666666666665,0.0,0.0,0.0,273.0,0.0,0.0,0.0,0.10256410256410256,73.34065934065934
all,D+2,2024-06,lianyungang_2,720.0,0.3888888888888889,0.0,0.3888888888888889,0.0,0.0,0.0,280.0,0.0,0.0,0.0,0.14285714285714285,76.23928571428571
all,D+2,2024-06,nanjing_1,720.0,0.40694444444444444,0.0,0.40694444444444444,0.0,0.0,0.0,293.0,0.0,0.0,0.0,0.07849829351535836,86.36860068259385
all,D+2,2024-06,nanjing_2,720.0,0.41805555555555557,0.0,0.41805555555555557,0.0,0.0,0.0,301.0,0.0,0.0,0.0,0.08970099667774087,85.45182724252491
all,D+2,2024-06,nantong_1,720.0,0.41805555555555557,0.0,0.41805555555555557,0.0,0.0,0.0,301.0,0.0,0.0,0.0,0.11295681063122924,86.93023255813954
all,D+2,2024-06,nantong_2,720.0,0.4,0.0,0.4,0.0,0.0,0.0,288.0,0.0,0.0,0.0,0.0625,87.60069444444444
all,D+2,2024-06,suqian_1,720.0,0.38055555555555554,0.0,0.38055555555555554,0.0,0.0,0.0,274.0,0.0,0.0,0.0,0.014598540145985401,74.21167883211679
all,D+2,2024-06,suzhou_1,720.0,0.4166666666666667,0.0,0.4166666666666667,0.0,0.0,0.0,300.0,0.0,0.0,0.0,0.09666666666666666,86.29666666666667
all,D+2,2024-06,taizhou_1,720.0,0.41388888888888886,0.0,0.41388888888888886,0.0,0.0,0.0,298.0,0.0,0.0,0.0,0.15771812080536912,83.27852348993288
all,D+2,2024-06,taizhou_2,720.0,0.4166666666666667,0.0,0.4166666666666667,0.0,0.0,0.0,300.0,0.0,0.0,0.0,0.16666666666666666,83.86333333333333
all,D+2,2024-06,wuxi_1,720.0,0.4166666666666667,0.0,0.4166666666666667,0.0,0.0,0.0,300.0,0.0,0.0,0.0,0.04,87.46333333333334
all,D+2,2024-06,xuzhou_1,720.0,0.375,0.0,0.375,0.0,0.0,0.0,270.0,0.0,0.0,0.0,0.0,72.6962962962963
all,D+2,2024-06,xuzhou_2,720.0,0.3763888888888889,0.0,0.3763888888888889,0.0,0.0,0.0,271.0,0.0,0.0,0.0,0.0036900369003690036,75.10332103321034
all,D+2,2024-06,yancheng_1,720.0,0.39166666666666666,0.0,0.39166666666666666,0.0,0.0,0.0,282.0,0.0,0.0,0.0,0.14893617021276595,78.41843971631205
all,D+2,2024-06,yancheng_2,720.0,0.4166666666666667,0.0,0.4166666666666667,0.0,0.0,0.0,300.0,0.0,0.0,0.0,0.17333333333333334,83.59666666666666
all,D+2,2024-06,yancheng_3,720.0,0.4083333333333333,0.0,0.4083333333333333,0.0,0.0,0.0,294.0,0.0,0.0,0.0,0.16326530612244897,82.61904761904762
all,D+2,2024-07,changzhou_1,744.0,0.41801075268817206,0.0,0.41801075268817206,0.0,0.0,0.0,311.0,0.0,0.0,0.0,0.06109324758842444,76.2411575562701
all,D+2,2024-07,huai_an_1,744.0,0.40456989247311825,0.0,0.40456989247311825,0.0,0.0,0.0,301.0,0.0,0.0,0.0,0.05647840531561462,78.1328903654485
all,D+2,2024-07,huai_an_2,744.0,0.4018817204301075,0.0,0.4018817204301075,0.0,0.0,0.0,299.0,0.0,0.0,0.0,0.056856187290969896,75.23076923076923
all,D+2,2024-07,huai_an_3,744.0,0.39381720430107525,0.0,0.39381720430107525,0.0,0.0,0.0,293.0,0.0,0.0,0.0,0.04436860068259386,80.2764505119454
all,D+2,2024-07,lianyungang_1,744.0,0.3924731182795699,0.0,0.3924731182795699,0.0,0.0,0.0,292.0,0.0,0.0,0.0,0.04452054794520548,73.36986301369863
all,D+2,2024-07,lianyungang_2,744.0,0.3951612903225806,0.0,0.3951612903225806,0.0,0.0,0.0,294.0,0.0,0.0,0.0,0.05442176870748299,74.83673469387755
all,D+2,2024-07,nanjing_1,744.0,0.40591397849462363,0.0,0.40591397849462363,0.0,0.0,0.0,302.0,0.0,0.0,0.0,0.06291390728476821,78.63576158940397
all,D+2,2024-07,nanjing_2,744.0,0.41397849462365593,0.0,0.41397849462365593,0.0,0.0,0.0,308.0,0.0,0.0,0.0,0.06818181818181818,76.98701298701299
all,D+2,2024-07,nantong_1,744.0,0.4166666666666667,0.0,0.4166666666666667,0.0,0.0,0.0,310.0,0.0,0.0,0.0,0.00967741935483871,75.13870967741936
all,D+2,2024-07,nantong_2,744.0,0.4166666666666667,0.0,0.4166666666666667,0.0,0.0,0.0,310.0,0.0,0.0,0.0,0.02258064516129032,73.28709677419354
all,D+2,2024-07,suqian_1,744.0,0.3870967741935484,0.0,0.3870967741935484,0.0,0.0,0.0,288.0,0.0,0.0,0.0,0.03125,77.23263888888889
all,D+2,2024-07,suzhou_1,744.0,0.4166666666666667,0.0,0.4166666666666667,0.0,0.0,0.0,310.0,0.0,0.0,0.0,0.0,72.56774193548387
all,D+2,2024-07,taizhou_1,744.0,0.4112903225806452,0.0,0.4112903225806452,0.0,0.0,0.0,306.0,0.0,0.0,0.0,0.06209150326797386,78.23529411764706
all,D+2,2024-07,taizhou_2,744.0,0.4166666666666667,0.0,0.4166666666666667,0.0,0.0,0.0,310.0,0.0,0.0,0.0,0.06129032258064516,77.11612903225806
all,D+2,2024-07,wuxi_1,744.0,0.4166666666666667,0.0,0.4166666666666667,0.0,0.0,0.0,310.0,0.0,0.0,0.0,0.03225806451612903,71.56774193548387
all,D+2,2024-07,xuzhou_1,744.0,0.3803763440860215,0.0,0.3803763440860215,0.0,0.0,0.0,283.0,0.0,0.0,0.0,0.014134275618374558,77.97526501766785
all,D+2,2024-07,xuzhou_2,744.0,0.3870967741935484,0.0,0.3870967741935484,0.0,0.0,0.0,288.0,0.0,0.0,0.0,0.03125,74.51388888888889
all,D+2,2024-07,yancheng_1,744.0,0.4018817204301075,0.0,0.4018817204301075,0.0,0.0,0.0,299.0,0.0,0.0,0.0,0.05351170568561873,72.51505016722408
all,D+2,2024-07,yancheng_2,744.0,0.41801075268817206,0.0,0.41801075268817206,0.0,0.0,0.0,311.0,0.0,0.0,0.0,0.07395498392282958,76.37299035369774
all,D+2,2024-07,yancheng_3,744.0,0.4099462365591398,0.0,0.4099462365591398,0.0,0.0,0.0,305.0,0.0,0.0,0.0,0.06229508196721312,78.0327868852459
all,D+2,2024-08,changzhou_1,744.0,0.41935483870967744,0.0,0.41935483870967744,0.0,0.0,0.0,312.0,0.0,0.0,0.0,0.00641025641025641,52.18269230769231
all,D+2,2024-08,huai_an_1,744.0,0.41801075268817206,0.0,0.41801075268817206,0.0,0.0,0.0,311.0,0.0,0.0,0.0,0.003215434083601286,58.22508038585209
all,D+2,2024-08,huai_an_2,744.0,0.41801075268817206,0.0,0.41801075268817206,0.0,0.0,0.0,311.0,0.0,0.0,0.0,0.003215434083601286,58.562700964630224
all,D+2,2024-08,huai_an_3,744.0,0.41801075268817206,0.0,0.41801075268817206,0.0,0.0,0.0,311.0,0.0,0.0,0.0,0.003215434083601286,55.054662379421224
all,D+2,2024-08,lianyungang_1,744.0,0.4166666666666667,0.0,0.4166666666666667,0.0,0.0,0.0,310.0,0.0,0.0,0.0,0.00967741935483871,54.825806451612905
all,D+2,2024-08,lianyungang_2,744.0,0.41801075268817206,0.0,0.41801075268817206,0.0,0.0,0.0,311.0,0.0,0.0,0.0,0.003215434083601286,54.07717041800643
all,D+2,2024-08,nanjing_1,744.0,0.41935483870967744,0.0,0.41935483870967744,0.0,0.0,0.0,312.0,0.0,0.0,0.0,0.00641025641025641,58.56730769230769
all,D+2,2024-08,nanjing_2,744.0,0.4206989247311828,0.0,0.4206989247311828,0.0,0.0,0.0,313.0,0.0,0.0,0.0,0.009584664536741214,55.757188498402556
all,D+2,2024-08,nantong_1,744.0,0.4166666666666667,0.0,0.4166666666666667,0.0,0.0,0.0,310.0,0.0,0.0,0.0,0.0,45.78387096774193
all,D+2,2024-08,nantong_2,744.0,0.4166666666666667,0.0,0.4166666666666667,0.0,0.0,0.0,310.0,0.0,0.0,0.0,0.0,35.564516129032256
all,D+2,2024-08,suqian_1,744.0,0.41801075268817206,0.0,0.41801075268817206,0.0,0.0,0.0,311.0,0.0,0.0,0.0,0.012861736334405145,49.138263665594856
all,D+2,2024-08,suzhou_1,744.0,0.4166666666666667,0.0,0.4166666666666667,0.0,0.0,0.0,310.0,0.0,0.0,0.0,0.0,39.651612903225804
all,D+2,2024-08,taizhou_1,744.0,0.4166666666666667,0.0,0.4166666666666667,0.0,0.0,0.0,310.0,0.0,0.0,0.0,0.0,59.79032258064516
all,D+2,2024-08,taizhou_2,744.0,0.41801075268817206,0.0,0.41801075268817206,0.0,0.0,0.0,311.0,0.0,0.0,0.0,0.003215434083601286,55.38906752411575
all,D+2,2024-08,wuxi_1,744.0,0.41801075268817206,0.0,0.41801075268817206,0.0,0.0,0.0,311.0,0.0,0.0,0.0,0.003215434083601286,51.40192926045016
all,D+2,2024-08,xuzhou_1,744.0,0.41263440860215056,0.0,0.41263440860215056,0.0,0.0,0.0,307.0,0.0,0.0,0.0,0.026058631921824105,43.0586319218241
all,D+2,2024-08,xuzhou_2,744.0,0.41801075268817206,0.0,0.41801075268817206,0.0,0.0,0.0,311.0,0.0,0.0,0.0,0.02572347266881029,46.62700964630225
all,D+2,2024-08,yancheng_1,744.0,0.41801075268817206,0.0,0.41801075268817206,0.0,0.0,0.0,311.0,0.0,0.0,0.0,0.003215434083601286,55.659163987138264
all,D+2,2024-08,yancheng_2,744.0,0.4166666666666667,0.0,0.4166666666666667,0.0,0.0,0.0,310.0,0.0,0.0,0.0,0.0,54.8
all,D+2,2024-08,yancheng_3,744.0,0.41801075268817206,0.0,0.41801075268817206,0.0,0.0,0.0,311.0,0.0,0.0,0.0,0.003215434083601286,58.27652733118971
all,D+2,2024-09,changzhou_1,720.0,0.4666666666666667,0.0,0.4666666666666667,0.0,0.0,0.0,336.0,0.0,0.0,0.0,0.06547619047619048,63.29761904761905
all,D+2,2024-09,huai_an_1,720.0,0.4625,0.0,0.4625,0.0,0.0,0.0,333.0,0.0,0.0,0.0,0.05105105105105105,63.090090090090094
all,D+2,2024-09,huai_an_2,720.0,0.4638888888888889,0.0,0.4638888888888889,0.0,0.0,0.0,334.0,0.0,0.0,0.0,0.05389221556886228,62.91916167664671
all,D+2,2024-09,huai_an_3,720.0,0.4666666666666667,0.0,0.4666666666666667,0.0,0.0,0.0,336.0,0.0,0.0,0.0,0.050595238095238096,63.160714285714285
all,D+2,2024-09,lianyungang_1,720.0,0.46944444444444444,0.0,0.46944444444444444,0.0,0.0,0.0,338.0,0.0,0.0,0.0,0.05621301775147929,55.476331360946745
all,D+2,2024-09,lianyungang_2,720.0,0.46805555555555556,0.0,0.46805555555555556,0.0,0.0,0.0,337.0,0.0,0.0,0.0,0.06231454005934718,59.0919881305638
all,D+2,2024-09,nanjing_1,720.0,0.4666666666666667,0.0,0.4666666666666667,0.0,0.0,0.0,336.0,0.0,0.0,0.0,0.050595238095238096,58.767857142857146
all,D+2,2024-09,nanjing_2,720.0,0.4638888888888889,0.0,0.4638888888888889,0.0,0.0,0.0,334.0,0.0,0.0,0.0,0.05089820359281437,58.15868263473054
all,D+2,2024-09,nantong_1,720.0,0.45555555555555555,0.0,0.45555555555555555,0.0,0.0,0.0,328.0,0.0,0.0,0.0,0.03048780487804878,59.8780487804878
all,D+2,2024-09,nantong_2,720.0,0.45694444444444443,0.0,0.45694444444444443,0.0,0.0,0.0,329.0,0.0,0.0,0.0,0.02735562310030395,58.462006079027354
all,D+2,2024-09,suqian_1,720.0,0.4708333333333333,0.0,0.4708333333333333,0.0,0.0,0.0,339.0,0.0,0.0,0.0,0.05604719764011799,56.525073746312685
all,D+2,2024-09,suzhou_1,720.0,0.4583333333333333,0.0,0.4583333333333333,0.0,0.0,0.0,330.0,0.0,0.0,0.0,0.03636363636363636,59.63939393939394
all,D+2,2024-09,taizhou_1,720.0,0.4597222222222222,0.0,0.4597222222222222,0.0,0.0,0.0,331.0,0.0,0.0,0.0,0.04833836858006042,59.948640483383684
all,D+2,2024-09,taizhou_2,720.0,0.4597222222222222,0.0,0.4597222222222222,0.0,0.0,0.0,331.0,0.0,0.0,0.0,0.045317220543806644,64.29909365558912
all,D+2,2024-09,wuxi_1,720.0,0.46111111111111114,0.0,0.46111111111111114,0.0,0.0,0.0,332.0,0.0,0.0,0.0,0.04819277108433735,60.855421686746986
all,D+2,2024-09,xuzhou_1,720.0,0.46805555555555556,0.0,0.46805555555555556,0.0,0.0,0.0,337.0,0.0,0.0,0.0,0.03857566765578635,52.712166172106826
all,D+2,2024-09,xuzhou_2,720.0,0.46805555555555556,0.0,0.46805555555555556,0.0,0.0,0.0,337.0,0.0,0.0,0.0,0.04451038575667656,52.590504451038576
all,D+2,2024-09,yancheng_1,720.0,0.4638888888888889,0.0,0.4638888888888889,0.0,0.0,0.0,334.0,0.0,0.0,0.0,0.05688622754491018,62.47904191616767
all,D+2,2024-09,yancheng_2,720.0,0.4597222222222222,0.0,0.4597222222222222,0.0,0.0,0.0,331.0,0.0,0.0,0.0,0.045317220543806644,63.151057401812686
all,D+2,2024-09,yancheng_3,720.0,0.4597222222222222,0.0,0.4597222222222222,0.0,0.0,0.0,331.0,0.0,0.0,0.0,0.04833836858006042,63.01510574018127
all,D+2,2024-10,changzhou_1,744.0,0.5080645161290323,0.0,0.5080645161290323,0.0,0.0,0.0,378.0,0.0,0.0,0.0,0.015873015873015872,76.26455026455027
all,D+2,2024-10,huai_an_1,744.0,0.5026881720430108,0.0,0.5026881720430108,0.0,0.0,0.0,374.0,0.0,0.0,0.0,0.0053475935828877,68.90374331550802
all,D+2,2024-10,huai_an_2,744.0,0.5080645161290323,0.0,0.5080645161290323,0.0,0.0,0.0,378.0,0.0,0.0,0.0,0.015873015873015872,66.94708994708995
all,D+2,2024-10,huai_an_3,744.0,0.5013440860215054,0.0,0.5013440860215054,0.0,0.0,0.0,373.0,0.0,0.0,0.0,0.002680965147453083,69.67828418230563
all,D+2,2024-10,lianyungang_1,744.0,0.5040322580645161,0.0,0.5040322580645161,0.0,0.0,0.0,375.0,0.0,0.0,0.0,0.008,61.757333333333335
all,D+2,2024-10,lianyungang_2,744.0,0.5067204301075269,0.0,0.5067204301075269,0.0,0.0,0.0,377.0,0.0,0.0,0.0,0.013262599469496022,60.87002652519894
all,D+2,2024-10,nanjing_1,744.0,0.5040322580645161,0.0,0.5040322580645161,0.0,0.0,0.0,375.0,0.0,0.0,0.0,0.008,73.26133333333334
all,D+2,2024-10,nanjing_2,744.0,0.5026881720430108,0.0,0.5026881720430108,0.0,0.0,0.0,374.0,0.0,0.0,0.0,0.0053475935828877,75.50534759358288
all,D+2,2024-10,nantong_1,744.0,0.5094086021505376,0.0,0.5094086021505376,0.0,0.0,0.0,379.0,0.0,0.0,0.0,0.036939313984168866,75.12928759894459
all,D+2,2024-10,nantong_2,744.0,0.5134408602150538,0.0,0.5134408602150538,0.0,0.0,0.0,382.0,0.0,0.0,0.0,0.049738219895287955,74.74869109947645
all,D+2,2024-10,suqian_1,744.0,0.5026881720430108,0.0,0.5026881720430108,0.0,0.0,0.0,374.0,0.0,0.0,0.0,0.0053475935828877,65.31550802139037
all,D+2,2024-10,suzhou_1,744.0,0.5147849462365591,0.0,0.5147849462365591,0.0,0.0,0.0,383.0,0.0,0.0,0.0,0.04960835509138381,78.88772845953002
all,D+2,2024-10,taizhou_1,744.0,0.5053763440860215,0.0,0.5053763440860215,0.0,0.0,0.0,376.0,0.0,0.0,0.0,0.010638297872340425,71.2872340425532
all,D+2,2024-10,taizhou_2,744.0,0.510752688172043,0.0,0.510752688172043,0.0,0.0,0.0,380.0,0.0,0.0,0.0,0.031578947368421054,70.2078947368421
all,D+2,2024-10,wuxi_1,744.0,0.5080645161290323,0.0,0.5080645161290323,0.0,0.0,0.0,378.0,0.0,0.0,0.0,0.023809523809523808,79.18783068783068
all,D+2,2024-10,xuzhou_1,744.0,0.5,0.0,0.5,0.0,0.0,0.0,372.0,0.0,0.0,0.0,0.0,61.884408602150536
all,D+2,2024-10,xuzhou_2,744.0,0.5013440860215054,0.0,0.5013440860215054,0.0,0.0,0.0,373.0,0.0,0.0,0.0,0.002680965147453083,61.18230563002681
all,D+2,2024-10,yancheng_1,744.0,0.5067204301075269,0.0,0.5067204301075269,0.0,0.0,0.0,377.0,0.0,0.0,0.0,0.013262599469496022,66.58090185676393
all,D+2,2024-10,yancheng_2,744.0,0.510752688172043,0.0,0.510752688172043,0.0,0.0,0.0,380.0,0.0,0.0,0.0,0.031578947368421054,70.83157894736843
all,D+2,2024-10,yancheng_3,744.0,0.5053763440860215,0.0,0.5053763440860215,0.0,0.0,0.0,376.0,0.0,0.0,0.0,0.010638297872340425,67.77659574468085
all,D+2,2024-11,changzhou_1,720.0,0.5430555555555555,0.0,0.5430555555555555,0.0,0.0,0.0,391.0,0.0,0.0,0.0,0.02557544757033248,46.44501278772378
all,D+2,2024-11,huai_an_1,720.0,0.5458333333333333,0.0,0.5458333333333333,0.0,0.0,0.0,393.0,0.0,0.0,0.0,0.02544529262086514,59.57506361323155
all,D+2,2024-11,huai_an_2,720.0,0.5472222222222223,0.0,0.5472222222222223,0.0,0.0,0.0,394.0,0.0,0.0,0.0,0.02284263959390863,58.276649746192895
all,D+2,2024-11,huai_an_3,720.0,0.5458333333333333,0.0,0.5458333333333333,0.0,0.0,0.0,393.0,0.0,0.0,0.0,0.03816793893129771,60.42239185750636
all,D+2,2024-11,lianyungang_1,720.0,0.5513888888888889,0.0,0.5513888888888889,0.0,0.0,0.0,397.0,0.0,0.0,0.0,0.03526448362720403,59.085642317380355
all,D+2,2024-11,lianyungang_2,720.0,0.55,0.0,0.55,0.0,0.0,0.0,396.0,0.0,0.0,0.0,0.025252525252525252,59.38636363636363
all,D+2,2024-11,nanjing_1,720.0,0.5430555555555555,0.0,0.5430555555555555,0.0,0.0,0.0,391.0,0.0,0.0,0.0,0.043478260869565216,50.46547314578005
all,D+2,2024-11,nanjing_2,720.0,0.5402777777777777,0.0,0.5402777777777777,0.0,0.0,0.0,389.0,0.0,0.0,0.0,0.033419023136246784,49.933161953727506
all,D+2,2024-11,nantong_1,720.0,0.5430555555555555,0.0,0.5430555555555555,0.0,0.0,0.0,391.0,0.0,0.0,0.0,0.005115089514066497,53.60613810741688
all,D+2,2024-11,nantong_2,720.0,0.5430555555555555,0.0,0.5430555555555555,0.0,0.0,0.0,391.0,0.0,0.0,0.0,0.0025575447570332483,55.60613810741688
all,D+2,2024-11,suqian_1,720.0,0.5541666666666667,0.0,0.5541666666666667,0.0,0.0,0.0,399.0,0.0,0.0,0.0,0.05263157894736842,56.22305764411028
all,D+2,2024-11,suzhou_1,720.0,0.5430555555555555,0.0,0.5430555555555555,0.0,0.0,0.0,391.0,0.0,0.0,0.0,0.0076726342710997444,49.74168797953964
all,D+2,2024-11,taizhou_1,720.0,0.5458333333333333,0.0,0.5458333333333333,0.0,0.0,0.0,393.0,0.0,0.0,0.0,0.022900763358778626,56.603053435114504
all,D+2,2024-11,taizhou_2,720.0,0.5430555555555555,0.0,0.5430555555555555,0.0,0.0,0.0,391.0,0.0,0.0,0.0,0.0076726342710997444,56.547314578005114
all,D+2,2024-11,wuxi_1,720.0,0.5416666666666666,0.0,0.5416666666666666,0.0,0.0,0.0,390.0,0.0,0.0,0.0,0.017948717948717947,49.59487179487179
all,D+2,2024-11,xuzhou_1,720.0,0.5597222222222222,0.0,0.5597222222222222,0.0,0.0,0.0,403.0,0.0,0.0,0.0,0.05955334987593052,62.74193548387097
all,D+2,2024-11,xuzhou_2,720.0,0.5555555555555556,0.0,0.5555555555555556,0.0,0.0,0.0,400.0,0.0,0.0,0.0,0.0525,60.0275
all,D+2,2024-11,yancheng_1,720.0,0.5444444444444444,0.0,0.5444444444444444,0.0,0.0,0.0,392.0,0.0,0.0,0.0,0.015306122448979591,57.03826530612245
all,D+2,2024-11,yancheng_2,720.0,0.5430555555555555,0.0,0.5430555555555555,0.0,0.0,0.0,391.0,0.0,0.0,0.0,0.005115089514066497,56.98209718670077
all,D+2,2024-11,yancheng_3,720.0,0.5472222222222223,0.0,0.5472222222222223,0.0,0.0,0.0,394.0,0.0,0.0,0.0,0.02284263959390863,56.34517766497462
all,D+2,2024-12,changzhou_1,744.0,0.5752688172043011,0.0,0.5752688172043011,0.0,0.0,0.0,428.0,0.0,0.0,0.0,0.035046728971962614,41.75233644859813
all,D+2,2024-12,huai_an_1,744.0,0.581989247311828,0.0,0.581989247311828,0.0,0.0,0.0,433.0,0.0,0.0,0.0,0.018475750577367205,45.584295612009235
all,D+2,2024-12,huai_an_2,744.0,0.5833333333333334,0.0,0.5833333333333334,0.0,0.0,0.0,434.0,0.0,0.0,0.0,0.013824884792626729,48.56221198156682
all,D+2,2024-12,huai_an_3,744.0,0.5833333333333334,0.0,0.5833333333333334,0.0,0.0,0.0,434.0,0.0,0.0,0.0,0.020737327188940093,45.13824884792627
all,D+2,2024-12,lianyungang_1,744.0,0.5833333333333334,0.0,0.5833333333333334,0.0,0.0,0.0,434.0,0.0,0.0,0.0,0.0,46.68663594470046
all,D+2,2024-12,lianyungang_2,744.0,0.5833333333333334,0.0,0.5833333333333334,0.0,0.0,0.0,434.0,0.0,0.0,0.0,0.0069124423963133645,46.36405529953917
all,D+2,2024-12,nanjing_1,744.0,0.581989247311828,0.0,0.581989247311828,0.0,0.0,0.0,433.0,0.0,0.0,0.0,0.04157043879907621,41.44572748267898
all,D+2,2024-12,nanjing_2,744.0,0.5806451612903226,0.0,0.5806451612903226,0.0,0.0,0.0,432.0,0.0,0.0,0.0,0.04398148148148148,41.41898148148148
all,D+2,2024-12,nantong_1,744.0,0.5685483870967742,0.0,0.5685483870967742,0.0,0.0,0.0,423.0,0.0,0.0,0.0,0.03309692671394799,39.66193853427896
all,D+2,2024-12,nantong_2,744.0,0.5631720430107527,0.0,0.5631720430107527,0.0,0.0,0.0,419.0,0.0,0.0,0.0,0.03818615751789976,45.673031026252985
all,D+2,2024-12,suqian_1,744.0,0.5833333333333334,0.0,0.5833333333333334,0.0,0.0,0.0,434.0,0.0,0.0,0.0,0.009216589861751152,48.86175115207373
all,D+2,2024-12,suzhou_1,744.0,0.5658602150537635,0.0,0.5658602150537635,0.0,0.0,0.0,421.0,0.0,0.0,0.0,0.03800475059382423,41.32541567695962
all,D+2,2024-12,taizhou_1,744.0,0.5806451612903226,0.0,0.5806451612903226,0.0,0.0,0.0,432.0,0.0,0.0,0.0,0.020833333333333332,42.092592592592595
all,D+2,2024-12,taizhou_2,744.0,0.5739247311827957,0.0,0.5739247311827957,0.0,0.0,0.0,427.0,0.0,0.0,0.0,0.0234192037470726,41.868852459016395
all,D+2,2024-12,wuxi_1,744.0,0.5725806451612904,0.0,0.5725806451612904,0.0,0.0,0.0,426.0,0.0,0.0,0.0,0.03990610328638498,47.21830985915493
all,D+2,2024-12,xuzhou_1,744.0,0.5806451612903226,0.0,0.5806451612903226,0.0,0.0,0.0,432.0,0.0,0.0,0.0,0.023148148148148147,49.398148148148145
all,D+2,2024-12,xuzhou_2,744.0,0.5833333333333334,0.0,0.5833333333333334,0.0,0.0,0.0,434.0,0.0,0.0,0.0,0.018433179723502304,47.986175115207374
all,D+2,2024-12,yancheng_1,744.0,0.5833333333333334,0.0,0.5833333333333334,0.0,0.0,0.0,434.0,0.0,0.0,0.0,0.016129032258064516,48.54147465437788
all,D+2,2024-12,yancheng_2,744.0,0.5739247311827957,0.0,0.5739247311827957,0.0,0.0,0.0,427.0,0.0,0.0,0.0,0.01873536299765808,45.80327868852459
all,D+2,2024-12,yancheng_3,744.0,0.5806451612903226,0.0,0.5806451612903226,0.0,0.0,0.0,432.0,0.0,0.0,0.0,0.018518518518518517,44.289351851851855
all,D+2,2025-01,changzhou_1,744.0,0.5470430107526881,0.0,0.5470430107526881,0.0,0.0,0.0,407.0,0.0,0.0,0.0,0.014742014742014743,60.32432432432432
all,D+2,2025-01,huai_an_1,744.0,0.5510752688172043,0.0,0.5510752688172043,0.0,0.0,0.0,410.0,0.0,0.0,0.0,0.01707317073170732,58.729268292682924
all,D+2,2025-01,huai_an_2,744.0,0.553763440860215,0.0,0.553763440860215,0.0,0.0,0.0,412.0,0.0,0.0,0.0,0.01699029126213592,49.41747572815534
all,D+2,2025-01,huai_an_3,744.0,0.5470430107526881,0.0,0.5470430107526881,0.0,0.0,0.0,407.0,0.0,0.0,0.0,0.009828009828009828,56.24815724815725
all,D+2,2025-01,lianyungang_1,744.0,0.5524193548387096,0.0,0.5524193548387096,0.0,0.0,0.0,411.0,0.0,0.0,0.0,0.0170316301703163,43.948905109489054
all,D+2,2025-01,lianyungang_2,744.0,0.5577956989247311,0.0,0.5577956989247311,0.0,0.0,0.0,415.0,0.0,0.0,0.0,0.016867469879518072,43.75180722891566
all,D+2,2025-01,nanjing_1,744.0,0.543010752688172,0.0,0.543010752688172,0.0,0.0,0.0,404.0,0.0,0.0,0.0,0.0024752475247524753,58.06930693069307
all,D+2,2025-01,nanjing_2,744.0,0.5443548387096774,0.0,0.5443548387096774,0.0,0.0,0.0,405.0,0.0,0.0,0.0,0.0049382716049382715,58.71358024691358
all,D+2,2025-01,nantong_1,744.0,0.5577956989247311,0.0,0.5577956989247311,0.0,0.0,0.0,415.0,0.0,0.0,0.0,0.04578313253012048,60.727710843373494
all,D+2,2025-01,nantong_2,744.0,0.5564516129032258,0.0,0.5564516129032258,0.0,0.0,0.0,414.0,0.0,0.0,0.0,0.0821256038647343,60.74154589371981
all,D+2,2025-01,suqian_1,744.0,0.5470430107526881,0.0,0.5470430107526881,0.0,0.0,0.0,407.0,0.0,0.0,0.0,0.009828009828009828,49.597051597051596
all,D+2,2025-01,suzhou_1,744.0,0.5551075268817204,0.0,0.5551075268817204,0.0,0.0,0.0,413.0,0.0,0.0,0.0,0.05084745762711865,60.40677966101695
all,D+2,2025-01,taizhou_1,744.0,0.5524193548387096,0.0,0.5524193548387096,0.0,0.0,0.0,411.0,0.0,0.0,0.0,0.019464720194647202,60.78102189781022
all,D+2,2025-01,taizhou_2,744.0,0.5591397849462365,0.0,0.5591397849462365,0.0,0.0,0.0,416.0,0.0,0.0,0.0,0.03125,60.40865384615385
all,D+2,2025-01,wuxi_1,744.0,0.5483870967741935,0.0,0.5483870967741935,0.0,0.0,0.0,408.0,0.0,0.0,0.0,0.029411764705882353,57.752450980392155
all,D+2,2025-01,xuzhou_1,744.0,0.5416666666666666,0.0,0.5416666666666666,0.0,0.0,0.0,403.0,0.0,0.0,0.0,0.0,43.9727047146402
all,D+2,2025-01,xuzhou_2,744.0,0.5456989247311828,0.0,0.5456989247311828,0.0,0.0,0.0,406.0,0.0,0.0,0.0,0.007389162561576354,45.96551724137931
all,D+2,2025-01,yancheng_1,744.0,0.5564516129032258,0.0,0.5564516129032258,0.0,0.0,0.0,414.0,0.0,0.0,0.0,0.016908212560386472,49.72463768115942
all,D+2,2025-01,yancheng_2,744.0,0.5591397849462365,0.0,0.5591397849462365,0.0,0.0,0.0,416.0,0.0,0.0,0.0,0.02403846153846154,57.11538461538461
all,D+2,2025-01,yancheng_3,744.0,0.553763440860215,0.0,0.553763440860215,0.0,0.0,0.0,412.0,0.0,0.0,0.0,0.019417475728155338,58.91990291262136
all,D+2,2025-02,changzhou_1,672.0,0.5163690476190477,0.0,0.5163690476190477,0.0,0.0,0.0,347.0,0.0,0.0,0.0,0.03170028818443804,66.85878962536023
all,D+2,2025-02,huai_an_1,672.0,0.5178571428571429,0.0,0.5178571428571429,0.0,0.0,0.0,348.0,0.0,0.0,0.0,0.022988505747126436,66.39655172413794
all,D+2,2025-02,huai_an_2,672.0,0.5193452380952381,0.0,0.5193452380952381,0.0,0.0,0.0,349.0,0.0,0.0,0.0,0.022922636103151862,65.13180515759312
all,D+2,2025-02,huai_an_3,672.0,0.5208333333333334,0.0,0.5208333333333334,0.0,0.0,0.0,350.0,0.0,0.0,0.0,0.017142857142857144,67.78857142857143
all,D+2,2025-02,lianyungang_1,672.0,0.5252976190476191,0.0,0.5252976190476191,0.0,0.0,0.0,353.0,0.0,0.0,0.0,0.019830028328611898,60.80736543909349
all,D+2,2025-02,lianyungang_2,672.0,0.5208333333333334,0.0,0.5208333333333334,0.0,0.0,0.0,350.0,0.0,0.0,0.0,0.02,60.51714285714286
all,D+2,2025-02,nanjing_1,672.0,0.5208333333333334,0.0,0.5208333333333334,0.0,0.0,0.0,350.0,0.0,0.0,0.0,0.022857142857142857,64.76
all,D+2,2025-02,nanjing_2,672.0,0.5208333333333334,0.0,0.5208333333333334,0.0,0.0,0.0,350.0,0.0,0.0,0.0,0.03428571428571429,65.94285714285714
all,D+2,2025-02,nantong_1,672.0,0.5044642857142857,0.0,0.5044642857142857,0.0,0.0,0.0,339.0,0.0,0.0,0.0,0.008849557522123894,65.44542772861357
all,D+2,2025-02,nantong_2,672.0,0.5014880952380952,0.0,0.5014880952380952,0.0,0.0,0.0,337.0,0.0,0.0,0.0,0.002967359050445104,65.44213649851632
all,D+2,2025-02,suqian_1,672.0,0.5252976190476191,0.0,0.5252976190476191,0.0,0.0,0.0,353.0,0.0,0.0,0.0,0.019830028328611898,66.13314447592067
all,D+2,2025-02,suzhou_1,672.0,0.5044642857142857,0.0,0.5044642857142857,0.0,0.0,0.0,339.0,0.0,0.0,0.0,0.008849557522123894,65.05604719764011
all,D+2,2025-02,taizhou_1,672.0,0.5148809523809523,0.0,0.5148809523809523,0.0,0.0,0.0,346.0,0.0,0.0,0.0,0.02601156069364162,67.76011560693641
all,D+2,2025-02,taizhou_2,672.0,0.5104166666666666,0.0,0.5104166666666666,0.0,0.0,0.0,343.0,0.0,0.0,0.0,0.02040816326530612,67.32944606413994
all,D+2,2025-02,wuxi_1,672.0,0.5074404761904762,0.0,0.5074404761904762,0.0,0.0,0.0,341.0,0.0,0.0,0.0,0.01466275659824047,66.51319648093842
all,D+2,2025-02,xuzhou_1,672.0,0.5372023809523809,0.0,0.5372023809523809,0.0,0.0,0.0,361.0,0.0,0.0,0.0,0.030470914127423823,62.73684210526316
all,D+2,2025-02,xuzhou_2,672.0,0.5327380952380952,0.0,0.5327380952380952,0.0,0.0,0.0,358.0,0.0,0.0,0.0,0.025139664804469275,63.52793296089386
all,D+2,2025-02,yancheng_1,672.0,0.5163690476190477,0.0,0.5163690476190477,0.0,0.0,0.0,347.0,0.0,0.0,0.0,0.020172910662824207,64.86743515850144
all,D+2,2025-02,yancheng_2,672.0,0.5104166666666666,0.0,0.5104166666666666,0.0,0.0,0.0,343.0,0.0,0.0,0.0,0.02040816326530612,69.91545189504373
all,D+2,2025-02,yancheng_3,672.0,0.5148809523809523,0.0,0.5148809523809523,0.0,0.0,0.0,346.0,0.0,0.0,0.0,0.023121387283236993,66.57225433526011
all,D+2,2025-03,changzhou_1,744.0,0.4838709677419355,0.0,0.4838709677419355,0.0,0.0,0.0,360.0,0.0,0.0,0.0,0.041666666666666664,73.54444444444445
all,D+2,2025-03,huai_an_1,744.0,0.4825268817204301,0.0,0.4825268817204301,0.0,0.0,0.0,359.0,0.0,0.0,0.0,0.03899721448467967,70.75766016713092
all,D+2,2025-03,huai_an_2,744.0,0.4825268817204301,0.0,0.4825268817204301,0.0,0.0,0.0,359.0,0.0,0.0,0.0,0.03899721448467967,65.17548746518106
all,D+2,2025-03,huai_an_3,744.0,0.4825268817204301,0.0,0.4825268817204301,0.0,0.0,0.0,359.0,0.0,0.0,0.0,0.04178272980501393,71.88857938718662
all,D+2,2025-03,lianyungang_1,744.0,0.478494623655914,0.0,0.478494623655914,0.0,0.0,0.0,356.0,0.0,0.0,0.0,0.033707865168539325,54.348314606741575
all,D+2,2025-03,lianyungang_2,744.0,0.48118279569892475,0.0,0.48118279569892475,0.0,0.0,0.0,358.0,0.0,0.0,0.0,0.0335195530726257,57.91340782122905
all,D+2,2025-03,nanjing_1,744.0,0.4825268817204301,0.0,0.4825268817204301,0.0,0.0,0.0,359.0,0.0,0.0,0.0,0.04456824512534819,76.75487465181058
all,D+2,2025-03,nanjing_2,744.0,0.4825268817204301,0.0,0.4825268817204301,0.0,0.0,0.0,359.0,0.0,0.0,0.0,0.04178272980501393,77.81058495821728
all,D+2,2025-03,nantong_1,744.0,0.4905913978494624,0.0,0.4905913978494624,0.0,0.0,0.0,365.0,0.0,0.0,0.0,0.04657534246575343,69.68219178082192
all,D+2,2025-03,nantong_2,744.0,0.49193548387096775,0.0,0.49193548387096775,0.0,0.0,0.0,366.0,0.0,0.0,0.0,0.04371584699453552,67.39344262295081
all,D+2,2025-03,suqian_1,744.0,0.478494623655914,0.0,0.478494623655914,0.0,0.0,0.0,356.0,0.0,0.0,0.0,0.03651685393258427,65.64044943820225
all,D+2,2025-03,suzhou_1,744.0,0.4905913978494624,0.0,0.4905913978494624,0.0,0.0,0.0,365.0,0.0,0.0,0.0,0.04657534246575343,70.81095890410958
all,D+2,2025-03,taizhou_1,744.0,0.4852150537634409,0.0,0.4852150537634409,0.0,0.0,0.0,361.0,0.0,0.0,0.0,0.04155124653739612,73.18836565096953
all,D+2,2025-03,taizhou_2,744.0,0.4879032258064516,0.0,0.4879032258064516,0.0,0.0,0.0,363.0,0.0,0.0,0.0,0.04132231404958678,71.33884297520662
all,D+2,2025-03,wuxi_1,744.0,0.48655913978494625,0.0,0.48655913978494625,0.0,0.0,0.0,362.0,0.0,0.0,0.0,0.04419889502762431,74.96132596685082
all,D+2,2025-03,xuzhou_1,744.0,0.46639784946236557,0.0,0.46639784946236557,0.0,0.0,0.0,347.0,0.0,0.0,0.0,0.01729106628242075,55.4985590778098
all,D+2,2025-03,xuzhou_2,744.0,0.47043010752688175,0.0,0.47043010752688175,0.0,0.0,0.0,350.0,0.0,0.0,0.0,0.025714285714285714,57.47714285714286
all,D+2,2025-03,yancheng_1,744.0,0.4879032258064516,0.0,0.4879032258064516,0.0,0.0,0.0,363.0,0.0,0.0,0.0,0.046831955922865015,64.90358126721763
all,D+2,2025-03,yancheng_2,744.0,0.4879032258064516,0.0,0.4879032258064516,0.0,0.0,0.0,363.0,0.0,0.0,0.0,0.04132231404958678,68.97520661157024
all,D+2,2025-03,yancheng_3,744.0,0.48655913978494625,0.0,0.48655913978494625,0.0,0.0,0.0,362.0,0.0,0.0,0.0,0.04419889502762431,70.54696132596685
all,D+2,2025-04,changzhou_1,720.0,0.41805555555555557,0.0,0.41805555555555557,0.0,0.0,0.0,301.0,0.0,0.0,0.0,0.0033222591362126247,71.00332225913621
all,D+2,2025-04,huai_an_1,720.0,0.41805555555555557,0.0,0.41805555555555557,0.0,0.0,0.0,301.0,0.0,0.0,0.0,0.0033222591362126247,69.29900332225914
all,D+2,2025-04,huai_an_2,720.0,0.42083333333333334,0.0,0.42083333333333334,0.0,0.0,0.0,303.0,0.0,0.0,0.0,0.009900990099009901,65.12871287128714
all,D+2,2025-04,huai_an_3,720.0,0.4222222222222222,0.0,0.4222222222222222,0.0,0.0,0.0,304.0,0.0,0.0,0.0,0.013157894736842105,68.3717105263158
all,D+2,2025-04,lianyungang_1,720.0,0.42083333333333334,0.0,0.42083333333333334,0.0,0.0,0.0,303.0,0.0,0.0,0.0,0.009900990099009901,59.320132013201324
all,D+2,2025-04,lianyungang_2,720.0,0.41805555555555557,0.0,0.41805555555555557,0.0,0.0,0.0,301.0,0.0,0.0,0.0,0.0033222591362126247,61.83720930232558
all,D+2,2025-04,nanjing_1,720.0,0.4236111111111111,0.0,0.4236111111111111,0.0,0.0,0.0,305.0,0.0,0.0,0.0,0.01639344262295082,67.69508196721311
all,D+2,2025-04,nanjing_2,720.0,0.4222222222222222,0.0,0.4222222222222222,0.0,0.0,0.0,304.0,0.0,0.0,0.0,0.013157894736842105,69.91776315789474
all,D+2,2025-04,nantong_1,720.0,0.41805555555555557,0.0,0.41805555555555557,0.0,0.0,0.0,301.0,0.0,0.0,0.0,0.0033222591362126247,69.48172757475083
all,D+2,2025-04,nantong_2,720.0,0.41805555555555557,0.0,0.41805555555555557,0.0,0.0,0.0,301.0,0.0,0.0,0.0,0.0033222591362126247,69.29235880398672
all,D+2,2025-04,suqian_1,720.0,0.4236111111111111,0.0,0.4236111111111111,0.0,0.0,0.0,305.0,0.0,0.0,0.0,0.01639344262295082,62.20655737704918
all,D+2,2025-04,suzhou_1,720.0,0.41805555555555557,0.0,0.41805555555555557,0.0,0.0,0.0,301.0,0.0,0.0,0.0,0.0033222591362126247,69.7109634551495
all,D+2,2025-04,taizhou_1,720.0,0.41805555555555557,0.0,0.41805555555555557,0.0,0.0,0.0,301.0,0.0,0.0,0.0,0.0033222591362126247,70.56810631229236
all,D+2,2025-04,taizhou_2,720.0,0.41805555555555557,0.0,0.41805555555555557,0.0,0.0,0.0,301.0,0.0,0.0,0.0,0.0033222591362126247,69.78405315614619
all,D+2,2025-04,wuxi_1,720.0,0.41944444444444445,0.0,0.41944444444444445,0.0,0.0,0.0,302.0,0.0,0.0,0.0,0.006622516556291391,70.44701986754967
all,D+2,2025-04,xuzhou_1,720.0,0.42916666666666664,0.0,0.42916666666666664,0.0,0.0,0.0,309.0,0.0,0.0,0.0,0.016181229773462782,56.090614886731395
all,D+2,2025-04,xuzhou_2,720.0,0.4263888888888889,0.0,0.4263888888888889,0.0,0.0,0.0,307.0,0.0,0.0,0.0,0.016286644951140065,60.159609120521175
all,D+2,2025-04,yancheng_1,720.0,0.41805555555555557,0.0,0.41805555555555557,0.0,0.0,0.0,301.0,0.0,0.0,0.0,0.0033222591362126247,65.21926910299004
all,D+2,2025-04,yancheng_2,720.0,0.41805555555555557,0.0,0.41805555555555557,0.0,0.0,0.0,301.0,0.0,0.0,0.0,0.0033222591362126247,68.734219269103
all,D+2,2025-04,yancheng_3,720.0,0.4166666666666667,0.0,0.4166666666666667,0.0,0.0,0.0,300.0,0.0,0.0,0.0,0.0,70.49333333333334
all,D+2,2025-05,changzhou_1,744.0,0.41935483870967744,0.0,0.41935483870967744,0.0,0.0,0.0,312.0,0.0,0.0,0.0,0.00641025641025641,77.45192307692308
all,D+2,2025-05,huai_an_1,744.0,0.41935483870967744,0.0,0.41935483870967744,0.0,0.0,0.0,312.0,0.0,0.0,0.0,0.00641025641025641,65.44871794871794
all,D+2,2025-05,huai_an_2,744.0,0.4166666666666667,0.0,0.4166666666666667,0.0,0.0,0.0,310.0,0.0,0.0,0.0,0.03225806451612903,60.29032258064516
all,D+2,2025-05,huai_an_3,744.0,0.4166666666666667,0.0,0.4166666666666667,0.0,0.0,0.0,310.0,0.0,0.0,0.0,0.01935483870967742,64.4483870967742
all,D+2,2025-05,lianyungang_1,744.0,0.4166666666666667,0.0,0.4166666666666667,0.0,0.0,0.0,310.0,0.0,0.0,0.0,0.041935483870967745,57.73225806451613
all,D+2,2025-05,lianyungang_2,744.0,0.4166666666666667,0.0,0.4166666666666667,0.0,0.0,0.0,310.0,0.0,0.0,0.0,0.054838709677419356,62.94193548387097
all,D+2,2025-05,nanjing_1,744.0,0.41801075268817206,0.0,0.41801075268817206,0.0,0.0,0.0,311.0,0.0,0.0,0.0,0.006430868167202572,73.47266881028939
all,D+2,2025-05,nanjing_2,744.0,0.41801075268817206,0.0,0.41801075268817206,0.0,0.0,0.0,311.0,0.0,0.0,0.0,0.003215434083601286,75.51768488745981
all,D+2,2025-05,nantong_1,744.0,0.4166666666666667,0.0,0.4166666666666667,0.0,0.0,0.0,310.0,0.0,0.0,0.0,0.03225806451612903,75.36129032258064
all,D+2,2025-05,nantong_2,744.0,0.41801075268817206,0.0,0.41801075268817206,0.0,0.0,0.0,311.0,0.0,0.0,0.0,0.05144694533762058,75.21864951768488
all,D+2,2025-05,suqian_1,744.0,0.4166666666666667,0.0,0.4166666666666667,0.0,0.0,0.0,310.0,0.0,0.0,0.0,0.035483870967741936,57.403225806451616
all,D+2,2025-05,suzhou_1,744.0,0.41801075268817206,0.0,0.41801075268817206,0.0,0.0,0.0,311.0,0.0,0.0,0.0,0.028938906752411574,75.72668810289389
all,D+2,2025-05,taizhou_1,744.0,0.4166666666666667,0.0,0.4166666666666667,0.0,0.0,0.0,310.0,0.0,0.0,0.0,0.0064516129032258064,68.11290322580645
all,D+2,2025-05,taizhou_2,744.0,0.41801075268817206,0.0,0.41801075268817206,0.0,0.0,0.0,311.0,0.0,0.0,0.0,0.03536977491961415,69.9807073954984
all,D+2,2025-05,wuxi_1,744.0,0.41801075268817206,0.0,0.41801075268817206,0.0,0.0,0.0,311.0,0.0,0.0,0.0,0.003215434083601286,77.37620578778134
all,D+2,2025-05,xuzhou_1,744.0,0.4032258064516129,0.0,0.4032258064516129,0.0,0.0,0.0,300.0,0.0,0.0,0.0,0.04,60.42333333333333
all,D+2,2025-05,xuzhou_2,744.0,0.4099462365591398,0.0,0.4099462365591398,0.0,0.0,0.0,305.0,0.0,0.0,0.0,0.036065573770491806,59.072131147540986
all,D+2,2025-05,yancheng_1,744.0,0.4166666666666667,0.0,0.4166666666666667,0.0,0.0,0.0,310.0,0.0,0.0,0.0,0.03225806451612903,61.593548387096774
all,D+2,2025-05,yancheng_2,744.0,0.4166666666666667,0.0,0.4166666666666667,0.0,0.0,0.0,310.0,0.0,0.0,0.0,0.035483870967741936,65.54193548387097
all,D+2,2025-05,yancheng_3,744.0,0.41801075268817206,0.0,0.41801075268817206,0.0,0.0,0.0,311.0,0.0,0.0,0.0,0.01929260450160772,66.20257234726688
all,D+2,2025-06,changzhou_1,720.0,0.41944444444444445,0.0,0.41944444444444445,0.0,0.0,0.0,302.0,0.0,0.0,0.0,0.0728476821192053,84.38741721854305
all,D+2,2025-06,huai_an_1,720.0,0.40694444444444444,0.0,0.40694444444444444,0.0,0.0,0.0,293.0,0.0,0.0,0.0,0.15017064846416384,79.4778156996587
all,D+2,2025-06,huai_an_2,720.0,0.4013888888888889,0.0,0.4013888888888889,0.0,0.0,0.0,289.0,0.0,0.0,0.0,0.16262975778546712,78.17647058823529
all,D+2,2025-06,huai_an_3,720.0,0.3958333333333333,0.0,0.3958333333333333,0.0,0.0,0.0,285.0,0.0,0.0,0.0,0.05263157894736842,79.95087719298246
all,D+2,2025-06,lianyungang_1,720.0,0.37916666666666665,0.0,0.37916666666666665,0.0,0.0,0.0,273.0,0.0,0.0,0.0,0.10256410256410256,76.7985347985348
all,D+2,2025-06,lianyungang_2,720.0,0.3902777777777778,0.0,0.3902777777777778,0.0,0.0,0.0,281.0,0.0,0.0,0.0,0.14590747330960854,79.85765124555161
all,D+2,2025-06,nanjing_1,720.0,0.4,0.0,0.4,0.0,0.0,0.0,288.0,0.0,0.0,0.0,0.0625,83.82986111111111
all,D+2,2025-06,nanjing_2,720.0,0.4166666666666667,0.0,0.4166666666666667,0.0,0.0,0.0,300.0,0.0,0.0,0.0,0.08666666666666667,84.99666666666667
all,D+2,2025-06,nantong_1,720.0,0.4166666666666667,0.0,0.4166666666666667,0.0,0.0,0.0,300.0,0.0,0.0,0.0,0.11,84.53666666666666
all,D+2,2025-06,nantong_2,720.0,0.4041666666666667,0.0,0.4041666666666667,0.0,0.0,0.0,291.0,0.0,0.0,0.0,0.07216494845360824,82.78694158075601
all,D+2,2025-06,suqian_1,720.0,0.37916666666666665,0.0,0.37916666666666665,0.0,0.0,0.0,273.0,0.0,0.0,0.0,0.01098901098901099,75.78021978021978
all,D+2,2025-06,suzhou_1,720.0,0.4166666666666667,0.0,0.4166666666666667,0.0,0.0,0.0,300.0,0.0,0.0,0.0,0.09666666666666666,85.79333333333334
all,D+2,2025-06,taizhou_1,720.0,0.4111111111111111,0.0,0.4111111111111111,0.0,0.0,0.0,296.0,0.0,0.0,0.0,0.15202702702702703,81.16891891891892
all,D+2,2025-06,taizhou_2,720.0,0.4166666666666667,0.0,0.4166666666666667,0.0,0.0,0.0,300.0,0.0,0.0,0.0,0.16333333333333333,82.24333333333334
all,D+2,2025-06,wuxi_1,720.0,0.4166666666666667,0.0,0.4166666666666667,0.0,0.0,0.0,300.0,0.0,0.0,0.0,0.03666666666666667,84.80666666666667
all,D+2,2025-06,xuzhou_1,720.0,0.3763888888888889,0.0,0.3763888888888889,0.0,0.0,0.0,271.0,0.0,0.0,0.0,0.0036900369003690036,71.39483394833948
all,D+2,2025-06,xuzhou_2,720.0,0.37777777777777777,0.0,0.37777777777777777,0.0,0.0,0.0,272.0,0.0,0.0,0.0,0.007352941176470588,74.03308823529412
all,D+2,2025-06,yancheng_1,720.0,0.4013888888888889,0.0,0.4013888888888889,0.0,0.0,0.0,289.0,0.0,0.0,0.0,0.1695501730103806,77.99307958477509
all,D+2,2025-06,yancheng_2,720.0,0.4166666666666667,0.0,0.4166666666666667,0.0,0.0,0.0,300.0,0.0,0.0,0.0,0.17,82.12333333333333
all,D+2,2025-06,yancheng_3,720.0,0.4083333333333333,0.0,0.4083333333333333,0.0,0.0,0.0,294.0,0.0,0.0,0.0,0.16326530612244897,77.91496598639456
all,D+2,2025-07,changzhou_1,744.0,0.41801075268817206,0.0,0.41801075268817206,0.0,0.0,0.0,311.0,0.0,0.0,0.0,0.06109324758842444,52.77170418006431
all,D+2,2025-07,huai_an_1,744.0,0.4032258064516129,0.0,0.4032258064516129,0.0,0.0,0.0,300.0,0.0,0.0,0.0,0.05333333333333334,46.81333333333333
all,D+2,2025-07,huai_an_2,744.0,0.3978494623655914,0.0,0.3978494623655914,0.0,0.0,0.0,296.0,0.0,0.0,0.0,0.05067567567567568,47.15878378378378
all,D+2,2025-07,huai_an_3,744.0,0.3924731182795699,0.0,0.3924731182795699,0.0,0.0,0.0,292.0,0.0,0.0,0.0,0.04452054794520548,43.74315068493151
all,D+2,2025-07,lianyungang_1,744.0,0.38306451612903225,0.0,0.38306451612903225,0.0,0.0,0.0,285.0,0.0,0.0,0.0,0.021052631578947368,38.27368421052632
all,D+2,2025-07,lianyungang_2,744.0,0.3897849462365591,0.0,0.3897849462365591,0.0,0.0,0.0,290.0,0.0,0.0,0.0,0.04827586206896552,39.820689655172416
all,D+2,2025-07,nanjing_1,744.0,0.3978494623655914,0.0,0.3978494623655914,0.0,0.0,0.0,296.0,0.0,0.0,0.0,0.0472972972972973,44.726351351351354
all,D+2,2025-07,nanjing_2,744.0,0.4153225806451613,0.0,0.4153225806451613,0.0,0.0,0.0,309.0,0.0,0.0,0.0,0.07119741100323625,44.41747572815534
all,D+2,2025-07,nantong_1,744.0,0.4166666666666667,0.0,0.4166666666666667,0.0,0.0,0.0,310.0,0.0,0.0,0.0,0.016129032258064516,49.512903225806454
all,D+2,2025-07,nantong_2,744.0,0.4166666666666667,0.0,0.4166666666666667,0.0,0.0,0.0,310.0,0.0,0.0,0.0,0.025806451612903226,43.438709677419354
all,D+2,2025-07,suqian_1,744.0,0.38306451612903225,0.0,0.38306451612903225,0.0,0.0,0.0,285.0,0.0,0.0,0.0,0.021052631578947368,36.83859649122807
all,D+2,2025-07,suzhou_1,744.0,0.4166666666666667,0.0,0.4166666666666667,0.0,0.0,0.0,310.0,0.0,0.0,0.0,0.0,55.75806451612903
all,D+2,2025-07,taizhou_1,744.0,0.4112903225806452,0.0,0.4112903225806452,0.0,0.0,0.0,306.0,0.0,0.0,0.0,0.06209150326797386,44.90196078431372
all,D+2,2025-07,taizhou_2,744.0,0.4166666666666667,0.0,0.4166666666666667,0.0,0.0,0.0,310.0,0.0,0.0,0.0,0.06129032258064516,46.60645161290323
all,D+2,2025-07,wuxi_1,744.0,0.41801075268817206,0.0,0.41801075268817206,0.0,0.0,0.0,311.0,0.0,0.0,0.0,0.03536977491961415,51.553054662379424
all,D+2,2025-07,xuzhou_1,744.0,0.37768817204301075,0.0,0.37768817204301075,0.0,0.0,0.0,281.0,0.0,0.0,0.0,0.0071174377224199285,44.804270462633454
all,D+2,2025-07,xuzhou_2,744.0,0.3763440860215054,0.0,0.3763440860215054,0.0,0.0,0.0,280.0,0.0,0.0,0.0,0.0035714285714285713,36.40357142857143
all,D+2,2025-07,yancheng_1,744.0,0.39919354838709675,0.0,0.39919354838709675,0.0,0.0,0.0,297.0,0.0,0.0,0.0,0.050505050505050504,43.65319865319865
all,D+2,2025-07,yancheng_2,744.0,0.4166666666666667,0.0,0.4166666666666667,0.0,0.0,0.0,310.0,0.0,0.0,0.0,0.07096774193548387,47.63225806451613
all,D+2,2025-07,yancheng_3,744.0,0.40456989247311825,0.0,0.40456989247311825,0.0,0.0,0.0,301.0,0.0,0.0,0.0,0.04983388704318937,46.51495016611295
all,D+2,2025-08,changzhou_1,744.0,0.41801075268817206,0.0,0.41801075268817206,0.0,0.0,0.0,311.0,0.0,0.0,0.0,0.003215434083601286,48.28938906752411
all,D+2,2025-08,huai_an_1,744.0,0.41935483870967744,0.0,0.41935483870967744,0.0,0.0,0.0,312.0,0.0,0.0,0.0,0.00641025641025641,56.23076923076923
all,D+2,2025-08,huai_an_2,744.0,0.41801075268817206,0.0,0.41801075268817206,0.0,0.0,0.0,311.0,0.0,0.0,0.0,0.003215434083601286,59.82636655948553
all,D+2,2025-08,huai_an_3,744.0,0.4206989247311828,0.0,0.4206989247311828,0.0,0.0,0.0,313.0,0.0,0.0,0.0,0.009584664536741214,59.680511182108624
all,D+2,2025-08,lianyungang_1,744.0,0.41801075268817206,0.0,0.41801075268817206,0.0,0.0,0.0,311.0,0.0,0.0,0.0,0.012861736334405145,62.29260450160772
all,D+2,2025-08,lianyungang_2,744.0,0.4166666666666667,0.0,0.4166666666666667,0.0,0.0,0.0,310.0,0.0,0.0,0.0,0.0,62.76774193548387
all,D+2,2025-08,nanjing_1,744.0,0.4206989247311828,0.0,0.4206989247311828,0.0,0.0,0.0,313.0,0.0,0.0,0.0,0.009584664536741214,50.246006389776355
all,D+2,2025-08,nanjing_2,744.0,0.41801075268817206,0.0,0.41801075268817206,0.0,0.0,0.0,311.0,0.0,0.0,0.0,0.003215434083601286,46.745980707395496
all,D+2,2025-08,nantong_1,744.0,0.4166666666666667,0.0,0.4166666666666667,0.0,0.0,0.0,310.0,0.0,0.0,0.0,0.0,50.10967741935484
all,D+2,2025-08,nantong_2,744.0,0.4166666666666667,0.0,0.4166666666666667,0.0,0.0,0.0,310.0,0.0,0.0,0.0,0.0,51.63548387096774
all,D+2,2025-08,suqian_1,744.0,0.41801075268817206,0.0,0.41801075268817206,0.0,0.0,0.0,311.0,0.0,0.0,0.0,0.012861736334405145,60.91639871382637
all,D+2,2025-08,suzhou_1,744.0,0.4166666666666667,0.0,0.4166666666666667,0.0,0.0,0.0,310.0,0.0,0.0,0.0,0.0,51.16129032258065
all,D+2,2025-08,taizhou_1,744.0,0.41801075268817206,0.0,0.41801075268817206,0.0,0.0,0.0,311.0,0.0,0.0,0.0,0.003215434083601286,54.41479099678457
all,D+2,2025-08,taizhou_2,744.0,0.4166666666666667,0.0,0.4166666666666667,0.0,0.0,0.0,310.0,0.0,0.0,0.0,0.0,54.061290322580646
all,D+2,2025-08,wuxi_1,744.0,0.4166666666666667,0.0,0.4166666666666667,0.0,0.0,0.0,310.0,0.0,0.0,0.0,0.0,50.041935483870965
all,D+2,2025-08,xuzhou_1,744.0,0.41397849462365593,0.0,0.41397849462365593,0.0,0.0,0.0,308.0,0.0,0.0,0.0,0.02922077922077922,60.57142857142857
all,D+2,2025-08,xuzhou_2,744.0,0.41935483870967744,0.0,0.41935483870967744,0.0,0.0,0.0,312.0,0.0,0.0,0.0,0.028846153846153848,61.3525641025641
all,D+2,2025-08,yancheng_1,744.0,0.41801075268817206,0.0,0.41801075268817206,0.0,0.0,0.0,311.0,0.0,0.0,0.0,0.003215434083601286,59.17363344051447
all,D+2,2025-08,yancheng_2,744.0,0.41801075268817206,0.0,0.41801075268817206,0.0,0.0,0.0,311.0,0.0,0.0,0.0,0.003215434083601286,57.241157556270096
all,D+2,2025-08,yancheng_3,744.0,0.41801075268817206,0.0,0.41801075268817206,0.0,0.0,0.0,311.0,0.0,0.0,0.0,0.003215434083601286,55.762057877813504
all,D+2,2025-09,changzhou_1,720.0,0.4666666666666667,0.0,0.4666666666666667,0.0,0.0,0.0,336.0,0.0,0.0,0.0,0.06547619047619048,75.99404761904762
all,D+2,2025-09,huai_an_1,720.0,0.4652777777777778,0.0,0.4652777777777778,0.0,0.0,0.0,335.0,0.0,0.0,0.0,0.056716417910447764,76.63582089552239
all,D+2,2025-09,huai_an_2,720.0,0.46944444444444444,0.0,0.46944444444444444,0.0,0.0,0.0,338.0,0.0,0.0,0.0,0.0650887573964497,81.06508875739645
all,D+2,2025-09,huai_an_3,720.0,0.4722222222222222,0.0,0.4722222222222222,0.0,0.0,0.0,340.0,0.0,0.0,0.0,0.06470588235294118,80.13235294117646
all,D+2,2025-09,lianyungang_1,720.0,0.46805555555555556,0.0,0.46805555555555556,0.0,0.0,0.0,337.0,0.0,0.0,0.0,0.05637982195845697,72.81008902077151
all,D+2,2025-09,lianyungang_2,720.0,0.4722222222222222,0.0,0.4722222222222222,0.0,0.0,0.0,340.0,0.0,0.0,0.0,0.07058823529411765,77.50588235294117
all,D+2,2025-09,nanjing_1,720.0,0.4722222222222222,0.0,0.4722222222222222,0.0,0.0,0.0,340.0,0.0,0.0,0.0,0.06764705882352941,80.67058823529412
all,D+2,2025-09,nanjing_2,720.0,0.4708333333333333,0.0,0.4708333333333333,0.0,0.0,0.0,339.0,0.0,0.0,0.0,0.06784660766961652,77.08259587020649
all,D+2,2025-09,nantong_1,720.0,0.46111111111111114,0.0,0.46111111111111114,0.0,0.0,0.0,332.0,0.0,0.0,0.0,0.04216867469879518,68.5210843373494
all,D+2,2025-09,nantong_2,720.0,0.45416666666666666,0.0,0.45416666666666666,0.0,0.0,0.0,327.0,0.0,0.0,0.0,0.021406727828746176,69.4525993883792
all,D+2,2025-09,suqian_1,720.0,0.46944444444444444,0.0,0.46944444444444444,0.0,0.0,0.0,338.0,0.0,0.0,0.0,0.05621301775147929,78.55917159763314
all,D+2,2025-09,suzhou_1,720.0,0.45555555555555555,0.0,0.45555555555555555,0.0,0.0,0.0,328.0,0.0,0.0,0.0,0.03048780487804878,65.20121951219512
all,D+2,2025-09,taizhou_1,720.0,0.4652777777777778,0.0,0.4652777777777778,0.0,0.0,0.0,335.0,0.0,0.0,0.0,0.0626865671641791,75.96417910447761
all,D+2,2025-09,taizhou_2,720.0,0.46805555555555556,0.0,0.46805555555555556,0.0,0.0,0.0,337.0,0.0,0.0,0.0,0.06231454005934718,77.41839762611276
all,D+2,2025-09,wuxi_1,720.0,0.4625,0.0,0.4625,0.0,0.0,0.0,333.0,0.0,0.0,0.0,0.05105105105105105,73.28228228228228
all,D+2,2025-09,xuzhou_1,720.0,0.475,0.0,0.475,0.0,0.0,0.0,342.0,0.0,0.0,0.0,0.05263157894736842,65.69005847953217
all,D+2,2025-09,xuzhou_2,720.0,0.4722222222222222,0.0,0.4722222222222222,0.0,0.0,0.0,340.0,0.0,0.0,0.0,0.05588235294117647,72.23529411764706
all,D+2,2025-09,yancheng_1,720.0,0.46805555555555556,0.0,0.46805555555555556,0.0,0.0,0.0,337.0,0.0,0.0,0.0,0.06528189910979229,80.95252225519287
all,D+2,2025-09,yancheng_2,720.0,0.4652777777777778,0.0,0.4652777777777778,0.0,0.0,0.0,335.0,0.0,0.0,0.0,0.056716417910447764,75.87761194029851
all,D+2,2025-09,yancheng_3,720.0,0.4666666666666667,0.0,0.4666666666666667,0.0,0.0,0.0,336.0,0.0,0.0,0.0,0.0625,75.13392857142857
all,D+2,2025-10,changzhou_1,744.0,0.5053763440860215,0.0,0.5053763440860215,0.0,0.0,0.0,376.0,0.0,0.0,0.0,0.010638297872340425,61.763297872340424
all,D+2,2025-10,huai_an_1,744.0,0.5040322580645161,0.0,0.5040322580645161,0.0,0.0,0.0,375.0,0.0,0.0,0.0,0.008,70.58933333333333
all,D+2,2025-10,huai_an_2,744.0,0.510752688172043,0.0,0.510752688172043,0.0,0.0,0.0,380.0,0.0,0.0,0.0,0.021052631578947368,72.11842105263158
all,D+2,2025-10,huai_an_3,744.0,0.5040322580645161,0.0,0.5040322580645161,0.0,0.0,0.0,375.0,0.0,0.0,0.0,0.008,70.904
all,D+2,2025-10,lianyungang_1,744.0,0.5053763440860215,0.0,0.5053763440860215,0.0,0.0,0.0,376.0,0.0,0.0,0.0,0.010638297872340425,72.75265957446808
all,D+2,2025-10,lianyungang_2,744.0,0.510752688172043,0.0,0.510752688172043,0.0,0.0,0.0,380.0,0.0,0.0,0.0,0.021052631578947368,78.65263157894736
all,D+2,2025-10,nanjing_1,744.0,0.5080645161290323,0.0,0.5080645161290323,0.0,0.0,0.0,378.0,0.0,0.0,0.0,0.015873015873015872,63.613756613756614
all,D+2,2025-10,nanjing_2,744.0,0.5053763440860215,0.0,0.5053763440860215,0.0,0.0,0.0,376.0,0.0,0.0,0.0,0.010638297872340425,61.547872340425535
all,D+2,2025-10,nantong_1,744.0,0.510752688172043,0.0,0.510752688172043,0.0,0.0,0.0,380.0,0.0,0.0,0.0,0.042105263157894736,66.1842105263158
all,D+2,2025-10,nantong_2,744.0,0.5161290322580645,0.0,0.5161290322580645,0.0,0.0,0.0,384.0,0.0,0.0,0.0,0.057291666666666664,66.8359375
all,D+2,2025-10,suqian_1,744.0,0.5040322580645161,0.0,0.5040322580645161,0.0,0.0,0.0,375.0,0.0,0.0,0.0,0.008,71.51466666666667
all,D+2,2025-10,suzhou_1,744.0,0.5094086021505376,0.0,0.5094086021505376,0.0,0.0,0.0,379.0,0.0,0.0,0.0,0.0395778364116095,64.24802110817942
all,D+2,2025-10,taizhou_1,744.0,0.510752688172043,0.0,0.510752688172043,0.0,0.0,0.0,380.0,0.0,0.0,0.0,0.021052631578947368,70.06052631578947
all,D+2,2025-10,taizhou_2,744.0,0.5147849462365591,0.0,0.5147849462365591,0.0,0.0,0.0,383.0,0.0,0.0,0.0,0.0391644908616188,68.3289817232376
all,D+2,2025-10,wuxi_1,744.0,0.5053763440860215,0.0,0.5053763440860215,0.0,0.0,0.0,376.0,0.0,0.0,0.0,0.018617021276595744,62.255319148936174
all,D+2,2025-10,xuzhou_1,744.0,0.5040322580645161,0.0,0.5040322580645161,0.0,0.0,0.0,375.0,0.0,0.0,0.0,0.008,77.256
all,D+2,2025-10,xuzhou_2,744.0,0.5026881720430108,0.0,0.5026881720430108,0.0,0.0,0.0,374.0,0.0,0.0,0.0,0.0053475935828877,77.83422459893048
all,D+2,2025-10,yancheng_1,744.0,0.5134408602150538,0.0,0.5134408602150538,0.0,0.0,0.0,382.0,0.0,0.0,0.0,0.02617801047120419,69.95811518324608
all,D+2,2025-10,yancheng_2,744.0,0.5134408602150538,0.0,0.5134408602150538,0.0,0.0,0.0,382.0,0.0,0.0,0.0,0.03664921465968586,65.97120418848168
all,D+2,2025-10,yancheng_3,744.0,0.510752688172043,0.0,0.510752688172043,0.0,0.0,0.0,380.0,0.0,0.0,0.0,0.021052631578947368,72.58157894736843
all,D+2,2025-11,changzhou_1,720.0,0.5458333333333333,0.0,0.5458333333333333,0.0,0.0,0.0,393.0,0.0,0.0,0.0,0.03307888040712468,48.47328244274809
all,D+2,2025-11,huai_an_1,720.0,0.5430555555555555,0.0,0.5430555555555555,0.0,0.0,0.0,391.0,0.0,0.0,0.0,0.020460358056265986,44.05882352941177
all,D+2,2025-11,huai_an_2,720.0,0.5444444444444444,0.0,0.5444444444444444,0.0,0.0,0.0,392.0,0.0,0.0,0.0,0.02040816326530612,44.40561224489796
all,D+2,2025-11,huai_an_3,720.0,0.5416666666666666,0.0,0.5416666666666666,0.0,0.0,0.0,390.0,0.0,0.0,0.0,0.03076923076923077,43.774358974358975
all,D+2,2025-11,lianyungang_1,720.0,0.5513888888888889,0.0,0.5513888888888889,0.0,0.0,0.0,397.0,0.0,0.0,0.0,0.03526448362720403,39.92947103274559
all,D+2,2025-11,lianyungang_2,720.0,0.5472222222222223,0.0,0.5472222222222223,0.0,0.0,0.0,394.0,0.0,0.0,0.0,0.02030456852791878,39.98730964467005
all,D+2,2025-11,nanjing_1,720.0,0.5375,0.0,0.5375,0.0,0.0,0.0,387.0,0.0,0.0,0.0,0.03359173126614987,48.59173126614987
all,D+2,2025-11,nanjing_2,720.0,0.5361111111111111,0.0,0.5361111111111111,0.0,0.0,0.0,386.0,0.0,0.0,0.0,0.025906735751295335,47.409326424870464
all,D+2,2025-11,nantong_1,720.0,0.5416666666666666,0.0,0.5416666666666666,0.0,0.0,0.0,390.0,0.0,0.0,0.0,0.005128205128205128,49.63333333333333
all,D+2,2025-11,nantong_2,720.0,0.5416666666666666,0.0,0.5416666666666666,0.0,0.0,0.0,390.0,0.0,0.0,0.0,0.0,49.05128205128205
all,D+2,2025-11,suqian_1,720.0,0.5458333333333333,0.0,0.5458333333333333,0.0,0.0,0.0,393.0,0.0,0.0,0.0,0.03816793893129771,42.43765903307888
all,D+2,2025-11,suzhou_1,720.0,0.5416666666666666,0.0,0.5416666666666666,0.0,0.0,0.0,390.0,0.0,0.0,0.0,0.005128205128205128,48.02564102564103
all,D+2,2025-11,taizhou_1,720.0,0.5416666666666666,0.0,0.5416666666666666,0.0,0.0,0.0,390.0,0.0,0.0,0.0,0.015384615384615385,45.43589743589744
all,D+2,2025-11,taizhou_2,720.0,0.5416666666666666,0.0,0.5416666666666666,0.0,0.0,0.0,390.0,0.0,0.0,0.0,0.005128205128205128,44.52307692307692
all,D+2,2025-11,wuxi_1,720.0,0.5416666666666666,0.0,0.5416666666666666,0.0,0.0,0.0,390.0,0.0,0.0,0.0,0.020512820512820513,49.323076923076925
all,D+2,2025-11,xuzhou_1,720.0,0.5555555555555556,0.0,0.5555555555555556,0.0,0.0,0.0,400.0,0.0,0.0,0.0,0.0525,40.285
all,D+2,2025-11,xuzhou_2,720.0,0.5513888888888889,0.0,0.5513888888888889,0.0,0.0,0.0,397.0,0.0,0.0,0.0,0.04785894206549118,42.01007556675063
all,D+2,2025-11,yancheng_1,720.0,0.5430555555555555,0.0,0.5430555555555555,0.0,0.0,0.0,391.0,0.0,0.0,0.0,0.01278772378516624,45.33503836317136
all,D+2,2025-11,yancheng_2,720.0,0.5416666666666666,0.0,0.5416666666666666,0.0,0.0,0.0,390.0,0.0,0.0,0.0,0.005128205128205128,44.08205128205128
all,D+2,2025-11,yancheng_3,720.0,0.5430555555555555,0.0,0.5430555555555555,0.0,0.0,0.0,391.0,0.0,0.0,0.0,0.017902813299232736,44.47570332480819
all,D+2,2025-12,changzhou_1,744.0,0.5739247311827957,0.0,0.5739247311827957,0.0,0.0,0.0,427.0,0.0,0.0,0.0,0.03278688524590164,51.295081967213115
all,D+2,2025-12,huai_an_1,744.0,0.5833333333333334,0.0,0.5833333333333334,0.0,0.0,0.0,434.0,0.0,0.0,0.0,0.018433179723502304,51.00691244239631
all,D+2,2025-12,huai_an_2,744.0,0.5833333333333334,0.0,0.5833333333333334,0.0,0.0,0.0,434.0,0.0,0.0,0.0,0.013824884792626729,47.3479262672811
all,D+2,2025-12,huai_an_3,744.0,0.5833333333333334,0.0,0.5833333333333334,0.0,0.0,0.0,434.0,0.0,0.0,0.0,0.020737327188940093,51.672811059907836
all,D+2,2025-12,lianyungang_1,744.0,0.5846774193548387,0.0,0.5846774193548387,0.0,0.0,0.0,435.0,0.0,0.0,0.0,0.0022988505747126436,45.377011494252876
all,D+2,2025-12,lianyungang_2,744.0,0.5833333333333334,0.0,0.5833333333333334,0.0,0.0,0.0,434.0,0.0,0.0,0.0,0.0069124423963133645,48.21889400921659
all,D+2,2025-12,nanjing_1,744.0,0.581989247311828,0.0,0.581989247311828,0.0,0.0,0.0,433.0,0.0,0.0,0.0,0.03926096997690531,53.648960739030024
all,D+2,2025-12,nanjing_2,744.0,0.5779569892473119,0.0,0.5779569892473119,0.0,0.0,0.0,430.0,0.0,0.0,0.0,0.03953488372093023,53.46511627906977
all,D+2,2025-12,nantong_1,744.0,0.5658602150537635,0.0,0.5658602150537635,0.0,0.0,0.0,421.0,0.0,0.0,0.0,0.028503562945368172,51.76722090261283
all,D+2,2025-12,nantong_2,744.0,0.5604838709677419,0.0,0.5604838709677419,0.0,0.0,0.0,417.0,0.0,0.0,0.0,0.03357314148681055,52.726618705035975
all,D+2,2025-12,suqian_1,744.0,0.5833333333333334,0.0,0.5833333333333334,0.0,0.0,0.0,434.0,0.0,0.0,0.0,0.009216589861751152,46.26958525345622
all,D+2,2025-12,suzhou_1,744.0,0.5631720430107527,0.0,0.5631720430107527,0.0,0.0,0.0,419.0,0.0,0.0,0.0,0.03341288782816229,45.27684964200478
all,D+2,2025-12,taizhou_1,744.0,0.5779569892473119,0.0,0.5779569892473119,0.0,0.0,0.0,430.0,0.0,0.0,0.0,0.018604651162790697,54.7953488372093
all,D+2,2025-12,taizhou_2,744.0,0.5725806451612904,0.0,0.5725806451612904,0.0,0.0,0.0,426.0,0.0,0.0,0.0,0.02112676056338028,53.48826291079812
all,D+2,2025-12,wuxi_1,744.0,0.5698924731182796,0.0,0.5698924731182796,0.0,0.0,0.0,424.0,0.0,0.0,0.0,0.03537735849056604,47.98349056603774
all,D+2,2025-12,xuzhou_1,744.0,0.5833333333333334,0.0,0.5833333333333334,0.0,0.0,0.0,434.0,0.0,0.0,0.0,0.027649769585253458,45.30414746543779
all,D+2,2025-12,xuzhou_2,744.0,0.5833333333333334,0.0,0.5833333333333334,0.0,0.0,0.0,434.0,0.0,0.0,0.0,0.018433179723502304,43.14976958525346
all,D+2,2025-12,yancheng_1,744.0,0.5833333333333334,0.0,0.5833333333333334,0.0,0.0,0.0,434.0,0.0,0.0,0.0,0.016129032258064516,47.86405529953917
all,D+2,2025-12,yancheng_2,744.0,0.5739247311827957,0.0,0.5739247311827957,0.0,0.0,0.0,427.0,0.0,0.0,0.0,0.01873536299765808,53.585480093676814
all,D+2,2025-12,yancheng_3,744.0,0.5793010752688172,0.0,0.5793010752688172,0.0,0.0,0.0,431.0,0.0,0.0,0.0,0.016241299303944315,52.874709976798144
all,D+2,2026-01,changzhou_1,744.0,0.5510752688172043,0.0,0.5510752688172043,0.0,0.0,0.0,410.0,0.0,0.0,0.0,0.02195121951219512,45.607317073170734
all,D+2,2026-01,huai_an_1,744.0,0.5524193548387096,0.0,0.5524193548387096,0.0,0.0,0.0,411.0,0.0,0.0,0.0,0.019464720194647202,49.209245742092456
all,D+2,2026-01,huai_an_2,744.0,0.5551075268817204,0.0,0.5551075268817204,0.0,0.0,0.0,413.0,0.0,0.0,0.0,0.01694915254237288,50.738498789346245
all,D+2,2026-01,huai_an_3,744.0,0.5470430107526881,0.0,0.5470430107526881,0.0,0.0,0.0,407.0,0.0,0.0,0.0,0.009828009828009828,52.383292383292385
all,D+2,2026-01,lianyungang_1,744.0,0.5551075268817204,0.0,0.5551075268817204,0.0,0.0,0.0,413.0,0.0,0.0,0.0,0.021791767554479417,49.97578692493947
all,D+2,2026-01,lianyungang_2,744.0,0.5604838709677419,0.0,0.5604838709677419,0.0,0.0,0.0,417.0,0.0,0.0,0.0,0.02158273381294964,49.961630695443645
all,D+2,2026-01,nanjing_1,744.0,0.5456989247311828,0.0,0.5456989247311828,0.0,0.0,0.0,406.0,0.0,0.0,0.0,0.007389162561576354,47.724137931034484
all,D+2,2026-01,nanjing_2,744.0,0.5470430107526881,0.0,0.5470430107526881,0.0,0.0,0.0,407.0,0.0,0.0,0.0,0.009828009828009828,46.368550368550366
all,D+2,2026-01,nantong_1,744.0,0.5591397849462365,0.0,0.5591397849462365,0.0,0.0,0.0,416.0,0.0,0.0,0.0,0.04567307692307692,43.62259615384615
all,D+2,2026-01,nantong_2,744.0,0.5631720430107527,0.0,0.5631720430107527,0.0,0.0,0.0,419.0,0.0,0.0,0.0,0.09307875894988067,48.527446300715994
all,D+2,2026-01,suqian_1,744.0,0.5483870967741935,0.0,0.5483870967741935,0.0,0.0,0.0,408.0,0.0,0.0,0.0,0.012254901960784314,51.35049019607843
all,D+2,2026-01,suzhou_1,744.0,0.5577956989247311,0.0,0.5577956989247311,0.0,0.0,0.0,415.0,0.0,0.0,0.0,0.05542168674698795,41.25301204819277
all,D+2,2026-01,taizhou_1,744.0,0.5551075268817204,0.0,0.5551075268817204,0.0,0.0,0.0,413.0,0.0,0.0,0.0,0.024213075060532687,49.4769975786925
all,D+2,2026-01,taizhou_2,744.0,0.5591397849462365,0.0,0.5591397849462365,0.0,0.0,0.0,416.0,0.0,0.0,0.0,0.028846153846153848,49.86057692307692
all,D+2,2026-01,wuxi_1,744.0,0.5497311827956989,0.0,0.5497311827956989,0.0,0.0,0.0,409.0,0.0,0.0,0.0,0.03178484107579462,47.80684596577017
all,D+2,2026-01,xuzhou_1,744.0,0.543010752688172,0.0,0.543010752688172,0.0,0.0,0.0,404.0,0.0,0.0,0.0,0.0024752475247524753,50.89356435643565
all,D+2,2026-01,xuzhou_2,744.0,0.5456989247311828,0.0,0.5456989247311828,0.0,0.0,0.0,406.0,0.0,0.0,0.0,0.007389162561576354,50.573891625615765
all,D+2,2026-01,yancheng_1,744.0,0.5591397849462365,0.0,0.5591397849462365,0.0,0.0,0.0,416.0,0.0,0.0,0.0,0.021634615384615384,49.60096153846154
all,D+2,2026-01,yancheng_2,744.0,0.5591397849462365,0.0,0.5591397849462365,0.0,0.0,0.0,416.0,0.0,0.0,0.0,0.02403846153846154,48.13701923076923
all,D+2,2026-01,yancheng_3,744.0,0.5564516129032258,0.0,0.5564516129032258,0.0,0.0,0.0,414.0,0.0,0.0,0.0,0.021739130434782608,49.05555555555556
all,D+2,2026-02,changzhou_1,672.0,0.5133928571428571,0.0,0.5133928571428571,0.0,0.0,0.0,345.0,0.0,0.0,0.0,0.02608695652173913,62.65797101449275
all,D+2,2026-02,huai_an_1,672.0,0.5193452380952381,0.0,0.5193452380952381,0.0,0.0,0.0,349.0,0.0,0.0,0.0,0.025787965616045846,53.75358166189112
all,D+2,2026-02,huai_an_2,672.0,0.5208333333333334,0.0,0.5208333333333334,0.0,0.0,0.0,350.0,0.0,0.0,0.0,0.022857142857142857,55.61714285714286
all,D+2,2026-02,huai_an_3,672.0,0.5267857142857143,0.0,0.5267857142857143,0.0,0.0,0.0,354.0,0.0,0.0,0.0,0.02824858757062147,56.25706214689266
all,D+2,2026-02,lianyungang_1,672.0,0.5267857142857143,0.0,0.5267857142857143,0.0,0.0,0.0,354.0,0.0,0.0,0.0,0.01977401129943503,50.50282485875706
all,D+2,2026-02,lianyungang_2,672.0,0.5223214285714286,0.0,0.5223214285714286,0.0,0.0,0.0,351.0,0.0,0.0,0.0,0.022792022792022793,52.065527065527064
all,D+2,2026-02,nanjing_1,672.0,0.5267857142857143,0.0,0.5267857142857143,0.0,0.0,0.0,354.0,0.0,0.0,0.0,0.03389830508474576,62.09604519774011
all,D+2,2026-02,nanjing_2,672.0,0.5208333333333334,0.0,0.5208333333333334,0.0,0.0,0.0,350.0,0.0,0.0,0.0,0.03428571428571429,63.61142857142857
all,D+2,2026-02,nantong_1,672.0,0.5044642857142857,0.0,0.5044642857142857,0.0,0.0,0.0,339.0,0.0,0.0,0.0,0.008849557522123894,57.81120943952802
all,D+2,2026-02,nantong_2,672.0,0.5029761904761905,0.0,0.5029761904761905,0.0,0.0,0.0,338.0,0.0,0.0,0.0,0.005917159763313609,59.47337278106509
all,D+2,2026-02,suqian_1,672.0,0.5297619047619048,0.0,0.5297619047619048,0.0,0.0,0.0,356.0,0.0,0.0,0.0,0.025280898876404494,56.45505617977528
all,D+2,2026-02,suzhou_1,672.0,0.5059523809523809,0.0,0.5059523809523809,0.0,0.0,0.0,340.0,0.0,0.0,0.0,0.011764705882352941,61.53529411764706
all,D+2,2026-02,taizhou_1,672.0,0.5148809523809523,0.0,0.5148809523809523,0.0,0.0,0.0,346.0,0.0,0.0,0.0,0.02601156069364162,54.03179190751445
all,D+2,2026-02,taizhou_2,672.0,0.5089285714285714,0.0,0.5089285714285714,0.0,0.0,0.0,342.0,0.0,0.0,0.0,0.017543859649122806,51.219298245614034
all,D+2,2026-02,wuxi_1,672.0,0.5104166666666666,0.0,0.5104166666666666,0.0,0.0,0.0,343.0,0.0,0.0,0.0,0.02040816326530612,65.03790087463557
all,D+2,2026-02,xuzhou_1,672.0,0.5401785714285714,0.0,0.5401785714285714,0.0,0.0,0.0,363.0,0.0,0.0,0.0,0.03581267217630854,53.45730027548209
all,D+2,2026-02,xuzhou_2,672.0,0.5372023809523809,0.0,0.5372023809523809,0.0,0.0,0.0,361.0,0.0,0.0,0.0,0.030470914127423823,55.45983379501385
all,D+2,2026-02,yancheng_1,672.0,0.5178571428571429,0.0,0.5178571428571429,0.0,0.0,0.0,348.0,0.0,0.0,0.0,0.022988505747126436,54.97126436781609
all,D+2,2026-02,yancheng_2,672.0,0.5104166666666666,0.0,0.5104166666666666,0.0,0.0,0.0,343.0,0.0,0.0,0.0,0.02040816326530612,51.83090379008746
all,D+2,2026-02,yancheng_3,672.0,0.5163690476190477,0.0,0.5163690476190477,0.0,0.0,0.0,347.0,0.0,0.0,0.0,0.025936599423631124,52.88472622478386
all,D+2,2026-03,changzhou_1,744.0,0.4905913978494624,0.0,0.4905913978494624,0.0,0.0,0.0,365.0,0.0,0.0,0.0,0.052054794520547946,80.81369863013698
all,D+2,2026-03,huai_an_1,744.0,0.4852150537634409,0.0,0.4852150537634409,0.0,0.0,0.0,361.0,0.0,0.0,0.0,0.0443213296398892,74.44875346260388
all,D+2,2026-03,huai_an_2,744.0,0.4852150537634409,0.0,0.4852150537634409,0.0,0.0,0.0,361.0,0.0,0.0,0.0,0.04155124653739612,77.12742382271468
all,D+2,2026-03,huai_an_3,744.0,0.48118279569892475,0.0,0.48118279569892475,0.0,0.0,0.0,358.0,0.0,0.0,0.0,0.03910614525139665,76.25698324022346
all,D+2,2026-03,lianyungang_1,744.0,0.478494623655914,0.0,0.478494623655914,0.0,0.0,0.0,356.0,0.0,0.0,0.0,0.033707865168539325,78.35112359550561
all,D+2,2026-03,lianyungang_2,744.0,0.4825268817204301,0.0,0.4825268817204301,0.0,0.0,0.0,359.0,0.0,0.0,0.0,0.036211699164345405,78.52646239554318
all,D+2,2026-03,nanjing_1,744.0,0.4852150537634409,0.0,0.4852150537634409,0.0,0.0,0.0,361.0,0.0,0.0,0.0,0.04986149584487535,76.44875346260388
all,D+2,2026-03,nanjing_2,744.0,0.4905913978494624,0.0,0.4905913978494624,0.0,0.0,0.0,365.0,0.0,0.0,0.0,0.057534246575342465,79.75616438356164
all,D+2,2026-03,nantong_1,744.0,0.4932795698924731,0.0,0.4932795698924731,0.0,0.0,0.0,367.0,0.0,0.0,0.0,0.04632152588555858,79.97002724795641
all,D+2,2026-03,nantong_2,744.0,0.4946236559139785,0.0,0.4946236559139785,0.0,0.0,0.0,368.0,0.0,0.0,0.0,0.04619565217391304,78.61141304347827
all,D+2,2026-03,suqian_1,744.0,0.4771505376344086,0.0,0.4771505376344086,0.0,0.0,0.0,355.0,0.0,0.0,0.0,0.030985915492957747,80.46760563380282
all,D+2,2026-03,suzhou_1,744.0,0.4946236559139785,0.0,0.4946236559139785,0.0,0.0,0.0,368.0,0.0,0.0,0.0,0.04891304347826087,82.76902173913044
all,D+2,2026-03,taizhou_1,744.0,0.4879032258064516,0.0,0.4879032258064516,0.0,0.0,0.0,363.0,0.0,0.0,0.0,0.046831955922865015,77.16528925619835
all,D+2,2026-03,taizhou_2,744.0,0.4946236559139785,0.0,0.4946236559139785,0.0,0.0,0.0,368.0,0.0,0.0,0.0,0.05434782608695652,76.17391304347827
all,D+2,2026-03,wuxi_1,744.0,0.4959677419354839,0.0,0.4959677419354839,0.0,0.0,0.0,369.0,0.0,0.0,0.0,0.05962059620596206,83.59891598915989
all,D+2,2026-03,xuzhou_1,744.0,0.4650537634408602,0.0,0.4650537634408602,0.0,0.0,0.0,346.0,0.0,0.0,0.0,0.014450867052023121,74.34682080924856
all,D+2,2026-03,xuzhou_2,744.0,0.4717741935483871,0.0,0.4717741935483871,0.0,0.0,0.0,351.0,0.0,0.0,0.0,0.02849002849002849,80.48717948717949
all,D+2,2026-03,yancheng_1,744.0,0.4852150537634409,0.0,0.4852150537634409,0.0,0.0,0.0,361.0,0.0,0.0,0.0,0.04155124653739612,76.52631578947368
all,D+2,2026-03,yancheng_2,744.0,0.4932795698924731,0.0,0.4932795698924731,0.0,0.0,0.0,367.0,0.0,0.0,0.0,0.051771117166212535,73.57220708446866
all,D+2,2026-03,yancheng_3,744.0,0.4879032258064516,0.0,0.4879032258064516,0.0,0.0,0.0,363.0,0.0,0.0,0.0,0.046831955922865015,74.95867768595042
all,D+2,2026-04,changzhou_1,720.0,0.42777777777777776,0.0,0.42777777777777776,0.0,0.0,0.0,308.0,0.0,0.0,0.0,0.025974025974025976,75.77272727272727
all,D+2,2026-04,huai_an_1,720.0,0.425,0.0,0.425,0.0,0.0,0.0,306.0,0.0,0.0,0.0,0.0196078431372549,75.12418300653594
all,D+2,2026-04,huai_an_2,720.0,0.425,0.0,0.425,0.0,0.0,0.0,306.0,0.0,0.0,0.0,0.0196078431372549,72.24509803921569
all,D+2,2026-04,huai_an_3,720.0,0.4305555555555556,0.0,0.4305555555555556,0.0,0.0,0.0,310.0,0.0,0.0,0.0,0.03225806451612903,71.60645161290323
all,D+2,2026-04,lianyungang_1,720.0,0.425,0.0,0.425,0.0,0.0,0.0,306.0,0.0,0.0,0.0,0.0196078431372549,67.03921568627452
all,D+2,2026-04,lianyungang_2,720.0,0.42083333333333334,0.0,0.42083333333333334,0.0,0.0,0.0,303.0,0.0,0.0,0.0,0.009900990099009901,70.8976897689769
all,D+2,2026-04,nanjing_1,720.0,0.43472222222222223,0.0,0.43472222222222223,0.0,0.0,0.0,313.0,0.0,0.0,0.0,0.04153354632587859,73.94568690095846
all,D+2,2026-04,nanjing_2,720.0,0.43194444444444446,0.0,0.43194444444444446,0.0,0.0,0.0,311.0,0.0,0.0,0.0,0.03536977491961415,74.65273311897106
all,D+2,2026-04,nantong_1,720.0,0.42916666666666664,0.0,0.42916666666666664,0.0,0.0,0.0,309.0,0.0,0.0,0.0,0.02912621359223301,78.11326860841424
all,D+2,2026-04,nantong_2,720.0,0.42777777777777776,0.0,0.42777777777777776,0.0,0.0,0.0,308.0,0.0,0.0,0.0,0.025974025974025976,80.50649350649351
all,D+2,2026-04,suqian_1,720.0,0.4263888888888889,0.0,0.4263888888888889,0.0,0.0,0.0,307.0,0.0,0.0,0.0,0.02280130293159609,71.41042345276873
all,D+2,2026-04,suzhou_1,720.0,0.42916666666666664,0.0,0.42916666666666664,0.0,0.0,0.0,309.0,0.0,0.0,0.0,0.02912621359223301,77.3495145631068
all,D+2,2026-04,taizhou_1,720.0,0.4263888888888889,0.0,0.4263888888888889,0.0,0.0,0.0,307.0,0.0,0.0,0.0,0.02280130293159609,73.9641693811075
all,D+2,2026-04,taizhou_2,720.0,0.42777777777777776,0.0,0.42777777777777776,0.0,0.0,0.0,308.0,0.0,0.0,0.0,0.025974025974025976,78.0487012987013
all,D+2,2026-04,wuxi_1,720.0,0.4263888888888889,0.0,0.4263888888888889,0.0,0.0,0.0,307.0,0.0,0.0,0.0,0.02280130293159609,75.9413680781759
all,D+2,2026-04,xuzhou_1,720.0,0.43194444444444446,0.0,0.43194444444444446,0.0,0.0,0.0,311.0,0.0,0.0,0.0,0.022508038585209004,65.86816720257235
all,D+2,2026-04,xuzhou_2,720.0,0.43333333333333335,0.0,0.43333333333333335,0.0,0.0,0.0,312.0,0.0,0.0,0.0,0.03205128205128205,68.96794871794872
all,D+2,2026-04,yancheng_1,720.0,0.425,0.0,0.425,0.0,0.0,0.0,306.0,0.0,0.0,0.0,0.0196078431372549,73.49019607843137
all,D+2,2026-04,yancheng_2,720.0,0.42777777777777776,0.0,0.42777777777777776,0.0,0.0,0.0,308.0,0.0,0.0,0.0,0.025974025974025976,75.46103896103897
all,D+2,2026-04,yancheng_3,720.0,0.425,0.0,0.425,0.0,0.0,0.0,306.0,0.0,0.0,0.0,0.0196078431372549,75.36601307189542
all,D+2,2026-05,changzhou_1,744.0,0.4166666666666667,0.0,0.4166666666666667,0.0,0.0,0.0,310.0,0.0,0.0,0.0,0.0,71.20645161290322
all,D+2,2026-05,huai_an_1,744.0,0.4166666666666667,0.0,0.4166666666666667,0.0,0.0,0.0,310.0,0.0,0.0,0.0,0.0,70.24193548387096
all,D+2,2026-05,huai_an_2,744.0,0.4166666666666667,0.0,0.4166666666666667,0.0,0.0,0.0,310.0,0.0,0.0,0.0,0.025806451612903226,69.65161290322581
all,D+2,2026-05,huai_an_3,744.0,0.41801075268817206,0.0,0.41801075268817206,0.0,0.0,0.0,311.0,0.0,0.0,0.0,0.01929260450160772,69.91639871382637
all,D+2,2026-05,lianyungang_1,744.0,0.4166666666666667,0.0,0.4166666666666667,0.0,0.0,0.0,310.0,0.0,0.0,0.0,0.041935483870967745,65.79354838709678
all,D+2,2026-05,lianyungang_2,744.0,0.4166666666666667,0.0,0.4166666666666667,0.0,0.0,0.0,310.0,0.0,0.0,0.0,0.04838709677419355,69.18064516129033
all,D+2,2026-05,nanjing_1,744.0,0.41801075268817206,0.0,0.41801075268817206,0.0,0.0,0.0,311.0,0.0,0.0,0.0,0.006430868167202572,73.64630225080386
all,D+2,2026-05,nanjing_2,744.0,0.41935483870967744,0.0,0.41935483870967744,0.0,0.0,0.0,312.0,0.0,0.0,0.0,0.00641025641025641,72.1923076923077
all,D+2,2026-05,nantong_1,744.0,0.41801075268817206,0.0,0.41801075268817206,0.0,0.0,0.0,311.0,0.0,0.0,0.0,0.03536977491961415,72.02893890675242
all,D+2,2026-05,nantong_2,744.0,0.4153225806451613,0.0,0.4153225806451613,0.0,0.0,0.0,309.0,0.0,0.0,0.0,0.045307443365695796,68.40453074433657
all,D+2,2026-05,suqian_1,744.0,0.4166666666666667,0.0,0.4166666666666667,0.0,0.0,0.0,310.0,0.0,0.0,0.0,0.03225806451612903,67.75806451612904
all,D+2,2026-05,suzhou_1,744.0,0.4166666666666667,0.0,0.4166666666666667,0.0,0.0,0.0,310.0,0.0,0.0,0.0,0.025806451612903226,71.22258064516129
all,D+2,2026-05,taizhou_1,744.0,0.41801075268817206,0.0,0.41801075268817206,0.0,0.0,0.0,311.0,0.0,0.0,0.0,0.00964630225080386,67.61736334405144
all,D+2,2026-05,taizhou_2,744.0,0.41801075268817206,0.0,0.41801075268817206,0.0,0.0,0.0,311.0,0.0,0.0,0.0,0.03536977491961415,67.35048231511254
all,D+2,2026-05,wuxi_1,744.0,0.41801075268817206,0.0,0.41801075268817206,0.0,0.0,0.0,311.0,0.0,0.0,0.0,0.003215434083601286,68.78778135048232
all,D+2,2026-05,xuzhou_1,744.0,0.40456989247311825,0.0,0.40456989247311825,0.0,0.0,0.0,301.0,0.0,0.0,0.0,0.03986710963455149,62.222591362126245
all,D+2,2026-05,xuzhou_2,744.0,0.4112903225806452,0.0,0.4112903225806452,0.0,0.0,0.0,306.0,0.0,0.0,0.0,0.0392156862745098,66.11111111111111
all,D+2,2026-05,yancheng_1,744.0,0.41801075268817206,0.0,0.41801075268817206,0.0,0.0,0.0,311.0,0.0,0.0,0.0,0.03215434083601286,68.71061093247589
all,D+2,2026-05,yancheng_2,744.0,0.41801075268817206,0.0,0.41801075268817206,0.0,0.0,0.0,311.0,0.0,0.0,0.0,0.03858520900321544,66.61093247588424
all,D+2,2026-05,yancheng_3,744.0,0.4166666666666667,0.0,0.4166666666666667,0.0,0.0,0.0,310.0,0.0,0.0,0.0,0.012903225806451613,68.74193548387096
all,D+2,2026-06,changzhou_1,720.0,0.4166666666666667,0.0,0.4166666666666667,0.0,0.0,0.0,300.0,0.0,0.0,0.0,0.06333333333333334,80.90333333333334
all,D+2,2026-06,huai_an_1,720.0,0.4013888888888889,0.0,0.4013888888888889,0.0,0.0,0.0,289.0,0.0,0.0,0.0,0.1384083044982699,78.96539792387543
all,D+2,2026-06,huai_an_2,720.0,0.39444444444444443,0.0,0.39444444444444443,0.0,0.0,0.0,284.0,0.0,0.0,0.0,0.14788732394366197,75.8943661971831
all,D+2,2026-06,huai_an_3,720.0,0.39444444444444443,0.0,0.39444444444444443,0.0,0.0,0.0,284.0,0.0,0.0,0.0,0.04929577464788732,80.73591549295774
all,D+2,2026-06,lianyungang_1,720.0,0.37916666666666665,0.0,0.37916666666666665,0.0,0.0,0.0,273.0,0.0,0.0,0.0,0.10256410256410256,74.33699633699634
all,D+2,2026-06,lianyungang_2,720.0,0.3861111111111111,0.0,0.3861111111111111,0.0,0.0,0.0,278.0,0.0,0.0,0.0,0.1366906474820144,74.36690647482014
all,D+2,2026-06,nanjing_1,720.0,0.40555555555555556,0.0,0.40555555555555556,0.0,0.0,0.0,292.0,0.0,0.0,0.0,0.07534246575342465,76.26027397260275
all,D+2,2026-06,nanjing_2,720.0,0.41388888888888886,0.0,0.41388888888888886,0.0,0.0,0.0,298.0,0.0,0.0,0.0,0.08053691275167785,78.71476510067114
all,D+2,2026-06,nantong_1,720.0,0.4166666666666667,0.0,0.4166666666666667,0.0,0.0,0.0,300.0,0.0,0.0,0.0,0.11,80.59
all,D+2,2026-06,nantong_2,720.0,0.4041666666666667,0.0,0.4041666666666667,0.0,0.0,0.0,291.0,0.0,0.0,0.0,0.07216494845360824,83.33333333333333
all,D+2,2026-06,suqian_1,720.0,0.3819444444444444,0.0,0.3819444444444444,0.0,0.0,0.0,275.0,0.0,0.0,0.0,0.01818181818181818,77.22181818181818
all,D+2,2026-06,suzhou_1,720.0,0.4166666666666667,0.0,0.4166666666666667,0.0,0.0,0.0,300.0,0.0,0.0,0.0,0.09666666666666666,84.45
all,D+2,2026-06,taizhou_1,720.0,0.40694444444444444,0.0,0.40694444444444444,0.0,0.0,0.0,293.0,0.0,0.0,0.0,0.14334470989761092,82.7679180887372
all,D+2,2026-06,taizhou_2,720.0,0.4166666666666667,0.0,0.4166666666666667,0.0,0.0,0.0,300.0,0.0,0.0,0.0,0.16333333333333333,81.9
all,D+2,2026-06,wuxi_1,720.0,0.4166666666666667,0.0,0.4166666666666667,0.0,0.0,0.0,300.0,0.0,0.0,0.0,0.03666666666666667,79.30666666666667
all,D+2,2026-06,xuzhou_1,720.0,0.37916666666666665,0.0,0.37916666666666665,0.0,0.0,0.0,273.0,0.0,0.0,0.0,0.01098901098901099,73.36996336996337
all,D+2,2026-06,xuzhou_2,720.0,0.3819444444444444,0.0,0.3819444444444444,0.0,0.0,0.0,275.0,0.0,0.0,0.0,0.01818181818181818,75.89818181818181
all,D+2,2026-06,yancheng_1,720.0,0.4013888888888889,0.0,0.4013888888888889,0.0,0.0,0.0,289.0,0.0,0.0,0.0,0.1695501730103806,76.45328719723183
all,D+2,2026-06,yancheng_2,720.0,0.4166666666666667,0.0,0.4166666666666667,0.0,0.0,0.0,300.0,0.0,0.0,0.0,0.17,83.07666666666667
all,D+2,2026-06,yancheng_3,720.0,0.40694444444444444,0.0,0.40694444444444444,0.0,0.0,0.0,293.0,0.0,0.0,0.0,0.16040955631399317,81.13310580204778
all,D+2,2026-07,changzhou_1,744.0,0.4166666666666667,0.0,0.4166666666666667,0.0,0.0,0.0,310.0,0.0,0.0,0.0,0.05806451612903226,82.08064516129032
all,D+2,2026-07,huai_an_1,744.0,0.40725806451612906,0.0,0.40725806451612906,0.0,0.0,0.0,303.0,0.0,0.0,0.0,0.066006600660066,80.43234323432343
all,D+2,2026-07,huai_an_2,744.0,0.4018817204301075,0.0,0.4018817204301075,0.0,0.0,0.0,299.0,0.0,0.0,0.0,0.06020066889632107,75.27090301003345
all,D+2,2026-07,huai_an_3,744.0,0.3978494623655914,0.0,0.3978494623655914,0.0,0.0,0.0,296.0,0.0,0.0,0.0,0.057432432432432436,77.92567567567568
all,D+2,2026-07,lianyungang_1,744.0,0.385752688172043,0.0,0.385752688172043,0.0,0.0,0.0,287.0,0.0,0.0,0.0,0.027874564459930314,61.09059233449477
all,D+2,2026-07,lianyungang_2,744.0,0.3978494623655914,0.0,0.3978494623655914,0.0,0.0,0.0,296.0,0.0,0.0,0.0,0.06756756756756757,69.42567567567568
all,D+2,2026-07,nanjing_1,744.0,0.40053763440860213,0.0,0.40053763440860213,0.0,0.0,0.0,298.0,0.0,0.0,0.0,0.053691275167785234,80.42281879194631
all,D+2,2026-07,nanjing_2,744.0,0.4153225806451613,0.0,0.4153225806451613,0.0,0.0,0.0,309.0,0.0,0.0,0.0,0.0744336569579288,79.20711974110033
all,D+2,2026-07,nantong_1,744.0,0.4166666666666667,0.0,0.4166666666666667,0.0,0.0,0.0,310.0,0.0,0.0,0.0,0.012903225806451613,80.84516129032258
all,D+2,2026-07,nantong_2,744.0,0.4166666666666667,0.0,0.4166666666666667,0.0,0.0,0.0,310.0,0.0,0.0,0.0,0.025806451612903226,76.77096774193548
all,D+2,2026-07,suqian_1,744.0,0.3897849462365591,0.0,0.3897849462365591,0.0,0.0,0.0,290.0,0.0,0.0,0.0,0.03793103448275862,68.0551724137931
all,D+2,2026-07,suzhou_1,744.0,0.4166666666666667,0.0,0.4166666666666667,0.0,0.0,0.0,310.0,0.0,0.0,0.0,0.0,80.14516129032258
all,D+2,2026-07,taizhou_1,744.0,0.4166666666666667,0.0,0.4166666666666667,0.0,0.0,0.0,310.0,0.0,0.0,0.0,0.07419354838709677,81.61935483870968
all,D+2,2026-07,taizhou_2,744.0,0.4166666666666667,0.0,0.4166666666666667,0.0,0.0,0.0,310.0,0.0,0.0,0.0,0.06129032258064516,80.61935483870968
all,D+2,2026-07,wuxi_1,744.0,0.4166666666666667,0.0,0.4166666666666667,0.0,0.0,0.0,310.0,0.0,0.0,0.0,0.03225806451612903,79.2
all,D+2,2026-07,xuzhou_1,744.0,0.3763440860215054,0.0,0.3763440860215054,0.0,0.0,0.0,280.0,0.0,0.0,0.0,0.0035714285714285713,67.58571428571429
all,D+2,2026-07,xuzhou_2,744.0,0.3790322580645161,0.0,0.3790322580645161,0.0,0.0,0.0,282.0,0.0,0.0,0.0,0.010638297872340425,64.85460992907801
all,D+2,2026-07,yancheng_1,744.0,0.40053763440860213,0.0,0.40053763440860213,0.0,0.0,0.0,298.0,0.0,0.0,0.0,0.05704697986577181,75.95302013422818
all,D+2,2026-07,yancheng_2,744.0,0.4166666666666667,0.0,0.4166666666666667,0.0,0.0,0.0,310.0,0.0,0.0,0.0,0.07419354838709677,78.03225806451613
all,D+2,2026-07,yancheng_3,744.0,0.41397849462365593,0.0,0.41397849462365593,0.0,0.0,0.0,308.0,0.0,0.0,0.0,0.07142857142857142,81.21753246753246
all,D+2,2026-08,changzhou_1,744.0,0.4206989247311828,0.0,0.4206989247311828,0.0,0.0,0.0,313.0,0.0,0.0,0.0,0.009584664536741214,61.34504792332268
all,D+2,2026-08,huai_an_1,744.0,0.42338709677419356,0.0,0.42338709677419356,0.0,0.0,0.0,315.0,0.0,0.0,0.0,0.015873015873015872,58.853968253968254
all,D+2,2026-08,huai_an_2,744.0,0.4206989247311828,0.0,0.4206989247311828,0.0,0.0,0.0,313.0,0.0,0.0,0.0,0.009584664536741214,58.96166134185304
all,D+2,2026-08,huai_an_3,744.0,0.4220430107526882,0.0,0.4220430107526882,0.0,0.0,0.0,314.0,0.0,0.0,0.0,0.012738853503184714,58.359872611464965
all,D+2,2026-08,lianyungang_1,744.0,0.41801075268817206,0.0,0.41801075268817206,0.0,0.0,0.0,311.0,0.0,0.0,0.0,0.012861736334405145,57.77491961414791
all,D+2,2026-08,lianyungang_2,744.0,0.41801075268817206,0.0,0.41801075268817206,0.0,0.0,0.0,311.0,0.0,0.0,0.0,0.003215434083601286,59.81993569131833
all,D+2,2026-08,nanjing_1,744.0,0.4220430107526882,0.0,0.4220430107526882,0.0,0.0,0.0,314.0,0.0,0.0,0.0,0.012738853503184714,62.0859872611465
all,D+2,2026-08,nanjing_2,744.0,0.4206989247311828,0.0,0.4206989247311828,0.0,0.0,0.0,313.0,0.0,0.0,0.0,0.009584664536741214,55.805111821086264
all,D+2,2026-08,nantong_1,744.0,0.41801075268817206,0.0,0.41801075268817206,0.0,0.0,0.0,311.0,0.0,0.0,0.0,0.003215434083601286,56.98713826366559
all,D+2,2026-08,nantong_2,744.0,0.4166666666666667,0.0,0.4166666666666667,0.0,0.0,0.0,310.0,0.0,0.0,0.0,0.0,56.30967741935484
all,D+2,2026-08,suqian_1,744.0,0.41801075268817206,0.0,0.41801075268817206,0.0,0.0,0.0,311.0,0.0,0.0,0.0,0.012861736334405145,56.643086816720256
all,D+2,2026-08,suzhou_1,744.0,0.41935483870967744,0.0,0.41935483870967744,0.0,0.0,0.0,312.0,0.0,0.0,0.0,0.00641025641025641,56.69871794871795
all,D+2,2026-08,taizhou_1,744.0,0.4206989247311828,0.0,0.4206989247311828,0.0,0.0,0.0,313.0,0.0,0.0,0.0,0.009584664536741214,56.61341853035144
all,D+2,2026-08,taizhou_2,744.0,0.4206989247311828,0.0,0.4206989247311828,0.0,0.0,0.0,313.0,0.0,0.0,0.0,0.009584664536741214,61.0
all,D+2,2026-08,wuxi_1,744.0,0.4166666666666667,0.0,0.4166666666666667,0.0,0.0,0.0,310.0,0.0,0.0,0.0,0.0,56.94516129032258
all,D+2,2026-08,xuzhou_1,744.0,0.41397849462365593,0.0,0.41397849462365593,0.0,0.0,0.0,308.0,0.0,0.0,0.0,0.02922077922077922,51.65909090909091
all,D+2,2026-08,xuzhou_2,744.0,0.4206989247311828,0.0,0.4206989247311828,0.0,0.0,0.0,313.0,0.0,0.0,0.0,0.03194888178913738,59.93929712460064
all,D+2,2026-08,yancheng_1,744.0,0.42338709677419356,0.0,0.42338709677419356,0.0,0.0,0.0,315.0,0.0,0.0,0.0,0.015873015873015872,59.93015873015873
all,D+2,2026-08,yancheng_2,744.0,0.4220430107526882,0.0,0.4220430107526882,0.0,0.0,0.0,314.0,0.0,0.0,0.0,0.012738853503184714,60.77388535031847
all,D+2,2026-08,yancheng_3,744.0,0.4220430107526882,0.0,0.4220430107526882,0.0,0.0,0.0,314.0,0.0,0.0,0.0,0.012738853503184714,58.57006369426752
all,D+3,2024-02,changzhou_1,696.0,0.5201149425287356,0.0,0.5201149425287356,0.0,0.0,0.0,362.0,0.0,0.0,0.0,0.03867403314917127,79.05801104972376
all,D+3,2024-02,huai_an_1,696.0,0.5258620689655172,0.0,0.5258620689655172,0.0,0.0,0.0,366.0,0.0,0.0,0.0,0.03551912568306011,76.30601092896175
all,D+3,2024-02,huai_an_2,696.0,0.5258620689655172,0.0,0.5258620689655172,0.0,0.0,0.0,366.0,0.0,0.0,0.0,0.03278688524590164,74.77595628415301
all,D+3,2024-02,huai_an_3,696.0,0.5287356321839081,0.0,0.5287356321839081,0.0,0.0,0.0,368.0,0.0,0.0,0.0,0.03260869565217391,76.4211956521739
all,D+3,2024-02,lianyungang_1,696.0,0.5301724137931034,0.0,0.5301724137931034,0.0,0.0,0.0,369.0,0.0,0.0,0.0,0.02710027100271003,67.11111111111111
all,D+3,2024-02,lianyungang_2,696.0,0.5258620689655172,0.0,0.5258620689655172,0.0,0.0,0.0,366.0,0.0,0.0,0.0,0.0273224043715847,72.15573770491804
all,D+3,2024-02,nanjing_1,696.0,0.5316091954022989,0.0,0.5316091954022989,0.0,0.0,0.0,370.0,0.0,0.0,0.0,0.043243243243243246,78.61351351351351
all,D+3,2024-02,nanjing_2,696.0,0.5244252873563219,0.0,0.5244252873563219,0.0,0.0,0.0,365.0,0.0,0.0,0.0,0.038356164383561646,78.35616438356165
all,D+3,2024-02,nantong_1,696.0,0.5114942528735632,0.0,0.5114942528735632,0.0,0.0,0.0,356.0,0.0,0.0,0.0,0.02247191011235955,80.28370786516854
all,D+3,2024-02,nantong_2,696.0,0.5114942528735632,0.0,0.5114942528735632,0.0,0.0,0.0,356.0,0.0,0.0,0.0,0.02247191011235955,80.22191011235955
all,D+3,2024-02,suqian_1,696.0,0.5301724137931034,0.0,0.5301724137931034,0.0,0.0,0.0,369.0,0.0,0.0,0.0,0.02710027100271003,73.78319783197831
all,D+3,2024-02,suzhou_1,696.0,0.514367816091954,0.0,0.514367816091954,0.0,0.0,0.0,358.0,0.0,0.0,0.0,0.027932960893854747,77.75139664804469
all,D+3,2024-02,taizhou_1,696.0,0.5229885057471264,0.0,0.5229885057471264,0.0,0.0,0.0,364.0,0.0,0.0,0.0,0.038461538461538464,77.07692307692308
all,D+3,2024-02,taizhou_2,696.0,0.5172413793103449,0.0,0.5172413793103449,0.0,0.0,0.0,360.0,0.0,0.0,0.0,0.03333333333333333,80.65555555555555
all,D+3,2024-02,wuxi_1,696.0,0.5129310344827587,0.0,0.5129310344827587,0.0,0.0,0.0,357.0,0.0,0.0,0.0,0.025210084033613446,77.47619047619048
all,D+3,2024-02,xuzhou_1,696.0,0.5344827586206896,0.0,0.5344827586206896,0.0,0.0,0.0,372.0,0.0,0.0,0.0,0.026881720430107527,67.9247311827957
all,D+3,2024-02,xuzhou_2,696.0,0.5301724137931034,0.0,0.5301724137931034,0.0,0.0,0.0,369.0,0.0,0.0,0.0,0.018970189701897018,68.34146341463415
all,D+3,2024-02,yancheng_1,696.0,0.5244252873563219,0.0,0.5244252873563219,0.0,0.0,0.0,365.0,0.0,0.0,0.0,0.03287671232876712,75.81643835616438
all,D+3,2024-02,yancheng_2,696.0,0.5186781609195402,0.0,0.5186781609195402,0.0,0.0,0.0,361.0,0.0,0.0,0.0,0.036011080332409975,81.54847645429363
all,D+3,2024-02,yancheng_3,696.0,0.5272988505747126,0.0,0.5272988505747126,0.0,0.0,0.0,367.0,0.0,0.0,0.0,0.043596730245231606,76.70844686648502
all,D+3,2024-03,changzhou_1,744.0,0.4879032258064516,0.0,0.4879032258064516,0.0,0.0,0.0,363.0,0.0,0.0,0.0,0.049586776859504134,72.9862258953168
all,D+3,2024-03,huai_an_1,744.0,0.48655913978494625,0.0,0.48655913978494625,0.0,0.0,0.0,362.0,0.0,0.0,0.0,0.04696132596685083,72.17403314917127
all,D+3,2024-03,huai_an_2,744.0,0.4838709677419355,0.0,0.4838709677419355,0.0,0.0,0.0,360.0,0.0,0.0,0.0,0.041666666666666664,66.95555555555555
all,D+3,2024-03,huai_an_3,744.0,0.4798387096774194,0.0,0.4798387096774194,0.0,0.0,0.0,357.0,0.0,0.0,0.0,0.0392156862745098,73.22128851540616
all,D+3,2024-03,lianyungang_1,744.0,0.48118279569892475,0.0,0.48118279569892475,0.0,0.0,0.0,358.0,0.0,0.0,0.0,0.03910614525139665,62.31843575418994
all,D+3,2024-03,lianyungang_2,744.0,0.48655913978494625,0.0,0.48655913978494625,0.0,0.0,0.0,362.0,0.0,0.0,0.0,0.04696132596685083,61.32596685082873
all,D+3,2024-03,nanjing_1,744.0,0.4825268817204301,0.0,0.4825268817204301,0.0,0.0,0.0,359.0,0.0,0.0,0.0,0.04456824512534819,75.46239554317549
all,D+3,2024-03,nanjing_2,744.0,0.48655913978494625,0.0,0.48655913978494625,0.0,0.0,0.0,362.0,0.0,0.0,0.0,0.052486187845303865,72.39226519337016
all,D+3,2024-03,nantong_1,744.0,0.4879032258064516,0.0,0.4879032258064516,0.0,0.0,0.0,363.0,0.0,0.0,0.0,0.04132231404958678,72.25068870523415
all,D+3,2024-03,nantong_2,744.0,0.49193548387096775,0.0,0.49193548387096775,0.0,0.0,0.0,366.0,0.0,0.0,0.0,0.04371584699453552,70.05191256830601
all,D+3,2024-03,suqian_1,744.0,0.478494623655914,0.0,0.478494623655914,0.0,0.0,0.0,356.0,0.0,0.0,0.0,0.03932584269662921,68.3005617977528
all,D+3,2024-03,suzhou_1,744.0,0.489247311827957,0.0,0.489247311827957,0.0,0.0,0.0,364.0,0.0,0.0,0.0,0.04395604395604396,71.37912087912088
all,D+3,2024-03,taizhou_1,744.0,0.4879032258064516,0.0,0.4879032258064516,0.0,0.0,0.0,363.0,0.0,0.0,0.0,0.049586776859504134,71.99173553719008
all,D+3,2024-03,taizhou_2,744.0,0.489247311827957,0.0,0.489247311827957,0.0,0.0,0.0,364.0,0.0,0.0,0.0,0.046703296703296704,70.8956043956044
all,D+3,2024-03,wuxi_1,744.0,0.4879032258064516,0.0,0.4879032258064516,0.0,0.0,0.0,363.0,0.0,0.0,0.0,0.046831955922865015,72.22865013774104
all,D+3,2024-03,xuzhou_1,744.0,0.46908602150537637,0.0,0.46908602150537637,0.0,0.0,0.0,349.0,0.0,0.0,0.0,0.022922636103151862,60.05444126074499
all,D+3,2024-03,xuzhou_2,744.0,0.4717741935483871,0.0,0.4717741935483871,0.0,0.0,0.0,351.0,0.0,0.0,0.0,0.02849002849002849,63.24216524216524
all,D+3,2024-03,yancheng_1,744.0,0.489247311827957,0.0,0.489247311827957,0.0,0.0,0.0,364.0,0.0,0.0,0.0,0.04945054945054945,66.61813186813187
all,D+3,2024-03,yancheng_2,744.0,0.489247311827957,0.0,0.489247311827957,0.0,0.0,0.0,364.0,0.0,0.0,0.0,0.046703296703296704,69.51923076923077
all,D+3,2024-03,yancheng_3,744.0,0.4879032258064516,0.0,0.4879032258064516,0.0,0.0,0.0,363.0,0.0,0.0,0.0,0.046831955922865015,71.61432506887053
all,D+3,2024-04,changzhou_1,720.0,0.42916666666666664,0.0,0.42916666666666664,0.0,0.0,0.0,309.0,0.0,0.0,0.0,0.02912621359223301,93.05177993527508
all,D+3,2024-04,huai_an_1,720.0,0.4236111111111111,0.0,0.4236111111111111,0.0,0.0,0.0,305.0,0.0,0.0,0.0,0.01639344262295082,86.42950819672132
all,D+3,2024-04,huai_an_2,720.0,0.42083333333333334,0.0,0.42083333333333334,0.0,0.0,0.0,303.0,0.0,0.0,0.0,0.009900990099009901,84.61716171617162
all,D+3,2024-04,huai_an_3,720.0,0.4222222222222222,0.0,0.4222222222222222,0.0,0.0,0.0,304.0,0.0,0.0,0.0,0.013157894736842105,87.80592105263158
all,D+3,2024-04,lianyungang_1,720.0,0.4222222222222222,0.0,0.4222222222222222,0.0,0.0,0.0,304.0,0.0,0.0,0.0,0.013157894736842105,80.9375
all,D+3,2024-04,lianyungang_2,720.0,0.4222222222222222,0.0,0.4222222222222222,0.0,0.0,0.0,304.0,0.0,0.0,0.0,0.013157894736842105,79.32565789473684
all,D+3,2024-04,nanjing_1,720.0,0.42916666666666664,0.0,0.42916666666666664,0.0,0.0,0.0,309.0,0.0,0.0,0.0,0.02912621359223301,90.65695792880258
all,D+3,2024-04,nanjing_2,720.0,0.4305555555555556,0.0,0.4305555555555556,0.0,0.0,0.0,310.0,0.0,0.0,0.0,0.03225806451612903,90.99032258064516
all,D+3,2024-04,nantong_1,720.0,0.42777777777777776,0.0,0.42777777777777776,0.0,0.0,0.0,308.0,0.0,0.0,0.0,0.025974025974025976,91.99025974025975
all,D+3,2024-04,nantong_2,720.0,0.42916666666666664,0.0,0.42916666666666664,0.0,0.0,0.0,309.0,0.0,0.0,0.0,0.02912621359223301,92.32686084142395
all,D+3,2024-04,suqian_1,720.0,0.4236111111111111,0.0,0.4236111111111111,0.0,0.0,0.0,305.0,0.0,0.0,0.0,0.01639344262295082,83.58032786885246
all,D+3,2024-04,suzhou_1,720.0,0.42777777777777776,0.0,0.42777777777777776,0.0,0.0,0.0,308.0,0.0,0.0,0.0,0.025974025974025976,92.86688311688312
all,D+3,2024-04,taizhou_1,720.0,0.42083333333333334,0.0,0.42083333333333334,0.0,0.0,0.0,303.0,0.0,0.0,0.0,0.009900990099009901,89.77557755775578
all,D+3,2024-04,taizhou_2,720.0,0.425,0.0,0.425,0.0,0.0,0.0,306.0,0.0,0.0,0.0,0.0196078431372549,91.75490196078431
all,D+3,2024-04,wuxi_1,720.0,0.425,0.0,0.425,0.0,0.0,0.0,306.0,0.0,0.0,0.0,0.0196078431372549,95.6470588235294
all,D+3,2024-04,xuzhou_1,720.0,0.42777777777777776,0.0,0.42777777777777776,0.0,0.0,0.0,308.0,0.0,0.0,0.0,0.012987012987012988,79.04220779220779
all,D+3,2024-04,xuzhou_2,720.0,0.42777777777777776,0.0,0.42777777777777776,0.0,0.0,0.0,308.0,0.0,0.0,0.0,0.01948051948051948,82.25649350649351
all,D+3,2024-04,yancheng_1,720.0,0.42083333333333334,0.0,0.42083333333333334,0.0,0.0,0.0,303.0,0.0,0.0,0.0,0.009900990099009901,84.56765676567657
all,D+3,2024-04,yancheng_2,720.0,0.425,0.0,0.425,0.0,0.0,0.0,306.0,0.0,0.0,0.0,0.0196078431372549,89.70915032679738
all,D+3,2024-04,yancheng_3,720.0,0.4222222222222222,0.0,0.4222222222222222,0.0,0.0,0.0,304.0,0.0,0.0,0.0,0.013157894736842105,87.92434210526316
all,D+3,2024-05,changzhou_1,744.0,0.4166666666666667,0.0,0.4166666666666667,0.0,0.0,0.0,310.0,0.0,0.0,0.0,0.0,62.60322580645161
all,D+3,2024-05,huai_an_1,744.0,0.41801075268817206,0.0,0.41801075268817206,0.0,0.0,0.0,311.0,0.0,0.0,0.0,0.006430868167202572,51.736334405144696
all,D+3,2024-05,huai_an_2,744.0,0.4166666666666667,0.0,0.4166666666666667,0.0,0.0,0.0,310.0,0.0,0.0,0.0,0.03225806451612903,54.093548387096774
all,D+3,2024-05,huai_an_3,744.0,0.41801075268817206,0.0,0.41801075268817206,0.0,0.0,0.0,311.0,0.0,0.0,0.0,0.022508038585209004,53.337620578778136
all,D+3,2024-05,lianyungang_1,744.0,0.4153225806451613,0.0,0.4153225806451613,0.0,0.0,0.0,309.0,0.0,0.0,0.0,0.042071197411003236,53.81553398058252
all,D+3,2024-05,lianyungang_2,744.0,0.4166666666666667,0.0,0.4166666666666667,0.0,0.0,0.0,310.0,0.0,0.0,0.0,0.054838709677419356,57.62903225806452
all,D+3,2024-05,nanjing_1,744.0,0.4166666666666667,0.0,0.4166666666666667,0.0,0.0,0.0,310.0,0.0,0.0,0.0,0.0064516129032258064,53.564516129032256
all,D+3,2024-05,nanjing_2,744.0,0.4166666666666667,0.0,0.4166666666666667,0.0,0.0,0.0,310.0,0.0,0.0,0.0,0.0,59.68709677419355
all,D+3,2024-05,nantong_1,744.0,0.4166666666666667,0.0,0.4166666666666667,0.0,0.0,0.0,310.0,0.0,0.0,0.0,0.03225806451612903,57.94516129032258
all,D+3,2024-05,nantong_2,744.0,0.4153225806451613,0.0,0.4153225806451613,0.0,0.0,0.0,309.0,0.0,0.0,0.0,0.04854368932038835,60.49190938511327
all,D+3,2024-05,suqian_1,744.0,0.4166666666666667,0.0,0.4166666666666667,0.0,0.0,0.0,310.0,0.0,0.0,0.0,0.035483870967741936,55.57096774193548
all,D+3,2024-05,suzhou_1,744.0,0.41801075268817206,0.0,0.41801075268817206,0.0,0.0,0.0,311.0,0.0,0.0,0.0,0.028938906752411574,63.37299035369775
all,D+3,2024-05,taizhou_1,744.0,0.41801075268817206,0.0,0.41801075268817206,0.0,0.0,0.0,311.0,0.0,0.0,0.0,0.00964630225080386,51.38585209003215
all,D+3,2024-05,taizhou_2,744.0,0.4166666666666667,0.0,0.4166666666666667,0.0,0.0,0.0,310.0,0.0,0.0,0.0,0.03225806451612903,51.91935483870968
all,D+3,2024-05,wuxi_1,744.0,0.4166666666666667,0.0,0.4166666666666667,0.0,0.0,0.0,310.0,0.0,0.0,0.0,0.0,64.08387096774193
all,D+3,2024-05,xuzhou_1,744.0,0.39919354838709675,0.0,0.39919354838709675,0.0,0.0,0.0,297.0,0.0,0.0,0.0,0.030303030303030304,54.82828282828283
all,D+3,2024-05,xuzhou_2,744.0,0.4099462365591398,0.0,0.4099462365591398,0.0,0.0,0.0,305.0,0.0,0.0,0.0,0.036065573770491806,55.35737704918033
all,D+3,2024-05,yancheng_1,744.0,0.4166666666666667,0.0,0.4166666666666667,0.0,0.0,0.0,310.0,0.0,0.0,0.0,0.035483870967741936,53.55161290322581
all,D+3,2024-05,yancheng_2,744.0,0.4166666666666667,0.0,0.4166666666666667,0.0,0.0,0.0,310.0,0.0,0.0,0.0,0.03870967741935484,52.32258064516129
all,D+3,2024-05,yancheng_3,744.0,0.41801075268817206,0.0,0.41801075268817206,0.0,0.0,0.0,311.0,0.0,0.0,0.0,0.01929260450160772,53.861736334405144
all,D+3,2024-06,changzhou_1,720.0,0.4166666666666667,0.0,0.4166666666666667,0.0,0.0,0.0,300.0,0.0,0.0,0.0,0.06666666666666667,85.71333333333334
all,D+3,2024-06,huai_an_1,720.0,0.4,0.0,0.4,0.0,0.0,0.0,288.0,0.0,0.0,0.0,0.13541666666666666,81.70138888888889
all,D+3,2024-06,huai_an_2,720.0,0.3902777777777778,0.0,0.3902777777777778,0.0,0.0,0.0,281.0,0.0,0.0,0.0,0.1387900355871886,79.03202846975088
all,D+3,2024-06,huai_an_3,720.0,0.3861111111111111,0.0,0.3861111111111111,0.0,0.0,0.0,278.0,0.0,0.0,0.0,0.02877697841726619,78.26978417266187
all,D+3,2024-06,lianyungang_1,720.0,0.38055555555555554,0.0,0.38055555555555554,0.0,0.0,0.0,274.0,0.0,0.0,0.0,0.10583941605839416,71.4051094890511
all,D+3,2024-06,lianyungang_2,720.0,0.3875,0.0,0.3875,0.0,0.0,0.0,279.0,0.0,0.0,0.0,0.13978494623655913,74.94982078853046
all,D+3,2024-06,nanjing_1,720.0,0.39861111111111114,0.0,0.39861111111111114,0.0,0.0,0.0,287.0,0.0,0.0,0.0,0.059233449477351915,85.67595818815332
all,D+3,2024-06,nanjing_2,720.0,0.4166666666666667,0.0,0.4166666666666667,0.0,0.0,0.0,300.0,0.0,0.0,0.0,0.08666666666666667,83.68333333333334
all,D+3,2024-06,nantong_1,720.0,0.4166666666666667,0.0,0.4166666666666667,0.0,0.0,0.0,300.0,0.0,0.0,0.0,0.11,90.68
all,D+3,2024-06,nantong_2,720.0,0.3972222222222222,0.0,0.3972222222222222,0.0,0.0,0.0,286.0,0.0,0.0,0.0,0.055944055944055944,93.24125874125875
all,D+3,2024-06,suqian_1,720.0,0.37916666666666665,0.0,0.37916666666666665,0.0,0.0,0.0,273.0,0.0,0.0,0.0,0.01098901098901099,72.03663003663004
all,D+3,2024-06,suzhou_1,720.0,0.4166666666666667,0.0,0.4166666666666667,0.0,0.0,0.0,300.0,0.0,0.0,0.0,0.09666666666666666,89.74
all,D+3,2024-06,taizhou_1,720.0,0.40694444444444444,0.0,0.40694444444444444,0.0,0.0,0.0,293.0,0.0,0.0,0.0,0.14334470989761092,82.53583617747441
all,D+3,2024-06,taizhou_2,720.0,0.4166666666666667,0.0,0.4166666666666667,0.0,0.0,0.0,300.0,0.0,0.0,0.0,0.16666666666666666,85.85333333333334
all,D+3,2024-06,wuxi_1,720.0,0.4166666666666667,0.0,0.4166666666666667,0.0,0.0,0.0,300.0,0.0,0.0,0.0,0.04,87.92666666666666
all,D+3,2024-06,xuzhou_1,720.0,0.375,0.0,0.375,0.0,0.0,0.0,270.0,0.0,0.0,0.0,0.0,67.37777777777778
all,D+3,2024-06,xuzhou_2,720.0,0.3763888888888889,0.0,0.3763888888888889,0.0,0.0,0.0,271.0,0.0,0.0,0.0,0.0036900369003690036,70.7380073800738
all,D+3,2024-06,yancheng_1,720.0,0.3958333333333333,0.0,0.3958333333333333,0.0,0.0,0.0,285.0,0.0,0.0,0.0,0.15789473684210525,80.73333333333333
all,D+3,2024-06,yancheng_2,720.0,0.4166666666666667,0.0,0.4166666666666667,0.0,0.0,0.0,300.0,0.0,0.0,0.0,0.17333333333333334,83.23
all,D+3,2024-06,yancheng_3,720.0,0.40555555555555556,0.0,0.40555555555555556,0.0,0.0,0.0,292.0,0.0,0.0,0.0,0.15753424657534246,82.86643835616438
all,D+3,2024-07,changzhou_1,744.0,0.4166666666666667,0.0,0.4166666666666667,0.0,0.0,0.0,310.0,0.0,0.0,0.0,0.05806451612903226,80.9
all,D+3,2024-07,huai_an_1,744.0,0.40456989247311825,0.0,0.40456989247311825,0.0,0.0,0.0,301.0,0.0,0.0,0.0,0.05647840531561462,84.25249169435216
all,D+3,2024-07,huai_an_2,744.0,0.40053763440860213,0.0,0.40053763440860213,0.0,0.0,0.0,298.0,0.0,0.0,0.0,0.053691275167785234,82.23489932885906
all,D+3,2024-07,huai_an_3,744.0,0.40053763440860213,0.0,0.40053763440860213,0.0,0.0,0.0,298.0,0.0,0.0,0.0,0.06040268456375839,86.93959731543625
all,D+3,2024-07,lianyungang_1,744.0,0.39381720430107525,0.0,0.39381720430107525,0.0,0.0,0.0,293.0,0.0,0.0,0.0,0.04778156996587031,80.92150170648465
all,D+3,2024-07,lianyungang_2,744.0,0.396505376344086,0.0,0.396505376344086,0.0,0.0,0.0,295.0,0.0,0.0,0.0,0.0576271186440678,80.30169491525423
all,D+3,2024-07,nanjing_1,744.0,0.40725806451612906,0.0,0.40725806451612906,0.0,0.0,0.0,303.0,0.0,0.0,0.0,0.066006600660066,88.94059405940594
all,D+3,2024-07,nanjing_2,744.0,0.41263440860215056,0.0,0.41263440860215056,0.0,0.0,0.0,307.0,0.0,0.0,0.0,0.06514657980456026,83.84039087947883
all,D+3,2024-07,nantong_1,744.0,0.4166666666666667,0.0,0.4166666666666667,0.0,0.0,0.0,310.0,0.0,0.0,0.0,0.00967741935483871,76.16774193548387
all,D+3,2024-07,nantong_2,744.0,0.4166666666666667,0.0,0.4166666666666667,0.0,0.0,0.0,310.0,0.0,0.0,0.0,0.02258064516129032,71.72903225806452
all,D+3,2024-07,suqian_1,744.0,0.3911290322580645,0.0,0.3911290322580645,0.0,0.0,0.0,291.0,0.0,0.0,0.0,0.041237113402061855,83.46735395189003
all,D+3,2024-07,suzhou_1,744.0,0.4166666666666667,0.0,0.4166666666666667,0.0,0.0,0.0,310.0,0.0,0.0,0.0,0.0,72.49354838709678
all,D+3,2024-07,taizhou_1,744.0,0.41397849462365593,0.0,0.41397849462365593,0.0,0.0,0.0,308.0,0.0,0.0,0.0,0.06818181818181818,82.44805194805195
all,D+3,2024-07,taizhou_2,744.0,0.4166666666666667,0.0,0.4166666666666667,0.0,0.0,0.0,310.0,0.0,0.0,0.0,0.06129032258064516,79.6774193548387
all,D+3,2024-07,wuxi_1,744.0,0.4166666666666667,0.0,0.4166666666666667,0.0,0.0,0.0,310.0,0.0,0.0,0.0,0.03225806451612903,75.82903225806452
all,D+3,2024-07,xuzhou_1,744.0,0.3817204301075269,0.0,0.3817204301075269,0.0,0.0,0.0,284.0,0.0,0.0,0.0,0.017605633802816902,79.04577464788733
all,D+3,2024-07,xuzhou_2,744.0,0.38844086021505375,0.0,0.38844086021505375,0.0,0.0,0.0,289.0,0.0,0.0,0.0,0.03460207612456748,80.47750865051903
all,D+3,2024-07,yancheng_1,744.0,0.4032258064516129,0.0,0.4032258064516129,0.0,0.0,0.0,300.0,0.0,0.0,0.0,0.056666666666666664,80.47333333333333
all,D+3,2024-07,yancheng_2,744.0,0.4166666666666667,0.0,0.4166666666666667,0.0,0.0,0.0,310.0,0.0,0.0,0.0,0.07096774193548387,81.88709677419355
all,D+3,2024-07,yancheng_3,744.0,0.4099462365591398,0.0,0.4099462365591398,0.0,0.0,0.0,305.0,0.0,0.0,0.0,0.06229508196721312,86.0622950819672
all,D+3,2024-08,changzhou_1,744.0,0.41801075268817206,0.0,0.41801075268817206,0.0,0.0,0.0,311.0,0.0,0.0,0.0,0.003215434083601286,53.09646302250804
all,D+3,2024-08,huai_an_1,744.0,0.4166666666666667,0.0,0.4166666666666667,0.0,0.0,0.0,310.0,0.0,0.0,0.0,0.0,51.65483870967742
all,D+3,2024-08,huai_an_2,744.0,0.4166666666666667,0.0,0.4166666666666667,0.0,0.0,0.0,310.0,0.0,0.0,0.0,0.0,48.39032258064516
all,D+3,2024-08,huai_an_3,744.0,0.4166666666666667,0.0,0.4166666666666667,0.0,0.0,0.0,310.0,0.0,0.0,0.0,0.0,49.351612903225806
all,D+3,2024-08,lianyungang_1,744.0,0.4166666666666667,0.0,0.4166666666666667,0.0,0.0,0.0,310.0,0.0,0.0,0.0,0.00967741935483871,46.693548387096776
all,D+3,2024-08,lianyungang_2,744.0,0.41801075268817206,0.0,0.41801075268817206,0.0,0.0,0.0,311.0,0.0,0.0,0.0,0.003215434083601286,49.71704180064309
all,D+3,2024-08,nanjing_1,744.0,0.4206989247311828,0.0,0.4206989247311828,0.0,0.0,0.0,313.0,0.0,0.0,0.0,0.009584664536741214,53.65814696485623
all,D+3,2024-08,nanjing_2,744.0,0.41935483870967744,0.0,0.41935483870967744,0.0,0.0,0.0,312.0,0.0,0.0,0.0,0.00641025641025641,54.15384615384615
all,D+3,2024-08,nantong_1,744.0,0.4166666666666667,0.0,0.4166666666666667,0.0,0.0,0.0,310.0,0.0,0.0,0.0,0.0,42.63548387096774
all,D+3,2024-08,nantong_2,744.0,0.4166666666666667,0.0,0.4166666666666667,0.0,0.0,0.0,310.0,0.0,0.0,0.0,0.0,40.44838709677419
all,D+3,2024-08,suqian_1,744.0,0.41801075268817206,0.0,0.41801075268817206,0.0,0.0,0.0,311.0,0.0,0.0,0.0,0.012861736334405145,44.20257234726688
all,D+3,2024-08,suzhou_1,744.0,0.4166666666666667,0.0,0.4166666666666667,0.0,0.0,0.0,310.0,0.0,0.0,0.0,0.0,45.06774193548387
all,D+3,2024-08,taizhou_1,744.0,0.4166666666666667,0.0,0.4166666666666667,0.0,0.0,0.0,310.0,0.0,0.0,0.0,0.0,49.1258064516129
all,D+3,2024-08,taizhou_2,744.0,0.41801075268817206,0.0,0.41801075268817206,0.0,0.0,0.0,311.0,0.0,0.0,0.0,0.003215434083601286,51.562700964630224
all,D+3,2024-08,wuxi_1,744.0,0.41801075268817206,0.0,0.41801075268817206,0.0,0.0,0.0,311.0,0.0,0.0,0.0,0.003215434083601286,51.78456591639871
all,D+3,2024-08,xuzhou_1,744.0,0.41397849462365593,0.0,0.41397849462365593,0.0,0.0,0.0,308.0,0.0,0.0,0.0,0.02922077922077922,44.90909090909091
all,D+3,2024-08,xuzhou_2,744.0,0.4206989247311828,0.0,0.4206989247311828,0.0,0.0,0.0,313.0,0.0,0.0,0.0,0.03194888178913738,45.322683706070286
all,D+3,2024-08,yancheng_1,744.0,0.4166666666666667,0.0,0.4166666666666667,0.0,0.0,0.0,310.0,0.0,0.0,0.0,0.0,50.73870967741936
all,D+3,2024-08,yancheng_2,744.0,0.41801075268817206,0.0,0.41801075268817206,0.0,0.0,0.0,311.0,0.0,0.0,0.0,0.003215434083601286,50.21221864951769
all,D+3,2024-08,yancheng_3,744.0,0.4166666666666667,0.0,0.4166666666666667,0.0,0.0,0.0,310.0,0.0,0.0,0.0,0.0,51.061290322580646
all,D+3,2024-09,changzhou_1,720.0,0.4638888888888889,0.0,0.4638888888888889,0.0,0.0,0.0,334.0,0.0,0.0,0.0,0.059880239520958084,58.8502994011976
all,D+3,2024-09,huai_an_1,720.0,0.46111111111111114,0.0,0.46111111111111114,0.0,0.0,0.0,332.0,0.0,0.0,0.0,0.04819277108433735,56.66566265060241
all,D+3,2024-09,huai_an_2,720.0,0.4625,0.0,0.4625,0.0,0.0,0.0,333.0,0.0,0.0,0.0,0.05105105105105105,60.0990990990991
all,D+3,2024-09,huai_an_3,720.0,0.4652777777777778,0.0,0.4652777777777778,0.0,0.0,0.0,335.0,0.0,0.0,0.0,0.04776119402985075,59.44477611940299
all,D+3,2024-09,lianyungang_1,720.0,0.46944444444444444,0.0,0.46944444444444444,0.0,0.0,0.0,338.0,0.0,0.0,0.0,0.05621301775147929,55.0
all,D+3,2024-09,lianyungang_2,720.0,0.4708333333333333,0.0,0.4708333333333333,0.0,0.0,0.0,339.0,0.0,0.0,0.0,0.06784660766961652,56.339233038348084
all,D+3,2024-09,nanjing_1,720.0,0.4652777777777778,0.0,0.4652777777777778,0.0,0.0,0.0,335.0,0.0,0.0,0.0,0.04776119402985075,52.42089552238806
all,D+3,2024-09,nanjing_2,720.0,0.4638888888888889,0.0,0.4638888888888889,0.0,0.0,0.0,334.0,0.0,0.0,0.0,0.05089820359281437,55.0748502994012
all,D+3,2024-09,nantong_1,720.0,0.4583333333333333,0.0,0.4583333333333333,0.0,0.0,0.0,330.0,0.0,0.0,0.0,0.03636363636363636,53.63030303030303
all,D+3,2024-09,nantong_2,720.0,0.45555555555555555,0.0,0.45555555555555555,0.0,0.0,0.0,328.0,0.0,0.0,0.0,0.024390243902439025,53.89329268292683
all,D+3,2024-09,suqian_1,720.0,0.46805555555555556,0.0,0.46805555555555556,0.0,0.0,0.0,337.0,0.0,0.0,0.0,0.050445103857566766,57.480712166172104
all,D+3,2024-09,suzhou_1,720.0,0.45694444444444443,0.0,0.45694444444444443,0.0,0.0,0.0,329.0,0.0,0.0,0.0,0.03343465045592705,52.39817629179331
all,D+3,2024-09,taizhou_1,720.0,0.4625,0.0,0.4625,0.0,0.0,0.0,333.0,0.0,0.0,0.0,0.05405405405405406,53.429429429429426
all,D+3,2024-09,taizhou_2,720.0,0.46111111111111114,0.0,0.46111111111111114,0.0,0.0,0.0,332.0,0.0,0.0,0.0,0.04819277108433735,53.61144578313253
all,D+3,2024-09,wuxi_1,720.0,0.4625,0.0,0.4625,0.0,0.0,0.0,333.0,0.0,0.0,0.0,0.05105105105105105,53.468468468468465
all,D+3,2024-09,xuzhou_1,720.0,0.475,0.0,0.475,0.0,0.0,0.0,342.0,0.0,0.0,0.0,0.05263157894736842,52.994152046783626
all,D+3,2024-09,xuzhou_2,720.0,0.4722222222222222,0.0,0.4722222222222222,0.0,0.0,0.0,340.0,0.0,0.0,0.0,0.052941176470588235,54.28823529411765
all,D+3,2024-09,yancheng_1,720.0,0.4625,0.0,0.4625,0.0,0.0,0.0,333.0,0.0,0.0,0.0,0.05405405405405406,57.813813813813816
all,D+3,2024-09,yancheng_2,720.0,0.46111111111111114,0.0,0.46111111111111114,0.0,0.0,0.0,332.0,0.0,0.0,0.0,0.04819277108433735,57.88855421686747
all,D+3,2024-09,yancheng_3,720.0,0.46111111111111114,0.0,0.46111111111111114,0.0,0.0,0.0,332.0,0.0,0.0,0.0,0.05120481927710843,55.4066265060241
all,D+3,2024-10,changzhou_1,744.0,0.5040322580645161,0.0,0.5040322580645161,0.0,0.0,0.0,375.0,0.0,0.0,0.0,0.008,72.608
all,D+3,2024-10,huai_an_1,744.0,0.5080645161290323,0.0,0.5080645161290323,0.0,0.0,0.0,378.0,0.0,0.0,0.0,0.015873015873015872,69.66402116402116
all,D+3,2024-10,huai_an_2,744.0,0.510752688172043,0.0,0.510752688172043,0.0,0.0,0.0,380.0,0.0,0.0,0.0,0.021052631578947368,61.88421052631579
all,D+3,2024-10,huai_an_3,744.0,0.5040322580645161,0.0,0.5040322580645161,0.0,0.0,0.0,375.0,0.0,0.0,0.0,0.008,68.17066666666666
all,D+3,2024-10,lianyungang_1,744.0,0.5067204301075269,0.0,0.5067204301075269,0.0,0.0,0.0,377.0,0.0,0.0,0.0,0.013262599469496022,57.43236074270557
all,D+3,2024-10,lianyungang_2,744.0,0.5094086021505376,0.0,0.5094086021505376,0.0,0.0,0.0,379.0,0.0,0.0,0.0,0.018469656992084433,57.92348284960422
all,D+3,2024-10,nanjing_1,744.0,0.5040322580645161,0.0,0.5040322580645161,0.0,0.0,0.0,375.0,0.0,0.0,0.0,0.008,70.38133333333333
all,D+3,2024-10,nanjing_2,744.0,0.5026881720430108,0.0,0.5026881720430108,0.0,0.0,0.0,374.0,0.0,0.0,0.0,0.0053475935828877,72.22727272727273
all,D+3,2024-10,nantong_1,744.0,0.5094086021505376,0.0,0.5094086021505376,0.0,0.0,0.0,379.0,0.0,0.0,0.0,0.036939313984168866,73.17150395778364
all,D+3,2024-10,nantong_2,744.0,0.510752688172043,0.0,0.510752688172043,0.0,0.0,0.0,380.0,0.0,0.0,0.0,0.04473684210526316,75.2
all,D+3,2024-10,suqian_1,744.0,0.5053763440860215,0.0,0.5053763440860215,0.0,0.0,0.0,376.0,0.0,0.0,0.0,0.010638297872340425,60.984042553191486
all,D+3,2024-10,suzhou_1,744.0,0.5147849462365591,0.0,0.5147849462365591,0.0,0.0,0.0,383.0,0.0,0.0,0.0,0.04960835509138381,74.38642297650131
all,D+3,2024-10,taizhou_1,744.0,0.5053763440860215,0.0,0.5053763440860215,0.0,0.0,0.0,376.0,0.0,0.0,0.0,0.010638297872340425,69.73670212765957
all,D+3,2024-10,taizhou_2,744.0,0.510752688172043,0.0,0.510752688172043,0.0,0.0,0.0,380.0,0.0,0.0,0.0,0.031578947368421054,71.39736842105263
all,D+3,2024-10,wuxi_1,744.0,0.5067204301075269,0.0,0.5067204301075269,0.0,0.0,0.0,377.0,0.0,0.0,0.0,0.021220159151193633,75.08488063660478
all,D+3,2024-10,xuzhou_1,744.0,0.5040322580645161,0.0,0.5040322580645161,0.0,0.0,0.0,375.0,0.0,0.0,0.0,0.008,59.792
all,D+3,2024-10,xuzhou_2,744.0,0.5013440860215054,0.0,0.5013440860215054,0.0,0.0,0.0,373.0,0.0,0.0,0.0,0.002680965147453083,61.38069705093834
all,D+3,2024-10,yancheng_1,744.0,0.5094086021505376,0.0,0.5094086021505376,0.0,0.0,0.0,379.0,0.0,0.0,0.0,0.018469656992084433,62.64379947229551
all,D+3,2024-10,yancheng_2,744.0,0.5094086021505376,0.0,0.5094086021505376,0.0,0.0,0.0,379.0,0.0,0.0,0.0,0.029023746701846966,71.58311345646437
all,D+3,2024-10,yancheng_3,744.0,0.5094086021505376,0.0,0.5094086021505376,0.0,0.0,0.0,379.0,0.0,0.0,0.0,0.018469656992084433,69.14511873350924
all,D+3,2024-11,changzhou_1,720.0,0.5444444444444444,0.0,0.5444444444444444,0.0,0.0,0.0,392.0,0.0,0.0,0.0,0.02806122448979592,54.90561224489796
all,D+3,2024-11,huai_an_1,720.0,0.5444444444444444,0.0,0.5444444444444444,0.0,0.0,0.0,392.0,0.0,0.0,0.0,0.02295918367346939,57.359693877551024
all,D+3,2024-11,huai_an_2,720.0,0.5486111111111112,0.0,0.5486111111111112,0.0,0.0,0.0,395.0,0.0,0.0,0.0,0.02531645569620253,63.47848101265823
all,D+3,2024-11,huai_an_3,720.0,0.5472222222222223,0.0,0.5472222222222223,0.0,0.0,0.0,394.0,0.0,0.0,0.0,0.04060913705583756,57.61421319796954
all,D+3,2024-11,lianyungang_1,720.0,0.5513888888888889,0.0,0.5513888888888889,0.0,0.0,0.0,397.0,0.0,0.0,0.0,0.03526448362720403,60.103274559193956
all,D+3,2024-11,lianyungang_2,720.0,0.55,0.0,0.55,0.0,0.0,0.0,396.0,0.0,0.0,0.0,0.025252525252525252,62.82828282828283
all,D+3,2024-11,nanjing_1,720.0,0.5388888888888889,0.0,0.5388888888888889,0.0,0.0,0.0,388.0,0.0,0.0,0.0,0.03608247422680412,59.78865979381443
all,D+3,2024-11,nanjing_2,720.0,0.5361111111111111,0.0,0.5361111111111111,0.0,0.0,0.0,386.0,0.0,0.0,0.0,0.025906735751295335,54.38341968911917
all,D+3,2024-11,nantong_1,720.0,0.5430555555555555,0.0,0.5430555555555555,0.0,0.0,0.0,391.0,0.0,0.0,0.0,0.005115089514066497,52.73913043478261
all,D+3,2024-11,nantong_2,720.0,0.5416666666666666,0.0,0.5416666666666666,0.0,0.0,0.0,390.0,0.0,0.0,0.0,0.0,53.1
all,D+3,2024-11,suqian_1,720.0,0.5472222222222223,0.0,0.5472222222222223,0.0,0.0,0.0,394.0,0.0,0.0,0.0,0.04060913705583756,62.263959390862944
all,D+3,2024-11,suzhou_1,720.0,0.5430555555555555,0.0,0.5430555555555555,0.0,0.0,0.0,391.0,0.0,0.0,0.0,0.0076726342710997444,50.749360613810744
all,D+3,2024-11,taizhou_1,720.0,0.5458333333333333,0.0,0.5458333333333333,0.0,0.0,0.0,393.0,0.0,0.0,0.0,0.022900763358778626,59.82697201017812
all,D+3,2024-11,taizhou_2,720.0,0.5430555555555555,0.0,0.5430555555555555,0.0,0.0,0.0,391.0,0.0,0.0,0.0,0.0076726342710997444,55.75447570332481
all,D+3,2024-11,wuxi_1,720.0,0.5416666666666666,0.0,0.5416666666666666,0.0,0.0,0.0,390.0,0.0,0.0,0.0,0.017948717948717947,52.53589743589744
all,D+3,2024-11,xuzhou_1,720.0,0.5597222222222222,0.0,0.5597222222222222,0.0,0.0,0.0,403.0,0.0,0.0,0.0,0.05955334987593052,64.25310173697271
all,D+3,2024-11,xuzhou_2,720.0,0.55,0.0,0.55,0.0,0.0,0.0,396.0,0.0,0.0,0.0,0.04292929292929293,61.426767676767675
all,D+3,2024-11,yancheng_1,720.0,0.5444444444444444,0.0,0.5444444444444444,0.0,0.0,0.0,392.0,0.0,0.0,0.0,0.015306122448979591,62.63265306122449
all,D+3,2024-11,yancheng_2,720.0,0.5416666666666666,0.0,0.5416666666666666,0.0,0.0,0.0,390.0,0.0,0.0,0.0,0.002564102564102564,56.223076923076924
all,D+3,2024-11,yancheng_3,720.0,0.5430555555555555,0.0,0.5430555555555555,0.0,0.0,0.0,391.0,0.0,0.0,0.0,0.015345268542199489,56.813299232736576
all,D+3,2024-12,changzhou_1,744.0,0.5766129032258065,0.0,0.5766129032258065,0.0,0.0,0.0,429.0,0.0,0.0,0.0,0.037296037296037296,46.463869463869464
all,D+3,2024-12,huai_an_1,744.0,0.581989247311828,0.0,0.581989247311828,0.0,0.0,0.0,433.0,0.0,0.0,0.0,0.018475750577367205,42.57505773672055
all,D+3,2024-12,huai_an_2,744.0,0.5833333333333334,0.0,0.5833333333333334,0.0,0.0,0.0,434.0,0.0,0.0,0.0,0.013824884792626729,42.645161290322584
all,D+3,2024-12,huai_an_3,744.0,0.5833333333333334,0.0,0.5833333333333334,0.0,0.0,0.0,434.0,0.0,0.0,0.0,0.020737327188940093,43.05990783410138
all,D+3,2024-12,lianyungang_1,744.0,0.5833333333333334,0.0,0.5833333333333334,0.0,0.0,0.0,434.0,0.0,0.0,0.0,0.0,40.71889400921659
all,D+3,2024-12,lianyungang_2,744.0,0.5833333333333334,0.0,0.5833333333333334,0.0,0.0,0.0,434.0,0.0,0.0,0.0,0.0069124423963133645,41.40552995391705
all,D+3,2024-12,nanjing_1,744.0,0.581989247311828,0.0,0.581989247311828,0.0,0.0,0.0,433.0,0.0,0.0,0.0,0.04157043879907621,45.020785219399535
all,D+3,2024-12,nanjing_2,744.0,0.5806451612903226,0.0,0.5806451612903226,0.0,0.0,0.0,432.0,0.0,0.0,0.0,0.04398148148148148,45.65972222222222
all,D+3,2024-12,nantong_1,744.0,0.5685483870967742,0.0,0.5685483870967742,0.0,0.0,0.0,423.0,0.0,0.0,0.0,0.03309692671394799,45.60992907801418
all,D+3,2024-12,nantong_2,744.0,0.5604838709677419,0.0,0.5604838709677419,0.0,0.0,0.0,417.0,0.0,0.0,0.0,0.03357314148681055,49.5083932853717
all,D+3,2024-12,suqian_1,744.0,0.5833333333333334,0.0,0.5833333333333334,0.0,0.0,0.0,434.0,0.0,0.0,0.0,0.009216589861751152,42.836405529953915
all,D+3,2024-12,suzhou_1,744.0,0.5685483870967742,0.0,0.5685483870967742,0.0,0.0,0.0,423.0,0.0,0.0,0.0,0.0425531914893617,47.04964539007092
all,D+3,2024-12,taizhou_1,744.0,0.5806451612903226,0.0,0.5806451612903226,0.0,0.0,0.0,432.0,0.0,0.0,0.0,0.020833333333333332,43.083333333333336
all,D+3,2024-12,taizhou_2,744.0,0.5725806451612904,0.0,0.5725806451612904,0.0,0.0,0.0,426.0,0.0,0.0,0.0,0.02112676056338028,44.50704225352113
all,D+3,2024-12,wuxi_1,744.0,0.5739247311827957,0.0,0.5739247311827957,0.0,0.0,0.0,427.0,0.0,0.0,0.0,0.04215456674473068,49.156908665105384
all,D+3,2024-12,xuzhou_1,744.0,0.581989247311828,0.0,0.581989247311828,0.0,0.0,0.0,433.0,0.0,0.0,0.0,0.025404157043879907,43.57505773672055
all,D+3,2024-12,xuzhou_2,744.0,0.5833333333333334,0.0,0.5833333333333334,0.0,0.0,0.0,434.0,0.0,0.0,0.0,0.018433179723502304,42.47004608294931
all,D+3,2024-12,yancheng_1,744.0,0.5833333333333334,0.0,0.5833333333333334,0.0,0.0,0.0,434.0,0.0,0.0,0.0,0.016129032258064516,43.41935483870968
all,D+3,2024-12,yancheng_2,744.0,0.5752688172043011,0.0,0.5752688172043011,0.0,0.0,0.0,428.0,0.0,0.0,0.0,0.02102803738317757,45.19626168224299
all,D+3,2024-12,yancheng_3,744.0,0.5806451612903226,0.0,0.5806451612903226,0.0,0.0,0.0,432.0,0.0,0.0,0.0,0.018518518518518517,42.3287037037037
all,D+3,2025-01,changzhou_1,744.0,0.5483870967741935,0.0,0.5483870967741935,0.0,0.0,0.0,408.0,0.0,0.0,0.0,0.01715686274509804,62.4828431372549
all,D+3,2025-01,huai_an_1,744.0,0.5524193548387096,0.0,0.5524193548387096,0.0,0.0,0.0,411.0,0.0,0.0,0.0,0.019464720194647202,58.3698296836983
all,D+3,2025-01,huai_an_2,744.0,0.553763440860215,0.0,0.553763440860215,0.0,0.0,0.0,412.0,0.0,0.0,0.0,0.01699029126213592,55.04126213592233
all,D+3,2025-01,huai_an_3,744.0,0.5470430107526881,0.0,0.5470430107526881,0.0,0.0,0.0,407.0,0.0,0.0,0.0,0.009828009828009828,58.68796068796069
all,D+3,2025-01,lianyungang_1,744.0,0.5524193548387096,0.0,0.5524193548387096,0.0,0.0,0.0,411.0,0.0,0.0,0.0,0.0170316301703163,46.481751824817515
all,D+3,2025-01,lianyungang_2,744.0,0.5577956989247311,0.0,0.5577956989247311,0.0,0.0,0.0,415.0,0.0,0.0,0.0,0.016867469879518072,45.47951807228916
all,D+3,2025-01,nanjing_1,744.0,0.543010752688172,0.0,0.543010752688172,0.0,0.0,0.0,404.0,0.0,0.0,0.0,0.0024752475247524753,61.01980198019802
all,D+3,2025-01,nanjing_2,744.0,0.543010752688172,0.0,0.543010752688172,0.0,0.0,0.0,404.0,0.0,0.0,0.0,0.0024752475247524753,61.96287128712871
all,D+3,2025-01,nantong_1,744.0,0.5577956989247311,0.0,0.5577956989247311,0.0,0.0,0.0,415.0,0.0,0.0,0.0,0.04578313253012048,58.53253012048193
all,D+3,2025-01,nantong_2,744.0,0.5564516129032258,0.0,0.5564516129032258,0.0,0.0,0.0,414.0,0.0,0.0,0.0,0.0821256038647343,59.608695652173914
all,D+3,2025-01,suqian_1,744.0,0.5470430107526881,0.0,0.5470430107526881,0.0,0.0,0.0,407.0,0.0,0.0,0.0,0.009828009828009828,55.32432432432432
all,D+3,2025-01,suzhou_1,744.0,0.5564516129032258,0.0,0.5564516129032258,0.0,0.0,0.0,414.0,0.0,0.0,0.0,0.05314009661835749,59.833333333333336
all,D+3,2025-01,taizhou_1,744.0,0.553763440860215,0.0,0.553763440860215,0.0,0.0,0.0,412.0,0.0,0.0,0.0,0.021844660194174758,60.72330097087379
all,D+3,2025-01,taizhou_2,744.0,0.5577956989247311,0.0,0.5577956989247311,0.0,0.0,0.0,415.0,0.0,0.0,0.0,0.02891566265060241,57.501204819277106
all,D+3,2025-01,wuxi_1,744.0,0.5483870967741935,0.0,0.5483870967741935,0.0,0.0,0.0,408.0,0.0,0.0,0.0,0.029411764705882353,59.068627450980394
all,D+3,2025-01,xuzhou_1,744.0,0.5416666666666666,0.0,0.5416666666666666,0.0,0.0,0.0,403.0,0.0,0.0,0.0,0.0,48.70967741935484
all,D+3,2025-01,xuzhou_2,744.0,0.5443548387096774,0.0,0.5443548387096774,0.0,0.0,0.0,405.0,0.0,0.0,0.0,0.0049382716049382715,52.471604938271604
all,D+3,2025-01,yancheng_1,744.0,0.5564516129032258,0.0,0.5564516129032258,0.0,0.0,0.0,414.0,0.0,0.0,0.0,0.016908212560386472,55.58695652173913
all,D+3,2025-01,yancheng_2,744.0,0.5591397849462365,0.0,0.5591397849462365,0.0,0.0,0.0,416.0,0.0,0.0,0.0,0.02403846153846154,56.55048076923077
all,D+3,2025-01,yancheng_3,744.0,0.5551075268817204,0.0,0.5551075268817204,0.0,0.0,0.0,413.0,0.0,0.0,0.0,0.021791767554479417,57.26634382566586
all,D+3,2025-02,changzhou_1,672.0,0.5133928571428571,0.0,0.5133928571428571,0.0,0.0,0.0,345.0,0.0,0.0,0.0,0.02608695652173913,68.65507246376812
all,D+3,2025-02,huai_an_1,672.0,0.5163690476190477,0.0,0.5163690476190477,0.0,0.0,0.0,347.0,0.0,0.0,0.0,0.020172910662824207,64.97982708933718
all,D+3,2025-02,huai_an_2,672.0,0.5178571428571429,0.0,0.5178571428571429,0.0,0.0,0.0,348.0,0.0,0.0,0.0,0.020114942528735632,65.08908045977012
all,D+3,2025-02,huai_an_3,672.0,0.5208333333333334,0.0,0.5208333333333334,0.0,0.0,0.0,350.0,0.0,0.0,0.0,0.017142857142857144,62.91428571428571
all,D+3,2025-02,lianyungang_1,672.0,0.5267857142857143,0.0,0.5267857142857143,0.0,0.0,0.0,354.0,0.0,0.0,0.0,0.022598870056497175,61.13841807909605
all,D+3,2025-02,lianyungang_2,672.0,0.5193452380952381,0.0,0.5193452380952381,0.0,0.0,0.0,349.0,0.0,0.0,0.0,0.017191977077363897,58.684813753581665
all,D+3,2025-02,nanjing_1,672.0,0.5193452380952381,0.0,0.5193452380952381,0.0,0.0,0.0,349.0,0.0,0.0,0.0,0.02005730659025788,65.71919770773638
all,D+3,2025-02,nanjing_2,672.0,0.5193452380952381,0.0,0.5193452380952381,0.0,0.0,0.0,349.0,0.0,0.0,0.0,0.03151862464183381,68.85959885386819
all,D+3,2025-02,nantong_1,672.0,0.5014880952380952,0.0,0.5014880952380952,0.0,0.0,0.0,337.0,0.0,0.0,0.0,0.002967359050445104,68.69139465875371
all,D+3,2025-02,nantong_2,672.0,0.5014880952380952,0.0,0.5014880952380952,0.0,0.0,0.0,337.0,0.0,0.0,0.0,0.002967359050445104,67.70029673590504
all,D+3,2025-02,suqian_1,672.0,0.5238095238095238,0.0,0.5238095238095238,0.0,0.0,0.0,352.0,0.0,0.0,0.0,0.017045454545454544,63.95170454545455
all,D+3,2025-02,suzhou_1,672.0,0.5014880952380952,0.0,0.5014880952380952,0.0,0.0,0.0,337.0,0.0,0.0,0.0,0.002967359050445104,67.13353115727003
all,D+3,2025-02,taizhou_1,672.0,0.5133928571428571,0.0,0.5133928571428571,0.0,0.0,0.0,345.0,0.0,0.0,0.0,0.02318840579710145,68.89855072463769
all,D+3,2025-02,taizhou_2,672.0,0.5074404761904762,0.0,0.5074404761904762,0.0,0.0,0.0,341.0,0.0,0.0,0.0,0.01466275659824047,68.1466275659824
all,D+3,2025-02,wuxi_1,672.0,0.5059523809523809,0.0,0.5059523809523809,0.0,0.0,0.0,340.0,0.0,0.0,0.0,0.011764705882352941,69.87058823529412
all,D+3,2025-02,xuzhou_1,672.0,0.5357142857142857,0.0,0.5357142857142857,0.0,0.0,0.0,360.0,0.0,0.0,0.0,0.027777777777777776,65.42777777777778
all,D+3,2025-02,xuzhou_2,672.0,0.53125,0.0,0.53125,0.0,0.0,0.0,357.0,0.0,0.0,0.0,0.022408963585434174,64.17086834733894
all,D+3,2025-02,yancheng_1,672.0,0.5163690476190477,0.0,0.5163690476190477,0.0,0.0,0.0,347.0,0.0,0.0,0.0,0.020172910662824207,65.15561959654178
all,D+3,2025-02,yancheng_2,672.0,0.5089285714285714,0.0,0.5089285714285714,0.0,0.0,0.0,342.0,0.0,0.0,0.0,0.017543859649122806,66.33040935672514
all,D+3,2025-02,yancheng_3,672.0,0.5148809523809523,0.0,0.5148809523809523,0.0,0.0,0.0,346.0,0.0,0.0,0.0,0.023121387283236993,66.52023121387283
all,D+3,2025-03,changzhou_1,744.0,0.4825268817204301,0.0,0.4825268817204301,0.0,0.0,0.0,359.0,0.0,0.0,0.0,0.03899721448467967,75.56824512534818
all,D+3,2025-03,huai_an_1,744.0,0.4838709677419355,0.0,0.4838709677419355,0.0,0.0,0.0,360.0,0.0,0.0,0.0,0.041666666666666664,69.13055555555556
all,D+3,2025-03,huai_an_2,744.0,0.4798387096774194,0.0,0.4798387096774194,0.0,0.0,0.0,357.0,0.0,0.0,0.0,0.03361344537815126,62.338935574229694
all,D+3,2025-03,huai_an_3,744.0,0.4838709677419355,0.0,0.4838709677419355,0.0,0.0,0.0,360.0,0.0,0.0,0.0,0.044444444444444446,68.6361111111111
all,D+3,2025-03,lianyungang_1,744.0,0.4798387096774194,0.0,0.4798387096774194,0.0,0.0,0.0,357.0,0.0,0.0,0.0,0.036414565826330535,54.549019607843135
all,D+3,2025-03,lianyungang_2,744.0,0.48118279569892475,0.0,0.48118279569892475,0.0,0.0,0.0,358.0,0.0,0.0,0.0,0.0335195530726257,56.65642458100559
all,D+3,2025-03,nanjing_1,744.0,0.4825268817204301,0.0,0.4825268817204301,0.0,0.0,0.0,359.0,0.0,0.0,0.0,0.04456824512534819,75.38718662952647
all,D+3,2025-03,nanjing_2,744.0,0.48118279569892475,0.0,0.48118279569892475,0.0,0.0,0.0,358.0,0.0,0.0,0.0,0.03910614525139665,76.76256983240224
all,D+3,2025-03,nantong_1,744.0,0.4905913978494624,0.0,0.4905913978494624,0.0,0.0,0.0,365.0,0.0,0.0,0.0,0.04657534246575343,71.55890410958904
all,D+3,2025-03,nantong_2,744.0,0.4932795698924731,0.0,0.4932795698924731,0.0,0.0,0.0,367.0,0.0,0.0,0.0,0.04632152588555858,71.3024523160763
all,D+3,2025-03,suqian_1,744.0,0.48118279569892475,0.0,0.48118279569892475,0.0,0.0,0.0,358.0,0.0,0.0,0.0,0.04189944134078212,60.815642458100555
all,D+3,2025-03,suzhou_1,744.0,0.4905913978494624,0.0,0.4905913978494624,0.0,0.0,0.0,365.0,0.0,0.0,0.0,0.04657534246575343,71.24383561643836
all,D+3,2025-03,taizhou_1,744.0,0.48655913978494625,0.0,0.48655913978494625,0.0,0.0,0.0,362.0,0.0,0.0,0.0,0.04419889502762431,71.78453038674033
all,D+3,2025-03,taizhou_2,744.0,0.4852150537634409,0.0,0.4852150537634409,0.0,0.0,0.0,361.0,0.0,0.0,0.0,0.036011080332409975,70.56786703601108
all,D+3,2025-03,wuxi_1,744.0,0.4852150537634409,0.0,0.4852150537634409,0.0,0.0,0.0,361.0,0.0,0.0,0.0,0.04155124653739612,73.93074792243767
all,D+3,2025-03,xuzhou_1,744.0,0.46639784946236557,0.0,0.46639784946236557,0.0,0.0,0.0,347.0,0.0,0.0,0.0,0.01729106628242075,54.789625360230545
all,D+3,2025-03,xuzhou_2,744.0,0.4717741935483871,0.0,0.4717741935483871,0.0,0.0,0.0,351.0,0.0,0.0,0.0,0.02849002849002849,57.14529914529915
all,D+3,2025-03,yancheng_1,744.0,0.4825268817204301,0.0,0.4825268817204301,0.0,0.0,0.0,359.0,0.0,0.0,0.0,0.036211699164345405,63.476323119777156
all,D+3,2025-03,yancheng_2,744.0,0.4838709677419355,0.0,0.4838709677419355,0.0,0.0,0.0,360.0,0.0,0.0,0.0,0.03333333333333333,68.10277777777777
all,D+3,2025-03,yancheng_3,744.0,0.4852150537634409,0.0,0.4852150537634409,0.0,0.0,0.0,361.0,0.0,0.0,0.0,0.04155124653739612,68.63434903047091
all,D+3,2025-04,changzhou_1,720.0,0.41805555555555557,0.0,0.41805555555555557,0.0,0.0,0.0,301.0,0.0,0.0,0.0,0.0033222591362126247,63.78073089700997
all,D+3,2025-04,huai_an_1,720.0,0.42083333333333334,0.0,0.42083333333333334,0.0,0.0,0.0,303.0,0.0,0.0,0.0,0.009900990099009901,59.73267326732673
all,D+3,2025-04,huai_an_2,720.0,0.41944444444444445,0.0,0.41944444444444445,0.0,0.0,0.0,302.0,0.0,0.0,0.0,0.006622516556291391,56.14900662251656
all,D+3,2025-04,huai_an_3,720.0,0.4236111111111111,0.0,0.4236111111111111,0.0,0.0,0.0,305.0,0.0,0.0,0.0,0.01639344262295082,59.36065573770492
all,D+3,2025-04,lianyungang_1,720.0,0.42083333333333334,0.0,0.42083333333333334,0.0,0.0,0.0,303.0,0.0,0.0,0.0,0.009900990099009901,50.7986798679868
all,D+3,2025-04,lianyungang_2,720.0,0.4166666666666667,0.0,0.4166666666666667,0.0,0.0,0.0,300.0,0.0,0.0,0.0,0.0,51.67333333333333
all,D+3,2025-04,nanjing_1,720.0,0.4236111111111111,0.0,0.4236111111111111,0.0,0.0,0.0,305.0,0.0,0.0,0.0,0.01639344262295082,64.15081967213115
all,D+3,2025-04,nanjing_2,720.0,0.4236111111111111,0.0,0.4236111111111111,0.0,0.0,0.0,305.0,0.0,0.0,0.0,0.01639344262295082,62.78032786885246
all,D+3,2025-04,nantong_1,720.0,0.41805555555555557,0.0,0.41805555555555557,0.0,0.0,0.0,301.0,0.0,0.0,0.0,0.0033222591362126247,65.62458471760797
all,D+3,2025-04,nantong_2,720.0,0.41944444444444445,0.0,0.41944444444444445,0.0,0.0,0.0,302.0,0.0,0.0,0.0,0.006622516556291391,68.69536423841059
all,D+3,2025-04,suqian_1,720.0,0.4222222222222222,0.0,0.4222222222222222,0.0,0.0,0.0,304.0,0.0,0.0,0.0,0.013157894736842105,58.661184210526315
all,D+3,2025-04,suzhou_1,720.0,0.41944444444444445,0.0,0.41944444444444445,0.0,0.0,0.0,302.0,0.0,0.0,0.0,0.006622516556291391,65.40397350993378
all,D+3,2025-04,taizhou_1,720.0,0.41944444444444445,0.0,0.41944444444444445,0.0,0.0,0.0,302.0,0.0,0.0,0.0,0.006622516556291391,62.42384105960265
all,D+3,2025-04,taizhou_2,720.0,0.41805555555555557,0.0,0.41805555555555557,0.0,0.0,0.0,301.0,0.0,0.0,0.0,0.0033222591362126247,62.388704318936874
all,D+3,2025-04,wuxi_1,720.0,0.41805555555555557,0.0,0.41805555555555557,0.0,0.0,0.0,301.0,0.0,0.0,0.0,0.0033222591362126247,65.01328903654485
all,D+3,2025-04,xuzhou_1,720.0,0.42916666666666664,0.0,0.42916666666666664,0.0,0.0,0.0,309.0,0.0,0.0,0.0,0.016181229773462782,53.042071197411005
all,D+3,2025-04,xuzhou_2,720.0,0.425,0.0,0.425,0.0,0.0,0.0,306.0,0.0,0.0,0.0,0.013071895424836602,53.294117647058826
all,D+3,2025-04,yancheng_1,720.0,0.41805555555555557,0.0,0.41805555555555557,0.0,0.0,0.0,301.0,0.0,0.0,0.0,0.0033222591362126247,57.59136212624585
all,D+3,2025-04,yancheng_2,720.0,0.41805555555555557,0.0,0.41805555555555557,0.0,0.0,0.0,301.0,0.0,0.0,0.0,0.0033222591362126247,60.57142857142857
all,D+3,2025-04,yancheng_3,720.0,0.41944444444444445,0.0,0.41944444444444445,0.0,0.0,0.0,302.0,0.0,0.0,0.0,0.006622516556291391,61.14238410596027
all,D+3,2025-05,changzhou_1,744.0,0.41801075268817206,0.0,0.41801075268817206,0.0,0.0,0.0,311.0,0.0,0.0,0.0,0.003215434083601286,70.29581993569131
all,D+3,2025-05,huai_an_1,744.0,0.4166666666666667,0.0,0.4166666666666667,0.0,0.0,0.0,310.0,0.0,0.0,0.0,0.0,66.15483870967742
all,D+3,2025-05,huai_an_2,744.0,0.41801075268817206,0.0,0.41801075268817206,0.0,0.0,0.0,311.0,0.0,0.0,0.0,0.03536977491961415,59.72990353697749
all,D+3,2025-05,huai_an_3,744.0,0.4166666666666667,0.0,0.4166666666666667,0.0,0.0,0.0,310.0,0.0,0.0,0.0,0.01935483870967742,66.81935483870967
all,D+3,2025-05,lianyungang_1,744.0,0.4153225806451613,0.0,0.4153225806451613,0.0,0.0,0.0,309.0,0.0,0.0,0.0,0.038834951456310676,53.433656957928804
all,D+3,2025-05,lianyungang_2,744.0,0.4166666666666667,0.0,0.4166666666666667,0.0,0.0,0.0,310.0,0.0,0.0,0.0,0.054838709677419356,58.10645161290323
all,D+3,2025-05,nanjing_1,744.0,0.41801075268817206,0.0,0.41801075268817206,0.0,0.0,0.0,311.0,0.0,0.0,0.0,0.006430868167202572,65.17684887459806
all,D+3,2025-05,nanjing_2,744.0,0.4166666666666667,0.0,0.4166666666666667,0.0,0.0,0.0,310.0,0.0,0.0,0.0,0.0,70.02258064516128
all,D+3,2025-05,nantong_1,744.0,0.41801075268817206,0.0,0.41801075268817206,0.0,0.0,0.0,311.0,0.0,0.0,0.0,0.03536977491961415,70.26045016077171
all,D+3,2025-05,nantong_2,744.0,0.4166666666666667,0.0,0.4166666666666667,0.0,0.0,0.0,310.0,0.0,0.0,0.0,0.04838709677419355,71.70967741935483
all,D+3,2025-05,suqian_1,744.0,0.4166666666666667,0.0,0.4166666666666667,0.0,0.0,0.0,310.0,0.0,0.0,0.0,0.035483870967741936,56.303225806451614
all,D+3,2025-05,suzhou_1,744.0,0.4166666666666667,0.0,0.4166666666666667,0.0,0.0,0.0,310.0,0.0,0.0,0.0,0.025806451612903226,70.34516129032258
all,D+3,2025-05,taizhou_1,744.0,0.4166666666666667,0.0,0.4166666666666667,0.0,0.0,0.0,310.0,0.0,0.0,0.0,0.0064516129032258064,68.21935483870968
all,D+3,2025-05,taizhou_2,744.0,0.4166666666666667,0.0,0.4166666666666667,0.0,0.0,0.0,310.0,0.0,0.0,0.0,0.03225806451612903,69.55483870967743
all,D+3,2025-05,wuxi_1,744.0,0.4166666666666667,0.0,0.4166666666666667,0.0,0.0,0.0,310.0,0.0,0.0,0.0,0.0,69.15483870967742
all,D+3,2025-05,xuzhou_1,744.0,0.4018817204301075,0.0,0.4018817204301075,0.0,0.0,0.0,299.0,0.0,0.0,0.0,0.03678929765886288,58.74247491638796
all,D+3,2025-05,xuzhou_2,744.0,0.40860215053763443,0.0,0.40860215053763443,0.0,0.0,0.0,304.0,0.0,0.0,0.0,0.03289473684210526,55.776315789473685
all,D+3,2025-05,yancheng_1,744.0,0.41801075268817206,0.0,0.41801075268817206,0.0,0.0,0.0,311.0,0.0,0.0,0.0,0.03536977491961415,61.30868167202572
all,D+3,2025-05,yancheng_2,744.0,0.4166666666666667,0.0,0.4166666666666667,0.0,0.0,0.0,310.0,0.0,0.0,0.0,0.035483870967741936,66.73548387096774
all,D+3,2025-05,yancheng_3,744.0,0.41935483870967744,0.0,0.41935483870967744,0.0,0.0,0.0,312.0,0.0,0.0,0.0,0.022435897435897436,66.52564102564102
all,D+3,2025-06,changzhou_1,720.0,0.4166666666666667,0.0,0.4166666666666667,0.0,0.0,0.0,300.0,0.0,0.0,0.0,0.06666666666666667,84.30333333333333
all,D+3,2025-06,huai_an_1,720.0,0.4027777777777778,0.0,0.4027777777777778,0.0,0.0,0.0,290.0,0.0,0.0,0.0,0.1413793103448276,78.2551724137931
all,D+3,2025-06,huai_an_2,720.0,0.3958333333333333,0.0,0.3958333333333333,0.0,0.0,0.0,285.0,0.0,0.0,0.0,0.15087719298245614,79.39298245614034
all,D+3,2025-06,huai_an_3,720.0,0.39444444444444443,0.0,0.39444444444444443,0.0,0.0,0.0,284.0,0.0,0.0,0.0,0.04929577464788732,78.90492957746478
all,D+3,2025-06,lianyungang_1,720.0,0.3819444444444444,0.0,0.3819444444444444,0.0,0.0,0.0,275.0,0.0,0.0,0.0,0.10909090909090909,72.58181818181818
all,D+3,2025-06,lianyungang_2,720.0,0.3888888888888889,0.0,0.3888888888888889,0.0,0.0,0.0,280.0,0.0,0.0,0.0,0.14285714285714285,73.28214285714286
all,D+3,2025-06,nanjing_1,720.0,0.4013888888888889,0.0,0.4013888888888889,0.0,0.0,0.0,289.0,0.0,0.0,0.0,0.0657439446366782,81.10034602076125
all,D+3,2025-06,nanjing_2,720.0,0.41388888888888886,0.0,0.41388888888888886,0.0,0.0,0.0,298.0,0.0,0.0,0.0,0.08053691275167785,82.58724832214764
all,D+3,2025-06,nantong_1,720.0,0.4166666666666667,0.0,0.4166666666666667,0.0,0.0,0.0,300.0,0.0,0.0,0.0,0.11,81.69
all,D+3,2025-06,nantong_2,720.0,0.40555555555555556,0.0,0.40555555555555556,0.0,0.0,0.0,292.0,0.0,0.0,0.0,0.07534246575342465,81.91438356164383
all,D+3,2025-06,suqian_1,720.0,0.38333333333333336,0.0,0.38333333333333336,0.0,0.0,0.0,276.0,0.0,0.0,0.0,0.021739130434782608,76.84782608695652
all,D+3,2025-06,suzhou_1,720.0,0.4166666666666667,0.0,0.4166666666666667,0.0,0.0,0.0,300.0,0.0,0.0,0.0,0.09666666666666666,84.31666666666666
all,D+3,2025-06,taizhou_1,720.0,0.4097222222222222,0.0,0.4097222222222222,0.0,0.0,0.0,295.0,0.0,0.0,0.0,0.14915254237288136,78.10508474576271
all,D+3,2025-06,taizhou_2,720.0,0.4166666666666667,0.0,0.4166666666666667,0.0,0.0,0.0,300.0,0.0,0.0,0.0,0.16333333333333333,78.46333333333334
all,D+3,2025-06,wuxi_1,720.0,0.4166666666666667,0.0,0.4166666666666667,0.0,0.0,0.0,300.0,0.0,0.0,0.0,0.03666666666666667,85.78666666666666
all,D+3,2025-06,xuzhou_1,720.0,0.3763888888888889,0.0,0.3763888888888889,0.0,0.0,0.0,271.0,0.0,0.0,0.0,0.0036900369003690036,71.49815498154982
all,D+3,2025-06,xuzhou_2,720.0,0.38333333333333336,0.0,0.38333333333333336,0.0,0.0,0.0,276.0,0.0,0.0,0.0,0.021739130434782608,76.56884057971014
all,D+3,2025-06,yancheng_1,720.0,0.4013888888888889,0.0,0.4013888888888889,0.0,0.0,0.0,289.0,0.0,0.0,0.0,0.1695501730103806,82.09342560553634
all,D+3,2025-06,yancheng_2,720.0,0.4166666666666667,0.0,0.4166666666666667,0.0,0.0,0.0,300.0,0.0,0.0,0.0,0.17,78.22666666666667
all,D+3,2025-06,yancheng_3,720.0,0.4097222222222222,0.0,0.4097222222222222,0.0,0.0,0.0,295.0,0.0,0.0,0.0,0.16610169491525423,77.69830508474577
all,D+3,2025-07,changzhou_1,744.0,0.4166666666666667,0.0,0.4166666666666667,0.0,0.0,0.0,310.0,0.0,0.0,0.0,0.05806451612903226,56.019354838709674
all,D+3,2025-07,huai_an_1,744.0,0.3978494623655914,0.0,0.3978494623655914,0.0,0.0,0.0,296.0,0.0,0.0,0.0,0.04054054054054054,43.361486486486484
all,D+3,2025-07,huai_an_2,744.0,0.396505376344086,0.0,0.396505376344086,0.0,0.0,0.0,295.0,0.0,0.0,0.0,0.04745762711864407,41.18305084745763
all,D+3,2025-07,huai_an_3,744.0,0.3911290322580645,0.0,0.3911290322580645,0.0,0.0,0.0,291.0,0.0,0.0,0.0,0.041237113402061855,41.03780068728523
all,D+3,2025-07,lianyungang_1,744.0,0.38306451612903225,0.0,0.38306451612903225,0.0,0.0,0.0,285.0,0.0,0.0,0.0,0.021052631578947368,42.31228070175439
all,D+3,2025-07,lianyungang_2,744.0,0.3911290322580645,0.0,0.3911290322580645,0.0,0.0,0.0,291.0,0.0,0.0,0.0,0.05154639175257732,43.76288659793814
all,D+3,2025-07,nanjing_1,744.0,0.396505376344086,0.0,0.396505376344086,0.0,0.0,0.0,295.0,0.0,0.0,0.0,0.04406779661016949,50.355932203389834
all,D+3,2025-07,nanjing_2,744.0,0.4112903225806452,0.0,0.4112903225806452,0.0,0.0,0.0,306.0,0.0,0.0,0.0,0.06209150326797386,55.06209150326797
all,D+3,2025-07,nantong_1,744.0,0.41801075268817206,0.0,0.41801075268817206,0.0,0.0,0.0,311.0,0.0,0.0,0.0,0.01929260450160772,51.80064308681672
all,D+3,2025-07,nantong_2,744.0,0.41935483870967744,0.0,0.41935483870967744,0.0,0.0,0.0,312.0,0.0,0.0,0.0,0.03205128205128205,50.73076923076923
all,D+3,2025-07,suqian_1,744.0,0.3817204301075269,0.0,0.3817204301075269,0.0,0.0,0.0,284.0,0.0,0.0,0.0,0.017605633802816902,37.25352112676056
all,D+3,2025-07,suzhou_1,744.0,0.4166666666666667,0.0,0.4166666666666667,0.0,0.0,0.0,310.0,0.0,0.0,0.0,0.0,54.62258064516129
all,D+3,2025-07,taizhou_1,744.0,0.4099462365591398,0.0,0.4099462365591398,0.0,0.0,0.0,305.0,0.0,0.0,0.0,0.05901639344262295,44.4327868852459
all,D+3,2025-07,taizhou_2,744.0,0.4166666666666667,0.0,0.4166666666666667,0.0,0.0,0.0,310.0,0.0,0.0,0.0,0.06129032258064516,44.85806451612903
all,D+3,2025-07,wuxi_1,744.0,0.41801075268817206,0.0,0.41801075268817206,0.0,0.0,0.0,311.0,0.0,0.0,0.0,0.03536977491961415,54.858520900321544
all,D+3,2025-07,xuzhou_1,744.0,0.3763440860215054,0.0,0.3763440860215054,0.0,0.0,0.0,280.0,0.0,0.0,0.0,0.0035714285714285713,42.42142857142857
all,D+3,2025-07,xuzhou_2,744.0,0.3790322580645161,0.0,0.3790322580645161,0.0,0.0,0.0,282.0,0.0,0.0,0.0,0.010638297872340425,43.166666666666664
all,D+3,2025-07,yancheng_1,744.0,0.3978494623655914,0.0,0.3978494623655914,0.0,0.0,0.0,296.0,0.0,0.0,0.0,0.0472972972972973,42.13175675675676
all,D+3,2025-07,yancheng_2,744.0,0.4166666666666667,0.0,0.4166666666666667,0.0,0.0,0.0,310.0,0.0,0.0,0.0,0.07096774193548387,45.55161290322581
all,D+3,2025-07,yancheng_3,744.0,0.40456989247311825,0.0,0.40456989247311825,0.0,0.0,0.0,301.0,0.0,0.0,0.0,0.04983388704318937,45.69435215946844
all,D+3,2025-08,changzhou_1,744.0,0.4166666666666667,0.0,0.4166666666666667,0.0,0.0,0.0,310.0,0.0,0.0,0.0,0.0,50.983870967741936
all,D+3,2025-08,huai_an_1,744.0,0.4166666666666667,0.0,0.4166666666666667,0.0,0.0,0.0,310.0,0.0,0.0,0.0,0.0,57.7
all,D+3,2025-08,huai_an_2,744.0,0.4166666666666667,0.0,0.4166666666666667,0.0,0.0,0.0,310.0,0.0,0.0,0.0,0.0,55.987096774193546
all,D+3,2025-08,huai_an_3,744.0,0.41935483870967744,0.0,0.41935483870967744,0.0,0.0,0.0,312.0,0.0,0.0,0.0,0.00641025641025641,59.92628205128205
all,D+3,2025-08,lianyungang_1,744.0,0.4206989247311828,0.0,0.4206989247311828,0.0,0.0,0.0,313.0,0.0,0.0,0.0,0.019169329073482427,58.022364217252395
all,D+3,2025-08,lianyungang_2,744.0,0.41935483870967744,0.0,0.41935483870967744,0.0,0.0,0.0,312.0,0.0,0.0,0.0,0.00641025641025641,55.756410256410255
all,D+3,2025-08,nanjing_1,744.0,0.41801075268817206,0.0,0.41801075268817206,0.0,0.0,0.0,311.0,0.0,0.0,0.0,0.003215434083601286,56.17684887459807
all,D+3,2025-08,nanjing_2,744.0,0.41801075268817206,0.0,0.41801075268817206,0.0,0.0,0.0,311.0,0.0,0.0,0.0,0.003215434083601286,54.045016077170416
all,D+3,2025-08,nantong_1,744.0,0.41935483870967744,0.0,0.41935483870967744,0.0,0.0,0.0,312.0,0.0,0.0,0.0,0.00641025641025641,51.67628205128205
all,D+3,2025-08,nantong_2,744.0,0.4166666666666667,0.0,0.4166666666666667,0.0,0.0,0.0,310.0,0.0,0.0,0.0,0.0,51.46774193548387
all,D+3,2025-08,suqian_1,744.0,0.41801075268817206,0.0,0.41801075268817206,0.0,0.0,0.0,311.0,0.0,0.0,0.0,0.012861736334405145,57.147909967845656
all,D+3,2025-08,suzhou_1,744.0,0.4166666666666667,0.0,0.4166666666666667,0.0,0.0,0.0,310.0,0.0,0.0,0.0,0.0,50.05806451612903
all,D+3,2025-08,taizhou_1,744.0,0.41801075268817206,0.0,0.41801075268817206,0.0,0.0,0.0,311.0,0.0,0.0,0.0,0.003215434083601286,59.18006430868167
all,D+3,2025-08,taizhou_2,744.0,0.41801075268817206,0.0,0.41801075268817206,0.0,0.0,0.0,311.0,0.0,0.0,0.0,0.003215434083601286,53.98070739549839
all,D+3,2025-08,wuxi_1,744.0,0.4166666666666667,0.0,0.4166666666666667,0.0,0.0,0.0,310.0,0.0,0.0,0.0,0.0,44.748387096774195
all,D+3,2025-08,xuzhou_1,744.0,0.41397849462365593,0.0,0.41397849462365593,0.0,0.0,0.0,308.0,0.0,0.0,0.0,0.02922077922077922,56.756493506493506
all,D+3,2025-08,xuzhou_2,744.0,0.41935483870967744,0.0,0.41935483870967744,0.0,0.0,0.0,312.0,0.0,0.0,0.0,0.028846153846153848,55.68589743589744
all,D+3,2025-08,yancheng_1,744.0,0.4166666666666667,0.0,0.4166666666666667,0.0,0.0,0.0,310.0,0.0,0.0,0.0,0.0,55.18387096774194
all,D+3,2025-08,yancheng_2,744.0,0.4166666666666667,0.0,0.4166666666666667,0.0,0.0,0.0,310.0,0.0,0.0,0.0,0.0,54.77741935483871
all,D+3,2025-08,yancheng_3,744.0,0.4166666666666667,0.0,0.4166666666666667,0.0,0.0,0.0,310.0,0.0,0.0,0.0,0.0,58.409677419354836
all,D+3,2025-09,changzhou_1,720.0,0.46805555555555556,0.0,0.46805555555555556,0.0,0.0,0.0,337.0,0.0,0.0,0.0,0.06824925816023739,73.0860534124629
all,D+3,2025-09,huai_an_1,720.0,0.4666666666666667,0.0,0.4666666666666667,0.0,0.0,0.0,336.0,0.0,0.0,0.0,0.05952380952380952,78.86309523809524
all,D+3,2025-09,huai_an_2,720.0,0.46805555555555556,0.0,0.46805555555555556,0.0,0.0,0.0,337.0,0.0,0.0,0.0,0.06231454005934718,76.8486646884273
all,D+3,2025-09,huai_an_3,720.0,0.46805555555555556,0.0,0.46805555555555556,0.0,0.0,0.0,337.0,0.0,0.0,0.0,0.05637982195845697,78.0
all,D+3,2025-09,lianyungang_1,720.0,0.4652777777777778,0.0,0.4652777777777778,0.0,0.0,0.0,335.0,0.0,0.0,0.0,0.050746268656716415,72.55223880597015
all,D+3,2025-09,lianyungang_2,720.0,0.4652777777777778,0.0,0.4652777777777778,0.0,0.0,0.0,335.0,0.0,0.0,0.0,0.056716417910447764,73.94626865671641
all,D+3,2025-09,nanjing_1,720.0,0.4666666666666667,0.0,0.4666666666666667,0.0,0.0,0.0,336.0,0.0,0.0,0.0,0.05654761904761905,79.22916666666667
all,D+3,2025-09,nanjing_2,720.0,0.4722222222222222,0.0,0.4722222222222222,0.0,0.0,0.0,340.0,0.0,0.0,0.0,0.07058823529411765,75.04705882352941
all,D+3,2025-09,nantong_1,720.0,0.46111111111111114,0.0,0.46111111111111114,0.0,0.0,0.0,332.0,0.0,0.0,0.0,0.04216867469879518,72.07228915662651
all,D+3,2025-09,nantong_2,720.0,0.45694444444444443,0.0,0.45694444444444443,0.0,0.0,0.0,329.0,0.0,0.0,0.0,0.02735562310030395,66.99392097264437
all,D+3,2025-09,suqian_1,720.0,0.46944444444444444,0.0,0.46944444444444444,0.0,0.0,0.0,338.0,0.0,0.0,0.0,0.05621301775147929,75.95266272189349
all,D+3,2025-09,suzhou_1,720.0,0.4597222222222222,0.0,0.4597222222222222,0.0,0.0,0.0,331.0,0.0,0.0,0.0,0.03927492447129909,67.21752265861028
all,D+3,2025-09,taizhou_1,720.0,0.4666666666666667,0.0,0.4666666666666667,0.0,0.0,0.0,336.0,0.0,0.0,0.0,0.06547619047619048,79.91369047619048
all,D+3,2025-09,taizhou_2,720.0,0.4638888888888889,0.0,0.4638888888888889,0.0,0.0,0.0,334.0,0.0,0.0,0.0,0.05389221556886228,76.39820359281437
all,D+3,2025-09,wuxi_1,720.0,0.46944444444444444,0.0,0.46944444444444444,0.0,0.0,0.0,338.0,0.0,0.0,0.0,0.0650887573964497,75.71301775147928
all,D+3,2025-09,xuzhou_1,720.0,0.47638888888888886,0.0,0.47638888888888886,0.0,0.0,0.0,343.0,0.0,0.0,0.0,0.05539358600583091,66.96793002915452
all,D+3,2025-09,xuzhou_2,720.0,0.475,0.0,0.475,0.0,0.0,0.0,342.0,0.0,0.0,0.0,0.06140350877192982,75.55847953216374
all,D+3,2025-09,yancheng_1,720.0,0.4638888888888889,0.0,0.4638888888888889,0.0,0.0,0.0,334.0,0.0,0.0,0.0,0.05688622754491018,77.52994011976048
all,D+3,2025-09,yancheng_2,720.0,0.4638888888888889,0.0,0.4638888888888889,0.0,0.0,0.0,334.0,0.0,0.0,0.0,0.05389221556886228,77.7185628742515
all,D+3,2025-09,yancheng_3,720.0,0.4666666666666667,0.0,0.4666666666666667,0.0,0.0,0.0,336.0,0.0,0.0,0.0,0.0625,78.89285714285714
all,D+3,2025-10,changzhou_1,744.0,0.5053763440860215,0.0,0.5053763440860215,0.0,0.0,0.0,376.0,0.0,0.0,0.0,0.010638297872340425,63.9281914893617
all,D+3,2025-10,huai_an_1,744.0,0.5067204301075269,0.0,0.5067204301075269,0.0,0.0,0.0,377.0,0.0,0.0,0.0,0.013262599469496022,66.58355437665783
all,D+3,2025-10,huai_an_2,744.0,0.5067204301075269,0.0,0.5067204301075269,0.0,0.0,0.0,377.0,0.0,0.0,0.0,0.013262599469496022,72.62334217506631
all,D+3,2025-10,huai_an_3,744.0,0.5026881720430108,0.0,0.5026881720430108,0.0,0.0,0.0,374.0,0.0,0.0,0.0,0.0053475935828877,68.51604278074866
all,D+3,2025-10,lianyungang_1,744.0,0.5040322580645161,0.0,0.5040322580645161,0.0,0.0,0.0,375.0,0.0,0.0,0.0,0.008,70.936
all,D+3,2025-10,lianyungang_2,744.0,0.5094086021505376,0.0,0.5094086021505376,0.0,0.0,0.0,379.0,0.0,0.0,0.0,0.018469656992084433,77.28496042216359
all,D+3,2025-10,nanjing_1,744.0,0.5067204301075269,0.0,0.5067204301075269,0.0,0.0,0.0,377.0,0.0,0.0,0.0,0.013262599469496022,65.3023872679045
all,D+3,2025-10,nanjing_2,744.0,0.5040322580645161,0.0,0.5040322580645161,0.0,0.0,0.0,375.0,0.0,0.0,0.0,0.008,65.46133333333333
all,D+3,2025-10,nantong_1,744.0,0.5147849462365591,0.0,0.5147849462365591,0.0,0.0,0.0,383.0,0.0,0.0,0.0,0.04960835509138381,66.83812010443864
all,D+3,2025-10,nantong_2,744.0,0.5147849462365591,0.0,0.5147849462365591,0.0,0.0,0.0,383.0,0.0,0.0,0.0,0.05483028720626632,74.9425587467363
all,D+3,2025-10,suqian_1,744.0,0.5053763440860215,0.0,0.5053763440860215,0.0,0.0,0.0,376.0,0.0,0.0,0.0,0.010638297872340425,71.78191489361703
all,D+3,2025-10,suzhou_1,744.0,0.5120967741935484,0.0,0.5120967741935484,0.0,0.0,0.0,381.0,0.0,0.0,0.0,0.04461942257217848,68.77427821522309
all,D+3,2025-10,taizhou_1,744.0,0.5053763440860215,0.0,0.5053763440860215,0.0,0.0,0.0,376.0,0.0,0.0,0.0,0.010638297872340425,67.45212765957447
all,D+3,2025-10,taizhou_2,744.0,0.5120967741935484,0.0,0.5120967741935484,0.0,0.0,0.0,381.0,0.0,0.0,0.0,0.03412073490813648,66.60104986876641
all,D+3,2025-10,wuxi_1,744.0,0.5040322580645161,0.0,0.5040322580645161,0.0,0.0,0.0,375.0,0.0,0.0,0.0,0.016,63.42666666666667
all,D+3,2025-10,xuzhou_1,744.0,0.5040322580645161,0.0,0.5040322580645161,0.0,0.0,0.0,375.0,0.0,0.0,0.0,0.008,72.29066666666667
all,D+3,2025-10,xuzhou_2,744.0,0.5013440860215054,0.0,0.5013440860215054,0.0,0.0,0.0,373.0,0.0,0.0,0.0,0.002680965147453083,73.94369973190348
all,D+3,2025-10,yancheng_1,744.0,0.5080645161290323,0.0,0.5080645161290323,0.0,0.0,0.0,378.0,0.0,0.0,0.0,0.015873015873015872,73.7989417989418
all,D+3,2025-10,yancheng_2,744.0,0.5094086021505376,0.0,0.5094086021505376,0.0,0.0,0.0,379.0,0.0,0.0,0.0,0.029023746701846966,71.9736147757256
all,D+3,2025-10,yancheng_3,744.0,0.5053763440860215,0.0,0.5053763440860215,0.0,0.0,0.0,376.0,0.0,0.0,0.0,0.010638297872340425,68.28191489361703
all,D+3,2025-11,changzhou_1,720.0,0.5402777777777777,0.0,0.5402777777777777,0.0,0.0,0.0,389.0,0.0,0.0,0.0,0.02313624678663239,49.89460154241645
all,D+3,2025-11,huai_an_1,720.0,0.5430555555555555,0.0,0.5430555555555555,0.0,0.0,0.0,391.0,0.0,0.0,0.0,0.020460358056265986,51.51918158567775
all,D+3,2025-11,huai_an_2,720.0,0.5458333333333333,0.0,0.5458333333333333,0.0,0.0,0.0,393.0,0.0,0.0,0.0,0.022900763358778626,44.783715012722645
all,D+3,2025-11,huai_an_3,720.0,0.5472222222222223,0.0,0.5472222222222223,0.0,0.0,0.0,394.0,0.0,0.0,0.0,0.04060913705583756,50.756345177664976
all,D+3,2025-11,lianyungang_1,720.0,0.55,0.0,0.55,0.0,0.0,0.0,396.0,0.0,0.0,0.0,0.03282828282828283,44.97979797979798
all,D+3,2025-11,lianyungang_2,720.0,0.5486111111111112,0.0,0.5486111111111112,0.0,0.0,0.0,395.0,0.0,0.0,0.0,0.02278481012658228,44.30632911392405
all,D+3,2025-11,nanjing_1,720.0,0.5375,0.0,0.5375,0.0,0.0,0.0,387.0,0.0,0.0,0.0,0.03359173126614987,48.45994832041344
all,D+3,2025-11,nanjing_2,720.0,0.5361111111111111,0.0,0.5361111111111111,0.0,0.0,0.0,386.0,0.0,0.0,0.0,0.025906735751295335,47.56217616580311
all,D+3,2025-11,nantong_1,720.0,0.5416666666666666,0.0,0.5416666666666666,0.0,0.0,0.0,390.0,0.0,0.0,0.0,0.005128205128205128,50.6
all,D+3,2025-11,nantong_2,720.0,0.5416666666666666,0.0,0.5416666666666666,0.0,0.0,0.0,390.0,0.0,0.0,0.0,0.0,50.95384615384615
all,D+3,2025-11,suqian_1,720.0,0.5472222222222223,0.0,0.5472222222222223,0.0,0.0,0.0,394.0,0.0,0.0,0.0,0.04060913705583756,48.984771573604064
all,D+3,2025-11,suzhou_1,720.0,0.5416666666666666,0.0,0.5416666666666666,0.0,0.0,0.0,390.0,0.0,0.0,0.0,0.005128205128205128,50.91794871794872
all,D+3,2025-11,taizhou_1,720.0,0.5416666666666666,0.0,0.5416666666666666,0.0,0.0,0.0,390.0,0.0,0.0,0.0,0.015384615384615385,50.62051282051282
all,D+3,2025-11,taizhou_2,720.0,0.5416666666666666,0.0,0.5416666666666666,0.0,0.0,0.0,390.0,0.0,0.0,0.0,0.005128205128205128,48.748717948717946
all,D+3,2025-11,wuxi_1,720.0,0.5416666666666666,0.0,0.5416666666666666,0.0,0.0,0.0,390.0,0.0,0.0,0.0,0.020512820512820513,50.85641025641026
all,D+3,2025-11,xuzhou_1,720.0,0.5555555555555556,0.0,0.5555555555555556,0.0,0.0,0.0,400.0,0.0,0.0,0.0,0.0525,45.735
all,D+3,2025-11,xuzhou_2,720.0,0.5541666666666667,0.0,0.5541666666666667,0.0,0.0,0.0,399.0,0.0,0.0,0.0,0.05263157894736842,48.150375939849624
all,D+3,2025-11,yancheng_1,720.0,0.5430555555555555,0.0,0.5430555555555555,0.0,0.0,0.0,391.0,0.0,0.0,0.0,0.01278772378516624,44.790281329923275
all,D+3,2025-11,yancheng_2,720.0,0.5416666666666666,0.0,0.5416666666666666,0.0,0.0,0.0,390.0,0.0,0.0,0.0,0.005128205128205128,49.34871794871795
all,D+3,2025-11,yancheng_3,720.0,0.5430555555555555,0.0,0.5430555555555555,0.0,0.0,0.0,391.0,0.0,0.0,0.0,0.017902813299232736,51.79539641943734
all,D+3,2025-12,changzhou_1,744.0,0.5725806451612904,0.0,0.5725806451612904,0.0,0.0,0.0,426.0,0.0,0.0,0.0,0.03051643192488263,49.81455399061033
all,D+3,2025-12,huai_an_1,744.0,0.5833333333333334,0.0,0.5833333333333334,0.0,0.0,0.0,434.0,0.0,0.0,0.0,0.018433179723502304,54.133640552995395
all,D+3,2025-12,huai_an_2,744.0,0.5833333333333334,0.0,0.5833333333333334,0.0,0.0,0.0,434.0,0.0,0.0,0.0,0.013824884792626729,51.92857142857143
all,D+3,2025-12,huai_an_3,744.0,0.5833333333333334,0.0,0.5833333333333334,0.0,0.0,0.0,434.0,0.0,0.0,0.0,0.020737327188940093,53.30184331797235
all,D+3,2025-12,lianyungang_1,744.0,0.5833333333333334,0.0,0.5833333333333334,0.0,0.0,0.0,434.0,0.0,0.0,0.0,0.0,50.48847926267281
all,D+3,2025-12,lianyungang_2,744.0,0.5833333333333334,0.0,0.5833333333333334,0.0,0.0,0.0,434.0,0.0,0.0,0.0,0.0069124423963133645,51.39861751152074
all,D+3,2025-12,nanjing_1,744.0,0.5833333333333334,0.0,0.5833333333333334,0.0,0.0,0.0,434.0,0.0,0.0,0.0,0.041474654377880185,56.91244239631337
all,D+3,2025-12,nanjing_2,744.0,0.5779569892473119,0.0,0.5779569892473119,0.0,0.0,0.0,430.0,0.0,0.0,0.0,0.03953488372093023,50.7
all,D+3,2025-12,nantong_1,744.0,0.5658602150537635,0.0,0.5658602150537635,0.0,0.0,0.0,421.0,0.0,0.0,0.0,0.028503562945368172,49.83372921615202
all,D+3,2025-12,nantong_2,744.0,0.5618279569892473,0.0,0.5618279569892473,0.0,0.0,0.0,418.0,0.0,0.0,0.0,0.03588516746411483,54.334928229665074
all,D+3,2025-12,suqian_1,744.0,0.5833333333333334,0.0,0.5833333333333334,0.0,0.0,0.0,434.0,0.0,0.0,0.0,0.009216589861751152,53.004608294930875
all,D+3,2025-12,suzhou_1,744.0,0.5645161290322581,0.0,0.5645161290322581,0.0,0.0,0.0,420.0,0.0,0.0,0.0,0.03571428571428571,46.31190476190476
all,D+3,2025-12,taizhou_1,744.0,0.5779569892473119,0.0,0.5779569892473119,0.0,0.0,0.0,430.0,0.0,0.0,0.0,0.018604651162790697,55.96279069767442
all,D+3,2025-12,taizhou_2,744.0,0.5725806451612904,0.0,0.5725806451612904,0.0,0.0,0.0,426.0,0.0,0.0,0.0,0.02112676056338028,54.701877934272304
all,D+3,2025-12,wuxi_1,744.0,0.5698924731182796,0.0,0.5698924731182796,0.0,0.0,0.0,424.0,0.0,0.0,0.0,0.03537735849056604,46.051886792452834
all,D+3,2025-12,xuzhou_1,744.0,0.5833333333333334,0.0,0.5833333333333334,0.0,0.0,0.0,434.0,0.0,0.0,0.0,0.027649769585253458,48.066820276497694
all,D+3,2025-12,xuzhou_2,744.0,0.5833333333333334,0.0,0.5833333333333334,0.0,0.0,0.0,434.0,0.0,0.0,0.0,0.018433179723502304,49.755760368663594
all,D+3,2025-12,yancheng_1,744.0,0.5833333333333334,0.0,0.5833333333333334,0.0,0.0,0.0,434.0,0.0,0.0,0.0,0.016129032258064516,51.6221198156682
all,D+3,2025-12,yancheng_2,744.0,0.5739247311827957,0.0,0.5739247311827957,0.0,0.0,0.0,427.0,0.0,0.0,0.0,0.01873536299765808,54.412177985948475
all,D+3,2025-12,yancheng_3,744.0,0.5793010752688172,0.0,0.5793010752688172,0.0,0.0,0.0,431.0,0.0,0.0,0.0,0.016241299303944315,54.44779582366589
all,D+3,2026-01,changzhou_1,744.0,0.5497311827956989,0.0,0.5497311827956989,0.0,0.0,0.0,409.0,0.0,0.0,0.0,0.019559902200488997,49.645476772616135
all,D+3,2026-01,huai_an_1,744.0,0.553763440860215,0.0,0.553763440860215,0.0,0.0,0.0,412.0,0.0,0.0,0.0,0.021844660194174758,53.55825242718446
all,D+3,2026-01,huai_an_2,744.0,0.5577956989247311,0.0,0.5577956989247311,0.0,0.0,0.0,415.0,0.0,0.0,0.0,0.021686746987951807,51.82650602409639
all,D+3,2026-01,huai_an_3,744.0,0.5483870967741935,0.0,0.5483870967741935,0.0,0.0,0.0,408.0,0.0,0.0,0.0,0.012254901960784314,56.41421568627451
all,D+3,2026-01,lianyungang_1,744.0,0.5551075268817204,0.0,0.5551075268817204,0.0,0.0,0.0,413.0,0.0,0.0,0.0,0.021791767554479417,53.63680387409201
all,D+3,2026-01,lianyungang_2,744.0,0.5604838709677419,0.0,0.5604838709677419,0.0,0.0,0.0,417.0,0.0,0.0,0.0,0.02158273381294964,53.16786570743405
all,D+3,2026-01,nanjing_1,744.0,0.543010752688172,0.0,0.543010752688172,0.0,0.0,0.0,404.0,0.0,0.0,0.0,0.0024752475247524753,50.78712871287129
all,D+3,2026-01,nanjing_2,744.0,0.5483870967741935,0.0,0.5483870967741935,0.0,0.0,0.0,408.0,0.0,0.0,0.0,0.012254901960784314,49.818627450980394
all,D+3,2026-01,nantong_1,744.0,0.5604838709677419,0.0,0.5604838709677419,0.0,0.0,0.0,417.0,0.0,0.0,0.0,0.047961630695443645,46.007194244604314
all,D+3,2026-01,nantong_2,744.0,0.5618279569892473,0.0,0.5618279569892473,0.0,0.0,0.0,418.0,0.0,0.0,0.0,0.09090909090909091,48.74641148325359
all,D+3,2026-01,suqian_1,744.0,0.5497311827956989,0.0,0.5497311827956989,0.0,0.0,0.0,409.0,0.0,0.0,0.0,0.014669926650366748,56.18092909535452
all,D+3,2026-01,suzhou_1,744.0,0.5564516129032258,0.0,0.5564516129032258,0.0,0.0,0.0,414.0,0.0,0.0,0.0,0.05314009661835749,45.169082125603865
all,D+3,2026-01,taizhou_1,744.0,0.5551075268817204,0.0,0.5551075268817204,0.0,0.0,0.0,413.0,0.0,0.0,0.0,0.024213075060532687,52.0363196125908
all,D+3,2026-01,taizhou_2,744.0,0.5631720430107527,0.0,0.5631720430107527,0.0,0.0,0.0,419.0,0.0,0.0,0.0,0.03579952267303103,51.16229116945107
all,D+3,2026-01,wuxi_1,744.0,0.5497311827956989,0.0,0.5497311827956989,0.0,0.0,0.0,409.0,0.0,0.0,0.0,0.03178484107579462,49.01466992665037
all,D+3,2026-01,xuzhou_1,744.0,0.543010752688172,0.0,0.543010752688172,0.0,0.0,0.0,404.0,0.0,0.0,0.0,0.0024752475247524753,51.03465346534654
all,D+3,2026-01,xuzhou_2,744.0,0.5456989247311828,0.0,0.5456989247311828,0.0,0.0,0.0,406.0,0.0,0.0,0.0,0.007389162561576354,55.39408866995074
all,D+3,2026-01,yancheng_1,744.0,0.5591397849462365,0.0,0.5591397849462365,0.0,0.0,0.0,416.0,0.0,0.0,0.0,0.021634615384615384,52.50480769230769
all,D+3,2026-01,yancheng_2,744.0,0.5645161290322581,0.0,0.5645161290322581,0.0,0.0,0.0,420.0,0.0,0.0,0.0,0.03333333333333333,52.56666666666667
all,D+3,2026-01,yancheng_3,744.0,0.5577956989247311,0.0,0.5577956989247311,0.0,0.0,0.0,415.0,0.0,0.0,0.0,0.024096385542168676,52.98313253012048
all,D+3,2026-02,changzhou_1,672.0,0.5133928571428571,0.0,0.5133928571428571,0.0,0.0,0.0,345.0,0.0,0.0,0.0,0.02608695652173913,69.21159420289855
all,D+3,2026-02,huai_an_1,672.0,0.5178571428571429,0.0,0.5178571428571429,0.0,0.0,0.0,348.0,0.0,0.0,0.0,0.022988505747126436,62.06896551724138
all,D+3,2026-02,huai_an_2,672.0,0.5208333333333334,0.0,0.5208333333333334,0.0,0.0,0.0,350.0,0.0,0.0,0.0,0.022857142857142857,60.325714285714284
all,D+3,2026-02,huai_an_3,672.0,0.5252976190476191,0.0,0.5252976190476191,0.0,0.0,0.0,353.0,0.0,0.0,0.0,0.025495750708215296,61.41076487252125
all,D+3,2026-02,lianyungang_1,672.0,0.5267857142857143,0.0,0.5267857142857143,0.0,0.0,0.0,354.0,0.0,0.0,0.0,0.01977401129943503,51.73163841807909
all,D+3,2026-02,lianyungang_2,672.0,0.5208333333333334,0.0,0.5208333333333334,0.0,0.0,0.0,350.0,0.0,0.0,0.0,0.02,53.60285714285714
all,D+3,2026-02,nanjing_1,672.0,0.5252976190476191,0.0,0.5252976190476191,0.0,0.0,0.0,353.0,0.0,0.0,0.0,0.031161473087818695,65.92067988668555
all,D+3,2026-02,nanjing_2,672.0,0.5208333333333334,0.0,0.5208333333333334,0.0,0.0,0.0,350.0,0.0,0.0,0.0,0.03428571428571429,68.84
all,D+3,2026-02,nantong_1,672.0,0.5059523809523809,0.0,0.5059523809523809,0.0,0.0,0.0,340.0,0.0,0.0,0.0,0.011764705882352941,62.76764705882353
all,D+3,2026-02,nantong_2,672.0,0.5044642857142857,0.0,0.5044642857142857,0.0,0.0,0.0,339.0,0.0,0.0,0.0,0.008849557522123894,63.67256637168141
all,D+3,2026-02,suqian_1,672.0,0.5297619047619048,0.0,0.5297619047619048,0.0,0.0,0.0,356.0,0.0,0.0,0.0,0.025280898876404494,58.08426966292135
all,D+3,2026-02,suzhou_1,672.0,0.5074404761904762,0.0,0.5074404761904762,0.0,0.0,0.0,341.0,0.0,0.0,0.0,0.01466275659824047,66.64809384164222
all,D+3,2026-02,taizhou_1,672.0,0.5178571428571429,0.0,0.5178571428571429,0.0,0.0,0.0,348.0,0.0,0.0,0.0,0.031609195402298854,59.01149425287356
all,D+3,2026-02,taizhou_2,672.0,0.5089285714285714,0.0,0.5089285714285714,0.0,0.0,0.0,342.0,0.0,0.0,0.0,0.017543859649122806,57.078947368421055
all,D+3,2026-02,wuxi_1,672.0,0.5133928571428571,0.0,0.5133928571428571,0.0,0.0,0.0,345.0,0.0,0.0,0.0,0.02608695652173913,69.63188405797102
all,D+3,2026-02,xuzhou_1,672.0,0.5401785714285714,0.0,0.5401785714285714,0.0,0.0,0.0,363.0,0.0,0.0,0.0,0.03581267217630854,54.137741046831955
all,D+3,2026-02,xuzhou_2,672.0,0.5357142857142857,0.0,0.5357142857142857,0.0,0.0,0.0,360.0,0.0,0.0,0.0,0.027777777777777776,56.13333333333333
all,D+3,2026-02,yancheng_1,672.0,0.5178571428571429,0.0,0.5178571428571429,0.0,0.0,0.0,348.0,0.0,0.0,0.0,0.022988505747126436,60.991379310344826
all,D+3,2026-02,yancheng_2,672.0,0.5104166666666666,0.0,0.5104166666666666,0.0,0.0,0.0,343.0,0.0,0.0,0.0,0.02040816326530612,61.434402332361515
all,D+3,2026-02,yancheng_3,672.0,0.5178571428571429,0.0,0.5178571428571429,0.0,0.0,0.0,348.0,0.0,0.0,0.0,0.028735632183908046,60.089080459770116
all,D+3,2026-03,changzhou_1,744.0,0.4959677419354839,0.0,0.4959677419354839,0.0,0.0,0.0,369.0,0.0,0.0,0.0,0.06233062330623306,78.43360433604336
all,D+3,2026-03,huai_an_1,744.0,0.4852150537634409,0.0,0.4852150537634409,0.0,0.0,0.0,361.0,0.0,0.0,0.0,0.0443213296398892,78.42659279778394
all,D+3,2026-03,huai_an_2,744.0,0.4838709677419355,0.0,0.4838709677419355,0.0,0.0,0.0,360.0,0.0,0.0,0.0,0.03888888888888889,79.54722222222222
all,D+3,2026-03,huai_an_3,744.0,0.478494623655914,0.0,0.478494623655914,0.0,0.0,0.0,356.0,0.0,0.0,0.0,0.033707865168539325,77.67415730337079
all,D+3,2026-03,lianyungang_1,744.0,0.478494623655914,0.0,0.478494623655914,0.0,0.0,0.0,356.0,0.0,0.0,0.0,0.033707865168539325,77.64044943820225
all,D+3,2026-03,lianyungang_2,744.0,0.4825268817204301,0.0,0.4825268817204301,0.0,0.0,0.0,359.0,0.0,0.0,0.0,0.036211699164345405,77.66573816155989
all,D+3,2026-03,nanjing_1,744.0,0.4852150537634409,0.0,0.4852150537634409,0.0,0.0,0.0,361.0,0.0,0.0,0.0,0.04986149584487535,74.70637119113573
all,D+3,2026-03,nanjing_2,744.0,0.4905913978494624,0.0,0.4905913978494624,0.0,0.0,0.0,365.0,0.0,0.0,0.0,0.057534246575342465,75.26301369863013
all,D+3,2026-03,nantong_1,744.0,0.4946236559139785,0.0,0.4946236559139785,0.0,0.0,0.0,368.0,0.0,0.0,0.0,0.04891304347826087,79.5788043478261
all,D+3,2026-03,nantong_2,744.0,0.4946236559139785,0.0,0.4946236559139785,0.0,0.0,0.0,368.0,0.0,0.0,0.0,0.04619565217391304,78.71195652173913
all,D+3,2026-03,suqian_1,744.0,0.4798387096774194,0.0,0.4798387096774194,0.0,0.0,0.0,357.0,0.0,0.0,0.0,0.036414565826330535,77.26610644257703
all,D+3,2026-03,suzhou_1,744.0,0.4959677419354839,0.0,0.4959677419354839,0.0,0.0,0.0,369.0,0.0,0.0,0.0,0.051490514905149054,81.710027100271
all,D+3,2026-03,taizhou_1,744.0,0.4879032258064516,0.0,0.4879032258064516,0.0,0.0,0.0,363.0,0.0,0.0,0.0,0.046831955922865015,78.34986225895317
all,D+3,2026-03,taizhou_2,744.0,0.4932795698924731,0.0,0.4932795698924731,0.0,0.0,0.0,367.0,0.0,0.0,0.0,0.051771117166212535,79.32697547683924
all,D+3,2026-03,wuxi_1,744.0,0.4959677419354839,0.0,0.4959677419354839,0.0,0.0,0.0,369.0,0.0,0.0,0.0,0.05962059620596206,83.11924119241192
all,D+3,2026-03,xuzhou_1,744.0,0.46908602150537637,0.0,0.46908602150537637,0.0,0.0,0.0,349.0,0.0,0.0,0.0,0.022922636103151862,77.46131805157593
all,D+3,2026-03,xuzhou_2,744.0,0.46908602150537637,0.0,0.46908602150537637,0.0,0.0,0.0,349.0,0.0,0.0,0.0,0.022922636103151862,78.17478510028653
all,D+3,2026-03,yancheng_1,744.0,0.4838709677419355,0.0,0.4838709677419355,0.0,0.0,0.0,360.0,0.0,0.0,0.0,0.03888888888888889,81.13333333333334
all,D+3,2026-03,yancheng_2,744.0,0.4905913978494624,0.0,0.4905913978494624,0.0,0.0,0.0,365.0,0.0,0.0,0.0,0.04657534246575343,80.1041095890411
all,D+3,2026-03,yancheng_3,744.0,0.48655913978494625,0.0,0.48655913978494625,0.0,0.0,0.0,362.0,0.0,0.0,0.0,0.04419889502762431,78.45580110497238
all,D+3,2026-04,changzhou_1,720.0,0.43194444444444446,0.0,0.43194444444444446,0.0,0.0,0.0,311.0,0.0,0.0,0.0,0.03536977491961415,75.5608108108108
all,D+3,2026-04,huai_an_1,720.0,0.4263888888888889,0.0,0.4263888888888889,0.0,0.0,0.0,307.0,0.0,0.0,0.0,0.02280130293159609,70.28767123287672
all,D+3,2026-04,huai_an_2,720.0,0.42083333333333334,0.0,0.42083333333333334,0.0,0.0,0.0,303.0,0.0,0.0,0.0,0.009900990099009901,69.93402777777777
all,D+3,2026-04,huai_an_3,720.0,0.4305555555555556,0.0,0.4305555555555556,0.0,0.0,0.0,310.0,0.0,0.0,0.0,0.03225806451612903,70.09152542372881
all,D+3,2026-04,lianyungang_1,720.0,0.425,0.0,0.425,0.0,0.0,0.0,306.0,0.0,0.0,0.0,0.0196078431372549,64.05154639175258
all,D+3,2026-04,lianyungang_2,720.0,0.42083333333333334,0.0,0.42083333333333334,0.0,0.0,0.0,303.0,0.0,0.0,0.0,0.009900990099009901,66.42013888888889
all,D+3,2026-04,nanjing_1,720.0,0.43333333333333335,0.0,0.43333333333333335,0.0,0.0,0.0,312.0,0.0,0.0,0.0,0.038461538461538464,67.74410774410775
all,D+3,2026-04,nanjing_2,720.0,0.4361111111111111,0.0,0.4361111111111111,0.0,0.0,0.0,314.0,0.0,0.0,0.0,0.044585987261146494,72.45484949832776
all,D+3,2026-04,nantong_1,720.0,0.425,0.0,0.425,0.0,0.0,0.0,306.0,0.0,0.0,0.0,0.0196078431372549,76.03092783505154
all,D+3,2026-04,nantong_2,720.0,0.42777777777777776,0.0,0.42777777777777776,0.0,0.0,0.0,308.0,0.0,0.0,0.0,0.025974025974025976,74.67576791808874
all,D+3,2026-04,suqian_1,720.0,0.4305555555555556,0.0,0.4305555555555556,0.0,0.0,0.0,310.0,0.0,0.0,0.0,0.03225806451612903,68.46101694915254
all,D+3,2026-04,suzhou_1,720.0,0.4305555555555556,0.0,0.4305555555555556,0.0,0.0,0.0,310.0,0.0,0.0,0.0,0.03225806451612903,75.59661016949153
all,D+3,2026-04,taizhou_1,720.0,0.4236111111111111,0.0,0.4236111111111111,0.0,0.0,0.0,305.0,0.0,0.0,0.0,0.01639344262295082,69.78275862068965
all,D+3,2026-04,taizhou_2,720.0,0.4263888888888889,0.0,0.4263888888888889,0.0,0.0,0.0,307.0,0.0,0.0,0.0,0.02280130293159609,71.93835616438356
all,D+3,2026-04,wuxi_1,720.0,0.42777777777777776,0.0,0.42777777777777776,0.0,0.0,0.0,308.0,0.0,0.0,0.0,0.025974025974025976,76.96928327645051
all,D+3,2026-04,xuzhou_1,720.0,0.43472222222222223,0.0,0.43472222222222223,0.0,0.0,0.0,313.0,0.0,0.0,0.0,0.02875399361022364,65.60738255033557
all,D+3,2026-04,xuzhou_2,720.0,0.43333333333333335,0.0,0.43333333333333335,0.0,0.0,0.0,312.0,0.0,0.0,0.0,0.03205128205128205,67.58922558922559
all,D+3,2026-04,yancheng_1,720.0,0.4263888888888889,0.0,0.4263888888888889,0.0,0.0,0.0,307.0,0.0,0.0,0.0,0.02280130293159609,69.8082191780822
all,D+3,2026-04,yancheng_2,720.0,0.425,0.0,0.425,0.0,0.0,0.0,306.0,0.0,0.0,0.0,0.0196078431372549,73.78350515463917
all,D+3,2026-04,yancheng_3,720.0,0.42777777777777776,0.0,0.42777777777777776,0.0,0.0,0.0,308.0,0.0,0.0,0.0,0.025974025974025976,70.84300341296928
all,D+3,2026-05,changzhou_1,744.0,0.41801075268817206,0.0,0.41801075268817206,0.0,0.0,0.0,311.0,0.0,0.0,0.0,0.003215434083601286,69.08681672025723
all,D+3,2026-05,huai_an_1,744.0,0.4166666666666667,0.0,0.4166666666666667,0.0,0.0,0.0,310.0,0.0,0.0,0.0,0.0,65.80967741935484
all,D+3,2026-05,huai_an_2,744.0,0.41801075268817206,0.0,0.41801075268817206,0.0,0.0,0.0,311.0,0.0,0.0,0.0,0.028938906752411574,60.20578778135048
all,D+3,2026-05,huai_an_3,744.0,0.41801075268817206,0.0,0.41801075268817206,0.0,0.0,0.0,311.0,0.0,0.0,0.0,0.01929260450160772,68.2443729903537
all,D+3,2026-05,lianyungang_1,744.0,0.4153225806451613,0.0,0.4153225806451613,0.0,0.0,0.0,309.0,0.0,0.0,0.0,0.038834951456310676,54.74110032362459
all,D+3,2026-05,lianyungang_2,744.0,0.4166666666666667,0.0,0.4166666666666667,0.0,0.0,0.0,310.0,0.0,0.0,0.0,0.04838709677419355,55.19032258064516
all,D+3,2026-05,nanjing_1,744.0,0.41935483870967744,0.0,0.41935483870967744,0.0,0.0,0.0,312.0,0.0,0.0,0.0,0.009615384615384616,69.01923076923077
all,D+3,2026-05,nanjing_2,744.0,0.4166666666666667,0.0,0.4166666666666667,0.0,0.0,0.0,310.0,0.0,0.0,0.0,0.0,66.71290322580646
all,D+3,2026-05,nantong_1,744.0,0.4166666666666667,0.0,0.4166666666666667,0.0,0.0,0.0,310.0,0.0,0.0,0.0,0.03225806451612903,69.47419354838709
all,D+3,2026-05,nantong_2,744.0,0.4166666666666667,0.0,0.4166666666666667,0.0,0.0,0.0,310.0,0.0,0.0,0.0,0.04838709677419355,67.94193548387096
all,D+3,2026-05,suqian_1,744.0,0.4166666666666667,0.0,0.4166666666666667,0.0,0.0,0.0,310.0,0.0,0.0,0.0,0.03225806451612903,60.38709677419355
all,D+3,2026-05,suzhou_1,744.0,0.4166666666666667,0.0,0.4166666666666667,0.0,0.0,0.0,310.0,0.0,0.0,0.0,0.025806451612903226,67.99032258064516
all,D+3,2026-05,taizhou_1,744.0,0.4166666666666667,0.0,0.4166666666666667,0.0,0.0,0.0,310.0,0.0,0.0,0.0,0.0064516129032258064,68.93548387096774
all,D+3,2026-05,taizhou_2,744.0,0.41801075268817206,0.0,0.41801075268817206,0.0,0.0,0.0,311.0,0.0,0.0,0.0,0.03536977491961415,67.73311897106109
all,D+3,2026-05,wuxi_1,744.0,0.4166666666666667,0.0,0.4166666666666667,0.0,0.0,0.0,310.0,0.0,0.0,0.0,0.0,66.79677419354839
all,D+3,2026-05,xuzhou_1,744.0,0.40725806451612906,0.0,0.40725806451612906,0.0,0.0,0.0,303.0,0.0,0.0,0.0,0.0462046204620462,59.633663366336634
all,D+3,2026-05,xuzhou_2,744.0,0.4112903225806452,0.0,0.4112903225806452,0.0,0.0,0.0,306.0,0.0,0.0,0.0,0.0392156862745098,59.330065359477125
all,D+3,2026-05,yancheng_1,744.0,0.4166666666666667,0.0,0.4166666666666667,0.0,0.0,0.0,310.0,0.0,0.0,0.0,0.02903225806451613,58.62258064516129
all,D+3,2026-05,yancheng_2,744.0,0.4166666666666667,0.0,0.4166666666666667,0.0,0.0,0.0,310.0,0.0,0.0,0.0,0.035483870967741936,61.16129032258065
all,D+3,2026-05,yancheng_3,744.0,0.4166666666666667,0.0,0.4166666666666667,0.0,0.0,0.0,310.0,0.0,0.0,0.0,0.012903225806451613,66.32903225806452
all,D+3,2026-06,changzhou_1,720.0,0.41944444444444445,0.0,0.41944444444444445,0.0,0.0,0.0,302.0,0.0,0.0,0.0,0.0695364238410596,79.3907284768212
all,D+3,2026-06,huai_an_1,720.0,0.4027777777777778,0.0,0.4027777777777778,0.0,0.0,0.0,290.0,0.0,0.0,0.0,0.1413793103448276,76.63448275862069
all,D+3,2026-06,huai_an_2,720.0,0.3888888888888889,0.0,0.3888888888888889,0.0,0.0,0.0,280.0,0.0,0.0,0.0,0.1357142857142857,73.11428571428571
all,D+3,2026-06,huai_an_3,720.0,0.3875,0.0,0.3875,0.0,0.0,0.0,279.0,0.0,0.0,0.0,0.03225806451612903,72.3584229390681
all,D+3,2026-06,lianyungang_1,720.0,0.37777777777777777,0.0,0.37777777777777777,0.0,0.0,0.0,272.0,0.0,0.0,0.0,0.09926470588235294,67.29779411764706
all,D+3,2026-06,lianyungang_2,720.0,0.38472222222222224,0.0,0.38472222222222224,0.0,0.0,0.0,277.0,0.0,0.0,0.0,0.13357400722021662,69.40072202166066
all,D+3,2026-06,nanjing_1,720.0,0.4041666666666667,0.0,0.4041666666666667,0.0,0.0,0.0,291.0,0.0,0.0,0.0,0.07216494845360824,76.12714776632302
all,D+3,2026-06,nanjing_2,720.0,0.4152777777777778,0.0,0.4152777777777778,0.0,0.0,0.0,299.0,0.0,0.0,0.0,0.08361204013377926,78.07023411371237
all,D+3,2026-06,nantong_1,720.0,0.4166666666666667,0.0,0.4166666666666667,0.0,0.0,0.0,300.0,0.0,0.0,0.0,0.11,80.44
all,D+3,2026-06,nantong_2,720.0,0.4013888888888889,0.0,0.4013888888888889,0.0,0.0,0.0,289.0,0.0,0.0,0.0,0.0657439446366782,79.2318339100346
all,D+3,2026-06,suqian_1,720.0,0.375,0.0,0.375,0.0,0.0,0.0,270.0,0.0,0.0,0.0,0.0,72.15555555555555
all,D+3,2026-06,suzhou_1,720.0,0.4166666666666667,0.0,0.4166666666666667,0.0,0.0,0.0,300.0,0.0,0.0,0.0,0.09666666666666666,80.11
all,D+3,2026-06,taizhou_1,720.0,0.4111111111111111,0.0,0.4111111111111111,0.0,0.0,0.0,296.0,0.0,0.0,0.0,0.15202702702702703,75.34121621621621
all,D+3,2026-06,taizhou_2,720.0,0.4166666666666667,0.0,0.4166666666666667,0.0,0.0,0.0,300.0,0.0,0.0,0.0,0.16333333333333333,76.78333333333333
all,D+3,2026-06,wuxi_1,720.0,0.4166666666666667,0.0,0.4166666666666667,0.0,0.0,0.0,300.0,0.0,0.0,0.0,0.03666666666666667,80.48666666666666
all,D+3,2026-06,xuzhou_1,720.0,0.37777777777777777,0.0,0.37777777777777777,0.0,0.0,0.0,272.0,0.0,0.0,0.0,0.007352941176470588,66.06617647058823
all,D+3,2026-06,xuzhou_2,720.0,0.37777777777777777,0.0,0.37777777777777777,0.0,0.0,0.0,272.0,0.0,0.0,0.0,0.007352941176470588,69.17279411764706
all,D+3,2026-06,yancheng_1,720.0,0.39305555555555555,0.0,0.39305555555555555,0.0,0.0,0.0,283.0,0.0,0.0,0.0,0.1519434628975265,73.73851590106007
all,D+3,2026-06,yancheng_2,720.0,0.4166666666666667,0.0,0.4166666666666667,0.0,0.0,0.0,300.0,0.0,0.0,0.0,0.17,76.88333333333334
all,D+3,2026-06,yancheng_3,720.0,0.4097222222222222,0.0,0.4097222222222222,0.0,0.0,0.0,295.0,0.0,0.0,0.0,0.16610169491525423,77.33220338983051
all,D+3,2026-07,changzhou_1,744.0,0.41801075268817206,0.0,0.41801075268817206,0.0,0.0,0.0,311.0,0.0,0.0,0.0,0.06109324758842444,80.7652733118971
all,D+3,2026-07,huai_an_1,744.0,0.40725806451612906,0.0,0.40725806451612906,0.0,0.0,0.0,303.0,0.0,0.0,0.0,0.066006600660066,76.45214521452145
all,D+3,2026-07,huai_an_2,744.0,0.4018817204301075,0.0,0.4018817204301075,0.0,0.0,0.0,299.0,0.0,0.0,0.0,0.06020066889632107,67.89297658862876
all,D+3,2026-07,huai_an_3,744.0,0.3924731182795699,0.0,0.3924731182795699,0.0,0.0,0.0,292.0,0.0,0.0,0.0,0.04452054794520548,72.64041095890411
all,D+3,2026-07,lianyungang_1,744.0,0.3870967741935484,0.0,0.3870967741935484,0.0,0.0,0.0,288.0,0.0,0.0,0.0,0.03125,65.10069444444444
all,D+3,2026-07,lianyungang_2,744.0,0.3978494623655914,0.0,0.3978494623655914,0.0,0.0,0.0,296.0,0.0,0.0,0.0,0.06756756756756757,66.35810810810811
all,D+3,2026-07,nanjing_1,744.0,0.40456989247311825,0.0,0.40456989247311825,0.0,0.0,0.0,301.0,0.0,0.0,0.0,0.06312292358803986,81.78073089700996
all,D+3,2026-07,nanjing_2,744.0,0.41801075268817206,0.0,0.41801075268817206,0.0,0.0,0.0,311.0,0.0,0.0,0.0,0.08038585209003216,84.45659163987138
all,D+3,2026-07,nantong_1,744.0,0.4166666666666667,0.0,0.4166666666666667,0.0,0.0,0.0,310.0,0.0,0.0,0.0,0.012903225806451613,80.69354838709677
all,D+3,2026-07,nantong_2,744.0,0.4166666666666667,0.0,0.4166666666666667,0.0,0.0,0.0,310.0,0.0,0.0,0.0,0.025806451612903226,82.20645161290322
all,D+3,2026-07,suqian_1,744.0,0.38306451612903225,0.0,0.38306451612903225,0.0,0.0,0.0,285.0,0.0,0.0,0.0,0.021052631578947368,64.57543859649122
all,D+3,2026-07,suzhou_1,744.0,0.4166666666666667,0.0,0.4166666666666667,0.0,0.0,0.0,310.0,0.0,0.0,0.0,0.0,82.09032258064516
all,D+3,2026-07,taizhou_1,744.0,0.4166666666666667,0.0,0.4166666666666667,0.0,0.0,0.0,310.0,0.0,0.0,0.0,0.07419354838709677,79.42258064516129
all,D+3,2026-07,taizhou_2,744.0,0.4166666666666667,0.0,0.4166666666666667,0.0,0.0,0.0,310.0,0.0,0.0,0.0,0.06129032258064516,80.2258064516129
all,D+3,2026-07,wuxi_1,744.0,0.4166666666666667,0.0,0.4166666666666667,0.0,0.0,0.0,310.0,0.0,0.0,0.0,0.03225806451612903,83.09354838709677
all,D+3,2026-07,xuzhou_1,744.0,0.38306451612903225,0.0,0.38306451612903225,0.0,0.0,0.0,285.0,0.0,0.0,0.0,0.021052631578947368,69.70877192982456
all,D+3,2026-07,xuzhou_2,744.0,0.3790322580645161,0.0,0.3790322580645161,0.0,0.0,0.0,282.0,0.0,0.0,0.0,0.010638297872340425,64.70921985815603
all,D+3,2026-07,yancheng_1,744.0,0.4032258064516129,0.0,0.4032258064516129,0.0,0.0,0.0,300.0,0.0,0.0,0.0,0.06333333333333334,70.07666666666667
all,D+3,2026-07,yancheng_2,744.0,0.4166666666666667,0.0,0.4166666666666667,0.0,0.0,0.0,310.0,0.0,0.0,0.0,0.07419354838709677,79.25483870967741
all,D+3,2026-07,yancheng_3,744.0,0.4099462365591398,0.0,0.4099462365591398,0.0,0.0,0.0,305.0,0.0,0.0,0.0,0.06229508196721312,78.09836065573771
all,D+3,2026-08,changzhou_1,744.0,0.41935483870967744,0.0,0.41935483870967744,0.0,0.0,0.0,312.0,0.0,0.0,0.0,0.00641025641025641,64.00641025641026
all,D+3,2026-08,huai_an_1,744.0,0.41801075268817206,0.0,0.41801075268817206,0.0,0.0,0.0,311.0,0.0,0.0,0.0,0.003215434083601286,63.90675241157556
all,D+3,2026-08,huai_an_2,744.0,0.4220430107526882,0.0,0.4220430107526882,0.0,0.0,0.0,314.0,0.0,0.0,0.0,0.012738853503184714,67.828025477707
all,D+3,2026-08,huai_an_3,744.0,0.4206989247311828,0.0,0.4206989247311828,0.0,0.0,0.0,313.0,0.0,0.0,0.0,0.009584664536741214,61.73162939297124
all,D+3,2026-08,lianyungang_1,744.0,0.4206989247311828,0.0,0.4206989247311828,0.0,0.0,0.0,313.0,0.0,0.0,0.0,0.019169329073482427,66.57188498402556
all,D+3,2026-08,lianyungang_2,744.0,0.4206989247311828,0.0,0.4206989247311828,0.0,0.0,0.0,313.0,0.0,0.0,0.0,0.009584664536741214,68.03194888178913
all,D+3,2026-08,nanjing_1,744.0,0.4220430107526882,0.0,0.4220430107526882,0.0,0.0,0.0,314.0,0.0,0.0,0.0,0.012738853503184714,55.60828025477707
all,D+3,2026-08,nanjing_2,744.0,0.4206989247311828,0.0,0.4206989247311828,0.0,0.0,0.0,313.0,0.0,0.0,0.0,0.009584664536741214,56.75079872204473
all,D+3,2026-08,nantong_1,744.0,0.41935483870967744,0.0,0.41935483870967744,0.0,0.0,0.0,312.0,0.0,0.0,0.0,0.00641025641025641,56.47115384615385
all,D+3,2026-08,nantong_2,744.0,0.41801075268817206,0.0,0.41801075268817206,0.0,0.0,0.0,311.0,0.0,0.0,0.0,0.003215434083601286,51.87138263665595
all,D+3,2026-08,suqian_1,744.0,0.42338709677419356,0.0,0.42338709677419356,0.0,0.0,0.0,315.0,0.0,0.0,0.0,0.025396825396825397,61.91746031746032
all,D+3,2026-08,suzhou_1,744.0,0.41935483870967744,0.0,0.41935483870967744,0.0,0.0,0.0,312.0,0.0,0.0,0.0,0.00641025641025641,58.10897435897436
all,D+3,2026-08,taizhou_1,744.0,0.41935483870967744,0.0,0.41935483870967744,0.0,0.0,0.0,312.0,0.0,0.0,0.0,0.00641025641025641,63.47115384615385
all,D+3,2026-08,taizhou_2,744.0,0.4166666666666667,0.0,0.4166666666666667,0.0,0.0,0.0,310.0,0.0,0.0,0.0,0.0,60.63548387096774
all,D+3,2026-08,wuxi_1,744.0,0.41801075268817206,0.0,0.41801075268817206,0.0,0.0,0.0,311.0,0.0,0.0,0.0,0.003215434083601286,58.39228295819936
all,D+3,2026-08,xuzhou_1,744.0,0.41935483870967744,0.0,0.41935483870967744,0.0,0.0,0.0,312.0,0.0,0.0,0.0,0.041666666666666664,59.74679487179487
all,D+3,2026-08,xuzhou_2,744.0,0.42338709677419356,0.0,0.42338709677419356,0.0,0.0,0.0,315.0,0.0,0.0,0.0,0.0380952380952381,60.55238095238095
all,D+3,2026-08,yancheng_1,744.0,0.4206989247311828,0.0,0.4206989247311828,0.0,0.0,0.0,313.0,0.0,0.0,0.0,0.009584664536741214,65.6261980830671
all,D+3,2026-08,yancheng_2,744.0,0.41935483870967744,0.0,0.41935483870967744,0.0,0.0,0.0,312.0,0.0,0.0,0.0,0.00641025641025641,59.79807692307692
all,D+3,2026-08,yancheng_3,744.0,0.4206989247311828,0.0,0.4206989247311828,0.0,0.0,0.0,313.0,0.0,0.0,0.0,0.009584664536741214,65.63578274760384
solar_elevation_gt_0,D+1,2024-02,changzhou_1,319.0,0.03134796238244514,0.0,0.03134796238244514,0.0,0.0,0.0,10.0,0.0,0.0,0.0,1.0,100.0
solar_elevation_gt_0,D+1,2024-02,huai_an_1,319.0,0.050156739811912224,0.0,0.050156739811912224,0.0,0.0,0.0,16.0,0.0,0.0,0.0,0.6875,69.875
solar_elevation_gt_0,D+1,2024-02,huai_an_2,318.0,0.05345911949685535,0.0,0.05345911949685535,0.0,0.0,0.0,17.0,0.0,0.0,0.0,0.7058823529411765,66.3529411764706
solar_elevation_gt_0,D+1,2024-02,huai_an_3,316.0,0.04430379746835443,0.0,0.04430379746835443,0.0,0.0,0.0,14.0,0.0,0.0,0.0,0.7142857142857143,61.857142857142854
solar_elevation_gt_0,D+1,2024-02,lianyungang_1,312.0,0.04487179487179487,0.0,0.04487179487179487,0.0,0.0,0.0,14.0,0.0,0.0,0.0,0.7142857142857143,43.285714285714285
solar_elevation_gt_0,D+1,2024-02,lianyungang_2,316.0,0.04430379746835443,0.0,0.04430379746835443,0.0,0.0,0.0,14.0,0.0,0.0,0.0,0.6428571428571429,58.0
solar_elevation_gt_0,D+1,2024-02,nanjing_1,320.0,0.053125,0.0,0.053125,0.0,0.0,0.0,17.0,0.0,0.0,0.0,0.7058823529411765,73.58823529411765
solar_elevation_gt_0,D+1,2024-02,nanjing_2,319.0,0.050156739811912224,0.0,0.050156739811912224,0.0,0.0,0.0,16.0,0.0,0.0,0.0,0.8125,81.25
solar_elevation_gt_0,D+1,2024-02,nantong_1,319.0,0.012539184952978056,0.0,0.012539184952978056,0.0,0.0,0.0,4.0,0.0,0.0,0.0,1.0,100.0
solar_elevation_gt_0,D+1,2024-02,nantong_2,319.0,0.009404388714733543,0.0,0.009404388714733543,0.0,0.0,0.0,3.0,0.0,0.0,0.0,1.0,100.0
solar_elevation_gt_0,D+1,2024-02,suqian_1,314.0,0.044585987261146494,0.0,0.044585987261146494,0.0,0.0,0.0,14.0,0.0,0.0,0.0,0.7142857142857143,50.714285714285715
solar_elevation_gt_0,D+1,2024-02,suzhou_1,319.0,0.01567398119122257,0.0,0.01567398119122257,0.0,0.0,0.0,5.0,0.0,0.0,0.0,1.0,100.0
solar_elevation_gt_0,D+1,2024-02,taizhou_1,319.0,0.04075235109717868,0.0,0.04075235109717868,0.0,0.0,0.0,13.0,0.0,0.0,0.0,0.8461538461538461,84.23076923076923
solar_elevation_gt_0,D+1,2024-02,taizhou_2,319.0,0.018808777429467086,0.0,0.018808777429467086,0.0,0.0,0.0,6.0,0.0,0.0,0.0,1.0,100.0
solar_elevation_gt_0,D+1,2024-02,wuxi_1,319.0,0.025078369905956112,0.0,0.025078369905956112,0.0,0.0,0.0,8.0,0.0,0.0,0.0,1.0,100.0
solar_elevation_gt_0,D+1,2024-02,xuzhou_1,313.0,0.02875399361022364,0.0,0.02875399361022364,0.0,0.0,0.0,9.0,0.0,0.0,0.0,0.6666666666666666,79.33333333333333
solar_elevation_gt_0,D+1,2024-02,xuzhou_2,313.0,0.03514376996805112,0.0,0.03514376996805112,0.0,0.0,0.0,11.0,0.0,0.0,0.0,0.6363636363636364,66.45454545454545
solar_elevation_gt_0,D+1,2024-02,yancheng_1,319.0,0.050156739811912224,0.0,0.050156739811912224,0.0,0.0,0.0,16.0,0.0,0.0,0.0,0.6875,64.5
solar_elevation_gt_0,D+1,2024-02,yancheng_2,319.0,0.018808777429467086,0.0,0.018808777429467086,0.0,0.0,0.0,6.0,0.0,0.0,0.0,1.0,100.0
solar_elevation_gt_0,D+1,2024-02,yancheng_3,319.0,0.0438871473354232,0.0,0.0438871473354232,0.0,0.0,0.0,14.0,0.0,0.0,0.0,0.7857142857142857,73.57142857142857
solar_elevation_gt_0,D+1,2024-03,changzhou_1,377.0,0.021220159151193633,0.0,0.021220159151193633,0.0,0.0,0.0,8.0,0.0,0.0,0.0,0.625,75.625
solar_elevation_gt_0,D+1,2024-03,huai_an_1,376.0,0.02127659574468085,0.0,0.02127659574468085,0.0,0.0,0.0,8.0,0.0,0.0,0.0,0.625,71.375
solar_elevation_gt_0,D+1,2024-03,huai_an_2,376.0,0.02127659574468085,0.0,0.02127659574468085,0.0,0.0,0.0,8.0,0.0,0.0,0.0,0.625,51.625
solar_elevation_gt_0,D+1,2024-03,huai_an_3,377.0,0.01856763925729443,0.0,0.01856763925729443,0.0,0.0,0.0,7.0,0.0,0.0,0.0,0.5714285714285714,72.42857142857143
solar_elevation_gt_0,D+1,2024-03,lianyungang_1,377.0,0.015915119363395226,0.0,0.015915119363395226,0.0,0.0,0.0,6.0,0.0,0.0,0.0,0.5,34.166666666666664
solar_elevation_gt_0,D+1,2024-03,lianyungang_2,375.0,0.021333333333333333,0.0,0.021333333333333333,0.0,0.0,0.0,8.0,0.0,0.0,0.0,0.75,38.75
solar_elevation_gt_0,D+1,2024-03,nanjing_1,376.0,0.013297872340425532,0.0,0.013297872340425532,0.0,0.0,0.0,5.0,0.0,0.0,0.0,0.4,61.2
solar_elevation_gt_0,D+1,2024-03,nanjing_2,378.0,0.018518518518518517,0.0,0.018518518518518517,0.0,0.0,0.0,7.0,0.0,0.0,0.0,0.5714285714285714,72.14285714285714
solar_elevation_gt_0,D+1,2024-03,nantong_1,373.0,0.021447721179624665,0.0,0.021447721179624665,0.0,0.0,0.0,8.0,0.0,0.0,0.0,0.625,80.375
solar_elevation_gt_0,D+1,2024-03,nantong_2,371.0,0.02425876010781671,0.0,0.02425876010781671,0.0,0.0,0.0,9.0,0.0,0.0,0.0,0.6666666666666666,66.66666666666667
solar_elevation_gt_0,D+1,2024-03,suqian_1,376.0,0.013297872340425532,0.0,0.013297872340425532,0.0,0.0,0.0,5.0,0.0,0.0,0.0,0.4,42.4
solar_elevation_gt_0,D+1,2024-03,suzhou_1,373.0,0.021447721179624665,0.0,0.021447721179624665,0.0,0.0,0.0,8.0,0.0,0.0,0.0,0.625,76.25
solar_elevation_gt_0,D+1,2024-03,taizhou_1,376.0,0.02127659574468085,0.0,0.02127659574468085,0.0,0.0,0.0,8.0,0.0,0.0,0.0,0.625,63.375
solar_elevation_gt_0,D+1,2024-03,taizhou_2,373.0,0.024128686327077747,0.0,0.024128686327077747,0.0,0.0,0.0,9.0,0.0,0.0,0.0,0.7777777777777778,79.33333333333333
solar_elevation_gt_0,D+1,2024-03,wuxi_1,375.0,0.021333333333333333,0.0,0.021333333333333333,0.0,0.0,0.0,8.0,0.0,0.0,0.0,0.625,87.5
solar_elevation_gt_0,D+1,2024-03,xuzhou_1,372.0,0.002688172043010753,0.0,0.002688172043010753,0.0,0.0,0.0,1.0,0.0,0.0,0.0,1.0,100.0
solar_elevation_gt_0,D+1,2024-03,xuzhou_2,373.0,0.005361930294906166,0.0,0.005361930294906166,0.0,0.0,0.0,2.0,0.0,0.0,0.0,0.5,100.0
solar_elevation_gt_0,D+1,2024-03,yancheng_1,375.0,0.021333333333333333,0.0,0.021333333333333333,0.0,0.0,0.0,8.0,0.0,0.0,0.0,0.625,63.25
solar_elevation_gt_0,D+1,2024-03,yancheng_2,374.0,0.02406417112299465,0.0,0.02406417112299465,0.0,0.0,0.0,9.0,0.0,0.0,0.0,0.6666666666666666,67.0
solar_elevation_gt_0,D+1,2024-03,yancheng_3,375.0,0.021333333333333333,0.0,0.021333333333333333,0.0,0.0,0.0,8.0,0.0,0.0,0.0,0.625,63.125
solar_elevation_gt_0,D+1,2024-04,changzhou_1,390.0,0.017948717948717947,0.0,0.017948717948717947,0.0,0.0,0.0,7.0,0.0,0.0,0.0,1.0,100.0
solar_elevation_gt_0,D+1,2024-04,huai_an_1,390.0,0.005128205128205128,0.0,0.005128205128205128,0.0,0.0,0.0,2.0,0.0,0.0,0.0,1.0,100.0
solar_elevation_gt_0,D+1,2024-04,huai_an_2,390.0,0.007692307692307693,0.0,0.007692307692307693,0.0,0.0,0.0,3.0,0.0,0.0,0.0,1.0,100.0
solar_elevation_gt_0,D+1,2024-04,huai_an_3,390.0,0.007692307692307693,0.0,0.007692307692307693,0.0,0.0,0.0,3.0,0.0,0.0,0.0,1.0,100.0
solar_elevation_gt_0,D+1,2024-04,lianyungang_1,390.0,0.007692307692307693,0.0,0.007692307692307693,0.0,0.0,0.0,3.0,0.0,0.0,0.0,1.0,100.0
solar_elevation_gt_0,D+1,2024-04,lianyungang_2,390.0,0.007692307692307693,0.0,0.007692307692307693,0.0,0.0,0.0,3.0,0.0,0.0,0.0,1.0,100.0
solar_elevation_gt_0,D+1,2024-04,nanjing_1,390.0,0.023076923076923078,0.0,0.023076923076923078,0.0,0.0,0.0,9.0,0.0,0.0,0.0,1.0,99.77777777777777
solar_elevation_gt_0,D+1,2024-04,nanjing_2,390.0,0.015384615384615385,0.0,0.015384615384615385,0.0,0.0,0.0,6.0,0.0,0.0,0.0,1.0,96.66666666666667
solar_elevation_gt_0,D+1,2024-04,nantong_1,390.0,0.005128205128205128,0.0,0.005128205128205128,0.0,0.0,0.0,2.0,0.0,0.0,0.0,1.0,100.0
solar_elevation_gt_0,D+1,2024-04,nantong_2,390.0,0.007692307692307693,0.0,0.007692307692307693,0.0,0.0,0.0,3.0,0.0,0.0,0.0,1.0,100.0
solar_elevation_gt_0,D+1,2024-04,suqian_1,390.0,0.010256410256410256,0.0,0.010256410256410256,0.0,0.0,0.0,4.0,0.0,0.0,0.0,1.0,100.0
solar_elevation_gt_0,D+1,2024-04,suzhou_1,390.0,0.01282051282051282,0.0,0.01282051282051282,0.0,0.0,0.0,5.0,0.0,0.0,0.0,1.0,100.0
solar_elevation_gt_0,D+1,2024-04,taizhou_1,390.0,0.010256410256410256,0.0,0.010256410256410256,0.0,0.0,0.0,4.0,0.0,0.0,0.0,1.0,100.0
solar_elevation_gt_0,D+1,2024-04,taizhou_2,390.0,0.007692307692307693,0.0,0.007692307692307693,0.0,0.0,0.0,3.0,0.0,0.0,0.0,1.0,100.0
solar_elevation_gt_0,D+1,2024-04,wuxi_1,390.0,0.010256410256410256,0.0,0.010256410256410256,0.0,0.0,0.0,4.0,0.0,0.0,0.0,1.0,100.0
solar_elevation_gt_0,D+1,2024-04,xuzhou_1,389.0,0.02056555269922879,0.0,0.02056555269922879,0.0,0.0,0.0,8.0,0.0,0.0,0.0,0.625,100.0
solar_elevation_gt_0,D+1,2024-04,xuzhou_2,390.0,0.015384615384615385,0.0,0.015384615384615385,0.0,0.0,0.0,6.0,0.0,0.0,0.0,0.6666666666666666,92.83333333333333
solar_elevation_gt_0,D+1,2024-04,yancheng_1,390.0,0.007692307692307693,0.0,0.007692307692307693,0.0,0.0,0.0,3.0,0.0,0.0,0.0,1.0,100.0
solar_elevation_gt_0,D+1,2024-04,yancheng_2,390.0,0.005128205128205128,0.0,0.005128205128205128,0.0,0.0,0.0,2.0,0.0,0.0,0.0,1.0,100.0
solar_elevation_gt_0,D+1,2024-04,yancheng_3,390.0,0.005128205128205128,0.0,0.005128205128205128,0.0,0.0,0.0,2.0,0.0,0.0,0.0,1.0,100.0
solar_elevation_gt_0,D+1,2024-05,changzhou_1,409.0,0.014669926650366748,0.0,0.014669926650366748,0.0,0.0,0.0,6.0,0.0,0.0,0.0,0.0,83.33333333333333
solar_elevation_gt_0,D+1,2024-05,huai_an_1,421.0,0.026128266033254157,0.0,0.026128266033254157,0.0,0.0,0.0,11.0,0.0,0.0,0.0,0.0,53.90909090909091
solar_elevation_gt_0,D+1,2024-05,huai_an_2,427.0,0.03278688524590164,0.0,0.03278688524590164,0.0,0.0,0.0,14.0,0.0,0.0,0.0,0.42857142857142855,51.642857142857146
solar_elevation_gt_0,D+1,2024-05,huai_an_3,418.0,0.007177033492822967,0.0,0.007177033492822967,0.0,0.0,0.0,3.0,0.0,0.0,0.0,0.0,69.66666666666667
solar_elevation_gt_0,D+1,2024-05,lianyungang_1,431.0,0.025522041763341066,0.0,0.025522041763341066,0.0,0.0,0.0,11.0,0.0,0.0,0.0,0.2727272727272727,54.18181818181818
solar_elevation_gt_0,D+1,2024-05,lianyungang_2,432.0,0.037037037037037035,0.0,0.037037037037037035,0.0,0.0,0.0,16.0,0.0,0.0,0.0,0.625,51.1875
solar_elevation_gt_0,D+1,2024-05,nanjing_1,411.0,0.0024330900243309003,0.0,0.0024330900243309003,0.0,0.0,0.0,1.0,0.0,0.0,0.0,1.0,100.0
solar_elevation_gt_0,D+1,2024-05,nanjing_2,407.0,0.0,0.0,0.0,0.0,0.0,0.0,0.0,,,,,
solar_elevation_gt_0,D+1,2024-05,nantong_1,421.0,0.04275534441805225,0.0,0.04275534441805225,0.0,0.0,0.0,18.0,0.0,0.0,0.0,0.5555555555555556,60.111111111111114
solar_elevation_gt_0,D+1,2024-05,nantong_2,425.0,0.05176470588235294,0.0,0.05176470588235294,0.0,0.0,0.0,22.0,0.0,0.0,0.0,0.7272727272727273,61.77272727272727
solar_elevation_gt_0,D+1,2024-05,suqian_1,425.0,0.011764705882352941,0.0,0.011764705882352941,0.0,0.0,0.0,5.0,0.0,0.0,0.0,0.0,60.0
solar_elevation_gt_0,D+1,2024-05,suzhou_1,419.0,0.0405727923627685,0.0,0.0405727923627685,0.0,0.0,0.0,17.0,0.0,0.0,0.0,0.5294117647058824,70.70588235294117
solar_elevation_gt_0,D+1,2024-05,taizhou_1,419.0,0.028639618138424822,0.0,0.028639618138424822,0.0,0.0,0.0,12.0,0.0,0.0,0.0,0.16666666666666666,57.75
solar_elevation_gt_0,D+1,2024-05,taizhou_2,420.0,0.04047619047619048,0.0,0.04047619047619048,0.0,0.0,0.0,17.0,0.0,0.0,0.0,0.5882352941176471,59.76470588235294
solar_elevation_gt_0,D+1,2024-05,wuxi_1,412.0,0.021844660194174758,0.0,0.021844660194174758,0.0,0.0,0.0,9.0,0.0,0.0,0.0,0.0,73.66666666666667
solar_elevation_gt_0,D+1,2024-05,xuzhou_1,430.0,0.0,0.0,0.0,0.0,0.0,0.0,0.0,,,,,
solar_elevation_gt_0,D+1,2024-05,xuzhou_2,425.0,0.0,0.0,0.0,0.0,0.0,0.0,0.0,,,,,
solar_elevation_gt_0,D+1,2024-05,yancheng_1,427.0,0.03747072599531616,0.0,0.03747072599531616,0.0,0.0,0.0,16.0,0.0,0.0,0.0,0.5625,45.625
solar_elevation_gt_0,D+1,2024-05,yancheng_2,421.0,0.04275534441805225,0.0,0.04275534441805225,0.0,0.0,0.0,18.0,0.0,0.0,0.0,0.6666666666666666,52.22222222222222
solar_elevation_gt_0,D+1,2024-05,yancheng_3,421.0,0.030878859857482184,0.0,0.030878859857482184,0.0,0.0,0.0,13.0,0.0,0.0,0.0,0.38461538461538464,62.61538461538461
solar_elevation_gt_0,D+1,2024-06,changzhou_1,445.0,0.058426966292134834,0.0,0.058426966292134834,0.0,0.0,0.0,26.0,0.0,0.0,0.0,0.0,85.03846153846153
solar_elevation_gt_0,D+1,2024-06,huai_an_1,450.0,0.06888888888888889,0.0,0.06888888888888889,0.0,0.0,0.0,31.0,0.0,0.0,0.0,0.7096774193548387,85.64516129032258
solar_elevation_gt_0,D+1,2024-06,huai_an_2,450.0,0.06666666666666667,0.0,0.06666666666666667,0.0,0.0,0.0,30.0,0.0,0.0,0.0,0.9333333333333333,75.5
solar_elevation_gt_0,D+1,2024-06,huai_an_3,444.0,0.05405405405405406,0.0,0.05405405405405406,0.0,0.0,0.0,24.0,0.0,0.0,0.0,0.0,82.29166666666667
solar_elevation_gt_0,D+1,2024-06,lianyungang_1,450.0,0.06666666666666667,0.0,0.06666666666666667,0.0,0.0,0.0,30.0,0.0,0.0,0.0,0.8333333333333334,74.76666666666667
solar_elevation_gt_0,D+1,2024-06,lianyungang_2,450.0,0.06666666666666667,0.0,0.06666666666666667,0.0,0.0,0.0,30.0,0.0,0.0,0.0,1.0,69.6
solar_elevation_gt_0,D+1,2024-06,nanjing_1,420.0,0.0,0.0,0.0,0.0,0.0,0.0,0.0,,,,,
solar_elevation_gt_0,D+1,2024-06,nanjing_2,425.0,0.011764705882352941,0.0,0.011764705882352941,0.0,0.0,0.0,5.0,0.0,0.0,0.0,0.0,80.0
solar_elevation_gt_0,D+1,2024-06,nantong_1,440.0,0.06818181818181818,0.0,0.06818181818181818,0.0,0.0,0.0,30.0,0.0,0.0,0.0,1.0,84.6
solar_elevation_gt_0,D+1,2024-06,nantong_2,432.0,0.041666666666666664,0.0,0.041666666666666664,0.0,0.0,0.0,18.0,0.0,0.0,0.0,1.0,95.22222222222223
solar_elevation_gt_0,D+1,2024-06,suqian_1,447.0,0.06040268456375839,0.0,0.06040268456375839,0.0,0.0,0.0,27.0,0.0,0.0,0.0,0.0,71.07407407407408
solar_elevation_gt_0,D+1,2024-06,suzhou_1,437.0,0.06864988558352403,0.0,0.06864988558352403,0.0,0.0,0.0,30.0,0.0,0.0,0.0,0.9666666666666667,89.6
solar_elevation_gt_0,D+1,2024-06,taizhou_1,450.0,0.06888888888888889,0.0,0.06888888888888889,0.0,0.0,0.0,31.0,0.0,0.0,0.0,0.7741935483870968,89.64516129032258
solar_elevation_gt_0,D+1,2024-06,taizhou_2,448.0,0.06696428571428571,0.0,0.06696428571428571,0.0,0.0,0.0,30.0,0.0,0.0,0.0,1.0,87.03333333333333
solar_elevation_gt_0,D+1,2024-06,wuxi_1,442.0,0.06561085972850679,0.0,0.06561085972850679,0.0,0.0,0.0,29.0,0.0,0.0,0.0,0.0,93.03448275862068
solar_elevation_gt_0,D+1,2024-06,xuzhou_1,420.0,0.0,0.0,0.0,0.0,0.0,0.0,0.0,,,,,
solar_elevation_gt_0,D+1,2024-06,xuzhou_2,435.0,0.034482758620689655,0.0,0.034482758620689655,0.0,0.0,0.0,15.0,0.0,0.0,0.0,0.0,68.86666666666666
solar_elevation_gt_0,D+1,2024-06,yancheng_1,450.0,0.06666666666666667,0.0,0.06666666666666667,0.0,0.0,0.0,30.0,0.0,0.0,0.0,1.0,80.5
solar_elevation_gt_0,D+1,2024-06,yancheng_2,450.0,0.06666666666666667,0.0,0.06666666666666667,0.0,0.0,0.0,30.0,0.0,0.0,0.0,1.0,85.96666666666667
solar_elevation_gt_0,D+1,2024-06,yancheng_3,450.0,0.06666666666666667,0.0,0.06666666666666667,0.0,0.0,0.0,30.0,0.0,0.0,0.0,0.8666666666666667,85.03333333333333
solar_elevation_gt_0,D+1,2024-07,changzhou_1,428.0,0.0,0.0,0.0,0.0,0.0,0.0,0.0,,,,,
solar_elevation_gt_0,D+1,2024-07,huai_an_1,437.0,0.006864988558352402,0.0,0.006864988558352402,0.0,0.0,0.0,3.0,0.0,0.0,0.0,0.0,68.33333333333333
solar_elevation_gt_0,D+1,2024-07,huai_an_2,441.0,0.015873015873015872,0.0,0.015873015873015872,0.0,0.0,0.0,7.0,0.0,0.0,0.0,0.0,73.71428571428571
solar_elevation_gt_0,D+1,2024-07,huai_an_3,434.0,0.002304147465437788,0.0,0.002304147465437788,0.0,0.0,0.0,1.0,0.0,0.0,0.0,1.0,100.0
solar_elevation_gt_0,D+1,2024-07,lianyungang_1,439.0,0.01366742596810934,0.0,0.01366742596810934,0.0,0.0,0.0,6.0,0.0,0.0,0.0,0.16666666666666666,67.83333333333333
solar_elevation_gt_0,D+1,2024-07,lianyungang_2,444.0,0.02252252252252252,0.0,0.02252252252252252,0.0,0.0,0.0,10.0,0.0,0.0,0.0,0.2,70.0
solar_elevation_gt_0,D+1,2024-07,nanjing_1,434.0,0.0,0.0,0.0,0.0,0.0,0.0,0.0,,,,,
solar_elevation_gt_0,D+1,2024-07,nanjing_2,432.0,0.0,0.0,0.0,0.0,0.0,0.0,0.0,,,,,
solar_elevation_gt_0,D+1,2024-07,nantong_1,431.0,0.02320185614849188,0.0,0.02320185614849188,0.0,0.0,0.0,10.0,0.0,0.0,0.0,0.1,78.9
solar_elevation_gt_0,D+1,2024-07,nantong_2,428.0,0.035046728971962614,0.0,0.035046728971962614,0.0,0.0,0.0,15.0,0.0,0.0,0.0,0.4666666666666667,92.86666666666666
solar_elevation_gt_0,D+1,2024-07,suqian_1,434.0,0.0,0.0,0.0,0.0,0.0,0.0,0.0,,,,,
solar_elevation_gt_0,D+1,2024-07,suzhou_1,426.0,0.018779342723004695,0.0,0.018779342723004695,0.0,0.0,0.0,8.0,0.0,0.0,0.0,0.0,73.125
solar_elevation_gt_0,D+1,2024-07,taizhou_1,436.0,0.009174311926605505,0.0,0.009174311926605505,0.0,0.0,0.0,4.0,0.0,0.0,0.0,0.0,50.0
solar_elevation_gt_0,D+1,2024-07,taizhou_2,437.0,0.02288329519450801,0.0,0.02288329519450801,0.0,0.0,0.0,10.0,0.0,0.0,0.0,0.2,80.0
solar_elevation_gt_0,D+1,2024-07,wuxi_1,424.0,0.0,0.0,0.0,0.0,0.0,0.0,0.0,,,,,
solar_elevation_gt_0,D+1,2024-07,xuzhou_1,434.0,0.0069124423963133645,0.0,0.0069124423963133645,0.0,0.0,0.0,3.0,0.0,0.0,0.0,1.0,100.0
solar_elevation_gt_0,D+1,2024-07,xuzhou_2,434.0,0.004608294930875576,0.0,0.004608294930875576,0.0,0.0,0.0,2.0,0.0,0.0,0.0,1.0,100.0
solar_elevation_gt_0,D+1,2024-07,yancheng_1,443.0,0.020316027088036117,0.0,0.020316027088036117,0.0,0.0,0.0,9.0,0.0,0.0,0.0,0.1111111111111111,79.88888888888889
solar_elevation_gt_0,D+1,2024-07,yancheng_2,440.0,0.02727272727272727,0.0,0.02727272727272727,0.0,0.0,0.0,12.0,0.0,0.0,0.0,0.3333333333333333,75.41666666666667
solar_elevation_gt_0,D+1,2024-07,yancheng_3,439.0,0.01366742596810934,0.0,0.01366742596810934,0.0,0.0,0.0,6.0,0.0,0.0,0.0,0.0,67.5
solar_elevation_gt_0,D+1,2024-08,changzhou_1,403.0,0.0,0.0,0.0,0.0,0.0,0.0,0.0,,,,,
solar_elevation_gt_0,D+1,2024-08,huai_an_1,403.0,0.0,0.0,0.0,0.0,0.0,0.0,0.0,,,,,
solar_elevation_gt_0,D+1,2024-08,huai_an_2,405.0,0.0049382716049382715,0.0,0.0049382716049382715,0.0,0.0,0.0,2.0,0.0,0.0,0.0,1.0,100.0
solar_elevation_gt_0,D+1,2024-08,huai_an_3,407.0,0.0,0.0,0.0,0.0,0.0,0.0,0.0,,,,,
solar_elevation_gt_0,D+1,2024-08,lianyungang_1,410.0,0.0,0.0,0.0,0.0,0.0,0.0,0.0,,,,,
solar_elevation_gt_0,D+1,2024-08,lianyungang_2,407.0,0.0,0.0,0.0,0.0,0.0,0.0,0.0,,,,,
solar_elevation_gt_0,D+1,2024-08,nanjing_1,405.0,0.0024691358024691358,0.0,0.0024691358024691358,0.0,0.0,0.0,1.0,0.0,0.0,0.0,1.0,100.0
solar_elevation_gt_0,D+1,2024-08,nanjing_2,403.0,0.0024813895781637717,0.0,0.0024813895781637717,0.0,0.0,0.0,1.0,0.0,0.0,0.0,1.0,100.0
solar_elevation_gt_0,D+1,2024-08,nantong_1,403.0,0.0,0.0,0.0,0.0,0.0,0.0,0.0,,,,,
solar_elevation_gt_0,D+1,2024-08,nantong_2,403.0,0.0,0.0,0.0,0.0,0.0,0.0,0.0,,,,,
solar_elevation_gt_0,D+1,2024-08,suqian_1,410.0,0.0,0.0,0.0,0.0,0.0,0.0,0.0,,,,,
solar_elevation_gt_0,D+1,2024-08,suzhou_1,403.0,0.0,0.0,0.0,0.0,0.0,0.0,0.0,,,,,
solar_elevation_gt_0,D+1,2024-08,taizhou_1,403.0,0.0024813895781637717,0.0,0.0024813895781637717,0.0,0.0,0.0,1.0,0.0,0.0,0.0,1.0,100.0
solar_elevation_gt_0,D+1,2024-08,taizhou_2,403.0,0.0,0.0,0.0,0.0,0.0,0.0,0.0,,,,,
solar_elevation_gt_0,D+1,2024-08,wuxi_1,403.0,0.0,0.0,0.0,0.0,0.0,0.0,0.0,,,,,
solar_elevation_gt_0,D+1,2024-08,xuzhou_1,418.0,0.007177033492822967,0.0,0.007177033492822967,0.0,0.0,0.0,3.0,0.0,0.0,0.0,1.0,100.0
solar_elevation_gt_0,D+1,2024-08,xuzhou_2,414.0,0.004830917874396135,0.0,0.004830917874396135,0.0,0.0,0.0,2.0,0.0,0.0,0.0,1.0,100.0
solar_elevation_gt_0,D+1,2024-08,yancheng_1,404.0,0.0024752475247524753,0.0,0.0024752475247524753,0.0,0.0,0.0,1.0,0.0,0.0,0.0,1.0,100.0
solar_elevation_gt_0,D+1,2024-08,yancheng_2,403.0,0.0024813895781637717,0.0,0.0024813895781637717,0.0,0.0,0.0,1.0,0.0,0.0,0.0,1.0,100.0
solar_elevation_gt_0,D+1,2024-08,yancheng_3,403.0,0.004962779156327543,0.0,0.004962779156327543,0.0,0.0,0.0,2.0,0.0,0.0,0.0,1.0,100.0
solar_elevation_gt_0,D+1,2024-09,changzhou_1,379.0,0.036939313984168866,0.0,0.036939313984168866,0.0,0.0,0.0,14.0,0.0,0.0,0.0,1.0,75.85714285714286
solar_elevation_gt_0,D+1,2024-09,huai_an_1,380.0,0.039473684210526314,0.0,0.039473684210526314,0.0,0.0,0.0,15.0,0.0,0.0,0.0,0.8,68.66666666666667
solar_elevation_gt_0,D+1,2024-09,huai_an_2,380.0,0.042105263157894736,0.0,0.042105263157894736,0.0,0.0,0.0,16.0,0.0,0.0,0.0,0.8125,64.75
solar_elevation_gt_0,D+1,2024-09,huai_an_3,380.0,0.05526315789473684,0.0,0.05526315789473684,0.0,0.0,0.0,21.0,0.0,0.0,0.0,0.7142857142857143,67.23809523809524
solar_elevation_gt_0,D+1,2024-09,lianyungang_1,379.0,0.04221635883905013,0.0,0.04221635883905013,0.0,0.0,0.0,16.0,0.0,0.0,0.0,0.6875,49.5625
solar_elevation_gt_0,D+1,2024-09,lianyungang_2,380.0,0.039473684210526314,0.0,0.039473684210526314,0.0,0.0,0.0,15.0,0.0,0.0,0.0,0.8,54.93333333333333
solar_elevation_gt_0,D+1,2024-09,nanjing_1,380.0,0.04736842105263158,0.0,0.04736842105263158,0.0,0.0,0.0,18.0,0.0,0.0,0.0,0.6666666666666666,57.27777777777778
solar_elevation_gt_0,D+1,2024-09,nanjing_2,381.0,0.04199475065616798,0.0,0.04199475065616798,0.0,0.0,0.0,16.0,0.0,0.0,0.0,0.6875,63.5625
solar_elevation_gt_0,D+1,2024-09,nantong_1,375.0,0.016,0.0,0.016,0.0,0.0,0.0,6.0,0.0,0.0,0.0,1.0,100.0
solar_elevation_gt_0,D+1,2024-09,nantong_2,373.0,0.013404825737265416,0.0,0.013404825737265416,0.0,0.0,0.0,5.0,0.0,0.0,0.0,1.0,100.0
solar_elevation_gt_0,D+1,2024-09,suqian_1,379.0,0.05013192612137203,0.0,0.05013192612137203,0.0,0.0,0.0,19.0,0.0,0.0,0.0,0.6842105263157895,53.94736842105263
solar_elevation_gt_0,D+1,2024-09,suzhou_1,375.0,0.018666666666666668,0.0,0.018666666666666668,0.0,0.0,0.0,7.0,0.0,0.0,0.0,1.0,86.85714285714286
solar_elevation_gt_0,D+1,2024-09,taizhou_1,379.0,0.04221635883905013,0.0,0.04221635883905013,0.0,0.0,0.0,16.0,0.0,0.0,0.0,0.9375,73.875
solar_elevation_gt_0,D+1,2024-09,taizhou_2,376.0,0.02925531914893617,0.0,0.02925531914893617,0.0,0.0,0.0,11.0,0.0,0.0,0.0,1.0,82.72727272727273
solar_elevation_gt_0,D+1,2024-09,wuxi_1,377.0,0.03183023872679045,0.0,0.03183023872679045,0.0,0.0,0.0,12.0,0.0,0.0,0.0,1.0,75.91666666666667
solar_elevation_gt_0,D+1,2024-09,xuzhou_1,374.0,0.034759358288770054,0.0,0.034759358288770054,0.0,0.0,0.0,13.0,0.0,0.0,0.0,0.6153846153846154,49.23076923076923
solar_elevation_gt_0,D+1,2024-09,xuzhou_2,377.0,0.042440318302387266,0.0,0.042440318302387266,0.0,0.0,0.0,16.0,0.0,0.0,0.0,0.625,53.3125
solar_elevation_gt_0,D+1,2024-09,yancheng_1,379.0,0.03430079155672823,0.0,0.03430079155672823,0.0,0.0,0.0,13.0,0.0,0.0,0.0,0.9230769230769231,76.53846153846153
solar_elevation_gt_0,D+1,2024-09,yancheng_2,376.0,0.02925531914893617,0.0,0.02925531914893617,0.0,0.0,0.0,11.0,0.0,0.0,0.0,1.0,82.36363636363636
solar_elevation_gt_0,D+1,2024-09,yancheng_3,379.0,0.0395778364116095,0.0,0.0395778364116095,0.0,0.0,0.0,15.0,0.0,0.0,0.0,0.9333333333333333,68.06666666666666
solar_elevation_gt_0,D+1,2024-10,changzhou_1,347.0,0.020172910662824207,0.0,0.020172910662824207,0.0,0.0,0.0,7.0,0.0,0.0,0.0,0.14285714285714285,72.28571428571429
solar_elevation_gt_0,D+1,2024-10,huai_an_1,344.0,0.00872093023255814,0.0,0.00872093023255814,0.0,0.0,0.0,3.0,0.0,0.0,0.0,0.0,33.333333333333336
solar_elevation_gt_0,D+1,2024-10,huai_an_2,343.0,0.0058309037900874635,0.0,0.0058309037900874635,0.0,0.0,0.0,2.0,0.0,0.0,0.0,0.0,57.5
solar_elevation_gt_0,D+1,2024-10,huai_an_3,341.0,0.0,0.0,0.0,0.0,0.0,0.0,0.0,,,,,
solar_elevation_gt_0,D+1,2024-10,lianyungang_1,341.0,0.002932551319648094,0.0,0.002932551319648094,0.0,0.0,0.0,1.0,0.0,0.0,0.0,1.0,100.0
solar_elevation_gt_0,D+1,2024-10,lianyungang_2,343.0,0.0058309037900874635,0.0,0.0058309037900874635,0.0,0.0,0.0,2.0,0.0,0.0,0.0,0.0,50.0
solar_elevation_gt_0,D+1,2024-10,nanjing_1,341.0,0.002932551319648094,0.0,0.002932551319648094,0.0,0.0,0.0,1.0,0.0,0.0,0.0,1.0,100.0
solar_elevation_gt_0,D+1,2024-10,nanjing_2,342.0,0.005847953216374269,0.0,0.005847953216374269,0.0,0.0,0.0,2.0,0.0,0.0,0.0,0.5,86.0
solar_elevation_gt_0,D+1,2024-10,nantong_1,354.0,0.03672316384180791,0.0,0.03672316384180791,0.0,0.0,0.0,13.0,0.0,0.0,0.0,0.5384615384615384,76.92307692307692
solar_elevation_gt_0,D+1,2024-10,nantong_2,358.0,0.04189944134078212,0.0,0.04189944134078212,0.0,0.0,0.0,15.0,0.0,0.0,0.0,0.6,90.66666666666667
solar_elevation_gt_0,D+1,2024-10,suqian_1,341.0,0.0,0.0,0.0,0.0,0.0,0.0,0.0,,,,,
solar_elevation_gt_0,D+1,2024-10,suzhou_1,354.0,0.03672316384180791,0.0,0.03672316384180791,0.0,0.0,0.0,13.0,0.0,0.0,0.0,0.6153846153846154,74.0
solar_elevation_gt_0,D+1,2024-10,taizhou_1,346.0,0.014450867052023121,0.0,0.014450867052023121,0.0,0.0,0.0,5.0,0.0,0.0,0.0,0.0,50.0
solar_elevation_gt_0,D+1,2024-10,taizhou_2,350.0,0.025714285714285714,0.0,0.025714285714285714,0.0,0.0,0.0,9.0,0.0,0.0,0.0,0.4444444444444444,64.33333333333333
solar_elevation_gt_0,D+1,2024-10,wuxi_1,350.0,0.025714285714285714,0.0,0.025714285714285714,0.0,0.0,0.0,9.0,0.0,0.0,0.0,0.3333333333333333,72.66666666666667
solar_elevation_gt_0,D+1,2024-10,xuzhou_1,341.0,0.0,0.0,0.0,0.0,0.0,0.0,0.0,,,,,
solar_elevation_gt_0,D+1,2024-10,xuzhou_2,341.0,0.0,0.0,0.0,0.0,0.0,0.0,0.0,,,,,
solar_elevation_gt_0,D+1,2024-10,yancheng_1,345.0,0.014492753623188406,0.0,0.014492753623188406,0.0,0.0,0.0,5.0,0.0,0.0,0.0,0.2,80.0
solar_elevation_gt_0,D+1,2024-10,yancheng_2,350.0,0.025714285714285714,0.0,0.025714285714285714,0.0,0.0,0.0,9.0,0.0,0.0,0.0,0.4444444444444444,58.111111111111114
solar_elevation_gt_0,D+1,2024-10,yancheng_3,346.0,0.014450867052023121,0.0,0.014450867052023121,0.0,0.0,0.0,5.0,0.0,0.0,0.0,0.0,60.0
solar_elevation_gt_0,D+1,2024-11,changzhou_1,316.0,0.0031645569620253164,0.0,0.0031645569620253164,0.0,0.0,0.0,1.0,0.0,0.0,0.0,1.0,100.0
solar_elevation_gt_0,D+1,2024-11,huai_an_1,313.0,0.009584664536741214,0.0,0.009584664536741214,0.0,0.0,0.0,3.0,0.0,0.0,0.0,1.0,100.0
solar_elevation_gt_0,D+1,2024-11,huai_an_2,311.0,0.00964630225080386,0.0,0.00964630225080386,0.0,0.0,0.0,3.0,0.0,0.0,0.0,1.0,37.333333333333336
solar_elevation_gt_0,D+1,2024-11,huai_an_3,319.0,0.018808777429467086,0.0,0.018808777429467086,0.0,0.0,0.0,6.0,0.0,0.0,0.0,1.0,50.0
solar_elevation_gt_0,D+1,2024-11,lianyungang_1,313.0,0.03194888178913738,0.0,0.03194888178913738,0.0,0.0,0.0,10.0,0.0,0.0,0.0,0.9,50.0
solar_elevation_gt_0,D+1,2024-11,lianyungang_2,308.0,0.016233766233766232,0.0,0.016233766233766232,0.0,0.0,0.0,5.0,0.0,0.0,0.0,1.0,40.0
solar_elevation_gt_0,D+1,2024-11,nanjing_1,328.0,0.01524390243902439,0.0,0.01524390243902439,0.0,0.0,0.0,5.0,0.0,0.0,0.0,1.0,100.0
solar_elevation_gt_0,D+1,2024-11,nanjing_2,324.0,0.0030864197530864196,0.0,0.0030864197530864196,0.0,0.0,0.0,1.0,0.0,0.0,0.0,1.0,100.0
solar_elevation_gt_0,D+1,2024-11,nantong_1,306.0,0.0,0.0,0.0,0.0,0.0,0.0,0.0,,,,,
solar_elevation_gt_0,D+1,2024-11,nantong_2,303.0,0.0,0.0,0.0,0.0,0.0,0.0,0.0,,,,,
solar_elevation_gt_0,D+1,2024-11,suqian_1,319.0,0.03134796238244514,0.0,0.03134796238244514,0.0,0.0,0.0,10.0,0.0,0.0,0.0,1.0,40.0
solar_elevation_gt_0,D+1,2024-11,suzhou_1,307.0,0.0,0.0,0.0,0.0,0.0,0.0,0.0,,,,,
solar_elevation_gt_0,D+1,2024-11,taizhou_1,312.0,0.00641025641025641,0.0,0.00641025641025641,0.0,0.0,0.0,2.0,0.0,0.0,0.0,1.0,100.0
solar_elevation_gt_0,D+1,2024-11,taizhou_2,307.0,0.003257328990228013,0.0,0.003257328990228013,0.0,0.0,0.0,1.0,0.0,0.0,0.0,1.0,100.0
solar_elevation_gt_0,D+1,2024-11,wuxi_1,314.0,0.0,0.0,0.0,0.0,0.0,0.0,0.0,,,,,
solar_elevation_gt_0,D+1,2024-11,xuzhou_1,325.0,0.04923076923076923,0.0,0.04923076923076923,0.0,0.0,0.0,16.0,0.0,0.0,0.0,0.75,68.5625
solar_elevation_gt_0,D+1,2024-11,xuzhou_2,325.0,0.04,0.0,0.04,0.0,0.0,0.0,13.0,0.0,0.0,0.0,0.6153846153846154,23.846153846153847
solar_elevation_gt_0,D+1,2024-11,yancheng_1,309.0,0.003236245954692557,0.0,0.003236245954692557,0.0,0.0,0.0,1.0,0.0,0.0,0.0,1.0,100.0
solar_elevation_gt_0,D+1,2024-11,yancheng_2,306.0,0.0032679738562091504,0.0,0.0032679738562091504,0.0,0.0,0.0,1.0,0.0,0.0,0.0,1.0,100.0
solar_elevation_gt_0,D+1,2024-11,yancheng_3,311.0,0.006430868167202572,0.0,0.006430868167202572,0.0,0.0,0.0,2.0,0.0,0.0,0.0,1.0,100.0
solar_elevation_gt_0,D+1,2024-12,changzhou_1,316.0,0.060126582278481014,0.0,0.060126582278481014,0.0,0.0,0.0,19.0,0.0,0.0,0.0,0.5789473684210527,50.578947368421055
solar_elevation_gt_0,D+1,2024-12,huai_an_1,300.0,0.043333333333333335,0.0,0.043333333333333335,0.0,0.0,0.0,13.0,0.0,0.0,0.0,0.5384615384615384,70.07692307692308
solar_elevation_gt_0,D+1,2024-12,huai_an_2,293.0,0.03754266211604096,0.0,0.03754266211604096,0.0,0.0,0.0,11.0,0.0,0.0,0.0,0.5454545454545454,72.72727272727273
solar_elevation_gt_0,D+1,2024-12,huai_an_3,301.0,0.029900332225913623,0.0,0.029900332225913623,0.0,0.0,0.0,9.0,0.0,0.0,0.0,0.4444444444444444,62.44444444444444
solar_elevation_gt_0,D+1,2024-12,lianyungang_1,288.0,0.013888888888888888,0.0,0.013888888888888888,0.0,0.0,0.0,4.0,0.0,0.0,0.0,0.0,51.25
solar_elevation_gt_0,D+1,2024-12,lianyungang_2,287.0,0.027874564459930314,0.0,0.027874564459930314,0.0,0.0,0.0,8.0,0.0,0.0,0.0,0.375,62.5
solar_elevation_gt_0,D+1,2024-12,nanjing_1,316.0,0.04430379746835443,0.0,0.04430379746835443,0.0,0.0,0.0,14.0,0.0,0.0,0.0,0.5714285714285714,55.57142857142857
solar_elevation_gt_0,D+1,2024-12,nanjing_2,318.0,0.05345911949685535,0.0,0.05345911949685535,0.0,0.0,0.0,17.0,0.0,0.0,0.0,0.5882352941176471,61.35294117647059
solar_elevation_gt_0,D+1,2024-12,nantong_1,311.0,0.06109324758842444,0.0,0.06109324758842444,0.0,0.0,0.0,19.0,0.0,0.0,0.0,0.6842105263157895,29.105263157894736
solar_elevation_gt_0,D+1,2024-12,nantong_2,310.0,0.04838709677419355,0.0,0.04838709677419355,0.0,0.0,0.0,15.0,0.0,0.0,0.0,1.0,33.4
solar_elevation_gt_0,D+1,2024-12,suqian_1,296.0,0.016891891891891893,0.0,0.016891891891891893,0.0,0.0,0.0,5.0,0.0,0.0,0.0,0.0,80.0
solar_elevation_gt_0,D+1,2024-12,suzhou_1,313.0,0.05750798722044728,0.0,0.05750798722044728,0.0,0.0,0.0,18.0,0.0,0.0,0.0,0.8888888888888888,32.44444444444444
solar_elevation_gt_0,D+1,2024-12,taizhou_1,303.0,0.04950495049504951,0.0,0.04950495049504951,0.0,0.0,0.0,15.0,0.0,0.0,0.0,0.5333333333333333,50.53333333333333
solar_elevation_gt_0,D+1,2024-12,taizhou_2,306.0,0.058823529411764705,0.0,0.058823529411764705,0.0,0.0,0.0,18.0,0.0,0.0,0.0,0.5,46.94444444444444
solar_elevation_gt_0,D+1,2024-12,wuxi_1,320.0,0.071875,0.0,0.071875,0.0,0.0,0.0,23.0,0.0,0.0,0.0,0.6086956521739131,35.0
solar_elevation_gt_0,D+1,2024-12,xuzhou_1,310.0,0.0,0.0,0.0,0.0,0.0,0.0,0.0,,,,,
solar_elevation_gt_0,D+1,2024-12,xuzhou_2,297.0,0.0,0.0,0.0,0.0,0.0,0.0,0.0,,,,,
solar_elevation_gt_0,D+1,2024-12,yancheng_1,293.0,0.04436860068259386,0.0,0.04436860068259386,0.0,0.0,0.0,13.0,0.0,0.0,0.0,0.5384615384615384,73.0
solar_elevation_gt_0,D+1,2024-12,yancheng_2,302.0,0.052980132450331126,0.0,0.052980132450331126,0.0,0.0,0.0,16.0,0.0,0.0,0.0,0.5,53.8125
solar_elevation_gt_0,D+1,2024-12,yancheng_3,301.0,0.04983388704318937,0.0,0.04983388704318937,0.0,0.0,0.0,15.0,0.0,0.0,0.0,0.5333333333333333,65.93333333333334
solar_elevation_gt_0,D+1,2025-01,changzhou_1,320.0,0.03125,0.0,0.03125,0.0,0.0,0.0,10.0,0.0,0.0,0.0,0.2,60.6
solar_elevation_gt_0,D+1,2025-01,huai_an_1,312.0,0.00641025641025641,0.0,0.00641025641025641,0.0,0.0,0.0,2.0,0.0,0.0,0.0,0.0,100.0
solar_elevation_gt_0,D+1,2025-01,huai_an_2,310.0,0.0,0.0,0.0,0.0,0.0,0.0,0.0,,,,,
solar_elevation_gt_0,D+1,2025-01,huai_an_3,310.0,0.0,0.0,0.0,0.0,0.0,0.0,0.0,,,,,
solar_elevation_gt_0,D+1,2025-01,lianyungang_1,310.0,0.0,0.0,0.0,0.0,0.0,0.0,0.0,,,,,
solar_elevation_gt_0,D+1,2025-01,lianyungang_2,310.0,0.0,0.0,0.0,0.0,0.0,0.0,0.0,,,,,
solar_elevation_gt_0,D+1,2025-01,nanjing_1,310.0,0.0,0.0,0.0,0.0,0.0,0.0,0.0,,,,,
solar_elevation_gt_0,D+1,2025-01,nanjing_2,314.0,0.012738853503184714,0.0,0.012738853503184714,0.0,0.0,0.0,4.0,0.0,0.0,0.0,0.0,51.5
solar_elevation_gt_0,D+1,2025-01,nantong_1,341.0,0.09090909090909091,0.0,0.09090909090909091,0.0,0.0,0.0,31.0,0.0,0.0,0.0,0.3548387096774194,50.193548387096776
solar_elevation_gt_0,D+1,2025-01,nantong_2,338.0,0.07988165680473373,0.0,0.07988165680473373,0.0,0.0,0.0,27.0,0.0,0.0,0.0,1.0,59.333333333333336
solar_elevation_gt_0,D+1,2025-01,suqian_1,310.0,0.0,0.0,0.0,0.0,0.0,0.0,0.0,,,,,
solar_elevation_gt_0,D+1,2025-01,suzhou_1,341.0,0.08797653958944282,0.0,0.08797653958944282,0.0,0.0,0.0,30.0,0.0,0.0,0.0,0.43333333333333335,47.666666666666664
solar_elevation_gt_0,D+1,2025-01,taizhou_1,315.0,0.015873015873015872,0.0,0.015873015873015872,0.0,0.0,0.0,5.0,0.0,0.0,0.0,0.0,41.0
solar_elevation_gt_0,D+1,2025-01,taizhou_2,322.0,0.037267080745341616,0.0,0.037267080745341616,0.0,0.0,0.0,12.0,0.0,0.0,0.0,0.3333333333333333,58.333333333333336
solar_elevation_gt_0,D+1,2025-01,wuxi_1,341.0,0.09090909090909091,0.0,0.09090909090909091,0.0,0.0,0.0,31.0,0.0,0.0,0.0,0.22580645161290322,55.25806451612903
solar_elevation_gt_0,D+1,2025-01,xuzhou_1,310.0,0.0,0.0,0.0,0.0,0.0,0.0,0.0,,,,,
solar_elevation_gt_0,D+1,2025-01,xuzhou_2,310.0,0.0,0.0,0.0,0.0,0.0,0.0,0.0,,,,,
solar_elevation_gt_0,D+1,2025-01,yancheng_1,312.0,0.00641025641025641,0.0,0.00641025641025641,0.0,0.0,0.0,2.0,0.0,0.0,0.0,0.0,100.0
solar_elevation_gt_0,D+1,2025-01,yancheng_2,320.0,0.03125,0.0,0.03125,0.0,0.0,0.0,10.0,0.0,0.0,0.0,0.3,60.5
solar_elevation_gt_0,D+1,2025-01,yancheng_3,314.0,0.012738853503184714,0.0,0.012738853503184714,0.0,0.0,0.0,4.0,0.0,0.0,0.0,0.0,51.25
solar_elevation_gt_0,D+1,2025-02,changzhou_1,308.0,0.032467532467532464,0.0,0.032467532467532464,0.0,0.0,0.0,10.0,0.0,0.0,0.0,1.0,65.0
solar_elevation_gt_0,D+1,2025-02,huai_an_1,308.0,0.03571428571428571,0.0,0.03571428571428571,0.0,0.0,0.0,11.0,0.0,0.0,0.0,0.6363636363636364,61.63636363636363
solar_elevation_gt_0,D+1,2025-02,huai_an_2,308.0,0.03896103896103896,0.0,0.03896103896103896,0.0,0.0,0.0,12.0,0.0,0.0,0.0,0.5833333333333334,59.0
solar_elevation_gt_0,D+1,2025-02,huai_an_3,306.0,0.03594771241830065,0.0,0.03594771241830065,0.0,0.0,0.0,11.0,0.0,0.0,0.0,0.5454545454545454,48.36363636363637
solar_elevation_gt_0,D+1,2025-02,lianyungang_1,302.0,0.03642384105960265,0.0,0.03642384105960265,0.0,0.0,0.0,11.0,0.0,0.0,0.0,0.6363636363636364,65.81818181818181
solar_elevation_gt_0,D+1,2025-02,lianyungang_2,306.0,0.03594771241830065,0.0,0.03594771241830065,0.0,0.0,0.0,11.0,0.0,0.0,0.0,0.5454545454545454,53.54545454545455
solar_elevation_gt_0,D+1,2025-02,nanjing_1,310.0,0.04516129032258064,0.0,0.04516129032258064,0.0,0.0,0.0,14.0,0.0,0.0,0.0,0.5714285714285714,58.214285714285715
solar_elevation_gt_0,D+1,2025-02,nanjing_2,308.0,0.04220779220779221,0.0,0.04220779220779221,0.0,0.0,0.0,13.0,0.0,0.0,0.0,0.8461538461538461,53.30769230769231
solar_elevation_gt_0,D+1,2025-02,nantong_1,308.0,0.003246753246753247,0.0,0.003246753246753247,0.0,0.0,0.0,1.0,0.0,0.0,0.0,1.0,100.0
solar_elevation_gt_0,D+1,2025-02,nantong_2,308.0,0.003246753246753247,0.0,0.003246753246753247,0.0,0.0,0.0,1.0,0.0,0.0,0.0,1.0,100.0
solar_elevation_gt_0,D+1,2025-02,suqian_1,304.0,0.03289473684210526,0.0,0.03289473684210526,0.0,0.0,0.0,10.0,0.0,0.0,0.0,0.6,61.9
solar_elevation_gt_0,D+1,2025-02,suzhou_1,308.0,0.003246753246753247,0.0,0.003246753246753247,0.0,0.0,0.0,1.0,0.0,0.0,0.0,1.0,100.0
solar_elevation_gt_0,D+1,2025-02,taizhou_1,308.0,0.032467532467532464,0.0,0.032467532467532464,0.0,0.0,0.0,10.0,0.0,0.0,0.0,0.9,67.4
solar_elevation_gt_0,D+1,2025-02,taizhou_2,308.0,0.022727272727272728,0.0,0.022727272727272728,0.0,0.0,0.0,7.0,0.0,0.0,0.0,1.0,100.0
solar_elevation_gt_0,D+1,2025-02,wuxi_1,308.0,0.016233766233766232,0.0,0.016233766233766232,0.0,0.0,0.0,5.0,0.0,0.0,0.0,1.0,74.8
solar_elevation_gt_0,D+1,2025-02,xuzhou_1,302.0,0.033112582781456956,0.0,0.033112582781456956,0.0,0.0,0.0,10.0,0.0,0.0,0.0,0.6,53.8
solar_elevation_gt_0,D+1,2025-02,xuzhou_2,303.0,0.036303630363036306,0.0,0.036303630363036306,0.0,0.0,0.0,11.0,0.0,0.0,0.0,0.6363636363636364,63.81818181818182
solar_elevation_gt_0,D+1,2025-02,yancheng_1,308.0,0.03571428571428571,0.0,0.03571428571428571,0.0,0.0,0.0,11.0,0.0,0.0,0.0,0.6363636363636364,61.72727272727273
solar_elevation_gt_0,D+1,2025-02,yancheng_2,308.0,0.01948051948051948,0.0,0.01948051948051948,0.0,0.0,0.0,6.0,0.0,0.0,0.0,1.0,93.5
solar_elevation_gt_0,D+1,2025-02,yancheng_3,308.0,0.032467532467532464,0.0,0.032467532467532464,0.0,0.0,0.0,10.0,0.0,0.0,0.0,0.8,79.0
solar_elevation_gt_0,D+1,2025-03,changzhou_1,376.0,0.02127659574468085,0.0,0.02127659574468085,0.0,0.0,0.0,8.0,0.0,0.0,0.0,0.625,75.0
solar_elevation_gt_0,D+1,2025-03,huai_an_1,376.0,0.018617021276595744,0.0,0.018617021276595744,0.0,0.0,0.0,7.0,0.0,0.0,0.0,0.5714285714285714,71.42857142857143
solar_elevation_gt_0,D+1,2025-03,huai_an_2,375.0,0.018666666666666668,0.0,0.018666666666666668,0.0,0.0,0.0,7.0,0.0,0.0,0.0,0.5714285714285714,58.57142857142857
solar_elevation_gt_0,D+1,2025-03,huai_an_3,376.0,0.010638297872340425,0.0,0.010638297872340425,0.0,0.0,0.0,4.0,0.0,0.0,0.0,0.25,75.0
solar_elevation_gt_0,D+1,2025-03,lianyungang_1,376.0,0.013297872340425532,0.0,0.013297872340425532,0.0,0.0,0.0,5.0,0.0,0.0,0.0,0.4,70.8
solar_elevation_gt_0,D+1,2025-03,lianyungang_2,375.0,0.021333333333333333,0.0,0.021333333333333333,0.0,0.0,0.0,8.0,0.0,0.0,0.0,0.625,51.75
solar_elevation_gt_0,D+1,2025-03,nanjing_1,376.0,0.015957446808510637,0.0,0.015957446808510637,0.0,0.0,0.0,6.0,0.0,0.0,0.0,0.5,100.0
solar_elevation_gt_0,D+1,2025-03,nanjing_2,377.0,0.013262599469496022,0.0,0.013262599469496022,0.0,0.0,0.0,5.0,0.0,0.0,0.0,0.4,100.0
solar_elevation_gt_0,D+1,2025-03,nantong_1,373.0,0.024128686327077747,0.0,0.024128686327077747,0.0,0.0,0.0,9.0,0.0,0.0,0.0,0.6666666666666666,44.44444444444444
solar_elevation_gt_0,D+1,2025-03,nantong_2,371.0,0.026954177897574125,0.0,0.026954177897574125,0.0,0.0,0.0,10.0,0.0,0.0,0.0,0.7,21.1
solar_elevation_gt_0,D+1,2025-03,suqian_1,375.0,0.010666666666666666,0.0,0.010666666666666666,0.0,0.0,0.0,4.0,0.0,0.0,0.0,0.5,53.0
solar_elevation_gt_0,D+1,2025-03,suzhou_1,373.0,0.024128686327077747,0.0,0.024128686327077747,0.0,0.0,0.0,9.0,0.0,0.0,0.0,0.6666666666666666,33.888888888888886
solar_elevation_gt_0,D+1,2025-03,taizhou_1,375.0,0.024,0.0,0.024,0.0,0.0,0.0,9.0,0.0,0.0,0.0,0.6666666666666666,56.666666666666664
solar_elevation_gt_0,D+1,2025-03,taizhou_2,373.0,0.01876675603217158,0.0,0.01876675603217158,0.0,0.0,0.0,7.0,0.0,0.0,0.0,0.5714285714285714,57.142857142857146
solar_elevation_gt_0,D+1,2025-03,wuxi_1,375.0,0.021333333333333333,0.0,0.021333333333333333,0.0,0.0,0.0,8.0,0.0,0.0,0.0,0.625,62.5
solar_elevation_gt_0,D+1,2025-03,xuzhou_1,372.0,0.002688172043010753,0.0,0.002688172043010753,0.0,0.0,0.0,1.0,0.0,0.0,0.0,1.0,100.0
solar_elevation_gt_0,D+1,2025-03,xuzhou_2,373.0,0.002680965147453083,0.0,0.002680965147453083,0.0,0.0,0.0,1.0,0.0,0.0,0.0,0.0,0.0
solar_elevation_gt_0,D+1,2025-03,yancheng_1,375.0,0.021333333333333333,0.0,0.021333333333333333,0.0,0.0,0.0,8.0,0.0,0.0,0.0,0.625,51.5
solar_elevation_gt_0,D+1,2025-03,yancheng_2,373.0,0.01876675603217158,0.0,0.01876675603217158,0.0,0.0,0.0,7.0,0.0,0.0,0.0,0.5714285714285714,48.142857142857146
solar_elevation_gt_0,D+1,2025-03,yancheng_3,375.0,0.024,0.0,0.024,0.0,0.0,0.0,9.0,0.0,0.0,0.0,0.6666666666666666,56.333333333333336
solar_elevation_gt_0,D+1,2025-04,changzhou_1,390.0,0.002564102564102564,0.0,0.002564102564102564,0.0,0.0,0.0,1.0,0.0,0.0,0.0,1.0,100.0
solar_elevation_gt_0,D+1,2025-04,huai_an_1,390.0,0.005128205128205128,0.0,0.005128205128205128,0.0,0.0,0.0,2.0,0.0,0.0,0.0,1.0,50.0
solar_elevation_gt_0,D+1,2025-04,huai_an_2,390.0,0.005128205128205128,0.0,0.005128205128205128,0.0,0.0,0.0,2.0,0.0,0.0,0.0,1.0,50.0
solar_elevation_gt_0,D+1,2025-04,huai_an_3,390.0,0.010256410256410256,0.0,0.010256410256410256,0.0,0.0,0.0,4.0,0.0,0.0,0.0,1.0,100.0
solar_elevation_gt_0,D+1,2025-04,lianyungang_1,390.0,0.010256410256410256,0.0,0.010256410256410256,0.0,0.0,0.0,4.0,0.0,0.0,0.0,1.0,75.0
solar_elevation_gt_0,D+1,2025-04,lianyungang_2,390.0,0.002564102564102564,0.0,0.002564102564102564,0.0,0.0,0.0,1.0,0.0,0.0,0.0,1.0,100.0
solar_elevation_gt_0,D+1,2025-04,nanjing_1,390.0,0.01282051282051282,0.0,0.01282051282051282,0.0,0.0,0.0,5.0,0.0,0.0,0.0,1.0,81.0
solar_elevation_gt_0,D+1,2025-04,nanjing_2,390.0,0.010256410256410256,0.0,0.010256410256410256,0.0,0.0,0.0,4.0,0.0,0.0,0.0,1.0,70.5
solar_elevation_gt_0,D+1,2025-04,nantong_1,390.0,0.002564102564102564,0.0,0.002564102564102564,0.0,0.0,0.0,1.0,0.0,0.0,0.0,1.0,100.0
solar_elevation_gt_0,D+1,2025-04,nantong_2,390.0,0.005128205128205128,0.0,0.005128205128205128,0.0,0.0,0.0,2.0,0.0,0.0,0.0,1.0,100.0
solar_elevation_gt_0,D+1,2025-04,suqian_1,390.0,0.01282051282051282,0.0,0.01282051282051282,0.0,0.0,0.0,5.0,0.0,0.0,0.0,1.0,56.4
solar_elevation_gt_0,D+1,2025-04,suzhou_1,390.0,0.005128205128205128,0.0,0.005128205128205128,0.0,0.0,0.0,2.0,0.0,0.0,0.0,1.0,100.0
solar_elevation_gt_0,D+1,2025-04,taizhou_1,390.0,0.002564102564102564,0.0,0.002564102564102564,0.0,0.0,0.0,1.0,0.0,0.0,0.0,1.0,100.0
solar_elevation_gt_0,D+1,2025-04,taizhou_2,390.0,0.002564102564102564,0.0,0.002564102564102564,0.0,0.0,0.0,1.0,0.0,0.0,0.0,1.0,100.0
solar_elevation_gt_0,D+1,2025-04,wuxi_1,390.0,0.005128205128205128,0.0,0.005128205128205128,0.0,0.0,0.0,2.0,0.0,0.0,0.0,1.0,100.0
solar_elevation_gt_0,D+1,2025-04,xuzhou_1,389.0,0.02056555269922879,0.0,0.02056555269922879,0.0,0.0,0.0,8.0,0.0,0.0,0.0,0.625,38.75
solar_elevation_gt_0,D+1,2025-04,xuzhou_2,390.0,0.020512820512820513,0.0,0.020512820512820513,0.0,0.0,0.0,8.0,0.0,0.0,0.0,0.75,39.0
solar_elevation_gt_0,D+1,2025-04,yancheng_1,390.0,0.0,0.0,0.0,0.0,0.0,0.0,0.0,,,,,
solar_elevation_gt_0,D+1,2025-04,yancheng_2,390.0,0.002564102564102564,0.0,0.002564102564102564,0.0,0.0,0.0,1.0,0.0,0.0,0.0,1.0,100.0
solar_elevation_gt_0,D+1,2025-04,yancheng_3,390.0,0.0,0.0,0.0,0.0,0.0,0.0,0.0,,,,,
solar_elevation_gt_0,D+1,2025-05,changzhou_1,409.0,0.014669926650366748,0.0,0.014669926650366748,0.0,0.0,0.0,6.0,0.0,0.0,0.0,0.0,51.833333333333336
solar_elevation_gt_0,D+1,2025-05,huai_an_1,421.0,0.026128266033254157,0.0,0.026128266033254157,0.0,0.0,0.0,11.0,0.0,0.0,0.0,0.0,72.63636363636364
solar_elevation_gt_0,D+1,2025-05,huai_an_2,427.0,0.03278688524590164,0.0,0.03278688524590164,0.0,0.0,0.0,14.0,0.0,0.0,0.0,0.42857142857142855,54.92857142857143
solar_elevation_gt_0,D+1,2025-05,huai_an_3,418.0,0.007177033492822967,0.0,0.007177033492822967,0.0,0.0,0.0,3.0,0.0,0.0,0.0,0.0,66.66666666666667
solar_elevation_gt_0,D+1,2025-05,lianyungang_1,431.0,0.025522041763341066,0.0,0.025522041763341066,0.0,0.0,0.0,11.0,0.0,0.0,0.0,0.18181818181818182,54.54545454545455
solar_elevation_gt_0,D+1,2025-05,lianyungang_2,431.0,0.037122969837587005,0.0,0.037122969837587005,0.0,0.0,0.0,16.0,0.0,0.0,0.0,0.625,56.75
solar_elevation_gt_0,D+1,2025-05,nanjing_1,411.0,0.0,0.0,0.0,0.0,0.0,0.0,0.0,,,,,
solar_elevation_gt_0,D+1,2025-05,nanjing_2,406.0,0.0,0.0,0.0,0.0,0.0,0.0,0.0,,,,,
solar_elevation_gt_0,D+1,2025-05,nantong_1,420.0,0.04047619047619048,0.0,0.04047619047619048,0.0,0.0,0.0,17.0,0.0,0.0,0.0,0.5882352941176471,80.6470588235294
solar_elevation_gt_0,D+1,2025-05,nantong_2,424.0,0.049528301886792456,0.0,0.049528301886792456,0.0,0.0,0.0,21.0,0.0,0.0,0.0,0.7142857142857143,79.0952380952381
solar_elevation_gt_0,D+1,2025-05,suqian_1,424.0,0.01179245283018868,0.0,0.01179245283018868,0.0,0.0,0.0,5.0,0.0,0.0,0.0,0.0,60.0
solar_elevation_gt_0,D+1,2025-05,suzhou_1,419.0,0.03818615751789976,0.0,0.03818615751789976,0.0,0.0,0.0,16.0,0.0,0.0,0.0,0.5,86.5625
solar_elevation_gt_0,D+1,2025-05,taizhou_1,419.0,0.028639618138424822,0.0,0.028639618138424822,0.0,0.0,0.0,12.0,0.0,0.0,0.0,0.16666666666666666,76.5
solar_elevation_gt_0,D+1,2025-05,taizhou_2,420.0,0.04047619047619048,0.0,0.04047619047619048,0.0,0.0,0.0,17.0,0.0,0.0,0.0,0.5882352941176471,74.76470588235294
solar_elevation_gt_0,D+1,2025-05,wuxi_1,411.0,0.019464720194647202,0.0,0.019464720194647202,0.0,0.0,0.0,8.0,0.0,0.0,0.0,0.0,63.75
solar_elevation_gt_0,D+1,2025-05,xuzhou_1,430.0,0.0,0.0,0.0,0.0,0.0,0.0,0.0,,,,,
solar_elevation_gt_0,D+1,2025-05,xuzhou_2,425.0,0.0,0.0,0.0,0.0,0.0,0.0,0.0,,,,,
solar_elevation_gt_0,D+1,2025-05,yancheng_1,427.0,0.03747072599531616,0.0,0.03747072599531616,0.0,0.0,0.0,16.0,0.0,0.0,0.0,0.5625,57.3125
solar_elevation_gt_0,D+1,2025-05,yancheng_2,421.0,0.04275534441805225,0.0,0.04275534441805225,0.0,0.0,0.0,18.0,0.0,0.0,0.0,0.6111111111111112,74.22222222222223
solar_elevation_gt_0,D+1,2025-05,yancheng_3,421.0,0.030878859857482184,0.0,0.030878859857482184,0.0,0.0,0.0,13.0,0.0,0.0,0.0,0.38461538461538464,72.07692307692308
solar_elevation_gt_0,D+1,2025-06,changzhou_1,444.0,0.060810810810810814,0.0,0.060810810810810814,0.0,0.0,0.0,27.0,0.0,0.0,0.0,0.037037037037037035,88.33333333333333
solar_elevation_gt_0,D+1,2025-06,huai_an_1,450.0,0.06888888888888889,0.0,0.06888888888888889,0.0,0.0,0.0,31.0,0.0,0.0,0.0,0.7096774193548387,75.64516129032258
solar_elevation_gt_0,D+1,2025-06,huai_an_2,450.0,0.06666666666666667,0.0,0.06666666666666667,0.0,0.0,0.0,30.0,0.0,0.0,0.0,0.9333333333333333,73.16666666666667
solar_elevation_gt_0,D+1,2025-06,huai_an_3,445.0,0.056179775280898875,0.0,0.056179775280898875,0.0,0.0,0.0,25.0,0.0,0.0,0.0,0.0,74.36
solar_elevation_gt_0,D+1,2025-06,lianyungang_1,450.0,0.06666666666666667,0.0,0.06666666666666667,0.0,0.0,0.0,30.0,0.0,0.0,0.0,0.8333333333333334,68.6
solar_elevation_gt_0,D+1,2025-06,lianyungang_2,450.0,0.06888888888888889,0.0,0.06888888888888889,0.0,0.0,0.0,31.0,0.0,0.0,0.0,1.0,69.64516129032258
solar_elevation_gt_0,D+1,2025-06,nanjing_1,420.0,0.002380952380952381,0.0,0.002380952380952381,0.0,0.0,0.0,1.0,0.0,0.0,0.0,1.0,100.0
solar_elevation_gt_0,D+1,2025-06,nanjing_2,426.0,0.014084507042253521,0.0,0.014084507042253521,0.0,0.0,0.0,6.0,0.0,0.0,0.0,0.0,90.83333333333333
solar_elevation_gt_0,D+1,2025-06,nantong_1,440.0,0.06818181818181818,0.0,0.06818181818181818,0.0,0.0,0.0,30.0,0.0,0.0,0.0,1.0,79.4
solar_elevation_gt_0,D+1,2025-06,nantong_2,432.0,0.046296296296296294,0.0,0.046296296296296294,0.0,0.0,0.0,20.0,0.0,0.0,0.0,1.0,85.8
solar_elevation_gt_0,D+1,2025-06,suqian_1,447.0,0.06040268456375839,0.0,0.06040268456375839,0.0,0.0,0.0,27.0,0.0,0.0,0.0,0.0,71.03703703703704
solar_elevation_gt_0,D+1,2025-06,suzhou_1,437.0,0.06864988558352403,0.0,0.06864988558352403,0.0,0.0,0.0,30.0,0.0,0.0,0.0,0.9666666666666667,82.5
solar_elevation_gt_0,D+1,2025-06,taizhou_1,450.0,0.06666666666666667,0.0,0.06666666666666667,0.0,0.0,0.0,30.0,0.0,0.0,0.0,0.7666666666666667,77.23333333333333
solar_elevation_gt_0,D+1,2025-06,taizhou_2,448.0,0.06696428571428571,0.0,0.06696428571428571,0.0,0.0,0.0,30.0,0.0,0.0,0.0,1.0,68.96666666666667
solar_elevation_gt_0,D+1,2025-06,wuxi_1,442.0,0.06561085972850679,0.0,0.06561085972850679,0.0,0.0,0.0,29.0,0.0,0.0,0.0,0.0,87.06896551724138
solar_elevation_gt_0,D+1,2025-06,xuzhou_1,420.0,0.0,0.0,0.0,0.0,0.0,0.0,0.0,,,,,
solar_elevation_gt_0,D+1,2025-06,xuzhou_2,436.0,0.03669724770642202,0.0,0.03669724770642202,0.0,0.0,0.0,16.0,0.0,0.0,0.0,0.0,72.25
solar_elevation_gt_0,D+1,2025-06,yancheng_1,450.0,0.06666666666666667,0.0,0.06666666666666667,0.0,0.0,0.0,30.0,0.0,0.0,0.0,1.0,74.53333333333333
solar_elevation_gt_0,D+1,2025-06,yancheng_2,450.0,0.06666666666666667,0.0,0.06666666666666667,0.0,0.0,0.0,30.0,0.0,0.0,0.0,1.0,80.13333333333334
solar_elevation_gt_0,D+1,2025-06,yancheng_3,450.0,0.07111111111111111,0.0,0.07111111111111111,0.0,0.0,0.0,32.0,0.0,0.0,0.0,0.875,77.1875
solar_elevation_gt_0,D+1,2025-07,changzhou_1,428.0,0.002336448598130841,0.0,0.002336448598130841,0.0,0.0,0.0,1.0,0.0,0.0,0.0,1.0,100.0
solar_elevation_gt_0,D+1,2025-07,huai_an_1,437.0,0.006864988558352402,0.0,0.006864988558352402,0.0,0.0,0.0,3.0,0.0,0.0,0.0,0.0,79.33333333333333
solar_elevation_gt_0,D+1,2025-07,huai_an_2,441.0,0.015873015873015872,0.0,0.015873015873015872,0.0,0.0,0.0,7.0,0.0,0.0,0.0,0.0,38.714285714285715
solar_elevation_gt_0,D+1,2025-07,huai_an_3,434.0,0.0,0.0,0.0,0.0,0.0,0.0,0.0,,,,,
solar_elevation_gt_0,D+1,2025-07,lianyungang_1,439.0,0.01366742596810934,0.0,0.01366742596810934,0.002277904328018223,0.002277904328018223,0.0,6.0,0.0,0.0,0.0,0.16666666666666666,51.833333333333336
solar_elevation_gt_0,D+1,2025-07,lianyungang_2,445.0,0.024719101123595506,0.0,0.024719101123595506,0.0,0.0,0.0,11.0,0.0,0.0,0.0,0.2727272727272727,41.18181818181818
solar_elevation_gt_0,D+1,2025-07,nanjing_1,434.0,0.004608294930875576,0.0,0.004608294930875576,0.0,0.0,0.0,2.0,0.0,0.0,0.0,1.0,100.0
solar_elevation_gt_0,D+1,2025-07,nanjing_2,433.0,0.0023094688221709007,0.0,0.0023094688221709007,0.0,0.0,0.0,1.0,0.0,0.0,0.0,1.0,100.0
solar_elevation_gt_0,D+1,2025-07,nantong_1,431.0,0.027842227378190254,0.0,0.027842227378190254,0.0,0.0,0.0,12.0,0.0,0.0,0.0,0.3333333333333333,62.916666666666664
solar_elevation_gt_0,D+1,2025-07,nantong_2,428.0,0.037383177570093455,0.0,0.037383177570093455,0.0,0.0,0.0,16.0,0.0,0.0,0.0,0.5625,60.625
solar_elevation_gt_0,D+1,2025-07,suqian_1,434.0,0.0,0.0,0.0,0.0,0.0,0.0,0.0,,,,,
solar_elevation_gt_0,D+1,2025-07,suzhou_1,426.0,0.018779342723004695,0.0,0.018779342723004695,0.0,0.0,0.0,8.0,0.0,0.0,0.0,0.0,58.25
solar_elevation_gt_0,D+1,2025-07,taizhou_1,436.0,0.009174311926605505,0.0,0.009174311926605505,0.0,0.0,0.0,4.0,0.0,0.0,0.0,0.0,54.75
solar_elevation_gt_0,D+1,2025-07,taizhou_2,437.0,0.02288329519450801,0.0,0.02288329519450801,0.0,0.0,0.0,10.0,0.0,0.0,0.0,0.2,51.8
solar_elevation_gt_0,D+1,2025-07,wuxi_1,424.0,0.0,0.0,0.0,0.0,0.0,0.0,0.0,,,,,
solar_elevation_gt_0,D+1,2025-07,xuzhou_1,434.0,0.0,0.0,0.0,0.0,0.0,0.0,0.0,,,,,
solar_elevation_gt_0,D+1,2025-07,xuzhou_2,434.0,0.0,0.0,0.0,0.0,0.0,0.0,0.0,,,,,
solar_elevation_gt_0,D+1,2025-07,yancheng_1,444.0,0.02252252252252252,0.0,0.02252252252252252,0.0,0.0,0.0,10.0,0.0,0.0,0.0,0.1,52.9
solar_elevation_gt_0,D+1,2025-07,yancheng_2,441.0,0.027210884353741496,0.0,0.027210884353741496,0.0,0.0,0.0,12.0,0.0,0.0,0.0,0.3333333333333333,48.583333333333336
solar_elevation_gt_0,D+1,2025-07,yancheng_3,439.0,0.01366742596810934,0.0,0.01366742596810934,0.0,0.0,0.0,6.0,0.0,0.0,0.0,0.0,40.0
solar_elevation_gt_0,D+1,2025-08,changzhou_1,403.0,0.0,0.0,0.0,0.0,0.0,0.0,0.0,,,,,
solar_elevation_gt_0,D+1,2025-08,huai_an_1,404.0,0.0,0.0,0.0,0.0,0.0,0.0,0.0,,,,,
solar_elevation_gt_0,D+1,2025-08,huai_an_2,406.0,0.0,0.0,0.0,0.0,0.0,0.0,0.0,,,,,
solar_elevation_gt_0,D+1,2025-08,huai_an_3,408.0,0.0,0.0,0.0,0.0,0.0,0.0,0.0,,,,,
solar_elevation_gt_0,D+1,2025-08,lianyungang_1,411.0,0.0,0.0,0.0,0.0,0.0,0.0,0.0,,,,,
solar_elevation_gt_0,D+1,2025-08,lianyungang_2,407.0,0.0,0.0,0.0,0.0,0.0,0.0,0.0,,,,,
solar_elevation_gt_0,D+1,2025-08,nanjing_1,405.0,0.0024691358024691358,0.0,0.0024691358024691358,0.0,0.0,0.0,1.0,0.0,0.0,0.0,1.0,100.0
solar_elevation_gt_0,D+1,2025-08,nanjing_2,403.0,0.0,0.0,0.0,0.0,0.0,0.0,0.0,,,,,
solar_elevation_gt_0,D+1,2025-08,nantong_1,403.0,0.0,0.0,0.0,0.0,0.0,0.0,0.0,,,,,
solar_elevation_gt_0,D+1,2025-08,nantong_2,403.0,0.0,0.0,0.0,0.0,0.0,0.0,0.0,,,,,
solar_elevation_gt_0,D+1,2025-08,suqian_1,411.0,0.0,0.0,0.0,0.0,0.0,0.0,0.0,,,,,
solar_elevation_gt_0,D+1,2025-08,suzhou_1,403.0,0.0,0.0,0.0,0.0,0.0,0.0,0.0,,,,,
solar_elevation_gt_0,D+1,2025-08,taizhou_1,403.0,0.0024813895781637717,0.0,0.0024813895781637717,0.0,0.0,0.0,1.0,0.0,0.0,0.0,1.0,100.0
solar_elevation_gt_0,D+1,2025-08,taizhou_2,403.0,0.0,0.0,0.0,0.0,0.0,0.0,0.0,,,,,
solar_elevation_gt_0,D+1,2025-08,wuxi_1,403.0,0.0,0.0,0.0,0.0,0.0,0.0,0.0,,,,,
solar_elevation_gt_0,D+1,2025-08,xuzhou_1,418.0,0.007177033492822967,0.0,0.007177033492822967,0.0,0.0,0.0,3.0,0.0,0.0,0.0,1.0,100.0
solar_elevation_gt_0,D+1,2025-08,xuzhou_2,414.0,0.0024154589371980675,0.0,0.0024154589371980675,0.0,0.0,0.0,1.0,0.0,0.0,0.0,1.0,100.0
solar_elevation_gt_0,D+1,2025-08,yancheng_1,404.0,0.0,0.0,0.0,0.0,0.0,0.0,0.0,,,,,
solar_elevation_gt_0,D+1,2025-08,yancheng_2,403.0,0.0024813895781637717,0.0,0.0024813895781637717,0.0,0.0,0.0,1.0,0.0,0.0,0.0,1.0,100.0
solar_elevation_gt_0,D+1,2025-08,yancheng_3,403.0,0.0,0.0,0.0,0.0,0.0,0.0,0.0,,,,,
solar_elevation_gt_0,D+1,2025-09,changzhou_1,379.0,0.04221635883905013,0.0,0.04221635883905013,0.0,0.0,0.0,16.0,0.0,0.0,0.0,1.0,84.875
solar_elevation_gt_0,D+1,2025-09,huai_an_1,380.0,0.05263157894736842,0.0,0.05263157894736842,0.0,0.0,0.0,20.0,0.0,0.0,0.0,0.85,88.35
solar_elevation_gt_0,D+1,2025-09,huai_an_2,380.0,0.05526315789473684,0.0,0.05526315789473684,0.0,0.0,0.0,21.0,0.0,0.0,0.0,0.8571428571428571,95.9047619047619
solar_elevation_gt_0,D+1,2025-09,huai_an_3,380.0,0.060526315789473685,0.0,0.060526315789473685,0.0,0.0,0.0,23.0,0.0,0.0,0.0,0.7391304347826086,87.82608695652173
solar_elevation_gt_0,D+1,2025-09,lianyungang_1,380.0,0.04736842105263158,0.0,0.04736842105263158,0.0,0.0,0.0,18.0,0.0,0.0,0.0,0.6666666666666666,89.16666666666667
solar_elevation_gt_0,D+1,2025-09,lianyungang_2,380.0,0.04736842105263158,0.0,0.04736842105263158,0.0,0.0,0.0,18.0,0.0,0.0,0.0,0.8333333333333334,91.5
solar_elevation_gt_0,D+1,2025-09,nanjing_1,381.0,0.05511811023622047,0.0,0.05511811023622047,0.0,0.0,0.0,21.0,0.0,0.0,0.0,0.7142857142857143,81.76190476190476
solar_elevation_gt_0,D+1,2025-09,nanjing_2,381.0,0.047244094488188976,0.0,0.047244094488188976,0.0,0.0,0.0,18.0,0.0,0.0,0.0,0.7777777777777778,84.72222222222223
solar_elevation_gt_0,D+1,2025-09,nantong_1,375.0,0.013333333333333334,0.0,0.013333333333333334,0.0,0.0,0.0,5.0,0.0,0.0,0.0,1.0,80.0
solar_elevation_gt_0,D+1,2025-09,nantong_2,373.0,0.00804289544235925,0.0,0.00804289544235925,0.0,0.0,0.0,3.0,0.0,0.0,0.0,1.0,100.0
solar_elevation_gt_0,D+1,2025-09,suqian_1,380.0,0.05263157894736842,0.0,0.05263157894736842,0.0,0.0,0.0,20.0,0.0,0.0,0.0,0.7,94.15
solar_elevation_gt_0,D+1,2025-09,suzhou_1,375.0,0.010666666666666666,0.0,0.010666666666666666,0.0,0.0,0.0,4.0,0.0,0.0,0.0,1.0,56.75
solar_elevation_gt_0,D+1,2025-09,taizhou_1,379.0,0.0395778364116095,0.0,0.0395778364116095,0.0,0.0,0.0,15.0,0.0,0.0,0.0,1.0,81.73333333333333
solar_elevation_gt_0,D+1,2025-09,taizhou_2,377.0,0.023872679045092837,0.0,0.023872679045092837,0.0,0.0,0.0,9.0,0.0,0.0,0.0,1.0,89.66666666666667
solar_elevation_gt_0,D+1,2025-09,wuxi_1,377.0,0.034482758620689655,0.0,0.034482758620689655,0.0,0.0,0.0,13.0,0.0,0.0,0.0,1.0,81.6923076923077
solar_elevation_gt_0,D+1,2025-09,xuzhou_1,375.0,0.04,0.0,0.04,0.0,0.0,0.0,15.0,0.0,0.0,0.0,0.6,66.8
solar_elevation_gt_0,D+1,2025-09,xuzhou_2,377.0,0.04774535809018567,0.0,0.04774535809018567,0.0,0.0,0.0,18.0,0.0,0.0,0.0,0.7222222222222222,84.55555555555556
solar_elevation_gt_0,D+1,2025-09,yancheng_1,379.0,0.055408970976253295,0.0,0.055408970976253295,0.0,0.0,0.0,21.0,0.0,0.0,0.0,0.9523809523809523,95.04761904761905
solar_elevation_gt_0,D+1,2025-09,yancheng_2,377.0,0.026525198938992044,0.0,0.026525198938992044,0.0,0.0,0.0,10.0,0.0,0.0,0.0,1.0,91.0
solar_elevation_gt_0,D+1,2025-09,yancheng_3,379.0,0.047493403693931395,0.0,0.047493403693931395,0.0,0.0,0.0,18.0,0.0,0.0,0.0,0.9444444444444444,94.88888888888889
solar_elevation_gt_0,D+1,2025-10,changzhou_1,347.0,0.01729106628242075,0.0,0.01729106628242075,0.0,0.0,0.0,6.0,0.0,0.0,0.0,0.0,67.5
solar_elevation_gt_0,D+1,2025-10,huai_an_1,344.0,0.00872093023255814,0.0,0.00872093023255814,0.0,0.0,0.0,3.0,0.0,0.0,0.0,0.0,100.0
solar_elevation_gt_0,D+1,2025-10,huai_an_2,343.0,0.0058309037900874635,0.0,0.0058309037900874635,0.0,0.0,0.0,2.0,0.0,0.0,0.0,0.0,100.0
solar_elevation_gt_0,D+1,2025-10,huai_an_3,341.0,0.0,0.0,0.0,0.0,0.0,0.0,0.0,,,,,
solar_elevation_gt_0,D+1,2025-10,lianyungang_1,341.0,0.002932551319648094,0.0,0.002932551319648094,0.0,0.0,0.0,1.0,0.0,0.0,0.0,1.0,100.0
solar_elevation_gt_0,D+1,2025-10,lianyungang_2,343.0,0.0058309037900874635,0.0,0.0058309037900874635,0.0,0.0,0.0,2.0,0.0,0.0,0.0,0.0,100.0
solar_elevation_gt_0,D+1,2025-10,nanjing_1,341.0,0.0,0.0,0.0,0.0,0.0,0.0,0.0,,,,,
solar_elevation_gt_0,D+1,2025-10,nanjing_2,343.0,0.0058309037900874635,0.0,0.0058309037900874635,0.0,0.0,0.0,2.0,0.0,0.0,0.0,0.0,100.0
solar_elevation_gt_0,D+1,2025-10,nantong_1,354.0,0.03672316384180791,0.0,0.03672316384180791,0.0,0.0,0.0,13.0,0.0,0.0,0.0,0.6153846153846154,27.846153846153847
solar_elevation_gt_0,D+1,2025-10,nantong_2,358.0,0.04189944134078212,0.0,0.04189944134078212,0.0,0.0,0.0,15.0,0.0,0.0,0.0,0.6666666666666666,48.6
solar_elevation_gt_0,D+1,2025-10,suqian_1,341.0,0.002932551319648094,0.0,0.002932551319648094,0.0,0.0,0.0,1.0,0.0,0.0,0.0,1.0,100.0
solar_elevation_gt_0,D+1,2025-10,suzhou_1,355.0,0.03943661971830986,0.0,0.03943661971830986,0.0,0.0,0.0,14.0,0.0,0.0,0.0,0.5714285714285714,31.0
solar_elevation_gt_0,D+1,2025-10,taizhou_1,346.0,0.014450867052023121,0.0,0.014450867052023121,0.0,0.0,0.0,5.0,0.0,0.0,0.0,0.0,87.2
solar_elevation_gt_0,D+1,2025-10,taizhou_2,351.0,0.02849002849002849,0.0,0.02849002849002849,0.0,0.0,0.0,10.0,0.0,0.0,0.0,0.4,41.6
solar_elevation_gt_0,D+1,2025-10,wuxi_1,350.0,0.025714285714285714,0.0,0.025714285714285714,0.0,0.0,0.0,9.0,0.0,0.0,0.0,0.3333333333333333,45.0
solar_elevation_gt_0,D+1,2025-10,xuzhou_1,341.0,0.002932551319648094,0.0,0.002932551319648094,0.0,0.0,0.0,1.0,0.0,0.0,0.0,1.0,100.0
solar_elevation_gt_0,D+1,2025-10,xuzhou_2,341.0,0.002932551319648094,0.0,0.002932551319648094,0.0,0.0,0.0,1.0,0.0,0.0,0.0,1.0,100.0
solar_elevation_gt_0,D+1,2025-10,yancheng_1,345.0,0.011594202898550725,0.0,0.011594202898550725,0.0,0.0,0.0,4.0,0.0,0.0,0.0,0.0,85.25
solar_elevation_gt_0,D+1,2025-10,yancheng_2,350.0,0.025714285714285714,0.0,0.025714285714285714,0.0,0.0,0.0,9.0,0.0,0.0,0.0,0.4444444444444444,49.44444444444444
solar_elevation_gt_0,D+1,2025-10,yancheng_3,346.0,0.014450867052023121,0.0,0.014450867052023121,0.0,0.0,0.0,5.0,0.0,0.0,0.0,0.0,73.4
solar_elevation_gt_0,D+1,2025-11,changzhou_1,316.0,0.006329113924050633,0.0,0.006329113924050633,0.0,0.0,0.0,2.0,0.0,0.0,0.0,1.0,100.0
solar_elevation_gt_0,D+1,2025-11,huai_an_1,313.0,0.003194888178913738,0.0,0.003194888178913738,0.0,0.0,0.0,1.0,0.0,0.0,0.0,1.0,100.0
solar_elevation_gt_0,D+1,2025-11,huai_an_2,311.0,0.006430868167202572,0.0,0.006430868167202572,0.0,0.0,0.0,2.0,0.0,0.0,0.0,1.0,50.0
solar_elevation_gt_0,D+1,2025-11,huai_an_3,320.0,0.0125,0.0,0.0125,0.0,0.0,0.0,4.0,0.0,0.0,0.0,1.0,50.0
solar_elevation_gt_0,D+1,2025-11,lianyungang_1,313.0,0.025559105431309903,0.0,0.025559105431309903,0.0,0.0,0.0,8.0,0.0,0.0,0.0,0.875,12.5
solar_elevation_gt_0,D+1,2025-11,lianyungang_2,309.0,0.016181229773462782,0.0,0.016181229773462782,0.0,0.0,0.0,5.0,0.0,0.0,0.0,1.0,20.0
solar_elevation_gt_0,D+1,2025-11,nanjing_1,328.0,0.006097560975609756,0.0,0.006097560975609756,0.0,0.0,0.0,2.0,0.0,0.0,0.0,1.0,100.0
solar_elevation_gt_0,D+1,2025-11,nanjing_2,324.0,0.0030864197530864196,0.0,0.0030864197530864196,0.0,0.0,0.0,1.0,0.0,0.0,0.0,1.0,100.0
solar_elevation_gt_0,D+1,2025-11,nantong_1,307.0,0.0,0.0,0.0,0.0,0.0,0.0,0.0,,,,,
solar_elevation_gt_0,D+1,2025-11,nantong_2,303.0,0.0,0.0,0.0,0.0,0.0,0.0,0.0,,,,,
solar_elevation_gt_0,D+1,2025-11,suqian_1,319.0,0.0219435736677116,0.0,0.0219435736677116,0.0,0.0,0.0,7.0,0.0,0.0,0.0,1.0,14.285714285714286
solar_elevation_gt_0,D+1,2025-11,suzhou_1,308.0,0.0,0.0,0.0,0.0,0.0,0.0,0.0,,,,,
solar_elevation_gt_0,D+1,2025-11,taizhou_1,312.0,0.003205128205128205,0.0,0.003205128205128205,0.0,0.0,0.0,1.0,0.0,0.0,0.0,1.0,100.0
solar_elevation_gt_0,D+1,2025-11,taizhou_2,307.0,0.003257328990228013,0.0,0.003257328990228013,0.0,0.0,0.0,1.0,0.0,0.0,0.0,1.0,100.0
solar_elevation_gt_0,D+1,2025-11,wuxi_1,314.0,0.0,0.0,0.0,0.0,0.0,0.0,0.0,,,,,
solar_elevation_gt_0,D+1,2025-11,xuzhou_1,325.0,0.036923076923076927,0.0,0.036923076923076927,0.0,0.0,0.0,12.0,0.0,0.0,0.0,0.6666666666666666,50.0
solar_elevation_gt_0,D+1,2025-11,xuzhou_2,325.0,0.036923076923076927,0.0,0.036923076923076927,0.0,0.0,0.0,12.0,0.0,0.0,0.0,0.6666666666666666,17.166666666666668
solar_elevation_gt_0,D+1,2025-11,yancheng_1,309.0,0.003236245954692557,0.0,0.003236245954692557,0.0,0.0,0.0,1.0,0.0,0.0,0.0,1.0,100.0
solar_elevation_gt_0,D+1,2025-11,yancheng_2,306.0,0.0032679738562091504,0.0,0.0032679738562091504,0.0,0.0,0.0,1.0,0.0,0.0,0.0,1.0,100.0
solar_elevation_gt_0,D+1,2025-11,yancheng_3,311.0,0.003215434083601286,0.0,0.003215434083601286,0.0,0.0,0.0,1.0,0.0,0.0,0.0,1.0,100.0
solar_elevation_gt_0,D+1,2025-12,changzhou_1,316.0,0.05379746835443038,0.0,0.05379746835443038,0.0,0.0,0.0,17.0,0.0,0.0,0.0,0.5294117647058824,44.705882352941174
solar_elevation_gt_0,D+1,2025-12,huai_an_1,301.0,0.046511627906976744,0.0,0.046511627906976744,0.0,0.0,0.0,14.0,0.0,0.0,0.0,0.5,35.285714285714285
solar_elevation_gt_0,D+1,2025-12,huai_an_2,293.0,0.03754266211604096,0.0,0.03754266211604096,0.0,0.0,0.0,11.0,0.0,0.0,0.0,0.5454545454545454,37.0
solar_elevation_gt_0,D+1,2025-12,huai_an_3,302.0,0.033112582781456956,0.0,0.033112582781456956,0.0,0.0,0.0,10.0,0.0,0.0,0.0,0.4,40.3
solar_elevation_gt_0,D+1,2025-12,lianyungang_1,288.0,0.017361111111111112,0.0,0.017361111111111112,0.0,0.0,0.0,5.0,0.0,0.0,0.0,0.2,25.2
solar_elevation_gt_0,D+1,2025-12,lianyungang_2,287.0,0.027874564459930314,0.0,0.027874564459930314,0.0,0.0,0.0,8.0,0.0,0.0,0.0,0.375,31.125
solar_elevation_gt_0,D+1,2025-12,nanjing_1,316.0,0.04430379746835443,0.0,0.04430379746835443,0.0,0.0,0.0,14.0,0.0,0.0,0.0,0.5714285714285714,30.5
solar_elevation_gt_0,D+1,2025-12,nanjing_2,317.0,0.0473186119873817,0.0,0.0473186119873817,0.0,0.0,0.0,15.0,0.0,0.0,0.0,0.5333333333333333,33.0
solar_elevation_gt_0,D+1,2025-12,nantong_1,311.0,0.05787781350482315,0.0,0.05787781350482315,0.0,0.0,0.0,18.0,0.0,0.0,0.0,0.6666666666666666,49.27777777777778
solar_elevation_gt_0,D+1,2025-12,nantong_2,310.0,0.04516129032258064,0.0,0.04516129032258064,0.0,0.0,0.0,14.0,0.0,0.0,0.0,1.0,64.21428571428571
solar_elevation_gt_0,D+1,2025-12,suqian_1,295.0,0.01694915254237288,0.0,0.01694915254237288,0.0,0.0,0.0,5.0,0.0,0.0,0.0,0.0,28.4
solar_elevation_gt_0,D+1,2025-12,suzhou_1,313.0,0.054313099041533544,0.0,0.054313099041533544,0.0,0.0,0.0,17.0,0.0,0.0,0.0,0.8823529411764706,53.470588235294116
solar_elevation_gt_0,D+1,2025-12,taizhou_1,303.0,0.0462046204620462,0.0,0.0462046204620462,0.0,0.0,0.0,14.0,0.0,0.0,0.0,0.5714285714285714,28.928571428571427
solar_elevation_gt_0,D+1,2025-12,taizhou_2,306.0,0.058823529411764705,0.0,0.058823529411764705,0.0,0.0,0.0,18.0,0.0,0.0,0.0,0.5,45.0
solar_elevation_gt_0,D+1,2025-12,wuxi_1,320.0,0.065625,0.0,0.065625,0.0,0.0,0.0,21.0,0.0,0.0,0.0,0.5714285714285714,38.42857142857143
solar_elevation_gt_0,D+1,2025-12,xuzhou_1,310.0,0.0,0.0,0.0,0.0,0.0,0.0,0.0,,,,,
solar_elevation_gt_0,D+1,2025-12,xuzhou_2,297.0,0.0,0.0,0.0,0.0,0.0,0.0,0.0,,,,,
solar_elevation_gt_0,D+1,2025-12,yancheng_1,294.0,0.047619047619047616,0.0,0.047619047619047616,0.0,0.0,0.0,14.0,0.0,0.0,0.0,0.5,41.285714285714285
solar_elevation_gt_0,D+1,2025-12,yancheng_2,303.0,0.056105610561056105,0.0,0.056105610561056105,0.0,0.0,0.0,17.0,0.0,0.0,0.0,0.47058823529411764,52.588235294117645
solar_elevation_gt_0,D+1,2025-12,yancheng_3,300.0,0.04666666666666667,0.0,0.04666666666666667,0.0,0.0,0.0,14.0,0.0,0.0,0.0,0.5,24.214285714285715
solar_elevation_gt_0,D+1,2026-01,changzhou_1,320.0,0.03125,0.0,0.03125,0.0,0.0,0.0,10.0,0.0,0.0,0.0,0.2,50.7
solar_elevation_gt_0,D+1,2026-01,huai_an_1,311.0,0.003215434083601286,0.0,0.003215434083601286,0.0,0.0,0.0,1.0,0.0,0.0,0.0,0.0,100.0
solar_elevation_gt_0,D+1,2026-01,huai_an_2,310.0,0.0,0.0,0.0,0.0,0.0,0.0,0.0,,,,,
solar_elevation_gt_0,D+1,2026-01,huai_an_3,310.0,0.0,0.0,0.0,0.0,0.0,0.0,0.0,,,,,
solar_elevation_gt_0,D+1,2026-01,lianyungang_1,310.0,0.0,0.0,0.0,0.0,0.0,0.0,0.0,,,,,
solar_elevation_gt_0,D+1,2026-01,lianyungang_2,310.0,0.0,0.0,0.0,0.0,0.0,0.0,0.0,,,,,
solar_elevation_gt_0,D+1,2026-01,nanjing_1,310.0,0.0,0.0,0.0,0.0,0.0,0.0,0.0,,,,,
solar_elevation_gt_0,D+1,2026-01,nanjing_2,314.0,0.012738853503184714,0.0,0.012738853503184714,0.0,0.0,0.0,4.0,0.0,0.0,0.0,0.0,76.25
solar_elevation_gt_0,D+1,2026-01,nantong_1,341.0,0.09090909090909091,0.0,0.09090909090909091,0.0,0.0,0.0,31.0,0.0,0.0,0.0,0.3548387096774194,41.29032258064516
solar_elevation_gt_0,D+1,2026-01,nantong_2,338.0,0.08579881656804733,0.0,0.08579881656804733,0.0,0.0,0.0,29.0,0.0,0.0,0.0,1.0,52.37931034482759
solar_elevation_gt_0,D+1,2026-01,suqian_1,310.0,0.0,0.0,0.0,0.0,0.0,0.0,0.0,,,,,
solar_elevation_gt_0,D+1,2026-01,suzhou_1,341.0,0.08797653958944282,0.0,0.08797653958944282,0.0,0.0,0.0,30.0,0.0,0.0,0.0,0.43333333333333335,34.166666666666664
solar_elevation_gt_0,D+1,2026-01,taizhou_1,315.0,0.015873015873015872,0.0,0.015873015873015872,0.0,0.0,0.0,5.0,0.0,0.0,0.0,0.0,63.2
solar_elevation_gt_0,D+1,2026-01,taizhou_2,322.0,0.037267080745341616,0.0,0.037267080745341616,0.0,0.0,0.0,12.0,0.0,0.0,0.0,0.3333333333333333,44.666666666666664
solar_elevation_gt_0,D+1,2026-01,wuxi_1,341.0,0.09090909090909091,0.0,0.09090909090909091,0.0,0.0,0.0,31.0,0.0,0.0,0.0,0.22580645161290322,37.903225806451616
solar_elevation_gt_0,D+1,2026-01,xuzhou_1,310.0,0.0,0.0,0.0,0.0,0.0,0.0,0.0,,,,,
solar_elevation_gt_0,D+1,2026-01,xuzhou_2,310.0,0.0,0.0,0.0,0.0,0.0,0.0,0.0,,,,,
solar_elevation_gt_0,D+1,2026-01,yancheng_1,311.0,0.003215434083601286,0.0,0.003215434083601286,0.0,0.0,0.0,1.0,0.0,0.0,0.0,0.0,88.0
solar_elevation_gt_0,D+1,2026-01,yancheng_2,320.0,0.03125,0.0,0.03125,0.0,0.0,0.0,10.0,0.0,0.0,0.0,0.3,42.1
solar_elevation_gt_0,D+1,2026-01,yancheng_3,314.0,0.012738853503184714,0.0,0.012738853503184714,0.0,0.0,0.0,4.0,0.0,0.0,0.0,0.0,76.25
solar_elevation_gt_0,D+1,2026-02,changzhou_1,308.0,0.025974025974025976,0.0,0.025974025974025976,0.0,0.0,0.0,8.0,0.0,0.0,0.0,1.0,88.25
solar_elevation_gt_0,D+1,2026-02,huai_an_1,308.0,0.045454545454545456,0.0,0.045454545454545456,0.0,0.0,0.0,14.0,0.0,0.0,0.0,0.7142857142857143,59.0
solar_elevation_gt_0,D+1,2026-02,huai_an_2,307.0,0.04234527687296417,0.0,0.04234527687296417,0.0,0.0,0.0,13.0,0.0,0.0,0.0,0.6153846153846154,76.61538461538461
solar_elevation_gt_0,D+1,2026-02,huai_an_3,306.0,0.05228758169934641,0.0,0.05228758169934641,0.0,0.0,0.0,16.0,0.0,0.0,0.0,0.6875,69.0
solar_elevation_gt_0,D+1,2026-02,lianyungang_1,302.0,0.039735099337748346,0.0,0.039735099337748346,0.0,0.0,0.0,12.0,0.0,0.0,0.0,0.5833333333333334,46.166666666666664
solar_elevation_gt_0,D+1,2026-02,lianyungang_2,305.0,0.036065573770491806,0.0,0.036065573770491806,0.0,0.0,0.0,11.0,0.0,0.0,0.0,0.6363636363636364,59.81818181818182
solar_elevation_gt_0,D+1,2026-02,nanjing_1,310.0,0.05161290322580645,0.0,0.05161290322580645,0.0,0.0,0.0,16.0,0.0,0.0,0.0,0.625,70.8125
solar_elevation_gt_0,D+1,2026-02,nanjing_2,308.0,0.04220779220779221,0.0,0.04220779220779221,0.0,0.0,0.0,13.0,0.0,0.0,0.0,0.8461538461538461,71.07692307692308
solar_elevation_gt_0,D+1,2026-02,nantong_1,308.0,0.012987012987012988,0.0,0.012987012987012988,0.0,0.0,0.0,4.0,0.0,0.0,0.0,1.0,100.0
solar_elevation_gt_0,D+1,2026-02,nantong_2,308.0,0.003246753246753247,0.0,0.003246753246753247,0.0,0.0,0.0,1.0,0.0,0.0,0.0,1.0,100.0
solar_elevation_gt_0,D+1,2026-02,suqian_1,304.0,0.046052631578947366,0.0,0.046052631578947366,0.0,0.0,0.0,14.0,0.0,0.0,0.0,0.6428571428571429,61.642857142857146
solar_elevation_gt_0,D+1,2026-02,suzhou_1,308.0,0.012987012987012988,0.0,0.012987012987012988,0.0,0.0,0.0,4.0,0.0,0.0,0.0,1.0,100.0
solar_elevation_gt_0,D+1,2026-02,taizhou_1,308.0,0.032467532467532464,0.0,0.032467532467532464,0.0,0.0,0.0,10.0,0.0,0.0,0.0,0.9,71.4
solar_elevation_gt_0,D+1,2026-02,taizhou_2,308.0,0.01948051948051948,0.0,0.01948051948051948,0.0,0.0,0.0,6.0,0.0,0.0,0.0,1.0,94.66666666666667
solar_elevation_gt_0,D+1,2026-02,wuxi_1,308.0,0.025974025974025976,0.0,0.025974025974025976,0.0,0.0,0.0,8.0,0.0,0.0,0.0,1.0,87.25
solar_elevation_gt_0,D+1,2026-02,xuzhou_1,302.0,0.04304635761589404,0.0,0.04304635761589404,0.0,0.0,0.0,13.0,0.0,0.0,0.0,0.6923076923076923,61.84615384615385
solar_elevation_gt_0,D+1,2026-02,xuzhou_2,302.0,0.046357615894039736,0.0,0.046357615894039736,0.0,0.0,0.0,14.0,0.0,0.0,0.0,0.7142857142857143,55.214285714285715
solar_elevation_gt_0,D+1,2026-02,yancheng_1,308.0,0.03896103896103896,0.0,0.03896103896103896,0.0,0.0,0.0,12.0,0.0,0.0,0.0,0.6666666666666666,70.16666666666667
solar_elevation_gt_0,D+1,2026-02,yancheng_2,308.0,0.022727272727272728,0.0,0.022727272727272728,0.0,0.0,0.0,7.0,0.0,0.0,0.0,1.0,48.714285714285715
solar_elevation_gt_0,D+1,2026-02,yancheng_3,308.0,0.032467532467532464,0.0,0.032467532467532464,0.0,0.0,0.0,10.0,0.0,0.0,0.0,0.8,58.2
solar_elevation_gt_0,D+1,2026-03,changzhou_1,375.0,0.021333333333333333,0.0,0.021333333333333333,0.0,0.0,0.0,8.0,0.0,0.0,0.0,0.625,53.875
solar_elevation_gt_0,D+1,2026-03,huai_an_1,376.0,0.02127659574468085,0.0,0.02127659574468085,0.0,0.0,0.0,8.0,0.0,0.0,0.0,0.625,98.625
solar_elevation_gt_0,D+1,2026-03,huai_an_2,375.0,0.021333333333333333,0.0,0.021333333333333333,0.0,0.0,0.0,8.0,0.0,0.0,0.0,0.625,65.125
solar_elevation_gt_0,D+1,2026-03,huai_an_3,376.0,0.013297872340425532,0.0,0.013297872340425532,0.0,0.0,0.0,5.0,0.0,0.0,0.0,0.4,81.2
solar_elevation_gt_0,D+1,2026-03,lianyungang_1,375.0,0.013333333333333334,0.0,0.013333333333333334,0.0,0.0,0.0,5.0,0.0,0.0,0.0,0.6,74.4
solar_elevation_gt_0,D+1,2026-03,lianyungang_2,374.0,0.01871657754010695,0.0,0.01871657754010695,0.0,0.0,0.0,7.0,0.0,0.0,0.0,0.5714285714285714,72.28571428571429
solar_elevation_gt_0,D+1,2026-03,nanjing_1,376.0,0.013297872340425532,0.0,0.013297872340425532,0.0,0.0,0.0,5.0,0.0,0.0,0.0,0.4,76.4
solar_elevation_gt_0,D+1,2026-03,nanjing_2,377.0,0.015915119363395226,0.0,0.015915119363395226,0.0,0.0,0.0,6.0,0.0,0.0,0.0,0.5,53.166666666666664
solar_elevation_gt_0,D+1,2026-03,nantong_1,372.0,0.024193548387096774,0.0,0.024193548387096774,0.0,0.0,0.0,9.0,0.0,0.0,0.0,0.6666666666666666,78.22222222222223
solar_elevation_gt_0,D+1,2026-03,nantong_2,371.0,0.02425876010781671,0.0,0.02425876010781671,0.0,0.0,0.0,9.0,0.0,0.0,0.0,0.6666666666666666,64.77777777777777
solar_elevation_gt_0,D+1,2026-03,suqian_1,375.0,0.010666666666666666,0.0,0.010666666666666666,0.0,0.0,0.0,4.0,0.0,0.0,0.0,0.25,100.0
solar_elevation_gt_0,D+1,2026-03,suzhou_1,372.0,0.024193548387096774,0.0,0.024193548387096774,0.0,0.0,0.0,9.0,0.0,0.0,0.0,0.6666666666666666,75.11111111111111
solar_elevation_gt_0,D+1,2026-03,taizhou_1,375.0,0.024,0.0,0.024,0.0,0.0,0.0,9.0,0.0,0.0,0.0,0.6666666666666666,88.66666666666667
solar_elevation_gt_0,D+1,2026-03,taizhou_2,373.0,0.024128686327077747,0.0,0.024128686327077747,0.0,0.0,0.0,9.0,0.0,0.0,0.0,0.6666666666666666,89.55555555555556
solar_elevation_gt_0,D+1,2026-03,wuxi_1,375.0,0.021333333333333333,0.0,0.021333333333333333,0.0,0.0,0.0,8.0,0.0,0.0,0.0,0.625,81.875
solar_elevation_gt_0,D+1,2026-03,xuzhou_1,372.0,0.002688172043010753,0.0,0.002688172043010753,0.0,0.0,0.0,1.0,0.0,0.0,0.0,1.0,100.0
solar_elevation_gt_0,D+1,2026-03,xuzhou_2,373.0,0.005361930294906166,0.0,0.005361930294906166,0.0,0.0,0.0,2.0,0.0,0.0,0.0,0.5,67.0
solar_elevation_gt_0,D+1,2026-03,yancheng_1,374.0,0.02406417112299465,0.0,0.02406417112299465,0.0,0.0,0.0,9.0,0.0,0.0,0.0,0.6666666666666666,64.77777777777777
solar_elevation_gt_0,D+1,2026-03,yancheng_2,373.0,0.024128686327077747,0.0,0.024128686327077747,0.0,0.0,0.0,9.0,0.0,0.0,0.0,0.6666666666666666,70.22222222222223
solar_elevation_gt_0,D+1,2026-03,yancheng_3,375.0,0.024,0.0,0.024,0.0,0.0,0.0,9.0,0.0,0.0,0.0,0.6666666666666666,88.88888888888889
solar_elevation_gt_0,D+1,2026-04,changzhou_1,390.0,0.015384615384615385,0.0,0.015384615384615385,0.0,0.0,0.005128205128205128,6.0,0.3333333333333333,0.0,0.3333333333333333,1.0,100.0
solar_elevation_gt_0,D+1,2026-04,huai_an_1,390.0,0.010256410256410256,0.0,0.010256410256410256,0.0,0.0,0.002564102564102564,4.0,0.25,0.0,0.25,1.0,100.0
solar_elevation_gt_0,D+1,2026-04,huai_an_2,390.0,0.010256410256410256,0.0,0.010256410256410256,0.0,0.0,0.002564102564102564,4.0,0.25,0.0,0.25,1.0,100.0
solar_elevation_gt_0,D+1,2026-04,huai_an_3,390.0,0.020512820512820513,0.0,0.020512820512820513,0.0,0.0,0.002564102564102564,8.0,0.125,0.0,0.125,1.0,73.375
solar_elevation_gt_0,D+1,2026-04,lianyungang_1,390.0,0.010256410256410256,0.0,0.010256410256410256,0.0,0.0,0.0,4.0,0.0,0.0,0.0,1.0,50.0
solar_elevation_gt_0,D+1,2026-04,lianyungang_2,390.0,0.005128205128205128,0.0,0.005128205128205128,0.0,0.0,0.0,2.0,0.0,0.0,0.0,1.0,100.0
solar_elevation_gt_0,D+1,2026-04,nanjing_1,390.0,0.02564102564102564,0.0,0.02564102564102564,0.0,0.0,0.005128205128205128,10.0,0.2,0.0,0.2,1.0,81.0
solar_elevation_gt_0,D+1,2026-04,nanjing_2,390.0,0.023076923076923078,0.0,0.023076923076923078,0.0,0.0,0.005128205128205128,9.0,0.2222222222222222,0.0,0.2222222222222222,1.0,87.33333333333333
solar_elevation_gt_0,D+1,2026-04,nantong_1,390.0,0.005128205128205128,0.0,0.005128205128205128,0.0,0.0,0.0,2.0,0.0,0.0,0.0,1.0,100.0
solar_elevation_gt_0,D+1,2026-04,nantong_2,390.0,0.002564102564102564,0.0,0.002564102564102564,0.0,0.0,0.0,1.0,0.0,0.0,0.0,1.0,100.0
solar_elevation_gt_0,D+1,2026-04,suqian_1,390.0,0.017948717948717947,0.0,0.017948717948717947,0.0,0.0,0.002564102564102564,7.0,0.14285714285714285,0.0,0.14285714285714285,1.0,47.714285714285715
solar_elevation_gt_0,D+1,2026-04,suzhou_1,390.0,0.005128205128205128,0.0,0.005128205128205128,0.0,0.0,0.002564102564102564,2.0,0.5,0.0,0.5,1.0,100.0
solar_elevation_gt_0,D+1,2026-04,taizhou_1,390.0,0.007692307692307693,0.0,0.007692307692307693,0.0,0.0,0.002564102564102564,3.0,0.3333333333333333,0.0,0.3333333333333333,1.0,100.0
solar_elevation_gt_0,D+1,2026-04,taizhou_2,390.0,0.007692307692307693,0.0,0.007692307692307693,0.0,0.0,0.002564102564102564,3.0,0.3333333333333333,0.0,0.3333333333333333,1.0,100.0
solar_elevation_gt_0,D+1,2026-04,wuxi_1,390.0,0.005128205128205128,0.0,0.005128205128205128,0.0,0.0,0.0,2.0,0.0,0.0,0.0,1.0,100.0
solar_elevation_gt_0,D+1,2026-04,xuzhou_1,389.0,0.02313624678663239,0.0,0.02313624678663239,0.0,0.0,0.0,9.0,0.0,0.0,0.0,0.6666666666666666,37.44444444444444
solar_elevation_gt_0,D+1,2026-04,xuzhou_2,390.0,0.020512820512820513,0.0,0.020512820512820513,0.0,0.0,0.0,8.0,0.0,0.0,0.0,0.75,37.75
solar_elevation_gt_0,D+1,2026-04,yancheng_1,390.0,0.002564102564102564,0.0,0.002564102564102564,0.0,0.0,0.0,1.0,0.0,0.0,0.0,1.0,100.0
solar_elevation_gt_0,D+1,2026-04,yancheng_2,390.0,0.002564102564102564,0.0,0.002564102564102564,0.0,0.0,0.002564102564102564,1.0,1.0,0.0,1.0,1.0,100.0
solar_elevation_gt_0,D+1,2026-04,yancheng_3,390.0,0.007692307692307693,0.0,0.007692307692307693,0.0,0.0,0.002564102564102564,3.0,0.3333333333333333,0.0,0.3333333333333333,1.0,100.0
solar_elevation_gt_0,D+1,2026-05,changzhou_1,408.0,0.012254901960784314,0.0,0.012254901960784314,0.0,0.0,0.0,5.0,0.0,0.0,0.0,0.0,27.0
solar_elevation_gt_0,D+1,2026-05,huai_an_1,420.0,0.023809523809523808,0.0,0.023809523809523808,0.0,0.0,0.0,10.0,0.0,0.0,0.0,0.0,84.7
solar_elevation_gt_0,D+1,2026-05,huai_an_2,426.0,0.03051643192488263,0.0,0.03051643192488263,0.0,0.0,0.0,13.0,0.0,0.0,0.0,0.38461538461538464,56.07692307692308
solar_elevation_gt_0,D+1,2026-05,huai_an_3,418.0,0.009569377990430622,0.0,0.009569377990430622,0.0,0.0,0.0,4.0,0.0,0.0,0.0,0.25,73.25
solar_elevation_gt_0,D+1,2026-05,lianyungang_1,430.0,0.02558139534883721,0.0,0.02558139534883721,0.0,0.0,0.0,11.0,0.0,0.0,0.0,0.18181818181818182,59.90909090909091
solar_elevation_gt_0,D+1,2026-05,lianyungang_2,431.0,0.037122969837587005,0.0,0.037122969837587005,0.0,0.0,0.0,16.0,0.0,0.0,0.0,0.5625,74.375
solar_elevation_gt_0,D+1,2026-05,nanjing_1,411.0,0.0,0.0,0.0,0.0,0.0,0.0,0.0,,,,,
solar_elevation_gt_0,D+1,2026-05,nanjing_2,406.0,0.0,0.0,0.0,0.0,0.0,0.0,0.0,,,,,
solar_elevation_gt_0,D+1,2026-05,nantong_1,420.0,0.04047619047619048,0.0,0.04047619047619048,0.0,0.0,0.0,17.0,0.0,0.0,0.0,0.5882352941176471,58.88235294117647
solar_elevation_gt_0,D+1,2026-05,nantong_2,424.0,0.04716981132075472,0.0,0.04716981132075472,0.0,0.0,0.0,20.0,0.0,0.0,0.0,0.7,57.55
solar_elevation_gt_0,D+1,2026-05,suqian_1,423.0,0.009456264775413711,0.0,0.009456264775413711,0.0,0.0,0.0,4.0,0.0,0.0,0.0,0.0,24.75
solar_elevation_gt_0,D+1,2026-05,suzhou_1,419.0,0.03818615751789976,0.0,0.03818615751789976,0.0,0.0,0.0,16.0,0.0,0.0,0.0,0.5,61.125
solar_elevation_gt_0,D+1,2026-05,taizhou_1,417.0,0.026378896882494004,0.0,0.026378896882494004,0.0,0.0,0.0,11.0,0.0,0.0,0.0,0.18181818181818182,57.54545454545455
solar_elevation_gt_0,D+1,2026-05,taizhou_2,420.0,0.04047619047619048,0.0,0.04047619047619048,0.0,0.0,0.0,17.0,0.0,0.0,0.0,0.5882352941176471,59.76470588235294
solar_elevation_gt_0,D+1,2026-05,wuxi_1,411.0,0.019464720194647202,0.0,0.019464720194647202,0.0,0.0,0.0,8.0,0.0,0.0,0.0,0.0,47.5
solar_elevation_gt_0,D+1,2026-05,xuzhou_1,430.0,0.0,0.0,0.0,0.0,0.0,0.0,0.0,,,,,
solar_elevation_gt_0,D+1,2026-05,xuzhou_2,424.0,0.0023584905660377358,0.0,0.0023584905660377358,0.0,0.0,0.0,1.0,0.0,0.0,0.0,1.0,100.0
solar_elevation_gt_0,D+1,2026-05,yancheng_1,427.0,0.03747072599531616,0.0,0.03747072599531616,0.0,0.0,0.0,16.0,0.0,0.0,0.0,0.5,64.3125
solar_elevation_gt_0,D+1,2026-05,yancheng_2,421.0,0.04275534441805225,0.0,0.04275534441805225,0.0,0.0,0.0,18.0,0.0,0.0,0.0,0.6111111111111112,57.333333333333336
solar_elevation_gt_0,D+1,2026-05,yancheng_3,421.0,0.030878859857482184,0.0,0.030878859857482184,0.0,0.0,0.0,13.0,0.0,0.0,0.0,0.3076923076923077,63.15384615384615
solar_elevation_gt_0,D+1,2026-06,changzhou_1,444.0,0.05855855855855856,0.0,0.05855855855855856,0.0,0.0,0.0,26.0,0.0,0.0,0.0,0.0,77.34615384615384
solar_elevation_gt_0,D+1,2026-06,huai_an_1,450.0,0.06666666666666667,0.0,0.06666666666666667,0.0,0.0,0.0,30.0,0.0,0.0,0.0,0.7,78.46666666666667
solar_elevation_gt_0,D+1,2026-06,huai_an_2,450.0,0.06666666666666667,0.0,0.06666666666666667,0.0,0.0,0.0,30.0,0.0,0.0,0.0,0.9333333333333333,73.93333333333334
solar_elevation_gt_0,D+1,2026-06,huai_an_3,445.0,0.056179775280898875,0.0,0.056179775280898875,0.0,0.0,0.0,25.0,0.0,0.0,0.0,0.0,75.56
solar_elevation_gt_0,D+1,2026-06,lianyungang_1,450.0,0.06666666666666667,0.0,0.06666666666666667,0.0,0.0,0.0,30.0,0.0,0.0,0.0,0.8333333333333334,63.93333333333333
solar_elevation_gt_0,D+1,2026-06,lianyungang_2,450.0,0.06666666666666667,0.0,0.06666666666666667,0.0,0.0,0.0,30.0,0.0,0.0,0.0,1.0,69.63333333333334
solar_elevation_gt_0,D+1,2026-06,nanjing_1,420.0,0.0,0.0,0.0,0.0,0.0,0.0,0.0,,,,,
solar_elevation_gt_0,D+1,2026-06,nanjing_2,426.0,0.014084507042253521,0.0,0.014084507042253521,0.0,0.0,0.0,6.0,0.0,0.0,0.0,0.0,66.66666666666667
solar_elevation_gt_0,D+1,2026-06,nantong_1,440.0,0.06818181818181818,0.0,0.06818181818181818,0.0,0.0,0.0,30.0,0.0,0.0,0.0,1.0,70.96666666666667
solar_elevation_gt_0,D+1,2026-06,nantong_2,432.0,0.04398148148148148,0.0,0.04398148148148148,0.0,0.0,0.0,19.0,0.0,0.0,0.0,1.0,79.36842105263158
solar_elevation_gt_0,D+1,2026-06,suqian_1,447.0,0.06040268456375839,0.0,0.06040268456375839,0.0,0.0,0.0,27.0,0.0,0.0,0.0,0.0,75.03703703703704
solar_elevation_gt_0,D+1,2026-06,suzhou_1,437.0,0.06864988558352403,0.0,0.06864988558352403,0.0,0.0,0.0,30.0,0.0,0.0,0.0,0.9666666666666667,73.8
solar_elevation_gt_0,D+1,2026-06,taizhou_1,450.0,0.06666666666666667,0.0,0.06666666666666667,0.0,0.0,0.0,30.0,0.0,0.0,0.0,0.7666666666666667,84.1
solar_elevation_gt_0,D+1,2026-06,taizhou_2,448.0,0.06696428571428571,0.0,0.06696428571428571,0.0,0.0,0.0,30.0,0.0,0.0,0.0,1.0,81.4
solar_elevation_gt_0,D+1,2026-06,wuxi_1,442.0,0.06561085972850679,0.0,0.06561085972850679,0.0,0.0,0.0,29.0,0.0,0.0,0.0,0.0,73.03448275862068
solar_elevation_gt_0,D+1,2026-06,xuzhou_1,420.0,0.0,0.0,0.0,0.0,0.0,0.0,0.0,,,,,
solar_elevation_gt_0,D+1,2026-06,xuzhou_2,435.0,0.034482758620689655,0.0,0.034482758620689655,0.0,0.0,0.0,15.0,0.0,0.0,0.0,0.0,79.6
solar_elevation_gt_0,D+1,2026-06,yancheng_1,450.0,0.06666666666666667,0.0,0.06666666666666667,0.0,0.0,0.0,30.0,0.0,0.0,0.0,1.0,71.0
solar_elevation_gt_0,D+1,2026-06,yancheng_2,449.0,0.066815144766147,0.0,0.066815144766147,0.0,0.0,0.0,30.0,0.0,0.0,0.0,1.0,77.7
solar_elevation_gt_0,D+1,2026-06,yancheng_3,450.0,0.06666666666666667,0.0,0.06666666666666667,0.0,0.0,0.0,30.0,0.0,0.0,0.0,0.8666666666666667,80.0
solar_elevation_gt_0,D+1,2026-07,changzhou_1,429.0,0.0,0.0,0.0,0.0,0.0,0.0,0.0,,,,,
solar_elevation_gt_0,D+1,2026-07,huai_an_1,437.0,0.009153318077803204,0.0,0.009153318077803204,0.0,0.0,0.0,4.0,0.0,0.0,0.0,0.25,79.0
solar_elevation_gt_0,D+1,2026-07,huai_an_2,441.0,0.015873015873015872,0.0,0.015873015873015872,0.0,0.0,0.0,7.0,0.0,0.0,0.0,0.0,80.71428571428571
solar_elevation_gt_0,D+1,2026-07,huai_an_3,434.0,0.0,0.0,0.0,0.0,0.0,0.0,0.0,,,,,
solar_elevation_gt_0,D+1,2026-07,lianyungang_1,439.0,0.011389521640091117,0.0,0.011389521640091117,0.0,0.0,0.0,5.0,0.0,0.0,0.0,0.0,92.0
solar_elevation_gt_0,D+1,2026-07,lianyungang_2,445.0,0.024719101123595506,0.0,0.024719101123595506,0.0,0.0,0.0,11.0,0.0,0.0,0.0,0.2727272727272727,88.9090909090909
solar_elevation_gt_0,D+1,2026-07,nanjing_1,434.0,0.004608294930875576,0.0,0.004608294930875576,0.0,0.0,0.0,2.0,0.0,0.0,0.0,1.0,100.0
solar_elevation_gt_0,D+1,2026-07,nanjing_2,433.0,0.0,0.0,0.0,0.0,0.0,0.0,0.0,,,,,
solar_elevation_gt_0,D+1,2026-07,nantong_1,431.0,0.02320185614849188,0.0,0.02320185614849188,0.0,0.0,0.0,10.0,0.0,0.0,0.0,0.2,89.6
solar_elevation_gt_0,D+1,2026-07,nantong_2,429.0,0.03496503496503497,0.0,0.03496503496503497,0.0,0.0,0.0,15.0,0.0,0.0,0.0,0.5333333333333333,88.4
solar_elevation_gt_0,D+1,2026-07,suqian_1,434.0,0.0,0.0,0.0,0.0,0.0,0.0,0.0,,,,,
solar_elevation_gt_0,D+1,2026-07,suzhou_1,427.0,0.01873536299765808,0.0,0.01873536299765808,0.0,0.0,0.0,8.0,0.0,0.0,0.0,0.0,94.5
solar_elevation_gt_0,D+1,2026-07,taizhou_1,436.0,0.009174311926605505,0.0,0.009174311926605505,0.0,0.0,0.0,4.0,0.0,0.0,0.0,0.0,77.5
solar_elevation_gt_0,D+1,2026-07,taizhou_2,439.0,0.025056947608200455,0.0,0.025056947608200455,0.0,0.0,0.0,11.0,0.0,0.0,0.0,0.18181818181818182,83.9090909090909
solar_elevation_gt_0,D+1,2026-07,wuxi_1,424.0,0.0,0.0,0.0,0.0,0.0,0.0,0.0,,,,,
solar_elevation_gt_0,D+1,2026-07,xuzhou_1,434.0,0.0,0.0,0.0,0.0,0.0,0.0,0.0,,,,,
solar_elevation_gt_0,D+1,2026-07,xuzhou_2,434.0,0.002304147465437788,0.0,0.002304147465437788,0.0,0.0,0.0,1.0,0.0,0.0,0.0,1.0,100.0
solar_elevation_gt_0,D+1,2026-07,yancheng_1,444.0,0.02252252252252252,0.0,0.02252252252252252,0.0,0.0,0.0,10.0,0.0,0.0,0.0,0.2,75.4
solar_elevation_gt_0,D+1,2026-07,yancheng_2,441.0,0.027210884353741496,0.0,0.027210884353741496,0.0,0.0,0.0,12.0,0.0,0.0,0.0,0.3333333333333333,88.75
solar_elevation_gt_0,D+1,2026-07,yancheng_3,439.0,0.01366742596810934,0.0,0.01366742596810934,0.0,0.0,0.0,6.0,0.0,0.0,0.0,0.0,85.0
solar_elevation_gt_0,D+1,2026-08,changzhou_1,403.0,0.004962779156327543,0.0,0.004962779156327543,0.0,0.0,0.0,2.0,0.0,0.0,0.0,1.0,100.0
solar_elevation_gt_0,D+1,2026-08,huai_an_1,404.0,0.009900990099009901,0.0,0.009900990099009901,0.0,0.0,0.0,4.0,0.0,0.0,0.0,1.0,100.0
solar_elevation_gt_0,D+1,2026-08,huai_an_2,406.0,0.0024630541871921183,0.0,0.0024630541871921183,0.0,0.0,0.0,1.0,0.0,0.0,0.0,1.0,100.0
solar_elevation_gt_0,D+1,2026-08,huai_an_3,408.0,0.007352941176470588,0.0,0.007352941176470588,0.0,0.0,0.0,3.0,0.0,0.0,0.0,1.0,100.0
solar_elevation_gt_0,D+1,2026-08,lianyungang_1,411.0,0.004866180048661801,0.0,0.004866180048661801,0.0,0.0,0.0,2.0,0.0,0.0,0.0,1.0,100.0
solar_elevation_gt_0,D+1,2026-08,lianyungang_2,407.0,0.0,0.0,0.0,0.0,0.0,0.0,0.0,,,,,
solar_elevation_gt_0,D+1,2026-08,nanjing_1,405.0,0.014814814814814815,0.0,0.014814814814814815,0.0,0.0,0.0,6.0,0.0,0.0,0.0,1.0,100.0
solar_elevation_gt_0,D+1,2026-08,nanjing_2,403.0,0.01240694789081886,0.0,0.01240694789081886,0.0,0.0,0.0,5.0,0.0,0.0,0.0,1.0,100.0
solar_elevation_gt_0,D+1,2026-08,nantong_1,403.0,0.0024813895781637717,0.0,0.0024813895781637717,0.0,0.0,0.0,1.0,0.0,0.0,0.0,1.0,100.0
solar_elevation_gt_0,D+1,2026-08,nantong_2,403.0,0.0024813895781637717,0.0,0.0024813895781637717,0.0,0.0,0.0,1.0,0.0,0.0,0.0,1.0,100.0
solar_elevation_gt_0,D+1,2026-08,suqian_1,411.0,0.004866180048661801,0.0,0.004866180048661801,0.0,0.0,0.0,2.0,0.0,0.0,0.0,1.0,100.0
solar_elevation_gt_0,D+1,2026-08,suzhou_1,403.0,0.0024813895781637717,0.0,0.0024813895781637717,0.0,0.0,0.0,1.0,0.0,0.0,0.0,1.0,100.0
solar_elevation_gt_0,D+1,2026-08,taizhou_1,403.0,0.004962779156327543,0.0,0.004962779156327543,0.0,0.0,0.0,2.0,0.0,0.0,0.0,1.0,100.0
solar_elevation_gt_0,D+1,2026-08,taizhou_2,403.0,0.0024813895781637717,0.0,0.0024813895781637717,0.0,0.0,0.0,1.0,0.0,0.0,0.0,1.0,100.0
solar_elevation_gt_0,D+1,2026-08,wuxi_1,403.0,0.0024813895781637717,0.0,0.0024813895781637717,0.0,0.0,0.0,1.0,0.0,0.0,0.0,1.0,100.0
solar_elevation_gt_0,D+1,2026-08,xuzhou_1,418.0,0.004784688995215311,0.0,0.004784688995215311,0.0,0.0,0.0,2.0,0.0,0.0,0.0,1.0,100.0
solar_elevation_gt_0,D+1,2026-08,xuzhou_2,415.0,0.007228915662650603,0.0,0.007228915662650603,0.0,0.0,0.0,3.0,0.0,0.0,0.0,1.0,100.0
solar_elevation_gt_0,D+1,2026-08,yancheng_1,404.0,0.0024752475247524753,0.0,0.0024752475247524753,0.0,0.0,0.0,1.0,0.0,0.0,0.0,1.0,100.0
solar_elevation_gt_0,D+1,2026-08,yancheng_2,403.0,0.0024813895781637717,0.0,0.0024813895781637717,0.0,0.0,0.0,1.0,0.0,0.0,0.0,1.0,100.0
solar_elevation_gt_0,D+1,2026-08,yancheng_3,403.0,0.0,0.0,0.0,0.0,0.0,0.0,0.0,,,,,
solar_elevation_gt_0,D+2,2024-02,changzhou_1,319.0,0.04075235109717868,0.0,0.04075235109717868,0.0,0.0,0.0,13.0,0.0,0.0,0.0,1.0,100.0
solar_elevation_gt_0,D+2,2024-02,huai_an_1,319.0,0.05329153605015674,0.0,0.05329153605015674,0.0,0.0,0.0,17.0,0.0,0.0,0.0,0.7058823529411765,71.76470588235294
solar_elevation_gt_0,D+2,2024-02,huai_an_2,318.0,0.050314465408805034,0.0,0.050314465408805034,0.0,0.0,0.0,16.0,0.0,0.0,0.0,0.6875,64.375
solar_elevation_gt_0,D+2,2024-02,huai_an_3,316.0,0.05063291139240506,0.0,0.05063291139240506,0.0,0.0,0.0,16.0,0.0,0.0,0.0,0.75,69.0625
solar_elevation_gt_0,D+2,2024-02,lianyungang_1,312.0,0.041666666666666664,0.0,0.041666666666666664,0.0,0.0,0.0,13.0,0.0,0.0,0.0,0.6923076923076923,47.07692307692308
solar_elevation_gt_0,D+2,2024-02,lianyungang_2,316.0,0.04746835443037975,0.0,0.04746835443037975,0.0,0.0,0.0,15.0,0.0,0.0,0.0,0.6666666666666666,66.0
solar_elevation_gt_0,D+2,2024-02,nanjing_1,320.0,0.0625,0.0,0.0625,0.0,0.0,0.0,20.0,0.0,0.0,0.0,0.75,76.35
solar_elevation_gt_0,D+2,2024-02,nanjing_2,319.0,0.05329153605015674,0.0,0.05329153605015674,0.0,0.0,0.0,17.0,0.0,0.0,0.0,0.8235294117647058,82.6470588235294
solar_elevation_gt_0,D+2,2024-02,nantong_1,319.0,0.012539184952978056,0.0,0.012539184952978056,0.0,0.0,0.0,4.0,0.0,0.0,0.0,1.0,100.0
solar_elevation_gt_0,D+2,2024-02,nantong_2,319.0,0.012539184952978056,0.0,0.012539184952978056,0.0,0.0,0.0,4.0,0.0,0.0,0.0,1.0,100.0
solar_elevation_gt_0,D+2,2024-02,suqian_1,314.0,0.04777070063694268,0.0,0.04777070063694268,0.0,0.0,0.0,15.0,0.0,0.0,0.0,0.7333333333333333,63.0
solar_elevation_gt_0,D+2,2024-02,suzhou_1,319.0,0.025078369905956112,0.0,0.025078369905956112,0.0,0.0,0.0,8.0,0.0,0.0,0.0,1.0,100.0
solar_elevation_gt_0,D+2,2024-02,taizhou_1,319.0,0.0438871473354232,0.0,0.0438871473354232,0.0,0.0,0.0,14.0,0.0,0.0,0.0,0.8571428571428571,82.14285714285714
solar_elevation_gt_0,D+2,2024-02,taizhou_2,319.0,0.025078369905956112,0.0,0.025078369905956112,0.0,0.0,0.0,8.0,0.0,0.0,0.0,1.0,100.0
solar_elevation_gt_0,D+2,2024-02,wuxi_1,319.0,0.0219435736677116,0.0,0.0219435736677116,0.0,0.0,0.0,7.0,0.0,0.0,0.0,1.0,100.0
solar_elevation_gt_0,D+2,2024-02,xuzhou_1,313.0,0.02875399361022364,0.0,0.02875399361022364,0.0,0.0,0.0,9.0,0.0,0.0,0.0,0.6666666666666666,86.55555555555556
solar_elevation_gt_0,D+2,2024-02,xuzhou_2,313.0,0.03194888178913738,0.0,0.03194888178913738,0.0,0.0,0.0,10.0,0.0,0.0,0.0,0.6,90.0
solar_elevation_gt_0,D+2,2024-02,yancheng_1,319.0,0.047021943573667714,0.0,0.047021943573667714,0.0,0.0,0.0,15.0,0.0,0.0,0.0,0.6666666666666666,68.33333333333333
solar_elevation_gt_0,D+2,2024-02,yancheng_2,319.0,0.02821316614420063,0.0,0.02821316614420063,0.0,0.0,0.0,9.0,0.0,0.0,0.0,1.0,100.0
solar_elevation_gt_0,D+2,2024-02,yancheng_3,319.0,0.050156739811912224,0.0,0.050156739811912224,0.0,0.0,0.0,16.0,0.0,0.0,0.0,0.8125,76.6875
solar_elevation_gt_0,D+2,2024-03,changzhou_1,377.0,0.021220159151193633,0.0,0.021220159151193633,0.0,0.0,0.0,8.0,0.0,0.0,0.0,0.625,69.625
solar_elevation_gt_0,D+2,2024-03,huai_an_1,376.0,0.02127659574468085,0.0,0.02127659574468085,0.0,0.0,0.0,8.0,0.0,0.0,0.0,0.625,75.625
solar_elevation_gt_0,D+2,2024-03,huai_an_2,376.0,0.02127659574468085,0.0,0.02127659574468085,0.0,0.0,0.0,8.0,0.0,0.0,0.0,0.625,50.625
solar_elevation_gt_0,D+2,2024-03,huai_an_3,377.0,0.015915119363395226,0.0,0.015915119363395226,0.0,0.0,0.0,6.0,0.0,0.0,0.0,0.5,83.33333333333333
solar_elevation_gt_0,D+2,2024-03,lianyungang_1,377.0,0.015915119363395226,0.0,0.015915119363395226,0.0,0.0,0.0,6.0,0.0,0.0,0.0,0.5,51.0
solar_elevation_gt_0,D+2,2024-03,lianyungang_2,375.0,0.021333333333333333,0.0,0.021333333333333333,0.0,0.0,0.0,8.0,0.0,0.0,0.0,0.75,48.125
solar_elevation_gt_0,D+2,2024-03,nanjing_1,376.0,0.015957446808510637,0.0,0.015957446808510637,0.0,0.0,0.0,6.0,0.0,0.0,0.0,0.5,68.33333333333333
solar_elevation_gt_0,D+2,2024-03,nanjing_2,378.0,0.018518518518518517,0.0,0.018518518518518517,0.0,0.0,0.0,7.0,0.0,0.0,0.0,0.5714285714285714,72.14285714285714
solar_elevation_gt_0,D+2,2024-03,nantong_1,373.0,0.021447721179624665,0.0,0.021447721179624665,0.0,0.0,0.0,8.0,0.0,0.0,0.0,0.625,63.25
solar_elevation_gt_0,D+2,2024-03,nantong_2,371.0,0.0215633423180593,0.0,0.0215633423180593,0.0,0.0,0.0,8.0,0.0,0.0,0.0,0.625,53.5
solar_elevation_gt_0,D+2,2024-03,suqian_1,376.0,0.010638297872340425,0.0,0.010638297872340425,0.0,0.0,0.0,4.0,0.0,0.0,0.0,0.25,50.0
solar_elevation_gt_0,D+2,2024-03,suzhou_1,373.0,0.021447721179624665,0.0,0.021447721179624665,0.0,0.0,0.0,8.0,0.0,0.0,0.0,0.625,71.0
solar_elevation_gt_0,D+2,2024-03,taizhou_1,376.0,0.023936170212765957,0.0,0.023936170212765957,0.0,0.0,0.0,9.0,0.0,0.0,0.0,0.6666666666666666,88.11111111111111
solar_elevation_gt_0,D+2,2024-03,taizhou_2,373.0,0.024128686327077747,0.0,0.024128686327077747,0.0,0.0,0.0,9.0,0.0,0.0,0.0,0.7777777777777778,87.44444444444444
solar_elevation_gt_0,D+2,2024-03,wuxi_1,375.0,0.021333333333333333,0.0,0.021333333333333333,0.0,0.0,0.0,8.0,0.0,0.0,0.0,0.625,87.5
solar_elevation_gt_0,D+2,2024-03,xuzhou_1,372.0,0.002688172043010753,0.0,0.002688172043010753,0.0,0.0,0.0,1.0,0.0,0.0,0.0,1.0,100.0
solar_elevation_gt_0,D+2,2024-03,xuzhou_2,373.0,0.005361930294906166,0.0,0.005361930294906166,0.0,0.0,0.0,2.0,0.0,0.0,0.0,0.5,100.0
solar_elevation_gt_0,D+2,2024-03,yancheng_1,375.0,0.021333333333333333,0.0,0.021333333333333333,0.0,0.0,0.0,8.0,0.0,0.0,0.0,0.625,54.25
solar_elevation_gt_0,D+2,2024-03,yancheng_2,374.0,0.02406417112299465,0.0,0.02406417112299465,0.0,0.0,0.0,9.0,0.0,0.0,0.0,0.6666666666666666,77.44444444444444
solar_elevation_gt_0,D+2,2024-03,yancheng_3,375.0,0.021333333333333333,0.0,0.021333333333333333,0.0,0.0,0.0,8.0,0.0,0.0,0.0,0.625,85.25
solar_elevation_gt_0,D+2,2024-04,changzhou_1,390.0,0.015384615384615385,0.0,0.015384615384615385,0.0,0.0,0.0,6.0,0.0,0.0,0.0,1.0,100.0
solar_elevation_gt_0,D+2,2024-04,huai_an_1,390.0,0.007692307692307693,0.0,0.007692307692307693,0.0,0.0,0.0,3.0,0.0,0.0,0.0,1.0,100.0
solar_elevation_gt_0,D+2,2024-04,huai_an_2,390.0,0.002564102564102564,0.0,0.002564102564102564,0.0,0.0,0.0,1.0,0.0,0.0,0.0,1.0,100.0
solar_elevation_gt_0,D+2,2024-04,huai_an_3,390.0,0.010256410256410256,0.0,0.010256410256410256,0.0,0.0,0.0,4.0,0.0,0.0,0.0,1.0,80.0
solar_elevation_gt_0,D+2,2024-04,lianyungang_1,390.0,0.007692307692307693,0.0,0.007692307692307693,0.0,0.0,0.0,3.0,0.0,0.0,0.0,1.0,100.0
solar_elevation_gt_0,D+2,2024-04,lianyungang_2,390.0,0.002564102564102564,0.0,0.002564102564102564,0.0,0.0,0.0,1.0,0.0,0.0,0.0,1.0,100.0
solar_elevation_gt_0,D+2,2024-04,nanjing_1,390.0,0.023076923076923078,0.0,0.023076923076923078,0.0,0.0,0.0,9.0,0.0,0.0,0.0,1.0,100.0
solar_elevation_gt_0,D+2,2024-04,nanjing_2,390.0,0.023076923076923078,0.0,0.023076923076923078,0.0,0.0,0.0,9.0,0.0,0.0,0.0,1.0,100.0
solar_elevation_gt_0,D+2,2024-04,nantong_1,390.0,0.010256410256410256,0.0,0.010256410256410256,0.0,0.0,0.0,4.0,0.0,0.0,0.0,1.0,100.0
solar_elevation_gt_0,D+2,2024-04,nantong_2,390.0,0.002564102564102564,0.0,0.002564102564102564,0.0,0.0,0.0,1.0,0.0,0.0,0.0,1.0,100.0
solar_elevation_gt_0,D+2,2024-04,suqian_1,390.0,0.010256410256410256,0.0,0.010256410256410256,0.0,0.0,0.0,4.0,0.0,0.0,0.0,1.0,81.0
solar_elevation_gt_0,D+2,2024-04,suzhou_1,390.0,0.015384615384615385,0.0,0.015384615384615385,0.0,0.0,0.0,6.0,0.0,0.0,0.0,1.0,100.0
solar_elevation_gt_0,D+2,2024-04,taizhou_1,390.0,0.007692307692307693,0.0,0.007692307692307693,0.0,0.0,0.0,3.0,0.0,0.0,0.0,1.0,100.0
solar_elevation_gt_0,D+2,2024-04,taizhou_2,390.0,0.002564102564102564,0.0,0.002564102564102564,0.0,0.0,0.0,1.0,0.0,0.0,0.0,1.0,100.0
solar_elevation_gt_0,D+2,2024-04,wuxi_1,390.0,0.01282051282051282,0.0,0.01282051282051282,0.0,0.0,0.0,5.0,0.0,0.0,0.0,1.0,100.0
solar_elevation_gt_0,D+2,2024-04,xuzhou_1,389.0,0.02056555269922879,0.0,0.02056555269922879,0.0,0.0,0.0,8.0,0.0,0.0,0.0,0.625,88.625
solar_elevation_gt_0,D+2,2024-04,xuzhou_2,390.0,0.015384615384615385,0.0,0.015384615384615385,0.0,0.0,0.0,6.0,0.0,0.0,0.0,0.6666666666666666,72.5
solar_elevation_gt_0,D+2,2024-04,yancheng_1,390.0,0.002564102564102564,0.0,0.002564102564102564,0.0,0.0,0.0,1.0,0.0,0.0,0.0,1.0,100.0
solar_elevation_gt_0,D+2,2024-04,yancheng_2,390.0,0.007692307692307693,0.0,0.007692307692307693,0.0,0.0,0.0,3.0,0.0,0.0,0.0,1.0,100.0
solar_elevation_gt_0,D+2,2024-04,yancheng_3,390.0,0.007692307692307693,0.0,0.007692307692307693,0.0,0.0,0.0,3.0,0.0,0.0,0.0,1.0,100.0
solar_elevation_gt_0,D+2,2024-05,changzhou_1,409.0,0.014669926650366748,0.0,0.014669926650366748,0.0,0.0,0.0,6.0,0.0,0.0,0.0,0.0,84.5
solar_elevation_gt_0,D+2,2024-05,huai_an_1,421.0,0.026128266033254157,0.0,0.026128266033254157,0.0,0.0,0.0,11.0,0.0,0.0,0.0,0.0,68.45454545454545
solar_elevation_gt_0,D+2,2024-05,huai_an_2,427.0,0.03278688524590164,0.0,0.03278688524590164,0.0,0.0,0.0,14.0,0.0,0.0,0.0,0.42857142857142855,46.857142857142854
solar_elevation_gt_0,D+2,2024-05,huai_an_3,418.0,0.007177033492822967,0.0,0.007177033492822967,0.0,0.0,0.0,3.0,0.0,0.0,0.0,0.0,70.0
solar_elevation_gt_0,D+2,2024-05,lianyungang_1,431.0,0.025522041763341066,0.0,0.025522041763341066,0.0,0.0,0.0,11.0,0.0,0.0,0.0,0.2727272727272727,64.54545454545455
solar_elevation_gt_0,D+2,2024-05,lianyungang_2,432.0,0.037037037037037035,0.0,0.037037037037037035,0.0,0.0,0.0,16.0,0.0,0.0,0.0,0.625,59.0625
solar_elevation_gt_0,D+2,2024-05,nanjing_1,411.0,0.004866180048661801,0.0,0.004866180048661801,0.0,0.0,0.0,2.0,0.0,0.0,0.0,1.0,100.0
solar_elevation_gt_0,D+2,2024-05,nanjing_2,407.0,0.0,0.0,0.0,0.0,0.0,0.0,0.0,,,,,
solar_elevation_gt_0,D+2,2024-05,nantong_1,421.0,0.04275534441805225,0.0,0.04275534441805225,0.0,0.0,0.0,18.0,0.0,0.0,0.0,0.5555555555555556,51.888888888888886
solar_elevation_gt_0,D+2,2024-05,nantong_2,425.0,0.04941176470588235,0.0,0.04941176470588235,0.0,0.0,0.0,21.0,0.0,0.0,0.0,0.7142857142857143,47.857142857142854
solar_elevation_gt_0,D+2,2024-05,suqian_1,425.0,0.011764705882352941,0.0,0.011764705882352941,0.0,0.0,0.0,5.0,0.0,0.0,0.0,0.0,69.2
solar_elevation_gt_0,D+2,2024-05,suzhou_1,419.0,0.0405727923627685,0.0,0.0405727923627685,0.0,0.0,0.0,17.0,0.0,0.0,0.0,0.5294117647058824,63.05882352941177
solar_elevation_gt_0,D+2,2024-05,taizhou_1,419.0,0.028639618138424822,0.0,0.028639618138424822,0.0,0.0,0.0,12.0,0.0,0.0,0.0,0.16666666666666666,75.0
solar_elevation_gt_0,D+2,2024-05,taizhou_2,420.0,0.04047619047619048,0.0,0.04047619047619048,0.0,0.0,0.0,17.0,0.0,0.0,0.0,0.5882352941176471,56.11764705882353
solar_elevation_gt_0,D+2,2024-05,wuxi_1,412.0,0.024271844660194174,0.0,0.024271844660194174,0.0,0.0,0.0,10.0,0.0,0.0,0.0,0.1,68.5
solar_elevation_gt_0,D+2,2024-05,xuzhou_1,430.0,0.0,0.0,0.0,0.0,0.0,0.0,0.0,,,,,
solar_elevation_gt_0,D+2,2024-05,xuzhou_2,425.0,0.0,0.0,0.0,0.0,0.0,0.0,0.0,,,,,
solar_elevation_gt_0,D+2,2024-05,yancheng_1,427.0,0.03747072599531616,0.0,0.03747072599531616,0.0,0.0,0.0,16.0,0.0,0.0,0.0,0.5625,51.5
solar_elevation_gt_0,D+2,2024-05,yancheng_2,421.0,0.04275534441805225,0.0,0.04275534441805225,0.0,0.0,0.0,18.0,0.0,0.0,0.0,0.6666666666666666,54.388888888888886
solar_elevation_gt_0,D+2,2024-05,yancheng_3,421.0,0.0332541567695962,0.0,0.0332541567695962,0.0,0.0,0.0,14.0,0.0,0.0,0.0,0.42857142857142855,68.0
solar_elevation_gt_0,D+2,2024-06,changzhou_1,445.0,0.058426966292134834,0.0,0.058426966292134834,0.0,0.0,0.0,26.0,0.0,0.0,0.0,0.0,88.03846153846153
solar_elevation_gt_0,D+2,2024-06,huai_an_1,450.0,0.06666666666666667,0.0,0.06666666666666667,0.0,0.0,0.0,30.0,0.0,0.0,0.0,0.7,86.9
solar_elevation_gt_0,D+2,2024-06,huai_an_2,450.0,0.06666666666666667,0.0,0.06666666666666667,0.0,0.0,0.0,30.0,0.0,0.0,0.0,0.9333333333333333,69.56666666666666
solar_elevation_gt_0,D+2,2024-06,huai_an_3,444.0,0.05405405405405406,0.0,0.05405405405405406,0.0,0.0,0.0,24.0,0.0,0.0,0.0,0.0,83.29166666666667
solar_elevation_gt_0,D+2,2024-06,lianyungang_1,450.0,0.06666666666666667,0.0,0.06666666666666667,0.0,0.0,0.0,30.0,0.0,0.0,0.0,0.8333333333333334,66.4
solar_elevation_gt_0,D+2,2024-06,lianyungang_2,450.0,0.06666666666666667,0.0,0.06666666666666667,0.0,0.0,0.0,30.0,0.0,0.0,0.0,1.0,71.23333333333333
solar_elevation_gt_0,D+2,2024-06,nanjing_1,420.0,0.0,0.0,0.0,0.0,0.0,0.0,0.0,,,,,
solar_elevation_gt_0,D+2,2024-06,nanjing_2,425.0,0.01411764705882353,0.0,0.01411764705882353,0.0,0.0,0.0,6.0,0.0,0.0,0.0,0.16666666666666666,86.66666666666667
solar_elevation_gt_0,D+2,2024-06,nantong_1,440.0,0.07045454545454545,0.0,0.07045454545454545,0.0,0.0,0.0,31.0,0.0,0.0,0.0,1.0,84.06451612903226
solar_elevation_gt_0,D+2,2024-06,nantong_2,432.0,0.041666666666666664,0.0,0.041666666666666664,0.0,0.0,0.0,18.0,0.0,0.0,0.0,1.0,100.0
solar_elevation_gt_0,D+2,2024-06,suqian_1,447.0,0.06040268456375839,0.0,0.06040268456375839,0.0,0.0,0.0,27.0,0.0,0.0,0.0,0.0,70.96296296296296
solar_elevation_gt_0,D+2,2024-06,suzhou_1,437.0,0.06864988558352403,0.0,0.06864988558352403,0.0,0.0,0.0,30.0,0.0,0.0,0.0,0.9666666666666667,90.16666666666667
solar_elevation_gt_0,D+2,2024-06,taizhou_1,450.0,0.06888888888888889,0.0,0.06888888888888889,0.0,0.0,0.0,31.0,0.0,0.0,0.0,0.7741935483870968,83.16129032258064
solar_elevation_gt_0,D+2,2024-06,taizhou_2,448.0,0.06696428571428571,0.0,0.06696428571428571,0.0,0.0,0.0,30.0,0.0,0.0,0.0,1.0,78.2
solar_elevation_gt_0,D+2,2024-06,wuxi_1,442.0,0.06561085972850679,0.0,0.06561085972850679,0.0,0.0,0.0,29.0,0.0,0.0,0.0,0.0,89.55172413793103
solar_elevation_gt_0,D+2,2024-06,xuzhou_1,420.0,0.0,0.0,0.0,0.0,0.0,0.0,0.0,,,,,
solar_elevation_gt_0,D+2,2024-06,xuzhou_2,435.0,0.034482758620689655,0.0,0.034482758620689655,0.0,0.0,0.0,15.0,0.0,0.0,0.0,0.0,63.46666666666667
solar_elevation_gt_0,D+2,2024-06,yancheng_1,450.0,0.06666666666666667,0.0,0.06666666666666667,0.0,0.0,0.0,30.0,0.0,0.0,0.0,1.0,70.86666666666666
solar_elevation_gt_0,D+2,2024-06,yancheng_2,450.0,0.06666666666666667,0.0,0.06666666666666667,0.0,0.0,0.0,30.0,0.0,0.0,0.0,1.0,76.4
solar_elevation_gt_0,D+2,2024-06,yancheng_3,450.0,0.06666666666666667,0.0,0.06666666666666667,0.0,0.0,0.0,30.0,0.0,0.0,0.0,0.8666666666666667,87.33333333333333
solar_elevation_gt_0,D+2,2024-07,changzhou_1,428.0,0.002336448598130841,0.0,0.002336448598130841,0.0,0.0,0.0,1.0,0.0,0.0,0.0,1.0,100.0
solar_elevation_gt_0,D+2,2024-07,huai_an_1,437.0,0.009153318077803204,0.0,0.009153318077803204,0.0,0.0,0.0,4.0,0.0,0.0,0.0,0.25,76.25
solar_elevation_gt_0,D+2,2024-07,huai_an_2,441.0,0.015873015873015872,0.0,0.015873015873015872,0.0,0.0,0.0,7.0,0.0,0.0,0.0,0.0,69.42857142857143
solar_elevation_gt_0,D+2,2024-07,huai_an_3,434.0,0.0,0.0,0.0,0.0,0.0,0.0,0.0,,,,,
solar_elevation_gt_0,D+2,2024-07,lianyungang_1,439.0,0.015945330296127564,0.0,0.015945330296127564,0.0,0.0,0.0,7.0,0.0,0.0,0.0,0.2857142857142857,72.42857142857143
solar_elevation_gt_0,D+2,2024-07,lianyungang_2,444.0,0.024774774774774775,0.0,0.024774774774774775,0.0,0.0,0.0,11.0,0.0,0.0,0.0,0.2727272727272727,82.27272727272727
solar_elevation_gt_0,D+2,2024-07,nanjing_1,434.0,0.0,0.0,0.0,0.0,0.0,0.0,0.0,,,,,
solar_elevation_gt_0,D+2,2024-07,nanjing_2,432.0,0.0,0.0,0.0,0.0,0.0,0.0,0.0,,,,,
solar_elevation_gt_0,D+2,2024-07,nantong_1,431.0,0.02320185614849188,0.0,0.02320185614849188,0.0,0.0,0.0,10.0,0.0,0.0,0.0,0.1,71.5
solar_elevation_gt_0,D+2,2024-07,nantong_2,428.0,0.035046728971962614,0.0,0.035046728971962614,0.0,0.0,0.0,15.0,0.0,0.0,0.0,0.4666666666666667,84.4
solar_elevation_gt_0,D+2,2024-07,suqian_1,434.0,0.0,0.0,0.0,0.0,0.0,0.0,0.0,,,,,
solar_elevation_gt_0,D+2,2024-07,suzhou_1,426.0,0.018779342723004695,0.0,0.018779342723004695,0.0,0.0,0.0,8.0,0.0,0.0,0.0,0.0,62.625
solar_elevation_gt_0,D+2,2024-07,taizhou_1,436.0,0.009174311926605505,0.0,0.009174311926605505,0.0,0.0,0.0,4.0,0.0,0.0,0.0,0.0,53.5
solar_elevation_gt_0,D+2,2024-07,taizhou_2,437.0,0.02288329519450801,0.0,0.02288329519450801,0.0,0.0,0.0,10.0,0.0,0.0,0.0,0.2,90.0
solar_elevation_gt_0,D+2,2024-07,wuxi_1,424.0,0.0,0.0,0.0,0.0,0.0,0.0,0.0,,,,,
solar_elevation_gt_0,D+2,2024-07,xuzhou_1,434.0,0.0,0.0,0.0,0.0,0.0,0.0,0.0,,,,,
solar_elevation_gt_0,D+2,2024-07,xuzhou_2,434.0,0.009216589861751152,0.0,0.009216589861751152,0.0,0.0,0.0,4.0,0.0,0.0,0.0,1.0,100.0
solar_elevation_gt_0,D+2,2024-07,yancheng_1,443.0,0.020316027088036117,0.0,0.020316027088036117,0.0,0.0,0.0,9.0,0.0,0.0,0.0,0.1111111111111111,79.33333333333333
solar_elevation_gt_0,D+2,2024-07,yancheng_2,440.0,0.029545454545454545,0.0,0.029545454545454545,0.0,0.0,0.0,13.0,0.0,0.0,0.0,0.38461538461538464,79.46153846153847
solar_elevation_gt_0,D+2,2024-07,yancheng_3,439.0,0.015945330296127564,0.0,0.015945330296127564,0.0,0.0,0.0,7.0,0.0,0.0,0.0,0.14285714285714285,86.42857142857143
solar_elevation_gt_0,D+2,2024-08,changzhou_1,403.0,0.004962779156327543,0.0,0.004962779156327543,0.0,0.0,0.0,2.0,0.0,0.0,0.0,1.0,100.0
solar_elevation_gt_0,D+2,2024-08,huai_an_1,403.0,0.0024813895781637717,0.0,0.0024813895781637717,0.0,0.0,0.0,1.0,0.0,0.0,0.0,1.0,100.0
solar_elevation_gt_0,D+2,2024-08,huai_an_2,405.0,0.0024691358024691358,0.0,0.0024691358024691358,0.0,0.0,0.0,1.0,0.0,0.0,0.0,1.0,100.0
solar_elevation_gt_0,D+2,2024-08,huai_an_3,407.0,0.0,0.0,0.0,0.0,0.0,0.0,0.0,,,,,
solar_elevation_gt_0,D+2,2024-08,lianyungang_1,410.0,0.0,0.0,0.0,0.0,0.0,0.0,0.0,,,,,
solar_elevation_gt_0,D+2,2024-08,lianyungang_2,407.0,0.002457002457002457,0.0,0.002457002457002457,0.0,0.0,0.0,1.0,0.0,0.0,0.0,1.0,100.0
solar_elevation_gt_0,D+2,2024-08,nanjing_1,405.0,0.0049382716049382715,0.0,0.0049382716049382715,0.0,0.0,0.0,2.0,0.0,0.0,0.0,1.0,100.0
solar_elevation_gt_0,D+2,2024-08,nanjing_2,403.0,0.007444168734491315,0.0,0.007444168734491315,0.0,0.0,0.0,3.0,0.0,0.0,0.0,1.0,100.0
solar_elevation_gt_0,D+2,2024-08,nantong_1,403.0,0.0,0.0,0.0,0.0,0.0,0.0,0.0,,,,,
solar_elevation_gt_0,D+2,2024-08,nantong_2,403.0,0.0,0.0,0.0,0.0,0.0,0.0,0.0,,,,,
solar_elevation_gt_0,D+2,2024-08,suqian_1,410.0,0.0024390243902439024,0.0,0.0024390243902439024,0.0,0.0,0.0,1.0,0.0,0.0,0.0,1.0,100.0
solar_elevation_gt_0,D+2,2024-08,suzhou_1,403.0,0.0,0.0,0.0,0.0,0.0,0.0,0.0,,,,,
solar_elevation_gt_0,D+2,2024-08,taizhou_1,403.0,0.0,0.0,0.0,0.0,0.0,0.0,0.0,,,,,
solar_elevation_gt_0,D+2,2024-08,taizhou_2,403.0,0.0024813895781637717,0.0,0.0024813895781637717,0.0,0.0,0.0,1.0,0.0,0.0,0.0,1.0,100.0
solar_elevation_gt_0,D+2,2024-08,wuxi_1,403.0,0.0024813895781637717,0.0,0.0024813895781637717,0.0,0.0,0.0,1.0,0.0,0.0,0.0,1.0,100.0
solar_elevation_gt_0,D+2,2024-08,xuzhou_1,418.0,0.0023923444976076554,0.0,0.0023923444976076554,0.0,0.0,0.0,1.0,0.0,0.0,0.0,1.0,100.0
solar_elevation_gt_0,D+2,2024-08,xuzhou_2,414.0,0.0024154589371980675,0.0,0.0024154589371980675,0.0,0.0,0.0,1.0,0.0,0.0,0.0,1.0,100.0
solar_elevation_gt_0,D+2,2024-08,yancheng_1,404.0,0.0024752475247524753,0.0,0.0024752475247524753,0.0,0.0,0.0,1.0,0.0,0.0,0.0,1.0,100.0
solar_elevation_gt_0,D+2,2024-08,yancheng_2,403.0,0.0,0.0,0.0,0.0,0.0,0.0,0.0,,,,,
solar_elevation_gt_0,D+2,2024-08,yancheng_3,403.0,0.0024813895781637717,0.0,0.0024813895781637717,0.0,0.0,0.0,1.0,0.0,0.0,0.0,1.0,100.0
solar_elevation_gt_0,D+2,2024-09,changzhou_1,379.0,0.0395778364116095,0.0,0.0395778364116095,0.0,0.0,0.0,15.0,0.0,0.0,0.0,1.0,75.0
solar_elevation_gt_0,D+2,2024-09,huai_an_1,380.0,0.039473684210526314,0.0,0.039473684210526314,0.0,0.0,0.0,15.0,0.0,0.0,0.0,0.8,71.53333333333333
solar_elevation_gt_0,D+2,2024-09,huai_an_2,380.0,0.03684210526315789,0.0,0.03684210526315789,0.0,0.0,0.0,14.0,0.0,0.0,0.0,0.7857142857142857,66.21428571428571
solar_elevation_gt_0,D+2,2024-09,huai_an_3,380.0,0.04736842105263158,0.0,0.04736842105263158,0.0,0.0,0.0,18.0,0.0,0.0,0.0,0.6666666666666666,66.61111111111111
solar_elevation_gt_0,D+2,2024-09,lianyungang_1,379.0,0.047493403693931395,0.0,0.047493403693931395,0.0,0.0,0.0,18.0,0.0,0.0,0.0,0.7222222222222222,55.666666666666664
solar_elevation_gt_0,D+2,2024-09,lianyungang_2,380.0,0.04736842105263158,0.0,0.04736842105263158,0.0,0.0,0.0,18.0,0.0,0.0,0.0,0.8333333333333334,60.888888888888886
solar_elevation_gt_0,D+2,2024-09,nanjing_1,380.0,0.04736842105263158,0.0,0.04736842105263158,0.0,0.0,0.0,18.0,0.0,0.0,0.0,0.6666666666666666,52.666666666666664
solar_elevation_gt_0,D+2,2024-09,nanjing_2,381.0,0.04199475065616798,0.0,0.04199475065616798,0.0,0.0,0.0,16.0,0.0,0.0,0.0,0.6875,70.25
solar_elevation_gt_0,D+2,2024-09,nantong_1,375.0,0.013333333333333334,0.0,0.013333333333333334,0.0,0.0,0.0,5.0,0.0,0.0,0.0,1.0,92.0
solar_elevation_gt_0,D+2,2024-09,nantong_2,373.0,0.010723860589812333,0.0,0.010723860589812333,0.0,0.0,0.0,4.0,0.0,0.0,0.0,1.0,100.0
solar_elevation_gt_0,D+2,2024-09,suqian_1,379.0,0.047493403693931395,0.0,0.047493403693931395,0.0,0.0,0.0,18.0,0.0,0.0,0.0,0.6666666666666666,61.22222222222222
solar_elevation_gt_0,D+2,2024-09,suzhou_1,375.0,0.018666666666666668,0.0,0.018666666666666668,0.0,0.0,0.0,7.0,0.0,0.0,0.0,1.0,88.42857142857143
solar_elevation_gt_0,D+2,2024-09,taizhou_1,379.0,0.029023746701846966,0.0,0.029023746701846966,0.0,0.0,0.0,11.0,0.0,0.0,0.0,0.9090909090909091,76.45454545454545
solar_elevation_gt_0,D+2,2024-09,taizhou_2,376.0,0.026595744680851064,0.0,0.026595744680851064,0.0,0.0,0.0,10.0,0.0,0.0,0.0,1.0,91.1
solar_elevation_gt_0,D+2,2024-09,wuxi_1,377.0,0.029177718832891247,0.0,0.029177718832891247,0.0,0.0,0.0,11.0,0.0,0.0,0.0,1.0,74.18181818181819
solar_elevation_gt_0,D+2,2024-09,xuzhou_1,374.0,0.0374331550802139,0.0,0.0374331550802139,0.0,0.0,0.0,14.0,0.0,0.0,0.0,0.6428571428571429,52.214285714285715
solar_elevation_gt_0,D+2,2024-09,xuzhou_2,377.0,0.042440318302387266,0.0,0.042440318302387266,0.0,0.0,0.0,16.0,0.0,0.0,0.0,0.625,58.1875
solar_elevation_gt_0,D+2,2024-09,yancheng_1,379.0,0.036939313984168866,0.0,0.036939313984168866,0.0,0.0,0.0,14.0,0.0,0.0,0.0,0.9285714285714286,72.14285714285714
solar_elevation_gt_0,D+2,2024-09,yancheng_2,376.0,0.023936170212765957,0.0,0.023936170212765957,0.0,0.0,0.0,9.0,0.0,0.0,0.0,1.0,98.66666666666667
solar_elevation_gt_0,D+2,2024-09,yancheng_3,379.0,0.0316622691292876,0.0,0.0316622691292876,0.0,0.0,0.0,12.0,0.0,0.0,0.0,0.9166666666666666,66.75
solar_elevation_gt_0,D+2,2024-10,changzhou_1,347.0,0.01729106628242075,0.0,0.01729106628242075,0.0,0.0,0.0,6.0,0.0,0.0,0.0,0.0,83.33333333333333
solar_elevation_gt_0,D+2,2024-10,huai_an_1,344.0,0.00872093023255814,0.0,0.00872093023255814,0.0,0.0,0.0,3.0,0.0,0.0,0.0,0.0,33.333333333333336
solar_elevation_gt_0,D+2,2024-10,huai_an_2,343.0,0.008746355685131196,0.0,0.008746355685131196,0.0,0.0,0.0,3.0,0.0,0.0,0.0,0.3333333333333333,66.66666666666667
solar_elevation_gt_0,D+2,2024-10,huai_an_3,341.0,0.0,0.0,0.0,0.0,0.0,0.0,0.0,,,,,
solar_elevation_gt_0,D+2,2024-10,lianyungang_1,341.0,0.0,0.0,0.0,0.0,0.0,0.0,0.0,,,,,
solar_elevation_gt_0,D+2,2024-10,lianyungang_2,343.0,0.0058309037900874635,0.0,0.0058309037900874635,0.0,0.0,0.0,2.0,0.0,0.0,0.0,0.0,50.0
solar_elevation_gt_0,D+2,2024-10,nanjing_1,341.0,0.005865102639296188,0.0,0.005865102639296188,0.0,0.0,0.0,2.0,0.0,0.0,0.0,1.0,100.0
solar_elevation_gt_0,D+2,2024-10,nanjing_2,342.0,0.0029239766081871343,0.0,0.0029239766081871343,0.0,0.0,0.0,1.0,0.0,0.0,0.0,0.0,19.0
solar_elevation_gt_0,D+2,2024-10,nantong_1,354.0,0.03672316384180791,0.0,0.03672316384180791,0.0,0.0,0.0,13.0,0.0,0.0,0.0,0.5384615384615384,85.15384615384616
solar_elevation_gt_0,D+2,2024-10,nantong_2,358.0,0.04189944134078212,0.0,0.04189944134078212,0.0,0.0,0.0,15.0,0.0,0.0,0.0,0.6,93.0
solar_elevation_gt_0,D+2,2024-10,suqian_1,341.0,0.0,0.0,0.0,0.0,0.0,0.0,0.0,,,,,
solar_elevation_gt_0,D+2,2024-10,suzhou_1,354.0,0.03672316384180791,0.0,0.03672316384180791,0.0,0.0,0.0,13.0,0.0,0.0,0.0,0.6153846153846154,84.07692307692308
solar_elevation_gt_0,D+2,2024-10,taizhou_1,346.0,0.014450867052023121,0.0,0.014450867052023121,0.0,0.0,0.0,5.0,0.0,0.0,0.0,0.0,60.0
solar_elevation_gt_0,D+2,2024-10,taizhou_2,350.0,0.025714285714285714,0.0,0.025714285714285714,0.0,0.0,0.0,9.0,0.0,0.0,0.0,0.4444444444444444,68.33333333333333
solar_elevation_gt_0,D+2,2024-10,wuxi_1,350.0,0.025714285714285714,0.0,0.025714285714285714,0.0,0.0,0.0,9.0,0.0,0.0,0.0,0.3333333333333333,88.88888888888889
solar_elevation_gt_0,D+2,2024-10,xuzhou_1,341.0,0.0,0.0,0.0,0.0,0.0,0.0,0.0,,,,,
solar_elevation_gt_0,D+2,2024-10,xuzhou_2,341.0,0.0,0.0,0.0,0.0,0.0,0.0,0.0,,,,,
solar_elevation_gt_0,D+2,2024-10,yancheng_1,345.0,0.011594202898550725,0.0,0.011594202898550725,0.0,0.0,0.0,4.0,0.0,0.0,0.0,0.0,50.0
solar_elevation_gt_0,D+2,2024-10,yancheng_2,350.0,0.025714285714285714,0.0,0.025714285714285714,0.0,0.0,0.0,9.0,0.0,0.0,0.0,0.4444444444444444,77.88888888888889
solar_elevation_gt_0,D+2,2024-10,yancheng_3,346.0,0.014450867052023121,0.0,0.014450867052023121,0.0,0.0,0.0,5.0,0.0,0.0,0.0,0.0,60.0
solar_elevation_gt_0,D+2,2024-11,changzhou_1,316.0,0.0031645569620253164,0.0,0.0031645569620253164,0.0,0.0,0.0,1.0,0.0,0.0,0.0,1.0,100.0
solar_elevation_gt_0,D+2,2024-11,huai_an_1,313.0,0.009584664536741214,0.0,0.009584664536741214,0.0,0.0,0.0,3.0,0.0,0.0,0.0,1.0,100.0
solar_elevation_gt_0,D+2,2024-11,huai_an_2,311.0,0.012861736334405145,0.0,0.012861736334405145,0.0,0.0,0.0,4.0,0.0,0.0,0.0,1.0,75.0
solar_elevation_gt_0,D+2,2024-11,huai_an_3,319.0,0.0219435736677116,0.0,0.0219435736677116,0.0,0.0,0.0,7.0,0.0,0.0,0.0,1.0,71.42857142857143
solar_elevation_gt_0,D+2,2024-11,lianyungang_1,313.0,0.025559105431309903,0.0,0.025559105431309903,0.0,0.0,0.0,8.0,0.0,0.0,0.0,0.875,37.5
solar_elevation_gt_0,D+2,2024-11,lianyungang_2,308.0,0.01948051948051948,0.0,0.01948051948051948,0.0,0.0,0.0,6.0,0.0,0.0,0.0,1.0,50.0
solar_elevation_gt_0,D+2,2024-11,nanjing_1,328.0,0.018292682926829267,0.0,0.018292682926829267,0.0,0.0,0.0,6.0,0.0,0.0,0.0,1.0,100.0
solar_elevation_gt_0,D+2,2024-11,nanjing_2,324.0,0.006172839506172839,0.0,0.006172839506172839,0.0,0.0,0.0,2.0,0.0,0.0,0.0,1.0,100.0
solar_elevation_gt_0,D+2,2024-11,nantong_1,306.0,0.0032679738562091504,0.0,0.0032679738562091504,0.0,0.0,0.0,1.0,0.0,0.0,0.0,1.0,100.0
solar_elevation_gt_0,D+2,2024-11,nantong_2,303.0,0.0033003300330033004,0.0,0.0033003300330033004,0.0,0.0,0.0,1.0,0.0,0.0,0.0,1.0,100.0
solar_elevation_gt_0,D+2,2024-11,suqian_1,319.0,0.03761755485893417,0.0,0.03761755485893417,0.0,0.0,0.0,12.0,0.0,0.0,0.0,1.0,58.75
solar_elevation_gt_0,D+2,2024-11,suzhou_1,307.0,0.003257328990228013,0.0,0.003257328990228013,0.0,0.0,0.0,1.0,0.0,0.0,0.0,1.0,100.0
solar_elevation_gt_0,D+2,2024-11,taizhou_1,312.0,0.009615384615384616,0.0,0.009615384615384616,0.0,0.0,0.0,3.0,0.0,0.0,0.0,1.0,100.0
solar_elevation_gt_0,D+2,2024-11,taizhou_2,307.0,0.003257328990228013,0.0,0.003257328990228013,0.0,0.0,0.0,1.0,0.0,0.0,0.0,1.0,100.0
solar_elevation_gt_0,D+2,2024-11,wuxi_1,314.0,0.0,0.0,0.0,0.0,0.0,0.0,0.0,,,,,
solar_elevation_gt_0,D+2,2024-11,xuzhou_1,325.0,0.04923076923076923,0.0,0.04923076923076923,0.0,0.0,0.0,16.0,0.0,0.0,0.0,0.75,75.5
solar_elevation_gt_0,D+2,2024-11,xuzhou_2,325.0,0.04923076923076923,0.0,0.04923076923076923,0.0,0.0,0.0,16.0,0.0,0.0,0.0,0.6875,49.0625
solar_elevation_gt_0,D+2,2024-11,yancheng_1,309.0,0.006472491909385114,0.0,0.006472491909385114,0.0,0.0,0.0,2.0,0.0,0.0,0.0,1.0,100.0
solar_elevation_gt_0,D+2,2024-11,yancheng_2,306.0,0.0032679738562091504,0.0,0.0032679738562091504,0.0,0.0,0.0,1.0,0.0,0.0,0.0,1.0,100.0
solar_elevation_gt_0,D+2,2024-11,yancheng_3,311.0,0.012861736334405145,0.0,0.012861736334405145,0.0,0.0,0.0,4.0,0.0,0.0,0.0,1.0,100.0
solar_elevation_gt_0,D+2,2024-12,changzhou_1,316.0,0.060126582278481014,0.0,0.060126582278481014,0.0,0.0,0.0,19.0,0.0,0.0,0.0,0.5789473684210527,44.31578947368421
solar_elevation_gt_0,D+2,2024-12,huai_an_1,300.0,0.043333333333333335,0.0,0.043333333333333335,0.0,0.0,0.0,13.0,0.0,0.0,0.0,0.5384615384615384,63.15384615384615
solar_elevation_gt_0,D+2,2024-12,huai_an_2,293.0,0.03754266211604096,0.0,0.03754266211604096,0.0,0.0,0.0,11.0,0.0,0.0,0.0,0.5454545454545454,73.27272727272727
solar_elevation_gt_0,D+2,2024-12,huai_an_3,301.0,0.029900332225913623,0.0,0.029900332225913623,0.0,0.0,0.0,9.0,0.0,0.0,0.0,0.4444444444444444,75.11111111111111
solar_elevation_gt_0,D+2,2024-12,lianyungang_1,288.0,0.013888888888888888,0.0,0.013888888888888888,0.0,0.0,0.0,4.0,0.0,0.0,0.0,0.0,74.75
solar_elevation_gt_0,D+2,2024-12,lianyungang_2,287.0,0.027874564459930314,0.0,0.027874564459930314,0.0,0.0,0.0,8.0,0.0,0.0,0.0,0.375,66.625
solar_elevation_gt_0,D+2,2024-12,nanjing_1,316.0,0.04430379746835443,0.0,0.04430379746835443,0.0,0.0,0.0,14.0,0.0,0.0,0.0,0.5714285714285714,53.214285714285715
solar_elevation_gt_0,D+2,2024-12,nanjing_2,318.0,0.05345911949685535,0.0,0.05345911949685535,0.0,0.0,0.0,17.0,0.0,0.0,0.0,0.5882352941176471,51.88235294117647
solar_elevation_gt_0,D+2,2024-12,nantong_1,311.0,0.06430868167202572,0.0,0.06430868167202572,0.0,0.0,0.0,20.0,0.0,0.0,0.0,0.7,38.6
solar_elevation_gt_0,D+2,2024-12,nantong_2,310.0,0.05161290322580645,0.0,0.05161290322580645,0.0,0.0,0.0,16.0,0.0,0.0,0.0,1.0,46.6875
solar_elevation_gt_0,D+2,2024-12,suqian_1,296.0,0.016891891891891893,0.0,0.016891891891891893,0.0,0.0,0.0,5.0,0.0,0.0,0.0,0.0,80.0
solar_elevation_gt_0,D+2,2024-12,suzhou_1,313.0,0.05750798722044728,0.0,0.05750798722044728,0.0,0.0,0.0,18.0,0.0,0.0,0.0,0.8888888888888888,45.833333333333336
solar_elevation_gt_0,D+2,2024-12,taizhou_1,303.0,0.052805280528052806,0.0,0.052805280528052806,0.0,0.0,0.0,16.0,0.0,0.0,0.0,0.5625,56.125
solar_elevation_gt_0,D+2,2024-12,taizhou_2,306.0,0.06209150326797386,0.0,0.06209150326797386,0.0,0.0,0.0,19.0,0.0,0.0,0.0,0.5263157894736842,42.21052631578947
solar_elevation_gt_0,D+2,2024-12,wuxi_1,320.0,0.071875,0.0,0.071875,0.0,0.0,0.0,23.0,0.0,0.0,0.0,0.6086956521739131,35.34782608695652
solar_elevation_gt_0,D+2,2024-12,xuzhou_1,310.0,0.0,0.0,0.0,0.0,0.0,0.0,0.0,,,,,
solar_elevation_gt_0,D+2,2024-12,xuzhou_2,297.0,0.0,0.0,0.0,0.0,0.0,0.0,0.0,,,,,
solar_elevation_gt_0,D+2,2024-12,yancheng_1,293.0,0.04436860068259386,0.0,0.04436860068259386,0.0,0.0,0.0,13.0,0.0,0.0,0.0,0.5384615384615384,77.46153846153847
solar_elevation_gt_0,D+2,2024-12,yancheng_2,302.0,0.052980132450331126,0.0,0.052980132450331126,0.0,0.0,0.0,16.0,0.0,0.0,0.0,0.5,39.625
solar_elevation_gt_0,D+2,2024-12,yancheng_3,301.0,0.04983388704318937,0.0,0.04983388704318937,0.0,0.0,0.0,15.0,0.0,0.0,0.0,0.5333333333333333,57.53333333333333
solar_elevation_gt_0,D+2,2025-01,changzhou_1,320.0,0.03125,0.0,0.03125,0.0,0.0,0.0,10.0,0.0,0.0,0.0,0.2,48.9
solar_elevation_gt_0,D+2,2025-01,huai_an_1,312.0,0.00641025641025641,0.0,0.00641025641025641,0.0,0.0,0.0,2.0,0.0,0.0,0.0,0.0,100.0
solar_elevation_gt_0,D+2,2025-01,huai_an_2,310.0,0.0,0.0,0.0,0.0,0.0,0.0,0.0,,,,,
solar_elevation_gt_0,D+2,2025-01,huai_an_3,310.0,0.0,0.0,0.0,0.0,0.0,0.0,0.0,,,,,
solar_elevation_gt_0,D+2,2025-01,lianyungang_1,310.0,0.0,0.0,0.0,0.0,0.0,0.0,0.0,,,,,
solar_elevation_gt_0,D+2,2025-01,lianyungang_2,310.0,0.0,0.0,0.0,0.0,0.0,0.0,0.0,,,,,
solar_elevation_gt_0,D+2,2025-01,nanjing_1,310.0,0.0,0.0,0.0,0.0,0.0,0.0,0.0,,,,,
solar_elevation_gt_0,D+2,2025-01,nanjing_2,314.0,0.012738853503184714,0.0,0.012738853503184714,0.0,0.0,0.0,4.0,0.0,0.0,0.0,0.0,52.0
solar_elevation_gt_0,D+2,2025-01,nantong_1,341.0,0.09090909090909091,0.0,0.09090909090909091,0.0,0.0,0.0,31.0,0.0,0.0,0.0,0.3548387096774194,49.61290322580645
solar_elevation_gt_0,D+2,2025-01,nantong_2,338.0,0.07692307692307693,0.0,0.07692307692307693,0.0,0.0,0.0,26.0,0.0,0.0,0.0,1.0,53.42307692307692
solar_elevation_gt_0,D+2,2025-01,suqian_1,310.0,0.0,0.0,0.0,0.0,0.0,0.0,0.0,,,,,
solar_elevation_gt_0,D+2,2025-01,suzhou_1,341.0,0.08797653958944282,0.0,0.08797653958944282,0.0,0.0,0.0,30.0,0.0,0.0,0.0,0.43333333333333335,53.03333333333333
solar_elevation_gt_0,D+2,2025-01,taizhou_1,315.0,0.015873015873015872,0.0,0.015873015873015872,0.0,0.0,0.0,5.0,0.0,0.0,0.0,0.0,60.0
solar_elevation_gt_0,D+2,2025-01,taizhou_2,322.0,0.037267080745341616,0.0,0.037267080745341616,0.0,0.0,0.0,12.0,0.0,0.0,0.0,0.3333333333333333,62.916666666666664
solar_elevation_gt_0,D+2,2025-01,wuxi_1,341.0,0.09090909090909091,0.0,0.09090909090909091,0.0,0.0,0.0,31.0,0.0,0.0,0.0,0.22580645161290322,50.41935483870968
solar_elevation_gt_0,D+2,2025-01,xuzhou_1,310.0,0.0,0.0,0.0,0.0,0.0,0.0,0.0,,,,,
solar_elevation_gt_0,D+2,2025-01,xuzhou_2,310.0,0.0,0.0,0.0,0.0,0.0,0.0,0.0,,,,,
solar_elevation_gt_0,D+2,2025-01,yancheng_1,312.0,0.00641025641025641,0.0,0.00641025641025641,0.0,0.0,0.0,2.0,0.0,0.0,0.0,0.0,100.0
solar_elevation_gt_0,D+2,2025-01,yancheng_2,320.0,0.03125,0.0,0.03125,0.0,0.0,0.0,10.0,0.0,0.0,0.0,0.3,70.0
solar_elevation_gt_0,D+2,2025-01,yancheng_3,314.0,0.012738853503184714,0.0,0.012738853503184714,0.0,0.0,0.0,4.0,0.0,0.0,0.0,0.0,75.0
solar_elevation_gt_0,D+2,2025-02,changzhou_1,308.0,0.03571428571428571,0.0,0.03571428571428571,0.0,0.0,0.0,11.0,0.0,0.0,0.0,1.0,64.9090909090909
solar_elevation_gt_0,D+2,2025-02,huai_an_1,308.0,0.03896103896103896,0.0,0.03896103896103896,0.0,0.0,0.0,12.0,0.0,0.0,0.0,0.6666666666666666,74.83333333333333
solar_elevation_gt_0,D+2,2025-02,huai_an_2,308.0,0.04220779220779221,0.0,0.04220779220779221,0.0,0.0,0.0,13.0,0.0,0.0,0.0,0.6153846153846154,64.53846153846153
solar_elevation_gt_0,D+2,2025-02,huai_an_3,306.0,0.03594771241830065,0.0,0.03594771241830065,0.0,0.0,0.0,11.0,0.0,0.0,0.0,0.5454545454545454,62.45454545454545
solar_elevation_gt_0,D+2,2025-02,lianyungang_1,302.0,0.03642384105960265,0.0,0.03642384105960265,0.0,0.0,0.0,11.0,0.0,0.0,0.0,0.6363636363636364,57.90909090909091
solar_elevation_gt_0,D+2,2025-02,lianyungang_2,306.0,0.0392156862745098,0.0,0.0392156862745098,0.0,0.0,0.0,12.0,0.0,0.0,0.0,0.5833333333333334,40.0
solar_elevation_gt_0,D+2,2025-02,nanjing_1,310.0,0.04516129032258064,0.0,0.04516129032258064,0.0,0.0,0.0,14.0,0.0,0.0,0.0,0.5714285714285714,50.857142857142854
solar_elevation_gt_0,D+2,2025-02,nanjing_2,308.0,0.045454545454545456,0.0,0.045454545454545456,0.0,0.0,0.0,14.0,0.0,0.0,0.0,0.8571428571428571,51.214285714285715
solar_elevation_gt_0,D+2,2025-02,nantong_1,308.0,0.00974025974025974,0.0,0.00974025974025974,0.0,0.0,0.0,3.0,0.0,0.0,0.0,1.0,100.0
solar_elevation_gt_0,D+2,2025-02,nantong_2,308.0,0.003246753246753247,0.0,0.003246753246753247,0.0,0.0,0.0,1.0,0.0,0.0,0.0,1.0,100.0
solar_elevation_gt_0,D+2,2025-02,suqian_1,304.0,0.03618421052631579,0.0,0.03618421052631579,0.0,0.0,0.0,11.0,0.0,0.0,0.0,0.6363636363636364,72.63636363636364
solar_elevation_gt_0,D+2,2025-02,suzhou_1,308.0,0.00974025974025974,0.0,0.00974025974025974,0.0,0.0,0.0,3.0,0.0,0.0,0.0,1.0,100.0
solar_elevation_gt_0,D+2,2025-02,taizhou_1,308.0,0.032467532467532464,0.0,0.032467532467532464,0.0,0.0,0.0,10.0,0.0,0.0,0.0,0.9,52.4
solar_elevation_gt_0,D+2,2025-02,taizhou_2,308.0,0.022727272727272728,0.0,0.022727272727272728,0.0,0.0,0.0,7.0,0.0,0.0,0.0,1.0,86.71428571428571
solar_elevation_gt_0,D+2,2025-02,wuxi_1,308.0,0.016233766233766232,0.0,0.016233766233766232,0.0,0.0,0.0,5.0,0.0,0.0,0.0,1.0,76.8
solar_elevation_gt_0,D+2,2025-02,xuzhou_1,302.0,0.03642384105960265,0.0,0.03642384105960265,0.0,0.0,0.0,11.0,0.0,0.0,0.0,0.6363636363636364,81.0
solar_elevation_gt_0,D+2,2025-02,xuzhou_2,303.0,0.039603960396039604,0.0,0.039603960396039604,0.0,0.0,0.0,12.0,0.0,0.0,0.0,0.6666666666666666,69.75
solar_elevation_gt_0,D+2,2025-02,yancheng_1,308.0,0.03571428571428571,0.0,0.03571428571428571,0.0,0.0,0.0,11.0,0.0,0.0,0.0,0.6363636363636364,65.45454545454545
solar_elevation_gt_0,D+2,2025-02,yancheng_2,308.0,0.022727272727272728,0.0,0.022727272727272728,0.0,0.0,0.0,7.0,0.0,0.0,0.0,1.0,100.0
solar_elevation_gt_0,D+2,2025-02,yancheng_3,308.0,0.032467532467532464,0.0,0.032467532467532464,0.0,0.0,0.0,10.0,0.0,0.0,0.0,0.8,77.1
solar_elevation_gt_0,D+2,2025-03,changzhou_1,376.0,0.023936170212765957,0.0,0.023936170212765957,0.0,0.0,0.0,9.0,0.0,0.0,0.0,0.6666666666666666,88.88888888888889
solar_elevation_gt_0,D+2,2025-03,huai_an_1,376.0,0.023936170212765957,0.0,0.023936170212765957,0.0,0.0,0.0,9.0,0.0,0.0,0.0,0.6666666666666666,68.0
solar_elevation_gt_0,D+2,2025-03,huai_an_2,375.0,0.024,0.0,0.024,0.0,0.0,0.0,9.0,0.0,0.0,0.0,0.6666666666666666,66.66666666666667
solar_elevation_gt_0,D+2,2025-03,huai_an_3,376.0,0.015957446808510637,0.0,0.015957446808510637,0.0,0.0,0.0,6.0,0.0,0.0,0.0,0.5,83.33333333333333
solar_elevation_gt_0,D+2,2025-03,lianyungang_1,376.0,0.015957446808510637,0.0,0.015957446808510637,0.0,0.0,0.0,6.0,0.0,0.0,0.0,0.5,67.83333333333333
solar_elevation_gt_0,D+2,2025-03,lianyungang_2,375.0,0.018666666666666668,0.0,0.018666666666666668,0.0,0.0,0.0,7.0,0.0,0.0,0.0,0.5714285714285714,46.0
solar_elevation_gt_0,D+2,2025-03,nanjing_1,376.0,0.015957446808510637,0.0,0.015957446808510637,0.0,0.0,0.0,6.0,0.0,0.0,0.0,0.5,83.33333333333333
solar_elevation_gt_0,D+2,2025-03,nanjing_2,377.0,0.015915119363395226,0.0,0.015915119363395226,0.0,0.0,0.0,6.0,0.0,0.0,0.0,0.5,100.0
solar_elevation_gt_0,D+2,2025-03,nantong_1,373.0,0.024128686327077747,0.0,0.024128686327077747,0.0,0.0,0.0,9.0,0.0,0.0,0.0,0.6666666666666666,47.0
solar_elevation_gt_0,D+2,2025-03,nantong_2,371.0,0.026954177897574125,0.0,0.026954177897574125,0.0,0.0,0.0,10.0,0.0,0.0,0.0,0.7,31.9
solar_elevation_gt_0,D+2,2025-03,suqian_1,375.0,0.010666666666666666,0.0,0.010666666666666666,0.0,0.0,0.0,4.0,0.0,0.0,0.0,0.5,53.0
solar_elevation_gt_0,D+2,2025-03,suzhou_1,373.0,0.024128686327077747,0.0,0.024128686327077747,0.0,0.0,0.0,9.0,0.0,0.0,0.0,0.6666666666666666,51.22222222222222
solar_elevation_gt_0,D+2,2025-03,taizhou_1,375.0,0.024,0.0,0.024,0.0,0.0,0.0,9.0,0.0,0.0,0.0,0.6666666666666666,57.333333333333336
solar_elevation_gt_0,D+2,2025-03,taizhou_2,373.0,0.021447721179624665,0.0,0.021447721179624665,0.0,0.0,0.0,8.0,0.0,0.0,0.0,0.625,62.5
solar_elevation_gt_0,D+2,2025-03,wuxi_1,375.0,0.021333333333333333,0.0,0.021333333333333333,0.0,0.0,0.0,8.0,0.0,0.0,0.0,0.625,75.0
solar_elevation_gt_0,D+2,2025-03,xuzhou_1,372.0,0.005376344086021506,0.0,0.005376344086021506,0.0,0.0,0.0,2.0,0.0,0.0,0.0,1.0,100.0
solar_elevation_gt_0,D+2,2025-03,xuzhou_2,373.0,0.005361930294906166,0.0,0.005361930294906166,0.0,0.0,0.0,2.0,0.0,0.0,0.0,0.5,50.0
solar_elevation_gt_0,D+2,2025-03,yancheng_1,375.0,0.02666666666666667,0.0,0.02666666666666667,0.0,0.0,0.0,10.0,0.0,0.0,0.0,0.7,60.0
solar_elevation_gt_0,D+2,2025-03,yancheng_2,373.0,0.021447721179624665,0.0,0.021447721179624665,0.0,0.0,0.0,8.0,0.0,0.0,0.0,0.625,51.875
solar_elevation_gt_0,D+2,2025-03,yancheng_3,375.0,0.02666666666666667,0.0,0.02666666666666667,0.0,0.0,0.0,10.0,0.0,0.0,0.0,0.7,61.1
solar_elevation_gt_0,D+2,2025-04,changzhou_1,390.0,0.002564102564102564,0.0,0.002564102564102564,0.0,0.0,0.0,1.0,0.0,0.0,0.0,1.0,100.0
solar_elevation_gt_0,D+2,2025-04,huai_an_1,390.0,0.002564102564102564,0.0,0.002564102564102564,0.0,0.0,0.0,1.0,0.0,0.0,0.0,1.0,0.0
solar_elevation_gt_0,D+2,2025-04,huai_an_2,390.0,0.007692307692307693,0.0,0.007692307692307693,0.0,0.0,0.0,3.0,0.0,0.0,0.0,1.0,66.66666666666667
solar_elevation_gt_0,D+2,2025-04,huai_an_3,390.0,0.010256410256410256,0.0,0.010256410256410256,0.0,0.0,0.0,4.0,0.0,0.0,0.0,1.0,50.0
solar_elevation_gt_0,D+2,2025-04,lianyungang_1,390.0,0.007692307692307693,0.0,0.007692307692307693,0.0,0.0,0.0,3.0,0.0,0.0,0.0,1.0,37.333333333333336
solar_elevation_gt_0,D+2,2025-04,lianyungang_2,390.0,0.002564102564102564,0.0,0.002564102564102564,0.0,0.0,0.0,1.0,0.0,0.0,0.0,1.0,100.0
solar_elevation_gt_0,D+2,2025-04,nanjing_1,390.0,0.01282051282051282,0.0,0.01282051282051282,0.0,0.0,0.0,5.0,0.0,0.0,0.0,1.0,42.2
solar_elevation_gt_0,D+2,2025-04,nanjing_2,390.0,0.010256410256410256,0.0,0.010256410256410256,0.0,0.0,0.0,4.0,0.0,0.0,0.0,1.0,47.0
solar_elevation_gt_0,D+2,2025-04,nantong_1,390.0,0.002564102564102564,0.0,0.002564102564102564,0.0,0.0,0.0,1.0,0.0,0.0,0.0,1.0,100.0
solar_elevation_gt_0,D+2,2025-04,nantong_2,390.0,0.002564102564102564,0.0,0.002564102564102564,0.0,0.0,0.0,1.0,0.0,0.0,0.0,1.0,100.0
solar_elevation_gt_0,D+2,2025-04,suqian_1,390.0,0.01282051282051282,0.0,0.01282051282051282,0.0,0.0,0.0,5.0,0.0,0.0,0.0,1.0,42.2
solar_elevation_gt_0,D+2,2025-04,suzhou_1,390.0,0.002564102564102564,0.0,0.002564102564102564,0.0,0.0,0.0,1.0,0.0,0.0,0.0,1.0,100.0
solar_elevation_gt_0,D+2,2025-04,taizhou_1,390.0,0.002564102564102564,0.0,0.002564102564102564,0.0,0.0,0.0,1.0,0.0,0.0,0.0,1.0,100.0
solar_elevation_gt_0,D+2,2025-04,taizhou_2,390.0,0.002564102564102564,0.0,0.002564102564102564,0.0,0.0,0.0,1.0,0.0,0.0,0.0,1.0,100.0
solar_elevation_gt_0,D+2,2025-04,wuxi_1,390.0,0.002564102564102564,0.0,0.002564102564102564,0.0,0.0,0.0,1.0,0.0,0.0,0.0,1.0,100.0
solar_elevation_gt_0,D+2,2025-04,xuzhou_1,389.0,0.02056555269922879,0.0,0.02056555269922879,0.0,0.0,0.0,8.0,0.0,0.0,0.0,0.625,43.75
solar_elevation_gt_0,D+2,2025-04,xuzhou_2,390.0,0.017948717948717947,0.0,0.017948717948717947,0.0,0.0,0.0,7.0,0.0,0.0,0.0,0.7142857142857143,44.285714285714285
solar_elevation_gt_0,D+2,2025-04,yancheng_1,390.0,0.002564102564102564,0.0,0.002564102564102564,0.0,0.0,0.0,1.0,0.0,0.0,0.0,1.0,100.0
solar_elevation_gt_0,D+2,2025-04,yancheng_2,390.0,0.002564102564102564,0.0,0.002564102564102564,0.0,0.0,0.0,1.0,0.0,0.0,0.0,1.0,100.0
solar_elevation_gt_0,D+2,2025-04,yancheng_3,390.0,0.0,0.0,0.0,0.0,0.0,0.0,0.0,,,,,
solar_elevation_gt_0,D+2,2025-05,changzhou_1,409.0,0.017114914425427872,0.0,0.017114914425427872,0.0,0.0,0.0,7.0,0.0,0.0,0.0,0.14285714285714285,79.85714285714286
solar_elevation_gt_0,D+2,2025-05,huai_an_1,421.0,0.028503562945368172,0.0,0.028503562945368172,0.0,0.0,0.0,12.0,0.0,0.0,0.0,0.08333333333333333,75.08333333333333
solar_elevation_gt_0,D+2,2025-05,huai_an_2,427.0,0.03278688524590164,0.0,0.03278688524590164,0.0,0.0,0.0,14.0,0.0,0.0,0.0,0.42857142857142855,44.57142857142857
solar_elevation_gt_0,D+2,2025-05,huai_an_3,418.0,0.007177033492822967,0.0,0.007177033492822967,0.0,0.0,0.0,3.0,0.0,0.0,0.0,0.0,66.66666666666667
solar_elevation_gt_0,D+2,2025-05,lianyungang_1,431.0,0.025522041763341066,0.0,0.025522041763341066,0.0,0.0,0.0,11.0,0.0,0.0,0.0,0.18181818181818182,58.18181818181818
solar_elevation_gt_0,D+2,2025-05,lianyungang_2,431.0,0.037122969837587005,0.0,0.037122969837587005,0.0,0.0,0.0,16.0,0.0,0.0,0.0,0.625,47.4375
solar_elevation_gt_0,D+2,2025-05,nanjing_1,411.0,0.0,0.0,0.0,0.0,0.0,0.0,0.0,,,,,
solar_elevation_gt_0,D+2,2025-05,nanjing_2,406.0,0.0024630541871921183,0.0,0.0024630541871921183,0.0,0.0,0.0,1.0,0.0,0.0,0.0,1.0,100.0
solar_elevation_gt_0,D+2,2025-05,nantong_1,420.0,0.04047619047619048,0.0,0.04047619047619048,0.0,0.0,0.0,17.0,0.0,0.0,0.0,0.5882352941176471,77.94117647058823
solar_elevation_gt_0,D+2,2025-05,nantong_2,424.0,0.049528301886792456,0.0,0.049528301886792456,0.0,0.0,0.0,21.0,0.0,0.0,0.0,0.7142857142857143,78.23809523809524
solar_elevation_gt_0,D+2,2025-05,suqian_1,424.0,0.01179245283018868,0.0,0.01179245283018868,0.0,0.0,0.0,5.0,0.0,0.0,0.0,0.0,60.0
solar_elevation_gt_0,D+2,2025-05,suzhou_1,419.0,0.03818615751789976,0.0,0.03818615751789976,0.0,0.0,0.0,16.0,0.0,0.0,0.0,0.5,77.0625
solar_elevation_gt_0,D+2,2025-05,taizhou_1,419.0,0.028639618138424822,0.0,0.028639618138424822,0.0,0.0,0.0,12.0,0.0,0.0,0.0,0.16666666666666666,67.58333333333333
solar_elevation_gt_0,D+2,2025-05,taizhou_2,420.0,0.04047619047619048,0.0,0.04047619047619048,0.0,0.0,0.0,17.0,0.0,0.0,0.0,0.5882352941176471,72.58823529411765
solar_elevation_gt_0,D+2,2025-05,wuxi_1,411.0,0.021897810218978103,0.0,0.021897810218978103,0.0,0.0,0.0,9.0,0.0,0.0,0.0,0.1111111111111111,69.77777777777777
solar_elevation_gt_0,D+2,2025-05,xuzhou_1,430.0,0.0,0.0,0.0,0.0,0.0,0.0,0.0,,,,,
solar_elevation_gt_0,D+2,2025-05,xuzhou_2,425.0,0.0,0.0,0.0,0.0,0.0,0.0,0.0,,,,,
solar_elevation_gt_0,D+2,2025-05,yancheng_1,427.0,0.03747072599531616,0.0,0.03747072599531616,0.0,0.0,0.0,16.0,0.0,0.0,0.0,0.5625,54.1875
solar_elevation_gt_0,D+2,2025-05,yancheng_2,421.0,0.04275534441805225,0.0,0.04275534441805225,0.0,0.0,0.0,18.0,0.0,0.0,0.0,0.6111111111111112,62.55555555555556
solar_elevation_gt_0,D+2,2025-05,yancheng_3,421.0,0.030878859857482184,0.0,0.030878859857482184,0.0,0.0,0.0,13.0,0.0,0.0,0.0,0.38461538461538464,68.3076923076923
solar_elevation_gt_0,D+2,2025-06,changzhou_1,444.0,0.06306306306306306,0.0,0.06306306306306306,0.0,0.0,0.0,28.0,0.0,0.0,0.0,0.07142857142857142,85.0
solar_elevation_gt_0,D+2,2025-06,huai_an_1,450.0,0.07111111111111111,0.0,0.07111111111111111,0.0,0.0,0.0,32.0,0.0,0.0,0.0,0.71875,80.65625
solar_elevation_gt_0,D+2,2025-06,huai_an_2,450.0,0.06888888888888889,0.0,0.06888888888888889,0.0,0.0,0.0,31.0,0.0,0.0,0.0,0.9354838709677419,71.0
solar_elevation_gt_0,D+2,2025-06,huai_an_3,445.0,0.058426966292134834,0.0,0.058426966292134834,0.0,0.0,0.0,26.0,0.0,0.0,0.0,0.038461538461538464,75.53846153846153
solar_elevation_gt_0,D+2,2025-06,lianyungang_1,450.0,0.06666666666666667,0.0,0.06666666666666667,0.0,0.0,0.0,30.0,0.0,0.0,0.0,0.8333333333333334,71.13333333333334
solar_elevation_gt_0,D+2,2025-06,lianyungang_2,450.0,0.06888888888888889,0.0,0.06888888888888889,0.0,0.0,0.0,31.0,0.0,0.0,0.0,1.0,78.09677419354838
solar_elevation_gt_0,D+2,2025-06,nanjing_1,420.0,0.0,0.0,0.0,0.0,0.0,0.0,0.0,,,,,
solar_elevation_gt_0,D+2,2025-06,nanjing_2,426.0,0.01643192488262911,0.0,0.01643192488262911,0.0,0.0,0.0,7.0,0.0,0.0,0.0,0.14285714285714285,100.0
solar_elevation_gt_0,D+2,2025-06,nantong_1,440.0,0.06818181818181818,0.0,0.06818181818181818,0.0,0.0,0.0,30.0,0.0,0.0,0.0,1.0,83.6
solar_elevation_gt_0,D+2,2025-06,nantong_2,432.0,0.04861111111111111,0.0,0.04861111111111111,0.0,0.0,0.0,21.0,0.0,0.0,0.0,1.0,96.04761904761905
solar_elevation_gt_0,D+2,2025-06,suqian_1,447.0,0.06040268456375839,0.0,0.06040268456375839,0.0,0.0,0.0,27.0,0.0,0.0,0.0,0.0,79.92592592592592
solar_elevation_gt_0,D+2,2025-06,suzhou_1,437.0,0.06864988558352403,0.0,0.06864988558352403,0.0,0.0,0.0,30.0,0.0,0.0,0.0,0.9666666666666667,89.26666666666667
solar_elevation_gt_0,D+2,2025-06,taizhou_1,450.0,0.06666666666666667,0.0,0.06666666666666667,0.0,0.0,0.0,30.0,0.0,0.0,0.0,0.7666666666666667,77.5
solar_elevation_gt_0,D+2,2025-06,taizhou_2,448.0,0.06696428571428571,0.0,0.06696428571428571,0.0,0.0,0.0,30.0,0.0,0.0,0.0,1.0,82.43333333333334
solar_elevation_gt_0,D+2,2025-06,wuxi_1,442.0,0.06561085972850679,0.0,0.06561085972850679,0.0,0.0,0.0,29.0,0.0,0.0,0.0,0.0,80.51724137931035
solar_elevation_gt_0,D+2,2025-06,xuzhou_1,420.0,0.0,0.0,0.0,0.0,0.0,0.0,0.0,,,,,
solar_elevation_gt_0,D+2,2025-06,xuzhou_2,436.0,0.0389908256880734,0.0,0.0389908256880734,0.0,0.0,0.0,17.0,0.0,0.0,0.0,0.058823529411764705,73.82352941176471
solar_elevation_gt_0,D+2,2025-06,yancheng_1,450.0,0.06666666666666667,0.0,0.06666666666666667,0.0,0.0,0.0,30.0,0.0,0.0,0.0,1.0,74.26666666666667
solar_elevation_gt_0,D+2,2025-06,yancheng_2,450.0,0.06666666666666667,0.0,0.06666666666666667,0.0,0.0,0.0,30.0,0.0,0.0,0.0,1.0,89.43333333333334
solar_elevation_gt_0,D+2,2025-06,yancheng_3,450.0,0.06888888888888889,0.0,0.06888888888888889,0.0,0.0,0.0,31.0,0.0,0.0,0.0,0.8709677419354839,81.64516129032258
solar_elevation_gt_0,D+2,2025-07,changzhou_1,428.0,0.002336448598130841,0.0,0.002336448598130841,0.0,0.0,0.0,1.0,0.0,0.0,0.0,1.0,100.0
solar_elevation_gt_0,D+2,2025-07,huai_an_1,437.0,0.009153318077803204,0.0,0.009153318077803204,0.0,0.0,0.0,4.0,0.0,0.0,0.0,0.25,100.0
solar_elevation_gt_0,D+2,2025-07,huai_an_2,441.0,0.018140589569160998,0.0,0.018140589569160998,0.0,0.0,0.0,8.0,0.0,0.0,0.0,0.125,86.0
solar_elevation_gt_0,D+2,2025-07,huai_an_3,434.0,0.004608294930875576,0.0,0.004608294930875576,0.0,0.0,0.0,2.0,0.0,0.0,0.0,1.0,100.0
solar_elevation_gt_0,D+2,2025-07,lianyungang_1,439.0,0.011389521640091117,0.0,0.011389521640091117,0.0,0.0,0.0,5.0,0.0,0.0,0.0,0.0,50.0
solar_elevation_gt_0,D+2,2025-07,lianyungang_2,445.0,0.024719101123595506,0.0,0.024719101123595506,0.0,0.0,0.0,11.0,0.0,0.0,0.0,0.2727272727272727,55.45454545454545
solar_elevation_gt_0,D+2,2025-07,nanjing_1,434.0,0.004608294930875576,0.0,0.004608294930875576,0.0,0.0,0.0,2.0,0.0,0.0,0.0,1.0,100.0
solar_elevation_gt_0,D+2,2025-07,nanjing_2,433.0,0.004618937644341801,0.0,0.004618937644341801,0.0,0.0,0.0,2.0,0.0,0.0,0.0,1.0,100.0
solar_elevation_gt_0,D+2,2025-07,nantong_1,431.0,0.02320185614849188,0.0,0.02320185614849188,0.0,0.0,0.0,10.0,0.0,0.0,0.0,0.2,60.0
solar_elevation_gt_0,D+2,2025-07,nantong_2,428.0,0.035046728971962614,0.0,0.035046728971962614,0.0,0.0,0.0,15.0,0.0,0.0,0.0,0.5333333333333333,58.0
solar_elevation_gt_0,D+2,2025-07,suqian_1,434.0,0.0,0.0,0.0,0.0,0.0,0.0,0.0,,,,,
solar_elevation_gt_0,D+2,2025-07,suzhou_1,426.0,0.018779342723004695,0.0,0.018779342723004695,0.0,0.0,0.0,8.0,0.0,0.0,0.0,0.0,85.75
solar_elevation_gt_0,D+2,2025-07,taizhou_1,436.0,0.011467889908256881,0.0,0.011467889908256881,0.0,0.0,0.0,5.0,0.0,0.0,0.0,0.2,62.8
solar_elevation_gt_0,D+2,2025-07,taizhou_2,437.0,0.02288329519450801,0.0,0.02288329519450801,0.0,0.0,0.0,10.0,0.0,0.0,0.0,0.2,37.3
solar_elevation_gt_0,D+2,2025-07,wuxi_1,424.0,0.0023584905660377358,0.0,0.0023584905660377358,0.0,0.0,0.0,1.0,0.0,0.0,0.0,1.0,100.0
solar_elevation_gt_0,D+2,2025-07,xuzhou_1,434.0,0.0,0.0,0.0,0.0,0.0,0.0,0.0,,,,,
solar_elevation_gt_0,D+2,2025-07,xuzhou_2,434.0,0.0,0.0,0.0,0.0,0.0,0.0,0.0,,,,,
solar_elevation_gt_0,D+2,2025-07,yancheng_1,444.0,0.024774774774774775,0.0,0.024774774774774775,0.0,0.0,0.0,11.0,0.0,0.0,0.0,0.18181818181818182,60.81818181818182
solar_elevation_gt_0,D+2,2025-07,yancheng_2,441.0,0.027210884353741496,0.0,0.027210884353741496,0.0,0.0,0.0,12.0,0.0,0.0,0.0,0.3333333333333333,47.166666666666664
solar_elevation_gt_0,D+2,2025-07,yancheng_3,439.0,0.01366742596810934,0.0,0.01366742596810934,0.0,0.0,0.0,6.0,0.0,0.0,0.0,0.0,56.833333333333336
solar_elevation_gt_0,D+2,2025-08,changzhou_1,403.0,0.0024813895781637717,0.0,0.0024813895781637717,0.0,0.0,0.0,1.0,0.0,0.0,0.0,1.0,100.0
solar_elevation_gt_0,D+2,2025-08,huai_an_1,404.0,0.0049504950495049506,0.0,0.0049504950495049506,0.0,0.0,0.0,2.0,0.0,0.0,0.0,1.0,100.0
solar_elevation_gt_0,D+2,2025-08,huai_an_2,406.0,0.0024630541871921183,0.0,0.0024630541871921183,0.0,0.0,0.0,1.0,0.0,0.0,0.0,1.0,100.0
solar_elevation_gt_0,D+2,2025-08,huai_an_3,408.0,0.007352941176470588,0.0,0.007352941176470588,0.0,0.0,0.0,3.0,0.0,0.0,0.0,1.0,100.0
solar_elevation_gt_0,D+2,2025-08,lianyungang_1,411.0,0.0024330900243309003,0.0,0.0024330900243309003,0.0,0.0,0.0,1.0,0.0,0.0,0.0,1.0,100.0
solar_elevation_gt_0,D+2,2025-08,lianyungang_2,407.0,0.0,0.0,0.0,0.0,0.0,0.0,0.0,,,,,
solar_elevation_gt_0,D+2,2025-08,nanjing_1,405.0,0.0049382716049382715,0.0,0.0049382716049382715,0.0,0.0,0.0,2.0,0.0,0.0,0.0,1.0,100.0
solar_elevation_gt_0,D+2,2025-08,nanjing_2,403.0,0.0024813895781637717,0.0,0.0024813895781637717,0.0,0.0,0.0,1.0,0.0,0.0,0.0,1.0,100.0
solar_elevation_gt_0,D+2,2025-08,nantong_1,403.0,0.0,0.0,0.0,0.0,0.0,0.0,0.0,,,,,
solar_elevation_gt_0,D+2,2025-08,nantong_2,403.0,0.0,0.0,0.0,0.0,0.0,0.0,0.0,,,,,
solar_elevation_gt_0,D+2,2025-08,suqian_1,411.0,0.0024330900243309003,0.0,0.0024330900243309003,0.0,0.0,0.0,1.0,0.0,0.0,0.0,1.0,100.0
solar_elevation_gt_0,D+2,2025-08,suzhou_1,403.0,0.0,0.0,0.0,0.0,0.0,0.0,0.0,,,,,
solar_elevation_gt_0,D+2,2025-08,taizhou_1,403.0,0.0024813895781637717,0.0,0.0024813895781637717,0.0,0.0,0.0,1.0,0.0,0.0,0.0,1.0,100.0
solar_elevation_gt_0,D+2,2025-08,taizhou_2,403.0,0.0,0.0,0.0,0.0,0.0,0.0,0.0,,,,,
solar_elevation_gt_0,D+2,2025-08,wuxi_1,403.0,0.0,0.0,0.0,0.0,0.0,0.0,0.0,,,,,
solar_elevation_gt_0,D+2,2025-08,xuzhou_1,418.0,0.004784688995215311,0.0,0.004784688995215311,0.0,0.0,0.0,2.0,0.0,0.0,0.0,1.0,100.0
solar_elevation_gt_0,D+2,2025-08,xuzhou_2,414.0,0.004830917874396135,0.0,0.004830917874396135,0.0,0.0,0.0,2.0,0.0,0.0,0.0,1.0,100.0
solar_elevation_gt_0,D+2,2025-08,yancheng_1,404.0,0.0024752475247524753,0.0,0.0024752475247524753,0.0,0.0,0.0,1.0,0.0,0.0,0.0,1.0,100.0
solar_elevation_gt_0,D+2,2025-08,yancheng_2,403.0,0.0024813895781637717,0.0,0.0024813895781637717,0.0,0.0,0.0,1.0,0.0,0.0,0.0,1.0,100.0
solar_elevation_gt_0,D+2,2025-08,yancheng_3,403.0,0.0024813895781637717,0.0,0.0024813895781637717,0.0,0.0,0.0,1.0,0.0,0.0,0.0,1.0,100.0
solar_elevation_gt_0,D+2,2025-09,changzhou_1,379.0,0.0395778364116095,0.0,0.0395778364116095,0.0,0.0,0.0,15.0,0.0,0.0,0.0,1.0,86.33333333333333
solar_elevation_gt_0,D+2,2025-09,huai_an_1,380.0,0.039473684210526314,0.0,0.039473684210526314,0.0,0.0,0.0,15.0,0.0,0.0,0.0,0.8,89.33333333333333
solar_elevation_gt_0,D+2,2025-09,huai_an_2,380.0,0.04736842105263158,0.0,0.04736842105263158,0.0,0.0,0.0,18.0,0.0,0.0,0.0,0.8333333333333334,94.83333333333333
solar_elevation_gt_0,D+2,2025-09,huai_an_3,380.0,0.05263157894736842,0.0,0.05263157894736842,0.0,0.0,0.0,20.0,0.0,0.0,0.0,0.7,95.25
solar_elevation_gt_0,D+2,2025-09,lianyungang_1,380.0,0.04473684210526316,0.0,0.04473684210526316,0.0,0.0,0.0,17.0,0.0,0.0,0.0,0.6470588235294118,88.23529411764706
solar_elevation_gt_0,D+2,2025-09,lianyungang_2,380.0,0.05263157894736842,0.0,0.05263157894736842,0.0,0.0,0.0,20.0,0.0,0.0,0.0,0.85,85.8
solar_elevation_gt_0,D+2,2025-09,nanjing_1,381.0,0.05511811023622047,0.0,0.05511811023622047,0.0,0.0,0.0,21.0,0.0,0.0,0.0,0.7142857142857143,92.76190476190476
solar_elevation_gt_0,D+2,2025-09,nanjing_2,381.0,0.049868766404199474,0.0,0.049868766404199474,0.0,0.0,0.0,19.0,0.0,0.0,0.0,0.7894736842105263,84.78947368421052
solar_elevation_gt_0,D+2,2025-09,nantong_1,375.0,0.024,0.0,0.024,0.0,0.0,0.0,9.0,0.0,0.0,0.0,1.0,88.88888888888889
solar_elevation_gt_0,D+2,2025-09,nantong_2,373.0,0.00804289544235925,0.0,0.00804289544235925,0.0,0.0,0.0,3.0,0.0,0.0,0.0,1.0,100.0
solar_elevation_gt_0,D+2,2025-09,suqian_1,380.0,0.04736842105263158,0.0,0.04736842105263158,0.0,0.0,0.0,18.0,0.0,0.0,0.0,0.6666666666666666,83.44444444444444
solar_elevation_gt_0,D+2,2025-09,suzhou_1,375.0,0.013333333333333334,0.0,0.013333333333333334,0.0,0.0,0.0,5.0,0.0,0.0,0.0,1.0,80.0
solar_elevation_gt_0,D+2,2025-09,taizhou_1,379.0,0.036939313984168866,0.0,0.036939313984168866,0.0,0.0,0.0,14.0,0.0,0.0,0.0,1.0,93.21428571428571
solar_elevation_gt_0,D+2,2025-09,taizhou_2,377.0,0.03978779840848806,0.0,0.03978779840848806,0.0,0.0,0.0,15.0,0.0,0.0,0.0,1.0,93.2
solar_elevation_gt_0,D+2,2025-09,wuxi_1,377.0,0.029177718832891247,0.0,0.029177718832891247,0.0,0.0,0.0,11.0,0.0,0.0,0.0,1.0,85.9090909090909
solar_elevation_gt_0,D+2,2025-09,xuzhou_1,375.0,0.042666666666666665,0.0,0.042666666666666665,0.0,0.0,0.0,16.0,0.0,0.0,0.0,0.625,57.8125
solar_elevation_gt_0,D+2,2025-09,xuzhou_2,377.0,0.04509283819628647,0.0,0.04509283819628647,0.0,0.0,0.0,17.0,0.0,0.0,0.0,0.7058823529411765,72.70588235294117
solar_elevation_gt_0,D+2,2025-09,yancheng_1,379.0,0.0395778364116095,0.0,0.0395778364116095,0.0,0.0,0.0,15.0,0.0,0.0,0.0,0.9333333333333333,93.8
solar_elevation_gt_0,D+2,2025-09,yancheng_2,377.0,0.03183023872679045,0.0,0.03183023872679045,0.0,0.0,0.0,12.0,0.0,0.0,0.0,1.0,90.91666666666667
solar_elevation_gt_0,D+2,2025-09,yancheng_3,379.0,0.04221635883905013,0.0,0.04221635883905013,0.0,0.0,0.0,16.0,0.0,0.0,0.0,0.9375,88.9375
solar_elevation_gt_0,D+2,2025-10,changzhou_1,347.0,0.01729106628242075,0.0,0.01729106628242075,0.0,0.0,0.0,6.0,0.0,0.0,0.0,0.0,50.5
solar_elevation_gt_0,D+2,2025-10,huai_an_1,344.0,0.00872093023255814,0.0,0.00872093023255814,0.0,0.0,0.0,3.0,0.0,0.0,0.0,0.0,100.0
solar_elevation_gt_0,D+2,2025-10,huai_an_2,343.0,0.0058309037900874635,0.0,0.0058309037900874635,0.0,0.0,0.0,2.0,0.0,0.0,0.0,0.0,100.0
solar_elevation_gt_0,D+2,2025-10,huai_an_3,341.0,0.0,0.0,0.0,0.0,0.0,0.0,0.0,,,,,
solar_elevation_gt_0,D+2,2025-10,lianyungang_1,341.0,0.002932551319648094,0.0,0.002932551319648094,0.0,0.0,0.0,1.0,0.0,0.0,0.0,1.0,100.0
solar_elevation_gt_0,D+2,2025-10,lianyungang_2,343.0,0.008746355685131196,0.0,0.008746355685131196,0.0,0.0,0.0,3.0,0.0,0.0,0.0,0.3333333333333333,100.0
solar_elevation_gt_0,D+2,2025-10,nanjing_1,341.0,0.002932551319648094,0.0,0.002932551319648094,0.0,0.0,0.0,1.0,0.0,0.0,0.0,1.0,100.0
solar_elevation_gt_0,D+2,2025-10,nanjing_2,343.0,0.0058309037900874635,0.0,0.0058309037900874635,0.0,0.0,0.0,2.0,0.0,0.0,0.0,0.0,94.5
solar_elevation_gt_0,D+2,2025-10,nantong_1,354.0,0.03672316384180791,0.0,0.03672316384180791,0.0,0.0,0.0,13.0,0.0,0.0,0.0,0.6153846153846154,48.46153846153846
solar_elevation_gt_0,D+2,2025-10,nantong_2,358.0,0.04748603351955307,0.0,0.04748603351955307,0.0,0.0,0.0,17.0,0.0,0.0,0.0,0.7058823529411765,53.35294117647059
solar_elevation_gt_0,D+2,2025-10,suqian_1,341.0,0.0,0.0,0.0,0.0,0.0,0.0,0.0,,,,,
solar_elevation_gt_0,D+2,2025-10,suzhou_1,355.0,0.03943661971830986,0.0,0.03943661971830986,0.0,0.0,0.0,14.0,0.0,0.0,0.0,0.5714285714285714,47.857142857142854
solar_elevation_gt_0,D+2,2025-10,taizhou_1,346.0,0.014450867052023121,0.0,0.014450867052023121,0.0,0.0,0.0,5.0,0.0,0.0,0.0,0.0,100.0
solar_elevation_gt_0,D+2,2025-10,taizhou_2,351.0,0.02849002849002849,0.0,0.02849002849002849,0.0,0.0,0.0,10.0,0.0,0.0,0.0,0.4,62.3
solar_elevation_gt_0,D+2,2025-10,wuxi_1,350.0,0.025714285714285714,0.0,0.025714285714285714,0.0,0.0,0.0,9.0,0.0,0.0,0.0,0.3333333333333333,51.77777777777778
solar_elevation_gt_0,D+2,2025-10,xuzhou_1,341.0,0.002932551319648094,0.0,0.002932551319648094,0.0,0.0,0.0,1.0,0.0,0.0,0.0,1.0,100.0
solar_elevation_gt_0,D+2,2025-10,xuzhou_2,341.0,0.002932551319648094,0.0,0.002932551319648094,0.0,0.0,0.0,1.0,0.0,0.0,0.0,1.0,100.0
solar_elevation_gt_0,D+2,2025-10,yancheng_1,345.0,0.011594202898550725,0.0,0.011594202898550725,0.0,0.0,0.0,4.0,0.0,0.0,0.0,0.0,100.0
solar_elevation_gt_0,D+2,2025-10,yancheng_2,350.0,0.025714285714285714,0.0,0.025714285714285714,0.0,0.0,0.0,9.0,0.0,0.0,0.0,0.4444444444444444,47.111111111111114
solar_elevation_gt_0,D+2,2025-10,yancheng_3,346.0,0.014450867052023121,0.0,0.014450867052023121,0.0,0.0,0.0,5.0,0.0,0.0,0.0,0.0,100.0
solar_elevation_gt_0,D+2,2025-11,changzhou_1,316.0,0.00949367088607595,0.0,0.00949367088607595,0.0,0.0,0.0,3.0,0.0,0.0,0.0,1.0,100.0
solar_elevation_gt_0,D+2,2025-11,huai_an_1,313.0,0.003194888178913738,0.0,0.003194888178913738,0.0,0.0,0.0,1.0,0.0,0.0,0.0,1.0,100.0
solar_elevation_gt_0,D+2,2025-11,huai_an_2,311.0,0.006430868167202572,0.0,0.006430868167202572,0.0,0.0,0.0,2.0,0.0,0.0,0.0,1.0,50.0
solar_elevation_gt_0,D+2,2025-11,huai_an_3,320.0,0.0125,0.0,0.0125,0.0,0.0,0.0,4.0,0.0,0.0,0.0,1.0,26.25
solar_elevation_gt_0,D+2,2025-11,lianyungang_1,313.0,0.025559105431309903,0.0,0.025559105431309903,0.0,0.0,0.0,8.0,0.0,0.0,0.0,0.875,12.5
solar_elevation_gt_0,D+2,2025-11,lianyungang_2,309.0,0.012944983818770227,0.0,0.012944983818770227,0.0,0.0,0.0,4.0,0.0,0.0,0.0,1.0,0.0
solar_elevation_gt_0,D+2,2025-11,nanjing_1,328.0,0.006097560975609756,0.0,0.006097560975609756,0.0,0.0,0.0,2.0,0.0,0.0,0.0,1.0,100.0
solar_elevation_gt_0,D+2,2025-11,nanjing_2,324.0,0.0030864197530864196,0.0,0.0030864197530864196,0.0,0.0,0.0,1.0,0.0,0.0,0.0,1.0,100.0
solar_elevation_gt_0,D+2,2025-11,nantong_1,307.0,0.0,0.0,0.0,0.0,0.0,0.0,0.0,,,,,
solar_elevation_gt_0,D+2,2025-11,nantong_2,303.0,0.0,0.0,0.0,0.0,0.0,0.0,0.0,,,,,
solar_elevation_gt_0,D+2,2025-11,suqian_1,319.0,0.0219435736677116,0.0,0.0219435736677116,0.0,0.0,0.0,7.0,0.0,0.0,0.0,1.0,14.285714285714286
solar_elevation_gt_0,D+2,2025-11,suzhou_1,308.0,0.0,0.0,0.0,0.0,0.0,0.0,0.0,,,,,
solar_elevation_gt_0,D+2,2025-11,taizhou_1,312.0,0.0,0.0,0.0,0.0,0.0,0.0,0.0,,,,,
solar_elevation_gt_0,D+2,2025-11,taizhou_2,307.0,0.0,0.0,0.0,0.0,0.0,0.0,0.0,,,,,
solar_elevation_gt_0,D+2,2025-11,wuxi_1,314.0,0.0,0.0,0.0,0.0,0.0,0.0,0.0,,,,,
solar_elevation_gt_0,D+2,2025-11,xuzhou_1,325.0,0.036923076923076927,0.0,0.036923076923076927,0.0,0.0,0.0,12.0,0.0,0.0,0.0,0.6666666666666666,45.75
solar_elevation_gt_0,D+2,2025-11,xuzhou_2,325.0,0.036923076923076927,0.0,0.036923076923076927,0.0,0.0,0.0,12.0,0.0,0.0,0.0,0.6666666666666666,21.5
solar_elevation_gt_0,D+2,2025-11,yancheng_1,309.0,0.003236245954692557,0.0,0.003236245954692557,0.0,0.0,0.0,1.0,0.0,0.0,0.0,1.0,100.0
solar_elevation_gt_0,D+2,2025-11,yancheng_2,306.0,0.0,0.0,0.0,0.0,0.0,0.0,0.0,,,,,
solar_elevation_gt_0,D+2,2025-11,yancheng_3,311.0,0.003215434083601286,0.0,0.003215434083601286,0.0,0.0,0.0,1.0,0.0,0.0,0.0,1.0,100.0
solar_elevation_gt_0,D+2,2025-12,changzhou_1,316.0,0.056962025316455694,0.0,0.056962025316455694,0.0,0.0,0.0,18.0,0.0,0.0,0.0,0.5555555555555556,57.0
solar_elevation_gt_0,D+2,2025-12,huai_an_1,301.0,0.04983388704318937,0.0,0.04983388704318937,0.0,0.0,0.0,15.0,0.0,0.0,0.0,0.5333333333333333,33.13333333333333
solar_elevation_gt_0,D+2,2025-12,huai_an_2,293.0,0.03754266211604096,0.0,0.03754266211604096,0.0,0.0,0.0,11.0,0.0,0.0,0.0,0.5454545454545454,37.09090909090909
solar_elevation_gt_0,D+2,2025-12,huai_an_3,302.0,0.033112582781456956,0.0,0.033112582781456956,0.0,0.0,0.0,10.0,0.0,0.0,0.0,0.4,48.2
solar_elevation_gt_0,D+2,2025-12,lianyungang_1,288.0,0.017361111111111112,0.0,0.017361111111111112,0.0,0.0,0.0,5.0,0.0,0.0,0.0,0.2,41.6
solar_elevation_gt_0,D+2,2025-12,lianyungang_2,287.0,0.027874564459930314,0.0,0.027874564459930314,0.0,0.0,0.0,8.0,0.0,0.0,0.0,0.375,39.125
solar_elevation_gt_0,D+2,2025-12,nanjing_1,316.0,0.04113924050632911,0.0,0.04113924050632911,0.0,0.0,0.0,13.0,0.0,0.0,0.0,0.5384615384615384,33.76923076923077
solar_elevation_gt_0,D+2,2025-12,nanjing_2,317.0,0.0473186119873817,0.0,0.0473186119873817,0.0,0.0,0.0,15.0,0.0,0.0,0.0,0.5333333333333333,25.666666666666668
solar_elevation_gt_0,D+2,2025-12,nantong_1,311.0,0.05787781350482315,0.0,0.05787781350482315,0.0,0.0,0.0,18.0,0.0,0.0,0.0,0.6666666666666666,57.44444444444444
solar_elevation_gt_0,D+2,2025-12,nantong_2,310.0,0.04516129032258064,0.0,0.04516129032258064,0.0,0.0,0.0,14.0,0.0,0.0,0.0,1.0,65.85714285714286
solar_elevation_gt_0,D+2,2025-12,suqian_1,295.0,0.01694915254237288,0.0,0.01694915254237288,0.0,0.0,0.0,5.0,0.0,0.0,0.0,0.0,34.8
solar_elevation_gt_0,D+2,2025-12,suzhou_1,313.0,0.051118210862619806,0.0,0.051118210862619806,0.0,0.0,0.0,16.0,0.0,0.0,0.0,0.875,64.75
solar_elevation_gt_0,D+2,2025-12,taizhou_1,303.0,0.0462046204620462,0.0,0.0462046204620462,0.0,0.0,0.0,14.0,0.0,0.0,0.0,0.5714285714285714,30.214285714285715
solar_elevation_gt_0,D+2,2025-12,taizhou_2,306.0,0.058823529411764705,0.0,0.058823529411764705,0.0,0.0,0.0,18.0,0.0,0.0,0.0,0.5,49.22222222222222
solar_elevation_gt_0,D+2,2025-12,wuxi_1,320.0,0.065625,0.0,0.065625,0.0,0.0,0.0,21.0,0.0,0.0,0.0,0.5714285714285714,58.0
solar_elevation_gt_0,D+2,2025-12,xuzhou_1,310.0,0.0,0.0,0.0,0.0,0.0,0.0,0.0,,,,,
solar_elevation_gt_0,D+2,2025-12,xuzhou_2,297.0,0.0,0.0,0.0,0.0,0.0,0.0,0.0,,,,,
solar_elevation_gt_0,D+2,2025-12,yancheng_1,294.0,0.047619047619047616,0.0,0.047619047619047616,0.0,0.0,0.0,14.0,0.0,0.0,0.0,0.5,36.0
solar_elevation_gt_0,D+2,2025-12,yancheng_2,303.0,0.056105610561056105,0.0,0.056105610561056105,0.0,0.0,0.0,17.0,0.0,0.0,0.0,0.47058823529411764,55.470588235294116
solar_elevation_gt_0,D+2,2025-12,yancheng_3,300.0,0.04666666666666667,0.0,0.04666666666666667,0.0,0.0,0.0,14.0,0.0,0.0,0.0,0.5,22.642857142857142
solar_elevation_gt_0,D+2,2026-01,changzhou_1,320.0,0.03125,0.0,0.03125,0.0,0.0,0.0,10.0,0.0,0.0,0.0,0.2,51.9
solar_elevation_gt_0,D+2,2026-01,huai_an_1,311.0,0.003215434083601286,0.0,0.003215434083601286,0.0,0.0,0.0,1.0,0.0,0.0,0.0,0.0,100.0
solar_elevation_gt_0,D+2,2026-01,huai_an_2,310.0,0.0,0.0,0.0,0.0,0.0,0.0,0.0,,,,,
solar_elevation_gt_0,D+2,2026-01,huai_an_3,310.0,0.0,0.0,0.0,0.0,0.0,0.0,0.0,,,,,
solar_elevation_gt_0,D+2,2026-01,lianyungang_1,310.0,0.0,0.0,0.0,0.0,0.0,0.0,0.0,,,,,
solar_elevation_gt_0,D+2,2026-01,lianyungang_2,310.0,0.0,0.0,0.0,0.0,0.0,0.0,0.0,,,,,
solar_elevation_gt_0,D+2,2026-01,nanjing_1,310.0,0.0,0.0,0.0,0.0,0.0,0.0,0.0,,,,,
solar_elevation_gt_0,D+2,2026-01,nanjing_2,314.0,0.012738853503184714,0.0,0.012738853503184714,0.0,0.0,0.0,4.0,0.0,0.0,0.0,0.0,76.75
solar_elevation_gt_0,D+2,2026-01,nantong_1,341.0,0.09090909090909091,0.0,0.09090909090909091,0.0,0.0,0.0,31.0,0.0,0.0,0.0,0.3548387096774194,36.45161290322581
solar_elevation_gt_0,D+2,2026-01,nantong_2,338.0,0.08579881656804733,0.0,0.08579881656804733,0.0,0.0,0.0,29.0,0.0,0.0,0.0,1.0,44.689655172413794
solar_elevation_gt_0,D+2,2026-01,suqian_1,310.0,0.0,0.0,0.0,0.0,0.0,0.0,0.0,,,,,
solar_elevation_gt_0,D+2,2026-01,suzhou_1,341.0,0.09090909090909091,0.0,0.09090909090909091,0.0,0.0,0.0,31.0,0.0,0.0,0.0,0.45161290322580644,41.67741935483871
solar_elevation_gt_0,D+2,2026-01,taizhou_1,315.0,0.015873015873015872,0.0,0.015873015873015872,0.0,0.0,0.0,5.0,0.0,0.0,0.0,0.0,61.0
solar_elevation_gt_0,D+2,2026-01,taizhou_2,322.0,0.037267080745341616,0.0,0.037267080745341616,0.0,0.0,0.0,12.0,0.0,0.0,0.0,0.3333333333333333,51.416666666666664
solar_elevation_gt_0,D+2,2026-01,wuxi_1,341.0,0.09090909090909091,0.0,0.09090909090909091,0.0,0.0,0.0,31.0,0.0,0.0,0.0,0.22580645161290322,48.645161290322584
solar_elevation_gt_0,D+2,2026-01,xuzhou_1,310.0,0.0,0.0,0.0,0.0,0.0,0.0,0.0,,,,,
solar_elevation_gt_0,D+2,2026-01,xuzhou_2,310.0,0.0,0.0,0.0,0.0,0.0,0.0,0.0,,,,,
solar_elevation_gt_0,D+2,2026-01,yancheng_1,311.0,0.003215434083601286,0.0,0.003215434083601286,0.0,0.0,0.0,1.0,0.0,0.0,0.0,0.0,100.0
solar_elevation_gt_0,D+2,2026-01,yancheng_2,320.0,0.03125,0.0,0.03125,0.0,0.0,0.0,10.0,0.0,0.0,0.0,0.3,42.2
solar_elevation_gt_0,D+2,2026-01,yancheng_3,314.0,0.012738853503184714,0.0,0.012738853503184714,0.0,0.0,0.0,4.0,0.0,0.0,0.0,0.0,75.0
solar_elevation_gt_0,D+2,2026-02,changzhou_1,308.0,0.02922077922077922,0.0,0.02922077922077922,0.0,0.0,0.0,9.0,0.0,0.0,0.0,1.0,90.11111111111111
solar_elevation_gt_0,D+2,2026-02,huai_an_1,308.0,0.04220779220779221,0.0,0.04220779220779221,0.0,0.0,0.0,13.0,0.0,0.0,0.0,0.6923076923076923,56.0
solar_elevation_gt_0,D+2,2026-02,huai_an_2,307.0,0.04234527687296417,0.0,0.04234527687296417,0.0,0.0,0.0,13.0,0.0,0.0,0.0,0.6153846153846154,61.30769230769231
solar_elevation_gt_0,D+2,2026-02,huai_an_3,306.0,0.049019607843137254,0.0,0.049019607843137254,0.0,0.0,0.0,15.0,0.0,0.0,0.0,0.6666666666666666,67.86666666666666
solar_elevation_gt_0,D+2,2026-02,lianyungang_1,302.0,0.039735099337748346,0.0,0.039735099337748346,0.0,0.0,0.0,12.0,0.0,0.0,0.0,0.5833333333333334,47.833333333333336
solar_elevation_gt_0,D+2,2026-02,lianyungang_2,305.0,0.03934426229508197,0.0,0.03934426229508197,0.0,0.0,0.0,12.0,0.0,0.0,0.0,0.6666666666666666,58.166666666666664
solar_elevation_gt_0,D+2,2026-02,nanjing_1,310.0,0.05806451612903226,0.0,0.05806451612903226,0.0,0.0,0.0,18.0,0.0,0.0,0.0,0.6666666666666666,69.88888888888889
solar_elevation_gt_0,D+2,2026-02,nanjing_2,308.0,0.045454545454545456,0.0,0.045454545454545456,0.0,0.0,0.0,14.0,0.0,0.0,0.0,0.8571428571428571,72.64285714285714
solar_elevation_gt_0,D+2,2026-02,nantong_1,308.0,0.00974025974025974,0.0,0.00974025974025974,0.0,0.0,0.0,3.0,0.0,0.0,0.0,1.0,100.0
solar_elevation_gt_0,D+2,2026-02,nantong_2,308.0,0.006493506493506494,0.0,0.006493506493506494,0.0,0.0,0.0,2.0,0.0,0.0,0.0,1.0,100.0
solar_elevation_gt_0,D+2,2026-02,suqian_1,304.0,0.046052631578947366,0.0,0.046052631578947366,0.0,0.0,0.0,14.0,0.0,0.0,0.0,0.6428571428571429,59.214285714285715
solar_elevation_gt_0,D+2,2026-02,suzhou_1,308.0,0.012987012987012988,0.0,0.012987012987012988,0.0,0.0,0.0,4.0,0.0,0.0,0.0,1.0,100.0
solar_elevation_gt_0,D+2,2026-02,taizhou_1,308.0,0.032467532467532464,0.0,0.032467532467532464,0.0,0.0,0.0,10.0,0.0,0.0,0.0,0.9,44.0
solar_elevation_gt_0,D+2,2026-02,taizhou_2,308.0,0.01948051948051948,0.0,0.01948051948051948,0.0,0.0,0.0,6.0,0.0,0.0,0.0,1.0,55.333333333333336
solar_elevation_gt_0,D+2,2026-02,wuxi_1,308.0,0.022727272727272728,0.0,0.022727272727272728,0.0,0.0,0.0,7.0,0.0,0.0,0.0,1.0,86.57142857142857
solar_elevation_gt_0,D+2,2026-02,xuzhou_1,302.0,0.04304635761589404,0.0,0.04304635761589404,0.0,0.0,0.0,13.0,0.0,0.0,0.0,0.6923076923076923,48.23076923076923
solar_elevation_gt_0,D+2,2026-02,xuzhou_2,302.0,0.046357615894039736,0.0,0.046357615894039736,0.0,0.0,0.0,14.0,0.0,0.0,0.0,0.7142857142857143,52.857142857142854
solar_elevation_gt_0,D+2,2026-02,yancheng_1,308.0,0.03896103896103896,0.0,0.03896103896103896,0.0,0.0,0.0,12.0,0.0,0.0,0.0,0.6666666666666666,47.833333333333336
solar_elevation_gt_0,D+2,2026-02,yancheng_2,308.0,0.022727272727272728,0.0,0.022727272727272728,0.0,0.0,0.0,7.0,0.0,0.0,0.0,1.0,47.857142857142854
solar_elevation_gt_0,D+2,2026-02,yancheng_3,308.0,0.03571428571428571,0.0,0.03571428571428571,0.0,0.0,0.0,11.0,0.0,0.0,0.0,0.8181818181818182,53.27272727272727
solar_elevation_gt_0,D+2,2026-03,changzhou_1,375.0,0.021333333333333333,0.0,0.021333333333333333,0.0,0.0,0.0,8.0,0.0,0.0,0.0,0.625,90.125
solar_elevation_gt_0,D+2,2026-03,huai_an_1,376.0,0.02127659574468085,0.0,0.02127659574468085,0.0,0.0,0.0,8.0,0.0,0.0,0.0,0.625,76.375
solar_elevation_gt_0,D+2,2026-03,huai_an_2,375.0,0.021333333333333333,0.0,0.021333333333333333,0.0,0.0,0.0,8.0,0.0,0.0,0.0,0.625,82.625
solar_elevation_gt_0,D+2,2026-03,huai_an_3,376.0,0.013297872340425532,0.0,0.013297872340425532,0.0,0.0,0.0,5.0,0.0,0.0,0.0,0.4,81.4
solar_elevation_gt_0,D+2,2026-03,lianyungang_1,375.0,0.013333333333333334,0.0,0.013333333333333334,0.0,0.0,0.0,5.0,0.0,0.0,0.0,0.6,100.0
solar_elevation_gt_0,D+2,2026-03,lianyungang_2,374.0,0.0213903743315508,0.0,0.0213903743315508,0.0,0.0,0.0,8.0,0.0,0.0,0.0,0.625,88.125
solar_elevation_gt_0,D+2,2026-03,nanjing_1,376.0,0.013297872340425532,0.0,0.013297872340425532,0.0,0.0,0.0,5.0,0.0,0.0,0.0,0.4,65.4
solar_elevation_gt_0,D+2,2026-03,nanjing_2,377.0,0.015915119363395226,0.0,0.015915119363395226,0.0,0.0,0.0,6.0,0.0,0.0,0.0,0.5,91.5
solar_elevation_gt_0,D+2,2026-03,nantong_1,372.0,0.024193548387096774,0.0,0.024193548387096774,0.0,0.0,0.0,9.0,0.0,0.0,0.0,0.6666666666666666,95.77777777777777
solar_elevation_gt_0,D+2,2026-03,nantong_2,371.0,0.026954177897574125,0.0,0.026954177897574125,0.0,0.0,0.0,10.0,0.0,0.0,0.0,0.7,81.8
solar_elevation_gt_0,D+2,2026-03,suqian_1,375.0,0.010666666666666666,0.0,0.010666666666666666,0.0,0.0,0.0,4.0,0.0,0.0,0.0,0.25,93.75
solar_elevation_gt_0,D+2,2026-03,suzhou_1,372.0,0.024193548387096774,0.0,0.024193548387096774,0.0,0.0,0.0,9.0,0.0,0.0,0.0,0.6666666666666666,97.44444444444444
solar_elevation_gt_0,D+2,2026-03,taizhou_1,375.0,0.024,0.0,0.024,0.0,0.0,0.0,9.0,0.0,0.0,0.0,0.6666666666666666,67.88888888888889
solar_elevation_gt_0,D+2,2026-03,taizhou_2,373.0,0.02680965147453083,0.0,0.02680965147453083,0.0,0.0,0.0,10.0,0.0,0.0,0.0,0.7,77.4
solar_elevation_gt_0,D+2,2026-03,wuxi_1,375.0,0.024,0.0,0.024,0.0,0.0,0.0,9.0,0.0,0.0,0.0,0.6666666666666666,90.11111111111111
solar_elevation_gt_0,D+2,2026-03,xuzhou_1,372.0,0.002688172043010753,0.0,0.002688172043010753,0.0,0.0,0.0,1.0,0.0,0.0,0.0,1.0,100.0
solar_elevation_gt_0,D+2,2026-03,xuzhou_2,373.0,0.005361930294906166,0.0,0.005361930294906166,0.0,0.0,0.0,2.0,0.0,0.0,0.0,0.5,100.0
solar_elevation_gt_0,D+2,2026-03,yancheng_1,374.0,0.02406417112299465,0.0,0.02406417112299465,0.0,0.0,0.0,9.0,0.0,0.0,0.0,0.6666666666666666,68.33333333333333
solar_elevation_gt_0,D+2,2026-03,yancheng_2,373.0,0.024128686327077747,0.0,0.024128686327077747,0.0,0.0,0.0,9.0,0.0,0.0,0.0,0.6666666666666666,67.77777777777777
solar_elevation_gt_0,D+2,2026-03,yancheng_3,375.0,0.024,0.0,0.024,0.0,0.0,0.0,9.0,0.0,0.0,0.0,0.6666666666666666,67.22222222222223
solar_elevation_gt_0,D+2,2026-04,changzhou_1,390.0,0.005128205128205128,0.0,0.005128205128205128,0.0,0.0,0.0,2.0,0.0,0.0,0.0,1.0,100.0
solar_elevation_gt_0,D+2,2026-04,huai_an_1,390.0,0.01282051282051282,0.0,0.01282051282051282,0.0,0.0,0.0,5.0,0.0,0.0,0.0,1.0,90.6
solar_elevation_gt_0,D+2,2026-04,huai_an_2,390.0,0.010256410256410256,0.0,0.010256410256410256,0.0,0.0,0.0,4.0,0.0,0.0,0.0,1.0,100.0
solar_elevation_gt_0,D+2,2026-04,huai_an_3,390.0,0.023076923076923078,0.0,0.023076923076923078,0.0,0.0,0.0,9.0,0.0,0.0,0.0,1.0,77.77777777777777
solar_elevation_gt_0,D+2,2026-04,lianyungang_1,390.0,0.015384615384615385,0.0,0.015384615384615385,0.0,0.0,0.0,6.0,0.0,0.0,0.0,1.0,83.33333333333333
solar_elevation_gt_0,D+2,2026-04,lianyungang_2,390.0,0.005128205128205128,0.0,0.005128205128205128,0.0,0.0,0.0,2.0,0.0,0.0,0.0,1.0,100.0
solar_elevation_gt_0,D+2,2026-04,nanjing_1,390.0,0.028205128205128206,0.0,0.028205128205128206,0.0,0.0,0.0,11.0,0.0,0.0,0.0,1.0,82.72727272727273
solar_elevation_gt_0,D+2,2026-04,nanjing_2,390.0,0.017948717948717947,0.0,0.017948717948717947,0.0,0.0,0.0,7.0,0.0,0.0,0.0,1.0,84.57142857142857
solar_elevation_gt_0,D+2,2026-04,nantong_1,390.0,0.007692307692307693,0.0,0.007692307692307693,0.0,0.0,0.0,3.0,0.0,0.0,0.0,1.0,100.0
solar_elevation_gt_0,D+2,2026-04,nantong_2,390.0,0.005128205128205128,0.0,0.005128205128205128,0.0,0.0,0.0,2.0,0.0,0.0,0.0,1.0,100.0
solar_elevation_gt_0,D+2,2026-04,suqian_1,390.0,0.017948717948717947,0.0,0.017948717948717947,0.0,0.0,0.0,7.0,0.0,0.0,0.0,1.0,57.142857142857146
solar_elevation_gt_0,D+2,2026-04,suzhou_1,390.0,0.002564102564102564,0.0,0.002564102564102564,0.0,0.0,0.0,1.0,0.0,0.0,0.0,1.0,100.0
solar_elevation_gt_0,D+2,2026-04,taizhou_1,390.0,0.010256410256410256,0.0,0.010256410256410256,0.0,0.0,0.0,4.0,0.0,0.0,0.0,1.0,100.0
solar_elevation_gt_0,D+2,2026-04,taizhou_2,390.0,0.005128205128205128,0.0,0.005128205128205128,0.0,0.0,0.0,2.0,0.0,0.0,0.0,1.0,100.0
solar_elevation_gt_0,D+2,2026-04,wuxi_1,390.0,0.005128205128205128,0.0,0.005128205128205128,0.0,0.0,0.0,2.0,0.0,0.0,0.0,1.0,100.0
solar_elevation_gt_0,D+2,2026-04,xuzhou_1,389.0,0.02570694087403599,0.0,0.02570694087403599,0.0,0.0,0.0,10.0,0.0,0.0,0.0,0.7,57.2
solar_elevation_gt_0,D+2,2026-04,xuzhou_2,390.0,0.028205128205128206,0.0,0.028205128205128206,0.0,0.0,0.0,11.0,0.0,0.0,0.0,0.8181818181818182,61.45454545454545
solar_elevation_gt_0,D+2,2026-04,yancheng_1,390.0,0.005128205128205128,0.0,0.005128205128205128,0.0,0.0,0.0,2.0,0.0,0.0,0.0,1.0,100.0
solar_elevation_gt_0,D+2,2026-04,yancheng_2,390.0,0.007692307692307693,0.0,0.007692307692307693,0.0,0.0,0.0,3.0,0.0,0.0,0.0,1.0,100.0
solar_elevation_gt_0,D+2,2026-04,yancheng_3,390.0,0.010256410256410256,0.0,0.010256410256410256,0.0,0.0,0.0,4.0,0.0,0.0,0.0,1.0,100.0
solar_elevation_gt_0,D+2,2026-05,changzhou_1,408.0,0.012254901960784314,0.0,0.012254901960784314,0.0,0.0,0.0,5.0,0.0,0.0,0.0,0.0,56.0
solar_elevation_gt_0,D+2,2026-05,huai_an_1,420.0,0.023809523809523808,0.0,0.023809523809523808,0.0,0.0,0.0,10.0,0.0,0.0,0.0,0.0,89.0
solar_elevation_gt_0,D+2,2026-05,huai_an_2,426.0,0.03051643192488263,0.0,0.03051643192488263,0.0,0.0,0.0,13.0,0.0,0.0,0.0,0.38461538461538464,56.46153846153846
solar_elevation_gt_0,D+2,2026-05,huai_an_3,418.0,0.009569377990430622,0.0,0.009569377990430622,0.0,0.0,0.0,4.0,0.0,0.0,0.0,0.25,76.5
solar_elevation_gt_0,D+2,2026-05,lianyungang_1,430.0,0.027906976744186046,0.0,0.027906976744186046,0.0,0.0,0.0,12.0,0.0,0.0,0.0,0.25,64.83333333333333
solar_elevation_gt_0,D+2,2026-05,lianyungang_2,431.0,0.037122969837587005,0.0,0.037122969837587005,0.0,0.0,0.0,16.0,0.0,0.0,0.0,0.5625,69.5
solar_elevation_gt_0,D+2,2026-05,nanjing_1,411.0,0.0,0.0,0.0,0.0,0.0,0.0,0.0,,,,,
solar_elevation_gt_0,D+2,2026-05,nanjing_2,406.0,0.0024630541871921183,0.0,0.0024630541871921183,0.0,0.0,0.0,1.0,0.0,0.0,0.0,1.0,100.0
solar_elevation_gt_0,D+2,2026-05,nantong_1,420.0,0.04047619047619048,0.0,0.04047619047619048,0.0,0.0,0.0,17.0,0.0,0.0,0.0,0.5882352941176471,77.23529411764706
solar_elevation_gt_0,D+2,2026-05,nantong_2,424.0,0.04716981132075472,0.0,0.04716981132075472,0.0,0.0,0.0,20.0,0.0,0.0,0.0,0.7,72.65
solar_elevation_gt_0,D+2,2026-05,suqian_1,423.0,0.009456264775413711,0.0,0.009456264775413711,0.0,0.0,0.0,4.0,0.0,0.0,0.0,0.0,29.5
solar_elevation_gt_0,D+2,2026-05,suzhou_1,419.0,0.03818615751789976,0.0,0.03818615751789976,0.0,0.0,0.0,16.0,0.0,0.0,0.0,0.5,76.4375
solar_elevation_gt_0,D+2,2026-05,taizhou_1,417.0,0.026378896882494004,0.0,0.026378896882494004,0.0,0.0,0.0,11.0,0.0,0.0,0.0,0.18181818181818182,85.9090909090909
solar_elevation_gt_0,D+2,2026-05,taizhou_2,420.0,0.04047619047619048,0.0,0.04047619047619048,0.0,0.0,0.0,17.0,0.0,0.0,0.0,0.5882352941176471,76.41176470588235
solar_elevation_gt_0,D+2,2026-05,wuxi_1,411.0,0.021897810218978103,0.0,0.021897810218978103,0.0,0.0,0.0,9.0,0.0,0.0,0.0,0.1111111111111111,78.88888888888889
solar_elevation_gt_0,D+2,2026-05,xuzhou_1,430.0,0.0,0.0,0.0,0.0,0.0,0.0,0.0,,,,,
solar_elevation_gt_0,D+2,2026-05,xuzhou_2,424.0,0.0,0.0,0.0,0.0,0.0,0.0,0.0,,,,,
solar_elevation_gt_0,D+2,2026-05,yancheng_1,427.0,0.03981264637002342,0.0,0.03981264637002342,0.0,0.0,0.0,17.0,0.0,0.0,0.0,0.5294117647058824,65.94117647058823
solar_elevation_gt_0,D+2,2026-05,yancheng_2,421.0,0.04275534441805225,0.0,0.04275534441805225,0.0,0.0,0.0,18.0,0.0,0.0,0.0,0.6111111111111112,69.77777777777777
solar_elevation_gt_0,D+2,2026-05,yancheng_3,421.0,0.030878859857482184,0.0,0.030878859857482184,0.0,0.0,0.0,13.0,0.0,0.0,0.0,0.3076923076923077,73.46153846153847
solar_elevation_gt_0,D+2,2026-06,changzhou_1,444.0,0.05855855855855856,0.0,0.05855855855855856,0.0,0.0,0.0,26.0,0.0,0.0,0.0,0.0,86.26923076923077
solar_elevation_gt_0,D+2,2026-06,huai_an_1,450.0,0.06666666666666667,0.0,0.06666666666666667,0.0,0.0,0.0,30.0,0.0,0.0,0.0,0.7,87.6
solar_elevation_gt_0,D+2,2026-06,huai_an_2,450.0,0.06666666666666667,0.0,0.06666666666666667,0.0,0.0,0.0,30.0,0.0,0.0,0.0,0.9333333333333333,77.3
solar_elevation_gt_0,D+2,2026-06,huai_an_3,445.0,0.056179775280898875,0.0,0.056179775280898875,0.0,0.0,0.0,25.0,0.0,0.0,0.0,0.0,82.04
solar_elevation_gt_0,D+2,2026-06,lianyungang_1,450.0,0.06666666666666667,0.0,0.06666666666666667,0.0,0.0,0.0,30.0,0.0,0.0,0.0,0.8333333333333334,77.16666666666667
solar_elevation_gt_0,D+2,2026-06,lianyungang_2,450.0,0.06666666666666667,0.0,0.06666666666666667,0.0,0.0,0.0,30.0,0.0,0.0,0.0,1.0,72.03333333333333
solar_elevation_gt_0,D+2,2026-06,nanjing_1,420.0,0.004761904761904762,0.0,0.004761904761904762,0.0,0.0,0.0,2.0,0.0,0.0,0.0,1.0,100.0
solar_elevation_gt_0,D+2,2026-06,nanjing_2,426.0,0.014084507042253521,0.0,0.014084507042253521,0.0,0.0,0.0,6.0,0.0,0.0,0.0,0.0,84.16666666666667
solar_elevation_gt_0,D+2,2026-06,nantong_1,440.0,0.06818181818181818,0.0,0.06818181818181818,0.0,0.0,0.0,30.0,0.0,0.0,0.0,1.0,86.26666666666667
solar_elevation_gt_0,D+2,2026-06,nantong_2,432.0,0.04861111111111111,0.0,0.04861111111111111,0.0,0.0,0.0,21.0,0.0,0.0,0.0,1.0,90.71428571428571
solar_elevation_gt_0,D+2,2026-06,suqian_1,447.0,0.06040268456375839,0.0,0.06040268456375839,0.0,0.0,0.0,27.0,0.0,0.0,0.0,0.0,76.55555555555556
solar_elevation_gt_0,D+2,2026-06,suzhou_1,437.0,0.06864988558352403,0.0,0.06864988558352403,0.0,0.0,0.0,30.0,0.0,0.0,0.0,0.9666666666666667,90.16666666666667
solar_elevation_gt_0,D+2,2026-06,taizhou_1,450.0,0.06666666666666667,0.0,0.06666666666666667,0.0,0.0,0.0,30.0,0.0,0.0,0.0,0.7666666666666667,85.53333333333333
solar_elevation_gt_0,D+2,2026-06,taizhou_2,448.0,0.06696428571428571,0.0,0.06696428571428571,0.0,0.0,0.0,30.0,0.0,0.0,0.0,1.0,87.83333333333333
solar_elevation_gt_0,D+2,2026-06,wuxi_1,442.0,0.06561085972850679,0.0,0.06561085972850679,0.0,0.0,0.0,29.0,0.0,0.0,0.0,0.0,90.48275862068965
solar_elevation_gt_0,D+2,2026-06,xuzhou_1,420.0,0.0,0.0,0.0,0.0,0.0,0.0,0.0,,,,,
solar_elevation_gt_0,D+2,2026-06,xuzhou_2,435.0,0.034482758620689655,0.0,0.034482758620689655,0.0,0.0,0.0,15.0,0.0,0.0,0.0,0.0,86.13333333333334
solar_elevation_gt_0,D+2,2026-06,yancheng_1,450.0,0.06666666666666667,0.0,0.06666666666666667,0.0,0.0,0.0,30.0,0.0,0.0,0.0,1.0,81.13333333333334
solar_elevation_gt_0,D+2,2026-06,yancheng_2,449.0,0.066815144766147,0.0,0.066815144766147,0.0,0.0,0.0,30.0,0.0,0.0,0.0,1.0,87.2
solar_elevation_gt_0,D+2,2026-06,yancheng_3,450.0,0.06666666666666667,0.0,0.06666666666666667,0.0,0.0,0.0,30.0,0.0,0.0,0.0,0.8666666666666667,81.36666666666666
solar_elevation_gt_0,D+2,2026-07,changzhou_1,429.0,0.0,0.0,0.0,0.0,0.0,0.0,0.0,,,,,
solar_elevation_gt_0,D+2,2026-07,huai_an_1,437.0,0.011441647597254004,0.0,0.011441647597254004,0.0,0.0,0.0,5.0,0.0,0.0,0.0,0.4,100.0
solar_elevation_gt_0,D+2,2026-07,huai_an_2,441.0,0.015873015873015872,0.0,0.015873015873015872,0.0,0.0,0.0,7.0,0.0,0.0,0.0,0.0,86.42857142857143
solar_elevation_gt_0,D+2,2026-07,huai_an_3,434.0,0.004608294930875576,0.0,0.004608294930875576,0.0,0.0,0.0,2.0,0.0,0.0,0.0,1.0,100.0
solar_elevation_gt_0,D+2,2026-07,lianyungang_1,439.0,0.011389521640091117,0.0,0.011389521640091117,0.0,0.0,0.0,5.0,0.0,0.0,0.0,0.0,79.8
solar_elevation_gt_0,D+2,2026-07,lianyungang_2,445.0,0.024719101123595506,0.0,0.024719101123595506,0.0,0.0,0.0,11.0,0.0,0.0,0.0,0.2727272727272727,55.63636363636363
solar_elevation_gt_0,D+2,2026-07,nanjing_1,434.0,0.0,0.0,0.0,0.0,0.0,0.0,0.0,,,,,
solar_elevation_gt_0,D+2,2026-07,nanjing_2,433.0,0.0,0.0,0.0,0.0,0.0,0.0,0.0,,,,,
solar_elevation_gt_0,D+2,2026-07,nantong_1,431.0,0.02320185614849188,0.0,0.02320185614849188,0.0,0.0,0.0,10.0,0.0,0.0,0.0,0.2,87.6
solar_elevation_gt_0,D+2,2026-07,nantong_2,429.0,0.03496503496503497,0.0,0.03496503496503497,0.0,0.0,0.0,15.0,0.0,0.0,0.0,0.5333333333333333,88.66666666666667
solar_elevation_gt_0,D+2,2026-07,suqian_1,434.0,0.004608294930875576,0.0,0.004608294930875576,0.0,0.0,0.0,2.0,0.0,0.0,0.0,1.0,100.0
solar_elevation_gt_0,D+2,2026-07,suzhou_1,427.0,0.01873536299765808,0.0,0.01873536299765808,0.0,0.0,0.0,8.0,0.0,0.0,0.0,0.0,100.0
solar_elevation_gt_0,D+2,2026-07,taizhou_1,436.0,0.011467889908256881,0.0,0.011467889908256881,0.0,0.0,0.0,5.0,0.0,0.0,0.0,0.2,100.0
solar_elevation_gt_0,D+2,2026-07,taizhou_2,439.0,0.025056947608200455,0.0,0.025056947608200455,0.0,0.0,0.0,11.0,0.0,0.0,0.0,0.18181818181818182,93.81818181818181
solar_elevation_gt_0,D+2,2026-07,wuxi_1,424.0,0.0,0.0,0.0,0.0,0.0,0.0,0.0,,,,,
solar_elevation_gt_0,D+2,2026-07,xuzhou_1,434.0,0.0,0.0,0.0,0.0,0.0,0.0,0.0,,,,,
solar_elevation_gt_0,D+2,2026-07,xuzhou_2,434.0,0.004608294930875576,0.0,0.004608294930875576,0.0,0.0,0.0,2.0,0.0,0.0,0.0,1.0,100.0
solar_elevation_gt_0,D+2,2026-07,yancheng_1,444.0,0.02252252252252252,0.0,0.02252252252252252,0.0,0.0,0.0,10.0,0.0,0.0,0.0,0.2,75.1
solar_elevation_gt_0,D+2,2026-07,yancheng_2,441.0,0.027210884353741496,0.0,0.027210884353741496,0.0,0.0,0.0,12.0,0.0,0.0,0.0,0.3333333333333333,89.91666666666667
solar_elevation_gt_0,D+2,2026-07,yancheng_3,439.0,0.01366742596810934,0.0,0.01366742596810934,0.0,0.0,0.0,6.0,0.0,0.0,0.0,0.0,100.0
solar_elevation_gt_0,D+2,2026-08,changzhou_1,403.0,0.004962779156327543,0.0,0.004962779156327543,0.0,0.0,0.0,2.0,0.0,0.0,0.0,1.0,100.0
solar_elevation_gt_0,D+2,2026-08,huai_an_1,404.0,0.007425742574257425,0.0,0.007425742574257425,0.0,0.0,0.0,3.0,0.0,0.0,0.0,1.0,100.0
solar_elevation_gt_0,D+2,2026-08,huai_an_2,406.0,0.0024630541871921183,0.0,0.0024630541871921183,0.0,0.0,0.0,1.0,0.0,0.0,0.0,1.0,100.0
solar_elevation_gt_0,D+2,2026-08,huai_an_3,408.0,0.007352941176470588,0.0,0.007352941176470588,0.0,0.0,0.0,3.0,0.0,0.0,0.0,1.0,100.0
solar_elevation_gt_0,D+2,2026-08,lianyungang_1,411.0,0.0,0.0,0.0,0.0,0.0,0.0,0.0,,,,,
solar_elevation_gt_0,D+2,2026-08,lianyungang_2,407.0,0.002457002457002457,0.0,0.002457002457002457,0.0,0.0,0.0,1.0,0.0,0.0,0.0,1.0,100.0
solar_elevation_gt_0,D+2,2026-08,nanjing_1,405.0,0.009876543209876543,0.0,0.009876543209876543,0.0,0.0,0.0,4.0,0.0,0.0,0.0,1.0,100.0
solar_elevation_gt_0,D+2,2026-08,nanjing_2,403.0,0.007444168734491315,0.0,0.007444168734491315,0.0,0.0,0.0,3.0,0.0,0.0,0.0,1.0,100.0
solar_elevation_gt_0,D+2,2026-08,nantong_1,403.0,0.0,0.0,0.0,0.0,0.0,0.0,0.0,,,,,
solar_elevation_gt_0,D+2,2026-08,nantong_2,403.0,0.0,0.0,0.0,0.0,0.0,0.0,0.0,,,,,
solar_elevation_gt_0,D+2,2026-08,suqian_1,411.0,0.0024330900243309003,0.0,0.0024330900243309003,0.0,0.0,0.0,1.0,0.0,0.0,0.0,1.0,100.0
solar_elevation_gt_0,D+2,2026-08,suzhou_1,403.0,0.0024813895781637717,0.0,0.0024813895781637717,0.0,0.0,0.0,1.0,0.0,0.0,0.0,1.0,100.0
solar_elevation_gt_0,D+2,2026-08,taizhou_1,403.0,0.007444168734491315,0.0,0.007444168734491315,0.0,0.0,0.0,3.0,0.0,0.0,0.0,1.0,100.0
solar_elevation_gt_0,D+2,2026-08,taizhou_2,403.0,0.0024813895781637717,0.0,0.0024813895781637717,0.0,0.0,0.0,1.0,0.0,0.0,0.0,1.0,100.0
solar_elevation_gt_0,D+2,2026-08,wuxi_1,403.0,0.0,0.0,0.0,0.0,0.0,0.0,0.0,,,,,
solar_elevation_gt_0,D+2,2026-08,xuzhou_1,418.0,0.007177033492822967,0.0,0.007177033492822967,0.0,0.0,0.0,3.0,0.0,0.0,0.0,1.0,100.0
solar_elevation_gt_0,D+2,2026-08,xuzhou_2,415.0,0.007228915662650603,0.0,0.007228915662650603,0.0,0.0,0.0,3.0,0.0,0.0,0.0,1.0,100.0
solar_elevation_gt_0,D+2,2026-08,yancheng_1,404.0,0.007425742574257425,0.0,0.007425742574257425,0.0,0.0,0.0,3.0,0.0,0.0,0.0,1.0,100.0
solar_elevation_gt_0,D+2,2026-08,yancheng_2,403.0,0.007444168734491315,0.0,0.007444168734491315,0.0,0.0,0.0,3.0,0.0,0.0,0.0,1.0,100.0
solar_elevation_gt_0,D+2,2026-08,yancheng_3,403.0,0.007444168734491315,0.0,0.007444168734491315,0.0,0.0,0.0,3.0,0.0,0.0,0.0,1.0,100.0
solar_elevation_gt_0,D+3,2024-02,changzhou_1,319.0,0.04075235109717868,0.0,0.04075235109717868,0.0,0.0,0.0,13.0,0.0,0.0,0.0,1.0,100.0
solar_elevation_gt_0,D+3,2024-02,huai_an_1,319.0,0.05642633228840126,0.0,0.05642633228840126,0.0,0.0,0.0,18.0,0.0,0.0,0.0,0.7222222222222222,78.27777777777777
solar_elevation_gt_0,D+3,2024-02,huai_an_2,318.0,0.05345911949685535,0.0,0.05345911949685535,0.0,0.0,0.0,17.0,0.0,0.0,0.0,0.7058823529411765,65.58823529411765
solar_elevation_gt_0,D+3,2024-02,huai_an_3,316.0,0.05063291139240506,0.0,0.05063291139240506,0.0,0.0,0.0,16.0,0.0,0.0,0.0,0.75,76.375
solar_elevation_gt_0,D+3,2024-02,lianyungang_1,312.0,0.04487179487179487,0.0,0.04487179487179487,0.0,0.0,0.0,14.0,0.0,0.0,0.0,0.7142857142857143,48.642857142857146
solar_elevation_gt_0,D+3,2024-02,lianyungang_2,316.0,0.04746835443037975,0.0,0.04746835443037975,0.0,0.0,0.0,15.0,0.0,0.0,0.0,0.6666666666666666,66.73333333333333
solar_elevation_gt_0,D+3,2024-02,nanjing_1,320.0,0.065625,0.0,0.065625,0.0,0.0,0.0,21.0,0.0,0.0,0.0,0.7619047619047619,81.19047619047619
solar_elevation_gt_0,D+3,2024-02,nanjing_2,319.0,0.050156739811912224,0.0,0.050156739811912224,0.0,0.0,0.0,16.0,0.0,0.0,0.0,0.8125,87.5
solar_elevation_gt_0,D+3,2024-02,nantong_1,319.0,0.025078369905956112,0.0,0.025078369905956112,0.0,0.0,0.0,8.0,0.0,0.0,0.0,1.0,100.0
solar_elevation_gt_0,D+3,2024-02,nantong_2,319.0,0.018808777429467086,0.0,0.018808777429467086,0.0,0.0,0.0,6.0,0.0,0.0,0.0,1.0,100.0
solar_elevation_gt_0,D+3,2024-02,suqian_1,314.0,0.044585987261146494,0.0,0.044585987261146494,0.0,0.0,0.0,14.0,0.0,0.0,0.0,0.7142857142857143,58.285714285714285
solar_elevation_gt_0,D+3,2024-02,suzhou_1,319.0,0.02821316614420063,0.0,0.02821316614420063,0.0,0.0,0.0,9.0,0.0,0.0,0.0,1.0,100.0
solar_elevation_gt_0,D+3,2024-02,taizhou_1,319.0,0.047021943573667714,0.0,0.047021943573667714,0.0,0.0,0.0,15.0,0.0,0.0,0.0,0.8666666666666667,85.6
solar_elevation_gt_0,D+3,2024-02,taizhou_2,319.0,0.02821316614420063,0.0,0.02821316614420063,0.0,0.0,0.0,9.0,0.0,0.0,0.0,1.0,100.0
solar_elevation_gt_0,D+3,2024-02,wuxi_1,319.0,0.02821316614420063,0.0,0.02821316614420063,0.0,0.0,0.0,9.0,0.0,0.0,0.0,1.0,100.0
solar_elevation_gt_0,D+3,2024-02,xuzhou_1,313.0,0.02875399361022364,0.0,0.02875399361022364,0.0,0.0,0.0,9.0,0.0,0.0,0.0,0.6666666666666666,85.55555555555556
solar_elevation_gt_0,D+3,2024-02,xuzhou_2,313.0,0.03194888178913738,0.0,0.03194888178913738,0.0,0.0,0.0,10.0,0.0,0.0,0.0,0.6,82.1
solar_elevation_gt_0,D+3,2024-02,yancheng_1,319.0,0.05329153605015674,0.0,0.05329153605015674,0.0,0.0,0.0,17.0,0.0,0.0,0.0,0.7058823529411765,72.47058823529412
solar_elevation_gt_0,D+3,2024-02,yancheng_2,319.0,0.034482758620689655,0.0,0.034482758620689655,0.0,0.0,0.0,11.0,0.0,0.0,0.0,1.0,100.0
solar_elevation_gt_0,D+3,2024-02,yancheng_3,319.0,0.05329153605015674,0.0,0.05329153605015674,0.0,0.0,0.0,17.0,0.0,0.0,0.0,0.8235294117647058,80.29411764705883
solar_elevation_gt_0,D+3,2024-03,changzhou_1,377.0,0.023872679045092837,0.0,0.023872679045092837,0.0,0.0,0.0,9.0,0.0,0.0,0.0,0.6666666666666666,83.44444444444444
solar_elevation_gt_0,D+3,2024-03,huai_an_1,376.0,0.02127659574468085,0.0,0.02127659574468085,0.0,0.0,0.0,8.0,0.0,0.0,0.0,0.625,71.0
solar_elevation_gt_0,D+3,2024-03,huai_an_2,376.0,0.02127659574468085,0.0,0.02127659574468085,0.0,0.0,0.0,8.0,0.0,0.0,0.0,0.625,63.75
solar_elevation_gt_0,D+3,2024-03,huai_an_3,377.0,0.015915119363395226,0.0,0.015915119363395226,0.0,0.0,0.0,6.0,0.0,0.0,0.0,0.5,67.66666666666667
solar_elevation_gt_0,D+3,2024-03,lianyungang_1,377.0,0.015915119363395226,0.0,0.015915119363395226,0.0,0.0,0.0,6.0,0.0,0.0,0.0,0.5,50.0
solar_elevation_gt_0,D+3,2024-03,lianyungang_2,375.0,0.021333333333333333,0.0,0.021333333333333333,0.0,0.0,0.0,8.0,0.0,0.0,0.0,0.75,67.25
solar_elevation_gt_0,D+3,2024-03,nanjing_1,376.0,0.013297872340425532,0.0,0.013297872340425532,0.0,0.0,0.0,5.0,0.0,0.0,0.0,0.4,60.0
solar_elevation_gt_0,D+3,2024-03,nanjing_2,378.0,0.018518518518518517,0.0,0.018518518518518517,0.0,0.0,0.0,7.0,0.0,0.0,0.0,0.5714285714285714,71.42857142857143
solar_elevation_gt_0,D+3,2024-03,nantong_1,373.0,0.021447721179624665,0.0,0.021447721179624665,0.0,0.0,0.0,8.0,0.0,0.0,0.0,0.625,87.5
solar_elevation_gt_0,D+3,2024-03,nantong_2,371.0,0.026954177897574125,0.0,0.026954177897574125,0.0,0.0,0.0,10.0,0.0,0.0,0.0,0.7,71.0
solar_elevation_gt_0,D+3,2024-03,suqian_1,376.0,0.013297872340425532,0.0,0.013297872340425532,0.0,0.0,0.0,5.0,0.0,0.0,0.0,0.4,61.0
solar_elevation_gt_0,D+3,2024-03,suzhou_1,373.0,0.021447721179624665,0.0,0.021447721179624665,0.0,0.0,0.0,8.0,0.0,0.0,0.0,0.625,82.5
solar_elevation_gt_0,D+3,2024-03,taizhou_1,376.0,0.023936170212765957,0.0,0.023936170212765957,0.0,0.0,0.0,9.0,0.0,0.0,0.0,0.6666666666666666,71.33333333333333
solar_elevation_gt_0,D+3,2024-03,taizhou_2,373.0,0.01876675603217158,0.0,0.01876675603217158,0.0,0.0,0.0,7.0,0.0,0.0,0.0,0.7142857142857143,84.85714285714286
solar_elevation_gt_0,D+3,2024-03,wuxi_1,375.0,0.021333333333333333,0.0,0.021333333333333333,0.0,0.0,0.0,8.0,0.0,0.0,0.0,0.625,77.75
solar_elevation_gt_0,D+3,2024-03,xuzhou_1,372.0,0.005376344086021506,0.0,0.005376344086021506,0.0,0.0,0.0,2.0,0.0,0.0,0.0,1.0,100.0
solar_elevation_gt_0,D+3,2024-03,xuzhou_2,373.0,0.00804289544235925,0.0,0.00804289544235925,0.0,0.0,0.0,3.0,0.0,0.0,0.0,0.6666666666666666,66.66666666666667
solar_elevation_gt_0,D+3,2024-03,yancheng_1,375.0,0.021333333333333333,0.0,0.021333333333333333,0.0,0.0,0.0,8.0,0.0,0.0,0.0,0.625,77.375
solar_elevation_gt_0,D+3,2024-03,yancheng_2,374.0,0.0213903743315508,0.0,0.0213903743315508,0.0,0.0,0.0,8.0,0.0,0.0,0.0,0.625,75.0
solar_elevation_gt_0,D+3,2024-03,yancheng_3,375.0,0.024,0.0,0.024,0.0,0.0,0.0,9.0,0.0,0.0,0.0,0.6666666666666666,71.11111111111111
solar_elevation_gt_0,D+3,2024-04,changzhou_1,390.0,0.020512820512820513,0.0,0.020512820512820513,0.0,0.0,0.0,8.0,0.0,0.0,0.0,1.0,100.0
solar_elevation_gt_0,D+3,2024-04,huai_an_1,390.0,0.010256410256410256,0.0,0.010256410256410256,0.0,0.0,0.0,4.0,0.0,0.0,0.0,1.0,100.0
solar_elevation_gt_0,D+3,2024-04,huai_an_2,390.0,0.005128205128205128,0.0,0.005128205128205128,0.0,0.0,0.0,2.0,0.0,0.0,0.0,1.0,100.0
solar_elevation_gt_0,D+3,2024-04,huai_an_3,390.0,0.007692307692307693,0.0,0.007692307692307693,0.0,0.0,0.0,3.0,0.0,0.0,0.0,1.0,100.0
solar_elevation_gt_0,D+3,2024-04,lianyungang_1,390.0,0.007692307692307693,0.0,0.007692307692307693,0.0,0.0,0.0,3.0,0.0,0.0,0.0,1.0,99.66666666666667
solar_elevation_gt_0,D+3,2024-04,lianyungang_2,390.0,0.007692307692307693,0.0,0.007692307692307693,0.0,0.0,0.0,3.0,0.0,0.0,0.0,1.0,100.0
solar_elevation_gt_0,D+3,2024-04,nanjing_1,390.0,0.017948717948717947,0.0,0.017948717948717947,0.0,0.0,0.0,7.0,0.0,0.0,0.0,1.0,100.0
solar_elevation_gt_0,D+3,2024-04,nanjing_2,390.0,0.020512820512820513,0.0,0.020512820512820513,0.0,0.0,0.0,8.0,0.0,0.0,0.0,1.0,100.0
solar_elevation_gt_0,D+3,2024-04,nantong_1,390.0,0.015384615384615385,0.0,0.015384615384615385,0.0,0.0,0.0,6.0,0.0,0.0,0.0,1.0,100.0
solar_elevation_gt_0,D+3,2024-04,nantong_2,390.0,0.010256410256410256,0.0,0.010256410256410256,0.0,0.0,0.0,4.0,0.0,0.0,0.0,1.0,100.0
solar_elevation_gt_0,D+3,2024-04,suqian_1,390.0,0.01282051282051282,0.0,0.01282051282051282,0.0,0.0,0.0,5.0,0.0,0.0,0.0,1.0,88.0
solar_elevation_gt_0,D+3,2024-04,suzhou_1,390.0,0.01282051282051282,0.0,0.01282051282051282,0.0,0.0,0.0,5.0,0.0,0.0,0.0,1.0,100.0
solar_elevation_gt_0,D+3,2024-04,taizhou_1,390.0,0.007692307692307693,0.0,0.007692307692307693,0.0,0.0,0.0,3.0,0.0,0.0,0.0,1.0,100.0
solar_elevation_gt_0,D+3,2024-04,taizhou_2,390.0,0.010256410256410256,0.0,0.010256410256410256,0.0,0.0,0.0,4.0,0.0,0.0,0.0,1.0,100.0
solar_elevation_gt_0,D+3,2024-04,wuxi_1,390.0,0.010256410256410256,0.0,0.010256410256410256,0.0,0.0,0.0,4.0,0.0,0.0,0.0,1.0,100.0
solar_elevation_gt_0,D+3,2024-04,xuzhou_1,389.0,0.017994858611825194,0.0,0.017994858611825194,0.0,0.0,0.0,7.0,0.0,0.0,0.0,0.5714285714285714,90.71428571428571
solar_elevation_gt_0,D+3,2024-04,xuzhou_2,390.0,0.017948717948717947,0.0,0.017948717948717947,0.0,0.0,0.0,7.0,0.0,0.0,0.0,0.7142857142857143,94.71428571428571
solar_elevation_gt_0,D+3,2024-04,yancheng_1,390.0,0.005128205128205128,0.0,0.005128205128205128,0.0,0.0,0.0,2.0,0.0,0.0,0.0,1.0,100.0
solar_elevation_gt_0,D+3,2024-04,yancheng_2,390.0,0.010256410256410256,0.0,0.010256410256410256,0.0,0.0,0.0,4.0,0.0,0.0,0.0,1.0,100.0
solar_elevation_gt_0,D+3,2024-04,yancheng_3,390.0,0.007692307692307693,0.0,0.007692307692307693,0.0,0.0,0.0,3.0,0.0,0.0,0.0,1.0,100.0
solar_elevation_gt_0,D+3,2024-05,changzhou_1,409.0,0.014669926650366748,0.0,0.014669926650366748,0.0,0.0,0.0,6.0,0.0,0.0,0.0,0.0,76.5
solar_elevation_gt_0,D+3,2024-05,huai_an_1,421.0,0.026128266033254157,0.0,0.026128266033254157,0.0,0.0,0.0,11.0,0.0,0.0,0.0,0.0,55.63636363636363
solar_elevation_gt_0,D+3,2024-05,huai_an_2,427.0,0.03278688524590164,0.0,0.03278688524590164,0.0,0.0,0.0,14.0,0.0,0.0,0.0,0.42857142857142855,67.28571428571429
solar_elevation_gt_0,D+3,2024-05,huai_an_3,418.0,0.007177033492822967,0.0,0.007177033492822967,0.0,0.0,0.0,3.0,0.0,0.0,0.0,0.0,100.0
solar_elevation_gt_0,D+3,2024-05,lianyungang_1,431.0,0.025522041763341066,0.0,0.025522041763341066,0.0,0.0,0.0,11.0,0.0,0.0,0.0,0.2727272727272727,55.72727272727273
solar_elevation_gt_0,D+3,2024-05,lianyungang_2,432.0,0.037037037037037035,0.0,0.037037037037037035,0.0,0.0,0.0,16.0,0.0,0.0,0.0,0.625,53.25
solar_elevation_gt_0,D+3,2024-05,nanjing_1,411.0,0.0,0.0,0.0,0.0,0.0,0.0,0.0,,,,,
solar_elevation_gt_0,D+3,2024-05,nanjing_2,407.0,0.0,0.0,0.0,0.0,0.0,0.0,0.0,,,,,
solar_elevation_gt_0,D+3,2024-05,nantong_1,421.0,0.04275534441805225,0.0,0.04275534441805225,0.0,0.0,0.0,18.0,0.0,0.0,0.0,0.5555555555555556,46.22222222222222
solar_elevation_gt_0,D+3,2024-05,nantong_2,425.0,0.04941176470588235,0.0,0.04941176470588235,0.0,0.0,0.0,21.0,0.0,0.0,0.0,0.7142857142857143,58.61904761904762
solar_elevation_gt_0,D+3,2024-05,suqian_1,425.0,0.011764705882352941,0.0,0.011764705882352941,0.0,0.0,0.0,5.0,0.0,0.0,0.0,0.0,79.8
solar_elevation_gt_0,D+3,2024-05,suzhou_1,419.0,0.03818615751789976,0.0,0.03818615751789976,0.0,0.0,0.0,16.0,0.0,0.0,0.0,0.5,59.875
solar_elevation_gt_0,D+3,2024-05,taizhou_1,419.0,0.028639618138424822,0.0,0.028639618138424822,0.0,0.0,0.0,12.0,0.0,0.0,0.0,0.16666666666666666,59.583333333333336
solar_elevation_gt_0,D+3,2024-05,taizhou_2,420.0,0.04047619047619048,0.0,0.04047619047619048,0.0,0.0,0.0,17.0,0.0,0.0,0.0,0.5882352941176471,49.76470588235294
solar_elevation_gt_0,D+3,2024-05,wuxi_1,412.0,0.021844660194174758,0.0,0.021844660194174758,0.0,0.0,0.0,9.0,0.0,0.0,0.0,0.0,84.22222222222223
solar_elevation_gt_0,D+3,2024-05,xuzhou_1,430.0,0.0,0.0,0.0,0.0,0.0,0.0,0.0,,,,,
solar_elevation_gt_0,D+3,2024-05,xuzhou_2,425.0,0.0,0.0,0.0,0.0,0.0,0.0,0.0,,,,,
solar_elevation_gt_0,D+3,2024-05,yancheng_1,427.0,0.03747072599531616,0.0,0.03747072599531616,0.0,0.0,0.0,16.0,0.0,0.0,0.0,0.5625,55.0625
solar_elevation_gt_0,D+3,2024-05,yancheng_2,421.0,0.04275534441805225,0.0,0.04275534441805225,0.0,0.0,0.0,18.0,0.0,0.0,0.0,0.6666666666666666,51.333333333333336
solar_elevation_gt_0,D+3,2024-05,yancheng_3,421.0,0.030878859857482184,0.0,0.030878859857482184,0.0,0.0,0.0,13.0,0.0,0.0,0.0,0.38461538461538464,63.0
solar_elevation_gt_0,D+3,2024-06,changzhou_1,445.0,0.058426966292134834,0.0,0.058426966292134834,0.0,0.0,0.0,26.0,0.0,0.0,0.0,0.0,85.53846153846153
solar_elevation_gt_0,D+3,2024-06,huai_an_1,450.0,0.06666666666666667,0.0,0.06666666666666667,0.0,0.0,0.0,30.0,0.0,0.0,0.0,0.7,80.1
solar_elevation_gt_0,D+3,2024-06,huai_an_2,450.0,0.06666666666666667,0.0,0.06666666666666667,0.0,0.0,0.0,30.0,0.0,0.0,0.0,0.9333333333333333,83.23333333333333
solar_elevation_gt_0,D+3,2024-06,huai_an_3,444.0,0.05405405405405406,0.0,0.05405405405405406,0.0,0.0,0.0,24.0,0.0,0.0,0.0,0.0,76.20833333333333
solar_elevation_gt_0,D+3,2024-06,lianyungang_1,450.0,0.06666666666666667,0.0,0.06666666666666667,0.0,0.0,0.0,30.0,0.0,0.0,0.0,0.8333333333333334,67.53333333333333
solar_elevation_gt_0,D+3,2024-06,lianyungang_2,450.0,0.06666666666666667,0.0,0.06666666666666667,0.0,0.0,0.0,30.0,0.0,0.0,0.0,1.0,71.9
solar_elevation_gt_0,D+3,2024-06,nanjing_1,420.0,0.0,0.0,0.0,0.0,0.0,0.0,0.0,,,,,
solar_elevation_gt_0,D+3,2024-06,nanjing_2,425.0,0.011764705882352941,0.0,0.011764705882352941,0.0,0.0,0.0,5.0,0.0,0.0,0.0,0.0,75.2
solar_elevation_gt_0,D+3,2024-06,nantong_1,440.0,0.06818181818181818,0.0,0.06818181818181818,0.0,0.0,0.0,30.0,0.0,0.0,0.0,1.0,88.0
solar_elevation_gt_0,D+3,2024-06,nantong_2,432.0,0.037037037037037035,0.0,0.037037037037037035,0.0,0.0,0.0,16.0,0.0,0.0,0.0,1.0,99.0
solar_elevation_gt_0,D+3,2024-06,suqian_1,447.0,0.06263982102908278,0.0,0.06263982102908278,0.0,0.0,0.0,28.0,0.0,0.0,0.0,0.03571428571428571,73.53571428571429
solar_elevation_gt_0,D+3,2024-06,suzhou_1,437.0,0.06864988558352403,0.0,0.06864988558352403,0.0,0.0,0.0,30.0,0.0,0.0,0.0,0.9666666666666667,83.83333333333333
solar_elevation_gt_0,D+3,2024-06,taizhou_1,450.0,0.06666666666666667,0.0,0.06666666666666667,0.0,0.0,0.0,30.0,0.0,0.0,0.0,0.7666666666666667,80.0
solar_elevation_gt_0,D+3,2024-06,taizhou_2,448.0,0.06696428571428571,0.0,0.06696428571428571,0.0,0.0,0.0,30.0,0.0,0.0,0.0,1.0,79.6
solar_elevation_gt_0,D+3,2024-06,wuxi_1,442.0,0.06561085972850679,0.0,0.06561085972850679,0.0,0.0,0.0,29.0,0.0,0.0,0.0,0.0,81.10344827586206
solar_elevation_gt_0,D+3,2024-06,xuzhou_1,420.0,0.0,0.0,0.0,0.0,0.0,0.0,0.0,,,,,
solar_elevation_gt_0,D+3,2024-06,xuzhou_2,435.0,0.034482758620689655,0.0,0.034482758620689655,0.0,0.0,0.0,15.0,0.0,0.0,0.0,0.0,69.66666666666667
solar_elevation_gt_0,D+3,2024-06,yancheng_1,450.0,0.06666666666666667,0.0,0.06666666666666667,0.0,0.0,0.0,30.0,0.0,0.0,0.0,1.0,83.96666666666667
solar_elevation_gt_0,D+3,2024-06,yancheng_2,450.0,0.06666666666666667,0.0,0.06666666666666667,0.0,0.0,0.0,30.0,0.0,0.0,0.0,1.0,84.63333333333334
solar_elevation_gt_0,D+3,2024-06,yancheng_3,450.0,0.06666666666666667,0.0,0.06666666666666667,0.0,0.0,0.0,30.0,0.0,0.0,0.0,0.8666666666666667,83.33333333333333
solar_elevation_gt_0,D+3,2024-07,changzhou_1,428.0,0.0,0.0,0.0,0.0,0.0,0.0,0.0,,,,,
solar_elevation_gt_0,D+3,2024-07,huai_an_1,437.0,0.006864988558352402,0.0,0.006864988558352402,0.0,0.0,0.0,3.0,0.0,0.0,0.0,0.0,100.0
solar_elevation_gt_0,D+3,2024-07,huai_an_2,441.0,0.015873015873015872,0.0,0.015873015873015872,0.0,0.0,0.0,7.0,0.0,0.0,0.0,0.0,91.42857142857143
solar_elevation_gt_0,D+3,2024-07,huai_an_3,434.0,0.004608294930875576,0.0,0.004608294930875576,0.0,0.0,0.0,2.0,0.0,0.0,0.0,1.0,100.0
solar_elevation_gt_0,D+3,2024-07,lianyungang_1,439.0,0.015945330296127564,0.0,0.015945330296127564,0.0,0.0,0.0,7.0,0.0,0.0,0.0,0.2857142857142857,86.42857142857143
solar_elevation_gt_0,D+3,2024-07,lianyungang_2,444.0,0.024774774774774775,0.0,0.024774774774774775,0.0,0.0,0.0,11.0,0.0,0.0,0.0,0.2727272727272727,91.36363636363636
solar_elevation_gt_0,D+3,2024-07,nanjing_1,434.0,0.0,0.0,0.0,0.0,0.0,0.0,0.0,,,,,
solar_elevation_gt_0,D+3,2024-07,nanjing_2,432.0,0.0,0.0,0.0,0.0,0.0,0.0,0.0,,,,,
solar_elevation_gt_0,D+3,2024-07,nantong_1,431.0,0.02320185614849188,0.0,0.02320185614849188,0.0,0.0,0.0,10.0,0.0,0.0,0.0,0.1,84.7
solar_elevation_gt_0,D+3,2024-07,nantong_2,428.0,0.035046728971962614,0.0,0.035046728971962614,0.0,0.0,0.0,15.0,0.0,0.0,0.0,0.4666666666666667,85.26666666666667
solar_elevation_gt_0,D+3,2024-07,suqian_1,434.0,0.002304147465437788,0.0,0.002304147465437788,0.0,0.0,0.0,1.0,0.0,0.0,0.0,1.0,100.0
solar_elevation_gt_0,D+3,2024-07,suzhou_1,426.0,0.018779342723004695,0.0,0.018779342723004695,0.0,0.0,0.0,8.0,0.0,0.0,0.0,0.0,71.5
solar_elevation_gt_0,D+3,2024-07,taizhou_1,436.0,0.009174311926605505,0.0,0.009174311926605505,0.0,0.0,0.0,4.0,0.0,0.0,0.0,0.0,81.75
solar_elevation_gt_0,D+3,2024-07,taizhou_2,437.0,0.02288329519450801,0.0,0.02288329519450801,0.0,0.0,0.0,10.0,0.0,0.0,0.0,0.2,100.0
solar_elevation_gt_0,D+3,2024-07,wuxi_1,424.0,0.0,0.0,0.0,0.0,0.0,0.0,0.0,,,,,
solar_elevation_gt_0,D+3,2024-07,xuzhou_1,434.0,0.004608294930875576,0.0,0.004608294930875576,0.0,0.0,0.0,2.0,0.0,0.0,0.0,1.0,100.0
solar_elevation_gt_0,D+3,2024-07,xuzhou_2,434.0,0.004608294930875576,0.0,0.004608294930875576,0.0,0.0,0.0,2.0,0.0,0.0,0.0,1.0,100.0
solar_elevation_gt_0,D+3,2024-07,yancheng_1,443.0,0.020316027088036117,0.0,0.020316027088036117,0.0,0.0,0.0,9.0,0.0,0.0,0.0,0.1111111111111111,94.11111111111111
solar_elevation_gt_0,D+3,2024-07,yancheng_2,440.0,0.02727272727272727,0.0,0.02727272727272727,0.0,0.0,0.0,12.0,0.0,0.0,0.0,0.3333333333333333,100.0
solar_elevation_gt_0,D+3,2024-07,yancheng_3,439.0,0.01366742596810934,0.0,0.01366742596810934,0.0,0.0,0.0,6.0,0.0,0.0,0.0,0.0,100.0
solar_elevation_gt_0,D+3,2024-08,changzhou_1,403.0,0.0024813895781637717,0.0,0.0024813895781637717,0.0,0.0,0.0,1.0,0.0,0.0,0.0,1.0,100.0
solar_elevation_gt_0,D+3,2024-08,huai_an_1,403.0,0.0,0.0,0.0,0.0,0.0,0.0,0.0,,,,,
solar_elevation_gt_0,D+3,2024-08,huai_an_2,405.0,0.0,0.0,0.0,0.0,0.0,0.0,0.0,,,,,
solar_elevation_gt_0,D+3,2024-08,huai_an_3,407.0,0.0,0.0,0.0,0.0,0.0,0.0,0.0,,,,,
solar_elevation_gt_0,D+3,2024-08,lianyungang_1,410.0,0.0,0.0,0.0,0.0,0.0,0.0,0.0,,,,,
solar_elevation_gt_0,D+3,2024-08,lianyungang_2,407.0,0.002457002457002457,0.0,0.002457002457002457,0.0,0.0,0.0,1.0,0.0,0.0,0.0,1.0,100.0
solar_elevation_gt_0,D+3,2024-08,nanjing_1,405.0,0.0049382716049382715,0.0,0.0049382716049382715,0.0,0.0,0.0,2.0,0.0,0.0,0.0,1.0,100.0
solar_elevation_gt_0,D+3,2024-08,nanjing_2,403.0,0.0024813895781637717,0.0,0.0024813895781637717,0.0,0.0,0.0,1.0,0.0,0.0,0.0,1.0,100.0
solar_elevation_gt_0,D+3,2024-08,nantong_1,403.0,0.0,0.0,0.0,0.0,0.0,0.0,0.0,,,,,
solar_elevation_gt_0,D+3,2024-08,nantong_2,403.0,0.0,0.0,0.0,0.0,0.0,0.0,0.0,,,,,
solar_elevation_gt_0,D+3,2024-08,suqian_1,410.0,0.0024390243902439024,0.0,0.0024390243902439024,0.0,0.0,0.0,1.0,0.0,0.0,0.0,1.0,100.0
solar_elevation_gt_0,D+3,2024-08,suzhou_1,403.0,0.0,0.0,0.0,0.0,0.0,0.0,0.0,,,,,
solar_elevation_gt_0,D+3,2024-08,taizhou_1,403.0,0.0,0.0,0.0,0.0,0.0,0.0,0.0,,,,,
solar_elevation_gt_0,D+3,2024-08,taizhou_2,403.0,0.0024813895781637717,0.0,0.0024813895781637717,0.0,0.0,0.0,1.0,0.0,0.0,0.0,1.0,100.0
solar_elevation_gt_0,D+3,2024-08,wuxi_1,403.0,0.0024813895781637717,0.0,0.0024813895781637717,0.0,0.0,0.0,1.0,0.0,0.0,0.0,1.0,100.0
solar_elevation_gt_0,D+3,2024-08,xuzhou_1,418.0,0.004784688995215311,0.0,0.004784688995215311,0.0,0.0,0.0,2.0,0.0,0.0,0.0,1.0,100.0
solar_elevation_gt_0,D+3,2024-08,xuzhou_2,414.0,0.007246376811594203,0.0,0.007246376811594203,0.0,0.0,0.0,3.0,0.0,0.0,0.0,1.0,100.0
solar_elevation_gt_0,D+3,2024-08,yancheng_1,404.0,0.0,0.0,0.0,0.0,0.0,0.0,0.0,,,,,
solar_elevation_gt_0,D+3,2024-08,yancheng_2,403.0,0.0024813895781637717,0.0,0.0024813895781637717,0.0,0.0,0.0,1.0,0.0,0.0,0.0,1.0,100.0
solar_elevation_gt_0,D+3,2024-08,yancheng_3,403.0,0.0,0.0,0.0,0.0,0.0,0.0,0.0,,,,,
solar_elevation_gt_0,D+3,2024-09,changzhou_1,379.0,0.03430079155672823,0.0,0.03430079155672823,0.0,0.0,0.0,13.0,0.0,0.0,0.0,1.0,68.23076923076923
solar_elevation_gt_0,D+3,2024-09,huai_an_1,380.0,0.039473684210526314,0.0,0.039473684210526314,0.0,0.0,0.0,15.0,0.0,0.0,0.0,0.8,61.86666666666667
solar_elevation_gt_0,D+3,2024-09,huai_an_2,380.0,0.042105263157894736,0.0,0.042105263157894736,0.0,0.0,0.0,16.0,0.0,0.0,0.0,0.8125,58.25
solar_elevation_gt_0,D+3,2024-09,huai_an_3,380.0,0.04736842105263158,0.0,0.04736842105263158,0.0,0.0,0.0,18.0,0.0,0.0,0.0,0.6666666666666666,63.333333333333336
solar_elevation_gt_0,D+3,2024-09,lianyungang_1,379.0,0.044854881266490766,0.0,0.044854881266490766,0.0,0.0,0.0,17.0,0.0,0.0,0.0,0.7058823529411765,53.529411764705884
solar_elevation_gt_0,D+3,2024-09,lianyungang_2,380.0,0.05,0.0,0.05,0.0,0.0,0.0,19.0,0.0,0.0,0.0,0.8421052631578947,57.63157894736842
solar_elevation_gt_0,D+3,2024-09,nanjing_1,380.0,0.04736842105263158,0.0,0.04736842105263158,0.0,0.0,0.0,18.0,0.0,0.0,0.0,0.6666666666666666,56.333333333333336
solar_elevation_gt_0,D+3,2024-09,nanjing_2,381.0,0.04461942257217848,0.0,0.04461942257217848,0.0,0.0,0.0,17.0,0.0,0.0,0.0,0.7058823529411765,66.41176470588235
solar_elevation_gt_0,D+3,2024-09,nantong_1,375.0,0.018666666666666668,0.0,0.018666666666666668,0.0,0.0,0.0,7.0,0.0,0.0,0.0,1.0,93.42857142857143
solar_elevation_gt_0,D+3,2024-09,nantong_2,373.0,0.00804289544235925,0.0,0.00804289544235925,0.0,0.0,0.0,3.0,0.0,0.0,0.0,1.0,100.0
solar_elevation_gt_0,D+3,2024-09,suqian_1,379.0,0.04221635883905013,0.0,0.04221635883905013,0.0,0.0,0.0,16.0,0.0,0.0,0.0,0.625,65.75
solar_elevation_gt_0,D+3,2024-09,suzhou_1,375.0,0.016,0.0,0.016,0.0,0.0,0.0,6.0,0.0,0.0,0.0,1.0,75.5
solar_elevation_gt_0,D+3,2024-09,taizhou_1,379.0,0.036939313984168866,0.0,0.036939313984168866,0.0,0.0,0.0,14.0,0.0,0.0,0.0,0.9285714285714286,65.35714285714286
solar_elevation_gt_0,D+3,2024-09,taizhou_2,376.0,0.02925531914893617,0.0,0.02925531914893617,0.0,0.0,0.0,11.0,0.0,0.0,0.0,1.0,69.54545454545455
solar_elevation_gt_0,D+3,2024-09,wuxi_1,377.0,0.03183023872679045,0.0,0.03183023872679045,0.0,0.0,0.0,12.0,0.0,0.0,0.0,1.0,69.91666666666667
solar_elevation_gt_0,D+3,2024-09,xuzhou_1,374.0,0.0427807486631016,0.0,0.0427807486631016,0.0,0.0,0.0,16.0,0.0,0.0,0.0,0.6875,61.6875
solar_elevation_gt_0,D+3,2024-09,xuzhou_2,377.0,0.04774535809018567,0.0,0.04774535809018567,0.0,0.0,0.0,18.0,0.0,0.0,0.0,0.6666666666666666,57.55555555555556
solar_elevation_gt_0,D+3,2024-09,yancheng_1,379.0,0.03430079155672823,0.0,0.03430079155672823,0.0,0.0,0.0,13.0,0.0,0.0,0.0,0.9230769230769231,61.0
solar_elevation_gt_0,D+3,2024-09,yancheng_2,376.0,0.02925531914893617,0.0,0.02925531914893617,0.0,0.0,0.0,11.0,0.0,0.0,0.0,1.0,65.54545454545455
solar_elevation_gt_0,D+3,2024-09,yancheng_3,379.0,0.03430079155672823,0.0,0.03430079155672823,0.0,0.0,0.0,13.0,0.0,0.0,0.0,0.9230769230769231,62.07692307692308
solar_elevation_gt_0,D+3,2024-10,changzhou_1,347.0,0.020172910662824207,0.0,0.020172910662824207,0.0,0.0,0.0,7.0,0.0,0.0,0.0,0.14285714285714285,57.857142857142854
solar_elevation_gt_0,D+3,2024-10,huai_an_1,344.0,0.011627906976744186,0.0,0.011627906976744186,0.0,0.0,0.0,4.0,0.0,0.0,0.0,0.25,26.5
solar_elevation_gt_0,D+3,2024-10,huai_an_2,343.0,0.011661807580174927,0.0,0.011661807580174927,0.0,0.0,0.0,4.0,0.0,0.0,0.0,0.5,51.25
solar_elevation_gt_0,D+3,2024-10,huai_an_3,341.0,0.0,0.0,0.0,0.0,0.0,0.0,0.0,,,,,
solar_elevation_gt_0,D+3,2024-10,lianyungang_1,341.0,0.002932551319648094,0.0,0.002932551319648094,0.0,0.0,0.0,1.0,0.0,0.0,0.0,1.0,100.0
solar_elevation_gt_0,D+3,2024-10,lianyungang_2,343.0,0.008746355685131196,0.0,0.008746355685131196,0.0,0.0,0.0,3.0,0.0,0.0,0.0,0.3333333333333333,33.333333333333336
solar_elevation_gt_0,D+3,2024-10,nanjing_1,341.0,0.002932551319648094,0.0,0.002932551319648094,0.0,0.0,0.0,1.0,0.0,0.0,0.0,1.0,100.0
solar_elevation_gt_0,D+3,2024-10,nanjing_2,342.0,0.005847953216374269,0.0,0.005847953216374269,0.0,0.0,0.0,2.0,0.0,0.0,0.0,0.5,52.5
solar_elevation_gt_0,D+3,2024-10,nantong_1,354.0,0.03672316384180791,0.0,0.03672316384180791,0.0,0.0,0.0,13.0,0.0,0.0,0.0,0.5384615384615384,78.61538461538461
solar_elevation_gt_0,D+3,2024-10,nantong_2,358.0,0.04189944134078212,0.0,0.04189944134078212,0.0,0.0,0.0,15.0,0.0,0.0,0.0,0.6,87.6
solar_elevation_gt_0,D+3,2024-10,suqian_1,341.0,0.002932551319648094,0.0,0.002932551319648094,0.0,0.0,0.0,1.0,0.0,0.0,0.0,1.0,100.0
solar_elevation_gt_0,D+3,2024-10,suzhou_1,354.0,0.03672316384180791,0.0,0.03672316384180791,0.0,0.0,0.0,13.0,0.0,0.0,0.0,0.6153846153846154,85.07692307692308
solar_elevation_gt_0,D+3,2024-10,taizhou_1,346.0,0.014450867052023121,0.0,0.014450867052023121,0.0,0.0,0.0,5.0,0.0,0.0,0.0,0.0,41.0
solar_elevation_gt_0,D+3,2024-10,taizhou_2,350.0,0.025714285714285714,0.0,0.025714285714285714,0.0,0.0,0.0,9.0,0.0,0.0,0.0,0.4444444444444444,64.66666666666667
solar_elevation_gt_0,D+3,2024-10,wuxi_1,350.0,0.025714285714285714,0.0,0.025714285714285714,0.0,0.0,0.0,9.0,0.0,0.0,0.0,0.3333333333333333,77.77777777777777
solar_elevation_gt_0,D+3,2024-10,xuzhou_1,341.0,0.002932551319648094,0.0,0.002932551319648094,0.0,0.0,0.0,1.0,0.0,0.0,0.0,1.0,100.0
solar_elevation_gt_0,D+3,2024-10,xuzhou_2,341.0,0.002932551319648094,0.0,0.002932551319648094,0.0,0.0,0.0,1.0,0.0,0.0,0.0,1.0,100.0
solar_elevation_gt_0,D+3,2024-10,yancheng_1,345.0,0.011594202898550725,0.0,0.011594202898550725,0.0,0.0,0.0,4.0,0.0,0.0,0.0,0.0,26.5
solar_elevation_gt_0,D+3,2024-10,yancheng_2,350.0,0.025714285714285714,0.0,0.025714285714285714,0.0,0.0,0.0,9.0,0.0,0.0,0.0,0.4444444444444444,55.888888888888886
solar_elevation_gt_0,D+3,2024-10,yancheng_3,346.0,0.017341040462427744,0.0,0.017341040462427744,0.0,0.0,0.0,6.0,0.0,0.0,0.0,0.16666666666666666,50.833333333333336
solar_elevation_gt_0,D+3,2024-11,changzhou_1,316.0,0.006329113924050633,0.0,0.006329113924050633,0.0,0.0,0.0,2.0,0.0,0.0,0.0,1.0,100.0
solar_elevation_gt_0,D+3,2024-11,huai_an_1,313.0,0.006389776357827476,0.0,0.006389776357827476,0.0,0.0,0.0,2.0,0.0,0.0,0.0,1.0,100.0
solar_elevation_gt_0,D+3,2024-11,huai_an_2,311.0,0.01607717041800643,0.0,0.01607717041800643,0.0,0.0,0.0,5.0,0.0,0.0,0.0,1.0,80.0
solar_elevation_gt_0,D+3,2024-11,huai_an_3,319.0,0.018808777429467086,0.0,0.018808777429467086,0.0,0.0,0.0,6.0,0.0,0.0,0.0,1.0,50.0
solar_elevation_gt_0,D+3,2024-11,lianyungang_1,313.0,0.022364217252396165,0.0,0.022364217252396165,0.0,0.0,0.0,7.0,0.0,0.0,0.0,0.8571428571428571,28.571428571428573
solar_elevation_gt_0,D+3,2024-11,lianyungang_2,308.0,0.01948051948051948,0.0,0.01948051948051948,0.0,0.0,0.0,6.0,0.0,0.0,0.0,1.0,34.166666666666664
solar_elevation_gt_0,D+3,2024-11,nanjing_1,328.0,0.009146341463414634,0.0,0.009146341463414634,0.0,0.0,0.0,3.0,0.0,0.0,0.0,1.0,100.0
solar_elevation_gt_0,D+3,2024-11,nanjing_2,324.0,0.0,0.0,0.0,0.0,0.0,0.0,0.0,,,,,
solar_elevation_gt_0,D+3,2024-11,nantong_1,306.0,0.0032679738562091504,0.0,0.0032679738562091504,0.0,0.0,0.0,1.0,0.0,0.0,0.0,1.0,100.0
solar_elevation_gt_0,D+3,2024-11,nantong_2,303.0,0.0,0.0,0.0,0.0,0.0,0.0,0.0,,,,,
solar_elevation_gt_0,D+3,2024-11,suqian_1,319.0,0.025078369905956112,0.0,0.025078369905956112,0.0,0.0,0.0,8.0,0.0,0.0,0.0,1.0,26.25
solar_elevation_gt_0,D+3,2024-11,suzhou_1,307.0,0.003257328990228013,0.0,0.003257328990228013,0.0,0.0,0.0,1.0,0.0,0.0,0.0,1.0,100.0
solar_elevation_gt_0,D+3,2024-11,taizhou_1,312.0,0.009615384615384616,0.0,0.009615384615384616,0.0,0.0,0.0,3.0,0.0,0.0,0.0,1.0,100.0
solar_elevation_gt_0,D+3,2024-11,taizhou_2,307.0,0.003257328990228013,0.0,0.003257328990228013,0.0,0.0,0.0,1.0,0.0,0.0,0.0,1.0,100.0
solar_elevation_gt_0,D+3,2024-11,wuxi_1,314.0,0.0,0.0,0.0,0.0,0.0,0.0,0.0,,,,,
solar_elevation_gt_0,D+3,2024-11,xuzhou_1,325.0,0.04923076923076923,0.0,0.04923076923076923,0.0,0.0,0.0,16.0,0.0,0.0,0.0,0.75,75.375
solar_elevation_gt_0,D+3,2024-11,xuzhou_2,325.0,0.04,0.0,0.04,0.0,0.0,0.0,13.0,0.0,0.0,0.0,0.6153846153846154,42.15384615384615
solar_elevation_gt_0,D+3,2024-11,yancheng_1,309.0,0.006472491909385114,0.0,0.006472491909385114,0.0,0.0,0.0,2.0,0.0,0.0,0.0,1.0,100.0
solar_elevation_gt_0,D+3,2024-11,yancheng_2,306.0,0.0,0.0,0.0,0.0,0.0,0.0,0.0,,,,,
solar_elevation_gt_0,D+3,2024-11,yancheng_3,311.0,0.003215434083601286,0.0,0.003215434083601286,0.0,0.0,0.0,1.0,0.0,0.0,0.0,1.0,100.0
solar_elevation_gt_0,D+3,2024-12,changzhou_1,316.0,0.06329113924050633,0.0,0.06329113924050633,0.0,0.0,0.0,20.0,0.0,0.0,0.0,0.6,51.1
solar_elevation_gt_0,D+3,2024-12,huai_an_1,300.0,0.043333333333333335,0.0,0.043333333333333335,0.0,0.0,0.0,13.0,0.0,0.0,0.0,0.5384615384615384,55.23076923076923
solar_elevation_gt_0,D+3,2024-12,huai_an_2,293.0,0.03754266211604096,0.0,0.03754266211604096,0.0,0.0,0.0,11.0,0.0,0.0,0.0,0.5454545454545454,49.90909090909091
solar_elevation_gt_0,D+3,2024-12,huai_an_3,301.0,0.029900332225913623,0.0,0.029900332225913623,0.0,0.0,0.0,9.0,0.0,0.0,0.0,0.4444444444444444,63.666666666666664
solar_elevation_gt_0,D+3,2024-12,lianyungang_1,288.0,0.013888888888888888,0.0,0.013888888888888888,0.0,0.0,0.0,4.0,0.0,0.0,0.0,0.0,51.5
solar_elevation_gt_0,D+3,2024-12,lianyungang_2,287.0,0.027874564459930314,0.0,0.027874564459930314,0.0,0.0,0.0,8.0,0.0,0.0,0.0,0.375,52.0
solar_elevation_gt_0,D+3,2024-12,nanjing_1,316.0,0.04430379746835443,0.0,0.04430379746835443,0.0,0.0,0.0,14.0,0.0,0.0,0.0,0.5714285714285714,58.142857142857146
solar_elevation_gt_0,D+3,2024-12,nanjing_2,318.0,0.05345911949685535,0.0,0.05345911949685535,0.0,0.0,0.0,17.0,0.0,0.0,0.0,0.5882352941176471,56.588235294117645
solar_elevation_gt_0,D+3,2024-12,nantong_1,311.0,0.06430868167202572,0.0,0.06430868167202572,0.0,0.0,0.0,20.0,0.0,0.0,0.0,0.7,46.85
solar_elevation_gt_0,D+3,2024-12,nantong_2,310.0,0.04516129032258064,0.0,0.04516129032258064,0.0,0.0,0.0,14.0,0.0,0.0,0.0,1.0,37.5
solar_elevation_gt_0,D+3,2024-12,suqian_1,296.0,0.016891891891891893,0.0,0.016891891891891893,0.0,0.0,0.0,5.0,0.0,0.0,0.0,0.0,63.6
solar_elevation_gt_0,D+3,2024-12,suzhou_1,313.0,0.06389776357827476,0.0,0.06389776357827476,0.0,0.0,0.0,20.0,0.0,0.0,0.0,0.9,44.8
solar_elevation_gt_0,D+3,2024-12,taizhou_1,303.0,0.052805280528052806,0.0,0.052805280528052806,0.0,0.0,0.0,16.0,0.0,0.0,0.0,0.5625,50.1875
solar_elevation_gt_0,D+3,2024-12,taizhou_2,306.0,0.058823529411764705,0.0,0.058823529411764705,0.0,0.0,0.0,18.0,0.0,0.0,0.0,0.5,42.94444444444444
solar_elevation_gt_0,D+3,2024-12,wuxi_1,320.0,0.075,0.0,0.075,0.0,0.0,0.0,24.0,0.0,0.0,0.0,0.625,43.791666666666664
solar_elevation_gt_0,D+3,2024-12,xuzhou_1,310.0,0.0,0.0,0.0,0.0,0.0,0.0,0.0,,,,,
solar_elevation_gt_0,D+3,2024-12,xuzhou_2,297.0,0.0,0.0,0.0,0.0,0.0,0.0,0.0,,,,,
solar_elevation_gt_0,D+3,2024-12,yancheng_1,293.0,0.04436860068259386,0.0,0.04436860068259386,0.0,0.0,0.0,13.0,0.0,0.0,0.0,0.5384615384615384,48.0
solar_elevation_gt_0,D+3,2024-12,yancheng_2,302.0,0.056291390728476824,0.0,0.056291390728476824,0.0,0.0,0.0,17.0,0.0,0.0,0.0,0.5294117647058824,44.88235294117647
solar_elevation_gt_0,D+3,2024-12,yancheng_3,301.0,0.04983388704318937,0.0,0.04983388704318937,0.0,0.0,0.0,15.0,0.0,0.0,0.0,0.5333333333333333,47.8
solar_elevation_gt_0,D+3,2025-01,changzhou_1,320.0,0.03125,0.0,0.03125,0.0,0.0,0.0,10.0,0.0,0.0,0.0,0.2,64.3
solar_elevation_gt_0,D+3,2025-01,huai_an_1,312.0,0.00641025641025641,0.0,0.00641025641025641,0.0,0.0,0.0,2.0,0.0,0.0,0.0,0.0,100.0
solar_elevation_gt_0,D+3,2025-01,huai_an_2,310.0,0.0,0.0,0.0,0.0,0.0,0.0,0.0,,,,,
solar_elevation_gt_0,D+3,2025-01,huai_an_3,310.0,0.0,0.0,0.0,0.0,0.0,0.0,0.0,,,,,
solar_elevation_gt_0,D+3,2025-01,lianyungang_1,310.0,0.0,0.0,0.0,0.0,0.0,0.0,0.0,,,,,
solar_elevation_gt_0,D+3,2025-01,lianyungang_2,310.0,0.0,0.0,0.0,0.0,0.0,0.0,0.0,,,,,
solar_elevation_gt_0,D+3,2025-01,nanjing_1,310.0,0.0,0.0,0.0,0.0,0.0,0.0,0.0,,,,,
solar_elevation_gt_0,D+3,2025-01,nanjing_2,314.0,0.012738853503184714,0.0,0.012738853503184714,0.0,0.0,0.0,4.0,0.0,0.0,0.0,0.0,66.5
solar_elevation_gt_0,D+3,2025-01,nantong_1,341.0,0.09090909090909091,0.0,0.09090909090909091,0.0,0.0,0.0,31.0,0.0,0.0,0.0,0.3548387096774194,50.483870967741936
solar_elevation_gt_0,D+3,2025-01,nantong_2,338.0,0.07988165680473373,0.0,0.07988165680473373,0.0,0.0,0.0,27.0,0.0,0.0,0.0,1.0,52.96296296296296
solar_elevation_gt_0,D+3,2025-01,suqian_1,310.0,0.0,0.0,0.0,0.0,0.0,0.0,0.0,,,,,
solar_elevation_gt_0,D+3,2025-01,suzhou_1,341.0,0.09090909090909091,0.0,0.09090909090909091,0.0,0.0,0.0,31.0,0.0,0.0,0.0,0.45161290322580644,60.96774193548387
solar_elevation_gt_0,D+3,2025-01,taizhou_1,315.0,0.015873015873015872,0.0,0.015873015873015872,0.0,0.0,0.0,5.0,0.0,0.0,0.0,0.0,60.0
solar_elevation_gt_0,D+3,2025-01,taizhou_2,322.0,0.037267080745341616,0.0,0.037267080745341616,0.0,0.0,0.0,12.0,0.0,0.0,0.0,0.3333333333333333,66.66666666666667
solar_elevation_gt_0,D+3,2025-01,wuxi_1,341.0,0.09090909090909091,0.0,0.09090909090909091,0.0,0.0,0.0,31.0,0.0,0.0,0.0,0.22580645161290322,51.16129032258065
solar_elevation_gt_0,D+3,2025-01,xuzhou_1,310.0,0.0,0.0,0.0,0.0,0.0,0.0,0.0,,,,,
solar_elevation_gt_0,D+3,2025-01,xuzhou_2,310.0,0.0,0.0,0.0,0.0,0.0,0.0,0.0,,,,,
solar_elevation_gt_0,D+3,2025-01,yancheng_1,312.0,0.00641025641025641,0.0,0.00641025641025641,0.0,0.0,0.0,2.0,0.0,0.0,0.0,0.0,100.0
solar_elevation_gt_0,D+3,2025-01,yancheng_2,320.0,0.03125,0.0,0.03125,0.0,0.0,0.0,10.0,0.0,0.0,0.0,0.3,66.8
solar_elevation_gt_0,D+3,2025-01,yancheng_3,314.0,0.012738853503184714,0.0,0.012738853503184714,0.0,0.0,0.0,4.0,0.0,0.0,0.0,0.0,75.0
solar_elevation_gt_0,D+3,2025-02,changzhou_1,308.0,0.02922077922077922,0.0,0.02922077922077922,0.0,0.0,0.0,9.0,0.0,0.0,0.0,1.0,56.77777777777778
solar_elevation_gt_0,D+3,2025-02,huai_an_1,308.0,0.03571428571428571,0.0,0.03571428571428571,0.0,0.0,0.0,11.0,0.0,0.0,0.0,0.6363636363636364,59.09090909090909
solar_elevation_gt_0,D+3,2025-02,huai_an_2,308.0,0.03896103896103896,0.0,0.03896103896103896,0.0,0.0,0.0,12.0,0.0,0.0,0.0,0.5833333333333334,54.416666666666664
solar_elevation_gt_0,D+3,2025-02,huai_an_3,306.0,0.03594771241830065,0.0,0.03594771241830065,0.0,0.0,0.0,11.0,0.0,0.0,0.0,0.5454545454545454,72.63636363636364
solar_elevation_gt_0,D+3,2025-02,lianyungang_1,302.0,0.039735099337748346,0.0,0.039735099337748346,0.0,0.0,0.0,12.0,0.0,0.0,0.0,0.6666666666666666,81.16666666666667
solar_elevation_gt_0,D+3,2025-02,lianyungang_2,306.0,0.03594771241830065,0.0,0.03594771241830065,0.0,0.0,0.0,11.0,0.0,0.0,0.0,0.5454545454545454,60.72727272727273
solar_elevation_gt_0,D+3,2025-02,nanjing_1,310.0,0.041935483870967745,0.0,0.041935483870967745,0.0,0.0,0.0,13.0,0.0,0.0,0.0,0.5384615384615384,47.61538461538461
solar_elevation_gt_0,D+3,2025-02,nanjing_2,308.0,0.04220779220779221,0.0,0.04220779220779221,0.0,0.0,0.0,13.0,0.0,0.0,0.0,0.8461538461538461,64.38461538461539
solar_elevation_gt_0,D+3,2025-02,nantong_1,308.0,0.003246753246753247,0.0,0.003246753246753247,0.0,0.0,0.0,1.0,0.0,0.0,0.0,1.0,100.0
solar_elevation_gt_0,D+3,2025-02,nantong_2,308.0,0.003246753246753247,0.0,0.003246753246753247,0.0,0.0,0.0,1.0,0.0,0.0,0.0,1.0,100.0
solar_elevation_gt_0,D+3,2025-02,suqian_1,304.0,0.03289473684210526,0.0,0.03289473684210526,0.0,0.0,0.0,10.0,0.0,0.0,0.0,0.6,64.3
solar_elevation_gt_0,D+3,2025-02,suzhou_1,308.0,0.003246753246753247,0.0,0.003246753246753247,0.0,0.0,0.0,1.0,0.0,0.0,0.0,1.0,100.0
solar_elevation_gt_0,D+3,2025-02,taizhou_1,308.0,0.02922077922077922,0.0,0.02922077922077922,0.0,0.0,0.0,9.0,0.0,0.0,0.0,0.8888888888888888,79.11111111111111
solar_elevation_gt_0,D+3,2025-02,taizhou_2,308.0,0.016233766233766232,0.0,0.016233766233766232,0.0,0.0,0.0,5.0,0.0,0.0,0.0,1.0,62.4
solar_elevation_gt_0,D+3,2025-02,wuxi_1,308.0,0.012987012987012988,0.0,0.012987012987012988,0.0,0.0,0.0,4.0,0.0,0.0,0.0,1.0,75.0
solar_elevation_gt_0,D+3,2025-02,xuzhou_1,302.0,0.033112582781456956,0.0,0.033112582781456956,0.0,0.0,0.0,10.0,0.0,0.0,0.0,0.6,78.8
solar_elevation_gt_0,D+3,2025-02,xuzhou_2,303.0,0.036303630363036306,0.0,0.036303630363036306,0.0,0.0,0.0,11.0,0.0,0.0,0.0,0.6363636363636364,73.63636363636364
solar_elevation_gt_0,D+3,2025-02,yancheng_1,308.0,0.03571428571428571,0.0,0.03571428571428571,0.0,0.0,0.0,11.0,0.0,0.0,0.0,0.6363636363636364,61.81818181818182
solar_elevation_gt_0,D+3,2025-02,yancheng_2,308.0,0.01948051948051948,0.0,0.01948051948051948,0.0,0.0,0.0,6.0,0.0,0.0,0.0,1.0,81.83333333333333
solar_elevation_gt_0,D+3,2025-02,yancheng_3,308.0,0.032467532467532464,0.0,0.032467532467532464,0.0,0.0,0.0,10.0,0.0,0.0,0.0,0.8,71.1
solar_elevation_gt_0,D+3,2025-03,changzhou_1,376.0,0.023936170212765957,0.0,0.023936170212765957,0.0,0.0,0.0,9.0,0.0,0.0,0.0,0.6666666666666666,88.88888888888889
solar_elevation_gt_0,D+3,2025-03,huai_an_1,376.0,0.023936170212765957,0.0,0.023936170212765957,0.0,0.0,0.0,9.0,0.0,0.0,0.0,0.6666666666666666,95.11111111111111
solar_elevation_gt_0,D+3,2025-03,huai_an_2,375.0,0.018666666666666668,0.0,0.018666666666666668,0.0,0.0,0.0,7.0,0.0,0.0,0.0,0.5714285714285714,58.0
solar_elevation_gt_0,D+3,2025-03,huai_an_3,376.0,0.015957446808510637,0.0,0.015957446808510637,0.0,0.0,0.0,6.0,0.0,0.0,0.0,0.5,84.16666666666667
solar_elevation_gt_0,D+3,2025-03,lianyungang_1,376.0,0.015957446808510637,0.0,0.015957446808510637,0.0,0.0,0.0,6.0,0.0,0.0,0.0,0.5,46.333333333333336
solar_elevation_gt_0,D+3,2025-03,lianyungang_2,375.0,0.021333333333333333,0.0,0.021333333333333333,0.0,0.0,0.0,8.0,0.0,0.0,0.0,0.625,31.75
solar_elevation_gt_0,D+3,2025-03,nanjing_1,376.0,0.018617021276595744,0.0,0.018617021276595744,0.0,0.0,0.0,7.0,0.0,0.0,0.0,0.5714285714285714,81.14285714285714
solar_elevation_gt_0,D+3,2025-03,nanjing_2,377.0,0.015915119363395226,0.0,0.015915119363395226,0.0,0.0,0.0,6.0,0.0,0.0,0.0,0.5,100.0
solar_elevation_gt_0,D+3,2025-03,nantong_1,373.0,0.024128686327077747,0.0,0.024128686327077747,0.0,0.0,0.0,9.0,0.0,0.0,0.0,0.6666666666666666,55.55555555555556
solar_elevation_gt_0,D+3,2025-03,nantong_2,371.0,0.026954177897574125,0.0,0.026954177897574125,0.0,0.0,0.0,10.0,0.0,0.0,0.0,0.7,40.5
solar_elevation_gt_0,D+3,2025-03,suqian_1,375.0,0.013333333333333334,0.0,0.013333333333333334,0.0,0.0,0.0,5.0,0.0,0.0,0.0,0.6,61.2
solar_elevation_gt_0,D+3,2025-03,suzhou_1,373.0,0.021447721179624665,0.0,0.021447721179624665,0.0,0.0,0.0,8.0,0.0,0.0,0.0,0.625,50.0
solar_elevation_gt_0,D+3,2025-03,taizhou_1,375.0,0.02666666666666667,0.0,0.02666666666666667,0.0,0.0,0.0,10.0,0.0,0.0,0.0,0.7,80.6
solar_elevation_gt_0,D+3,2025-03,taizhou_2,373.0,0.01876675603217158,0.0,0.01876675603217158,0.0,0.0,0.0,7.0,0.0,0.0,0.0,0.5714285714285714,57.142857142857146
solar_elevation_gt_0,D+3,2025-03,wuxi_1,375.0,0.021333333333333333,0.0,0.021333333333333333,0.0,0.0,0.0,8.0,0.0,0.0,0.0,0.625,75.0
solar_elevation_gt_0,D+3,2025-03,xuzhou_1,372.0,0.002688172043010753,0.0,0.002688172043010753,0.0,0.0,0.0,1.0,0.0,0.0,0.0,1.0,100.0
solar_elevation_gt_0,D+3,2025-03,xuzhou_2,373.0,0.00804289544235925,0.0,0.00804289544235925,0.0,0.0,0.0,3.0,0.0,0.0,0.0,0.6666666666666666,66.66666666666667
solar_elevation_gt_0,D+3,2025-03,yancheng_1,375.0,0.021333333333333333,0.0,0.021333333333333333,0.0,0.0,0.0,8.0,0.0,0.0,0.0,0.625,62.5
solar_elevation_gt_0,D+3,2025-03,yancheng_2,373.0,0.01876675603217158,0.0,0.01876675603217158,0.0,0.0,0.0,7.0,0.0,0.0,0.0,0.5714285714285714,57.142857142857146
solar_elevation_gt_0,D+3,2025-03,yancheng_3,375.0,0.024,0.0,0.024,0.0,0.0,0.0,9.0,0.0,0.0,0.0,0.6666666666666666,88.88888888888889
solar_elevation_gt_0,D+3,2025-04,changzhou_1,390.0,0.002564102564102564,0.0,0.002564102564102564,0.0,0.0,0.0,1.0,0.0,0.0,0.0,1.0,100.0
solar_elevation_gt_0,D+3,2025-04,huai_an_1,390.0,0.007692307692307693,0.0,0.007692307692307693,0.0,0.0,0.0,3.0,0.0,0.0,0.0,1.0,66.66666666666667
solar_elevation_gt_0,D+3,2025-04,huai_an_2,390.0,0.005128205128205128,0.0,0.005128205128205128,0.0,0.0,0.0,2.0,0.0,0.0,0.0,1.0,50.0
solar_elevation_gt_0,D+3,2025-04,huai_an_3,390.0,0.01282051282051282,0.0,0.01282051282051282,0.0,0.0,0.0,5.0,0.0,0.0,0.0,1.0,72.0
solar_elevation_gt_0,D+3,2025-04,lianyungang_1,390.0,0.007692307692307693,0.0,0.007692307692307693,0.0,0.0,0.0,3.0,0.0,0.0,0.0,1.0,54.0
solar_elevation_gt_0,D+3,2025-04,lianyungang_2,390.0,0.0,0.0,0.0,0.0,0.0,0.0,0.0,,,,,
solar_elevation_gt_0,D+3,2025-04,nanjing_1,390.0,0.01282051282051282,0.0,0.01282051282051282,0.0,0.0,0.0,5.0,0.0,0.0,0.0,1.0,78.0
solar_elevation_gt_0,D+3,2025-04,nanjing_2,390.0,0.01282051282051282,0.0,0.01282051282051282,0.0,0.0,0.0,5.0,0.0,0.0,0.0,1.0,44.0
solar_elevation_gt_0,D+3,2025-04,nantong_1,390.0,0.002564102564102564,0.0,0.002564102564102564,0.0,0.0,0.0,1.0,0.0,0.0,0.0,1.0,100.0
solar_elevation_gt_0,D+3,2025-04,nantong_2,390.0,0.002564102564102564,0.0,0.002564102564102564,0.0,0.0,0.0,1.0,0.0,0.0,0.0,1.0,100.0
solar_elevation_gt_0,D+3,2025-04,suqian_1,390.0,0.010256410256410256,0.0,0.010256410256410256,0.0,0.0,0.0,4.0,0.0,0.0,0.0,1.0,50.0
solar_elevation_gt_0,D+3,2025-04,suzhou_1,390.0,0.005128205128205128,0.0,0.005128205128205128,0.0,0.0,0.0,2.0,0.0,0.0,0.0,1.0,100.0
solar_elevation_gt_0,D+3,2025-04,taizhou_1,390.0,0.005128205128205128,0.0,0.005128205128205128,0.0,0.0,0.0,2.0,0.0,0.0,0.0,1.0,100.0
solar_elevation_gt_0,D+3,2025-04,taizhou_2,390.0,0.002564102564102564,0.0,0.002564102564102564,0.0,0.0,0.0,1.0,0.0,0.0,0.0,1.0,100.0
solar_elevation_gt_0,D+3,2025-04,wuxi_1,390.0,0.002564102564102564,0.0,0.002564102564102564,0.0,0.0,0.0,1.0,0.0,0.0,0.0,1.0,100.0
solar_elevation_gt_0,D+3,2025-04,xuzhou_1,389.0,0.02056555269922879,0.0,0.02056555269922879,0.0,0.0,0.0,8.0,0.0,0.0,0.0,0.625,50.625
solar_elevation_gt_0,D+3,2025-04,xuzhou_2,390.0,0.015384615384615385,0.0,0.015384615384615385,0.0,0.0,0.0,6.0,0.0,0.0,0.0,0.6666666666666666,44.333333333333336
solar_elevation_gt_0,D+3,2025-04,yancheng_1,390.0,0.002564102564102564,0.0,0.002564102564102564,0.0,0.0,0.0,1.0,0.0,0.0,0.0,1.0,100.0
solar_elevation_gt_0,D+3,2025-04,yancheng_2,390.0,0.002564102564102564,0.0,0.002564102564102564,0.0,0.0,0.0,1.0,0.0,0.0,0.0,1.0,100.0
solar_elevation_gt_0,D+3,2025-04,yancheng_3,390.0,0.005128205128205128,0.0,0.005128205128205128,0.0,0.0,0.0,2.0,0.0,0.0,0.0,1.0,100.0
solar_elevation_gt_0,D+3,2025-05,changzhou_1,409.0,0.017114914425427872,0.0,0.017114914425427872,0.0,0.0,0.0,7.0,0.0,0.0,0.0,0.14285714285714285,57.857142857142854
solar_elevation_gt_0,D+3,2025-05,huai_an_1,421.0,0.026128266033254157,0.0,0.026128266033254157,0.0,0.0,0.0,11.0,0.0,0.0,0.0,0.0,61.27272727272727
solar_elevation_gt_0,D+3,2025-05,huai_an_2,427.0,0.0351288056206089,0.0,0.0351288056206089,0.0,0.0,0.0,15.0,0.0,0.0,0.0,0.4666666666666667,53.06666666666667
solar_elevation_gt_0,D+3,2025-05,huai_an_3,418.0,0.007177033492822967,0.0,0.007177033492822967,0.0,0.0,0.0,3.0,0.0,0.0,0.0,0.0,66.66666666666667
solar_elevation_gt_0,D+3,2025-05,lianyungang_1,431.0,0.025522041763341066,0.0,0.025522041763341066,0.0,0.0,0.0,11.0,0.0,0.0,0.0,0.18181818181818182,46.63636363636363
solar_elevation_gt_0,D+3,2025-05,lianyungang_2,431.0,0.037122969837587005,0.0,0.037122969837587005,0.0,0.0,0.0,16.0,0.0,0.0,0.0,0.625,50.0
solar_elevation_gt_0,D+3,2025-05,nanjing_1,411.0,0.0,0.0,0.0,0.0,0.0,0.0,0.0,,,,,
solar_elevation_gt_0,D+3,2025-05,nanjing_2,406.0,0.0,0.0,0.0,0.0,0.0,0.0,0.0,,,,,
solar_elevation_gt_0,D+3,2025-05,nantong_1,420.0,0.04285714285714286,0.0,0.04285714285714286,0.0,0.0,0.0,18.0,0.0,0.0,0.0,0.6111111111111112,77.05555555555556
solar_elevation_gt_0,D+3,2025-05,nantong_2,424.0,0.049528301886792456,0.0,0.049528301886792456,0.0,0.0,0.0,21.0,0.0,0.0,0.0,0.7142857142857143,73.80952380952381
solar_elevation_gt_0,D+3,2025-05,suqian_1,424.0,0.01179245283018868,0.0,0.01179245283018868,0.0,0.0,0.0,5.0,0.0,0.0,0.0,0.0,40.8
solar_elevation_gt_0,D+3,2025-05,suzhou_1,419.0,0.03818615751789976,0.0,0.03818615751789976,0.0,0.0,0.0,16.0,0.0,0.0,0.0,0.5,66.4375
solar_elevation_gt_0,D+3,2025-05,taizhou_1,419.0,0.028639618138424822,0.0,0.028639618138424822,0.0,0.0,0.0,12.0,0.0,0.0,0.0,0.16666666666666666,58.75
solar_elevation_gt_0,D+3,2025-05,taizhou_2,420.0,0.04047619047619048,0.0,0.04047619047619048,0.0,0.0,0.0,17.0,0.0,0.0,0.0,0.5882352941176471,73.47058823529412
solar_elevation_gt_0,D+3,2025-05,wuxi_1,411.0,0.019464720194647202,0.0,0.019464720194647202,0.0,0.0,0.0,8.0,0.0,0.0,0.0,0.0,63.25
solar_elevation_gt_0,D+3,2025-05,xuzhou_1,430.0,0.0,0.0,0.0,0.0,0.0,0.0,0.0,,,,,
solar_elevation_gt_0,D+3,2025-05,xuzhou_2,425.0,0.0,0.0,0.0,0.0,0.0,0.0,0.0,,,,,
solar_elevation_gt_0,D+3,2025-05,yancheng_1,427.0,0.03981264637002342,0.0,0.03981264637002342,0.0,0.0,0.0,17.0,0.0,0.0,0.0,0.5882352941176471,56.23529411764706
solar_elevation_gt_0,D+3,2025-05,yancheng_2,421.0,0.04275534441805225,0.0,0.04275534441805225,0.0,0.0,0.0,18.0,0.0,0.0,0.0,0.6111111111111112,73.88888888888889
solar_elevation_gt_0,D+3,2025-05,yancheng_3,421.0,0.0332541567695962,0.0,0.0332541567695962,0.0,0.0,0.0,14.0,0.0,0.0,0.0,0.42857142857142855,58.92857142857143
solar_elevation_gt_0,D+3,2025-06,changzhou_1,444.0,0.05855855855855856,0.0,0.05855855855855856,0.0,0.0,0.0,26.0,0.0,0.0,0.0,0.0,91.0
solar_elevation_gt_0,D+3,2025-06,huai_an_1,450.0,0.06888888888888889,0.0,0.06888888888888889,0.0,0.0,0.0,31.0,0.0,0.0,0.0,0.7096774193548387,83.06451612903226
solar_elevation_gt_0,D+3,2025-06,huai_an_2,450.0,0.06666666666666667,0.0,0.06666666666666667,0.0,0.0,0.0,30.0,0.0,0.0,0.0,0.9333333333333333,84.53333333333333
solar_elevation_gt_0,D+3,2025-06,huai_an_3,445.0,0.056179775280898875,0.0,0.056179775280898875,0.0,0.0,0.0,25.0,0.0,0.0,0.0,0.0,70.2
solar_elevation_gt_0,D+3,2025-06,lianyungang_1,450.0,0.06666666666666667,0.0,0.06666666666666667,0.0,0.0,0.0,30.0,0.0,0.0,0.0,0.8333333333333334,74.43333333333334
solar_elevation_gt_0,D+3,2025-06,lianyungang_2,450.0,0.06666666666666667,0.0,0.06666666666666667,0.0,0.0,0.0,30.0,0.0,0.0,0.0,1.0,69.93333333333334
solar_elevation_gt_0,D+3,2025-06,nanjing_1,420.0,0.0,0.0,0.0,0.0,0.0,0.0,0.0,,,,,
solar_elevation_gt_0,D+3,2025-06,nanjing_2,426.0,0.014084507042253521,0.0,0.014084507042253521,0.0,0.0,0.0,6.0,0.0,0.0,0.0,0.0,100.0
solar_elevation_gt_0,D+3,2025-06,nantong_1,440.0,0.06818181818181818,0.0,0.06818181818181818,0.0,0.0,0.0,30.0,0.0,0.0,0.0,1.0,81.36666666666666
solar_elevation_gt_0,D+3,2025-06,nantong_2,432.0,0.05092592592592592,0.0,0.05092592592592592,0.0,0.0,0.0,22.0,0.0,0.0,0.0,1.0,84.9090909090909
solar_elevation_gt_0,D+3,2025-06,suqian_1,447.0,0.06040268456375839,0.0,0.06040268456375839,0.0,0.0,0.0,27.0,0.0,0.0,0.0,0.0,74.66666666666667
solar_elevation_gt_0,D+3,2025-06,suzhou_1,437.0,0.06864988558352403,0.0,0.06864988558352403,0.0,0.0,0.0,30.0,0.0,0.0,0.0,0.9666666666666667,81.43333333333334
solar_elevation_gt_0,D+3,2025-06,taizhou_1,450.0,0.06666666666666667,0.0,0.06666666666666667,0.0,0.0,0.0,30.0,0.0,0.0,0.0,0.7666666666666667,79.2
solar_elevation_gt_0,D+3,2025-06,taizhou_2,448.0,0.06696428571428571,0.0,0.06696428571428571,0.0,0.0,0.0,30.0,0.0,0.0,0.0,1.0,73.2
solar_elevation_gt_0,D+3,2025-06,wuxi_1,442.0,0.06561085972850679,0.0,0.06561085972850679,0.0,0.0,0.0,29.0,0.0,0.0,0.0,0.0,81.48275862068965
solar_elevation_gt_0,D+3,2025-06,xuzhou_1,420.0,0.0,0.0,0.0,0.0,0.0,0.0,0.0,,,,,
solar_elevation_gt_0,D+3,2025-06,xuzhou_2,436.0,0.03669724770642202,0.0,0.03669724770642202,0.0,0.0,0.0,16.0,0.0,0.0,0.0,0.0,57.875
solar_elevation_gt_0,D+3,2025-06,yancheng_1,450.0,0.06666666666666667,0.0,0.06666666666666667,0.0,0.0,0.0,30.0,0.0,0.0,0.0,1.0,87.7
solar_elevation_gt_0,D+3,2025-06,yancheng_2,450.0,0.06666666666666667,0.0,0.06666666666666667,0.0,0.0,0.0,30.0,0.0,0.0,0.0,1.0,81.1
solar_elevation_gt_0,D+3,2025-06,yancheng_3,450.0,0.06666666666666667,0.0,0.06666666666666667,0.0,0.0,0.0,30.0,0.0,0.0,0.0,0.8666666666666667,83.1
solar_elevation_gt_0,D+3,2025-07,changzhou_1,428.0,0.0,0.0,0.0,0.0,0.0,0.0,0.0,,,,,
solar_elevation_gt_0,D+3,2025-07,huai_an_1,437.0,0.006864988558352402,0.0,0.006864988558352402,0.0,0.0,0.0,3.0,0.0,0.0,0.0,0.0,33.333333333333336
solar_elevation_gt_0,D+3,2025-07,huai_an_2,441.0,0.015873015873015872,0.0,0.015873015873015872,0.0,0.0,0.0,7.0,0.0,0.0,0.0,0.0,46.857142857142854
solar_elevation_gt_0,D+3,2025-07,huai_an_3,434.0,0.0,0.0,0.0,0.0,0.0,0.0,0.0,,,,,
solar_elevation_gt_0,D+3,2025-07,lianyungang_1,439.0,0.011389521640091117,0.0,0.011389521640091117,0.0,0.0,0.0,5.0,0.0,0.0,0.0,0.0,46.0
solar_elevation_gt_0,D+3,2025-07,lianyungang_2,445.0,0.024719101123595506,0.0,0.024719101123595506,0.0,0.0,0.0,11.0,0.0,0.0,0.0,0.2727272727272727,60.45454545454545
solar_elevation_gt_0,D+3,2025-07,nanjing_1,434.0,0.002304147465437788,0.0,0.002304147465437788,0.0,0.0,0.0,1.0,0.0,0.0,0.0,1.0,100.0
solar_elevation_gt_0,D+3,2025-07,nanjing_2,433.0,0.0,0.0,0.0,0.0,0.0,0.0,0.0,,,,,
solar_elevation_gt_0,D+3,2025-07,nantong_1,431.0,0.025522041763341066,0.0,0.025522041763341066,0.0,0.0,0.0,11.0,0.0,0.0,0.0,0.2727272727272727,44.36363636363637
solar_elevation_gt_0,D+3,2025-07,nantong_2,428.0,0.037383177570093455,0.0,0.037383177570093455,0.0,0.0,0.0,16.0,0.0,0.0,0.0,0.5625,42.8125
solar_elevation_gt_0,D+3,2025-07,suqian_1,434.0,0.0,0.0,0.0,0.0,0.0,0.0,0.0,,,,,
solar_elevation_gt_0,D+3,2025-07,suzhou_1,426.0,0.018779342723004695,0.0,0.018779342723004695,0.0,0.0,0.0,8.0,0.0,0.0,0.0,0.0,31.625
solar_elevation_gt_0,D+3,2025-07,taizhou_1,436.0,0.009174311926605505,0.0,0.009174311926605505,0.0,0.0,0.0,4.0,0.0,0.0,0.0,0.0,51.25
solar_elevation_gt_0,D+3,2025-07,taizhou_2,437.0,0.02288329519450801,0.0,0.02288329519450801,0.0,0.0,0.0,10.0,0.0,0.0,0.0,0.2,42.1
solar_elevation_gt_0,D+3,2025-07,wuxi_1,424.0,0.0023584905660377358,0.0,0.0023584905660377358,0.0,0.0,0.0,1.0,0.0,0.0,0.0,1.0,100.0
solar_elevation_gt_0,D+3,2025-07,xuzhou_1,434.0,0.0,0.0,0.0,0.0,0.0,0.0,0.0,,,,,
solar_elevation_gt_0,D+3,2025-07,xuzhou_2,434.0,0.0,0.0,0.0,0.0,0.0,0.0,0.0,,,,,
solar_elevation_gt_0,D+3,2025-07,yancheng_1,444.0,0.02252252252252252,0.0,0.02252252252252252,0.0,0.0,0.0,10.0,0.0,0.0,0.0,0.1,43.5
solar_elevation_gt_0,D+3,2025-07,yancheng_2,441.0,0.027210884353741496,0.0,0.027210884353741496,0.0,0.0,0.0,12.0,0.0,0.0,0.0,0.3333333333333333,43.666666666666664
solar_elevation_gt_0,D+3,2025-07,yancheng_3,439.0,0.01366742596810934,0.0,0.01366742596810934,0.0,0.0,0.0,6.0,0.0,0.0,0.0,0.0,25.833333333333332
solar_elevation_gt_0,D+3,2025-08,changzhou_1,403.0,0.0,0.0,0.0,0.0,0.0,0.0,0.0,,,,,
solar_elevation_gt_0,D+3,2025-08,huai_an_1,404.0,0.0,0.0,0.0,0.0,0.0,0.0,0.0,,,,,
solar_elevation_gt_0,D+3,2025-08,huai_an_2,406.0,0.0,0.0,0.0,0.0,0.0,0.0,0.0,,,,,
solar_elevation_gt_0,D+3,2025-08,huai_an_3,408.0,0.0024509803921568627,0.0,0.0024509803921568627,0.0,0.0,0.0,1.0,0.0,0.0,0.0,1.0,100.0
solar_elevation_gt_0,D+3,2025-08,lianyungang_1,411.0,0.0072992700729927005,0.0,0.0072992700729927005,0.0,0.0,0.0,3.0,0.0,0.0,0.0,1.0,100.0
solar_elevation_gt_0,D+3,2025-08,lianyungang_2,407.0,0.004914004914004914,0.0,0.004914004914004914,0.0,0.0,0.0,2.0,0.0,0.0,0.0,1.0,100.0
solar_elevation_gt_0,D+3,2025-08,nanjing_1,405.0,0.0024691358024691358,0.0,0.0024691358024691358,0.0,0.0,0.0,1.0,0.0,0.0,0.0,1.0,100.0
solar_elevation_gt_0,D+3,2025-08,nanjing_2,403.0,0.0024813895781637717,0.0,0.0024813895781637717,0.0,0.0,0.0,1.0,0.0,0.0,0.0,1.0,100.0
solar_elevation_gt_0,D+3,2025-08,nantong_1,403.0,0.0024813895781637717,0.0,0.0024813895781637717,0.0,0.0,0.0,1.0,0.0,0.0,0.0,1.0,100.0
solar_elevation_gt_0,D+3,2025-08,nantong_2,403.0,0.0,0.0,0.0,0.0,0.0,0.0,0.0,,,,,
solar_elevation_gt_0,D+3,2025-08,suqian_1,411.0,0.0024330900243309003,0.0,0.0024330900243309003,0.0,0.0,0.0,1.0,0.0,0.0,0.0,1.0,100.0
solar_elevation_gt_0,D+3,2025-08,suzhou_1,403.0,0.0,0.0,0.0,0.0,0.0,0.0,0.0,,,,,
solar_elevation_gt_0,D+3,2025-08,taizhou_1,403.0,0.0,0.0,0.0,0.0,0.0,0.0,0.0,,,,,
solar_elevation_gt_0,D+3,2025-08,taizhou_2,403.0,0.0024813895781637717,0.0,0.0024813895781637717,0.0,0.0,0.0,1.0,0.0,0.0,0.0,1.0,100.0
solar_elevation_gt_0,D+3,2025-08,wuxi_1,403.0,0.0,0.0,0.0,0.0,0.0,0.0,0.0,,,,,
solar_elevation_gt_0,D+3,2025-08,xuzhou_1,418.0,0.0023923444976076554,0.0,0.0023923444976076554,0.0,0.0,0.0,1.0,0.0,0.0,0.0,1.0,100.0
solar_elevation_gt_0,D+3,2025-08,xuzhou_2,414.0,0.004830917874396135,0.0,0.004830917874396135,0.0,0.0,0.0,2.0,0.0,0.0,0.0,1.0,100.0
solar_elevation_gt_0,D+3,2025-08,yancheng_1,404.0,0.0,0.0,0.0,0.0,0.0,0.0,0.0,,,,,
solar_elevation_gt_0,D+3,2025-08,yancheng_2,403.0,0.0,0.0,0.0,0.0,0.0,0.0,0.0,,,,,
solar_elevation_gt_0,D+3,2025-08,yancheng_3,403.0,0.0,0.0,0.0,0.0,0.0,0.0,0.0,,,,,
solar_elevation_gt_0,D+3,2025-09,changzhou_1,379.0,0.047493403693931395,0.0,0.047493403693931395,0.0,0.0,0.0,18.0,0.0,0.0,0.0,1.0,76.5
solar_elevation_gt_0,D+3,2025-09,huai_an_1,380.0,0.04736842105263158,0.0,0.04736842105263158,0.0,0.0,0.0,18.0,0.0,0.0,0.0,0.8333333333333334,94.44444444444444
solar_elevation_gt_0,D+3,2025-09,huai_an_2,380.0,0.04736842105263158,0.0,0.04736842105263158,0.0,0.0,0.0,18.0,0.0,0.0,0.0,0.8333333333333334,89.22222222222223
solar_elevation_gt_0,D+3,2025-09,huai_an_3,380.0,0.05,0.0,0.05,0.0,0.0,0.0,19.0,0.0,0.0,0.0,0.6842105263157895,90.36842105263158
solar_elevation_gt_0,D+3,2025-09,lianyungang_1,380.0,0.042105263157894736,0.0,0.042105263157894736,0.0,0.0,0.0,16.0,0.0,0.0,0.0,0.625,93.75
solar_elevation_gt_0,D+3,2025-09,lianyungang_2,380.0,0.042105263157894736,0.0,0.042105263157894736,0.0,0.0,0.0,16.0,0.0,0.0,0.0,0.8125,81.25
solar_elevation_gt_0,D+3,2025-09,nanjing_1,381.0,0.05249343832020997,0.0,0.05249343832020997,0.0,0.0,0.0,20.0,0.0,0.0,0.0,0.7,89.85
solar_elevation_gt_0,D+3,2025-09,nanjing_2,381.0,0.05511811023622047,0.0,0.05511811023622047,0.0,0.0,0.0,21.0,0.0,0.0,0.0,0.8095238095238095,83.61904761904762
solar_elevation_gt_0,D+3,2025-09,nantong_1,375.0,0.024,0.0,0.024,0.0,0.0,0.0,9.0,0.0,0.0,0.0,1.0,100.0
solar_elevation_gt_0,D+3,2025-09,nantong_2,373.0,0.010723860589812333,0.0,0.010723860589812333,0.0,0.0,0.0,4.0,0.0,0.0,0.0,1.0,100.0
solar_elevation_gt_0,D+3,2025-09,suqian_1,380.0,0.04736842105263158,0.0,0.04736842105263158,0.0,0.0,0.0,18.0,0.0,0.0,0.0,0.6666666666666666,85.61111111111111
solar_elevation_gt_0,D+3,2025-09,suzhou_1,375.0,0.018666666666666668,0.0,0.018666666666666668,0.0,0.0,0.0,7.0,0.0,0.0,0.0,1.0,82.0
solar_elevation_gt_0,D+3,2025-09,taizhou_1,379.0,0.04221635883905013,0.0,0.04221635883905013,0.0,0.0,0.0,16.0,0.0,0.0,0.0,1.0,92.5625
solar_elevation_gt_0,D+3,2025-09,taizhou_2,377.0,0.03183023872679045,0.0,0.03183023872679045,0.0,0.0,0.0,12.0,0.0,0.0,0.0,1.0,91.66666666666667
solar_elevation_gt_0,D+3,2025-09,wuxi_1,377.0,0.03978779840848806,0.0,0.03978779840848806,0.0,0.0,0.0,15.0,0.0,0.0,0.0,1.0,81.0
solar_elevation_gt_0,D+3,2025-09,xuzhou_1,375.0,0.04,0.0,0.04,0.0,0.0,0.0,15.0,0.0,0.0,0.0,0.6,68.6
solar_elevation_gt_0,D+3,2025-09,xuzhou_2,377.0,0.04509283819628647,0.0,0.04509283819628647,0.0,0.0,0.0,17.0,0.0,0.0,0.0,0.7058823529411765,70.29411764705883
solar_elevation_gt_0,D+3,2025-09,yancheng_1,379.0,0.036939313984168866,0.0,0.036939313984168866,0.0,0.0,0.0,14.0,0.0,0.0,0.0,0.9285714285714286,92.85714285714286
solar_elevation_gt_0,D+3,2025-09,yancheng_2,377.0,0.029177718832891247,0.0,0.029177718832891247,0.0,0.0,0.0,11.0,0.0,0.0,0.0,1.0,90.9090909090909
solar_elevation_gt_0,D+3,2025-09,yancheng_3,379.0,0.044854881266490766,0.0,0.044854881266490766,0.0,0.0,0.0,17.0,0.0,0.0,0.0,0.9411764705882353,94.05882352941177
solar_elevation_gt_0,D+3,2025-10,changzhou_1,347.0,0.01729106628242075,0.0,0.01729106628242075,0.0,0.0,0.0,6.0,0.0,0.0,0.0,0.0,50.0
solar_elevation_gt_0,D+3,2025-10,huai_an_1,344.0,0.011627906976744186,0.0,0.011627906976744186,0.0,0.0,0.0,4.0,0.0,0.0,0.0,0.25,99.5
solar_elevation_gt_0,D+3,2025-10,huai_an_2,343.0,0.008746355685131196,0.0,0.008746355685131196,0.0,0.0,0.0,3.0,0.0,0.0,0.0,0.3333333333333333,100.0
solar_elevation_gt_0,D+3,2025-10,huai_an_3,341.0,0.0,0.0,0.0,0.0,0.0,0.0,0.0,,,,,
solar_elevation_gt_0,D+3,2025-10,lianyungang_1,341.0,0.005865102639296188,0.0,0.005865102639296188,0.0,0.0,0.0,2.0,0.0,0.0,0.0,1.0,100.0
solar_elevation_gt_0,D+3,2025-10,lianyungang_2,343.0,0.0058309037900874635,0.0,0.0058309037900874635,0.0,0.0,0.0,2.0,0.0,0.0,0.0,0.0,100.0
solar_elevation_gt_0,D+3,2025-10,nanjing_1,341.0,0.0,0.0,0.0,0.0,0.0,0.0,0.0,,,,,
solar_elevation_gt_0,D+3,2025-10,nanjing_2,343.0,0.0058309037900874635,0.0,0.0058309037900874635,0.0,0.0,0.0,2.0,0.0,0.0,0.0,0.0,100.0
solar_elevation_gt_0,D+3,2025-10,nantong_1,354.0,0.03672316384180791,0.0,0.03672316384180791,0.0,0.0,0.0,13.0,0.0,0.0,0.0,0.6153846153846154,56.92307692307692
solar_elevation_gt_0,D+3,2025-10,nantong_2,358.0,0.0446927374301676,0.0,0.0446927374301676,0.0,0.0,0.0,16.0,0.0,0.0,0.0,0.6875,66.3125
solar_elevation_gt_0,D+3,2025-10,suqian_1,341.0,0.005865102639296188,0.0,0.005865102639296188,0.0,0.0,0.0,2.0,0.0,0.0,0.0,1.0,100.0
solar_elevation_gt_0,D+3,2025-10,suzhou_1,355.0,0.03943661971830986,0.0,0.03943661971830986,0.0,0.0,0.0,14.0,0.0,0.0,0.0,0.5714285714285714,42.785714285714285
solar_elevation_gt_0,D+3,2025-10,taizhou_1,346.0,0.014450867052023121,0.0,0.014450867052023121,0.0,0.0,0.0,5.0,0.0,0.0,0.0,0.0,65.6
solar_elevation_gt_0,D+3,2025-10,taizhou_2,351.0,0.02849002849002849,0.0,0.02849002849002849,0.0,0.0,0.0,10.0,0.0,0.0,0.0,0.4,49.9
solar_elevation_gt_0,D+3,2025-10,wuxi_1,350.0,0.025714285714285714,0.0,0.025714285714285714,0.0,0.0,0.0,9.0,0.0,0.0,0.0,0.3333333333333333,45.55555555555556
solar_elevation_gt_0,D+3,2025-10,xuzhou_1,341.0,0.005865102639296188,0.0,0.005865102639296188,0.0,0.0,0.0,2.0,0.0,0.0,0.0,1.0,100.0
solar_elevation_gt_0,D+3,2025-10,xuzhou_2,341.0,0.0,0.0,0.0,0.0,0.0,0.0,0.0,,,,,
solar_elevation_gt_0,D+3,2025-10,yancheng_1,345.0,0.014492753623188406,0.0,0.014492753623188406,0.0,0.0,0.0,5.0,0.0,0.0,0.0,0.2,100.0
solar_elevation_gt_0,D+3,2025-10,yancheng_2,350.0,0.025714285714285714,0.0,0.025714285714285714,0.0,0.0,0.0,9.0,0.0,0.0,0.0,0.4444444444444444,84.44444444444444
solar_elevation_gt_0,D+3,2025-10,yancheng_3,346.0,0.014450867052023121,0.0,0.014450867052023121,0.0,0.0,0.0,5.0,0.0,0.0,0.0,0.0,100.0
solar_elevation_gt_0,D+3,2025-11,changzhou_1,316.0,0.0031645569620253164,0.0,0.0031645569620253164,0.0,0.0,0.0,1.0,0.0,0.0,0.0,1.0,100.0
solar_elevation_gt_0,D+3,2025-11,huai_an_1,313.0,0.003194888178913738,0.0,0.003194888178913738,0.0,0.0,0.0,1.0,0.0,0.0,0.0,1.0,100.0
solar_elevation_gt_0,D+3,2025-11,huai_an_2,311.0,0.00964630225080386,0.0,0.00964630225080386,0.0,0.0,0.0,3.0,0.0,0.0,0.0,1.0,66.66666666666667
solar_elevation_gt_0,D+3,2025-11,huai_an_3,320.0,0.021875,0.0,0.021875,0.0,0.0,0.0,7.0,0.0,0.0,0.0,1.0,58.0
solar_elevation_gt_0,D+3,2025-11,lianyungang_1,313.0,0.022364217252396165,0.0,0.022364217252396165,0.0,0.0,0.0,7.0,0.0,0.0,0.0,0.8571428571428571,0.0
solar_elevation_gt_0,D+3,2025-11,lianyungang_2,309.0,0.016181229773462782,0.0,0.016181229773462782,0.0,0.0,0.0,5.0,0.0,0.0,0.0,1.0,20.0
solar_elevation_gt_0,D+3,2025-11,nanjing_1,328.0,0.006097560975609756,0.0,0.006097560975609756,0.0,0.0,0.0,2.0,0.0,0.0,0.0,1.0,100.0
solar_elevation_gt_0,D+3,2025-11,nanjing_2,324.0,0.0030864197530864196,0.0,0.0030864197530864196,0.0,0.0,0.0,1.0,0.0,0.0,0.0,1.0,100.0
solar_elevation_gt_0,D+3,2025-11,nantong_1,307.0,0.0,0.0,0.0,0.0,0.0,0.0,0.0,,,,,
solar_elevation_gt_0,D+3,2025-11,nantong_2,303.0,0.0,0.0,0.0,0.0,0.0,0.0,0.0,,,,,
solar_elevation_gt_0,D+3,2025-11,suqian_1,319.0,0.025078369905956112,0.0,0.025078369905956112,0.0,0.0,0.0,8.0,0.0,0.0,0.0,1.0,25.0
solar_elevation_gt_0,D+3,2025-11,suzhou_1,308.0,0.0,0.0,0.0,0.0,0.0,0.0,0.0,,,,,
solar_elevation_gt_0,D+3,2025-11,taizhou_1,312.0,0.0,0.0,0.0,0.0,0.0,0.0,0.0,,,,,
solar_elevation_gt_0,D+3,2025-11,taizhou_2,307.0,0.0,0.0,0.0,0.0,0.0,0.0,0.0,,,,,
solar_elevation_gt_0,D+3,2025-11,wuxi_1,314.0,0.0,0.0,0.0,0.0,0.0,0.0,0.0,,,,,
solar_elevation_gt_0,D+3,2025-11,xuzhou_1,325.0,0.036923076923076927,0.0,0.036923076923076927,0.0,0.0,0.0,12.0,0.0,0.0,0.0,0.6666666666666666,48.416666666666664
solar_elevation_gt_0,D+3,2025-11,xuzhou_2,325.0,0.04,0.0,0.04,0.0,0.0,0.0,13.0,0.0,0.0,0.0,0.6923076923076923,23.076923076923077
solar_elevation_gt_0,D+3,2025-11,yancheng_1,309.0,0.003236245954692557,0.0,0.003236245954692557,0.0,0.0,0.0,1.0,0.0,0.0,0.0,1.0,100.0
solar_elevation_gt_0,D+3,2025-11,yancheng_2,306.0,0.0,0.0,0.0,0.0,0.0,0.0,0.0,,,,,
solar_elevation_gt_0,D+3,2025-11,yancheng_3,311.0,0.003215434083601286,0.0,0.003215434083601286,0.0,0.0,0.0,1.0,0.0,0.0,0.0,1.0,100.0
solar_elevation_gt_0,D+3,2025-12,changzhou_1,316.0,0.05379746835443038,0.0,0.05379746835443038,0.0,0.0,0.0,17.0,0.0,0.0,0.0,0.5294117647058824,58.94117647058823
solar_elevation_gt_0,D+3,2025-12,huai_an_1,301.0,0.04983388704318937,0.0,0.04983388704318937,0.0,0.0,0.0,15.0,0.0,0.0,0.0,0.5333333333333333,41.666666666666664
solar_elevation_gt_0,D+3,2025-12,huai_an_2,293.0,0.03754266211604096,0.0,0.03754266211604096,0.0,0.0,0.0,11.0,0.0,0.0,0.0,0.5454545454545454,30.454545454545453
solar_elevation_gt_0,D+3,2025-12,huai_an_3,302.0,0.033112582781456956,0.0,0.033112582781456956,0.0,0.0,0.0,10.0,0.0,0.0,0.0,0.4,48.1
solar_elevation_gt_0,D+3,2025-12,lianyungang_1,288.0,0.013888888888888888,0.0,0.013888888888888888,0.0,0.0,0.0,4.0,0.0,0.0,0.0,0.0,27.75
solar_elevation_gt_0,D+3,2025-12,lianyungang_2,287.0,0.027874564459930314,0.0,0.027874564459930314,0.0,0.0,0.0,8.0,0.0,0.0,0.0,0.375,24.25
solar_elevation_gt_0,D+3,2025-12,nanjing_1,316.0,0.04430379746835443,0.0,0.04430379746835443,0.0,0.0,0.0,14.0,0.0,0.0,0.0,0.5714285714285714,44.92857142857143
solar_elevation_gt_0,D+3,2025-12,nanjing_2,317.0,0.0473186119873817,0.0,0.0473186119873817,0.0,0.0,0.0,15.0,0.0,0.0,0.0,0.5333333333333333,34.266666666666666
solar_elevation_gt_0,D+3,2025-12,nantong_1,311.0,0.05787781350482315,0.0,0.05787781350482315,0.0,0.0,0.0,18.0,0.0,0.0,0.0,0.6666666666666666,60.611111111111114
solar_elevation_gt_0,D+3,2025-12,nantong_2,310.0,0.04838709677419355,0.0,0.04838709677419355,0.0,0.0,0.0,15.0,0.0,0.0,0.0,1.0,58.6
solar_elevation_gt_0,D+3,2025-12,suqian_1,295.0,0.01694915254237288,0.0,0.01694915254237288,0.0,0.0,0.0,5.0,0.0,0.0,0.0,0.0,38.0
solar_elevation_gt_0,D+3,2025-12,suzhou_1,313.0,0.054313099041533544,0.0,0.054313099041533544,0.0,0.0,0.0,17.0,0.0,0.0,0.0,0.8823529411764706,62.0
solar_elevation_gt_0,D+3,2025-12,taizhou_1,303.0,0.0462046204620462,0.0,0.0462046204620462,0.0,0.0,0.0,14.0,0.0,0.0,0.0,0.5714285714285714,31.0
solar_elevation_gt_0,D+3,2025-12,taizhou_2,306.0,0.058823529411764705,0.0,0.058823529411764705,0.0,0.0,0.0,18.0,0.0,0.0,0.0,0.5,55.833333333333336
solar_elevation_gt_0,D+3,2025-12,wuxi_1,320.0,0.065625,0.0,0.065625,0.0,0.0,0.0,21.0,0.0,0.0,0.0,0.5714285714285714,56.904761904761905
solar_elevation_gt_0,D+3,2025-12,xuzhou_1,310.0,0.0,0.0,0.0,0.0,0.0,0.0,0.0,,,,,
solar_elevation_gt_0,D+3,2025-12,xuzhou_2,297.0,0.0,0.0,0.0,0.0,0.0,0.0,0.0,,,,,
solar_elevation_gt_0,D+3,2025-12,yancheng_1,294.0,0.047619047619047616,0.0,0.047619047619047616,0.0,0.0,0.0,14.0,0.0,0.0,0.0,0.5,28.5
solar_elevation_gt_0,D+3,2025-12,yancheng_2,303.0,0.056105610561056105,0.0,0.056105610561056105,0.0,0.0,0.0,17.0,0.0,0.0,0.0,0.47058823529411764,60.0
solar_elevation_gt_0,D+3,2025-12,yancheng_3,300.0,0.04666666666666667,0.0,0.04666666666666667,0.0,0.0,0.0,14.0,0.0,0.0,0.0,0.5,32.285714285714285
solar_elevation_gt_0,D+3,2026-01,changzhou_1,320.0,0.03125,0.0,0.03125,0.0,0.0,0.0,10.0,0.0,0.0,0.0,0.2,52.2
solar_elevation_gt_0,D+3,2026-01,huai_an_1,311.0,0.003215434083601286,0.0,0.003215434083601286,0.0,0.0,0.0,1.0,0.0,0.0,0.0,0.0,100.0
solar_elevation_gt_0,D+3,2026-01,huai_an_2,310.0,0.0,0.0,0.0,0.0,0.0,0.0,0.0,,,,,
solar_elevation_gt_0,D+3,2026-01,huai_an_3,310.0,0.0,0.0,0.0,0.0,0.0,0.0,0.0,,,,,
solar_elevation_gt_0,D+3,2026-01,lianyungang_1,310.0,0.0,0.0,0.0,0.0,0.0,0.0,0.0,,,,,
solar_elevation_gt_0,D+3,2026-01,lianyungang_2,310.0,0.0,0.0,0.0,0.0,0.0,0.0,0.0,,,,,
solar_elevation_gt_0,D+3,2026-01,nanjing_1,310.0,0.0,0.0,0.0,0.0,0.0,0.0,0.0,,,,,
solar_elevation_gt_0,D+3,2026-01,nanjing_2,314.0,0.012738853503184714,0.0,0.012738853503184714,0.0,0.0,0.0,4.0,0.0,0.0,0.0,0.0,98.75
solar_elevation_gt_0,D+3,2026-01,nantong_1,341.0,0.09090909090909091,0.0,0.09090909090909091,0.0,0.0,0.0,31.0,0.0,0.0,0.0,0.3548387096774194,46.45161290322581
solar_elevation_gt_0,D+3,2026-01,nantong_2,338.0,0.08579881656804733,0.0,0.08579881656804733,0.0,0.0,0.0,29.0,0.0,0.0,0.0,1.0,45.689655172413794
solar_elevation_gt_0,D+3,2026-01,suqian_1,310.0,0.0,0.0,0.0,0.0,0.0,0.0,0.0,,,,,
solar_elevation_gt_0,D+3,2026-01,suzhou_1,341.0,0.08797653958944282,0.0,0.08797653958944282,0.0,0.0,0.0,30.0,0.0,0.0,0.0,0.43333333333333335,44.46666666666667
solar_elevation_gt_0,D+3,2026-01,taizhou_1,315.0,0.015873015873015872,0.0,0.015873015873015872,0.0,0.0,0.0,5.0,0.0,0.0,0.0,0.0,62.4
solar_elevation_gt_0,D+3,2026-01,taizhou_2,322.0,0.037267080745341616,0.0,0.037267080745341616,0.0,0.0,0.0,12.0,0.0,0.0,0.0,0.3333333333333333,45.416666666666664
solar_elevation_gt_0,D+3,2026-01,wuxi_1,341.0,0.09090909090909091,0.0,0.09090909090909091,0.0,0.0,0.0,31.0,0.0,0.0,0.0,0.22580645161290322,47.225806451612904
solar_elevation_gt_0,D+3,2026-01,xuzhou_1,310.0,0.0,0.0,0.0,0.0,0.0,0.0,0.0,,,,,
solar_elevation_gt_0,D+3,2026-01,xuzhou_2,310.0,0.0,0.0,0.0,0.0,0.0,0.0,0.0,,,,,
solar_elevation_gt_0,D+3,2026-01,yancheng_1,311.0,0.003215434083601286,0.0,0.003215434083601286,0.0,0.0,0.0,1.0,0.0,0.0,0.0,0.0,13.0
solar_elevation_gt_0,D+3,2026-01,yancheng_2,320.0,0.03125,0.0,0.03125,0.0,0.0,0.0,10.0,0.0,0.0,0.0,0.3,39.2
solar_elevation_gt_0,D+3,2026-01,yancheng_3,314.0,0.012738853503184714,0.0,0.012738853503184714,0.0,0.0,0.0,4.0,0.0,0.0,0.0,0.0,75.0
solar_elevation_gt_0,D+3,2026-02,changzhou_1,308.0,0.02922077922077922,0.0,0.02922077922077922,0.0,0.0,0.0,9.0,0.0,0.0,0.0,1.0,77.77777777777777
solar_elevation_gt_0,D+3,2026-02,huai_an_1,308.0,0.03896103896103896,0.0,0.03896103896103896,0.0,0.0,0.0,12.0,0.0,0.0,0.0,0.6666666666666666,65.16666666666667
solar_elevation_gt_0,D+3,2026-02,huai_an_2,307.0,0.04234527687296417,0.0,0.04234527687296417,0.0,0.0,0.0,13.0,0.0,0.0,0.0,0.6153846153846154,54.0
solar_elevation_gt_0,D+3,2026-02,huai_an_3,306.0,0.0457516339869281,0.0,0.0457516339869281,0.0,0.0,0.0,14.0,0.0,0.0,0.0,0.6428571428571429,70.28571428571429
solar_elevation_gt_0,D+3,2026-02,lianyungang_1,302.0,0.039735099337748346,0.0,0.039735099337748346,0.0,0.0,0.0,12.0,0.0,0.0,0.0,0.5833333333333334,38.333333333333336
solar_elevation_gt_0,D+3,2026-02,lianyungang_2,305.0,0.036065573770491806,0.0,0.036065573770491806,0.0,0.0,0.0,11.0,0.0,0.0,0.0,0.6363636363636364,42.18181818181818
solar_elevation_gt_0,D+3,2026-02,nanjing_1,310.0,0.054838709677419356,0.0,0.054838709677419356,0.0,0.0,0.0,17.0,0.0,0.0,0.0,0.6470588235294118,62.64705882352941
solar_elevation_gt_0,D+3,2026-02,nanjing_2,308.0,0.045454545454545456,0.0,0.045454545454545456,0.0,0.0,0.0,14.0,0.0,0.0,0.0,0.8571428571428571,68.64285714285714
solar_elevation_gt_0,D+3,2026-02,nantong_1,308.0,0.012987012987012988,0.0,0.012987012987012988,0.0,0.0,0.0,4.0,0.0,0.0,0.0,1.0,100.0
solar_elevation_gt_0,D+3,2026-02,nantong_2,308.0,0.00974025974025974,0.0,0.00974025974025974,0.0,0.0,0.0,3.0,0.0,0.0,0.0,1.0,100.0
solar_elevation_gt_0,D+3,2026-02,suqian_1,304.0,0.046052631578947366,0.0,0.046052631578947366,0.0,0.0,0.0,14.0,0.0,0.0,0.0,0.6428571428571429,61.285714285714285
solar_elevation_gt_0,D+3,2026-02,suzhou_1,308.0,0.016233766233766232,0.0,0.016233766233766232,0.0,0.0,0.0,5.0,0.0,0.0,0.0,1.0,100.0
solar_elevation_gt_0,D+3,2026-02,taizhou_1,308.0,0.03896103896103896,0.0,0.03896103896103896,0.0,0.0,0.0,12.0,0.0,0.0,0.0,0.9166666666666666,71.08333333333333
solar_elevation_gt_0,D+3,2026-02,taizhou_2,308.0,0.01948051948051948,0.0,0.01948051948051948,0.0,0.0,0.0,6.0,0.0,0.0,0.0,1.0,69.33333333333333
solar_elevation_gt_0,D+3,2026-02,wuxi_1,308.0,0.02922077922077922,0.0,0.02922077922077922,0.0,0.0,0.0,9.0,0.0,0.0,0.0,1.0,79.11111111111111
solar_elevation_gt_0,D+3,2026-02,xuzhou_1,302.0,0.04304635761589404,0.0,0.04304635761589404,0.0,0.0,0.0,13.0,0.0,0.0,0.0,0.6923076923076923,55.92307692307692
solar_elevation_gt_0,D+3,2026-02,xuzhou_2,302.0,0.04304635761589404,0.0,0.04304635761589404,0.0,0.0,0.0,13.0,0.0,0.0,0.0,0.6923076923076923,43.23076923076923
solar_elevation_gt_0,D+3,2026-02,yancheng_1,308.0,0.03896103896103896,0.0,0.03896103896103896,0.0,0.0,0.0,12.0,0.0,0.0,0.0,0.6666666666666666,49.416666666666664
solar_elevation_gt_0,D+3,2026-02,yancheng_2,308.0,0.022727272727272728,0.0,0.022727272727272728,0.0,0.0,0.0,7.0,0.0,0.0,0.0,1.0,82.14285714285714
solar_elevation_gt_0,D+3,2026-02,yancheng_3,308.0,0.03896103896103896,0.0,0.03896103896103896,0.0,0.0,0.0,12.0,0.0,0.0,0.0,0.8333333333333334,69.25
solar_elevation_gt_0,D+3,2026-03,changzhou_1,375.0,0.021333333333333333,0.0,0.021333333333333333,0.0,0.0,0.0,8.0,0.0,0.0,0.0,0.625,94.5
solar_elevation_gt_0,D+3,2026-03,huai_an_1,376.0,0.02127659574468085,0.0,0.02127659574468085,0.0,0.0,0.0,8.0,0.0,0.0,0.0,0.625,87.625
solar_elevation_gt_0,D+3,2026-03,huai_an_2,375.0,0.021333333333333333,0.0,0.021333333333333333,0.0,0.0,0.0,8.0,0.0,0.0,0.0,0.625,88.125
solar_elevation_gt_0,D+3,2026-03,huai_an_3,376.0,0.013297872340425532,0.0,0.013297872340425532,0.0,0.0,0.0,5.0,0.0,0.0,0.0,0.4,80.0
solar_elevation_gt_0,D+3,2026-03,lianyungang_1,375.0,0.010666666666666666,0.0,0.010666666666666666,0.0,0.0,0.0,4.0,0.0,0.0,0.0,0.5,100.0
solar_elevation_gt_0,D+3,2026-03,lianyungang_2,374.0,0.01871657754010695,0.0,0.01871657754010695,0.0,0.0,0.0,7.0,0.0,0.0,0.0,0.5714285714285714,86.57142857142857
solar_elevation_gt_0,D+3,2026-03,nanjing_1,376.0,0.013297872340425532,0.0,0.013297872340425532,0.0,0.0,0.0,5.0,0.0,0.0,0.0,0.4,94.8
solar_elevation_gt_0,D+3,2026-03,nanjing_2,377.0,0.015915119363395226,0.0,0.015915119363395226,0.0,0.0,0.0,6.0,0.0,0.0,0.0,0.5,93.5
solar_elevation_gt_0,D+3,2026-03,nantong_1,372.0,0.026881720430107527,0.0,0.026881720430107527,0.0,0.0,0.0,10.0,0.0,0.0,0.0,0.7,92.7
solar_elevation_gt_0,D+3,2026-03,nantong_2,371.0,0.026954177897574125,0.0,0.026954177897574125,0.0,0.0,0.0,10.0,0.0,0.0,0.0,0.7,88.6
solar_elevation_gt_0,D+3,2026-03,suqian_1,375.0,0.010666666666666666,0.0,0.010666666666666666,0.0,0.0,0.0,4.0,0.0,0.0,0.0,0.25,100.0
solar_elevation_gt_0,D+3,2026-03,suzhou_1,372.0,0.026881720430107527,0.0,0.026881720430107527,0.0,0.0,0.0,10.0,0.0,0.0,0.0,0.7,98.0
solar_elevation_gt_0,D+3,2026-03,taizhou_1,375.0,0.024,0.0,0.024,0.0,0.0,0.0,9.0,0.0,0.0,0.0,0.6666666666666666,87.88888888888889
solar_elevation_gt_0,D+3,2026-03,taizhou_2,373.0,0.02680965147453083,0.0,0.02680965147453083,0.0,0.0,0.0,10.0,0.0,0.0,0.0,0.7,76.8
solar_elevation_gt_0,D+3,2026-03,wuxi_1,375.0,0.024,0.0,0.024,0.0,0.0,0.0,9.0,0.0,0.0,0.0,0.6666666666666666,94.88888888888889
solar_elevation_gt_0,D+3,2026-03,xuzhou_1,372.0,0.002688172043010753,0.0,0.002688172043010753,0.0,0.0,0.0,1.0,0.0,0.0,0.0,1.0,100.0
solar_elevation_gt_0,D+3,2026-03,xuzhou_2,373.0,0.005361930294906166,0.0,0.005361930294906166,0.0,0.0,0.0,2.0,0.0,0.0,0.0,0.5,100.0
solar_elevation_gt_0,D+3,2026-03,yancheng_1,374.0,0.02406417112299465,0.0,0.02406417112299465,0.0,0.0,0.0,9.0,0.0,0.0,0.0,0.6666666666666666,78.44444444444444
solar_elevation_gt_0,D+3,2026-03,yancheng_2,373.0,0.024128686327077747,0.0,0.024128686327077747,0.0,0.0,0.0,9.0,0.0,0.0,0.0,0.6666666666666666,78.88888888888889
solar_elevation_gt_0,D+3,2026-03,yancheng_3,375.0,0.024,0.0,0.024,0.0,0.0,0.0,9.0,0.0,0.0,0.0,0.6666666666666666,78.88888888888889
solar_elevation_gt_0,D+3,2026-04,changzhou_1,390.0,0.01282051282051282,0.0,0.01282051282051282,0.0,0.0,0.0,5.0,0.0,0.0,0.0,1.0,77.0
solar_elevation_gt_0,D+3,2026-04,huai_an_1,390.0,0.01282051282051282,0.0,0.01282051282051282,0.0,0.0,0.0,5.0,0.0,0.0,0.0,1.0,86.6
solar_elevation_gt_0,D+3,2026-04,huai_an_2,390.0,0.005128205128205128,0.0,0.005128205128205128,0.0,0.0,0.0,2.0,0.0,0.0,0.0,1.0,100.0
solar_elevation_gt_0,D+3,2026-04,huai_an_3,390.0,0.023076923076923078,0.0,0.023076923076923078,0.0,0.0,0.0,9.0,0.0,0.0,0.0,1.0,69.88888888888889
solar_elevation_gt_0,D+3,2026-04,lianyungang_1,390.0,0.010256410256410256,0.0,0.010256410256410256,0.0,0.0,0.0,4.0,0.0,0.0,0.0,1.0,40.25
solar_elevation_gt_0,D+3,2026-04,lianyungang_2,390.0,0.002564102564102564,0.0,0.002564102564102564,0.0,0.0,0.0,1.0,0.0,0.0,0.0,1.0,100.0
solar_elevation_gt_0,D+3,2026-04,nanjing_1,390.0,0.023076923076923078,0.0,0.023076923076923078,0.0,0.0,0.0,9.0,0.0,0.0,0.0,1.0,57.55555555555556
solar_elevation_gt_0,D+3,2026-04,nanjing_2,390.0,0.023076923076923078,0.0,0.023076923076923078,0.0,0.0,0.0,9.0,0.0,0.0,0.0,1.0,55.666666666666664
solar_elevation_gt_0,D+3,2026-04,nantong_1,390.0,0.002564102564102564,0.0,0.002564102564102564,0.0,0.0,0.0,1.0,0.0,0.0,0.0,1.0,36.0
solar_elevation_gt_0,D+3,2026-04,nantong_2,390.0,0.002564102564102564,0.0,0.002564102564102564,0.0,0.0,0.0,1.0,0.0,0.0,0.0,1.0,39.0
solar_elevation_gt_0,D+3,2026-04,suqian_1,390.0,0.023076923076923078,0.0,0.023076923076923078,0.0,0.0,0.0,9.0,0.0,0.0,0.0,1.0,72.22222222222223
solar_elevation_gt_0,D+3,2026-04,suzhou_1,390.0,0.010256410256410256,0.0,0.010256410256410256,0.0,0.0,0.0,4.0,0.0,0.0,0.0,1.0,83.75
solar_elevation_gt_0,D+3,2026-04,taizhou_1,390.0,0.007692307692307693,0.0,0.007692307692307693,0.0,0.0,0.0,3.0,0.0,0.0,0.0,1.0,70.33333333333333
solar_elevation_gt_0,D+3,2026-04,taizhou_2,390.0,0.007692307692307693,0.0,0.007692307692307693,0.0,0.0,0.0,3.0,0.0,0.0,0.0,1.0,93.33333333333333
solar_elevation_gt_0,D+3,2026-04,wuxi_1,390.0,0.005128205128205128,0.0,0.005128205128205128,0.0,0.0,0.0,2.0,0.0,0.0,0.0,1.0,91.5
solar_elevation_gt_0,D+3,2026-04,xuzhou_1,389.0,0.028277634961439587,0.0,0.028277634961439587,0.0,0.0,0.0,11.0,0.0,0.0,0.0,0.7272727272727273,48.18181818181818
solar_elevation_gt_0,D+3,2026-04,xuzhou_2,390.0,0.03076923076923077,0.0,0.03076923076923077,0.0,0.0,0.0,12.0,0.0,0.0,0.0,0.8333333333333334,62.083333333333336
solar_elevation_gt_0,D+3,2026-04,yancheng_1,390.0,0.005128205128205128,0.0,0.005128205128205128,0.0,0.0,0.0,2.0,0.0,0.0,0.0,1.0,100.0
solar_elevation_gt_0,D+3,2026-04,yancheng_2,390.0,0.010256410256410256,0.0,0.010256410256410256,0.0,0.0,0.0,4.0,0.0,0.0,0.0,1.0,92.0
solar_elevation_gt_0,D+3,2026-04,yancheng_3,390.0,0.010256410256410256,0.0,0.010256410256410256,0.0,0.0,0.0,4.0,0.0,0.0,0.0,1.0,76.0
solar_elevation_gt_0,D+3,2026-05,changzhou_1,408.0,0.012254901960784314,0.0,0.012254901960784314,0.0,0.0,0.0,5.0,0.0,0.0,0.0,0.0,19.2
solar_elevation_gt_0,D+3,2026-05,huai_an_1,420.0,0.023809523809523808,0.0,0.023809523809523808,0.0,0.0,0.0,10.0,0.0,0.0,0.0,0.0,65.2
solar_elevation_gt_0,D+3,2026-05,huai_an_2,426.0,0.03286384976525822,0.0,0.03286384976525822,0.0,0.0,0.0,14.0,0.0,0.0,0.0,0.42857142857142855,64.28571428571429
solar_elevation_gt_0,D+3,2026-05,huai_an_3,418.0,0.009569377990430622,0.0,0.009569377990430622,0.0,0.0,0.0,4.0,0.0,0.0,0.0,0.25,41.0
solar_elevation_gt_0,D+3,2026-05,lianyungang_1,430.0,0.02558139534883721,0.0,0.02558139534883721,0.0,0.0,0.0,11.0,0.0,0.0,0.0,0.18181818181818182,56.09090909090909
solar_elevation_gt_0,D+3,2026-05,lianyungang_2,431.0,0.037122969837587005,0.0,0.037122969837587005,0.0,0.0,0.0,16.0,0.0,0.0,0.0,0.5625,69.5
solar_elevation_gt_0,D+3,2026-05,nanjing_1,411.0,0.0024330900243309003,0.0,0.0024330900243309003,0.0,0.0,0.0,1.0,0.0,0.0,0.0,1.0,100.0
solar_elevation_gt_0,D+3,2026-05,nanjing_2,406.0,0.0,0.0,0.0,0.0,0.0,0.0,0.0,,,,,
solar_elevation_gt_0,D+3,2026-05,nantong_1,420.0,0.04047619047619048,0.0,0.04047619047619048,0.0,0.0,0.0,17.0,0.0,0.0,0.0,0.5882352941176471,65.52941176470588
solar_elevation_gt_0,D+3,2026-05,nantong_2,424.0,0.04716981132075472,0.0,0.04716981132075472,0.0,0.0,0.0,20.0,0.0,0.0,0.0,0.7,67.7
solar_elevation_gt_0,D+3,2026-05,suqian_1,423.0,0.01182033096926714,0.0,0.01182033096926714,0.0,0.0,0.0,5.0,0.0,0.0,0.0,0.2,33.4
solar_elevation_gt_0,D+3,2026-05,suzhou_1,419.0,0.03818615751789976,0.0,0.03818615751789976,0.0,0.0,0.0,16.0,0.0,0.0,0.0,0.5,67.9375
solar_elevation_gt_0,D+3,2026-05,taizhou_1,417.0,0.026378896882494004,0.0,0.026378896882494004,0.0,0.0,0.0,11.0,0.0,0.0,0.0,0.18181818181818182,82.81818181818181
solar_elevation_gt_0,D+3,2026-05,taizhou_2,420.0,0.04047619047619048,0.0,0.04047619047619048,0.0,0.0,0.0,17.0,0.0,0.0,0.0,0.5882352941176471,73.82352941176471
solar_elevation_gt_0,D+3,2026-05,wuxi_1,411.0,0.019464720194647202,0.0,0.019464720194647202,0.0,0.0,0.0,8.0,0.0,0.0,0.0,0.0,40.25
solar_elevation_gt_0,D+3,2026-05,xuzhou_1,430.0,0.0,0.0,0.0,0.0,0.0,0.0,0.0,,,,,
solar_elevation_gt_0,D+3,2026-05,xuzhou_2,424.0,0.0023584905660377358,0.0,0.0023584905660377358,0.0,0.0,0.0,1.0,0.0,0.0,0.0,1.0,100.0
solar_elevation_gt_0,D+3,2026-05,yancheng_1,427.0,0.03747072599531616,0.0,0.03747072599531616,0.0,0.0,0.0,16.0,0.0,0.0,0.0,0.5,68.75
solar_elevation_gt_0,D+3,2026-05,yancheng_2,421.0,0.04275534441805225,0.0,0.04275534441805225,0.0,0.0,0.0,18.0,0.0,0.0,0.0,0.6111111111111112,72.44444444444444
solar_elevation_gt_0,D+3,2026-05,yancheng_3,421.0,0.030878859857482184,0.0,0.030878859857482184,0.0,0.0,0.0,13.0,0.0,0.0,0.0,0.3076923076923077,74.84615384615384
solar_elevation_gt_0,D+3,2026-06,changzhou_1,444.0,0.06306306306306306,0.0,0.06306306306306306,0.0,0.0,0.0,28.0,0.0,0.0,0.0,0.07142857142857142,88.60714285714286
solar_elevation_gt_0,D+3,2026-06,huai_an_1,450.0,0.06666666666666667,0.0,0.06666666666666667,0.0,0.0,0.0,30.0,0.0,0.0,0.0,0.7,76.63333333333334
solar_elevation_gt_0,D+3,2026-06,huai_an_2,450.0,0.06666666666666667,0.0,0.06666666666666667,0.0,0.0,0.0,30.0,0.0,0.0,0.0,0.9333333333333333,74.16666666666667
solar_elevation_gt_0,D+3,2026-06,huai_an_3,445.0,0.056179775280898875,0.0,0.056179775280898875,0.0,0.0,0.0,25.0,0.0,0.0,0.0,0.0,72.48
solar_elevation_gt_0,D+3,2026-06,lianyungang_1,450.0,0.06666666666666667,0.0,0.06666666666666667,0.0,0.0,0.0,30.0,0.0,0.0,0.0,0.8333333333333334,74.63333333333334
solar_elevation_gt_0,D+3,2026-06,lianyungang_2,450.0,0.06666666666666667,0.0,0.06666666666666667,0.0,0.0,0.0,30.0,0.0,0.0,0.0,1.0,65.3
solar_elevation_gt_0,D+3,2026-06,nanjing_1,420.0,0.002380952380952381,0.0,0.002380952380952381,0.0,0.0,0.0,1.0,0.0,0.0,0.0,1.0,100.0
solar_elevation_gt_0,D+3,2026-06,nanjing_2,426.0,0.014084507042253521,0.0,0.014084507042253521,0.0,0.0,0.0,6.0,0.0,0.0,0.0,0.0,100.0
solar_elevation_gt_0,D+3,2026-06,nantong_1,440.0,0.06818181818181818,0.0,0.06818181818181818,0.0,0.0,0.0,30.0,0.0,0.0,0.0,1.0,81.7
solar_elevation_gt_0,D+3,2026-06,nantong_2,432.0,0.04398148148148148,0.0,0.04398148148148148,0.0,0.0,0.0,19.0,0.0,0.0,0.0,1.0,87.78947368421052
solar_elevation_gt_0,D+3,2026-06,suqian_1,447.0,0.06040268456375839,0.0,0.06040268456375839,0.0,0.0,0.0,27.0,0.0,0.0,0.0,0.0,62.925925925925924
solar_elevation_gt_0,D+3,2026-06,suzhou_1,437.0,0.06864988558352403,0.0,0.06864988558352403,0.0,0.0,0.0,30.0,0.0,0.0,0.0,0.9666666666666667,86.8
solar_elevation_gt_0,D+3,2026-06,taizhou_1,450.0,0.06666666666666667,0.0,0.06666666666666667,0.0,0.0,0.0,30.0,0.0,0.0,0.0,0.7666666666666667,80.06666666666666
solar_elevation_gt_0,D+3,2026-06,taizhou_2,448.0,0.06696428571428571,0.0,0.06696428571428571,0.0,0.0,0.0,30.0,0.0,0.0,0.0,1.0,83.1
solar_elevation_gt_0,D+3,2026-06,wuxi_1,442.0,0.06561085972850679,0.0,0.06561085972850679,0.0,0.0,0.0,29.0,0.0,0.0,0.0,0.0,84.55172413793103
solar_elevation_gt_0,D+3,2026-06,xuzhou_1,420.0,0.0,0.0,0.0,0.0,0.0,0.0,0.0,,,,,
solar_elevation_gt_0,D+3,2026-06,xuzhou_2,435.0,0.034482758620689655,0.0,0.034482758620689655,0.0,0.0,0.0,15.0,0.0,0.0,0.0,0.0,70.66666666666667
solar_elevation_gt_0,D+3,2026-06,yancheng_1,450.0,0.06666666666666667,0.0,0.06666666666666667,0.0,0.0,0.0,30.0,0.0,0.0,0.0,1.0,77.9
solar_elevation_gt_0,D+3,2026-06,yancheng_2,449.0,0.066815144766147,0.0,0.066815144766147,0.0,0.0,0.0,30.0,0.0,0.0,0.0,1.0,79.43333333333334
solar_elevation_gt_0,D+3,2026-06,yancheng_3,450.0,0.06666666666666667,0.0,0.06666666666666667,0.0,0.0,0.0,30.0,0.0,0.0,0.0,0.8666666666666667,80.16666666666667
solar_elevation_gt_0,D+3,2026-07,changzhou_1,429.0,0.002331002331002331,0.0,0.002331002331002331,0.0,0.0,0.0,1.0,0.0,0.0,0.0,1.0,100.0
solar_elevation_gt_0,D+3,2026-07,huai_an_1,437.0,0.006864988558352402,0.0,0.006864988558352402,0.0,0.0,0.0,3.0,0.0,0.0,0.0,0.0,100.0
solar_elevation_gt_0,D+3,2026-07,huai_an_2,441.0,0.015873015873015872,0.0,0.015873015873015872,0.0,0.0,0.0,7.0,0.0,0.0,0.0,0.0,73.14285714285714
solar_elevation_gt_0,D+3,2026-07,huai_an_3,434.0,0.0,0.0,0.0,0.0,0.0,0.0,0.0,,,,,
solar_elevation_gt_0,D+3,2026-07,lianyungang_1,439.0,0.011389521640091117,0.0,0.011389521640091117,0.0,0.0,0.0,5.0,0.0,0.0,0.0,0.0,99.8
solar_elevation_gt_0,D+3,2026-07,lianyungang_2,445.0,0.024719101123595506,0.0,0.024719101123595506,0.0,0.0,0.0,11.0,0.0,0.0,0.0,0.2727272727272727,68.36363636363636
solar_elevation_gt_0,D+3,2026-07,nanjing_1,434.0,0.002304147465437788,0.0,0.002304147465437788,0.0,0.0,0.0,1.0,0.0,0.0,0.0,1.0,100.0
solar_elevation_gt_0,D+3,2026-07,nanjing_2,433.0,0.0023094688221709007,0.0,0.0023094688221709007,0.0,0.0,0.0,1.0,0.0,0.0,0.0,1.0,100.0
solar_elevation_gt_0,D+3,2026-07,nantong_1,431.0,0.02320185614849188,0.0,0.02320185614849188,0.0,0.0,0.0,10.0,0.0,0.0,0.0,0.2,85.7
solar_elevation_gt_0,D+3,2026-07,nantong_2,429.0,0.03496503496503497,0.0,0.03496503496503497,0.0,0.0,0.0,15.0,0.0,0.0,0.0,0.5333333333333333,93.8
solar_elevation_gt_0,D+3,2026-07,suqian_1,434.0,0.0,0.0,0.0,0.0,0.0,0.0,0.0,,,,,
solar_elevation_gt_0,D+3,2026-07,suzhou_1,427.0,0.01873536299765808,0.0,0.01873536299765808,0.0,0.0,0.0,8.0,0.0,0.0,0.0,0.0,98.5
solar_elevation_gt_0,D+3,2026-07,taizhou_1,436.0,0.009174311926605505,0.0,0.009174311926605505,0.0,0.0,0.0,4.0,0.0,0.0,0.0,0.0,100.0
solar_elevation_gt_0,D+3,2026-07,taizhou_2,439.0,0.025056947608200455,0.0,0.025056947608200455,0.0,0.0,0.0,11.0,0.0,0.0,0.0,0.18181818181818182,75.63636363636364
solar_elevation_gt_0,D+3,2026-07,wuxi_1,424.0,0.0,0.0,0.0,0.0,0.0,0.0,0.0,,,,,
solar_elevation_gt_0,D+3,2026-07,xuzhou_1,434.0,0.004608294930875576,0.0,0.004608294930875576,0.0,0.0,0.0,2.0,0.0,0.0,0.0,1.0,100.0
solar_elevation_gt_0,D+3,2026-07,xuzhou_2,434.0,0.002304147465437788,0.0,0.002304147465437788,0.0,0.0,0.0,1.0,0.0,0.0,0.0,1.0,100.0
solar_elevation_gt_0,D+3,2026-07,yancheng_1,444.0,0.02252252252252252,0.0,0.02252252252252252,0.0,0.0,0.0,10.0,0.0,0.0,0.0,0.2,54.7
solar_elevation_gt_0,D+3,2026-07,yancheng_2,441.0,0.027210884353741496,0.0,0.027210884353741496,0.0,0.0,0.0,12.0,0.0,0.0,0.0,0.3333333333333333,79.66666666666667
solar_elevation_gt_0,D+3,2026-07,yancheng_3,439.0,0.01366742596810934,0.0,0.01366742596810934,0.0,0.0,0.0,6.0,0.0,0.0,0.0,0.0,91.0
solar_elevation_gt_0,D+3,2026-08,changzhou_1,403.0,0.004962779156327543,0.0,0.004962779156327543,0.0,0.0,0.0,2.0,0.0,0.0,0.0,1.0,100.0
solar_elevation_gt_0,D+3,2026-08,huai_an_1,404.0,0.0024752475247524753,0.0,0.0024752475247524753,0.0,0.0,0.0,1.0,0.0,0.0,0.0,1.0,100.0
solar_elevation_gt_0,D+3,2026-08,huai_an_2,406.0,0.007389162561576354,0.0,0.007389162561576354,0.0,0.0,0.0,3.0,0.0,0.0,0.0,1.0,100.0
solar_elevation_gt_0,D+3,2026-08,huai_an_3,408.0,0.004901960784313725,0.0,0.004901960784313725,0.0,0.0,0.0,2.0,0.0,0.0,0.0,1.0,100.0
solar_elevation_gt_0,D+3,2026-08,lianyungang_1,411.0,0.0072992700729927005,0.0,0.0072992700729927005,0.0,0.0,0.0,3.0,0.0,0.0,0.0,1.0,100.0
solar_elevation_gt_0,D+3,2026-08,lianyungang_2,407.0,0.007371007371007371,0.0,0.007371007371007371,0.0,0.0,0.0,3.0,0.0,0.0,0.0,1.0,100.0
solar_elevation_gt_0,D+3,2026-08,nanjing_1,405.0,0.007407407407407408,0.0,0.007407407407407408,0.0,0.0,0.0,3.0,0.0,0.0,0.0,1.0,100.0
solar_elevation_gt_0,D+3,2026-08,nanjing_2,403.0,0.007444168734491315,0.0,0.007444168734491315,0.0,0.0,0.0,3.0,0.0,0.0,0.0,1.0,100.0
solar_elevation_gt_0,D+3,2026-08,nantong_1,403.0,0.0024813895781637717,0.0,0.0024813895781637717,0.0,0.0,0.0,1.0,0.0,0.0,0.0,1.0,100.0
solar_elevation_gt_0,D+3,2026-08,nantong_2,403.0,0.0024813895781637717,0.0,0.0024813895781637717,0.0,0.0,0.0,1.0,0.0,0.0,0.0,1.0,100.0
solar_elevation_gt_0,D+3,2026-08,suqian_1,411.0,0.012165450121654502,0.0,0.012165450121654502,0.0,0.0,0.0,5.0,0.0,0.0,0.0,1.0,100.0
solar_elevation_gt_0,D+3,2026-08,suzhou_1,403.0,0.0024813895781637717,0.0,0.0024813895781637717,0.0,0.0,0.0,1.0,0.0,0.0,0.0,1.0,100.0
solar_elevation_gt_0,D+3,2026-08,taizhou_1,403.0,0.0024813895781637717,0.0,0.0024813895781637717,0.0,0.0,0.0,1.0,0.0,0.0,0.0,1.0,100.0
solar_elevation_gt_0,D+3,2026-08,taizhou_2,403.0,0.0,0.0,0.0,0.0,0.0,0.0,0.0,,,,,
solar_elevation_gt_0,D+3,2026-08,wuxi_1,403.0,0.0024813895781637717,0.0,0.0024813895781637717,0.0,0.0,0.0,1.0,0.0,0.0,0.0,1.0,100.0
solar_elevation_gt_0,D+3,2026-08,xuzhou_1,418.0,0.014354066985645933,0.0,0.014354066985645933,0.0,0.0,0.0,6.0,0.0,0.0,0.0,1.0,100.0
solar_elevation_gt_0,D+3,2026-08,xuzhou_2,415.0,0.012048192771084338,0.0,0.012048192771084338,0.0,0.0,0.0,5.0,0.0,0.0,0.0,1.0,100.0
solar_elevation_gt_0,D+3,2026-08,yancheng_1,404.0,0.0049504950495049506,0.0,0.0049504950495049506,0.0,0.0,0.0,2.0,0.0,0.0,0.0,1.0,100.0
solar_elevation_gt_0,D+3,2026-08,yancheng_2,403.0,0.0024813895781637717,0.0,0.0024813895781637717,0.0,0.0,0.0,1.0,0.0,0.0,0.0,1.0,100.0
solar_elevation_gt_0,D+3,2026-08,yancheng_3,403.0,0.0024813895781637717,0.0,0.0024813895781637717,0.0,0.0,0.0,1.0,0.0,0.0,0.0,1.0,100.0
solar_elevation_gt_10,D+1,2024-02,changzhou_1,269.0,0.0,0.0,0.0,0.0,0.0,0.0,0.0,,,,,
solar_elevation_gt_10,D+1,2024-02,huai_an_1,268.0,0.0,0.0,0.0,0.0,0.0,0.0,0.0,,,,,
solar_elevation_gt_10,D+1,2024-02,huai_an_2,266.0,0.0,0.0,0.0,0.0,0.0,0.0,0.0,,,,,
solar_elevation_gt_10,D+1,2024-02,huai_an_3,271.0,0.0,0.0,0.0,0.0,0.0,0.0,0.0,,,,,
solar_elevation_gt_10,D+1,2024-02,lianyungang_1,265.0,0.0,0.0,0.0,0.0,0.0,0.0,0.0,,,,,
solar_elevation_gt_10,D+1,2024-02,lianyungang_2,265.0,0.0,0.0,0.0,0.0,0.0,0.0,0.0,,,,,
solar_elevation_gt_10,D+1,2024-02,nanjing_1,273.0,0.0,0.0,0.0,0.0,0.0,0.0,0.0,,,,,
solar_elevation_gt_10,D+1,2024-02,nanjing_2,272.0,0.0,0.0,0.0,0.0,0.0,0.0,0.0,,,,,
solar_elevation_gt_10,D+1,2024-02,nantong_1,263.0,0.0,0.0,0.0,0.0,0.0,0.0,0.0,,,,,
solar_elevation_gt_10,D+1,2024-02,nantong_2,261.0,0.0,0.0,0.0,0.0,0.0,0.0,0.0,,,,,
solar_elevation_gt_10,D+1,2024-02,suqian_1,269.0,0.0,0.0,0.0,0.0,0.0,0.0,0.0,,,,,
solar_elevation_gt_10,D+1,2024-02,suzhou_1,263.0,0.0,0.0,0.0,0.0,0.0,0.0,0.0,,,,,
solar_elevation_gt_10,D+1,2024-02,taizhou_1,267.0,0.0,0.0,0.0,0.0,0.0,0.0,0.0,,,,,
solar_elevation_gt_10,D+1,2024-02,taizhou_2,263.0,0.0,0.0,0.0,0.0,0.0,0.0,0.0,,,,,
solar_elevation_gt_10,D+1,2024-02,wuxi_1,268.0,0.0,0.0,0.0,0.0,0.0,0.0,0.0,,,,,
solar_elevation_gt_10,D+1,2024-02,xuzhou_1,265.0,0.0,0.0,0.0,0.0,0.0,0.0,0.0,,,,,
solar_elevation_gt_10,D+1,2024-02,xuzhou_2,267.0,0.0,0.0,0.0,0.0,0.0,0.0,0.0,,,,,
solar_elevation_gt_10,D+1,2024-02,yancheng_1,265.0,0.0,0.0,0.0,0.0,0.0,0.0,0.0,,,,,
solar_elevation_gt_10,D+1,2024-02,yancheng_2,263.0,0.0,0.0,0.0,0.0,0.0,0.0,0.0,,,,,
solar_elevation_gt_10,D+1,2024-02,yancheng_3,266.0,0.0,0.0,0.0,0.0,0.0,0.0,0.0,,,,,
solar_elevation_gt_10,D+1,2024-03,changzhou_1,326.0,0.0,0.0,0.0,0.0,0.0,0.0,0.0,,,,,
solar_elevation_gt_10,D+1,2024-03,huai_an_1,324.0,0.0,0.0,0.0,0.0,0.0,0.0,0.0,,,,,
solar_elevation_gt_10,D+1,2024-03,huai_an_2,324.0,0.0,0.0,0.0,0.0,0.0,0.0,0.0,,,,,
solar_elevation_gt_10,D+1,2024-03,huai_an_3,322.0,0.0,0.0,0.0,0.0,0.0,0.0,0.0,,,,,
solar_elevation_gt_10,D+1,2024-03,lianyungang_1,321.0,0.0,0.0,0.0,0.0,0.0,0.0,0.0,,,,,
solar_elevation_gt_10,D+1,2024-03,lianyungang_2,324.0,0.0,0.0,0.0,0.0,0.0,0.0,0.0,,,,,
solar_elevation_gt_10,D+1,2024-03,nanjing_1,322.0,0.0,0.0,0.0,0.0,0.0,0.0,0.0,,,,,
solar_elevation_gt_10,D+1,2024-03,nanjing_2,324.0,0.0,0.0,0.0,0.0,0.0,0.0,0.0,,,,,
solar_elevation_gt_10,D+1,2024-03,nantong_1,330.0,0.0,0.0,0.0,0.0,0.0,0.0,0.0,,,,,
solar_elevation_gt_10,D+1,2024-03,nantong_2,330.0,0.0,0.0,0.0,0.0,0.0,0.0,0.0,,,,,
solar_elevation_gt_10,D+1,2024-03,suqian_1,321.0,0.0,0.0,0.0,0.0,0.0,0.0,0.0,,,,,
solar_elevation_gt_10,D+1,2024-03,suzhou_1,330.0,0.0,0.0,0.0,0.0,0.0,0.0,0.0,,,,,
solar_elevation_gt_10,D+1,2024-03,taizhou_1,326.0,0.0,0.0,0.0,0.0,0.0,0.0,0.0,,,,,
solar_elevation_gt_10,D+1,2024-03,taizhou_2,328.0,0.0,0.0,0.0,0.0,0.0,0.0,0.0,,,,,
solar_elevation_gt_10,D+1,2024-03,wuxi_1,328.0,0.0,0.0,0.0,0.0,0.0,0.0,0.0,,,,,
solar_elevation_gt_10,D+1,2024-03,xuzhou_1,316.0,0.0,0.0,0.0,0.0,0.0,0.0,0.0,,,,,
solar_elevation_gt_10,D+1,2024-03,xuzhou_2,318.0,0.0,0.0,0.0,0.0,0.0,0.0,0.0,,,,,
solar_elevation_gt_10,D+1,2024-03,yancheng_1,325.0,0.0,0.0,0.0,0.0,0.0,0.0,0.0,,,,,
solar_elevation_gt_10,D+1,2024-03,yancheng_2,328.0,0.0,0.0,0.0,0.0,0.0,0.0,0.0,,,,,
solar_elevation_gt_10,D+1,2024-03,yancheng_3,325.0,0.0,0.0,0.0,0.0,0.0,0.0,0.0,,,,,
solar_elevation_gt_10,D+1,2024-04,changzhou_1,330.0,0.0,0.0,0.0,0.0,0.0,0.0,0.0,,,,,
solar_elevation_gt_10,D+1,2024-04,huai_an_1,330.0,0.0,0.0,0.0,0.0,0.0,0.0,0.0,,,,,
solar_elevation_gt_10,D+1,2024-04,huai_an_2,330.0,0.0,0.0,0.0,0.0,0.0,0.0,0.0,,,,,
solar_elevation_gt_10,D+1,2024-04,huai_an_3,330.0,0.0,0.0,0.0,0.0,0.0,0.0,0.0,,,,,
solar_elevation_gt_10,D+1,2024-04,lianyungang_1,330.0,0.0,0.0,0.0,0.0,0.0,0.0,0.0,,,,,
solar_elevation_gt_10,D+1,2024-04,lianyungang_2,330.0,0.0,0.0,0.0,0.0,0.0,0.0,0.0,,,,,
solar_elevation_gt_10,D+1,2024-04,nanjing_1,330.0,0.0,0.0,0.0,0.0,0.0,0.0,0.0,,,,,
solar_elevation_gt_10,D+1,2024-04,nanjing_2,330.0,0.0,0.0,0.0,0.0,0.0,0.0,0.0,,,,,
solar_elevation_gt_10,D+1,2024-04,nantong_1,330.0,0.0,0.0,0.0,0.0,0.0,0.0,0.0,,,,,
solar_elevation_gt_10,D+1,2024-04,nantong_2,331.0,0.0,0.0,0.0,0.0,0.0,0.0,0.0,,,,,
solar_elevation_gt_10,D+1,2024-04,suqian_1,330.0,0.0,0.0,0.0,0.0,0.0,0.0,0.0,,,,,
solar_elevation_gt_10,D+1,2024-04,suzhou_1,330.0,0.0,0.0,0.0,0.0,0.0,0.0,0.0,,,,,
solar_elevation_gt_10,D+1,2024-04,taizhou_1,330.0,0.0,0.0,0.0,0.0,0.0,0.0,0.0,,,,,
solar_elevation_gt_10,D+1,2024-04,taizhou_2,330.0,0.0,0.0,0.0,0.0,0.0,0.0,0.0,,,,,
solar_elevation_gt_10,D+1,2024-04,wuxi_1,330.0,0.0,0.0,0.0,0.0,0.0,0.0,0.0,,,,,
solar_elevation_gt_10,D+1,2024-04,xuzhou_1,336.0,0.0,0.0,0.0,0.0,0.0,0.0,0.0,,,,,
solar_elevation_gt_10,D+1,2024-04,xuzhou_2,330.0,0.0,0.0,0.0,0.0,0.0,0.0,0.0,,,,,
solar_elevation_gt_10,D+1,2024-04,yancheng_1,330.0,0.0,0.0,0.0,0.0,0.0,0.0,0.0,,,,,
solar_elevation_gt_10,D+1,2024-04,yancheng_2,330.0,0.0,0.0,0.0,0.0,0.0,0.0,0.0,,,,,
solar_elevation_gt_10,D+1,2024-04,yancheng_3,330.0,0.0,0.0,0.0,0.0,0.0,0.0,0.0,,,,,
solar_elevation_gt_10,D+1,2024-05,changzhou_1,373.0,0.0,0.0,0.0,0.0,0.0,0.0,0.0,,,,,
solar_elevation_gt_10,D+1,2024-05,huai_an_1,380.0,0.0,0.0,0.0,0.0,0.0,0.0,0.0,,,,,
solar_elevation_gt_10,D+1,2024-05,huai_an_2,383.0,0.0,0.0,0.0,0.0,0.0,0.0,0.0,,,,,
solar_elevation_gt_10,D+1,2024-05,huai_an_3,380.0,0.0,0.0,0.0,0.0,0.0,0.0,0.0,,,,,
solar_elevation_gt_10,D+1,2024-05,lianyungang_1,386.0,0.0,0.0,0.0,0.0,0.0,0.0,0.0,,,,,
solar_elevation_gt_10,D+1,2024-05,lianyungang_2,386.0,0.0,0.0,0.0,0.0,0.0,0.0,0.0,,,,,
solar_elevation_gt_10,D+1,2024-05,nanjing_1,374.0,0.0,0.0,0.0,0.0,0.0,0.0,0.0,,,,,
solar_elevation_gt_10,D+1,2024-05,nanjing_2,373.0,0.0,0.0,0.0,0.0,0.0,0.0,0.0,,,,,
solar_elevation_gt_10,D+1,2024-05,nantong_1,373.0,0.0,0.0,0.0,0.0,0.0,0.0,0.0,,,,,
solar_elevation_gt_10,D+1,2024-05,nantong_2,372.0,0.0,0.0,0.0,0.0,0.0,0.0,0.0,,,,,
solar_elevation_gt_10,D+1,2024-05,suqian_1,383.0,0.0,0.0,0.0,0.0,0.0,0.0,0.0,,,,,
solar_elevation_gt_10,D+1,2024-05,suzhou_1,370.0,0.002702702702702703,0.0,0.002702702702702703,0.0,0.0,0.0,1.0,0.0,0.0,0.0,1.0,100.0
solar_elevation_gt_10,D+1,2024-05,taizhou_1,378.0,0.0,0.0,0.0,0.0,0.0,0.0,0.0,,,,,
solar_elevation_gt_10,D+1,2024-05,taizhou_2,377.0,0.0,0.0,0.0,0.0,0.0,0.0,0.0,,,,,
solar_elevation_gt_10,D+1,2024-05,wuxi_1,370.0,0.0,0.0,0.0,0.0,0.0,0.0,0.0,,,,,
solar_elevation_gt_10,D+1,2024-05,xuzhou_1,377.0,0.0,0.0,0.0,0.0,0.0,0.0,0.0,,,,,
solar_elevation_gt_10,D+1,2024-05,xuzhou_2,383.0,0.0,0.0,0.0,0.0,0.0,0.0,0.0,,,,,
solar_elevation_gt_10,D+1,2024-05,yancheng_1,383.0,0.0,0.0,0.0,0.0,0.0,0.0,0.0,,,,,
solar_elevation_gt_10,D+1,2024-05,yancheng_2,378.0,0.0,0.0,0.0,0.0,0.0,0.0,0.0,,,,,
solar_elevation_gt_10,D+1,2024-05,yancheng_3,380.0,0.0,0.0,0.0,0.0,0.0,0.0,0.0,,,,,
solar_elevation_gt_10,D+1,2024-06,changzhou_1,390.0,0.0,0.0,0.0,0.0,0.0,0.0,0.0,,,,,
solar_elevation_gt_10,D+1,2024-06,huai_an_1,390.0,0.002564102564102564,0.0,0.002564102564102564,0.0,0.0,0.0,1.0,0.0,0.0,0.0,1.0,100.0
solar_elevation_gt_10,D+1,2024-06,huai_an_2,390.0,0.0,0.0,0.0,0.0,0.0,0.0,0.0,,,,,
solar_elevation_gt_10,D+1,2024-06,huai_an_3,390.0,0.0,0.0,0.0,0.0,0.0,0.0,0.0,,,,,
solar_elevation_gt_10,D+1,2024-06,lianyungang_1,390.0,0.0,0.0,0.0,0.0,0.0,0.0,0.0,,,,,
solar_elevation_gt_10,D+1,2024-06,lianyungang_2,390.0,0.0,0.0,0.0,0.0,0.0,0.0,0.0,,,,,
solar_elevation_gt_10,D+1,2024-06,nanjing_1,390.0,0.0,0.0,0.0,0.0,0.0,0.0,0.0,,,,,
solar_elevation_gt_10,D+1,2024-06,nanjing_2,390.0,0.0,0.0,0.0,0.0,0.0,0.0,0.0,,,,,
solar_elevation_gt_10,D+1,2024-06,nantong_1,390.0,0.0,0.0,0.0,0.0,0.0,0.0,0.0,,,,,
solar_elevation_gt_10,D+1,2024-06,nantong_2,387.0,0.0,0.0,0.0,0.0,0.0,0.0,0.0,,,,,
solar_elevation_gt_10,D+1,2024-06,suqian_1,390.0,0.0,0.0,0.0,0.0,0.0,0.0,0.0,,,,,
solar_elevation_gt_10,D+1,2024-06,suzhou_1,390.0,0.0,0.0,0.0,0.0,0.0,0.0,0.0,,,,,
solar_elevation_gt_10,D+1,2024-06,taizhou_1,390.0,0.002564102564102564,0.0,0.002564102564102564,0.0,0.0,0.0,1.0,0.0,0.0,0.0,1.0,100.0
solar_elevation_gt_10,D+1,2024-06,taizhou_2,390.0,0.0,0.0,0.0,0.0,0.0,0.0,0.0,,,,,
solar_elevation_gt_10,D+1,2024-06,wuxi_1,390.0,0.0,0.0,0.0,0.0,0.0,0.0,0.0,,,,,
solar_elevation_gt_10,D+1,2024-06,xuzhou_1,384.0,0.0,0.0,0.0,0.0,0.0,0.0,0.0,,,,,
solar_elevation_gt_10,D+1,2024-06,xuzhou_2,390.0,0.0,0.0,0.0,0.0,0.0,0.0,0.0,,,,,
solar_elevation_gt_10,D+1,2024-06,yancheng_1,390.0,0.0,0.0,0.0,0.0,0.0,0.0,0.0,,,,,
solar_elevation_gt_10,D+1,2024-06,yancheng_2,390.0,0.0,0.0,0.0,0.0,0.0,0.0,0.0,,,,,
solar_elevation_gt_10,D+1,2024-06,yancheng_3,390.0,0.0,0.0,0.0,0.0,0.0,0.0,0.0,,,,,
solar_elevation_gt_10,D+1,2024-07,changzhou_1,383.0,0.0,0.0,0.0,0.0,0.0,0.0,0.0,,,,,
solar_elevation_gt_10,D+1,2024-07,huai_an_1,385.0,0.0,0.0,0.0,0.0,0.0,0.0,0.0,,,,,
solar_elevation_gt_10,D+1,2024-07,huai_an_2,388.0,0.0,0.0,0.0,0.0,0.0,0.0,0.0,,,,,
solar_elevation_gt_10,D+1,2024-07,huai_an_3,379.0,0.002638522427440633,0.0,0.002638522427440633,0.0,0.0,0.0,1.0,0.0,0.0,0.0,1.0,100.0
solar_elevation_gt_10,D+1,2024-07,lianyungang_1,384.0,0.0026041666666666665,0.0,0.0026041666666666665,0.0,0.0,0.0,1.0,0.0,0.0,0.0,1.0,100.0
solar_elevation_gt_10,D+1,2024-07,lianyungang_2,390.0,0.0,0.0,0.0,0.0,0.0,0.0,0.0,,,,,
solar_elevation_gt_10,D+1,2024-07,nanjing_1,374.0,0.0,0.0,0.0,0.0,0.0,0.0,0.0,,,,,
solar_elevation_gt_10,D+1,2024-07,nanjing_2,376.0,0.0,0.0,0.0,0.0,0.0,0.0,0.0,,,,,
solar_elevation_gt_10,D+1,2024-07,nantong_1,393.0,0.0,0.0,0.0,0.0,0.0,0.0,0.0,,,,,
solar_elevation_gt_10,D+1,2024-07,nantong_2,394.0,0.0,0.0,0.0,0.0,0.0,0.0,0.0,,,,,
solar_elevation_gt_10,D+1,2024-07,suqian_1,379.0,0.0,0.0,0.0,0.0,0.0,0.0,0.0,,,,,
solar_elevation_gt_10,D+1,2024-07,suzhou_1,391.0,0.0,0.0,0.0,0.0,0.0,0.0,0.0,,,,,
solar_elevation_gt_10,D+1,2024-07,taizhou_1,387.0,0.0,0.0,0.0,0.0,0.0,0.0,0.0,,,,,
solar_elevation_gt_10,D+1,2024-07,taizhou_2,393.0,0.0,0.0,0.0,0.0,0.0,0.0,0.0,,,,,
solar_elevation_gt_10,D+1,2024-07,wuxi_1,385.0,0.0,0.0,0.0,0.0,0.0,0.0,0.0,,,,,
solar_elevation_gt_10,D+1,2024-07,xuzhou_1,372.0,0.0,0.0,0.0,0.0,0.0,0.0,0.0,,,,,
solar_elevation_gt_10,D+1,2024-07,xuzhou_2,373.0,0.0,0.0,0.0,0.0,0.0,0.0,0.0,,,,,
solar_elevation_gt_10,D+1,2024-07,yancheng_1,390.0,0.0,0.0,0.0,0.0,0.0,0.0,0.0,,,,,
solar_elevation_gt_10,D+1,2024-07,yancheng_2,394.0,0.0,0.0,0.0,0.0,0.0,0.0,0.0,,,,,
solar_elevation_gt_10,D+1,2024-07,yancheng_3,388.0,0.0,0.0,0.0,0.0,0.0,0.0,0.0,,,,,
solar_elevation_gt_10,D+1,2024-08,changzhou_1,347.0,0.0,0.0,0.0,0.0,0.0,0.0,0.0,,,,,
solar_elevation_gt_10,D+1,2024-08,huai_an_1,350.0,0.0,0.0,0.0,0.0,0.0,0.0,0.0,,,,,
solar_elevation_gt_10,D+1,2024-08,huai_an_2,351.0,0.0,0.0,0.0,0.0,0.0,0.0,0.0,,,,,
solar_elevation_gt_10,D+1,2024-08,huai_an_3,354.0,0.0,0.0,0.0,0.0,0.0,0.0,0.0,,,,,
solar_elevation_gt_10,D+1,2024-08,lianyungang_1,355.0,0.0,0.0,0.0,0.0,0.0,0.0,0.0,,,,,
solar_elevation_gt_10,D+1,2024-08,lianyungang_2,352.0,0.0,0.0,0.0,0.0,0.0,0.0,0.0,,,,,
solar_elevation_gt_10,D+1,2024-08,nanjing_1,353.0,0.0,0.0,0.0,0.0,0.0,0.0,0.0,,,,,
solar_elevation_gt_10,D+1,2024-08,nanjing_2,350.0,0.0,0.0,0.0,0.0,0.0,0.0,0.0,,,,,
solar_elevation_gt_10,D+1,2024-08,nantong_1,341.0,0.0,0.0,0.0,0.0,0.0,0.0,0.0,,,,,
solar_elevation_gt_10,D+1,2024-08,nantong_2,341.0,0.0,0.0,0.0,0.0,0.0,0.0,0.0,,,,,
solar_elevation_gt_10,D+1,2024-08,suqian_1,356.0,0.0,0.0,0.0,0.0,0.0,0.0,0.0,,,,,
solar_elevation_gt_10,D+1,2024-08,suzhou_1,341.0,0.0,0.0,0.0,0.0,0.0,0.0,0.0,,,,,
solar_elevation_gt_10,D+1,2024-08,taizhou_1,348.0,0.0,0.0,0.0,0.0,0.0,0.0,0.0,,,,,
solar_elevation_gt_10,D+1,2024-08,taizhou_2,344.0,0.0,0.0,0.0,0.0,0.0,0.0,0.0,,,,,
solar_elevation_gt_10,D+1,2024-08,wuxi_1,344.0,0.0,0.0,0.0,0.0,0.0,0.0,0.0,,,,,
solar_elevation_gt_10,D+1,2024-08,xuzhou_1,362.0,0.0,0.0,0.0,0.0,0.0,0.0,0.0,,,,,
solar_elevation_gt_10,D+1,2024-08,xuzhou_2,359.0,0.0,0.0,0.0,0.0,0.0,0.0,0.0,,,,,
solar_elevation_gt_10,D+1,2024-08,yancheng_1,350.0,0.0,0.0,0.0,0.0,0.0,0.0,0.0,,,,,
solar_elevation_gt_10,D+1,2024-08,yancheng_2,345.0,0.0,0.0,0.0,0.0,0.0,0.0,0.0,,,,,
solar_elevation_gt_10,D+1,2024-08,yancheng_3,349.0,0.0,0.0,0.0,0.0,0.0,0.0,0.0,,,,,
solar_elevation_gt_10,D+1,2024-09,changzhou_1,327.0,0.0,0.0,0.0,0.0,0.0,0.0,0.0,,,,,
solar_elevation_gt_10,D+1,2024-09,huai_an_1,327.0,0.0,0.0,0.0,0.0,0.0,0.0,0.0,,,,,
solar_elevation_gt_10,D+1,2024-09,huai_an_2,327.0,0.0,0.0,0.0,0.0,0.0,0.0,0.0,,,,,
solar_elevation_gt_10,D+1,2024-09,huai_an_3,329.0,0.0,0.0,0.0,0.0,0.0,0.0,0.0,,,,,
solar_elevation_gt_10,D+1,2024-09,lianyungang_1,328.0,0.0,0.0,0.0,0.0,0.0,0.0,0.0,,,,,
solar_elevation_gt_10,D+1,2024-09,lianyungang_2,326.0,0.0,0.0,0.0,0.0,0.0,0.0,0.0,,,,,
solar_elevation_gt_10,D+1,2024-09,nanjing_1,330.0,0.0,0.0,0.0,0.0,0.0,0.0,0.0,,,,,
solar_elevation_gt_10,D+1,2024-09,nanjing_2,329.0,0.0,0.0,0.0,0.0,0.0,0.0,0.0,,,,,
solar_elevation_gt_10,D+1,2024-09,nantong_1,323.0,0.0,0.0,0.0,0.0,0.0,0.0,0.0,,,,,
solar_elevation_gt_10,D+1,2024-09,nantong_2,321.0,0.0,0.0,0.0,0.0,0.0,0.0,0.0,,,,,
solar_elevation_gt_10,D+1,2024-09,suqian_1,330.0,0.0,0.0,0.0,0.0,0.0,0.0,0.0,,,,,
solar_elevation_gt_10,D+1,2024-09,suzhou_1,323.0,0.0,0.0,0.0,0.0,0.0,0.0,0.0,,,,,
solar_elevation_gt_10,D+1,2024-09,taizhou_1,326.0,0.0,0.0,0.0,0.0,0.0,0.0,0.0,,,,,
solar_elevation_gt_10,D+1,2024-09,taizhou_2,324.0,0.0,0.0,0.0,0.0,0.0,0.0,0.0,,,,,
solar_elevation_gt_10,D+1,2024-09,wuxi_1,326.0,0.0,0.0,0.0,0.0,0.0,0.0,0.0,,,,,
solar_elevation_gt_10,D+1,2024-09,xuzhou_1,328.0,0.0,0.0,0.0,0.0,0.0,0.0,0.0,,,,,
solar_elevation_gt_10,D+1,2024-09,xuzhou_2,330.0,0.0,0.0,0.0,0.0,0.0,0.0,0.0,,,,,
solar_elevation_gt_10,D+1,2024-09,yancheng_1,326.0,0.0,0.0,0.0,0.0,0.0,0.0,0.0,,,,,
solar_elevation_gt_10,D+1,2024-09,yancheng_2,324.0,0.0,0.0,0.0,0.0,0.0,0.0,0.0,,,,,
solar_elevation_gt_10,D+1,2024-09,yancheng_3,326.0,0.0,0.0,0.0,0.0,0.0,0.0,0.0,,,,,
solar_elevation_gt_10,D+1,2024-10,changzhou_1,298.0,0.0,0.0,0.0,0.0,0.0,0.0,0.0,,,,,
solar_elevation_gt_10,D+1,2024-10,huai_an_1,293.0,0.0,0.0,0.0,0.0,0.0,0.0,0.0,,,,,
solar_elevation_gt_10,D+1,2024-10,huai_an_2,292.0,0.0,0.0,0.0,0.0,0.0,0.0,0.0,,,,,
solar_elevation_gt_10,D+1,2024-10,huai_an_3,289.0,0.0,0.0,0.0,0.0,0.0,0.0,0.0,,,,,
solar_elevation_gt_10,D+1,2024-10,lianyungang_1,287.0,0.0,0.0,0.0,0.0,0.0,0.0,0.0,,,,,
solar_elevation_gt_10,D+1,2024-10,lianyungang_2,290.0,0.0,0.0,0.0,0.0,0.0,0.0,0.0,,,,,
solar_elevation_gt_10,D+1,2024-10,nanjing_1,291.0,0.0,0.0,0.0,0.0,0.0,0.0,0.0,,,,,
solar_elevation_gt_10,D+1,2024-10,nanjing_2,294.0,0.0,0.0,0.0,0.0,0.0,0.0,0.0,,,,,
solar_elevation_gt_10,D+1,2024-10,nantong_1,303.0,0.0,0.0,0.0,0.0,0.0,0.0,0.0,,,,,
solar_elevation_gt_10,D+1,2024-10,nantong_2,306.0,0.0,0.0,0.0,0.0,0.0,0.0,0.0,,,,,
solar_elevation_gt_10,D+1,2024-10,suqian_1,286.0,0.0,0.0,0.0,0.0,0.0,0.0,0.0,,,,,
solar_elevation_gt_10,D+1,2024-10,suzhou_1,304.0,0.0,0.0,0.0,0.0,0.0,0.0,0.0,,,,,
solar_elevation_gt_10,D+1,2024-10,taizhou_1,295.0,0.0,0.0,0.0,0.0,0.0,0.0,0.0,,,,,
solar_elevation_gt_10,D+1,2024-10,taizhou_2,299.0,0.0,0.0,0.0,0.0,0.0,0.0,0.0,,,,,
solar_elevation_gt_10,D+1,2024-10,wuxi_1,301.0,0.0,0.0,0.0,0.0,0.0,0.0,0.0,,,,,
solar_elevation_gt_10,D+1,2024-10,xuzhou_1,283.0,0.0,0.0,0.0,0.0,0.0,0.0,0.0,,,,,
solar_elevation_gt_10,D+1,2024-10,xuzhou_2,284.0,0.0,0.0,0.0,0.0,0.0,0.0,0.0,,,,,
solar_elevation_gt_10,D+1,2024-10,yancheng_1,293.0,0.0,0.0,0.0,0.0,0.0,0.0,0.0,,,,,
solar_elevation_gt_10,D+1,2024-10,yancheng_2,298.0,0.0,0.0,0.0,0.0,0.0,0.0,0.0,,,,,
solar_elevation_gt_10,D+1,2024-10,yancheng_3,295.0,0.0,0.0,0.0,0.0,0.0,0.0,0.0,,,,,
solar_elevation_gt_10,D+1,2024-11,changzhou_1,269.0,0.0,0.0,0.0,0.0,0.0,0.0,0.0,,,,,
solar_elevation_gt_10,D+1,2024-11,huai_an_1,260.0,0.0,0.0,0.0,0.0,0.0,0.0,0.0,,,,,
solar_elevation_gt_10,D+1,2024-11,huai_an_2,256.0,0.0,0.0,0.0,0.0,0.0,0.0,0.0,,,,,
solar_elevation_gt_10,D+1,2024-11,huai_an_3,267.0,0.0,0.0,0.0,0.0,0.0,0.0,0.0,,,,,
solar_elevation_gt_10,D+1,2024-11,lianyungang_1,257.0,0.0,0.0,0.0,0.0,0.0,0.0,0.0,,,,,
solar_elevation_gt_10,D+1,2024-11,lianyungang_2,253.0,0.0,0.0,0.0,0.0,0.0,0.0,0.0,,,,,
solar_elevation_gt_10,D+1,2024-11,nanjing_1,270.0,0.0,0.0,0.0,0.0,0.0,0.0,0.0,,,,,
solar_elevation_gt_10,D+1,2024-11,nanjing_2,270.0,0.0,0.0,0.0,0.0,0.0,0.0,0.0,,,,,
solar_elevation_gt_10,D+1,2024-11,nantong_1,255.0,0.0,0.0,0.0,0.0,0.0,0.0,0.0,,,,,
solar_elevation_gt_10,D+1,2024-11,nantong_2,251.0,0.0,0.0,0.0,0.0,0.0,0.0,0.0,,,,,
solar_elevation_gt_10,D+1,2024-11,suqian_1,264.0,0.0,0.0,0.0,0.0,0.0,0.0,0.0,,,,,
solar_elevation_gt_10,D+1,2024-11,suzhou_1,257.0,0.0,0.0,0.0,0.0,0.0,0.0,0.0,,,,,
solar_elevation_gt_10,D+1,2024-11,taizhou_1,259.0,0.0,0.0,0.0,0.0,0.0,0.0,0.0,,,,,
solar_elevation_gt_10,D+1,2024-11,taizhou_2,254.0,0.0,0.0,0.0,0.0,0.0,0.0,0.0,,,,,
solar_elevation_gt_10,D+1,2024-11,wuxi_1,266.0,0.0,0.0,0.0,0.0,0.0,0.0,0.0,,,,,
solar_elevation_gt_10,D+1,2024-11,xuzhou_1,267.0,0.0,0.0,0.0,0.0,0.0,0.0,0.0,,,,,
solar_elevation_gt_10,D+1,2024-11,xuzhou_2,270.0,0.0,0.0,0.0,0.0,0.0,0.0,0.0,,,,,
solar_elevation_gt_10,D+1,2024-11,yancheng_1,254.0,0.0,0.0,0.0,0.0,0.0,0.0,0.0,,,,,
solar_elevation_gt_10,D+1,2024-11,yancheng_2,253.0,0.0,0.0,0.0,0.0,0.0,0.0,0.0,,,,,
solar_elevation_gt_10,D+1,2024-11,yancheng_3,257.0,0.0,0.0,0.0,0.0,0.0,0.0,0.0,,,,,
solar_elevation_gt_10,D+1,2024-12,changzhou_1,267.0,0.0,0.0,0.0,0.0,0.0,0.0,0.0,,,,,
solar_elevation_gt_10,D+1,2024-12,huai_an_1,242.0,0.0,0.0,0.0,0.0,0.0,0.0,0.0,,,,,
solar_elevation_gt_10,D+1,2024-12,huai_an_2,233.0,0.0,0.0,0.0,0.0,0.0,0.0,0.0,,,,,
solar_elevation_gt_10,D+1,2024-12,huai_an_3,245.0,0.0,0.0,0.0,0.0,0.0,0.0,0.0,,,,,
solar_elevation_gt_10,D+1,2024-12,lianyungang_1,226.0,0.0,0.0,0.0,0.0,0.0,0.0,0.0,,,,,
solar_elevation_gt_10,D+1,2024-12,lianyungang_2,226.0,0.0,0.0,0.0,0.0,0.0,0.0,0.0,,,,,
solar_elevation_gt_10,D+1,2024-12,nanjing_1,266.0,0.0,0.0,0.0,0.0,0.0,0.0,0.0,,,,,
solar_elevation_gt_10,D+1,2024-12,nanjing_2,273.0,0.0,0.0,0.0,0.0,0.0,0.0,0.0,,,,,
solar_elevation_gt_10,D+1,2024-12,nantong_1,252.0,0.0,0.0,0.0,0.0,0.0,0.0,0.0,,,,,
solar_elevation_gt_10,D+1,2024-12,nantong_2,248.0,0.0,0.0,0.0,0.0,0.0,0.0,0.0,,,,,
solar_elevation_gt_10,D+1,2024-12,suqian_1,236.0,0.0,0.0,0.0,0.0,0.0,0.0,0.0,,,,,
solar_elevation_gt_10,D+1,2024-12,suzhou_1,255.0,0.0,0.0,0.0,0.0,0.0,0.0,0.0,,,,,
solar_elevation_gt_10,D+1,2024-12,taizhou_1,247.0,0.0,0.0,0.0,0.0,0.0,0.0,0.0,,,,,
solar_elevation_gt_10,D+1,2024-12,taizhou_2,251.0,0.0,0.0,0.0,0.0,0.0,0.0,0.0,,,,,
solar_elevation_gt_10,D+1,2024-12,wuxi_1,264.0,0.0,0.0,0.0,0.0,0.0,0.0,0.0,,,,,
solar_elevation_gt_10,D+1,2024-12,xuzhou_1,248.0,0.0,0.0,0.0,0.0,0.0,0.0,0.0,,,,,
solar_elevation_gt_10,D+1,2024-12,xuzhou_2,236.0,0.0,0.0,0.0,0.0,0.0,0.0,0.0,,,,,
solar_elevation_gt_10,D+1,2024-12,yancheng_1,233.0,0.0,0.0,0.0,0.0,0.0,0.0,0.0,,,,,
solar_elevation_gt_10,D+1,2024-12,yancheng_2,245.0,0.0,0.0,0.0,0.0,0.0,0.0,0.0,,,,,
solar_elevation_gt_10,D+1,2024-12,yancheng_3,242.0,0.0,0.0,0.0,0.0,0.0,0.0,0.0,,,,,
solar_elevation_gt_10,D+1,2025-01,changzhou_1,279.0,0.0,0.0,0.0,0.0,0.0,0.0,0.0,,,,,
solar_elevation_gt_10,D+1,2025-01,huai_an_1,256.0,0.0,0.0,0.0,0.0,0.0,0.0,0.0,,,,,
solar_elevation_gt_10,D+1,2025-01,huai_an_2,252.0,0.0,0.0,0.0,0.0,0.0,0.0,0.0,,,,,
solar_elevation_gt_10,D+1,2025-01,huai_an_3,251.0,0.0,0.0,0.0,0.0,0.0,0.0,0.0,,,,,
solar_elevation_gt_10,D+1,2025-01,lianyungang_1,248.0,0.0,0.0,0.0,0.0,0.0,0.0,0.0,,,,,
solar_elevation_gt_10,D+1,2025-01,lianyungang_2,249.0,0.0,0.0,0.0,0.0,0.0,0.0,0.0,,,,,
solar_elevation_gt_10,D+1,2025-01,nanjing_1,256.0,0.0,0.0,0.0,0.0,0.0,0.0,0.0,,,,,
solar_elevation_gt_10,D+1,2025-01,nanjing_2,262.0,0.0,0.0,0.0,0.0,0.0,0.0,0.0,,,,,
solar_elevation_gt_10,D+1,2025-01,nantong_1,279.0,0.0,0.0,0.0,0.0,0.0,0.0,0.0,,,,,
solar_elevation_gt_10,D+1,2025-01,nantong_2,279.0,0.0,0.0,0.0,0.0,0.0,0.0,0.0,,,,,
solar_elevation_gt_10,D+1,2025-01,suqian_1,248.0,0.0,0.0,0.0,0.0,0.0,0.0,0.0,,,,,
solar_elevation_gt_10,D+1,2025-01,suzhou_1,279.0,0.0,0.0,0.0,0.0,0.0,0.0,0.0,,,,,
solar_elevation_gt_10,D+1,2025-01,taizhou_1,260.0,0.0,0.0,0.0,0.0,0.0,0.0,0.0,,,,,
solar_elevation_gt_10,D+1,2025-01,taizhou_2,273.0,0.0,0.0,0.0,0.0,0.0,0.0,0.0,,,,,
solar_elevation_gt_10,D+1,2025-01,wuxi_1,279.0,0.0,0.0,0.0,0.0,0.0,0.0,0.0,,,,,
solar_elevation_gt_10,D+1,2025-01,xuzhou_1,248.0,0.0,0.0,0.0,0.0,0.0,0.0,0.0,,,,,
solar_elevation_gt_10,D+1,2025-01,xuzhou_2,248.0,0.0,0.0,0.0,0.0,0.0,0.0,0.0,,,,,
solar_elevation_gt_10,D+1,2025-01,yancheng_1,254.0,0.0,0.0,0.0,0.0,0.0,0.0,0.0,,,,,
solar_elevation_gt_10,D+1,2025-01,yancheng_2,266.0,0.0,0.0,0.0,0.0,0.0,0.0,0.0,,,,,
solar_elevation_gt_10,D+1,2025-01,yancheng_3,258.0,0.0,0.0,0.0,0.0,0.0,0.0,0.0,,,,,
solar_elevation_gt_10,D+1,2025-02,changzhou_1,260.0,0.0,0.0,0.0,0.0,0.0,0.0,0.0,,,,,
solar_elevation_gt_10,D+1,2025-02,huai_an_1,259.0,0.0,0.0,0.0,0.0,0.0,0.0,0.0,,,,,
solar_elevation_gt_10,D+1,2025-02,huai_an_2,257.0,0.0,0.0,0.0,0.0,0.0,0.0,0.0,,,,,
solar_elevation_gt_10,D+1,2025-02,huai_an_3,262.0,0.0,0.0,0.0,0.0,0.0,0.0,0.0,,,,,
solar_elevation_gt_10,D+1,2025-02,lianyungang_1,257.0,0.0,0.0,0.0,0.0,0.0,0.0,0.0,,,,,
solar_elevation_gt_10,D+1,2025-02,lianyungang_2,256.0,0.0,0.0,0.0,0.0,0.0,0.0,0.0,,,,,
solar_elevation_gt_10,D+1,2025-02,nanjing_1,264.0,0.0,0.0,0.0,0.0,0.0,0.0,0.0,,,,,
solar_elevation_gt_10,D+1,2025-02,nanjing_2,263.0,0.0,0.0,0.0,0.0,0.0,0.0,0.0,,,,,
solar_elevation_gt_10,D+1,2025-02,nantong_1,253.0,0.0,0.0,0.0,0.0,0.0,0.0,0.0,,,,,
solar_elevation_gt_10,D+1,2025-02,nantong_2,252.0,0.0,0.0,0.0,0.0,0.0,0.0,0.0,,,,,
solar_elevation_gt_10,D+1,2025-02,suqian_1,261.0,0.0,0.0,0.0,0.0,0.0,0.0,0.0,,,,,
solar_elevation_gt_10,D+1,2025-02,suzhou_1,254.0,0.0,0.0,0.0,0.0,0.0,0.0,0.0,,,,,
solar_elevation_gt_10,D+1,2025-02,taizhou_1,258.0,0.0,0.0,0.0,0.0,0.0,0.0,0.0,,,,,
solar_elevation_gt_10,D+1,2025-02,taizhou_2,254.0,0.0,0.0,0.0,0.0,0.0,0.0,0.0,,,,,
solar_elevation_gt_10,D+1,2025-02,wuxi_1,258.0,0.0,0.0,0.0,0.0,0.0,0.0,0.0,,,,,
solar_elevation_gt_10,D+1,2025-02,xuzhou_1,257.0,0.0,0.0,0.0,0.0,0.0,0.0,0.0,,,,,
solar_elevation_gt_10,D+1,2025-02,xuzhou_2,258.0,0.0,0.0,0.0,0.0,0.0,0.0,0.0,,,,,
solar_elevation_gt_10,D+1,2025-02,yancheng_1,256.0,0.0,0.0,0.0,0.0,0.0,0.0,0.0,,,,,
solar_elevation_gt_10,D+1,2025-02,yancheng_2,254.0,0.0,0.0,0.0,0.0,0.0,0.0,0.0,,,,,
solar_elevation_gt_10,D+1,2025-02,yancheng_3,257.0,0.0,0.0,0.0,0.0,0.0,0.0,0.0,,,,,
solar_elevation_gt_10,D+1,2025-03,changzhou_1,326.0,0.0,0.0,0.0,0.0,0.0,0.0,0.0,,,,,
solar_elevation_gt_10,D+1,2025-03,huai_an_1,324.0,0.0,0.0,0.0,0.0,0.0,0.0,0.0,,,,,
solar_elevation_gt_10,D+1,2025-03,huai_an_2,324.0,0.0,0.0,0.0,0.0,0.0,0.0,0.0,,,,,
solar_elevation_gt_10,D+1,2025-03,huai_an_3,322.0,0.0,0.0,0.0,0.0,0.0,0.0,0.0,,,,,
solar_elevation_gt_10,D+1,2025-03,lianyungang_1,321.0,0.0,0.0,0.0,0.0,0.0,0.0,0.0,,,,,
solar_elevation_gt_10,D+1,2025-03,lianyungang_2,323.0,0.0,0.0,0.0,0.0,0.0,0.0,0.0,,,,,
solar_elevation_gt_10,D+1,2025-03,nanjing_1,322.0,0.0,0.0,0.0,0.0,0.0,0.0,0.0,,,,,
solar_elevation_gt_10,D+1,2025-03,nanjing_2,324.0,0.0,0.0,0.0,0.0,0.0,0.0,0.0,,,,,
solar_elevation_gt_10,D+1,2025-03,nantong_1,330.0,0.0,0.0,0.0,0.0,0.0,0.0,0.0,,,,,
solar_elevation_gt_10,D+1,2025-03,nantong_2,330.0,0.0,0.0,0.0,0.0,0.0,0.0,0.0,,,,,
solar_elevation_gt_10,D+1,2025-03,suqian_1,320.0,0.0,0.0,0.0,0.0,0.0,0.0,0.0,,,,,
solar_elevation_gt_10,D+1,2025-03,suzhou_1,330.0,0.0,0.0,0.0,0.0,0.0,0.0,0.0,,,,,
solar_elevation_gt_10,D+1,2025-03,taizhou_1,325.0,0.0,0.0,0.0,0.0,0.0,0.0,0.0,,,,,
solar_elevation_gt_10,D+1,2025-03,taizhou_2,328.0,0.0,0.0,0.0,0.0,0.0,0.0,0.0,,,,,
solar_elevation_gt_10,D+1,2025-03,wuxi_1,328.0,0.0,0.0,0.0,0.0,0.0,0.0,0.0,,,,,
solar_elevation_gt_10,D+1,2025-03,xuzhou_1,315.0,0.0,0.0,0.0,0.0,0.0,0.0,0.0,,,,,
solar_elevation_gt_10,D+1,2025-03,xuzhou_2,318.0,0.0,0.0,0.0,0.0,0.0,0.0,0.0,,,,,
solar_elevation_gt_10,D+1,2025-03,yancheng_1,325.0,0.0,0.0,0.0,0.0,0.0,0.0,0.0,,,,,
solar_elevation_gt_10,D+1,2025-03,yancheng_2,328.0,0.0,0.0,0.0,0.0,0.0,0.0,0.0,,,,,
solar_elevation_gt_10,D+1,2025-03,yancheng_3,325.0,0.0,0.0,0.0,0.0,0.0,0.0,0.0,,,,,
solar_elevation_gt_10,D+1,2025-04,changzhou_1,330.0,0.0,0.0,0.0,0.0,0.0,0.0,0.0,,,,,
solar_elevation_gt_10,D+1,2025-04,huai_an_1,330.0,0.0,0.0,0.0,0.0,0.0,0.0,0.0,,,,,
solar_elevation_gt_10,D+1,2025-04,huai_an_2,330.0,0.0,0.0,0.0,0.0,0.0,0.0,0.0,,,,,
solar_elevation_gt_10,D+1,2025-04,huai_an_3,330.0,0.0,0.0,0.0,0.0,0.0,0.0,0.0,,,,,
solar_elevation_gt_10,D+1,2025-04,lianyungang_1,330.0,0.0,0.0,0.0,0.0,0.0,0.0,0.0,,,,,
solar_elevation_gt_10,D+1,2025-04,lianyungang_2,330.0,0.0,0.0,0.0,0.0,0.0,0.0,0.0,,,,,
solar_elevation_gt_10,D+1,2025-04,nanjing_1,330.0,0.0,0.0,0.0,0.0,0.0,0.0,0.0,,,,,
solar_elevation_gt_10,D+1,2025-04,nanjing_2,330.0,0.0,0.0,0.0,0.0,0.0,0.0,0.0,,,,,
solar_elevation_gt_10,D+1,2025-04,nantong_1,330.0,0.0,0.0,0.0,0.0,0.0,0.0,0.0,,,,,
solar_elevation_gt_10,D+1,2025-04,nantong_2,331.0,0.0,0.0,0.0,0.0,0.0,0.0,0.0,,,,,
solar_elevation_gt_10,D+1,2025-04,suqian_1,330.0,0.0,0.0,0.0,0.0,0.0,0.0,0.0,,,,,
solar_elevation_gt_10,D+1,2025-04,suzhou_1,330.0,0.0,0.0,0.0,0.0,0.0,0.0,0.0,,,,,
solar_elevation_gt_10,D+1,2025-04,taizhou_1,330.0,0.0,0.0,0.0,0.0,0.0,0.0,0.0,,,,,
solar_elevation_gt_10,D+1,2025-04,taizhou_2,330.0,0.0,0.0,0.0,0.0,0.0,0.0,0.0,,,,,
solar_elevation_gt_10,D+1,2025-04,wuxi_1,330.0,0.0,0.0,0.0,0.0,0.0,0.0,0.0,,,,,
solar_elevation_gt_10,D+1,2025-04,xuzhou_1,335.0,0.0,0.0,0.0,0.0,0.0,0.0,0.0,,,,,
solar_elevation_gt_10,D+1,2025-04,xuzhou_2,330.0,0.0,0.0,0.0,0.0,0.0,0.0,0.0,,,,,
solar_elevation_gt_10,D+1,2025-04,yancheng_1,330.0,0.0,0.0,0.0,0.0,0.0,0.0,0.0,,,,,
solar_elevation_gt_10,D+1,2025-04,yancheng_2,330.0,0.0,0.0,0.0,0.0,0.0,0.0,0.0,,,,,
solar_elevation_gt_10,D+1,2025-04,yancheng_3,330.0,0.0,0.0,0.0,0.0,0.0,0.0,0.0,,,,,
solar_elevation_gt_10,D+1,2025-05,changzhou_1,372.0,0.0,0.0,0.0,0.0,0.0,0.0,0.0,,,,,
solar_elevation_gt_10,D+1,2025-05,huai_an_1,379.0,0.0,0.0,0.0,0.0,0.0,0.0,0.0,,,,,
solar_elevation_gt_10,D+1,2025-05,huai_an_2,383.0,0.0,0.0,0.0,0.0,0.0,0.0,0.0,,,,,
solar_elevation_gt_10,D+1,2025-05,huai_an_3,379.0,0.0,0.0,0.0,0.0,0.0,0.0,0.0,,,,,
solar_elevation_gt_10,D+1,2025-05,lianyungang_1,386.0,0.0,0.0,0.0,0.0,0.0,0.0,0.0,,,,,
solar_elevation_gt_10,D+1,2025-05,lianyungang_2,385.0,0.0,0.0,0.0,0.0,0.0,0.0,0.0,,,,,
solar_elevation_gt_10,D+1,2025-05,nanjing_1,374.0,0.0,0.0,0.0,0.0,0.0,0.0,0.0,,,,,
solar_elevation_gt_10,D+1,2025-05,nanjing_2,372.0,0.0,0.0,0.0,0.0,0.0,0.0,0.0,,,,,
solar_elevation_gt_10,D+1,2025-05,nantong_1,371.0,0.0,0.0,0.0,0.0,0.0,0.0,0.0,,,,,
solar_elevation_gt_10,D+1,2025-05,nantong_2,372.0,0.0,0.0,0.0,0.0,0.0,0.0,0.0,,,,,
solar_elevation_gt_10,D+1,2025-05,suqian_1,383.0,0.0,0.0,0.0,0.0,0.0,0.0,0.0,,,,,
solar_elevation_gt_10,D+1,2025-05,suzhou_1,370.0,0.0,0.0,0.0,0.0,0.0,0.0,0.0,,,,,
solar_elevation_gt_10,D+1,2025-05,taizhou_1,378.0,0.0,0.0,0.0,0.0,0.0,0.0,0.0,,,,,
solar_elevation_gt_10,D+1,2025-05,taizhou_2,376.0,0.0,0.0,0.0,0.0,0.0,0.0,0.0,,,,,
solar_elevation_gt_10,D+1,2025-05,wuxi_1,370.0,0.0,0.0,0.0,0.0,0.0,0.0,0.0,,,,,
solar_elevation_gt_10,D+1,2025-05,xuzhou_1,377.0,0.0,0.0,0.0,0.0,0.0,0.0,0.0,,,,,
solar_elevation_gt_10,D+1,2025-05,xuzhou_2,383.0,0.0,0.0,0.0,0.0,0.0,0.0,0.0,,,,,
solar_elevation_gt_10,D+1,2025-05,yancheng_1,382.0,0.0,0.0,0.0,0.0,0.0,0.0,0.0,,,,,
solar_elevation_gt_10,D+1,2025-05,yancheng_2,378.0,0.0,0.0,0.0,0.0,0.0,0.0,0.0,,,,,
solar_elevation_gt_10,D+1,2025-05,yancheng_3,379.0,0.0,0.0,0.0,0.0,0.0,0.0,0.0,,,,,
solar_elevation_gt_10,D+1,2025-06,changzhou_1,390.0,0.002564102564102564,0.0,0.002564102564102564,0.0,0.0,0.0,1.0,0.0,0.0,0.0,1.0,100.0
solar_elevation_gt_10,D+1,2025-06,huai_an_1,390.0,0.002564102564102564,0.0,0.002564102564102564,0.0,0.0,0.0,1.0,0.0,0.0,0.0,1.0,100.0
solar_elevation_gt_10,D+1,2025-06,huai_an_2,390.0,0.0,0.0,0.0,0.0,0.0,0.0,0.0,,,,,
solar_elevation_gt_10,D+1,2025-06,huai_an_3,390.0,0.0,0.0,0.0,0.0,0.0,0.0,0.0,,,,,
solar_elevation_gt_10,D+1,2025-06,lianyungang_1,390.0,0.0,0.0,0.0,0.0,0.0,0.0,0.0,,,,,
solar_elevation_gt_10,D+1,2025-06,lianyungang_2,390.0,0.002564102564102564,0.0,0.002564102564102564,0.0,0.0,0.0,1.0,0.0,0.0,0.0,1.0,100.0
solar_elevation_gt_10,D+1,2025-06,nanjing_1,390.0,0.0,0.0,0.0,0.0,0.0,0.0,0.0,,,,,
solar_elevation_gt_10,D+1,2025-06,nanjing_2,390.0,0.0,0.0,0.0,0.0,0.0,0.0,0.0,,,,,
solar_elevation_gt_10,D+1,2025-06,nantong_1,390.0,0.0,0.0,0.0,0.0,0.0,0.0,0.0,,,,,
solar_elevation_gt_10,D+1,2025-06,nantong_2,387.0,0.0,0.0,0.0,0.0,0.0,0.0,0.0,,,,,
solar_elevation_gt_10,D+1,2025-06,suqian_1,390.0,0.0,0.0,0.0,0.0,0.0,0.0,0.0,,,,,
solar_elevation_gt_10,D+1,2025-06,suzhou_1,390.0,0.0,0.0,0.0,0.0,0.0,0.0,0.0,,,,,
solar_elevation_gt_10,D+1,2025-06,taizhou_1,390.0,0.0,0.0,0.0,0.0,0.0,0.0,0.0,,,,,
solar_elevation_gt_10,D+1,2025-06,taizhou_2,390.0,0.0,0.0,0.0,0.0,0.0,0.0,0.0,,,,,
solar_elevation_gt_10,D+1,2025-06,wuxi_1,390.0,0.0,0.0,0.0,0.0,0.0,0.0,0.0,,,,,
solar_elevation_gt_10,D+1,2025-06,xuzhou_1,384.0,0.0,0.0,0.0,0.0,0.0,0.0,0.0,,,,,
solar_elevation_gt_10,D+1,2025-06,xuzhou_2,390.0,0.0,0.0,0.0,0.0,0.0,0.0,0.0,,,,,
solar_elevation_gt_10,D+1,2025-06,yancheng_1,390.0,0.0,0.0,0.0,0.0,0.0,0.0,0.0,,,,,
solar_elevation_gt_10,D+1,2025-06,yancheng_2,390.0,0.0,0.0,0.0,0.0,0.0,0.0,0.0,,,,,
solar_elevation_gt_10,D+1,2025-06,yancheng_3,390.0,0.002564102564102564,0.0,0.002564102564102564,0.0,0.0,0.0,1.0,0.0,0.0,0.0,1.0,100.0
solar_elevation_gt_10,D+1,2025-07,changzhou_1,383.0,0.0,0.0,0.0,0.0,0.0,0.0,0.0,,,,,
solar_elevation_gt_10,D+1,2025-07,huai_an_1,385.0,0.0,0.0,0.0,0.0,0.0,0.0,0.0,,,,,
solar_elevation_gt_10,D+1,2025-07,huai_an_2,388.0,0.0,0.0,0.0,0.0,0.0,0.0,0.0,,,,,
solar_elevation_gt_10,D+1,2025-07,huai_an_3,379.0,0.0,0.0,0.0,0.0,0.0,0.0,0.0,,,,,
solar_elevation_gt_10,D+1,2025-07,lianyungang_1,385.0,0.0025974025974025974,0.0,0.0025974025974025974,0.0025974025974025974,0.0025974025974025974,0.0,1.0,0.0,0.0,0.0,1.0,100.0
solar_elevation_gt_10,D+1,2025-07,lianyungang_2,390.0,0.0,0.0,0.0,0.0,0.0,0.0,0.0,,,,,
solar_elevation_gt_10,D+1,2025-07,nanjing_1,374.0,0.0,0.0,0.0,0.0,0.0,0.0,0.0,,,,,
solar_elevation_gt_10,D+1,2025-07,nanjing_2,376.0,0.0,0.0,0.0,0.0,0.0,0.0,0.0,,,,,
solar_elevation_gt_10,D+1,2025-07,nantong_1,394.0,0.0,0.0,0.0,0.0,0.0,0.0,0.0,,,,,
solar_elevation_gt_10,D+1,2025-07,nantong_2,394.0,0.0,0.0,0.0,0.0,0.0,0.0,0.0,,,,,
solar_elevation_gt_10,D+1,2025-07,suqian_1,379.0,0.0,0.0,0.0,0.0,0.0,0.0,0.0,,,,,
solar_elevation_gt_10,D+1,2025-07,suzhou_1,392.0,0.0,0.0,0.0,0.0,0.0,0.0,0.0,,,,,
solar_elevation_gt_10,D+1,2025-07,taizhou_1,387.0,0.0,0.0,0.0,0.0,0.0,0.0,0.0,,,,,
solar_elevation_gt_10,D+1,2025-07,taizhou_2,393.0,0.0,0.0,0.0,0.0,0.0,0.0,0.0,,,,,
solar_elevation_gt_10,D+1,2025-07,wuxi_1,385.0,0.0,0.0,0.0,0.0,0.0,0.0,0.0,,,,,
solar_elevation_gt_10,D+1,2025-07,xuzhou_1,372.0,0.0,0.0,0.0,0.0,0.0,0.0,0.0,,,,,
solar_elevation_gt_10,D+1,2025-07,xuzhou_2,373.0,0.0,0.0,0.0,0.0,0.0,0.0,0.0,,,,,
solar_elevation_gt_10,D+1,2025-07,yancheng_1,390.0,0.0,0.0,0.0,0.0,0.0,0.0,0.0,,,,,
solar_elevation_gt_10,D+1,2025-07,yancheng_2,394.0,0.0,0.0,0.0,0.0,0.0,0.0,0.0,,,,,
solar_elevation_gt_10,D+1,2025-07,yancheng_3,388.0,0.0,0.0,0.0,0.0,0.0,0.0,0.0,,,,,
solar_elevation_gt_10,D+1,2025-08,changzhou_1,347.0,0.0,0.0,0.0,0.0,0.0,0.0,0.0,,,,,
solar_elevation_gt_10,D+1,2025-08,huai_an_1,351.0,0.0,0.0,0.0,0.0,0.0,0.0,0.0,,,,,
solar_elevation_gt_10,D+1,2025-08,huai_an_2,351.0,0.0,0.0,0.0,0.0,0.0,0.0,0.0,,,,,
solar_elevation_gt_10,D+1,2025-08,huai_an_3,354.0,0.0,0.0,0.0,0.0,0.0,0.0,0.0,,,,,
solar_elevation_gt_10,D+1,2025-08,lianyungang_1,355.0,0.0,0.0,0.0,0.0,0.0,0.0,0.0,,,,,
solar_elevation_gt_10,D+1,2025-08,lianyungang_2,352.0,0.0,0.0,0.0,0.0,0.0,0.0,0.0,,,,,
solar_elevation_gt_10,D+1,2025-08,nanjing_1,353.0,0.0,0.0,0.0,0.0,0.0,0.0,0.0,,,,,
solar_elevation_gt_10,D+1,2025-08,nanjing_2,350.0,0.0,0.0,0.0,0.0,0.0,0.0,0.0,,,,,
solar_elevation_gt_10,D+1,2025-08,nantong_1,341.0,0.0,0.0,0.0,0.0,0.0,0.0,0.0,,,,,
solar_elevation_gt_10,D+1,2025-08,nantong_2,341.0,0.0,0.0,0.0,0.0,0.0,0.0,0.0,,,,,
solar_elevation_gt_10,D+1,2025-08,suqian_1,356.0,0.0,0.0,0.0,0.0,0.0,0.0,0.0,,,,,
solar_elevation_gt_10,D+1,2025-08,suzhou_1,341.0,0.0,0.0,0.0,0.0,0.0,0.0,0.0,,,,,
solar_elevation_gt_10,D+1,2025-08,taizhou_1,349.0,0.0,0.0,0.0,0.0,0.0,0.0,0.0,,,,,
solar_elevation_gt_10,D+1,2025-08,taizhou_2,345.0,0.0,0.0,0.0,0.0,0.0,0.0,0.0,,,,,
solar_elevation_gt_10,D+1,2025-08,wuxi_1,344.0,0.0,0.0,0.0,0.0,0.0,0.0,0.0,,,,,
solar_elevation_gt_10,D+1,2025-08,xuzhou_1,363.0,0.0,0.0,0.0,0.0,0.0,0.0,0.0,,,,,
solar_elevation_gt_10,D+1,2025-08,xuzhou_2,359.0,0.0,0.0,0.0,0.0,0.0,0.0,0.0,,,,,
solar_elevation_gt_10,D+1,2025-08,yancheng_1,350.0,0.0,0.0,0.0,0.0,0.0,0.0,0.0,,,,,
solar_elevation_gt_10,D+1,2025-08,yancheng_2,345.0,0.0,0.0,0.0,0.0,0.0,0.0,0.0,,,,,
solar_elevation_gt_10,D+1,2025-08,yancheng_3,349.0,0.0,0.0,0.0,0.0,0.0,0.0,0.0,,,,,
solar_elevation_gt_10,D+1,2025-09,changzhou_1,327.0,0.0,0.0,0.0,0.0,0.0,0.0,0.0,,,,,
solar_elevation_gt_10,D+1,2025-09,huai_an_1,327.0,0.0,0.0,0.0,0.0,0.0,0.0,0.0,,,,,
solar_elevation_gt_10,D+1,2025-09,huai_an_2,327.0,0.0,0.0,0.0,0.0,0.0,0.0,0.0,,,,,
solar_elevation_gt_10,D+1,2025-09,huai_an_3,330.0,0.0030303030303030303,0.0,0.0030303030303030303,0.0,0.0,0.0,1.0,0.0,0.0,0.0,1.0,100.0
solar_elevation_gt_10,D+1,2025-09,lianyungang_1,329.0,0.0,0.0,0.0,0.0,0.0,0.0,0.0,,,,,
solar_elevation_gt_10,D+1,2025-09,lianyungang_2,326.0,0.0,0.0,0.0,0.0,0.0,0.0,0.0,,,,,
solar_elevation_gt_10,D+1,2025-09,nanjing_1,330.0,0.0,0.0,0.0,0.0,0.0,0.0,0.0,,,,,
solar_elevation_gt_10,D+1,2025-09,nanjing_2,329.0,0.0,0.0,0.0,0.0,0.0,0.0,0.0,,,,,
solar_elevation_gt_10,D+1,2025-09,nantong_1,323.0,0.0,0.0,0.0,0.0,0.0,0.0,0.0,,,,,
solar_elevation_gt_10,D+1,2025-09,nantong_2,321.0,0.0,0.0,0.0,0.0,0.0,0.0,0.0,,,,,
solar_elevation_gt_10,D+1,2025-09,suqian_1,330.0,0.0,0.0,0.0,0.0,0.0,0.0,0.0,,,,,
solar_elevation_gt_10,D+1,2025-09,suzhou_1,323.0,0.0,0.0,0.0,0.0,0.0,0.0,0.0,,,,,
solar_elevation_gt_10,D+1,2025-09,taizhou_1,326.0,0.0,0.0,0.0,0.0,0.0,0.0,0.0,,,,,
solar_elevation_gt_10,D+1,2025-09,taizhou_2,324.0,0.0,0.0,0.0,0.0,0.0,0.0,0.0,,,,,
solar_elevation_gt_10,D+1,2025-09,wuxi_1,326.0,0.0,0.0,0.0,0.0,0.0,0.0,0.0,,,,,
solar_elevation_gt_10,D+1,2025-09,xuzhou_1,328.0,0.0,0.0,0.0,0.0,0.0,0.0,0.0,,,,,
solar_elevation_gt_10,D+1,2025-09,xuzhou_2,330.0,0.0,0.0,0.0,0.0,0.0,0.0,0.0,,,,,
solar_elevation_gt_10,D+1,2025-09,yancheng_1,326.0,0.0,0.0,0.0,0.0,0.0,0.0,0.0,,,,,
solar_elevation_gt_10,D+1,2025-09,yancheng_2,324.0,0.0,0.0,0.0,0.0,0.0,0.0,0.0,,,,,
solar_elevation_gt_10,D+1,2025-09,yancheng_3,326.0,0.0,0.0,0.0,0.0,0.0,0.0,0.0,,,,,
solar_elevation_gt_10,D+1,2025-10,changzhou_1,298.0,0.0,0.0,0.0,0.0,0.0,0.0,0.0,,,,,
solar_elevation_gt_10,D+1,2025-10,huai_an_1,293.0,0.0,0.0,0.0,0.0,0.0,0.0,0.0,,,,,
solar_elevation_gt_10,D+1,2025-10,huai_an_2,292.0,0.0,0.0,0.0,0.0,0.0,0.0,0.0,,,,,
solar_elevation_gt_10,D+1,2025-10,huai_an_3,289.0,0.0,0.0,0.0,0.0,0.0,0.0,0.0,,,,,
solar_elevation_gt_10,D+1,2025-10,lianyungang_1,287.0,0.003484320557491289,0.0,0.003484320557491289,0.0,0.0,0.0,1.0,0.0,0.0,0.0,1.0,100.0
solar_elevation_gt_10,D+1,2025-10,lianyungang_2,291.0,0.0,0.0,0.0,0.0,0.0,0.0,0.0,,,,,
solar_elevation_gt_10,D+1,2025-10,nanjing_1,291.0,0.0,0.0,0.0,0.0,0.0,0.0,0.0,,,,,
solar_elevation_gt_10,D+1,2025-10,nanjing_2,295.0,0.0,0.0,0.0,0.0,0.0,0.0,0.0,,,,,
solar_elevation_gt_10,D+1,2025-10,nantong_1,303.0,0.0,0.0,0.0,0.0,0.0,0.0,0.0,,,,,
solar_elevation_gt_10,D+1,2025-10,nantong_2,306.0,0.0,0.0,0.0,0.0,0.0,0.0,0.0,,,,,
solar_elevation_gt_10,D+1,2025-10,suqian_1,286.0,0.0034965034965034965,0.0,0.0034965034965034965,0.0,0.0,0.0,1.0,0.0,0.0,0.0,1.0,100.0
solar_elevation_gt_10,D+1,2025-10,suzhou_1,304.0,0.0,0.0,0.0,0.0,0.0,0.0,0.0,,,,,
solar_elevation_gt_10,D+1,2025-10,taizhou_1,296.0,0.0,0.0,0.0,0.0,0.0,0.0,0.0,,,,,
solar_elevation_gt_10,D+1,2025-10,taizhou_2,299.0,0.0,0.0,0.0,0.0,0.0,0.0,0.0,,,,,
solar_elevation_gt_10,D+1,2025-10,wuxi_1,301.0,0.0,0.0,0.0,0.0,0.0,0.0,0.0,,,,,
solar_elevation_gt_10,D+1,2025-10,xuzhou_1,283.0,0.0,0.0,0.0,0.0,0.0,0.0,0.0,,,,,
solar_elevation_gt_10,D+1,2025-10,xuzhou_2,284.0,0.0035211267605633804,0.0,0.0035211267605633804,0.0,0.0,0.0,1.0,0.0,0.0,0.0,1.0,100.0
solar_elevation_gt_10,D+1,2025-10,yancheng_1,293.0,0.0,0.0,0.0,0.0,0.0,0.0,0.0,,,,,
solar_elevation_gt_10,D+1,2025-10,yancheng_2,299.0,0.0,0.0,0.0,0.0,0.0,0.0,0.0,,,,,
solar_elevation_gt_10,D+1,2025-10,yancheng_3,295.0,0.0,0.0,0.0,0.0,0.0,0.0,0.0,,,,,
solar_elevation_gt_10,D+1,2025-11,changzhou_1,269.0,0.0,0.0,0.0,0.0,0.0,0.0,0.0,,,,,
solar_elevation_gt_10,D+1,2025-11,huai_an_1,260.0,0.0,0.0,0.0,0.0,0.0,0.0,0.0,,,,,
solar_elevation_gt_10,D+1,2025-11,huai_an_2,256.0,0.0,0.0,0.0,0.0,0.0,0.0,0.0,,,,,
solar_elevation_gt_10,D+1,2025-11,huai_an_3,268.0,0.0,0.0,0.0,0.0,0.0,0.0,0.0,,,,,
solar_elevation_gt_10,D+1,2025-11,lianyungang_1,257.0,0.0,0.0,0.0,0.0,0.0,0.0,0.0,,,,,
solar_elevation_gt_10,D+1,2025-11,lianyungang_2,253.0,0.0,0.0,0.0,0.0,0.0,0.0,0.0,,,,,
solar_elevation_gt_10,D+1,2025-11,nanjing_1,270.0,0.0,0.0,0.0,0.0,0.0,0.0,0.0,,,,,
solar_elevation_gt_10,D+1,2025-11,nanjing_2,270.0,0.0,0.0,0.0,0.0,0.0,0.0,0.0,,,,,
solar_elevation_gt_10,D+1,2025-11,nantong_1,255.0,0.0,0.0,0.0,0.0,0.0,0.0,0.0,,,,,
solar_elevation_gt_10,D+1,2025-11,nantong_2,251.0,0.0,0.0,0.0,0.0,0.0,0.0,0.0,,,,,
solar_elevation_gt_10,D+1,2025-11,suqian_1,264.0,0.0,0.0,0.0,0.0,0.0,0.0,0.0,,,,,
solar_elevation_gt_10,D+1,2025-11,suzhou_1,257.0,0.0,0.0,0.0,0.0,0.0,0.0,0.0,,,,,
solar_elevation_gt_10,D+1,2025-11,taizhou_1,259.0,0.0,0.0,0.0,0.0,0.0,0.0,0.0,,,,,
solar_elevation_gt_10,D+1,2025-11,taizhou_2,254.0,0.0,0.0,0.0,0.0,0.0,0.0,0.0,,,,,
solar_elevation_gt_10,D+1,2025-11,wuxi_1,266.0,0.0,0.0,0.0,0.0,0.0,0.0,0.0,,,,,
solar_elevation_gt_10,D+1,2025-11,xuzhou_1,267.0,0.0,0.0,0.0,0.0,0.0,0.0,0.0,,,,,
solar_elevation_gt_10,D+1,2025-11,xuzhou_2,270.0,0.0,0.0,0.0,0.0,0.0,0.0,0.0,,,,,
solar_elevation_gt_10,D+1,2025-11,yancheng_1,254.0,0.0,0.0,0.0,0.0,0.0,0.0,0.0,,,,,
solar_elevation_gt_10,D+1,2025-11,yancheng_2,253.0,0.0,0.0,0.0,0.0,0.0,0.0,0.0,,,,,
solar_elevation_gt_10,D+1,2025-11,yancheng_3,258.0,0.0,0.0,0.0,0.0,0.0,0.0,0.0,,,,,
solar_elevation_gt_10,D+1,2025-12,changzhou_1,267.0,0.0,0.0,0.0,0.0,0.0,0.0,0.0,,,,,
solar_elevation_gt_10,D+1,2025-12,huai_an_1,242.0,0.0,0.0,0.0,0.0,0.0,0.0,0.0,,,,,
solar_elevation_gt_10,D+1,2025-12,huai_an_2,233.0,0.0,0.0,0.0,0.0,0.0,0.0,0.0,,,,,
solar_elevation_gt_10,D+1,2025-12,huai_an_3,244.0,0.0,0.0,0.0,0.0,0.0,0.0,0.0,,,,,
solar_elevation_gt_10,D+1,2025-12,lianyungang_1,226.0,0.0,0.0,0.0,0.0,0.0,0.0,0.0,,,,,
solar_elevation_gt_10,D+1,2025-12,lianyungang_2,226.0,0.0,0.0,0.0,0.0,0.0,0.0,0.0,,,,,
solar_elevation_gt_10,D+1,2025-12,nanjing_1,266.0,0.0,0.0,0.0,0.0,0.0,0.0,0.0,,,,,
solar_elevation_gt_10,D+1,2025-12,nanjing_2,274.0,0.0,0.0,0.0,0.0,0.0,0.0,0.0,,,,,
solar_elevation_gt_10,D+1,2025-12,nantong_1,252.0,0.0,0.0,0.0,0.0,0.0,0.0,0.0,,,,,
solar_elevation_gt_10,D+1,2025-12,nantong_2,248.0,0.0,0.0,0.0,0.0,0.0,0.0,0.0,,,,,
solar_elevation_gt_10,D+1,2025-12,suqian_1,235.0,0.0,0.0,0.0,0.0,0.0,0.0,0.0,,,,,
solar_elevation_gt_10,D+1,2025-12,suzhou_1,254.0,0.0,0.0,0.0,0.0,0.0,0.0,0.0,,,,,
solar_elevation_gt_10,D+1,2025-12,taizhou_1,247.0,0.0,0.0,0.0,0.0,0.0,0.0,0.0,,,,,
solar_elevation_gt_10,D+1,2025-12,taizhou_2,251.0,0.0,0.0,0.0,0.0,0.0,0.0,0.0,,,,,
solar_elevation_gt_10,D+1,2025-12,wuxi_1,264.0,0.0,0.0,0.0,0.0,0.0,0.0,0.0,,,,,
solar_elevation_gt_10,D+1,2025-12,xuzhou_1,248.0,0.0,0.0,0.0,0.0,0.0,0.0,0.0,,,,,
solar_elevation_gt_10,D+1,2025-12,xuzhou_2,236.0,0.0,0.0,0.0,0.0,0.0,0.0,0.0,,,,,
solar_elevation_gt_10,D+1,2025-12,yancheng_1,234.0,0.0,0.0,0.0,0.0,0.0,0.0,0.0,,,,,
solar_elevation_gt_10,D+1,2025-12,yancheng_2,245.0,0.0,0.0,0.0,0.0,0.0,0.0,0.0,,,,,
solar_elevation_gt_10,D+1,2025-12,yancheng_3,242.0,0.0,0.0,0.0,0.0,0.0,0.0,0.0,,,,,
solar_elevation_gt_10,D+1,2026-01,changzhou_1,279.0,0.0,0.0,0.0,0.0,0.0,0.0,0.0,,,,,
solar_elevation_gt_10,D+1,2026-01,huai_an_1,255.0,0.0,0.0,0.0,0.0,0.0,0.0,0.0,,,,,
solar_elevation_gt_10,D+1,2026-01,huai_an_2,252.0,0.0,0.0,0.0,0.0,0.0,0.0,0.0,,,,,
solar_elevation_gt_10,D+1,2026-01,huai_an_3,251.0,0.0,0.0,0.0,0.0,0.0,0.0,0.0,,,,,
solar_elevation_gt_10,D+1,2026-01,lianyungang_1,248.0,0.0,0.0,0.0,0.0,0.0,0.0,0.0,,,,,
solar_elevation_gt_10,D+1,2026-01,lianyungang_2,249.0,0.0,0.0,0.0,0.0,0.0,0.0,0.0,,,,,
solar_elevation_gt_10,D+1,2026-01,nanjing_1,255.0,0.0,0.0,0.0,0.0,0.0,0.0,0.0,,,,,
solar_elevation_gt_10,D+1,2026-01,nanjing_2,262.0,0.0,0.0,0.0,0.0,0.0,0.0,0.0,,,,,
solar_elevation_gt_10,D+1,2026-01,nantong_1,279.0,0.0,0.0,0.0,0.0,0.0,0.0,0.0,,,,,
solar_elevation_gt_10,D+1,2026-01,nantong_2,279.0,0.0,0.0,0.0,0.0,0.0,0.0,0.0,,,,,
solar_elevation_gt_10,D+1,2026-01,suqian_1,248.0,0.0,0.0,0.0,0.0,0.0,0.0,0.0,,,,,
solar_elevation_gt_10,D+1,2026-01,suzhou_1,279.0,0.0,0.0,0.0,0.0,0.0,0.0,0.0,,,,,
solar_elevation_gt_10,D+1,2026-01,taizhou_1,260.0,0.0,0.0,0.0,0.0,0.0,0.0,0.0,,,,,
solar_elevation_gt_10,D+1,2026-01,taizhou_2,273.0,0.0,0.0,0.0,0.0,0.0,0.0,0.0,,,,,
solar_elevation_gt_10,D+1,2026-01,wuxi_1,279.0,0.0,0.0,0.0,0.0,0.0,0.0,0.0,,,,,
solar_elevation_gt_10,D+1,2026-01,xuzhou_1,248.0,0.0,0.0,0.0,0.0,0.0,0.0,0.0,,,,,
solar_elevation_gt_10,D+1,2026-01,xuzhou_2,248.0,0.0,0.0,0.0,0.0,0.0,0.0,0.0,,,,,
solar_elevation_gt_10,D+1,2026-01,yancheng_1,254.0,0.0,0.0,0.0,0.0,0.0,0.0,0.0,,,,,
solar_elevation_gt_10,D+1,2026-01,yancheng_2,265.0,0.0,0.0,0.0,0.0,0.0,0.0,0.0,,,,,
solar_elevation_gt_10,D+1,2026-01,yancheng_3,258.0,0.0,0.0,0.0,0.0,0.0,0.0,0.0,,,,,
solar_elevation_gt_10,D+1,2026-02,changzhou_1,260.0,0.0,0.0,0.0,0.0,0.0,0.0,0.0,,,,,
solar_elevation_gt_10,D+1,2026-02,huai_an_1,258.0,0.0,0.0,0.0,0.0,0.0,0.0,0.0,,,,,
solar_elevation_gt_10,D+1,2026-02,huai_an_2,257.0,0.0,0.0,0.0,0.0,0.0,0.0,0.0,,,,,
solar_elevation_gt_10,D+1,2026-02,huai_an_3,262.0,0.0,0.0,0.0,0.0,0.0,0.0,0.0,,,,,
solar_elevation_gt_10,D+1,2026-02,lianyungang_1,257.0,0.0,0.0,0.0,0.0,0.0,0.0,0.0,,,,,
solar_elevation_gt_10,D+1,2026-02,lianyungang_2,256.0,0.0,0.0,0.0,0.0,0.0,0.0,0.0,,,,,
solar_elevation_gt_10,D+1,2026-02,nanjing_1,264.0,0.0,0.0,0.0,0.0,0.0,0.0,0.0,,,,,
solar_elevation_gt_10,D+1,2026-02,nanjing_2,263.0,0.0,0.0,0.0,0.0,0.0,0.0,0.0,,,,,
solar_elevation_gt_10,D+1,2026-02,nantong_1,253.0,0.0,0.0,0.0,0.0,0.0,0.0,0.0,,,,,
solar_elevation_gt_10,D+1,2026-02,nantong_2,252.0,0.0,0.0,0.0,0.0,0.0,0.0,0.0,,,,,
solar_elevation_gt_10,D+1,2026-02,suqian_1,260.0,0.0,0.0,0.0,0.0,0.0,0.0,0.0,,,,,
solar_elevation_gt_10,D+1,2026-02,suzhou_1,254.0,0.0,0.0,0.0,0.0,0.0,0.0,0.0,,,,,
solar_elevation_gt_10,D+1,2026-02,taizhou_1,258.0,0.0,0.0,0.0,0.0,0.0,0.0,0.0,,,,,
solar_elevation_gt_10,D+1,2026-02,taizhou_2,254.0,0.0,0.0,0.0,0.0,0.0,0.0,0.0,,,,,
solar_elevation_gt_10,D+1,2026-02,wuxi_1,258.0,0.0,0.0,0.0,0.0,0.0,0.0,0.0,,,,,
solar_elevation_gt_10,D+1,2026-02,xuzhou_1,256.0,0.0,0.0,0.0,0.0,0.0,0.0,0.0,,,,,
solar_elevation_gt_10,D+1,2026-02,xuzhou_2,258.0,0.0,0.0,0.0,0.0,0.0,0.0,0.0,,,,,
solar_elevation_gt_10,D+1,2026-02,yancheng_1,256.0,0.0,0.0,0.0,0.0,0.0,0.0,0.0,,,,,
solar_elevation_gt_10,D+1,2026-02,yancheng_2,253.0,0.0,0.0,0.0,0.0,0.0,0.0,0.0,,,,,
solar_elevation_gt_10,D+1,2026-02,yancheng_3,257.0,0.0,0.0,0.0,0.0,0.0,0.0,0.0,,,,,
solar_elevation_gt_10,D+1,2026-03,changzhou_1,326.0,0.0,0.0,0.0,0.0,0.0,0.0,0.0,,,,,
solar_elevation_gt_10,D+1,2026-03,huai_an_1,324.0,0.0,0.0,0.0,0.0,0.0,0.0,0.0,,,,,
solar_elevation_gt_10,D+1,2026-03,huai_an_2,324.0,0.0,0.0,0.0,0.0,0.0,0.0,0.0,,,,,
solar_elevation_gt_10,D+1,2026-03,huai_an_3,322.0,0.0,0.0,0.0,0.0,0.0,0.0,0.0,,,,,
solar_elevation_gt_10,D+1,2026-03,lianyungang_1,321.0,0.0,0.0,0.0,0.0,0.0,0.0,0.0,,,,,
solar_elevation_gt_10,D+1,2026-03,lianyungang_2,323.0,0.0,0.0,0.0,0.0,0.0,0.0,0.0,,,,,
solar_elevation_gt_10,D+1,2026-03,nanjing_1,322.0,0.0,0.0,0.0,0.0,0.0,0.0,0.0,,,,,
solar_elevation_gt_10,D+1,2026-03,nanjing_2,324.0,0.0,0.0,0.0,0.0,0.0,0.0,0.0,,,,,
solar_elevation_gt_10,D+1,2026-03,nantong_1,330.0,0.0,0.0,0.0,0.0,0.0,0.0,0.0,,,,,
solar_elevation_gt_10,D+1,2026-03,nantong_2,330.0,0.0,0.0,0.0,0.0,0.0,0.0,0.0,,,,,
solar_elevation_gt_10,D+1,2026-03,suqian_1,320.0,0.0,0.0,0.0,0.0,0.0,0.0,0.0,,,,,
solar_elevation_gt_10,D+1,2026-03,suzhou_1,330.0,0.0,0.0,0.0,0.0,0.0,0.0,0.0,,,,,
solar_elevation_gt_10,D+1,2026-03,taizhou_1,325.0,0.0,0.0,0.0,0.0,0.0,0.0,0.0,,,,,
solar_elevation_gt_10,D+1,2026-03,taizhou_2,328.0,0.0,0.0,0.0,0.0,0.0,0.0,0.0,,,,,
solar_elevation_gt_10,D+1,2026-03,wuxi_1,327.0,0.0,0.0,0.0,0.0,0.0,0.0,0.0,,,,,
solar_elevation_gt_10,D+1,2026-03,xuzhou_1,315.0,0.0,0.0,0.0,0.0,0.0,0.0,0.0,,,,,
solar_elevation_gt_10,D+1,2026-03,xuzhou_2,318.0,0.0,0.0,0.0,0.0,0.0,0.0,0.0,,,,,
solar_elevation_gt_10,D+1,2026-03,yancheng_1,325.0,0.0,0.0,0.0,0.0,0.0,0.0,0.0,,,,,
solar_elevation_gt_10,D+1,2026-03,yancheng_2,327.0,0.0,0.0,0.0,0.0,0.0,0.0,0.0,,,,,
solar_elevation_gt_10,D+1,2026-03,yancheng_3,325.0,0.0,0.0,0.0,0.0,0.0,0.0,0.0,,,,,
solar_elevation_gt_10,D+1,2026-04,changzhou_1,330.0,0.0,0.0,0.0,0.0,0.0,0.0,0.0,,,,,
solar_elevation_gt_10,D+1,2026-04,huai_an_1,330.0,0.0,0.0,0.0,0.0,0.0,0.0,0.0,,,,,
solar_elevation_gt_10,D+1,2026-04,huai_an_2,330.0,0.0,0.0,0.0,0.0,0.0,0.0,0.0,,,,,
solar_elevation_gt_10,D+1,2026-04,huai_an_3,330.0,0.0,0.0,0.0,0.0,0.0,0.0,0.0,,,,,
solar_elevation_gt_10,D+1,2026-04,lianyungang_1,330.0,0.0,0.0,0.0,0.0,0.0,0.0,0.0,,,,,
solar_elevation_gt_10,D+1,2026-04,lianyungang_2,330.0,0.0,0.0,0.0,0.0,0.0,0.0,0.0,,,,,
solar_elevation_gt_10,D+1,2026-04,nanjing_1,330.0,0.0,0.0,0.0,0.0,0.0,0.0,0.0,,,,,
solar_elevation_gt_10,D+1,2026-04,nanjing_2,330.0,0.0,0.0,0.0,0.0,0.0,0.0,0.0,,,,,
solar_elevation_gt_10,D+1,2026-04,nantong_1,330.0,0.0,0.0,0.0,0.0,0.0,0.0,0.0,,,,,
solar_elevation_gt_10,D+1,2026-04,nantong_2,330.0,0.0,0.0,0.0,0.0,0.0,0.0,0.0,,,,,
solar_elevation_gt_10,D+1,2026-04,suqian_1,330.0,0.0,0.0,0.0,0.0,0.0,0.0,0.0,,,,,
solar_elevation_gt_10,D+1,2026-04,suzhou_1,330.0,0.0,0.0,0.0,0.0,0.0,0.0,0.0,,,,,
solar_elevation_gt_10,D+1,2026-04,taizhou_1,330.0,0.0,0.0,0.0,0.0,0.0,0.0,0.0,,,,,
solar_elevation_gt_10,D+1,2026-04,taizhou_2,330.0,0.0,0.0,0.0,0.0,0.0,0.0,0.0,,,,,
solar_elevation_gt_10,D+1,2026-04,wuxi_1,330.0,0.0,0.0,0.0,0.0,0.0,0.0,0.0,,,,,
solar_elevation_gt_10,D+1,2026-04,xuzhou_1,335.0,0.0,0.0,0.0,0.0,0.0,0.0,0.0,,,,,
solar_elevation_gt_10,D+1,2026-04,xuzhou_2,330.0,0.0,0.0,0.0,0.0,0.0,0.0,0.0,,,,,
solar_elevation_gt_10,D+1,2026-04,yancheng_1,330.0,0.0,0.0,0.0,0.0,0.0,0.0,0.0,,,,,
solar_elevation_gt_10,D+1,2026-04,yancheng_2,330.0,0.0,0.0,0.0,0.0,0.0,0.0,0.0,,,,,
solar_elevation_gt_10,D+1,2026-04,yancheng_3,330.0,0.0,0.0,0.0,0.0,0.0,0.0,0.0,,,,,
solar_elevation_gt_10,D+1,2026-05,changzhou_1,371.0,0.0,0.0,0.0,0.0,0.0,0.0,0.0,,,,,
solar_elevation_gt_10,D+1,2026-05,huai_an_1,379.0,0.0,0.0,0.0,0.0,0.0,0.0,0.0,,,,,
solar_elevation_gt_10,D+1,2026-05,huai_an_2,382.0,0.0,0.0,0.0,0.0,0.0,0.0,0.0,,,,,
solar_elevation_gt_10,D+1,2026-05,huai_an_3,379.0,0.002638522427440633,0.0,0.002638522427440633,0.0,0.0,0.0,1.0,0.0,0.0,0.0,1.0,100.0
solar_elevation_gt_10,D+1,2026-05,lianyungang_1,386.0,0.0,0.0,0.0,0.0,0.0,0.0,0.0,,,,,
solar_elevation_gt_10,D+1,2026-05,lianyungang_2,385.0,0.0,0.0,0.0,0.0,0.0,0.0,0.0,,,,,
solar_elevation_gt_10,D+1,2026-05,nanjing_1,373.0,0.0,0.0,0.0,0.0,0.0,0.0,0.0,,,,,
solar_elevation_gt_10,D+1,2026-05,nanjing_2,371.0,0.0,0.0,0.0,0.0,0.0,0.0,0.0,,,,,
solar_elevation_gt_10,D+1,2026-05,nantong_1,371.0,0.0,0.0,0.0,0.0,0.0,0.0,0.0,,,,,
solar_elevation_gt_10,D+1,2026-05,nantong_2,372.0,0.0,0.0,0.0,0.0,0.0,0.0,0.0,,,,,
solar_elevation_gt_10,D+1,2026-05,suqian_1,382.0,0.0,0.0,0.0,0.0,0.0,0.0,0.0,,,,,
solar_elevation_gt_10,D+1,2026-05,suzhou_1,369.0,0.0,0.0,0.0,0.0,0.0,0.0,0.0,,,,,
solar_elevation_gt_10,D+1,2026-05,taizhou_1,378.0,0.0,0.0,0.0,0.0,0.0,0.0,0.0,,,,,
solar_elevation_gt_10,D+1,2026-05,taizhou_2,376.0,0.0,0.0,0.0,0.0,0.0,0.0,0.0,,,,,
solar_elevation_gt_10,D+1,2026-05,wuxi_1,369.0,0.0,0.0,0.0,0.0,0.0,0.0,0.0,,,,,
solar_elevation_gt_10,D+1,2026-05,xuzhou_1,376.0,0.0,0.0,0.0,0.0,0.0,0.0,0.0,,,,,
solar_elevation_gt_10,D+1,2026-05,xuzhou_2,383.0,0.0,0.0,0.0,0.0,0.0,0.0,0.0,,,,,
solar_elevation_gt_10,D+1,2026-05,yancheng_1,381.0,0.0,0.0,0.0,0.0,0.0,0.0,0.0,,,,,
solar_elevation_gt_10,D+1,2026-05,yancheng_2,377.0,0.0,0.0,0.0,0.0,0.0,0.0,0.0,,,,,
solar_elevation_gt_10,D+1,2026-05,yancheng_3,378.0,0.0,0.0,0.0,0.0,0.0,0.0,0.0,,,,,
solar_elevation_gt_10,D+1,2026-06,changzhou_1,390.0,0.0,0.0,0.0,0.0,0.0,0.0,0.0,,,,,
solar_elevation_gt_10,D+1,2026-06,huai_an_1,390.0,0.0,0.0,0.0,0.0,0.0,0.0,0.0,,,,,
solar_elevation_gt_10,D+1,2026-06,huai_an_2,390.0,0.0,0.0,0.0,0.0,0.0,0.0,0.0,,,,,
solar_elevation_gt_10,D+1,2026-06,huai_an_3,390.0,0.0,0.0,0.0,0.0,0.0,0.0,0.0,,,,,
solar_elevation_gt_10,D+1,2026-06,lianyungang_1,390.0,0.0,0.0,0.0,0.0,0.0,0.0,0.0,,,,,
solar_elevation_gt_10,D+1,2026-06,lianyungang_2,390.0,0.0,0.0,0.0,0.0,0.0,0.0,0.0,,,,,
solar_elevation_gt_10,D+1,2026-06,nanjing_1,390.0,0.0,0.0,0.0,0.0,0.0,0.0,0.0,,,,,
solar_elevation_gt_10,D+1,2026-06,nanjing_2,390.0,0.0,0.0,0.0,0.0,0.0,0.0,0.0,,,,,
solar_elevation_gt_10,D+1,2026-06,nantong_1,390.0,0.0,0.0,0.0,0.0,0.0,0.0,0.0,,,,,
solar_elevation_gt_10,D+1,2026-06,nantong_2,387.0,0.0,0.0,0.0,0.0,0.0,0.0,0.0,,,,,
solar_elevation_gt_10,D+1,2026-06,suqian_1,390.0,0.0,0.0,0.0,0.0,0.0,0.0,0.0,,,,,
solar_elevation_gt_10,D+1,2026-06,suzhou_1,390.0,0.0,0.0,0.0,0.0,0.0,0.0,0.0,,,,,
solar_elevation_gt_10,D+1,2026-06,taizhou_1,390.0,0.0,0.0,0.0,0.0,0.0,0.0,0.0,,,,,
solar_elevation_gt_10,D+1,2026-06,taizhou_2,390.0,0.0,0.0,0.0,0.0,0.0,0.0,0.0,,,,,
solar_elevation_gt_10,D+1,2026-06,wuxi_1,390.0,0.0,0.0,0.0,0.0,0.0,0.0,0.0,,,,,
solar_elevation_gt_10,D+1,2026-06,xuzhou_1,385.0,0.0,0.0,0.0,0.0,0.0,0.0,0.0,,,,,
solar_elevation_gt_10,D+1,2026-06,xuzhou_2,390.0,0.0,0.0,0.0,0.0,0.0,0.0,0.0,,,,,
solar_elevation_gt_10,D+1,2026-06,yancheng_1,390.0,0.0,0.0,0.0,0.0,0.0,0.0,0.0,,,,,
solar_elevation_gt_10,D+1,2026-06,yancheng_2,390.0,0.0,0.0,0.0,0.0,0.0,0.0,0.0,,,,,
solar_elevation_gt_10,D+1,2026-06,yancheng_3,390.0,0.0,0.0,0.0,0.0,0.0,0.0,0.0,,,,,
solar_elevation_gt_10,D+1,2026-07,changzhou_1,383.0,0.0,0.0,0.0,0.0,0.0,0.0,0.0,,,,,
solar_elevation_gt_10,D+1,2026-07,huai_an_1,386.0,0.0,0.0,0.0,0.0,0.0,0.0,0.0,,,,,
solar_elevation_gt_10,D+1,2026-07,huai_an_2,388.0,0.0,0.0,0.0,0.0,0.0,0.0,0.0,,,,,
solar_elevation_gt_10,D+1,2026-07,huai_an_3,379.0,0.0,0.0,0.0,0.0,0.0,0.0,0.0,,,,,
solar_elevation_gt_10,D+1,2026-07,lianyungang_1,385.0,0.0,0.0,0.0,0.0,0.0,0.0,0.0,,,,,
solar_elevation_gt_10,D+1,2026-07,lianyungang_2,391.0,0.0,0.0,0.0,0.0,0.0,0.0,0.0,,,,,
solar_elevation_gt_10,D+1,2026-07,nanjing_1,374.0,0.00267379679144385,0.0,0.00267379679144385,0.0,0.0,0.0,1.0,0.0,0.0,0.0,1.0,100.0
solar_elevation_gt_10,D+1,2026-07,nanjing_2,377.0,0.0,0.0,0.0,0.0,0.0,0.0,0.0,,,,,
solar_elevation_gt_10,D+1,2026-07,nantong_1,394.0,0.0,0.0,0.0,0.0,0.0,0.0,0.0,,,,,
solar_elevation_gt_10,D+1,2026-07,nantong_2,395.0,0.0,0.0,0.0,0.0,0.0,0.0,0.0,,,,,
solar_elevation_gt_10,D+1,2026-07,suqian_1,379.0,0.0,0.0,0.0,0.0,0.0,0.0,0.0,,,,,
solar_elevation_gt_10,D+1,2026-07,suzhou_1,392.0,0.0,0.0,0.0,0.0,0.0,0.0,0.0,,,,,
solar_elevation_gt_10,D+1,2026-07,taizhou_1,387.0,0.0,0.0,0.0,0.0,0.0,0.0,0.0,,,,,
solar_elevation_gt_10,D+1,2026-07,taizhou_2,393.0,0.0,0.0,0.0,0.0,0.0,0.0,0.0,,,,,
solar_elevation_gt_10,D+1,2026-07,wuxi_1,386.0,0.0,0.0,0.0,0.0,0.0,0.0,0.0,,,,,
solar_elevation_gt_10,D+1,2026-07,xuzhou_1,372.0,0.0,0.0,0.0,0.0,0.0,0.0,0.0,,,,,
solar_elevation_gt_10,D+1,2026-07,xuzhou_2,373.0,0.0,0.0,0.0,0.0,0.0,0.0,0.0,,,,,
solar_elevation_gt_10,D+1,2026-07,yancheng_1,391.0,0.0,0.0,0.0,0.0,0.0,0.0,0.0,,,,,
solar_elevation_gt_10,D+1,2026-07,yancheng_2,394.0,0.0,0.0,0.0,0.0,0.0,0.0,0.0,,,,,
solar_elevation_gt_10,D+1,2026-07,yancheng_3,388.0,0.0,0.0,0.0,0.0,0.0,0.0,0.0,,,,,
solar_elevation_gt_10,D+1,2026-08,changzhou_1,347.0,0.0,0.0,0.0,0.0,0.0,0.0,0.0,,,,,
solar_elevation_gt_10,D+1,2026-08,huai_an_1,351.0,0.0,0.0,0.0,0.0,0.0,0.0,0.0,,,,,
solar_elevation_gt_10,D+1,2026-08,huai_an_2,352.0,0.0,0.0,0.0,0.0,0.0,0.0,0.0,,,,,
solar_elevation_gt_10,D+1,2026-08,huai_an_3,354.0,0.0,0.0,0.0,0.0,0.0,0.0,0.0,,,,,
solar_elevation_gt_10,D+1,2026-08,lianyungang_1,356.0,0.0,0.0,0.0,0.0,0.0,0.0,0.0,,,,,
solar_elevation_gt_10,D+1,2026-08,lianyungang_2,353.0,0.0,0.0,0.0,0.0,0.0,0.0,0.0,,,,,
solar_elevation_gt_10,D+1,2026-08,nanjing_1,353.0,0.0,0.0,0.0,0.0,0.0,0.0,0.0,,,,,
solar_elevation_gt_10,D+1,2026-08,nanjing_2,351.0,0.002849002849002849,0.0,0.002849002849002849,0.0,0.0,0.0,1.0,0.0,0.0,0.0,1.0,100.0
solar_elevation_gt_10,D+1,2026-08,nantong_1,341.0,0.0,0.0,0.0,0.0,0.0,0.0,0.0,,,,,
solar_elevation_gt_10,D+1,2026-08,nantong_2,341.0,0.0,0.0,0.0,0.0,0.0,0.0,0.0,,,,,
solar_elevation_gt_10,D+1,2026-08,suqian_1,356.0,0.0,0.0,0.0,0.0,0.0,0.0,0.0,,,,,
solar_elevation_gt_10,D+1,2026-08,suzhou_1,341.0,0.0,0.0,0.0,0.0,0.0,0.0,0.0,,,,,
solar_elevation_gt_10,D+1,2026-08,taizhou_1,349.0,0.0,0.0,0.0,0.0,0.0,0.0,0.0,,,,,
solar_elevation_gt_10,D+1,2026-08,taizhou_2,345.0,0.0,0.0,0.0,0.0,0.0,0.0,0.0,,,,,
solar_elevation_gt_10,D+1,2026-08,wuxi_1,344.0,0.0,0.0,0.0,0.0,0.0,0.0,0.0,,,,,
solar_elevation_gt_10,D+1,2026-08,xuzhou_1,363.0,0.0,0.0,0.0,0.0,0.0,0.0,0.0,,,,,
solar_elevation_gt_10,D+1,2026-08,xuzhou_2,360.0,0.0,0.0,0.0,0.0,0.0,0.0,0.0,,,,,
solar_elevation_gt_10,D+1,2026-08,yancheng_1,350.0,0.0,0.0,0.0,0.0,0.0,0.0,0.0,,,,,
solar_elevation_gt_10,D+1,2026-08,yancheng_2,345.0,0.0,0.0,0.0,0.0,0.0,0.0,0.0,,,,,
solar_elevation_gt_10,D+1,2026-08,yancheng_3,349.0,0.0,0.0,0.0,0.0,0.0,0.0,0.0,,,,,
solar_elevation_gt_10,D+2,2024-02,changzhou_1,269.0,0.0,0.0,0.0,0.0,0.0,0.0,0.0,,,,,
solar_elevation_gt_10,D+2,2024-02,huai_an_1,268.0,0.0,0.0,0.0,0.0,0.0,0.0,0.0,,,,,
solar_elevation_gt_10,D+2,2024-02,huai_an_2,266.0,0.0,0.0,0.0,0.0,0.0,0.0,0.0,,,,,
solar_elevation_gt_10,D+2,2024-02,huai_an_3,271.0,0.0,0.0,0.0,0.0,0.0,0.0,0.0,,,,,
solar_elevation_gt_10,D+2,2024-02,lianyungang_1,265.0,0.0,0.0,0.0,0.0,0.0,0.0,0.0,,,,,
solar_elevation_gt_10,D+2,2024-02,lianyungang_2,265.0,0.0,0.0,0.0,0.0,0.0,0.0,0.0,,,,,
solar_elevation_gt_10,D+2,2024-02,nanjing_1,273.0,0.0,0.0,0.0,0.0,0.0,0.0,0.0,,,,,
solar_elevation_gt_10,D+2,2024-02,nanjing_2,272.0,0.0,0.0,0.0,0.0,0.0,0.0,0.0,,,,,
solar_elevation_gt_10,D+2,2024-02,nantong_1,263.0,0.0,0.0,0.0,0.0,0.0,0.0,0.0,,,,,
solar_elevation_gt_10,D+2,2024-02,nantong_2,261.0,0.0,0.0,0.0,0.0,0.0,0.0,0.0,,,,,
solar_elevation_gt_10,D+2,2024-02,suqian_1,269.0,0.0,0.0,0.0,0.0,0.0,0.0,0.0,,,,,
solar_elevation_gt_10,D+2,2024-02,suzhou_1,263.0,0.0,0.0,0.0,0.0,0.0,0.0,0.0,,,,,
solar_elevation_gt_10,D+2,2024-02,taizhou_1,267.0,0.0,0.0,0.0,0.0,0.0,0.0,0.0,,,,,
solar_elevation_gt_10,D+2,2024-02,taizhou_2,263.0,0.0,0.0,0.0,0.0,0.0,0.0,0.0,,,,,
solar_elevation_gt_10,D+2,2024-02,wuxi_1,268.0,0.0,0.0,0.0,0.0,0.0,0.0,0.0,,,,,
solar_elevation_gt_10,D+2,2024-02,xuzhou_1,265.0,0.0,0.0,0.0,0.0,0.0,0.0,0.0,,,,,
solar_elevation_gt_10,D+2,2024-02,xuzhou_2,267.0,0.0,0.0,0.0,0.0,0.0,0.0,0.0,,,,,
solar_elevation_gt_10,D+2,2024-02,yancheng_1,265.0,0.0,0.0,0.0,0.0,0.0,0.0,0.0,,,,,
solar_elevation_gt_10,D+2,2024-02,yancheng_2,263.0,0.0,0.0,0.0,0.0,0.0,0.0,0.0,,,,,
solar_elevation_gt_10,D+2,2024-02,yancheng_3,266.0,0.0,0.0,0.0,0.0,0.0,0.0,0.0,,,,,
solar_elevation_gt_10,D+2,2024-03,changzhou_1,326.0,0.0,0.0,0.0,0.0,0.0,0.0,0.0,,,,,
solar_elevation_gt_10,D+2,2024-03,huai_an_1,324.0,0.0,0.0,0.0,0.0,0.0,0.0,0.0,,,,,
solar_elevation_gt_10,D+2,2024-03,huai_an_2,324.0,0.0,0.0,0.0,0.0,0.0,0.0,0.0,,,,,
solar_elevation_gt_10,D+2,2024-03,huai_an_3,322.0,0.0,0.0,0.0,0.0,0.0,0.0,0.0,,,,,
solar_elevation_gt_10,D+2,2024-03,lianyungang_1,321.0,0.0,0.0,0.0,0.0,0.0,0.0,0.0,,,,,
solar_elevation_gt_10,D+2,2024-03,lianyungang_2,324.0,0.0,0.0,0.0,0.0,0.0,0.0,0.0,,,,,
solar_elevation_gt_10,D+2,2024-03,nanjing_1,322.0,0.0,0.0,0.0,0.0,0.0,0.0,0.0,,,,,
solar_elevation_gt_10,D+2,2024-03,nanjing_2,324.0,0.0,0.0,0.0,0.0,0.0,0.0,0.0,,,,,
solar_elevation_gt_10,D+2,2024-03,nantong_1,330.0,0.0,0.0,0.0,0.0,0.0,0.0,0.0,,,,,
solar_elevation_gt_10,D+2,2024-03,nantong_2,330.0,0.0,0.0,0.0,0.0,0.0,0.0,0.0,,,,,
solar_elevation_gt_10,D+2,2024-03,suqian_1,321.0,0.0,0.0,0.0,0.0,0.0,0.0,0.0,,,,,
solar_elevation_gt_10,D+2,2024-03,suzhou_1,330.0,0.0,0.0,0.0,0.0,0.0,0.0,0.0,,,,,
solar_elevation_gt_10,D+2,2024-03,taizhou_1,326.0,0.0,0.0,0.0,0.0,0.0,0.0,0.0,,,,,
solar_elevation_gt_10,D+2,2024-03,taizhou_2,328.0,0.0,0.0,0.0,0.0,0.0,0.0,0.0,,,,,
solar_elevation_gt_10,D+2,2024-03,wuxi_1,328.0,0.0,0.0,0.0,0.0,0.0,0.0,0.0,,,,,
solar_elevation_gt_10,D+2,2024-03,xuzhou_1,316.0,0.0,0.0,0.0,0.0,0.0,0.0,0.0,,,,,
solar_elevation_gt_10,D+2,2024-03,xuzhou_2,318.0,0.0,0.0,0.0,0.0,0.0,0.0,0.0,,,,,
solar_elevation_gt_10,D+2,2024-03,yancheng_1,325.0,0.0,0.0,0.0,0.0,0.0,0.0,0.0,,,,,
solar_elevation_gt_10,D+2,2024-03,yancheng_2,328.0,0.0,0.0,0.0,0.0,0.0,0.0,0.0,,,,,
solar_elevation_gt_10,D+2,2024-03,yancheng_3,325.0,0.0,0.0,0.0,0.0,0.0,0.0,0.0,,,,,
solar_elevation_gt_10,D+2,2024-04,changzhou_1,330.0,0.0,0.0,0.0,0.0,0.0,0.0,0.0,,,,,
solar_elevation_gt_10,D+2,2024-04,huai_an_1,330.0,0.0,0.0,0.0,0.0,0.0,0.0,0.0,,,,,
solar_elevation_gt_10,D+2,2024-04,huai_an_2,330.0,0.0,0.0,0.0,0.0,0.0,0.0,0.0,,,,,
solar_elevation_gt_10,D+2,2024-04,huai_an_3,330.0,0.0,0.0,0.0,0.0,0.0,0.0,0.0,,,,,
solar_elevation_gt_10,D+2,2024-04,lianyungang_1,330.0,0.0,0.0,0.0,0.0,0.0,0.0,0.0,,,,,
solar_elevation_gt_10,D+2,2024-04,lianyungang_2,330.0,0.0,0.0,0.0,0.0,0.0,0.0,0.0,,,,,
solar_elevation_gt_10,D+2,2024-04,nanjing_1,330.0,0.0,0.0,0.0,0.0,0.0,0.0,0.0,,,,,
solar_elevation_gt_10,D+2,2024-04,nanjing_2,330.0,0.0,0.0,0.0,0.0,0.0,0.0,0.0,,,,,
solar_elevation_gt_10,D+2,2024-04,nantong_1,330.0,0.0,0.0,0.0,0.0,0.0,0.0,0.0,,,,,
solar_elevation_gt_10,D+2,2024-04,nantong_2,331.0,0.0,0.0,0.0,0.0,0.0,0.0,0.0,,,,,
solar_elevation_gt_10,D+2,2024-04,suqian_1,330.0,0.0,0.0,0.0,0.0,0.0,0.0,0.0,,,,,
solar_elevation_gt_10,D+2,2024-04,suzhou_1,330.0,0.0,0.0,0.0,0.0,0.0,0.0,0.0,,,,,
solar_elevation_gt_10,D+2,2024-04,taizhou_1,330.0,0.0,0.0,0.0,0.0,0.0,0.0,0.0,,,,,
solar_elevation_gt_10,D+2,2024-04,taizhou_2,330.0,0.0,0.0,0.0,0.0,0.0,0.0,0.0,,,,,
solar_elevation_gt_10,D+2,2024-04,wuxi_1,330.0,0.0,0.0,0.0,0.0,0.0,0.0,0.0,,,,,
solar_elevation_gt_10,D+2,2024-04,xuzhou_1,336.0,0.0,0.0,0.0,0.0,0.0,0.0,0.0,,,,,
solar_elevation_gt_10,D+2,2024-04,xuzhou_2,330.0,0.0,0.0,0.0,0.0,0.0,0.0,0.0,,,,,
solar_elevation_gt_10,D+2,2024-04,yancheng_1,330.0,0.0,0.0,0.0,0.0,0.0,0.0,0.0,,,,,
solar_elevation_gt_10,D+2,2024-04,yancheng_2,330.0,0.0,0.0,0.0,0.0,0.0,0.0,0.0,,,,,
solar_elevation_gt_10,D+2,2024-04,yancheng_3,330.0,0.0,0.0,0.0,0.0,0.0,0.0,0.0,,,,,
solar_elevation_gt_10,D+2,2024-05,changzhou_1,373.0,0.0,0.0,0.0,0.0,0.0,0.0,0.0,,,,,
solar_elevation_gt_10,D+2,2024-05,huai_an_1,380.0,0.0,0.0,0.0,0.0,0.0,0.0,0.0,,,,,
solar_elevation_gt_10,D+2,2024-05,huai_an_2,383.0,0.0,0.0,0.0,0.0,0.0,0.0,0.0,,,,,
solar_elevation_gt_10,D+2,2024-05,huai_an_3,380.0,0.0,0.0,0.0,0.0,0.0,0.0,0.0,,,,,
solar_elevation_gt_10,D+2,2024-05,lianyungang_1,386.0,0.0,0.0,0.0,0.0,0.0,0.0,0.0,,,,,
solar_elevation_gt_10,D+2,2024-05,lianyungang_2,386.0,0.0,0.0,0.0,0.0,0.0,0.0,0.0,,,,,
solar_elevation_gt_10,D+2,2024-05,nanjing_1,374.0,0.00267379679144385,0.0,0.00267379679144385,0.0,0.0,0.0,1.0,0.0,0.0,0.0,1.0,100.0
solar_elevation_gt_10,D+2,2024-05,nanjing_2,373.0,0.0,0.0,0.0,0.0,0.0,0.0,0.0,,,,,
solar_elevation_gt_10,D+2,2024-05,nantong_1,373.0,0.0,0.0,0.0,0.0,0.0,0.0,0.0,,,,,
solar_elevation_gt_10,D+2,2024-05,nantong_2,372.0,0.0,0.0,0.0,0.0,0.0,0.0,0.0,,,,,
solar_elevation_gt_10,D+2,2024-05,suqian_1,383.0,0.0,0.0,0.0,0.0,0.0,0.0,0.0,,,,,
solar_elevation_gt_10,D+2,2024-05,suzhou_1,370.0,0.002702702702702703,0.0,0.002702702702702703,0.0,0.0,0.0,1.0,0.0,0.0,0.0,1.0,100.0
solar_elevation_gt_10,D+2,2024-05,taizhou_1,378.0,0.0,0.0,0.0,0.0,0.0,0.0,0.0,,,,,
solar_elevation_gt_10,D+2,2024-05,taizhou_2,377.0,0.0,0.0,0.0,0.0,0.0,0.0,0.0,,,,,
solar_elevation_gt_10,D+2,2024-05,wuxi_1,370.0,0.0,0.0,0.0,0.0,0.0,0.0,0.0,,,,,
solar_elevation_gt_10,D+2,2024-05,xuzhou_1,377.0,0.0,0.0,0.0,0.0,0.0,0.0,0.0,,,,,
solar_elevation_gt_10,D+2,2024-05,xuzhou_2,383.0,0.0,0.0,0.0,0.0,0.0,0.0,0.0,,,,,
solar_elevation_gt_10,D+2,2024-05,yancheng_1,383.0,0.0,0.0,0.0,0.0,0.0,0.0,0.0,,,,,
solar_elevation_gt_10,D+2,2024-05,yancheng_2,378.0,0.0,0.0,0.0,0.0,0.0,0.0,0.0,,,,,
solar_elevation_gt_10,D+2,2024-05,yancheng_3,380.0,0.0,0.0,0.0,0.0,0.0,0.0,0.0,,,,,
solar_elevation_gt_10,D+2,2024-06,changzhou_1,390.0,0.0,0.0,0.0,0.0,0.0,0.0,0.0,,,,,
solar_elevation_gt_10,D+2,2024-06,huai_an_1,390.0,0.0,0.0,0.0,0.0,0.0,0.0,0.0,,,,,
solar_elevation_gt_10,D+2,2024-06,huai_an_2,390.0,0.0,0.0,0.0,0.0,0.0,0.0,0.0,,,,,
solar_elevation_gt_10,D+2,2024-06,huai_an_3,390.0,0.0,0.0,0.0,0.0,0.0,0.0,0.0,,,,,
solar_elevation_gt_10,D+2,2024-06,lianyungang_1,390.0,0.0,0.0,0.0,0.0,0.0,0.0,0.0,,,,,
solar_elevation_gt_10,D+2,2024-06,lianyungang_2,390.0,0.0,0.0,0.0,0.0,0.0,0.0,0.0,,,,,
solar_elevation_gt_10,D+2,2024-06,nanjing_1,390.0,0.0,0.0,0.0,0.0,0.0,0.0,0.0,,,,,
solar_elevation_gt_10,D+2,2024-06,nanjing_2,390.0,0.002564102564102564,0.0,0.002564102564102564,0.0,0.0,0.0,1.0,0.0,0.0,0.0,1.0,100.0
solar_elevation_gt_10,D+2,2024-06,nantong_1,390.0,0.0,0.0,0.0,0.0,0.0,0.0,0.0,,,,,
solar_elevation_gt_10,D+2,2024-06,nantong_2,387.0,0.0,0.0,0.0,0.0,0.0,0.0,0.0,,,,,
solar_elevation_gt_10,D+2,2024-06,suqian_1,390.0,0.0,0.0,0.0,0.0,0.0,0.0,0.0,,,,,
solar_elevation_gt_10,D+2,2024-06,suzhou_1,390.0,0.0,0.0,0.0,0.0,0.0,0.0,0.0,,,,,
solar_elevation_gt_10,D+2,2024-06,taizhou_1,390.0,0.002564102564102564,0.0,0.002564102564102564,0.0,0.0,0.0,1.0,0.0,0.0,0.0,1.0,100.0
solar_elevation_gt_10,D+2,2024-06,taizhou_2,390.0,0.0,0.0,0.0,0.0,0.0,0.0,0.0,,,,,
solar_elevation_gt_10,D+2,2024-06,wuxi_1,390.0,0.0,0.0,0.0,0.0,0.0,0.0,0.0,,,,,
solar_elevation_gt_10,D+2,2024-06,xuzhou_1,384.0,0.0,0.0,0.0,0.0,0.0,0.0,0.0,,,,,
solar_elevation_gt_10,D+2,2024-06,xuzhou_2,390.0,0.0,0.0,0.0,0.0,0.0,0.0,0.0,,,,,
solar_elevation_gt_10,D+2,2024-06,yancheng_1,390.0,0.0,0.0,0.0,0.0,0.0,0.0,0.0,,,,,
solar_elevation_gt_10,D+2,2024-06,yancheng_2,390.0,0.0,0.0,0.0,0.0,0.0,0.0,0.0,,,,,
solar_elevation_gt_10,D+2,2024-06,yancheng_3,390.0,0.0,0.0,0.0,0.0,0.0,0.0,0.0,,,,,
solar_elevation_gt_10,D+2,2024-07,changzhou_1,383.0,0.0026109660574412533,0.0,0.0026109660574412533,0.0,0.0,0.0,1.0,0.0,0.0,0.0,1.0,100.0
solar_elevation_gt_10,D+2,2024-07,huai_an_1,385.0,0.0025974025974025974,0.0,0.0025974025974025974,0.0,0.0,0.0,1.0,0.0,0.0,0.0,1.0,100.0
solar_elevation_gt_10,D+2,2024-07,huai_an_2,388.0,0.0,0.0,0.0,0.0,0.0,0.0,0.0,,,,,
solar_elevation_gt_10,D+2,2024-07,huai_an_3,379.0,0.0,0.0,0.0,0.0,0.0,0.0,0.0,,,,,
solar_elevation_gt_10,D+2,2024-07,lianyungang_1,384.0,0.0026041666666666665,0.0,0.0026041666666666665,0.0,0.0,0.0,1.0,0.0,0.0,0.0,1.0,100.0
solar_elevation_gt_10,D+2,2024-07,lianyungang_2,390.0,0.002564102564102564,0.0,0.002564102564102564,0.0,0.0,0.0,1.0,0.0,0.0,0.0,1.0,100.0
solar_elevation_gt_10,D+2,2024-07,nanjing_1,374.0,0.0,0.0,0.0,0.0,0.0,0.0,0.0,,,,,
solar_elevation_gt_10,D+2,2024-07,nanjing_2,376.0,0.0,0.0,0.0,0.0,0.0,0.0,0.0,,,,,
solar_elevation_gt_10,D+2,2024-07,nantong_1,393.0,0.0,0.0,0.0,0.0,0.0,0.0,0.0,,,,,
solar_elevation_gt_10,D+2,2024-07,nantong_2,394.0,0.0,0.0,0.0,0.0,0.0,0.0,0.0,,,,,
solar_elevation_gt_10,D+2,2024-07,suqian_1,379.0,0.0,0.0,0.0,0.0,0.0,0.0,0.0,,,,,
solar_elevation_gt_10,D+2,2024-07,suzhou_1,391.0,0.0,0.0,0.0,0.0,0.0,0.0,0.0,,,,,
solar_elevation_gt_10,D+2,2024-07,taizhou_1,387.0,0.0,0.0,0.0,0.0,0.0,0.0,0.0,,,,,
solar_elevation_gt_10,D+2,2024-07,taizhou_2,393.0,0.0,0.0,0.0,0.0,0.0,0.0,0.0,,,,,
solar_elevation_gt_10,D+2,2024-07,wuxi_1,385.0,0.0,0.0,0.0,0.0,0.0,0.0,0.0,,,,,
solar_elevation_gt_10,D+2,2024-07,xuzhou_1,372.0,0.0,0.0,0.0,0.0,0.0,0.0,0.0,,,,,
solar_elevation_gt_10,D+2,2024-07,xuzhou_2,373.0,0.0,0.0,0.0,0.0,0.0,0.0,0.0,,,,,
solar_elevation_gt_10,D+2,2024-07,yancheng_1,390.0,0.0,0.0,0.0,0.0,0.0,0.0,0.0,,,,,
solar_elevation_gt_10,D+2,2024-07,yancheng_2,394.0,0.0025380710659898475,0.0,0.0025380710659898475,0.0,0.0,0.0,1.0,0.0,0.0,0.0,1.0,100.0
solar_elevation_gt_10,D+2,2024-07,yancheng_3,388.0,0.002577319587628866,0.0,0.002577319587628866,0.0,0.0,0.0,1.0,0.0,0.0,0.0,1.0,100.0
solar_elevation_gt_10,D+2,2024-08,changzhou_1,347.0,0.0,0.0,0.0,0.0,0.0,0.0,0.0,,,,,
solar_elevation_gt_10,D+2,2024-08,huai_an_1,350.0,0.0,0.0,0.0,0.0,0.0,0.0,0.0,,,,,
solar_elevation_gt_10,D+2,2024-08,huai_an_2,351.0,0.0,0.0,0.0,0.0,0.0,0.0,0.0,,,,,
solar_elevation_gt_10,D+2,2024-08,huai_an_3,354.0,0.0,0.0,0.0,0.0,0.0,0.0,0.0,,,,,
solar_elevation_gt_10,D+2,2024-08,lianyungang_1,355.0,0.0,0.0,0.0,0.0,0.0,0.0,0.0,,,,,
solar_elevation_gt_10,D+2,2024-08,lianyungang_2,352.0,0.0,0.0,0.0,0.0,0.0,0.0,0.0,,,,,
solar_elevation_gt_10,D+2,2024-08,nanjing_1,353.0,0.0,0.0,0.0,0.0,0.0,0.0,0.0,,,,,
solar_elevation_gt_10,D+2,2024-08,nanjing_2,350.0,0.0,0.0,0.0,0.0,0.0,0.0,0.0,,,,,
solar_elevation_gt_10,D+2,2024-08,nantong_1,341.0,0.0,0.0,0.0,0.0,0.0,0.0,0.0,,,,,
solar_elevation_gt_10,D+2,2024-08,nantong_2,341.0,0.0,0.0,0.0,0.0,0.0,0.0,0.0,,,,,
solar_elevation_gt_10,D+2,2024-08,suqian_1,356.0,0.0,0.0,0.0,0.0,0.0,0.0,0.0,,,,,
solar_elevation_gt_10,D+2,2024-08,suzhou_1,341.0,0.0,0.0,0.0,0.0,0.0,0.0,0.0,,,,,
solar_elevation_gt_10,D+2,2024-08,taizhou_1,348.0,0.0,0.0,0.0,0.0,0.0,0.0,0.0,,,,,
solar_elevation_gt_10,D+2,2024-08,taizhou_2,344.0,0.0,0.0,0.0,0.0,0.0,0.0,0.0,,,,,
solar_elevation_gt_10,D+2,2024-08,wuxi_1,344.0,0.0,0.0,0.0,0.0,0.0,0.0,0.0,,,,,
solar_elevation_gt_10,D+2,2024-08,xuzhou_1,362.0,0.0,0.0,0.0,0.0,0.0,0.0,0.0,,,,,
solar_elevation_gt_10,D+2,2024-08,xuzhou_2,359.0,0.0,0.0,0.0,0.0,0.0,0.0,0.0,,,,,
solar_elevation_gt_10,D+2,2024-08,yancheng_1,350.0,0.0,0.0,0.0,0.0,0.0,0.0,0.0,,,,,
solar_elevation_gt_10,D+2,2024-08,yancheng_2,345.0,0.0,0.0,0.0,0.0,0.0,0.0,0.0,,,,,
solar_elevation_gt_10,D+2,2024-08,yancheng_3,349.0,0.0,0.0,0.0,0.0,0.0,0.0,0.0,,,,,
solar_elevation_gt_10,D+2,2024-09,changzhou_1,327.0,0.0,0.0,0.0,0.0,0.0,0.0,0.0,,,,,
solar_elevation_gt_10,D+2,2024-09,huai_an_1,327.0,0.0,0.0,0.0,0.0,0.0,0.0,0.0,,,,,
solar_elevation_gt_10,D+2,2024-09,huai_an_2,327.0,0.0,0.0,0.0,0.0,0.0,0.0,0.0,,,,,
solar_elevation_gt_10,D+2,2024-09,huai_an_3,329.0,0.0,0.0,0.0,0.0,0.0,0.0,0.0,,,,,
solar_elevation_gt_10,D+2,2024-09,lianyungang_1,328.0,0.0,0.0,0.0,0.0,0.0,0.0,0.0,,,,,
solar_elevation_gt_10,D+2,2024-09,lianyungang_2,326.0,0.0,0.0,0.0,0.0,0.0,0.0,0.0,,,,,
solar_elevation_gt_10,D+2,2024-09,nanjing_1,330.0,0.0,0.0,0.0,0.0,0.0,0.0,0.0,,,,,
solar_elevation_gt_10,D+2,2024-09,nanjing_2,329.0,0.0,0.0,0.0,0.0,0.0,0.0,0.0,,,,,
solar_elevation_gt_10,D+2,2024-09,nantong_1,323.0,0.0,0.0,0.0,0.0,0.0,0.0,0.0,,,,,
solar_elevation_gt_10,D+2,2024-09,nantong_2,321.0,0.0,0.0,0.0,0.0,0.0,0.0,0.0,,,,,
solar_elevation_gt_10,D+2,2024-09,suqian_1,330.0,0.0,0.0,0.0,0.0,0.0,0.0,0.0,,,,,
solar_elevation_gt_10,D+2,2024-09,suzhou_1,323.0,0.0,0.0,0.0,0.0,0.0,0.0,0.0,,,,,
solar_elevation_gt_10,D+2,2024-09,taizhou_1,326.0,0.0,0.0,0.0,0.0,0.0,0.0,0.0,,,,,
solar_elevation_gt_10,D+2,2024-09,taizhou_2,324.0,0.0,0.0,0.0,0.0,0.0,0.0,0.0,,,,,
solar_elevation_gt_10,D+2,2024-09,wuxi_1,326.0,0.0,0.0,0.0,0.0,0.0,0.0,0.0,,,,,
solar_elevation_gt_10,D+2,2024-09,xuzhou_1,328.0,0.0,0.0,0.0,0.0,0.0,0.0,0.0,,,,,
solar_elevation_gt_10,D+2,2024-09,xuzhou_2,330.0,0.0,0.0,0.0,0.0,0.0,0.0,0.0,,,,,
solar_elevation_gt_10,D+2,2024-09,yancheng_1,326.0,0.0,0.0,0.0,0.0,0.0,0.0,0.0,,,,,
solar_elevation_gt_10,D+2,2024-09,yancheng_2,324.0,0.0,0.0,0.0,0.0,0.0,0.0,0.0,,,,,
solar_elevation_gt_10,D+2,2024-09,yancheng_3,326.0,0.0,0.0,0.0,0.0,0.0,0.0,0.0,,,,,
solar_elevation_gt_10,D+2,2024-10,changzhou_1,298.0,0.0,0.0,0.0,0.0,0.0,0.0,0.0,,,,,
solar_elevation_gt_10,D+2,2024-10,huai_an_1,293.0,0.0,0.0,0.0,0.0,0.0,0.0,0.0,,,,,
solar_elevation_gt_10,D+2,2024-10,huai_an_2,292.0,0.0,0.0,0.0,0.0,0.0,0.0,0.0,,,,,
solar_elevation_gt_10,D+2,2024-10,huai_an_3,289.0,0.0,0.0,0.0,0.0,0.0,0.0,0.0,,,,,
solar_elevation_gt_10,D+2,2024-10,lianyungang_1,287.0,0.0,0.0,0.0,0.0,0.0,0.0,0.0,,,,,
solar_elevation_gt_10,D+2,2024-10,lianyungang_2,290.0,0.0,0.0,0.0,0.0,0.0,0.0,0.0,,,,,
solar_elevation_gt_10,D+2,2024-10,nanjing_1,291.0,0.0,0.0,0.0,0.0,0.0,0.0,0.0,,,,,
solar_elevation_gt_10,D+2,2024-10,nanjing_2,294.0,0.0,0.0,0.0,0.0,0.0,0.0,0.0,,,,,
solar_elevation_gt_10,D+2,2024-10,nantong_1,303.0,0.0,0.0,0.0,0.0,0.0,0.0,0.0,,,,,
solar_elevation_gt_10,D+2,2024-10,nantong_2,306.0,0.0,0.0,0.0,0.0,0.0,0.0,0.0,,,,,
solar_elevation_gt_10,D+2,2024-10,suqian_1,286.0,0.0,0.0,0.0,0.0,0.0,0.0,0.0,,,,,
solar_elevation_gt_10,D+2,2024-10,suzhou_1,304.0,0.0,0.0,0.0,0.0,0.0,0.0,0.0,,,,,
solar_elevation_gt_10,D+2,2024-10,taizhou_1,295.0,0.0,0.0,0.0,0.0,0.0,0.0,0.0,,,,,
solar_elevation_gt_10,D+2,2024-10,taizhou_2,299.0,0.0,0.0,0.0,0.0,0.0,0.0,0.0,,,,,
solar_elevation_gt_10,D+2,2024-10,wuxi_1,301.0,0.0,0.0,0.0,0.0,0.0,0.0,0.0,,,,,
solar_elevation_gt_10,D+2,2024-10,xuzhou_1,283.0,0.0,0.0,0.0,0.0,0.0,0.0,0.0,,,,,
solar_elevation_gt_10,D+2,2024-10,xuzhou_2,284.0,0.0,0.0,0.0,0.0,0.0,0.0,0.0,,,,,
solar_elevation_gt_10,D+2,2024-10,yancheng_1,293.0,0.0,0.0,0.0,0.0,0.0,0.0,0.0,,,,,
solar_elevation_gt_10,D+2,2024-10,yancheng_2,298.0,0.0,0.0,0.0,0.0,0.0,0.0,0.0,,,,,
solar_elevation_gt_10,D+2,2024-10,yancheng_3,295.0,0.0,0.0,0.0,0.0,0.0,0.0,0.0,,,,,
solar_elevation_gt_10,D+2,2024-11,changzhou_1,269.0,0.0,0.0,0.0,0.0,0.0,0.0,0.0,,,,,
solar_elevation_gt_10,D+2,2024-11,huai_an_1,260.0,0.0,0.0,0.0,0.0,0.0,0.0,0.0,,,,,
solar_elevation_gt_10,D+2,2024-11,huai_an_2,256.0,0.0,0.0,0.0,0.0,0.0,0.0,0.0,,,,,
solar_elevation_gt_10,D+2,2024-11,huai_an_3,267.0,0.0,0.0,0.0,0.0,0.0,0.0,0.0,,,,,
solar_elevation_gt_10,D+2,2024-11,lianyungang_1,257.0,0.0,0.0,0.0,0.0,0.0,0.0,0.0,,,,,
solar_elevation_gt_10,D+2,2024-11,lianyungang_2,253.0,0.0,0.0,0.0,0.0,0.0,0.0,0.0,,,,,
solar_elevation_gt_10,D+2,2024-11,nanjing_1,270.0,0.0,0.0,0.0,0.0,0.0,0.0,0.0,,,,,
solar_elevation_gt_10,D+2,2024-11,nanjing_2,270.0,0.0,0.0,0.0,0.0,0.0,0.0,0.0,,,,,
solar_elevation_gt_10,D+2,2024-11,nantong_1,255.0,0.0,0.0,0.0,0.0,0.0,0.0,0.0,,,,,
solar_elevation_gt_10,D+2,2024-11,nantong_2,251.0,0.0,0.0,0.0,0.0,0.0,0.0,0.0,,,,,
solar_elevation_gt_10,D+2,2024-11,suqian_1,264.0,0.0,0.0,0.0,0.0,0.0,0.0,0.0,,,,,
solar_elevation_gt_10,D+2,2024-11,suzhou_1,257.0,0.0,0.0,0.0,0.0,0.0,0.0,0.0,,,,,
solar_elevation_gt_10,D+2,2024-11,taizhou_1,259.0,0.0,0.0,0.0,0.0,0.0,0.0,0.0,,,,,
solar_elevation_gt_10,D+2,2024-11,taizhou_2,254.0,0.0,0.0,0.0,0.0,0.0,0.0,0.0,,,,,
solar_elevation_gt_10,D+2,2024-11,wuxi_1,266.0,0.0,0.0,0.0,0.0,0.0,0.0,0.0,,,,,
solar_elevation_gt_10,D+2,2024-11,xuzhou_1,267.0,0.0,0.0,0.0,0.0,0.0,0.0,0.0,,,,,
solar_elevation_gt_10,D+2,2024-11,xuzhou_2,270.0,0.0,0.0,0.0,0.0,0.0,0.0,0.0,,,,,
solar_elevation_gt_10,D+2,2024-11,yancheng_1,254.0,0.0,0.0,0.0,0.0,0.0,0.0,0.0,,,,,
solar_elevation_gt_10,D+2,2024-11,yancheng_2,253.0,0.0,0.0,0.0,0.0,0.0,0.0,0.0,,,,,
solar_elevation_gt_10,D+2,2024-11,yancheng_3,257.0,0.0,0.0,0.0,0.0,0.0,0.0,0.0,,,,,
solar_elevation_gt_10,D+2,2024-12,changzhou_1,267.0,0.0,0.0,0.0,0.0,0.0,0.0,0.0,,,,,
solar_elevation_gt_10,D+2,2024-12,huai_an_1,242.0,0.0,0.0,0.0,0.0,0.0,0.0,0.0,,,,,
solar_elevation_gt_10,D+2,2024-12,huai_an_2,233.0,0.0,0.0,0.0,0.0,0.0,0.0,0.0,,,,,
solar_elevation_gt_10,D+2,2024-12,huai_an_3,245.0,0.0,0.0,0.0,0.0,0.0,0.0,0.0,,,,,
solar_elevation_gt_10,D+2,2024-12,lianyungang_1,226.0,0.0,0.0,0.0,0.0,0.0,0.0,0.0,,,,,
solar_elevation_gt_10,D+2,2024-12,lianyungang_2,226.0,0.0,0.0,0.0,0.0,0.0,0.0,0.0,,,,,
solar_elevation_gt_10,D+2,2024-12,nanjing_1,266.0,0.0,0.0,0.0,0.0,0.0,0.0,0.0,,,,,
solar_elevation_gt_10,D+2,2024-12,nanjing_2,273.0,0.0,0.0,0.0,0.0,0.0,0.0,0.0,,,,,
solar_elevation_gt_10,D+2,2024-12,nantong_1,252.0,0.0,0.0,0.0,0.0,0.0,0.0,0.0,,,,,
solar_elevation_gt_10,D+2,2024-12,nantong_2,248.0,0.0,0.0,0.0,0.0,0.0,0.0,0.0,,,,,
solar_elevation_gt_10,D+2,2024-12,suqian_1,236.0,0.0,0.0,0.0,0.0,0.0,0.0,0.0,,,,,
solar_elevation_gt_10,D+2,2024-12,suzhou_1,255.0,0.0,0.0,0.0,0.0,0.0,0.0,0.0,,,,,
solar_elevation_gt_10,D+2,2024-12,taizhou_1,247.0,0.0,0.0,0.0,0.0,0.0,0.0,0.0,,,,,
solar_elevation_gt_10,D+2,2024-12,taizhou_2,251.0,0.0,0.0,0.0,0.0,0.0,0.0,0.0,,,,,
solar_elevation_gt_10,D+2,2024-12,wuxi_1,264.0,0.0,0.0,0.0,0.0,0.0,0.0,0.0,,,,,
solar_elevation_gt_10,D+2,2024-12,xuzhou_1,248.0,0.0,0.0,0.0,0.0,0.0,0.0,0.0,,,,,
solar_elevation_gt_10,D+2,2024-12,xuzhou_2,236.0,0.0,0.0,0.0,0.0,0.0,0.0,0.0,,,,,
solar_elevation_gt_10,D+2,2024-12,yancheng_1,233.0,0.0,0.0,0.0,0.0,0.0,0.0,0.0,,,,,
solar_elevation_gt_10,D+2,2024-12,yancheng_2,245.0,0.0,0.0,0.0,0.0,0.0,0.0,0.0,,,,,
solar_elevation_gt_10,D+2,2024-12,yancheng_3,242.0,0.0,0.0,0.0,0.0,0.0,0.0,0.0,,,,,
solar_elevation_gt_10,D+2,2025-01,changzhou_1,279.0,0.0,0.0,0.0,0.0,0.0,0.0,0.0,,,,,
solar_elevation_gt_10,D+2,2025-01,huai_an_1,256.0,0.0,0.0,0.0,0.0,0.0,0.0,0.0,,,,,
solar_elevation_gt_10,D+2,2025-01,huai_an_2,252.0,0.0,0.0,0.0,0.0,0.0,0.0,0.0,,,,,
solar_elevation_gt_10,D+2,2025-01,huai_an_3,251.0,0.0,0.0,0.0,0.0,0.0,0.0,0.0,,,,,
solar_elevation_gt_10,D+2,2025-01,lianyungang_1,248.0,0.0,0.0,0.0,0.0,0.0,0.0,0.0,,,,,
solar_elevation_gt_10,D+2,2025-01,lianyungang_2,249.0,0.0,0.0,0.0,0.0,0.0,0.0,0.0,,,,,
solar_elevation_gt_10,D+2,2025-01,nanjing_1,256.0,0.0,0.0,0.0,0.0,0.0,0.0,0.0,,,,,
solar_elevation_gt_10,D+2,2025-01,nanjing_2,262.0,0.0,0.0,0.0,0.0,0.0,0.0,0.0,,,,,
solar_elevation_gt_10,D+2,2025-01,nantong_1,279.0,0.0,0.0,0.0,0.0,0.0,0.0,0.0,,,,,
solar_elevation_gt_10,D+2,2025-01,nantong_2,279.0,0.0,0.0,0.0,0.0,0.0,0.0,0.0,,,,,
solar_elevation_gt_10,D+2,2025-01,suqian_1,248.0,0.0,0.0,0.0,0.0,0.0,0.0,0.0,,,,,
solar_elevation_gt_10,D+2,2025-01,suzhou_1,279.0,0.0,0.0,0.0,0.0,0.0,0.0,0.0,,,,,
solar_elevation_gt_10,D+2,2025-01,taizhou_1,260.0,0.0,0.0,0.0,0.0,0.0,0.0,0.0,,,,,
solar_elevation_gt_10,D+2,2025-01,taizhou_2,273.0,0.0,0.0,0.0,0.0,0.0,0.0,0.0,,,,,
solar_elevation_gt_10,D+2,2025-01,wuxi_1,279.0,0.0,0.0,0.0,0.0,0.0,0.0,0.0,,,,,
solar_elevation_gt_10,D+2,2025-01,xuzhou_1,248.0,0.0,0.0,0.0,0.0,0.0,0.0,0.0,,,,,
solar_elevation_gt_10,D+2,2025-01,xuzhou_2,248.0,0.0,0.0,0.0,0.0,0.0,0.0,0.0,,,,,
solar_elevation_gt_10,D+2,2025-01,yancheng_1,254.0,0.0,0.0,0.0,0.0,0.0,0.0,0.0,,,,,
solar_elevation_gt_10,D+2,2025-01,yancheng_2,266.0,0.0,0.0,0.0,0.0,0.0,0.0,0.0,,,,,
solar_elevation_gt_10,D+2,2025-01,yancheng_3,258.0,0.0,0.0,0.0,0.0,0.0,0.0,0.0,,,,,
solar_elevation_gt_10,D+2,2025-02,changzhou_1,260.0,0.0,0.0,0.0,0.0,0.0,0.0,0.0,,,,,
solar_elevation_gt_10,D+2,2025-02,huai_an_1,259.0,0.0,0.0,0.0,0.0,0.0,0.0,0.0,,,,,
solar_elevation_gt_10,D+2,2025-02,huai_an_2,257.0,0.0,0.0,0.0,0.0,0.0,0.0,0.0,,,,,
solar_elevation_gt_10,D+2,2025-02,huai_an_3,262.0,0.0,0.0,0.0,0.0,0.0,0.0,0.0,,,,,
solar_elevation_gt_10,D+2,2025-02,lianyungang_1,257.0,0.0,0.0,0.0,0.0,0.0,0.0,0.0,,,,,
solar_elevation_gt_10,D+2,2025-02,lianyungang_2,256.0,0.0,0.0,0.0,0.0,0.0,0.0,0.0,,,,,
solar_elevation_gt_10,D+2,2025-02,nanjing_1,264.0,0.0,0.0,0.0,0.0,0.0,0.0,0.0,,,,,
solar_elevation_gt_10,D+2,2025-02,nanjing_2,263.0,0.0,0.0,0.0,0.0,0.0,0.0,0.0,,,,,
solar_elevation_gt_10,D+2,2025-02,nantong_1,253.0,0.0,0.0,0.0,0.0,0.0,0.0,0.0,,,,,
solar_elevation_gt_10,D+2,2025-02,nantong_2,252.0,0.0,0.0,0.0,0.0,0.0,0.0,0.0,,,,,
solar_elevation_gt_10,D+2,2025-02,suqian_1,261.0,0.0,0.0,0.0,0.0,0.0,0.0,0.0,,,,,
solar_elevation_gt_10,D+2,2025-02,suzhou_1,254.0,0.0,0.0,0.0,0.0,0.0,0.0,0.0,,,,,
solar_elevation_gt_10,D+2,2025-02,taizhou_1,258.0,0.0,0.0,0.0,0.0,0.0,0.0,0.0,,,,,
solar_elevation_gt_10,D+2,2025-02,taizhou_2,254.0,0.0,0.0,0.0,0.0,0.0,0.0,0.0,,,,,
solar_elevation_gt_10,D+2,2025-02,wuxi_1,258.0,0.0,0.0,0.0,0.0,0.0,0.0,0.0,,,,,
solar_elevation_gt_10,D+2,2025-02,xuzhou_1,257.0,0.0,0.0,0.0,0.0,0.0,0.0,0.0,,,,,
solar_elevation_gt_10,D+2,2025-02,xuzhou_2,258.0,0.0,0.0,0.0,0.0,0.0,0.0,0.0,,,,,
solar_elevation_gt_10,D+2,2025-02,yancheng_1,256.0,0.0,0.0,0.0,0.0,0.0,0.0,0.0,,,,,
solar_elevation_gt_10,D+2,2025-02,yancheng_2,254.0,0.0,0.0,0.0,0.0,0.0,0.0,0.0,,,,,
solar_elevation_gt_10,D+2,2025-02,yancheng_3,257.0,0.0,0.0,0.0,0.0,0.0,0.0,0.0,,,,,
solar_elevation_gt_10,D+2,2025-03,changzhou_1,326.0,0.0,0.0,0.0,0.0,0.0,0.0,0.0,,,,,
solar_elevation_gt_10,D+2,2025-03,huai_an_1,324.0,0.0,0.0,0.0,0.0,0.0,0.0,0.0,,,,,
solar_elevation_gt_10,D+2,2025-03,huai_an_2,324.0,0.0,0.0,0.0,0.0,0.0,0.0,0.0,,,,,
solar_elevation_gt_10,D+2,2025-03,huai_an_3,322.0,0.0,0.0,0.0,0.0,0.0,0.0,0.0,,,,,
solar_elevation_gt_10,D+2,2025-03,lianyungang_1,321.0,0.0,0.0,0.0,0.0,0.0,0.0,0.0,,,,,
solar_elevation_gt_10,D+2,2025-03,lianyungang_2,323.0,0.0,0.0,0.0,0.0,0.0,0.0,0.0,,,,,
solar_elevation_gt_10,D+2,2025-03,nanjing_1,322.0,0.0,0.0,0.0,0.0,0.0,0.0,0.0,,,,,
solar_elevation_gt_10,D+2,2025-03,nanjing_2,324.0,0.0,0.0,0.0,0.0,0.0,0.0,0.0,,,,,
solar_elevation_gt_10,D+2,2025-03,nantong_1,330.0,0.0,0.0,0.0,0.0,0.0,0.0,0.0,,,,,
solar_elevation_gt_10,D+2,2025-03,nantong_2,330.0,0.0,0.0,0.0,0.0,0.0,0.0,0.0,,,,,
solar_elevation_gt_10,D+2,2025-03,suqian_1,320.0,0.0,0.0,0.0,0.0,0.0,0.0,0.0,,,,,
solar_elevation_gt_10,D+2,2025-03,suzhou_1,330.0,0.0,0.0,0.0,0.0,0.0,0.0,0.0,,,,,
solar_elevation_gt_10,D+2,2025-03,taizhou_1,325.0,0.0,0.0,0.0,0.0,0.0,0.0,0.0,,,,,
solar_elevation_gt_10,D+2,2025-03,taizhou_2,328.0,0.0,0.0,0.0,0.0,0.0,0.0,0.0,,,,,
solar_elevation_gt_10,D+2,2025-03,wuxi_1,328.0,0.0,0.0,0.0,0.0,0.0,0.0,0.0,,,,,
solar_elevation_gt_10,D+2,2025-03,xuzhou_1,315.0,0.0,0.0,0.0,0.0,0.0,0.0,0.0,,,,,
solar_elevation_gt_10,D+2,2025-03,xuzhou_2,318.0,0.0,0.0,0.0,0.0,0.0,0.0,0.0,,,,,
solar_elevation_gt_10,D+2,2025-03,yancheng_1,325.0,0.0,0.0,0.0,0.0,0.0,0.0,0.0,,,,,
solar_elevation_gt_10,D+2,2025-03,yancheng_2,328.0,0.0,0.0,0.0,0.0,0.0,0.0,0.0,,,,,
solar_elevation_gt_10,D+2,2025-03,yancheng_3,325.0,0.0,0.0,0.0,0.0,0.0,0.0,0.0,,,,,
solar_elevation_gt_10,D+2,2025-04,changzhou_1,330.0,0.0,0.0,0.0,0.0,0.0,0.0,0.0,,,,,
solar_elevation_gt_10,D+2,2025-04,huai_an_1,330.0,0.0,0.0,0.0,0.0,0.0,0.0,0.0,,,,,
solar_elevation_gt_10,D+2,2025-04,huai_an_2,330.0,0.0,0.0,0.0,0.0,0.0,0.0,0.0,,,,,
solar_elevation_gt_10,D+2,2025-04,huai_an_3,330.0,0.0,0.0,0.0,0.0,0.0,0.0,0.0,,,,,
solar_elevation_gt_10,D+2,2025-04,lianyungang_1,330.0,0.0,0.0,0.0,0.0,0.0,0.0,0.0,,,,,
solar_elevation_gt_10,D+2,2025-04,lianyungang_2,330.0,0.0,0.0,0.0,0.0,0.0,0.0,0.0,,,,,
solar_elevation_gt_10,D+2,2025-04,nanjing_1,330.0,0.0,0.0,0.0,0.0,0.0,0.0,0.0,,,,,
solar_elevation_gt_10,D+2,2025-04,nanjing_2,330.0,0.0,0.0,0.0,0.0,0.0,0.0,0.0,,,,,
solar_elevation_gt_10,D+2,2025-04,nantong_1,330.0,0.0,0.0,0.0,0.0,0.0,0.0,0.0,,,,,
solar_elevation_gt_10,D+2,2025-04,nantong_2,331.0,0.0,0.0,0.0,0.0,0.0,0.0,0.0,,,,,
solar_elevation_gt_10,D+2,2025-04,suqian_1,330.0,0.0,0.0,0.0,0.0,0.0,0.0,0.0,,,,,
solar_elevation_gt_10,D+2,2025-04,suzhou_1,330.0,0.0,0.0,0.0,0.0,0.0,0.0,0.0,,,,,
solar_elevation_gt_10,D+2,2025-04,taizhou_1,330.0,0.0,0.0,0.0,0.0,0.0,0.0,0.0,,,,,
solar_elevation_gt_10,D+2,2025-04,taizhou_2,330.0,0.0,0.0,0.0,0.0,0.0,0.0,0.0,,,,,
solar_elevation_gt_10,D+2,2025-04,wuxi_1,330.0,0.0,0.0,0.0,0.0,0.0,0.0,0.0,,,,,
solar_elevation_gt_10,D+2,2025-04,xuzhou_1,335.0,0.0,0.0,0.0,0.0,0.0,0.0,0.0,,,,,
solar_elevation_gt_10,D+2,2025-04,xuzhou_2,330.0,0.0,0.0,0.0,0.0,0.0,0.0,0.0,,,,,
solar_elevation_gt_10,D+2,2025-04,yancheng_1,330.0,0.0,0.0,0.0,0.0,0.0,0.0,0.0,,,,,
solar_elevation_gt_10,D+2,2025-04,yancheng_2,330.0,0.0,0.0,0.0,0.0,0.0,0.0,0.0,,,,,
solar_elevation_gt_10,D+2,2025-04,yancheng_3,330.0,0.0,0.0,0.0,0.0,0.0,0.0,0.0,,,,,
solar_elevation_gt_10,D+2,2025-05,changzhou_1,372.0,0.002688172043010753,0.0,0.002688172043010753,0.0,0.0,0.0,1.0,0.0,0.0,0.0,1.0,100.0
solar_elevation_gt_10,D+2,2025-05,huai_an_1,379.0,0.0,0.0,0.0,0.0,0.0,0.0,0.0,,,,,
solar_elevation_gt_10,D+2,2025-05,huai_an_2,383.0,0.0,0.0,0.0,0.0,0.0,0.0,0.0,,,,,
solar_elevation_gt_10,D+2,2025-05,huai_an_3,379.0,0.0,0.0,0.0,0.0,0.0,0.0,0.0,,,,,
solar_elevation_gt_10,D+2,2025-05,lianyungang_1,386.0,0.0,0.0,0.0,0.0,0.0,0.0,0.0,,,,,
solar_elevation_gt_10,D+2,2025-05,lianyungang_2,385.0,0.0,0.0,0.0,0.0,0.0,0.0,0.0,,,,,
solar_elevation_gt_10,D+2,2025-05,nanjing_1,374.0,0.0,0.0,0.0,0.0,0.0,0.0,0.0,,,,,
solar_elevation_gt_10,D+2,2025-05,nanjing_2,372.0,0.002688172043010753,0.0,0.002688172043010753,0.0,0.0,0.0,1.0,0.0,0.0,0.0,1.0,100.0
solar_elevation_gt_10,D+2,2025-05,nantong_1,371.0,0.0,0.0,0.0,0.0,0.0,0.0,0.0,,,,,
solar_elevation_gt_10,D+2,2025-05,nantong_2,372.0,0.0,0.0,0.0,0.0,0.0,0.0,0.0,,,,,
solar_elevation_gt_10,D+2,2025-05,suqian_1,383.0,0.0,0.0,0.0,0.0,0.0,0.0,0.0,,,,,
solar_elevation_gt_10,D+2,2025-05,suzhou_1,370.0,0.0,0.0,0.0,0.0,0.0,0.0,0.0,,,,,
solar_elevation_gt_10,D+2,2025-05,taizhou_1,378.0,0.0,0.0,0.0,0.0,0.0,0.0,0.0,,,,,
solar_elevation_gt_10,D+2,2025-05,taizhou_2,376.0,0.0,0.0,0.0,0.0,0.0,0.0,0.0,,,,,
solar_elevation_gt_10,D+2,2025-05,wuxi_1,370.0,0.0,0.0,0.0,0.0,0.0,0.0,0.0,,,,,
solar_elevation_gt_10,D+2,2025-05,xuzhou_1,377.0,0.0,0.0,0.0,0.0,0.0,0.0,0.0,,,,,
solar_elevation_gt_10,D+2,2025-05,xuzhou_2,383.0,0.0,0.0,0.0,0.0,0.0,0.0,0.0,,,,,
solar_elevation_gt_10,D+2,2025-05,yancheng_1,382.0,0.0,0.0,0.0,0.0,0.0,0.0,0.0,,,,,
solar_elevation_gt_10,D+2,2025-05,yancheng_2,378.0,0.0,0.0,0.0,0.0,0.0,0.0,0.0,,,,,
solar_elevation_gt_10,D+2,2025-05,yancheng_3,379.0,0.0,0.0,0.0,0.0,0.0,0.0,0.0,,,,,
solar_elevation_gt_10,D+2,2025-06,changzhou_1,390.0,0.005128205128205128,0.0,0.005128205128205128,0.0,0.0,0.0,2.0,0.0,0.0,0.0,1.0,100.0
solar_elevation_gt_10,D+2,2025-06,huai_an_1,390.0,0.002564102564102564,0.0,0.002564102564102564,0.0,0.0,0.0,1.0,0.0,0.0,0.0,1.0,100.0
solar_elevation_gt_10,D+2,2025-06,huai_an_2,390.0,0.002564102564102564,0.0,0.002564102564102564,0.0,0.0,0.0,1.0,0.0,0.0,0.0,1.0,100.0
solar_elevation_gt_10,D+2,2025-06,huai_an_3,390.0,0.002564102564102564,0.0,0.002564102564102564,0.0,0.0,0.0,1.0,0.0,0.0,0.0,1.0,100.0
solar_elevation_gt_10,D+2,2025-06,lianyungang_1,390.0,0.0,0.0,0.0,0.0,0.0,0.0,0.0,,,,,
solar_elevation_gt_10,D+2,2025-06,lianyungang_2,390.0,0.002564102564102564,0.0,0.002564102564102564,0.0,0.0,0.0,1.0,0.0,0.0,0.0,1.0,100.0
solar_elevation_gt_10,D+2,2025-06,nanjing_1,390.0,0.0,0.0,0.0,0.0,0.0,0.0,0.0,,,,,
solar_elevation_gt_10,D+2,2025-06,nanjing_2,390.0,0.002564102564102564,0.0,0.002564102564102564,0.0,0.0,0.0,1.0,0.0,0.0,0.0,1.0,100.0
solar_elevation_gt_10,D+2,2025-06,nantong_1,390.0,0.0,0.0,0.0,0.0,0.0,0.0,0.0,,,,,
solar_elevation_gt_10,D+2,2025-06,nantong_2,387.0,0.0,0.0,0.0,0.0,0.0,0.0,0.0,,,,,
solar_elevation_gt_10,D+2,2025-06,suqian_1,390.0,0.0,0.0,0.0,0.0,0.0,0.0,0.0,,,,,
solar_elevation_gt_10,D+2,2025-06,suzhou_1,390.0,0.0,0.0,0.0,0.0,0.0,0.0,0.0,,,,,
solar_elevation_gt_10,D+2,2025-06,taizhou_1,390.0,0.0,0.0,0.0,0.0,0.0,0.0,0.0,,,,,
solar_elevation_gt_10,D+2,2025-06,taizhou_2,390.0,0.0,0.0,0.0,0.0,0.0,0.0,0.0,,,,,
solar_elevation_gt_10,D+2,2025-06,wuxi_1,390.0,0.0,0.0,0.0,0.0,0.0,0.0,0.0,,,,,
solar_elevation_gt_10,D+2,2025-06,xuzhou_1,384.0,0.0,0.0,0.0,0.0,0.0,0.0,0.0,,,,,
solar_elevation_gt_10,D+2,2025-06,xuzhou_2,390.0,0.002564102564102564,0.0,0.002564102564102564,0.0,0.0,0.0,1.0,0.0,0.0,0.0,1.0,100.0
solar_elevation_gt_10,D+2,2025-06,yancheng_1,390.0,0.0,0.0,0.0,0.0,0.0,0.0,0.0,,,,,
solar_elevation_gt_10,D+2,2025-06,yancheng_2,390.0,0.0,0.0,0.0,0.0,0.0,0.0,0.0,,,,,
solar_elevation_gt_10,D+2,2025-06,yancheng_3,390.0,0.002564102564102564,0.0,0.002564102564102564,0.0,0.0,0.0,1.0,0.0,0.0,0.0,1.0,100.0
solar_elevation_gt_10,D+2,2025-07,changzhou_1,383.0,0.0,0.0,0.0,0.0,0.0,0.0,0.0,,,,,
solar_elevation_gt_10,D+2,2025-07,huai_an_1,385.0,0.0,0.0,0.0,0.0,0.0,0.0,0.0,,,,,
solar_elevation_gt_10,D+2,2025-07,huai_an_2,388.0,0.0,0.0,0.0,0.0,0.0,0.0,0.0,,,,,
solar_elevation_gt_10,D+2,2025-07,huai_an_3,379.0,0.0,0.0,0.0,0.0,0.0,0.0,0.0,,,,,
solar_elevation_gt_10,D+2,2025-07,lianyungang_1,385.0,0.0,0.0,0.0,0.0,0.0,0.0,0.0,,,,,
solar_elevation_gt_10,D+2,2025-07,lianyungang_2,390.0,0.0,0.0,0.0,0.0,0.0,0.0,0.0,,,,,
solar_elevation_gt_10,D+2,2025-07,nanjing_1,374.0,0.0,0.0,0.0,0.0,0.0,0.0,0.0,,,,,
solar_elevation_gt_10,D+2,2025-07,nanjing_2,376.0,0.0,0.0,0.0,0.0,0.0,0.0,0.0,,,,,
solar_elevation_gt_10,D+2,2025-07,nantong_1,394.0,0.0,0.0,0.0,0.0,0.0,0.0,0.0,,,,,
solar_elevation_gt_10,D+2,2025-07,nantong_2,394.0,0.0,0.0,0.0,0.0,0.0,0.0,0.0,,,,,
solar_elevation_gt_10,D+2,2025-07,suqian_1,379.0,0.0,0.0,0.0,0.0,0.0,0.0,0.0,,,,,
solar_elevation_gt_10,D+2,2025-07,suzhou_1,392.0,0.0,0.0,0.0,0.0,0.0,0.0,0.0,,,,,
solar_elevation_gt_10,D+2,2025-07,taizhou_1,387.0,0.0,0.0,0.0,0.0,0.0,0.0,0.0,,,,,
solar_elevation_gt_10,D+2,2025-07,taizhou_2,393.0,0.0,0.0,0.0,0.0,0.0,0.0,0.0,,,,,
solar_elevation_gt_10,D+2,2025-07,wuxi_1,385.0,0.0,0.0,0.0,0.0,0.0,0.0,0.0,,,,,
solar_elevation_gt_10,D+2,2025-07,xuzhou_1,372.0,0.0,0.0,0.0,0.0,0.0,0.0,0.0,,,,,
solar_elevation_gt_10,D+2,2025-07,xuzhou_2,373.0,0.0,0.0,0.0,0.0,0.0,0.0,0.0,,,,,
solar_elevation_gt_10,D+2,2025-07,yancheng_1,390.0,0.0,0.0,0.0,0.0,0.0,0.0,0.0,,,,,
solar_elevation_gt_10,D+2,2025-07,yancheng_2,394.0,0.0,0.0,0.0,0.0,0.0,0.0,0.0,,,,,
solar_elevation_gt_10,D+2,2025-07,yancheng_3,388.0,0.0,0.0,0.0,0.0,0.0,0.0,0.0,,,,,
solar_elevation_gt_10,D+2,2025-08,changzhou_1,347.0,0.0,0.0,0.0,0.0,0.0,0.0,0.0,,,,,
solar_elevation_gt_10,D+2,2025-08,huai_an_1,351.0,0.002849002849002849,0.0,0.002849002849002849,0.0,0.0,0.0,1.0,0.0,0.0,0.0,1.0,100.0
solar_elevation_gt_10,D+2,2025-08,huai_an_2,351.0,0.0,0.0,0.0,0.0,0.0,0.0,0.0,,,,,
solar_elevation_gt_10,D+2,2025-08,huai_an_3,354.0,0.0,0.0,0.0,0.0,0.0,0.0,0.0,,,,,
solar_elevation_gt_10,D+2,2025-08,lianyungang_1,355.0,0.0,0.0,0.0,0.0,0.0,0.0,0.0,,,,,
solar_elevation_gt_10,D+2,2025-08,lianyungang_2,352.0,0.0,0.0,0.0,0.0,0.0,0.0,0.0,,,,,
solar_elevation_gt_10,D+2,2025-08,nanjing_1,353.0,0.0,0.0,0.0,0.0,0.0,0.0,0.0,,,,,
solar_elevation_gt_10,D+2,2025-08,nanjing_2,350.0,0.0,0.0,0.0,0.0,0.0,0.0,0.0,,,,,
solar_elevation_gt_10,D+2,2025-08,nantong_1,341.0,0.0,0.0,0.0,0.0,0.0,0.0,0.0,,,,,
solar_elevation_gt_10,D+2,2025-08,nantong_2,341.0,0.0,0.0,0.0,0.0,0.0,0.0,0.0,,,,,
solar_elevation_gt_10,D+2,2025-08,suqian_1,356.0,0.0,0.0,0.0,0.0,0.0,0.0,0.0,,,,,
solar_elevation_gt_10,D+2,2025-08,suzhou_1,341.0,0.0,0.0,0.0,0.0,0.0,0.0,0.0,,,,,
solar_elevation_gt_10,D+2,2025-08,taizhou_1,349.0,0.0,0.0,0.0,0.0,0.0,0.0,0.0,,,,,
solar_elevation_gt_10,D+2,2025-08,taizhou_2,345.0,0.0,0.0,0.0,0.0,0.0,0.0,0.0,,,,,
solar_elevation_gt_10,D+2,2025-08,wuxi_1,344.0,0.0,0.0,0.0,0.0,0.0,0.0,0.0,,,,,
solar_elevation_gt_10,D+2,2025-08,xuzhou_1,363.0,0.0,0.0,0.0,0.0,0.0,0.0,0.0,,,,,
solar_elevation_gt_10,D+2,2025-08,xuzhou_2,359.0,0.0,0.0,0.0,0.0,0.0,0.0,0.0,,,,,
solar_elevation_gt_10,D+2,2025-08,yancheng_1,350.0,0.0,0.0,0.0,0.0,0.0,0.0,0.0,,,,,
solar_elevation_gt_10,D+2,2025-08,yancheng_2,345.0,0.0,0.0,0.0,0.0,0.0,0.0,0.0,,,,,
solar_elevation_gt_10,D+2,2025-08,yancheng_3,349.0,0.0,0.0,0.0,0.0,0.0,0.0,0.0,,,,,
solar_elevation_gt_10,D+2,2025-09,changzhou_1,327.0,0.0,0.0,0.0,0.0,0.0,0.0,0.0,,,,,
solar_elevation_gt_10,D+2,2025-09,huai_an_1,327.0,0.0,0.0,0.0,0.0,0.0,0.0,0.0,,,,,
solar_elevation_gt_10,D+2,2025-09,huai_an_2,327.0,0.0,0.0,0.0,0.0,0.0,0.0,0.0,,,,,
solar_elevation_gt_10,D+2,2025-09,huai_an_3,330.0,0.0,0.0,0.0,0.0,0.0,0.0,0.0,,,,,
solar_elevation_gt_10,D+2,2025-09,lianyungang_1,329.0,0.0,0.0,0.0,0.0,0.0,0.0,0.0,,,,,
solar_elevation_gt_10,D+2,2025-09,lianyungang_2,326.0,0.0,0.0,0.0,0.0,0.0,0.0,0.0,,,,,
solar_elevation_gt_10,D+2,2025-09,nanjing_1,330.0,0.0,0.0,0.0,0.0,0.0,0.0,0.0,,,,,
solar_elevation_gt_10,D+2,2025-09,nanjing_2,329.0,0.0,0.0,0.0,0.0,0.0,0.0,0.0,,,,,
solar_elevation_gt_10,D+2,2025-09,nantong_1,323.0,0.0,0.0,0.0,0.0,0.0,0.0,0.0,,,,,
solar_elevation_gt_10,D+2,2025-09,nantong_2,321.0,0.0,0.0,0.0,0.0,0.0,0.0,0.0,,,,,
solar_elevation_gt_10,D+2,2025-09,suqian_1,330.0,0.0,0.0,0.0,0.0,0.0,0.0,0.0,,,,,
solar_elevation_gt_10,D+2,2025-09,suzhou_1,323.0,0.0,0.0,0.0,0.0,0.0,0.0,0.0,,,,,
solar_elevation_gt_10,D+2,2025-09,taizhou_1,326.0,0.0,0.0,0.0,0.0,0.0,0.0,0.0,,,,,
solar_elevation_gt_10,D+2,2025-09,taizhou_2,324.0,0.0,0.0,0.0,0.0,0.0,0.0,0.0,,,,,
solar_elevation_gt_10,D+2,2025-09,wuxi_1,326.0,0.0,0.0,0.0,0.0,0.0,0.0,0.0,,,,,
solar_elevation_gt_10,D+2,2025-09,xuzhou_1,328.0,0.0,0.0,0.0,0.0,0.0,0.0,0.0,,,,,
solar_elevation_gt_10,D+2,2025-09,xuzhou_2,330.0,0.0,0.0,0.0,0.0,0.0,0.0,0.0,,,,,
solar_elevation_gt_10,D+2,2025-09,yancheng_1,326.0,0.0,0.0,0.0,0.0,0.0,0.0,0.0,,,,,
solar_elevation_gt_10,D+2,2025-09,yancheng_2,324.0,0.0,0.0,0.0,0.0,0.0,0.0,0.0,,,,,
solar_elevation_gt_10,D+2,2025-09,yancheng_3,326.0,0.0,0.0,0.0,0.0,0.0,0.0,0.0,,,,,
solar_elevation_gt_10,D+2,2025-10,changzhou_1,298.0,0.0,0.0,0.0,0.0,0.0,0.0,0.0,,,,,
solar_elevation_gt_10,D+2,2025-10,huai_an_1,293.0,0.0,0.0,0.0,0.0,0.0,0.0,0.0,,,,,
solar_elevation_gt_10,D+2,2025-10,huai_an_2,292.0,0.0,0.0,0.0,0.0,0.0,0.0,0.0,,,,,
solar_elevation_gt_10,D+2,2025-10,huai_an_3,289.0,0.0,0.0,0.0,0.0,0.0,0.0,0.0,,,,,
solar_elevation_gt_10,D+2,2025-10,lianyungang_1,287.0,0.003484320557491289,0.0,0.003484320557491289,0.0,0.0,0.0,1.0,0.0,0.0,0.0,1.0,100.0
solar_elevation_gt_10,D+2,2025-10,lianyungang_2,291.0,0.003436426116838488,0.0,0.003436426116838488,0.0,0.0,0.0,1.0,0.0,0.0,0.0,1.0,100.0
solar_elevation_gt_10,D+2,2025-10,nanjing_1,291.0,0.0,0.0,0.0,0.0,0.0,0.0,0.0,,,,,
solar_elevation_gt_10,D+2,2025-10,nanjing_2,295.0,0.0,0.0,0.0,0.0,0.0,0.0,0.0,,,,,
solar_elevation_gt_10,D+2,2025-10,nantong_1,303.0,0.0,0.0,0.0,0.0,0.0,0.0,0.0,,,,,
solar_elevation_gt_10,D+2,2025-10,nantong_2,306.0,0.0,0.0,0.0,0.0,0.0,0.0,0.0,,,,,
solar_elevation_gt_10,D+2,2025-10,suqian_1,286.0,0.0,0.0,0.0,0.0,0.0,0.0,0.0,,,,,
solar_elevation_gt_10,D+2,2025-10,suzhou_1,304.0,0.0,0.0,0.0,0.0,0.0,0.0,0.0,,,,,
solar_elevation_gt_10,D+2,2025-10,taizhou_1,296.0,0.0,0.0,0.0,0.0,0.0,0.0,0.0,,,,,
solar_elevation_gt_10,D+2,2025-10,taizhou_2,299.0,0.0,0.0,0.0,0.0,0.0,0.0,0.0,,,,,
solar_elevation_gt_10,D+2,2025-10,wuxi_1,301.0,0.0,0.0,0.0,0.0,0.0,0.0,0.0,,,,,
solar_elevation_gt_10,D+2,2025-10,xuzhou_1,283.0,0.0,0.0,0.0,0.0,0.0,0.0,0.0,,,,,
solar_elevation_gt_10,D+2,2025-10,xuzhou_2,284.0,0.0035211267605633804,0.0,0.0035211267605633804,0.0,0.0,0.0,1.0,0.0,0.0,0.0,1.0,100.0
solar_elevation_gt_10,D+2,2025-10,yancheng_1,293.0,0.0,0.0,0.0,0.0,0.0,0.0,0.0,,,,,
solar_elevation_gt_10,D+2,2025-10,yancheng_2,299.0,0.0,0.0,0.0,0.0,0.0,0.0,0.0,,,,,
solar_elevation_gt_10,D+2,2025-10,yancheng_3,295.0,0.0,0.0,0.0,0.0,0.0,0.0,0.0,,,,,
solar_elevation_gt_10,D+2,2025-11,changzhou_1,269.0,0.0,0.0,0.0,0.0,0.0,0.0,0.0,,,,,
solar_elevation_gt_10,D+2,2025-11,huai_an_1,260.0,0.0,0.0,0.0,0.0,0.0,0.0,0.0,,,,,
solar_elevation_gt_10,D+2,2025-11,huai_an_2,256.0,0.0,0.0,0.0,0.0,0.0,0.0,0.0,,,,,
solar_elevation_gt_10,D+2,2025-11,huai_an_3,268.0,0.0,0.0,0.0,0.0,0.0,0.0,0.0,,,,,
solar_elevation_gt_10,D+2,2025-11,lianyungang_1,257.0,0.0,0.0,0.0,0.0,0.0,0.0,0.0,,,,,
solar_elevation_gt_10,D+2,2025-11,lianyungang_2,253.0,0.0,0.0,0.0,0.0,0.0,0.0,0.0,,,,,
solar_elevation_gt_10,D+2,2025-11,nanjing_1,270.0,0.0,0.0,0.0,0.0,0.0,0.0,0.0,,,,,
solar_elevation_gt_10,D+2,2025-11,nanjing_2,270.0,0.0,0.0,0.0,0.0,0.0,0.0,0.0,,,,,
solar_elevation_gt_10,D+2,2025-11,nantong_1,255.0,0.0,0.0,0.0,0.0,0.0,0.0,0.0,,,,,
solar_elevation_gt_10,D+2,2025-11,nantong_2,251.0,0.0,0.0,0.0,0.0,0.0,0.0,0.0,,,,,
solar_elevation_gt_10,D+2,2025-11,suqian_1,264.0,0.0,0.0,0.0,0.0,0.0,0.0,0.0,,,,,
solar_elevation_gt_10,D+2,2025-11,suzhou_1,257.0,0.0,0.0,0.0,0.0,0.0,0.0,0.0,,,,,
solar_elevation_gt_10,D+2,2025-11,taizhou_1,259.0,0.0,0.0,0.0,0.0,0.0,0.0,0.0,,,,,
solar_elevation_gt_10,D+2,2025-11,taizhou_2,254.0,0.0,0.0,0.0,0.0,0.0,0.0,0.0,,,,,
solar_elevation_gt_10,D+2,2025-11,wuxi_1,266.0,0.0,0.0,0.0,0.0,0.0,0.0,0.0,,,,,
solar_elevation_gt_10,D+2,2025-11,xuzhou_1,267.0,0.0,0.0,0.0,0.0,0.0,0.0,0.0,,,,,
solar_elevation_gt_10,D+2,2025-11,xuzhou_2,270.0,0.0,0.0,0.0,0.0,0.0,0.0,0.0,,,,,
solar_elevation_gt_10,D+2,2025-11,yancheng_1,254.0,0.0,0.0,0.0,0.0,0.0,0.0,0.0,,,,,
solar_elevation_gt_10,D+2,2025-11,yancheng_2,253.0,0.0,0.0,0.0,0.0,0.0,0.0,0.0,,,,,
solar_elevation_gt_10,D+2,2025-11,yancheng_3,258.0,0.0,0.0,0.0,0.0,0.0,0.0,0.0,,,,,
solar_elevation_gt_10,D+2,2025-12,changzhou_1,267.0,0.0,0.0,0.0,0.0,0.0,0.0,0.0,,,,,
solar_elevation_gt_10,D+2,2025-12,huai_an_1,242.0,0.0,0.0,0.0,0.0,0.0,0.0,0.0,,,,,
solar_elevation_gt_10,D+2,2025-12,huai_an_2,233.0,0.0,0.0,0.0,0.0,0.0,0.0,0.0,,,,,
solar_elevation_gt_10,D+2,2025-12,huai_an_3,244.0,0.0,0.0,0.0,0.0,0.0,0.0,0.0,,,,,
solar_elevation_gt_10,D+2,2025-12,lianyungang_1,226.0,0.0,0.0,0.0,0.0,0.0,0.0,0.0,,,,,
solar_elevation_gt_10,D+2,2025-12,lianyungang_2,226.0,0.0,0.0,0.0,0.0,0.0,0.0,0.0,,,,,
solar_elevation_gt_10,D+2,2025-12,nanjing_1,266.0,0.0,0.0,0.0,0.0,0.0,0.0,0.0,,,,,
solar_elevation_gt_10,D+2,2025-12,nanjing_2,274.0,0.0,0.0,0.0,0.0,0.0,0.0,0.0,,,,,
solar_elevation_gt_10,D+2,2025-12,nantong_1,252.0,0.0,0.0,0.0,0.0,0.0,0.0,0.0,,,,,
solar_elevation_gt_10,D+2,2025-12,nantong_2,248.0,0.0,0.0,0.0,0.0,0.0,0.0,0.0,,,,,
solar_elevation_gt_10,D+2,2025-12,suqian_1,235.0,0.0,0.0,0.0,0.0,0.0,0.0,0.0,,,,,
solar_elevation_gt_10,D+2,2025-12,suzhou_1,254.0,0.0,0.0,0.0,0.0,0.0,0.0,0.0,,,,,
solar_elevation_gt_10,D+2,2025-12,taizhou_1,247.0,0.0,0.0,0.0,0.0,0.0,0.0,0.0,,,,,
solar_elevation_gt_10,D+2,2025-12,taizhou_2,251.0,0.0,0.0,0.0,0.0,0.0,0.0,0.0,,,,,
solar_elevation_gt_10,D+2,2025-12,wuxi_1,264.0,0.0,0.0,0.0,0.0,0.0,0.0,0.0,,,,,
solar_elevation_gt_10,D+2,2025-12,xuzhou_1,248.0,0.0,0.0,0.0,0.0,0.0,0.0,0.0,,,,,
solar_elevation_gt_10,D+2,2025-12,xuzhou_2,236.0,0.0,0.0,0.0,0.0,0.0,0.0,0.0,,,,,
solar_elevation_gt_10,D+2,2025-12,yancheng_1,234.0,0.0,0.0,0.0,0.0,0.0,0.0,0.0,,,,,
solar_elevation_gt_10,D+2,2025-12,yancheng_2,245.0,0.0,0.0,0.0,0.0,0.0,0.0,0.0,,,,,
solar_elevation_gt_10,D+2,2025-12,yancheng_3,242.0,0.0,0.0,0.0,0.0,0.0,0.0,0.0,,,,,
solar_elevation_gt_10,D+2,2026-01,changzhou_1,279.0,0.0,0.0,0.0,0.0,0.0,0.0,0.0,,,,,
solar_elevation_gt_10,D+2,2026-01,huai_an_1,255.0,0.0,0.0,0.0,0.0,0.0,0.0,0.0,,,,,
solar_elevation_gt_10,D+2,2026-01,huai_an_2,252.0,0.0,0.0,0.0,0.0,0.0,0.0,0.0,,,,,
solar_elevation_gt_10,D+2,2026-01,huai_an_3,251.0,0.0,0.0,0.0,0.0,0.0,0.0,0.0,,,,,
solar_elevation_gt_10,D+2,2026-01,lianyungang_1,248.0,0.0,0.0,0.0,0.0,0.0,0.0,0.0,,,,,
solar_elevation_gt_10,D+2,2026-01,lianyungang_2,249.0,0.0,0.0,0.0,0.0,0.0,0.0,0.0,,,,,
solar_elevation_gt_10,D+2,2026-01,nanjing_1,255.0,0.0,0.0,0.0,0.0,0.0,0.0,0.0,,,,,
solar_elevation_gt_10,D+2,2026-01,nanjing_2,262.0,0.0,0.0,0.0,0.0,0.0,0.0,0.0,,,,,
solar_elevation_gt_10,D+2,2026-01,nantong_1,279.0,0.0,0.0,0.0,0.0,0.0,0.0,0.0,,,,,
solar_elevation_gt_10,D+2,2026-01,nantong_2,279.0,0.0,0.0,0.0,0.0,0.0,0.0,0.0,,,,,
solar_elevation_gt_10,D+2,2026-01,suqian_1,248.0,0.0,0.0,0.0,0.0,0.0,0.0,0.0,,,,,
solar_elevation_gt_10,D+2,2026-01,suzhou_1,279.0,0.0,0.0,0.0,0.0,0.0,0.0,0.0,,,,,
solar_elevation_gt_10,D+2,2026-01,taizhou_1,260.0,0.0,0.0,0.0,0.0,0.0,0.0,0.0,,,,,
solar_elevation_gt_10,D+2,2026-01,taizhou_2,273.0,0.0,0.0,0.0,0.0,0.0,0.0,0.0,,,,,
solar_elevation_gt_10,D+2,2026-01,wuxi_1,279.0,0.0,0.0,0.0,0.0,0.0,0.0,0.0,,,,,
solar_elevation_gt_10,D+2,2026-01,xuzhou_1,248.0,0.0,0.0,0.0,0.0,0.0,0.0,0.0,,,,,
solar_elevation_gt_10,D+2,2026-01,xuzhou_2,248.0,0.0,0.0,0.0,0.0,0.0,0.0,0.0,,,,,
solar_elevation_gt_10,D+2,2026-01,yancheng_1,254.0,0.0,0.0,0.0,0.0,0.0,0.0,0.0,,,,,
solar_elevation_gt_10,D+2,2026-01,yancheng_2,265.0,0.0,0.0,0.0,0.0,0.0,0.0,0.0,,,,,
solar_elevation_gt_10,D+2,2026-01,yancheng_3,258.0,0.0,0.0,0.0,0.0,0.0,0.0,0.0,,,,,
solar_elevation_gt_10,D+2,2026-02,changzhou_1,260.0,0.0,0.0,0.0,0.0,0.0,0.0,0.0,,,,,
solar_elevation_gt_10,D+2,2026-02,huai_an_1,258.0,0.0,0.0,0.0,0.0,0.0,0.0,0.0,,,,,
solar_elevation_gt_10,D+2,2026-02,huai_an_2,257.0,0.0,0.0,0.0,0.0,0.0,0.0,0.0,,,,,
solar_elevation_gt_10,D+2,2026-02,huai_an_3,262.0,0.0,0.0,0.0,0.0,0.0,0.0,0.0,,,,,
solar_elevation_gt_10,D+2,2026-02,lianyungang_1,257.0,0.0,0.0,0.0,0.0,0.0,0.0,0.0,,,,,
solar_elevation_gt_10,D+2,2026-02,lianyungang_2,256.0,0.0,0.0,0.0,0.0,0.0,0.0,0.0,,,,,
solar_elevation_gt_10,D+2,2026-02,nanjing_1,264.0,0.0,0.0,0.0,0.0,0.0,0.0,0.0,,,,,
solar_elevation_gt_10,D+2,2026-02,nanjing_2,263.0,0.0,0.0,0.0,0.0,0.0,0.0,0.0,,,,,
solar_elevation_gt_10,D+2,2026-02,nantong_1,253.0,0.0,0.0,0.0,0.0,0.0,0.0,0.0,,,,,
solar_elevation_gt_10,D+2,2026-02,nantong_2,252.0,0.0,0.0,0.0,0.0,0.0,0.0,0.0,,,,,
solar_elevation_gt_10,D+2,2026-02,suqian_1,260.0,0.0,0.0,0.0,0.0,0.0,0.0,0.0,,,,,
solar_elevation_gt_10,D+2,2026-02,suzhou_1,254.0,0.0,0.0,0.0,0.0,0.0,0.0,0.0,,,,,
solar_elevation_gt_10,D+2,2026-02,taizhou_1,258.0,0.0,0.0,0.0,0.0,0.0,0.0,0.0,,,,,
solar_elevation_gt_10,D+2,2026-02,taizhou_2,254.0,0.0,0.0,0.0,0.0,0.0,0.0,0.0,,,,,
solar_elevation_gt_10,D+2,2026-02,wuxi_1,258.0,0.0,0.0,0.0,0.0,0.0,0.0,0.0,,,,,
solar_elevation_gt_10,D+2,2026-02,xuzhou_1,256.0,0.0,0.0,0.0,0.0,0.0,0.0,0.0,,,,,
solar_elevation_gt_10,D+2,2026-02,xuzhou_2,258.0,0.0,0.0,0.0,0.0,0.0,0.0,0.0,,,,,
solar_elevation_gt_10,D+2,2026-02,yancheng_1,256.0,0.0,0.0,0.0,0.0,0.0,0.0,0.0,,,,,
solar_elevation_gt_10,D+2,2026-02,yancheng_2,253.0,0.0,0.0,0.0,0.0,0.0,0.0,0.0,,,,,
solar_elevation_gt_10,D+2,2026-02,yancheng_3,257.0,0.0,0.0,0.0,0.0,0.0,0.0,0.0,,,,,
solar_elevation_gt_10,D+2,2026-03,changzhou_1,326.0,0.0,0.0,0.0,0.0,0.0,0.0,0.0,,,,,
solar_elevation_gt_10,D+2,2026-03,huai_an_1,324.0,0.0,0.0,0.0,0.0,0.0,0.0,0.0,,,,,
solar_elevation_gt_10,D+2,2026-03,huai_an_2,324.0,0.0,0.0,0.0,0.0,0.0,0.0,0.0,,,,,
solar_elevation_gt_10,D+2,2026-03,huai_an_3,322.0,0.0,0.0,0.0,0.0,0.0,0.0,0.0,,,,,
solar_elevation_gt_10,D+2,2026-03,lianyungang_1,321.0,0.0,0.0,0.0,0.0,0.0,0.0,0.0,,,,,
solar_elevation_gt_10,D+2,2026-03,lianyungang_2,323.0,0.0,0.0,0.0,0.0,0.0,0.0,0.0,,,,,
solar_elevation_gt_10,D+2,2026-03,nanjing_1,322.0,0.0,0.0,0.0,0.0,0.0,0.0,0.0,,,,,
solar_elevation_gt_10,D+2,2026-03,nanjing_2,324.0,0.0,0.0,0.0,0.0,0.0,0.0,0.0,,,,,
solar_elevation_gt_10,D+2,2026-03,nantong_1,330.0,0.0,0.0,0.0,0.0,0.0,0.0,0.0,,,,,
solar_elevation_gt_10,D+2,2026-03,nantong_2,330.0,0.0,0.0,0.0,0.0,0.0,0.0,0.0,,,,,
solar_elevation_gt_10,D+2,2026-03,suqian_1,320.0,0.0,0.0,0.0,0.0,0.0,0.0,0.0,,,,,
solar_elevation_gt_10,D+2,2026-03,suzhou_1,330.0,0.0,0.0,0.0,0.0,0.0,0.0,0.0,,,,,
solar_elevation_gt_10,D+2,2026-03,taizhou_1,325.0,0.0,0.0,0.0,0.0,0.0,0.0,0.0,,,,,
solar_elevation_gt_10,D+2,2026-03,taizhou_2,328.0,0.0,0.0,0.0,0.0,0.0,0.0,0.0,,,,,
solar_elevation_gt_10,D+2,2026-03,wuxi_1,327.0,0.0,0.0,0.0,0.0,0.0,0.0,0.0,,,,,
solar_elevation_gt_10,D+2,2026-03,xuzhou_1,315.0,0.0,0.0,0.0,0.0,0.0,0.0,0.0,,,,,
solar_elevation_gt_10,D+2,2026-03,xuzhou_2,318.0,0.0,0.0,0.0,0.0,0.0,0.0,0.0,,,,,
solar_elevation_gt_10,D+2,2026-03,yancheng_1,325.0,0.0,0.0,0.0,0.0,0.0,0.0,0.0,,,,,
solar_elevation_gt_10,D+2,2026-03,yancheng_2,327.0,0.0,0.0,0.0,0.0,0.0,0.0,0.0,,,,,
solar_elevation_gt_10,D+2,2026-03,yancheng_3,325.0,0.0,0.0,0.0,0.0,0.0,0.0,0.0,,,,,
solar_elevation_gt_10,D+2,2026-04,changzhou_1,330.0,0.0,0.0,0.0,0.0,0.0,0.0,0.0,,,,,
solar_elevation_gt_10,D+2,2026-04,huai_an_1,330.0,0.0,0.0,0.0,0.0,0.0,0.0,0.0,,,,,
solar_elevation_gt_10,D+2,2026-04,huai_an_2,330.0,0.0,0.0,0.0,0.0,0.0,0.0,0.0,,,,,
solar_elevation_gt_10,D+2,2026-04,huai_an_3,330.0,0.0,0.0,0.0,0.0,0.0,0.0,0.0,,,,,
solar_elevation_gt_10,D+2,2026-04,lianyungang_1,330.0,0.0,0.0,0.0,0.0,0.0,0.0,0.0,,,,,
solar_elevation_gt_10,D+2,2026-04,lianyungang_2,330.0,0.0,0.0,0.0,0.0,0.0,0.0,0.0,,,,,
solar_elevation_gt_10,D+2,2026-04,nanjing_1,330.0,0.0,0.0,0.0,0.0,0.0,0.0,0.0,,,,,
solar_elevation_gt_10,D+2,2026-04,nanjing_2,330.0,0.0,0.0,0.0,0.0,0.0,0.0,0.0,,,,,
solar_elevation_gt_10,D+2,2026-04,nantong_1,330.0,0.0,0.0,0.0,0.0,0.0,0.0,0.0,,,,,
solar_elevation_gt_10,D+2,2026-04,nantong_2,330.0,0.0,0.0,0.0,0.0,0.0,0.0,0.0,,,,,
solar_elevation_gt_10,D+2,2026-04,suqian_1,330.0,0.0,0.0,0.0,0.0,0.0,0.0,0.0,,,,,
solar_elevation_gt_10,D+2,2026-04,suzhou_1,330.0,0.0,0.0,0.0,0.0,0.0,0.0,0.0,,,,,
solar_elevation_gt_10,D+2,2026-04,taizhou_1,330.0,0.0,0.0,0.0,0.0,0.0,0.0,0.0,,,,,
solar_elevation_gt_10,D+2,2026-04,taizhou_2,330.0,0.0,0.0,0.0,0.0,0.0,0.0,0.0,,,,,
solar_elevation_gt_10,D+2,2026-04,wuxi_1,330.0,0.0,0.0,0.0,0.0,0.0,0.0,0.0,,,,,
solar_elevation_gt_10,D+2,2026-04,xuzhou_1,335.0,0.0,0.0,0.0,0.0,0.0,0.0,0.0,,,,,
solar_elevation_gt_10,D+2,2026-04,xuzhou_2,330.0,0.0,0.0,0.0,0.0,0.0,0.0,0.0,,,,,
solar_elevation_gt_10,D+2,2026-04,yancheng_1,330.0,0.0,0.0,0.0,0.0,0.0,0.0,0.0,,,,,
solar_elevation_gt_10,D+2,2026-04,yancheng_2,330.0,0.0,0.0,0.0,0.0,0.0,0.0,0.0,,,,,
solar_elevation_gt_10,D+2,2026-04,yancheng_3,330.0,0.0,0.0,0.0,0.0,0.0,0.0,0.0,,,,,
solar_elevation_gt_10,D+2,2026-05,changzhou_1,371.0,0.0,0.0,0.0,0.0,0.0,0.0,0.0,,,,,
solar_elevation_gt_10,D+2,2026-05,huai_an_1,379.0,0.0,0.0,0.0,0.0,0.0,0.0,0.0,,,,,
solar_elevation_gt_10,D+2,2026-05,huai_an_2,382.0,0.0,0.0,0.0,0.0,0.0,0.0,0.0,,,,,
solar_elevation_gt_10,D+2,2026-05,huai_an_3,379.0,0.002638522427440633,0.0,0.002638522427440633,0.0,0.0,0.0,1.0,0.0,0.0,0.0,1.0,100.0
solar_elevation_gt_10,D+2,2026-05,lianyungang_1,386.0,0.0025906735751295338,0.0,0.0025906735751295338,0.0,0.0,0.0,1.0,0.0,0.0,0.0,1.0,100.0
solar_elevation_gt_10,D+2,2026-05,lianyungang_2,385.0,0.0,0.0,0.0,0.0,0.0,0.0,0.0,,,,,
solar_elevation_gt_10,D+2,2026-05,nanjing_1,373.0,0.0,0.0,0.0,0.0,0.0,0.0,0.0,,,,,
solar_elevation_gt_10,D+2,2026-05,nanjing_2,371.0,0.0026954177897574125,0.0,0.0026954177897574125,0.0,0.0,0.0,1.0,0.0,0.0,0.0,1.0,100.0
solar_elevation_gt_10,D+2,2026-05,nantong_1,371.0,0.0,0.0,0.0,0.0,0.0,0.0,0.0,,,,,
solar_elevation_gt_10,D+2,2026-05,nantong_2,372.0,0.0,0.0,0.0,0.0,0.0,0.0,0.0,,,,,
solar_elevation_gt_10,D+2,2026-05,suqian_1,382.0,0.0,0.0,0.0,0.0,0.0,0.0,0.0,,,,,
solar_elevation_gt_10,D+2,2026-05,suzhou_1,369.0,0.0,0.0,0.0,0.0,0.0,0.0,0.0,,,,,
solar_elevation_gt_10,D+2,2026-05,taizhou_1,378.0,0.0,0.0,0.0,0.0,0.0,0.0,0.0,,,,,
solar_elevation_gt_10,D+2,2026-05,taizhou_2,376.0,0.0,0.0,0.0,0.0,0.0,0.0,0.0,,,,,
solar_elevation_gt_10,D+2,2026-05,wuxi_1,369.0,0.0027100271002710027,0.0,0.0027100271002710027,0.0,0.0,0.0,1.0,0.0,0.0,0.0,1.0,100.0
solar_elevation_gt_10,D+2,2026-05,xuzhou_1,376.0,0.0,0.0,0.0,0.0,0.0,0.0,0.0,,,,,
solar_elevation_gt_10,D+2,2026-05,xuzhou_2,383.0,0.0,0.0,0.0,0.0,0.0,0.0,0.0,,,,,
solar_elevation_gt_10,D+2,2026-05,yancheng_1,381.0,0.0026246719160104987,0.0,0.0026246719160104987,0.0,0.0,0.0,1.0,0.0,0.0,0.0,1.0,100.0
solar_elevation_gt_10,D+2,2026-05,yancheng_2,377.0,0.0,0.0,0.0,0.0,0.0,0.0,0.0,,,,,
solar_elevation_gt_10,D+2,2026-05,yancheng_3,378.0,0.0,0.0,0.0,0.0,0.0,0.0,0.0,,,,,
solar_elevation_gt_10,D+2,2026-06,changzhou_1,390.0,0.0,0.0,0.0,0.0,0.0,0.0,0.0,,,,,
solar_elevation_gt_10,D+2,2026-06,huai_an_1,390.0,0.0,0.0,0.0,0.0,0.0,0.0,0.0,,,,,
solar_elevation_gt_10,D+2,2026-06,huai_an_2,390.0,0.0,0.0,0.0,0.0,0.0,0.0,0.0,,,,,
solar_elevation_gt_10,D+2,2026-06,huai_an_3,390.0,0.0,0.0,0.0,0.0,0.0,0.0,0.0,,,,,
solar_elevation_gt_10,D+2,2026-06,lianyungang_1,390.0,0.0,0.0,0.0,0.0,0.0,0.0,0.0,,,,,
solar_elevation_gt_10,D+2,2026-06,lianyungang_2,390.0,0.0,0.0,0.0,0.0,0.0,0.0,0.0,,,,,
solar_elevation_gt_10,D+2,2026-06,nanjing_1,390.0,0.005128205128205128,0.0,0.005128205128205128,0.0,0.0,0.0,2.0,0.0,0.0,0.0,1.0,100.0
solar_elevation_gt_10,D+2,2026-06,nanjing_2,390.0,0.0,0.0,0.0,0.0,0.0,0.0,0.0,,,,,
solar_elevation_gt_10,D+2,2026-06,nantong_1,390.0,0.0,0.0,0.0,0.0,0.0,0.0,0.0,,,,,
solar_elevation_gt_10,D+2,2026-06,nantong_2,387.0,0.0,0.0,0.0,0.0,0.0,0.0,0.0,,,,,
solar_elevation_gt_10,D+2,2026-06,suqian_1,390.0,0.0,0.0,0.0,0.0,0.0,0.0,0.0,,,,,
solar_elevation_gt_10,D+2,2026-06,suzhou_1,390.0,0.0,0.0,0.0,0.0,0.0,0.0,0.0,,,,,
solar_elevation_gt_10,D+2,2026-06,taizhou_1,390.0,0.0,0.0,0.0,0.0,0.0,0.0,0.0,,,,,
solar_elevation_gt_10,D+2,2026-06,taizhou_2,390.0,0.0,0.0,0.0,0.0,0.0,0.0,0.0,,,,,
solar_elevation_gt_10,D+2,2026-06,wuxi_1,390.0,0.0,0.0,0.0,0.0,0.0,0.0,0.0,,,,,
solar_elevation_gt_10,D+2,2026-06,xuzhou_1,385.0,0.0,0.0,0.0,0.0,0.0,0.0,0.0,,,,,
solar_elevation_gt_10,D+2,2026-06,xuzhou_2,390.0,0.0,0.0,0.0,0.0,0.0,0.0,0.0,,,,,
solar_elevation_gt_10,D+2,2026-06,yancheng_1,390.0,0.0,0.0,0.0,0.0,0.0,0.0,0.0,,,,,
solar_elevation_gt_10,D+2,2026-06,yancheng_2,390.0,0.0,0.0,0.0,0.0,0.0,0.0,0.0,,,,,
solar_elevation_gt_10,D+2,2026-06,yancheng_3,390.0,0.0,0.0,0.0,0.0,0.0,0.0,0.0,,,,,
solar_elevation_gt_10,D+2,2026-07,changzhou_1,383.0,0.0,0.0,0.0,0.0,0.0,0.0,0.0,,,,,
solar_elevation_gt_10,D+2,2026-07,huai_an_1,386.0,0.0025906735751295338,0.0,0.0025906735751295338,0.0,0.0,0.0,1.0,0.0,0.0,0.0,1.0,100.0
solar_elevation_gt_10,D+2,2026-07,huai_an_2,388.0,0.0,0.0,0.0,0.0,0.0,0.0,0.0,,,,,
solar_elevation_gt_10,D+2,2026-07,huai_an_3,379.0,0.0,0.0,0.0,0.0,0.0,0.0,0.0,,,,,
solar_elevation_gt_10,D+2,2026-07,lianyungang_1,385.0,0.0,0.0,0.0,0.0,0.0,0.0,0.0,,,,,
solar_elevation_gt_10,D+2,2026-07,lianyungang_2,391.0,0.0,0.0,0.0,0.0,0.0,0.0,0.0,,,,,
solar_elevation_gt_10,D+2,2026-07,nanjing_1,374.0,0.0,0.0,0.0,0.0,0.0,0.0,0.0,,,,,
solar_elevation_gt_10,D+2,2026-07,nanjing_2,377.0,0.0,0.0,0.0,0.0,0.0,0.0,0.0,,,,,
solar_elevation_gt_10,D+2,2026-07,nantong_1,394.0,0.0,0.0,0.0,0.0,0.0,0.0,0.0,,,,,
solar_elevation_gt_10,D+2,2026-07,nantong_2,395.0,0.0,0.0,0.0,0.0,0.0,0.0,0.0,,,,,
solar_elevation_gt_10,D+2,2026-07,suqian_1,379.0,0.0,0.0,0.0,0.0,0.0,0.0,0.0,,,,,
solar_elevation_gt_10,D+2,2026-07,suzhou_1,392.0,0.0,0.0,0.0,0.0,0.0,0.0,0.0,,,,,
solar_elevation_gt_10,D+2,2026-07,taizhou_1,387.0,0.0,0.0,0.0,0.0,0.0,0.0,0.0,,,,,
solar_elevation_gt_10,D+2,2026-07,taizhou_2,393.0,0.0,0.0,0.0,0.0,0.0,0.0,0.0,,,,,
solar_elevation_gt_10,D+2,2026-07,wuxi_1,386.0,0.0,0.0,0.0,0.0,0.0,0.0,0.0,,,,,
solar_elevation_gt_10,D+2,2026-07,xuzhou_1,372.0,0.0,0.0,0.0,0.0,0.0,0.0,0.0,,,,,
solar_elevation_gt_10,D+2,2026-07,xuzhou_2,373.0,0.0,0.0,0.0,0.0,0.0,0.0,0.0,,,,,
solar_elevation_gt_10,D+2,2026-07,yancheng_1,391.0,0.0,0.0,0.0,0.0,0.0,0.0,0.0,,,,,
solar_elevation_gt_10,D+2,2026-07,yancheng_2,394.0,0.0,0.0,0.0,0.0,0.0,0.0,0.0,,,,,
solar_elevation_gt_10,D+2,2026-07,yancheng_3,388.0,0.0,0.0,0.0,0.0,0.0,0.0,0.0,,,,,
solar_elevation_gt_10,D+2,2026-08,changzhou_1,347.0,0.002881844380403458,0.0,0.002881844380403458,0.0,0.0,0.0,1.0,0.0,0.0,0.0,1.0,100.0
solar_elevation_gt_10,D+2,2026-08,huai_an_1,351.0,0.0,0.0,0.0,0.0,0.0,0.0,0.0,,,,,
solar_elevation_gt_10,D+2,2026-08,huai_an_2,352.0,0.0,0.0,0.0,0.0,0.0,0.0,0.0,,,,,
solar_elevation_gt_10,D+2,2026-08,huai_an_3,354.0,0.0,0.0,0.0,0.0,0.0,0.0,0.0,,,,,
solar_elevation_gt_10,D+2,2026-08,lianyungang_1,356.0,0.0,0.0,0.0,0.0,0.0,0.0,0.0,,,,,
solar_elevation_gt_10,D+2,2026-08,lianyungang_2,353.0,0.0,0.0,0.0,0.0,0.0,0.0,0.0,,,,,
solar_elevation_gt_10,D+2,2026-08,nanjing_1,353.0,0.0,0.0,0.0,0.0,0.0,0.0,0.0,,,,,
solar_elevation_gt_10,D+2,2026-08,nanjing_2,351.0,0.0,0.0,0.0,0.0,0.0,0.0,0.0,,,,,
solar_elevation_gt_10,D+2,2026-08,nantong_1,341.0,0.0,0.0,0.0,0.0,0.0,0.0,0.0,,,,,
solar_elevation_gt_10,D+2,2026-08,nantong_2,341.0,0.0,0.0,0.0,0.0,0.0,0.0,0.0,,,,,
solar_elevation_gt_10,D+2,2026-08,suqian_1,356.0,0.0,0.0,0.0,0.0,0.0,0.0,0.0,,,,,
solar_elevation_gt_10,D+2,2026-08,suzhou_1,341.0,0.0,0.0,0.0,0.0,0.0,0.0,0.0,,,,,
solar_elevation_gt_10,D+2,2026-08,taizhou_1,349.0,0.0,0.0,0.0,0.0,0.0,0.0,0.0,,,,,
solar_elevation_gt_10,D+2,2026-08,taizhou_2,345.0,0.0,0.0,0.0,0.0,0.0,0.0,0.0,,,,,
solar_elevation_gt_10,D+2,2026-08,wuxi_1,344.0,0.0,0.0,0.0,0.0,0.0,0.0,0.0,,,,,
solar_elevation_gt_10,D+2,2026-08,xuzhou_1,363.0,0.0,0.0,0.0,0.0,0.0,0.0,0.0,,,,,
solar_elevation_gt_10,D+2,2026-08,xuzhou_2,360.0,0.0,0.0,0.0,0.0,0.0,0.0,0.0,,,,,
solar_elevation_gt_10,D+2,2026-08,yancheng_1,350.0,0.0,0.0,0.0,0.0,0.0,0.0,0.0,,,,,
solar_elevation_gt_10,D+2,2026-08,yancheng_2,345.0,0.0,0.0,0.0,0.0,0.0,0.0,0.0,,,,,
solar_elevation_gt_10,D+2,2026-08,yancheng_3,349.0,0.0,0.0,0.0,0.0,0.0,0.0,0.0,,,,,
solar_elevation_gt_10,D+3,2024-02,changzhou_1,269.0,0.0,0.0,0.0,0.0,0.0,0.0,0.0,,,,,
solar_elevation_gt_10,D+3,2024-02,huai_an_1,268.0,0.0,0.0,0.0,0.0,0.0,0.0,0.0,,,,,
solar_elevation_gt_10,D+3,2024-02,huai_an_2,266.0,0.0,0.0,0.0,0.0,0.0,0.0,0.0,,,,,
solar_elevation_gt_10,D+3,2024-02,huai_an_3,271.0,0.0,0.0,0.0,0.0,0.0,0.0,0.0,,,,,
solar_elevation_gt_10,D+3,2024-02,lianyungang_1,265.0,0.0,0.0,0.0,0.0,0.0,0.0,0.0,,,,,
solar_elevation_gt_10,D+3,2024-02,lianyungang_2,265.0,0.0,0.0,0.0,0.0,0.0,0.0,0.0,,,,,
solar_elevation_gt_10,D+3,2024-02,nanjing_1,273.0,0.0,0.0,0.0,0.0,0.0,0.0,0.0,,,,,
solar_elevation_gt_10,D+3,2024-02,nanjing_2,272.0,0.0,0.0,0.0,0.0,0.0,0.0,0.0,,,,,
solar_elevation_gt_10,D+3,2024-02,nantong_1,263.0,0.0,0.0,0.0,0.0,0.0,0.0,0.0,,,,,
solar_elevation_gt_10,D+3,2024-02,nantong_2,261.0,0.0,0.0,0.0,0.0,0.0,0.0,0.0,,,,,
solar_elevation_gt_10,D+3,2024-02,suqian_1,269.0,0.0,0.0,0.0,0.0,0.0,0.0,0.0,,,,,
solar_elevation_gt_10,D+3,2024-02,suzhou_1,263.0,0.0,0.0,0.0,0.0,0.0,0.0,0.0,,,,,
solar_elevation_gt_10,D+3,2024-02,taizhou_1,267.0,0.0,0.0,0.0,0.0,0.0,0.0,0.0,,,,,
solar_elevation_gt_10,D+3,2024-02,taizhou_2,263.0,0.0,0.0,0.0,0.0,0.0,0.0,0.0,,,,,
solar_elevation_gt_10,D+3,2024-02,wuxi_1,268.0,0.0,0.0,0.0,0.0,0.0,0.0,0.0,,,,,
solar_elevation_gt_10,D+3,2024-02,xuzhou_1,265.0,0.0,0.0,0.0,0.0,0.0,0.0,0.0,,,,,
solar_elevation_gt_10,D+3,2024-02,xuzhou_2,267.0,0.0,0.0,0.0,0.0,0.0,0.0,0.0,,,,,
solar_elevation_gt_10,D+3,2024-02,yancheng_1,265.0,0.0,0.0,0.0,0.0,0.0,0.0,0.0,,,,,
solar_elevation_gt_10,D+3,2024-02,yancheng_2,263.0,0.0,0.0,0.0,0.0,0.0,0.0,0.0,,,,,
solar_elevation_gt_10,D+3,2024-02,yancheng_3,266.0,0.0,0.0,0.0,0.0,0.0,0.0,0.0,,,,,
solar_elevation_gt_10,D+3,2024-03,changzhou_1,326.0,0.0,0.0,0.0,0.0,0.0,0.0,0.0,,,,,
solar_elevation_gt_10,D+3,2024-03,huai_an_1,324.0,0.0,0.0,0.0,0.0,0.0,0.0,0.0,,,,,
solar_elevation_gt_10,D+3,2024-03,huai_an_2,324.0,0.0,0.0,0.0,0.0,0.0,0.0,0.0,,,,,
solar_elevation_gt_10,D+3,2024-03,huai_an_3,322.0,0.0,0.0,0.0,0.0,0.0,0.0,0.0,,,,,
solar_elevation_gt_10,D+3,2024-03,lianyungang_1,321.0,0.0,0.0,0.0,0.0,0.0,0.0,0.0,,,,,
solar_elevation_gt_10,D+3,2024-03,lianyungang_2,324.0,0.0,0.0,0.0,0.0,0.0,0.0,0.0,,,,,
solar_elevation_gt_10,D+3,2024-03,nanjing_1,322.0,0.0,0.0,0.0,0.0,0.0,0.0,0.0,,,,,
solar_elevation_gt_10,D+3,2024-03,nanjing_2,324.0,0.0,0.0,0.0,0.0,0.0,0.0,0.0,,,,,
solar_elevation_gt_10,D+3,2024-03,nantong_1,330.0,0.0,0.0,0.0,0.0,0.0,0.0,0.0,,,,,
solar_elevation_gt_10,D+3,2024-03,nantong_2,330.0,0.0,0.0,0.0,0.0,0.0,0.0,0.0,,,,,
solar_elevation_gt_10,D+3,2024-03,suqian_1,321.0,0.0,0.0,0.0,0.0,0.0,0.0,0.0,,,,,
solar_elevation_gt_10,D+3,2024-03,suzhou_1,330.0,0.0,0.0,0.0,0.0,0.0,0.0,0.0,,,,,
solar_elevation_gt_10,D+3,2024-03,taizhou_1,326.0,0.0,0.0,0.0,0.0,0.0,0.0,0.0,,,,,
solar_elevation_gt_10,D+3,2024-03,taizhou_2,328.0,0.0,0.0,0.0,0.0,0.0,0.0,0.0,,,,,
solar_elevation_gt_10,D+3,2024-03,wuxi_1,328.0,0.0,0.0,0.0,0.0,0.0,0.0,0.0,,,,,
solar_elevation_gt_10,D+3,2024-03,xuzhou_1,316.0,0.0,0.0,0.0,0.0,0.0,0.0,0.0,,,,,
solar_elevation_gt_10,D+3,2024-03,xuzhou_2,318.0,0.0,0.0,0.0,0.0,0.0,0.0,0.0,,,,,
solar_elevation_gt_10,D+3,2024-03,yancheng_1,325.0,0.0,0.0,0.0,0.0,0.0,0.0,0.0,,,,,
solar_elevation_gt_10,D+3,2024-03,yancheng_2,328.0,0.0,0.0,0.0,0.0,0.0,0.0,0.0,,,,,
solar_elevation_gt_10,D+3,2024-03,yancheng_3,325.0,0.0,0.0,0.0,0.0,0.0,0.0,0.0,,,,,
solar_elevation_gt_10,D+3,2024-04,changzhou_1,330.0,0.0,0.0,0.0,0.0,0.0,0.0,0.0,,,,,
solar_elevation_gt_10,D+3,2024-04,huai_an_1,330.0,0.0,0.0,0.0,0.0,0.0,0.0,0.0,,,,,
solar_elevation_gt_10,D+3,2024-04,huai_an_2,330.0,0.0,0.0,0.0,0.0,0.0,0.0,0.0,,,,,
solar_elevation_gt_10,D+3,2024-04,huai_an_3,330.0,0.0,0.0,0.0,0.0,0.0,0.0,0.0,,,,,
solar_elevation_gt_10,D+3,2024-04,lianyungang_1,330.0,0.0,0.0,0.0,0.0,0.0,0.0,0.0,,,,,
solar_elevation_gt_10,D+3,2024-04,lianyungang_2,330.0,0.0,0.0,0.0,0.0,0.0,0.0,0.0,,,,,
solar_elevation_gt_10,D+3,2024-04,nanjing_1,330.0,0.0,0.0,0.0,0.0,0.0,0.0,0.0,,,,,
solar_elevation_gt_10,D+3,2024-04,nanjing_2,330.0,0.0,0.0,0.0,0.0,0.0,0.0,0.0,,,,,
solar_elevation_gt_10,D+3,2024-04,nantong_1,330.0,0.0,0.0,0.0,0.0,0.0,0.0,0.0,,,,,
solar_elevation_gt_10,D+3,2024-04,nantong_2,331.0,0.0,0.0,0.0,0.0,0.0,0.0,0.0,,,,,
solar_elevation_gt_10,D+3,2024-04,suqian_1,330.0,0.0,0.0,0.0,0.0,0.0,0.0,0.0,,,,,
solar_elevation_gt_10,D+3,2024-04,suzhou_1,330.0,0.0,0.0,0.0,0.0,0.0,0.0,0.0,,,,,
solar_elevation_gt_10,D+3,2024-04,taizhou_1,330.0,0.0,0.0,0.0,0.0,0.0,0.0,0.0,,,,,
solar_elevation_gt_10,D+3,2024-04,taizhou_2,330.0,0.0,0.0,0.0,0.0,0.0,0.0,0.0,,,,,
solar_elevation_gt_10,D+3,2024-04,wuxi_1,330.0,0.0,0.0,0.0,0.0,0.0,0.0,0.0,,,,,
solar_elevation_gt_10,D+3,2024-04,xuzhou_1,336.0,0.0,0.0,0.0,0.0,0.0,0.0,0.0,,,,,
solar_elevation_gt_10,D+3,2024-04,xuzhou_2,330.0,0.0,0.0,0.0,0.0,0.0,0.0,0.0,,,,,
solar_elevation_gt_10,D+3,2024-04,yancheng_1,330.0,0.0,0.0,0.0,0.0,0.0,0.0,0.0,,,,,
solar_elevation_gt_10,D+3,2024-04,yancheng_2,330.0,0.0,0.0,0.0,0.0,0.0,0.0,0.0,,,,,
solar_elevation_gt_10,D+3,2024-04,yancheng_3,330.0,0.0,0.0,0.0,0.0,0.0,0.0,0.0,,,,,
solar_elevation_gt_10,D+3,2024-05,changzhou_1,373.0,0.0,0.0,0.0,0.0,0.0,0.0,0.0,,,,,
solar_elevation_gt_10,D+3,2024-05,huai_an_1,380.0,0.0,0.0,0.0,0.0,0.0,0.0,0.0,,,,,
solar_elevation_gt_10,D+3,2024-05,huai_an_2,383.0,0.0,0.0,0.0,0.0,0.0,0.0,0.0,,,,,
solar_elevation_gt_10,D+3,2024-05,huai_an_3,380.0,0.0,0.0,0.0,0.0,0.0,0.0,0.0,,,,,
solar_elevation_gt_10,D+3,2024-05,lianyungang_1,386.0,0.0,0.0,0.0,0.0,0.0,0.0,0.0,,,,,
solar_elevation_gt_10,D+3,2024-05,lianyungang_2,386.0,0.0,0.0,0.0,0.0,0.0,0.0,0.0,,,,,
solar_elevation_gt_10,D+3,2024-05,nanjing_1,374.0,0.0,0.0,0.0,0.0,0.0,0.0,0.0,,,,,
solar_elevation_gt_10,D+3,2024-05,nanjing_2,373.0,0.0,0.0,0.0,0.0,0.0,0.0,0.0,,,,,
solar_elevation_gt_10,D+3,2024-05,nantong_1,373.0,0.0,0.0,0.0,0.0,0.0,0.0,0.0,,,,,
solar_elevation_gt_10,D+3,2024-05,nantong_2,372.0,0.0,0.0,0.0,0.0,0.0,0.0,0.0,,,,,
solar_elevation_gt_10,D+3,2024-05,suqian_1,383.0,0.0,0.0,0.0,0.0,0.0,0.0,0.0,,,,,
solar_elevation_gt_10,D+3,2024-05,suzhou_1,370.0,0.0,0.0,0.0,0.0,0.0,0.0,0.0,,,,,
solar_elevation_gt_10,D+3,2024-05,taizhou_1,378.0,0.0,0.0,0.0,0.0,0.0,0.0,0.0,,,,,
solar_elevation_gt_10,D+3,2024-05,taizhou_2,377.0,0.0,0.0,0.0,0.0,0.0,0.0,0.0,,,,,
solar_elevation_gt_10,D+3,2024-05,wuxi_1,370.0,0.0,0.0,0.0,0.0,0.0,0.0,0.0,,,,,
solar_elevation_gt_10,D+3,2024-05,xuzhou_1,377.0,0.0,0.0,0.0,0.0,0.0,0.0,0.0,,,,,
solar_elevation_gt_10,D+3,2024-05,xuzhou_2,383.0,0.0,0.0,0.0,0.0,0.0,0.0,0.0,,,,,
solar_elevation_gt_10,D+3,2024-05,yancheng_1,383.0,0.0,0.0,0.0,0.0,0.0,0.0,0.0,,,,,
solar_elevation_gt_10,D+3,2024-05,yancheng_2,378.0,0.0,0.0,0.0,0.0,0.0,0.0,0.0,,,,,
solar_elevation_gt_10,D+3,2024-05,yancheng_3,380.0,0.0,0.0,0.0,0.0,0.0,0.0,0.0,,,,,
solar_elevation_gt_10,D+3,2024-06,changzhou_1,390.0,0.0,0.0,0.0,0.0,0.0,0.0,0.0,,,,,
solar_elevation_gt_10,D+3,2024-06,huai_an_1,390.0,0.0,0.0,0.0,0.0,0.0,0.0,0.0,,,,,
solar_elevation_gt_10,D+3,2024-06,huai_an_2,390.0,0.0,0.0,0.0,0.0,0.0,0.0,0.0,,,,,
solar_elevation_gt_10,D+3,2024-06,huai_an_3,390.0,0.0,0.0,0.0,0.0,0.0,0.0,0.0,,,,,
solar_elevation_gt_10,D+3,2024-06,lianyungang_1,390.0,0.0,0.0,0.0,0.0,0.0,0.0,0.0,,,,,
solar_elevation_gt_10,D+3,2024-06,lianyungang_2,390.0,0.0,0.0,0.0,0.0,0.0,0.0,0.0,,,,,
solar_elevation_gt_10,D+3,2024-06,nanjing_1,390.0,0.0,0.0,0.0,0.0,0.0,0.0,0.0,,,,,
solar_elevation_gt_10,D+3,2024-06,nanjing_2,390.0,0.0,0.0,0.0,0.0,0.0,0.0,0.0,,,,,
solar_elevation_gt_10,D+3,2024-06,nantong_1,390.0,0.0,0.0,0.0,0.0,0.0,0.0,0.0,,,,,
solar_elevation_gt_10,D+3,2024-06,nantong_2,387.0,0.0,0.0,0.0,0.0,0.0,0.0,0.0,,,,,
solar_elevation_gt_10,D+3,2024-06,suqian_1,390.0,0.0,0.0,0.0,0.0,0.0,0.0,0.0,,,,,
solar_elevation_gt_10,D+3,2024-06,suzhou_1,390.0,0.0,0.0,0.0,0.0,0.0,0.0,0.0,,,,,
solar_elevation_gt_10,D+3,2024-06,taizhou_1,390.0,0.0,0.0,0.0,0.0,0.0,0.0,0.0,,,,,
solar_elevation_gt_10,D+3,2024-06,taizhou_2,390.0,0.0,0.0,0.0,0.0,0.0,0.0,0.0,,,,,
solar_elevation_gt_10,D+3,2024-06,wuxi_1,390.0,0.0,0.0,0.0,0.0,0.0,0.0,0.0,,,,,
solar_elevation_gt_10,D+3,2024-06,xuzhou_1,384.0,0.0,0.0,0.0,0.0,0.0,0.0,0.0,,,,,
solar_elevation_gt_10,D+3,2024-06,xuzhou_2,390.0,0.0,0.0,0.0,0.0,0.0,0.0,0.0,,,,,
solar_elevation_gt_10,D+3,2024-06,yancheng_1,390.0,0.0,0.0,0.0,0.0,0.0,0.0,0.0,,,,,
solar_elevation_gt_10,D+3,2024-06,yancheng_2,390.0,0.0,0.0,0.0,0.0,0.0,0.0,0.0,,,,,
solar_elevation_gt_10,D+3,2024-06,yancheng_3,390.0,0.0,0.0,0.0,0.0,0.0,0.0,0.0,,,,,
solar_elevation_gt_10,D+3,2024-07,changzhou_1,383.0,0.0,0.0,0.0,0.0,0.0,0.0,0.0,,,,,
solar_elevation_gt_10,D+3,2024-07,huai_an_1,385.0,0.0,0.0,0.0,0.0,0.0,0.0,0.0,,,,,
solar_elevation_gt_10,D+3,2024-07,huai_an_2,388.0,0.0,0.0,0.0,0.0,0.0,0.0,0.0,,,,,
solar_elevation_gt_10,D+3,2024-07,huai_an_3,379.0,0.0,0.0,0.0,0.0,0.0,0.0,0.0,,,,,
solar_elevation_gt_10,D+3,2024-07,lianyungang_1,384.0,0.005208333333333333,0.0,0.005208333333333333,0.0,0.0,0.0,2.0,0.0,0.0,0.0,1.0,100.0
solar_elevation_gt_10,D+3,2024-07,lianyungang_2,390.0,0.0,0.0,0.0,0.0,0.0,0.0,0.0,,,,,
solar_elevation_gt_10,D+3,2024-07,nanjing_1,374.0,0.0,0.0,0.0,0.0,0.0,0.0,0.0,,,,,
solar_elevation_gt_10,D+3,2024-07,nanjing_2,376.0,0.0,0.0,0.0,0.0,0.0,0.0,0.0,,,,,
solar_elevation_gt_10,D+3,2024-07,nantong_1,393.0,0.0,0.0,0.0,0.0,0.0,0.0,0.0,,,,,
solar_elevation_gt_10,D+3,2024-07,nantong_2,394.0,0.0,0.0,0.0,0.0,0.0,0.0,0.0,,,,,
solar_elevation_gt_10,D+3,2024-07,suqian_1,379.0,0.0,0.0,0.0,0.0,0.0,0.0,0.0,,,,,
solar_elevation_gt_10,D+3,2024-07,suzhou_1,391.0,0.0,0.0,0.0,0.0,0.0,0.0,0.0,,,,,
solar_elevation_gt_10,D+3,2024-07,taizhou_1,387.0,0.0,0.0,0.0,0.0,0.0,0.0,0.0,,,,,
solar_elevation_gt_10,D+3,2024-07,taizhou_2,393.0,0.0,0.0,0.0,0.0,0.0,0.0,0.0,,,,,
solar_elevation_gt_10,D+3,2024-07,wuxi_1,385.0,0.0,0.0,0.0,0.0,0.0,0.0,0.0,,,,,
solar_elevation_gt_10,D+3,2024-07,xuzhou_1,372.0,0.0,0.0,0.0,0.0,0.0,0.0,0.0,,,,,
solar_elevation_gt_10,D+3,2024-07,xuzhou_2,373.0,0.0,0.0,0.0,0.0,0.0,0.0,0.0,,,,,
solar_elevation_gt_10,D+3,2024-07,yancheng_1,390.0,0.0,0.0,0.0,0.0,0.0,0.0,0.0,,,,,
solar_elevation_gt_10,D+3,2024-07,yancheng_2,394.0,0.0,0.0,0.0,0.0,0.0,0.0,0.0,,,,,
solar_elevation_gt_10,D+3,2024-07,yancheng_3,388.0,0.0,0.0,0.0,0.0,0.0,0.0,0.0,,,,,
solar_elevation_gt_10,D+3,2024-08,changzhou_1,347.0,0.0,0.0,0.0,0.0,0.0,0.0,0.0,,,,,
solar_elevation_gt_10,D+3,2024-08,huai_an_1,350.0,0.0,0.0,0.0,0.0,0.0,0.0,0.0,,,,,
solar_elevation_gt_10,D+3,2024-08,huai_an_2,351.0,0.0,0.0,0.0,0.0,0.0,0.0,0.0,,,,,
solar_elevation_gt_10,D+3,2024-08,huai_an_3,354.0,0.0,0.0,0.0,0.0,0.0,0.0,0.0,,,,,
solar_elevation_gt_10,D+3,2024-08,lianyungang_1,355.0,0.0,0.0,0.0,0.0,0.0,0.0,0.0,,,,,
solar_elevation_gt_10,D+3,2024-08,lianyungang_2,352.0,0.0,0.0,0.0,0.0,0.0,0.0,0.0,,,,,
solar_elevation_gt_10,D+3,2024-08,nanjing_1,353.0,0.0,0.0,0.0,0.0,0.0,0.0,0.0,,,,,
solar_elevation_gt_10,D+3,2024-08,nanjing_2,350.0,0.0,0.0,0.0,0.0,0.0,0.0,0.0,,,,,
solar_elevation_gt_10,D+3,2024-08,nantong_1,341.0,0.0,0.0,0.0,0.0,0.0,0.0,0.0,,,,,
solar_elevation_gt_10,D+3,2024-08,nantong_2,341.0,0.0,0.0,0.0,0.0,0.0,0.0,0.0,,,,,
solar_elevation_gt_10,D+3,2024-08,suqian_1,356.0,0.0,0.0,0.0,0.0,0.0,0.0,0.0,,,,,
solar_elevation_gt_10,D+3,2024-08,suzhou_1,341.0,0.0,0.0,0.0,0.0,0.0,0.0,0.0,,,,,
solar_elevation_gt_10,D+3,2024-08,taizhou_1,348.0,0.0,0.0,0.0,0.0,0.0,0.0,0.0,,,,,
solar_elevation_gt_10,D+3,2024-08,taizhou_2,344.0,0.0,0.0,0.0,0.0,0.0,0.0,0.0,,,,,
solar_elevation_gt_10,D+3,2024-08,wuxi_1,344.0,0.0,0.0,0.0,0.0,0.0,0.0,0.0,,,,,
solar_elevation_gt_10,D+3,2024-08,xuzhou_1,362.0,0.0,0.0,0.0,0.0,0.0,0.0,0.0,,,,,
solar_elevation_gt_10,D+3,2024-08,xuzhou_2,359.0,0.0,0.0,0.0,0.0,0.0,0.0,0.0,,,,,
solar_elevation_gt_10,D+3,2024-08,yancheng_1,350.0,0.0,0.0,0.0,0.0,0.0,0.0,0.0,,,,,
solar_elevation_gt_10,D+3,2024-08,yancheng_2,345.0,0.0,0.0,0.0,0.0,0.0,0.0,0.0,,,,,
solar_elevation_gt_10,D+3,2024-08,yancheng_3,349.0,0.0,0.0,0.0,0.0,0.0,0.0,0.0,,,,,
solar_elevation_gt_10,D+3,2024-09,changzhou_1,327.0,0.0,0.0,0.0,0.0,0.0,0.0,0.0,,,,,
solar_elevation_gt_10,D+3,2024-09,huai_an_1,327.0,0.0,0.0,0.0,0.0,0.0,0.0,0.0,,,,,
solar_elevation_gt_10,D+3,2024-09,huai_an_2,327.0,0.0,0.0,0.0,0.0,0.0,0.0,0.0,,,,,
solar_elevation_gt_10,D+3,2024-09,huai_an_3,329.0,0.00303951367781155,0.0,0.00303951367781155,0.0,0.0,0.0,1.0,0.0,0.0,0.0,1.0,100.0
solar_elevation_gt_10,D+3,2024-09,lianyungang_1,328.0,0.0,0.0,0.0,0.0,0.0,0.0,0.0,,,,,
solar_elevation_gt_10,D+3,2024-09,lianyungang_2,326.0,0.0,0.0,0.0,0.0,0.0,0.0,0.0,,,,,
solar_elevation_gt_10,D+3,2024-09,nanjing_1,330.0,0.0,0.0,0.0,0.0,0.0,0.0,0.0,,,,,
solar_elevation_gt_10,D+3,2024-09,nanjing_2,329.0,0.0,0.0,0.0,0.0,0.0,0.0,0.0,,,,,
solar_elevation_gt_10,D+3,2024-09,nantong_1,323.0,0.0,0.0,0.0,0.0,0.0,0.0,0.0,,,,,
solar_elevation_gt_10,D+3,2024-09,nantong_2,321.0,0.0,0.0,0.0,0.0,0.0,0.0,0.0,,,,,
solar_elevation_gt_10,D+3,2024-09,suqian_1,330.0,0.0,0.0,0.0,0.0,0.0,0.0,0.0,,,,,
solar_elevation_gt_10,D+3,2024-09,suzhou_1,323.0,0.0,0.0,0.0,0.0,0.0,0.0,0.0,,,,,
solar_elevation_gt_10,D+3,2024-09,taizhou_1,326.0,0.0,0.0,0.0,0.0,0.0,0.0,0.0,,,,,
solar_elevation_gt_10,D+3,2024-09,taizhou_2,324.0,0.0,0.0,0.0,0.0,0.0,0.0,0.0,,,,,
solar_elevation_gt_10,D+3,2024-09,wuxi_1,326.0,0.0,0.0,0.0,0.0,0.0,0.0,0.0,,,,,
solar_elevation_gt_10,D+3,2024-09,xuzhou_1,328.0,0.0,0.0,0.0,0.0,0.0,0.0,0.0,,,,,
solar_elevation_gt_10,D+3,2024-09,xuzhou_2,330.0,0.0,0.0,0.0,0.0,0.0,0.0,0.0,,,,,
solar_elevation_gt_10,D+3,2024-09,yancheng_1,326.0,0.0,0.0,0.0,0.0,0.0,0.0,0.0,,,,,
solar_elevation_gt_10,D+3,2024-09,yancheng_2,324.0,0.0,0.0,0.0,0.0,0.0,0.0,0.0,,,,,
solar_elevation_gt_10,D+3,2024-09,yancheng_3,326.0,0.0,0.0,0.0,0.0,0.0,0.0,0.0,,,,,
solar_elevation_gt_10,D+3,2024-10,changzhou_1,298.0,0.0,0.0,0.0,0.0,0.0,0.0,0.0,,,,,
solar_elevation_gt_10,D+3,2024-10,huai_an_1,293.0,0.0,0.0,0.0,0.0,0.0,0.0,0.0,,,,,
solar_elevation_gt_10,D+3,2024-10,huai_an_2,292.0,0.0,0.0,0.0,0.0,0.0,0.0,0.0,,,,,
solar_elevation_gt_10,D+3,2024-10,huai_an_3,289.0,0.0,0.0,0.0,0.0,0.0,0.0,0.0,,,,,
solar_elevation_gt_10,D+3,2024-10,lianyungang_1,287.0,0.0,0.0,0.0,0.0,0.0,0.0,0.0,,,,,
solar_elevation_gt_10,D+3,2024-10,lianyungang_2,290.0,0.0,0.0,0.0,0.0,0.0,0.0,0.0,,,,,
solar_elevation_gt_10,D+3,2024-10,nanjing_1,291.0,0.0,0.0,0.0,0.0,0.0,0.0,0.0,,,,,
solar_elevation_gt_10,D+3,2024-10,nanjing_2,294.0,0.0,0.0,0.0,0.0,0.0,0.0,0.0,,,,,
solar_elevation_gt_10,D+3,2024-10,nantong_1,303.0,0.0,0.0,0.0,0.0,0.0,0.0,0.0,,,,,
solar_elevation_gt_10,D+3,2024-10,nantong_2,306.0,0.0,0.0,0.0,0.0,0.0,0.0,0.0,,,,,
solar_elevation_gt_10,D+3,2024-10,suqian_1,286.0,0.0,0.0,0.0,0.0,0.0,0.0,0.0,,,,,
solar_elevation_gt_10,D+3,2024-10,suzhou_1,304.0,0.0,0.0,0.0,0.0,0.0,0.0,0.0,,,,,
solar_elevation_gt_10,D+3,2024-10,taizhou_1,295.0,0.0,0.0,0.0,0.0,0.0,0.0,0.0,,,,,
solar_elevation_gt_10,D+3,2024-10,taizhou_2,299.0,0.0,0.0,0.0,0.0,0.0,0.0,0.0,,,,,
solar_elevation_gt_10,D+3,2024-10,wuxi_1,301.0,0.0,0.0,0.0,0.0,0.0,0.0,0.0,,,,,
solar_elevation_gt_10,D+3,2024-10,xuzhou_1,283.0,0.0,0.0,0.0,0.0,0.0,0.0,0.0,,,,,
solar_elevation_gt_10,D+3,2024-10,xuzhou_2,284.0,0.0,0.0,0.0,0.0,0.0,0.0,0.0,,,,,
solar_elevation_gt_10,D+3,2024-10,yancheng_1,293.0,0.0,0.0,0.0,0.0,0.0,0.0,0.0,,,,,
solar_elevation_gt_10,D+3,2024-10,yancheng_2,298.0,0.0,0.0,0.0,0.0,0.0,0.0,0.0,,,,,
solar_elevation_gt_10,D+3,2024-10,yancheng_3,295.0,0.0,0.0,0.0,0.0,0.0,0.0,0.0,,,,,
solar_elevation_gt_10,D+3,2024-11,changzhou_1,269.0,0.0,0.0,0.0,0.0,0.0,0.0,0.0,,,,,
solar_elevation_gt_10,D+3,2024-11,huai_an_1,260.0,0.0,0.0,0.0,0.0,0.0,0.0,0.0,,,,,
solar_elevation_gt_10,D+3,2024-11,huai_an_2,256.0,0.0,0.0,0.0,0.0,0.0,0.0,0.0,,,,,
solar_elevation_gt_10,D+3,2024-11,huai_an_3,267.0,0.0,0.0,0.0,0.0,0.0,0.0,0.0,,,,,
solar_elevation_gt_10,D+3,2024-11,lianyungang_1,257.0,0.0,0.0,0.0,0.0,0.0,0.0,0.0,,,,,
solar_elevation_gt_10,D+3,2024-11,lianyungang_2,253.0,0.0,0.0,0.0,0.0,0.0,0.0,0.0,,,,,
solar_elevation_gt_10,D+3,2024-11,nanjing_1,270.0,0.0,0.0,0.0,0.0,0.0,0.0,0.0,,,,,
solar_elevation_gt_10,D+3,2024-11,nanjing_2,270.0,0.0,0.0,0.0,0.0,0.0,0.0,0.0,,,,,
solar_elevation_gt_10,D+3,2024-11,nantong_1,255.0,0.0,0.0,0.0,0.0,0.0,0.0,0.0,,,,,
solar_elevation_gt_10,D+3,2024-11,nantong_2,251.0,0.0,0.0,0.0,0.0,0.0,0.0,0.0,,,,,
solar_elevation_gt_10,D+3,2024-11,suqian_1,264.0,0.0,0.0,0.0,0.0,0.0,0.0,0.0,,,,,
solar_elevation_gt_10,D+3,2024-11,suzhou_1,257.0,0.0,0.0,0.0,0.0,0.0,0.0,0.0,,,,,
solar_elevation_gt_10,D+3,2024-11,taizhou_1,259.0,0.0,0.0,0.0,0.0,0.0,0.0,0.0,,,,,
solar_elevation_gt_10,D+3,2024-11,taizhou_2,254.0,0.0,0.0,0.0,0.0,0.0,0.0,0.0,,,,,
solar_elevation_gt_10,D+3,2024-11,wuxi_1,266.0,0.0,0.0,0.0,0.0,0.0,0.0,0.0,,,,,
solar_elevation_gt_10,D+3,2024-11,xuzhou_1,267.0,0.0,0.0,0.0,0.0,0.0,0.0,0.0,,,,,
solar_elevation_gt_10,D+3,2024-11,xuzhou_2,270.0,0.0,0.0,0.0,0.0,0.0,0.0,0.0,,,,,
solar_elevation_gt_10,D+3,2024-11,yancheng_1,254.0,0.0,0.0,0.0,0.0,0.0,0.0,0.0,,,,,
solar_elevation_gt_10,D+3,2024-11,yancheng_2,253.0,0.0,0.0,0.0,0.0,0.0,0.0,0.0,,,,,
solar_elevation_gt_10,D+3,2024-11,yancheng_3,257.0,0.0,0.0,0.0,0.0,0.0,0.0,0.0,,,,,
solar_elevation_gt_10,D+3,2024-12,changzhou_1,267.0,0.0,0.0,0.0,0.0,0.0,0.0,0.0,,,,,
solar_elevation_gt_10,D+3,2024-12,huai_an_1,242.0,0.0,0.0,0.0,0.0,0.0,0.0,0.0,,,,,
solar_elevation_gt_10,D+3,2024-12,huai_an_2,233.0,0.0,0.0,0.0,0.0,0.0,0.0,0.0,,,,,
solar_elevation_gt_10,D+3,2024-12,huai_an_3,245.0,0.0,0.0,0.0,0.0,0.0,0.0,0.0,,,,,
solar_elevation_gt_10,D+3,2024-12,lianyungang_1,226.0,0.0,0.0,0.0,0.0,0.0,0.0,0.0,,,,,
solar_elevation_gt_10,D+3,2024-12,lianyungang_2,226.0,0.0,0.0,0.0,0.0,0.0,0.0,0.0,,,,,
solar_elevation_gt_10,D+3,2024-12,nanjing_1,266.0,0.0,0.0,0.0,0.0,0.0,0.0,0.0,,,,,
solar_elevation_gt_10,D+3,2024-12,nanjing_2,273.0,0.0,0.0,0.0,0.0,0.0,0.0,0.0,,,,,
solar_elevation_gt_10,D+3,2024-12,nantong_1,252.0,0.0,0.0,0.0,0.0,0.0,0.0,0.0,,,,,
solar_elevation_gt_10,D+3,2024-12,nantong_2,248.0,0.0,0.0,0.0,0.0,0.0,0.0,0.0,,,,,
solar_elevation_gt_10,D+3,2024-12,suqian_1,236.0,0.0,0.0,0.0,0.0,0.0,0.0,0.0,,,,,
solar_elevation_gt_10,D+3,2024-12,suzhou_1,255.0,0.0,0.0,0.0,0.0,0.0,0.0,0.0,,,,,
solar_elevation_gt_10,D+3,2024-12,taizhou_1,247.0,0.0,0.0,0.0,0.0,0.0,0.0,0.0,,,,,
solar_elevation_gt_10,D+3,2024-12,taizhou_2,251.0,0.0,0.0,0.0,0.0,0.0,0.0,0.0,,,,,
solar_elevation_gt_10,D+3,2024-12,wuxi_1,264.0,0.0,0.0,0.0,0.0,0.0,0.0,0.0,,,,,
solar_elevation_gt_10,D+3,2024-12,xuzhou_1,248.0,0.0,0.0,0.0,0.0,0.0,0.0,0.0,,,,,
solar_elevation_gt_10,D+3,2024-12,xuzhou_2,236.0,0.0,0.0,0.0,0.0,0.0,0.0,0.0,,,,,
solar_elevation_gt_10,D+3,2024-12,yancheng_1,233.0,0.0,0.0,0.0,0.0,0.0,0.0,0.0,,,,,
solar_elevation_gt_10,D+3,2024-12,yancheng_2,245.0,0.0,0.0,0.0,0.0,0.0,0.0,0.0,,,,,
solar_elevation_gt_10,D+3,2024-12,yancheng_3,242.0,0.0,0.0,0.0,0.0,0.0,0.0,0.0,,,,,
solar_elevation_gt_10,D+3,2025-01,changzhou_1,279.0,0.0,0.0,0.0,0.0,0.0,0.0,0.0,,,,,
solar_elevation_gt_10,D+3,2025-01,huai_an_1,256.0,0.0,0.0,0.0,0.0,0.0,0.0,0.0,,,,,
solar_elevation_gt_10,D+3,2025-01,huai_an_2,252.0,0.0,0.0,0.0,0.0,0.0,0.0,0.0,,,,,
solar_elevation_gt_10,D+3,2025-01,huai_an_3,251.0,0.0,0.0,0.0,0.0,0.0,0.0,0.0,,,,,
solar_elevation_gt_10,D+3,2025-01,lianyungang_1,248.0,0.0,0.0,0.0,0.0,0.0,0.0,0.0,,,,,
solar_elevation_gt_10,D+3,2025-01,lianyungang_2,249.0,0.0,0.0,0.0,0.0,0.0,0.0,0.0,,,,,
solar_elevation_gt_10,D+3,2025-01,nanjing_1,256.0,0.0,0.0,0.0,0.0,0.0,0.0,0.0,,,,,
solar_elevation_gt_10,D+3,2025-01,nanjing_2,262.0,0.0,0.0,0.0,0.0,0.0,0.0,0.0,,,,,
solar_elevation_gt_10,D+3,2025-01,nantong_1,279.0,0.0,0.0,0.0,0.0,0.0,0.0,0.0,,,,,
solar_elevation_gt_10,D+3,2025-01,nantong_2,279.0,0.0,0.0,0.0,0.0,0.0,0.0,0.0,,,,,
solar_elevation_gt_10,D+3,2025-01,suqian_1,248.0,0.0,0.0,0.0,0.0,0.0,0.0,0.0,,,,,
solar_elevation_gt_10,D+3,2025-01,suzhou_1,279.0,0.0,0.0,0.0,0.0,0.0,0.0,0.0,,,,,
solar_elevation_gt_10,D+3,2025-01,taizhou_1,260.0,0.0,0.0,0.0,0.0,0.0,0.0,0.0,,,,,
solar_elevation_gt_10,D+3,2025-01,taizhou_2,273.0,0.0,0.0,0.0,0.0,0.0,0.0,0.0,,,,,
solar_elevation_gt_10,D+3,2025-01,wuxi_1,279.0,0.0,0.0,0.0,0.0,0.0,0.0,0.0,,,,,
solar_elevation_gt_10,D+3,2025-01,xuzhou_1,248.0,0.0,0.0,0.0,0.0,0.0,0.0,0.0,,,,,
solar_elevation_gt_10,D+3,2025-01,xuzhou_2,248.0,0.0,0.0,0.0,0.0,0.0,0.0,0.0,,,,,
solar_elevation_gt_10,D+3,2025-01,yancheng_1,254.0,0.0,0.0,0.0,0.0,0.0,0.0,0.0,,,,,
solar_elevation_gt_10,D+3,2025-01,yancheng_2,266.0,0.0,0.0,0.0,0.0,0.0,0.0,0.0,,,,,
solar_elevation_gt_10,D+3,2025-01,yancheng_3,258.0,0.0,0.0,0.0,0.0,0.0,0.0,0.0,,,,,
solar_elevation_gt_10,D+3,2025-02,changzhou_1,260.0,0.0,0.0,0.0,0.0,0.0,0.0,0.0,,,,,
solar_elevation_gt_10,D+3,2025-02,huai_an_1,259.0,0.0,0.0,0.0,0.0,0.0,0.0,0.0,,,,,
solar_elevation_gt_10,D+3,2025-02,huai_an_2,257.0,0.0,0.0,0.0,0.0,0.0,0.0,0.0,,,,,
solar_elevation_gt_10,D+3,2025-02,huai_an_3,262.0,0.0,0.0,0.0,0.0,0.0,0.0,0.0,,,,,
solar_elevation_gt_10,D+3,2025-02,lianyungang_1,257.0,0.0,0.0,0.0,0.0,0.0,0.0,0.0,,,,,
solar_elevation_gt_10,D+3,2025-02,lianyungang_2,256.0,0.0,0.0,0.0,0.0,0.0,0.0,0.0,,,,,
solar_elevation_gt_10,D+3,2025-02,nanjing_1,264.0,0.0,0.0,0.0,0.0,0.0,0.0,0.0,,,,,
solar_elevation_gt_10,D+3,2025-02,nanjing_2,263.0,0.0,0.0,0.0,0.0,0.0,0.0,0.0,,,,,
solar_elevation_gt_10,D+3,2025-02,nantong_1,253.0,0.0,0.0,0.0,0.0,0.0,0.0,0.0,,,,,
solar_elevation_gt_10,D+3,2025-02,nantong_2,252.0,0.0,0.0,0.0,0.0,0.0,0.0,0.0,,,,,
solar_elevation_gt_10,D+3,2025-02,suqian_1,261.0,0.0,0.0,0.0,0.0,0.0,0.0,0.0,,,,,
solar_elevation_gt_10,D+3,2025-02,suzhou_1,254.0,0.0,0.0,0.0,0.0,0.0,0.0,0.0,,,,,
solar_elevation_gt_10,D+3,2025-02,taizhou_1,258.0,0.0,0.0,0.0,0.0,0.0,0.0,0.0,,,,,
solar_elevation_gt_10,D+3,2025-02,taizhou_2,254.0,0.0,0.0,0.0,0.0,0.0,0.0,0.0,,,,,
solar_elevation_gt_10,D+3,2025-02,wuxi_1,258.0,0.0,0.0,0.0,0.0,0.0,0.0,0.0,,,,,
solar_elevation_gt_10,D+3,2025-02,xuzhou_1,257.0,0.0,0.0,0.0,0.0,0.0,0.0,0.0,,,,,
solar_elevation_gt_10,D+3,2025-02,xuzhou_2,258.0,0.0,0.0,0.0,0.0,0.0,0.0,0.0,,,,,
solar_elevation_gt_10,D+3,2025-02,yancheng_1,256.0,0.0,0.0,0.0,0.0,0.0,0.0,0.0,,,,,
solar_elevation_gt_10,D+3,2025-02,yancheng_2,254.0,0.0,0.0,0.0,0.0,0.0,0.0,0.0,,,,,
solar_elevation_gt_10,D+3,2025-02,yancheng_3,257.0,0.0,0.0,0.0,0.0,0.0,0.0,0.0,,,,,
solar_elevation_gt_10,D+3,2025-03,changzhou_1,326.0,0.0,0.0,0.0,0.0,0.0,0.0,0.0,,,,,
solar_elevation_gt_10,D+3,2025-03,huai_an_1,324.0,0.0,0.0,0.0,0.0,0.0,0.0,0.0,,,,,
solar_elevation_gt_10,D+3,2025-03,huai_an_2,324.0,0.0,0.0,0.0,0.0,0.0,0.0,0.0,,,,,
solar_elevation_gt_10,D+3,2025-03,huai_an_3,322.0,0.0,0.0,0.0,0.0,0.0,0.0,0.0,,,,,
solar_elevation_gt_10,D+3,2025-03,lianyungang_1,321.0,0.0,0.0,0.0,0.0,0.0,0.0,0.0,,,,,
solar_elevation_gt_10,D+3,2025-03,lianyungang_2,323.0,0.0,0.0,0.0,0.0,0.0,0.0,0.0,,,,,
solar_elevation_gt_10,D+3,2025-03,nanjing_1,322.0,0.0,0.0,0.0,0.0,0.0,0.0,0.0,,,,,
solar_elevation_gt_10,D+3,2025-03,nanjing_2,324.0,0.0,0.0,0.0,0.0,0.0,0.0,0.0,,,,,
solar_elevation_gt_10,D+3,2025-03,nantong_1,330.0,0.0,0.0,0.0,0.0,0.0,0.0,0.0,,,,,
solar_elevation_gt_10,D+3,2025-03,nantong_2,330.0,0.0,0.0,0.0,0.0,0.0,0.0,0.0,,,,,
solar_elevation_gt_10,D+3,2025-03,suqian_1,320.0,0.0,0.0,0.0,0.0,0.0,0.0,0.0,,,,,
solar_elevation_gt_10,D+3,2025-03,suzhou_1,330.0,0.0,0.0,0.0,0.0,0.0,0.0,0.0,,,,,
solar_elevation_gt_10,D+3,2025-03,taizhou_1,325.0,0.0,0.0,0.0,0.0,0.0,0.0,0.0,,,,,
solar_elevation_gt_10,D+3,2025-03,taizhou_2,328.0,0.0,0.0,0.0,0.0,0.0,0.0,0.0,,,,,
solar_elevation_gt_10,D+3,2025-03,wuxi_1,328.0,0.0,0.0,0.0,0.0,0.0,0.0,0.0,,,,,
solar_elevation_gt_10,D+3,2025-03,xuzhou_1,315.0,0.0,0.0,0.0,0.0,0.0,0.0,0.0,,,,,
solar_elevation_gt_10,D+3,2025-03,xuzhou_2,318.0,0.0,0.0,0.0,0.0,0.0,0.0,0.0,,,,,
solar_elevation_gt_10,D+3,2025-03,yancheng_1,325.0,0.0,0.0,0.0,0.0,0.0,0.0,0.0,,,,,
solar_elevation_gt_10,D+3,2025-03,yancheng_2,328.0,0.0,0.0,0.0,0.0,0.0,0.0,0.0,,,,,
solar_elevation_gt_10,D+3,2025-03,yancheng_3,325.0,0.0,0.0,0.0,0.0,0.0,0.0,0.0,,,,,
solar_elevation_gt_10,D+3,2025-04,changzhou_1,330.0,0.0,0.0,0.0,0.0,0.0,0.0,0.0,,,,,
solar_elevation_gt_10,D+3,2025-04,huai_an_1,330.0,0.0,0.0,0.0,0.0,0.0,0.0,0.0,,,,,
solar_elevation_gt_10,D+3,2025-04,huai_an_2,330.0,0.0,0.0,0.0,0.0,0.0,0.0,0.0,,,,,
solar_elevation_gt_10,D+3,2025-04,huai_an_3,330.0,0.0,0.0,0.0,0.0,0.0,0.0,0.0,,,,,
solar_elevation_gt_10,D+3,2025-04,lianyungang_1,330.0,0.0,0.0,0.0,0.0,0.0,0.0,0.0,,,,,
solar_elevation_gt_10,D+3,2025-04,lianyungang_2,330.0,0.0,0.0,0.0,0.0,0.0,0.0,0.0,,,,,
solar_elevation_gt_10,D+3,2025-04,nanjing_1,330.0,0.0,0.0,0.0,0.0,0.0,0.0,0.0,,,,,
solar_elevation_gt_10,D+3,2025-04,nanjing_2,330.0,0.0,0.0,0.0,0.0,0.0,0.0,0.0,,,,,
solar_elevation_gt_10,D+3,2025-04,nantong_1,330.0,0.0,0.0,0.0,0.0,0.0,0.0,0.0,,,,,
solar_elevation_gt_10,D+3,2025-04,nantong_2,331.0,0.0,0.0,0.0,0.0,0.0,0.0,0.0,,,,,
solar_elevation_gt_10,D+3,2025-04,suqian_1,330.0,0.0,0.0,0.0,0.0,0.0,0.0,0.0,,,,,
solar_elevation_gt_10,D+3,2025-04,suzhou_1,330.0,0.0,0.0,0.0,0.0,0.0,0.0,0.0,,,,,
solar_elevation_gt_10,D+3,2025-04,taizhou_1,330.0,0.0,0.0,0.0,0.0,0.0,0.0,0.0,,,,,
solar_elevation_gt_10,D+3,2025-04,taizhou_2,330.0,0.0,0.0,0.0,0.0,0.0,0.0,0.0,,,,,
solar_elevation_gt_10,D+3,2025-04,wuxi_1,330.0,0.0,0.0,0.0,0.0,0.0,0.0,0.0,,,,,
solar_elevation_gt_10,D+3,2025-04,xuzhou_1,335.0,0.0,0.0,0.0,0.0,0.0,0.0,0.0,,,,,
solar_elevation_gt_10,D+3,2025-04,xuzhou_2,330.0,0.0,0.0,0.0,0.0,0.0,0.0,0.0,,,,,
solar_elevation_gt_10,D+3,2025-04,yancheng_1,330.0,0.0,0.0,0.0,0.0,0.0,0.0,0.0,,,,,
solar_elevation_gt_10,D+3,2025-04,yancheng_2,330.0,0.0,0.0,0.0,0.0,0.0,0.0,0.0,,,,,
solar_elevation_gt_10,D+3,2025-04,yancheng_3,330.0,0.0,0.0,0.0,0.0,0.0,0.0,0.0,,,,,
solar_elevation_gt_10,D+3,2025-05,changzhou_1,372.0,0.0,0.0,0.0,0.0,0.0,0.0,0.0,,,,,
solar_elevation_gt_10,D+3,2025-05,huai_an_1,379.0,0.0,0.0,0.0,0.0,0.0,0.0,0.0,,,,,
solar_elevation_gt_10,D+3,2025-05,huai_an_2,383.0,0.0,0.0,0.0,0.0,0.0,0.0,0.0,,,,,
solar_elevation_gt_10,D+3,2025-05,huai_an_3,379.0,0.0,0.0,0.0,0.0,0.0,0.0,0.0,,,,,
solar_elevation_gt_10,D+3,2025-05,lianyungang_1,386.0,0.0,0.0,0.0,0.0,0.0,0.0,0.0,,,,,
solar_elevation_gt_10,D+3,2025-05,lianyungang_2,385.0,0.0,0.0,0.0,0.0,0.0,0.0,0.0,,,,,
solar_elevation_gt_10,D+3,2025-05,nanjing_1,374.0,0.0,0.0,0.0,0.0,0.0,0.0,0.0,,,,,
solar_elevation_gt_10,D+3,2025-05,nanjing_2,372.0,0.0,0.0,0.0,0.0,0.0,0.0,0.0,,,,,
solar_elevation_gt_10,D+3,2025-05,nantong_1,371.0,0.0026954177897574125,0.0,0.0026954177897574125,0.0,0.0,0.0,1.0,0.0,0.0,0.0,1.0,100.0
solar_elevation_gt_10,D+3,2025-05,nantong_2,372.0,0.0,0.0,0.0,0.0,0.0,0.0,0.0,,,,,
solar_elevation_gt_10,D+3,2025-05,suqian_1,383.0,0.0,0.0,0.0,0.0,0.0,0.0,0.0,,,,,
solar_elevation_gt_10,D+3,2025-05,suzhou_1,370.0,0.0,0.0,0.0,0.0,0.0,0.0,0.0,,,,,
solar_elevation_gt_10,D+3,2025-05,taizhou_1,378.0,0.0,0.0,0.0,0.0,0.0,0.0,0.0,,,,,
solar_elevation_gt_10,D+3,2025-05,taizhou_2,376.0,0.0,0.0,0.0,0.0,0.0,0.0,0.0,,,,,
solar_elevation_gt_10,D+3,2025-05,wuxi_1,370.0,0.0,0.0,0.0,0.0,0.0,0.0,0.0,,,,,
solar_elevation_gt_10,D+3,2025-05,xuzhou_1,377.0,0.0,0.0,0.0,0.0,0.0,0.0,0.0,,,,,
solar_elevation_gt_10,D+3,2025-05,xuzhou_2,383.0,0.0,0.0,0.0,0.0,0.0,0.0,0.0,,,,,
solar_elevation_gt_10,D+3,2025-05,yancheng_1,382.0,0.002617801047120419,0.0,0.002617801047120419,0.0,0.0,0.0,1.0,0.0,0.0,0.0,1.0,100.0
solar_elevation_gt_10,D+3,2025-05,yancheng_2,378.0,0.0,0.0,0.0,0.0,0.0,0.0,0.0,,,,,
solar_elevation_gt_10,D+3,2025-05,yancheng_3,379.0,0.0,0.0,0.0,0.0,0.0,0.0,0.0,,,,,
solar_elevation_gt_10,D+3,2025-06,changzhou_1,390.0,0.0,0.0,0.0,0.0,0.0,0.0,0.0,,,,,
solar_elevation_gt_10,D+3,2025-06,huai_an_1,390.0,0.002564102564102564,0.0,0.002564102564102564,0.0,0.0,0.0,1.0,0.0,0.0,0.0,1.0,100.0
solar_elevation_gt_10,D+3,2025-06,huai_an_2,390.0,0.0,0.0,0.0,0.0,0.0,0.0,0.0,,,,,
solar_elevation_gt_10,D+3,2025-06,huai_an_3,390.0,0.0,0.0,0.0,0.0,0.0,0.0,0.0,,,,,
solar_elevation_gt_10,D+3,2025-06,lianyungang_1,390.0,0.0,0.0,0.0,0.0,0.0,0.0,0.0,,,,,
solar_elevation_gt_10,D+3,2025-06,lianyungang_2,390.0,0.0,0.0,0.0,0.0,0.0,0.0,0.0,,,,,
solar_elevation_gt_10,D+3,2025-06,nanjing_1,390.0,0.0,0.0,0.0,0.0,0.0,0.0,0.0,,,,,
solar_elevation_gt_10,D+3,2025-06,nanjing_2,390.0,0.0,0.0,0.0,0.0,0.0,0.0,0.0,,,,,
solar_elevation_gt_10,D+3,2025-06,nantong_1,390.0,0.0,0.0,0.0,0.0,0.0,0.0,0.0,,,,,
solar_elevation_gt_10,D+3,2025-06,nantong_2,387.0,0.0,0.0,0.0,0.0,0.0,0.0,0.0,,,,,
solar_elevation_gt_10,D+3,2025-06,suqian_1,390.0,0.0,0.0,0.0,0.0,0.0,0.0,0.0,,,,,
solar_elevation_gt_10,D+3,2025-06,suzhou_1,390.0,0.0,0.0,0.0,0.0,0.0,0.0,0.0,,,,,
solar_elevation_gt_10,D+3,2025-06,taizhou_1,390.0,0.0,0.0,0.0,0.0,0.0,0.0,0.0,,,,,
solar_elevation_gt_10,D+3,2025-06,taizhou_2,390.0,0.0,0.0,0.0,0.0,0.0,0.0,0.0,,,,,
solar_elevation_gt_10,D+3,2025-06,wuxi_1,390.0,0.0,0.0,0.0,0.0,0.0,0.0,0.0,,,,,
solar_elevation_gt_10,D+3,2025-06,xuzhou_1,384.0,0.0,0.0,0.0,0.0,0.0,0.0,0.0,,,,,
solar_elevation_gt_10,D+3,2025-06,xuzhou_2,390.0,0.0,0.0,0.0,0.0,0.0,0.0,0.0,,,,,
solar_elevation_gt_10,D+3,2025-06,yancheng_1,390.0,0.0,0.0,0.0,0.0,0.0,0.0,0.0,,,,,
solar_elevation_gt_10,D+3,2025-06,yancheng_2,390.0,0.0,0.0,0.0,0.0,0.0,0.0,0.0,,,,,
solar_elevation_gt_10,D+3,2025-06,yancheng_3,390.0,0.0,0.0,0.0,0.0,0.0,0.0,0.0,,,,,
solar_elevation_gt_10,D+3,2025-07,changzhou_1,383.0,0.0,0.0,0.0,0.0,0.0,0.0,0.0,,,,,
solar_elevation_gt_10,D+3,2025-07,huai_an_1,385.0,0.0,0.0,0.0,0.0,0.0,0.0,0.0,,,,,
solar_elevation_gt_10,D+3,2025-07,huai_an_2,388.0,0.0,0.0,0.0,0.0,0.0,0.0,0.0,,,,,
solar_elevation_gt_10,D+3,2025-07,huai_an_3,379.0,0.0,0.0,0.0,0.0,0.0,0.0,0.0,,,,,
solar_elevation_gt_10,D+3,2025-07,lianyungang_1,385.0,0.0,0.0,0.0,0.0,0.0,0.0,0.0,,,,,
solar_elevation_gt_10,D+3,2025-07,lianyungang_2,390.0,0.0,0.0,0.0,0.0,0.0,0.0,0.0,,,,,
solar_elevation_gt_10,D+3,2025-07,nanjing_1,374.0,0.0,0.0,0.0,0.0,0.0,0.0,0.0,,,,,
solar_elevation_gt_10,D+3,2025-07,nanjing_2,376.0,0.0,0.0,0.0,0.0,0.0,0.0,0.0,,,,,
solar_elevation_gt_10,D+3,2025-07,nantong_1,394.0,0.0,0.0,0.0,0.0,0.0,0.0,0.0,,,,,
solar_elevation_gt_10,D+3,2025-07,nantong_2,394.0,0.0,0.0,0.0,0.0,0.0,0.0,0.0,,,,,
solar_elevation_gt_10,D+3,2025-07,suqian_1,379.0,0.0,0.0,0.0,0.0,0.0,0.0,0.0,,,,,
solar_elevation_gt_10,D+3,2025-07,suzhou_1,392.0,0.0,0.0,0.0,0.0,0.0,0.0,0.0,,,,,
solar_elevation_gt_10,D+3,2025-07,taizhou_1,387.0,0.0,0.0,0.0,0.0,0.0,0.0,0.0,,,,,
solar_elevation_gt_10,D+3,2025-07,taizhou_2,393.0,0.0,0.0,0.0,0.0,0.0,0.0,0.0,,,,,
solar_elevation_gt_10,D+3,2025-07,wuxi_1,385.0,0.0,0.0,0.0,0.0,0.0,0.0,0.0,,,,,
solar_elevation_gt_10,D+3,2025-07,xuzhou_1,372.0,0.0,0.0,0.0,0.0,0.0,0.0,0.0,,,,,
solar_elevation_gt_10,D+3,2025-07,xuzhou_2,373.0,0.0,0.0,0.0,0.0,0.0,0.0,0.0,,,,,
solar_elevation_gt_10,D+3,2025-07,yancheng_1,390.0,0.0,0.0,0.0,0.0,0.0,0.0,0.0,,,,,
solar_elevation_gt_10,D+3,2025-07,yancheng_2,394.0,0.0,0.0,0.0,0.0,0.0,0.0,0.0,,,,,
solar_elevation_gt_10,D+3,2025-07,yancheng_3,388.0,0.0,0.0,0.0,0.0,0.0,0.0,0.0,,,,,
solar_elevation_gt_10,D+3,2025-08,changzhou_1,347.0,0.0,0.0,0.0,0.0,0.0,0.0,0.0,,,,,
solar_elevation_gt_10,D+3,2025-08,huai_an_1,351.0,0.0,0.0,0.0,0.0,0.0,0.0,0.0,,,,,
solar_elevation_gt_10,D+3,2025-08,huai_an_2,351.0,0.0,0.0,0.0,0.0,0.0,0.0,0.0,,,,,
solar_elevation_gt_10,D+3,2025-08,huai_an_3,354.0,0.0,0.0,0.0,0.0,0.0,0.0,0.0,,,,,
solar_elevation_gt_10,D+3,2025-08,lianyungang_1,355.0,0.0,0.0,0.0,0.0,0.0,0.0,0.0,,,,,
solar_elevation_gt_10,D+3,2025-08,lianyungang_2,352.0,0.0,0.0,0.0,0.0,0.0,0.0,0.0,,,,,
solar_elevation_gt_10,D+3,2025-08,nanjing_1,353.0,0.0,0.0,0.0,0.0,0.0,0.0,0.0,,,,,
solar_elevation_gt_10,D+3,2025-08,nanjing_2,350.0,0.0,0.0,0.0,0.0,0.0,0.0,0.0,,,,,
solar_elevation_gt_10,D+3,2025-08,nantong_1,341.0,0.0,0.0,0.0,0.0,0.0,0.0,0.0,,,,,
solar_elevation_gt_10,D+3,2025-08,nantong_2,341.0,0.0,0.0,0.0,0.0,0.0,0.0,0.0,,,,,
solar_elevation_gt_10,D+3,2025-08,suqian_1,356.0,0.0,0.0,0.0,0.0,0.0,0.0,0.0,,,,,
solar_elevation_gt_10,D+3,2025-08,suzhou_1,341.0,0.0,0.0,0.0,0.0,0.0,0.0,0.0,,,,,
solar_elevation_gt_10,D+3,2025-08,taizhou_1,349.0,0.0,0.0,0.0,0.0,0.0,0.0,0.0,,,,,
solar_elevation_gt_10,D+3,2025-08,taizhou_2,345.0,0.0,0.0,0.0,0.0,0.0,0.0,0.0,,,,,
solar_elevation_gt_10,D+3,2025-08,wuxi_1,344.0,0.0,0.0,0.0,0.0,0.0,0.0,0.0,,,,,
solar_elevation_gt_10,D+3,2025-08,xuzhou_1,363.0,0.0,0.0,0.0,0.0,0.0,0.0,0.0,,,,,
solar_elevation_gt_10,D+3,2025-08,xuzhou_2,359.0,0.0,0.0,0.0,0.0,0.0,0.0,0.0,,,,,
solar_elevation_gt_10,D+3,2025-08,yancheng_1,350.0,0.0,0.0,0.0,0.0,0.0,0.0,0.0,,,,,
solar_elevation_gt_10,D+3,2025-08,yancheng_2,345.0,0.0,0.0,0.0,0.0,0.0,0.0,0.0,,,,,
solar_elevation_gt_10,D+3,2025-08,yancheng_3,349.0,0.0,0.0,0.0,0.0,0.0,0.0,0.0,,,,,
solar_elevation_gt_10,D+3,2025-09,changzhou_1,327.0,0.0,0.0,0.0,0.0,0.0,0.0,0.0,,,,,
solar_elevation_gt_10,D+3,2025-09,huai_an_1,327.0,0.0,0.0,0.0,0.0,0.0,0.0,0.0,,,,,
solar_elevation_gt_10,D+3,2025-09,huai_an_2,327.0,0.0,0.0,0.0,0.0,0.0,0.0,0.0,,,,,
solar_elevation_gt_10,D+3,2025-09,huai_an_3,330.0,0.0,0.0,0.0,0.0,0.0,0.0,0.0,,,,,
solar_elevation_gt_10,D+3,2025-09,lianyungang_1,329.0,0.0,0.0,0.0,0.0,0.0,0.0,0.0,,,,,
solar_elevation_gt_10,D+3,2025-09,lianyungang_2,326.0,0.0,0.0,0.0,0.0,0.0,0.0,0.0,,,,,
solar_elevation_gt_10,D+3,2025-09,nanjing_1,330.0,0.0,0.0,0.0,0.0,0.0,0.0,0.0,,,,,
solar_elevation_gt_10,D+3,2025-09,nanjing_2,329.0,0.0,0.0,0.0,0.0,0.0,0.0,0.0,,,,,
solar_elevation_gt_10,D+3,2025-09,nantong_1,323.0,0.0,0.0,0.0,0.0,0.0,0.0,0.0,,,,,
solar_elevation_gt_10,D+3,2025-09,nantong_2,321.0,0.0,0.0,0.0,0.0,0.0,0.0,0.0,,,,,
solar_elevation_gt_10,D+3,2025-09,suqian_1,330.0,0.0,0.0,0.0,0.0,0.0,0.0,0.0,,,,,
solar_elevation_gt_10,D+3,2025-09,suzhou_1,323.0,0.0,0.0,0.0,0.0,0.0,0.0,0.0,,,,,
solar_elevation_gt_10,D+3,2025-09,taizhou_1,326.0,0.0,0.0,0.0,0.0,0.0,0.0,0.0,,,,,
solar_elevation_gt_10,D+3,2025-09,taizhou_2,324.0,0.0,0.0,0.0,0.0,0.0,0.0,0.0,,,,,
solar_elevation_gt_10,D+3,2025-09,wuxi_1,326.0,0.0,0.0,0.0,0.0,0.0,0.0,0.0,,,,,
solar_elevation_gt_10,D+3,2025-09,xuzhou_1,328.0,0.0,0.0,0.0,0.0,0.0,0.0,0.0,,,,,
solar_elevation_gt_10,D+3,2025-09,xuzhou_2,330.0,0.0,0.0,0.0,0.0,0.0,0.0,0.0,,,,,
solar_elevation_gt_10,D+3,2025-09,yancheng_1,326.0,0.0,0.0,0.0,0.0,0.0,0.0,0.0,,,,,
solar_elevation_gt_10,D+3,2025-09,yancheng_2,324.0,0.0,0.0,0.0,0.0,0.0,0.0,0.0,,,,,
solar_elevation_gt_10,D+3,2025-09,yancheng_3,326.0,0.0,0.0,0.0,0.0,0.0,0.0,0.0,,,,,
solar_elevation_gt_10,D+3,2025-10,changzhou_1,298.0,0.0,0.0,0.0,0.0,0.0,0.0,0.0,,,,,
solar_elevation_gt_10,D+3,2025-10,huai_an_1,293.0,0.0,0.0,0.0,0.0,0.0,0.0,0.0,,,,,
solar_elevation_gt_10,D+3,2025-10,huai_an_2,292.0,0.003424657534246575,0.0,0.003424657534246575,0.0,0.0,0.0,1.0,0.0,0.0,0.0,1.0,100.0
solar_elevation_gt_10,D+3,2025-10,huai_an_3,289.0,0.0,0.0,0.0,0.0,0.0,0.0,0.0,,,,,
solar_elevation_gt_10,D+3,2025-10,lianyungang_1,287.0,0.003484320557491289,0.0,0.003484320557491289,0.0,0.0,0.0,1.0,0.0,0.0,0.0,1.0,100.0
solar_elevation_gt_10,D+3,2025-10,lianyungang_2,291.0,0.0,0.0,0.0,0.0,0.0,0.0,0.0,,,,,
solar_elevation_gt_10,D+3,2025-10,nanjing_1,291.0,0.0,0.0,0.0,0.0,0.0,0.0,0.0,,,,,
solar_elevation_gt_10,D+3,2025-10,nanjing_2,295.0,0.0,0.0,0.0,0.0,0.0,0.0,0.0,,,,,
solar_elevation_gt_10,D+3,2025-10,nantong_1,303.0,0.0,0.0,0.0,0.0,0.0,0.0,0.0,,,,,
solar_elevation_gt_10,D+3,2025-10,nantong_2,306.0,0.0,0.0,0.0,0.0,0.0,0.0,0.0,,,,,
solar_elevation_gt_10,D+3,2025-10,suqian_1,286.0,0.0034965034965034965,0.0,0.0034965034965034965,0.0,0.0,0.0,1.0,0.0,0.0,0.0,1.0,100.0
solar_elevation_gt_10,D+3,2025-10,suzhou_1,304.0,0.0,0.0,0.0,0.0,0.0,0.0,0.0,,,,,
solar_elevation_gt_10,D+3,2025-10,taizhou_1,296.0,0.0,0.0,0.0,0.0,0.0,0.0,0.0,,,,,
solar_elevation_gt_10,D+3,2025-10,taizhou_2,299.0,0.0,0.0,0.0,0.0,0.0,0.0,0.0,,,,,
solar_elevation_gt_10,D+3,2025-10,wuxi_1,301.0,0.0,0.0,0.0,0.0,0.0,0.0,0.0,,,,,
solar_elevation_gt_10,D+3,2025-10,xuzhou_1,283.0,0.0,0.0,0.0,0.0,0.0,0.0,0.0,,,,,
solar_elevation_gt_10,D+3,2025-10,xuzhou_2,284.0,0.0,0.0,0.0,0.0,0.0,0.0,0.0,,,,,
solar_elevation_gt_10,D+3,2025-10,yancheng_1,293.0,0.0034129692832764505,0.0,0.0034129692832764505,0.0,0.0,0.0,1.0,0.0,0.0,0.0,1.0,100.0
solar_elevation_gt_10,D+3,2025-10,yancheng_2,299.0,0.0,0.0,0.0,0.0,0.0,0.0,0.0,,,,,
solar_elevation_gt_10,D+3,2025-10,yancheng_3,295.0,0.0,0.0,0.0,0.0,0.0,0.0,0.0,,,,,
solar_elevation_gt_10,D+3,2025-11,changzhou_1,269.0,0.0,0.0,0.0,0.0,0.0,0.0,0.0,,,,,
solar_elevation_gt_10,D+3,2025-11,huai_an_1,260.0,0.0,0.0,0.0,0.0,0.0,0.0,0.0,,,,,
solar_elevation_gt_10,D+3,2025-11,huai_an_2,256.0,0.0,0.0,0.0,0.0,0.0,0.0,0.0,,,,,
solar_elevation_gt_10,D+3,2025-11,huai_an_3,268.0,0.0,0.0,0.0,0.0,0.0,0.0,0.0,,,,,
solar_elevation_gt_10,D+3,2025-11,lianyungang_1,257.0,0.0,0.0,0.0,0.0,0.0,0.0,0.0,,,,,
solar_elevation_gt_10,D+3,2025-11,lianyungang_2,253.0,0.0,0.0,0.0,0.0,0.0,0.0,0.0,,,,,
solar_elevation_gt_10,D+3,2025-11,nanjing_1,270.0,0.0,0.0,0.0,0.0,0.0,0.0,0.0,,,,,
solar_elevation_gt_10,D+3,2025-11,nanjing_2,270.0,0.0,0.0,0.0,0.0,0.0,0.0,0.0,,,,,
solar_elevation_gt_10,D+3,2025-11,nantong_1,255.0,0.0,0.0,0.0,0.0,0.0,0.0,0.0,,,,,
solar_elevation_gt_10,D+3,2025-11,nantong_2,251.0,0.0,0.0,0.0,0.0,0.0,0.0,0.0,,,,,
solar_elevation_gt_10,D+3,2025-11,suqian_1,264.0,0.0,0.0,0.0,0.0,0.0,0.0,0.0,,,,,
solar_elevation_gt_10,D+3,2025-11,suzhou_1,257.0,0.0,0.0,0.0,0.0,0.0,0.0,0.0,,,,,
solar_elevation_gt_10,D+3,2025-11,taizhou_1,259.0,0.0,0.0,0.0,0.0,0.0,0.0,0.0,,,,,
solar_elevation_gt_10,D+3,2025-11,taizhou_2,254.0,0.0,0.0,0.0,0.0,0.0,0.0,0.0,,,,,
solar_elevation_gt_10,D+3,2025-11,wuxi_1,266.0,0.0,0.0,0.0,0.0,0.0,0.0,0.0,,,,,
solar_elevation_gt_10,D+3,2025-11,xuzhou_1,267.0,0.0,0.0,0.0,0.0,0.0,0.0,0.0,,,,,
solar_elevation_gt_10,D+3,2025-11,xuzhou_2,270.0,0.0,0.0,0.0,0.0,0.0,0.0,0.0,,,,,
solar_elevation_gt_10,D+3,2025-11,yancheng_1,254.0,0.0,0.0,0.0,0.0,0.0,0.0,0.0,,,,,
solar_elevation_gt_10,D+3,2025-11,yancheng_2,253.0,0.0,0.0,0.0,0.0,0.0,0.0,0.0,,,,,
solar_elevation_gt_10,D+3,2025-11,yancheng_3,258.0,0.0,0.0,0.0,0.0,0.0,0.0,0.0,,,,,
solar_elevation_gt_10,D+3,2025-12,changzhou_1,267.0,0.0,0.0,0.0,0.0,0.0,0.0,0.0,,,,,
solar_elevation_gt_10,D+3,2025-12,huai_an_1,242.0,0.0,0.0,0.0,0.0,0.0,0.0,0.0,,,,,
solar_elevation_gt_10,D+3,2025-12,huai_an_2,233.0,0.0,0.0,0.0,0.0,0.0,0.0,0.0,,,,,
solar_elevation_gt_10,D+3,2025-12,huai_an_3,244.0,0.0,0.0,0.0,0.0,0.0,0.0,0.0,,,,,
solar_elevation_gt_10,D+3,2025-12,lianyungang_1,226.0,0.0,0.0,0.0,0.0,0.0,0.0,0.0,,,,,
solar_elevation_gt_10,D+3,2025-12,lianyungang_2,226.0,0.0,0.0,0.0,0.0,0.0,0.0,0.0,,,,,
solar_elevation_gt_10,D+3,2025-12,nanjing_1,266.0,0.0,0.0,0.0,0.0,0.0,0.0,0.0,,,,,
solar_elevation_gt_10,D+3,2025-12,nanjing_2,274.0,0.0,0.0,0.0,0.0,0.0,0.0,0.0,,,,,
solar_elevation_gt_10,D+3,2025-12,nantong_1,252.0,0.0,0.0,0.0,0.0,0.0,0.0,0.0,,,,,
solar_elevation_gt_10,D+3,2025-12,nantong_2,248.0,0.0,0.0,0.0,0.0,0.0,0.0,0.0,,,,,
solar_elevation_gt_10,D+3,2025-12,suqian_1,235.0,0.0,0.0,0.0,0.0,0.0,0.0,0.0,,,,,
solar_elevation_gt_10,D+3,2025-12,suzhou_1,254.0,0.0,0.0,0.0,0.0,0.0,0.0,0.0,,,,,
solar_elevation_gt_10,D+3,2025-12,taizhou_1,247.0,0.0,0.0,0.0,0.0,0.0,0.0,0.0,,,,,
solar_elevation_gt_10,D+3,2025-12,taizhou_2,251.0,0.0,0.0,0.0,0.0,0.0,0.0,0.0,,,,,
solar_elevation_gt_10,D+3,2025-12,wuxi_1,264.0,0.0,0.0,0.0,0.0,0.0,0.0,0.0,,,,,
solar_elevation_gt_10,D+3,2025-12,xuzhou_1,248.0,0.0,0.0,0.0,0.0,0.0,0.0,0.0,,,,,
solar_elevation_gt_10,D+3,2025-12,xuzhou_2,236.0,0.0,0.0,0.0,0.0,0.0,0.0,0.0,,,,,
solar_elevation_gt_10,D+3,2025-12,yancheng_1,234.0,0.0,0.0,0.0,0.0,0.0,0.0,0.0,,,,,
solar_elevation_gt_10,D+3,2025-12,yancheng_2,245.0,0.0,0.0,0.0,0.0,0.0,0.0,0.0,,,,,
solar_elevation_gt_10,D+3,2025-12,yancheng_3,242.0,0.0,0.0,0.0,0.0,0.0,0.0,0.0,,,,,
solar_elevation_gt_10,D+3,2026-01,changzhou_1,279.0,0.0,0.0,0.0,0.0,0.0,0.0,0.0,,,,,
solar_elevation_gt_10,D+3,2026-01,huai_an_1,255.0,0.0,0.0,0.0,0.0,0.0,0.0,0.0,,,,,
solar_elevation_gt_10,D+3,2026-01,huai_an_2,252.0,0.0,0.0,0.0,0.0,0.0,0.0,0.0,,,,,
solar_elevation_gt_10,D+3,2026-01,huai_an_3,251.0,0.0,0.0,0.0,0.0,0.0,0.0,0.0,,,,,
solar_elevation_gt_10,D+3,2026-01,lianyungang_1,248.0,0.0,0.0,0.0,0.0,0.0,0.0,0.0,,,,,
solar_elevation_gt_10,D+3,2026-01,lianyungang_2,249.0,0.0,0.0,0.0,0.0,0.0,0.0,0.0,,,,,
solar_elevation_gt_10,D+3,2026-01,nanjing_1,255.0,0.0,0.0,0.0,0.0,0.0,0.0,0.0,,,,,
solar_elevation_gt_10,D+3,2026-01,nanjing_2,262.0,0.0,0.0,0.0,0.0,0.0,0.0,0.0,,,,,
solar_elevation_gt_10,D+3,2026-01,nantong_1,279.0,0.0,0.0,0.0,0.0,0.0,0.0,0.0,,,,,
solar_elevation_gt_10,D+3,2026-01,nantong_2,279.0,0.0,0.0,0.0,0.0,0.0,0.0,0.0,,,,,
solar_elevation_gt_10,D+3,2026-01,suqian_1,248.0,0.0,0.0,0.0,0.0,0.0,0.0,0.0,,,,,
solar_elevation_gt_10,D+3,2026-01,suzhou_1,279.0,0.0,0.0,0.0,0.0,0.0,0.0,0.0,,,,,
solar_elevation_gt_10,D+3,2026-01,taizhou_1,260.0,0.0,0.0,0.0,0.0,0.0,0.0,0.0,,,,,
solar_elevation_gt_10,D+3,2026-01,taizhou_2,273.0,0.0,0.0,0.0,0.0,0.0,0.0,0.0,,,,,
solar_elevation_gt_10,D+3,2026-01,wuxi_1,279.0,0.0,0.0,0.0,0.0,0.0,0.0,0.0,,,,,
solar_elevation_gt_10,D+3,2026-01,xuzhou_1,248.0,0.0,0.0,0.0,0.0,0.0,0.0,0.0,,,,,
solar_elevation_gt_10,D+3,2026-01,xuzhou_2,248.0,0.0,0.0,0.0,0.0,0.0,0.0,0.0,,,,,
solar_elevation_gt_10,D+3,2026-01,yancheng_1,254.0,0.0,0.0,0.0,0.0,0.0,0.0,0.0,,,,,
solar_elevation_gt_10,D+3,2026-01,yancheng_2,265.0,0.0,0.0,0.0,0.0,0.0,0.0,0.0,,,,,
solar_elevation_gt_10,D+3,2026-01,yancheng_3,258.0,0.0,0.0,0.0,0.0,0.0,0.0,0.0,,,,,
solar_elevation_gt_10,D+3,2026-02,changzhou_1,260.0,0.0,0.0,0.0,0.0,0.0,0.0,0.0,,,,,
solar_elevation_gt_10,D+3,2026-02,huai_an_1,258.0,0.0,0.0,0.0,0.0,0.0,0.0,0.0,,,,,
solar_elevation_gt_10,D+3,2026-02,huai_an_2,257.0,0.0,0.0,0.0,0.0,0.0,0.0,0.0,,,,,
solar_elevation_gt_10,D+3,2026-02,huai_an_3,262.0,0.0,0.0,0.0,0.0,0.0,0.0,0.0,,,,,
solar_elevation_gt_10,D+3,2026-02,lianyungang_1,257.0,0.0,0.0,0.0,0.0,0.0,0.0,0.0,,,,,
solar_elevation_gt_10,D+3,2026-02,lianyungang_2,256.0,0.0,0.0,0.0,0.0,0.0,0.0,0.0,,,,,
solar_elevation_gt_10,D+3,2026-02,nanjing_1,264.0,0.0,0.0,0.0,0.0,0.0,0.0,0.0,,,,,
solar_elevation_gt_10,D+3,2026-02,nanjing_2,263.0,0.0,0.0,0.0,0.0,0.0,0.0,0.0,,,,,
solar_elevation_gt_10,D+3,2026-02,nantong_1,253.0,0.0,0.0,0.0,0.0,0.0,0.0,0.0,,,,,
solar_elevation_gt_10,D+3,2026-02,nantong_2,252.0,0.0,0.0,0.0,0.0,0.0,0.0,0.0,,,,,
solar_elevation_gt_10,D+3,2026-02,suqian_1,260.0,0.0,0.0,0.0,0.0,0.0,0.0,0.0,,,,,
solar_elevation_gt_10,D+3,2026-02,suzhou_1,254.0,0.0,0.0,0.0,0.0,0.0,0.0,0.0,,,,,
solar_elevation_gt_10,D+3,2026-02,taizhou_1,258.0,0.0,0.0,0.0,0.0,0.0,0.0,0.0,,,,,
solar_elevation_gt_10,D+3,2026-02,taizhou_2,254.0,0.0,0.0,0.0,0.0,0.0,0.0,0.0,,,,,
solar_elevation_gt_10,D+3,2026-02,wuxi_1,258.0,0.0,0.0,0.0,0.0,0.0,0.0,0.0,,,,,
solar_elevation_gt_10,D+3,2026-02,xuzhou_1,256.0,0.0,0.0,0.0,0.0,0.0,0.0,0.0,,,,,
solar_elevation_gt_10,D+3,2026-02,xuzhou_2,258.0,0.0,0.0,0.0,0.0,0.0,0.0,0.0,,,,,
solar_elevation_gt_10,D+3,2026-02,yancheng_1,256.0,0.0,0.0,0.0,0.0,0.0,0.0,0.0,,,,,
solar_elevation_gt_10,D+3,2026-02,yancheng_2,253.0,0.0,0.0,0.0,0.0,0.0,0.0,0.0,,,,,
solar_elevation_gt_10,D+3,2026-02,yancheng_3,257.0,0.0,0.0,0.0,0.0,0.0,0.0,0.0,,,,,
solar_elevation_gt_10,D+3,2026-03,changzhou_1,326.0,0.0,0.0,0.0,0.0,0.0,0.0,0.0,,,,,
solar_elevation_gt_10,D+3,2026-03,huai_an_1,324.0,0.0,0.0,0.0,0.0,0.0,0.0,0.0,,,,,
solar_elevation_gt_10,D+3,2026-03,huai_an_2,324.0,0.0,0.0,0.0,0.0,0.0,0.0,0.0,,,,,
solar_elevation_gt_10,D+3,2026-03,huai_an_3,322.0,0.0,0.0,0.0,0.0,0.0,0.0,0.0,,,,,
solar_elevation_gt_10,D+3,2026-03,lianyungang_1,321.0,0.0,0.0,0.0,0.0,0.0,0.0,0.0,,,,,
solar_elevation_gt_10,D+3,2026-03,lianyungang_2,323.0,0.0,0.0,0.0,0.0,0.0,0.0,0.0,,,,,
solar_elevation_gt_10,D+3,2026-03,nanjing_1,322.0,0.0,0.0,0.0,0.0,0.0,0.0,0.0,,,,,
solar_elevation_gt_10,D+3,2026-03,nanjing_2,324.0,0.0,0.0,0.0,0.0,0.0,0.0,0.0,,,,,
solar_elevation_gt_10,D+3,2026-03,nantong_1,330.0,0.0,0.0,0.0,0.0,0.0,0.0,0.0,,,,,
solar_elevation_gt_10,D+3,2026-03,nantong_2,330.0,0.0,0.0,0.0,0.0,0.0,0.0,0.0,,,,,
solar_elevation_gt_10,D+3,2026-03,suqian_1,320.0,0.0,0.0,0.0,0.0,0.0,0.0,0.0,,,,,
solar_elevation_gt_10,D+3,2026-03,suzhou_1,330.0,0.0,0.0,0.0,0.0,0.0,0.0,0.0,,,,,
solar_elevation_gt_10,D+3,2026-03,taizhou_1,325.0,0.0,0.0,0.0,0.0,0.0,0.0,0.0,,,,,
solar_elevation_gt_10,D+3,2026-03,taizhou_2,328.0,0.0,0.0,0.0,0.0,0.0,0.0,0.0,,,,,
solar_elevation_gt_10,D+3,2026-03,wuxi_1,327.0,0.0,0.0,0.0,0.0,0.0,0.0,0.0,,,,,
solar_elevation_gt_10,D+3,2026-03,xuzhou_1,315.0,0.0,0.0,0.0,0.0,0.0,0.0,0.0,,,,,
solar_elevation_gt_10,D+3,2026-03,xuzhou_2,318.0,0.0,0.0,0.0,0.0,0.0,0.0,0.0,,,,,
solar_elevation_gt_10,D+3,2026-03,yancheng_1,325.0,0.0,0.0,0.0,0.0,0.0,0.0,0.0,,,,,
solar_elevation_gt_10,D+3,2026-03,yancheng_2,327.0,0.0,0.0,0.0,0.0,0.0,0.0,0.0,,,,,
solar_elevation_gt_10,D+3,2026-03,yancheng_3,325.0,0.0,0.0,0.0,0.0,0.0,0.0,0.0,,,,,
solar_elevation_gt_10,D+3,2026-04,changzhou_1,330.0,0.0,0.0,0.0,0.0,0.0,0.0,0.0,,,,,
solar_elevation_gt_10,D+3,2026-04,huai_an_1,330.0,0.0,0.0,0.0,0.0,0.0,0.0,0.0,,,,,
solar_elevation_gt_10,D+3,2026-04,huai_an_2,330.0,0.0,0.0,0.0,0.0,0.0,0.0,0.0,,,,,
solar_elevation_gt_10,D+3,2026-04,huai_an_3,330.0,0.0,0.0,0.0,0.0,0.0,0.0,0.0,,,,,
solar_elevation_gt_10,D+3,2026-04,lianyungang_1,330.0,0.0,0.0,0.0,0.0,0.0,0.0,0.0,,,,,
solar_elevation_gt_10,D+3,2026-04,lianyungang_2,330.0,0.0,0.0,0.0,0.0,0.0,0.0,0.0,,,,,
solar_elevation_gt_10,D+3,2026-04,nanjing_1,330.0,0.0,0.0,0.0,0.0,0.0,0.0,0.0,,,,,
solar_elevation_gt_10,D+3,2026-04,nanjing_2,330.0,0.0,0.0,0.0,0.0,0.0,0.0,0.0,,,,,
solar_elevation_gt_10,D+3,2026-04,nantong_1,330.0,0.0,0.0,0.0,0.0,0.0,0.0,0.0,,,,,
solar_elevation_gt_10,D+3,2026-04,nantong_2,330.0,0.0,0.0,0.0,0.0,0.0,0.0,0.0,,,,,
solar_elevation_gt_10,D+3,2026-04,suqian_1,330.0,0.0,0.0,0.0,0.0,0.0,0.0,0.0,,,,,
solar_elevation_gt_10,D+3,2026-04,suzhou_1,330.0,0.0,0.0,0.0,0.0,0.0,0.0,0.0,,,,,
solar_elevation_gt_10,D+3,2026-04,taizhou_1,330.0,0.0,0.0,0.0,0.0,0.0,0.0,0.0,,,,,
solar_elevation_gt_10,D+3,2026-04,taizhou_2,330.0,0.0,0.0,0.0,0.0,0.0,0.0,0.0,,,,,
solar_elevation_gt_10,D+3,2026-04,wuxi_1,330.0,0.0,0.0,0.0,0.0,0.0,0.0,0.0,,,,,
solar_elevation_gt_10,D+3,2026-04,xuzhou_1,335.0,0.0,0.0,0.0,0.0,0.0,0.0,0.0,,,,,
solar_elevation_gt_10,D+3,2026-04,xuzhou_2,330.0,0.0,0.0,0.0,0.0,0.0,0.0,0.0,,,,,
solar_elevation_gt_10,D+3,2026-04,yancheng_1,330.0,0.0,0.0,0.0,0.0,0.0,0.0,0.0,,,,,
solar_elevation_gt_10,D+3,2026-04,yancheng_2,330.0,0.0,0.0,0.0,0.0,0.0,0.0,0.0,,,,,
solar_elevation_gt_10,D+3,2026-04,yancheng_3,330.0,0.0,0.0,0.0,0.0,0.0,0.0,0.0,,,,,
solar_elevation_gt_10,D+3,2026-05,changzhou_1,371.0,0.0,0.0,0.0,0.0,0.0,0.0,0.0,,,,,
solar_elevation_gt_10,D+3,2026-05,huai_an_1,379.0,0.0,0.0,0.0,0.0,0.0,0.0,0.0,,,,,
solar_elevation_gt_10,D+3,2026-05,huai_an_2,382.0,0.002617801047120419,0.0,0.002617801047120419,0.0,0.0,0.0,1.0,0.0,0.0,0.0,1.0,100.0
solar_elevation_gt_10,D+3,2026-05,huai_an_3,379.0,0.002638522427440633,0.0,0.002638522427440633,0.0,0.0,0.0,1.0,0.0,0.0,0.0,1.0,100.0
solar_elevation_gt_10,D+3,2026-05,lianyungang_1,386.0,0.0,0.0,0.0,0.0,0.0,0.0,0.0,,,,,
solar_elevation_gt_10,D+3,2026-05,lianyungang_2,385.0,0.0,0.0,0.0,0.0,0.0,0.0,0.0,,,,,
solar_elevation_gt_10,D+3,2026-05,nanjing_1,373.0,0.002680965147453083,0.0,0.002680965147453083,0.0,0.0,0.0,1.0,0.0,0.0,0.0,1.0,100.0
solar_elevation_gt_10,D+3,2026-05,nanjing_2,371.0,0.0,0.0,0.0,0.0,0.0,0.0,0.0,,,,,
solar_elevation_gt_10,D+3,2026-05,nantong_1,371.0,0.0,0.0,0.0,0.0,0.0,0.0,0.0,,,,,
solar_elevation_gt_10,D+3,2026-05,nantong_2,372.0,0.0,0.0,0.0,0.0,0.0,0.0,0.0,,,,,
solar_elevation_gt_10,D+3,2026-05,suqian_1,382.0,0.002617801047120419,0.0,0.002617801047120419,0.0,0.0,0.0,1.0,0.0,0.0,0.0,1.0,100.0
solar_elevation_gt_10,D+3,2026-05,suzhou_1,369.0,0.0,0.0,0.0,0.0,0.0,0.0,0.0,,,,,
solar_elevation_gt_10,D+3,2026-05,taizhou_1,378.0,0.0,0.0,0.0,0.0,0.0,0.0,0.0,,,,,
solar_elevation_gt_10,D+3,2026-05,taizhou_2,376.0,0.0,0.0,0.0,0.0,0.0,0.0,0.0,,,,,
solar_elevation_gt_10,D+3,2026-05,wuxi_1,369.0,0.0,0.0,0.0,0.0,0.0,0.0,0.0,,,,,
solar_elevation_gt_10,D+3,2026-05,xuzhou_1,376.0,0.0,0.0,0.0,0.0,0.0,0.0,0.0,,,,,
solar_elevation_gt_10,D+3,2026-05,xuzhou_2,383.0,0.0,0.0,0.0,0.0,0.0,0.0,0.0,,,,,
solar_elevation_gt_10,D+3,2026-05,yancheng_1,381.0,0.0,0.0,0.0,0.0,0.0,0.0,0.0,,,,,
solar_elevation_gt_10,D+3,2026-05,yancheng_2,377.0,0.0,0.0,0.0,0.0,0.0,0.0,0.0,,,,,
solar_elevation_gt_10,D+3,2026-05,yancheng_3,378.0,0.0,0.0,0.0,0.0,0.0,0.0,0.0,,,,,
solar_elevation_gt_10,D+3,2026-06,changzhou_1,390.0,0.002564102564102564,0.0,0.002564102564102564,0.0,0.0,0.0,1.0,0.0,0.0,0.0,1.0,100.0
solar_elevation_gt_10,D+3,2026-06,huai_an_1,390.0,0.0,0.0,0.0,0.0,0.0,0.0,0.0,,,,,
solar_elevation_gt_10,D+3,2026-06,huai_an_2,390.0,0.0,0.0,0.0,0.0,0.0,0.0,0.0,,,,,
solar_elevation_gt_10,D+3,2026-06,huai_an_3,390.0,0.0,0.0,0.0,0.0,0.0,0.0,0.0,,,,,
solar_elevation_gt_10,D+3,2026-06,lianyungang_1,390.0,0.0,0.0,0.0,0.0,0.0,0.0,0.0,,,,,
solar_elevation_gt_10,D+3,2026-06,lianyungang_2,390.0,0.0,0.0,0.0,0.0,0.0,0.0,0.0,,,,,
solar_elevation_gt_10,D+3,2026-06,nanjing_1,390.0,0.002564102564102564,0.0,0.002564102564102564,0.0,0.0,0.0,1.0,0.0,0.0,0.0,1.0,100.0
solar_elevation_gt_10,D+3,2026-06,nanjing_2,390.0,0.0,0.0,0.0,0.0,0.0,0.0,0.0,,,,,
solar_elevation_gt_10,D+3,2026-06,nantong_1,390.0,0.0,0.0,0.0,0.0,0.0,0.0,0.0,,,,,
solar_elevation_gt_10,D+3,2026-06,nantong_2,387.0,0.0,0.0,0.0,0.0,0.0,0.0,0.0,,,,,
solar_elevation_gt_10,D+3,2026-06,suqian_1,390.0,0.0,0.0,0.0,0.0,0.0,0.0,0.0,,,,,
solar_elevation_gt_10,D+3,2026-06,suzhou_1,390.0,0.0,0.0,0.0,0.0,0.0,0.0,0.0,,,,,
solar_elevation_gt_10,D+3,2026-06,taizhou_1,390.0,0.0,0.0,0.0,0.0,0.0,0.0,0.0,,,,,
solar_elevation_gt_10,D+3,2026-06,taizhou_2,390.0,0.0,0.0,0.0,0.0,0.0,0.0,0.0,,,,,
solar_elevation_gt_10,D+3,2026-06,wuxi_1,390.0,0.0,0.0,0.0,0.0,0.0,0.0,0.0,,,,,
solar_elevation_gt_10,D+3,2026-06,xuzhou_1,385.0,0.0,0.0,0.0,0.0,0.0,0.0,0.0,,,,,
solar_elevation_gt_10,D+3,2026-06,xuzhou_2,390.0,0.0,0.0,0.0,0.0,0.0,0.0,0.0,,,,,
solar_elevation_gt_10,D+3,2026-06,yancheng_1,390.0,0.0,0.0,0.0,0.0,0.0,0.0,0.0,,,,,
solar_elevation_gt_10,D+3,2026-06,yancheng_2,390.0,0.0,0.0,0.0,0.0,0.0,0.0,0.0,,,,,
solar_elevation_gt_10,D+3,2026-06,yancheng_3,390.0,0.0,0.0,0.0,0.0,0.0,0.0,0.0,,,,,
solar_elevation_gt_10,D+3,2026-07,changzhou_1,383.0,0.0026109660574412533,0.0,0.0026109660574412533,0.0,0.0,0.0,1.0,0.0,0.0,0.0,1.0,100.0
solar_elevation_gt_10,D+3,2026-07,huai_an_1,386.0,0.0,0.0,0.0,0.0,0.0,0.0,0.0,,,,,
solar_elevation_gt_10,D+3,2026-07,huai_an_2,388.0,0.0,0.0,0.0,0.0,0.0,0.0,0.0,,,,,
solar_elevation_gt_10,D+3,2026-07,huai_an_3,379.0,0.0,0.0,0.0,0.0,0.0,0.0,0.0,,,,,
solar_elevation_gt_10,D+3,2026-07,lianyungang_1,385.0,0.0,0.0,0.0,0.0,0.0,0.0,0.0,,,,,
solar_elevation_gt_10,D+3,2026-07,lianyungang_2,391.0,0.0,0.0,0.0,0.0,0.0,0.0,0.0,,,,,
solar_elevation_gt_10,D+3,2026-07,nanjing_1,374.0,0.0,0.0,0.0,0.0,0.0,0.0,0.0,,,,,
solar_elevation_gt_10,D+3,2026-07,nanjing_2,377.0,0.002652519893899204,0.0,0.002652519893899204,0.0,0.0,0.0,1.0,0.0,0.0,0.0,1.0,100.0
solar_elevation_gt_10,D+3,2026-07,nantong_1,394.0,0.0,0.0,0.0,0.0,0.0,0.0,0.0,,,,,
solar_elevation_gt_10,D+3,2026-07,nantong_2,395.0,0.0,0.0,0.0,0.0,0.0,0.0,0.0,,,,,
solar_elevation_gt_10,D+3,2026-07,suqian_1,379.0,0.0,0.0,0.0,0.0,0.0,0.0,0.0,,,,,
solar_elevation_gt_10,D+3,2026-07,suzhou_1,392.0,0.0,0.0,0.0,0.0,0.0,0.0,0.0,,,,,
solar_elevation_gt_10,D+3,2026-07,taizhou_1,387.0,0.0,0.0,0.0,0.0,0.0,0.0,0.0,,,,,
solar_elevation_gt_10,D+3,2026-07,taizhou_2,393.0,0.0,0.0,0.0,0.0,0.0,0.0,0.0,,,,,
solar_elevation_gt_10,D+3,2026-07,wuxi_1,386.0,0.0,0.0,0.0,0.0,0.0,0.0,0.0,,,,,
solar_elevation_gt_10,D+3,2026-07,xuzhou_1,372.0,0.0,0.0,0.0,0.0,0.0,0.0,0.0,,,,,
solar_elevation_gt_10,D+3,2026-07,xuzhou_2,373.0,0.0,0.0,0.0,0.0,0.0,0.0,0.0,,,,,
solar_elevation_gt_10,D+3,2026-07,yancheng_1,391.0,0.0,0.0,0.0,0.0,0.0,0.0,0.0,,,,,
solar_elevation_gt_10,D+3,2026-07,yancheng_2,394.0,0.0,0.0,0.0,0.0,0.0,0.0,0.0,,,,,
solar_elevation_gt_10,D+3,2026-07,yancheng_3,388.0,0.0,0.0,0.0,0.0,0.0,0.0,0.0,,,,,
solar_elevation_gt_10,D+3,2026-08,changzhou_1,347.0,0.0,0.0,0.0,0.0,0.0,0.0,0.0,,,,,
solar_elevation_gt_10,D+3,2026-08,huai_an_1,351.0,0.0,0.0,0.0,0.0,0.0,0.0,0.0,,,,,
solar_elevation_gt_10,D+3,2026-08,huai_an_2,352.0,0.0,0.0,0.0,0.0,0.0,0.0,0.0,,,,,
solar_elevation_gt_10,D+3,2026-08,huai_an_3,354.0,0.0,0.0,0.0,0.0,0.0,0.0,0.0,,,,,
solar_elevation_gt_10,D+3,2026-08,lianyungang_1,356.0,0.0,0.0,0.0,0.0,0.0,0.0,0.0,,,,,
solar_elevation_gt_10,D+3,2026-08,lianyungang_2,353.0,0.0,0.0,0.0,0.0,0.0,0.0,0.0,,,,,
solar_elevation_gt_10,D+3,2026-08,nanjing_1,353.0,0.0,0.0,0.0,0.0,0.0,0.0,0.0,,,,,
solar_elevation_gt_10,D+3,2026-08,nanjing_2,351.0,0.0,0.0,0.0,0.0,0.0,0.0,0.0,,,,,
solar_elevation_gt_10,D+3,2026-08,nantong_1,341.0,0.0,0.0,0.0,0.0,0.0,0.0,0.0,,,,,
solar_elevation_gt_10,D+3,2026-08,nantong_2,341.0,0.0,0.0,0.0,0.0,0.0,0.0,0.0,,,,,
solar_elevation_gt_10,D+3,2026-08,suqian_1,356.0,0.0,0.0,0.0,0.0,0.0,0.0,0.0,,,,,
solar_elevation_gt_10,D+3,2026-08,suzhou_1,341.0,0.0,0.0,0.0,0.0,0.0,0.0,0.0,,,,,
solar_elevation_gt_10,D+3,2026-08,taizhou_1,349.0,0.0,0.0,0.0,0.0,0.0,0.0,0.0,,,,,
solar_elevation_gt_10,D+3,2026-08,taizhou_2,345.0,0.0,0.0,0.0,0.0,0.0,0.0,0.0,,,,,
solar_elevation_gt_10,D+3,2026-08,wuxi_1,344.0,0.0,0.0,0.0,0.0,0.0,0.0,0.0,,,,,
solar_elevation_gt_10,D+3,2026-08,xuzhou_1,363.0,0.0,0.0,0.0,0.0,0.0,0.0,0.0,,,,,
solar_elevation_gt_10,D+3,2026-08,xuzhou_2,360.0,0.0,0.0,0.0,0.0,0.0,0.0,0.0,,,,,
solar_elevation_gt_10,D+3,2026-08,yancheng_1,350.0,0.0,0.0,0.0,0.0,0.0,0.0,0.0,,,,,
solar_elevation_gt_10,D+3,2026-08,yancheng_2,345.0,0.0,0.0,0.0,0.0,0.0,0.0,0.0,,,,,
solar_elevation_gt_10,D+3,2026-08,yancheng_3,349.0,0.0,0.0,0.0,0.0,0.0,0.0,0.0,,,,,
solar_elevation_gt_15,D+1,2024-02,changzhou_1,245.0,0.0,0.0,0.0,0.0,0.0,0.0,0.0,,,,,
solar_elevation_gt_15,D+1,2024-02,huai_an_1,241.0,0.0,0.0,0.0,0.0,0.0,0.0,0.0,,,,,
solar_elevation_gt_15,D+1,2024-02,huai_an_2,239.0,0.0,0.0,0.0,0.0,0.0,0.0,0.0,,,,,
solar_elevation_gt_15,D+1,2024-02,huai_an_3,238.0,0.0,0.0,0.0,0.0,0.0,0.0,0.0,,,,,
solar_elevation_gt_15,D+1,2024-02,lianyungang_1,236.0,0.0,0.0,0.0,0.0,0.0,0.0,0.0,,,,,
solar_elevation_gt_15,D+1,2024-02,lianyungang_2,238.0,0.0,0.0,0.0,0.0,0.0,0.0,0.0,,,,,
solar_elevation_gt_15,D+1,2024-02,nanjing_1,240.0,0.0,0.0,0.0,0.0,0.0,0.0,0.0,,,,,
solar_elevation_gt_15,D+1,2024-02,nanjing_2,242.0,0.0,0.0,0.0,0.0,0.0,0.0,0.0,,,,,
solar_elevation_gt_15,D+1,2024-02,nantong_1,248.0,0.0,0.0,0.0,0.0,0.0,0.0,0.0,,,,,
solar_elevation_gt_15,D+1,2024-02,nantong_2,251.0,0.0,0.0,0.0,0.0,0.0,0.0,0.0,,,,,
solar_elevation_gt_15,D+1,2024-02,suqian_1,236.0,0.0,0.0,0.0,0.0,0.0,0.0,0.0,,,,,
solar_elevation_gt_15,D+1,2024-02,suzhou_1,249.0,0.0,0.0,0.0,0.0,0.0,0.0,0.0,,,,,
solar_elevation_gt_15,D+1,2024-02,taizhou_1,242.0,0.0,0.0,0.0,0.0,0.0,0.0,0.0,,,,,
solar_elevation_gt_15,D+1,2024-02,taizhou_2,245.0,0.0,0.0,0.0,0.0,0.0,0.0,0.0,,,,,
solar_elevation_gt_15,D+1,2024-02,wuxi_1,247.0,0.0,0.0,0.0,0.0,0.0,0.0,0.0,,,,,
solar_elevation_gt_15,D+1,2024-02,xuzhou_1,232.0,0.0,0.0,0.0,0.0,0.0,0.0,0.0,,,,,
solar_elevation_gt_15,D+1,2024-02,xuzhou_2,233.0,0.0,0.0,0.0,0.0,0.0,0.0,0.0,,,,,
solar_elevation_gt_15,D+1,2024-02,yancheng_1,240.0,0.0,0.0,0.0,0.0,0.0,0.0,0.0,,,,,
solar_elevation_gt_15,D+1,2024-02,yancheng_2,244.0,0.0,0.0,0.0,0.0,0.0,0.0,0.0,,,,,
solar_elevation_gt_15,D+1,2024-02,yancheng_3,242.0,0.0,0.0,0.0,0.0,0.0,0.0,0.0,,,,,
solar_elevation_gt_15,D+1,2024-03,changzhou_1,288.0,0.0,0.0,0.0,0.0,0.0,0.0,0.0,,,,,
solar_elevation_gt_15,D+1,2024-03,huai_an_1,288.0,0.0,0.0,0.0,0.0,0.0,0.0,0.0,,,,,
solar_elevation_gt_15,D+1,2024-03,huai_an_2,287.0,0.0,0.0,0.0,0.0,0.0,0.0,0.0,,,,,
solar_elevation_gt_15,D+1,2024-03,huai_an_3,292.0,0.0,0.0,0.0,0.0,0.0,0.0,0.0,,,,,
solar_elevation_gt_15,D+1,2024-03,lianyungang_1,291.0,0.0,0.0,0.0,0.0,0.0,0.0,0.0,,,,,
solar_elevation_gt_15,D+1,2024-03,lianyungang_2,287.0,0.0,0.0,0.0,0.0,0.0,0.0,0.0,,,,,
solar_elevation_gt_15,D+1,2024-03,nanjing_1,294.0,0.0,0.0,0.0,0.0,0.0,0.0,0.0,,,,,
solar_elevation_gt_15,D+1,2024-03,nanjing_2,292.0,0.0,0.0,0.0,0.0,0.0,0.0,0.0,,,,,
solar_elevation_gt_15,D+1,2024-03,nantong_1,282.0,0.0,0.0,0.0,0.0,0.0,0.0,0.0,,,,,
solar_elevation_gt_15,D+1,2024-03,nantong_2,283.0,0.0,0.0,0.0,0.0,0.0,0.0,0.0,,,,,
solar_elevation_gt_15,D+1,2024-03,suqian_1,293.0,0.0,0.0,0.0,0.0,0.0,0.0,0.0,,,,,
solar_elevation_gt_15,D+1,2024-03,suzhou_1,282.0,0.0,0.0,0.0,0.0,0.0,0.0,0.0,,,,,
solar_elevation_gt_15,D+1,2024-03,taizhou_1,287.0,0.0,0.0,0.0,0.0,0.0,0.0,0.0,,,,,
solar_elevation_gt_15,D+1,2024-03,taizhou_2,282.0,0.0,0.0,0.0,0.0,0.0,0.0,0.0,,,,,
solar_elevation_gt_15,D+1,2024-03,wuxi_1,285.0,0.0,0.0,0.0,0.0,0.0,0.0,0.0,,,,,
solar_elevation_gt_15,D+1,2024-03,xuzhou_1,298.0,0.0,0.0,0.0,0.0,0.0,0.0,0.0,,,,,
solar_elevation_gt_15,D+1,2024-03,xuzhou_2,297.0,0.0,0.0,0.0,0.0,0.0,0.0,0.0,,,,,
solar_elevation_gt_15,D+1,2024-03,yancheng_1,286.0,0.0,0.0,0.0,0.0,0.0,0.0,0.0,,,,,
solar_elevation_gt_15,D+1,2024-03,yancheng_2,282.0,0.0,0.0,0.0,0.0,0.0,0.0,0.0,,,,,
solar_elevation_gt_15,D+1,2024-03,yancheng_3,286.0,0.0,0.0,0.0,0.0,0.0,0.0,0.0,,,,,
solar_elevation_gt_15,D+1,2024-04,changzhou_1,328.0,0.0,0.0,0.0,0.0,0.0,0.0,0.0,,,,,
solar_elevation_gt_15,D+1,2024-04,huai_an_1,326.0,0.0,0.0,0.0,0.0,0.0,0.0,0.0,,,,,
solar_elevation_gt_15,D+1,2024-04,huai_an_2,326.0,0.0,0.0,0.0,0.0,0.0,0.0,0.0,,,,,
solar_elevation_gt_15,D+1,2024-04,huai_an_3,324.0,0.0,0.0,0.0,0.0,0.0,0.0,0.0,,,,,
solar_elevation_gt_15,D+1,2024-04,lianyungang_1,323.0,0.0,0.0,0.0,0.0,0.0,0.0,0.0,,,,,
solar_elevation_gt_15,D+1,2024-04,lianyungang_2,326.0,0.0,0.0,0.0,0.0,0.0,0.0,0.0,,,,,
solar_elevation_gt_15,D+1,2024-04,nanjing_1,324.0,0.0,0.0,0.0,0.0,0.0,0.0,0.0,,,,,
solar_elevation_gt_15,D+1,2024-04,nanjing_2,325.0,0.0,0.0,0.0,0.0,0.0,0.0,0.0,,,,,
solar_elevation_gt_15,D+1,2024-04,nantong_1,330.0,0.0,0.0,0.0,0.0,0.0,0.0,0.0,,,,,
solar_elevation_gt_15,D+1,2024-04,nantong_2,327.0,0.0,0.0,0.0,0.0,0.0,0.0,0.0,,,,,
solar_elevation_gt_15,D+1,2024-04,suqian_1,322.0,0.0,0.0,0.0,0.0,0.0,0.0,0.0,,,,,
solar_elevation_gt_15,D+1,2024-04,suzhou_1,330.0,0.0,0.0,0.0,0.0,0.0,0.0,0.0,,,,,
solar_elevation_gt_15,D+1,2024-04,taizhou_1,327.0,0.0,0.0,0.0,0.0,0.0,0.0,0.0,,,,,
solar_elevation_gt_15,D+1,2024-04,taizhou_2,330.0,0.0,0.0,0.0,0.0,0.0,0.0,0.0,,,,,
solar_elevation_gt_15,D+1,2024-04,wuxi_1,329.0,0.0,0.0,0.0,0.0,0.0,0.0,0.0,,,,,
solar_elevation_gt_15,D+1,2024-04,xuzhou_1,317.0,0.0,0.0,0.0,0.0,0.0,0.0,0.0,,,,,
solar_elevation_gt_15,D+1,2024-04,xuzhou_2,320.0,0.0,0.0,0.0,0.0,0.0,0.0,0.0,,,,,
solar_elevation_gt_15,D+1,2024-04,yancheng_1,327.0,0.0,0.0,0.0,0.0,0.0,0.0,0.0,,,,,
solar_elevation_gt_15,D+1,2024-04,yancheng_2,330.0,0.0,0.0,0.0,0.0,0.0,0.0,0.0,,,,,
solar_elevation_gt_15,D+1,2024-04,yancheng_3,327.0,0.0,0.0,0.0,0.0,0.0,0.0,0.0,,,,,
solar_elevation_gt_15,D+1,2024-05,changzhou_1,341.0,0.0,0.0,0.0,0.0,0.0,0.0,0.0,,,,,
solar_elevation_gt_15,D+1,2024-05,huai_an_1,341.0,0.0,0.0,0.0,0.0,0.0,0.0,0.0,,,,,
solar_elevation_gt_15,D+1,2024-05,huai_an_2,341.0,0.0,0.0,0.0,0.0,0.0,0.0,0.0,,,,,
solar_elevation_gt_15,D+1,2024-05,huai_an_3,341.0,0.0,0.0,0.0,0.0,0.0,0.0,0.0,,,,,
solar_elevation_gt_15,D+1,2024-05,lianyungang_1,341.0,0.0,0.0,0.0,0.0,0.0,0.0,0.0,,,,,
solar_elevation_gt_15,D+1,2024-05,lianyungang_2,341.0,0.0,0.0,0.0,0.0,0.0,0.0,0.0,,,,,
solar_elevation_gt_15,D+1,2024-05,nanjing_1,341.0,0.0,0.0,0.0,0.0,0.0,0.0,0.0,,,,,
solar_elevation_gt_15,D+1,2024-05,nanjing_2,341.0,0.0,0.0,0.0,0.0,0.0,0.0,0.0,,,,,
solar_elevation_gt_15,D+1,2024-05,nantong_1,341.0,0.0,0.0,0.0,0.0,0.0,0.0,0.0,,,,,
solar_elevation_gt_15,D+1,2024-05,nantong_2,341.0,0.0,0.0,0.0,0.0,0.0,0.0,0.0,,,,,
solar_elevation_gt_15,D+1,2024-05,suqian_1,341.0,0.0,0.0,0.0,0.0,0.0,0.0,0.0,,,,,
solar_elevation_gt_15,D+1,2024-05,suzhou_1,341.0,0.0,0.0,0.0,0.0,0.0,0.0,0.0,,,,,
solar_elevation_gt_15,D+1,2024-05,taizhou_1,341.0,0.0,0.0,0.0,0.0,0.0,0.0,0.0,,,,,
solar_elevation_gt_15,D+1,2024-05,taizhou_2,341.0,0.0,0.0,0.0,0.0,0.0,0.0,0.0,,,,,
solar_elevation_gt_15,D+1,2024-05,wuxi_1,341.0,0.0,0.0,0.0,0.0,0.0,0.0,0.0,,,,,
solar_elevation_gt_15,D+1,2024-05,xuzhou_1,341.0,0.0,0.0,0.0,0.0,0.0,0.0,0.0,,,,,
solar_elevation_gt_15,D+1,2024-05,xuzhou_2,341.0,0.0,0.0,0.0,0.0,0.0,0.0,0.0,,,,,
solar_elevation_gt_15,D+1,2024-05,yancheng_1,341.0,0.0,0.0,0.0,0.0,0.0,0.0,0.0,,,,,
solar_elevation_gt_15,D+1,2024-05,yancheng_2,341.0,0.0,0.0,0.0,0.0,0.0,0.0,0.0,,,,,
solar_elevation_gt_15,D+1,2024-05,yancheng_3,341.0,0.0,0.0,0.0,0.0,0.0,0.0,0.0,,,,,
solar_elevation_gt_15,D+1,2024-06,changzhou_1,330.0,0.0,0.0,0.0,0.0,0.0,0.0,0.0,,,,,
solar_elevation_gt_15,D+1,2024-06,huai_an_1,330.0,0.0,0.0,0.0,0.0,0.0,0.0,0.0,,,,,
solar_elevation_gt_15,D+1,2024-06,huai_an_2,330.0,0.0,0.0,0.0,0.0,0.0,0.0,0.0,,,,,
solar_elevation_gt_15,D+1,2024-06,huai_an_3,330.0,0.0,0.0,0.0,0.0,0.0,0.0,0.0,,,,,
solar_elevation_gt_15,D+1,2024-06,lianyungang_1,330.0,0.0,0.0,0.0,0.0,0.0,0.0,0.0,,,,,
solar_elevation_gt_15,D+1,2024-06,lianyungang_2,330.0,0.0,0.0,0.0,0.0,0.0,0.0,0.0,,,,,
solar_elevation_gt_15,D+1,2024-06,nanjing_1,330.0,0.0,0.0,0.0,0.0,0.0,0.0,0.0,,,,,
solar_elevation_gt_15,D+1,2024-06,nanjing_2,330.0,0.0,0.0,0.0,0.0,0.0,0.0,0.0,,,,,
solar_elevation_gt_15,D+1,2024-06,nantong_1,330.0,0.0,0.0,0.0,0.0,0.0,0.0,0.0,,,,,
solar_elevation_gt_15,D+1,2024-06,nantong_2,330.0,0.0,0.0,0.0,0.0,0.0,0.0,0.0,,,,,
solar_elevation_gt_15,D+1,2024-06,suqian_1,330.0,0.0,0.0,0.0,0.0,0.0,0.0,0.0,,,,,
solar_elevation_gt_15,D+1,2024-06,suzhou_1,330.0,0.0,0.0,0.0,0.0,0.0,0.0,0.0,,,,,
solar_elevation_gt_15,D+1,2024-06,taizhou_1,330.0,0.0,0.0,0.0,0.0,0.0,0.0,0.0,,,,,
solar_elevation_gt_15,D+1,2024-06,taizhou_2,330.0,0.0,0.0,0.0,0.0,0.0,0.0,0.0,,,,,
solar_elevation_gt_15,D+1,2024-06,wuxi_1,330.0,0.0,0.0,0.0,0.0,0.0,0.0,0.0,,,,,
solar_elevation_gt_15,D+1,2024-06,xuzhou_1,357.0,0.0,0.0,0.0,0.0,0.0,0.0,0.0,,,,,
solar_elevation_gt_15,D+1,2024-06,xuzhou_2,347.0,0.0,0.0,0.0,0.0,0.0,0.0,0.0,,,,,
solar_elevation_gt_15,D+1,2024-06,yancheng_1,330.0,0.0,0.0,0.0,0.0,0.0,0.0,0.0,,,,,
solar_elevation_gt_15,D+1,2024-06,yancheng_2,330.0,0.0,0.0,0.0,0.0,0.0,0.0,0.0,,,,,
solar_elevation_gt_15,D+1,2024-06,yancheng_3,330.0,0.0,0.0,0.0,0.0,0.0,0.0,0.0,,,,,
solar_elevation_gt_15,D+1,2024-07,changzhou_1,341.0,0.0,0.0,0.0,0.0,0.0,0.0,0.0,,,,,
solar_elevation_gt_15,D+1,2024-07,huai_an_1,341.0,0.0,0.0,0.0,0.0,0.0,0.0,0.0,,,,,
solar_elevation_gt_15,D+1,2024-07,huai_an_2,341.0,0.0,0.0,0.0,0.0,0.0,0.0,0.0,,,,,
solar_elevation_gt_15,D+1,2024-07,huai_an_3,341.0,0.0,0.0,0.0,0.0,0.0,0.0,0.0,,,,,
solar_elevation_gt_15,D+1,2024-07,lianyungang_1,341.0,0.002932551319648094,0.0,0.002932551319648094,0.0,0.0,0.0,1.0,0.0,0.0,0.0,1.0,100.0
solar_elevation_gt_15,D+1,2024-07,lianyungang_2,341.0,0.0,0.0,0.0,0.0,0.0,0.0,0.0,,,,,
solar_elevation_gt_15,D+1,2024-07,nanjing_1,341.0,0.0,0.0,0.0,0.0,0.0,0.0,0.0,,,,,
solar_elevation_gt_15,D+1,2024-07,nanjing_2,341.0,0.0,0.0,0.0,0.0,0.0,0.0,0.0,,,,,
solar_elevation_gt_15,D+1,2024-07,nantong_1,341.0,0.0,0.0,0.0,0.0,0.0,0.0,0.0,,,,,
solar_elevation_gt_15,D+1,2024-07,nantong_2,341.0,0.0,0.0,0.0,0.0,0.0,0.0,0.0,,,,,
solar_elevation_gt_15,D+1,2024-07,suqian_1,341.0,0.0,0.0,0.0,0.0,0.0,0.0,0.0,,,,,
solar_elevation_gt_15,D+1,2024-07,suzhou_1,341.0,0.0,0.0,0.0,0.0,0.0,0.0,0.0,,,,,
solar_elevation_gt_15,D+1,2024-07,taizhou_1,341.0,0.0,0.0,0.0,0.0,0.0,0.0,0.0,,,,,
solar_elevation_gt_15,D+1,2024-07,taizhou_2,341.0,0.0,0.0,0.0,0.0,0.0,0.0,0.0,,,,,
solar_elevation_gt_15,D+1,2024-07,wuxi_1,341.0,0.0,0.0,0.0,0.0,0.0,0.0,0.0,,,,,
solar_elevation_gt_15,D+1,2024-07,xuzhou_1,366.0,0.0,0.0,0.0,0.0,0.0,0.0,0.0,,,,,
solar_elevation_gt_15,D+1,2024-07,xuzhou_2,358.0,0.0,0.0,0.0,0.0,0.0,0.0,0.0,,,,,
solar_elevation_gt_15,D+1,2024-07,yancheng_1,341.0,0.0,0.0,0.0,0.0,0.0,0.0,0.0,,,,,
solar_elevation_gt_15,D+1,2024-07,yancheng_2,341.0,0.0,0.0,0.0,0.0,0.0,0.0,0.0,,,,,
solar_elevation_gt_15,D+1,2024-07,yancheng_3,341.0,0.0,0.0,0.0,0.0,0.0,0.0,0.0,,,,,
solar_elevation_gt_15,D+1,2024-08,changzhou_1,341.0,0.0,0.0,0.0,0.0,0.0,0.0,0.0,,,,,
solar_elevation_gt_15,D+1,2024-08,huai_an_1,341.0,0.0,0.0,0.0,0.0,0.0,0.0,0.0,,,,,
solar_elevation_gt_15,D+1,2024-08,huai_an_2,341.0,0.0,0.0,0.0,0.0,0.0,0.0,0.0,,,,,
solar_elevation_gt_15,D+1,2024-08,huai_an_3,341.0,0.0,0.0,0.0,0.0,0.0,0.0,0.0,,,,,
solar_elevation_gt_15,D+1,2024-08,lianyungang_1,341.0,0.0,0.0,0.0,0.0,0.0,0.0,0.0,,,,,
solar_elevation_gt_15,D+1,2024-08,lianyungang_2,341.0,0.0,0.0,0.0,0.0,0.0,0.0,0.0,,,,,
solar_elevation_gt_15,D+1,2024-08,nanjing_1,341.0,0.0,0.0,0.0,0.0,0.0,0.0,0.0,,,,,
solar_elevation_gt_15,D+1,2024-08,nanjing_2,341.0,0.0,0.0,0.0,0.0,0.0,0.0,0.0,,,,,
solar_elevation_gt_15,D+1,2024-08,nantong_1,341.0,0.0,0.0,0.0,0.0,0.0,0.0,0.0,,,,,
solar_elevation_gt_15,D+1,2024-08,nantong_2,341.0,0.0,0.0,0.0,0.0,0.0,0.0,0.0,,,,,
solar_elevation_gt_15,D+1,2024-08,suqian_1,341.0,0.0,0.0,0.0,0.0,0.0,0.0,0.0,,,,,
solar_elevation_gt_15,D+1,2024-08,suzhou_1,341.0,0.0,0.0,0.0,0.0,0.0,0.0,0.0,,,,,
solar_elevation_gt_15,D+1,2024-08,taizhou_1,341.0,0.0,0.0,0.0,0.0,0.0,0.0,0.0,,,,,
solar_elevation_gt_15,D+1,2024-08,taizhou_2,341.0,0.0,0.0,0.0,0.0,0.0,0.0,0.0,,,,,
solar_elevation_gt_15,D+1,2024-08,wuxi_1,341.0,0.0,0.0,0.0,0.0,0.0,0.0,0.0,,,,,
solar_elevation_gt_15,D+1,2024-08,xuzhou_1,335.0,0.0,0.0,0.0,0.0,0.0,0.0,0.0,,,,,
solar_elevation_gt_15,D+1,2024-08,xuzhou_2,340.0,0.0,0.0,0.0,0.0,0.0,0.0,0.0,,,,,
solar_elevation_gt_15,D+1,2024-08,yancheng_1,341.0,0.0,0.0,0.0,0.0,0.0,0.0,0.0,,,,,
solar_elevation_gt_15,D+1,2024-08,yancheng_2,341.0,0.0,0.0,0.0,0.0,0.0,0.0,0.0,,,,,
solar_elevation_gt_15,D+1,2024-08,yancheng_3,341.0,0.0,0.0,0.0,0.0,0.0,0.0,0.0,,,,,
solar_elevation_gt_15,D+1,2024-09,changzhou_1,294.0,0.0,0.0,0.0,0.0,0.0,0.0,0.0,,,,,
solar_elevation_gt_15,D+1,2024-09,huai_an_1,291.0,0.0,0.0,0.0,0.0,0.0,0.0,0.0,,,,,
solar_elevation_gt_15,D+1,2024-09,huai_an_2,290.0,0.0,0.0,0.0,0.0,0.0,0.0,0.0,,,,,
solar_elevation_gt_15,D+1,2024-09,huai_an_3,288.0,0.0,0.0,0.0,0.0,0.0,0.0,0.0,,,,,
solar_elevation_gt_15,D+1,2024-09,lianyungang_1,287.0,0.0,0.0,0.0,0.0,0.0,0.0,0.0,,,,,
solar_elevation_gt_15,D+1,2024-09,lianyungang_2,289.0,0.0,0.0,0.0,0.0,0.0,0.0,0.0,,,,,
solar_elevation_gt_15,D+1,2024-09,nanjing_1,289.0,0.0,0.0,0.0,0.0,0.0,0.0,0.0,,,,,
solar_elevation_gt_15,D+1,2024-09,nanjing_2,291.0,0.0,0.0,0.0,0.0,0.0,0.0,0.0,,,,,
solar_elevation_gt_15,D+1,2024-09,nantong_1,298.0,0.0,0.0,0.0,0.0,0.0,0.0,0.0,,,,,
solar_elevation_gt_15,D+1,2024-09,nantong_2,299.0,0.0,0.0,0.0,0.0,0.0,0.0,0.0,,,,,
solar_elevation_gt_15,D+1,2024-09,suqian_1,287.0,0.0,0.0,0.0,0.0,0.0,0.0,0.0,,,,,
solar_elevation_gt_15,D+1,2024-09,suzhou_1,298.0,0.0,0.0,0.0,0.0,0.0,0.0,0.0,,,,,
solar_elevation_gt_15,D+1,2024-09,taizhou_1,293.0,0.0,0.0,0.0,0.0,0.0,0.0,0.0,,,,,
solar_elevation_gt_15,D+1,2024-09,taizhou_2,295.0,0.0,0.0,0.0,0.0,0.0,0.0,0.0,,,,,
solar_elevation_gt_15,D+1,2024-09,wuxi_1,295.0,0.0,0.0,0.0,0.0,0.0,0.0,0.0,,,,,
solar_elevation_gt_15,D+1,2024-09,xuzhou_1,287.0,0.0,0.0,0.0,0.0,0.0,0.0,0.0,,,,,
solar_elevation_gt_15,D+1,2024-09,xuzhou_2,285.0,0.0,0.0,0.0,0.0,0.0,0.0,0.0,,,,,
solar_elevation_gt_15,D+1,2024-09,yancheng_1,291.0,0.0,0.0,0.0,0.0,0.0,0.0,0.0,,,,,
solar_elevation_gt_15,D+1,2024-09,yancheng_2,294.0,0.0,0.0,0.0,0.0,0.0,0.0,0.0,,,,,
solar_elevation_gt_15,D+1,2024-09,yancheng_3,292.0,0.0,0.0,0.0,0.0,0.0,0.0,0.0,,,,,
solar_elevation_gt_15,D+1,2024-10,changzhou_1,272.0,0.0,0.0,0.0,0.0,0.0,0.0,0.0,,,,,
solar_elevation_gt_15,D+1,2024-10,huai_an_1,271.0,0.0,0.0,0.0,0.0,0.0,0.0,0.0,,,,,
solar_elevation_gt_15,D+1,2024-10,huai_an_2,269.0,0.0,0.0,0.0,0.0,0.0,0.0,0.0,,,,,
solar_elevation_gt_15,D+1,2024-10,huai_an_3,273.0,0.0,0.0,0.0,0.0,0.0,0.0,0.0,,,,,
solar_elevation_gt_15,D+1,2024-10,lianyungang_1,270.0,0.0,0.0,0.0,0.0,0.0,0.0,0.0,,,,,
solar_elevation_gt_15,D+1,2024-10,lianyungang_2,268.0,0.0,0.0,0.0,0.0,0.0,0.0,0.0,,,,,
solar_elevation_gt_15,D+1,2024-10,nanjing_1,275.0,0.0,0.0,0.0,0.0,0.0,0.0,0.0,,,,,
solar_elevation_gt_15,D+1,2024-10,nanjing_2,275.0,0.0,0.0,0.0,0.0,0.0,0.0,0.0,,,,,
solar_elevation_gt_15,D+1,2024-10,nantong_1,267.0,0.0,0.0,0.0,0.0,0.0,0.0,0.0,,,,,
solar_elevation_gt_15,D+1,2024-10,nantong_2,265.0,0.0,0.0,0.0,0.0,0.0,0.0,0.0,,,,,
solar_elevation_gt_15,D+1,2024-10,suqian_1,273.0,0.0,0.0,0.0,0.0,0.0,0.0,0.0,,,,,
solar_elevation_gt_15,D+1,2024-10,suzhou_1,268.0,0.0,0.0,0.0,0.0,0.0,0.0,0.0,,,,,
solar_elevation_gt_15,D+1,2024-10,taizhou_1,270.0,0.0,0.0,0.0,0.0,0.0,0.0,0.0,,,,,
solar_elevation_gt_15,D+1,2024-10,taizhou_2,268.0,0.0,0.0,0.0,0.0,0.0,0.0,0.0,,,,,
solar_elevation_gt_15,D+1,2024-10,wuxi_1,271.0,0.0,0.0,0.0,0.0,0.0,0.0,0.0,,,,,
solar_elevation_gt_15,D+1,2024-10,xuzhou_1,276.0,0.0,0.0,0.0,0.0,0.0,0.0,0.0,,,,,
solar_elevation_gt_15,D+1,2024-10,xuzhou_2,275.0,0.0,0.0,0.0,0.0,0.0,0.0,0.0,,,,,
solar_elevation_gt_15,D+1,2024-10,yancheng_1,268.0,0.0,0.0,0.0,0.0,0.0,0.0,0.0,,,,,
solar_elevation_gt_15,D+1,2024-10,yancheng_2,267.0,0.0,0.0,0.0,0.0,0.0,0.0,0.0,,,,,
solar_elevation_gt_15,D+1,2024-10,yancheng_3,270.0,0.0,0.0,0.0,0.0,0.0,0.0,0.0,,,,,
solar_elevation_gt_15,D+1,2024-11,changzhou_1,232.0,0.0,0.0,0.0,0.0,0.0,0.0,0.0,,,,,
solar_elevation_gt_15,D+1,2024-11,huai_an_1,226.0,0.0,0.0,0.0,0.0,0.0,0.0,0.0,,,,,
solar_elevation_gt_15,D+1,2024-11,huai_an_2,223.0,0.0,0.0,0.0,0.0,0.0,0.0,0.0,,,,,
solar_elevation_gt_15,D+1,2024-11,huai_an_3,223.0,0.0,0.0,0.0,0.0,0.0,0.0,0.0,,,,,
solar_elevation_gt_15,D+1,2024-11,lianyungang_1,219.0,0.0,0.0,0.0,0.0,0.0,0.0,0.0,,,,,
solar_elevation_gt_15,D+1,2024-11,lianyungang_2,221.0,0.0,0.0,0.0,0.0,0.0,0.0,0.0,,,,,
solar_elevation_gt_15,D+1,2024-11,nanjing_1,226.0,0.0,0.0,0.0,0.0,0.0,0.0,0.0,,,,,
solar_elevation_gt_15,D+1,2024-11,nanjing_2,229.0,0.0,0.0,0.0,0.0,0.0,0.0,0.0,,,,,
solar_elevation_gt_15,D+1,2024-11,nantong_1,235.0,0.0,0.0,0.0,0.0,0.0,0.0,0.0,,,,,
solar_elevation_gt_15,D+1,2024-11,nantong_2,238.0,0.0,0.0,0.0,0.0,0.0,0.0,0.0,,,,,
solar_elevation_gt_15,D+1,2024-11,suqian_1,220.0,0.0,0.0,0.0,0.0,0.0,0.0,0.0,,,,,
solar_elevation_gt_15,D+1,2024-11,suzhou_1,237.0,0.0,0.0,0.0,0.0,0.0,0.0,0.0,,,,,
solar_elevation_gt_15,D+1,2024-11,taizhou_1,228.0,0.0,0.0,0.0,0.0,0.0,0.0,0.0,,,,,
solar_elevation_gt_15,D+1,2024-11,taizhou_2,231.0,0.0,0.0,0.0,0.0,0.0,0.0,0.0,,,,,
solar_elevation_gt_15,D+1,2024-11,wuxi_1,235.0,0.0,0.0,0.0,0.0,0.0,0.0,0.0,,,,,
solar_elevation_gt_15,D+1,2024-11,xuzhou_1,212.0,0.0,0.0,0.0,0.0,0.0,0.0,0.0,,,,,
solar_elevation_gt_15,D+1,2024-11,xuzhou_2,216.0,0.0,0.0,0.0,0.0,0.0,0.0,0.0,,,,,
solar_elevation_gt_15,D+1,2024-11,yancheng_1,225.0,0.0,0.0,0.0,0.0,0.0,0.0,0.0,,,,,
solar_elevation_gt_15,D+1,2024-11,yancheng_2,230.0,0.0,0.0,0.0,0.0,0.0,0.0,0.0,,,,,
solar_elevation_gt_15,D+1,2024-11,yancheng_3,227.0,0.0,0.0,0.0,0.0,0.0,0.0,0.0,,,,,
solar_elevation_gt_15,D+1,2024-12,changzhou_1,217.0,0.0,0.0,0.0,0.0,0.0,0.0,0.0,,,,,
solar_elevation_gt_15,D+1,2024-12,huai_an_1,217.0,0.0,0.0,0.0,0.0,0.0,0.0,0.0,,,,,
solar_elevation_gt_15,D+1,2024-12,huai_an_2,217.0,0.0,0.0,0.0,0.0,0.0,0.0,0.0,,,,,
solar_elevation_gt_15,D+1,2024-12,huai_an_3,217.0,0.0,0.0,0.0,0.0,0.0,0.0,0.0,,,,,
solar_elevation_gt_15,D+1,2024-12,lianyungang_1,217.0,0.0,0.0,0.0,0.0,0.0,0.0,0.0,,,,,
solar_elevation_gt_15,D+1,2024-12,lianyungang_2,217.0,0.0,0.0,0.0,0.0,0.0,0.0,0.0,,,,,
solar_elevation_gt_15,D+1,2024-12,nanjing_1,217.0,0.0,0.0,0.0,0.0,0.0,0.0,0.0,,,,,
solar_elevation_gt_15,D+1,2024-12,nanjing_2,217.0,0.0,0.0,0.0,0.0,0.0,0.0,0.0,,,,,
solar_elevation_gt_15,D+1,2024-12,nantong_1,217.0,0.0,0.0,0.0,0.0,0.0,0.0,0.0,,,,,
solar_elevation_gt_15,D+1,2024-12,nantong_2,217.0,0.0,0.0,0.0,0.0,0.0,0.0,0.0,,,,,
solar_elevation_gt_15,D+1,2024-12,suqian_1,217.0,0.0,0.0,0.0,0.0,0.0,0.0,0.0,,,,,
solar_elevation_gt_15,D+1,2024-12,suzhou_1,217.0,0.0,0.0,0.0,0.0,0.0,0.0,0.0,,,,,
solar_elevation_gt_15,D+1,2024-12,taizhou_1,217.0,0.0,0.0,0.0,0.0,0.0,0.0,0.0,,,,,
solar_elevation_gt_15,D+1,2024-12,taizhou_2,217.0,0.0,0.0,0.0,0.0,0.0,0.0,0.0,,,,,
solar_elevation_gt_15,D+1,2024-12,wuxi_1,217.0,0.0,0.0,0.0,0.0,0.0,0.0,0.0,,,,,
solar_elevation_gt_15,D+1,2024-12,xuzhou_1,217.0,0.0,0.0,0.0,0.0,0.0,0.0,0.0,,,,,
solar_elevation_gt_15,D+1,2024-12,xuzhou_2,217.0,0.0,0.0,0.0,0.0,0.0,0.0,0.0,,,,,
solar_elevation_gt_15,D+1,2024-12,yancheng_1,217.0,0.0,0.0,0.0,0.0,0.0,0.0,0.0,,,,,
solar_elevation_gt_15,D+1,2024-12,yancheng_2,217.0,0.0,0.0,0.0,0.0,0.0,0.0,0.0,,,,,
solar_elevation_gt_15,D+1,2024-12,yancheng_3,217.0,0.0,0.0,0.0,0.0,0.0,0.0,0.0,,,,,
solar_elevation_gt_15,D+1,2025-01,changzhou_1,228.0,0.0,0.0,0.0,0.0,0.0,0.0,0.0,,,,,
solar_elevation_gt_15,D+1,2025-01,huai_an_1,225.0,0.0,0.0,0.0,0.0,0.0,0.0,0.0,,,,,
solar_elevation_gt_15,D+1,2025-01,huai_an_2,223.0,0.0,0.0,0.0,0.0,0.0,0.0,0.0,,,,,
solar_elevation_gt_15,D+1,2025-01,huai_an_3,228.0,0.0,0.0,0.0,0.0,0.0,0.0,0.0,,,,,
solar_elevation_gt_15,D+1,2025-01,lianyungang_1,223.0,0.0,0.0,0.0,0.0,0.0,0.0,0.0,,,,,
solar_elevation_gt_15,D+1,2025-01,lianyungang_2,220.0,0.0,0.0,0.0,0.0,0.0,0.0,0.0,,,,,
solar_elevation_gt_15,D+1,2025-01,nanjing_1,231.0,0.0,0.0,0.0,0.0,0.0,0.0,0.0,,,,,
solar_elevation_gt_15,D+1,2025-01,nanjing_2,231.0,0.0,0.0,0.0,0.0,0.0,0.0,0.0,,,,,
solar_elevation_gt_15,D+1,2025-01,nantong_1,223.0,0.0,0.0,0.0,0.0,0.0,0.0,0.0,,,,,
solar_elevation_gt_15,D+1,2025-01,nantong_2,220.0,0.0,0.0,0.0,0.0,0.0,0.0,0.0,,,,,
solar_elevation_gt_15,D+1,2025-01,suqian_1,226.0,0.0,0.0,0.0,0.0,0.0,0.0,0.0,,,,,
solar_elevation_gt_15,D+1,2025-01,suzhou_1,224.0,0.0,0.0,0.0,0.0,0.0,0.0,0.0,,,,,
solar_elevation_gt_15,D+1,2025-01,taizhou_1,225.0,0.0,0.0,0.0,0.0,0.0,0.0,0.0,,,,,
solar_elevation_gt_15,D+1,2025-01,taizhou_2,222.0,0.0,0.0,0.0,0.0,0.0,0.0,0.0,,,,,
solar_elevation_gt_15,D+1,2025-01,wuxi_1,228.0,0.0,0.0,0.0,0.0,0.0,0.0,0.0,,,,,
solar_elevation_gt_15,D+1,2025-01,xuzhou_1,229.0,0.0,0.0,0.0,0.0,0.0,0.0,0.0,,,,,
solar_elevation_gt_15,D+1,2025-01,xuzhou_2,228.0,0.0,0.0,0.0,0.0,0.0,0.0,0.0,,,,,
solar_elevation_gt_15,D+1,2025-01,yancheng_1,222.0,0.0,0.0,0.0,0.0,0.0,0.0,0.0,,,,,
solar_elevation_gt_15,D+1,2025-01,yancheng_2,221.0,0.0,0.0,0.0,0.0,0.0,0.0,0.0,,,,,
solar_elevation_gt_15,D+1,2025-01,yancheng_3,224.0,0.0,0.0,0.0,0.0,0.0,0.0,0.0,,,,,
solar_elevation_gt_15,D+1,2025-02,changzhou_1,236.0,0.0,0.0,0.0,0.0,0.0,0.0,0.0,,,,,
solar_elevation_gt_15,D+1,2025-02,huai_an_1,232.0,0.0,0.0,0.0,0.0,0.0,0.0,0.0,,,,,
solar_elevation_gt_15,D+1,2025-02,huai_an_2,231.0,0.0,0.0,0.0,0.0,0.0,0.0,0.0,,,,,
solar_elevation_gt_15,D+1,2025-02,huai_an_3,230.0,0.0,0.0,0.0,0.0,0.0,0.0,0.0,,,,,
solar_elevation_gt_15,D+1,2025-02,lianyungang_1,227.0,0.0,0.0,0.0,0.0,0.0,0.0,0.0,,,,,
solar_elevation_gt_15,D+1,2025-02,lianyungang_2,230.0,0.0,0.0,0.0,0.0,0.0,0.0,0.0,,,,,
solar_elevation_gt_15,D+1,2025-02,nanjing_1,232.0,0.0,0.0,0.0,0.0,0.0,0.0,0.0,,,,,
solar_elevation_gt_15,D+1,2025-02,nanjing_2,234.0,0.0,0.0,0.0,0.0,0.0,0.0,0.0,,,,,
solar_elevation_gt_15,D+1,2025-02,nantong_1,240.0,0.0,0.0,0.0,0.0,0.0,0.0,0.0,,,,,
solar_elevation_gt_15,D+1,2025-02,nantong_2,242.0,0.0,0.0,0.0,0.0,0.0,0.0,0.0,,,,,
solar_elevation_gt_15,D+1,2025-02,suqian_1,228.0,0.0,0.0,0.0,0.0,0.0,0.0,0.0,,,,,
solar_elevation_gt_15,D+1,2025-02,suzhou_1,241.0,0.0,0.0,0.0,0.0,0.0,0.0,0.0,,,,,
solar_elevation_gt_15,D+1,2025-02,taizhou_1,234.0,0.0,0.0,0.0,0.0,0.0,0.0,0.0,,,,,
solar_elevation_gt_15,D+1,2025-02,taizhou_2,237.0,0.0,0.0,0.0,0.0,0.0,0.0,0.0,,,,,
solar_elevation_gt_15,D+1,2025-02,wuxi_1,239.0,0.0,0.0,0.0,0.0,0.0,0.0,0.0,,,,,
solar_elevation_gt_15,D+1,2025-02,xuzhou_1,224.0,0.0,0.0,0.0,0.0,0.0,0.0,0.0,,,,,
solar_elevation_gt_15,D+1,2025-02,xuzhou_2,225.0,0.0,0.0,0.0,0.0,0.0,0.0,0.0,,,,,
solar_elevation_gt_15,D+1,2025-02,yancheng_1,232.0,0.0,0.0,0.0,0.0,0.0,0.0,0.0,,,,,
solar_elevation_gt_15,D+1,2025-02,yancheng_2,236.0,0.0,0.0,0.0,0.0,0.0,0.0,0.0,,,,,
solar_elevation_gt_15,D+1,2025-02,yancheng_3,233.0,0.0,0.0,0.0,0.0,0.0,0.0,0.0,,,,,
solar_elevation_gt_15,D+1,2025-03,changzhou_1,288.0,0.0,0.0,0.0,0.0,0.0,0.0,0.0,,,,,
solar_elevation_gt_15,D+1,2025-03,huai_an_1,288.0,0.0,0.0,0.0,0.0,0.0,0.0,0.0,,,,,
solar_elevation_gt_15,D+1,2025-03,huai_an_2,287.0,0.0,0.0,0.0,0.0,0.0,0.0,0.0,,,,,
solar_elevation_gt_15,D+1,2025-03,huai_an_3,292.0,0.0,0.0,0.0,0.0,0.0,0.0,0.0,,,,,
solar_elevation_gt_15,D+1,2025-03,lianyungang_1,290.0,0.0,0.0,0.0,0.0,0.0,0.0,0.0,,,,,
solar_elevation_gt_15,D+1,2025-03,lianyungang_2,286.0,0.0,0.0,0.0,0.0,0.0,0.0,0.0,,,,,
solar_elevation_gt_15,D+1,2025-03,nanjing_1,294.0,0.0,0.0,0.0,0.0,0.0,0.0,0.0,,,,,
solar_elevation_gt_15,D+1,2025-03,nanjing_2,292.0,0.0,0.0,0.0,0.0,0.0,0.0,0.0,,,,,
solar_elevation_gt_15,D+1,2025-03,nantong_1,281.0,0.0,0.0,0.0,0.0,0.0,0.0,0.0,,,,,
solar_elevation_gt_15,D+1,2025-03,nantong_2,283.0,0.0,0.0,0.0,0.0,0.0,0.0,0.0,,,,,
solar_elevation_gt_15,D+1,2025-03,suqian_1,293.0,0.0,0.0,0.0,0.0,0.0,0.0,0.0,,,,,
solar_elevation_gt_15,D+1,2025-03,suzhou_1,282.0,0.0,0.0,0.0,0.0,0.0,0.0,0.0,,,,,
solar_elevation_gt_15,D+1,2025-03,taizhou_1,286.0,0.0,0.0,0.0,0.0,0.0,0.0,0.0,,,,,
solar_elevation_gt_15,D+1,2025-03,taizhou_2,282.0,0.0,0.0,0.0,0.0,0.0,0.0,0.0,,,,,
solar_elevation_gt_15,D+1,2025-03,wuxi_1,285.0,0.0,0.0,0.0,0.0,0.0,0.0,0.0,,,,,
solar_elevation_gt_15,D+1,2025-03,xuzhou_1,297.0,0.0,0.0,0.0,0.0,0.0,0.0,0.0,,,,,
solar_elevation_gt_15,D+1,2025-03,xuzhou_2,296.0,0.0,0.0,0.0,0.0,0.0,0.0,0.0,,,,,
solar_elevation_gt_15,D+1,2025-03,yancheng_1,285.0,0.0,0.0,0.0,0.0,0.0,0.0,0.0,,,,,
solar_elevation_gt_15,D+1,2025-03,yancheng_2,282.0,0.0,0.0,0.0,0.0,0.0,0.0,0.0,,,,,
solar_elevation_gt_15,D+1,2025-03,yancheng_3,286.0,0.0,0.0,0.0,0.0,0.0,0.0,0.0,,,,,
solar_elevation_gt_15,D+1,2025-04,changzhou_1,327.0,0.0,0.0,0.0,0.0,0.0,0.0,0.0,,,,,
solar_elevation_gt_15,D+1,2025-04,huai_an_1,326.0,0.0,0.0,0.0,0.0,0.0,0.0,0.0,,,,,
solar_elevation_gt_15,D+1,2025-04,huai_an_2,326.0,0.0,0.0,0.0,0.0,0.0,0.0,0.0,,,,,
solar_elevation_gt_15,D+1,2025-04,huai_an_3,323.0,0.0,0.0,0.0,0.0,0.0,0.0,0.0,,,,,
solar_elevation_gt_15,D+1,2025-04,lianyungang_1,323.0,0.0,0.0,0.0,0.0,0.0,0.0,0.0,,,,,
solar_elevation_gt_15,D+1,2025-04,lianyungang_2,326.0,0.0,0.0,0.0,0.0,0.0,0.0,0.0,,,,,
solar_elevation_gt_15,D+1,2025-04,nanjing_1,323.0,0.0,0.0,0.0,0.0,0.0,0.0,0.0,,,,,
solar_elevation_gt_15,D+1,2025-04,nanjing_2,325.0,0.0,0.0,0.0,0.0,0.0,0.0,0.0,,,,,
solar_elevation_gt_15,D+1,2025-04,nantong_1,330.0,0.0,0.0,0.0,0.0,0.0,0.0,0.0,,,,,
solar_elevation_gt_15,D+1,2025-04,nantong_2,326.0,0.0,0.0,0.0,0.0,0.0,0.0,0.0,,,,,
solar_elevation_gt_15,D+1,2025-04,suqian_1,322.0,0.0,0.0,0.0,0.0,0.0,0.0,0.0,,,,,
solar_elevation_gt_15,D+1,2025-04,suzhou_1,330.0,0.0,0.0,0.0,0.0,0.0,0.0,0.0,,,,,
solar_elevation_gt_15,D+1,2025-04,taizhou_1,327.0,0.0,0.0,0.0,0.0,0.0,0.0,0.0,,,,,
solar_elevation_gt_15,D+1,2025-04,taizhou_2,330.0,0.0,0.0,0.0,0.0,0.0,0.0,0.0,,,,,
solar_elevation_gt_15,D+1,2025-04,wuxi_1,329.0,0.0,0.0,0.0,0.0,0.0,0.0,0.0,,,,,
solar_elevation_gt_15,D+1,2025-04,xuzhou_1,317.0,0.0,0.0,0.0,0.0,0.0,0.0,0.0,,,,,
solar_elevation_gt_15,D+1,2025-04,xuzhou_2,319.0,0.0,0.0,0.0,0.0,0.0,0.0,0.0,,,,,
solar_elevation_gt_15,D+1,2025-04,yancheng_1,327.0,0.0,0.0,0.0,0.0,0.0,0.0,0.0,,,,,
solar_elevation_gt_15,D+1,2025-04,yancheng_2,330.0,0.0,0.0,0.0,0.0,0.0,0.0,0.0,,,,,
solar_elevation_gt_15,D+1,2025-04,yancheng_3,327.0,0.0,0.0,0.0,0.0,0.0,0.0,0.0,,,,,
solar_elevation_gt_15,D+1,2025-05,changzhou_1,341.0,0.0,0.0,0.0,0.0,0.0,0.0,0.0,,,,,
solar_elevation_gt_15,D+1,2025-05,huai_an_1,341.0,0.0,0.0,0.0,0.0,0.0,0.0,0.0,,,,,
solar_elevation_gt_15,D+1,2025-05,huai_an_2,341.0,0.0,0.0,0.0,0.0,0.0,0.0,0.0,,,,,
solar_elevation_gt_15,D+1,2025-05,huai_an_3,341.0,0.0,0.0,0.0,0.0,0.0,0.0,0.0,,,,,
solar_elevation_gt_15,D+1,2025-05,lianyungang_1,341.0,0.0,0.0,0.0,0.0,0.0,0.0,0.0,,,,,
solar_elevation_gt_15,D+1,2025-05,lianyungang_2,341.0,0.0,0.0,0.0,0.0,0.0,0.0,0.0,,,,,
solar_elevation_gt_15,D+1,2025-05,nanjing_1,341.0,0.0,0.0,0.0,0.0,0.0,0.0,0.0,,,,,
solar_elevation_gt_15,D+1,2025-05,nanjing_2,341.0,0.0,0.0,0.0,0.0,0.0,0.0,0.0,,,,,
solar_elevation_gt_15,D+1,2025-05,nantong_1,341.0,0.0,0.0,0.0,0.0,0.0,0.0,0.0,,,,,
solar_elevation_gt_15,D+1,2025-05,nantong_2,341.0,0.0,0.0,0.0,0.0,0.0,0.0,0.0,,,,,
solar_elevation_gt_15,D+1,2025-05,suqian_1,341.0,0.0,0.0,0.0,0.0,0.0,0.0,0.0,,,,,
solar_elevation_gt_15,D+1,2025-05,suzhou_1,341.0,0.0,0.0,0.0,0.0,0.0,0.0,0.0,,,,,
solar_elevation_gt_15,D+1,2025-05,taizhou_1,341.0,0.0,0.0,0.0,0.0,0.0,0.0,0.0,,,,,
solar_elevation_gt_15,D+1,2025-05,taizhou_2,341.0,0.0,0.0,0.0,0.0,0.0,0.0,0.0,,,,,
solar_elevation_gt_15,D+1,2025-05,wuxi_1,341.0,0.0,0.0,0.0,0.0,0.0,0.0,0.0,,,,,
solar_elevation_gt_15,D+1,2025-05,xuzhou_1,341.0,0.0,0.0,0.0,0.0,0.0,0.0,0.0,,,,,
solar_elevation_gt_15,D+1,2025-05,xuzhou_2,341.0,0.0,0.0,0.0,0.0,0.0,0.0,0.0,,,,,
solar_elevation_gt_15,D+1,2025-05,yancheng_1,341.0,0.0,0.0,0.0,0.0,0.0,0.0,0.0,,,,,
solar_elevation_gt_15,D+1,2025-05,yancheng_2,341.0,0.0,0.0,0.0,0.0,0.0,0.0,0.0,,,,,
solar_elevation_gt_15,D+1,2025-05,yancheng_3,341.0,0.0,0.0,0.0,0.0,0.0,0.0,0.0,,,,,
solar_elevation_gt_15,D+1,2025-06,changzhou_1,330.0,0.0,0.0,0.0,0.0,0.0,0.0,0.0,,,,,
solar_elevation_gt_15,D+1,2025-06,huai_an_1,330.0,0.0,0.0,0.0,0.0,0.0,0.0,0.0,,,,,
solar_elevation_gt_15,D+1,2025-06,huai_an_2,330.0,0.0,0.0,0.0,0.0,0.0,0.0,0.0,,,,,
solar_elevation_gt_15,D+1,2025-06,huai_an_3,330.0,0.0,0.0,0.0,0.0,0.0,0.0,0.0,,,,,
solar_elevation_gt_15,D+1,2025-06,lianyungang_1,330.0,0.0,0.0,0.0,0.0,0.0,0.0,0.0,,,,,
solar_elevation_gt_15,D+1,2025-06,lianyungang_2,330.0,0.0,0.0,0.0,0.0,0.0,0.0,0.0,,,,,
solar_elevation_gt_15,D+1,2025-06,nanjing_1,330.0,0.0,0.0,0.0,0.0,0.0,0.0,0.0,,,,,
solar_elevation_gt_15,D+1,2025-06,nanjing_2,330.0,0.0,0.0,0.0,0.0,0.0,0.0,0.0,,,,,
solar_elevation_gt_15,D+1,2025-06,nantong_1,330.0,0.0,0.0,0.0,0.0,0.0,0.0,0.0,,,,,
solar_elevation_gt_15,D+1,2025-06,nantong_2,330.0,0.0,0.0,0.0,0.0,0.0,0.0,0.0,,,,,
solar_elevation_gt_15,D+1,2025-06,suqian_1,330.0,0.0,0.0,0.0,0.0,0.0,0.0,0.0,,,,,
solar_elevation_gt_15,D+1,2025-06,suzhou_1,330.0,0.0,0.0,0.0,0.0,0.0,0.0,0.0,,,,,
solar_elevation_gt_15,D+1,2025-06,taizhou_1,330.0,0.0,0.0,0.0,0.0,0.0,0.0,0.0,,,,,
solar_elevation_gt_15,D+1,2025-06,taizhou_2,330.0,0.0,0.0,0.0,0.0,0.0,0.0,0.0,,,,,
solar_elevation_gt_15,D+1,2025-06,wuxi_1,330.0,0.0,0.0,0.0,0.0,0.0,0.0,0.0,,,,,
solar_elevation_gt_15,D+1,2025-06,xuzhou_1,356.0,0.0,0.0,0.0,0.0,0.0,0.0,0.0,,,,,
solar_elevation_gt_15,D+1,2025-06,xuzhou_2,346.0,0.0,0.0,0.0,0.0,0.0,0.0,0.0,,,,,
solar_elevation_gt_15,D+1,2025-06,yancheng_1,330.0,0.0,0.0,0.0,0.0,0.0,0.0,0.0,,,,,
solar_elevation_gt_15,D+1,2025-06,yancheng_2,330.0,0.0,0.0,0.0,0.0,0.0,0.0,0.0,,,,,
solar_elevation_gt_15,D+1,2025-06,yancheng_3,330.0,0.0,0.0,0.0,0.0,0.0,0.0,0.0,,,,,
solar_elevation_gt_15,D+1,2025-07,changzhou_1,341.0,0.0,0.0,0.0,0.0,0.0,0.0,0.0,,,,,
solar_elevation_gt_15,D+1,2025-07,huai_an_1,341.0,0.0,0.0,0.0,0.0,0.0,0.0,0.0,,,,,
solar_elevation_gt_15,D+1,2025-07,huai_an_2,341.0,0.0,0.0,0.0,0.0,0.0,0.0,0.0,,,,,
solar_elevation_gt_15,D+1,2025-07,huai_an_3,341.0,0.0,0.0,0.0,0.0,0.0,0.0,0.0,,,,,
solar_elevation_gt_15,D+1,2025-07,lianyungang_1,341.0,0.002932551319648094,0.0,0.002932551319648094,0.002932551319648094,0.002932551319648094,0.0,1.0,0.0,0.0,0.0,1.0,100.0
solar_elevation_gt_15,D+1,2025-07,lianyungang_2,341.0,0.0,0.0,0.0,0.0,0.0,0.0,0.0,,,,,
solar_elevation_gt_15,D+1,2025-07,nanjing_1,341.0,0.0,0.0,0.0,0.0,0.0,0.0,0.0,,,,,
solar_elevation_gt_15,D+1,2025-07,nanjing_2,341.0,0.0,0.0,0.0,0.0,0.0,0.0,0.0,,,,,
solar_elevation_gt_15,D+1,2025-07,nantong_1,341.0,0.0,0.0,0.0,0.0,0.0,0.0,0.0,,,,,
solar_elevation_gt_15,D+1,2025-07,nantong_2,341.0,0.0,0.0,0.0,0.0,0.0,0.0,0.0,,,,,
solar_elevation_gt_15,D+1,2025-07,suqian_1,341.0,0.0,0.0,0.0,0.0,0.0,0.0,0.0,,,,,
solar_elevation_gt_15,D+1,2025-07,suzhou_1,341.0,0.0,0.0,0.0,0.0,0.0,0.0,0.0,,,,,
solar_elevation_gt_15,D+1,2025-07,taizhou_1,341.0,0.0,0.0,0.0,0.0,0.0,0.0,0.0,,,,,
solar_elevation_gt_15,D+1,2025-07,taizhou_2,341.0,0.0,0.0,0.0,0.0,0.0,0.0,0.0,,,,,
solar_elevation_gt_15,D+1,2025-07,wuxi_1,341.0,0.0,0.0,0.0,0.0,0.0,0.0,0.0,,,,,
solar_elevation_gt_15,D+1,2025-07,xuzhou_1,366.0,0.0,0.0,0.0,0.0,0.0,0.0,0.0,,,,,
solar_elevation_gt_15,D+1,2025-07,xuzhou_2,358.0,0.0,0.0,0.0,0.0,0.0,0.0,0.0,,,,,
solar_elevation_gt_15,D+1,2025-07,yancheng_1,341.0,0.0,0.0,0.0,0.0,0.0,0.0,0.0,,,,,
solar_elevation_gt_15,D+1,2025-07,yancheng_2,341.0,0.0,0.0,0.0,0.0,0.0,0.0,0.0,,,,,
solar_elevation_gt_15,D+1,2025-07,yancheng_3,341.0,0.0,0.0,0.0,0.0,0.0,0.0,0.0,,,,,
solar_elevation_gt_15,D+1,2025-08,changzhou_1,341.0,0.0,0.0,0.0,0.0,0.0,0.0,0.0,,,,,
solar_elevation_gt_15,D+1,2025-08,huai_an_1,341.0,0.0,0.0,0.0,0.0,0.0,0.0,0.0,,,,,
solar_elevation_gt_15,D+1,2025-08,huai_an_2,341.0,0.0,0.0,0.0,0.0,0.0,0.0,0.0,,,,,
solar_elevation_gt_15,D+1,2025-08,huai_an_3,341.0,0.0,0.0,0.0,0.0,0.0,0.0,0.0,,,,,
solar_elevation_gt_15,D+1,2025-08,lianyungang_1,341.0,0.0,0.0,0.0,0.0,0.0,0.0,0.0,,,,,
solar_elevation_gt_15,D+1,2025-08,lianyungang_2,341.0,0.0,0.0,0.0,0.0,0.0,0.0,0.0,,,,,
solar_elevation_gt_15,D+1,2025-08,nanjing_1,341.0,0.0,0.0,0.0,0.0,0.0,0.0,0.0,,,,,
solar_elevation_gt_15,D+1,2025-08,nanjing_2,341.0,0.0,0.0,0.0,0.0,0.0,0.0,0.0,,,,,
solar_elevation_gt_15,D+1,2025-08,nantong_1,341.0,0.0,0.0,0.0,0.0,0.0,0.0,0.0,,,,,
solar_elevation_gt_15,D+1,2025-08,nantong_2,341.0,0.0,0.0,0.0,0.0,0.0,0.0,0.0,,,,,
solar_elevation_gt_15,D+1,2025-08,suqian_1,341.0,0.0,0.0,0.0,0.0,0.0,0.0,0.0,,,,,
solar_elevation_gt_15,D+1,2025-08,suzhou_1,341.0,0.0,0.0,0.0,0.0,0.0,0.0,0.0,,,,,
solar_elevation_gt_15,D+1,2025-08,taizhou_1,341.0,0.0,0.0,0.0,0.0,0.0,0.0,0.0,,,,,
solar_elevation_gt_15,D+1,2025-08,taizhou_2,341.0,0.0,0.0,0.0,0.0,0.0,0.0,0.0,,,,,
solar_elevation_gt_15,D+1,2025-08,wuxi_1,341.0,0.0,0.0,0.0,0.0,0.0,0.0,0.0,,,,,
solar_elevation_gt_15,D+1,2025-08,xuzhou_1,335.0,0.0,0.0,0.0,0.0,0.0,0.0,0.0,,,,,
solar_elevation_gt_15,D+1,2025-08,xuzhou_2,340.0,0.0,0.0,0.0,0.0,0.0,0.0,0.0,,,,,
solar_elevation_gt_15,D+1,2025-08,yancheng_1,341.0,0.0,0.0,0.0,0.0,0.0,0.0,0.0,,,,,
solar_elevation_gt_15,D+1,2025-08,yancheng_2,341.0,0.0,0.0,0.0,0.0,0.0,0.0,0.0,,,,,
solar_elevation_gt_15,D+1,2025-08,yancheng_3,341.0,0.0,0.0,0.0,0.0,0.0,0.0,0.0,,,,,
solar_elevation_gt_15,D+1,2025-09,changzhou_1,294.0,0.0,0.0,0.0,0.0,0.0,0.0,0.0,,,,,
solar_elevation_gt_15,D+1,2025-09,huai_an_1,292.0,0.0,0.0,0.0,0.0,0.0,0.0,0.0,,,,,
solar_elevation_gt_15,D+1,2025-09,huai_an_2,291.0,0.0,0.0,0.0,0.0,0.0,0.0,0.0,,,,,
solar_elevation_gt_15,D+1,2025-09,huai_an_3,289.0,0.0,0.0,0.0,0.0,0.0,0.0,0.0,,,,,
solar_elevation_gt_15,D+1,2025-09,lianyungang_1,288.0,0.0,0.0,0.0,0.0,0.0,0.0,0.0,,,,,
solar_elevation_gt_15,D+1,2025-09,lianyungang_2,290.0,0.0,0.0,0.0,0.0,0.0,0.0,0.0,,,,,
solar_elevation_gt_15,D+1,2025-09,nanjing_1,290.0,0.0,0.0,0.0,0.0,0.0,0.0,0.0,,,,,
solar_elevation_gt_15,D+1,2025-09,nanjing_2,291.0,0.0,0.0,0.0,0.0,0.0,0.0,0.0,,,,,
solar_elevation_gt_15,D+1,2025-09,nantong_1,298.0,0.0,0.0,0.0,0.0,0.0,0.0,0.0,,,,,
solar_elevation_gt_15,D+1,2025-09,nantong_2,300.0,0.0,0.0,0.0,0.0,0.0,0.0,0.0,,,,,
solar_elevation_gt_15,D+1,2025-09,suqian_1,287.0,0.0,0.0,0.0,0.0,0.0,0.0,0.0,,,,,
solar_elevation_gt_15,D+1,2025-09,suzhou_1,298.0,0.0,0.0,0.0,0.0,0.0,0.0,0.0,,,,,
solar_elevation_gt_15,D+1,2025-09,taizhou_1,293.0,0.0,0.0,0.0,0.0,0.0,0.0,0.0,,,,,
solar_elevation_gt_15,D+1,2025-09,taizhou_2,295.0,0.0,0.0,0.0,0.0,0.0,0.0,0.0,,,,,
solar_elevation_gt_15,D+1,2025-09,wuxi_1,297.0,0.0,0.0,0.0,0.0,0.0,0.0,0.0,,,,,
solar_elevation_gt_15,D+1,2025-09,xuzhou_1,287.0,0.0,0.0,0.0,0.0,0.0,0.0,0.0,,,,,
solar_elevation_gt_15,D+1,2025-09,xuzhou_2,285.0,0.0,0.0,0.0,0.0,0.0,0.0,0.0,,,,,
solar_elevation_gt_15,D+1,2025-09,yancheng_1,292.0,0.0,0.0,0.0,0.0,0.0,0.0,0.0,,,,,
solar_elevation_gt_15,D+1,2025-09,yancheng_2,295.0,0.0,0.0,0.0,0.0,0.0,0.0,0.0,,,,,
solar_elevation_gt_15,D+1,2025-09,yancheng_3,293.0,0.0,0.0,0.0,0.0,0.0,0.0,0.0,,,,,
solar_elevation_gt_15,D+1,2025-10,changzhou_1,273.0,0.0,0.0,0.0,0.0,0.0,0.0,0.0,,,,,
solar_elevation_gt_15,D+1,2025-10,huai_an_1,271.0,0.0,0.0,0.0,0.0,0.0,0.0,0.0,,,,,
solar_elevation_gt_15,D+1,2025-10,huai_an_2,269.0,0.0,0.0,0.0,0.0,0.0,0.0,0.0,,,,,
solar_elevation_gt_15,D+1,2025-10,huai_an_3,273.0,0.0,0.0,0.0,0.0,0.0,0.0,0.0,,,,,
solar_elevation_gt_15,D+1,2025-10,lianyungang_1,270.0,0.0,0.0,0.0,0.0,0.0,0.0,0.0,,,,,
solar_elevation_gt_15,D+1,2025-10,lianyungang_2,268.0,0.0,0.0,0.0,0.0,0.0,0.0,0.0,,,,,
solar_elevation_gt_15,D+1,2025-10,nanjing_1,276.0,0.0,0.0,0.0,0.0,0.0,0.0,0.0,,,,,
solar_elevation_gt_15,D+1,2025-10,nanjing_2,275.0,0.0,0.0,0.0,0.0,0.0,0.0,0.0,,,,,
solar_elevation_gt_15,D+1,2025-10,nantong_1,268.0,0.0,0.0,0.0,0.0,0.0,0.0,0.0,,,,,
solar_elevation_gt_15,D+1,2025-10,nantong_2,265.0,0.0,0.0,0.0,0.0,0.0,0.0,0.0,,,,,
solar_elevation_gt_15,D+1,2025-10,suqian_1,273.0,0.0,0.0,0.0,0.0,0.0,0.0,0.0,,,,,
solar_elevation_gt_15,D+1,2025-10,suzhou_1,268.0,0.0,0.0,0.0,0.0,0.0,0.0,0.0,,,,,
solar_elevation_gt_15,D+1,2025-10,taizhou_1,270.0,0.0,0.0,0.0,0.0,0.0,0.0,0.0,,,,,
solar_elevation_gt_15,D+1,2025-10,taizhou_2,268.0,0.0,0.0,0.0,0.0,0.0,0.0,0.0,,,,,
solar_elevation_gt_15,D+1,2025-10,wuxi_1,272.0,0.0,0.0,0.0,0.0,0.0,0.0,0.0,,,,,
solar_elevation_gt_15,D+1,2025-10,xuzhou_1,276.0,0.0,0.0,0.0,0.0,0.0,0.0,0.0,,,,,
solar_elevation_gt_15,D+1,2025-10,xuzhou_2,275.0,0.0,0.0,0.0,0.0,0.0,0.0,0.0,,,,,
solar_elevation_gt_15,D+1,2025-10,yancheng_1,268.0,0.0,0.0,0.0,0.0,0.0,0.0,0.0,,,,,
solar_elevation_gt_15,D+1,2025-10,yancheng_2,267.0,0.0,0.0,0.0,0.0,0.0,0.0,0.0,,,,,
solar_elevation_gt_15,D+1,2025-10,yancheng_3,270.0,0.0,0.0,0.0,0.0,0.0,0.0,0.0,,,,,
solar_elevation_gt_15,D+1,2025-11,changzhou_1,232.0,0.0,0.0,0.0,0.0,0.0,0.0,0.0,,,,,
solar_elevation_gt_15,D+1,2025-11,huai_an_1,226.0,0.0,0.0,0.0,0.0,0.0,0.0,0.0,,,,,
solar_elevation_gt_15,D+1,2025-11,huai_an_2,224.0,0.0,0.0,0.0,0.0,0.0,0.0,0.0,,,,,
solar_elevation_gt_15,D+1,2025-11,huai_an_3,223.0,0.0,0.0,0.0,0.0,0.0,0.0,0.0,,,,,
solar_elevation_gt_15,D+1,2025-11,lianyungang_1,219.0,0.0,0.0,0.0,0.0,0.0,0.0,0.0,,,,,
solar_elevation_gt_15,D+1,2025-11,lianyungang_2,221.0,0.0,0.0,0.0,0.0,0.0,0.0,0.0,,,,,
solar_elevation_gt_15,D+1,2025-11,nanjing_1,226.0,0.0,0.0,0.0,0.0,0.0,0.0,0.0,,,,,
solar_elevation_gt_15,D+1,2025-11,nanjing_2,229.0,0.0,0.0,0.0,0.0,0.0,0.0,0.0,,,,,
solar_elevation_gt_15,D+1,2025-11,nantong_1,235.0,0.0,0.0,0.0,0.0,0.0,0.0,0.0,,,,,
solar_elevation_gt_15,D+1,2025-11,nantong_2,238.0,0.0,0.0,0.0,0.0,0.0,0.0,0.0,,,,,
solar_elevation_gt_15,D+1,2025-11,suqian_1,220.0,0.0,0.0,0.0,0.0,0.0,0.0,0.0,,,,,
solar_elevation_gt_15,D+1,2025-11,suzhou_1,237.0,0.0,0.0,0.0,0.0,0.0,0.0,0.0,,,,,
solar_elevation_gt_15,D+1,2025-11,taizhou_1,228.0,0.0,0.0,0.0,0.0,0.0,0.0,0.0,,,,,
solar_elevation_gt_15,D+1,2025-11,taizhou_2,231.0,0.0,0.0,0.0,0.0,0.0,0.0,0.0,,,,,
solar_elevation_gt_15,D+1,2025-11,wuxi_1,235.0,0.0,0.0,0.0,0.0,0.0,0.0,0.0,,,,,
solar_elevation_gt_15,D+1,2025-11,xuzhou_1,212.0,0.0,0.0,0.0,0.0,0.0,0.0,0.0,,,,,
solar_elevation_gt_15,D+1,2025-11,xuzhou_2,216.0,0.0,0.0,0.0,0.0,0.0,0.0,0.0,,,,,
solar_elevation_gt_15,D+1,2025-11,yancheng_1,225.0,0.0,0.0,0.0,0.0,0.0,0.0,0.0,,,,,
solar_elevation_gt_15,D+1,2025-11,yancheng_2,230.0,0.0,0.0,0.0,0.0,0.0,0.0,0.0,,,,,
solar_elevation_gt_15,D+1,2025-11,yancheng_3,227.0,0.0,0.0,0.0,0.0,0.0,0.0,0.0,,,,,
solar_elevation_gt_15,D+1,2025-12,changzhou_1,217.0,0.0,0.0,0.0,0.0,0.0,0.0,0.0,,,,,
solar_elevation_gt_15,D+1,2025-12,huai_an_1,217.0,0.0,0.0,0.0,0.0,0.0,0.0,0.0,,,,,
solar_elevation_gt_15,D+1,2025-12,huai_an_2,217.0,0.0,0.0,0.0,0.0,0.0,0.0,0.0,,,,,
solar_elevation_gt_15,D+1,2025-12,huai_an_3,217.0,0.0,0.0,0.0,0.0,0.0,0.0,0.0,,,,,
solar_elevation_gt_15,D+1,2025-12,lianyungang_1,217.0,0.0,0.0,0.0,0.0,0.0,0.0,0.0,,,,,
solar_elevation_gt_15,D+1,2025-12,lianyungang_2,217.0,0.0,0.0,0.0,0.0,0.0,0.0,0.0,,,,,
solar_elevation_gt_15,D+1,2025-12,nanjing_1,217.0,0.0,0.0,0.0,0.0,0.0,0.0,0.0,,,,,
solar_elevation_gt_15,D+1,2025-12,nanjing_2,217.0,0.0,0.0,0.0,0.0,0.0,0.0,0.0,,,,,
solar_elevation_gt_15,D+1,2025-12,nantong_1,217.0,0.0,0.0,0.0,0.0,0.0,0.0,0.0,,,,,
solar_elevation_gt_15,D+1,2025-12,nantong_2,217.0,0.0,0.0,0.0,0.0,0.0,0.0,0.0,,,,,
solar_elevation_gt_15,D+1,2025-12,suqian_1,217.0,0.0,0.0,0.0,0.0,0.0,0.0,0.0,,,,,
solar_elevation_gt_15,D+1,2025-12,suzhou_1,217.0,0.0,0.0,0.0,0.0,0.0,0.0,0.0,,,,,
solar_elevation_gt_15,D+1,2025-12,taizhou_1,217.0,0.0,0.0,0.0,0.0,0.0,0.0,0.0,,,,,
solar_elevation_gt_15,D+1,2025-12,taizhou_2,217.0,0.0,0.0,0.0,0.0,0.0,0.0,0.0,,,,,
solar_elevation_gt_15,D+1,2025-12,wuxi_1,217.0,0.0,0.0,0.0,0.0,0.0,0.0,0.0,,,,,
solar_elevation_gt_15,D+1,2025-12,xuzhou_1,217.0,0.0,0.0,0.0,0.0,0.0,0.0,0.0,,,,,
solar_elevation_gt_15,D+1,2025-12,xuzhou_2,217.0,0.0,0.0,0.0,0.0,0.0,0.0,0.0,,,,,
solar_elevation_gt_15,D+1,2025-12,yancheng_1,217.0,0.0,0.0,0.0,0.0,0.0,0.0,0.0,,,,,
solar_elevation_gt_15,D+1,2025-12,yancheng_2,217.0,0.0,0.0,0.0,0.0,0.0,0.0,0.0,,,,,
solar_elevation_gt_15,D+1,2025-12,yancheng_3,217.0,0.0,0.0,0.0,0.0,0.0,0.0,0.0,,,,,
solar_elevation_gt_15,D+1,2026-01,changzhou_1,228.0,0.0,0.0,0.0,0.0,0.0,0.0,0.0,,,,,
solar_elevation_gt_15,D+1,2026-01,huai_an_1,225.0,0.0,0.0,0.0,0.0,0.0,0.0,0.0,,,,,
solar_elevation_gt_15,D+1,2026-01,huai_an_2,222.0,0.0,0.0,0.0,0.0,0.0,0.0,0.0,,,,,
solar_elevation_gt_15,D+1,2026-01,huai_an_3,227.0,0.0,0.0,0.0,0.0,0.0,0.0,0.0,,,,,
solar_elevation_gt_15,D+1,2026-01,lianyungang_1,223.0,0.0,0.0,0.0,0.0,0.0,0.0,0.0,,,,,
solar_elevation_gt_15,D+1,2026-01,lianyungang_2,220.0,0.0,0.0,0.0,0.0,0.0,0.0,0.0,,,,,
solar_elevation_gt_15,D+1,2026-01,nanjing_1,231.0,0.0,0.0,0.0,0.0,0.0,0.0,0.0,,,,,
solar_elevation_gt_15,D+1,2026-01,nanjing_2,231.0,0.0,0.0,0.0,0.0,0.0,0.0,0.0,,,,,
solar_elevation_gt_15,D+1,2026-01,nantong_1,222.0,0.0,0.0,0.0,0.0,0.0,0.0,0.0,,,,,
solar_elevation_gt_15,D+1,2026-01,nantong_2,220.0,0.0,0.0,0.0,0.0,0.0,0.0,0.0,,,,,
solar_elevation_gt_15,D+1,2026-01,suqian_1,226.0,0.0,0.0,0.0,0.0,0.0,0.0,0.0,,,,,
solar_elevation_gt_15,D+1,2026-01,suzhou_1,224.0,0.0,0.0,0.0,0.0,0.0,0.0,0.0,,,,,
solar_elevation_gt_15,D+1,2026-01,taizhou_1,225.0,0.0,0.0,0.0,0.0,0.0,0.0,0.0,,,,,
solar_elevation_gt_15,D+1,2026-01,taizhou_2,222.0,0.0,0.0,0.0,0.0,0.0,0.0,0.0,,,,,
solar_elevation_gt_15,D+1,2026-01,wuxi_1,228.0,0.0,0.0,0.0,0.0,0.0,0.0,0.0,,,,,
solar_elevation_gt_15,D+1,2026-01,xuzhou_1,229.0,0.0,0.0,0.0,0.0,0.0,0.0,0.0,,,,,
solar_elevation_gt_15,D+1,2026-01,xuzhou_2,228.0,0.0,0.0,0.0,0.0,0.0,0.0,0.0,,,,,
solar_elevation_gt_15,D+1,2026-01,yancheng_1,221.0,0.0,0.0,0.0,0.0,0.0,0.0,0.0,,,,,
solar_elevation_gt_15,D+1,2026-01,yancheng_2,221.0,0.0,0.0,0.0,0.0,0.0,0.0,0.0,,,,,
solar_elevation_gt_15,D+1,2026-01,yancheng_3,224.0,0.0,0.0,0.0,0.0,0.0,0.0,0.0,,,,,
solar_elevation_gt_15,D+1,2026-02,changzhou_1,236.0,0.0,0.0,0.0,0.0,0.0,0.0,0.0,,,,,
solar_elevation_gt_15,D+1,2026-02,huai_an_1,232.0,0.0,0.0,0.0,0.0,0.0,0.0,0.0,,,,,
solar_elevation_gt_15,D+1,2026-02,huai_an_2,231.0,0.0,0.0,0.0,0.0,0.0,0.0,0.0,,,,,
solar_elevation_gt_15,D+1,2026-02,huai_an_3,230.0,0.0,0.0,0.0,0.0,0.0,0.0,0.0,,,,,
solar_elevation_gt_15,D+1,2026-02,lianyungang_1,227.0,0.0,0.0,0.0,0.0,0.0,0.0,0.0,,,,,
solar_elevation_gt_15,D+1,2026-02,lianyungang_2,229.0,0.0,0.0,0.0,0.0,0.0,0.0,0.0,,,,,
solar_elevation_gt_15,D+1,2026-02,nanjing_1,231.0,0.0,0.0,0.0,0.0,0.0,0.0,0.0,,,,,
solar_elevation_gt_15,D+1,2026-02,nanjing_2,234.0,0.0,0.0,0.0,0.0,0.0,0.0,0.0,,,,,
solar_elevation_gt_15,D+1,2026-02,nantong_1,240.0,0.0,0.0,0.0,0.0,0.0,0.0,0.0,,,,,
solar_elevation_gt_15,D+1,2026-02,nantong_2,242.0,0.0,0.0,0.0,0.0,0.0,0.0,0.0,,,,,
solar_elevation_gt_15,D+1,2026-02,suqian_1,227.0,0.0,0.0,0.0,0.0,0.0,0.0,0.0,,,,,
solar_elevation_gt_15,D+1,2026-02,suzhou_1,241.0,0.0,0.0,0.0,0.0,0.0,0.0,0.0,,,,,
solar_elevation_gt_15,D+1,2026-02,taizhou_1,234.0,0.0,0.0,0.0,0.0,0.0,0.0,0.0,,,,,
solar_elevation_gt_15,D+1,2026-02,taizhou_2,236.0,0.0,0.0,0.0,0.0,0.0,0.0,0.0,,,,,
solar_elevation_gt_15,D+1,2026-02,wuxi_1,238.0,0.0,0.0,0.0,0.0,0.0,0.0,0.0,,,,,
solar_elevation_gt_15,D+1,2026-02,xuzhou_1,224.0,0.0,0.0,0.0,0.0,0.0,0.0,0.0,,,,,
solar_elevation_gt_15,D+1,2026-02,xuzhou_2,224.0,0.0,0.0,0.0,0.0,0.0,0.0,0.0,,,,,
solar_elevation_gt_15,D+1,2026-02,yancheng_1,232.0,0.0,0.0,0.0,0.0,0.0,0.0,0.0,,,,,
solar_elevation_gt_15,D+1,2026-02,yancheng_2,236.0,0.0,0.0,0.0,0.0,0.0,0.0,0.0,,,,,
solar_elevation_gt_15,D+1,2026-02,yancheng_3,233.0,0.0,0.0,0.0,0.0,0.0,0.0,0.0,,,,,
solar_elevation_gt_15,D+1,2026-03,changzhou_1,287.0,0.0,0.0,0.0,0.0,0.0,0.0,0.0,,,,,
solar_elevation_gt_15,D+1,2026-03,huai_an_1,288.0,0.0,0.0,0.0,0.0,0.0,0.0,0.0,,,,,
solar_elevation_gt_15,D+1,2026-03,huai_an_2,287.0,0.0,0.0,0.0,0.0,0.0,0.0,0.0,,,,,
solar_elevation_gt_15,D+1,2026-03,huai_an_3,292.0,0.0,0.0,0.0,0.0,0.0,0.0,0.0,,,,,
solar_elevation_gt_15,D+1,2026-03,lianyungang_1,290.0,0.0,0.0,0.0,0.0,0.0,0.0,0.0,,,,,
solar_elevation_gt_15,D+1,2026-03,lianyungang_2,286.0,0.0,0.0,0.0,0.0,0.0,0.0,0.0,,,,,
solar_elevation_gt_15,D+1,2026-03,nanjing_1,293.0,0.0,0.0,0.0,0.0,0.0,0.0,0.0,,,,,
solar_elevation_gt_15,D+1,2026-03,nanjing_2,291.0,0.0,0.0,0.0,0.0,0.0,0.0,0.0,,,,,
solar_elevation_gt_15,D+1,2026-03,nantong_1,280.0,0.0,0.0,0.0,0.0,0.0,0.0,0.0,,,,,
solar_elevation_gt_15,D+1,2026-03,nantong_2,282.0,0.0,0.0,0.0,0.0,0.0,0.0,0.0,,,,,
solar_elevation_gt_15,D+1,2026-03,suqian_1,293.0,0.0,0.0,0.0,0.0,0.0,0.0,0.0,,,,,
solar_elevation_gt_15,D+1,2026-03,suzhou_1,281.0,0.0,0.0,0.0,0.0,0.0,0.0,0.0,,,,,
solar_elevation_gt_15,D+1,2026-03,taizhou_1,286.0,0.0,0.0,0.0,0.0,0.0,0.0,0.0,,,,,
solar_elevation_gt_15,D+1,2026-03,taizhou_2,282.0,0.0,0.0,0.0,0.0,0.0,0.0,0.0,,,,,
solar_elevation_gt_15,D+1,2026-03,wuxi_1,285.0,0.0,0.0,0.0,0.0,0.0,0.0,0.0,,,,,
solar_elevation_gt_15,D+1,2026-03,xuzhou_1,297.0,0.0,0.0,0.0,0.0,0.0,0.0,0.0,,,,,
solar_elevation_gt_15,D+1,2026-03,xuzhou_2,296.0,0.0,0.0,0.0,0.0,0.0,0.0,0.0,,,,,
solar_elevation_gt_15,D+1,2026-03,yancheng_1,285.0,0.0,0.0,0.0,0.0,0.0,0.0,0.0,,,,,
solar_elevation_gt_15,D+1,2026-03,yancheng_2,281.0,0.0,0.0,0.0,0.0,0.0,0.0,0.0,,,,,
solar_elevation_gt_15,D+1,2026-03,yancheng_3,286.0,0.0,0.0,0.0,0.0,0.0,0.0,0.0,,,,,
solar_elevation_gt_15,D+1,2026-04,changzhou_1,327.0,0.0,0.0,0.0,0.0,0.0,0.0,0.0,,,,,
solar_elevation_gt_15,D+1,2026-04,huai_an_1,326.0,0.0,0.0,0.0,0.0,0.0,0.0,0.0,,,,,
solar_elevation_gt_15,D+1,2026-04,huai_an_2,326.0,0.0,0.0,0.0,0.0,0.0,0.0,0.0,,,,,
solar_elevation_gt_15,D+1,2026-04,huai_an_3,323.0,0.0,0.0,0.0,0.0,0.0,0.0,0.0,,,,,
solar_elevation_gt_15,D+1,2026-04,lianyungang_1,323.0,0.0,0.0,0.0,0.0,0.0,0.0,0.0,,,,,
solar_elevation_gt_15,D+1,2026-04,lianyungang_2,325.0,0.0,0.0,0.0,0.0,0.0,0.0,0.0,,,,,
solar_elevation_gt_15,D+1,2026-04,nanjing_1,323.0,0.0,0.0,0.0,0.0,0.0,0.0,0.0,,,,,
solar_elevation_gt_15,D+1,2026-04,nanjing_2,325.0,0.0,0.0,0.0,0.0,0.0,0.0,0.0,,,,,
solar_elevation_gt_15,D+1,2026-04,nantong_1,330.0,0.0,0.0,0.0,0.0,0.0,0.0,0.0,,,,,
solar_elevation_gt_15,D+1,2026-04,nantong_2,326.0,0.0,0.0,0.0,0.0,0.0,0.0,0.0,,,,,
solar_elevation_gt_15,D+1,2026-04,suqian_1,322.0,0.0,0.0,0.0,0.0,0.0,0.0,0.0,,,,,
solar_elevation_gt_15,D+1,2026-04,suzhou_1,330.0,0.0,0.0,0.0,0.0,0.0,0.0,0.0,,,,,
solar_elevation_gt_15,D+1,2026-04,taizhou_1,327.0,0.0,0.0,0.0,0.0,0.0,0.0,0.0,,,,,
solar_elevation_gt_15,D+1,2026-04,taizhou_2,329.0,0.0,0.0,0.0,0.0,0.0,0.0,0.0,,,,,
solar_elevation_gt_15,D+1,2026-04,wuxi_1,329.0,0.0,0.0,0.0,0.0,0.0,0.0,0.0,,,,,
solar_elevation_gt_15,D+1,2026-04,xuzhou_1,317.0,0.0,0.0,0.0,0.0,0.0,0.0,0.0,,,,,
solar_elevation_gt_15,D+1,2026-04,xuzhou_2,319.0,0.0,0.0,0.0,0.0,0.0,0.0,0.0,,,,,
solar_elevation_gt_15,D+1,2026-04,yancheng_1,327.0,0.0,0.0,0.0,0.0,0.0,0.0,0.0,,,,,
solar_elevation_gt_15,D+1,2026-04,yancheng_2,329.0,0.0,0.0,0.0,0.0,0.0,0.0,0.0,,,,,
solar_elevation_gt_15,D+1,2026-04,yancheng_3,327.0,0.0,0.0,0.0,0.0,0.0,0.0,0.0,,,,,
solar_elevation_gt_15,D+1,2026-05,changzhou_1,341.0,0.0,0.0,0.0,0.0,0.0,0.0,0.0,,,,,
solar_elevation_gt_15,D+1,2026-05,huai_an_1,341.0,0.0,0.0,0.0,0.0,0.0,0.0,0.0,,,,,
solar_elevation_gt_15,D+1,2026-05,huai_an_2,341.0,0.0,0.0,0.0,0.0,0.0,0.0,0.0,,,,,
solar_elevation_gt_15,D+1,2026-05,huai_an_3,341.0,0.0,0.0,0.0,0.0,0.0,0.0,0.0,,,,,
solar_elevation_gt_15,D+1,2026-05,lianyungang_1,341.0,0.0,0.0,0.0,0.0,0.0,0.0,0.0,,,,,
solar_elevation_gt_15,D+1,2026-05,lianyungang_2,341.0,0.0,0.0,0.0,0.0,0.0,0.0,0.0,,,,,
solar_elevation_gt_15,D+1,2026-05,nanjing_1,341.0,0.0,0.0,0.0,0.0,0.0,0.0,0.0,,,,,
solar_elevation_gt_15,D+1,2026-05,nanjing_2,341.0,0.0,0.0,0.0,0.0,0.0,0.0,0.0,,,,,
solar_elevation_gt_15,D+1,2026-05,nantong_1,341.0,0.0,0.0,0.0,0.0,0.0,0.0,0.0,,,,,
solar_elevation_gt_15,D+1,2026-05,nantong_2,341.0,0.0,0.0,0.0,0.0,0.0,0.0,0.0,,,,,
solar_elevation_gt_15,D+1,2026-05,suqian_1,341.0,0.0,0.0,0.0,0.0,0.0,0.0,0.0,,,,,
solar_elevation_gt_15,D+1,2026-05,suzhou_1,341.0,0.0,0.0,0.0,0.0,0.0,0.0,0.0,,,,,
solar_elevation_gt_15,D+1,2026-05,taizhou_1,341.0,0.0,0.0,0.0,0.0,0.0,0.0,0.0,,,,,
solar_elevation_gt_15,D+1,2026-05,taizhou_2,341.0,0.0,0.0,0.0,0.0,0.0,0.0,0.0,,,,,
solar_elevation_gt_15,D+1,2026-05,wuxi_1,341.0,0.0,0.0,0.0,0.0,0.0,0.0,0.0,,,,,
solar_elevation_gt_15,D+1,2026-05,xuzhou_1,341.0,0.0,0.0,0.0,0.0,0.0,0.0,0.0,,,,,
solar_elevation_gt_15,D+1,2026-05,xuzhou_2,341.0,0.0,0.0,0.0,0.0,0.0,0.0,0.0,,,,,
solar_elevation_gt_15,D+1,2026-05,yancheng_1,341.0,0.0,0.0,0.0,0.0,0.0,0.0,0.0,,,,,
solar_elevation_gt_15,D+1,2026-05,yancheng_2,341.0,0.0,0.0,0.0,0.0,0.0,0.0,0.0,,,,,
solar_elevation_gt_15,D+1,2026-05,yancheng_3,341.0,0.0,0.0,0.0,0.0,0.0,0.0,0.0,,,,,
solar_elevation_gt_15,D+1,2026-06,changzhou_1,330.0,0.0,0.0,0.0,0.0,0.0,0.0,0.0,,,,,
solar_elevation_gt_15,D+1,2026-06,huai_an_1,330.0,0.0,0.0,0.0,0.0,0.0,0.0,0.0,,,,,
solar_elevation_gt_15,D+1,2026-06,huai_an_2,330.0,0.0,0.0,0.0,0.0,0.0,0.0,0.0,,,,,
solar_elevation_gt_15,D+1,2026-06,huai_an_3,330.0,0.0,0.0,0.0,0.0,0.0,0.0,0.0,,,,,
solar_elevation_gt_15,D+1,2026-06,lianyungang_1,330.0,0.0,0.0,0.0,0.0,0.0,0.0,0.0,,,,,
solar_elevation_gt_15,D+1,2026-06,lianyungang_2,330.0,0.0,0.0,0.0,0.0,0.0,0.0,0.0,,,,,
solar_elevation_gt_15,D+1,2026-06,nanjing_1,330.0,0.0,0.0,0.0,0.0,0.0,0.0,0.0,,,,,
solar_elevation_gt_15,D+1,2026-06,nanjing_2,330.0,0.0,0.0,0.0,0.0,0.0,0.0,0.0,,,,,
solar_elevation_gt_15,D+1,2026-06,nantong_1,330.0,0.0,0.0,0.0,0.0,0.0,0.0,0.0,,,,,
solar_elevation_gt_15,D+1,2026-06,nantong_2,330.0,0.0,0.0,0.0,0.0,0.0,0.0,0.0,,,,,
solar_elevation_gt_15,D+1,2026-06,suqian_1,330.0,0.0,0.0,0.0,0.0,0.0,0.0,0.0,,,,,
solar_elevation_gt_15,D+1,2026-06,suzhou_1,330.0,0.0,0.0,0.0,0.0,0.0,0.0,0.0,,,,,
solar_elevation_gt_15,D+1,2026-06,taizhou_1,330.0,0.0,0.0,0.0,0.0,0.0,0.0,0.0,,,,,
solar_elevation_gt_15,D+1,2026-06,taizhou_2,330.0,0.0,0.0,0.0,0.0,0.0,0.0,0.0,,,,,
solar_elevation_gt_15,D+1,2026-06,wuxi_1,330.0,0.0,0.0,0.0,0.0,0.0,0.0,0.0,,,,,
solar_elevation_gt_15,D+1,2026-06,xuzhou_1,356.0,0.0,0.0,0.0,0.0,0.0,0.0,0.0,,,,,
solar_elevation_gt_15,D+1,2026-06,xuzhou_2,346.0,0.0,0.0,0.0,0.0,0.0,0.0,0.0,,,,,
solar_elevation_gt_15,D+1,2026-06,yancheng_1,330.0,0.0,0.0,0.0,0.0,0.0,0.0,0.0,,,,,
solar_elevation_gt_15,D+1,2026-06,yancheng_2,330.0,0.0,0.0,0.0,0.0,0.0,0.0,0.0,,,,,
solar_elevation_gt_15,D+1,2026-06,yancheng_3,330.0,0.0,0.0,0.0,0.0,0.0,0.0,0.0,,,,,
solar_elevation_gt_15,D+1,2026-07,changzhou_1,341.0,0.0,0.0,0.0,0.0,0.0,0.0,0.0,,,,,
solar_elevation_gt_15,D+1,2026-07,huai_an_1,341.0,0.0,0.0,0.0,0.0,0.0,0.0,0.0,,,,,
solar_elevation_gt_15,D+1,2026-07,huai_an_2,341.0,0.0,0.0,0.0,0.0,0.0,0.0,0.0,,,,,
solar_elevation_gt_15,D+1,2026-07,huai_an_3,341.0,0.0,0.0,0.0,0.0,0.0,0.0,0.0,,,,,
solar_elevation_gt_15,D+1,2026-07,lianyungang_1,341.0,0.0,0.0,0.0,0.0,0.0,0.0,0.0,,,,,
solar_elevation_gt_15,D+1,2026-07,lianyungang_2,341.0,0.0,0.0,0.0,0.0,0.0,0.0,0.0,,,,,
solar_elevation_gt_15,D+1,2026-07,nanjing_1,341.0,0.0,0.0,0.0,0.0,0.0,0.0,0.0,,,,,
solar_elevation_gt_15,D+1,2026-07,nanjing_2,341.0,0.0,0.0,0.0,0.0,0.0,0.0,0.0,,,,,
solar_elevation_gt_15,D+1,2026-07,nantong_1,341.0,0.0,0.0,0.0,0.0,0.0,0.0,0.0,,,,,
solar_elevation_gt_15,D+1,2026-07,nantong_2,341.0,0.0,0.0,0.0,0.0,0.0,0.0,0.0,,,,,
solar_elevation_gt_15,D+1,2026-07,suqian_1,341.0,0.0,0.0,0.0,0.0,0.0,0.0,0.0,,,,,
solar_elevation_gt_15,D+1,2026-07,suzhou_1,341.0,0.0,0.0,0.0,0.0,0.0,0.0,0.0,,,,,
solar_elevation_gt_15,D+1,2026-07,taizhou_1,341.0,0.0,0.0,0.0,0.0,0.0,0.0,0.0,,,,,
solar_elevation_gt_15,D+1,2026-07,taizhou_2,341.0,0.0,0.0,0.0,0.0,0.0,0.0,0.0,,,,,
solar_elevation_gt_15,D+1,2026-07,wuxi_1,341.0,0.0,0.0,0.0,0.0,0.0,0.0,0.0,,,,,
solar_elevation_gt_15,D+1,2026-07,xuzhou_1,366.0,0.0,0.0,0.0,0.0,0.0,0.0,0.0,,,,,
solar_elevation_gt_15,D+1,2026-07,xuzhou_2,358.0,0.0,0.0,0.0,0.0,0.0,0.0,0.0,,,,,
solar_elevation_gt_15,D+1,2026-07,yancheng_1,341.0,0.0,0.0,0.0,0.0,0.0,0.0,0.0,,,,,
solar_elevation_gt_15,D+1,2026-07,yancheng_2,341.0,0.0,0.0,0.0,0.0,0.0,0.0,0.0,,,,,
solar_elevation_gt_15,D+1,2026-07,yancheng_3,341.0,0.0,0.0,0.0,0.0,0.0,0.0,0.0,,,,,
solar_elevation_gt_15,D+1,2026-08,changzhou_1,341.0,0.0,0.0,0.0,0.0,0.0,0.0,0.0,,,,,
solar_elevation_gt_15,D+1,2026-08,huai_an_1,341.0,0.0,0.0,0.0,0.0,0.0,0.0,0.0,,,,,
solar_elevation_gt_15,D+1,2026-08,huai_an_2,341.0,0.0,0.0,0.0,0.0,0.0,0.0,0.0,,,,,
solar_elevation_gt_15,D+1,2026-08,huai_an_3,341.0,0.0,0.0,0.0,0.0,0.0,0.0,0.0,,,,,
solar_elevation_gt_15,D+1,2026-08,lianyungang_1,341.0,0.0,0.0,0.0,0.0,0.0,0.0,0.0,,,,,
solar_elevation_gt_15,D+1,2026-08,lianyungang_2,341.0,0.0,0.0,0.0,0.0,0.0,0.0,0.0,,,,,
solar_elevation_gt_15,D+1,2026-08,nanjing_1,341.0,0.0,0.0,0.0,0.0,0.0,0.0,0.0,,,,,
solar_elevation_gt_15,D+1,2026-08,nanjing_2,341.0,0.002932551319648094,0.0,0.002932551319648094,0.0,0.0,0.0,1.0,0.0,0.0,0.0,1.0,100.0
solar_elevation_gt_15,D+1,2026-08,nantong_1,341.0,0.0,0.0,0.0,0.0,0.0,0.0,0.0,,,,,
solar_elevation_gt_15,D+1,2026-08,nantong_2,341.0,0.0,0.0,0.0,0.0,0.0,0.0,0.0,,,,,
solar_elevation_gt_15,D+1,2026-08,suqian_1,341.0,0.0,0.0,0.0,0.0,0.0,0.0,0.0,,,,,
solar_elevation_gt_15,D+1,2026-08,suzhou_1,341.0,0.0,0.0,0.0,0.0,0.0,0.0,0.0,,,,,
solar_elevation_gt_15,D+1,2026-08,taizhou_1,341.0,0.0,0.0,0.0,0.0,0.0,0.0,0.0,,,,,
solar_elevation_gt_15,D+1,2026-08,taizhou_2,341.0,0.0,0.0,0.0,0.0,0.0,0.0,0.0,,,,,
solar_elevation_gt_15,D+1,2026-08,wuxi_1,341.0,0.0,0.0,0.0,0.0,0.0,0.0,0.0,,,,,
solar_elevation_gt_15,D+1,2026-08,xuzhou_1,335.0,0.0,0.0,0.0,0.0,0.0,0.0,0.0,,,,,
solar_elevation_gt_15,D+1,2026-08,xuzhou_2,340.0,0.0,0.0,0.0,0.0,0.0,0.0,0.0,,,,,
solar_elevation_gt_15,D+1,2026-08,yancheng_1,341.0,0.0,0.0,0.0,0.0,0.0,0.0,0.0,,,,,
solar_elevation_gt_15,D+1,2026-08,yancheng_2,341.0,0.0,0.0,0.0,0.0,0.0,0.0,0.0,,,,,
solar_elevation_gt_15,D+1,2026-08,yancheng_3,341.0,0.0,0.0,0.0,0.0,0.0,0.0,0.0,,,,,
solar_elevation_gt_15,D+2,2024-02,changzhou_1,245.0,0.0,0.0,0.0,0.0,0.0,0.0,0.0,,,,,
solar_elevation_gt_15,D+2,2024-02,huai_an_1,241.0,0.0,0.0,0.0,0.0,0.0,0.0,0.0,,,,,
solar_elevation_gt_15,D+2,2024-02,huai_an_2,239.0,0.0,0.0,0.0,0.0,0.0,0.0,0.0,,,,,
solar_elevation_gt_15,D+2,2024-02,huai_an_3,238.0,0.0,0.0,0.0,0.0,0.0,0.0,0.0,,,,,
solar_elevation_gt_15,D+2,2024-02,lianyungang_1,236.0,0.0,0.0,0.0,0.0,0.0,0.0,0.0,,,,,
solar_elevation_gt_15,D+2,2024-02,lianyungang_2,238.0,0.0,0.0,0.0,0.0,0.0,0.0,0.0,,,,,
solar_elevation_gt_15,D+2,2024-02,nanjing_1,240.0,0.0,0.0,0.0,0.0,0.0,0.0,0.0,,,,,
solar_elevation_gt_15,D+2,2024-02,nanjing_2,242.0,0.0,0.0,0.0,0.0,0.0,0.0,0.0,,,,,
solar_elevation_gt_15,D+2,2024-02,nantong_1,248.0,0.0,0.0,0.0,0.0,0.0,0.0,0.0,,,,,
solar_elevation_gt_15,D+2,2024-02,nantong_2,251.0,0.0,0.0,0.0,0.0,0.0,0.0,0.0,,,,,
solar_elevation_gt_15,D+2,2024-02,suqian_1,236.0,0.0,0.0,0.0,0.0,0.0,0.0,0.0,,,,,
solar_elevation_gt_15,D+2,2024-02,suzhou_1,249.0,0.0,0.0,0.0,0.0,0.0,0.0,0.0,,,,,
solar_elevation_gt_15,D+2,2024-02,taizhou_1,242.0,0.0,0.0,0.0,0.0,0.0,0.0,0.0,,,,,
solar_elevation_gt_15,D+2,2024-02,taizhou_2,245.0,0.0,0.0,0.0,0.0,0.0,0.0,0.0,,,,,
solar_elevation_gt_15,D+2,2024-02,wuxi_1,247.0,0.0,0.0,0.0,0.0,0.0,0.0,0.0,,,,,
solar_elevation_gt_15,D+2,2024-02,xuzhou_1,232.0,0.0,0.0,0.0,0.0,0.0,0.0,0.0,,,,,
solar_elevation_gt_15,D+2,2024-02,xuzhou_2,233.0,0.0,0.0,0.0,0.0,0.0,0.0,0.0,,,,,
solar_elevation_gt_15,D+2,2024-02,yancheng_1,240.0,0.0,0.0,0.0,0.0,0.0,0.0,0.0,,,,,
solar_elevation_gt_15,D+2,2024-02,yancheng_2,244.0,0.0,0.0,0.0,0.0,0.0,0.0,0.0,,,,,
solar_elevation_gt_15,D+2,2024-02,yancheng_3,242.0,0.0,0.0,0.0,0.0,0.0,0.0,0.0,,,,,
solar_elevation_gt_15,D+2,2024-03,changzhou_1,288.0,0.0,0.0,0.0,0.0,0.0,0.0,0.0,,,,,
solar_elevation_gt_15,D+2,2024-03,huai_an_1,288.0,0.0,0.0,0.0,0.0,0.0,0.0,0.0,,,,,
solar_elevation_gt_15,D+2,2024-03,huai_an_2,287.0,0.0,0.0,0.0,0.0,0.0,0.0,0.0,,,,,
solar_elevation_gt_15,D+2,2024-03,huai_an_3,292.0,0.0,0.0,0.0,0.0,0.0,0.0,0.0,,,,,
solar_elevation_gt_15,D+2,2024-03,lianyungang_1,291.0,0.0,0.0,0.0,0.0,0.0,0.0,0.0,,,,,
solar_elevation_gt_15,D+2,2024-03,lianyungang_2,287.0,0.0,0.0,0.0,0.0,0.0,0.0,0.0,,,,,
solar_elevation_gt_15,D+2,2024-03,nanjing_1,294.0,0.0,0.0,0.0,0.0,0.0,0.0,0.0,,,,,
solar_elevation_gt_15,D+2,2024-03,nanjing_2,292.0,0.0,0.0,0.0,0.0,0.0,0.0,0.0,,,,,
solar_elevation_gt_15,D+2,2024-03,nantong_1,282.0,0.0,0.0,0.0,0.0,0.0,0.0,0.0,,,,,
solar_elevation_gt_15,D+2,2024-03,nantong_2,283.0,0.0,0.0,0.0,0.0,0.0,0.0,0.0,,,,,
solar_elevation_gt_15,D+2,2024-03,suqian_1,293.0,0.0,0.0,0.0,0.0,0.0,0.0,0.0,,,,,
solar_elevation_gt_15,D+2,2024-03,suzhou_1,282.0,0.0,0.0,0.0,0.0,0.0,0.0,0.0,,,,,
solar_elevation_gt_15,D+2,2024-03,taizhou_1,287.0,0.0,0.0,0.0,0.0,0.0,0.0,0.0,,,,,
solar_elevation_gt_15,D+2,2024-03,taizhou_2,282.0,0.0,0.0,0.0,0.0,0.0,0.0,0.0,,,,,
solar_elevation_gt_15,D+2,2024-03,wuxi_1,285.0,0.0,0.0,0.0,0.0,0.0,0.0,0.0,,,,,
solar_elevation_gt_15,D+2,2024-03,xuzhou_1,298.0,0.0,0.0,0.0,0.0,0.0,0.0,0.0,,,,,
solar_elevation_gt_15,D+2,2024-03,xuzhou_2,297.0,0.0,0.0,0.0,0.0,0.0,0.0,0.0,,,,,
solar_elevation_gt_15,D+2,2024-03,yancheng_1,286.0,0.0,0.0,0.0,0.0,0.0,0.0,0.0,,,,,
solar_elevation_gt_15,D+2,2024-03,yancheng_2,282.0,0.0,0.0,0.0,0.0,0.0,0.0,0.0,,,,,
solar_elevation_gt_15,D+2,2024-03,yancheng_3,286.0,0.0,0.0,0.0,0.0,0.0,0.0,0.0,,,,,
solar_elevation_gt_15,D+2,2024-04,changzhou_1,328.0,0.0,0.0,0.0,0.0,0.0,0.0,0.0,,,,,
solar_elevation_gt_15,D+2,2024-04,huai_an_1,326.0,0.0,0.0,0.0,0.0,0.0,0.0,0.0,,,,,
solar_elevation_gt_15,D+2,2024-04,huai_an_2,326.0,0.0,0.0,0.0,0.0,0.0,0.0,0.0,,,,,
solar_elevation_gt_15,D+2,2024-04,huai_an_3,324.0,0.0,0.0,0.0,0.0,0.0,0.0,0.0,,,,,
solar_elevation_gt_15,D+2,2024-04,lianyungang_1,323.0,0.0,0.0,0.0,0.0,0.0,0.0,0.0,,,,,
solar_elevation_gt_15,D+2,2024-04,lianyungang_2,326.0,0.0,0.0,0.0,0.0,0.0,0.0,0.0,,,,,
solar_elevation_gt_15,D+2,2024-04,nanjing_1,324.0,0.0,0.0,0.0,0.0,0.0,0.0,0.0,,,,,
solar_elevation_gt_15,D+2,2024-04,nanjing_2,325.0,0.0,0.0,0.0,0.0,0.0,0.0,0.0,,,,,
solar_elevation_gt_15,D+2,2024-04,nantong_1,330.0,0.0,0.0,0.0,0.0,0.0,0.0,0.0,,,,,
solar_elevation_gt_15,D+2,2024-04,nantong_2,327.0,0.0,0.0,0.0,0.0,0.0,0.0,0.0,,,,,
solar_elevation_gt_15,D+2,2024-04,suqian_1,322.0,0.0,0.0,0.0,0.0,0.0,0.0,0.0,,,,,
solar_elevation_gt_15,D+2,2024-04,suzhou_1,330.0,0.0,0.0,0.0,0.0,0.0,0.0,0.0,,,,,
solar_elevation_gt_15,D+2,2024-04,taizhou_1,327.0,0.0,0.0,0.0,0.0,0.0,0.0,0.0,,,,,
solar_elevation_gt_15,D+2,2024-04,taizhou_2,330.0,0.0,0.0,0.0,0.0,0.0,0.0,0.0,,,,,
solar_elevation_gt_15,D+2,2024-04,wuxi_1,329.0,0.0,0.0,0.0,0.0,0.0,0.0,0.0,,,,,
solar_elevation_gt_15,D+2,2024-04,xuzhou_1,317.0,0.0,0.0,0.0,0.0,0.0,0.0,0.0,,,,,
solar_elevation_gt_15,D+2,2024-04,xuzhou_2,320.0,0.0,0.0,0.0,0.0,0.0,0.0,0.0,,,,,
solar_elevation_gt_15,D+2,2024-04,yancheng_1,327.0,0.0,0.0,0.0,0.0,0.0,0.0,0.0,,,,,
solar_elevation_gt_15,D+2,2024-04,yancheng_2,330.0,0.0,0.0,0.0,0.0,0.0,0.0,0.0,,,,,
solar_elevation_gt_15,D+2,2024-04,yancheng_3,327.0,0.0,0.0,0.0,0.0,0.0,0.0,0.0,,,,,
solar_elevation_gt_15,D+2,2024-05,changzhou_1,341.0,0.0,0.0,0.0,0.0,0.0,0.0,0.0,,,,,
solar_elevation_gt_15,D+2,2024-05,huai_an_1,341.0,0.0,0.0,0.0,0.0,0.0,0.0,0.0,,,,,
solar_elevation_gt_15,D+2,2024-05,huai_an_2,341.0,0.0,0.0,0.0,0.0,0.0,0.0,0.0,,,,,
solar_elevation_gt_15,D+2,2024-05,huai_an_3,341.0,0.0,0.0,0.0,0.0,0.0,0.0,0.0,,,,,
solar_elevation_gt_15,D+2,2024-05,lianyungang_1,341.0,0.0,0.0,0.0,0.0,0.0,0.0,0.0,,,,,
solar_elevation_gt_15,D+2,2024-05,lianyungang_2,341.0,0.0,0.0,0.0,0.0,0.0,0.0,0.0,,,,,
solar_elevation_gt_15,D+2,2024-05,nanjing_1,341.0,0.0,0.0,0.0,0.0,0.0,0.0,0.0,,,,,
solar_elevation_gt_15,D+2,2024-05,nanjing_2,341.0,0.0,0.0,0.0,0.0,0.0,0.0,0.0,,,,,
solar_elevation_gt_15,D+2,2024-05,nantong_1,341.0,0.0,0.0,0.0,0.0,0.0,0.0,0.0,,,,,
solar_elevation_gt_15,D+2,2024-05,nantong_2,341.0,0.0,0.0,0.0,0.0,0.0,0.0,0.0,,,,,
solar_elevation_gt_15,D+2,2024-05,suqian_1,341.0,0.0,0.0,0.0,0.0,0.0,0.0,0.0,,,,,
solar_elevation_gt_15,D+2,2024-05,suzhou_1,341.0,0.0,0.0,0.0,0.0,0.0,0.0,0.0,,,,,
solar_elevation_gt_15,D+2,2024-05,taizhou_1,341.0,0.0,0.0,0.0,0.0,0.0,0.0,0.0,,,,,
solar_elevation_gt_15,D+2,2024-05,taizhou_2,341.0,0.0,0.0,0.0,0.0,0.0,0.0,0.0,,,,,
solar_elevation_gt_15,D+2,2024-05,wuxi_1,341.0,0.0,0.0,0.0,0.0,0.0,0.0,0.0,,,,,
solar_elevation_gt_15,D+2,2024-05,xuzhou_1,341.0,0.0,0.0,0.0,0.0,0.0,0.0,0.0,,,,,
solar_elevation_gt_15,D+2,2024-05,xuzhou_2,341.0,0.0,0.0,0.0,0.0,0.0,0.0,0.0,,,,,
solar_elevation_gt_15,D+2,2024-05,yancheng_1,341.0,0.0,0.0,0.0,0.0,0.0,0.0,0.0,,,,,
solar_elevation_gt_15,D+2,2024-05,yancheng_2,341.0,0.0,0.0,0.0,0.0,0.0,0.0,0.0,,,,,
solar_elevation_gt_15,D+2,2024-05,yancheng_3,341.0,0.0,0.0,0.0,0.0,0.0,0.0,0.0,,,,,
solar_elevation_gt_15,D+2,2024-06,changzhou_1,330.0,0.0,0.0,0.0,0.0,0.0,0.0,0.0,,,,,
solar_elevation_gt_15,D+2,2024-06,huai_an_1,330.0,0.0,0.0,0.0,0.0,0.0,0.0,0.0,,,,,
solar_elevation_gt_15,D+2,2024-06,huai_an_2,330.0,0.0,0.0,0.0,0.0,0.0,0.0,0.0,,,,,
solar_elevation_gt_15,D+2,2024-06,huai_an_3,330.0,0.0,0.0,0.0,0.0,0.0,0.0,0.0,,,,,
solar_elevation_gt_15,D+2,2024-06,lianyungang_1,330.0,0.0,0.0,0.0,0.0,0.0,0.0,0.0,,,,,
solar_elevation_gt_15,D+2,2024-06,lianyungang_2,330.0,0.0,0.0,0.0,0.0,0.0,0.0,0.0,,,,,
solar_elevation_gt_15,D+2,2024-06,nanjing_1,330.0,0.0,0.0,0.0,0.0,0.0,0.0,0.0,,,,,
solar_elevation_gt_15,D+2,2024-06,nanjing_2,330.0,0.0,0.0,0.0,0.0,0.0,0.0,0.0,,,,,
solar_elevation_gt_15,D+2,2024-06,nantong_1,330.0,0.0,0.0,0.0,0.0,0.0,0.0,0.0,,,,,
solar_elevation_gt_15,D+2,2024-06,nantong_2,330.0,0.0,0.0,0.0,0.0,0.0,0.0,0.0,,,,,
solar_elevation_gt_15,D+2,2024-06,suqian_1,330.0,0.0,0.0,0.0,0.0,0.0,0.0,0.0,,,,,
solar_elevation_gt_15,D+2,2024-06,suzhou_1,330.0,0.0,0.0,0.0,0.0,0.0,0.0,0.0,,,,,
solar_elevation_gt_15,D+2,2024-06,taizhou_1,330.0,0.0,0.0,0.0,0.0,0.0,0.0,0.0,,,,,
solar_elevation_gt_15,D+2,2024-06,taizhou_2,330.0,0.0,0.0,0.0,0.0,0.0,0.0,0.0,,,,,
solar_elevation_gt_15,D+2,2024-06,wuxi_1,330.0,0.0,0.0,0.0,0.0,0.0,0.0,0.0,,,,,
solar_elevation_gt_15,D+2,2024-06,xuzhou_1,357.0,0.0,0.0,0.0,0.0,0.0,0.0,0.0,,,,,
solar_elevation_gt_15,D+2,2024-06,xuzhou_2,347.0,0.0,0.0,0.0,0.0,0.0,0.0,0.0,,,,,
solar_elevation_gt_15,D+2,2024-06,yancheng_1,330.0,0.0,0.0,0.0,0.0,0.0,0.0,0.0,,,,,
solar_elevation_gt_15,D+2,2024-06,yancheng_2,330.0,0.0,0.0,0.0,0.0,0.0,0.0,0.0,,,,,
solar_elevation_gt_15,D+2,2024-06,yancheng_3,330.0,0.0,0.0,0.0,0.0,0.0,0.0,0.0,,,,,
solar_elevation_gt_15,D+2,2024-07,changzhou_1,341.0,0.0,0.0,0.0,0.0,0.0,0.0,0.0,,,,,
solar_elevation_gt_15,D+2,2024-07,huai_an_1,341.0,0.0,0.0,0.0,0.0,0.0,0.0,0.0,,,,,
solar_elevation_gt_15,D+2,2024-07,huai_an_2,341.0,0.0,0.0,0.0,0.0,0.0,0.0,0.0,,,,,
solar_elevation_gt_15,D+2,2024-07,huai_an_3,341.0,0.0,0.0,0.0,0.0,0.0,0.0,0.0,,,,,
solar_elevation_gt_15,D+2,2024-07,lianyungang_1,341.0,0.0,0.0,0.0,0.0,0.0,0.0,0.0,,,,,
solar_elevation_gt_15,D+2,2024-07,lianyungang_2,341.0,0.0,0.0,0.0,0.0,0.0,0.0,0.0,,,,,
solar_elevation_gt_15,D+2,2024-07,nanjing_1,341.0,0.0,0.0,0.0,0.0,0.0,0.0,0.0,,,,,
solar_elevation_gt_15,D+2,2024-07,nanjing_2,341.0,0.0,0.0,0.0,0.0,0.0,0.0,0.0,,,,,
solar_elevation_gt_15,D+2,2024-07,nantong_1,341.0,0.0,0.0,0.0,0.0,0.0,0.0,0.0,,,,,
solar_elevation_gt_15,D+2,2024-07,nantong_2,341.0,0.0,0.0,0.0,0.0,0.0,0.0,0.0,,,,,
solar_elevation_gt_15,D+2,2024-07,suqian_1,341.0,0.0,0.0,0.0,0.0,0.0,0.0,0.0,,,,,
solar_elevation_gt_15,D+2,2024-07,suzhou_1,341.0,0.0,0.0,0.0,0.0,0.0,0.0,0.0,,,,,
solar_elevation_gt_15,D+2,2024-07,taizhou_1,341.0,0.0,0.0,0.0,0.0,0.0,0.0,0.0,,,,,
solar_elevation_gt_15,D+2,2024-07,taizhou_2,341.0,0.0,0.0,0.0,0.0,0.0,0.0,0.0,,,,,
solar_elevation_gt_15,D+2,2024-07,wuxi_1,341.0,0.0,0.0,0.0,0.0,0.0,0.0,0.0,,,,,
solar_elevation_gt_15,D+2,2024-07,xuzhou_1,366.0,0.0,0.0,0.0,0.0,0.0,0.0,0.0,,,,,
solar_elevation_gt_15,D+2,2024-07,xuzhou_2,358.0,0.0,0.0,0.0,0.0,0.0,0.0,0.0,,,,,
solar_elevation_gt_15,D+2,2024-07,yancheng_1,341.0,0.0,0.0,0.0,0.0,0.0,0.0,0.0,,,,,
solar_elevation_gt_15,D+2,2024-07,yancheng_2,341.0,0.0,0.0,0.0,0.0,0.0,0.0,0.0,,,,,
solar_elevation_gt_15,D+2,2024-07,yancheng_3,341.0,0.0,0.0,0.0,0.0,0.0,0.0,0.0,,,,,
solar_elevation_gt_15,D+2,2024-08,changzhou_1,341.0,0.0,0.0,0.0,0.0,0.0,0.0,0.0,,,,,
solar_elevation_gt_15,D+2,2024-08,huai_an_1,341.0,0.0,0.0,0.0,0.0,0.0,0.0,0.0,,,,,
solar_elevation_gt_15,D+2,2024-08,huai_an_2,341.0,0.0,0.0,0.0,0.0,0.0,0.0,0.0,,,,,
solar_elevation_gt_15,D+2,2024-08,huai_an_3,341.0,0.0,0.0,0.0,0.0,0.0,0.0,0.0,,,,,
solar_elevation_gt_15,D+2,2024-08,lianyungang_1,341.0,0.0,0.0,0.0,0.0,0.0,0.0,0.0,,,,,
solar_elevation_gt_15,D+2,2024-08,lianyungang_2,341.0,0.0,0.0,0.0,0.0,0.0,0.0,0.0,,,,,
solar_elevation_gt_15,D+2,2024-08,nanjing_1,341.0,0.0,0.0,0.0,0.0,0.0,0.0,0.0,,,,,
solar_elevation_gt_15,D+2,2024-08,nanjing_2,341.0,0.0,0.0,0.0,0.0,0.0,0.0,0.0,,,,,
solar_elevation_gt_15,D+2,2024-08,nantong_1,341.0,0.0,0.0,0.0,0.0,0.0,0.0,0.0,,,,,
solar_elevation_gt_15,D+2,2024-08,nantong_2,341.0,0.0,0.0,0.0,0.0,0.0,0.0,0.0,,,,,
solar_elevation_gt_15,D+2,2024-08,suqian_1,341.0,0.0,0.0,0.0,0.0,0.0,0.0,0.0,,,,,
solar_elevation_gt_15,D+2,2024-08,suzhou_1,341.0,0.0,0.0,0.0,0.0,0.0,0.0,0.0,,,,,
solar_elevation_gt_15,D+2,2024-08,taizhou_1,341.0,0.0,0.0,0.0,0.0,0.0,0.0,0.0,,,,,
solar_elevation_gt_15,D+2,2024-08,taizhou_2,341.0,0.0,0.0,0.0,0.0,0.0,0.0,0.0,,,,,
solar_elevation_gt_15,D+2,2024-08,wuxi_1,341.0,0.0,0.0,0.0,0.0,0.0,0.0,0.0,,,,,
solar_elevation_gt_15,D+2,2024-08,xuzhou_1,335.0,0.0,0.0,0.0,0.0,0.0,0.0,0.0,,,,,
solar_elevation_gt_15,D+2,2024-08,xuzhou_2,340.0,0.0,0.0,0.0,0.0,0.0,0.0,0.0,,,,,
solar_elevation_gt_15,D+2,2024-08,yancheng_1,341.0,0.0,0.0,0.0,0.0,0.0,0.0,0.0,,,,,
solar_elevation_gt_15,D+2,2024-08,yancheng_2,341.0,0.0,0.0,0.0,0.0,0.0,0.0,0.0,,,,,
solar_elevation_gt_15,D+2,2024-08,yancheng_3,341.0,0.0,0.0,0.0,0.0,0.0,0.0,0.0,,,,,
solar_elevation_gt_15,D+2,2024-09,changzhou_1,294.0,0.0,0.0,0.0,0.0,0.0,0.0,0.0,,,,,
solar_elevation_gt_15,D+2,2024-09,huai_an_1,291.0,0.0,0.0,0.0,0.0,0.0,0.0,0.0,,,,,
solar_elevation_gt_15,D+2,2024-09,huai_an_2,290.0,0.0,0.0,0.0,0.0,0.0,0.0,0.0,,,,,
solar_elevation_gt_15,D+2,2024-09,huai_an_3,288.0,0.0,0.0,0.0,0.0,0.0,0.0,0.0,,,,,
solar_elevation_gt_15,D+2,2024-09,lianyungang_1,287.0,0.0,0.0,0.0,0.0,0.0,0.0,0.0,,,,,
solar_elevation_gt_15,D+2,2024-09,lianyungang_2,289.0,0.0,0.0,0.0,0.0,0.0,0.0,0.0,,,,,
solar_elevation_gt_15,D+2,2024-09,nanjing_1,289.0,0.0,0.0,0.0,0.0,0.0,0.0,0.0,,,,,
solar_elevation_gt_15,D+2,2024-09,nanjing_2,291.0,0.0,0.0,0.0,0.0,0.0,0.0,0.0,,,,,
solar_elevation_gt_15,D+2,2024-09,nantong_1,298.0,0.0,0.0,0.0,0.0,0.0,0.0,0.0,,,,,
solar_elevation_gt_15,D+2,2024-09,nantong_2,299.0,0.0,0.0,0.0,0.0,0.0,0.0,0.0,,,,,
solar_elevation_gt_15,D+2,2024-09,suqian_1,287.0,0.0,0.0,0.0,0.0,0.0,0.0,0.0,,,,,
solar_elevation_gt_15,D+2,2024-09,suzhou_1,298.0,0.0,0.0,0.0,0.0,0.0,0.0,0.0,,,,,
solar_elevation_gt_15,D+2,2024-09,taizhou_1,293.0,0.0,0.0,0.0,0.0,0.0,0.0,0.0,,,,,
solar_elevation_gt_15,D+2,2024-09,taizhou_2,295.0,0.0,0.0,0.0,0.0,0.0,0.0,0.0,,,,,
solar_elevation_gt_15,D+2,2024-09,wuxi_1,295.0,0.0,0.0,0.0,0.0,0.0,0.0,0.0,,,,,
solar_elevation_gt_15,D+2,2024-09,xuzhou_1,287.0,0.0,0.0,0.0,0.0,0.0,0.0,0.0,,,,,
solar_elevation_gt_15,D+2,2024-09,xuzhou_2,285.0,0.0,0.0,0.0,0.0,0.0,0.0,0.0,,,,,
solar_elevation_gt_15,D+2,2024-09,yancheng_1,291.0,0.0,0.0,0.0,0.0,0.0,0.0,0.0,,,,,
solar_elevation_gt_15,D+2,2024-09,yancheng_2,294.0,0.0,0.0,0.0,0.0,0.0,0.0,0.0,,,,,
solar_elevation_gt_15,D+2,2024-09,yancheng_3,292.0,0.0,0.0,0.0,0.0,0.0,0.0,0.0,,,,,
solar_elevation_gt_15,D+2,2024-10,changzhou_1,272.0,0.0,0.0,0.0,0.0,0.0,0.0,0.0,,,,,
solar_elevation_gt_15,D+2,2024-10,huai_an_1,271.0,0.0,0.0,0.0,0.0,0.0,0.0,0.0,,,,,
solar_elevation_gt_15,D+2,2024-10,huai_an_2,269.0,0.0,0.0,0.0,0.0,0.0,0.0,0.0,,,,,
solar_elevation_gt_15,D+2,2024-10,huai_an_3,273.0,0.0,0.0,0.0,0.0,0.0,0.0,0.0,,,,,
solar_elevation_gt_15,D+2,2024-10,lianyungang_1,270.0,0.0,0.0,0.0,0.0,0.0,0.0,0.0,,,,,
solar_elevation_gt_15,D+2,2024-10,lianyungang_2,268.0,0.0,0.0,0.0,0.0,0.0,0.0,0.0,,,,,
solar_elevation_gt_15,D+2,2024-10,nanjing_1,275.0,0.0,0.0,0.0,0.0,0.0,0.0,0.0,,,,,
solar_elevation_gt_15,D+2,2024-10,nanjing_2,275.0,0.0,0.0,0.0,0.0,0.0,0.0,0.0,,,,,
solar_elevation_gt_15,D+2,2024-10,nantong_1,267.0,0.0,0.0,0.0,0.0,0.0,0.0,0.0,,,,,
solar_elevation_gt_15,D+2,2024-10,nantong_2,265.0,0.0,0.0,0.0,0.0,0.0,0.0,0.0,,,,,
solar_elevation_gt_15,D+2,2024-10,suqian_1,273.0,0.0,0.0,0.0,0.0,0.0,0.0,0.0,,,,,
solar_elevation_gt_15,D+2,2024-10,suzhou_1,268.0,0.0,0.0,0.0,0.0,0.0,0.0,0.0,,,,,
solar_elevation_gt_15,D+2,2024-10,taizhou_1,270.0,0.0,0.0,0.0,0.0,0.0,0.0,0.0,,,,,
solar_elevation_gt_15,D+2,2024-10,taizhou_2,268.0,0.0,0.0,0.0,0.0,0.0,0.0,0.0,,,,,
solar_elevation_gt_15,D+2,2024-10,wuxi_1,271.0,0.0,0.0,0.0,0.0,0.0,0.0,0.0,,,,,
solar_elevation_gt_15,D+2,2024-10,xuzhou_1,276.0,0.0,0.0,0.0,0.0,0.0,0.0,0.0,,,,,
solar_elevation_gt_15,D+2,2024-10,xuzhou_2,275.0,0.0,0.0,0.0,0.0,0.0,0.0,0.0,,,,,
solar_elevation_gt_15,D+2,2024-10,yancheng_1,268.0,0.0,0.0,0.0,0.0,0.0,0.0,0.0,,,,,
solar_elevation_gt_15,D+2,2024-10,yancheng_2,267.0,0.0,0.0,0.0,0.0,0.0,0.0,0.0,,,,,
solar_elevation_gt_15,D+2,2024-10,yancheng_3,270.0,0.0,0.0,0.0,0.0,0.0,0.0,0.0,,,,,
solar_elevation_gt_15,D+2,2024-11,changzhou_1,232.0,0.0,0.0,0.0,0.0,0.0,0.0,0.0,,,,,
solar_elevation_gt_15,D+2,2024-11,huai_an_1,226.0,0.0,0.0,0.0,0.0,0.0,0.0,0.0,,,,,
solar_elevation_gt_15,D+2,2024-11,huai_an_2,223.0,0.0,0.0,0.0,0.0,0.0,0.0,0.0,,,,,
solar_elevation_gt_15,D+2,2024-11,huai_an_3,223.0,0.0,0.0,0.0,0.0,0.0,0.0,0.0,,,,,
solar_elevation_gt_15,D+2,2024-11,lianyungang_1,219.0,0.0,0.0,0.0,0.0,0.0,0.0,0.0,,,,,
solar_elevation_gt_15,D+2,2024-11,lianyungang_2,221.0,0.0,0.0,0.0,0.0,0.0,0.0,0.0,,,,,
solar_elevation_gt_15,D+2,2024-11,nanjing_1,226.0,0.0,0.0,0.0,0.0,0.0,0.0,0.0,,,,,
solar_elevation_gt_15,D+2,2024-11,nanjing_2,229.0,0.0,0.0,0.0,0.0,0.0,0.0,0.0,,,,,
solar_elevation_gt_15,D+2,2024-11,nantong_1,235.0,0.0,0.0,0.0,0.0,0.0,0.0,0.0,,,,,
solar_elevation_gt_15,D+2,2024-11,nantong_2,238.0,0.0,0.0,0.0,0.0,0.0,0.0,0.0,,,,,
solar_elevation_gt_15,D+2,2024-11,suqian_1,220.0,0.0,0.0,0.0,0.0,0.0,0.0,0.0,,,,,
solar_elevation_gt_15,D+2,2024-11,suzhou_1,237.0,0.0,0.0,0.0,0.0,0.0,0.0,0.0,,,,,
solar_elevation_gt_15,D+2,2024-11,taizhou_1,228.0,0.0,0.0,0.0,0.0,0.0,0.0,0.0,,,,,
solar_elevation_gt_15,D+2,2024-11,taizhou_2,231.0,0.0,0.0,0.0,0.0,0.0,0.0,0.0,,,,,
solar_elevation_gt_15,D+2,2024-11,wuxi_1,235.0,0.0,0.0,0.0,0.0,0.0,0.0,0.0,,,,,
solar_elevation_gt_15,D+2,2024-11,xuzhou_1,212.0,0.0,0.0,0.0,0.0,0.0,0.0,0.0,,,,,
solar_elevation_gt_15,D+2,2024-11,xuzhou_2,216.0,0.0,0.0,0.0,0.0,0.0,0.0,0.0,,,,,
solar_elevation_gt_15,D+2,2024-11,yancheng_1,225.0,0.0,0.0,0.0,0.0,0.0,0.0,0.0,,,,,
solar_elevation_gt_15,D+2,2024-11,yancheng_2,230.0,0.0,0.0,0.0,0.0,0.0,0.0,0.0,,,,,
solar_elevation_gt_15,D+2,2024-11,yancheng_3,227.0,0.0,0.0,0.0,0.0,0.0,0.0,0.0,,,,,
solar_elevation_gt_15,D+2,2024-12,changzhou_1,217.0,0.0,0.0,0.0,0.0,0.0,0.0,0.0,,,,,
solar_elevation_gt_15,D+2,2024-12,huai_an_1,217.0,0.0,0.0,0.0,0.0,0.0,0.0,0.0,,,,,
solar_elevation_gt_15,D+2,2024-12,huai_an_2,217.0,0.0,0.0,0.0,0.0,0.0,0.0,0.0,,,,,
solar_elevation_gt_15,D+2,2024-12,huai_an_3,217.0,0.0,0.0,0.0,0.0,0.0,0.0,0.0,,,,,
solar_elevation_gt_15,D+2,2024-12,lianyungang_1,217.0,0.0,0.0,0.0,0.0,0.0,0.0,0.0,,,,,
solar_elevation_gt_15,D+2,2024-12,lianyungang_2,217.0,0.0,0.0,0.0,0.0,0.0,0.0,0.0,,,,,
solar_elevation_gt_15,D+2,2024-12,nanjing_1,217.0,0.0,0.0,0.0,0.0,0.0,0.0,0.0,,,,,
solar_elevation_gt_15,D+2,2024-12,nanjing_2,217.0,0.0,0.0,0.0,0.0,0.0,0.0,0.0,,,,,
solar_elevation_gt_15,D+2,2024-12,nantong_1,217.0,0.0,0.0,0.0,0.0,0.0,0.0,0.0,,,,,
solar_elevation_gt_15,D+2,2024-12,nantong_2,217.0,0.0,0.0,0.0,0.0,0.0,0.0,0.0,,,,,
solar_elevation_gt_15,D+2,2024-12,suqian_1,217.0,0.0,0.0,0.0,0.0,0.0,0.0,0.0,,,,,
solar_elevation_gt_15,D+2,2024-12,suzhou_1,217.0,0.0,0.0,0.0,0.0,0.0,0.0,0.0,,,,,
solar_elevation_gt_15,D+2,2024-12,taizhou_1,217.0,0.0,0.0,0.0,0.0,0.0,0.0,0.0,,,,,
solar_elevation_gt_15,D+2,2024-12,taizhou_2,217.0,0.0,0.0,0.0,0.0,0.0,0.0,0.0,,,,,
solar_elevation_gt_15,D+2,2024-12,wuxi_1,217.0,0.0,0.0,0.0,0.0,0.0,0.0,0.0,,,,,
solar_elevation_gt_15,D+2,2024-12,xuzhou_1,217.0,0.0,0.0,0.0,0.0,0.0,0.0,0.0,,,,,
solar_elevation_gt_15,D+2,2024-12,xuzhou_2,217.0,0.0,0.0,0.0,0.0,0.0,0.0,0.0,,,,,
solar_elevation_gt_15,D+2,2024-12,yancheng_1,217.0,0.0,0.0,0.0,0.0,0.0,0.0,0.0,,,,,
solar_elevation_gt_15,D+2,2024-12,yancheng_2,217.0,0.0,0.0,0.0,0.0,0.0,0.0,0.0,,,,,
solar_elevation_gt_15,D+2,2024-12,yancheng_3,217.0,0.0,0.0,0.0,0.0,0.0,0.0,0.0,,,,,
solar_elevation_gt_15,D+2,2025-01,changzhou_1,228.0,0.0,0.0,0.0,0.0,0.0,0.0,0.0,,,,,
solar_elevation_gt_15,D+2,2025-01,huai_an_1,225.0,0.0,0.0,0.0,0.0,0.0,0.0,0.0,,,,,
solar_elevation_gt_15,D+2,2025-01,huai_an_2,223.0,0.0,0.0,0.0,0.0,0.0,0.0,0.0,,,,,
solar_elevation_gt_15,D+2,2025-01,huai_an_3,228.0,0.0,0.0,0.0,0.0,0.0,0.0,0.0,,,,,
solar_elevation_gt_15,D+2,2025-01,lianyungang_1,223.0,0.0,0.0,0.0,0.0,0.0,0.0,0.0,,,,,
solar_elevation_gt_15,D+2,2025-01,lianyungang_2,220.0,0.0,0.0,0.0,0.0,0.0,0.0,0.0,,,,,
solar_elevation_gt_15,D+2,2025-01,nanjing_1,231.0,0.0,0.0,0.0,0.0,0.0,0.0,0.0,,,,,
solar_elevation_gt_15,D+2,2025-01,nanjing_2,231.0,0.0,0.0,0.0,0.0,0.0,0.0,0.0,,,,,
solar_elevation_gt_15,D+2,2025-01,nantong_1,223.0,0.0,0.0,0.0,0.0,0.0,0.0,0.0,,,,,
solar_elevation_gt_15,D+2,2025-01,nantong_2,220.0,0.0,0.0,0.0,0.0,0.0,0.0,0.0,,,,,
solar_elevation_gt_15,D+2,2025-01,suqian_1,226.0,0.0,0.0,0.0,0.0,0.0,0.0,0.0,,,,,
solar_elevation_gt_15,D+2,2025-01,suzhou_1,224.0,0.0,0.0,0.0,0.0,0.0,0.0,0.0,,,,,
solar_elevation_gt_15,D+2,2025-01,taizhou_1,225.0,0.0,0.0,0.0,0.0,0.0,0.0,0.0,,,,,
solar_elevation_gt_15,D+2,2025-01,taizhou_2,222.0,0.0,0.0,0.0,0.0,0.0,0.0,0.0,,,,,
solar_elevation_gt_15,D+2,2025-01,wuxi_1,228.0,0.0,0.0,0.0,0.0,0.0,0.0,0.0,,,,,
solar_elevation_gt_15,D+2,2025-01,xuzhou_1,229.0,0.0,0.0,0.0,0.0,0.0,0.0,0.0,,,,,
solar_elevation_gt_15,D+2,2025-01,xuzhou_2,228.0,0.0,0.0,0.0,0.0,0.0,0.0,0.0,,,,,
solar_elevation_gt_15,D+2,2025-01,yancheng_1,222.0,0.0,0.0,0.0,0.0,0.0,0.0,0.0,,,,,
solar_elevation_gt_15,D+2,2025-01,yancheng_2,221.0,0.0,0.0,0.0,0.0,0.0,0.0,0.0,,,,,
solar_elevation_gt_15,D+2,2025-01,yancheng_3,224.0,0.0,0.0,0.0,0.0,0.0,0.0,0.0,,,,,
solar_elevation_gt_15,D+2,2025-02,changzhou_1,236.0,0.0,0.0,0.0,0.0,0.0,0.0,0.0,,,,,
solar_elevation_gt_15,D+2,2025-02,huai_an_1,232.0,0.0,0.0,0.0,0.0,0.0,0.0,0.0,,,,,
solar_elevation_gt_15,D+2,2025-02,huai_an_2,231.0,0.0,0.0,0.0,0.0,0.0,0.0,0.0,,,,,
solar_elevation_gt_15,D+2,2025-02,huai_an_3,230.0,0.0,0.0,0.0,0.0,0.0,0.0,0.0,,,,,
solar_elevation_gt_15,D+2,2025-02,lianyungang_1,227.0,0.0,0.0,0.0,0.0,0.0,0.0,0.0,,,,,
solar_elevation_gt_15,D+2,2025-02,lianyungang_2,230.0,0.0,0.0,0.0,0.0,0.0,0.0,0.0,,,,,
solar_elevation_gt_15,D+2,2025-02,nanjing_1,232.0,0.0,0.0,0.0,0.0,0.0,0.0,0.0,,,,,
solar_elevation_gt_15,D+2,2025-02,nanjing_2,234.0,0.0,0.0,0.0,0.0,0.0,0.0,0.0,,,,,
solar_elevation_gt_15,D+2,2025-02,nantong_1,240.0,0.0,0.0,0.0,0.0,0.0,0.0,0.0,,,,,
solar_elevation_gt_15,D+2,2025-02,nantong_2,242.0,0.0,0.0,0.0,0.0,0.0,0.0,0.0,,,,,
solar_elevation_gt_15,D+2,2025-02,suqian_1,228.0,0.0,0.0,0.0,0.0,0.0,0.0,0.0,,,,,
solar_elevation_gt_15,D+2,2025-02,suzhou_1,241.0,0.0,0.0,0.0,0.0,0.0,0.0,0.0,,,,,
solar_elevation_gt_15,D+2,2025-02,taizhou_1,234.0,0.0,0.0,0.0,0.0,0.0,0.0,0.0,,,,,
solar_elevation_gt_15,D+2,2025-02,taizhou_2,237.0,0.0,0.0,0.0,0.0,0.0,0.0,0.0,,,,,
solar_elevation_gt_15,D+2,2025-02,wuxi_1,239.0,0.0,0.0,0.0,0.0,0.0,0.0,0.0,,,,,
solar_elevation_gt_15,D+2,2025-02,xuzhou_1,224.0,0.0,0.0,0.0,0.0,0.0,0.0,0.0,,,,,
solar_elevation_gt_15,D+2,2025-02,xuzhou_2,225.0,0.0,0.0,0.0,0.0,0.0,0.0,0.0,,,,,
solar_elevation_gt_15,D+2,2025-02,yancheng_1,232.0,0.0,0.0,0.0,0.0,0.0,0.0,0.0,,,,,
solar_elevation_gt_15,D+2,2025-02,yancheng_2,236.0,0.0,0.0,0.0,0.0,0.0,0.0,0.0,,,,,
solar_elevation_gt_15,D+2,2025-02,yancheng_3,233.0,0.0,0.0,0.0,0.0,0.0,0.0,0.0,,,,,
solar_elevation_gt_15,D+2,2025-03,changzhou_1,288.0,0.0,0.0,0.0,0.0,0.0,0.0,0.0,,,,,
solar_elevation_gt_15,D+2,2025-03,huai_an_1,288.0,0.0,0.0,0.0,0.0,0.0,0.0,0.0,,,,,
solar_elevation_gt_15,D+2,2025-03,huai_an_2,287.0,0.0,0.0,0.0,0.0,0.0,0.0,0.0,,,,,
solar_elevation_gt_15,D+2,2025-03,huai_an_3,292.0,0.0,0.0,0.0,0.0,0.0,0.0,0.0,,,,,
solar_elevation_gt_15,D+2,2025-03,lianyungang_1,290.0,0.0,0.0,0.0,0.0,0.0,0.0,0.0,,,,,
solar_elevation_gt_15,D+2,2025-03,lianyungang_2,286.0,0.0,0.0,0.0,0.0,0.0,0.0,0.0,,,,,
solar_elevation_gt_15,D+2,2025-03,nanjing_1,294.0,0.0,0.0,0.0,0.0,0.0,0.0,0.0,,,,,
solar_elevation_gt_15,D+2,2025-03,nanjing_2,292.0,0.0,0.0,0.0,0.0,0.0,0.0,0.0,,,,,
solar_elevation_gt_15,D+2,2025-03,nantong_1,281.0,0.0,0.0,0.0,0.0,0.0,0.0,0.0,,,,,
solar_elevation_gt_15,D+2,2025-03,nantong_2,283.0,0.0,0.0,0.0,0.0,0.0,0.0,0.0,,,,,
solar_elevation_gt_15,D+2,2025-03,suqian_1,293.0,0.0,0.0,0.0,0.0,0.0,0.0,0.0,,,,,
solar_elevation_gt_15,D+2,2025-03,suzhou_1,282.0,0.0,0.0,0.0,0.0,0.0,0.0,0.0,,,,,
solar_elevation_gt_15,D+2,2025-03,taizhou_1,286.0,0.0,0.0,0.0,0.0,0.0,0.0,0.0,,,,,
solar_elevation_gt_15,D+2,2025-03,taizhou_2,282.0,0.0,0.0,0.0,0.0,0.0,0.0,0.0,,,,,
solar_elevation_gt_15,D+2,2025-03,wuxi_1,285.0,0.0,0.0,0.0,0.0,0.0,0.0,0.0,,,,,
solar_elevation_gt_15,D+2,2025-03,xuzhou_1,297.0,0.0,0.0,0.0,0.0,0.0,0.0,0.0,,,,,
solar_elevation_gt_15,D+2,2025-03,xuzhou_2,296.0,0.0,0.0,0.0,0.0,0.0,0.0,0.0,,,,,
solar_elevation_gt_15,D+2,2025-03,yancheng_1,285.0,0.0,0.0,0.0,0.0,0.0,0.0,0.0,,,,,
solar_elevation_gt_15,D+2,2025-03,yancheng_2,282.0,0.0,0.0,0.0,0.0,0.0,0.0,0.0,,,,,
solar_elevation_gt_15,D+2,2025-03,yancheng_3,286.0,0.0,0.0,0.0,0.0,0.0,0.0,0.0,,,,,
solar_elevation_gt_15,D+2,2025-04,changzhou_1,327.0,0.0,0.0,0.0,0.0,0.0,0.0,0.0,,,,,
solar_elevation_gt_15,D+2,2025-04,huai_an_1,326.0,0.0,0.0,0.0,0.0,0.0,0.0,0.0,,,,,
solar_elevation_gt_15,D+2,2025-04,huai_an_2,326.0,0.0,0.0,0.0,0.0,0.0,0.0,0.0,,,,,
solar_elevation_gt_15,D+2,2025-04,huai_an_3,323.0,0.0,0.0,0.0,0.0,0.0,0.0,0.0,,,,,
solar_elevation_gt_15,D+2,2025-04,lianyungang_1,323.0,0.0,0.0,0.0,0.0,0.0,0.0,0.0,,,,,
solar_elevation_gt_15,D+2,2025-04,lianyungang_2,326.0,0.0,0.0,0.0,0.0,0.0,0.0,0.0,,,,,
solar_elevation_gt_15,D+2,2025-04,nanjing_1,323.0,0.0,0.0,0.0,0.0,0.0,0.0,0.0,,,,,
solar_elevation_gt_15,D+2,2025-04,nanjing_2,325.0,0.0,0.0,0.0,0.0,0.0,0.0,0.0,,,,,
solar_elevation_gt_15,D+2,2025-04,nantong_1,330.0,0.0,0.0,0.0,0.0,0.0,0.0,0.0,,,,,
solar_elevation_gt_15,D+2,2025-04,nantong_2,326.0,0.0,0.0,0.0,0.0,0.0,0.0,0.0,,,,,
solar_elevation_gt_15,D+2,2025-04,suqian_1,322.0,0.0,0.0,0.0,0.0,0.0,0.0,0.0,,,,,
solar_elevation_gt_15,D+2,2025-04,suzhou_1,330.0,0.0,0.0,0.0,0.0,0.0,0.0,0.0,,,,,
solar_elevation_gt_15,D+2,2025-04,taizhou_1,327.0,0.0,0.0,0.0,0.0,0.0,0.0,0.0,,,,,
solar_elevation_gt_15,D+2,2025-04,taizhou_2,330.0,0.0,0.0,0.0,0.0,0.0,0.0,0.0,,,,,
solar_elevation_gt_15,D+2,2025-04,wuxi_1,329.0,0.0,0.0,0.0,0.0,0.0,0.0,0.0,,,,,
solar_elevation_gt_15,D+2,2025-04,xuzhou_1,317.0,0.0,0.0,0.0,0.0,0.0,0.0,0.0,,,,,
solar_elevation_gt_15,D+2,2025-04,xuzhou_2,319.0,0.0,0.0,0.0,0.0,0.0,0.0,0.0,,,,,
solar_elevation_gt_15,D+2,2025-04,yancheng_1,327.0,0.0,0.0,0.0,0.0,0.0,0.0,0.0,,,,,
solar_elevation_gt_15,D+2,2025-04,yancheng_2,330.0,0.0,0.0,0.0,0.0,0.0,0.0,0.0,,,,,
solar_elevation_gt_15,D+2,2025-04,yancheng_3,327.0,0.0,0.0,0.0,0.0,0.0,0.0,0.0,,,,,
solar_elevation_gt_15,D+2,2025-05,changzhou_1,341.0,0.0,0.0,0.0,0.0,0.0,0.0,0.0,,,,,
solar_elevation_gt_15,D+2,2025-05,huai_an_1,341.0,0.0,0.0,0.0,0.0,0.0,0.0,0.0,,,,,
solar_elevation_gt_15,D+2,2025-05,huai_an_2,341.0,0.0,0.0,0.0,0.0,0.0,0.0,0.0,,,,,
solar_elevation_gt_15,D+2,2025-05,huai_an_3,341.0,0.0,0.0,0.0,0.0,0.0,0.0,0.0,,,,,
solar_elevation_gt_15,D+2,2025-05,lianyungang_1,341.0,0.0,0.0,0.0,0.0,0.0,0.0,0.0,,,,,
solar_elevation_gt_15,D+2,2025-05,lianyungang_2,341.0,0.0,0.0,0.0,0.0,0.0,0.0,0.0,,,,,
solar_elevation_gt_15,D+2,2025-05,nanjing_1,341.0,0.0,0.0,0.0,0.0,0.0,0.0,0.0,,,,,
solar_elevation_gt_15,D+2,2025-05,nanjing_2,341.0,0.0,0.0,0.0,0.0,0.0,0.0,0.0,,,,,
solar_elevation_gt_15,D+2,2025-05,nantong_1,341.0,0.0,0.0,0.0,0.0,0.0,0.0,0.0,,,,,
solar_elevation_gt_15,D+2,2025-05,nantong_2,341.0,0.0,0.0,0.0,0.0,0.0,0.0,0.0,,,,,
solar_elevation_gt_15,D+2,2025-05,suqian_1,341.0,0.0,0.0,0.0,0.0,0.0,0.0,0.0,,,,,
solar_elevation_gt_15,D+2,2025-05,suzhou_1,341.0,0.0,0.0,0.0,0.0,0.0,0.0,0.0,,,,,
solar_elevation_gt_15,D+2,2025-05,taizhou_1,341.0,0.0,0.0,0.0,0.0,0.0,0.0,0.0,,,,,
solar_elevation_gt_15,D+2,2025-05,taizhou_2,341.0,0.0,0.0,0.0,0.0,0.0,0.0,0.0,,,,,
solar_elevation_gt_15,D+2,2025-05,wuxi_1,341.0,0.0,0.0,0.0,0.0,0.0,0.0,0.0,,,,,
solar_elevation_gt_15,D+2,2025-05,xuzhou_1,341.0,0.0,0.0,0.0,0.0,0.0,0.0,0.0,,,,,
solar_elevation_gt_15,D+2,2025-05,xuzhou_2,341.0,0.0,0.0,0.0,0.0,0.0,0.0,0.0,,,,,
solar_elevation_gt_15,D+2,2025-05,yancheng_1,341.0,0.0,0.0,0.0,0.0,0.0,0.0,0.0,,,,,
solar_elevation_gt_15,D+2,2025-05,yancheng_2,341.0,0.0,0.0,0.0,0.0,0.0,0.0,0.0,,,,,
solar_elevation_gt_15,D+2,2025-05,yancheng_3,341.0,0.0,0.0,0.0,0.0,0.0,0.0,0.0,,,,,
solar_elevation_gt_15,D+2,2025-06,changzhou_1,330.0,0.0,0.0,0.0,0.0,0.0,0.0,0.0,,,,,
solar_elevation_gt_15,D+2,2025-06,huai_an_1,330.0,0.0,0.0,0.0,0.0,0.0,0.0,0.0,,,,,
solar_elevation_gt_15,D+2,2025-06,huai_an_2,330.0,0.0,0.0,0.0,0.0,0.0,0.0,0.0,,,,,
solar_elevation_gt_15,D+2,2025-06,huai_an_3,330.0,0.0,0.0,0.0,0.0,0.0,0.0,0.0,,,,,
solar_elevation_gt_15,D+2,2025-06,lianyungang_1,330.0,0.0,0.0,0.0,0.0,0.0,0.0,0.0,,,,,
solar_elevation_gt_15,D+2,2025-06,lianyungang_2,330.0,0.0,0.0,0.0,0.0,0.0,0.0,0.0,,,,,
solar_elevation_gt_15,D+2,2025-06,nanjing_1,330.0,0.0,0.0,0.0,0.0,0.0,0.0,0.0,,,,,
solar_elevation_gt_15,D+2,2025-06,nanjing_2,330.0,0.0,0.0,0.0,0.0,0.0,0.0,0.0,,,,,
solar_elevation_gt_15,D+2,2025-06,nantong_1,330.0,0.0,0.0,0.0,0.0,0.0,0.0,0.0,,,,,
solar_elevation_gt_15,D+2,2025-06,nantong_2,330.0,0.0,0.0,0.0,0.0,0.0,0.0,0.0,,,,,
solar_elevation_gt_15,D+2,2025-06,suqian_1,330.0,0.0,0.0,0.0,0.0,0.0,0.0,0.0,,,,,
solar_elevation_gt_15,D+2,2025-06,suzhou_1,330.0,0.0,0.0,0.0,0.0,0.0,0.0,0.0,,,,,
solar_elevation_gt_15,D+2,2025-06,taizhou_1,330.0,0.0,0.0,0.0,0.0,0.0,0.0,0.0,,,,,
solar_elevation_gt_15,D+2,2025-06,taizhou_2,330.0,0.0,0.0,0.0,0.0,0.0,0.0,0.0,,,,,
solar_elevation_gt_15,D+2,2025-06,wuxi_1,330.0,0.0,0.0,0.0,0.0,0.0,0.0,0.0,,,,,
solar_elevation_gt_15,D+2,2025-06,xuzhou_1,356.0,0.0,0.0,0.0,0.0,0.0,0.0,0.0,,,,,
solar_elevation_gt_15,D+2,2025-06,xuzhou_2,346.0,0.0,0.0,0.0,0.0,0.0,0.0,0.0,,,,,
solar_elevation_gt_15,D+2,2025-06,yancheng_1,330.0,0.0,0.0,0.0,0.0,0.0,0.0,0.0,,,,,
solar_elevation_gt_15,D+2,2025-06,yancheng_2,330.0,0.0,0.0,0.0,0.0,0.0,0.0,0.0,,,,,
solar_elevation_gt_15,D+2,2025-06,yancheng_3,330.0,0.0,0.0,0.0,0.0,0.0,0.0,0.0,,,,,
solar_elevation_gt_15,D+2,2025-07,changzhou_1,341.0,0.0,0.0,0.0,0.0,0.0,0.0,0.0,,,,,
solar_elevation_gt_15,D+2,2025-07,huai_an_1,341.0,0.0,0.0,0.0,0.0,0.0,0.0,0.0,,,,,
solar_elevation_gt_15,D+2,2025-07,huai_an_2,341.0,0.0,0.0,0.0,0.0,0.0,0.0,0.0,,,,,
solar_elevation_gt_15,D+2,2025-07,huai_an_3,341.0,0.0,0.0,0.0,0.0,0.0,0.0,0.0,,,,,
solar_elevation_gt_15,D+2,2025-07,lianyungang_1,341.0,0.0,0.0,0.0,0.0,0.0,0.0,0.0,,,,,
solar_elevation_gt_15,D+2,2025-07,lianyungang_2,341.0,0.0,0.0,0.0,0.0,0.0,0.0,0.0,,,,,
solar_elevation_gt_15,D+2,2025-07,nanjing_1,341.0,0.0,0.0,0.0,0.0,0.0,0.0,0.0,,,,,
solar_elevation_gt_15,D+2,2025-07,nanjing_2,341.0,0.0,0.0,0.0,0.0,0.0,0.0,0.0,,,,,
solar_elevation_gt_15,D+2,2025-07,nantong_1,341.0,0.0,0.0,0.0,0.0,0.0,0.0,0.0,,,,,
solar_elevation_gt_15,D+2,2025-07,nantong_2,341.0,0.0,0.0,0.0,0.0,0.0,0.0,0.0,,,,,
solar_elevation_gt_15,D+2,2025-07,suqian_1,341.0,0.0,0.0,0.0,0.0,0.0,0.0,0.0,,,,,
solar_elevation_gt_15,D+2,2025-07,suzhou_1,341.0,0.0,0.0,0.0,0.0,0.0,0.0,0.0,,,,,
solar_elevation_gt_15,D+2,2025-07,taizhou_1,341.0,0.0,0.0,0.0,0.0,0.0,0.0,0.0,,,,,
solar_elevation_gt_15,D+2,2025-07,taizhou_2,341.0,0.0,0.0,0.0,0.0,0.0,0.0,0.0,,,,,
solar_elevation_gt_15,D+2,2025-07,wuxi_1,341.0,0.0,0.0,0.0,0.0,0.0,0.0,0.0,,,,,
solar_elevation_gt_15,D+2,2025-07,xuzhou_1,366.0,0.0,0.0,0.0,0.0,0.0,0.0,0.0,,,,,
solar_elevation_gt_15,D+2,2025-07,xuzhou_2,358.0,0.0,0.0,0.0,0.0,0.0,0.0,0.0,,,,,
solar_elevation_gt_15,D+2,2025-07,yancheng_1,341.0,0.0,0.0,0.0,0.0,0.0,0.0,0.0,,,,,
solar_elevation_gt_15,D+2,2025-07,yancheng_2,341.0,0.0,0.0,0.0,0.0,0.0,0.0,0.0,,,,,
solar_elevation_gt_15,D+2,2025-07,yancheng_3,341.0,0.0,0.0,0.0,0.0,0.0,0.0,0.0,,,,,
solar_elevation_gt_15,D+2,2025-08,changzhou_1,341.0,0.0,0.0,0.0,0.0,0.0,0.0,0.0,,,,,
solar_elevation_gt_15,D+2,2025-08,huai_an_1,341.0,0.002932551319648094,0.0,0.002932551319648094,0.0,0.0,0.0,1.0,0.0,0.0,0.0,1.0,100.0
solar_elevation_gt_15,D+2,2025-08,huai_an_2,341.0,0.0,0.0,0.0,0.0,0.0,0.0,0.0,,,,,
solar_elevation_gt_15,D+2,2025-08,huai_an_3,341.0,0.0,0.0,0.0,0.0,0.0,0.0,0.0,,,,,
solar_elevation_gt_15,D+2,2025-08,lianyungang_1,341.0,0.0,0.0,0.0,0.0,0.0,0.0,0.0,,,,,
solar_elevation_gt_15,D+2,2025-08,lianyungang_2,341.0,0.0,0.0,0.0,0.0,0.0,0.0,0.0,,,,,
solar_elevation_gt_15,D+2,2025-08,nanjing_1,341.0,0.0,0.0,0.0,0.0,0.0,0.0,0.0,,,,,
solar_elevation_gt_15,D+2,2025-08,nanjing_2,341.0,0.0,0.0,0.0,0.0,0.0,0.0,0.0,,,,,
solar_elevation_gt_15,D+2,2025-08,nantong_1,341.0,0.0,0.0,0.0,0.0,0.0,0.0,0.0,,,,,
solar_elevation_gt_15,D+2,2025-08,nantong_2,341.0,0.0,0.0,0.0,0.0,0.0,0.0,0.0,,,,,
solar_elevation_gt_15,D+2,2025-08,suqian_1,341.0,0.0,0.0,0.0,0.0,0.0,0.0,0.0,,,,,
solar_elevation_gt_15,D+2,2025-08,suzhou_1,341.0,0.0,0.0,0.0,0.0,0.0,0.0,0.0,,,,,
solar_elevation_gt_15,D+2,2025-08,taizhou_1,341.0,0.0,0.0,0.0,0.0,0.0,0.0,0.0,,,,,
solar_elevation_gt_15,D+2,2025-08,taizhou_2,341.0,0.0,0.0,0.0,0.0,0.0,0.0,0.0,,,,,
solar_elevation_gt_15,D+2,2025-08,wuxi_1,341.0,0.0,0.0,0.0,0.0,0.0,0.0,0.0,,,,,
solar_elevation_gt_15,D+2,2025-08,xuzhou_1,335.0,0.0,0.0,0.0,0.0,0.0,0.0,0.0,,,,,
solar_elevation_gt_15,D+2,2025-08,xuzhou_2,340.0,0.0,0.0,0.0,0.0,0.0,0.0,0.0,,,,,
solar_elevation_gt_15,D+2,2025-08,yancheng_1,341.0,0.0,0.0,0.0,0.0,0.0,0.0,0.0,,,,,
solar_elevation_gt_15,D+2,2025-08,yancheng_2,341.0,0.0,0.0,0.0,0.0,0.0,0.0,0.0,,,,,
solar_elevation_gt_15,D+2,2025-08,yancheng_3,341.0,0.0,0.0,0.0,0.0,0.0,0.0,0.0,,,,,
solar_elevation_gt_15,D+2,2025-09,changzhou_1,294.0,0.0,0.0,0.0,0.0,0.0,0.0,0.0,,,,,
solar_elevation_gt_15,D+2,2025-09,huai_an_1,292.0,0.0,0.0,0.0,0.0,0.0,0.0,0.0,,,,,
solar_elevation_gt_15,D+2,2025-09,huai_an_2,291.0,0.0,0.0,0.0,0.0,0.0,0.0,0.0,,,,,
solar_elevation_gt_15,D+2,2025-09,huai_an_3,289.0,0.0,0.0,0.0,0.0,0.0,0.0,0.0,,,,,
solar_elevation_gt_15,D+2,2025-09,lianyungang_1,288.0,0.0,0.0,0.0,0.0,0.0,0.0,0.0,,,,,
solar_elevation_gt_15,D+2,2025-09,lianyungang_2,290.0,0.0,0.0,0.0,0.0,0.0,0.0,0.0,,,,,
solar_elevation_gt_15,D+2,2025-09,nanjing_1,290.0,0.0,0.0,0.0,0.0,0.0,0.0,0.0,,,,,
solar_elevation_gt_15,D+2,2025-09,nanjing_2,291.0,0.0,0.0,0.0,0.0,0.0,0.0,0.0,,,,,
solar_elevation_gt_15,D+2,2025-09,nantong_1,298.0,0.0,0.0,0.0,0.0,0.0,0.0,0.0,,,,,
solar_elevation_gt_15,D+2,2025-09,nantong_2,300.0,0.0,0.0,0.0,0.0,0.0,0.0,0.0,,,,,
solar_elevation_gt_15,D+2,2025-09,suqian_1,287.0,0.0,0.0,0.0,0.0,0.0,0.0,0.0,,,,,
solar_elevation_gt_15,D+2,2025-09,suzhou_1,298.0,0.0,0.0,0.0,0.0,0.0,0.0,0.0,,,,,
solar_elevation_gt_15,D+2,2025-09,taizhou_1,293.0,0.0,0.0,0.0,0.0,0.0,0.0,0.0,,,,,
solar_elevation_gt_15,D+2,2025-09,taizhou_2,295.0,0.0,0.0,0.0,0.0,0.0,0.0,0.0,,,,,
solar_elevation_gt_15,D+2,2025-09,wuxi_1,297.0,0.0,0.0,0.0,0.0,0.0,0.0,0.0,,,,,
solar_elevation_gt_15,D+2,2025-09,xuzhou_1,287.0,0.0,0.0,0.0,0.0,0.0,0.0,0.0,,,,,
solar_elevation_gt_15,D+2,2025-09,xuzhou_2,285.0,0.0,0.0,0.0,0.0,0.0,0.0,0.0,,,,,
solar_elevation_gt_15,D+2,2025-09,yancheng_1,292.0,0.0,0.0,0.0,0.0,0.0,0.0,0.0,,,,,
solar_elevation_gt_15,D+2,2025-09,yancheng_2,295.0,0.0,0.0,0.0,0.0,0.0,0.0,0.0,,,,,
solar_elevation_gt_15,D+2,2025-09,yancheng_3,293.0,0.0,0.0,0.0,0.0,0.0,0.0,0.0,,,,,
solar_elevation_gt_15,D+2,2025-10,changzhou_1,273.0,0.0,0.0,0.0,0.0,0.0,0.0,0.0,,,,,
solar_elevation_gt_15,D+2,2025-10,huai_an_1,271.0,0.0,0.0,0.0,0.0,0.0,0.0,0.0,,,,,
solar_elevation_gt_15,D+2,2025-10,huai_an_2,269.0,0.0,0.0,0.0,0.0,0.0,0.0,0.0,,,,,
solar_elevation_gt_15,D+2,2025-10,huai_an_3,273.0,0.0,0.0,0.0,0.0,0.0,0.0,0.0,,,,,
solar_elevation_gt_15,D+2,2025-10,lianyungang_1,270.0,0.0,0.0,0.0,0.0,0.0,0.0,0.0,,,,,
solar_elevation_gt_15,D+2,2025-10,lianyungang_2,268.0,0.0,0.0,0.0,0.0,0.0,0.0,0.0,,,,,
solar_elevation_gt_15,D+2,2025-10,nanjing_1,276.0,0.0,0.0,0.0,0.0,0.0,0.0,0.0,,,,,
solar_elevation_gt_15,D+2,2025-10,nanjing_2,275.0,0.0,0.0,0.0,0.0,0.0,0.0,0.0,,,,,
solar_elevation_gt_15,D+2,2025-10,nantong_1,268.0,0.0,0.0,0.0,0.0,0.0,0.0,0.0,,,,,
solar_elevation_gt_15,D+2,2025-10,nantong_2,265.0,0.0,0.0,0.0,0.0,0.0,0.0,0.0,,,,,
solar_elevation_gt_15,D+2,2025-10,suqian_1,273.0,0.0,0.0,0.0,0.0,0.0,0.0,0.0,,,,,
solar_elevation_gt_15,D+2,2025-10,suzhou_1,268.0,0.0,0.0,0.0,0.0,0.0,0.0,0.0,,,,,
solar_elevation_gt_15,D+2,2025-10,taizhou_1,270.0,0.0,0.0,0.0,0.0,0.0,0.0,0.0,,,,,
solar_elevation_gt_15,D+2,2025-10,taizhou_2,268.0,0.0,0.0,0.0,0.0,0.0,0.0,0.0,,,,,
solar_elevation_gt_15,D+2,2025-10,wuxi_1,272.0,0.0,0.0,0.0,0.0,0.0,0.0,0.0,,,,,
solar_elevation_gt_15,D+2,2025-10,xuzhou_1,276.0,0.0,0.0,0.0,0.0,0.0,0.0,0.0,,,,,
solar_elevation_gt_15,D+2,2025-10,xuzhou_2,275.0,0.0,0.0,0.0,0.0,0.0,0.0,0.0,,,,,
solar_elevation_gt_15,D+2,2025-10,yancheng_1,268.0,0.0,0.0,0.0,0.0,0.0,0.0,0.0,,,,,
solar_elevation_gt_15,D+2,2025-10,yancheng_2,267.0,0.0,0.0,0.0,0.0,0.0,0.0,0.0,,,,,
solar_elevation_gt_15,D+2,2025-10,yancheng_3,270.0,0.0,0.0,0.0,0.0,0.0,0.0,0.0,,,,,
solar_elevation_gt_15,D+2,2025-11,changzhou_1,232.0,0.0,0.0,0.0,0.0,0.0,0.0,0.0,,,,,
solar_elevation_gt_15,D+2,2025-11,huai_an_1,226.0,0.0,0.0,0.0,0.0,0.0,0.0,0.0,,,,,
solar_elevation_gt_15,D+2,2025-11,huai_an_2,224.0,0.0,0.0,0.0,0.0,0.0,0.0,0.0,,,,,
solar_elevation_gt_15,D+2,2025-11,huai_an_3,223.0,0.0,0.0,0.0,0.0,0.0,0.0,0.0,,,,,
solar_elevation_gt_15,D+2,2025-11,lianyungang_1,219.0,0.0,0.0,0.0,0.0,0.0,0.0,0.0,,,,,
solar_elevation_gt_15,D+2,2025-11,lianyungang_2,221.0,0.0,0.0,0.0,0.0,0.0,0.0,0.0,,,,,
solar_elevation_gt_15,D+2,2025-11,nanjing_1,226.0,0.0,0.0,0.0,0.0,0.0,0.0,0.0,,,,,
solar_elevation_gt_15,D+2,2025-11,nanjing_2,229.0,0.0,0.0,0.0,0.0,0.0,0.0,0.0,,,,,
solar_elevation_gt_15,D+2,2025-11,nantong_1,235.0,0.0,0.0,0.0,0.0,0.0,0.0,0.0,,,,,
solar_elevation_gt_15,D+2,2025-11,nantong_2,238.0,0.0,0.0,0.0,0.0,0.0,0.0,0.0,,,,,
solar_elevation_gt_15,D+2,2025-11,suqian_1,220.0,0.0,0.0,0.0,0.0,0.0,0.0,0.0,,,,,
solar_elevation_gt_15,D+2,2025-11,suzhou_1,237.0,0.0,0.0,0.0,0.0,0.0,0.0,0.0,,,,,
solar_elevation_gt_15,D+2,2025-11,taizhou_1,228.0,0.0,0.0,0.0,0.0,0.0,0.0,0.0,,,,,
solar_elevation_gt_15,D+2,2025-11,taizhou_2,231.0,0.0,0.0,0.0,0.0,0.0,0.0,0.0,,,,,
solar_elevation_gt_15,D+2,2025-11,wuxi_1,235.0,0.0,0.0,0.0,0.0,0.0,0.0,0.0,,,,,
solar_elevation_gt_15,D+2,2025-11,xuzhou_1,212.0,0.0,0.0,0.0,0.0,0.0,0.0,0.0,,,,,
solar_elevation_gt_15,D+2,2025-11,xuzhou_2,216.0,0.0,0.0,0.0,0.0,0.0,0.0,0.0,,,,,
solar_elevation_gt_15,D+2,2025-11,yancheng_1,225.0,0.0,0.0,0.0,0.0,0.0,0.0,0.0,,,,,
solar_elevation_gt_15,D+2,2025-11,yancheng_2,230.0,0.0,0.0,0.0,0.0,0.0,0.0,0.0,,,,,
solar_elevation_gt_15,D+2,2025-11,yancheng_3,227.0,0.0,0.0,0.0,0.0,0.0,0.0,0.0,,,,,
solar_elevation_gt_15,D+2,2025-12,changzhou_1,217.0,0.0,0.0,0.0,0.0,0.0,0.0,0.0,,,,,
solar_elevation_gt_15,D+2,2025-12,huai_an_1,217.0,0.0,0.0,0.0,0.0,0.0,0.0,0.0,,,,,
solar_elevation_gt_15,D+2,2025-12,huai_an_2,217.0,0.0,0.0,0.0,0.0,0.0,0.0,0.0,,,,,
solar_elevation_gt_15,D+2,2025-12,huai_an_3,217.0,0.0,0.0,0.0,0.0,0.0,0.0,0.0,,,,,
solar_elevation_gt_15,D+2,2025-12,lianyungang_1,217.0,0.0,0.0,0.0,0.0,0.0,0.0,0.0,,,,,
solar_elevation_gt_15,D+2,2025-12,lianyungang_2,217.0,0.0,0.0,0.0,0.0,0.0,0.0,0.0,,,,,
solar_elevation_gt_15,D+2,2025-12,nanjing_1,217.0,0.0,0.0,0.0,0.0,0.0,0.0,0.0,,,,,
solar_elevation_gt_15,D+2,2025-12,nanjing_2,217.0,0.0,0.0,0.0,0.0,0.0,0.0,0.0,,,,,
solar_elevation_gt_15,D+2,2025-12,nantong_1,217.0,0.0,0.0,0.0,0.0,0.0,0.0,0.0,,,,,
solar_elevation_gt_15,D+2,2025-12,nantong_2,217.0,0.0,0.0,0.0,0.0,0.0,0.0,0.0,,,,,
solar_elevation_gt_15,D+2,2025-12,suqian_1,217.0,0.0,0.0,0.0,0.0,0.0,0.0,0.0,,,,,
solar_elevation_gt_15,D+2,2025-12,suzhou_1,217.0,0.0,0.0,0.0,0.0,0.0,0.0,0.0,,,,,
solar_elevation_gt_15,D+2,2025-12,taizhou_1,217.0,0.0,0.0,0.0,0.0,0.0,0.0,0.0,,,,,
solar_elevation_gt_15,D+2,2025-12,taizhou_2,217.0,0.0,0.0,0.0,0.0,0.0,0.0,0.0,,,,,
solar_elevation_gt_15,D+2,2025-12,wuxi_1,217.0,0.0,0.0,0.0,0.0,0.0,0.0,0.0,,,,,
solar_elevation_gt_15,D+2,2025-12,xuzhou_1,217.0,0.0,0.0,0.0,0.0,0.0,0.0,0.0,,,,,
solar_elevation_gt_15,D+2,2025-12,xuzhou_2,217.0,0.0,0.0,0.0,0.0,0.0,0.0,0.0,,,,,
solar_elevation_gt_15,D+2,2025-12,yancheng_1,217.0,0.0,0.0,0.0,0.0,0.0,0.0,0.0,,,,,
solar_elevation_gt_15,D+2,2025-12,yancheng_2,217.0,0.0,0.0,0.0,0.0,0.0,0.0,0.0,,,,,
solar_elevation_gt_15,D+2,2025-12,yancheng_3,217.0,0.0,0.0,0.0,0.0,0.0,0.0,0.0,,,,,
solar_elevation_gt_15,D+2,2026-01,changzhou_1,228.0,0.0,0.0,0.0,0.0,0.0,0.0,0.0,,,,,
solar_elevation_gt_15,D+2,2026-01,huai_an_1,225.0,0.0,0.0,0.0,0.0,0.0,0.0,0.0,,,,,
solar_elevation_gt_15,D+2,2026-01,huai_an_2,222.0,0.0,0.0,0.0,0.0,0.0,0.0,0.0,,,,,
solar_elevation_gt_15,D+2,2026-01,huai_an_3,227.0,0.0,0.0,0.0,0.0,0.0,0.0,0.0,,,,,
solar_elevation_gt_15,D+2,2026-01,lianyungang_1,223.0,0.0,0.0,0.0,0.0,0.0,0.0,0.0,,,,,
solar_elevation_gt_15,D+2,2026-01,lianyungang_2,220.0,0.0,0.0,0.0,0.0,0.0,0.0,0.0,,,,,
solar_elevation_gt_15,D+2,2026-01,nanjing_1,231.0,0.0,0.0,0.0,0.0,0.0,0.0,0.0,,,,,
solar_elevation_gt_15,D+2,2026-01,nanjing_2,231.0,0.0,0.0,0.0,0.0,0.0,0.0,0.0,,,,,
solar_elevation_gt_15,D+2,2026-01,nantong_1,222.0,0.0,0.0,0.0,0.0,0.0,0.0,0.0,,,,,
solar_elevation_gt_15,D+2,2026-01,nantong_2,220.0,0.0,0.0,0.0,0.0,0.0,0.0,0.0,,,,,
solar_elevation_gt_15,D+2,2026-01,suqian_1,226.0,0.0,0.0,0.0,0.0,0.0,0.0,0.0,,,,,
solar_elevation_gt_15,D+2,2026-01,suzhou_1,224.0,0.0,0.0,0.0,0.0,0.0,0.0,0.0,,,,,
solar_elevation_gt_15,D+2,2026-01,taizhou_1,225.0,0.0,0.0,0.0,0.0,0.0,0.0,0.0,,,,,
solar_elevation_gt_15,D+2,2026-01,taizhou_2,222.0,0.0,0.0,0.0,0.0,0.0,0.0,0.0,,,,,
solar_elevation_gt_15,D+2,2026-01,wuxi_1,228.0,0.0,0.0,0.0,0.0,0.0,0.0,0.0,,,,,
solar_elevation_gt_15,D+2,2026-01,xuzhou_1,229.0,0.0,0.0,0.0,0.0,0.0,0.0,0.0,,,,,
solar_elevation_gt_15,D+2,2026-01,xuzhou_2,228.0,0.0,0.0,0.0,0.0,0.0,0.0,0.0,,,,,
solar_elevation_gt_15,D+2,2026-01,yancheng_1,221.0,0.0,0.0,0.0,0.0,0.0,0.0,0.0,,,,,
solar_elevation_gt_15,D+2,2026-01,yancheng_2,221.0,0.0,0.0,0.0,0.0,0.0,0.0,0.0,,,,,
solar_elevation_gt_15,D+2,2026-01,yancheng_3,224.0,0.0,0.0,0.0,0.0,0.0,0.0,0.0,,,,,
solar_elevation_gt_15,D+2,2026-02,changzhou_1,236.0,0.0,0.0,0.0,0.0,0.0,0.0,0.0,,,,,
solar_elevation_gt_15,D+2,2026-02,huai_an_1,232.0,0.0,0.0,0.0,0.0,0.0,0.0,0.0,,,,,
solar_elevation_gt_15,D+2,2026-02,huai_an_2,231.0,0.0,0.0,0.0,0.0,0.0,0.0,0.0,,,,,
solar_elevation_gt_15,D+2,2026-02,huai_an_3,230.0,0.0,0.0,0.0,0.0,0.0,0.0,0.0,,,,,
solar_elevation_gt_15,D+2,2026-02,lianyungang_1,227.0,0.0,0.0,0.0,0.0,0.0,0.0,0.0,,,,,
solar_elevation_gt_15,D+2,2026-02,lianyungang_2,229.0,0.0,0.0,0.0,0.0,0.0,0.0,0.0,,,,,
solar_elevation_gt_15,D+2,2026-02,nanjing_1,231.0,0.0,0.0,0.0,0.0,0.0,0.0,0.0,,,,,
solar_elevation_gt_15,D+2,2026-02,nanjing_2,234.0,0.0,0.0,0.0,0.0,0.0,0.0,0.0,,,,,
solar_elevation_gt_15,D+2,2026-02,nantong_1,240.0,0.0,0.0,0.0,0.0,0.0,0.0,0.0,,,,,
solar_elevation_gt_15,D+2,2026-02,nantong_2,242.0,0.0,0.0,0.0,0.0,0.0,0.0,0.0,,,,,
solar_elevation_gt_15,D+2,2026-02,suqian_1,227.0,0.0,0.0,0.0,0.0,0.0,0.0,0.0,,,,,
solar_elevation_gt_15,D+2,2026-02,suzhou_1,241.0,0.0,0.0,0.0,0.0,0.0,0.0,0.0,,,,,
solar_elevation_gt_15,D+2,2026-02,taizhou_1,234.0,0.0,0.0,0.0,0.0,0.0,0.0,0.0,,,,,
solar_elevation_gt_15,D+2,2026-02,taizhou_2,236.0,0.0,0.0,0.0,0.0,0.0,0.0,0.0,,,,,
solar_elevation_gt_15,D+2,2026-02,wuxi_1,238.0,0.0,0.0,0.0,0.0,0.0,0.0,0.0,,,,,
solar_elevation_gt_15,D+2,2026-02,xuzhou_1,224.0,0.0,0.0,0.0,0.0,0.0,0.0,0.0,,,,,
solar_elevation_gt_15,D+2,2026-02,xuzhou_2,224.0,0.0,0.0,0.0,0.0,0.0,0.0,0.0,,,,,
solar_elevation_gt_15,D+2,2026-02,yancheng_1,232.0,0.0,0.0,0.0,0.0,0.0,0.0,0.0,,,,,
solar_elevation_gt_15,D+2,2026-02,yancheng_2,236.0,0.0,0.0,0.0,0.0,0.0,0.0,0.0,,,,,
solar_elevation_gt_15,D+2,2026-02,yancheng_3,233.0,0.0,0.0,0.0,0.0,0.0,0.0,0.0,,,,,
solar_elevation_gt_15,D+2,2026-03,changzhou_1,287.0,0.0,0.0,0.0,0.0,0.0,0.0,0.0,,,,,
solar_elevation_gt_15,D+2,2026-03,huai_an_1,288.0,0.0,0.0,0.0,0.0,0.0,0.0,0.0,,,,,
solar_elevation_gt_15,D+2,2026-03,huai_an_2,287.0,0.0,0.0,0.0,0.0,0.0,0.0,0.0,,,,,
solar_elevation_gt_15,D+2,2026-03,huai_an_3,292.0,0.0,0.0,0.0,0.0,0.0,0.0,0.0,,,,,
solar_elevation_gt_15,D+2,2026-03,lianyungang_1,290.0,0.0,0.0,0.0,0.0,0.0,0.0,0.0,,,,,
solar_elevation_gt_15,D+2,2026-03,lianyungang_2,286.0,0.0,0.0,0.0,0.0,0.0,0.0,0.0,,,,,
solar_elevation_gt_15,D+2,2026-03,nanjing_1,293.0,0.0,0.0,0.0,0.0,0.0,0.0,0.0,,,,,
solar_elevation_gt_15,D+2,2026-03,nanjing_2,291.0,0.0,0.0,0.0,0.0,0.0,0.0,0.0,,,,,
solar_elevation_gt_15,D+2,2026-03,nantong_1,280.0,0.0,0.0,0.0,0.0,0.0,0.0,0.0,,,,,
solar_elevation_gt_15,D+2,2026-03,nantong_2,282.0,0.0,0.0,0.0,0.0,0.0,0.0,0.0,,,,,
solar_elevation_gt_15,D+2,2026-03,suqian_1,293.0,0.0,0.0,0.0,0.0,0.0,0.0,0.0,,,,,
solar_elevation_gt_15,D+2,2026-03,suzhou_1,281.0,0.0,0.0,0.0,0.0,0.0,0.0,0.0,,,,,
solar_elevation_gt_15,D+2,2026-03,taizhou_1,286.0,0.0,0.0,0.0,0.0,0.0,0.0,0.0,,,,,
solar_elevation_gt_15,D+2,2026-03,taizhou_2,282.0,0.0,0.0,0.0,0.0,0.0,0.0,0.0,,,,,
solar_elevation_gt_15,D+2,2026-03,wuxi_1,285.0,0.0,0.0,0.0,0.0,0.0,0.0,0.0,,,,,
solar_elevation_gt_15,D+2,2026-03,xuzhou_1,297.0,0.0,0.0,0.0,0.0,0.0,0.0,0.0,,,,,
solar_elevation_gt_15,D+2,2026-03,xuzhou_2,296.0,0.0,0.0,0.0,0.0,0.0,0.0,0.0,,,,,
solar_elevation_gt_15,D+2,2026-03,yancheng_1,285.0,0.0,0.0,0.0,0.0,0.0,0.0,0.0,,,,,
solar_elevation_gt_15,D+2,2026-03,yancheng_2,281.0,0.0,0.0,0.0,0.0,0.0,0.0,0.0,,,,,
solar_elevation_gt_15,D+2,2026-03,yancheng_3,286.0,0.0,0.0,0.0,0.0,0.0,0.0,0.0,,,,,
solar_elevation_gt_15,D+2,2026-04,changzhou_1,327.0,0.0,0.0,0.0,0.0,0.0,0.0,0.0,,,,,
solar_elevation_gt_15,D+2,2026-04,huai_an_1,326.0,0.0,0.0,0.0,0.0,0.0,0.0,0.0,,,,,
solar_elevation_gt_15,D+2,2026-04,huai_an_2,326.0,0.0,0.0,0.0,0.0,0.0,0.0,0.0,,,,,
solar_elevation_gt_15,D+2,2026-04,huai_an_3,323.0,0.0,0.0,0.0,0.0,0.0,0.0,0.0,,,,,
solar_elevation_gt_15,D+2,2026-04,lianyungang_1,323.0,0.0,0.0,0.0,0.0,0.0,0.0,0.0,,,,,
solar_elevation_gt_15,D+2,2026-04,lianyungang_2,325.0,0.0,0.0,0.0,0.0,0.0,0.0,0.0,,,,,
solar_elevation_gt_15,D+2,2026-04,nanjing_1,323.0,0.0,0.0,0.0,0.0,0.0,0.0,0.0,,,,,
solar_elevation_gt_15,D+2,2026-04,nanjing_2,325.0,0.0,0.0,0.0,0.0,0.0,0.0,0.0,,,,,
solar_elevation_gt_15,D+2,2026-04,nantong_1,330.0,0.0,0.0,0.0,0.0,0.0,0.0,0.0,,,,,
solar_elevation_gt_15,D+2,2026-04,nantong_2,326.0,0.0,0.0,0.0,0.0,0.0,0.0,0.0,,,,,
solar_elevation_gt_15,D+2,2026-04,suqian_1,322.0,0.0,0.0,0.0,0.0,0.0,0.0,0.0,,,,,
solar_elevation_gt_15,D+2,2026-04,suzhou_1,330.0,0.0,0.0,0.0,0.0,0.0,0.0,0.0,,,,,
solar_elevation_gt_15,D+2,2026-04,taizhou_1,327.0,0.0,0.0,0.0,0.0,0.0,0.0,0.0,,,,,
solar_elevation_gt_15,D+2,2026-04,taizhou_2,329.0,0.0,0.0,0.0,0.0,0.0,0.0,0.0,,,,,
solar_elevation_gt_15,D+2,2026-04,wuxi_1,329.0,0.0,0.0,0.0,0.0,0.0,0.0,0.0,,,,,
solar_elevation_gt_15,D+2,2026-04,xuzhou_1,317.0,0.0,0.0,0.0,0.0,0.0,0.0,0.0,,,,,
solar_elevation_gt_15,D+2,2026-04,xuzhou_2,319.0,0.0,0.0,0.0,0.0,0.0,0.0,0.0,,,,,
solar_elevation_gt_15,D+2,2026-04,yancheng_1,327.0,0.0,0.0,0.0,0.0,0.0,0.0,0.0,,,,,
solar_elevation_gt_15,D+2,2026-04,yancheng_2,329.0,0.0,0.0,0.0,0.0,0.0,0.0,0.0,,,,,
solar_elevation_gt_15,D+2,2026-04,yancheng_3,327.0,0.0,0.0,0.0,0.0,0.0,0.0,0.0,,,,,
solar_elevation_gt_15,D+2,2026-05,changzhou_1,341.0,0.0,0.0,0.0,0.0,0.0,0.0,0.0,,,,,
solar_elevation_gt_15,D+2,2026-05,huai_an_1,341.0,0.0,0.0,0.0,0.0,0.0,0.0,0.0,,,,,
solar_elevation_gt_15,D+2,2026-05,huai_an_2,341.0,0.0,0.0,0.0,0.0,0.0,0.0,0.0,,,,,
solar_elevation_gt_15,D+2,2026-05,huai_an_3,341.0,0.0,0.0,0.0,0.0,0.0,0.0,0.0,,,,,
solar_elevation_gt_15,D+2,2026-05,lianyungang_1,341.0,0.0,0.0,0.0,0.0,0.0,0.0,0.0,,,,,
solar_elevation_gt_15,D+2,2026-05,lianyungang_2,341.0,0.0,0.0,0.0,0.0,0.0,0.0,0.0,,,,,
solar_elevation_gt_15,D+2,2026-05,nanjing_1,341.0,0.0,0.0,0.0,0.0,0.0,0.0,0.0,,,,,
solar_elevation_gt_15,D+2,2026-05,nanjing_2,341.0,0.0,0.0,0.0,0.0,0.0,0.0,0.0,,,,,
solar_elevation_gt_15,D+2,2026-05,nantong_1,341.0,0.0,0.0,0.0,0.0,0.0,0.0,0.0,,,,,
solar_elevation_gt_15,D+2,2026-05,nantong_2,341.0,0.0,0.0,0.0,0.0,0.0,0.0,0.0,,,,,
solar_elevation_gt_15,D+2,2026-05,suqian_1,341.0,0.0,0.0,0.0,0.0,0.0,0.0,0.0,,,,,
solar_elevation_gt_15,D+2,2026-05,suzhou_1,341.0,0.0,0.0,0.0,0.0,0.0,0.0,0.0,,,,,
solar_elevation_gt_15,D+2,2026-05,taizhou_1,341.0,0.0,0.0,0.0,0.0,0.0,0.0,0.0,,,,,
solar_elevation_gt_15,D+2,2026-05,taizhou_2,341.0,0.0,0.0,0.0,0.0,0.0,0.0,0.0,,,,,
solar_elevation_gt_15,D+2,2026-05,wuxi_1,341.0,0.0,0.0,0.0,0.0,0.0,0.0,0.0,,,,,
solar_elevation_gt_15,D+2,2026-05,xuzhou_1,341.0,0.0,0.0,0.0,0.0,0.0,0.0,0.0,,,,,
solar_elevation_gt_15,D+2,2026-05,xuzhou_2,341.0,0.0,0.0,0.0,0.0,0.0,0.0,0.0,,,,,
solar_elevation_gt_15,D+2,2026-05,yancheng_1,341.0,0.0,0.0,0.0,0.0,0.0,0.0,0.0,,,,,
solar_elevation_gt_15,D+2,2026-05,yancheng_2,341.0,0.0,0.0,0.0,0.0,0.0,0.0,0.0,,,,,
solar_elevation_gt_15,D+2,2026-05,yancheng_3,341.0,0.0,0.0,0.0,0.0,0.0,0.0,0.0,,,,,
solar_elevation_gt_15,D+2,2026-06,changzhou_1,330.0,0.0,0.0,0.0,0.0,0.0,0.0,0.0,,,,,
solar_elevation_gt_15,D+2,2026-06,huai_an_1,330.0,0.0,0.0,0.0,0.0,0.0,0.0,0.0,,,,,
solar_elevation_gt_15,D+2,2026-06,huai_an_2,330.0,0.0,0.0,0.0,0.0,0.0,0.0,0.0,,,,,
solar_elevation_gt_15,D+2,2026-06,huai_an_3,330.0,0.0,0.0,0.0,0.0,0.0,0.0,0.0,,,,,
solar_elevation_gt_15,D+2,2026-06,lianyungang_1,330.0,0.0,0.0,0.0,0.0,0.0,0.0,0.0,,,,,
solar_elevation_gt_15,D+2,2026-06,lianyungang_2,330.0,0.0,0.0,0.0,0.0,0.0,0.0,0.0,,,,,
solar_elevation_gt_15,D+2,2026-06,nanjing_1,330.0,0.0,0.0,0.0,0.0,0.0,0.0,0.0,,,,,
solar_elevation_gt_15,D+2,2026-06,nanjing_2,330.0,0.0,0.0,0.0,0.0,0.0,0.0,0.0,,,,,
solar_elevation_gt_15,D+2,2026-06,nantong_1,330.0,0.0,0.0,0.0,0.0,0.0,0.0,0.0,,,,,
solar_elevation_gt_15,D+2,2026-06,nantong_2,330.0,0.0,0.0,0.0,0.0,0.0,0.0,0.0,,,,,
solar_elevation_gt_15,D+2,2026-06,suqian_1,330.0,0.0,0.0,0.0,0.0,0.0,0.0,0.0,,,,,
solar_elevation_gt_15,D+2,2026-06,suzhou_1,330.0,0.0,0.0,0.0,0.0,0.0,0.0,0.0,,,,,
solar_elevation_gt_15,D+2,2026-06,taizhou_1,330.0,0.0,0.0,0.0,0.0,0.0,0.0,0.0,,,,,
solar_elevation_gt_15,D+2,2026-06,taizhou_2,330.0,0.0,0.0,0.0,0.0,0.0,0.0,0.0,,,,,
solar_elevation_gt_15,D+2,2026-06,wuxi_1,330.0,0.0,0.0,0.0,0.0,0.0,0.0,0.0,,,,,
solar_elevation_gt_15,D+2,2026-06,xuzhou_1,356.0,0.0,0.0,0.0,0.0,0.0,0.0,0.0,,,,,
solar_elevation_gt_15,D+2,2026-06,xuzhou_2,346.0,0.0,0.0,0.0,0.0,0.0,0.0,0.0,,,,,
solar_elevation_gt_15,D+2,2026-06,yancheng_1,330.0,0.0,0.0,0.0,0.0,0.0,0.0,0.0,,,,,
solar_elevation_gt_15,D+2,2026-06,yancheng_2,330.0,0.0,0.0,0.0,0.0,0.0,0.0,0.0,,,,,
solar_elevation_gt_15,D+2,2026-06,yancheng_3,330.0,0.0,0.0,0.0,0.0,0.0,0.0,0.0,,,,,
solar_elevation_gt_15,D+2,2026-07,changzhou_1,341.0,0.0,0.0,0.0,0.0,0.0,0.0,0.0,,,,,
solar_elevation_gt_15,D+2,2026-07,huai_an_1,341.0,0.0,0.0,0.0,0.0,0.0,0.0,0.0,,,,,
solar_elevation_gt_15,D+2,2026-07,huai_an_2,341.0,0.0,0.0,0.0,0.0,0.0,0.0,0.0,,,,,
solar_elevation_gt_15,D+2,2026-07,huai_an_3,341.0,0.0,0.0,0.0,0.0,0.0,0.0,0.0,,,,,
solar_elevation_gt_15,D+2,2026-07,lianyungang_1,341.0,0.0,0.0,0.0,0.0,0.0,0.0,0.0,,,,,
solar_elevation_gt_15,D+2,2026-07,lianyungang_2,341.0,0.0,0.0,0.0,0.0,0.0,0.0,0.0,,,,,
solar_elevation_gt_15,D+2,2026-07,nanjing_1,341.0,0.0,0.0,0.0,0.0,0.0,0.0,0.0,,,,,
solar_elevation_gt_15,D+2,2026-07,nanjing_2,341.0,0.0,0.0,0.0,0.0,0.0,0.0,0.0,,,,,
solar_elevation_gt_15,D+2,2026-07,nantong_1,341.0,0.0,0.0,0.0,0.0,0.0,0.0,0.0,,,,,
solar_elevation_gt_15,D+2,2026-07,nantong_2,341.0,0.0,0.0,0.0,0.0,0.0,0.0,0.0,,,,,
solar_elevation_gt_15,D+2,2026-07,suqian_1,341.0,0.0,0.0,0.0,0.0,0.0,0.0,0.0,,,,,
solar_elevation_gt_15,D+2,2026-07,suzhou_1,341.0,0.0,0.0,0.0,0.0,0.0,0.0,0.0,,,,,
solar_elevation_gt_15,D+2,2026-07,taizhou_1,341.0,0.0,0.0,0.0,0.0,0.0,0.0,0.0,,,,,
solar_elevation_gt_15,D+2,2026-07,taizhou_2,341.0,0.0,0.0,0.0,0.0,0.0,0.0,0.0,,,,,
solar_elevation_gt_15,D+2,2026-07,wuxi_1,341.0,0.0,0.0,0.0,0.0,0.0,0.0,0.0,,,,,
solar_elevation_gt_15,D+2,2026-07,xuzhou_1,366.0,0.0,0.0,0.0,0.0,0.0,0.0,0.0,,,,,
solar_elevation_gt_15,D+2,2026-07,xuzhou_2,358.0,0.0,0.0,0.0,0.0,0.0,0.0,0.0,,,,,
solar_elevation_gt_15,D+2,2026-07,yancheng_1,341.0,0.0,0.0,0.0,0.0,0.0,0.0,0.0,,,,,
solar_elevation_gt_15,D+2,2026-07,yancheng_2,341.0,0.0,0.0,0.0,0.0,0.0,0.0,0.0,,,,,
solar_elevation_gt_15,D+2,2026-07,yancheng_3,341.0,0.0,0.0,0.0,0.0,0.0,0.0,0.0,,,,,
solar_elevation_gt_15,D+2,2026-08,changzhou_1,341.0,0.002932551319648094,0.0,0.002932551319648094,0.0,0.0,0.0,1.0,0.0,0.0,0.0,1.0,100.0
solar_elevation_gt_15,D+2,2026-08,huai_an_1,341.0,0.0,0.0,0.0,0.0,0.0,0.0,0.0,,,,,
solar_elevation_gt_15,D+2,2026-08,huai_an_2,341.0,0.0,0.0,0.0,0.0,0.0,0.0,0.0,,,,,
solar_elevation_gt_15,D+2,2026-08,huai_an_3,341.0,0.0,0.0,0.0,0.0,0.0,0.0,0.0,,,,,
solar_elevation_gt_15,D+2,2026-08,lianyungang_1,341.0,0.0,0.0,0.0,0.0,0.0,0.0,0.0,,,,,
solar_elevation_gt_15,D+2,2026-08,lianyungang_2,341.0,0.0,0.0,0.0,0.0,0.0,0.0,0.0,,,,,
solar_elevation_gt_15,D+2,2026-08,nanjing_1,341.0,0.0,0.0,0.0,0.0,0.0,0.0,0.0,,,,,
solar_elevation_gt_15,D+2,2026-08,nanjing_2,341.0,0.0,0.0,0.0,0.0,0.0,0.0,0.0,,,,,
solar_elevation_gt_15,D+2,2026-08,nantong_1,341.0,0.0,0.0,0.0,0.0,0.0,0.0,0.0,,,,,
solar_elevation_gt_15,D+2,2026-08,nantong_2,341.0,0.0,0.0,0.0,0.0,0.0,0.0,0.0,,,,,
solar_elevation_gt_15,D+2,2026-08,suqian_1,341.0,0.0,0.0,0.0,0.0,0.0,0.0,0.0,,,,,
solar_elevation_gt_15,D+2,2026-08,suzhou_1,341.0,0.0,0.0,0.0,0.0,0.0,0.0,0.0,,,,,
solar_elevation_gt_15,D+2,2026-08,taizhou_1,341.0,0.0,0.0,0.0,0.0,0.0,0.0,0.0,,,,,
solar_elevation_gt_15,D+2,2026-08,taizhou_2,341.0,0.0,0.0,0.0,0.0,0.0,0.0,0.0,,,,,
solar_elevation_gt_15,D+2,2026-08,wuxi_1,341.0,0.0,0.0,0.0,0.0,0.0,0.0,0.0,,,,,
solar_elevation_gt_15,D+2,2026-08,xuzhou_1,335.0,0.0,0.0,0.0,0.0,0.0,0.0,0.0,,,,,
solar_elevation_gt_15,D+2,2026-08,xuzhou_2,340.0,0.0,0.0,0.0,0.0,0.0,0.0,0.0,,,,,
solar_elevation_gt_15,D+2,2026-08,yancheng_1,341.0,0.0,0.0,0.0,0.0,0.0,0.0,0.0,,,,,
solar_elevation_gt_15,D+2,2026-08,yancheng_2,341.0,0.0,0.0,0.0,0.0,0.0,0.0,0.0,,,,,
solar_elevation_gt_15,D+2,2026-08,yancheng_3,341.0,0.0,0.0,0.0,0.0,0.0,0.0,0.0,,,,,
solar_elevation_gt_15,D+3,2024-02,changzhou_1,245.0,0.0,0.0,0.0,0.0,0.0,0.0,0.0,,,,,
solar_elevation_gt_15,D+3,2024-02,huai_an_1,241.0,0.0,0.0,0.0,0.0,0.0,0.0,0.0,,,,,
solar_elevation_gt_15,D+3,2024-02,huai_an_2,239.0,0.0,0.0,0.0,0.0,0.0,0.0,0.0,,,,,
solar_elevation_gt_15,D+3,2024-02,huai_an_3,238.0,0.0,0.0,0.0,0.0,0.0,0.0,0.0,,,,,
solar_elevation_gt_15,D+3,2024-02,lianyungang_1,236.0,0.0,0.0,0.0,0.0,0.0,0.0,0.0,,,,,
solar_elevation_gt_15,D+3,2024-02,lianyungang_2,238.0,0.0,0.0,0.0,0.0,0.0,0.0,0.0,,,,,
solar_elevation_gt_15,D+3,2024-02,nanjing_1,240.0,0.0,0.0,0.0,0.0,0.0,0.0,0.0,,,,,
solar_elevation_gt_15,D+3,2024-02,nanjing_2,242.0,0.0,0.0,0.0,0.0,0.0,0.0,0.0,,,,,
solar_elevation_gt_15,D+3,2024-02,nantong_1,248.0,0.0,0.0,0.0,0.0,0.0,0.0,0.0,,,,,
solar_elevation_gt_15,D+3,2024-02,nantong_2,251.0,0.0,0.0,0.0,0.0,0.0,0.0,0.0,,,,,
solar_elevation_gt_15,D+3,2024-02,suqian_1,236.0,0.0,0.0,0.0,0.0,0.0,0.0,0.0,,,,,
solar_elevation_gt_15,D+3,2024-02,suzhou_1,249.0,0.0,0.0,0.0,0.0,0.0,0.0,0.0,,,,,
solar_elevation_gt_15,D+3,2024-02,taizhou_1,242.0,0.0,0.0,0.0,0.0,0.0,0.0,0.0,,,,,
solar_elevation_gt_15,D+3,2024-02,taizhou_2,245.0,0.0,0.0,0.0,0.0,0.0,0.0,0.0,,,,,
solar_elevation_gt_15,D+3,2024-02,wuxi_1,247.0,0.0,0.0,0.0,0.0,0.0,0.0,0.0,,,,,
solar_elevation_gt_15,D+3,2024-02,xuzhou_1,232.0,0.0,0.0,0.0,0.0,0.0,0.0,0.0,,,,,
solar_elevation_gt_15,D+3,2024-02,xuzhou_2,233.0,0.0,0.0,0.0,0.0,0.0,0.0,0.0,,,,,
solar_elevation_gt_15,D+3,2024-02,yancheng_1,240.0,0.0,0.0,0.0,0.0,0.0,0.0,0.0,,,,,
solar_elevation_gt_15,D+3,2024-02,yancheng_2,244.0,0.0,0.0,0.0,0.0,0.0,0.0,0.0,,,,,
solar_elevation_gt_15,D+3,2024-02,yancheng_3,242.0,0.0,0.0,0.0,0.0,0.0,0.0,0.0,,,,,
solar_elevation_gt_15,D+3,2024-03,changzhou_1,288.0,0.0,0.0,0.0,0.0,0.0,0.0,0.0,,,,,
solar_elevation_gt_15,D+3,2024-03,huai_an_1,288.0,0.0,0.0,0.0,0.0,0.0,0.0,0.0,,,,,
solar_elevation_gt_15,D+3,2024-03,huai_an_2,287.0,0.0,0.0,0.0,0.0,0.0,0.0,0.0,,,,,
solar_elevation_gt_15,D+3,2024-03,huai_an_3,292.0,0.0,0.0,0.0,0.0,0.0,0.0,0.0,,,,,
solar_elevation_gt_15,D+3,2024-03,lianyungang_1,291.0,0.0,0.0,0.0,0.0,0.0,0.0,0.0,,,,,
solar_elevation_gt_15,D+3,2024-03,lianyungang_2,287.0,0.0,0.0,0.0,0.0,0.0,0.0,0.0,,,,,
solar_elevation_gt_15,D+3,2024-03,nanjing_1,294.0,0.0,0.0,0.0,0.0,0.0,0.0,0.0,,,,,
solar_elevation_gt_15,D+3,2024-03,nanjing_2,292.0,0.0,0.0,0.0,0.0,0.0,0.0,0.0,,,,,
solar_elevation_gt_15,D+3,2024-03,nantong_1,282.0,0.0,0.0,0.0,0.0,0.0,0.0,0.0,,,,,
solar_elevation_gt_15,D+3,2024-03,nantong_2,283.0,0.0,0.0,0.0,0.0,0.0,0.0,0.0,,,,,
solar_elevation_gt_15,D+3,2024-03,suqian_1,293.0,0.0,0.0,0.0,0.0,0.0,0.0,0.0,,,,,
solar_elevation_gt_15,D+3,2024-03,suzhou_1,282.0,0.0,0.0,0.0,0.0,0.0,0.0,0.0,,,,,
solar_elevation_gt_15,D+3,2024-03,taizhou_1,287.0,0.0,0.0,0.0,0.0,0.0,0.0,0.0,,,,,
solar_elevation_gt_15,D+3,2024-03,taizhou_2,282.0,0.0,0.0,0.0,0.0,0.0,0.0,0.0,,,,,
solar_elevation_gt_15,D+3,2024-03,wuxi_1,285.0,0.0,0.0,0.0,0.0,0.0,0.0,0.0,,,,,
solar_elevation_gt_15,D+3,2024-03,xuzhou_1,298.0,0.0,0.0,0.0,0.0,0.0,0.0,0.0,,,,,
solar_elevation_gt_15,D+3,2024-03,xuzhou_2,297.0,0.0,0.0,0.0,0.0,0.0,0.0,0.0,,,,,
solar_elevation_gt_15,D+3,2024-03,yancheng_1,286.0,0.0,0.0,0.0,0.0,0.0,0.0,0.0,,,,,
solar_elevation_gt_15,D+3,2024-03,yancheng_2,282.0,0.0,0.0,0.0,0.0,0.0,0.0,0.0,,,,,
solar_elevation_gt_15,D+3,2024-03,yancheng_3,286.0,0.0,0.0,0.0,0.0,0.0,0.0,0.0,,,,,
solar_elevation_gt_15,D+3,2024-04,changzhou_1,328.0,0.0,0.0,0.0,0.0,0.0,0.0,0.0,,,,,
solar_elevation_gt_15,D+3,2024-04,huai_an_1,326.0,0.0,0.0,0.0,0.0,0.0,0.0,0.0,,,,,
solar_elevation_gt_15,D+3,2024-04,huai_an_2,326.0,0.0,0.0,0.0,0.0,0.0,0.0,0.0,,,,,
solar_elevation_gt_15,D+3,2024-04,huai_an_3,324.0,0.0,0.0,0.0,0.0,0.0,0.0,0.0,,,,,
solar_elevation_gt_15,D+3,2024-04,lianyungang_1,323.0,0.0,0.0,0.0,0.0,0.0,0.0,0.0,,,,,
solar_elevation_gt_15,D+3,2024-04,lianyungang_2,326.0,0.0,0.0,0.0,0.0,0.0,0.0,0.0,,,,,
solar_elevation_gt_15,D+3,2024-04,nanjing_1,324.0,0.0,0.0,0.0,0.0,0.0,0.0,0.0,,,,,
solar_elevation_gt_15,D+3,2024-04,nanjing_2,325.0,0.0,0.0,0.0,0.0,0.0,0.0,0.0,,,,,
solar_elevation_gt_15,D+3,2024-04,nantong_1,330.0,0.0,0.0,0.0,0.0,0.0,0.0,0.0,,,,,
solar_elevation_gt_15,D+3,2024-04,nantong_2,327.0,0.0,0.0,0.0,0.0,0.0,0.0,0.0,,,,,
solar_elevation_gt_15,D+3,2024-04,suqian_1,322.0,0.0,0.0,0.0,0.0,0.0,0.0,0.0,,,,,
solar_elevation_gt_15,D+3,2024-04,suzhou_1,330.0,0.0,0.0,0.0,0.0,0.0,0.0,0.0,,,,,
solar_elevation_gt_15,D+3,2024-04,taizhou_1,327.0,0.0,0.0,0.0,0.0,0.0,0.0,0.0,,,,,
solar_elevation_gt_15,D+3,2024-04,taizhou_2,330.0,0.0,0.0,0.0,0.0,0.0,0.0,0.0,,,,,
solar_elevation_gt_15,D+3,2024-04,wuxi_1,329.0,0.0,0.0,0.0,0.0,0.0,0.0,0.0,,,,,
solar_elevation_gt_15,D+3,2024-04,xuzhou_1,317.0,0.0,0.0,0.0,0.0,0.0,0.0,0.0,,,,,
solar_elevation_gt_15,D+3,2024-04,xuzhou_2,320.0,0.0,0.0,0.0,0.0,0.0,0.0,0.0,,,,,
solar_elevation_gt_15,D+3,2024-04,yancheng_1,327.0,0.0,0.0,0.0,0.0,0.0,0.0,0.0,,,,,
solar_elevation_gt_15,D+3,2024-04,yancheng_2,330.0,0.0,0.0,0.0,0.0,0.0,0.0,0.0,,,,,
solar_elevation_gt_15,D+3,2024-04,yancheng_3,327.0,0.0,0.0,0.0,0.0,0.0,0.0,0.0,,,,,
solar_elevation_gt_15,D+3,2024-05,changzhou_1,341.0,0.0,0.0,0.0,0.0,0.0,0.0,0.0,,,,,
solar_elevation_gt_15,D+3,2024-05,huai_an_1,341.0,0.0,0.0,0.0,0.0,0.0,0.0,0.0,,,,,
solar_elevation_gt_15,D+3,2024-05,huai_an_2,341.0,0.0,0.0,0.0,0.0,0.0,0.0,0.0,,,,,
solar_elevation_gt_15,D+3,2024-05,huai_an_3,341.0,0.0,0.0,0.0,0.0,0.0,0.0,0.0,,,,,
solar_elevation_gt_15,D+3,2024-05,lianyungang_1,341.0,0.0,0.0,0.0,0.0,0.0,0.0,0.0,,,,,
solar_elevation_gt_15,D+3,2024-05,lianyungang_2,341.0,0.0,0.0,0.0,0.0,0.0,0.0,0.0,,,,,
solar_elevation_gt_15,D+3,2024-05,nanjing_1,341.0,0.0,0.0,0.0,0.0,0.0,0.0,0.0,,,,,
solar_elevation_gt_15,D+3,2024-05,nanjing_2,341.0,0.0,0.0,0.0,0.0,0.0,0.0,0.0,,,,,
solar_elevation_gt_15,D+3,2024-05,nantong_1,341.0,0.0,0.0,0.0,0.0,0.0,0.0,0.0,,,,,
solar_elevation_gt_15,D+3,2024-05,nantong_2,341.0,0.0,0.0,0.0,0.0,0.0,0.0,0.0,,,,,
solar_elevation_gt_15,D+3,2024-05,suqian_1,341.0,0.0,0.0,0.0,0.0,0.0,0.0,0.0,,,,,
solar_elevation_gt_15,D+3,2024-05,suzhou_1,341.0,0.0,0.0,0.0,0.0,0.0,0.0,0.0,,,,,
solar_elevation_gt_15,D+3,2024-05,taizhou_1,341.0,0.0,0.0,0.0,0.0,0.0,0.0,0.0,,,,,
solar_elevation_gt_15,D+3,2024-05,taizhou_2,341.0,0.0,0.0,0.0,0.0,0.0,0.0,0.0,,,,,
solar_elevation_gt_15,D+3,2024-05,wuxi_1,341.0,0.0,0.0,0.0,0.0,0.0,0.0,0.0,,,,,
solar_elevation_gt_15,D+3,2024-05,xuzhou_1,341.0,0.0,0.0,0.0,0.0,0.0,0.0,0.0,,,,,
solar_elevation_gt_15,D+3,2024-05,xuzhou_2,341.0,0.0,0.0,0.0,0.0,0.0,0.0,0.0,,,,,
solar_elevation_gt_15,D+3,2024-05,yancheng_1,341.0,0.0,0.0,0.0,0.0,0.0,0.0,0.0,,,,,
solar_elevation_gt_15,D+3,2024-05,yancheng_2,341.0,0.0,0.0,0.0,0.0,0.0,0.0,0.0,,,,,
solar_elevation_gt_15,D+3,2024-05,yancheng_3,341.0,0.0,0.0,0.0,0.0,0.0,0.0,0.0,,,,,
solar_elevation_gt_15,D+3,2024-06,changzhou_1,330.0,0.0,0.0,0.0,0.0,0.0,0.0,0.0,,,,,
solar_elevation_gt_15,D+3,2024-06,huai_an_1,330.0,0.0,0.0,0.0,0.0,0.0,0.0,0.0,,,,,
solar_elevation_gt_15,D+3,2024-06,huai_an_2,330.0,0.0,0.0,0.0,0.0,0.0,0.0,0.0,,,,,
solar_elevation_gt_15,D+3,2024-06,huai_an_3,330.0,0.0,0.0,0.0,0.0,0.0,0.0,0.0,,,,,
solar_elevation_gt_15,D+3,2024-06,lianyungang_1,330.0,0.0,0.0,0.0,0.0,0.0,0.0,0.0,,,,,
solar_elevation_gt_15,D+3,2024-06,lianyungang_2,330.0,0.0,0.0,0.0,0.0,0.0,0.0,0.0,,,,,
solar_elevation_gt_15,D+3,2024-06,nanjing_1,330.0,0.0,0.0,0.0,0.0,0.0,0.0,0.0,,,,,
solar_elevation_gt_15,D+3,2024-06,nanjing_2,330.0,0.0,0.0,0.0,0.0,0.0,0.0,0.0,,,,,
solar_elevation_gt_15,D+3,2024-06,nantong_1,330.0,0.0,0.0,0.0,0.0,0.0,0.0,0.0,,,,,
solar_elevation_gt_15,D+3,2024-06,nantong_2,330.0,0.0,0.0,0.0,0.0,0.0,0.0,0.0,,,,,
solar_elevation_gt_15,D+3,2024-06,suqian_1,330.0,0.0,0.0,0.0,0.0,0.0,0.0,0.0,,,,,
solar_elevation_gt_15,D+3,2024-06,suzhou_1,330.0,0.0,0.0,0.0,0.0,0.0,0.0,0.0,,,,,
solar_elevation_gt_15,D+3,2024-06,taizhou_1,330.0,0.0,0.0,0.0,0.0,0.0,0.0,0.0,,,,,
solar_elevation_gt_15,D+3,2024-06,taizhou_2,330.0,0.0,0.0,0.0,0.0,0.0,0.0,0.0,,,,,
solar_elevation_gt_15,D+3,2024-06,wuxi_1,330.0,0.0,0.0,0.0,0.0,0.0,0.0,0.0,,,,,
solar_elevation_gt_15,D+3,2024-06,xuzhou_1,357.0,0.0,0.0,0.0,0.0,0.0,0.0,0.0,,,,,
solar_elevation_gt_15,D+3,2024-06,xuzhou_2,347.0,0.0,0.0,0.0,0.0,0.0,0.0,0.0,,,,,
solar_elevation_gt_15,D+3,2024-06,yancheng_1,330.0,0.0,0.0,0.0,0.0,0.0,0.0,0.0,,,,,
solar_elevation_gt_15,D+3,2024-06,yancheng_2,330.0,0.0,0.0,0.0,0.0,0.0,0.0,0.0,,,,,
solar_elevation_gt_15,D+3,2024-06,yancheng_3,330.0,0.0,0.0,0.0,0.0,0.0,0.0,0.0,,,,,
solar_elevation_gt_15,D+3,2024-07,changzhou_1,341.0,0.0,0.0,0.0,0.0,0.0,0.0,0.0,,,,,
solar_elevation_gt_15,D+3,2024-07,huai_an_1,341.0,0.0,0.0,0.0,0.0,0.0,0.0,0.0,,,,,
solar_elevation_gt_15,D+3,2024-07,huai_an_2,341.0,0.0,0.0,0.0,0.0,0.0,0.0,0.0,,,,,
solar_elevation_gt_15,D+3,2024-07,huai_an_3,341.0,0.0,0.0,0.0,0.0,0.0,0.0,0.0,,,,,
solar_elevation_gt_15,D+3,2024-07,lianyungang_1,341.0,0.002932551319648094,0.0,0.002932551319648094,0.0,0.0,0.0,1.0,0.0,0.0,0.0,1.0,100.0
solar_elevation_gt_15,D+3,2024-07,lianyungang_2,341.0,0.0,0.0,0.0,0.0,0.0,0.0,0.0,,,,,
solar_elevation_gt_15,D+3,2024-07,nanjing_1,341.0,0.0,0.0,0.0,0.0,0.0,0.0,0.0,,,,,
solar_elevation_gt_15,D+3,2024-07,nanjing_2,341.0,0.0,0.0,0.0,0.0,0.0,0.0,0.0,,,,,
solar_elevation_gt_15,D+3,2024-07,nantong_1,341.0,0.0,0.0,0.0,0.0,0.0,0.0,0.0,,,,,
solar_elevation_gt_15,D+3,2024-07,nantong_2,341.0,0.0,0.0,0.0,0.0,0.0,0.0,0.0,,,,,
solar_elevation_gt_15,D+3,2024-07,suqian_1,341.0,0.0,0.0,0.0,0.0,0.0,0.0,0.0,,,,,
solar_elevation_gt_15,D+3,2024-07,suzhou_1,341.0,0.0,0.0,0.0,0.0,0.0,0.0,0.0,,,,,
solar_elevation_gt_15,D+3,2024-07,taizhou_1,341.0,0.0,0.0,0.0,0.0,0.0,0.0,0.0,,,,,
solar_elevation_gt_15,D+3,2024-07,taizhou_2,341.0,0.0,0.0,0.0,0.0,0.0,0.0,0.0,,,,,
solar_elevation_gt_15,D+3,2024-07,wuxi_1,341.0,0.0,0.0,0.0,0.0,0.0,0.0,0.0,,,,,
solar_elevation_gt_15,D+3,2024-07,xuzhou_1,366.0,0.0,0.0,0.0,0.0,0.0,0.0,0.0,,,,,
solar_elevation_gt_15,D+3,2024-07,xuzhou_2,358.0,0.0,0.0,0.0,0.0,0.0,0.0,0.0,,,,,
solar_elevation_gt_15,D+3,2024-07,yancheng_1,341.0,0.0,0.0,0.0,0.0,0.0,0.0,0.0,,,,,
solar_elevation_gt_15,D+3,2024-07,yancheng_2,341.0,0.0,0.0,0.0,0.0,0.0,0.0,0.0,,,,,
solar_elevation_gt_15,D+3,2024-07,yancheng_3,341.0,0.0,0.0,0.0,0.0,0.0,0.0,0.0,,,,,
solar_elevation_gt_15,D+3,2024-08,changzhou_1,341.0,0.0,0.0,0.0,0.0,0.0,0.0,0.0,,,,,
solar_elevation_gt_15,D+3,2024-08,huai_an_1,341.0,0.0,0.0,0.0,0.0,0.0,0.0,0.0,,,,,
solar_elevation_gt_15,D+3,2024-08,huai_an_2,341.0,0.0,0.0,0.0,0.0,0.0,0.0,0.0,,,,,
solar_elevation_gt_15,D+3,2024-08,huai_an_3,341.0,0.0,0.0,0.0,0.0,0.0,0.0,0.0,,,,,
solar_elevation_gt_15,D+3,2024-08,lianyungang_1,341.0,0.0,0.0,0.0,0.0,0.0,0.0,0.0,,,,,
solar_elevation_gt_15,D+3,2024-08,lianyungang_2,341.0,0.0,0.0,0.0,0.0,0.0,0.0,0.0,,,,,
solar_elevation_gt_15,D+3,2024-08,nanjing_1,341.0,0.0,0.0,0.0,0.0,0.0,0.0,0.0,,,,,
solar_elevation_gt_15,D+3,2024-08,nanjing_2,341.0,0.0,0.0,0.0,0.0,0.0,0.0,0.0,,,,,
solar_elevation_gt_15,D+3,2024-08,nantong_1,341.0,0.0,0.0,0.0,0.0,0.0,0.0,0.0,,,,,
solar_elevation_gt_15,D+3,2024-08,nantong_2,341.0,0.0,0.0,0.0,0.0,0.0,0.0,0.0,,,,,
solar_elevation_gt_15,D+3,2024-08,suqian_1,341.0,0.0,0.0,0.0,0.0,0.0,0.0,0.0,,,,,
solar_elevation_gt_15,D+3,2024-08,suzhou_1,341.0,0.0,0.0,0.0,0.0,0.0,0.0,0.0,,,,,
solar_elevation_gt_15,D+3,2024-08,taizhou_1,341.0,0.0,0.0,0.0,0.0,0.0,0.0,0.0,,,,,
solar_elevation_gt_15,D+3,2024-08,taizhou_2,341.0,0.0,0.0,0.0,0.0,0.0,0.0,0.0,,,,,
solar_elevation_gt_15,D+3,2024-08,wuxi_1,341.0,0.0,0.0,0.0,0.0,0.0,0.0,0.0,,,,,
solar_elevation_gt_15,D+3,2024-08,xuzhou_1,335.0,0.0,0.0,0.0,0.0,0.0,0.0,0.0,,,,,
solar_elevation_gt_15,D+3,2024-08,xuzhou_2,340.0,0.0,0.0,0.0,0.0,0.0,0.0,0.0,,,,,
solar_elevation_gt_15,D+3,2024-08,yancheng_1,341.0,0.0,0.0,0.0,0.0,0.0,0.0,0.0,,,,,
solar_elevation_gt_15,D+3,2024-08,yancheng_2,341.0,0.0,0.0,0.0,0.0,0.0,0.0,0.0,,,,,
solar_elevation_gt_15,D+3,2024-08,yancheng_3,341.0,0.0,0.0,0.0,0.0,0.0,0.0,0.0,,,,,
solar_elevation_gt_15,D+3,2024-09,changzhou_1,294.0,0.0,0.0,0.0,0.0,0.0,0.0,0.0,,,,,
solar_elevation_gt_15,D+3,2024-09,huai_an_1,291.0,0.0,0.0,0.0,0.0,0.0,0.0,0.0,,,,,
solar_elevation_gt_15,D+3,2024-09,huai_an_2,290.0,0.0,0.0,0.0,0.0,0.0,0.0,0.0,,,,,
solar_elevation_gt_15,D+3,2024-09,huai_an_3,288.0,0.0,0.0,0.0,0.0,0.0,0.0,0.0,,,,,
solar_elevation_gt_15,D+3,2024-09,lianyungang_1,287.0,0.0,0.0,0.0,0.0,0.0,0.0,0.0,,,,,
solar_elevation_gt_15,D+3,2024-09,lianyungang_2,289.0,0.0,0.0,0.0,0.0,0.0,0.0,0.0,,,,,
solar_elevation_gt_15,D+3,2024-09,nanjing_1,289.0,0.0,0.0,0.0,0.0,0.0,0.0,0.0,,,,,
solar_elevation_gt_15,D+3,2024-09,nanjing_2,291.0,0.0,0.0,0.0,0.0,0.0,0.0,0.0,,,,,
solar_elevation_gt_15,D+3,2024-09,nantong_1,298.0,0.0,0.0,0.0,0.0,0.0,0.0,0.0,,,,,
solar_elevation_gt_15,D+3,2024-09,nantong_2,299.0,0.0,0.0,0.0,0.0,0.0,0.0,0.0,,,,,
solar_elevation_gt_15,D+3,2024-09,suqian_1,287.0,0.0,0.0,0.0,0.0,0.0,0.0,0.0,,,,,
solar_elevation_gt_15,D+3,2024-09,suzhou_1,298.0,0.0,0.0,0.0,0.0,0.0,0.0,0.0,,,,,
solar_elevation_gt_15,D+3,2024-09,taizhou_1,293.0,0.0,0.0,0.0,0.0,0.0,0.0,0.0,,,,,
solar_elevation_gt_15,D+3,2024-09,taizhou_2,295.0,0.0,0.0,0.0,0.0,0.0,0.0,0.0,,,,,
solar_elevation_gt_15,D+3,2024-09,wuxi_1,295.0,0.0,0.0,0.0,0.0,0.0,0.0,0.0,,,,,
solar_elevation_gt_15,D+3,2024-09,xuzhou_1,287.0,0.0,0.0,0.0,0.0,0.0,0.0,0.0,,,,,
solar_elevation_gt_15,D+3,2024-09,xuzhou_2,285.0,0.0,0.0,0.0,0.0,0.0,0.0,0.0,,,,,
solar_elevation_gt_15,D+3,2024-09,yancheng_1,291.0,0.0,0.0,0.0,0.0,0.0,0.0,0.0,,,,,
solar_elevation_gt_15,D+3,2024-09,yancheng_2,294.0,0.0,0.0,0.0,0.0,0.0,0.0,0.0,,,,,
solar_elevation_gt_15,D+3,2024-09,yancheng_3,292.0,0.0,0.0,0.0,0.0,0.0,0.0,0.0,,,,,
solar_elevation_gt_15,D+3,2024-10,changzhou_1,272.0,0.0,0.0,0.0,0.0,0.0,0.0,0.0,,,,,
solar_elevation_gt_15,D+3,2024-10,huai_an_1,271.0,0.0,0.0,0.0,0.0,0.0,0.0,0.0,,,,,
solar_elevation_gt_15,D+3,2024-10,huai_an_2,269.0,0.0,0.0,0.0,0.0,0.0,0.0,0.0,,,,,
solar_elevation_gt_15,D+3,2024-10,huai_an_3,273.0,0.0,0.0,0.0,0.0,0.0,0.0,0.0,,,,,
solar_elevation_gt_15,D+3,2024-10,lianyungang_1,270.0,0.0,0.0,0.0,0.0,0.0,0.0,0.0,,,,,
solar_elevation_gt_15,D+3,2024-10,lianyungang_2,268.0,0.0,0.0,0.0,0.0,0.0,0.0,0.0,,,,,
solar_elevation_gt_15,D+3,2024-10,nanjing_1,275.0,0.0,0.0,0.0,0.0,0.0,0.0,0.0,,,,,
solar_elevation_gt_15,D+3,2024-10,nanjing_2,275.0,0.0,0.0,0.0,0.0,0.0,0.0,0.0,,,,,
solar_elevation_gt_15,D+3,2024-10,nantong_1,267.0,0.0,0.0,0.0,0.0,0.0,0.0,0.0,,,,,
solar_elevation_gt_15,D+3,2024-10,nantong_2,265.0,0.0,0.0,0.0,0.0,0.0,0.0,0.0,,,,,
solar_elevation_gt_15,D+3,2024-10,suqian_1,273.0,0.0,0.0,0.0,0.0,0.0,0.0,0.0,,,,,
solar_elevation_gt_15,D+3,2024-10,suzhou_1,268.0,0.0,0.0,0.0,0.0,0.0,0.0,0.0,,,,,
solar_elevation_gt_15,D+3,2024-10,taizhou_1,270.0,0.0,0.0,0.0,0.0,0.0,0.0,0.0,,,,,
solar_elevation_gt_15,D+3,2024-10,taizhou_2,268.0,0.0,0.0,0.0,0.0,0.0,0.0,0.0,,,,,
solar_elevation_gt_15,D+3,2024-10,wuxi_1,271.0,0.0,0.0,0.0,0.0,0.0,0.0,0.0,,,,,
solar_elevation_gt_15,D+3,2024-10,xuzhou_1,276.0,0.0,0.0,0.0,0.0,0.0,0.0,0.0,,,,,
solar_elevation_gt_15,D+3,2024-10,xuzhou_2,275.0,0.0,0.0,0.0,0.0,0.0,0.0,0.0,,,,,
solar_elevation_gt_15,D+3,2024-10,yancheng_1,268.0,0.0,0.0,0.0,0.0,0.0,0.0,0.0,,,,,
solar_elevation_gt_15,D+3,2024-10,yancheng_2,267.0,0.0,0.0,0.0,0.0,0.0,0.0,0.0,,,,,
solar_elevation_gt_15,D+3,2024-10,yancheng_3,270.0,0.0,0.0,0.0,0.0,0.0,0.0,0.0,,,,,
solar_elevation_gt_15,D+3,2024-11,changzhou_1,232.0,0.0,0.0,0.0,0.0,0.0,0.0,0.0,,,,,
solar_elevation_gt_15,D+3,2024-11,huai_an_1,226.0,0.0,0.0,0.0,0.0,0.0,0.0,0.0,,,,,
solar_elevation_gt_15,D+3,2024-11,huai_an_2,223.0,0.0,0.0,0.0,0.0,0.0,0.0,0.0,,,,,
solar_elevation_gt_15,D+3,2024-11,huai_an_3,223.0,0.0,0.0,0.0,0.0,0.0,0.0,0.0,,,,,
solar_elevation_gt_15,D+3,2024-11,lianyungang_1,219.0,0.0,0.0,0.0,0.0,0.0,0.0,0.0,,,,,
solar_elevation_gt_15,D+3,2024-11,lianyungang_2,221.0,0.0,0.0,0.0,0.0,0.0,0.0,0.0,,,,,
solar_elevation_gt_15,D+3,2024-11,nanjing_1,226.0,0.0,0.0,0.0,0.0,0.0,0.0,0.0,,,,,
solar_elevation_gt_15,D+3,2024-11,nanjing_2,229.0,0.0,0.0,0.0,0.0,0.0,0.0,0.0,,,,,
solar_elevation_gt_15,D+3,2024-11,nantong_1,235.0,0.0,0.0,0.0,0.0,0.0,0.0,0.0,,,,,
solar_elevation_gt_15,D+3,2024-11,nantong_2,238.0,0.0,0.0,0.0,0.0,0.0,0.0,0.0,,,,,
solar_elevation_gt_15,D+3,2024-11,suqian_1,220.0,0.0,0.0,0.0,0.0,0.0,0.0,0.0,,,,,
solar_elevation_gt_15,D+3,2024-11,suzhou_1,237.0,0.0,0.0,0.0,0.0,0.0,0.0,0.0,,,,,
solar_elevation_gt_15,D+3,2024-11,taizhou_1,228.0,0.0,0.0,0.0,0.0,0.0,0.0,0.0,,,,,
solar_elevation_gt_15,D+3,2024-11,taizhou_2,231.0,0.0,0.0,0.0,0.0,0.0,0.0,0.0,,,,,
solar_elevation_gt_15,D+3,2024-11,wuxi_1,235.0,0.0,0.0,0.0,0.0,0.0,0.0,0.0,,,,,
solar_elevation_gt_15,D+3,2024-11,xuzhou_1,212.0,0.0,0.0,0.0,0.0,0.0,0.0,0.0,,,,,
solar_elevation_gt_15,D+3,2024-11,xuzhou_2,216.0,0.0,0.0,0.0,0.0,0.0,0.0,0.0,,,,,
solar_elevation_gt_15,D+3,2024-11,yancheng_1,225.0,0.0,0.0,0.0,0.0,0.0,0.0,0.0,,,,,
solar_elevation_gt_15,D+3,2024-11,yancheng_2,230.0,0.0,0.0,0.0,0.0,0.0,0.0,0.0,,,,,
solar_elevation_gt_15,D+3,2024-11,yancheng_3,227.0,0.0,0.0,0.0,0.0,0.0,0.0,0.0,,,,,
solar_elevation_gt_15,D+3,2024-12,changzhou_1,217.0,0.0,0.0,0.0,0.0,0.0,0.0,0.0,,,,,
solar_elevation_gt_15,D+3,2024-12,huai_an_1,217.0,0.0,0.0,0.0,0.0,0.0,0.0,0.0,,,,,
solar_elevation_gt_15,D+3,2024-12,huai_an_2,217.0,0.0,0.0,0.0,0.0,0.0,0.0,0.0,,,,,
solar_elevation_gt_15,D+3,2024-12,huai_an_3,217.0,0.0,0.0,0.0,0.0,0.0,0.0,0.0,,,,,
solar_elevation_gt_15,D+3,2024-12,lianyungang_1,217.0,0.0,0.0,0.0,0.0,0.0,0.0,0.0,,,,,
solar_elevation_gt_15,D+3,2024-12,lianyungang_2,217.0,0.0,0.0,0.0,0.0,0.0,0.0,0.0,,,,,
solar_elevation_gt_15,D+3,2024-12,nanjing_1,217.0,0.0,0.0,0.0,0.0,0.0,0.0,0.0,,,,,
solar_elevation_gt_15,D+3,2024-12,nanjing_2,217.0,0.0,0.0,0.0,0.0,0.0,0.0,0.0,,,,,
solar_elevation_gt_15,D+3,2024-12,nantong_1,217.0,0.0,0.0,0.0,0.0,0.0,0.0,0.0,,,,,
solar_elevation_gt_15,D+3,2024-12,nantong_2,217.0,0.0,0.0,0.0,0.0,0.0,0.0,0.0,,,,,
solar_elevation_gt_15,D+3,2024-12,suqian_1,217.0,0.0,0.0,0.0,0.0,0.0,0.0,0.0,,,,,
solar_elevation_gt_15,D+3,2024-12,suzhou_1,217.0,0.0,0.0,0.0,0.0,0.0,0.0,0.0,,,,,
solar_elevation_gt_15,D+3,2024-12,taizhou_1,217.0,0.0,0.0,0.0,0.0,0.0,0.0,0.0,,,,,
solar_elevation_gt_15,D+3,2024-12,taizhou_2,217.0,0.0,0.0,0.0,0.0,0.0,0.0,0.0,,,,,
solar_elevation_gt_15,D+3,2024-12,wuxi_1,217.0,0.0,0.0,0.0,0.0,0.0,0.0,0.0,,,,,
solar_elevation_gt_15,D+3,2024-12,xuzhou_1,217.0,0.0,0.0,0.0,0.0,0.0,0.0,0.0,,,,,
solar_elevation_gt_15,D+3,2024-12,xuzhou_2,217.0,0.0,0.0,0.0,0.0,0.0,0.0,0.0,,,,,
solar_elevation_gt_15,D+3,2024-12,yancheng_1,217.0,0.0,0.0,0.0,0.0,0.0,0.0,0.0,,,,,
solar_elevation_gt_15,D+3,2024-12,yancheng_2,217.0,0.0,0.0,0.0,0.0,0.0,0.0,0.0,,,,,
solar_elevation_gt_15,D+3,2024-12,yancheng_3,217.0,0.0,0.0,0.0,0.0,0.0,0.0,0.0,,,,,
solar_elevation_gt_15,D+3,2025-01,changzhou_1,228.0,0.0,0.0,0.0,0.0,0.0,0.0,0.0,,,,,
solar_elevation_gt_15,D+3,2025-01,huai_an_1,225.0,0.0,0.0,0.0,0.0,0.0,0.0,0.0,,,,,
solar_elevation_gt_15,D+3,2025-01,huai_an_2,223.0,0.0,0.0,0.0,0.0,0.0,0.0,0.0,,,,,
solar_elevation_gt_15,D+3,2025-01,huai_an_3,228.0,0.0,0.0,0.0,0.0,0.0,0.0,0.0,,,,,
solar_elevation_gt_15,D+3,2025-01,lianyungang_1,223.0,0.0,0.0,0.0,0.0,0.0,0.0,0.0,,,,,
solar_elevation_gt_15,D+3,2025-01,lianyungang_2,220.0,0.0,0.0,0.0,0.0,0.0,0.0,0.0,,,,,
solar_elevation_gt_15,D+3,2025-01,nanjing_1,231.0,0.0,0.0,0.0,0.0,0.0,0.0,0.0,,,,,
solar_elevation_gt_15,D+3,2025-01,nanjing_2,231.0,0.0,0.0,0.0,0.0,0.0,0.0,0.0,,,,,
solar_elevation_gt_15,D+3,2025-01,nantong_1,223.0,0.0,0.0,0.0,0.0,0.0,0.0,0.0,,,,,
solar_elevation_gt_15,D+3,2025-01,nantong_2,220.0,0.0,0.0,0.0,0.0,0.0,0.0,0.0,,,,,
solar_elevation_gt_15,D+3,2025-01,suqian_1,226.0,0.0,0.0,0.0,0.0,0.0,0.0,0.0,,,,,
solar_elevation_gt_15,D+3,2025-01,suzhou_1,224.0,0.0,0.0,0.0,0.0,0.0,0.0,0.0,,,,,
solar_elevation_gt_15,D+3,2025-01,taizhou_1,225.0,0.0,0.0,0.0,0.0,0.0,0.0,0.0,,,,,
solar_elevation_gt_15,D+3,2025-01,taizhou_2,222.0,0.0,0.0,0.0,0.0,0.0,0.0,0.0,,,,,
solar_elevation_gt_15,D+3,2025-01,wuxi_1,228.0,0.0,0.0,0.0,0.0,0.0,0.0,0.0,,,,,
solar_elevation_gt_15,D+3,2025-01,xuzhou_1,229.0,0.0,0.0,0.0,0.0,0.0,0.0,0.0,,,,,
solar_elevation_gt_15,D+3,2025-01,xuzhou_2,228.0,0.0,0.0,0.0,0.0,0.0,0.0,0.0,,,,,
solar_elevation_gt_15,D+3,2025-01,yancheng_1,222.0,0.0,0.0,0.0,0.0,0.0,0.0,0.0,,,,,
solar_elevation_gt_15,D+3,2025-01,yancheng_2,221.0,0.0,0.0,0.0,0.0,0.0,0.0,0.0,,,,,
solar_elevation_gt_15,D+3,2025-01,yancheng_3,224.0,0.0,0.0,0.0,0.0,0.0,0.0,0.0,,,,,
solar_elevation_gt_15,D+3,2025-02,changzhou_1,236.0,0.0,0.0,0.0,0.0,0.0,0.0,0.0,,,,,
solar_elevation_gt_15,D+3,2025-02,huai_an_1,232.0,0.0,0.0,0.0,0.0,0.0,0.0,0.0,,,,,
solar_elevation_gt_15,D+3,2025-02,huai_an_2,231.0,0.0,0.0,0.0,0.0,0.0,0.0,0.0,,,,,
solar_elevation_gt_15,D+3,2025-02,huai_an_3,230.0,0.0,0.0,0.0,0.0,0.0,0.0,0.0,,,,,
solar_elevation_gt_15,D+3,2025-02,lianyungang_1,227.0,0.0,0.0,0.0,0.0,0.0,0.0,0.0,,,,,
solar_elevation_gt_15,D+3,2025-02,lianyungang_2,230.0,0.0,0.0,0.0,0.0,0.0,0.0,0.0,,,,,
solar_elevation_gt_15,D+3,2025-02,nanjing_1,232.0,0.0,0.0,0.0,0.0,0.0,0.0,0.0,,,,,
solar_elevation_gt_15,D+3,2025-02,nanjing_2,234.0,0.0,0.0,0.0,0.0,0.0,0.0,0.0,,,,,
solar_elevation_gt_15,D+3,2025-02,nantong_1,240.0,0.0,0.0,0.0,0.0,0.0,0.0,0.0,,,,,
solar_elevation_gt_15,D+3,2025-02,nantong_2,242.0,0.0,0.0,0.0,0.0,0.0,0.0,0.0,,,,,
solar_elevation_gt_15,D+3,2025-02,suqian_1,228.0,0.0,0.0,0.0,0.0,0.0,0.0,0.0,,,,,
solar_elevation_gt_15,D+3,2025-02,suzhou_1,241.0,0.0,0.0,0.0,0.0,0.0,0.0,0.0,,,,,
solar_elevation_gt_15,D+3,2025-02,taizhou_1,234.0,0.0,0.0,0.0,0.0,0.0,0.0,0.0,,,,,
solar_elevation_gt_15,D+3,2025-02,taizhou_2,237.0,0.0,0.0,0.0,0.0,0.0,0.0,0.0,,,,,
solar_elevation_gt_15,D+3,2025-02,wuxi_1,239.0,0.0,0.0,0.0,0.0,0.0,0.0,0.0,,,,,
solar_elevation_gt_15,D+3,2025-02,xuzhou_1,224.0,0.0,0.0,0.0,0.0,0.0,0.0,0.0,,,,,
solar_elevation_gt_15,D+3,2025-02,xuzhou_2,225.0,0.0,0.0,0.0,0.0,0.0,0.0,0.0,,,,,
solar_elevation_gt_15,D+3,2025-02,yancheng_1,232.0,0.0,0.0,0.0,0.0,0.0,0.0,0.0,,,,,
solar_elevation_gt_15,D+3,2025-02,yancheng_2,236.0,0.0,0.0,0.0,0.0,0.0,0.0,0.0,,,,,
solar_elevation_gt_15,D+3,2025-02,yancheng_3,233.0,0.0,0.0,0.0,0.0,0.0,0.0,0.0,,,,,
solar_elevation_gt_15,D+3,2025-03,changzhou_1,288.0,0.0,0.0,0.0,0.0,0.0,0.0,0.0,,,,,
solar_elevation_gt_15,D+3,2025-03,huai_an_1,288.0,0.0,0.0,0.0,0.0,0.0,0.0,0.0,,,,,
solar_elevation_gt_15,D+3,2025-03,huai_an_2,287.0,0.0,0.0,0.0,0.0,0.0,0.0,0.0,,,,,
solar_elevation_gt_15,D+3,2025-03,huai_an_3,292.0,0.0,0.0,0.0,0.0,0.0,0.0,0.0,,,,,
solar_elevation_gt_15,D+3,2025-03,lianyungang_1,290.0,0.0,0.0,0.0,0.0,0.0,0.0,0.0,,,,,
solar_elevation_gt_15,D+3,2025-03,lianyungang_2,286.0,0.0,0.0,0.0,0.0,0.0,0.0,0.0,,,,,
solar_elevation_gt_15,D+3,2025-03,nanjing_1,294.0,0.0,0.0,0.0,0.0,0.0,0.0,0.0,,,,,
solar_elevation_gt_15,D+3,2025-03,nanjing_2,292.0,0.0,0.0,0.0,0.0,0.0,0.0,0.0,,,,,
solar_elevation_gt_15,D+3,2025-03,nantong_1,281.0,0.0,0.0,0.0,0.0,0.0,0.0,0.0,,,,,
solar_elevation_gt_15,D+3,2025-03,nantong_2,283.0,0.0,0.0,0.0,0.0,0.0,0.0,0.0,,,,,
solar_elevation_gt_15,D+3,2025-03,suqian_1,293.0,0.0,0.0,0.0,0.0,0.0,0.0,0.0,,,,,
solar_elevation_gt_15,D+3,2025-03,suzhou_1,282.0,0.0,0.0,0.0,0.0,0.0,0.0,0.0,,,,,
solar_elevation_gt_15,D+3,2025-03,taizhou_1,286.0,0.0,0.0,0.0,0.0,0.0,0.0,0.0,,,,,
solar_elevation_gt_15,D+3,2025-03,taizhou_2,282.0,0.0,0.0,0.0,0.0,0.0,0.0,0.0,,,,,
solar_elevation_gt_15,D+3,2025-03,wuxi_1,285.0,0.0,0.0,0.0,0.0,0.0,0.0,0.0,,,,,
solar_elevation_gt_15,D+3,2025-03,xuzhou_1,297.0,0.0,0.0,0.0,0.0,0.0,0.0,0.0,,,,,
solar_elevation_gt_15,D+3,2025-03,xuzhou_2,296.0,0.0,0.0,0.0,0.0,0.0,0.0,0.0,,,,,
solar_elevation_gt_15,D+3,2025-03,yancheng_1,285.0,0.0,0.0,0.0,0.0,0.0,0.0,0.0,,,,,
solar_elevation_gt_15,D+3,2025-03,yancheng_2,282.0,0.0,0.0,0.0,0.0,0.0,0.0,0.0,,,,,
solar_elevation_gt_15,D+3,2025-03,yancheng_3,286.0,0.0,0.0,0.0,0.0,0.0,0.0,0.0,,,,,
solar_elevation_gt_15,D+3,2025-04,changzhou_1,327.0,0.0,0.0,0.0,0.0,0.0,0.0,0.0,,,,,
solar_elevation_gt_15,D+3,2025-04,huai_an_1,326.0,0.0,0.0,0.0,0.0,0.0,0.0,0.0,,,,,
solar_elevation_gt_15,D+3,2025-04,huai_an_2,326.0,0.0,0.0,0.0,0.0,0.0,0.0,0.0,,,,,
solar_elevation_gt_15,D+3,2025-04,huai_an_3,323.0,0.0,0.0,0.0,0.0,0.0,0.0,0.0,,,,,
solar_elevation_gt_15,D+3,2025-04,lianyungang_1,323.0,0.0,0.0,0.0,0.0,0.0,0.0,0.0,,,,,
solar_elevation_gt_15,D+3,2025-04,lianyungang_2,326.0,0.0,0.0,0.0,0.0,0.0,0.0,0.0,,,,,
solar_elevation_gt_15,D+3,2025-04,nanjing_1,323.0,0.0,0.0,0.0,0.0,0.0,0.0,0.0,,,,,
solar_elevation_gt_15,D+3,2025-04,nanjing_2,325.0,0.0,0.0,0.0,0.0,0.0,0.0,0.0,,,,,
solar_elevation_gt_15,D+3,2025-04,nantong_1,330.0,0.0,0.0,0.0,0.0,0.0,0.0,0.0,,,,,
solar_elevation_gt_15,D+3,2025-04,nantong_2,326.0,0.0,0.0,0.0,0.0,0.0,0.0,0.0,,,,,
solar_elevation_gt_15,D+3,2025-04,suqian_1,322.0,0.0,0.0,0.0,0.0,0.0,0.0,0.0,,,,,
solar_elevation_gt_15,D+3,2025-04,suzhou_1,330.0,0.0,0.0,0.0,0.0,0.0,0.0,0.0,,,,,
solar_elevation_gt_15,D+3,2025-04,taizhou_1,327.0,0.0,0.0,0.0,0.0,0.0,0.0,0.0,,,,,
solar_elevation_gt_15,D+3,2025-04,taizhou_2,330.0,0.0,0.0,0.0,0.0,0.0,0.0,0.0,,,,,
solar_elevation_gt_15,D+3,2025-04,wuxi_1,329.0,0.0,0.0,0.0,0.0,0.0,0.0,0.0,,,,,
solar_elevation_gt_15,D+3,2025-04,xuzhou_1,317.0,0.0,0.0,0.0,0.0,0.0,0.0,0.0,,,,,
solar_elevation_gt_15,D+3,2025-04,xuzhou_2,319.0,0.0,0.0,0.0,0.0,0.0,0.0,0.0,,,,,
solar_elevation_gt_15,D+3,2025-04,yancheng_1,327.0,0.0,0.0,0.0,0.0,0.0,0.0,0.0,,,,,
solar_elevation_gt_15,D+3,2025-04,yancheng_2,330.0,0.0,0.0,0.0,0.0,0.0,0.0,0.0,,,,,
solar_elevation_gt_15,D+3,2025-04,yancheng_3,327.0,0.0,0.0,0.0,0.0,0.0,0.0,0.0,,,,,
solar_elevation_gt_15,D+3,2025-05,changzhou_1,341.0,0.0,0.0,0.0,0.0,0.0,0.0,0.0,,,,,
solar_elevation_gt_15,D+3,2025-05,huai_an_1,341.0,0.0,0.0,0.0,0.0,0.0,0.0,0.0,,,,,
solar_elevation_gt_15,D+3,2025-05,huai_an_2,341.0,0.0,0.0,0.0,0.0,0.0,0.0,0.0,,,,,
solar_elevation_gt_15,D+3,2025-05,huai_an_3,341.0,0.0,0.0,0.0,0.0,0.0,0.0,0.0,,,,,
solar_elevation_gt_15,D+3,2025-05,lianyungang_1,341.0,0.0,0.0,0.0,0.0,0.0,0.0,0.0,,,,,
solar_elevation_gt_15,D+3,2025-05,lianyungang_2,341.0,0.0,0.0,0.0,0.0,0.0,0.0,0.0,,,,,
solar_elevation_gt_15,D+3,2025-05,nanjing_1,341.0,0.0,0.0,0.0,0.0,0.0,0.0,0.0,,,,,
solar_elevation_gt_15,D+3,2025-05,nanjing_2,341.0,0.0,0.0,0.0,0.0,0.0,0.0,0.0,,,,,
solar_elevation_gt_15,D+3,2025-05,nantong_1,341.0,0.0,0.0,0.0,0.0,0.0,0.0,0.0,,,,,
solar_elevation_gt_15,D+3,2025-05,nantong_2,341.0,0.0,0.0,0.0,0.0,0.0,0.0,0.0,,,,,
solar_elevation_gt_15,D+3,2025-05,suqian_1,341.0,0.0,0.0,0.0,0.0,0.0,0.0,0.0,,,,,
solar_elevation_gt_15,D+3,2025-05,suzhou_1,341.0,0.0,0.0,0.0,0.0,0.0,0.0,0.0,,,,,
solar_elevation_gt_15,D+3,2025-05,taizhou_1,341.0,0.0,0.0,0.0,0.0,0.0,0.0,0.0,,,,,
solar_elevation_gt_15,D+3,2025-05,taizhou_2,341.0,0.0,0.0,0.0,0.0,0.0,0.0,0.0,,,,,
solar_elevation_gt_15,D+3,2025-05,wuxi_1,341.0,0.0,0.0,0.0,0.0,0.0,0.0,0.0,,,,,
solar_elevation_gt_15,D+3,2025-05,xuzhou_1,341.0,0.0,0.0,0.0,0.0,0.0,0.0,0.0,,,,,
solar_elevation_gt_15,D+3,2025-05,xuzhou_2,341.0,0.0,0.0,0.0,0.0,0.0,0.0,0.0,,,,,
solar_elevation_gt_15,D+3,2025-05,yancheng_1,341.0,0.0,0.0,0.0,0.0,0.0,0.0,0.0,,,,,
solar_elevation_gt_15,D+3,2025-05,yancheng_2,341.0,0.0,0.0,0.0,0.0,0.0,0.0,0.0,,,,,
solar_elevation_gt_15,D+3,2025-05,yancheng_3,341.0,0.0,0.0,0.0,0.0,0.0,0.0,0.0,,,,,
solar_elevation_gt_15,D+3,2025-06,changzhou_1,330.0,0.0,0.0,0.0,0.0,0.0,0.0,0.0,,,,,
solar_elevation_gt_15,D+3,2025-06,huai_an_1,330.0,0.0,0.0,0.0,0.0,0.0,0.0,0.0,,,,,
solar_elevation_gt_15,D+3,2025-06,huai_an_2,330.0,0.0,0.0,0.0,0.0,0.0,0.0,0.0,,,,,
solar_elevation_gt_15,D+3,2025-06,huai_an_3,330.0,0.0,0.0,0.0,0.0,0.0,0.0,0.0,,,,,
solar_elevation_gt_15,D+3,2025-06,lianyungang_1,330.0,0.0,0.0,0.0,0.0,0.0,0.0,0.0,,,,,
solar_elevation_gt_15,D+3,2025-06,lianyungang_2,330.0,0.0,0.0,0.0,0.0,0.0,0.0,0.0,,,,,
solar_elevation_gt_15,D+3,2025-06,nanjing_1,330.0,0.0,0.0,0.0,0.0,0.0,0.0,0.0,,,,,
solar_elevation_gt_15,D+3,2025-06,nanjing_2,330.0,0.0,0.0,0.0,0.0,0.0,0.0,0.0,,,,,
solar_elevation_gt_15,D+3,2025-06,nantong_1,330.0,0.0,0.0,0.0,0.0,0.0,0.0,0.0,,,,,
solar_elevation_gt_15,D+3,2025-06,nantong_2,330.0,0.0,0.0,0.0,0.0,0.0,0.0,0.0,,,,,
solar_elevation_gt_15,D+3,2025-06,suqian_1,330.0,0.0,0.0,0.0,0.0,0.0,0.0,0.0,,,,,
solar_elevation_gt_15,D+3,2025-06,suzhou_1,330.0,0.0,0.0,0.0,0.0,0.0,0.0,0.0,,,,,
solar_elevation_gt_15,D+3,2025-06,taizhou_1,330.0,0.0,0.0,0.0,0.0,0.0,0.0,0.0,,,,,
solar_elevation_gt_15,D+3,2025-06,taizhou_2,330.0,0.0,0.0,0.0,0.0,0.0,0.0,0.0,,,,,
solar_elevation_gt_15,D+3,2025-06,wuxi_1,330.0,0.0,0.0,0.0,0.0,0.0,0.0,0.0,,,,,
solar_elevation_gt_15,D+3,2025-06,xuzhou_1,356.0,0.0,0.0,0.0,0.0,0.0,0.0,0.0,,,,,
solar_elevation_gt_15,D+3,2025-06,xuzhou_2,346.0,0.0,0.0,0.0,0.0,0.0,0.0,0.0,,,,,
solar_elevation_gt_15,D+3,2025-06,yancheng_1,330.0,0.0,0.0,0.0,0.0,0.0,0.0,0.0,,,,,
solar_elevation_gt_15,D+3,2025-06,yancheng_2,330.0,0.0,0.0,0.0,0.0,0.0,0.0,0.0,,,,,
solar_elevation_gt_15,D+3,2025-06,yancheng_3,330.0,0.0,0.0,0.0,0.0,0.0,0.0,0.0,,,,,
solar_elevation_gt_15,D+3,2025-07,changzhou_1,341.0,0.0,0.0,0.0,0.0,0.0,0.0,0.0,,,,,
solar_elevation_gt_15,D+3,2025-07,huai_an_1,341.0,0.0,0.0,0.0,0.0,0.0,0.0,0.0,,,,,
solar_elevation_gt_15,D+3,2025-07,huai_an_2,341.0,0.0,0.0,0.0,0.0,0.0,0.0,0.0,,,,,
solar_elevation_gt_15,D+3,2025-07,huai_an_3,341.0,0.0,0.0,0.0,0.0,0.0,0.0,0.0,,,,,
solar_elevation_gt_15,D+3,2025-07,lianyungang_1,341.0,0.0,0.0,0.0,0.0,0.0,0.0,0.0,,,,,
solar_elevation_gt_15,D+3,2025-07,lianyungang_2,341.0,0.0,0.0,0.0,0.0,0.0,0.0,0.0,,,,,
solar_elevation_gt_15,D+3,2025-07,nanjing_1,341.0,0.0,0.0,0.0,0.0,0.0,0.0,0.0,,,,,
solar_elevation_gt_15,D+3,2025-07,nanjing_2,341.0,0.0,0.0,0.0,0.0,0.0,0.0,0.0,,,,,
solar_elevation_gt_15,D+3,2025-07,nantong_1,341.0,0.0,0.0,0.0,0.0,0.0,0.0,0.0,,,,,
solar_elevation_gt_15,D+3,2025-07,nantong_2,341.0,0.0,0.0,0.0,0.0,0.0,0.0,0.0,,,,,
solar_elevation_gt_15,D+3,2025-07,suqian_1,341.0,0.0,0.0,0.0,0.0,0.0,0.0,0.0,,,,,
solar_elevation_gt_15,D+3,2025-07,suzhou_1,341.0,0.0,0.0,0.0,0.0,0.0,0.0,0.0,,,,,
solar_elevation_gt_15,D+3,2025-07,taizhou_1,341.0,0.0,0.0,0.0,0.0,0.0,0.0,0.0,,,,,
solar_elevation_gt_15,D+3,2025-07,taizhou_2,341.0,0.0,0.0,0.0,0.0,0.0,0.0,0.0,,,,,
solar_elevation_gt_15,D+3,2025-07,wuxi_1,341.0,0.0,0.0,0.0,0.0,0.0,0.0,0.0,,,,,
solar_elevation_gt_15,D+3,2025-07,xuzhou_1,366.0,0.0,0.0,0.0,0.0,0.0,0.0,0.0,,,,,
solar_elevation_gt_15,D+3,2025-07,xuzhou_2,358.0,0.0,0.0,0.0,0.0,0.0,0.0,0.0,,,,,
solar_elevation_gt_15,D+3,2025-07,yancheng_1,341.0,0.0,0.0,0.0,0.0,0.0,0.0,0.0,,,,,
solar_elevation_gt_15,D+3,2025-07,yancheng_2,341.0,0.0,0.0,0.0,0.0,0.0,0.0,0.0,,,,,
solar_elevation_gt_15,D+3,2025-07,yancheng_3,341.0,0.0,0.0,0.0,0.0,0.0,0.0,0.0,,,,,
solar_elevation_gt_15,D+3,2025-08,changzhou_1,341.0,0.0,0.0,0.0,0.0,0.0,0.0,0.0,,,,,
solar_elevation_gt_15,D+3,2025-08,huai_an_1,341.0,0.0,0.0,0.0,0.0,0.0,0.0,0.0,,,,,
solar_elevation_gt_15,D+3,2025-08,huai_an_2,341.0,0.0,0.0,0.0,0.0,0.0,0.0,0.0,,,,,
solar_elevation_gt_15,D+3,2025-08,huai_an_3,341.0,0.0,0.0,0.0,0.0,0.0,0.0,0.0,,,,,
solar_elevation_gt_15,D+3,2025-08,lianyungang_1,341.0,0.0,0.0,0.0,0.0,0.0,0.0,0.0,,,,,
solar_elevation_gt_15,D+3,2025-08,lianyungang_2,341.0,0.0,0.0,0.0,0.0,0.0,0.0,0.0,,,,,
solar_elevation_gt_15,D+3,2025-08,nanjing_1,341.0,0.0,0.0,0.0,0.0,0.0,0.0,0.0,,,,,
solar_elevation_gt_15,D+3,2025-08,nanjing_2,341.0,0.0,0.0,0.0,0.0,0.0,0.0,0.0,,,,,
solar_elevation_gt_15,D+3,2025-08,nantong_1,341.0,0.0,0.0,0.0,0.0,0.0,0.0,0.0,,,,,
solar_elevation_gt_15,D+3,2025-08,nantong_2,341.0,0.0,0.0,0.0,0.0,0.0,0.0,0.0,,,,,
solar_elevation_gt_15,D+3,2025-08,suqian_1,341.0,0.0,0.0,0.0,0.0,0.0,0.0,0.0,,,,,
solar_elevation_gt_15,D+3,2025-08,suzhou_1,341.0,0.0,0.0,0.0,0.0,0.0,0.0,0.0,,,,,
solar_elevation_gt_15,D+3,2025-08,taizhou_1,341.0,0.0,0.0,0.0,0.0,0.0,0.0,0.0,,,,,
solar_elevation_gt_15,D+3,2025-08,taizhou_2,341.0,0.0,0.0,0.0,0.0,0.0,0.0,0.0,,,,,
solar_elevation_gt_15,D+3,2025-08,wuxi_1,341.0,0.0,0.0,0.0,0.0,0.0,0.0,0.0,,,,,
solar_elevation_gt_15,D+3,2025-08,xuzhou_1,335.0,0.0,0.0,0.0,0.0,0.0,0.0,0.0,,,,,
solar_elevation_gt_15,D+3,2025-08,xuzhou_2,340.0,0.0,0.0,0.0,0.0,0.0,0.0,0.0,,,,,
solar_elevation_gt_15,D+3,2025-08,yancheng_1,341.0,0.0,0.0,0.0,0.0,0.0,0.0,0.0,,,,,
solar_elevation_gt_15,D+3,2025-08,yancheng_2,341.0,0.0,0.0,0.0,0.0,0.0,0.0,0.0,,,,,
solar_elevation_gt_15,D+3,2025-08,yancheng_3,341.0,0.0,0.0,0.0,0.0,0.0,0.0,0.0,,,,,
solar_elevation_gt_15,D+3,2025-09,changzhou_1,294.0,0.0,0.0,0.0,0.0,0.0,0.0,0.0,,,,,
solar_elevation_gt_15,D+3,2025-09,huai_an_1,292.0,0.0,0.0,0.0,0.0,0.0,0.0,0.0,,,,,
solar_elevation_gt_15,D+3,2025-09,huai_an_2,291.0,0.0,0.0,0.0,0.0,0.0,0.0,0.0,,,,,
solar_elevation_gt_15,D+3,2025-09,huai_an_3,289.0,0.0,0.0,0.0,0.0,0.0,0.0,0.0,,,,,
solar_elevation_gt_15,D+3,2025-09,lianyungang_1,288.0,0.0,0.0,0.0,0.0,0.0,0.0,0.0,,,,,
solar_elevation_gt_15,D+3,2025-09,lianyungang_2,290.0,0.0,0.0,0.0,0.0,0.0,0.0,0.0,,,,,
solar_elevation_gt_15,D+3,2025-09,nanjing_1,290.0,0.0,0.0,0.0,0.0,0.0,0.0,0.0,,,,,
solar_elevation_gt_15,D+3,2025-09,nanjing_2,291.0,0.0,0.0,0.0,0.0,0.0,0.0,0.0,,,,,
solar_elevation_gt_15,D+3,2025-09,nantong_1,298.0,0.0,0.0,0.0,0.0,0.0,0.0,0.0,,,,,
solar_elevation_gt_15,D+3,2025-09,nantong_2,300.0,0.0,0.0,0.0,0.0,0.0,0.0,0.0,,,,,
solar_elevation_gt_15,D+3,2025-09,suqian_1,287.0,0.0,0.0,0.0,0.0,0.0,0.0,0.0,,,,,
solar_elevation_gt_15,D+3,2025-09,suzhou_1,298.0,0.0,0.0,0.0,0.0,0.0,0.0,0.0,,,,,
solar_elevation_gt_15,D+3,2025-09,taizhou_1,293.0,0.0,0.0,0.0,0.0,0.0,0.0,0.0,,,,,
solar_elevation_gt_15,D+3,2025-09,taizhou_2,295.0,0.0,0.0,0.0,0.0,0.0,0.0,0.0,,,,,
solar_elevation_gt_15,D+3,2025-09,wuxi_1,297.0,0.0,0.0,0.0,0.0,0.0,0.0,0.0,,,,,
solar_elevation_gt_15,D+3,2025-09,xuzhou_1,287.0,0.0,0.0,0.0,0.0,0.0,0.0,0.0,,,,,
solar_elevation_gt_15,D+3,2025-09,xuzhou_2,285.0,0.0,0.0,0.0,0.0,0.0,0.0,0.0,,,,,
solar_elevation_gt_15,D+3,2025-09,yancheng_1,292.0,0.0,0.0,0.0,0.0,0.0,0.0,0.0,,,,,
solar_elevation_gt_15,D+3,2025-09,yancheng_2,295.0,0.0,0.0,0.0,0.0,0.0,0.0,0.0,,,,,
solar_elevation_gt_15,D+3,2025-09,yancheng_3,293.0,0.0,0.0,0.0,0.0,0.0,0.0,0.0,,,,,
solar_elevation_gt_15,D+3,2025-10,changzhou_1,273.0,0.0,0.0,0.0,0.0,0.0,0.0,0.0,,,,,
solar_elevation_gt_15,D+3,2025-10,huai_an_1,271.0,0.0,0.0,0.0,0.0,0.0,0.0,0.0,,,,,
solar_elevation_gt_15,D+3,2025-10,huai_an_2,269.0,0.0,0.0,0.0,0.0,0.0,0.0,0.0,,,,,
solar_elevation_gt_15,D+3,2025-10,huai_an_3,273.0,0.0,0.0,0.0,0.0,0.0,0.0,0.0,,,,,
solar_elevation_gt_15,D+3,2025-10,lianyungang_1,270.0,0.0,0.0,0.0,0.0,0.0,0.0,0.0,,,,,
solar_elevation_gt_15,D+3,2025-10,lianyungang_2,268.0,0.0,0.0,0.0,0.0,0.0,0.0,0.0,,,,,
solar_elevation_gt_15,D+3,2025-10,nanjing_1,276.0,0.0,0.0,0.0,0.0,0.0,0.0,0.0,,,,,
solar_elevation_gt_15,D+3,2025-10,nanjing_2,275.0,0.0,0.0,0.0,0.0,0.0,0.0,0.0,,,,,
solar_elevation_gt_15,D+3,2025-10,nantong_1,268.0,0.0,0.0,0.0,0.0,0.0,0.0,0.0,,,,,
solar_elevation_gt_15,D+3,2025-10,nantong_2,265.0,0.0,0.0,0.0,0.0,0.0,0.0,0.0,,,,,
solar_elevation_gt_15,D+3,2025-10,suqian_1,273.0,0.0,0.0,0.0,0.0,0.0,0.0,0.0,,,,,
solar_elevation_gt_15,D+3,2025-10,suzhou_1,268.0,0.0,0.0,0.0,0.0,0.0,0.0,0.0,,,,,
solar_elevation_gt_15,D+3,2025-10,taizhou_1,270.0,0.0,0.0,0.0,0.0,0.0,0.0,0.0,,,,,
solar_elevation_gt_15,D+3,2025-10,taizhou_2,268.0,0.0,0.0,0.0,0.0,0.0,0.0,0.0,,,,,
solar_elevation_gt_15,D+3,2025-10,wuxi_1,272.0,0.0,0.0,0.0,0.0,0.0,0.0,0.0,,,,,
solar_elevation_gt_15,D+3,2025-10,xuzhou_1,276.0,0.0,0.0,0.0,0.0,0.0,0.0,0.0,,,,,
solar_elevation_gt_15,D+3,2025-10,xuzhou_2,275.0,0.0,0.0,0.0,0.0,0.0,0.0,0.0,,,,,
solar_elevation_gt_15,D+3,2025-10,yancheng_1,268.0,0.0,0.0,0.0,0.0,0.0,0.0,0.0,,,,,
solar_elevation_gt_15,D+3,2025-10,yancheng_2,267.0,0.0,0.0,0.0,0.0,0.0,0.0,0.0,,,,,
solar_elevation_gt_15,D+3,2025-10,yancheng_3,270.0,0.0,0.0,0.0,0.0,0.0,0.0,0.0,,,,,
solar_elevation_gt_15,D+3,2025-11,changzhou_1,232.0,0.0,0.0,0.0,0.0,0.0,0.0,0.0,,,,,
solar_elevation_gt_15,D+3,2025-11,huai_an_1,226.0,0.0,0.0,0.0,0.0,0.0,0.0,0.0,,,,,
solar_elevation_gt_15,D+3,2025-11,huai_an_2,224.0,0.0,0.0,0.0,0.0,0.0,0.0,0.0,,,,,
solar_elevation_gt_15,D+3,2025-11,huai_an_3,223.0,0.0,0.0,0.0,0.0,0.0,0.0,0.0,,,,,
solar_elevation_gt_15,D+3,2025-11,lianyungang_1,219.0,0.0,0.0,0.0,0.0,0.0,0.0,0.0,,,,,
solar_elevation_gt_15,D+3,2025-11,lianyungang_2,221.0,0.0,0.0,0.0,0.0,0.0,0.0,0.0,,,,,
solar_elevation_gt_15,D+3,2025-11,nanjing_1,226.0,0.0,0.0,0.0,0.0,0.0,0.0,0.0,,,,,
solar_elevation_gt_15,D+3,2025-11,nanjing_2,229.0,0.0,0.0,0.0,0.0,0.0,0.0,0.0,,,,,
solar_elevation_gt_15,D+3,2025-11,nantong_1,235.0,0.0,0.0,0.0,0.0,0.0,0.0,0.0,,,,,
solar_elevation_gt_15,D+3,2025-11,nantong_2,238.0,0.0,0.0,0.0,0.0,0.0,0.0,0.0,,,,,
solar_elevation_gt_15,D+3,2025-11,suqian_1,220.0,0.0,0.0,0.0,0.0,0.0,0.0,0.0,,,,,
solar_elevation_gt_15,D+3,2025-11,suzhou_1,237.0,0.0,0.0,0.0,0.0,0.0,0.0,0.0,,,,,
solar_elevation_gt_15,D+3,2025-11,taizhou_1,228.0,0.0,0.0,0.0,0.0,0.0,0.0,0.0,,,,,
solar_elevation_gt_15,D+3,2025-11,taizhou_2,231.0,0.0,0.0,0.0,0.0,0.0,0.0,0.0,,,,,
solar_elevation_gt_15,D+3,2025-11,wuxi_1,235.0,0.0,0.0,0.0,0.0,0.0,0.0,0.0,,,,,
solar_elevation_gt_15,D+3,2025-11,xuzhou_1,212.0,0.0,0.0,0.0,0.0,0.0,0.0,0.0,,,,,
solar_elevation_gt_15,D+3,2025-11,xuzhou_2,216.0,0.0,0.0,0.0,0.0,0.0,0.0,0.0,,,,,
solar_elevation_gt_15,D+3,2025-11,yancheng_1,225.0,0.0,0.0,0.0,0.0,0.0,0.0,0.0,,,,,
solar_elevation_gt_15,D+3,2025-11,yancheng_2,230.0,0.0,0.0,0.0,0.0,0.0,0.0,0.0,,,,,
solar_elevation_gt_15,D+3,2025-11,yancheng_3,227.0,0.0,0.0,0.0,0.0,0.0,0.0,0.0,,,,,
solar_elevation_gt_15,D+3,2025-12,changzhou_1,217.0,0.0,0.0,0.0,0.0,0.0,0.0,0.0,,,,,
solar_elevation_gt_15,D+3,2025-12,huai_an_1,217.0,0.0,0.0,0.0,0.0,0.0,0.0,0.0,,,,,
solar_elevation_gt_15,D+3,2025-12,huai_an_2,217.0,0.0,0.0,0.0,0.0,0.0,0.0,0.0,,,,,
solar_elevation_gt_15,D+3,2025-12,huai_an_3,217.0,0.0,0.0,0.0,0.0,0.0,0.0,0.0,,,,,
solar_elevation_gt_15,D+3,2025-12,lianyungang_1,217.0,0.0,0.0,0.0,0.0,0.0,0.0,0.0,,,,,
solar_elevation_gt_15,D+3,2025-12,lianyungang_2,217.0,0.0,0.0,0.0,0.0,0.0,0.0,0.0,,,,,
solar_elevation_gt_15,D+3,2025-12,nanjing_1,217.0,0.0,0.0,0.0,0.0,0.0,0.0,0.0,,,,,
solar_elevation_gt_15,D+3,2025-12,nanjing_2,217.0,0.0,0.0,0.0,0.0,0.0,0.0,0.0,,,,,
solar_elevation_gt_15,D+3,2025-12,nantong_1,217.0,0.0,0.0,0.0,0.0,0.0,0.0,0.0,,,,,
solar_elevation_gt_15,D+3,2025-12,nantong_2,217.0,0.0,0.0,0.0,0.0,0.0,0.0,0.0,,,,,
solar_elevation_gt_15,D+3,2025-12,suqian_1,217.0,0.0,0.0,0.0,0.0,0.0,0.0,0.0,,,,,
solar_elevation_gt_15,D+3,2025-12,suzhou_1,217.0,0.0,0.0,0.0,0.0,0.0,0.0,0.0,,,,,
solar_elevation_gt_15,D+3,2025-12,taizhou_1,217.0,0.0,0.0,0.0,0.0,0.0,0.0,0.0,,,,,
solar_elevation_gt_15,D+3,2025-12,taizhou_2,217.0,0.0,0.0,0.0,0.0,0.0,0.0,0.0,,,,,
solar_elevation_gt_15,D+3,2025-12,wuxi_1,217.0,0.0,0.0,0.0,0.0,0.0,0.0,0.0,,,,,
solar_elevation_gt_15,D+3,2025-12,xuzhou_1,217.0,0.0,0.0,0.0,0.0,0.0,0.0,0.0,,,,,
solar_elevation_gt_15,D+3,2025-12,xuzhou_2,217.0,0.0,0.0,0.0,0.0,0.0,0.0,0.0,,,,,
solar_elevation_gt_15,D+3,2025-12,yancheng_1,217.0,0.0,0.0,0.0,0.0,0.0,0.0,0.0,,,,,
solar_elevation_gt_15,D+3,2025-12,yancheng_2,217.0,0.0,0.0,0.0,0.0,0.0,0.0,0.0,,,,,
solar_elevation_gt_15,D+3,2025-12,yancheng_3,217.0,0.0,0.0,0.0,0.0,0.0,0.0,0.0,,,,,
solar_elevation_gt_15,D+3,2026-01,changzhou_1,228.0,0.0,0.0,0.0,0.0,0.0,0.0,0.0,,,,,
solar_elevation_gt_15,D+3,2026-01,huai_an_1,225.0,0.0,0.0,0.0,0.0,0.0,0.0,0.0,,,,,
solar_elevation_gt_15,D+3,2026-01,huai_an_2,222.0,0.0,0.0,0.0,0.0,0.0,0.0,0.0,,,,,
solar_elevation_gt_15,D+3,2026-01,huai_an_3,227.0,0.0,0.0,0.0,0.0,0.0,0.0,0.0,,,,,
solar_elevation_gt_15,D+3,2026-01,lianyungang_1,223.0,0.0,0.0,0.0,0.0,0.0,0.0,0.0,,,,,
solar_elevation_gt_15,D+3,2026-01,lianyungang_2,220.0,0.0,0.0,0.0,0.0,0.0,0.0,0.0,,,,,
solar_elevation_gt_15,D+3,2026-01,nanjing_1,231.0,0.0,0.0,0.0,0.0,0.0,0.0,0.0,,,,,
solar_elevation_gt_15,D+3,2026-01,nanjing_2,231.0,0.0,0.0,0.0,0.0,0.0,0.0,0.0,,,,,
solar_elevation_gt_15,D+3,2026-01,nantong_1,222.0,0.0,0.0,0.0,0.0,0.0,0.0,0.0,,,,,
solar_elevation_gt_15,D+3,2026-01,nantong_2,220.0,0.0,0.0,0.0,0.0,0.0,0.0,0.0,,,,,
solar_elevation_gt_15,D+3,2026-01,suqian_1,226.0,0.0,0.0,0.0,0.0,0.0,0.0,0.0,,,,,
solar_elevation_gt_15,D+3,2026-01,suzhou_1,224.0,0.0,0.0,0.0,0.0,0.0,0.0,0.0,,,,,
solar_elevation_gt_15,D+3,2026-01,taizhou_1,225.0,0.0,0.0,0.0,0.0,0.0,0.0,0.0,,,,,
solar_elevation_gt_15,D+3,2026-01,taizhou_2,222.0,0.0,0.0,0.0,0.0,0.0,0.0,0.0,,,,,
solar_elevation_gt_15,D+3,2026-01,wuxi_1,228.0,0.0,0.0,0.0,0.0,0.0,0.0,0.0,,,,,
solar_elevation_gt_15,D+3,2026-01,xuzhou_1,229.0,0.0,0.0,0.0,0.0,0.0,0.0,0.0,,,,,
solar_elevation_gt_15,D+3,2026-01,xuzhou_2,228.0,0.0,0.0,0.0,0.0,0.0,0.0,0.0,,,,,
solar_elevation_gt_15,D+3,2026-01,yancheng_1,221.0,0.0,0.0,0.0,0.0,0.0,0.0,0.0,,,,,
solar_elevation_gt_15,D+3,2026-01,yancheng_2,221.0,0.0,0.0,0.0,0.0,0.0,0.0,0.0,,,,,
solar_elevation_gt_15,D+3,2026-01,yancheng_3,224.0,0.0,0.0,0.0,0.0,0.0,0.0,0.0,,,,,
solar_elevation_gt_15,D+3,2026-02,changzhou_1,236.0,0.0,0.0,0.0,0.0,0.0,0.0,0.0,,,,,
solar_elevation_gt_15,D+3,2026-02,huai_an_1,232.0,0.0,0.0,0.0,0.0,0.0,0.0,0.0,,,,,
solar_elevation_gt_15,D+3,2026-02,huai_an_2,231.0,0.0,0.0,0.0,0.0,0.0,0.0,0.0,,,,,
solar_elevation_gt_15,D+3,2026-02,huai_an_3,230.0,0.0,0.0,0.0,0.0,0.0,0.0,0.0,,,,,
solar_elevation_gt_15,D+3,2026-02,lianyungang_1,227.0,0.0,0.0,0.0,0.0,0.0,0.0,0.0,,,,,
solar_elevation_gt_15,D+3,2026-02,lianyungang_2,229.0,0.0,0.0,0.0,0.0,0.0,0.0,0.0,,,,,
solar_elevation_gt_15,D+3,2026-02,nanjing_1,231.0,0.0,0.0,0.0,0.0,0.0,0.0,0.0,,,,,
solar_elevation_gt_15,D+3,2026-02,nanjing_2,234.0,0.0,0.0,0.0,0.0,0.0,0.0,0.0,,,,,
solar_elevation_gt_15,D+3,2026-02,nantong_1,240.0,0.0,0.0,0.0,0.0,0.0,0.0,0.0,,,,,
solar_elevation_gt_15,D+3,2026-02,nantong_2,242.0,0.0,0.0,0.0,0.0,0.0,0.0,0.0,,,,,
solar_elevation_gt_15,D+3,2026-02,suqian_1,227.0,0.0,0.0,0.0,0.0,0.0,0.0,0.0,,,,,
solar_elevation_gt_15,D+3,2026-02,suzhou_1,241.0,0.0,0.0,0.0,0.0,0.0,0.0,0.0,,,,,
solar_elevation_gt_15,D+3,2026-02,taizhou_1,234.0,0.0,0.0,0.0,0.0,0.0,0.0,0.0,,,,,
solar_elevation_gt_15,D+3,2026-02,taizhou_2,236.0,0.0,0.0,0.0,0.0,0.0,0.0,0.0,,,,,
solar_elevation_gt_15,D+3,2026-02,wuxi_1,238.0,0.0,0.0,0.0,0.0,0.0,0.0,0.0,,,,,
solar_elevation_gt_15,D+3,2026-02,xuzhou_1,224.0,0.0,0.0,0.0,0.0,0.0,0.0,0.0,,,,,
solar_elevation_gt_15,D+3,2026-02,xuzhou_2,224.0,0.0,0.0,0.0,0.0,0.0,0.0,0.0,,,,,
solar_elevation_gt_15,D+3,2026-02,yancheng_1,232.0,0.0,0.0,0.0,0.0,0.0,0.0,0.0,,,,,
solar_elevation_gt_15,D+3,2026-02,yancheng_2,236.0,0.0,0.0,0.0,0.0,0.0,0.0,0.0,,,,,
solar_elevation_gt_15,D+3,2026-02,yancheng_3,233.0,0.0,0.0,0.0,0.0,0.0,0.0,0.0,,,,,
solar_elevation_gt_15,D+3,2026-03,changzhou_1,287.0,0.0,0.0,0.0,0.0,0.0,0.0,0.0,,,,,
solar_elevation_gt_15,D+3,2026-03,huai_an_1,288.0,0.0,0.0,0.0,0.0,0.0,0.0,0.0,,,,,
solar_elevation_gt_15,D+3,2026-03,huai_an_2,287.0,0.0,0.0,0.0,0.0,0.0,0.0,0.0,,,,,
solar_elevation_gt_15,D+3,2026-03,huai_an_3,292.0,0.0,0.0,0.0,0.0,0.0,0.0,0.0,,,,,
solar_elevation_gt_15,D+3,2026-03,lianyungang_1,290.0,0.0,0.0,0.0,0.0,0.0,0.0,0.0,,,,,
solar_elevation_gt_15,D+3,2026-03,lianyungang_2,286.0,0.0,0.0,0.0,0.0,0.0,0.0,0.0,,,,,
solar_elevation_gt_15,D+3,2026-03,nanjing_1,293.0,0.0,0.0,0.0,0.0,0.0,0.0,0.0,,,,,
solar_elevation_gt_15,D+3,2026-03,nanjing_2,291.0,0.0,0.0,0.0,0.0,0.0,0.0,0.0,,,,,
solar_elevation_gt_15,D+3,2026-03,nantong_1,280.0,0.0,0.0,0.0,0.0,0.0,0.0,0.0,,,,,
solar_elevation_gt_15,D+3,2026-03,nantong_2,282.0,0.0,0.0,0.0,0.0,0.0,0.0,0.0,,,,,
solar_elevation_gt_15,D+3,2026-03,suqian_1,293.0,0.0,0.0,0.0,0.0,0.0,0.0,0.0,,,,,
solar_elevation_gt_15,D+3,2026-03,suzhou_1,281.0,0.0,0.0,0.0,0.0,0.0,0.0,0.0,,,,,
solar_elevation_gt_15,D+3,2026-03,taizhou_1,286.0,0.0,0.0,0.0,0.0,0.0,0.0,0.0,,,,,
solar_elevation_gt_15,D+3,2026-03,taizhou_2,282.0,0.0,0.0,0.0,0.0,0.0,0.0,0.0,,,,,
solar_elevation_gt_15,D+3,2026-03,wuxi_1,285.0,0.0,0.0,0.0,0.0,0.0,0.0,0.0,,,,,
solar_elevation_gt_15,D+3,2026-03,xuzhou_1,297.0,0.0,0.0,0.0,0.0,0.0,0.0,0.0,,,,,
solar_elevation_gt_15,D+3,2026-03,xuzhou_2,296.0,0.0,0.0,0.0,0.0,0.0,0.0,0.0,,,,,
solar_elevation_gt_15,D+3,2026-03,yancheng_1,285.0,0.0,0.0,0.0,0.0,0.0,0.0,0.0,,,,,
solar_elevation_gt_15,D+3,2026-03,yancheng_2,281.0,0.0,0.0,0.0,0.0,0.0,0.0,0.0,,,,,
solar_elevation_gt_15,D+3,2026-03,yancheng_3,286.0,0.0,0.0,0.0,0.0,0.0,0.0,0.0,,,,,
solar_elevation_gt_15,D+3,2026-04,changzhou_1,327.0,0.0,0.0,0.0,0.0,0.0,0.0,0.0,,,,,
solar_elevation_gt_15,D+3,2026-04,huai_an_1,326.0,0.0,0.0,0.0,0.0,0.0,0.0,0.0,,,,,
solar_elevation_gt_15,D+3,2026-04,huai_an_2,326.0,0.0,0.0,0.0,0.0,0.0,0.0,0.0,,,,,
solar_elevation_gt_15,D+3,2026-04,huai_an_3,323.0,0.0,0.0,0.0,0.0,0.0,0.0,0.0,,,,,
solar_elevation_gt_15,D+3,2026-04,lianyungang_1,323.0,0.0,0.0,0.0,0.0,0.0,0.0,0.0,,,,,
solar_elevation_gt_15,D+3,2026-04,lianyungang_2,325.0,0.0,0.0,0.0,0.0,0.0,0.0,0.0,,,,,
solar_elevation_gt_15,D+3,2026-04,nanjing_1,323.0,0.0,0.0,0.0,0.0,0.0,0.0,0.0,,,,,
solar_elevation_gt_15,D+3,2026-04,nanjing_2,325.0,0.0,0.0,0.0,0.0,0.0,0.0,0.0,,,,,
solar_elevation_gt_15,D+3,2026-04,nantong_1,330.0,0.0,0.0,0.0,0.0,0.0,0.0,0.0,,,,,
solar_elevation_gt_15,D+3,2026-04,nantong_2,326.0,0.0,0.0,0.0,0.0,0.0,0.0,0.0,,,,,
solar_elevation_gt_15,D+3,2026-04,suqian_1,322.0,0.0,0.0,0.0,0.0,0.0,0.0,0.0,,,,,
solar_elevation_gt_15,D+3,2026-04,suzhou_1,330.0,0.0,0.0,0.0,0.0,0.0,0.0,0.0,,,,,
solar_elevation_gt_15,D+3,2026-04,taizhou_1,327.0,0.0,0.0,0.0,0.0,0.0,0.0,0.0,,,,,
solar_elevation_gt_15,D+3,2026-04,taizhou_2,329.0,0.0,0.0,0.0,0.0,0.0,0.0,0.0,,,,,
solar_elevation_gt_15,D+3,2026-04,wuxi_1,329.0,0.0,0.0,0.0,0.0,0.0,0.0,0.0,,,,,
solar_elevation_gt_15,D+3,2026-04,xuzhou_1,317.0,0.0,0.0,0.0,0.0,0.0,0.0,0.0,,,,,
solar_elevation_gt_15,D+3,2026-04,xuzhou_2,319.0,0.0,0.0,0.0,0.0,0.0,0.0,0.0,,,,,
solar_elevation_gt_15,D+3,2026-04,yancheng_1,327.0,0.0,0.0,0.0,0.0,0.0,0.0,0.0,,,,,
solar_elevation_gt_15,D+3,2026-04,yancheng_2,329.0,0.0,0.0,0.0,0.0,0.0,0.0,0.0,,,,,
solar_elevation_gt_15,D+3,2026-04,yancheng_3,327.0,0.0,0.0,0.0,0.0,0.0,0.0,0.0,,,,,
solar_elevation_gt_15,D+3,2026-05,changzhou_1,341.0,0.0,0.0,0.0,0.0,0.0,0.0,0.0,,,,,
solar_elevation_gt_15,D+3,2026-05,huai_an_1,341.0,0.0,0.0,0.0,0.0,0.0,0.0,0.0,,,,,
solar_elevation_gt_15,D+3,2026-05,huai_an_2,341.0,0.0,0.0,0.0,0.0,0.0,0.0,0.0,,,,,
solar_elevation_gt_15,D+3,2026-05,huai_an_3,341.0,0.0,0.0,0.0,0.0,0.0,0.0,0.0,,,,,
solar_elevation_gt_15,D+3,2026-05,lianyungang_1,341.0,0.0,0.0,0.0,0.0,0.0,0.0,0.0,,,,,
solar_elevation_gt_15,D+3,2026-05,lianyungang_2,341.0,0.0,0.0,0.0,0.0,0.0,0.0,0.0,,,,,
solar_elevation_gt_15,D+3,2026-05,nanjing_1,341.0,0.0,0.0,0.0,0.0,0.0,0.0,0.0,,,,,
solar_elevation_gt_15,D+3,2026-05,nanjing_2,341.0,0.0,0.0,0.0,0.0,0.0,0.0,0.0,,,,,
solar_elevation_gt_15,D+3,2026-05,nantong_1,341.0,0.0,0.0,0.0,0.0,0.0,0.0,0.0,,,,,
solar_elevation_gt_15,D+3,2026-05,nantong_2,341.0,0.0,0.0,0.0,0.0,0.0,0.0,0.0,,,,,
solar_elevation_gt_15,D+3,2026-05,suqian_1,341.0,0.0,0.0,0.0,0.0,0.0,0.0,0.0,,,,,
solar_elevation_gt_15,D+3,2026-05,suzhou_1,341.0,0.0,0.0,0.0,0.0,0.0,0.0,0.0,,,,,
solar_elevation_gt_15,D+3,2026-05,taizhou_1,341.0,0.0,0.0,0.0,0.0,0.0,0.0,0.0,,,,,
solar_elevation_gt_15,D+3,2026-05,taizhou_2,341.0,0.0,0.0,0.0,0.0,0.0,0.0,0.0,,,,,
solar_elevation_gt_15,D+3,2026-05,wuxi_1,341.0,0.0,0.0,0.0,0.0,0.0,0.0,0.0,,,,,
solar_elevation_gt_15,D+3,2026-05,xuzhou_1,341.0,0.0,0.0,0.0,0.0,0.0,0.0,0.0,,,,,
solar_elevation_gt_15,D+3,2026-05,xuzhou_2,341.0,0.0,0.0,0.0,0.0,0.0,0.0,0.0,,,,,
solar_elevation_gt_15,D+3,2026-05,yancheng_1,341.0,0.0,0.0,0.0,0.0,0.0,0.0,0.0,,,,,
solar_elevation_gt_15,D+3,2026-05,yancheng_2,341.0,0.0,0.0,0.0,0.0,0.0,0.0,0.0,,,,,
solar_elevation_gt_15,D+3,2026-05,yancheng_3,341.0,0.0,0.0,0.0,0.0,0.0,0.0,0.0,,,,,
solar_elevation_gt_15,D+3,2026-06,changzhou_1,330.0,0.0,0.0,0.0,0.0,0.0,0.0,0.0,,,,,
solar_elevation_gt_15,D+3,2026-06,huai_an_1,330.0,0.0,0.0,0.0,0.0,0.0,0.0,0.0,,,,,
solar_elevation_gt_15,D+3,2026-06,huai_an_2,330.0,0.0,0.0,0.0,0.0,0.0,0.0,0.0,,,,,
solar_elevation_gt_15,D+3,2026-06,huai_an_3,330.0,0.0,0.0,0.0,0.0,0.0,0.0,0.0,,,,,
solar_elevation_gt_15,D+3,2026-06,lianyungang_1,330.0,0.0,0.0,0.0,0.0,0.0,0.0,0.0,,,,,
solar_elevation_gt_15,D+3,2026-06,lianyungang_2,330.0,0.0,0.0,0.0,0.0,0.0,0.0,0.0,,,,,
solar_elevation_gt_15,D+3,2026-06,nanjing_1,330.0,0.0,0.0,0.0,0.0,0.0,0.0,0.0,,,,,
solar_elevation_gt_15,D+3,2026-06,nanjing_2,330.0,0.0,0.0,0.0,0.0,0.0,0.0,0.0,,,,,
solar_elevation_gt_15,D+3,2026-06,nantong_1,330.0,0.0,0.0,0.0,0.0,0.0,0.0,0.0,,,,,
solar_elevation_gt_15,D+3,2026-06,nantong_2,330.0,0.0,0.0,0.0,0.0,0.0,0.0,0.0,,,,,
solar_elevation_gt_15,D+3,2026-06,suqian_1,330.0,0.0,0.0,0.0,0.0,0.0,0.0,0.0,,,,,
solar_elevation_gt_15,D+3,2026-06,suzhou_1,330.0,0.0,0.0,0.0,0.0,0.0,0.0,0.0,,,,,
solar_elevation_gt_15,D+3,2026-06,taizhou_1,330.0,0.0,0.0,0.0,0.0,0.0,0.0,0.0,,,,,
solar_elevation_gt_15,D+3,2026-06,taizhou_2,330.0,0.0,0.0,0.0,0.0,0.0,0.0,0.0,,,,,
solar_elevation_gt_15,D+3,2026-06,wuxi_1,330.0,0.0,0.0,0.0,0.0,0.0,0.0,0.0,,,,,
solar_elevation_gt_15,D+3,2026-06,xuzhou_1,356.0,0.0,0.0,0.0,0.0,0.0,0.0,0.0,,,,,
solar_elevation_gt_15,D+3,2026-06,xuzhou_2,346.0,0.0,0.0,0.0,0.0,0.0,0.0,0.0,,,,,
solar_elevation_gt_15,D+3,2026-06,yancheng_1,330.0,0.0,0.0,0.0,0.0,0.0,0.0,0.0,,,,,
solar_elevation_gt_15,D+3,2026-06,yancheng_2,330.0,0.0,0.0,0.0,0.0,0.0,0.0,0.0,,,,,
solar_elevation_gt_15,D+3,2026-06,yancheng_3,330.0,0.0,0.0,0.0,0.0,0.0,0.0,0.0,,,,,
solar_elevation_gt_15,D+3,2026-07,changzhou_1,341.0,0.0,0.0,0.0,0.0,0.0,0.0,0.0,,,,,
solar_elevation_gt_15,D+3,2026-07,huai_an_1,341.0,0.0,0.0,0.0,0.0,0.0,0.0,0.0,,,,,
solar_elevation_gt_15,D+3,2026-07,huai_an_2,341.0,0.0,0.0,0.0,0.0,0.0,0.0,0.0,,,,,
solar_elevation_gt_15,D+3,2026-07,huai_an_3,341.0,0.0,0.0,0.0,0.0,0.0,0.0,0.0,,,,,
solar_elevation_gt_15,D+3,2026-07,lianyungang_1,341.0,0.0,0.0,0.0,0.0,0.0,0.0,0.0,,,,,
solar_elevation_gt_15,D+3,2026-07,lianyungang_2,341.0,0.0,0.0,0.0,0.0,0.0,0.0,0.0,,,,,
solar_elevation_gt_15,D+3,2026-07,nanjing_1,341.0,0.0,0.0,0.0,0.0,0.0,0.0,0.0,,,,,
solar_elevation_gt_15,D+3,2026-07,nanjing_2,341.0,0.0,0.0,0.0,0.0,0.0,0.0,0.0,,,,,
solar_elevation_gt_15,D+3,2026-07,nantong_1,341.0,0.0,0.0,0.0,0.0,0.0,0.0,0.0,,,,,
solar_elevation_gt_15,D+3,2026-07,nantong_2,341.0,0.0,0.0,0.0,0.0,0.0,0.0,0.0,,,,,
solar_elevation_gt_15,D+3,2026-07,suqian_1,341.0,0.0,0.0,0.0,0.0,0.0,0.0,0.0,,,,,
solar_elevation_gt_15,D+3,2026-07,suzhou_1,341.0,0.0,0.0,0.0,0.0,0.0,0.0,0.0,,,,,
solar_elevation_gt_15,D+3,2026-07,taizhou_1,341.0,0.0,0.0,0.0,0.0,0.0,0.0,0.0,,,,,
solar_elevation_gt_15,D+3,2026-07,taizhou_2,341.0,0.0,0.0,0.0,0.0,0.0,0.0,0.0,,,,,
solar_elevation_gt_15,D+3,2026-07,wuxi_1,341.0,0.0,0.0,0.0,0.0,0.0,0.0,0.0,,,,,
solar_elevation_gt_15,D+3,2026-07,xuzhou_1,366.0,0.0,0.0,0.0,0.0,0.0,0.0,0.0,,,,,
solar_elevation_gt_15,D+3,2026-07,xuzhou_2,358.0,0.0,0.0,0.0,0.0,0.0,0.0,0.0,,,,,
solar_elevation_gt_15,D+3,2026-07,yancheng_1,341.0,0.0,0.0,0.0,0.0,0.0,0.0,0.0,,,,,
solar_elevation_gt_15,D+3,2026-07,yancheng_2,341.0,0.0,0.0,0.0,0.0,0.0,0.0,0.0,,,,,
solar_elevation_gt_15,D+3,2026-07,yancheng_3,341.0,0.0,0.0,0.0,0.0,0.0,0.0,0.0,,,,,
solar_elevation_gt_15,D+3,2026-08,changzhou_1,341.0,0.0,0.0,0.0,0.0,0.0,0.0,0.0,,,,,
solar_elevation_gt_15,D+3,2026-08,huai_an_1,341.0,0.0,0.0,0.0,0.0,0.0,0.0,0.0,,,,,
solar_elevation_gt_15,D+3,2026-08,huai_an_2,341.0,0.0,0.0,0.0,0.0,0.0,0.0,0.0,,,,,
solar_elevation_gt_15,D+3,2026-08,huai_an_3,341.0,0.0,0.0,0.0,0.0,0.0,0.0,0.0,,,,,
solar_elevation_gt_15,D+3,2026-08,lianyungang_1,341.0,0.0,0.0,0.0,0.0,0.0,0.0,0.0,,,,,
solar_elevation_gt_15,D+3,2026-08,lianyungang_2,341.0,0.0,0.0,0.0,0.0,0.0,0.0,0.0,,,,,
solar_elevation_gt_15,D+3,2026-08,nanjing_1,341.0,0.0,0.0,0.0,0.0,0.0,0.0,0.0,,,,,
solar_elevation_gt_15,D+3,2026-08,nanjing_2,341.0,0.0,0.0,0.0,0.0,0.0,0.0,0.0,,,,,
solar_elevation_gt_15,D+3,2026-08,nantong_1,341.0,0.0,0.0,0.0,0.0,0.0,0.0,0.0,,,,,
solar_elevation_gt_15,D+3,2026-08,nantong_2,341.0,0.0,0.0,0.0,0.0,0.0,0.0,0.0,,,,,
solar_elevation_gt_15,D+3,2026-08,suqian_1,341.0,0.0,0.0,0.0,0.0,0.0,0.0,0.0,,,,,
solar_elevation_gt_15,D+3,2026-08,suzhou_1,341.0,0.0,0.0,0.0,0.0,0.0,0.0,0.0,,,,,
solar_elevation_gt_15,D+3,2026-08,taizhou_1,341.0,0.0,0.0,0.0,0.0,0.0,0.0,0.0,,,,,
solar_elevation_gt_15,D+3,2026-08,taizhou_2,341.0,0.0,0.0,0.0,0.0,0.0,0.0,0.0,,,,,
solar_elevation_gt_15,D+3,2026-08,wuxi_1,341.0,0.0,0.0,0.0,0.0,0.0,0.0,0.0,,,,,
solar_elevation_gt_15,D+3,2026-08,xuzhou_1,335.0,0.0,0.0,0.0,0.0,0.0,0.0,0.0,,,,,
solar_elevation_gt_15,D+3,2026-08,xuzhou_2,340.0,0.0,0.0,0.0,0.0,0.0,0.0,0.0,,,,,
solar_elevation_gt_15,D+3,2026-08,yancheng_1,341.0,0.0,0.0,0.0,0.0,0.0,0.0,0.0,,,,,
solar_elevation_gt_15,D+3,2026-08,yancheng_2,341.0,0.0,0.0,0.0,0.0,0.0,0.0,0.0,,,,,
solar_elevation_gt_15,D+3,2026-08,yancheng_3,341.0,0.0,0.0,0.0,0.0,0.0,0.0,0.0,,,,,
solar_gt15,D+1,2024-07,lianyungang_1,1.0,1.0,0.0,1.0,0.0,0.0,0.0,1.0,0.0,0.0,0.0,1.0,100.0
solar_gt15,D+1,2026-08,nanjing_2,1.0,1.0,0.0,1.0,0.0,0.0,0.0,1.0,0.0,0.0,0.0,1.0,100.0
solar_gt15,D+2,2025-08,huai_an_1,1.0,1.0,0.0,1.0,0.0,0.0,0.0,1.0,0.0,0.0,0.0,1.0,100.0
solar_gt15,D+2,2026-08,changzhou_1,1.0,1.0,0.0,1.0,0.0,0.0,0.0,1.0,0.0,0.0,0.0,1.0,100.0
solar_gt15,D+3,2024-07,lianyungang_1,1.0,1.0,0.0,1.0,0.0,0.0,0.0,1.0,0.0,0.0,0.0,1.0,100.0
solar_gt15_sat_gt300,D+1,2025-07,lianyungang_1,1.0,1.0,0.0,1.0,1.0,1.0,0.0,1.0,0.0,0.0,0.0,1.0,100.0
