source,site,start,end,status,grid_lat,grid_lon,bytes,error
previous_runs,changzhou_1,2024-03-01,2024-03-31,ok,31.454605,119.765625,169605,
previous_runs,changzhou_1,2024-04-01,2024-04-30,ok,31.454605,119.765625,167366,
previous_runs,changzhou_1,2024-06-01,2024-06-30,ok,31.454605,119.765625,168978,
previous_runs,changzhou_1,2024-05-01,2024-05-31,ok,31.454605,119.765625,174528,
previous_runs,changzhou_1,2024-02-01,2024-02-29,ok,31.454605,119.765625,155891,
previous_runs,changzhou_1,2024-07-01,2024-07-31,ok,31.454605,119.765625,174587,
previous_runs,changzhou_1,2024-08-01,2024-08-31,ok,31.454605,119.765625,173863,
previous_runs,changzhou_1,2024-09-01,2024-09-30,ok,31.454605,119.765625,167092,
previous_runs,changzhou_1,2024-10-01,2024-10-31,ok,31.454605,119.765625,169348,
previous_runs,changzhou_1,2024-11-01,2024-11-30,ok,31.454605,119.765625,162109,
previous_runs,changzhou_1,2024-12-01,2024-12-31,ok,31.454605,119.765625,165970,
previous_runs,changzhou_1,2025-01-01,2025-01-31,ok,31.454605,119.765625,168237,
previous_runs,changzhou_1,2025-02-01,2025-02-28,ok,31.454605,119.765625,153101,
previous_runs,changzhou_1,2025-03-01,2025-03-31,ok,31.454605,119.765625,169581,
previous_runs,changzhou_1,2025-04-01,2025-04-30,ok,31.454605,119.765625,168001,
previous_runs,changzhou_1,2025-05-01,2025-05-31,ok,31.454605,119.765625,175130,
previous_runs,changzhou_1,2025-06-01,2025-06-30,ok,31.454605,119.765625,168312,
previous_runs,changzhou_1,2025-07-01,2025-07-31,ok,31.454605,119.765625,174645,
previous_runs,changzhou_1,2025-08-01,2025-08-31,ok,31.454605,119.765625,173791,
previous_runs,changzhou_1,2025-10-01,2025-10-31,ok,31.454605,119.765625,170031,
previous_runs,changzhou_1,2025-09-01,2025-09-30,ok,31.454605,119.765625,166278,
previous_runs,changzhou_1,2025-11-01,2025-11-30,ok,31.454605,119.765625,162216,
previous_runs,changzhou_1,2025-12-01,2025-12-31,ok,31.454605,119.765625,166789,
previous_runs,changzhou_1,2026-01-01,2026-01-31,ok,31.454605,119.765625,167188,
previous_runs,nanjing_1,2024-02-01,2024-02-29,ok,31.923203,118.59375,156335,
previous_runs,nanjing_1,2024-03-01,2024-03-31,ok,31.923203,118.59375,169193,
previous_runs,nanjing_1,2024-04-01,2024-04-30,ok,31.923203,118.59375,166951,
previous_runs,nanjing_1,2024-06-01,2024-06-30,ok,31.923203,118.59375,169180,
previous_runs,nanjing_1,2024-05-01,2024-05-31,ok,31.923203,118.59375,173934,
previous_runs,nanjing_1,2024-07-01,2024-07-31,ok,31.923203,118.59375,173697,
previous_runs,nanjing_1,2024-08-01,2024-08-31,ok,31.923203,118.59375,173139,
previous_runs,nanjing_1,2024-11-01,2024-11-30,ok,31.923203,118.59375,161540,
previous_runs,nanjing_1,2024-10-01,2024-10-31,ok,31.923203,118.59375,169266,
previous_runs,nanjing_1,2024-12-01,2024-12-31,ok,31.923203,118.59375,165981,
previous_runs,nanjing_1,2025-01-01,2025-01-31,ok,31.923203,118.59375,167928,
previous_runs,nanjing_1,2025-02-01,2025-02-28,ok,31.923203,118.59375,153228,
previous_runs,nanjing_1,2025-03-01,2025-03-31,ok,31.923203,118.59375,169740,
previous_runs,nanjing_1,2025-04-01,2025-04-30,ok,31.923203,118.59375,168237,
previous_runs,nanjing_1,2025-05-01,2025-05-31,ok,31.923203,118.59375,174727,
previous_runs,nanjing_1,2025-06-01,2025-06-30,ok,31.923203,118.59375,168446,
previous_runs,nanjing_1,2025-07-01,2025-07-31,ok,31.923203,118.59375,173968,
previous_runs,nanjing_1,2025-08-01,2025-08-31,ok,31.923203,118.59375,172964,
previous_runs,nanjing_1,2025-09-01,2025-09-30,ok,31.923203,118.59375,165878,
previous_runs,nanjing_1,2025-10-01,2025-10-31,ok,31.923203,118.59375,169413,
previous_runs,nanjing_1,2025-11-01,2025-11-30,ok,31.923203,118.59375,161958,
previous_runs,nanjing_1,2025-12-01,2025-12-31,ok,31.923203,118.59375,166987,
previous_runs,nanjing_1,2026-01-01,2026-01-31,ok,31.923203,118.59375,167025,
previous_runs,suzhou_1,2024-02-01,2024-02-29,ok,31.454605,121.05469,155795,
previous_runs,suzhou_1,2024-03-01,2024-03-31,ok,31.454605,121.05469,169539,
previous_runs,suzhou_1,2024-04-01,2024-04-30,ok,31.454605,121.05469,166540,
previous_runs,suzhou_1,2024-05-01,2024-05-31,ok,31.454605,121.05469,173733,
previous_runs,suzhou_1,2024-06-01,2024-06-30,ok,31.454605,121.05469,168522,
previous_runs,suzhou_1,2024-07-01,2024-07-31,ok,31.454605,121.05469,174960,
previous_runs,suzhou_1,2024-08-01,2024-08-31,ok,31.454605,121.05469,173134,
previous_runs,suzhou_1,2024-09-01,2024-09-30,ok,31.454605,121.05469,166466,
previous_runs,suzhou_1,2024-10-01,2024-10-31,ok,31.454605,121.05469,169395,
previous_runs,suzhou_1,2024-11-01,2024-11-30,ok,31.454605,121.05469,162336,
previous_runs,suzhou_1,2025-02-01,2025-02-28,ok,31.454605,121.05469,152829,
previous_runs,suzhou_1,2024-12-01,2024-12-31,ok,31.454605,121.05469,166280,
previous_runs,suzhou_1,2025-01-01,2025-01-31,ok,31.454605,121.05469,168289,
previous_runs,suzhou_1,2025-03-01,2025-03-31,ok,31.454605,121.05469,169050,
previous_runs,suzhou_1,2025-04-01,2025-04-30,ok,31.454605,121.05469,167828,
previous_runs,suzhou_1,2025-05-01,2025-05-31,ok,31.454605,121.05469,174371,
previous_runs,suzhou_1,2025-07-01,2025-07-31,ok,31.454605,121.05469,174448,
previous_runs,suzhou_1,2025-06-01,2025-06-30,ok,31.454605,121.05469,167995,
previous_runs,suzhou_1,2025-08-01,2025-08-31,ok,31.454605,121.05469,173594,
previous_runs,suzhou_1,2025-09-01,2025-09-30,ok,31.454605,121.05469,166431,
previous_runs,suzhou_1,2025-10-01,2025-10-31,ok,31.454605,121.05469,170034,
previous_runs,suzhou_1,2025-11-01,2025-11-30,ok,31.454605,121.05469,162441,
previous_runs,suzhou_1,2025-12-01,2025-12-31,ok,31.454605,121.05469,166717,
previous_runs,suzhou_1,2026-01-01,2026-01-31,ok,31.454605,121.05469,166757,
previous_runs,wuxi_1,2024-02-01,2024-02-29,ok,31.103157,120.234375,155815,
previous_runs,wuxi_1,2024-03-01,2024-03-31,ok,31.103157,120.234375,169910,
previous_runs,wuxi_1,2024-04-01,2024-04-30,ok,31.103157,120.234375,167913,
previous_runs,wuxi_1,2024-05-01,2024-05-31,ok,31.103157,120.234375,175099,
previous_runs,wuxi_1,2024-06-01,2024-06-30,ok,31.103157,120.234375,169185,
previous_runs,wuxi_1,2024-07-01,2024-07-31,ok,31.103157,120.234375,175193,
previous_runs,wuxi_1,2024-08-01,2024-08-31,ok,31.103157,120.234375,174224,
previous_runs,wuxi_1,2024-09-01,2024-09-30,ok,31.103157,120.234375,167175,
previous_runs,wuxi_1,2024-10-01,2024-10-31,ok,31.103157,120.234375,170372,
previous_runs,wuxi_1,2024-11-01,2024-11-30,ok,31.103157,120.234375,163155,
previous_runs,wuxi_1,2024-12-01,2024-12-31,ok,31.103157,120.234375,166619,
previous_runs,wuxi_1,2025-01-01,2025-01-31,ok,31.103157,120.234375,167438,
previous_runs,wuxi_1,2025-02-01,2025-02-28,ok,31.103157,120.234375,152556,
previous_runs,wuxi_1,2025-03-01,2025-03-31,ok,31.103157,120.234375,169561,
previous_runs,wuxi_1,2025-04-01,2025-04-30,ok,31.103157,120.234375,168555,
previous_runs,wuxi_1,2025-05-01,2025-05-31,ok,31.103157,120.234375,175723,
previous_runs,wuxi_1,2025-06-01,2025-06-30,ok,31.103157,120.234375,168771,
previous_runs,wuxi_1,2025-07-01,2025-07-31,ok,31.103157,120.234375,174756,
previous_runs,wuxi_1,2025-08-01,2025-08-31,ok,31.103157,120.234375,173887,
previous_runs,wuxi_1,2025-09-01,2025-09-30,ok,31.103157,120.234375,167228,
previous_runs,wuxi_1,2025-10-01,2025-10-31,ok,31.103157,120.234375,171259,
previous_runs,wuxi_1,2025-11-01,2025-11-30,ok,31.103157,120.234375,163247,
previous_runs,wuxi_1,2025-12-01,2025-12-31,ok,31.103157,120.234375,166746,
previous_runs,wuxi_1,2026-01-01,2026-01-31,ok,31.103157,120.234375,166214,
previous_runs,nanjing_2,2024-03-01,2024-03-31,ok,31.454605,119.0625,168990,
previous_runs,nanjing_2,2024-02-01,2024-02-29,ok,31.454605,119.0625,155855,
previous_runs,nanjing_2,2024-04-01,2024-04-30,ok,31.454605,119.0625,166813,
previous_runs,nanjing_2,2024-05-01,2024-05-31,ok,31.454605,119.0625,173686,
previous_runs,nanjing_2,2024-06-01,2024-06-30,ok,31.454605,119.0625,168555,
previous_runs,nanjing_2,2024-07-01,2024-07-31,ok,31.454605,119.0625,173956,
previous_runs,nanjing_2,2024-08-01,2024-08-31,ok,31.454605,119.0625,172999,
previous_runs,nanjing_2,2024-09-01,2024-09-30,ok,31.454605,119.0625,166473,
previous_runs,nanjing_2,2024-11-01,2024-11-30,ok,31.454605,119.0625,161699,
previous_runs,nanjing_2,2024-10-01,2024-10-31,ok,31.454605,119.0625,169191,
previous_runs,nanjing_2,2024-12-01,2024-12-31,ok,31.454605,119.0625,165749,
previous_runs,nanjing_2,2025-01-01,2025-01-31,ok,31.454605,119.0625,167533,
previous_runs,nanjing_2,2025-02-01,2025-02-28,ok,31.454605,119.0625,152616,
previous_runs,nanjing_2,2025-04-01,2025-04-30,ok,31.454605,119.0625,167880,
previous_runs,nanjing_2,2025-05-01,2025-05-31,ok,31.454605,119.0625,174618,
previous_runs,nanjing_2,2025-06-01,2025-06-30,ok,31.454605,119.0625,168173,
previous_runs,nanjing_1,2024-09-01,2024-09-30,ok,31.923203,118.59375,166520,
previous_runs,nanjing_2,2025-07-01,2025-07-31,ok,31.454605,119.0625,174019,
previous_runs,nanjing_2,2025-08-01,2025-08-31,ok,31.454605,119.0625,173016,
previous_runs,nanjing_2,2025-09-01,2025-09-30,ok,31.454605,119.0625,165822,
previous_runs,nanjing_2,2025-10-01,2025-10-31,ok,31.454605,119.0625,169686,
previous_runs,nanjing_2,2025-11-01,2025-11-30,ok,31.454605,119.0625,161957,
previous_runs,nanjing_2,2026-01-01,2026-01-31,ok,31.454605,119.0625,166609,
previous_runs,nanjing_2,2025-12-01,2025-12-31,ok,31.454605,119.0625,166485,
previous_runs,taizhou_1,2024-02-01,2024-02-29,ok,32.743248,119.765625,156971,
previous_runs,taizhou_1,2024-03-01,2024-03-31,ok,32.743248,119.765625,169741,
previous_runs,taizhou_1,2024-04-01,2024-04-30,ok,32.743248,119.765625,167655,
previous_runs,taizhou_1,2024-05-01,2024-05-31,fail,,,,重试耗尽
previous_runs,taizhou_1,2024-06-01,2024-06-30,fail,,,,重试耗尽
previous_runs,taizhou_1,2024-07-01,2024-07-31,fail,,,,重试耗尽
previous_runs,taizhou_1,2024-08-01,2024-08-31,ok,32.743248,119.765625,173711,
previous_runs,taizhou_1,2024-09-01,2024-09-30,ok,32.743248,119.765625,166776,
previous_runs,taizhou_1,2024-10-01,2024-10-31,ok,32.743248,119.765625,169346,
previous_runs,taizhou_1,2024-11-01,2024-11-30,ok,32.743248,119.765625,161823,
previous_runs,taizhou_1,2024-12-01,2024-12-31,ok,32.743248,119.765625,166791,
previous_runs,taizhou_1,2025-01-01,2025-01-31,ok,32.743248,119.765625,168963,
previous_runs,taizhou_1,2025-02-01,2025-02-28,ok,32.743248,119.765625,154314,
previous_runs,taizhou_1,2025-03-01,2025-03-31,ok,32.743248,119.765625,169881,
previous_runs,taizhou_1,2025-04-01,2025-04-30,ok,32.743248,119.765625,168163,
previous_runs,taizhou_1,2025-05-01,2025-05-31,ok,32.743248,119.765625,174835,
previous_runs,taizhou_1,2025-06-01,2025-06-30,ok,32.743248,119.765625,169011,
previous_runs,taizhou_1,2025-07-01,2025-07-31,ok,32.743248,119.765625,174721,
previous_runs,taizhou_1,2025-08-01,2025-08-31,ok,32.743248,119.765625,173337,
previous_runs,taizhou_1,2025-09-01,2025-09-30,ok,32.743248,119.765625,166028,
previous_runs,taizhou_1,2025-10-01,2025-10-31,ok,32.743248,119.765625,169573,
previous_runs,taizhou_1,2025-11-01,2025-11-30,ok,32.743248,119.765625,162197,
previous_runs,taizhou_1,2025-12-01,2025-12-31,ok,32.743248,119.765625,167089,
previous_runs,taizhou_1,2026-01-01,2026-01-31,ok,32.743248,119.765625,168066,
previous_runs,taizhou_2,2024-02-01,2024-02-29,ok,32.743248,120.58594,156421,
previous_runs,taizhou_2,2024-03-01,2024-03-31,ok,32.743248,120.58594,169550,
previous_runs,taizhou_2,2024-04-01,2024-04-30,ok,32.743248,120.58594,167759,
previous_runs,taizhou_2,2024-05-01,2024-05-31,ok,32.743248,120.58594,174242,
previous_runs,taizhou_2,2024-06-01,2024-06-30,ok,32.743248,120.58594,170217,
previous_runs,taizhou_2,2024-07-01,2024-07-31,ok,32.743248,120.58594,175294,
previous_runs,taizhou_2,2024-08-01,2024-08-31,ok,32.743248,120.58594,174084,
previous_runs,taizhou_2,2024-09-01,2024-09-30,ok,32.743248,120.58594,166851,
previous_runs,taizhou_2,2024-11-01,2024-11-30,ok,32.743248,120.58594,162066,
previous_runs,taizhou_2,2024-10-01,2024-10-31,ok,32.743248,120.58594,169606,
previous_runs,taizhou_2,2024-12-01,2024-12-31,ok,32.743248,120.58594,167070,
previous_runs,taizhou_2,2025-02-01,2025-02-28,ok,32.743248,120.58594,154172,
previous_runs,taizhou_2,2025-01-01,2025-01-31,ok,32.743248,120.58594,168806,
previous_runs,taizhou_2,2025-03-01,2025-03-31,ok,32.743248,120.58594,169720,
previous_runs,taizhou_2,2025-05-01,2025-05-31,ok,32.743248,120.58594,174664,
previous_runs,taizhou_2,2025-04-01,2025-04-30,ok,32.743248,120.58594,167853,
previous_runs,taizhou_2,2025-06-01,2025-06-30,ok,32.743248,120.58594,168916,
previous_runs,taizhou_2,2025-07-01,2025-07-31,ok,32.743248,120.58594,174367,
previous_runs,taizhou_2,2025-08-01,2025-08-31,ok,32.743248,120.58594,173524,
previous_runs,taizhou_2,2025-09-01,2025-09-30,ok,32.743248,120.58594,166431,
previous_runs,taizhou_2,2025-10-01,2025-10-31,ok,32.743248,120.58594,169964,
previous_runs,nanjing_2,2025-03-01,2025-03-31,ok,31.454605,119.0625,169377,
previous_runs,taizhou_2,2025-11-01,2025-11-30,ok,32.743248,120.58594,162272,
previous_runs,nantong_1,2024-02-01,2024-02-29,ok,31.923203,121.05469,156351,
previous_runs,taizhou_2,2026-01-01,2026-01-31,ok,32.743248,120.58594,168019,
previous_runs,taizhou_2,2025-12-01,2025-12-31,ok,32.743248,120.58594,166775,
previous_runs,nantong_1,2024-03-01,2024-03-31,ok,31.923203,121.05469,169923,
previous_runs,nantong_1,2024-04-01,2024-04-30,ok,31.923203,121.05469,167518,
previous_runs,nantong_1,2024-05-01,2024-05-31,ok,31.923203,121.05469,174421,
previous_runs,nantong_1,2024-06-01,2024-06-30,ok,31.923203,121.05469,170043,
previous_runs,nantong_1,2024-07-01,2024-07-31,ok,31.923203,121.05469,175525,
previous_runs,nantong_1,2024-09-01,2024-09-30,ok,31.923203,121.05469,167006,
previous_runs,nantong_1,2024-10-01,2024-10-31,ok,31.923203,121.05469,170025,
previous_runs,nantong_1,2024-08-01,2024-08-31,ok,31.923203,121.05469,174147,
previous_runs,nantong_1,2024-11-01,2024-11-30,ok,31.923203,121.05469,162411,
previous_runs,nantong_1,2024-12-01,2024-12-31,ok,31.923203,121.05469,166495,
previous_runs,nantong_1,2025-01-01,2025-01-31,ok,31.923203,121.05469,168524,
previous_runs,nantong_1,2025-02-01,2025-02-28,ok,31.923203,121.05469,153295,
previous_runs,nantong_1,2025-03-01,2025-03-31,ok,31.923203,121.05469,169518,
previous_runs,nantong_1,2025-04-01,2025-04-30,ok,31.923203,121.05469,168112,
previous_runs,nantong_1,2025-05-01,2025-05-31,ok,31.923203,121.05469,175015,
previous_runs,nantong_1,2025-07-01,2025-07-31,ok,31.923203,121.05469,174724,
previous_runs,nantong_1,2025-06-01,2025-06-30,ok,31.923203,121.05469,168749,
previous_runs,nantong_1,2025-08-01,2025-08-31,ok,31.923203,121.05469,174137,
previous_runs,nantong_1,2025-09-01,2025-09-30,ok,31.923203,121.05469,167125,
previous_runs,nantong_1,2025-11-01,2025-11-30,ok,31.923203,121.05469,162456,
previous_runs,nantong_1,2025-10-01,2025-10-31,ok,31.923203,121.05469,170320,
previous_runs,nantong_1,2025-12-01,2025-12-31,ok,31.923203,121.05469,166753,
previous_runs,nantong_1,2026-01-01,2026-01-31,ok,31.923203,121.05469,167434,
previous_runs,nantong_2,2024-02-01,2024-02-29,ok,31.923203,121.75781,156368,
previous_runs,nantong_2,2024-03-01,2024-03-31,ok,31.923203,121.75781,169825,
previous_runs,nantong_2,2024-04-01,2024-04-30,ok,31.923203,121.75781,167901,
previous_runs,nantong_2,2024-06-01,2024-06-30,ok,31.923203,121.75781,170140,
previous_runs,nantong_2,2024-05-01,2024-05-31,ok,31.923203,121.75781,174709,
previous_runs,nantong_2,2024-07-01,2024-07-31,ok,31.923203,121.75781,175775,
previous_runs,nantong_2,2024-08-01,2024-08-31,ok,31.923203,121.75781,174635,
previous_runs,nantong_2,2024-09-01,2024-09-30,ok,31.923203,121.75781,167322,
previous_runs,nantong_2,2024-10-01,2024-10-31,ok,31.923203,121.75781,170488,
previous_runs,nantong_2,2024-11-01,2024-11-30,ok,31.923203,121.75781,163023,
previous_runs,nantong_2,2024-12-01,2024-12-31,ok,31.923203,121.75781,166885,
previous_runs,nantong_2,2025-01-01,2025-01-31,ok,31.923203,121.75781,168052,
previous_runs,nantong_2,2025-03-01,2025-03-31,ok,31.923203,121.75781,169478,
previous_runs,nantong_2,2025-02-01,2025-02-28,ok,31.923203,121.75781,153437,
previous_runs,nantong_2,2025-04-01,2025-04-30,ok,31.923203,121.75781,168374,
previous_runs,nantong_2,2025-05-01,2025-05-31,ok,31.923203,121.75781,175501,
previous_runs,nantong_2,2025-06-01,2025-06-30,ok,31.923203,121.75781,168976,
previous_runs,nantong_2,2025-07-01,2025-07-31,ok,31.923203,121.75781,174834,
previous_runs,nantong_2,2025-08-01,2025-08-31,ok,31.923203,121.75781,174733,
previous_runs,nantong_2,2025-09-01,2025-09-30,ok,31.923203,121.75781,167831,
previous_runs,nantong_2,2025-10-01,2025-10-31,ok,31.923203,121.75781,171020,
previous_runs,nantong_2,2025-11-01,2025-11-30,ok,31.923203,121.75781,162950,
previous_runs,nantong_2,2026-01-01,2026-01-31,ok,31.923203,121.75781,167306,
previous_runs,nantong_2,2025-12-01,2025-12-31,ok,31.923203,121.75781,167245,
previous_runs,suqian_1,2024-02-01,2024-02-29,ok,33.91474,118.24219,158605,
previous_runs,suqian_1,2024-03-01,2024-03-31,ok,33.91474,118.24219,169860,
previous_runs,suqian_1,2024-04-01,2024-04-30,ok,33.91474,118.24219,167818,
previous_runs,suqian_1,2024-06-01,2024-06-30,ok,33.91474,118.24219,170119,
previous_runs,suqian_1,2024-05-01,2024-05-31,ok,33.91474,118.24219,174541,
previous_runs,suqian_1,2024-07-01,2024-07-31,ok,33.91474,118.24219,173776,
previous_runs,suqian_1,2024-09-01,2024-09-30,ok,33.91474,118.24219,166669,
previous_runs,suqian_1,2024-11-01,2024-11-30,ok,33.91474,118.24219,162375,
previous_runs,suqian_1,2024-10-01,2024-10-31,ok,33.91474,118.24219,169139,
previous_runs,suqian_1,2024-08-01,2024-08-31,ok,33.91474,118.24219,173206,
previous_runs,suqian_1,2024-12-01,2024-12-31,ok,33.91474,118.24219,167937,
previous_runs,suqian_1,2025-02-01,2025-02-28,ok,33.91474,118.24219,154679,
previous_runs,suqian_1,2025-01-01,2025-01-31,ok,33.91474,118.24219,168771,
previous_runs,suqian_1,2025-03-01,2025-03-31,ok,33.91474,118.24219,170677,
previous_runs,suqian_1,2025-04-01,2025-04-30,ok,33.91474,118.24219,168305,
previous_runs,suqian_1,2025-05-01,2025-05-31,ok,33.91474,118.24219,174233,
previous_runs,suqian_1,2025-07-01,2025-07-31,ok,33.91474,118.24219,174460,
previous_runs,suqian_1,2025-06-01,2025-06-30,ok,33.91474,118.24219,169308,
previous_runs,suqian_1,2025-08-01,2025-08-31,ok,33.91474,118.24219,173310,
previous_runs,suqian_1,2025-11-01,2025-11-30,ok,33.91474,118.24219,162022,
previous_runs,suqian_1,2025-10-01,2025-10-31,ok,33.91474,118.24219,168767,
previous_runs,suqian_1,2025-09-01,2025-09-30,ok,33.91474,118.24219,165164,
previous_runs,suqian_1,2025-12-01,2025-12-31,ok,33.91474,118.24219,167191,
previous_runs,suqian_1,2026-01-01,2026-01-31,ok,33.91474,118.24219,168245,
previous_runs,xuzhou_1,2024-02-01,2024-02-29,ok,34.734787,116.60156,158775,
previous_runs,xuzhou_1,2024-03-01,2024-03-31,ok,34.734787,116.60156,170334,
previous_runs,xuzhou_1,2024-04-01,2024-04-30,ok,34.734787,116.60156,167942,
previous_runs,xuzhou_1,2024-05-01,2024-05-31,ok,34.734787,116.60156,174170,
previous_runs,xuzhou_1,2024-06-01,2024-06-30,ok,34.734787,116.60156,169285,
previous_runs,xuzhou_1,2024-08-01,2024-08-31,ok,34.734787,116.60156,171960,
previous_runs,xuzhou_1,2024-07-01,2024-07-31,ok,34.734787,116.60156,172787,
previous_runs,xuzhou_1,2024-09-01,2024-09-30,ok,34.734787,116.60156,166240,
previous_runs,xuzhou_1,2024-10-01,2024-10-31,ok,34.734787,116.60156,169587,
previous_runs,xuzhou_1,2024-11-01,2024-11-30,fail,,,,重试耗尽
previous_runs,xuzhou_1,2024-12-01,2024-12-31,fail,,,,重试耗尽
previous_runs,xuzhou_1,2025-01-01,2025-01-31,fail,,,,重试耗尽
previous_runs,xuzhou_1,2025-02-01,2025-02-28,fail,,,,重试耗尽
previous_runs,xuzhou_1,2025-03-01,2025-03-31,ok,34.734787,116.60156,171358,
previous_runs,xuzhou_1,2025-04-01,2025-04-30,ok,34.734787,116.60156,167999,
previous_runs,xuzhou_1,2025-05-01,2025-05-31,ok,34.734787,116.60156,174018,
previous_runs,xuzhou_1,2025-06-01,2025-06-30,ok,34.734787,116.60156,169039,
previous_runs,xuzhou_1,2025-07-01,2025-07-31,ok,34.734787,116.60156,174119,
previous_runs,xuzhou_1,2025-09-01,2025-09-30,ok,34.734787,116.60156,165226,
previous_runs,xuzhou_1,2025-08-01,2025-08-31,ok,34.734787,116.60156,173351,
previous_runs,xuzhou_1,2025-10-01,2025-10-31,ok,34.734787,116.60156,168630,
previous_runs,xuzhou_1,2025-11-01,2025-11-30,ok,34.734787,116.60156,162265,
previous_runs,xuzhou_1,2025-12-01,2025-12-31,ok,34.734787,116.60156,167731,
previous_runs,xuzhou_1,2026-01-01,2026-01-31,ok,34.734787,116.60156,168519,
previous_runs,huai_an_1,2024-02-01,2024-02-29,ok,33.094696,119.41406,157415,
previous_runs,huai_an_1,2024-03-01,2024-03-31,ok,33.094696,119.41406,169711,
previous_runs,huai_an_1,2024-04-01,2024-04-30,ok,33.094696,119.41406,167864,
previous_runs,huai_an_1,2024-05-01,2024-05-31,ok,33.094696,119.41406,174379,
previous_runs,huai_an_1,2024-06-01,2024-06-30,ok,33.094696,119.41406,170488,
previous_runs,huai_an_1,2024-07-01,2024-07-31,ok,33.094696,119.41406,174937,
previous_runs,huai_an_1,2024-08-01,2024-08-31,ok,33.094696,119.41406,173740,
previous_runs,huai_an_1,2024-09-01,2024-09-30,ok,33.094696,119.41406,166931,
previous_runs,huai_an_1,2024-10-01,2024-10-31,ok,33.094696,119.41406,169351,
previous_runs,huai_an_1,2024-11-01,2024-11-30,ok,33.094696,119.41406,161828,
previous_runs,huai_an_1,2024-12-01,2024-12-31,ok,33.094696,119.41406,167139,
previous_runs,huai_an_1,2025-01-01,2025-01-31,ok,33.094696,119.41406,168944,
previous_runs,huai_an_1,2025-02-01,2025-02-28,ok,33.094696,119.41406,154479,
previous_runs,huai_an_1,2025-03-01,2025-03-31,ok,33.094696,119.41406,170154,
previous_runs,huai_an_1,2025-04-01,2025-04-30,ok,33.094696,119.41406,168285,
previous_runs,huai_an_1,2025-05-01,2025-05-31,ok,33.094696,119.41406,174790,
previous_runs,huai_an_1,2025-06-01,2025-06-30,ok,33.094696,119.41406,169251,
previous_runs,huai_an_1,2025-07-01,2025-07-31,ok,33.094696,119.41406,174706,
previous_runs,huai_an_1,2025-08-01,2025-08-31,ok,33.094696,119.41406,173512,
previous_runs,huai_an_1,2025-09-01,2025-09-30,ok,33.094696,119.41406,165704,
previous_runs,huai_an_1,2025-10-01,2025-10-31,ok,33.094696,119.41406,169554,
previous_runs,huai_an_1,2025-12-01,2025-12-31,ok,33.094696,119.41406,167110,
previous_runs,huai_an_1,2025-11-01,2025-11-30,ok,33.094696,119.41406,162149,
previous_runs,huai_an_1,2026-01-01,2026-01-31,ok,33.094696,119.41406,168128,
previous_runs,huai_an_2,2024-02-01,2024-02-29,ok,33.91474,119.41406,158425,
previous_runs,huai_an_2,2024-04-01,2024-04-30,ok,33.91474,119.41406,167843,
previous_runs,huai_an_2,2024-03-01,2024-03-31,ok,33.91474,119.41406,169739,
previous_runs,huai_an_2,2024-05-01,2024-05-31,ok,33.91474,119.41406,174451,
previous_runs,huai_an_2,2024-06-01,2024-06-30,ok,33.91474,119.41406,170109,
previous_runs,huai_an_2,2024-07-01,2024-07-31,ok,33.91474,119.41406,174817,
previous_runs,huai_an_2,2024-09-01,2024-09-30,ok,33.91474,119.41406,166828,
previous_runs,huai_an_2,2024-10-01,2024-10-31,ok,33.91474,119.41406,169319,
previous_runs,huai_an_2,2024-08-01,2024-08-31,ok,33.91474,119.41406,173792,
previous_runs,huai_an_2,2024-11-01,2024-11-30,ok,33.91474,119.41406,162256,
previous_runs,huai_an_2,2025-01-01,2025-01-31,ok,33.91474,119.41406,168817,
previous_runs,huai_an_2,2024-12-01,2024-12-31,ok,33.91474,119.41406,167935,
previous_runs,huai_an_2,2025-02-01,2025-02-28,ok,33.91474,119.41406,154465,
previous_runs,huai_an_2,2025-03-01,2025-03-31,ok,33.91474,119.41406,170435,
previous_runs,huai_an_2,2025-05-01,2025-05-31,ok,33.91474,119.41406,174533,
previous_runs,huai_an_2,2025-04-01,2025-04-30,ok,33.91474,119.41406,168105,
previous_runs,huai_an_2,2025-06-01,2025-06-30,ok,33.91474,119.41406,169520,
previous_runs,huai_an_2,2025-07-01,2025-07-31,ok,33.91474,119.41406,174804,
previous_runs,huai_an_2,2025-08-01,2025-08-31,ok,33.91474,119.41406,173777,
previous_runs,huai_an_2,2025-09-01,2025-09-30,ok,33.91474,119.41406,165241,
previous_runs,huai_an_2,2025-10-01,2025-10-31,ok,33.91474,119.41406,169321,
previous_runs,huai_an_2,2025-11-01,2025-11-30,ok,33.91474,119.41406,162038,
previous_runs,huai_an_2,2025-12-01,2025-12-31,ok,33.91474,119.41406,166961,
previous_runs,xuzhou_2,2024-02-01,2024-02-29,ok,34.26619,117.421875,158602,
previous_runs,huai_an_2,2026-01-01,2026-01-31,ok,33.91474,119.41406,168337,
previous_runs,xuzhou_2,2024-03-01,2024-03-31,ok,34.26619,117.421875,169942,
previous_runs,xuzhou_2,2024-04-01,2024-04-30,ok,34.26619,117.421875,167632,
previous_runs,xuzhou_2,2024-05-01,2024-05-31,fail,,,,重试耗尽
previous_runs,xuzhou_2,2024-06-01,2024-06-30,fail,,,,重试耗尽
previous_runs,xuzhou_2,2024-09-01,2024-09-30,ok,34.26619,117.421875,166438,
previous_runs,xuzhou_2,2024-07-01,2024-07-31,fail,,,,重试耗尽
previous_runs,xuzhou_2,2024-08-01,2024-08-31,fail,,,,重试耗尽
previous_runs,xuzhou_2,2024-10-01,2024-10-31,ok,34.26619,117.421875,169224,
previous_runs,xuzhou_2,2024-11-01,2024-11-30,ok,34.26619,117.421875,162420,
previous_runs,xuzhou_2,2024-12-01,2024-12-31,ok,34.26619,117.421875,167981,
previous_runs,xuzhou_2,2025-01-01,2025-01-31,ok,34.26619,117.421875,168535,
previous_runs,xuzhou_2,2025-02-01,2025-02-28,ok,34.26619,117.421875,154588,
previous_runs,xuzhou_2,2025-03-01,2025-03-31,ok,34.26619,117.421875,170925,
previous_runs,xuzhou_2,2025-04-01,2025-04-30,ok,34.26619,117.421875,168026,
previous_runs,xuzhou_2,2025-05-01,2025-05-31,ok,34.26619,117.421875,174015,
previous_runs,xuzhou_2,2025-06-01,2025-06-30,ok,34.26619,117.421875,169180,
previous_runs,xuzhou_2,2025-07-01,2025-07-31,ok,34.26619,117.421875,174094,
previous_runs,xuzhou_2,2025-08-01,2025-08-31,ok,34.26619,117.421875,173276,
previous_runs,xuzhou_2,2025-10-01,2025-10-31,ok,34.26619,117.421875,168704,
previous_runs,xuzhou_2,2025-09-01,2025-09-30,ok,34.26619,117.421875,165055,
previous_runs,xuzhou_2,2025-12-01,2025-12-31,ok,34.26619,117.421875,167153,
previous_runs,xuzhou_2,2025-11-01,2025-11-30,ok,34.26619,117.421875,162075,
previous_runs,xuzhou_2,2026-01-01,2026-01-31,ok,34.26619,117.421875,168172,
previous_runs,huai_an_3,2024-02-01,2024-02-29,ok,33.094696,118.59375,157535,
previous_runs,huai_an_3,2024-03-01,2024-03-31,ok,33.094696,118.59375,169922,
previous_runs,huai_an_3,2024-04-01,2024-04-30,ok,33.094696,118.59375,168149,
previous_runs,huai_an_3,2024-06-01,2024-06-30,ok,33.094696,118.59375,170260,
previous_runs,huai_an_3,2024-05-01,2024-05-31,ok,33.094696,118.59375,174455,
previous_runs,huai_an_3,2024-07-01,2024-07-31,ok,33.094696,118.59375,174450,
previous_runs,huai_an_3,2024-10-01,2024-10-31,ok,33.094696,118.59375,169764,
previous_runs,huai_an_3,2024-08-01,2024-08-31,ok,33.094696,118.59375,173850,
previous_runs,huai_an_3,2024-09-01,2024-09-30,ok,33.094696,118.59375,167026,
previous_runs,huai_an_3,2024-11-01,2024-11-30,ok,33.094696,118.59375,162339,
previous_runs,huai_an_3,2024-12-01,2024-12-31,ok,33.094696,118.59375,167292,
previous_runs,huai_an_3,2025-02-01,2025-02-28,ok,33.094696,118.59375,154666,
previous_runs,huai_an_3,2025-01-01,2025-01-31,ok,33.094696,118.59375,168905,
previous_runs,huai_an_3,2025-03-01,2025-03-31,ok,33.094696,118.59375,170361,
previous_runs,huai_an_3,2025-05-01,2025-05-31,ok,33.094696,118.59375,174696,
previous_runs,huai_an_3,2025-04-01,2025-04-30,ok,33.094696,118.59375,168667,
previous_runs,huai_an_3,2025-06-01,2025-06-30,ok,33.094696,118.59375,169444,
previous_runs,huai_an_3,2025-07-01,2025-07-31,ok,33.094696,118.59375,174514,
previous_runs,huai_an_3,2025-08-01,2025-08-31,ok,33.094696,118.59375,173518,
previous_runs,huai_an_3,2025-09-01,2025-09-30,ok,33.094696,118.59375,165761,
previous_runs,huai_an_3,2025-11-01,2025-11-30,ok,33.094696,118.59375,162629,
previous_runs,huai_an_3,2025-10-01,2025-10-31,ok,33.094696,118.59375,169797,
previous_runs,huai_an_3,2025-12-01,2025-12-31,ok,33.094696,118.59375,167518,
previous_runs,huai_an_3,2026-01-01,2026-01-31,ok,33.094696,118.59375,168473,
previous_runs,yancheng_1,2024-02-01,2024-02-29,ok,33.91474,119.765625,158038,
previous_runs,yancheng_1,2024-03-01,2024-03-31,ok,33.91474,119.765625,169628,
previous_runs,yancheng_1,2024-04-01,2024-04-30,ok,33.91474,119.765625,167899,
previous_runs,yancheng_1,2024-05-01,2024-05-31,ok,33.91474,119.765625,174434,
previous_runs,yancheng_1,2024-07-01,2024-07-31,ok,33.91474,119.765625,175128,
previous_runs,yancheng_1,2024-08-01,2024-08-31,ok,33.91474,119.765625,173803,
previous_runs,yancheng_1,2024-06-01,2024-06-30,ok,33.91474,119.765625,170279,
previous_runs,yancheng_1,2024-09-01,2024-09-30,ok,33.91474,119.765625,166685,
previous_runs,yancheng_1,2024-11-01,2024-11-30,ok,33.91474,119.765625,162137,
previous_runs,yancheng_1,2024-10-01,2024-10-31,ok,33.91474,119.765625,169392,
previous_runs,yancheng_1,2024-12-01,2024-12-31,ok,33.91474,119.765625,168137,
previous_runs,yancheng_1,2025-01-01,2025-01-31,ok,33.91474,119.765625,169013,
previous_runs,yancheng_1,2025-02-01,2025-02-28,ok,33.91474,119.765625,154458,
previous_runs,yancheng_1,2025-03-01,2025-03-31,ok,33.91474,119.765625,170255,
previous_runs,yancheng_1,2025-04-01,2025-04-30,ok,33.91474,119.765625,168021,
previous_runs,yancheng_1,2025-05-01,2025-05-31,ok,33.91474,119.765625,174568,
previous_runs,yancheng_1,2025-06-01,2025-06-30,ok,33.91474,119.765625,169483,
previous_runs,yancheng_1,2025-07-01,2025-07-31,ok,33.91474,119.765625,174905,
previous_runs,yancheng_1,2025-08-01,2025-08-31,ok,33.91474,119.765625,173887,
previous_runs,yancheng_1,2025-09-01,2025-09-30,ok,33.91474,119.765625,165277,
previous_runs,yancheng_1,2025-10-01,2025-10-31,ok,33.91474,119.765625,169506,
previous_runs,yancheng_1,2025-11-01,2025-11-30,fail,,,,重试耗尽
previous_runs,yancheng_1,2025-12-01,2025-12-31,fail,,,,重试耗尽
previous_runs,yancheng_1,2026-01-01,2026-01-31,fail,,,,重试耗尽
previous_runs,lianyungang_1,2024-02-01,2024-02-29,fail,,,,重试耗尽
previous_runs,lianyungang_1,2024-03-01,2024-03-31,ok,34.734787,118.59375,169824,
previous_runs,lianyungang_1,2024-04-01,2024-04-30,ok,34.734787,118.59375,167423,
previous_runs,lianyungang_1,2024-05-01,2024-05-31,ok,34.734787,118.59375,174060,
previous_runs,lianyungang_1,2024-06-01,2024-06-30,ok,34.734787,118.59375,168918,
previous_runs,lianyungang_1,2024-07-01,2024-07-31,ok,34.734787,118.59375,172515,
previous_runs,lianyungang_1,2024-08-01,2024-08-31,ok,34.734787,118.59375,172085,
previous_runs,lianyungang_1,2024-09-01,2024-09-30,ok,34.734787,118.59375,166118,
previous_runs,lianyungang_1,2024-10-01,2024-10-31,ok,34.734787,118.59375,168871,
previous_runs,lianyungang_1,2024-11-01,2024-11-30,ok,34.734787,118.59375,162209,
previous_runs,lianyungang_1,2024-12-01,2024-12-31,ok,34.734787,118.59375,168510,
previous_runs,lianyungang_1,2025-02-01,2025-02-28,ok,34.734787,118.59375,154603,
previous_runs,lianyungang_1,2025-01-01,2025-01-31,ok,34.734787,118.59375,168662,
previous_runs,lianyungang_1,2025-04-01,2025-04-30,ok,34.734787,118.59375,167680,
previous_runs,lianyungang_1,2025-03-01,2025-03-31,ok,34.734787,118.59375,170877,
previous_runs,lianyungang_1,2025-05-01,2025-05-31,ok,34.734787,118.59375,173710,
previous_runs,lianyungang_1,2025-06-01,2025-06-30,ok,34.734787,118.59375,168198,
previous_runs,lianyungang_1,2025-08-01,2025-08-31,ok,34.734787,118.59375,172626,
previous_runs,lianyungang_1,2025-07-01,2025-07-31,ok,34.734787,118.59375,173427,
previous_runs,lianyungang_1,2025-09-01,2025-09-30,ok,34.734787,118.59375,165170,
previous_runs,lianyungang_1,2025-11-01,2025-11-30,ok,34.734787,118.59375,161909,
previous_runs,lianyungang_1,2025-10-01,2025-10-31,ok,34.734787,118.59375,168483,
previous_runs,lianyungang_1,2025-12-01,2025-12-31,ok,34.734787,118.59375,167348,
previous_runs,lianyungang_1,2026-01-01,2026-01-31,ok,34.734787,118.59375,168465,
previous_runs,yancheng_2,2024-03-01,2024-03-31,ok,33.094696,120.58594,169556,
previous_runs,yancheng_2,2024-02-01,2024-02-29,ok,33.094696,120.58594,156511,
previous_runs,yancheng_2,2024-04-01,2024-04-30,ok,33.094696,120.58594,167903,
previous_runs,yancheng_2,2024-05-01,2024-05-31,ok,33.094696,120.58594,174432,
previous_runs,yancheng_2,2024-06-01,2024-06-30,ok,33.094696,120.58594,170527,
previous_runs,yancheng_2,2024-09-01,2024-09-30,ok,33.094696,120.58594,166972,
previous_runs,yancheng_2,2024-08-01,2024-08-31,ok,33.094696,120.58594,174179,
previous_runs,yancheng_2,2024-07-01,2024-07-31,ok,33.094696,120.58594,175299,
previous_runs,yancheng_2,2024-10-01,2024-10-31,ok,33.094696,120.58594,169547,
previous_runs,yancheng_2,2025-01-01,2025-01-31,ok,33.094696,120.58594,168906,
previous_runs,yancheng_2,2024-12-01,2024-12-31,ok,33.094696,120.58594,167461,
previous_runs,yancheng_2,2024-11-01,2024-11-30,ok,33.094696,120.58594,162167,
previous_runs,yancheng_2,2025-03-01,2025-03-31,ok,33.094696,120.58594,169820,
previous_runs,yancheng_2,2025-02-01,2025-02-28,ok,33.094696,120.58594,154292,
previous_runs,yancheng_2,2025-04-01,2025-04-30,ok,33.094696,120.58594,167822,
previous_runs,yancheng_2,2025-05-01,2025-05-31,ok,33.094696,120.58594,174826,
previous_runs,yancheng_2,2025-06-01,2025-06-30,ok,33.094696,120.58594,169287,
previous_runs,yancheng_2,2025-07-01,2025-07-31,ok,33.094696,120.58594,174517,
previous_runs,yancheng_2,2025-09-01,2025-09-30,ok,33.094696,120.58594,166344,
previous_runs,yancheng_2,2025-08-01,2025-08-31,ok,33.094696,120.58594,173776,
previous_runs,yancheng_2,2025-11-01,2025-11-30,ok,33.094696,120.58594,162306,
previous_runs,yancheng_2,2025-12-01,2025-12-31,ok,33.094696,120.58594,166869,
previous_runs,yancheng_2,2026-01-01,2026-01-31,ok,33.094696,120.58594,168074,
previous_runs,yancheng_3,2024-02-01,2024-02-29,ok,33.094696,119.765625,156764,
previous_runs,yancheng_3,2024-03-01,2024-03-31,ok,33.094696,119.765625,169363,
previous_runs,yancheng_3,2024-04-01,2024-04-30,ok,33.094696,119.765625,167432,
previous_runs,yancheng_3,2024-05-01,2024-05-31,ok,33.094696,119.765625,174024,
previous_runs,yancheng_3,2024-06-01,2024-06-30,ok,33.094696,119.765625,170219,
previous_runs,yancheng_3,2024-08-01,2024-08-31,ok,33.094696,119.765625,173271,
previous_runs,yancheng_3,2024-07-01,2024-07-31,ok,33.094696,119.765625,174905,
previous_runs,yancheng_3,2024-09-01,2024-09-30,ok,33.094696,119.765625,166484,
previous_runs,yancheng_3,2024-10-01,2024-10-31,ok,33.094696,119.765625,169034,
previous_runs,yancheng_3,2024-11-01,2024-11-30,ok,33.094696,119.765625,161468,
previous_runs,yancheng_3,2024-12-01,2024-12-31,ok,33.094696,119.765625,166824,
previous_runs,yancheng_3,2025-01-01,2025-01-31,ok,33.094696,119.765625,168638,
previous_runs,yancheng_3,2025-02-01,2025-02-28,ok,33.094696,119.765625,154181,
previous_runs,yancheng_3,2025-03-01,2025-03-31,ok,33.094696,119.765625,169809,
previous_runs,yancheng_3,2025-04-01,2025-04-30,ok,33.094696,119.765625,167969,
previous_runs,yancheng_3,2025-05-01,2025-05-31,fail,,,,重试耗尽
previous_runs,yancheng_3,2025-06-01,2025-06-30,fail,,,,重试耗尽
previous_runs,yancheng_3,2025-09-01,2025-09-30,ok,33.094696,119.765625,165536,
previous_runs,yancheng_3,2025-07-01,2025-07-31,fail,,,,重试耗尽
previous_runs,yancheng_3,2025-08-01,2025-08-31,ok,33.094696,119.765625,173047,
previous_runs,yancheng_3,2025-10-01,2025-10-31,ok,33.094696,119.765625,169319,
previous_runs,yancheng_3,2025-11-01,2025-11-30,ok,33.094696,119.765625,161814,
previous_runs,yancheng_3,2025-12-01,2025-12-31,ok,33.094696,119.765625,166751,
previous_runs,yancheng_3,2026-01-01,2026-01-31,ok,33.094696,119.765625,167929,
previous_runs,lianyungang_2,2024-02-01,2024-02-29,ok,34.734787,119.41406,156850,
previous_runs,lianyungang_2,2024-03-01,2024-03-31,ok,34.734787,119.41406,167133,
previous_runs,lianyungang_2,2024-04-01,2024-04-30,ok,34.734787,119.41406,164258,
previous_runs,lianyungang_2,2024-05-01,2024-05-31,ok,34.734787,119.41406,171726,
previous_runs,lianyungang_2,2024-06-01,2024-06-30,ok,34.734787,119.41406,168383,
previous_runs,lianyungang_2,2024-07-01,2024-07-31,ok,34.734787,119.41406,172470,
previous_runs,lianyungang_2,2024-08-01,2024-08-31,ok,34.734787,119.41406,171400,
previous_runs,lianyungang_2,2024-09-01,2024-09-30,ok,34.734787,119.41406,164434,
previous_runs,lianyungang_2,2024-11-01,2024-11-30,ok,34.734787,119.41406,160520,
previous_runs,lianyungang_2,2024-10-01,2024-10-31,ok,34.734787,119.41406,166961,
previous_runs,lianyungang_2,2024-12-01,2024-12-31,ok,34.734787,119.41406,166251,
previous_runs,lianyungang_2,2025-01-01,2025-01-31,ok,34.734787,119.41406,166530,
previous_runs,lianyungang_2,2025-02-01,2025-02-28,ok,34.734787,119.41406,152736,
previous_runs,lianyungang_2,2025-03-01,2025-03-31,ok,34.734787,119.41406,168012,
previous_runs,lianyungang_2,2025-04-01,2025-04-30,ok,34.734787,119.41406,165217,
previous_runs,lianyungang_2,2025-05-01,2025-05-31,ok,34.734787,119.41406,172086,
previous_runs,lianyungang_2,2025-06-01,2025-06-30,ok,34.734787,119.41406,167641,
previous_runs,lianyungang_2,2025-07-01,2025-07-31,ok,34.734787,119.41406,173145,
previous_runs,lianyungang_2,2025-08-01,2025-08-31,ok,34.734787,119.41406,171760,
previous_runs,lianyungang_2,2025-09-01,2025-09-30,ok,34.734787,119.41406,163196,
previous_runs,lianyungang_2,2025-11-01,2025-11-30,ok,34.734787,119.41406,160011,
previous_runs,lianyungang_2,2025-10-01,2025-10-31,ok,34.734787,119.41406,167048,
previous_runs,lianyungang_2,2025-12-01,2025-12-31,ok,34.734787,119.41406,164795,
previous_runs,lianyungang_2,2026-01-01,2026-01-31,ok,34.734787,119.41406,166665,
satellite,changzhou_1,2024-02-01,2024-02-29,ok,31.5,119.8,29719,
satellite,changzhou_1,2024-03-01,2024-03-31,ok,31.5,119.8,32409,
satellite,changzhou_1,2024-04-01,2024-04-30,ok,31.5,119.8,31346,
satellite,changzhou_1,2024-05-01,2024-05-31,ok,31.5,119.8,33061,
satellite,changzhou_1,2024-06-01,2024-06-30,ok,31.5,119.8,31634,
satellite,changzhou_1,2024-07-01,2024-07-31,ok,31.5,119.8,32917,
satellite,changzhou_1,2024-08-01,2024-08-31,ok,31.5,119.8,32889,
satellite,changzhou_1,2024-09-01,2024-09-30,ok,31.5,119.8,31591,
previous_runs,yancheng_2,2025-10-01,2025-10-31,ok,33.094696,120.58594,169929,
satellite,changzhou_1,2024-10-01,2024-10-31,ok,31.5,119.8,32113,
satellite,changzhou_1,2024-11-01,2024-11-30,ok,31.5,119.8,31017,
satellite,changzhou_1,2024-12-01,2024-12-31,ok,31.5,119.8,32113,
satellite,changzhou_1,2025-01-01,2025-01-31,ok,31.5,119.8,32243,
satellite,changzhou_1,2025-02-01,2025-02-28,ok,31.5,119.8,29228,
satellite,changzhou_1,2025-04-01,2025-04-30,ok,31.5,119.8,31919,
satellite,changzhou_1,2025-03-01,2025-03-31,ok,31.5,119.8,32463,
satellite,changzhou_1,2025-06-01,2025-06-30,ok,31.5,119.8,31631,
satellite,changzhou_1,2025-05-01,2025-05-31,ok,31.5,119.8,32985,
satellite,changzhou_1,2025-08-01,2025-08-31,ok,31.5,119.8,33053,
satellite,changzhou_1,2025-09-01,2025-09-30,ok,31.5,119.8,31475,
satellite,changzhou_1,2025-07-01,2025-07-31,ok,31.5,119.8,33197,
satellite,changzhou_1,2025-10-01,2025-10-31,ok,31.5,119.8,32188,
satellite,changzhou_1,2025-11-01,2025-11-30,ok,31.5,119.8,31253,
satellite,changzhou_1,2026-01-01,2026-01-31,ok,31.5,119.8,32118,
satellite,changzhou_1,2025-12-01,2025-12-31,ok,31.5,119.8,32161,
satellite,nanjing_1,2024-02-01,2024-02-29,ok,31.900002,118.600006,29811,
satellite,nanjing_1,2024-03-01,2024-03-31,ok,31.900002,118.600006,32376,
satellite,nanjing_1,2024-04-01,2024-04-30,ok,31.900002,118.600006,31454,
satellite,nanjing_1,2024-06-01,2024-06-30,ok,31.900002,118.600006,31816,
satellite,nanjing_1,2024-05-01,2024-05-31,ok,31.900002,118.600006,33071,
satellite,nanjing_1,2024-07-01,2024-07-31,ok,31.900002,118.600006,32927,
satellite,nanjing_1,2024-08-01,2024-08-31,ok,31.900002,118.600006,32995,
satellite,nanjing_1,2024-09-01,2024-09-30,ok,31.900002,118.600006,31577,
satellite,nanjing_1,2024-10-01,2024-10-31,ok,31.900002,118.600006,32235,
satellite,nanjing_1,2024-11-01,2024-11-30,ok,31.900002,118.600006,31084,
satellite,nanjing_1,2025-01-01,2025-01-31,ok,31.900002,118.600006,32253,
satellite,nanjing_1,2024-12-01,2024-12-31,ok,31.900002,118.600006,32165,
satellite,nanjing_1,2025-02-01,2025-02-28,ok,31.900002,118.600006,29262,
satellite,nanjing_1,2025-03-01,2025-03-31,ok,31.900002,118.600006,32495,
satellite,nanjing_1,2025-04-01,2025-04-30,ok,31.900002,118.600006,31951,
satellite,nanjing_1,2025-05-01,2025-05-31,ok,31.900002,118.600006,33040,
satellite,nanjing_1,2025-06-01,2025-06-30,ok,31.900002,118.600006,31604,
satellite,nanjing_1,2025-07-01,2025-07-31,ok,31.900002,118.600006,33247,
satellite,nanjing_1,2025-08-01,2025-08-31,ok,31.900002,118.600006,32992,
satellite,nanjing_1,2025-10-01,2025-10-31,ok,31.900002,118.600006,32171,
satellite,nanjing_1,2025-09-01,2025-09-30,ok,31.900002,118.600006,31429,
satellite,nanjing_1,2025-11-01,2025-11-30,ok,31.900002,118.600006,31165,
satellite,nanjing_1,2025-12-01,2025-12-31,ok,31.900002,118.600006,32187,
satellite,nanjing_1,2026-01-01,2026-01-31,ok,31.900002,118.600006,32105,
satellite,suzhou_1,2024-02-01,2024-02-29,ok,31.5,121.0,29731,
satellite,suzhou_1,2024-03-01,2024-03-31,ok,31.5,121.0,32527,
satellite,suzhou_1,2024-04-01,2024-04-30,ok,31.5,121.0,31377,
satellite,suzhou_1,2024-05-01,2024-05-31,ok,31.5,121.0,33102,
satellite,suzhou_1,2024-06-01,2024-06-30,ok,31.5,121.0,31611,
satellite,suzhou_1,2024-07-01,2024-07-31,ok,31.5,121.0,33034,
satellite,suzhou_1,2024-08-01,2024-08-31,ok,31.5,121.0,33077,
satellite,suzhou_1,2024-09-01,2024-09-30,ok,31.5,121.0,31514,
satellite,suzhou_1,2024-10-01,2024-10-31,ok,31.5,121.0,32079,
satellite,suzhou_1,2024-11-01,2024-11-30,ok,31.5,121.0,31055,
satellite,suzhou_1,2024-12-01,2024-12-31,ok,31.5,121.0,32062,
satellite,suzhou_1,2025-01-01,2025-01-31,ok,31.5,121.0,32276,
satellite,suzhou_1,2025-03-01,2025-03-31,ok,31.5,121.0,32462,
satellite,suzhou_1,2025-02-01,2025-02-28,ok,31.5,121.0,29202,
satellite,suzhou_1,2025-04-01,2025-04-30,ok,31.5,121.0,31984,
satellite,suzhou_1,2025-05-01,2025-05-31,ok,31.5,121.0,32989,
satellite,suzhou_1,2025-06-01,2025-06-30,ok,31.5,121.0,31712,
satellite,suzhou_1,2025-07-01,2025-07-31,ok,31.5,121.0,33249,
satellite,suzhou_1,2025-08-01,2025-08-31,ok,31.5,121.0,32992,
satellite,suzhou_1,2025-10-01,2025-10-31,ok,31.5,121.0,32286,
satellite,suzhou_1,2025-09-01,2025-09-30,ok,31.5,121.0,31584,
satellite,suzhou_1,2025-12-01,2025-12-31,ok,31.5,121.0,32168,
satellite,suzhou_1,2025-11-01,2025-11-30,ok,31.5,121.0,31238,
satellite,suzhou_1,2026-01-01,2026-01-31,ok,31.5,121.0,32141,
satellite,wuxi_1,2024-02-01,2024-02-29,ok,31.099998,120.2,29667,
satellite,wuxi_1,2024-03-01,2024-03-31,ok,31.099998,120.2,32409,
satellite,wuxi_1,2024-04-01,2024-04-30,ok,31.099998,120.2,31321,
satellite,wuxi_1,2024-05-01,2024-05-31,ok,31.099998,120.2,32996,
satellite,wuxi_1,2024-06-01,2024-06-30,ok,31.099998,120.2,31483,
satellite,wuxi_1,2024-07-01,2024-07-31,ok,31.099998,120.2,33025,
satellite,wuxi_1,2024-08-01,2024-08-31,ok,31.099998,120.2,33053,
satellite,wuxi_1,2024-09-01,2024-09-30,ok,31.099998,120.2,31555,
satellite,wuxi_1,2024-10-01,2024-10-31,ok,31.099998,120.2,32018,
satellite,wuxi_1,2024-11-01,2024-11-30,ok,31.099998,120.2,31047,
satellite,wuxi_1,2024-12-01,2024-12-31,ok,31.099998,120.2,32059,
satellite,wuxi_1,2025-01-01,2025-01-31,ok,31.099998,120.2,32277,
satellite,wuxi_1,2025-02-01,2025-02-28,ok,31.099998,120.2,29147,
satellite,wuxi_1,2025-03-01,2025-03-31,ok,31.099998,120.2,32354,
satellite,wuxi_1,2025-04-01,2025-04-30,ok,31.099998,120.2,31847,
satellite,wuxi_1,2025-05-01,2025-05-31,ok,31.099998,120.2,32941,
satellite,wuxi_1,2025-06-01,2025-06-30,ok,31.099998,120.2,31621,
satellite,wuxi_1,2025-07-01,2025-07-31,ok,31.099998,120.2,33123,
satellite,wuxi_1,2025-08-01,2025-08-31,ok,31.099998,120.2,33069,
satellite,wuxi_1,2025-09-01,2025-09-30,ok,31.099998,120.2,31509,
satellite,wuxi_1,2025-10-01,2025-10-31,ok,31.099998,120.2,32230,
satellite,wuxi_1,2025-11-01,2025-11-30,ok,31.099998,120.2,31153,
satellite,wuxi_1,2025-12-01,2025-12-31,ok,31.099998,120.2,32125,
satellite,wuxi_1,2026-01-01,2026-01-31,ok,31.099998,120.2,32031,
satellite,nanjing_2,2024-02-01,2024-02-29,ok,31.5,119.0,29737,
satellite,nanjing_2,2024-03-01,2024-03-31,ok,31.5,119.0,32354,
satellite,nanjing_2,2024-04-01,2024-04-30,ok,31.5,119.0,31348,
satellite,nanjing_2,2024-05-01,2024-05-31,ok,31.5,119.0,33052,
satellite,nanjing_2,2024-06-01,2024-06-30,ok,31.5,119.0,31687,
satellite,nanjing_2,2024-07-01,2024-07-31,ok,31.5,119.0,32889,
satellite,nanjing_2,2024-08-01,2024-08-31,ok,31.5,119.0,32987,
satellite,nanjing_2,2024-11-01,2024-11-30,ok,31.5,119.0,31029,
satellite,nanjing_2,2024-10-01,2024-10-31,ok,31.5,119.0,32132,
satellite,nanjing_2,2024-12-01,2024-12-31,ok,31.5,119.0,32148,
satellite,nanjing_2,2024-09-01,2024-09-30,ok,31.5,119.0,31622,
satellite,nanjing_2,2025-02-01,2025-02-28,ok,31.5,119.0,29215,
satellite,nanjing_2,2025-01-01,2025-01-31,ok,31.5,119.0,32225,
satellite,nanjing_2,2025-04-01,2025-04-30,ok,31.5,119.0,31918,
satellite,nanjing_2,2025-06-01,2025-06-30,ok,31.5,119.0,31599,
satellite,nanjing_2,2025-05-01,2025-05-31,ok,31.5,119.0,33025,
satellite,nanjing_2,2025-07-01,2025-07-31,ok,31.5,119.0,33250,
satellite,nanjing_2,2025-09-01,2025-09-30,ok,31.5,119.0,31488,
satellite,nanjing_2,2025-03-01,2025-03-31,ok,31.5,119.0,32479,
satellite,nanjing_2,2025-08-01,2025-08-31,ok,31.5,119.0,33031,
satellite,nanjing_2,2025-10-01,2025-10-31,ok,31.5,119.0,32219,
satellite,nanjing_2,2026-01-01,2026-01-31,ok,31.5,119.0,32077,
satellite,nanjing_2,2025-11-01,2025-11-30,ok,31.5,119.0,31199,
satellite,nanjing_2,2025-12-01,2025-12-31,ok,31.5,119.0,32159,
satellite,taizhou_1,2024-02-01,2024-02-29,ok,32.700005,119.8,29807,
satellite,taizhou_1,2024-03-01,2024-03-31,ok,32.700005,119.8,32464,
satellite,taizhou_1,2024-04-01,2024-04-30,ok,32.700005,119.8,31542,
satellite,taizhou_1,2024-05-01,2024-05-31,ok,32.700005,119.8,33113,
satellite,taizhou_1,2024-06-01,2024-06-30,ok,32.700005,119.8,31901,
satellite,taizhou_1,2024-08-01,2024-08-31,ok,32.700005,119.8,32998,
satellite,taizhou_1,2024-07-01,2024-07-31,ok,32.700005,119.8,32996,
satellite,taizhou_1,2024-09-01,2024-09-30,ok,32.700005,119.8,31668,
satellite,taizhou_1,2024-10-01,2024-10-31,ok,32.700005,119.8,32179,
satellite,taizhou_1,2024-11-01,2024-11-30,ok,32.700005,119.8,31126,
satellite,taizhou_1,2024-12-01,2024-12-31,ok,32.700005,119.8,32144,
satellite,taizhou_1,2025-01-01,2025-01-31,ok,32.700005,119.8,32279,
satellite,taizhou_1,2025-02-01,2025-02-28,ok,32.700005,119.8,29331,
satellite,taizhou_1,2025-03-01,2025-03-31,ok,32.700005,119.8,32545,
satellite,taizhou_1,2025-04-01,2025-04-30,ok,32.700005,119.8,32018,
satellite,taizhou_1,2025-05-01,2025-05-31,ok,32.700005,119.8,33063,
satellite,taizhou_1,2025-06-01,2025-06-30,ok,32.700005,119.8,31803,
satellite,taizhou_1,2025-07-01,2025-07-31,ok,32.700005,119.8,33287,
satellite,taizhou_1,2025-08-01,2025-08-31,ok,32.700005,119.8,32963,
satellite,taizhou_1,2025-10-01,2025-10-31,ok,32.700005,119.8,32187,
satellite,taizhou_1,2025-09-01,2025-09-30,ok,32.700005,119.8,31407,
satellite,taizhou_1,2026-01-01,2026-01-31,ok,32.700005,119.8,32108,
satellite,taizhou_1,2025-12-01,2025-12-31,ok,32.700005,119.8,32156,
satellite,taizhou_2,2024-02-01,2024-02-29,ok,32.700005,120.600006,29803,
satellite,taizhou_1,2025-11-01,2025-11-30,ok,32.700005,119.8,31240,
satellite,taizhou_2,2024-05-01,2024-05-31,ok,32.700005,120.600006,33092,
satellite,taizhou_2,2024-04-01,2024-04-30,ok,32.700005,120.600006,31510,
satellite,taizhou_2,2024-03-01,2024-03-31,ok,32.700005,120.600006,32451,
satellite,taizhou_2,2024-06-01,2024-06-30,ok,32.700005,120.600006,31870,
satellite,taizhou_2,2024-08-01,2024-08-31,ok,32.700005,120.600006,33055,
satellite,taizhou_2,2024-07-01,2024-07-31,ok,32.700005,120.600006,32982,
satellite,taizhou_2,2024-09-01,2024-09-30,ok,32.700005,120.600006,31634,
satellite,taizhou_2,2024-10-01,2024-10-31,ok,32.700005,120.600006,32178,
satellite,taizhou_2,2024-11-01,2024-11-30,ok,32.700005,120.600006,31109,
satellite,taizhou_2,2024-12-01,2024-12-31,ok,32.700005,120.600006,32153,
satellite,taizhou_2,2025-02-01,2025-02-28,ok,32.700005,120.600006,29301,
satellite,taizhou_2,2025-03-01,2025-03-31,ok,32.700005,120.600006,32560,
satellite,taizhou_2,2025-04-01,2025-04-30,ok,32.700005,120.600006,32015,
satellite,taizhou_2,2025-01-01,2025-01-31,ok,32.700005,120.600006,32284,
satellite,taizhou_2,2025-05-01,2025-05-31,ok,32.700005,120.600006,32998,
satellite,taizhou_2,2025-06-01,2025-06-30,ok,32.700005,120.600006,31743,
satellite,taizhou_2,2025-07-01,2025-07-31,ok,32.700005,120.600006,33330,
satellite,taizhou_2,2025-08-01,2025-08-31,ok,32.700005,120.600006,32891,
satellite,taizhou_2,2025-09-01,2025-09-30,ok,32.700005,120.600006,31506,
satellite,taizhou_2,2025-11-01,2025-11-30,ok,32.700005,120.600006,31264,
satellite,taizhou_2,2025-10-01,2025-10-31,ok,32.700005,120.600006,32215,
satellite,taizhou_2,2025-12-01,2025-12-31,ok,32.700005,120.600006,32164,
satellite,nantong_1,2024-02-01,2024-02-29,ok,31.900002,121.0,29751,
satellite,nantong_1,2024-03-01,2024-03-31,ok,31.900002,121.0,32503,
satellite,nantong_1,2024-04-01,2024-04-30,ok,31.900002,121.0,31413,
satellite,taizhou_2,2026-01-01,2026-01-31,ok,32.700005,120.600006,32131,
satellite,nantong_1,2024-05-01,2024-05-31,ok,31.900002,121.0,33121,
satellite,nantong_1,2024-06-01,2024-06-30,ok,31.900002,121.0,31707,
satellite,nantong_1,2024-07-01,2024-07-31,ok,31.900002,121.0,33026,
satellite,nantong_1,2024-08-01,2024-08-31,ok,31.900002,121.0,33128,
satellite,nantong_1,2024-10-01,2024-10-31,ok,31.900002,121.0,32147,
satellite,nantong_1,2024-11-01,2024-11-30,ok,31.900002,121.0,31060,
satellite,nantong_1,2024-09-01,2024-09-30,ok,31.900002,121.0,31592,
satellite,nantong_1,2024-12-01,2024-12-31,ok,31.900002,121.0,32092,
satellite,nantong_1,2025-01-01,2025-01-31,ok,31.900002,121.0,32286,
satellite,nantong_1,2025-02-01,2025-02-28,ok,31.900002,121.0,29233,
satellite,nantong_1,2025-03-01,2025-03-31,ok,31.900002,121.0,32502,
satellite,nantong_1,2025-04-01,2025-04-30,ok,31.900002,121.0,31997,
satellite,nantong_1,2025-05-01,2025-05-31,ok,31.900002,121.0,33030,
satellite,nantong_1,2025-06-01,2025-06-30,ok,31.900002,121.0,31730,
satellite,nantong_1,2025-07-01,2025-07-31,ok,31.900002,121.0,33302,
satellite,nantong_1,2025-08-01,2025-08-31,ok,31.900002,121.0,32998,
satellite,nantong_1,2025-09-01,2025-09-30,ok,31.900002,121.0,31630,
satellite,nantong_1,2025-11-01,2025-11-30,ok,31.900002,121.0,31270,
satellite,nantong_1,2025-10-01,2025-10-31,ok,31.900002,121.0,32323,
satellite,nantong_1,2025-12-01,2025-12-31,ok,31.900002,121.0,32186,
satellite,nantong_1,2026-01-01,2026-01-31,ok,31.900002,121.0,32122,
satellite,nantong_2,2024-02-01,2024-02-29,ok,31.900002,121.8,29770,
satellite,nantong_2,2024-05-01,2024-05-31,ok,31.900002,121.8,33120,
satellite,nantong_2,2024-06-01,2024-06-30,ok,31.900002,121.8,31698,
satellite,nantong_2,2024-07-01,2024-07-31,ok,31.900002,121.8,33069,
satellite,nantong_2,2024-08-01,2024-08-31,ok,31.900002,121.8,33227,
satellite,nantong_2,2024-10-01,2024-10-31,ok,31.900002,121.8,32180,
satellite,nantong_2,2024-11-01,2024-11-30,ok,31.900002,121.8,31030,
satellite,nantong_2,2024-12-01,2024-12-31,ok,31.900002,121.8,32011,
satellite,nantong_2,2024-03-01,2024-03-31,ok,31.900002,121.8,32508,
satellite,nantong_2,2025-02-01,2025-02-28,ok,31.900002,121.8,29232,
satellite,nantong_2,2024-09-01,2024-09-30,ok,31.900002,121.8,31563,
satellite,nantong_2,2025-03-01,2025-03-31,ok,31.900002,121.8,32507,
satellite,nantong_2,2025-04-01,2025-04-30,ok,31.900002,121.8,31955,
satellite,nantong_2,2025-06-01,2025-06-30,ok,31.900002,121.8,31683,
satellite,nantong_2,2025-07-01,2025-07-31,ok,31.900002,121.8,33273,
satellite,nantong_2,2025-01-01,2025-01-31,ok,31.900002,121.8,32274,
satellite,nantong_2,2025-08-01,2025-08-31,ok,31.900002,121.8,33110,
satellite,nantong_2,2025-10-01,2025-10-31,ok,31.900002,121.8,32314,
satellite,nantong_2,2025-05-01,2025-05-31,ok,31.900002,121.8,32994,
satellite,nantong_2,2024-04-01,2024-04-30,ok,31.900002,121.8,31354,
satellite,nantong_2,2025-11-01,2025-11-30,ok,31.900002,121.8,31267,
satellite,nantong_2,2025-09-01,2025-09-30,ok,31.900002,121.8,31592,
satellite,nantong_2,2025-12-01,2025-12-31,ok,31.900002,121.8,32136,
satellite,suqian_1,2024-02-01,2024-02-29,ok,33.9,118.2,29924,
satellite,suqian_1,2024-03-01,2024-03-31,ok,33.9,118.2,32530,
satellite,suqian_1,2024-05-01,2024-05-31,ok,33.9,118.2,33219,
satellite,suqian_1,2024-06-01,2024-06-30,ok,33.9,118.2,32196,
satellite,nantong_2,2026-01-01,2026-01-31,ok,31.900002,121.8,32121,
satellite,suqian_1,2024-04-01,2024-04-30,ok,33.9,118.2,31689,
satellite,suqian_1,2024-07-01,2024-07-31,ok,33.9,118.2,32751,
satellite,suqian_1,2024-08-01,2024-08-31,ok,33.9,118.2,33019,
satellite,suqian_1,2024-09-01,2024-09-30,ok,33.9,118.2,31620,
satellite,suqian_1,2024-10-01,2024-10-31,ok,33.9,118.2,32369,
satellite,suqian_1,2024-11-01,2024-11-30,ok,33.9,118.2,31118,
satellite,suqian_1,2024-12-01,2024-12-31,ok,33.9,118.2,32176,
satellite,suqian_1,2025-01-01,2025-01-31,ok,33.9,118.2,32196,
satellite,suqian_1,2025-02-01,2025-02-28,ok,33.9,118.2,29357,
satellite,suqian_1,2025-03-01,2025-03-31,ok,33.9,118.2,32615,
satellite,suqian_1,2025-04-01,2025-04-30,ok,33.9,118.2,32010,
satellite,suqian_1,2025-05-01,2025-05-31,ok,33.9,118.2,33088,
satellite,suqian_1,2025-06-01,2025-06-30,ok,33.9,118.2,31907,
satellite,suqian_1,2025-08-01,2025-08-31,ok,33.9,118.2,32830,
satellite,suqian_1,2025-09-01,2025-09-30,ok,33.9,118.2,31173,
satellite,suqian_1,2025-10-01,2025-10-31,ok,33.9,118.2,32024,
satellite,suqian_1,2025-07-01,2025-07-31,ok,33.9,118.2,33304,
satellite,suqian_1,2025-11-01,2025-11-30,ok,33.9,118.2,31253,
satellite,suqian_1,2025-12-01,2025-12-31,ok,33.9,118.2,32150,
satellite,suqian_1,2026-01-01,2026-01-31,ok,33.9,118.2,32111,
satellite,xuzhou_1,2024-02-01,2024-02-29,ok,34.700005,116.600006,30054,
satellite,xuzhou_1,2024-03-01,2024-03-31,ok,34.700005,116.600006,32555,
satellite,xuzhou_1,2024-04-01,2024-04-30,ok,34.700005,116.600006,31837,
satellite,xuzhou_1,2024-05-01,2024-05-31,ok,34.700005,116.600006,33280,
satellite,xuzhou_1,2024-06-01,2024-06-30,ok,34.700005,116.600006,32256,
satellite,xuzhou_1,2024-07-01,2024-07-31,ok,34.700005,116.600006,32852,
satellite,xuzhou_1,2024-08-01,2024-08-31,ok,34.700005,116.600006,32981,
satellite,xuzhou_1,2024-09-01,2024-09-30,ok,34.700005,116.600006,31528,
satellite,xuzhou_1,2024-10-01,2024-10-31,ok,34.700005,116.600006,32404,
satellite,xuzhou_1,2024-11-01,2024-11-30,ok,34.700005,116.600006,31112,
satellite,xuzhou_1,2024-12-01,2024-12-31,ok,34.700005,116.600006,32188,
satellite,xuzhou_1,2025-01-01,2025-01-31,ok,34.700005,116.600006,32177,
satellite,xuzhou_1,2025-02-01,2025-02-28,ok,34.700005,116.600006,29375,
satellite,xuzhou_1,2025-03-01,2025-03-31,ok,34.700005,116.600006,32645,
satellite,xuzhou_1,2025-04-01,2025-04-30,ok,34.700005,116.600006,32111,
satellite,xuzhou_1,2025-05-01,2025-05-31,ok,34.700005,116.600006,33247,
satellite,xuzhou_1,2025-06-01,2025-06-30,ok,34.700005,116.600006,32036,
satellite,xuzhou_1,2025-07-01,2025-07-31,ok,34.700005,116.600006,33391,
satellite,xuzhou_1,2025-08-01,2025-08-31,ok,34.700005,116.600006,32917,
satellite,xuzhou_1,2025-09-01,2025-09-30,ok,34.700005,116.600006,31223,
satellite,xuzhou_1,2025-10-01,2025-10-31,ok,34.700005,116.600006,31878,
satellite,xuzhou_1,2025-11-01,2025-11-30,ok,34.700005,116.600006,31262,
satellite,xuzhou_1,2025-12-01,2025-12-31,ok,34.700005,116.600006,32096,
satellite,xuzhou_1,2026-01-01,2026-01-31,ok,34.700005,116.600006,32128,
satellite,huai_an_1,2024-02-01,2024-02-29,ok,33.1,119.4,29897,
satellite,huai_an_1,2024-03-01,2024-03-31,ok,33.1,119.4,32454,
satellite,huai_an_1,2024-04-01,2024-04-30,ok,33.1,119.4,31612,
satellite,huai_an_1,2024-06-01,2024-06-30,ok,33.1,119.4,32005,
satellite,huai_an_1,2024-05-01,2024-05-31,ok,33.1,119.4,33119,
satellite,huai_an_1,2024-07-01,2024-07-31,ok,33.1,119.4,32945,
satellite,huai_an_1,2024-08-01,2024-08-31,ok,33.1,119.4,32993,
satellite,huai_an_1,2024-09-01,2024-09-30,ok,33.1,119.4,31642,
satellite,huai_an_1,2024-10-01,2024-10-31,ok,33.1,119.4,32292,
satellite,huai_an_1,2024-11-01,2024-11-30,ok,33.1,119.4,31132,
satellite,huai_an_1,2024-12-01,2024-12-31,ok,33.1,119.4,32180,
satellite,huai_an_1,2025-02-01,2025-02-28,ok,33.1,119.4,29342,
satellite,huai_an_1,2025-01-01,2025-01-31,ok,33.1,119.4,32254,
satellite,huai_an_1,2025-03-01,2025-03-31,ok,33.1,119.4,32557,
satellite,huai_an_1,2025-04-01,2025-04-30,ok,33.1,119.4,31997,
satellite,huai_an_1,2025-05-01,2025-05-31,ok,33.1,119.4,33082,
satellite,huai_an_1,2025-06-01,2025-06-30,ok,33.1,119.4,31844,
satellite,huai_an_1,2025-07-01,2025-07-31,ok,33.1,119.4,33295,
satellite,huai_an_1,2025-08-01,2025-08-31,ok,33.1,119.4,32869,
satellite,huai_an_1,2025-09-01,2025-09-30,ok,33.1,119.4,31388,
satellite,huai_an_1,2025-10-01,2025-10-31,ok,33.1,119.4,32124,
satellite,huai_an_1,2025-11-01,2025-11-30,ok,33.1,119.4,31250,
satellite,huai_an_1,2025-12-01,2025-12-31,ok,33.1,119.4,32139,
satellite,huai_an_1,2026-01-01,2026-01-31,ok,33.1,119.4,32102,
satellite,huai_an_2,2024-02-01,2024-02-29,ok,33.9,119.4,29947,
satellite,huai_an_2,2024-03-01,2024-03-31,ok,33.9,119.4,32545,
satellite,huai_an_2,2024-05-01,2024-05-31,ok,33.9,119.4,33232,
satellite,huai_an_2,2024-04-01,2024-04-30,ok,33.9,119.4,31700,
satellite,huai_an_2,2024-06-01,2024-06-30,ok,33.9,119.4,32165,
satellite,huai_an_2,2024-07-01,2024-07-31,ok,33.9,119.4,32835,
satellite,huai_an_2,2024-08-01,2024-08-31,ok,33.9,119.4,32988,
satellite,huai_an_2,2024-10-01,2024-10-31,ok,33.9,119.4,32321,
satellite,huai_an_2,2024-09-01,2024-09-30,ok,33.9,119.4,31608,
satellite,huai_an_2,2024-11-01,2024-11-30,ok,33.9,119.4,31157,
satellite,huai_an_2,2024-12-01,2024-12-31,ok,33.9,119.4,32221,
satellite,huai_an_2,2025-01-01,2025-01-31,ok,33.9,119.4,32247,
satellite,huai_an_2,2025-02-01,2025-02-28,ok,33.9,119.4,29385,
satellite,huai_an_2,2025-03-01,2025-03-31,ok,33.9,119.4,32637,
satellite,huai_an_2,2025-04-01,2025-04-30,ok,33.9,119.4,32063,
satellite,huai_an_2,2025-06-01,2025-06-30,ok,33.9,119.4,31864,
satellite,huai_an_2,2025-07-01,2025-07-31,ok,33.9,119.4,33361,
satellite,huai_an_2,2025-08-01,2025-08-31,ok,33.9,119.4,32894,
satellite,huai_an_2,2025-05-01,2025-05-31,ok,33.9,119.4,33162,
satellite,huai_an_2,2025-09-01,2025-09-30,ok,33.9,119.4,31351,
satellite,huai_an_2,2025-10-01,2025-10-31,ok,33.9,119.4,32039,
satellite,huai_an_2,2025-11-01,2025-11-30,ok,33.9,119.4,31262,
satellite,huai_an_2,2025-12-01,2025-12-31,ok,33.9,119.4,32141,
satellite,huai_an_2,2026-01-01,2026-01-31,ok,33.9,119.4,32142,
satellite,xuzhou_2,2024-02-01,2024-02-29,ok,34.300003,117.4,30061,
satellite,xuzhou_2,2024-03-01,2024-03-31,ok,34.300003,117.4,32547,
satellite,xuzhou_2,2024-04-01,2024-04-30,ok,34.300003,117.4,31767,
satellite,xuzhou_2,2024-05-01,2024-05-31,ok,34.300003,117.4,33273,
satellite,xuzhou_2,2024-06-01,2024-06-30,ok,34.300003,117.4,32221,
satellite,xuzhou_2,2024-07-01,2024-07-31,ok,34.300003,117.4,32796,
satellite,xuzhou_2,2024-08-01,2024-08-31,ok,34.300003,117.4,33058,
satellite,xuzhou_2,2024-09-01,2024-09-30,ok,34.300003,117.4,31604,
satellite,xuzhou_2,2024-10-01,2024-10-31,ok,34.300003,117.4,32357,
satellite,xuzhou_2,2024-11-01,2024-11-30,ok,34.300003,117.4,31111,
satellite,xuzhou_2,2024-12-01,2024-12-31,ok,34.300003,117.4,32198,
satellite,xuzhou_2,2025-01-01,2025-01-31,ok,34.300003,117.4,32187,
satellite,xuzhou_2,2025-02-01,2025-02-28,ok,34.300003,117.4,29395,
satellite,xuzhou_2,2025-03-01,2025-03-31,ok,34.300003,117.4,32615,
satellite,xuzhou_2,2025-04-01,2025-04-30,ok,34.300003,117.4,32070,
satellite,xuzhou_2,2025-05-01,2025-05-31,ok,34.300003,117.4,33178,
satellite,xuzhou_2,2025-06-01,2025-06-30,ok,34.300003,117.4,31953,
satellite,xuzhou_2,2025-07-01,2025-07-31,ok,34.300003,117.4,33390,
satellite,xuzhou_2,2025-08-01,2025-08-31,ok,34.300003,117.4,32831,
satellite,xuzhou_2,2025-09-01,2025-09-30,ok,34.300003,117.4,31277,
satellite,xuzhou_2,2025-10-01,2025-10-31,ok,34.300003,117.4,31981,
satellite,xuzhou_2,2025-11-01,2025-11-30,ok,34.300003,117.4,31264,
satellite,xuzhou_2,2025-12-01,2025-12-31,ok,34.300003,117.4,32156,
satellite,xuzhou_2,2026-01-01,2026-01-31,ok,34.300003,117.4,32153,
satellite,huai_an_3,2024-02-01,2024-02-29,ok,33.1,118.600006,29808,
satellite,huai_an_3,2024-04-01,2024-04-30,ok,33.1,118.600006,31629,
satellite,huai_an_3,2024-03-01,2024-03-31,ok,33.1,118.600006,32478,
satellite,huai_an_3,2024-05-01,2024-05-31,ok,33.1,118.600006,33205,
satellite,huai_an_3,2024-06-01,2024-06-30,ok,33.1,118.600006,32082,
satellite,huai_an_3,2024-07-01,2024-07-31,ok,33.1,118.600006,32953,
satellite,huai_an_3,2024-08-01,2024-08-31,ok,33.1,118.600006,32989,
satellite,huai_an_3,2024-09-01,2024-09-30,ok,33.1,118.600006,31565,
satellite,huai_an_3,2024-10-01,2024-10-31,ok,33.1,118.600006,32333,
satellite,huai_an_3,2024-11-01,2024-11-30,ok,33.1,118.600006,31110,
satellite,huai_an_3,2024-12-01,2024-12-31,ok,33.1,118.600006,32184,
satellite,huai_an_3,2025-01-01,2025-01-31,ok,33.1,118.600006,32213,
satellite,huai_an_3,2025-02-01,2025-02-28,ok,33.1,118.600006,29348,
satellite,huai_an_3,2025-03-01,2025-03-31,ok,33.1,118.600006,32597,
satellite,huai_an_3,2025-04-01,2025-04-30,ok,33.1,118.600006,32030,
satellite,huai_an_3,2025-05-01,2025-05-31,ok,33.1,118.600006,33108,
satellite,huai_an_3,2025-06-01,2025-06-30,ok,33.1,118.600006,31875,
satellite,huai_an_3,2025-08-01,2025-08-31,ok,33.1,118.600006,32865,
satellite,huai_an_3,2025-07-01,2025-07-31,ok,33.1,118.600006,33335,
satellite,huai_an_3,2025-09-01,2025-09-30,ok,33.1,118.600006,31293,
satellite,huai_an_3,2025-10-01,2025-10-31,ok,33.1,118.600006,32031,
satellite,huai_an_3,2025-11-01,2025-11-30,ok,33.1,118.600006,31231,
satellite,huai_an_3,2025-12-01,2025-12-31,ok,33.1,118.600006,32168,
satellite,huai_an_3,2026-01-01,2026-01-31,ok,33.1,118.600006,32082,
satellite,yancheng_1,2024-02-01,2024-02-29,ok,33.9,119.8,29962,
satellite,yancheng_1,2024-03-01,2024-03-31,ok,33.9,119.8,32541,
satellite,yancheng_1,2024-04-01,2024-04-30,ok,33.9,119.8,31715,
satellite,yancheng_1,2024-06-01,2024-06-30,ok,33.9,119.8,32170,
satellite,yancheng_1,2024-05-01,2024-05-31,ok,33.9,119.8,33246,
satellite,yancheng_1,2024-07-01,2024-07-31,ok,33.9,119.8,32911,
satellite,yancheng_1,2024-08-01,2024-08-31,ok,33.9,119.8,32976,
satellite,yancheng_1,2024-09-01,2024-09-30,ok,33.9,119.8,31598,
satellite,yancheng_1,2024-10-01,2024-10-31,ok,33.9,119.8,32324,
satellite,yancheng_1,2024-11-01,2024-11-30,ok,33.9,119.8,31141,
satellite,yancheng_1,2024-12-01,2024-12-31,ok,33.9,119.8,32219,
satellite,yancheng_1,2025-01-01,2025-01-31,ok,33.9,119.8,32271,
satellite,yancheng_1,2025-02-01,2025-02-28,ok,33.9,119.8,29377,
satellite,yancheng_1,2025-03-01,2025-03-31,ok,33.9,119.8,32656,
satellite,yancheng_1,2025-04-01,2025-04-30,ok,33.9,119.8,32082,
satellite,yancheng_1,2025-06-01,2025-06-30,ok,33.9,119.8,31916,
satellite,yancheng_1,2025-05-01,2025-05-31,ok,33.9,119.8,33167,
satellite,yancheng_1,2025-07-01,2025-07-31,ok,33.9,119.8,33357,
satellite,yancheng_1,2025-08-01,2025-08-31,ok,33.9,119.8,32848,
satellite,yancheng_1,2025-10-01,2025-10-31,ok,33.9,119.8,32066,
satellite,yancheng_1,2025-09-01,2025-09-30,ok,33.9,119.8,31369,
satellite,yancheng_1,2025-11-01,2025-11-30,ok,33.9,119.8,31283,
satellite,yancheng_1,2025-12-01,2025-12-31,ok,33.9,119.8,32127,
satellite,yancheng_1,2026-01-01,2026-01-31,ok,33.9,119.8,32172,
satellite,lianyungang_1,2024-02-01,2024-02-29,ok,34.700005,118.600006,30070,
satellite,lianyungang_1,2024-03-01,2024-03-31,ok,34.700005,118.600006,32640,
satellite,lianyungang_1,2024-04-01,2024-04-30,ok,34.700005,118.600006,31841,
satellite,lianyungang_1,2024-05-01,2024-05-31,ok,34.700005,118.600006,33298,
satellite,lianyungang_1,2024-06-01,2024-06-30,ok,34.700005,118.600006,32259,
satellite,lianyungang_1,2024-07-01,2024-07-31,ok,34.700005,118.600006,32741,
satellite,lianyungang_1,2024-09-01,2024-09-30,ok,34.700005,118.600006,31734,
satellite,lianyungang_1,2024-08-01,2024-08-31,ok,34.700005,118.600006,33022,
satellite,lianyungang_1,2024-10-01,2024-10-31,ok,34.700005,118.600006,32415,
satellite,lianyungang_1,2024-11-01,2024-11-30,ok,34.700005,118.600006,31117,
satellite,lianyungang_1,2024-12-01,2024-12-31,ok,34.700005,118.600006,32216,
satellite,lianyungang_1,2025-01-01,2025-01-31,ok,34.700005,118.600006,32257,
satellite,lianyungang_1,2025-02-01,2025-02-28,ok,34.700005,118.600006,29410,
satellite,lianyungang_1,2025-03-01,2025-03-31,ok,34.700005,118.600006,32676,
satellite,lianyungang_1,2025-05-01,2025-05-31,ok,34.700005,118.600006,33281,
satellite,lianyungang_1,2025-04-01,2025-04-30,ok,34.700005,118.600006,32131,
satellite,lianyungang_1,2025-06-01,2025-06-30,ok,34.700005,118.600006,32013,
satellite,lianyungang_1,2025-08-01,2025-08-31,ok,34.700005,118.600006,32860,
satellite,lianyungang_1,2025-09-01,2025-09-30,ok,34.700005,118.600006,31320,
satellite,lianyungang_1,2025-10-01,2025-10-31,ok,34.700005,118.600006,32031,
satellite,lianyungang_1,2025-11-01,2025-11-30,ok,34.700005,118.600006,31265,
satellite,lianyungang_1,2025-12-01,2025-12-31,ok,34.700005,118.600006,32145,
satellite,lianyungang_1,2026-01-01,2026-01-31,ok,34.700005,118.600006,32147,
satellite,yancheng_2,2024-03-01,2024-03-31,ok,33.1,120.600006,32479,
satellite,yancheng_2,2024-02-01,2024-02-29,ok,33.1,120.600006,29832,
satellite,yancheng_2,2024-04-01,2024-04-30,ok,33.1,120.600006,31552,
satellite,yancheng_2,2024-05-01,2024-05-31,ok,33.1,120.600006,33113,
satellite,yancheng_2,2024-06-01,2024-06-30,ok,33.1,120.600006,31955,
satellite,yancheng_2,2024-07-01,2024-07-31,ok,33.1,120.600006,32998,
satellite,yancheng_2,2024-09-01,2024-09-30,ok,33.1,120.600006,31593,
satellite,yancheng_2,2024-08-01,2024-08-31,ok,33.1,120.600006,33002,
satellite,yancheng_2,2024-10-01,2024-10-31,ok,33.1,120.600006,32225,
satellite,yancheng_2,2024-12-01,2024-12-31,ok,33.1,120.600006,32156,
satellite,yancheng_2,2024-11-01,2024-11-30,ok,33.1,120.600006,31110,
satellite,yancheng_2,2025-01-01,2025-01-31,ok,33.1,120.600006,32288,
satellite,yancheng_2,2025-02-01,2025-02-28,ok,33.1,120.600006,29318,
satellite,yancheng_2,2025-03-01,2025-03-31,ok,33.1,120.600006,32571,
satellite,yancheng_2,2025-04-01,2025-04-30,ok,33.1,120.600006,32017,
satellite,yancheng_2,2025-05-01,2025-05-31,ok,33.1,120.600006,33005,
satellite,yancheng_2,2025-06-01,2025-06-30,ok,33.1,120.600006,31820,
satellite,yancheng_2,2025-07-01,2025-07-31,ok,33.1,120.600006,33322,
satellite,yancheng_2,2025-08-01,2025-08-31,ok,33.1,120.600006,32858,
satellite,yancheng_2,2025-09-01,2025-09-30,ok,33.1,120.600006,31466,
satellite,yancheng_2,2025-10-01,2025-10-31,ok,33.1,120.600006,32190,
satellite,yancheng_2,2025-11-01,2025-11-30,ok,33.1,120.600006,31276,
satellite,yancheng_2,2025-12-01,2025-12-31,ok,33.1,120.600006,32155,
satellite,yancheng_2,2026-01-01,2026-01-31,ok,33.1,120.600006,32135,
satellite,yancheng_3,2024-02-01,2024-02-29,ok,33.1,119.8,29872,
satellite,yancheng_3,2024-03-01,2024-03-31,ok,33.1,119.8,32469,
satellite,yancheng_3,2024-04-01,2024-04-30,ok,33.1,119.8,31590,
satellite,yancheng_3,2024-05-01,2024-05-31,ok,33.1,119.8,33166,
satellite,yancheng_3,2024-06-01,2024-06-30,ok,33.1,119.8,31953,
satellite,yancheng_3,2024-07-01,2024-07-31,ok,33.1,119.8,32957,
satellite,yancheng_3,2024-08-01,2024-08-31,ok,33.1,119.8,33001,
satellite,yancheng_3,2024-09-01,2024-09-30,ok,33.1,119.8,31606,
satellite,yancheng_3,2024-10-01,2024-10-31,ok,33.1,119.8,32229,
satellite,yancheng_3,2024-11-01,2024-11-30,ok,33.1,119.8,31135,
satellite,yancheng_3,2024-12-01,2024-12-31,ok,33.1,119.8,32180,
satellite,yancheng_3,2025-01-01,2025-01-31,ok,33.1,119.8,32266,
satellite,yancheng_3,2025-02-01,2025-02-28,ok,33.1,119.8,29339,
satellite,yancheng_3,2025-03-01,2025-03-31,ok,33.1,119.8,32577,
satellite,yancheng_3,2025-04-01,2025-04-30,ok,33.1,119.8,32019,
satellite,yancheng_3,2025-05-01,2025-05-31,ok,33.1,119.8,33107,
satellite,yancheng_3,2025-06-01,2025-06-30,ok,33.1,119.8,31855,
satellite,yancheng_3,2025-07-01,2025-07-31,ok,33.1,119.8,33292,
satellite,yancheng_3,2025-08-01,2025-08-31,ok,33.1,119.8,32879,
satellite,yancheng_3,2025-09-01,2025-09-30,ok,33.1,119.8,31403,
satellite,yancheng_3,2025-10-01,2025-10-31,ok,33.1,119.8,32136,
satellite,yancheng_3,2025-11-01,2025-11-30,ok,33.1,119.8,31261,
satellite,yancheng_3,2025-12-01,2025-12-31,ok,33.1,119.8,32146,
satellite,yancheng_3,2026-01-01,2026-01-31,ok,33.1,119.8,32122,
satellite,lianyungang_1,2025-07-01,2025-07-31,ok,34.700005,118.600006,33380,
satellite,lianyungang_2,2024-02-01,2024-02-29,ok,34.700005,119.4,30087,
satellite,lianyungang_2,2024-03-01,2024-03-31,ok,34.700005,119.4,32629,
satellite,lianyungang_2,2024-04-01,2024-04-30,ok,34.700005,119.4,31850,
satellite,lianyungang_2,2024-05-01,2024-05-31,ok,34.700005,119.4,33259,
satellite,lianyungang_2,2024-06-01,2024-06-30,ok,34.700005,119.4,32295,
satellite,lianyungang_2,2024-07-01,2024-07-31,ok,34.700005,119.4,32744,
satellite,lianyungang_2,2024-09-01,2024-09-30,ok,34.700005,119.4,31671,
satellite,lianyungang_2,2024-08-01,2024-08-31,ok,34.700005,119.4,33001,
satellite,lianyungang_2,2024-10-01,2024-10-31,ok,34.700005,119.4,32408,
satellite,lianyungang_2,2024-11-01,2024-11-30,ok,34.700005,119.4,31099,
satellite,lianyungang_2,2025-01-01,2025-01-31,ok,34.700005,119.4,32228,
satellite,lianyungang_2,2024-12-01,2024-12-31,ok,34.700005,119.4,32188,
satellite,lianyungang_2,2025-02-01,2025-02-28,ok,34.700005,119.4,29388,
satellite,lianyungang_2,2025-03-01,2025-03-31,ok,34.700005,119.4,32683,
satellite,lianyungang_2,2025-04-01,2025-04-30,ok,34.700005,119.4,32107,
satellite,lianyungang_2,2025-05-01,2025-05-31,ok,34.700005,119.4,33216,
satellite,lianyungang_2,2025-06-01,2025-06-30,ok,34.700005,119.4,32009,
satellite,lianyungang_2,2025-07-01,2025-07-31,ok,34.700005,119.4,33355,
satellite,lianyungang_2,2025-08-01,2025-08-31,ok,34.700005,119.4,32858,
satellite,lianyungang_2,2025-09-01,2025-09-30,ok,34.700005,119.4,31311,
satellite,lianyungang_2,2025-10-01,2025-10-31,ok,34.700005,119.4,31960,
satellite,lianyungang_2,2025-11-01,2025-11-30,ok,34.700005,119.4,31284,
satellite,lianyungang_2,2026-01-01,2026-01-31,ok,34.700005,119.4,32165,
era5,changzhou_1,2024-02-01,2024-02-29,ok,31.528997,119.82057,38134,
satellite,lianyungang_2,2025-12-01,2025-12-31,ok,34.700005,119.4,32120,
era5,changzhou_1,2024-03-01,2024-03-31,ok,31.528997,119.82057,40484,
era5,changzhou_1,2024-04-01,2024-04-30,ok,31.528997,119.82057,40435,
era5,changzhou_1,2024-05-01,2024-05-31,ok,31.528997,119.82057,41181,
era5,changzhou_1,2024-06-01,2024-06-30,ok,31.528997,119.82057,40422,
era5,changzhou_1,2024-07-01,2024-07-31,ok,31.528997,119.82057,41385,
era5,changzhou_1,2024-08-01,2024-08-31,ok,31.528997,119.82057,40827,
era5,changzhou_1,2024-09-01,2024-09-30,ok,31.528997,119.82057,39512,
era5,changzhou_1,2024-10-01,2024-10-31,ok,31.528997,119.82057,40692,
era5,changzhou_1,2024-11-01,2024-11-30,ok,31.528997,119.82057,38475,
era5,changzhou_1,2024-12-01,2024-12-31,ok,31.528997,119.82057,39497,
era5,changzhou_1,2025-01-01,2025-01-31,ok,31.528997,119.82057,39683,
era5,changzhou_1,2025-03-01,2025-03-31,ok,31.528997,119.82057,40832,
era5,changzhou_1,2025-02-01,2025-02-28,ok,31.528997,119.82057,36435,
era5,changzhou_1,2025-05-01,2025-05-31,ok,31.528997,119.82057,41354,
era5,changzhou_1,2025-04-01,2025-04-30,ok,31.528997,119.82057,39603,
era5,changzhou_1,2025-06-01,2025-06-30,ok,31.528997,119.82057,40285,
era5,changzhou_1,2025-07-01,2025-07-31,ok,31.528997,119.82057,41135,
era5,changzhou_1,2025-09-01,2025-09-30,ok,31.528997,119.82057,39764,
era5,changzhou_1,2025-08-01,2025-08-31,ok,31.528997,119.82057,40643,
era5,changzhou_1,2025-10-01,2025-10-31,ok,31.528997,119.82057,40613,
era5,changzhou_1,2025-11-01,2025-11-30,ok,31.528997,119.82057,38322,
era5,changzhou_1,2025-12-01,2025-12-31,ok,31.528997,119.82057,39543,
era5,changzhou_1,2026-01-01,2026-01-31,ok,31.528997,119.82057,39536,
era5,nanjing_1,2024-03-01,2024-03-31,ok,31.880491,118.59206,40455,
era5,nanjing_1,2024-02-01,2024-02-29,ok,31.880491,118.59206,38168,
era5,nanjing_1,2024-04-01,2024-04-30,ok,31.880491,118.59206,40263,
era5,nanjing_1,2024-05-01,2024-05-31,ok,31.880491,118.59206,41100,
era5,nanjing_1,2024-06-01,2024-06-30,ok,31.880491,118.59206,40436,
era5,nanjing_1,2024-07-01,2024-07-31,ok,31.880491,118.59206,41444,
era5,nanjing_1,2024-08-01,2024-08-31,ok,31.880491,118.59206,40792,
era5,nanjing_1,2024-09-01,2024-09-30,ok,31.880491,118.59206,39433,
era5,nanjing_1,2024-10-01,2024-10-31,ok,31.880491,118.59206,40579,
era5,nanjing_1,2024-11-01,2024-11-30,ok,31.880491,118.59206,38321,
era5,nanjing_1,2024-12-01,2024-12-31,ok,31.880491,118.59206,39355,
era5,nanjing_1,2025-01-01,2025-01-31,ok,31.880491,118.59206,39736,
era5,nanjing_1,2025-02-01,2025-02-28,ok,31.880491,118.59206,36406,
era5,nanjing_1,2025-03-01,2025-03-31,ok,31.880491,118.59206,40808,
era5,nanjing_1,2025-04-01,2025-04-30,ok,31.880491,118.59206,39572,
era5,nanjing_1,2025-05-01,2025-05-31,ok,31.880491,118.59206,41289,
era5,nanjing_1,2025-06-01,2025-06-30,ok,31.880491,118.59206,40239,
era5,nanjing_1,2025-07-01,2025-07-31,ok,31.880491,118.59206,40998,
era5,nanjing_1,2025-09-01,2025-09-30,ok,31.880491,118.59206,39935,
era5,nanjing_1,2025-08-01,2025-08-31,ok,31.880491,118.59206,40793,
era5,nanjing_1,2025-10-01,2025-10-31,ok,31.880491,118.59206,40685,
era5,nanjing_1,2025-11-01,2025-11-30,ok,31.880491,118.59206,38174,
era5,nanjing_1,2026-01-01,2026-01-31,ok,31.880491,118.59206,39646,
era5,nanjing_1,2025-12-01,2025-12-31,ok,31.880491,118.59206,39507,
era5,suzhou_1,2024-02-01,2024-02-29,ok,31.528997,121.00478,38238,
era5,suzhou_1,2024-03-01,2024-03-31,ok,31.528997,121.00478,40645,
era5,suzhou_1,2024-04-01,2024-04-30,ok,31.528997,121.00478,40424,
era5,suzhou_1,2024-05-01,2024-05-31,ok,31.528997,121.00478,41186,
era5,suzhou_1,2024-06-01,2024-06-30,ok,31.528997,121.00478,40443,
era5,suzhou_1,2024-08-01,2024-08-31,ok,31.528997,121.00478,40730,
era5,suzhou_1,2024-07-01,2024-07-31,ok,31.528997,121.00478,41504,
era5,suzhou_1,2024-09-01,2024-09-30,ok,31.528997,121.00478,39687,
era5,suzhou_1,2024-10-01,2024-10-31,ok,31.528997,121.00478,40825,
era5,suzhou_1,2024-11-01,2024-11-30,ok,31.528997,121.00478,38619,
era5,suzhou_1,2024-12-01,2024-12-31,ok,31.528997,121.00478,39487,
era5,suzhou_1,2025-01-01,2025-01-31,ok,31.528997,121.00478,39706,
era5,suzhou_1,2025-02-01,2025-02-28,ok,31.528997,121.00478,36343,
era5,suzhou_1,2025-03-01,2025-03-31,ok,31.528997,121.00478,40830,
era5,suzhou_1,2025-04-01,2025-04-30,ok,31.528997,121.00478,39603,
era5,suzhou_1,2025-06-01,2025-06-30,ok,31.528997,121.00478,40409,
era5,suzhou_1,2025-05-01,2025-05-31,ok,31.528997,121.00478,41405,
era5,suzhou_1,2025-07-01,2025-07-31,ok,31.528997,121.00478,41429,
era5,suzhou_1,2025-08-01,2025-08-31,ok,31.528997,121.00478,40799,
era5,suzhou_1,2025-10-01,2025-10-31,ok,31.528997,121.00478,40438,
era5,suzhou_1,2025-09-01,2025-09-30,ok,31.528997,121.00478,39675,
era5,suzhou_1,2025-11-01,2025-11-30,ok,31.528997,121.00478,38432,
era5,suzhou_1,2025-12-01,2025-12-31,ok,31.528997,121.00478,39551,
era5,suzhou_1,2026-01-01,2026-01-31,ok,31.528997,121.00478,39646,
era5,wuxi_1,2024-02-01,2024-02-29,ok,31.107204,120.249405,38324,
era5,wuxi_1,2024-04-01,2024-04-30,ok,31.107204,120.249405,40471,
era5,wuxi_1,2024-03-01,2024-03-31,ok,31.107204,120.249405,40605,
era5,wuxi_1,2024-05-01,2024-05-31,ok,31.107204,120.249405,41249,
era5,wuxi_1,2024-06-01,2024-06-30,ok,31.107204,120.249405,40499,
era5,wuxi_1,2024-08-01,2024-08-31,ok,31.107204,120.249405,40844,
era5,wuxi_1,2024-09-01,2024-09-30,ok,31.107204,120.249405,39540,
era5,wuxi_1,2024-07-01,2024-07-31,ok,31.107204,120.249405,41479,
era5,wuxi_1,2024-10-01,2024-10-31,ok,31.107204,120.249405,40866,
era5,wuxi_1,2024-12-01,2024-12-31,ok,31.107204,120.249405,39565,
era5,wuxi_1,2024-11-01,2024-11-30,ok,31.107204,120.249405,38561,
era5,wuxi_1,2025-01-01,2025-01-31,ok,31.107204,120.249405,39770,
era5,wuxi_1,2025-02-01,2025-02-28,ok,31.107204,120.249405,36441,
era5,wuxi_1,2025-04-01,2025-04-30,ok,31.107204,120.249405,39567,
era5,wuxi_1,2025-05-01,2025-05-31,ok,31.107204,120.249405,41463,
era5,wuxi_1,2025-03-01,2025-03-31,ok,31.107204,120.249405,40879,
era5,wuxi_1,2025-06-01,2025-06-30,ok,31.107204,120.249405,40429,
era5,wuxi_1,2025-07-01,2025-07-31,ok,31.107204,120.249405,41285,
era5,wuxi_1,2025-08-01,2025-08-31,ok,31.107204,120.249405,40664,
era5,wuxi_1,2025-09-01,2025-09-30,ok,31.107204,120.249405,39756,
era5,wuxi_1,2025-10-01,2025-10-31,ok,31.107204,120.249405,40486,
era5,wuxi_1,2025-12-01,2025-12-31,ok,31.107204,120.249405,39576,
era5,wuxi_1,2025-11-01,2025-11-30,ok,31.107204,120.249405,38478,
era5,wuxi_1,2026-01-01,2026-01-31,ok,31.107204,120.249405,39604,
era5,nanjing_2,2024-02-01,2024-02-29,ok,31.458698,119.03226,38168,
era5,nanjing_2,2024-04-01,2024-04-30,ok,31.458698,119.03226,40309,
era5,nanjing_2,2024-03-01,2024-03-31,ok,31.458698,119.03226,40477,
era5,nanjing_2,2024-05-01,2024-05-31,ok,31.458698,119.03226,41185,
era5,nanjing_2,2024-06-01,2024-06-30,ok,31.458698,119.03226,40411,
era5,nanjing_2,2024-07-01,2024-07-31,ok,31.458698,119.03226,41388,
era5,nanjing_2,2024-08-01,2024-08-31,ok,31.458698,119.03226,40769,
era5,nanjing_2,2024-09-01,2024-09-30,ok,31.458698,119.03226,39383,
era5,nanjing_2,2024-10-01,2024-10-31,ok,31.458698,119.03226,40670,
era5,nanjing_2,2024-11-01,2024-11-30,ok,31.458698,119.03226,38416,
era5,nanjing_2,2024-12-01,2024-12-31,ok,31.458698,119.03226,39445,
era5,nanjing_2,2025-01-01,2025-01-31,ok,31.458698,119.03226,39745,
era5,nanjing_2,2025-02-01,2025-02-28,ok,31.458698,119.03226,36385,
era5,nanjing_2,2025-03-01,2025-03-31,ok,31.458698,119.03226,40819,
era5,nanjing_2,2025-04-01,2025-04-30,ok,31.458698,119.03226,39584,
era5,nanjing_2,2025-05-01,2025-05-31,ok,31.458698,119.03226,41351,
era5,nanjing_2,2025-06-01,2025-06-30,ok,31.458698,119.03226,40304,
era5,nanjing_2,2025-07-01,2025-07-31,ok,31.458698,119.03226,41076,
era5,nanjing_2,2025-08-01,2025-08-31,ok,31.458698,119.03226,40761,
era5,nanjing_2,2025-09-01,2025-09-30,ok,31.458698,119.03226,39817,
era5,nanjing_2,2025-10-01,2025-10-31,ok,31.458698,119.03226,40617,
era5,nanjing_2,2025-11-01,2025-11-30,ok,31.458698,119.03226,38263,
era5,nanjing_2,2025-12-01,2025-12-31,ok,31.458698,119.03226,39524,
era5,nanjing_2,2026-01-01,2026-01-31,ok,31.458698,119.03226,39608,
era5,taizhou_1,2024-02-01,2024-02-29,ok,32.724075,119.78022,38056,
era5,taizhou_1,2024-03-01,2024-03-31,ok,32.724075,119.78022,40578,
era5,taizhou_1,2024-04-01,2024-04-30,ok,32.724075,119.78022,40141,
era5,taizhou_1,2024-05-01,2024-05-31,ok,32.724075,119.78022,40892,
era5,taizhou_1,2024-06-01,2024-06-30,ok,32.724075,119.78022,40460,
era5,taizhou_1,2024-07-01,2024-07-31,ok,32.724075,119.78022,41482,
era5,taizhou_1,2024-08-01,2024-08-31,ok,32.724075,119.78022,40837,
era5,taizhou_1,2024-09-01,2024-09-30,ok,32.724075,119.78022,39487,
era5,taizhou_1,2024-10-01,2024-10-31,ok,32.724075,119.78022,40578,
era5,taizhou_1,2024-11-01,2024-11-30,ok,32.724075,119.78022,38356,
era5,taizhou_1,2025-01-01,2025-01-31,ok,32.724075,119.78022,39683,
era5,taizhou_1,2024-12-01,2024-12-31,ok,32.724075,119.78022,39445,
era5,taizhou_1,2025-02-01,2025-02-28,ok,32.724075,119.78022,36526,
era5,taizhou_1,2025-03-01,2025-03-31,ok,32.724075,119.78022,40670,
era5,taizhou_1,2025-04-01,2025-04-30,ok,32.724075,119.78022,39465,
era5,taizhou_1,2025-05-01,2025-05-31,ok,32.724075,119.78022,41259,
era5,taizhou_1,2025-07-01,2025-07-31,ok,32.724075,119.78022,41025,
era5,taizhou_1,2025-06-01,2025-06-30,ok,32.724075,119.78022,40251,
era5,taizhou_1,2025-08-01,2025-08-31,ok,32.724075,119.78022,40829,
era5,taizhou_1,2025-09-01,2025-09-30,ok,32.724075,119.78022,39803,
era5,taizhou_1,2025-10-01,2025-10-31,ok,32.724075,119.78022,40638,
era5,taizhou_1,2025-12-01,2025-12-31,ok,32.724075,119.78022,39576,
era5,taizhou_1,2026-01-01,2026-01-31,ok,32.724075,119.78022,39664,
era5,taizhou_2,2024-02-01,2024-02-29,ok,32.653778,120.62195,38145,
era5,taizhou_2,2024-03-01,2024-03-31,ok,32.653778,120.62195,40690,
era5,taizhou_2,2024-04-01,2024-04-30,ok,32.653778,120.62195,40233,
era5,taizhou_2,2024-05-01,2024-05-31,ok,32.653778,120.62195,40990,
era5,taizhou_2,2024-06-01,2024-06-30,ok,32.653778,120.62195,40496,
era5,taizhou_2,2024-07-01,2024-07-31,ok,32.653778,120.62195,41448,
era5,taizhou_2,2024-08-01,2024-08-31,ok,32.653778,120.62195,40831,
era5,taizhou_2,2024-09-01,2024-09-30,ok,32.653778,120.62195,39591,
era5,taizhou_2,2024-10-01,2024-10-31,ok,32.653778,120.62195,40779,
era5,taizhou_2,2024-11-01,2024-11-30,ok,32.653778,120.62195,38499,
era5,taizhou_2,2024-12-01,2024-12-31,ok,32.653778,120.62195,39524,
era5,taizhou_2,2025-01-01,2025-01-31,ok,32.653778,120.62195,39688,
era5,taizhou_2,2025-02-01,2025-02-28,ok,32.653778,120.62195,36515,
era5,taizhou_2,2025-03-01,2025-03-31,ok,32.653778,120.62195,40663,
era5,taizhou_2,2025-04-01,2025-04-30,ok,32.653778,120.62195,39468,
era5,taizhou_2,2025-06-01,2025-06-30,ok,32.653778,120.62195,40273,
era5,taizhou_2,2025-08-01,2025-08-31,ok,32.653778,120.62195,40784,
era5,taizhou_2,2025-07-01,2025-07-31,ok,32.653778,120.62195,41213,
era5,taizhou_2,2025-10-01,2025-10-31,ok,32.653778,120.62195,40653,
era5,taizhou_2,2025-09-01,2025-09-30,ok,32.653778,120.62195,39886,
era5,taizhou_2,2025-12-01,2025-12-31,ok,32.653778,120.62195,39625,
era5,taizhou_2,2025-11-01,2025-11-30,ok,32.653778,120.62195,38214,
era5,taizhou_2,2026-01-01,2026-01-31,ok,32.653778,120.62195,39713,
era5,nantong_1,2024-02-01,2024-02-29,ok,31.880491,120.97473,38241,
era5,nantong_1,2024-04-01,2024-04-30,ok,31.880491,120.97473,40322,
era5,nantong_1,2024-03-01,2024-03-31,ok,31.880491,120.97473,40674,
era5,nantong_1,2024-06-01,2024-06-30,ok,31.880491,120.97473,40559,
era5,nantong_1,2024-05-01,2024-05-31,ok,31.880491,120.97473,41171,
era5,nantong_1,2024-08-01,2024-08-31,ok,31.880491,120.97473,40764,
era5,nantong_1,2024-07-01,2024-07-31,ok,31.880491,120.97473,41544,
era5,nantong_1,2024-10-01,2024-10-31,ok,31.880491,120.97473,40836,
era5,nantong_1,2024-11-01,2024-11-30,ok,31.880491,120.97473,38628,
era5,nantong_1,2024-12-01,2024-12-31,ok,31.880491,120.97473,39449,
era5,nantong_1,2025-01-01,2025-01-31,ok,31.880491,120.97473,39714,
era5,nantong_1,2025-02-01,2025-02-28,ok,31.880491,120.97473,36410,
era5,taizhou_1,2025-11-01,2025-11-30,ok,32.724075,119.78022,38181,
era5,nantong_1,2025-03-01,2025-03-31,ok,31.880491,120.97473,40825,
era5,nantong_1,2025-04-01,2025-04-30,ok,31.880491,120.97473,39632,
era5,nantong_1,2025-05-01,2025-05-31,ok,31.880491,120.97473,41359,
era5,nantong_1,2025-06-01,2025-06-30,ok,31.880491,120.97473,40334,
era5,nantong_1,2025-07-01,2025-07-31,ok,31.880491,120.97473,41270,
era5,taizhou_2,2025-05-01,2025-05-31,ok,32.653778,120.62195,41283,
era5,nantong_1,2025-09-01,2025-09-30,ok,31.880491,120.97473,39697,
era5,nantong_1,2025-11-01,2025-11-30,ok,31.880491,120.97473,38388,
era5,nantong_1,2025-10-01,2025-10-31,ok,31.880491,120.97473,40504,
era5,nantong_1,2025-12-01,2025-12-31,ok,31.880491,120.97473,39574,
era5,nantong_1,2026-01-01,2026-01-31,ok,31.880491,120.97473,39749,
era5,nantong_2,2024-02-01,2024-02-29,ok,31.880491,121.841156,38386,
era5,nantong_2,2024-03-01,2024-03-31,ok,31.880491,121.841156,40673,
era5,nantong_2,2024-04-01,2024-04-30,ok,31.880491,121.841156,40416,
era5,nantong_2,2024-06-01,2024-06-30,ok,31.880491,121.841156,40583,
era5,nantong_2,2024-05-01,2024-05-31,ok,31.880491,121.841156,41148,
era5,nantong_2,2024-07-01,2024-07-31,ok,31.880491,121.841156,41559,
era5,nantong_1,2024-09-01,2024-09-30,ok,31.880491,120.97473,39689,
era5,nantong_2,2024-09-01,2024-09-30,ok,31.880491,121.841156,39660,
era5,nantong_2,2024-11-01,2024-11-30,ok,31.880491,121.841156,38944,
era5,nantong_1,2025-08-01,2025-08-31,ok,31.880491,120.97473,40775,
era5,nantong_2,2024-12-01,2024-12-31,ok,31.880491,121.841156,39692,
era5,nantong_2,2024-10-01,2024-10-31,ok,31.880491,121.841156,40980,
era5,nantong_2,2025-03-01,2025-03-31,ok,31.880491,121.841156,40784,
era5,nantong_2,2025-02-01,2025-02-28,ok,31.880491,121.841156,36534,
era5,nantong_2,2025-04-01,2025-04-30,ok,31.880491,121.841156,39736,
era5,nantong_2,2025-06-01,2025-06-30,ok,31.880491,121.841156,40424,
era5,nantong_2,2025-05-01,2025-05-31,ok,31.880491,121.841156,41412,
era5,nantong_2,2025-08-01,2025-08-31,ok,31.880491,121.841156,40621,
era5,nantong_2,2025-07-01,2025-07-31,ok,31.880491,121.841156,41352,
era5,nantong_2,2025-09-01,2025-09-30,ok,31.880491,121.841156,39696,
era5,nantong_2,2025-11-01,2025-11-30,ok,31.880491,121.841156,38576,
era5,nantong_2,2025-12-01,2025-12-31,ok,31.880491,121.841156,39769,
era5,nantong_2,2025-10-01,2025-10-31,ok,31.880491,121.841156,40684,
era5,nantong_2,2026-01-01,2026-01-31,ok,31.880491,121.841156,39858,
era5,suqian_1,2024-02-01,2024-02-29,ok,33.919155,118.16708,38078,
era5,suqian_1,2024-03-01,2024-03-31,ok,33.919155,118.16708,40629,
era5,suqian_1,2024-04-01,2024-04-30,ok,33.919155,118.16708,39945,
era5,suqian_1,2024-05-01,2024-05-31,ok,33.919155,118.16708,40853,
era5,suqian_1,2024-06-01,2024-06-30,ok,33.919155,118.16708,40219,
era5,suqian_1,2024-07-01,2024-07-31,ok,33.919155,118.16708,41546,
era5,suqian_1,2024-08-01,2024-08-31,ok,33.919155,118.16708,40740,
era5,nantong_2,2025-01-01,2025-01-31,ok,31.880491,121.841156,39818,
era5,suqian_1,2024-09-01,2024-09-30,ok,33.919155,118.16708,39434,
era5,suqian_1,2024-10-01,2024-10-31,ok,33.919155,118.16708,40270,
era5,suqian_1,2024-12-01,2024-12-31,ok,33.919155,118.16708,39463,
era5,suqian_1,2024-11-01,2024-11-30,ok,33.919155,118.16708,38407,
era5,suqian_1,2025-01-01,2025-01-31,ok,33.919155,118.16708,39529,
era5,suqian_1,2025-02-01,2025-02-28,ok,33.919155,118.16708,36480,
era5,suqian_1,2025-03-01,2025-03-31,ok,33.919155,118.16708,40533,
era5,nantong_2,2024-08-01,2024-08-31,fail,,,,重试耗尽
era5,suqian_1,2025-04-01,2025-04-30,fail,,,,重试耗尽
era5,suqian_1,2025-05-01,2025-05-31,fail,,,,重试耗尽
era5,suqian_1,2025-06-01,2025-06-30,fail,,,,重试耗尽
era5,suqian_1,2025-07-01,2025-07-31,fail,,,,重试耗尽
era5,suqian_1,2025-08-01,2025-08-31,fail,,,,重试耗尽
era5,suqian_1,2025-09-01,2025-09-30,fail,,,,重试耗尽
era5,suqian_1,2025-10-01,2025-10-31,fail,,,,重试耗尽
era5,suqian_1,2025-11-01,2025-11-30,fail,,,,重试耗尽
era5,suqian_1,2025-12-01,2025-12-31,fail,,,,重试耗尽
era5,suqian_1,2026-01-01,2026-01-31,fail,,,,重试耗尽
era5,xuzhou_1,2024-02-01,2024-02-29,fail,,,,重试耗尽
era5,xuzhou_1,2024-03-01,2024-03-31,fail,,,,重试耗尽
era5,xuzhou_1,2024-05-01,2024-05-31,fail,,,,重试耗尽
era5,xuzhou_1,2024-06-01,2024-06-30,fail,,,,重试耗尽
era5,xuzhou_1,2024-04-01,2024-04-30,fail,,,,重试耗尽
era5,xuzhou_1,2024-07-01,2024-07-31,fail,,,,重试耗尽
era5,xuzhou_1,2024-08-01,2024-08-31,fail,,,,重试耗尽
era5,xuzhou_1,2024-10-01,2024-10-31,fail,,,,重试耗尽
era5,xuzhou_1,2024-09-01,2024-09-30,fail,,,,重试耗尽
era5,xuzhou_1,2024-11-01,2024-11-30,fail,,,,重试耗尽
era5,xuzhou_1,2024-12-01,2024-12-31,fail,,,,重试耗尽
era5,xuzhou_1,2025-01-01,2025-01-31,fail,,,,重试耗尽
era5,xuzhou_1,2025-02-01,2025-02-28,fail,,,,重试耗尽
era5,xuzhou_1,2025-03-01,2025-03-31,fail,,,,重试耗尽
era5,xuzhou_1,2025-04-01,2025-04-30,fail,,,,重试耗尽
era5,xuzhou_1,2025-05-01,2025-05-31,fail,,,,重试耗尽
era5,xuzhou_1,2025-06-01,2025-06-30,fail,,,,重试耗尽
era5,xuzhou_1,2025-07-01,2025-07-31,fail,,,,重试耗尽
era5,xuzhou_1,2025-08-01,2025-08-31,fail,,,,重试耗尽
era5,xuzhou_1,2025-09-01,2025-09-30,fail,,,,重试耗尽
era5,xuzhou_1,2025-10-01,2025-10-31,fail,,,,重试耗尽
era5,xuzhou_1,2025-11-01,2025-11-30,fail,,,,重试耗尽
era5,xuzhou_1,2025-12-01,2025-12-31,fail,,,,重试耗尽
era5,huai_an_1,2024-02-01,2024-02-29,fail,,,,重试耗尽
era5,xuzhou_1,2026-01-01,2026-01-31,fail,,,,重试耗尽
era5,huai_an_1,2024-03-01,2024-03-31,fail,,,,重试耗尽
era5,huai_an_1,2024-04-01,2024-04-30,fail,,,,重试耗尽
era5,huai_an_1,2024-06-01,2024-06-30,fail,,,,重试耗尽
era5,huai_an_1,2024-05-01,2024-05-31,fail,,,,重试耗尽
era5,huai_an_1,2024-07-01,2024-07-31,fail,,,,重试耗尽
era5,huai_an_1,2024-08-01,2024-08-31,fail,,,,重试耗尽
era5,huai_an_1,2024-10-01,2024-10-31,fail,,,,重试耗尽
era5,huai_an_1,2024-09-01,2024-09-30,fail,,,,重试耗尽
era5,huai_an_1,2024-11-01,2024-11-30,fail,,,,重试耗尽
era5,huai_an_1,2024-12-01,2024-12-31,fail,,,,重试耗尽
era5,huai_an_1,2025-02-01,2025-02-28,fail,,,,重试耗尽
era5,huai_an_1,2025-01-01,2025-01-31,fail,,,,重试耗尽
era5,huai_an_1,2025-03-01,2025-03-31,fail,,,,重试耗尽
era5,huai_an_1,2025-04-01,2025-04-30,fail,,,,重试耗尽
era5,huai_an_1,2025-05-01,2025-05-31,fail,,,,重试耗尽
era5,huai_an_1,2025-06-01,2025-06-30,fail,,,,重试耗尽
era5,huai_an_1,2025-07-01,2025-07-31,fail,,,,重试耗尽
era5,huai_an_1,2025-08-01,2025-08-31,fail,,,,重试耗尽
era5,huai_an_1,2025-09-01,2025-09-30,fail,,,,重试耗尽
era5,huai_an_1,2025-10-01,2025-10-31,fail,,,,重试耗尽
era5,huai_an_1,2025-11-01,2025-11-30,fail,,,,重试耗尽
era5,huai_an_1,2025-12-01,2025-12-31,fail,,,,重试耗尽
era5,huai_an_1,2026-01-01,2026-01-31,fail,,,,重试耗尽
era5,huai_an_2,2024-02-01,2024-02-29,fail,,,,重试耗尽
era5,huai_an_2,2024-03-01,2024-03-31,fail,,,,重试耗尽
era5,huai_an_2,2024-04-01,2024-04-30,fail,,,,重试耗尽
era5,huai_an_2,2024-05-01,2024-05-31,fail,,,,重试耗尽
era5,huai_an_2,2024-06-01,2024-06-30,fail,,,,重试耗尽
era5,huai_an_2,2024-07-01,2024-07-31,fail,,,,重试耗尽
era5,huai_an_2,2024-08-01,2024-08-31,fail,,,,重试耗尽
era5,huai_an_2,2024-10-01,2024-10-31,fail,,,,重试耗尽
era5,huai_an_2,2024-09-01,2024-09-30,fail,,,,重试耗尽
era5,huai_an_2,2024-11-01,2024-11-30,fail,,,,重试耗尽
era5,huai_an_2,2024-12-01,2024-12-31,fail,,,,重试耗尽
era5,huai_an_2,2025-02-01,2025-02-28,fail,,,,重试耗尽
era5,huai_an_2,2025-01-01,2025-01-31,fail,,,,重试耗尽
era5,huai_an_2,2025-03-01,2025-03-31,fail,,,,重试耗尽
era5,huai_an_2,2025-04-01,2025-04-30,fail,,,,重试耗尽
era5,huai_an_2,2025-05-01,2025-05-31,fail,,,,重试耗尽
era5,huai_an_2,2025-06-01,2025-06-30,fail,,,,重试耗尽
era5,huai_an_2,2025-07-01,2025-07-31,fail,,,,重试耗尽
era5,huai_an_2,2025-08-01,2025-08-31,fail,,,,重试耗尽
era5,huai_an_2,2025-09-01,2025-09-30,fail,,,,重试耗尽
era5,huai_an_2,2025-10-01,2025-10-31,fail,,,,重试耗尽
era5,huai_an_2,2025-11-01,2025-11-30,fail,,,,重试耗尽
era5,huai_an_2,2025-12-01,2025-12-31,fail,,,,重试耗尽
era5,huai_an_2,2026-01-01,2026-01-31,fail,,,,重试耗尽
era5,xuzhou_2,2024-02-01,2024-02-29,fail,,,,重试耗尽
era5,xuzhou_2,2024-03-01,2024-03-31,fail,,,,重试耗尽
era5,xuzhou_2,2024-04-01,2024-04-30,fail,,,,重试耗尽
era5,xuzhou_2,2024-05-01,2024-05-31,fail,,,,重试耗尽
era5,xuzhou_2,2024-06-01,2024-06-30,fail,,,,重试耗尽
era5,xuzhou_2,2024-07-01,2024-07-31,fail,,,,重试耗尽
era5,xuzhou_2,2024-08-01,2024-08-31,fail,,,,重试耗尽
era5,xuzhou_2,2024-09-01,2024-09-30,fail,,,,重试耗尽
era5,xuzhou_2,2024-10-01,2024-10-31,fail,,,,重试耗尽
era5,xuzhou_2,2024-11-01,2024-11-30,fail,,,,重试耗尽
era5,xuzhou_2,2024-12-01,2024-12-31,fail,,,,重试耗尽
era5,xuzhou_2,2025-01-01,2025-01-31,fail,,,,重试耗尽
era5,xuzhou_2,2025-02-01,2025-02-28,fail,,,,重试耗尽
era5,xuzhou_2,2025-03-01,2025-03-31,fail,,,,重试耗尽
era5,xuzhou_2,2025-04-01,2025-04-30,fail,,,,重试耗尽
era5,xuzhou_2,2025-05-01,2025-05-31,fail,,,,重试耗尽
era5,xuzhou_2,2025-06-01,2025-06-30,fail,,,,重试耗尽
era5,xuzhou_2,2025-07-01,2025-07-31,fail,,,,重试耗尽
era5,xuzhou_2,2025-08-01,2025-08-31,fail,,,,重试耗尽
era5,xuzhou_2,2025-09-01,2025-09-30,fail,,,,重试耗尽
era5,xuzhou_2,2025-10-01,2025-10-31,fail,,,,重试耗尽
era5,xuzhou_2,2025-11-01,2025-11-30,fail,,,,重试耗尽
era5,xuzhou_2,2025-12-01,2025-12-31,fail,,,,重试耗尽
era5,xuzhou_2,2026-01-01,2026-01-31,fail,,,,重试耗尽
era5,huai_an_3,2024-02-01,2024-02-29,fail,,,,重试耗尽
era5,huai_an_3,2024-03-01,2024-03-31,fail,,,,重试耗尽
era5,huai_an_3,2024-04-01,2024-04-30,fail,,,,重试耗尽
era5,huai_an_3,2024-05-01,2024-05-31,fail,,,,重试耗尽
era5,huai_an_3,2024-06-01,2024-06-30,fail,,,,重试耗尽
era5,huai_an_3,2024-07-01,2024-07-31,fail,,,,重试耗尽
era5,huai_an_3,2024-08-01,2024-08-31,fail,,,,重试耗尽
era5,huai_an_3,2024-09-01,2024-09-30,fail,,,,重试耗尽
era5,huai_an_3,2024-10-01,2024-10-31,fail,,,,重试耗尽
era5,huai_an_3,2024-11-01,2024-11-30,fail,,,,重试耗尽
era5,huai_an_3,2024-12-01,2024-12-31,fail,,,,重试耗尽
era5,huai_an_3,2025-01-01,2025-01-31,fail,,,,重试耗尽
era5,huai_an_3,2025-02-01,2025-02-28,fail,,,,重试耗尽
era5,huai_an_3,2025-03-01,2025-03-31,fail,,,,重试耗尽
era5,huai_an_3,2025-04-01,2025-04-30,fail,,,,重试耗尽
era5,huai_an_3,2025-05-01,2025-05-31,fail,,,,重试耗尽
era5,huai_an_3,2025-06-01,2025-06-30,fail,,,,重试耗尽
era5,huai_an_3,2025-07-01,2025-07-31,fail,,,,重试耗尽
era5,huai_an_3,2025-08-01,2025-08-31,fail,,,,重试耗尽
era5,huai_an_3,2025-09-01,2025-09-30,fail,,,,重试耗尽
era5,huai_an_3,2025-10-01,2025-10-31,fail,,,,重试耗尽
era5,huai_an_3,2025-11-01,2025-11-30,fail,,,,重试耗尽
era5,huai_an_3,2025-12-01,2025-12-31,fail,,,,重试耗尽
era5,huai_an_3,2026-01-01,2026-01-31,fail,,,,重试耗尽
era5,yancheng_1,2024-02-01,2024-02-29,fail,,,,重试耗尽
era5,yancheng_1,2024-03-01,2024-03-31,fail,,,,重试耗尽
era5,yancheng_1,2024-04-01,2024-04-30,fail,,,,重试耗尽
era5,yancheng_1,2024-05-01,2024-05-31,fail,,,,重试耗尽
era5,yancheng_1,2024-06-01,2024-06-30,fail,,,,重试耗尽
era5,yancheng_1,2024-07-01,2024-07-31,fail,,,,重试耗尽
era5,yancheng_1,2024-08-01,2024-08-31,fail,,,,重试耗尽
era5,yancheng_1,2024-09-01,2024-09-30,fail,,,,重试耗尽
era5,yancheng_1,2024-10-01,2024-10-31,fail,,,,重试耗尽
era5,yancheng_1,2024-11-01,2024-11-30,fail,,,,重试耗尽
era5,yancheng_1,2024-12-01,2024-12-31,fail,,,,重试耗尽
era5,yancheng_1,2025-01-01,2025-01-31,fail,,,,重试耗尽
era5,yancheng_1,2025-02-01,2025-02-28,fail,,,,重试耗尽
era5,yancheng_1,2025-03-01,2025-03-31,fail,,,,重试耗尽
era5,yancheng_1,2025-04-01,2025-04-30,fail,,,,重试耗尽
era5,yancheng_1,2025-05-01,2025-05-31,fail,,,,重试耗尽
era5,yancheng_1,2025-06-01,2025-06-30,fail,,,,重试耗尽
era5,yancheng_1,2025-07-01,2025-07-31,fail,,,,重试耗尽
era5,yancheng_1,2025-08-01,2025-08-31,fail,,,,重试耗尽
era5,yancheng_1,2025-09-01,2025-09-30,fail,,,,重试耗尽
era5,yancheng_1,2025-10-01,2025-10-31,fail,,,,重试耗尽
era5,yancheng_1,2025-11-01,2025-11-30,fail,,,,重试耗尽
era5,yancheng_1,2025-12-01,2025-12-31,fail,,,,重试耗尽
era5,yancheng_1,2026-01-01,2026-01-31,fail,,,,重试耗尽
era5,lianyungang_1,2024-02-01,2024-02-29,fail,,,,重试耗尽
era5,lianyungang_1,2024-03-01,2024-03-31,fail,,,,重试耗尽
era5,lianyungang_1,2024-04-01,2024-04-30,fail,,,,重试耗尽
era5,lianyungang_1,2024-05-01,2024-05-31,fail,,,,重试耗尽
era5,lianyungang_1,2024-06-01,2024-06-30,fail,,,,重试耗尽
era5,lianyungang_1,2024-07-01,2024-07-31,fail,,,,重试耗尽
era5,lianyungang_1,2024-08-01,2024-08-31,fail,,,,重试耗尽
era5,lianyungang_1,2024-09-01,2024-09-30,fail,,,,重试耗尽
era5,lianyungang_1,2024-10-01,2024-10-31,fail,,,,重试耗尽
era5,lianyungang_1,2024-11-01,2024-11-30,fail,,,,重试耗尽
era5,lianyungang_1,2024-12-01,2024-12-31,fail,,,,重试耗尽
era5,lianyungang_1,2025-02-01,2025-02-28,fail,,,,重试耗尽
era5,lianyungang_1,2025-01-01,2025-01-31,fail,,,,重试耗尽
era5,lianyungang_1,2025-03-01,2025-03-31,fail,,,,重试耗尽
era5,lianyungang_1,2025-04-01,2025-04-30,fail,,,,重试耗尽
era5,lianyungang_1,2025-05-01,2025-05-31,fail,,,,重试耗尽
era5,lianyungang_1,2025-06-01,2025-06-30,fail,,,,重试耗尽
era5,lianyungang_1,2025-07-01,2025-07-31,fail,,,,重试耗尽
era5,lianyungang_1,2025-08-01,2025-08-31,fail,,,,重试耗尽
era5,lianyungang_1,2025-09-01,2025-09-30,fail,,,,重试耗尽
era5,lianyungang_1,2025-10-01,2025-10-31,fail,,,,重试耗尽
era5,lianyungang_1,2025-11-01,2025-11-30,fail,,,,重试耗尽
era5,lianyungang_1,2025-12-01,2025-12-31,fail,,,,重试耗尽
era5,lianyungang_1,2026-01-01,2026-01-31,fail,,,,重试耗尽
era5,yancheng_2,2024-02-01,2024-02-29,fail,,,,重试耗尽
era5,yancheng_2,2024-03-01,2024-03-31,fail,,,,重试耗尽
era5,yancheng_2,2024-04-01,2024-04-30,fail,,,,重试耗尽
era5,yancheng_2,2024-06-01,2024-06-30,fail,,,,重试耗尽
era5,yancheng_2,2024-05-01,2024-05-31,fail,,,,重试耗尽
era5,yancheng_2,2024-07-01,2024-07-31,fail,,,,重试耗尽
era5,yancheng_2,2024-08-01,2024-08-31,fail,,,,重试耗尽
era5,yancheng_2,2024-09-01,2024-09-30,fail,,,,重试耗尽
era5,yancheng_2,2024-10-01,2024-10-31,fail,,,,重试耗尽
era5,yancheng_2,2024-11-01,2024-11-30,fail,,,,重试耗尽
era5,yancheng_2,2024-12-01,2024-12-31,fail,,,,重试耗尽
era5,yancheng_2,2025-01-01,2025-01-31,fail,,,,重试耗尽
era5,yancheng_2,2025-02-01,2025-02-28,fail,,,,重试耗尽
era5,yancheng_2,2025-03-01,2025-03-31,fail,,,,重试耗尽
era5,yancheng_2,2025-04-01,2025-04-30,fail,,,,重试耗尽
era5,yancheng_2,2025-05-01,2025-05-31,fail,,,,重试耗尽
era5,yancheng_2,2025-06-01,2025-06-30,fail,,,,重试耗尽
era5,yancheng_2,2025-07-01,2025-07-31,fail,,,,重试耗尽
era5,yancheng_2,2025-08-01,2025-08-31,fail,,,,重试耗尽
era5,yancheng_2,2025-09-01,2025-09-30,fail,,,,重试耗尽
era5,yancheng_2,2025-10-01,2025-10-31,fail,,,,重试耗尽
era5,yancheng_2,2025-11-01,2025-11-30,fail,,,,重试耗尽
era5,yancheng_2,2025-12-01,2025-12-31,fail,,,,重试耗尽
era5,yancheng_2,2026-01-01,2026-01-31,fail,,,,重试耗尽
era5,yancheng_3,2024-02-01,2024-02-29,fail,,,,重试耗尽
era5,yancheng_3,2024-03-01,2024-03-31,fail,,,,重试耗尽
era5,yancheng_3,2024-04-01,2024-04-30,fail,,,,重试耗尽
era5,yancheng_3,2024-05-01,2024-05-31,fail,,,,重试耗尽
era5,yancheng_3,2024-06-01,2024-06-30,fail,,,,重试耗尽
era5,yancheng_3,2024-07-01,2024-07-31,fail,,,,重试耗尽
era5,yancheng_3,2024-08-01,2024-08-31,fail,,,,重试耗尽
era5,yancheng_3,2024-09-01,2024-09-30,fail,,,,重试耗尽
era5,yancheng_3,2024-10-01,2024-10-31,fail,,,,重试耗尽
era5,yancheng_3,2024-11-01,2024-11-30,fail,,,,重试耗尽
era5,yancheng_3,2024-12-01,2024-12-31,fail,,,,重试耗尽
era5,yancheng_3,2025-01-01,2025-01-31,fail,,,,重试耗尽
era5,yancheng_3,2025-02-01,2025-02-28,fail,,,,重试耗尽
era5,yancheng_3,2025-03-01,2025-03-31,fail,,,,重试耗尽
era5,yancheng_3,2025-04-01,2025-04-30,fail,,,,重试耗尽
era5,yancheng_3,2025-05-01,2025-05-31,fail,,,,重试耗尽
era5,yancheng_3,2025-06-01,2025-06-30,fail,,,,重试耗尽
era5,yancheng_3,2025-07-01,2025-07-31,fail,,,,重试耗尽
era5,yancheng_3,2025-08-01,2025-08-31,fail,,,,重试耗尽
era5,yancheng_3,2025-09-01,2025-09-30,fail,,,,重试耗尽
era5,yancheng_3,2025-10-01,2025-10-31,fail,,,,重试耗尽
era5,yancheng_3,2025-11-01,2025-11-30,fail,,,,重试耗尽
era5,yancheng_3,2025-12-01,2025-12-31,fail,,,,重试耗尽
era5,yancheng_3,2026-01-01,2026-01-31,fail,,,,重试耗尽
era5,lianyungang_2,2024-02-01,2024-02-29,fail,,,,重试耗尽
era5,lianyungang_2,2024-03-01,2024-03-31,fail,,,,重试耗尽
era5,lianyungang_2,2024-04-01,2024-04-30,fail,,,,重试耗尽
era5,lianyungang_2,2024-05-01,2024-05-31,fail,,,,重试耗尽
era5,lianyungang_2,2024-06-01,2024-06-30,fail,,,,重试耗尽
era5,lianyungang_2,2024-07-01,2024-07-31,fail,,,,重试耗尽
era5,lianyungang_2,2024-08-01,2024-08-31,fail,,,,重试耗尽
era5,lianyungang_2,2024-10-01,2024-10-31,fail,,,,重试耗尽
era5,lianyungang_2,2024-09-01,2024-09-30,fail,,,,重试耗尽
era5,lianyungang_2,2024-11-01,2024-11-30,fail,,,,重试耗尽
era5,lianyungang_2,2024-12-01,2024-12-31,fail,,,,重试耗尽
era5,lianyungang_2,2025-01-01,2025-01-31,fail,,,,重试耗尽
era5,lianyungang_2,2025-02-01,2025-02-28,fail,,,,重试耗尽
era5,lianyungang_2,2025-03-01,2025-03-31,fail,,,,重试耗尽
era5,lianyungang_2,2025-04-01,2025-04-30,fail,,,,重试耗尽
era5,lianyungang_2,2025-05-01,2025-05-31,fail,,,,重试耗尽
era5,lianyungang_2,2025-06-01,2025-06-30,fail,,,,重试耗尽
era5,lianyungang_2,2025-07-01,2025-07-31,fail,,,,重试耗尽
era5,lianyungang_2,2025-08-01,2025-08-31,fail,,,,重试耗尽
era5,lianyungang_2,2025-09-01,2025-09-30,fail,,,,重试耗尽
era5,lianyungang_2,2025-10-01,2025-10-31,fail,,,,重试耗尽
era5,lianyungang_2,2025-11-01,2025-11-30,fail,,,,重试耗尽
era5,lianyungang_2,2025-12-01,2025-12-31,fail,,,,重试耗尽
era5,lianyungang_2,2026-01-01,2026-01-31,fail,,,,重试耗尽
previous_runs,changzhou_1,2024-04-01,2024-04-30,ok,31.454605,119.765625,167366,
previous_runs,changzhou_1,2024-03-01,2024-03-31,ok,31.454605,119.765625,169605,
previous_runs,changzhou_1,2024-02-01,2024-02-29,ok,31.454605,119.765625,155891,
previous_runs,changzhou_1,2024-05-01,2024-05-31,ok,31.454605,119.765625,174528,
previous_runs,changzhou_1,2024-06-01,2024-06-30,ok,31.454605,119.765625,168978,
previous_runs,changzhou_1,2024-07-01,2024-07-31,ok,31.454605,119.765625,174587,
previous_runs,changzhou_1,2024-08-01,2024-08-31,ok,31.454605,119.765625,173863,
previous_runs,changzhou_1,2024-09-01,2024-09-30,ok,31.454605,119.765625,167092,
previous_runs,changzhou_1,2024-10-01,2024-10-31,ok,31.454605,119.765625,169348,
previous_runs,changzhou_1,2024-11-01,2024-11-30,ok,31.454605,119.765625,162109,
previous_runs,changzhou_1,2025-01-01,2025-01-31,ok,31.454605,119.765625,168237,
previous_runs,changzhou_1,2024-12-01,2024-12-31,ok,31.454605,119.765625,165970,
previous_runs,changzhou_1,2025-02-01,2025-02-28,ok,31.454605,119.765625,153101,
previous_runs,changzhou_1,2025-03-01,2025-03-31,ok,31.454605,119.765625,169581,
previous_runs,changzhou_1,2025-04-01,2025-04-30,ok,31.454605,119.765625,168001,
previous_runs,changzhou_1,2025-05-01,2025-05-31,ok,31.454605,119.765625,175130,
previous_runs,changzhou_1,2025-06-01,2025-06-30,ok,31.454605,119.765625,168312,
previous_runs,changzhou_1,2025-07-01,2025-07-31,ok,31.454605,119.765625,174645,
previous_runs,changzhou_1,2025-08-01,2025-08-31,ok,31.454605,119.765625,173791,
previous_runs,changzhou_1,2025-10-01,2025-10-31,ok,31.454605,119.765625,170031,
previous_runs,changzhou_1,2025-09-01,2025-09-30,ok,31.454605,119.765625,166278,
previous_runs,changzhou_1,2025-11-01,2025-11-30,ok,31.454605,119.765625,162216,
previous_runs,changzhou_1,2025-12-01,2025-12-31,ok,31.454605,119.765625,166789,
previous_runs,changzhou_1,2026-01-01,2026-01-31,ok,31.454605,119.765625,167188,
previous_runs,nanjing_1,2024-02-01,2024-02-29,ok,31.923203,118.59375,156335,
previous_runs,nanjing_1,2024-03-01,2024-03-31,ok,31.923203,118.59375,169193,
previous_runs,nanjing_1,2024-04-01,2024-04-30,ok,31.923203,118.59375,166951,
previous_runs,nanjing_1,2024-05-01,2024-05-31,ok,31.923203,118.59375,173934,
previous_runs,nanjing_1,2024-06-01,2024-06-30,ok,31.923203,118.59375,169180,
previous_runs,nanjing_1,2024-07-01,2024-07-31,ok,31.923203,118.59375,173697,
previous_runs,nanjing_1,2024-08-01,2024-08-31,ok,31.923203,118.59375,173139,
previous_runs,nanjing_1,2024-09-01,2024-09-30,ok,31.923203,118.59375,166520,
previous_runs,nanjing_1,2024-10-01,2024-10-31,ok,31.923203,118.59375,169266,
previous_runs,nanjing_1,2024-11-01,2024-11-30,ok,31.923203,118.59375,161540,
previous_runs,nanjing_1,2024-12-01,2024-12-31,ok,31.923203,118.59375,165981,
previous_runs,nanjing_1,2025-01-01,2025-01-31,ok,31.923203,118.59375,167928,
previous_runs,nanjing_1,2025-02-01,2025-02-28,ok,31.923203,118.59375,153228,
previous_runs,nanjing_1,2025-03-01,2025-03-31,ok,31.923203,118.59375,169740,
previous_runs,nanjing_1,2025-04-01,2025-04-30,ok,31.923203,118.59375,168237,
previous_runs,nanjing_1,2025-05-01,2025-05-31,ok,31.923203,118.59375,174727,
previous_runs,nanjing_1,2025-06-01,2025-06-30,ok,31.923203,118.59375,168446,
previous_runs,nanjing_1,2025-07-01,2025-07-31,ok,31.923203,118.59375,173968,
previous_runs,nanjing_1,2025-08-01,2025-08-31,ok,31.923203,118.59375,172964,
previous_runs,nanjing_1,2025-09-01,2025-09-30,ok,31.923203,118.59375,165878,
previous_runs,nanjing_1,2025-10-01,2025-10-31,ok,31.923203,118.59375,169413,
previous_runs,nanjing_1,2025-11-01,2025-11-30,ok,31.923203,118.59375,161958,
previous_runs,nanjing_1,2025-12-01,2025-12-31,ok,31.923203,118.59375,166987,
previous_runs,nanjing_1,2026-01-01,2026-01-31,ok,31.923203,118.59375,167025,
previous_runs,suzhou_1,2024-02-01,2024-02-29,ok,31.454605,121.05469,155795,
previous_runs,suzhou_1,2024-03-01,2024-03-31,ok,31.454605,121.05469,169539,
previous_runs,suzhou_1,2024-04-01,2024-04-30,ok,31.454605,121.05469,166540,
previous_runs,suzhou_1,2024-05-01,2024-05-31,ok,31.454605,121.05469,173733,
previous_runs,suzhou_1,2024-06-01,2024-06-30,ok,31.454605,121.05469,168522,
previous_runs,suzhou_1,2024-07-01,2024-07-31,ok,31.454605,121.05469,174960,
previous_runs,suzhou_1,2024-08-01,2024-08-31,ok,31.454605,121.05469,173134,
previous_runs,suzhou_1,2024-09-01,2024-09-30,ok,31.454605,121.05469,166466,
previous_runs,suzhou_1,2024-10-01,2024-10-31,ok,31.454605,121.05469,169395,
previous_runs,suzhou_1,2024-11-01,2024-11-30,ok,31.454605,121.05469,162336,
previous_runs,suzhou_1,2024-12-01,2024-12-31,ok,31.454605,121.05469,166280,
previous_runs,suzhou_1,2025-01-01,2025-01-31,ok,31.454605,121.05469,168289,
previous_runs,suzhou_1,2025-02-01,2025-02-28,ok,31.454605,121.05469,152829,
previous_runs,suzhou_1,2025-03-01,2025-03-31,ok,31.454605,121.05469,169050,
previous_runs,suzhou_1,2025-04-01,2025-04-30,ok,31.454605,121.05469,167828,
previous_runs,suzhou_1,2025-05-01,2025-05-31,ok,31.454605,121.05469,174371,
previous_runs,suzhou_1,2025-06-01,2025-06-30,ok,31.454605,121.05469,167995,
previous_runs,suzhou_1,2025-07-01,2025-07-31,ok,31.454605,121.05469,174448,
previous_runs,suzhou_1,2025-08-01,2025-08-31,ok,31.454605,121.05469,173594,
previous_runs,suzhou_1,2025-09-01,2025-09-30,ok,31.454605,121.05469,166431,
previous_runs,suzhou_1,2025-10-01,2025-10-31,ok,31.454605,121.05469,170034,
previous_runs,suzhou_1,2025-11-01,2025-11-30,ok,31.454605,121.05469,162441,
previous_runs,suzhou_1,2025-12-01,2025-12-31,ok,31.454605,121.05469,166717,
previous_runs,suzhou_1,2026-01-01,2026-01-31,ok,31.454605,121.05469,166757,
previous_runs,wuxi_1,2024-02-01,2024-02-29,ok,31.103157,120.234375,155815,
previous_runs,wuxi_1,2024-03-01,2024-03-31,ok,31.103157,120.234375,169910,
previous_runs,wuxi_1,2024-04-01,2024-04-30,ok,31.103157,120.234375,167913,
previous_runs,wuxi_1,2024-05-01,2024-05-31,ok,31.103157,120.234375,175099,
previous_runs,wuxi_1,2024-06-01,2024-06-30,ok,31.103157,120.234375,169185,
previous_runs,wuxi_1,2024-07-01,2024-07-31,ok,31.103157,120.234375,175193,
previous_runs,wuxi_1,2024-08-01,2024-08-31,ok,31.103157,120.234375,174224,
previous_runs,wuxi_1,2024-09-01,2024-09-30,ok,31.103157,120.234375,167175,
previous_runs,wuxi_1,2024-10-01,2024-10-31,ok,31.103157,120.234375,170372,
previous_runs,wuxi_1,2024-11-01,2024-11-30,ok,31.103157,120.234375,163155,
previous_runs,wuxi_1,2025-01-01,2025-01-31,ok,31.103157,120.234375,167438,
previous_runs,wuxi_1,2024-12-01,2024-12-31,ok,31.103157,120.234375,166619,
previous_runs,wuxi_1,2025-02-01,2025-02-28,ok,31.103157,120.234375,152556,
previous_runs,wuxi_1,2025-03-01,2025-03-31,ok,31.103157,120.234375,169561,
previous_runs,wuxi_1,2025-04-01,2025-04-30,ok,31.103157,120.234375,168555,
previous_runs,wuxi_1,2025-05-01,2025-05-31,ok,31.103157,120.234375,175723,
previous_runs,wuxi_1,2025-06-01,2025-06-30,ok,31.103157,120.234375,168771,
previous_runs,wuxi_1,2025-07-01,2025-07-31,ok,31.103157,120.234375,174756,
previous_runs,wuxi_1,2025-08-01,2025-08-31,ok,31.103157,120.234375,173887,
previous_runs,wuxi_1,2025-09-01,2025-09-30,ok,31.103157,120.234375,167228,
previous_runs,wuxi_1,2025-10-01,2025-10-31,ok,31.103157,120.234375,171259,
previous_runs,wuxi_1,2025-11-01,2025-11-30,ok,31.103157,120.234375,163247,
previous_runs,wuxi_1,2025-12-01,2025-12-31,ok,31.103157,120.234375,166746,
previous_runs,wuxi_1,2026-01-01,2026-01-31,ok,31.103157,120.234375,166214,
previous_runs,nanjing_2,2024-02-01,2024-02-29,ok,31.454605,119.0625,155855,
previous_runs,nanjing_2,2024-03-01,2024-03-31,ok,31.454605,119.0625,168990,
previous_runs,nanjing_2,2024-04-01,2024-04-30,ok,31.454605,119.0625,166813,
previous_runs,nanjing_2,2024-05-01,2024-05-31,ok,31.454605,119.0625,173686,
previous_runs,nanjing_2,2024-06-01,2024-06-30,ok,31.454605,119.0625,168555,
previous_runs,nanjing_2,2024-07-01,2024-07-31,ok,31.454605,119.0625,173956,
previous_runs,nanjing_2,2024-08-01,2024-08-31,ok,31.454605,119.0625,172999,
previous_runs,nanjing_2,2024-09-01,2024-09-30,ok,31.454605,119.0625,166473,
previous_runs,nanjing_2,2024-10-01,2024-10-31,ok,31.454605,119.0625,169191,
previous_runs,nanjing_2,2024-11-01,2024-11-30,ok,31.454605,119.0625,161699,
previous_runs,nanjing_2,2024-12-01,2024-12-31,ok,31.454605,119.0625,165749,
previous_runs,nanjing_2,2025-01-01,2025-01-31,ok,31.454605,119.0625,167533,
previous_runs,nanjing_2,2025-02-01,2025-02-28,ok,31.454605,119.0625,152616,
previous_runs,nanjing_2,2025-03-01,2025-03-31,ok,31.454605,119.0625,169377,
previous_runs,nanjing_2,2025-04-01,2025-04-30,ok,31.454605,119.0625,167880,
previous_runs,nanjing_2,2025-05-01,2025-05-31,ok,31.454605,119.0625,174618,
previous_runs,nanjing_2,2025-06-01,2025-06-30,ok,31.454605,119.0625,168173,
previous_runs,nanjing_2,2025-07-01,2025-07-31,ok,31.454605,119.0625,174019,
previous_runs,nanjing_2,2025-09-01,2025-09-30,ok,31.454605,119.0625,165822,
previous_runs,nanjing_2,2025-08-01,2025-08-31,ok,31.454605,119.0625,173016,
previous_runs,nanjing_2,2025-10-01,2025-10-31,ok,31.454605,119.0625,169686,
previous_runs,nanjing_2,2025-11-01,2025-11-30,ok,31.454605,119.0625,161957,
previous_runs,nanjing_2,2026-01-01,2026-01-31,ok,31.454605,119.0625,166609,
previous_runs,nanjing_2,2025-12-01,2025-12-31,ok,31.454605,119.0625,166485,
previous_runs,taizhou_1,2024-02-01,2024-02-29,ok,32.743248,119.765625,156971,
previous_runs,taizhou_1,2024-03-01,2024-03-31,ok,32.743248,119.765625,169741,
previous_runs,taizhou_1,2024-04-01,2024-04-30,ok,32.743248,119.765625,167655,
previous_runs,taizhou_1,2024-05-01,2024-05-31,ok,32.743248,119.765625,174370,
previous_runs,taizhou_1,2024-08-01,2024-08-31,ok,32.743248,119.765625,173711,
previous_runs,taizhou_1,2024-09-01,2024-09-30,ok,32.743248,119.765625,166776,
previous_runs,taizhou_1,2024-10-01,2024-10-31,ok,32.743248,119.765625,169346,
previous_runs,taizhou_1,2024-11-01,2024-11-30,ok,32.743248,119.765625,161823,
previous_runs,taizhou_1,2024-12-01,2024-12-31,ok,32.743248,119.765625,166791,
previous_runs,taizhou_1,2025-01-01,2025-01-31,ok,32.743248,119.765625,168963,
previous_runs,taizhou_1,2025-02-01,2025-02-28,ok,32.743248,119.765625,154314,
previous_runs,taizhou_1,2025-03-01,2025-03-31,ok,32.743248,119.765625,169881,
previous_runs,taizhou_1,2025-04-01,2025-04-30,ok,32.743248,119.765625,168163,
previous_runs,taizhou_1,2025-05-01,2025-05-31,ok,32.743248,119.765625,174835,
previous_runs,taizhou_1,2025-06-01,2025-06-30,ok,32.743248,119.765625,169011,
previous_runs,taizhou_1,2025-07-01,2025-07-31,ok,32.743248,119.765625,174721,
previous_runs,taizhou_1,2025-08-01,2025-08-31,ok,32.743248,119.765625,173337,
previous_runs,taizhou_1,2025-09-01,2025-09-30,ok,32.743248,119.765625,166028,
previous_runs,taizhou_1,2025-10-01,2025-10-31,ok,32.743248,119.765625,169573,
previous_runs,taizhou_1,2025-11-01,2025-11-30,ok,32.743248,119.765625,162197,
previous_runs,taizhou_1,2025-12-01,2025-12-31,ok,32.743248,119.765625,167089,
previous_runs,taizhou_1,2026-01-01,2026-01-31,ok,32.743248,119.765625,168066,
previous_runs,taizhou_2,2024-02-01,2024-02-29,ok,32.743248,120.58594,156421,
previous_runs,taizhou_2,2024-03-01,2024-03-31,ok,32.743248,120.58594,169550,
previous_runs,taizhou_2,2024-04-01,2024-04-30,ok,32.743248,120.58594,167759,
previous_runs,taizhou_2,2024-05-01,2024-05-31,ok,32.743248,120.58594,174242,
previous_runs,taizhou_2,2024-06-01,2024-06-30,ok,32.743248,120.58594,170217,
previous_runs,taizhou_2,2024-07-01,2024-07-31,ok,32.743248,120.58594,175294,
previous_runs,taizhou_2,2024-08-01,2024-08-31,ok,32.743248,120.58594,174084,
previous_runs,taizhou_2,2024-09-01,2024-09-30,ok,32.743248,120.58594,166851,
previous_runs,taizhou_2,2024-10-01,2024-10-31,ok,32.743248,120.58594,169606,
previous_runs,taizhou_2,2024-11-01,2024-11-30,ok,32.743248,120.58594,162066,
previous_runs,taizhou_2,2024-12-01,2024-12-31,ok,32.743248,120.58594,167070,
previous_runs,taizhou_2,2025-01-01,2025-01-31,ok,32.743248,120.58594,168806,
previous_runs,taizhou_2,2025-02-01,2025-02-28,ok,32.743248,120.58594,154172,
previous_runs,taizhou_2,2025-03-01,2025-03-31,ok,32.743248,120.58594,169720,
previous_runs,taizhou_2,2025-04-01,2025-04-30,ok,32.743248,120.58594,167853,
previous_runs,taizhou_2,2025-05-01,2025-05-31,ok,32.743248,120.58594,174664,
previous_runs,taizhou_2,2025-06-01,2025-06-30,ok,32.743248,120.58594,168916,
previous_runs,taizhou_2,2025-07-01,2025-07-31,ok,32.743248,120.58594,174367,
previous_runs,taizhou_2,2025-08-01,2025-08-31,ok,32.743248,120.58594,173524,
previous_runs,taizhou_2,2025-09-01,2025-09-30,ok,32.743248,120.58594,166431,
previous_runs,taizhou_2,2025-10-01,2025-10-31,ok,32.743248,120.58594,169964,
previous_runs,taizhou_2,2025-11-01,2025-11-30,ok,32.743248,120.58594,162272,
previous_runs,taizhou_2,2025-12-01,2025-12-31,ok,32.743248,120.58594,166775,
previous_runs,taizhou_2,2026-01-01,2026-01-31,ok,32.743248,120.58594,168019,
previous_runs,nantong_1,2024-02-01,2024-02-29,ok,31.923203,121.05469,156351,
previous_runs,nantong_1,2024-03-01,2024-03-31,ok,31.923203,121.05469,169923,
previous_runs,nantong_1,2024-04-01,2024-04-30,ok,31.923203,121.05469,167518,
previous_runs,nantong_1,2024-05-01,2024-05-31,ok,31.923203,121.05469,174421,
previous_runs,nantong_1,2024-06-01,2024-06-30,ok,31.923203,121.05469,170043,
previous_runs,nantong_1,2024-07-01,2024-07-31,ok,31.923203,121.05469,175525,
previous_runs,nantong_1,2024-08-01,2024-08-31,ok,31.923203,121.05469,174147,
previous_runs,nantong_1,2024-09-01,2024-09-30,ok,31.923203,121.05469,167006,
previous_runs,nantong_1,2024-10-01,2024-10-31,ok,31.923203,121.05469,170025,
previous_runs,nantong_1,2024-11-01,2024-11-30,ok,31.923203,121.05469,162411,
previous_runs,nantong_1,2024-12-01,2024-12-31,ok,31.923203,121.05469,166495,
previous_runs,nantong_1,2025-01-01,2025-01-31,ok,31.923203,121.05469,168524,
previous_runs,nantong_1,2025-02-01,2025-02-28,ok,31.923203,121.05469,153295,
previous_runs,nantong_1,2025-03-01,2025-03-31,ok,31.923203,121.05469,169518,
previous_runs,nantong_1,2025-04-01,2025-04-30,ok,31.923203,121.05469,168112,
previous_runs,nantong_1,2025-05-01,2025-05-31,ok,31.923203,121.05469,175015,
previous_runs,nantong_1,2025-06-01,2025-06-30,ok,31.923203,121.05469,168749,
previous_runs,nantong_1,2025-07-01,2025-07-31,ok,31.923203,121.05469,174724,
previous_runs,nantong_1,2025-08-01,2025-08-31,ok,31.923203,121.05469,174137,
previous_runs,nantong_1,2025-09-01,2025-09-30,ok,31.923203,121.05469,167125,
previous_runs,nantong_1,2025-10-01,2025-10-31,ok,31.923203,121.05469,170320,
previous_runs,nantong_1,2025-11-01,2025-11-30,ok,31.923203,121.05469,162456,
previous_runs,nantong_1,2025-12-01,2025-12-31,ok,31.923203,121.05469,166753,
previous_runs,nantong_1,2026-01-01,2026-01-31,ok,31.923203,121.05469,167434,
previous_runs,nantong_2,2024-02-01,2024-02-29,ok,31.923203,121.75781,156368,
previous_runs,nantong_2,2024-03-01,2024-03-31,ok,31.923203,121.75781,169825,
previous_runs,nantong_2,2024-04-01,2024-04-30,ok,31.923203,121.75781,167901,
previous_runs,nantong_2,2024-05-01,2024-05-31,ok,31.923203,121.75781,174709,
previous_runs,nantong_2,2024-06-01,2024-06-30,ok,31.923203,121.75781,170140,
previous_runs,nantong_2,2024-07-01,2024-07-31,ok,31.923203,121.75781,175775,
previous_runs,nantong_2,2024-08-01,2024-08-31,ok,31.923203,121.75781,174635,
previous_runs,nantong_2,2024-09-01,2024-09-30,ok,31.923203,121.75781,167322,
previous_runs,nantong_2,2024-10-01,2024-10-31,ok,31.923203,121.75781,170488,
previous_runs,nantong_2,2024-11-01,2024-11-30,ok,31.923203,121.75781,163023,
previous_runs,nantong_2,2024-12-01,2024-12-31,ok,31.923203,121.75781,166885,
previous_runs,nantong_2,2025-01-01,2025-01-31,ok,31.923203,121.75781,168052,
previous_runs,nantong_2,2025-02-01,2025-02-28,ok,31.923203,121.75781,153437,
previous_runs,nantong_2,2025-03-01,2025-03-31,ok,31.923203,121.75781,169478,
previous_runs,nantong_2,2025-04-01,2025-04-30,ok,31.923203,121.75781,168374,
previous_runs,nantong_2,2025-05-01,2025-05-31,ok,31.923203,121.75781,175501,
previous_runs,nantong_2,2025-06-01,2025-06-30,ok,31.923203,121.75781,168976,
previous_runs,nantong_2,2025-07-01,2025-07-31,ok,31.923203,121.75781,174834,
previous_runs,nantong_2,2025-08-01,2025-08-31,ok,31.923203,121.75781,174733,
previous_runs,nantong_2,2025-09-01,2025-09-30,ok,31.923203,121.75781,167831,
previous_runs,nantong_2,2025-10-01,2025-10-31,ok,31.923203,121.75781,171020,
previous_runs,nantong_2,2025-11-01,2025-11-30,ok,31.923203,121.75781,162950,
previous_runs,nantong_2,2025-12-01,2025-12-31,ok,31.923203,121.75781,167245,
previous_runs,nantong_2,2026-01-01,2026-01-31,ok,31.923203,121.75781,167306,
previous_runs,suqian_1,2024-02-01,2024-02-29,ok,33.91474,118.24219,158605,
previous_runs,suqian_1,2024-03-01,2024-03-31,ok,33.91474,118.24219,169860,
previous_runs,suqian_1,2024-04-01,2024-04-30,ok,33.91474,118.24219,167818,
previous_runs,suqian_1,2024-05-01,2024-05-31,ok,33.91474,118.24219,174541,
previous_runs,suqian_1,2024-06-01,2024-06-30,ok,33.91474,118.24219,170119,
previous_runs,suqian_1,2024-07-01,2024-07-31,ok,33.91474,118.24219,173776,
previous_runs,suqian_1,2024-08-01,2024-08-31,ok,33.91474,118.24219,173206,
previous_runs,suqian_1,2024-09-01,2024-09-30,ok,33.91474,118.24219,166669,
previous_runs,suqian_1,2024-10-01,2024-10-31,ok,33.91474,118.24219,169139,
previous_runs,suqian_1,2024-11-01,2024-11-30,ok,33.91474,118.24219,162375,
previous_runs,suqian_1,2024-12-01,2024-12-31,ok,33.91474,118.24219,167937,
previous_runs,suqian_1,2025-01-01,2025-01-31,ok,33.91474,118.24219,168771,
previous_runs,suqian_1,2025-02-01,2025-02-28,ok,33.91474,118.24219,154679,
previous_runs,suqian_1,2025-03-01,2025-03-31,ok,33.91474,118.24219,170677,
previous_runs,suqian_1,2025-04-01,2025-04-30,ok,33.91474,118.24219,168305,
previous_runs,suqian_1,2025-05-01,2025-05-31,ok,33.91474,118.24219,174233,
previous_runs,suqian_1,2025-06-01,2025-06-30,ok,33.91474,118.24219,169308,
previous_runs,suqian_1,2025-07-01,2025-07-31,ok,33.91474,118.24219,174460,
previous_runs,suqian_1,2025-08-01,2025-08-31,ok,33.91474,118.24219,173310,
previous_runs,suqian_1,2025-09-01,2025-09-30,ok,33.91474,118.24219,165164,
previous_runs,suqian_1,2025-10-01,2025-10-31,ok,33.91474,118.24219,168767,
previous_runs,suqian_1,2025-11-01,2025-11-30,ok,33.91474,118.24219,162022,
previous_runs,suqian_1,2025-12-01,2025-12-31,ok,33.91474,118.24219,167191,
previous_runs,suqian_1,2026-01-01,2026-01-31,ok,33.91474,118.24219,168245,
previous_runs,xuzhou_1,2024-02-01,2024-02-29,ok,34.734787,116.60156,158775,
previous_runs,xuzhou_1,2024-03-01,2024-03-31,ok,34.734787,116.60156,170334,
previous_runs,xuzhou_1,2024-04-01,2024-04-30,ok,34.734787,116.60156,167942,
previous_runs,xuzhou_1,2024-05-01,2024-05-31,ok,34.734787,116.60156,174170,
previous_runs,xuzhou_1,2024-06-01,2024-06-30,ok,34.734787,116.60156,169285,
previous_runs,xuzhou_1,2024-07-01,2024-07-31,ok,34.734787,116.60156,172787,
previous_runs,xuzhou_1,2024-08-01,2024-08-31,ok,34.734787,116.60156,171960,
previous_runs,xuzhou_1,2024-09-01,2024-09-30,ok,34.734787,116.60156,166240,
previous_runs,xuzhou_1,2024-10-01,2024-10-31,ok,34.734787,116.60156,169587,
previous_runs,taizhou_1,2024-06-01,2024-06-30,ok,32.743248,119.765625,170227,
previous_runs,taizhou_1,2024-07-01,2024-07-31,ok,32.743248,119.765625,175036,
previous_runs,xuzhou_1,2024-11-01,2024-11-30,ok,34.734787,116.60156,162795,
previous_runs,xuzhou_1,2024-12-01,2024-12-31,ok,34.734787,116.60156,168526,
previous_runs,xuzhou_1,2025-03-01,2025-03-31,ok,34.734787,116.60156,171358,
previous_runs,xuzhou_1,2025-04-01,2025-04-30,ok,34.734787,116.60156,167999,
previous_runs,xuzhou_1,2025-05-01,2025-05-31,ok,34.734787,116.60156,174018,
previous_runs,xuzhou_1,2025-06-01,2025-06-30,ok,34.734787,116.60156,169039,
previous_runs,xuzhou_1,2025-07-01,2025-07-31,ok,34.734787,116.60156,174119,
previous_runs,xuzhou_1,2025-08-01,2025-08-31,ok,34.734787,116.60156,173351,
previous_runs,xuzhou_1,2025-09-01,2025-09-30,ok,34.734787,116.60156,165226,
previous_runs,xuzhou_1,2025-10-01,2025-10-31,ok,34.734787,116.60156,168630,
previous_runs,xuzhou_1,2025-11-01,2025-11-30,ok,34.734787,116.60156,162265,
previous_runs,xuzhou_1,2025-12-01,2025-12-31,ok,34.734787,116.60156,167731,
previous_runs,xuzhou_1,2026-01-01,2026-01-31,ok,34.734787,116.60156,168519,
previous_runs,huai_an_1,2024-02-01,2024-02-29,ok,33.094696,119.41406,157415,
previous_runs,huai_an_1,2024-03-01,2024-03-31,ok,33.094696,119.41406,169711,
previous_runs,huai_an_1,2024-04-01,2024-04-30,ok,33.094696,119.41406,167864,
previous_runs,huai_an_1,2024-05-01,2024-05-31,ok,33.094696,119.41406,174379,
previous_runs,huai_an_1,2024-06-01,2024-06-30,ok,33.094696,119.41406,170488,
previous_runs,huai_an_1,2024-07-01,2024-07-31,ok,33.094696,119.41406,174937,
previous_runs,huai_an_1,2024-08-01,2024-08-31,ok,33.094696,119.41406,173740,
previous_runs,huai_an_1,2024-09-01,2024-09-30,ok,33.094696,119.41406,166931,
previous_runs,huai_an_1,2024-10-01,2024-10-31,ok,33.094696,119.41406,169351,
previous_runs,huai_an_1,2024-11-01,2024-11-30,ok,33.094696,119.41406,161828,
previous_runs,huai_an_1,2024-12-01,2024-12-31,ok,33.094696,119.41406,167139,
previous_runs,huai_an_1,2025-01-01,2025-01-31,ok,33.094696,119.41406,168944,
previous_runs,huai_an_1,2025-02-01,2025-02-28,ok,33.094696,119.41406,154479,
previous_runs,huai_an_1,2025-03-01,2025-03-31,ok,33.094696,119.41406,170154,
previous_runs,huai_an_1,2025-04-01,2025-04-30,ok,33.094696,119.41406,168285,
previous_runs,huai_an_1,2025-05-01,2025-05-31,ok,33.094696,119.41406,174790,
previous_runs,huai_an_1,2025-06-01,2025-06-30,ok,33.094696,119.41406,169251,
previous_runs,huai_an_1,2025-07-01,2025-07-31,ok,33.094696,119.41406,174706,
previous_runs,huai_an_1,2025-08-01,2025-08-31,ok,33.094696,119.41406,173512,
previous_runs,huai_an_1,2025-09-01,2025-09-30,ok,33.094696,119.41406,165704,
previous_runs,huai_an_1,2025-10-01,2025-10-31,ok,33.094696,119.41406,169554,
previous_runs,huai_an_1,2025-11-01,2025-11-30,ok,33.094696,119.41406,162149,
previous_runs,huai_an_1,2025-12-01,2025-12-31,ok,33.094696,119.41406,167110,
previous_runs,huai_an_1,2026-01-01,2026-01-31,ok,33.094696,119.41406,168128,
previous_runs,huai_an_2,2024-02-01,2024-02-29,ok,33.91474,119.41406,158425,
previous_runs,huai_an_2,2024-03-01,2024-03-31,ok,33.91474,119.41406,169739,
previous_runs,huai_an_2,2024-04-01,2024-04-30,ok,33.91474,119.41406,167843,
previous_runs,huai_an_2,2024-05-01,2024-05-31,ok,33.91474,119.41406,174451,
previous_runs,huai_an_2,2024-06-01,2024-06-30,ok,33.91474,119.41406,170109,
previous_runs,huai_an_2,2024-07-01,2024-07-31,ok,33.91474,119.41406,174817,
previous_runs,huai_an_2,2024-08-01,2024-08-31,ok,33.91474,119.41406,173792,
previous_runs,huai_an_2,2024-09-01,2024-09-30,ok,33.91474,119.41406,166828,
previous_runs,huai_an_2,2024-10-01,2024-10-31,ok,33.91474,119.41406,169319,
previous_runs,huai_an_2,2024-11-01,2024-11-30,ok,33.91474,119.41406,162256,
previous_runs,huai_an_2,2024-12-01,2024-12-31,ok,33.91474,119.41406,167935,
previous_runs,huai_an_2,2025-01-01,2025-01-31,ok,33.91474,119.41406,168817,
previous_runs,huai_an_2,2025-02-01,2025-02-28,ok,33.91474,119.41406,154465,
previous_runs,huai_an_2,2025-03-01,2025-03-31,ok,33.91474,119.41406,170435,
previous_runs,huai_an_2,2025-04-01,2025-04-30,ok,33.91474,119.41406,168105,
previous_runs,huai_an_2,2025-05-01,2025-05-31,ok,33.91474,119.41406,174533,
previous_runs,huai_an_2,2025-06-01,2025-06-30,ok,33.91474,119.41406,169520,
previous_runs,huai_an_2,2025-07-01,2025-07-31,ok,33.91474,119.41406,174804,
previous_runs,huai_an_2,2025-08-01,2025-08-31,ok,33.91474,119.41406,173777,
previous_runs,huai_an_2,2025-09-01,2025-09-30,ok,33.91474,119.41406,165241,
previous_runs,huai_an_2,2025-10-01,2025-10-31,ok,33.91474,119.41406,169321,
previous_runs,huai_an_2,2025-11-01,2025-11-30,ok,33.91474,119.41406,162038,
previous_runs,huai_an_2,2025-12-01,2025-12-31,ok,33.91474,119.41406,166961,
previous_runs,huai_an_2,2026-01-01,2026-01-31,ok,33.91474,119.41406,168337,
previous_runs,xuzhou_2,2024-02-01,2024-02-29,ok,34.26619,117.421875,158602,
previous_runs,xuzhou_2,2024-03-01,2024-03-31,ok,34.26619,117.421875,169942,
previous_runs,xuzhou_2,2024-04-01,2024-04-30,ok,34.26619,117.421875,167632,
previous_runs,xuzhou_1,2025-02-01,2025-02-28,ok,34.734787,116.60156,155037,
previous_runs,xuzhou_1,2025-01-01,2025-01-31,ok,34.734787,116.60156,169219,
previous_runs,xuzhou_2,2024-05-01,2024-05-31,ok,34.26619,117.421875,174140,
previous_runs,xuzhou_2,2024-08-01,2024-08-31,ok,34.26619,117.421875,172431,
previous_runs,xuzhou_2,2024-09-01,2024-09-30,ok,34.26619,117.421875,166438,
previous_runs,xuzhou_2,2024-10-01,2024-10-31,ok,34.26619,117.421875,169224,
previous_runs,xuzhou_2,2024-11-01,2024-11-30,ok,34.26619,117.421875,162420,
previous_runs,xuzhou_2,2024-12-01,2024-12-31,ok,34.26619,117.421875,167981,
previous_runs,xuzhou_2,2025-01-01,2025-01-31,ok,34.26619,117.421875,168535,
previous_runs,xuzhou_2,2025-02-01,2025-02-28,ok,34.26619,117.421875,154588,
previous_runs,xuzhou_2,2025-03-01,2025-03-31,ok,34.26619,117.421875,170925,
previous_runs,xuzhou_2,2025-04-01,2025-04-30,ok,34.26619,117.421875,168026,
previous_runs,xuzhou_2,2025-05-01,2025-05-31,ok,34.26619,117.421875,174015,
previous_runs,xuzhou_2,2025-06-01,2025-06-30,ok,34.26619,117.421875,169180,
previous_runs,xuzhou_2,2025-07-01,2025-07-31,ok,34.26619,117.421875,174094,
previous_runs,xuzhou_2,2025-08-01,2025-08-31,ok,34.26619,117.421875,173276,
previous_runs,xuzhou_2,2025-09-01,2025-09-30,ok,34.26619,117.421875,165055,
previous_runs,xuzhou_2,2025-10-01,2025-10-31,ok,34.26619,117.421875,168704,
previous_runs,xuzhou_2,2025-11-01,2025-11-30,ok,34.26619,117.421875,162075,
previous_runs,xuzhou_2,2025-12-01,2025-12-31,ok,34.26619,117.421875,167153,
previous_runs,xuzhou_2,2026-01-01,2026-01-31,ok,34.26619,117.421875,168172,
previous_runs,huai_an_3,2024-02-01,2024-02-29,ok,33.094696,118.59375,157535,
previous_runs,huai_an_3,2024-03-01,2024-03-31,ok,33.094696,118.59375,169922,
previous_runs,xuzhou_2,2024-06-01,2024-06-30,ok,34.26619,117.421875,169418,
previous_runs,huai_an_3,2024-04-01,2024-04-30,ok,33.094696,118.59375,168149,
previous_runs,huai_an_3,2024-05-01,2024-05-31,ok,33.094696,118.59375,174455,
previous_runs,huai_an_3,2024-06-01,2024-06-30,ok,33.094696,118.59375,170260,
previous_runs,huai_an_3,2024-07-01,2024-07-31,ok,33.094696,118.59375,174450,
previous_runs,huai_an_3,2024-08-01,2024-08-31,ok,33.094696,118.59375,173850,
previous_runs,huai_an_3,2024-09-01,2024-09-30,ok,33.094696,118.59375,167026,
previous_runs,huai_an_3,2024-10-01,2024-10-31,ok,33.094696,118.59375,169764,
previous_runs,huai_an_3,2024-11-01,2024-11-30,ok,33.094696,118.59375,162339,
previous_runs,huai_an_3,2024-12-01,2024-12-31,ok,33.094696,118.59375,167292,
previous_runs,huai_an_3,2025-01-01,2025-01-31,ok,33.094696,118.59375,168905,
previous_runs,huai_an_3,2025-02-01,2025-02-28,ok,33.094696,118.59375,154666,
previous_runs,huai_an_3,2025-03-01,2025-03-31,ok,33.094696,118.59375,170361,
previous_runs,huai_an_3,2025-04-01,2025-04-30,ok,33.094696,118.59375,168667,
previous_runs,huai_an_3,2025-05-01,2025-05-31,ok,33.094696,118.59375,174696,
previous_runs,huai_an_3,2025-06-01,2025-06-30,ok,33.094696,118.59375,169444,
previous_runs,huai_an_3,2025-07-01,2025-07-31,ok,33.094696,118.59375,174514,
previous_runs,huai_an_3,2025-08-01,2025-08-31,ok,33.094696,118.59375,173518,
previous_runs,huai_an_3,2025-09-01,2025-09-30,ok,33.094696,118.59375,165761,
previous_runs,huai_an_3,2025-10-01,2025-10-31,ok,33.094696,118.59375,169797,
previous_runs,huai_an_3,2025-11-01,2025-11-30,ok,33.094696,118.59375,162629,
previous_runs,huai_an_3,2025-12-01,2025-12-31,ok,33.094696,118.59375,167518,
previous_runs,huai_an_3,2026-01-01,2026-01-31,ok,33.094696,118.59375,168473,
previous_runs,yancheng_1,2024-02-01,2024-02-29,ok,33.91474,119.765625,158038,
previous_runs,yancheng_1,2024-03-01,2024-03-31,ok,33.91474,119.765625,169628,
previous_runs,yancheng_1,2024-04-01,2024-04-30,ok,33.91474,119.765625,167899,
previous_runs,yancheng_1,2024-05-01,2024-05-31,ok,33.91474,119.765625,174434,
previous_runs,yancheng_1,2024-06-01,2024-06-30,ok,33.91474,119.765625,170279,
previous_runs,yancheng_1,2024-07-01,2024-07-31,ok,33.91474,119.765625,175128,
previous_runs,yancheng_1,2024-08-01,2024-08-31,ok,33.91474,119.765625,173803,
previous_runs,yancheng_1,2024-09-01,2024-09-30,ok,33.91474,119.765625,166685,
previous_runs,yancheng_1,2024-10-01,2024-10-31,ok,33.91474,119.765625,169392,
previous_runs,yancheng_1,2024-11-01,2024-11-30,ok,33.91474,119.765625,162137,
previous_runs,yancheng_1,2024-12-01,2024-12-31,ok,33.91474,119.765625,168137,
previous_runs,yancheng_1,2025-01-01,2025-01-31,ok,33.91474,119.765625,169013,
previous_runs,yancheng_1,2025-02-01,2025-02-28,ok,33.91474,119.765625,154458,
previous_runs,yancheng_1,2025-03-01,2025-03-31,ok,33.91474,119.765625,170255,
previous_runs,yancheng_1,2025-04-01,2025-04-30,ok,33.91474,119.765625,168021,
previous_runs,yancheng_1,2025-05-01,2025-05-31,ok,33.91474,119.765625,174568,
previous_runs,yancheng_1,2025-06-01,2025-06-30,ok,33.91474,119.765625,169483,
previous_runs,yancheng_1,2025-07-01,2025-07-31,ok,33.91474,119.765625,174905,
previous_runs,yancheng_1,2025-08-01,2025-08-31,ok,33.91474,119.765625,173887,
previous_runs,yancheng_1,2025-09-01,2025-09-30,ok,33.91474,119.765625,165277,
previous_runs,yancheng_1,2025-10-01,2025-10-31,ok,33.91474,119.765625,169506,
previous_runs,xuzhou_2,2024-07-01,2024-07-31,ok,34.26619,117.421875,172978,
previous_runs,yancheng_1,2025-12-01,2025-12-31,ok,33.91474,119.765625,166934,
previous_runs,yancheng_1,2025-11-01,2025-11-30,ok,33.91474,119.765625,161981,
previous_runs,lianyungang_1,2024-03-01,2024-03-31,ok,34.734787,118.59375,169824,
previous_runs,lianyungang_1,2024-04-01,2024-04-30,ok,34.734787,118.59375,167423,
previous_runs,lianyungang_1,2024-05-01,2024-05-31,ok,34.734787,118.59375,174060,
previous_runs,lianyungang_1,2024-06-01,2024-06-30,ok,34.734787,118.59375,168918,
previous_runs,lianyungang_1,2024-07-01,2024-07-31,ok,34.734787,118.59375,172515,
previous_runs,lianyungang_1,2024-08-01,2024-08-31,ok,34.734787,118.59375,172085,
previous_runs,lianyungang_1,2024-09-01,2024-09-30,ok,34.734787,118.59375,166118,
previous_runs,lianyungang_1,2024-10-01,2024-10-31,ok,34.734787,118.59375,168871,
previous_runs,lianyungang_1,2024-11-01,2024-11-30,ok,34.734787,118.59375,162209,
previous_runs,lianyungang_1,2024-12-01,2024-12-31,ok,34.734787,118.59375,168510,
previous_runs,lianyungang_1,2025-01-01,2025-01-31,ok,34.734787,118.59375,168662,
previous_runs,lianyungang_1,2025-02-01,2025-02-28,ok,34.734787,118.59375,154603,
previous_runs,lianyungang_1,2025-03-01,2025-03-31,ok,34.734787,118.59375,170877,
previous_runs,lianyungang_1,2025-04-01,2025-04-30,ok,34.734787,118.59375,167680,
previous_runs,lianyungang_1,2025-05-01,2025-05-31,ok,34.734787,118.59375,173710,
previous_runs,lianyungang_1,2025-06-01,2025-06-30,ok,34.734787,118.59375,168198,
previous_runs,lianyungang_1,2025-07-01,2025-07-31,ok,34.734787,118.59375,173427,
previous_runs,lianyungang_1,2025-08-01,2025-08-31,ok,34.734787,118.59375,172626,
previous_runs,lianyungang_1,2025-09-01,2025-09-30,ok,34.734787,118.59375,165170,
previous_runs,lianyungang_1,2025-10-01,2025-10-31,ok,34.734787,118.59375,168483,
previous_runs,lianyungang_1,2025-11-01,2025-11-30,ok,34.734787,118.59375,161909,
previous_runs,lianyungang_1,2025-12-01,2025-12-31,ok,34.734787,118.59375,167348,
previous_runs,lianyungang_1,2026-01-01,2026-01-31,ok,34.734787,118.59375,168465,
previous_runs,yancheng_2,2024-02-01,2024-02-29,ok,33.094696,120.58594,156511,
previous_runs,yancheng_2,2024-03-01,2024-03-31,ok,33.094696,120.58594,169556,
previous_runs,yancheng_2,2024-04-01,2024-04-30,ok,33.094696,120.58594,167903,
previous_runs,yancheng_2,2024-05-01,2024-05-31,ok,33.094696,120.58594,174432,
previous_runs,yancheng_2,2024-06-01,2024-06-30,ok,33.094696,120.58594,170527,
previous_runs,yancheng_2,2024-07-01,2024-07-31,ok,33.094696,120.58594,175299,
previous_runs,yancheng_2,2024-08-01,2024-08-31,ok,33.094696,120.58594,174179,
previous_runs,yancheng_2,2024-09-01,2024-09-30,ok,33.094696,120.58594,166972,
previous_runs,yancheng_2,2024-10-01,2024-10-31,ok,33.094696,120.58594,169547,
previous_runs,yancheng_2,2024-11-01,2024-11-30,ok,33.094696,120.58594,162167,
previous_runs,yancheng_2,2024-12-01,2024-12-31,ok,33.094696,120.58594,167461,
previous_runs,yancheng_2,2025-01-01,2025-01-31,ok,33.094696,120.58594,168906,
previous_runs,yancheng_2,2025-02-01,2025-02-28,ok,33.094696,120.58594,154292,
previous_runs,yancheng_2,2025-03-01,2025-03-31,ok,33.094696,120.58594,169820,
previous_runs,yancheng_2,2025-04-01,2025-04-30,ok,33.094696,120.58594,167822,
previous_runs,yancheng_2,2025-05-01,2025-05-31,ok,33.094696,120.58594,174826,
previous_runs,yancheng_2,2025-06-01,2025-06-30,ok,33.094696,120.58594,169287,
previous_runs,yancheng_2,2025-07-01,2025-07-31,ok,33.094696,120.58594,174517,
previous_runs,yancheng_2,2025-08-01,2025-08-31,ok,33.094696,120.58594,173776,
previous_runs,yancheng_2,2025-09-01,2025-09-30,ok,33.094696,120.58594,166344,
previous_runs,yancheng_2,2025-10-01,2025-10-31,ok,33.094696,120.58594,169929,
previous_runs,yancheng_2,2025-11-01,2025-11-30,ok,33.094696,120.58594,162306,
previous_runs,yancheng_2,2025-12-01,2025-12-31,ok,33.094696,120.58594,166869,
previous_runs,yancheng_2,2026-01-01,2026-01-31,ok,33.094696,120.58594,168074,
previous_runs,yancheng_3,2024-02-01,2024-02-29,ok,33.094696,119.765625,156764,
previous_runs,yancheng_3,2024-03-01,2024-03-31,ok,33.094696,119.765625,169363,
previous_runs,yancheng_3,2024-04-01,2024-04-30,ok,33.094696,119.765625,167432,
previous_runs,yancheng_3,2024-05-01,2024-05-31,ok,33.094696,119.765625,174024,
previous_runs,yancheng_3,2024-06-01,2024-06-30,ok,33.094696,119.765625,170219,
previous_runs,yancheng_3,2024-07-01,2024-07-31,ok,33.094696,119.765625,174905,
previous_runs,yancheng_3,2024-08-01,2024-08-31,ok,33.094696,119.765625,173271,
previous_runs,yancheng_3,2024-09-01,2024-09-30,ok,33.094696,119.765625,166484,
previous_runs,yancheng_3,2024-10-01,2024-10-31,ok,33.094696,119.765625,169034,
previous_runs,yancheng_3,2024-11-01,2024-11-30,ok,33.094696,119.765625,161468,
previous_runs,yancheng_3,2024-12-01,2024-12-31,ok,33.094696,119.765625,166824,
previous_runs,yancheng_3,2025-01-01,2025-01-31,ok,33.094696,119.765625,168638,
previous_runs,yancheng_3,2025-02-01,2025-02-28,ok,33.094696,119.765625,154181,
previous_runs,yancheng_3,2025-03-01,2025-03-31,ok,33.094696,119.765625,169809,
previous_runs,yancheng_3,2025-04-01,2025-04-30,ok,33.094696,119.765625,167969,
previous_runs,yancheng_1,2026-01-01,2026-01-31,ok,33.91474,119.765625,168467,
previous_runs,yancheng_3,2025-05-01,2025-05-31,ok,33.094696,119.765625,174493,
previous_runs,lianyungang_1,2024-02-01,2024-02-29,ok,34.734787,118.59375,158903,
previous_runs,yancheng_3,2025-08-01,2025-08-31,ok,33.094696,119.765625,173047,
previous_runs,yancheng_3,2025-09-01,2025-09-30,ok,33.094696,119.765625,165536,
previous_runs,yancheng_3,2025-10-01,2025-10-31,ok,33.094696,119.765625,169319,
previous_runs,yancheng_3,2025-11-01,2025-11-30,ok,33.094696,119.765625,161814,
previous_runs,yancheng_3,2025-12-01,2025-12-31,ok,33.094696,119.765625,166751,
previous_runs,yancheng_3,2026-01-01,2026-01-31,ok,33.094696,119.765625,167929,
previous_runs,lianyungang_2,2024-02-01,2024-02-29,ok,34.734787,119.41406,156850,
previous_runs,lianyungang_2,2024-03-01,2024-03-31,ok,34.734787,119.41406,167133,
previous_runs,lianyungang_2,2024-04-01,2024-04-30,ok,34.734787,119.41406,164258,
previous_runs,lianyungang_2,2024-05-01,2024-05-31,ok,34.734787,119.41406,171726,
previous_runs,lianyungang_2,2024-06-01,2024-06-30,ok,34.734787,119.41406,168383,
previous_runs,lianyungang_2,2024-07-01,2024-07-31,ok,34.734787,119.41406,172470,
previous_runs,lianyungang_2,2024-08-01,2024-08-31,ok,34.734787,119.41406,171400,
previous_runs,lianyungang_2,2024-09-01,2024-09-30,ok,34.734787,119.41406,164434,
previous_runs,lianyungang_2,2024-10-01,2024-10-31,ok,34.734787,119.41406,166961,
previous_runs,lianyungang_2,2024-11-01,2024-11-30,ok,34.734787,119.41406,160520,
previous_runs,lianyungang_2,2024-12-01,2024-12-31,ok,34.734787,119.41406,166251,
previous_runs,lianyungang_2,2025-01-01,2025-01-31,ok,34.734787,119.41406,166530,
previous_runs,lianyungang_2,2025-02-01,2025-02-28,ok,34.734787,119.41406,152736,
previous_runs,lianyungang_2,2025-03-01,2025-03-31,ok,34.734787,119.41406,168012,
previous_runs,lianyungang_2,2025-04-01,2025-04-30,ok,34.734787,119.41406,165217,
previous_runs,lianyungang_2,2025-05-01,2025-05-31,ok,34.734787,119.41406,172086,
previous_runs,lianyungang_2,2025-06-01,2025-06-30,ok,34.734787,119.41406,167641,
previous_runs,lianyungang_2,2025-07-01,2025-07-31,ok,34.734787,119.41406,173145,
previous_runs,lianyungang_2,2025-08-01,2025-08-31,ok,34.734787,119.41406,171760,
previous_runs,lianyungang_2,2025-09-01,2025-09-30,ok,34.734787,119.41406,163196,
previous_runs,lianyungang_2,2025-10-01,2025-10-31,ok,34.734787,119.41406,167048,
previous_runs,lianyungang_2,2025-11-01,2025-11-30,ok,34.734787,119.41406,160011,
previous_runs,lianyungang_2,2025-12-01,2025-12-31,ok,34.734787,119.41406,164795,
previous_runs,lianyungang_2,2026-01-01,2026-01-31,ok,34.734787,119.41406,166665,
satellite,changzhou_1,2024-02-01,2024-02-29,ok,31.5,119.8,29719,
satellite,changzhou_1,2024-03-01,2024-03-31,ok,31.5,119.8,32409,
satellite,changzhou_1,2024-04-01,2024-04-30,ok,31.5,119.8,31346,
satellite,changzhou_1,2024-05-01,2024-05-31,ok,31.5,119.8,33061,
satellite,changzhou_1,2024-06-01,2024-06-30,ok,31.5,119.8,31634,
satellite,changzhou_1,2024-07-01,2024-07-31,ok,31.5,119.8,32917,
satellite,changzhou_1,2024-08-01,2024-08-31,ok,31.5,119.8,32889,
satellite,changzhou_1,2024-09-01,2024-09-30,ok,31.5,119.8,31591,
satellite,changzhou_1,2024-10-01,2024-10-31,ok,31.5,119.8,32113,
satellite,changzhou_1,2024-11-01,2024-11-30,ok,31.5,119.8,31017,
satellite,changzhou_1,2024-12-01,2024-12-31,ok,31.5,119.8,32113,
satellite,changzhou_1,2025-01-01,2025-01-31,ok,31.5,119.8,32243,
satellite,changzhou_1,2025-02-01,2025-02-28,ok,31.5,119.8,29228,
satellite,changzhou_1,2025-03-01,2025-03-31,ok,31.5,119.8,32463,
satellite,changzhou_1,2025-04-01,2025-04-30,ok,31.5,119.8,31919,
satellite,changzhou_1,2025-05-01,2025-05-31,ok,31.5,119.8,32985,
satellite,changzhou_1,2025-06-01,2025-06-30,ok,31.5,119.8,31631,
satellite,changzhou_1,2025-07-01,2025-07-31,ok,31.5,119.8,33197,
satellite,changzhou_1,2025-08-01,2025-08-31,ok,31.5,119.8,33053,
satellite,changzhou_1,2025-09-01,2025-09-30,ok,31.5,119.8,31475,
satellite,changzhou_1,2025-10-01,2025-10-31,ok,31.5,119.8,32188,
satellite,changzhou_1,2025-11-01,2025-11-30,ok,31.5,119.8,31253,
satellite,changzhou_1,2025-12-01,2025-12-31,ok,31.5,119.8,32161,
satellite,changzhou_1,2026-01-01,2026-01-31,ok,31.5,119.8,32118,
satellite,nanjing_1,2024-02-01,2024-02-29,ok,31.900002,118.600006,29811,
satellite,nanjing_1,2024-03-01,2024-03-31,ok,31.900002,118.600006,32376,
satellite,nanjing_1,2024-04-01,2024-04-30,ok,31.900002,118.600006,31454,
satellite,nanjing_1,2024-05-01,2024-05-31,ok,31.900002,118.600006,33071,
satellite,nanjing_1,2024-06-01,2024-06-30,ok,31.900002,118.600006,31816,
satellite,nanjing_1,2024-07-01,2024-07-31,ok,31.900002,118.600006,32927,
satellite,nanjing_1,2024-08-01,2024-08-31,ok,31.900002,118.600006,32995,
satellite,nanjing_1,2024-09-01,2024-09-30,ok,31.900002,118.600006,31577,
satellite,nanjing_1,2024-10-01,2024-10-31,ok,31.900002,118.600006,32235,
satellite,nanjing_1,2024-11-01,2024-11-30,ok,31.900002,118.600006,31084,
satellite,nanjing_1,2024-12-01,2024-12-31,ok,31.900002,118.600006,32165,
satellite,nanjing_1,2025-01-01,2025-01-31,ok,31.900002,118.600006,32253,
satellite,nanjing_1,2025-02-01,2025-02-28,ok,31.900002,118.600006,29262,
satellite,nanjing_1,2025-03-01,2025-03-31,ok,31.900002,118.600006,32495,
satellite,nanjing_1,2025-04-01,2025-04-30,ok,31.900002,118.600006,31951,
satellite,nanjing_1,2025-05-01,2025-05-31,ok,31.900002,118.600006,33040,
satellite,nanjing_1,2025-06-01,2025-06-30,ok,31.900002,118.600006,31604,
satellite,nanjing_1,2025-07-01,2025-07-31,ok,31.900002,118.600006,33247,
satellite,nanjing_1,2025-08-01,2025-08-31,ok,31.900002,118.600006,32992,
satellite,nanjing_1,2025-09-01,2025-09-30,ok,31.900002,118.600006,31429,
satellite,nanjing_1,2025-10-01,2025-10-31,ok,31.900002,118.600006,32171,
satellite,nanjing_1,2025-11-01,2025-11-30,ok,31.900002,118.600006,31165,
satellite,nanjing_1,2025-12-01,2025-12-31,ok,31.900002,118.600006,32187,
satellite,nanjing_1,2026-01-01,2026-01-31,ok,31.900002,118.600006,32105,
satellite,suzhou_1,2024-02-01,2024-02-29,ok,31.5,121.0,29731,
satellite,suzhou_1,2024-03-01,2024-03-31,ok,31.5,121.0,32527,
satellite,suzhou_1,2024-04-01,2024-04-30,ok,31.5,121.0,31377,
satellite,suzhou_1,2024-05-01,2024-05-31,ok,31.5,121.0,33102,
satellite,suzhou_1,2024-06-01,2024-06-30,ok,31.5,121.0,31611,
satellite,suzhou_1,2024-07-01,2024-07-31,ok,31.5,121.0,33034,
satellite,suzhou_1,2024-08-01,2024-08-31,ok,31.5,121.0,33077,
satellite,suzhou_1,2024-09-01,2024-09-30,ok,31.5,121.0,31514,
satellite,suzhou_1,2024-10-01,2024-10-31,ok,31.5,121.0,32079,
satellite,suzhou_1,2024-11-01,2024-11-30,ok,31.5,121.0,31055,
satellite,suzhou_1,2024-12-01,2024-12-31,ok,31.5,121.0,32062,
satellite,suzhou_1,2025-01-01,2025-01-31,ok,31.5,121.0,32276,
satellite,suzhou_1,2025-02-01,2025-02-28,ok,31.5,121.0,29202,
satellite,suzhou_1,2025-03-01,2025-03-31,ok,31.5,121.0,32462,
satellite,suzhou_1,2025-04-01,2025-04-30,ok,31.5,121.0,31984,
satellite,suzhou_1,2025-05-01,2025-05-31,ok,31.5,121.0,32989,
satellite,suzhou_1,2025-06-01,2025-06-30,ok,31.5,121.0,31712,
satellite,suzhou_1,2025-07-01,2025-07-31,ok,31.5,121.0,33249,
satellite,suzhou_1,2025-08-01,2025-08-31,ok,31.5,121.0,32992,
satellite,suzhou_1,2025-09-01,2025-09-30,ok,31.5,121.0,31584,
satellite,suzhou_1,2025-10-01,2025-10-31,ok,31.5,121.0,32286,
satellite,suzhou_1,2025-11-01,2025-11-30,ok,31.5,121.0,31238,
satellite,suzhou_1,2025-12-01,2025-12-31,ok,31.5,121.0,32168,
satellite,suzhou_1,2026-01-01,2026-01-31,ok,31.5,121.0,32141,
satellite,wuxi_1,2024-02-01,2024-02-29,ok,31.099998,120.2,29667,
satellite,wuxi_1,2024-03-01,2024-03-31,ok,31.099998,120.2,32409,
satellite,wuxi_1,2024-04-01,2024-04-30,ok,31.099998,120.2,31321,
satellite,wuxi_1,2024-05-01,2024-05-31,ok,31.099998,120.2,32996,
satellite,wuxi_1,2024-06-01,2024-06-30,ok,31.099998,120.2,31483,
satellite,wuxi_1,2024-07-01,2024-07-31,ok,31.099998,120.2,33025,
satellite,wuxi_1,2024-08-01,2024-08-31,ok,31.099998,120.2,33053,
satellite,wuxi_1,2024-09-01,2024-09-30,ok,31.099998,120.2,31555,
satellite,wuxi_1,2024-10-01,2024-10-31,ok,31.099998,120.2,32018,
satellite,wuxi_1,2024-11-01,2024-11-30,ok,31.099998,120.2,31047,
satellite,wuxi_1,2024-12-01,2024-12-31,ok,31.099998,120.2,32059,
satellite,wuxi_1,2025-01-01,2025-01-31,ok,31.099998,120.2,32277,
satellite,wuxi_1,2025-02-01,2025-02-28,ok,31.099998,120.2,29147,
satellite,wuxi_1,2025-03-01,2025-03-31,ok,31.099998,120.2,32354,
satellite,wuxi_1,2025-04-01,2025-04-30,ok,31.099998,120.2,31847,
satellite,wuxi_1,2025-05-01,2025-05-31,ok,31.099998,120.2,32941,
satellite,wuxi_1,2025-06-01,2025-06-30,ok,31.099998,120.2,31621,
satellite,wuxi_1,2025-07-01,2025-07-31,ok,31.099998,120.2,33123,
satellite,wuxi_1,2025-08-01,2025-08-31,ok,31.099998,120.2,33069,
satellite,wuxi_1,2025-09-01,2025-09-30,ok,31.099998,120.2,31509,
satellite,wuxi_1,2025-10-01,2025-10-31,ok,31.099998,120.2,32230,
satellite,wuxi_1,2025-11-01,2025-11-30,ok,31.099998,120.2,31153,
satellite,wuxi_1,2025-12-01,2025-12-31,ok,31.099998,120.2,32125,
satellite,wuxi_1,2026-01-01,2026-01-31,ok,31.099998,120.2,32031,
satellite,nanjing_2,2024-02-01,2024-02-29,ok,31.5,119.0,29737,
satellite,nanjing_2,2024-03-01,2024-03-31,ok,31.5,119.0,32354,
satellite,nanjing_2,2024-04-01,2024-04-30,ok,31.5,119.0,31348,
satellite,nanjing_2,2024-05-01,2024-05-31,ok,31.5,119.0,33052,
satellite,nanjing_2,2024-06-01,2024-06-30,ok,31.5,119.0,31687,
satellite,nanjing_2,2024-07-01,2024-07-31,ok,31.5,119.0,32889,
satellite,nanjing_2,2024-08-01,2024-08-31,ok,31.5,119.0,32987,
satellite,nanjing_2,2024-09-01,2024-09-30,ok,31.5,119.0,31622,
satellite,nanjing_2,2024-10-01,2024-10-31,ok,31.5,119.0,32132,
satellite,nanjing_2,2024-11-01,2024-11-30,ok,31.5,119.0,31029,
satellite,nanjing_2,2024-12-01,2024-12-31,ok,31.5,119.0,32148,
satellite,nanjing_2,2025-01-01,2025-01-31,ok,31.5,119.0,32225,
satellite,nanjing_2,2025-02-01,2025-02-28,ok,31.5,119.0,29215,
satellite,nanjing_2,2025-03-01,2025-03-31,ok,31.5,119.0,32479,
satellite,nanjing_2,2025-04-01,2025-04-30,ok,31.5,119.0,31918,
satellite,nanjing_2,2025-05-01,2025-05-31,ok,31.5,119.0,33025,
satellite,nanjing_2,2025-06-01,2025-06-30,ok,31.5,119.0,31599,
satellite,nanjing_2,2025-07-01,2025-07-31,ok,31.5,119.0,33250,
satellite,nanjing_2,2025-08-01,2025-08-31,ok,31.5,119.0,33031,
satellite,nanjing_2,2025-09-01,2025-09-30,ok,31.5,119.0,31488,
satellite,nanjing_2,2025-10-01,2025-10-31,ok,31.5,119.0,32219,
satellite,nanjing_2,2025-11-01,2025-11-30,ok,31.5,119.0,31199,
satellite,nanjing_2,2025-12-01,2025-12-31,ok,31.5,119.0,32159,
satellite,nanjing_2,2026-01-01,2026-01-31,ok,31.5,119.0,32077,
satellite,taizhou_1,2024-02-01,2024-02-29,ok,32.700005,119.8,29807,
satellite,taizhou_1,2024-03-01,2024-03-31,ok,32.700005,119.8,32464,
satellite,taizhou_1,2024-04-01,2024-04-30,ok,32.700005,119.8,31542,
satellite,taizhou_1,2024-05-01,2024-05-31,ok,32.700005,119.8,33113,
satellite,taizhou_1,2024-06-01,2024-06-30,ok,32.700005,119.8,31901,
satellite,taizhou_1,2024-07-01,2024-07-31,ok,32.700005,119.8,32996,
satellite,taizhou_1,2024-08-01,2024-08-31,ok,32.700005,119.8,32998,
satellite,taizhou_1,2024-09-01,2024-09-30,ok,32.700005,119.8,31668,
satellite,taizhou_1,2024-10-01,2024-10-31,ok,32.700005,119.8,32179,
satellite,taizhou_1,2024-11-01,2024-11-30,ok,32.700005,119.8,31126,
satellite,taizhou_1,2024-12-01,2024-12-31,ok,32.700005,119.8,32144,
satellite,taizhou_1,2025-01-01,2025-01-31,ok,32.700005,119.8,32279,
satellite,taizhou_1,2025-02-01,2025-02-28,ok,32.700005,119.8,29331,
satellite,taizhou_1,2025-03-01,2025-03-31,ok,32.700005,119.8,32545,
satellite,taizhou_1,2025-04-01,2025-04-30,ok,32.700005,119.8,32018,
satellite,taizhou_1,2025-05-01,2025-05-31,ok,32.700005,119.8,33063,
satellite,taizhou_1,2025-06-01,2025-06-30,ok,32.700005,119.8,31803,
satellite,taizhou_1,2025-07-01,2025-07-31,ok,32.700005,119.8,33287,
satellite,taizhou_1,2025-08-01,2025-08-31,ok,32.700005,119.8,32963,
satellite,taizhou_1,2025-09-01,2025-09-30,ok,32.700005,119.8,31407,
satellite,taizhou_1,2025-10-01,2025-10-31,ok,32.700005,119.8,32187,
satellite,taizhou_1,2025-11-01,2025-11-30,ok,32.700005,119.8,31240,
satellite,taizhou_1,2025-12-01,2025-12-31,ok,32.700005,119.8,32156,
satellite,taizhou_1,2026-01-01,2026-01-31,ok,32.700005,119.8,32108,
satellite,taizhou_2,2024-02-01,2024-02-29,ok,32.700005,120.600006,29803,
satellite,taizhou_2,2024-03-01,2024-03-31,ok,32.700005,120.600006,32451,
satellite,taizhou_2,2024-04-01,2024-04-30,ok,32.700005,120.600006,31510,
satellite,taizhou_2,2024-05-01,2024-05-31,ok,32.700005,120.600006,33092,
satellite,taizhou_2,2024-06-01,2024-06-30,ok,32.700005,120.600006,31870,
satellite,taizhou_2,2024-07-01,2024-07-31,ok,32.700005,120.600006,32982,
satellite,taizhou_2,2024-08-01,2024-08-31,ok,32.700005,120.600006,33055,
satellite,taizhou_2,2024-09-01,2024-09-30,ok,32.700005,120.600006,31634,
satellite,taizhou_2,2024-10-01,2024-10-31,ok,32.700005,120.600006,32178,
satellite,taizhou_2,2024-11-01,2024-11-30,ok,32.700005,120.600006,31109,
satellite,taizhou_2,2024-12-01,2024-12-31,ok,32.700005,120.600006,32153,
satellite,taizhou_2,2025-01-01,2025-01-31,ok,32.700005,120.600006,32284,
satellite,taizhou_2,2025-02-01,2025-02-28,ok,32.700005,120.600006,29301,
satellite,taizhou_2,2025-03-01,2025-03-31,ok,32.700005,120.600006,32560,
satellite,taizhou_2,2025-04-01,2025-04-30,ok,32.700005,120.600006,32015,
satellite,taizhou_2,2025-05-01,2025-05-31,ok,32.700005,120.600006,32998,
satellite,taizhou_2,2025-06-01,2025-06-30,ok,32.700005,120.600006,31743,
satellite,taizhou_2,2025-07-01,2025-07-31,ok,32.700005,120.600006,33330,
satellite,taizhou_2,2025-08-01,2025-08-31,ok,32.700005,120.600006,32891,
satellite,taizhou_2,2025-09-01,2025-09-30,ok,32.700005,120.600006,31506,
satellite,taizhou_2,2025-10-01,2025-10-31,ok,32.700005,120.600006,32215,
satellite,taizhou_2,2025-11-01,2025-11-30,ok,32.700005,120.600006,31264,
satellite,taizhou_2,2025-12-01,2025-12-31,ok,32.700005,120.600006,32164,
satellite,taizhou_2,2026-01-01,2026-01-31,ok,32.700005,120.600006,32131,
satellite,nantong_1,2024-02-01,2024-02-29,ok,31.900002,121.0,29751,
satellite,nantong_1,2024-03-01,2024-03-31,ok,31.900002,121.0,32503,
satellite,nantong_1,2024-04-01,2024-04-30,ok,31.900002,121.0,31413,
satellite,nantong_1,2024-05-01,2024-05-31,ok,31.900002,121.0,33121,
satellite,nantong_1,2024-06-01,2024-06-30,ok,31.900002,121.0,31707,
satellite,nantong_1,2024-07-01,2024-07-31,ok,31.900002,121.0,33026,
satellite,nantong_1,2024-08-01,2024-08-31,ok,31.900002,121.0,33128,
satellite,nantong_1,2024-09-01,2024-09-30,ok,31.900002,121.0,31592,
satellite,nantong_1,2024-10-01,2024-10-31,ok,31.900002,121.0,32147,
satellite,nantong_1,2024-11-01,2024-11-30,ok,31.900002,121.0,31060,
satellite,nantong_1,2024-12-01,2024-12-31,ok,31.900002,121.0,32092,
satellite,nantong_1,2025-01-01,2025-01-31,ok,31.900002,121.0,32286,
satellite,nantong_1,2025-02-01,2025-02-28,ok,31.900002,121.0,29233,
satellite,nantong_1,2025-03-01,2025-03-31,ok,31.900002,121.0,32502,
satellite,nantong_1,2025-04-01,2025-04-30,ok,31.900002,121.0,31997,
satellite,nantong_1,2025-05-01,2025-05-31,ok,31.900002,121.0,33030,
satellite,nantong_1,2025-06-01,2025-06-30,ok,31.900002,121.0,31730,
satellite,nantong_1,2025-07-01,2025-07-31,ok,31.900002,121.0,33302,
satellite,nantong_1,2025-08-01,2025-08-31,ok,31.900002,121.0,32998,
satellite,nantong_1,2025-09-01,2025-09-30,ok,31.900002,121.0,31630,
satellite,nantong_1,2025-10-01,2025-10-31,ok,31.900002,121.0,32323,
satellite,nantong_1,2025-11-01,2025-11-30,ok,31.900002,121.0,31270,
satellite,nantong_1,2025-12-01,2025-12-31,ok,31.900002,121.0,32186,
satellite,nantong_1,2026-01-01,2026-01-31,ok,31.900002,121.0,32122,
satellite,nantong_2,2024-02-01,2024-02-29,ok,31.900002,121.8,29770,
satellite,nantong_2,2024-03-01,2024-03-31,ok,31.900002,121.8,32508,
satellite,nantong_2,2024-04-01,2024-04-30,ok,31.900002,121.8,31354,
satellite,nantong_2,2024-05-01,2024-05-31,ok,31.900002,121.8,33120,
satellite,nantong_2,2024-06-01,2024-06-30,ok,31.900002,121.8,31698,
satellite,nantong_2,2024-07-01,2024-07-31,ok,31.900002,121.8,33069,
satellite,nantong_2,2024-08-01,2024-08-31,ok,31.900002,121.8,33227,
satellite,nantong_2,2024-09-01,2024-09-30,ok,31.900002,121.8,31563,
satellite,nantong_2,2024-10-01,2024-10-31,ok,31.900002,121.8,32180,
satellite,nantong_2,2024-11-01,2024-11-30,ok,31.900002,121.8,31030,
satellite,nantong_2,2024-12-01,2024-12-31,ok,31.900002,121.8,32011,
satellite,nantong_2,2025-01-01,2025-01-31,ok,31.900002,121.8,32274,
satellite,nantong_2,2025-02-01,2025-02-28,ok,31.900002,121.8,29232,
satellite,nantong_2,2025-03-01,2025-03-31,ok,31.900002,121.8,32507,
satellite,nantong_2,2025-04-01,2025-04-30,ok,31.900002,121.8,31955,
satellite,nantong_2,2025-05-01,2025-05-31,ok,31.900002,121.8,32994,
satellite,nantong_2,2025-06-01,2025-06-30,ok,31.900002,121.8,31683,
satellite,nantong_2,2025-07-01,2025-07-31,ok,31.900002,121.8,33273,
satellite,nantong_2,2025-08-01,2025-08-31,ok,31.900002,121.8,33110,
satellite,nantong_2,2025-09-01,2025-09-30,ok,31.900002,121.8,31592,
satellite,nantong_2,2025-10-01,2025-10-31,ok,31.900002,121.8,32314,
satellite,nantong_2,2025-11-01,2025-11-30,ok,31.900002,121.8,31267,
satellite,nantong_2,2025-12-01,2025-12-31,ok,31.900002,121.8,32136,
satellite,nantong_2,2026-01-01,2026-01-31,ok,31.900002,121.8,32121,
satellite,suqian_1,2024-02-01,2024-02-29,ok,33.9,118.2,29924,
satellite,suqian_1,2024-03-01,2024-03-31,ok,33.9,118.2,32530,
satellite,suqian_1,2024-04-01,2024-04-30,ok,33.9,118.2,31689,
satellite,suqian_1,2024-05-01,2024-05-31,ok,33.9,118.2,33219,
satellite,suqian_1,2024-06-01,2024-06-30,ok,33.9,118.2,32196,
satellite,suqian_1,2024-07-01,2024-07-31,ok,33.9,118.2,32751,
satellite,suqian_1,2024-08-01,2024-08-31,ok,33.9,118.2,33019,
satellite,suqian_1,2024-09-01,2024-09-30,ok,33.9,118.2,31620,
satellite,suqian_1,2024-10-01,2024-10-31,ok,33.9,118.2,32369,
satellite,suqian_1,2024-11-01,2024-11-30,ok,33.9,118.2,31118,
satellite,suqian_1,2024-12-01,2024-12-31,ok,33.9,118.2,32176,
satellite,suqian_1,2025-01-01,2025-01-31,ok,33.9,118.2,32196,
satellite,suqian_1,2025-02-01,2025-02-28,ok,33.9,118.2,29357,
satellite,suqian_1,2025-03-01,2025-03-31,ok,33.9,118.2,32615,
satellite,suqian_1,2025-04-01,2025-04-30,ok,33.9,118.2,32010,
satellite,suqian_1,2025-05-01,2025-05-31,ok,33.9,118.2,33088,
satellite,suqian_1,2025-06-01,2025-06-30,ok,33.9,118.2,31907,
satellite,suqian_1,2025-07-01,2025-07-31,ok,33.9,118.2,33304,
satellite,suqian_1,2025-08-01,2025-08-31,ok,33.9,118.2,32830,
satellite,suqian_1,2025-09-01,2025-09-30,ok,33.9,118.2,31173,
satellite,suqian_1,2025-10-01,2025-10-31,ok,33.9,118.2,32024,
satellite,suqian_1,2025-11-01,2025-11-30,ok,33.9,118.2,31253,
satellite,suqian_1,2025-12-01,2025-12-31,ok,33.9,118.2,32150,
satellite,suqian_1,2026-01-01,2026-01-31,ok,33.9,118.2,32111,
satellite,xuzhou_1,2024-02-01,2024-02-29,ok,34.700005,116.600006,30054,
satellite,xuzhou_1,2024-03-01,2024-03-31,ok,34.700005,116.600006,32555,
satellite,xuzhou_1,2024-04-01,2024-04-30,ok,34.700005,116.600006,31837,
satellite,xuzhou_1,2024-05-01,2024-05-31,ok,34.700005,116.600006,33280,
satellite,xuzhou_1,2024-06-01,2024-06-30,ok,34.700005,116.600006,32256,
satellite,xuzhou_1,2024-07-01,2024-07-31,ok,34.700005,116.600006,32852,
satellite,xuzhou_1,2024-08-01,2024-08-31,ok,34.700005,116.600006,32981,
satellite,xuzhou_1,2024-09-01,2024-09-30,ok,34.700005,116.600006,31528,
satellite,xuzhou_1,2024-10-01,2024-10-31,ok,34.700005,116.600006,32404,
satellite,xuzhou_1,2024-11-01,2024-11-30,ok,34.700005,116.600006,31112,
satellite,xuzhou_1,2024-12-01,2024-12-31,ok,34.700005,116.600006,32188,
satellite,xuzhou_1,2025-01-01,2025-01-31,ok,34.700005,116.600006,32177,
satellite,xuzhou_1,2025-02-01,2025-02-28,ok,34.700005,116.600006,29375,
satellite,xuzhou_1,2025-03-01,2025-03-31,ok,34.700005,116.600006,32645,
satellite,xuzhou_1,2025-04-01,2025-04-30,ok,34.700005,116.600006,32111,
satellite,xuzhou_1,2025-05-01,2025-05-31,ok,34.700005,116.600006,33247,
satellite,xuzhou_1,2025-06-01,2025-06-30,ok,34.700005,116.600006,32036,
satellite,xuzhou_1,2025-07-01,2025-07-31,ok,34.700005,116.600006,33391,
satellite,xuzhou_1,2025-08-01,2025-08-31,ok,34.700005,116.600006,32917,
satellite,xuzhou_1,2025-09-01,2025-09-30,ok,34.700005,116.600006,31223,
satellite,xuzhou_1,2025-10-01,2025-10-31,ok,34.700005,116.600006,31878,
satellite,xuzhou_1,2025-11-01,2025-11-30,ok,34.700005,116.600006,31262,
satellite,xuzhou_1,2025-12-01,2025-12-31,ok,34.700005,116.600006,32096,
satellite,xuzhou_1,2026-01-01,2026-01-31,ok,34.700005,116.600006,32128,
satellite,huai_an_1,2024-02-01,2024-02-29,ok,33.1,119.4,29897,
satellite,huai_an_1,2024-03-01,2024-03-31,ok,33.1,119.4,32454,
satellite,huai_an_1,2024-04-01,2024-04-30,ok,33.1,119.4,31612,
satellite,huai_an_1,2024-05-01,2024-05-31,ok,33.1,119.4,33119,
satellite,huai_an_1,2024-06-01,2024-06-30,ok,33.1,119.4,32005,
satellite,huai_an_1,2024-07-01,2024-07-31,ok,33.1,119.4,32945,
satellite,huai_an_1,2024-08-01,2024-08-31,ok,33.1,119.4,32993,
satellite,huai_an_1,2024-09-01,2024-09-30,ok,33.1,119.4,31642,
satellite,huai_an_1,2024-10-01,2024-10-31,ok,33.1,119.4,32292,
satellite,huai_an_1,2024-11-01,2024-11-30,ok,33.1,119.4,31132,
satellite,huai_an_1,2024-12-01,2024-12-31,ok,33.1,119.4,32180,
satellite,huai_an_1,2025-01-01,2025-01-31,ok,33.1,119.4,32254,
satellite,huai_an_1,2025-02-01,2025-02-28,ok,33.1,119.4,29342,
satellite,huai_an_1,2025-03-01,2025-03-31,ok,33.1,119.4,32557,
satellite,huai_an_1,2025-04-01,2025-04-30,ok,33.1,119.4,31997,
satellite,huai_an_1,2025-05-01,2025-05-31,ok,33.1,119.4,33082,
satellite,huai_an_1,2025-06-01,2025-06-30,ok,33.1,119.4,31844,
satellite,huai_an_1,2025-07-01,2025-07-31,ok,33.1,119.4,33295,
satellite,huai_an_1,2025-08-01,2025-08-31,ok,33.1,119.4,32869,
satellite,huai_an_1,2025-09-01,2025-09-30,ok,33.1,119.4,31388,
satellite,huai_an_1,2025-10-01,2025-10-31,ok,33.1,119.4,32124,
satellite,huai_an_1,2025-11-01,2025-11-30,ok,33.1,119.4,31250,
satellite,huai_an_1,2025-12-01,2025-12-31,ok,33.1,119.4,32139,
satellite,huai_an_1,2026-01-01,2026-01-31,ok,33.1,119.4,32102,
satellite,huai_an_2,2024-02-01,2024-02-29,ok,33.9,119.4,29947,
satellite,huai_an_2,2024-03-01,2024-03-31,ok,33.9,119.4,32545,
satellite,huai_an_2,2024-04-01,2024-04-30,ok,33.9,119.4,31700,
satellite,huai_an_2,2024-05-01,2024-05-31,ok,33.9,119.4,33232,
satellite,huai_an_2,2024-06-01,2024-06-30,ok,33.9,119.4,32165,
satellite,huai_an_2,2024-07-01,2024-07-31,ok,33.9,119.4,32835,
satellite,huai_an_2,2024-08-01,2024-08-31,ok,33.9,119.4,32988,
satellite,huai_an_2,2024-09-01,2024-09-30,ok,33.9,119.4,31608,
satellite,huai_an_2,2024-10-01,2024-10-31,ok,33.9,119.4,32321,
satellite,huai_an_2,2024-11-01,2024-11-30,ok,33.9,119.4,31157,
satellite,huai_an_2,2024-12-01,2024-12-31,ok,33.9,119.4,32221,
satellite,huai_an_2,2025-01-01,2025-01-31,ok,33.9,119.4,32247,
satellite,huai_an_2,2025-02-01,2025-02-28,ok,33.9,119.4,29385,
satellite,huai_an_2,2025-03-01,2025-03-31,ok,33.9,119.4,32637,
satellite,huai_an_2,2025-04-01,2025-04-30,ok,33.9,119.4,32063,
satellite,huai_an_2,2025-05-01,2025-05-31,ok,33.9,119.4,33162,
satellite,huai_an_2,2025-06-01,2025-06-30,ok,33.9,119.4,31864,
satellite,huai_an_2,2025-07-01,2025-07-31,ok,33.9,119.4,33361,
satellite,huai_an_2,2025-08-01,2025-08-31,ok,33.9,119.4,32894,
satellite,huai_an_2,2025-09-01,2025-09-30,ok,33.9,119.4,31351,
satellite,huai_an_2,2025-10-01,2025-10-31,ok,33.9,119.4,32039,
satellite,huai_an_2,2025-11-01,2025-11-30,ok,33.9,119.4,31262,
satellite,huai_an_2,2025-12-01,2025-12-31,ok,33.9,119.4,32141,
satellite,huai_an_2,2026-01-01,2026-01-31,ok,33.9,119.4,32142,
satellite,xuzhou_2,2024-02-01,2024-02-29,ok,34.300003,117.4,30061,
satellite,xuzhou_2,2024-03-01,2024-03-31,ok,34.300003,117.4,32547,
satellite,xuzhou_2,2024-04-01,2024-04-30,ok,34.300003,117.4,31767,
satellite,xuzhou_2,2024-05-01,2024-05-31,ok,34.300003,117.4,33273,
satellite,xuzhou_2,2024-06-01,2024-06-30,ok,34.300003,117.4,32221,
satellite,xuzhou_2,2024-07-01,2024-07-31,ok,34.300003,117.4,32796,
satellite,xuzhou_2,2024-08-01,2024-08-31,ok,34.300003,117.4,33058,
previous_runs,yancheng_3,2025-06-01,2025-06-30,ok,33.094696,119.765625,168935,
satellite,xuzhou_2,2024-09-01,2024-09-30,ok,34.300003,117.4,31604,
satellite,xuzhou_2,2024-10-01,2024-10-31,ok,34.300003,117.4,32357,
satellite,xuzhou_2,2024-11-01,2024-11-30,ok,34.300003,117.4,31111,
satellite,xuzhou_2,2024-12-01,2024-12-31,ok,34.300003,117.4,32198,
satellite,xuzhou_2,2025-01-01,2025-01-31,ok,34.300003,117.4,32187,
satellite,xuzhou_2,2025-02-01,2025-02-28,ok,34.300003,117.4,29395,
satellite,xuzhou_2,2025-03-01,2025-03-31,ok,34.300003,117.4,32615,
satellite,xuzhou_2,2025-04-01,2025-04-30,ok,34.300003,117.4,32070,
satellite,xuzhou_2,2025-05-01,2025-05-31,ok,34.300003,117.4,33178,
satellite,xuzhou_2,2025-06-01,2025-06-30,ok,34.300003,117.4,31953,
satellite,xuzhou_2,2025-07-01,2025-07-31,ok,34.300003,117.4,33390,
satellite,xuzhou_2,2025-08-01,2025-08-31,ok,34.300003,117.4,32831,
satellite,xuzhou_2,2025-09-01,2025-09-30,ok,34.300003,117.4,31277,
satellite,xuzhou_2,2025-10-01,2025-10-31,ok,34.300003,117.4,31981,
satellite,xuzhou_2,2025-11-01,2025-11-30,ok,34.300003,117.4,31264,
satellite,xuzhou_2,2025-12-01,2025-12-31,ok,34.300003,117.4,32156,
satellite,xuzhou_2,2026-01-01,2026-01-31,ok,34.300003,117.4,32153,
satellite,huai_an_3,2024-02-01,2024-02-29,ok,33.1,118.600006,29808,
satellite,huai_an_3,2024-03-01,2024-03-31,ok,33.1,118.600006,32478,
satellite,huai_an_3,2024-04-01,2024-04-30,ok,33.1,118.600006,31629,
satellite,huai_an_3,2024-05-01,2024-05-31,ok,33.1,118.600006,33205,
satellite,huai_an_3,2024-06-01,2024-06-30,ok,33.1,118.600006,32082,
satellite,huai_an_3,2024-07-01,2024-07-31,ok,33.1,118.600006,32953,
satellite,huai_an_3,2024-08-01,2024-08-31,ok,33.1,118.600006,32989,
satellite,huai_an_3,2024-09-01,2024-09-30,ok,33.1,118.600006,31565,
satellite,huai_an_3,2024-10-01,2024-10-31,ok,33.1,118.600006,32333,
satellite,huai_an_3,2024-11-01,2024-11-30,ok,33.1,118.600006,31110,
satellite,huai_an_3,2024-12-01,2024-12-31,ok,33.1,118.600006,32184,
satellite,huai_an_3,2025-01-01,2025-01-31,ok,33.1,118.600006,32213,
satellite,huai_an_3,2025-02-01,2025-02-28,ok,33.1,118.600006,29348,
satellite,huai_an_3,2025-03-01,2025-03-31,ok,33.1,118.600006,32597,
satellite,huai_an_3,2025-04-01,2025-04-30,ok,33.1,118.600006,32030,
satellite,huai_an_3,2025-05-01,2025-05-31,ok,33.1,118.600006,33108,
satellite,huai_an_3,2025-06-01,2025-06-30,ok,33.1,118.600006,31875,
satellite,huai_an_3,2025-07-01,2025-07-31,ok,33.1,118.600006,33335,
satellite,huai_an_3,2025-08-01,2025-08-31,ok,33.1,118.600006,32865,
satellite,huai_an_3,2025-09-01,2025-09-30,ok,33.1,118.600006,31293,
satellite,huai_an_3,2025-10-01,2025-10-31,ok,33.1,118.600006,32031,
satellite,huai_an_3,2025-11-01,2025-11-30,ok,33.1,118.600006,31231,
satellite,huai_an_3,2025-12-01,2025-12-31,ok,33.1,118.600006,32168,
satellite,huai_an_3,2026-01-01,2026-01-31,ok,33.1,118.600006,32082,
satellite,yancheng_1,2024-02-01,2024-02-29,ok,33.9,119.8,29962,
satellite,yancheng_1,2024-03-01,2024-03-31,ok,33.9,119.8,32541,
satellite,yancheng_1,2024-04-01,2024-04-30,ok,33.9,119.8,31715,
satellite,yancheng_1,2024-05-01,2024-05-31,ok,33.9,119.8,33246,
satellite,yancheng_1,2024-06-01,2024-06-30,ok,33.9,119.8,32170,
satellite,yancheng_1,2024-07-01,2024-07-31,ok,33.9,119.8,32911,
satellite,yancheng_1,2024-08-01,2024-08-31,ok,33.9,119.8,32976,
satellite,yancheng_1,2024-09-01,2024-09-30,ok,33.9,119.8,31598,
satellite,yancheng_1,2024-10-01,2024-10-31,ok,33.9,119.8,32324,
satellite,yancheng_1,2024-11-01,2024-11-30,ok,33.9,119.8,31141,
satellite,yancheng_1,2024-12-01,2024-12-31,ok,33.9,119.8,32219,
satellite,yancheng_1,2025-01-01,2025-01-31,ok,33.9,119.8,32271,
satellite,yancheng_1,2025-02-01,2025-02-28,ok,33.9,119.8,29377,
satellite,yancheng_1,2025-03-01,2025-03-31,ok,33.9,119.8,32656,
satellite,yancheng_1,2025-04-01,2025-04-30,ok,33.9,119.8,32082,
satellite,yancheng_1,2025-05-01,2025-05-31,ok,33.9,119.8,33167,
satellite,yancheng_1,2025-06-01,2025-06-30,ok,33.9,119.8,31916,
satellite,yancheng_1,2025-07-01,2025-07-31,ok,33.9,119.8,33357,
satellite,yancheng_1,2025-08-01,2025-08-31,ok,33.9,119.8,32848,
satellite,yancheng_1,2025-09-01,2025-09-30,ok,33.9,119.8,31369,
satellite,yancheng_1,2025-10-01,2025-10-31,ok,33.9,119.8,32066,
satellite,yancheng_1,2025-11-01,2025-11-30,ok,33.9,119.8,31283,
satellite,yancheng_1,2025-12-01,2025-12-31,ok,33.9,119.8,32127,
satellite,yancheng_1,2026-01-01,2026-01-31,ok,33.9,119.8,32172,
satellite,lianyungang_1,2024-02-01,2024-02-29,ok,34.700005,118.600006,30070,
satellite,lianyungang_1,2024-03-01,2024-03-31,ok,34.700005,118.600006,32640,
satellite,lianyungang_1,2024-04-01,2024-04-30,ok,34.700005,118.600006,31841,
satellite,lianyungang_1,2024-05-01,2024-05-31,ok,34.700005,118.600006,33298,
satellite,lianyungang_1,2024-06-01,2024-06-30,ok,34.700005,118.600006,32259,
satellite,lianyungang_1,2024-07-01,2024-07-31,ok,34.700005,118.600006,32741,
satellite,lianyungang_1,2024-08-01,2024-08-31,ok,34.700005,118.600006,33022,
satellite,lianyungang_1,2024-09-01,2024-09-30,ok,34.700005,118.600006,31734,
satellite,lianyungang_1,2024-10-01,2024-10-31,ok,34.700005,118.600006,32415,
satellite,lianyungang_1,2024-11-01,2024-11-30,ok,34.700005,118.600006,31117,
satellite,lianyungang_1,2024-12-01,2024-12-31,ok,34.700005,118.600006,32216,
satellite,lianyungang_1,2025-01-01,2025-01-31,ok,34.700005,118.600006,32257,
satellite,lianyungang_1,2025-02-01,2025-02-28,ok,34.700005,118.600006,29410,
satellite,lianyungang_1,2025-03-01,2025-03-31,ok,34.700005,118.600006,32676,
satellite,lianyungang_1,2025-04-01,2025-04-30,ok,34.700005,118.600006,32131,
satellite,lianyungang_1,2025-05-01,2025-05-31,ok,34.700005,118.600006,33281,
satellite,lianyungang_1,2025-06-01,2025-06-30,ok,34.700005,118.600006,32013,
satellite,lianyungang_1,2025-07-01,2025-07-31,ok,34.700005,118.600006,33380,
satellite,lianyungang_1,2025-08-01,2025-08-31,ok,34.700005,118.600006,32860,
satellite,lianyungang_1,2025-09-01,2025-09-30,ok,34.700005,118.600006,31320,
satellite,lianyungang_1,2025-10-01,2025-10-31,ok,34.700005,118.600006,32031,
satellite,lianyungang_1,2025-11-01,2025-11-30,ok,34.700005,118.600006,31265,
satellite,lianyungang_1,2025-12-01,2025-12-31,ok,34.700005,118.600006,32145,
satellite,lianyungang_1,2026-01-01,2026-01-31,ok,34.700005,118.600006,32147,
satellite,yancheng_2,2024-02-01,2024-02-29,ok,33.1,120.600006,29832,
satellite,yancheng_2,2024-03-01,2024-03-31,ok,33.1,120.600006,32479,
satellite,yancheng_2,2024-04-01,2024-04-30,ok,33.1,120.600006,31552,
satellite,yancheng_2,2024-05-01,2024-05-31,ok,33.1,120.600006,33113,
satellite,yancheng_2,2024-06-01,2024-06-30,ok,33.1,120.600006,31955,
satellite,yancheng_2,2024-07-01,2024-07-31,ok,33.1,120.600006,32998,
satellite,yancheng_2,2024-08-01,2024-08-31,ok,33.1,120.600006,33002,
satellite,yancheng_2,2024-09-01,2024-09-30,ok,33.1,120.600006,31593,
satellite,yancheng_2,2024-10-01,2024-10-31,ok,33.1,120.600006,32225,
satellite,yancheng_2,2024-11-01,2024-11-30,ok,33.1,120.600006,31110,
satellite,yancheng_2,2024-12-01,2024-12-31,ok,33.1,120.600006,32156,
satellite,yancheng_2,2025-01-01,2025-01-31,ok,33.1,120.600006,32288,
satellite,yancheng_2,2025-02-01,2025-02-28,ok,33.1,120.600006,29318,
satellite,yancheng_2,2025-03-01,2025-03-31,ok,33.1,120.600006,32571,
satellite,yancheng_2,2025-04-01,2025-04-30,ok,33.1,120.600006,32017,
satellite,yancheng_2,2025-05-01,2025-05-31,ok,33.1,120.600006,33005,
satellite,yancheng_2,2025-06-01,2025-06-30,ok,33.1,120.600006,31820,
satellite,yancheng_2,2025-07-01,2025-07-31,ok,33.1,120.600006,33322,
satellite,yancheng_2,2025-08-01,2025-08-31,ok,33.1,120.600006,32858,
satellite,yancheng_2,2025-09-01,2025-09-30,ok,33.1,120.600006,31466,
satellite,yancheng_2,2025-10-01,2025-10-31,ok,33.1,120.600006,32190,
satellite,yancheng_2,2025-11-01,2025-11-30,ok,33.1,120.600006,31276,
satellite,yancheng_2,2025-12-01,2025-12-31,ok,33.1,120.600006,32155,
satellite,yancheng_2,2026-01-01,2026-01-31,ok,33.1,120.600006,32135,
satellite,yancheng_3,2024-02-01,2024-02-29,ok,33.1,119.8,29872,
satellite,yancheng_3,2024-03-01,2024-03-31,ok,33.1,119.8,32469,
satellite,yancheng_3,2024-04-01,2024-04-30,ok,33.1,119.8,31590,
satellite,yancheng_3,2024-05-01,2024-05-31,ok,33.1,119.8,33166,
satellite,yancheng_3,2024-06-01,2024-06-30,ok,33.1,119.8,31953,
satellite,yancheng_3,2024-07-01,2024-07-31,ok,33.1,119.8,32957,
satellite,yancheng_3,2024-08-01,2024-08-31,ok,33.1,119.8,33001,
satellite,yancheng_3,2024-09-01,2024-09-30,ok,33.1,119.8,31606,
satellite,yancheng_3,2024-10-01,2024-10-31,ok,33.1,119.8,32229,
satellite,yancheng_3,2024-11-01,2024-11-30,ok,33.1,119.8,31135,
satellite,yancheng_3,2024-12-01,2024-12-31,ok,33.1,119.8,32180,
satellite,yancheng_3,2025-01-01,2025-01-31,ok,33.1,119.8,32266,
satellite,yancheng_3,2025-02-01,2025-02-28,ok,33.1,119.8,29339,
satellite,yancheng_3,2025-03-01,2025-03-31,ok,33.1,119.8,32577,
satellite,yancheng_3,2025-04-01,2025-04-30,ok,33.1,119.8,32019,
satellite,yancheng_3,2025-05-01,2025-05-31,ok,33.1,119.8,33107,
satellite,yancheng_3,2025-06-01,2025-06-30,ok,33.1,119.8,31855,
satellite,yancheng_3,2025-07-01,2025-07-31,ok,33.1,119.8,33292,
satellite,yancheng_3,2025-08-01,2025-08-31,ok,33.1,119.8,32879,
satellite,yancheng_3,2025-09-01,2025-09-30,ok,33.1,119.8,31403,
satellite,yancheng_3,2025-10-01,2025-10-31,ok,33.1,119.8,32136,
satellite,yancheng_3,2025-11-01,2025-11-30,ok,33.1,119.8,31261,
satellite,yancheng_3,2025-12-01,2025-12-31,ok,33.1,119.8,32146,
satellite,yancheng_3,2026-01-01,2026-01-31,ok,33.1,119.8,32122,
satellite,lianyungang_2,2024-02-01,2024-02-29,ok,34.700005,119.4,30087,
satellite,lianyungang_2,2024-03-01,2024-03-31,ok,34.700005,119.4,32629,
satellite,lianyungang_2,2024-04-01,2024-04-30,ok,34.700005,119.4,31850,
satellite,lianyungang_2,2024-05-01,2024-05-31,ok,34.700005,119.4,33259,
satellite,lianyungang_2,2024-06-01,2024-06-30,ok,34.700005,119.4,32295,
satellite,lianyungang_2,2024-07-01,2024-07-31,ok,34.700005,119.4,32744,
satellite,lianyungang_2,2024-08-01,2024-08-31,ok,34.700005,119.4,33001,
satellite,lianyungang_2,2024-09-01,2024-09-30,ok,34.700005,119.4,31671,
satellite,lianyungang_2,2024-10-01,2024-10-31,ok,34.700005,119.4,32408,
satellite,lianyungang_2,2024-11-01,2024-11-30,ok,34.700005,119.4,31099,
satellite,lianyungang_2,2024-12-01,2024-12-31,ok,34.700005,119.4,32188,
satellite,lianyungang_2,2025-01-01,2025-01-31,ok,34.700005,119.4,32228,
satellite,lianyungang_2,2025-02-01,2025-02-28,ok,34.700005,119.4,29388,
satellite,lianyungang_2,2025-03-01,2025-03-31,ok,34.700005,119.4,32683,
satellite,lianyungang_2,2025-04-01,2025-04-30,ok,34.700005,119.4,32107,
satellite,lianyungang_2,2025-05-01,2025-05-31,ok,34.700005,119.4,33216,
satellite,lianyungang_2,2025-06-01,2025-06-30,ok,34.700005,119.4,32009,
satellite,lianyungang_2,2025-07-01,2025-07-31,ok,34.700005,119.4,33355,
satellite,lianyungang_2,2025-08-01,2025-08-31,ok,34.700005,119.4,32858,
satellite,lianyungang_2,2025-09-01,2025-09-30,ok,34.700005,119.4,31311,
satellite,lianyungang_2,2025-10-01,2025-10-31,ok,34.700005,119.4,31960,
satellite,lianyungang_2,2025-11-01,2025-11-30,ok,34.700005,119.4,31284,
satellite,lianyungang_2,2025-12-01,2025-12-31,ok,34.700005,119.4,32120,
satellite,lianyungang_2,2026-01-01,2026-01-31,ok,34.700005,119.4,32165,
era5,changzhou_1,2024-02-01,2024-02-29,ok,31.528997,119.82057,38134,
era5,changzhou_1,2024-03-01,2024-03-31,ok,31.528997,119.82057,40484,
era5,changzhou_1,2024-04-01,2024-04-30,ok,31.528997,119.82057,40435,
era5,changzhou_1,2024-05-01,2024-05-31,ok,31.528997,119.82057,41181,
era5,changzhou_1,2024-06-01,2024-06-30,ok,31.528997,119.82057,40422,
era5,changzhou_1,2024-07-01,2024-07-31,ok,31.528997,119.82057,41385,
era5,changzhou_1,2024-08-01,2024-08-31,ok,31.528997,119.82057,40827,
era5,changzhou_1,2024-09-01,2024-09-30,ok,31.528997,119.82057,39512,
era5,changzhou_1,2024-10-01,2024-10-31,ok,31.528997,119.82057,40692,
era5,changzhou_1,2024-11-01,2024-11-30,ok,31.528997,119.82057,38475,
era5,changzhou_1,2024-12-01,2024-12-31,ok,31.528997,119.82057,39497,
era5,changzhou_1,2025-01-01,2025-01-31,ok,31.528997,119.82057,39683,
era5,changzhou_1,2025-02-01,2025-02-28,ok,31.528997,119.82057,36435,
era5,changzhou_1,2025-03-01,2025-03-31,ok,31.528997,119.82057,40832,
era5,changzhou_1,2025-04-01,2025-04-30,ok,31.528997,119.82057,39603,
era5,changzhou_1,2025-05-01,2025-05-31,ok,31.528997,119.82057,41354,
era5,changzhou_1,2025-06-01,2025-06-30,ok,31.528997,119.82057,40285,
era5,changzhou_1,2025-07-01,2025-07-31,ok,31.528997,119.82057,41135,
era5,changzhou_1,2025-08-01,2025-08-31,ok,31.528997,119.82057,40643,
era5,changzhou_1,2025-09-01,2025-09-30,ok,31.528997,119.82057,39764,
era5,changzhou_1,2025-10-01,2025-10-31,ok,31.528997,119.82057,40613,
era5,changzhou_1,2025-11-01,2025-11-30,ok,31.528997,119.82057,38322,
era5,changzhou_1,2025-12-01,2025-12-31,ok,31.528997,119.82057,39543,
era5,changzhou_1,2026-01-01,2026-01-31,ok,31.528997,119.82057,39536,
era5,nanjing_1,2024-02-01,2024-02-29,ok,31.880491,118.59206,38168,
era5,nanjing_1,2024-03-01,2024-03-31,ok,31.880491,118.59206,40455,
era5,nanjing_1,2024-04-01,2024-04-30,ok,31.880491,118.59206,40263,
era5,nanjing_1,2024-05-01,2024-05-31,ok,31.880491,118.59206,41100,
era5,nanjing_1,2024-06-01,2024-06-30,ok,31.880491,118.59206,40436,
era5,nanjing_1,2024-07-01,2024-07-31,ok,31.880491,118.59206,41444,
era5,nanjing_1,2024-08-01,2024-08-31,ok,31.880491,118.59206,40792,
era5,nanjing_1,2024-09-01,2024-09-30,ok,31.880491,118.59206,39433,
era5,nanjing_1,2024-10-01,2024-10-31,ok,31.880491,118.59206,40579,
era5,nanjing_1,2024-11-01,2024-11-30,ok,31.880491,118.59206,38321,
era5,nanjing_1,2024-12-01,2024-12-31,ok,31.880491,118.59206,39355,
era5,nanjing_1,2025-01-01,2025-01-31,ok,31.880491,118.59206,39736,
era5,nanjing_1,2025-02-01,2025-02-28,ok,31.880491,118.59206,36406,
era5,nanjing_1,2025-03-01,2025-03-31,ok,31.880491,118.59206,40808,
era5,nanjing_1,2025-04-01,2025-04-30,ok,31.880491,118.59206,39572,
era5,nanjing_1,2025-05-01,2025-05-31,ok,31.880491,118.59206,41289,
era5,nanjing_1,2025-06-01,2025-06-30,ok,31.880491,118.59206,40239,
era5,nanjing_1,2025-07-01,2025-07-31,ok,31.880491,118.59206,40998,
era5,nanjing_1,2025-08-01,2025-08-31,ok,31.880491,118.59206,40793,
era5,nanjing_1,2025-09-01,2025-09-30,ok,31.880491,118.59206,39935,
era5,nanjing_1,2025-10-01,2025-10-31,ok,31.880491,118.59206,40685,
era5,nanjing_1,2025-11-01,2025-11-30,ok,31.880491,118.59206,38174,
era5,nanjing_1,2025-12-01,2025-12-31,ok,31.880491,118.59206,39507,
era5,nanjing_1,2026-01-01,2026-01-31,ok,31.880491,118.59206,39646,
era5,suzhou_1,2024-02-01,2024-02-29,ok,31.528997,121.00478,38238,
era5,suzhou_1,2024-03-01,2024-03-31,ok,31.528997,121.00478,40645,
era5,suzhou_1,2024-04-01,2024-04-30,ok,31.528997,121.00478,40424,
era5,suzhou_1,2024-05-01,2024-05-31,ok,31.528997,121.00478,41186,
era5,suzhou_1,2024-06-01,2024-06-30,ok,31.528997,121.00478,40443,
era5,suzhou_1,2024-07-01,2024-07-31,ok,31.528997,121.00478,41504,
era5,suzhou_1,2024-08-01,2024-08-31,ok,31.528997,121.00478,40730,
era5,suzhou_1,2024-09-01,2024-09-30,ok,31.528997,121.00478,39687,
era5,suzhou_1,2024-10-01,2024-10-31,ok,31.528997,121.00478,40825,
era5,suzhou_1,2024-11-01,2024-11-30,ok,31.528997,121.00478,38619,
era5,suzhou_1,2024-12-01,2024-12-31,ok,31.528997,121.00478,39487,
era5,suzhou_1,2025-01-01,2025-01-31,ok,31.528997,121.00478,39706,
era5,suzhou_1,2025-02-01,2025-02-28,ok,31.528997,121.00478,36343,
era5,suzhou_1,2025-03-01,2025-03-31,ok,31.528997,121.00478,40830,
era5,suzhou_1,2025-04-01,2025-04-30,ok,31.528997,121.00478,39603,
era5,suzhou_1,2025-05-01,2025-05-31,ok,31.528997,121.00478,41405,
era5,suzhou_1,2025-06-01,2025-06-30,ok,31.528997,121.00478,40409,
era5,suzhou_1,2025-07-01,2025-07-31,ok,31.528997,121.00478,41429,
era5,suzhou_1,2025-08-01,2025-08-31,ok,31.528997,121.00478,40799,
era5,suzhou_1,2025-09-01,2025-09-30,ok,31.528997,121.00478,39675,
era5,suzhou_1,2025-10-01,2025-10-31,ok,31.528997,121.00478,40438,
era5,suzhou_1,2025-11-01,2025-11-30,ok,31.528997,121.00478,38432,
era5,suzhou_1,2025-12-01,2025-12-31,ok,31.528997,121.00478,39551,
era5,suzhou_1,2026-01-01,2026-01-31,ok,31.528997,121.00478,39646,
era5,wuxi_1,2024-02-01,2024-02-29,ok,31.107204,120.249405,38324,
era5,wuxi_1,2024-03-01,2024-03-31,ok,31.107204,120.249405,40605,
era5,wuxi_1,2024-04-01,2024-04-30,ok,31.107204,120.249405,40471,
era5,wuxi_1,2024-05-01,2024-05-31,ok,31.107204,120.249405,41249,
era5,wuxi_1,2024-06-01,2024-06-30,ok,31.107204,120.249405,40499,
era5,wuxi_1,2024-07-01,2024-07-31,ok,31.107204,120.249405,41479,
era5,wuxi_1,2024-08-01,2024-08-31,ok,31.107204,120.249405,40844,
era5,wuxi_1,2024-09-01,2024-09-30,ok,31.107204,120.249405,39540,
era5,wuxi_1,2024-10-01,2024-10-31,ok,31.107204,120.249405,40866,
era5,wuxi_1,2024-11-01,2024-11-30,ok,31.107204,120.249405,38561,
era5,wuxi_1,2024-12-01,2024-12-31,ok,31.107204,120.249405,39565,
era5,wuxi_1,2025-01-01,2025-01-31,ok,31.107204,120.249405,39770,
era5,wuxi_1,2025-02-01,2025-02-28,ok,31.107204,120.249405,36441,
era5,wuxi_1,2025-03-01,2025-03-31,ok,31.107204,120.249405,40879,
era5,wuxi_1,2025-04-01,2025-04-30,ok,31.107204,120.249405,39567,
era5,wuxi_1,2025-05-01,2025-05-31,ok,31.107204,120.249405,41463,
era5,wuxi_1,2025-06-01,2025-06-30,ok,31.107204,120.249405,40429,
era5,wuxi_1,2025-07-01,2025-07-31,ok,31.107204,120.249405,41285,
era5,wuxi_1,2025-08-01,2025-08-31,ok,31.107204,120.249405,40664,
era5,wuxi_1,2025-09-01,2025-09-30,ok,31.107204,120.249405,39756,
era5,wuxi_1,2025-10-01,2025-10-31,ok,31.107204,120.249405,40486,
era5,wuxi_1,2025-11-01,2025-11-30,ok,31.107204,120.249405,38478,
era5,wuxi_1,2025-12-01,2025-12-31,ok,31.107204,120.249405,39576,
era5,wuxi_1,2026-01-01,2026-01-31,ok,31.107204,120.249405,39604,
era5,nanjing_2,2024-02-01,2024-02-29,ok,31.458698,119.03226,38168,
era5,nanjing_2,2024-03-01,2024-03-31,ok,31.458698,119.03226,40477,
era5,nanjing_2,2024-04-01,2024-04-30,ok,31.458698,119.03226,40309,
era5,nanjing_2,2024-05-01,2024-05-31,ok,31.458698,119.03226,41185,
era5,nanjing_2,2024-06-01,2024-06-30,ok,31.458698,119.03226,40411,
era5,nanjing_2,2024-07-01,2024-07-31,ok,31.458698,119.03226,41388,
era5,nanjing_2,2024-08-01,2024-08-31,ok,31.458698,119.03226,40769,
era5,nanjing_2,2024-09-01,2024-09-30,ok,31.458698,119.03226,39383,
era5,nanjing_2,2024-10-01,2024-10-31,ok,31.458698,119.03226,40670,
era5,nanjing_2,2024-11-01,2024-11-30,ok,31.458698,119.03226,38416,
era5,nanjing_2,2024-12-01,2024-12-31,ok,31.458698,119.03226,39445,
era5,nanjing_2,2025-01-01,2025-01-31,ok,31.458698,119.03226,39745,
era5,nanjing_2,2025-02-01,2025-02-28,ok,31.458698,119.03226,36385,
era5,nanjing_2,2025-03-01,2025-03-31,ok,31.458698,119.03226,40819,
era5,nanjing_2,2025-04-01,2025-04-30,ok,31.458698,119.03226,39584,
era5,nanjing_2,2025-05-01,2025-05-31,ok,31.458698,119.03226,41351,
era5,nanjing_2,2025-06-01,2025-06-30,ok,31.458698,119.03226,40304,
era5,nanjing_2,2025-07-01,2025-07-31,ok,31.458698,119.03226,41076,
era5,nanjing_2,2025-08-01,2025-08-31,ok,31.458698,119.03226,40761,
era5,nanjing_2,2025-09-01,2025-09-30,ok,31.458698,119.03226,39817,
era5,nanjing_2,2025-10-01,2025-10-31,ok,31.458698,119.03226,40617,
era5,nanjing_2,2025-11-01,2025-11-30,ok,31.458698,119.03226,38263,
era5,nanjing_2,2025-12-01,2025-12-31,ok,31.458698,119.03226,39524,
era5,nanjing_2,2026-01-01,2026-01-31,ok,31.458698,119.03226,39608,
era5,taizhou_1,2024-02-01,2024-02-29,ok,32.724075,119.78022,38056,
era5,taizhou_1,2024-03-01,2024-03-31,ok,32.724075,119.78022,40578,
era5,taizhou_1,2024-04-01,2024-04-30,ok,32.724075,119.78022,40141,
era5,taizhou_1,2024-05-01,2024-05-31,ok,32.724075,119.78022,40892,
era5,taizhou_1,2024-06-01,2024-06-30,ok,32.724075,119.78022,40460,
era5,taizhou_1,2024-07-01,2024-07-31,ok,32.724075,119.78022,41482,
era5,taizhou_1,2024-08-01,2024-08-31,ok,32.724075,119.78022,40837,
era5,taizhou_1,2024-09-01,2024-09-30,ok,32.724075,119.78022,39487,
era5,taizhou_1,2024-10-01,2024-10-31,ok,32.724075,119.78022,40578,
era5,taizhou_1,2024-11-01,2024-11-30,ok,32.724075,119.78022,38356,
era5,taizhou_1,2024-12-01,2024-12-31,ok,32.724075,119.78022,39445,
era5,taizhou_1,2025-01-01,2025-01-31,ok,32.724075,119.78022,39683,
era5,taizhou_1,2025-02-01,2025-02-28,ok,32.724075,119.78022,36526,
era5,taizhou_1,2025-03-01,2025-03-31,ok,32.724075,119.78022,40670,
era5,taizhou_1,2025-04-01,2025-04-30,ok,32.724075,119.78022,39465,
era5,taizhou_1,2025-05-01,2025-05-31,ok,32.724075,119.78022,41259,
era5,taizhou_1,2025-06-01,2025-06-30,ok,32.724075,119.78022,40251,
era5,taizhou_1,2025-07-01,2025-07-31,ok,32.724075,119.78022,41025,
era5,taizhou_1,2025-08-01,2025-08-31,ok,32.724075,119.78022,40829,
era5,taizhou_1,2025-09-01,2025-09-30,ok,32.724075,119.78022,39803,
era5,taizhou_1,2025-10-01,2025-10-31,ok,32.724075,119.78022,40638,
era5,taizhou_1,2025-11-01,2025-11-30,ok,32.724075,119.78022,38181,
era5,taizhou_1,2025-12-01,2025-12-31,ok,32.724075,119.78022,39576,
era5,taizhou_1,2026-01-01,2026-01-31,ok,32.724075,119.78022,39664,
era5,taizhou_2,2024-02-01,2024-02-29,ok,32.653778,120.62195,38145,
era5,taizhou_2,2024-03-01,2024-03-31,ok,32.653778,120.62195,40690,
era5,taizhou_2,2024-04-01,2024-04-30,ok,32.653778,120.62195,40233,
previous_runs,yancheng_3,2025-07-01,2025-07-31,ok,33.094696,119.765625,174494,
era5,taizhou_2,2024-05-01,2024-05-31,ok,32.653778,120.62195,40990,
era5,taizhou_2,2024-06-01,2024-06-30,ok,32.653778,120.62195,40496,
era5,taizhou_2,2024-07-01,2024-07-31,ok,32.653778,120.62195,41448,
era5,taizhou_2,2024-08-01,2024-08-31,ok,32.653778,120.62195,40831,
era5,taizhou_2,2024-09-01,2024-09-30,ok,32.653778,120.62195,39591,
era5,taizhou_2,2024-10-01,2024-10-31,ok,32.653778,120.62195,40779,
era5,taizhou_2,2024-11-01,2024-11-30,ok,32.653778,120.62195,38499,
era5,taizhou_2,2024-12-01,2024-12-31,ok,32.653778,120.62195,39524,
era5,taizhou_2,2025-01-01,2025-01-31,ok,32.653778,120.62195,39688,
era5,taizhou_2,2025-02-01,2025-02-28,ok,32.653778,120.62195,36515,
era5,taizhou_2,2025-03-01,2025-03-31,ok,32.653778,120.62195,40663,
era5,taizhou_2,2025-04-01,2025-04-30,ok,32.653778,120.62195,39468,
era5,taizhou_2,2025-05-01,2025-05-31,ok,32.653778,120.62195,41283,
era5,taizhou_2,2025-06-01,2025-06-30,ok,32.653778,120.62195,40273,
era5,taizhou_2,2025-07-01,2025-07-31,ok,32.653778,120.62195,41213,
era5,taizhou_2,2025-08-01,2025-08-31,ok,32.653778,120.62195,40784,
era5,taizhou_2,2025-09-01,2025-09-30,ok,32.653778,120.62195,39886,
era5,taizhou_2,2025-10-01,2025-10-31,ok,32.653778,120.62195,40653,
era5,taizhou_2,2025-11-01,2025-11-30,ok,32.653778,120.62195,38214,
era5,taizhou_2,2025-12-01,2025-12-31,ok,32.653778,120.62195,39625,
era5,taizhou_2,2026-01-01,2026-01-31,ok,32.653778,120.62195,39713,
era5,nantong_1,2024-02-01,2024-02-29,ok,31.880491,120.97473,38241,
era5,nantong_1,2024-03-01,2024-03-31,ok,31.880491,120.97473,40674,
era5,nantong_1,2024-04-01,2024-04-30,ok,31.880491,120.97473,40322,
era5,nantong_1,2024-05-01,2024-05-31,ok,31.880491,120.97473,41171,
era5,nantong_1,2024-06-01,2024-06-30,ok,31.880491,120.97473,40559,
era5,nantong_1,2024-07-01,2024-07-31,ok,31.880491,120.97473,41544,
era5,nantong_1,2024-08-01,2024-08-31,ok,31.880491,120.97473,40764,
era5,nantong_1,2024-09-01,2024-09-30,ok,31.880491,120.97473,39689,
era5,nantong_1,2024-10-01,2024-10-31,ok,31.880491,120.97473,40836,
era5,nantong_1,2024-11-01,2024-11-30,ok,31.880491,120.97473,38628,
era5,nantong_1,2024-12-01,2024-12-31,ok,31.880491,120.97473,39449,
era5,nantong_1,2025-01-01,2025-01-31,ok,31.880491,120.97473,39714,
era5,nantong_1,2025-02-01,2025-02-28,ok,31.880491,120.97473,36410,
era5,nantong_1,2025-03-01,2025-03-31,ok,31.880491,120.97473,40825,
era5,nantong_1,2025-04-01,2025-04-30,ok,31.880491,120.97473,39632,
era5,nantong_1,2025-05-01,2025-05-31,ok,31.880491,120.97473,41359,
era5,nantong_1,2025-06-01,2025-06-30,ok,31.880491,120.97473,40334,
era5,nantong_1,2025-07-01,2025-07-31,ok,31.880491,120.97473,41270,
era5,nantong_1,2025-08-01,2025-08-31,ok,31.880491,120.97473,40775,
era5,nantong_1,2025-09-01,2025-09-30,ok,31.880491,120.97473,39697,
era5,nantong_1,2025-10-01,2025-10-31,ok,31.880491,120.97473,40504,
era5,nantong_1,2025-11-01,2025-11-30,ok,31.880491,120.97473,38388,
era5,nantong_1,2025-12-01,2025-12-31,ok,31.880491,120.97473,39574,
era5,nantong_1,2026-01-01,2026-01-31,ok,31.880491,120.97473,39749,
era5,nantong_2,2024-02-01,2024-02-29,ok,31.880491,121.841156,38386,
era5,nantong_2,2024-03-01,2024-03-31,ok,31.880491,121.841156,40673,
era5,nantong_2,2024-04-01,2024-04-30,ok,31.880491,121.841156,40416,
era5,nantong_2,2024-05-01,2024-05-31,ok,31.880491,121.841156,41148,
era5,nantong_2,2024-06-01,2024-06-30,ok,31.880491,121.841156,40583,
era5,nantong_2,2024-07-01,2024-07-31,ok,31.880491,121.841156,41559,
era5,nantong_2,2024-09-01,2024-09-30,ok,31.880491,121.841156,39660,
era5,nantong_2,2024-10-01,2024-10-31,ok,31.880491,121.841156,40980,
era5,nantong_2,2024-11-01,2024-11-30,ok,31.880491,121.841156,38944,
era5,nantong_2,2024-12-01,2024-12-31,ok,31.880491,121.841156,39692,
era5,nantong_2,2025-01-01,2025-01-31,ok,31.880491,121.841156,39818,
era5,nantong_2,2025-02-01,2025-02-28,ok,31.880491,121.841156,36534,
era5,nantong_2,2025-03-01,2025-03-31,ok,31.880491,121.841156,40784,
era5,nantong_2,2025-04-01,2025-04-30,ok,31.880491,121.841156,39736,
era5,nantong_2,2025-05-01,2025-05-31,ok,31.880491,121.841156,41412,
era5,nantong_2,2025-06-01,2025-06-30,ok,31.880491,121.841156,40424,
era5,nantong_2,2025-07-01,2025-07-31,ok,31.880491,121.841156,41352,
era5,nantong_2,2025-08-01,2025-08-31,ok,31.880491,121.841156,40621,
era5,nantong_2,2025-09-01,2025-09-30,ok,31.880491,121.841156,39696,
era5,nantong_2,2025-10-01,2025-10-31,ok,31.880491,121.841156,40684,
era5,nantong_2,2025-11-01,2025-11-30,ok,31.880491,121.841156,38576,
era5,nantong_2,2025-12-01,2025-12-31,ok,31.880491,121.841156,39769,
era5,nantong_2,2026-01-01,2026-01-31,ok,31.880491,121.841156,39858,
era5,suqian_1,2024-02-01,2024-02-29,ok,33.919155,118.16708,38078,
era5,suqian_1,2024-03-01,2024-03-31,ok,33.919155,118.16708,40629,
era5,suqian_1,2024-04-01,2024-04-30,ok,33.919155,118.16708,39945,
era5,suqian_1,2024-05-01,2024-05-31,ok,33.919155,118.16708,40853,
era5,suqian_1,2024-06-01,2024-06-30,ok,33.919155,118.16708,40219,
era5,suqian_1,2024-07-01,2024-07-31,ok,33.919155,118.16708,41546,
era5,suqian_1,2024-08-01,2024-08-31,ok,33.919155,118.16708,40740,
era5,suqian_1,2024-09-01,2024-09-30,ok,33.919155,118.16708,39434,
era5,suqian_1,2024-10-01,2024-10-31,ok,33.919155,118.16708,40270,
era5,suqian_1,2024-11-01,2024-11-30,ok,33.919155,118.16708,38407,
era5,suqian_1,2024-12-01,2024-12-31,ok,33.919155,118.16708,39463,
era5,suqian_1,2025-01-01,2025-01-31,ok,33.919155,118.16708,39529,
era5,suqian_1,2025-02-01,2025-02-28,ok,33.919155,118.16708,36480,
era5,suqian_1,2025-03-01,2025-03-31,ok,33.919155,118.16708,40533,
era5,suqian_1,2025-05-01,2025-05-31,ok,33.919155,118.16708,41073,
era5,suqian_1,2025-04-01,2025-04-30,ok,33.919155,118.16708,39338,
era5,nantong_2,2024-08-01,2024-08-31,ok,31.880491,121.841156,40597,
era5,suqian_1,2025-06-01,2025-06-30,ok,33.919155,118.16708,40109,
era5,suqian_1,2025-07-01,2025-07-31,ok,33.919155,118.16708,40867,
era5,suqian_1,2025-08-01,2025-08-31,ok,33.919155,118.16708,41086,
era5,suqian_1,2025-09-01,2025-09-30,ok,33.919155,118.16708,40137,
era5,suqian_1,2025-10-01,2025-10-31,ok,33.919155,118.16708,40558,
era5,suqian_1,2025-11-01,2025-11-30,ok,33.919155,118.16708,38050,
era5,suqian_1,2025-12-01,2025-12-31,ok,33.919155,118.16708,39614,
era5,suqian_1,2026-01-01,2026-01-31,ok,33.919155,118.16708,39717,
era5,xuzhou_1,2024-02-01,2024-02-29,ok,34.69244,116.62452,37930,
era5,xuzhou_1,2024-04-01,2024-04-30,ok,34.69244,116.62452,39730,
era5,xuzhou_1,2024-03-01,2024-03-31,ok,34.69244,116.62452,40478,
era5,xuzhou_1,2024-05-01,2024-05-31,ok,34.69244,116.62452,40753,
era5,xuzhou_1,2024-06-01,2024-06-30,ok,34.69244,116.62452,39930,
era5,xuzhou_1,2024-07-01,2024-07-31,ok,34.69244,116.62452,41587,
era5,xuzhou_1,2024-08-01,2024-08-31,ok,34.69244,116.62452,40609,
era5,xuzhou_1,2024-09-01,2024-09-30,ok,34.69244,116.62452,39268,
era5,xuzhou_1,2024-10-01,2024-10-31,ok,34.69244,116.62452,40161,
era5,xuzhou_1,2024-12-01,2024-12-31,ok,34.69244,116.62452,39342,
era5,xuzhou_1,2024-11-01,2024-11-30,ok,34.69244,116.62452,38652,
era5,xuzhou_1,2025-01-01,2025-01-31,ok,34.69244,116.62452,39419,
era5,xuzhou_1,2025-02-01,2025-02-28,ok,34.69244,116.62452,36415,
era5,xuzhou_1,2025-03-01,2025-03-31,ok,34.69244,116.62452,40386,
era5,xuzhou_1,2025-04-01,2025-04-30,ok,34.69244,116.62452,39277,
era5,xuzhou_1,2025-05-01,2025-05-31,ok,34.69244,116.62452,40956,
era5,xuzhou_1,2025-06-01,2025-06-30,ok,34.69244,116.62452,39967,
era5,xuzhou_1,2025-07-01,2025-07-31,ok,34.69244,116.62452,40809,
era5,xuzhou_1,2025-08-01,2025-08-31,ok,34.69244,116.62452,41052,
era5,xuzhou_1,2025-09-01,2025-09-30,ok,34.69244,116.62452,39837,
era5,xuzhou_1,2025-11-01,2025-11-30,ok,34.69244,116.62452,38041,
era5,xuzhou_1,2025-10-01,2025-10-31,ok,34.69244,116.62452,40713,
era5,xuzhou_1,2025-12-01,2025-12-31,ok,34.69244,116.62452,39432,
era5,xuzhou_1,2026-01-01,2026-01-31,ok,34.69244,116.62452,39541,
era5,huai_an_1,2024-02-01,2024-02-29,ok,33.07557,119.41032,38031,
era5,huai_an_1,2024-03-01,2024-03-31,ok,33.07557,119.41032,40651,
era5,huai_an_1,2024-04-01,2024-04-30,ok,33.07557,119.41032,40116,
era5,huai_an_1,2024-05-01,2024-05-31,ok,33.07557,119.41032,40883,
era5,huai_an_1,2024-06-01,2024-06-30,ok,33.07557,119.41032,40534,
era5,huai_an_1,2024-09-01,2024-09-30,ok,33.07557,119.41032,39469,
era5,huai_an_1,2024-08-01,2024-08-31,ok,33.07557,119.41032,40777,
era5,huai_an_1,2024-07-01,2024-07-31,ok,33.07557,119.41032,41448,
era5,huai_an_1,2024-10-01,2024-10-31,ok,33.07557,119.41032,40585,
era5,huai_an_1,2024-12-01,2024-12-31,ok,33.07557,119.41032,39506,
era5,huai_an_1,2025-01-01,2025-01-31,ok,33.07557,119.41032,39645,
era5,huai_an_1,2024-11-01,2024-11-30,ok,33.07557,119.41032,38431,
era5,huai_an_1,2025-03-01,2025-03-31,ok,33.07557,119.41032,40622,
era5,huai_an_1,2025-04-01,2025-04-30,ok,33.07557,119.41032,39433,
era5,huai_an_1,2025-02-01,2025-02-28,ok,33.07557,119.41032,36609,
era5,huai_an_1,2025-05-01,2025-05-31,ok,33.07557,119.41032,41190,
era5,huai_an_1,2025-06-01,2025-06-30,ok,33.07557,119.41032,40301,
era5,huai_an_1,2025-07-01,2025-07-31,ok,33.07557,119.41032,41049,
era5,huai_an_1,2025-09-01,2025-09-30,ok,33.07557,119.41032,40005,
era5,huai_an_1,2025-08-01,2025-08-31,ok,33.07557,119.41032,40902,
era5,huai_an_1,2025-10-01,2025-10-31,ok,33.07557,119.41032,40610,
era5,huai_an_1,2025-12-01,2025-12-31,ok,33.07557,119.41032,39644,
era5,huai_an_1,2026-01-01,2026-01-31,ok,33.07557,119.41032,39662,
era5,huai_an_2,2024-02-01,2024-02-29,ok,33.919155,119.4015,38103,
era5,huai_an_2,2024-03-01,2024-03-31,ok,33.919155,119.4015,40594,
era5,huai_an_2,2024-04-01,2024-04-30,ok,33.919155,119.4015,39862,
era5,huai_an_2,2024-06-01,2024-06-30,ok,33.919155,119.4015,40222,
era5,huai_an_2,2024-05-01,2024-05-31,ok,33.919155,119.4015,40827,
era5,huai_an_2,2024-07-01,2024-07-31,ok,33.919155,119.4015,41427,
era5,huai_an_2,2024-08-01,2024-08-31,ok,33.919155,119.4015,40877,
era5,huai_an_2,2024-10-01,2024-10-31,ok,33.919155,119.4015,40425,
era5,huai_an_2,2024-09-01,2024-09-30,ok,33.919155,119.4015,39498,
era5,huai_an_2,2024-12-01,2024-12-31,ok,33.919155,119.4015,39520,
era5,huai_an_2,2024-11-01,2024-11-30,ok,33.919155,119.4015,38425,
era5,huai_an_2,2025-01-01,2025-01-31,ok,33.919155,119.4015,39552,
era5,huai_an_2,2025-02-01,2025-02-28,ok,33.919155,119.4015,36449,
era5,huai_an_2,2025-03-01,2025-03-31,ok,33.919155,119.4015,40574,
era5,huai_an_2,2025-04-01,2025-04-30,ok,33.919155,119.4015,39309,
era5,huai_an_2,2025-05-01,2025-05-31,ok,33.919155,119.4015,41106,
era5,huai_an_2,2025-06-01,2025-06-30,ok,33.919155,119.4015,40185,
era5,huai_an_2,2025-07-01,2025-07-31,ok,33.919155,119.4015,40927,
era5,huai_an_2,2025-08-01,2025-08-31,ok,33.919155,119.4015,41002,
era5,huai_an_2,2025-09-01,2025-09-30,ok,33.919155,119.4015,40107,
era5,huai_an_2,2025-10-01,2025-10-31,ok,33.919155,119.4015,40663,
era5,huai_an_2,2025-11-01,2025-11-30,ok,33.919155,119.4015,38032,
era5,huai_an_2,2025-12-01,2025-12-31,ok,33.919155,119.4015,39677,
era5,huai_an_2,2026-01-01,2026-01-31,ok,33.919155,119.4015,39710,
era5,xuzhou_2,2024-02-01,2024-02-29,ok,34.27065,117.44041,38020,
era5,xuzhou_2,2024-04-01,2024-04-30,ok,34.27065,117.44041,39908,
era5,xuzhou_2,2024-03-01,2024-03-31,ok,34.27065,117.44041,40596,
era5,xuzhou_2,2024-05-01,2024-05-31,ok,34.27065,117.44041,40798,
era5,xuzhou_2,2024-06-01,2024-06-30,ok,34.27065,117.44041,40087,
era5,xuzhou_2,2024-08-01,2024-08-31,ok,34.27065,117.44041,40699,
era5,xuzhou_2,2024-07-01,2024-07-31,ok,34.27065,117.44041,41539,
era5,xuzhou_2,2024-09-01,2024-09-30,ok,34.27065,117.44041,39374,
era5,xuzhou_2,2024-10-01,2024-10-31,ok,34.27065,117.44041,40254,
era5,xuzhou_2,2024-11-01,2024-11-30,ok,34.27065,117.44041,38571,
era5,xuzhou_2,2024-12-01,2024-12-31,ok,34.27065,117.44041,39398,
era5,xuzhou_2,2025-01-01,2025-01-31,ok,34.27065,117.44041,39418,
era5,huai_an_1,2025-11-01,2025-11-30,ok,33.07557,119.41032,38163,
era5,xuzhou_2,2025-02-01,2025-02-28,ok,34.27065,117.44041,36441,
era5,xuzhou_2,2025-03-01,2025-03-31,ok,34.27065,117.44041,40499,
era5,xuzhou_2,2025-04-01,2025-04-30,ok,34.27065,117.44041,39365,
era5,xuzhou_2,2025-05-01,2025-05-31,ok,34.27065,117.44041,41028,
era5,xuzhou_2,2025-06-01,2025-06-30,ok,34.27065,117.44041,40085,
era5,xuzhou_2,2025-07-01,2025-07-31,ok,34.27065,117.44041,40876,
era5,xuzhou_2,2025-08-01,2025-08-31,ok,34.27065,117.44041,41086,
era5,xuzhou_2,2025-09-01,2025-09-30,ok,34.27065,117.44041,39907,
era5,xuzhou_2,2025-11-01,2025-11-30,ok,34.27065,117.44041,38082,
era5,xuzhou_2,2025-12-01,2025-12-31,ok,34.27065,117.44041,39568,
era5,xuzhou_2,2025-10-01,2025-10-31,ok,34.27065,117.44041,40606,
era5,xuzhou_2,2026-01-01,2026-01-31,ok,34.27065,117.44041,39618,
era5,huai_an_3,2024-02-01,2024-02-29,ok,33.07557,118.63637,38075,
era5,huai_an_3,2024-04-01,2024-04-30,ok,33.07557,118.63637,40155,
era5,huai_an_3,2024-03-01,2024-03-31,ok,33.07557,118.63637,40620,
era5,huai_an_3,2024-05-01,2024-05-31,ok,33.07557,118.63637,40913,
era5,huai_an_3,2024-06-01,2024-06-30,ok,33.07557,118.63637,40440,
era5,huai_an_3,2024-07-01,2024-07-31,ok,33.07557,118.63637,41516,
era5,huai_an_3,2024-08-01,2024-08-31,ok,33.07557,118.63637,40883,
era5,huai_an_3,2024-09-01,2024-09-30,ok,33.07557,118.63637,39472,
era5,huai_an_3,2024-11-01,2024-11-30,ok,33.07557,118.63637,38453,
era5,huai_an_3,2024-12-01,2024-12-31,ok,33.07557,118.63637,39521,
era5,huai_an_3,2024-10-01,2024-10-31,ok,33.07557,118.63637,40512,
era5,huai_an_3,2025-01-01,2025-01-31,ok,33.07557,118.63637,39687,
era5,huai_an_3,2025-02-01,2025-02-28,ok,33.07557,118.63637,36517,
era5,huai_an_3,2025-03-01,2025-03-31,ok,33.07557,118.63637,40688,
era5,huai_an_3,2025-04-01,2025-04-30,ok,33.07557,118.63637,39488,
era5,huai_an_3,2025-05-01,2025-05-31,ok,33.07557,118.63637,41183,
era5,huai_an_3,2025-06-01,2025-06-30,ok,33.07557,118.63637,40225,
era5,huai_an_3,2025-08-01,2025-08-31,ok,33.07557,118.63637,40990,
era5,huai_an_3,2025-07-01,2025-07-31,ok,33.07557,118.63637,40904,
era5,huai_an_3,2025-09-01,2025-09-30,ok,33.07557,118.63637,40110,
era5,huai_an_3,2025-10-01,2025-10-31,ok,33.07557,118.63637,40722,
era5,huai_an_3,2025-11-01,2025-11-30,ok,33.07557,118.63637,38175,
era5,huai_an_3,2025-12-01,2025-12-31,ok,33.07557,118.63637,39598,
era5,huai_an_3,2026-01-01,2026-01-31,ok,33.07557,118.63637,39738,
era5,yancheng_1,2024-02-01,2024-02-29,ok,33.848858,119.8132,38095,
era5,yancheng_1,2024-03-01,2024-03-31,ok,33.848858,119.8132,40631,
era5,yancheng_1,2024-04-01,2024-04-30,ok,33.848858,119.8132,39953,
era5,yancheng_1,2024-05-01,2024-05-31,ok,33.848858,119.8132,40856,
era5,yancheng_1,2024-06-01,2024-06-30,ok,33.848858,119.8132,40321,
era5,yancheng_1,2024-07-01,2024-07-31,ok,33.848858,119.8132,41413,
era5,yancheng_1,2024-08-01,2024-08-31,ok,33.848858,119.8132,40842,
era5,yancheng_1,2024-09-01,2024-09-30,ok,33.848858,119.8132,39456,
era5,yancheng_1,2024-11-01,2024-11-30,ok,33.848858,119.8132,38457,
era5,yancheng_1,2024-12-01,2024-12-31,ok,33.848858,119.8132,39544,
era5,yancheng_1,2024-10-01,2024-10-31,ok,33.848858,119.8132,40546,
era5,yancheng_1,2025-02-01,2025-02-28,ok,33.848858,119.8132,36445,
era5,yancheng_1,2025-01-01,2025-01-31,ok,33.848858,119.8132,39561,
era5,yancheng_1,2025-03-01,2025-03-31,ok,33.848858,119.8132,40587,
era5,yancheng_1,2025-05-01,2025-05-31,ok,33.848858,119.8132,41074,
era5,yancheng_1,2025-04-01,2025-04-30,ok,33.848858,119.8132,39342,
era5,yancheng_1,2025-06-01,2025-06-30,ok,33.848858,119.8132,40190,
era5,yancheng_1,2025-09-01,2025-09-30,ok,33.848858,119.8132,40076,
era5,yancheng_1,2025-07-01,2025-07-31,ok,33.848858,119.8132,40959,
era5,yancheng_1,2025-10-01,2025-10-31,ok,33.848858,119.8132,40642,
era5,yancheng_1,2025-08-01,2025-08-31,ok,33.848858,119.8132,40976,
era5,yancheng_1,2025-11-01,2025-11-30,ok,33.848858,119.8132,38060,
era5,yancheng_1,2025-12-01,2025-12-31,ok,33.848858,119.8132,39683,
era5,yancheng_1,2026-01-01,2026-01-31,ok,33.848858,119.8132,39736,
era5,lianyungang_1,2024-02-01,2024-02-29,ok,34.69244,118.558784,37982,
era5,lianyungang_1,2024-03-01,2024-03-31,ok,34.69244,118.558784,40518,
era5,lianyungang_1,2024-04-01,2024-04-30,ok,34.69244,118.558784,39882,
era5,lianyungang_1,2024-05-01,2024-05-31,ok,34.69244,118.558784,40811,
era5,lianyungang_1,2024-06-01,2024-06-30,ok,34.69244,118.558784,40072,
era5,lianyungang_1,2024-08-01,2024-08-31,ok,34.69244,118.558784,40911,
era5,lianyungang_1,2024-07-01,2024-07-31,ok,34.69244,118.558784,41555,
era5,lianyungang_1,2024-09-01,2024-09-30,ok,34.69244,118.558784,39428,
era5,lianyungang_1,2024-11-01,2024-11-30,ok,34.69244,118.558784,38604,
era5,lianyungang_1,2024-12-01,2024-12-31,ok,34.69244,118.558784,39377,
era5,lianyungang_1,2025-02-01,2025-02-28,ok,34.69244,118.558784,36300,
era5,lianyungang_1,2025-03-01,2025-03-31,ok,34.69244,118.558784,40515,
era5,lianyungang_1,2025-04-01,2025-04-30,ok,34.69244,118.558784,39256,
era5,lianyungang_1,2025-05-01,2025-05-31,ok,34.69244,118.558784,41053,
era5,lianyungang_1,2025-06-01,2025-06-30,ok,34.69244,118.558784,40178,
era5,lianyungang_1,2025-07-01,2025-07-31,ok,34.69244,118.558784,40916,
era5,lianyungang_1,2025-08-01,2025-08-31,ok,34.69244,118.558784,41142,
era5,lianyungang_1,2025-09-01,2025-09-30,ok,34.69244,118.558784,39973,
era5,lianyungang_1,2025-10-01,2025-10-31,ok,34.69244,118.558784,40520,
era5,lianyungang_1,2025-11-01,2025-11-30,ok,34.69244,118.558784,38020,
era5,lianyungang_1,2025-12-01,2025-12-31,ok,34.69244,118.558784,39479,
era5,lianyungang_1,2026-01-01,2026-01-31,ok,34.69244,118.558784,39583,
era5,yancheng_2,2024-02-01,2024-02-29,ok,33.07557,120.62653,38175,
era5,yancheng_2,2024-03-01,2024-03-31,ok,33.07557,120.62653,40735,
era5,yancheng_2,2024-04-01,2024-04-30,ok,33.07557,120.62653,40209,
era5,yancheng_2,2024-05-01,2024-05-31,ok,33.07557,120.62653,40926,
era5,yancheng_2,2024-06-01,2024-06-30,ok,33.07557,120.62653,40536,
era5,yancheng_2,2024-07-01,2024-07-31,ok,33.07557,120.62653,41463,
era5,yancheng_2,2024-08-01,2024-08-31,ok,33.07557,120.62653,40879,
era5,lianyungang_1,2024-10-01,2024-10-31,ok,34.69244,118.558784,40235,
era5,yancheng_2,2024-09-01,2024-09-30,ok,33.07557,120.62653,39711,
era5,yancheng_2,2024-10-01,2024-10-31,ok,33.07557,120.62653,40807,
era5,lianyungang_1,2025-01-01,2025-01-31,ok,34.69244,118.558784,39416,
era5,yancheng_2,2024-11-01,2024-11-30,ok,33.07557,120.62653,38586,
era5,yancheng_2,2024-12-01,2024-12-31,ok,33.07557,120.62653,39596,
era5,yancheng_2,2025-01-01,2025-01-31,ok,33.07557,120.62653,39654,
era5,yancheng_2,2025-02-01,2025-02-28,ok,33.07557,120.62653,36552,
era5,yancheng_2,2025-03-01,2025-03-31,ok,33.07557,120.62653,40699,
era5,yancheng_2,2025-04-01,2025-04-30,ok,33.07557,120.62653,39404,
era5,yancheng_2,2025-05-01,2025-05-31,ok,33.07557,120.62653,41295,
era5,yancheng_2,2025-06-01,2025-06-30,ok,33.07557,120.62653,40351,
era5,yancheng_2,2025-07-01,2025-07-31,ok,33.07557,120.62653,41104,
era5,yancheng_2,2025-08-01,2025-08-31,ok,33.07557,120.62653,40795,
era5,yancheng_2,2025-09-01,2025-09-30,ok,33.07557,120.62653,40052,
era5,yancheng_2,2025-10-01,2025-10-31,ok,33.07557,120.62653,40753,
era5,yancheng_2,2025-11-01,2025-11-30,ok,33.07557,120.62653,38205,
era5,yancheng_2,2025-12-01,2025-12-31,ok,33.07557,120.62653,39739,
era5,yancheng_2,2026-01-01,2026-01-31,ok,33.07557,120.62653,39745,
era5,yancheng_3,2024-02-01,2024-02-29,ok,33.14587,119.778595,38036,
era5,yancheng_3,2024-03-01,2024-03-31,ok,33.14587,119.778595,40582,
era5,yancheng_3,2024-05-01,2024-05-31,ok,33.14587,119.778595,40862,
era5,yancheng_3,2024-06-01,2024-06-30,ok,33.14587,119.778595,40532,
era5,yancheng_3,2024-07-01,2024-07-31,ok,33.14587,119.778595,41417,
era5,yancheng_3,2024-08-01,2024-08-31,ok,33.14587,119.778595,40750,
era5,yancheng_3,2024-09-01,2024-09-30,ok,33.14587,119.778595,39483,
era5,yancheng_3,2024-10-01,2024-10-31,ok,33.14587,119.778595,40508,
era5,yancheng_3,2024-11-01,2024-11-30,ok,33.14587,119.778595,38419,
era5,yancheng_3,2024-12-01,2024-12-31,ok,33.14587,119.778595,39514,
era5,yancheng_3,2025-01-01,2025-01-31,ok,33.14587,119.778595,39589,
era5,yancheng_3,2025-02-01,2025-02-28,ok,33.14587,119.778595,36577,
era5,yancheng_3,2025-03-01,2025-03-31,ok,33.14587,119.778595,40590,
era5,yancheng_3,2025-04-01,2025-04-30,ok,33.14587,119.778595,39372,
era5,yancheng_3,2025-05-01,2025-05-31,ok,33.14587,119.778595,41111,
era5,yancheng_3,2025-06-01,2025-06-30,ok,33.14587,119.778595,40196,
era5,yancheng_3,2025-07-01,2025-07-31,ok,33.14587,119.778595,41006,
era5,yancheng_3,2025-08-01,2025-08-31,ok,33.14587,119.778595,40862,
era5,yancheng_3,2025-09-01,2025-09-30,ok,33.14587,119.778595,39967,
era5,yancheng_3,2025-10-01,2025-10-31,ok,33.14587,119.778595,40620,
era5,yancheng_3,2025-12-01,2025-12-31,ok,33.14587,119.778595,39617,
era5,yancheng_3,2025-11-01,2025-11-30,ok,33.14587,119.778595,38144,
era5,yancheng_3,2026-01-01,2026-01-31,ok,33.14587,119.778595,39692,
era5,lianyungang_2,2024-02-01,2024-02-29,ok,34.69244,119.35524,38070,
era5,lianyungang_2,2024-03-01,2024-03-31,ok,34.69244,119.35524,40496,
era5,lianyungang_2,2024-04-01,2024-04-30,ok,34.69244,119.35524,39878,
era5,lianyungang_2,2024-05-01,2024-05-31,ok,34.69244,119.35524,40792,
era5,lianyungang_2,2024-06-01,2024-06-30,ok,34.69244,119.35524,40165,
era5,lianyungang_2,2024-07-01,2024-07-31,ok,34.69244,119.35524,41397,
era5,lianyungang_2,2024-08-01,2024-08-31,ok,34.69244,119.35524,40864,
era5,lianyungang_2,2024-09-01,2024-09-30,ok,34.69244,119.35524,39493,
era5,lianyungang_2,2024-10-01,2024-10-31,ok,34.69244,119.35524,40415,
era5,lianyungang_2,2024-11-01,2024-11-30,ok,34.69244,119.35524,38646,
era5,lianyungang_2,2024-12-01,2024-12-31,ok,34.69244,119.35524,39511,
era5,yancheng_3,2024-04-01,2024-04-30,ok,33.14587,119.778595,40075,
era5,lianyungang_2,2025-02-01,2025-02-28,ok,34.69244,119.35524,36279,
era5,lianyungang_2,2025-01-01,2025-01-31,ok,34.69244,119.35524,39414,
era5,lianyungang_2,2025-03-01,2025-03-31,ok,34.69244,119.35524,40591,
era5,lianyungang_2,2025-04-01,2025-04-30,ok,34.69244,119.35524,39224,
era5,lianyungang_2,2025-05-01,2025-05-31,ok,34.69244,119.35524,41094,
era5,lianyungang_2,2025-06-01,2025-06-30,ok,34.69244,119.35524,40159,
era5,lianyungang_2,2025-07-01,2025-07-31,ok,34.69244,119.35524,40955,
era5,lianyungang_2,2025-08-01,2025-08-31,ok,34.69244,119.35524,41101,
era5,lianyungang_2,2025-09-01,2025-09-30,ok,34.69244,119.35524,40110,
era5,lianyungang_2,2025-10-01,2025-10-31,ok,34.69244,119.35524,40649,
era5,lianyungang_2,2025-11-01,2025-11-30,ok,34.69244,119.35524,37977,
era5,lianyungang_2,2025-12-01,2025-12-31,ok,34.69244,119.35524,39563,
era5,lianyungang_2,2026-01-01,2026-01-31,ok,34.69244,119.35524,39661,
previous_runs,changzhou_1,2019-04-01,2019-04-30,ok,31.454605,119.765625,173444,
previous_runs,changzhou_1,2019-02-01,2019-02-28,ok,31.454605,119.765625,161384,
previous_runs,changzhou_1,2019-03-01,2019-03-31,ok,31.454605,119.765625,178724,
previous_runs,changzhou_1,2019-05-01,2019-05-31,ok,31.454605,119.765625,179243,
previous_runs,changzhou_1,2019-06-01,2019-06-30,ok,31.454605,119.765625,173684,
previous_runs,changzhou_1,2019-07-01,2019-07-31,ok,31.454605,119.765625,179287,
previous_runs,changzhou_1,2019-08-01,2019-08-31,ok,31.454605,119.765625,179173,
previous_runs,changzhou_1,2019-09-01,2019-09-30,ok,31.454605,119.765625,173171,
previous_runs,changzhou_1,2019-10-01,2019-10-31,ok,31.454605,119.765625,178451,
previous_runs,changzhou_1,2019-11-01,2019-11-30,ok,31.454605,119.765625,172505,
previous_runs,changzhou_1,2019-12-01,2019-12-31,ok,31.454605,119.765625,178052,
previous_runs,changzhou_1,2020-01-01,2020-01-31,ok,31.454605,119.765625,178100,
previous_runs,changzhou_1,2020-02-01,2020-02-29,ok,31.454605,119.765625,167030,
previous_runs,changzhou_1,2020-04-01,2020-04-30,ok,31.454605,119.765625,173450,
previous_runs,changzhou_1,2020-05-01,2020-05-31,ok,31.454605,119.765625,179249,
previous_runs,changzhou_1,2020-06-01,2020-06-30,ok,31.454605,119.765625,173684,
previous_runs,changzhou_1,2020-03-01,2020-03-31,ok,31.454605,119.765625,178730,
previous_runs,changzhou_1,2020-07-01,2020-07-31,ok,31.454605,119.765625,179285,
previous_runs,changzhou_1,2020-08-01,2020-08-31,ok,31.454605,119.765625,179171,
previous_runs,changzhou_1,2020-10-01,2020-10-31,ok,31.454605,119.765625,178439,
previous_runs,changzhou_1,2020-09-01,2020-09-30,ok,31.454605,119.765625,173162,
previous_runs,changzhou_1,2020-11-01,2020-11-30,ok,31.454605,119.765625,172502,
previous_runs,changzhou_1,2020-12-01,2020-12-31,ok,31.454605,119.765625,178052,
previous_runs,changzhou_1,2021-01-01,2021-01-31,ok,31.454605,119.765625,178100,
previous_runs,changzhou_1,2021-02-01,2021-02-28,ok,31.454605,119.765625,161390,
previous_runs,changzhou_1,2021-03-01,2021-03-31,ok,31.454605,119.765625,178720,
previous_runs,changzhou_1,2021-04-01,2021-04-30,ok,31.454605,119.765625,173286,
previous_runs,changzhou_1,2021-05-01,2021-05-31,ok,31.454605,119.765625,179246,
previous_runs,changzhou_1,2021-06-01,2021-06-30,ok,31.454605,119.765625,173684,
previous_runs,changzhou_1,2021-07-01,2021-07-31,ok,31.454605,119.765625,179285,
previous_runs,changzhou_1,2021-08-01,2021-08-31,ok,31.454605,119.765625,179170,
previous_runs,changzhou_1,2021-09-01,2021-09-30,ok,31.454605,119.765625,173165,
previous_runs,changzhou_1,2021-12-01,2021-12-31,ok,31.454605,119.765625,176801,
previous_runs,changzhou_1,2021-11-01,2021-11-30,ok,31.454605,119.765625,171969,
previous_runs,changzhou_1,2021-10-01,2021-10-31,ok,31.454605,119.765625,178424,
previous_runs,changzhou_1,2022-01-01,2022-01-31,ok,31.454605,119.765625,176045,
previous_runs,changzhou_1,2022-04-01,2022-04-30,ok,31.454605,119.765625,173262,
previous_runs,changzhou_1,2022-03-01,2022-03-31,ok,31.454605,119.765625,177855,
previous_runs,changzhou_1,2022-02-01,2022-02-28,ok,31.454605,119.765625,159553,
previous_runs,changzhou_1,2022-05-01,2022-05-31,ok,31.454605,119.765625,179246,
previous_runs,changzhou_1,2022-06-01,2022-06-30,ok,31.454605,119.765625,173683,
previous_runs,changzhou_1,2022-07-01,2022-07-31,ok,31.454605,119.765625,179290,
previous_runs,changzhou_1,2022-08-01,2022-08-31,ok,31.454605,119.765625,179173,
previous_runs,changzhou_1,2022-09-01,2022-09-30,ok,31.454605,119.765625,173167,
previous_runs,changzhou_1,2022-10-01,2022-10-31,ok,31.454605,119.765625,178413,
previous_runs,changzhou_1,2022-11-01,2022-11-30,ok,31.454605,119.765625,172329,
previous_runs,changzhou_1,2022-12-01,2022-12-31,ok,31.454605,119.765625,176189,
previous_runs,changzhou_1,2023-01-01,2023-01-31,ok,31.454605,119.765625,176625,
previous_runs,changzhou_1,2023-02-01,2023-02-28,ok,31.454605,119.765625,159656,
previous_runs,changzhou_1,2023-03-01,2023-03-31,ok,31.454605,119.765625,177907,
previous_runs,changzhou_1,2023-04-01,2023-04-30,ok,31.454605,119.765625,173309,
previous_runs,changzhou_1,2023-05-01,2023-05-31,ok,31.454605,119.765625,179243,
previous_runs,changzhou_1,2023-06-01,2023-06-30,ok,31.454605,119.765625,173684,
previous_runs,changzhou_1,2023-08-01,2023-08-31,ok,31.454605,119.765625,179174,
previous_runs,changzhou_1,2023-07-01,2023-07-31,ok,31.454605,119.765625,179287,
previous_runs,changzhou_1,2023-09-01,2023-09-30,ok,31.454605,119.765625,173171,
previous_runs,changzhou_1,2023-10-01,2023-10-31,ok,31.454605,119.765625,178446,
previous_runs,changzhou_1,2023-11-01,2023-11-30,ok,31.454605,119.765625,171933,
previous_runs,changzhou_1,2024-02-01,2024-02-29,ok,31.454605,119.765625,155891,
previous_runs,changzhou_1,2024-03-01,2024-03-31,ok,31.454605,119.765625,169605,
previous_runs,changzhou_1,2024-04-01,2024-04-30,ok,31.454605,119.765625,167366,
previous_runs,changzhou_1,2024-05-01,2024-05-31,ok,31.454605,119.765625,174528,
previous_runs,changzhou_1,2024-06-01,2024-06-30,ok,31.454605,119.765625,168978,
previous_runs,changzhou_1,2024-07-01,2024-07-31,ok,31.454605,119.765625,174587,
previous_runs,changzhou_1,2024-08-01,2024-08-31,ok,31.454605,119.765625,173863,
previous_runs,changzhou_1,2024-09-01,2024-09-30,ok,31.454605,119.765625,167092,
previous_runs,changzhou_1,2024-10-01,2024-10-31,ok,31.454605,119.765625,169348,
previous_runs,changzhou_1,2024-11-01,2024-11-30,ok,31.454605,119.765625,162109,
previous_runs,changzhou_1,2024-12-01,2024-12-31,ok,31.454605,119.765625,165970,
previous_runs,changzhou_1,2025-01-01,2025-01-31,ok,31.454605,119.765625,168237,
previous_runs,changzhou_1,2025-02-01,2025-02-28,ok,31.454605,119.765625,153101,
previous_runs,changzhou_1,2025-03-01,2025-03-31,ok,31.454605,119.765625,169581,
previous_runs,changzhou_1,2025-04-01,2025-04-30,ok,31.454605,119.765625,168001,
previous_runs,changzhou_1,2025-05-01,2025-05-31,ok,31.454605,119.765625,175130,
previous_runs,changzhou_1,2025-06-01,2025-06-30,ok,31.454605,119.765625,168312,
previous_runs,changzhou_1,2025-07-01,2025-07-31,ok,31.454605,119.765625,174645,
previous_runs,changzhou_1,2025-08-01,2025-08-31,ok,31.454605,119.765625,173791,
previous_runs,changzhou_1,2025-09-01,2025-09-30,ok,31.454605,119.765625,166278,
previous_runs,changzhou_1,2025-10-01,2025-10-31,ok,31.454605,119.765625,170031,
previous_runs,changzhou_1,2025-11-01,2025-11-30,ok,31.454605,119.765625,162216,
previous_runs,changzhou_1,2025-12-01,2025-12-31,ok,31.454605,119.765625,166789,
previous_runs,changzhou_1,2026-01-01,2026-01-31,ok,31.454605,119.765625,167188,
previous_runs,changzhou_1,2024-01-01,2024-01-31,ok,31.454605,119.765625,174452,
previous_runs,changzhou_1,2023-12-01,2023-12-31,ok,31.454605,119.765625,177015,
previous_runs,nanjing_1,2019-02-01,2019-02-28,ok,31.923203,118.59375,161371,
previous_runs,nanjing_1,2019-03-01,2019-03-31,ok,31.923203,118.59375,178727,
previous_runs,nanjing_1,2019-05-01,2019-05-31,ok,31.923203,118.59375,179243,
previous_runs,nanjing_1,2019-06-01,2019-06-30,ok,31.923203,118.59375,173684,
previous_runs,nanjing_1,2019-04-01,2019-04-30,ok,31.923203,118.59375,173429,
previous_runs,nanjing_1,2019-07-01,2019-07-31,ok,31.923203,118.59375,179260,
previous_runs,nanjing_1,2019-08-01,2019-08-31,ok,31.923203,118.59375,179162,
previous_runs,nanjing_1,2019-09-01,2019-09-30,ok,31.923203,118.59375,173177,
previous_runs,nanjing_1,2019-10-01,2019-10-31,ok,31.923203,118.59375,178427,
previous_runs,nanjing_1,2019-11-01,2019-11-30,ok,31.923203,118.59375,172487,
previous_runs,nanjing_1,2019-12-01,2019-12-31,ok,31.923203,118.59375,178036,
previous_runs,nanjing_1,2020-01-01,2020-01-31,ok,31.923203,118.59375,178052,
previous_runs,nanjing_1,2020-02-01,2020-02-29,ok,31.923203,118.59375,167012,
previous_runs,nanjing_1,2020-03-01,2020-03-31,ok,31.923203,118.59375,178736,
previous_runs,nanjing_1,2020-04-01,2020-04-30,ok,31.923203,118.59375,173435,
previous_runs,nanjing_1,2020-07-01,2020-07-31,ok,31.923203,118.59375,179261,
previous_runs,nanjing_1,2020-05-01,2020-05-31,ok,31.923203,118.59375,179255,
previous_runs,nanjing_1,2020-06-01,2020-06-30,ok,31.923203,118.59375,173684,
previous_runs,nanjing_1,2020-08-01,2020-08-31,ok,31.923203,118.59375,179159,
previous_runs,nanjing_1,2020-09-01,2020-09-30,ok,31.923203,118.59375,173173,
previous_runs,nanjing_1,2020-10-01,2020-10-31,ok,31.923203,118.59375,178415,
previous_runs,nanjing_1,2020-11-01,2020-11-30,ok,31.923203,118.59375,172484,
previous_runs,nanjing_1,2020-12-01,2020-12-31,ok,31.923203,118.59375,178034,
previous_runs,nanjing_1,2021-01-01,2021-01-31,ok,31.923203,118.59375,178058,
previous_runs,nanjing_1,2021-03-01,2021-03-31,ok,31.923203,118.59375,178723,
previous_runs,nanjing_1,2021-04-01,2021-04-30,ok,31.923203,118.59375,173241,
previous_runs,nanjing_1,2021-02-01,2021-02-28,ok,31.923203,118.59375,161381,
previous_runs,nanjing_1,2021-05-01,2021-05-31,ok,31.923203,118.59375,179248,
previous_runs,nanjing_1,2021-06-01,2021-06-30,ok,31.923203,118.59375,173684,
previous_runs,nanjing_1,2021-07-01,2021-07-31,ok,31.923203,118.59375,179260,
previous_runs,nanjing_1,2021-08-01,2021-08-31,ok,31.923203,118.59375,179160,
previous_runs,nanjing_1,2021-09-01,2021-09-30,ok,31.923203,118.59375,173176,
previous_runs,nanjing_1,2021-11-01,2021-11-30,ok,31.923203,118.59375,171914,
previous_runs,nanjing_1,2021-10-01,2021-10-31,ok,31.923203,118.59375,178389,
previous_runs,nanjing_1,2021-12-01,2021-12-31,ok,31.923203,118.59375,176768,
previous_runs,nanjing_1,2022-01-01,2022-01-31,ok,31.923203,118.59375,175996,
previous_runs,nanjing_1,2022-03-01,2022-03-31,ok,31.923203,118.59375,177945,
previous_runs,nanjing_1,2022-02-01,2022-02-28,ok,31.923203,118.59375,159565,
previous_runs,nanjing_1,2022-04-01,2022-04-30,ok,31.923203,118.59375,173255,
previous_runs,nanjing_1,2022-05-01,2022-05-31,ok,31.923203,118.59375,179248,
previous_runs,nanjing_1,2022-06-01,2022-06-30,ok,31.923203,118.59375,173682,
previous_runs,nanjing_1,2022-07-01,2022-07-31,ok,31.923203,118.59375,179260,
previous_runs,nanjing_1,2022-08-01,2022-08-31,ok,31.923203,118.59375,179161,
previous_runs,nanjing_1,2022-09-01,2022-09-30,ok,31.923203,118.59375,173176,
previous_runs,nanjing_1,2022-11-01,2022-11-30,ok,31.923203,118.59375,172264,
previous_runs,nanjing_1,2022-12-01,2022-12-31,ok,31.923203,118.59375,176106,
previous_runs,nanjing_1,2023-01-01,2023-01-31,ok,31.923203,118.59375,176652,
previous_runs,nanjing_1,2022-10-01,2022-10-31,ok,31.923203,118.59375,178396,
previous_runs,nanjing_1,2023-02-01,2023-02-28,ok,31.923203,118.59375,159664,
previous_runs,nanjing_1,2023-04-01,2023-04-30,ok,31.923203,118.59375,173258,
previous_runs,nanjing_1,2023-03-01,2023-03-31,ok,31.923203,118.59375,177975,
previous_runs,nanjing_1,2023-05-01,2023-05-31,ok,31.923203,118.59375,179248,
previous_runs,nanjing_1,2023-06-01,2023-06-30,ok,31.923203,118.59375,173684,
previous_runs,nanjing_1,2023-07-01,2023-07-31,ok,31.923203,118.59375,179260,
previous_runs,nanjing_1,2023-08-01,2023-08-31,ok,31.923203,118.59375,179162,
previous_runs,nanjing_1,2023-09-01,2023-09-30,ok,31.923203,118.59375,173176,
previous_runs,nanjing_1,2023-10-01,2023-10-31,ok,31.923203,118.59375,178426,
previous_runs,nanjing_1,2023-11-01,2023-11-30,ok,31.923203,118.59375,171869,
previous_runs,nanjing_1,2024-02-01,2024-02-29,ok,31.923203,118.59375,156335,
previous_runs,nanjing_1,2024-03-01,2024-03-31,ok,31.923203,118.59375,169193,
previous_runs,nanjing_1,2024-04-01,2024-04-30,ok,31.923203,118.59375,166951,
previous_runs,nanjing_1,2024-05-01,2024-05-31,ok,31.923203,118.59375,173934,
previous_runs,nanjing_1,2024-06-01,2024-06-30,ok,31.923203,118.59375,169180,
previous_runs,nanjing_1,2024-07-01,2024-07-31,ok,31.923203,118.59375,173697,
previous_runs,nanjing_1,2024-08-01,2024-08-31,ok,31.923203,118.59375,173139,
previous_runs,nanjing_1,2024-09-01,2024-09-30,ok,31.923203,118.59375,166520,
previous_runs,nanjing_1,2024-10-01,2024-10-31,ok,31.923203,118.59375,169266,
previous_runs,nanjing_1,2024-11-01,2024-11-30,ok,31.923203,118.59375,161540,
previous_runs,nanjing_1,2024-12-01,2024-12-31,ok,31.923203,118.59375,165981,
previous_runs,nanjing_1,2025-01-01,2025-01-31,ok,31.923203,118.59375,167928,
previous_runs,nanjing_1,2025-02-01,2025-02-28,ok,31.923203,118.59375,153228,
previous_runs,nanjing_1,2025-03-01,2025-03-31,ok,31.923203,118.59375,169740,
previous_runs,nanjing_1,2025-04-01,2025-04-30,ok,31.923203,118.59375,168237,
previous_runs,nanjing_1,2025-05-01,2025-05-31,ok,31.923203,118.59375,174727,
previous_runs,nanjing_1,2025-06-01,2025-06-30,ok,31.923203,118.59375,168446,
previous_runs,nanjing_1,2025-07-01,2025-07-31,ok,31.923203,118.59375,173968,
previous_runs,nanjing_1,2025-08-01,2025-08-31,ok,31.923203,118.59375,172964,
previous_runs,nanjing_1,2025-09-01,2025-09-30,ok,31.923203,118.59375,165878,
previous_runs,nanjing_1,2025-10-01,2025-10-31,ok,31.923203,118.59375,169413,
previous_runs,nanjing_1,2025-11-01,2025-11-30,ok,31.923203,118.59375,161958,
previous_runs,nanjing_1,2025-12-01,2025-12-31,ok,31.923203,118.59375,166987,
previous_runs,nanjing_1,2026-01-01,2026-01-31,ok,31.923203,118.59375,167025,
previous_runs,nanjing_1,2023-12-01,2023-12-31,ok,31.923203,118.59375,176985,
previous_runs,nanjing_1,2024-01-01,2024-01-31,ok,31.923203,118.59375,174172,
previous_runs,suzhou_1,2019-02-01,2019-02-28,ok,31.454605,121.05469,161376,
previous_runs,suzhou_1,2019-04-01,2019-04-30,ok,31.454605,121.05469,173431,
previous_runs,suzhou_1,2019-03-01,2019-03-31,ok,31.454605,121.05469,178738,
previous_runs,suzhou_1,2019-06-01,2019-06-30,ok,31.454605,121.05469,173677,
previous_runs,suzhou_1,2019-05-01,2019-05-31,ok,31.454605,121.05469,179242,
previous_runs,suzhou_1,2019-07-01,2019-07-31,ok,31.454605,121.05469,179305,
previous_runs,suzhou_1,2019-08-01,2019-08-31,ok,31.454605,121.05469,179158,
previous_runs,suzhou_1,2019-09-01,2019-09-30,ok,31.454605,121.05469,173184,
previous_runs,suzhou_1,2019-10-01,2019-10-31,ok,31.454605,121.05469,178456,
previous_runs,suzhou_1,2019-11-01,2019-11-30,ok,31.454605,121.05469,172483,
previous_runs,suzhou_1,2019-12-01,2019-12-31,ok,31.454605,121.05469,178003,
previous_runs,suzhou_1,2020-01-01,2020-01-31,ok,31.454605,121.05469,178081,
previous_runs,suzhou_1,2020-03-01,2020-03-31,ok,31.454605,121.05469,178744,
previous_runs,suzhou_1,2020-02-01,2020-02-29,ok,31.454605,121.05469,167017,
previous_runs,suzhou_1,2020-04-01,2020-04-30,ok,31.454605,121.05469,173433,
previous_runs,suzhou_1,2020-06-01,2020-06-30,ok,31.454605,121.05469,173680,
previous_runs,suzhou_1,2020-07-01,2020-07-31,ok,31.454605,121.05469,179308,
previous_runs,suzhou_1,2020-05-01,2020-05-31,ok,31.454605,121.05469,179245,
previous_runs,suzhou_1,2020-09-01,2020-09-30,ok,31.454605,121.05469,173176,
previous_runs,suzhou_1,2020-08-01,2020-08-31,ok,31.454605,121.05469,179155,
previous_runs,suzhou_1,2020-10-01,2020-10-31,ok,31.454605,121.05469,178438,
previous_runs,suzhou_1,2020-11-01,2020-11-30,ok,31.454605,121.05469,172480,
previous_runs,suzhou_1,2020-12-01,2020-12-31,ok,31.454605,121.05469,178006,
previous_runs,suzhou_1,2021-01-01,2021-01-31,ok,31.454605,121.05469,178084,
previous_runs,suzhou_1,2021-02-01,2021-02-28,ok,31.454605,121.05469,161386,
previous_runs,suzhou_1,2021-03-01,2021-03-31,ok,31.454605,121.05469,178737,
previous_runs,suzhou_1,2021-04-01,2021-04-30,ok,31.454605,121.05469,173310,
previous_runs,suzhou_1,2021-06-01,2021-06-30,ok,31.454605,121.05469,173678,
previous_runs,suzhou_1,2021-07-01,2021-07-31,ok,31.454605,121.05469,179301,
previous_runs,suzhou_1,2021-05-01,2021-05-31,ok,31.454605,121.05469,179241,
previous_runs,suzhou_1,2021-08-01,2021-08-31,ok,31.454605,121.05469,179150,
previous_runs,suzhou_1,2021-09-01,2021-09-30,ok,31.454605,121.05469,173178,
previous_runs,suzhou_1,2021-11-01,2021-11-30,ok,31.454605,121.05469,172132,
previous_runs,suzhou_1,2021-12-01,2021-12-31,ok,31.454605,121.05469,176944,
previous_runs,suzhou_1,2021-10-01,2021-10-31,ok,31.454605,121.05469,178443,
previous_runs,suzhou_1,2022-02-01,2022-02-28,ok,31.454605,121.05469,159547,
previous_runs,suzhou_1,2022-01-01,2022-01-31,ok,31.454605,121.05469,176096,
previous_runs,suzhou_1,2022-04-01,2022-04-30,ok,31.454605,121.05469,173281,
previous_runs,suzhou_1,2022-05-01,2022-05-31,ok,31.454605,121.05469,179241,
previous_runs,suzhou_1,2022-03-01,2022-03-31,ok,31.454605,121.05469,177937,
previous_runs,suzhou_1,2022-07-01,2022-07-31,ok,31.454605,121.05469,179301,
previous_runs,suzhou_1,2022-06-01,2022-06-30,ok,31.454605,121.05469,173679,
previous_runs,suzhou_1,2022-08-01,2022-08-31,ok,31.454605,121.05469,179157,
previous_runs,suzhou_1,2022-09-01,2022-09-30,ok,31.454605,121.05469,173181,
previous_runs,suzhou_1,2022-12-01,2022-12-31,ok,31.454605,121.05469,176291,
previous_runs,suzhou_1,2022-11-01,2022-11-30,ok,31.454605,121.05469,172370,
previous_runs,suzhou_1,2022-10-01,2022-10-31,ok,31.454605,121.05469,178449,
previous_runs,suzhou_1,2023-01-01,2023-01-31,ok,31.454605,121.05469,176526,
previous_runs,suzhou_1,2023-03-01,2023-03-31,ok,31.454605,121.05469,177987,
previous_runs,suzhou_1,2023-04-01,2023-04-30,ok,31.454605,121.05469,173364,
previous_runs,suzhou_1,2023-02-01,2023-02-28,ok,31.454605,121.05469,159712,
previous_runs,suzhou_1,2023-05-01,2023-05-31,ok,31.454605,121.05469,179242,
previous_runs,suzhou_1,2023-06-01,2023-06-30,ok,31.454605,121.05469,173676,
previous_runs,suzhou_1,2023-08-01,2023-08-31,ok,31.454605,121.05469,179157,
previous_runs,suzhou_1,2023-09-01,2023-09-30,ok,31.454605,121.05469,173184,
previous_runs,suzhou_1,2023-10-01,2023-10-31,ok,31.454605,121.05469,178452,
previous_runs,suzhou_1,2023-11-01,2023-11-30,ok,31.454605,121.05469,172211,
previous_runs,suzhou_1,2023-07-01,2023-07-31,ok,31.454605,121.05469,179304,
previous_runs,suzhou_1,2024-02-01,2024-02-29,ok,31.454605,121.05469,155795,
previous_runs,suzhou_1,2024-03-01,2024-03-31,ok,31.454605,121.05469,169539,
previous_runs,suzhou_1,2024-04-01,2024-04-30,ok,31.454605,121.05469,166540,
previous_runs,suzhou_1,2024-05-01,2024-05-31,ok,31.454605,121.05469,173733,
previous_runs,suzhou_1,2024-06-01,2024-06-30,ok,31.454605,121.05469,168522,
previous_runs,suzhou_1,2024-07-01,2024-07-31,ok,31.454605,121.05469,174960,
previous_runs,suzhou_1,2024-08-01,2024-08-31,ok,31.454605,121.05469,173134,
previous_runs,suzhou_1,2024-09-01,2024-09-30,ok,31.454605,121.05469,166466,
previous_runs,suzhou_1,2024-10-01,2024-10-31,ok,31.454605,121.05469,169395,
previous_runs,suzhou_1,2024-11-01,2024-11-30,ok,31.454605,121.05469,162336,
previous_runs,suzhou_1,2024-12-01,2024-12-31,ok,31.454605,121.05469,166280,
previous_runs,suzhou_1,2025-01-01,2025-01-31,ok,31.454605,121.05469,168289,
previous_runs,suzhou_1,2025-02-01,2025-02-28,ok,31.454605,121.05469,152829,
previous_runs,suzhou_1,2025-03-01,2025-03-31,ok,31.454605,121.05469,169050,
previous_runs,suzhou_1,2025-04-01,2025-04-30,ok,31.454605,121.05469,167828,
previous_runs,suzhou_1,2025-05-01,2025-05-31,ok,31.454605,121.05469,174371,
previous_runs,suzhou_1,2025-06-01,2025-06-30,ok,31.454605,121.05469,167995,
previous_runs,suzhou_1,2025-07-01,2025-07-31,ok,31.454605,121.05469,174448,
previous_runs,suzhou_1,2025-08-01,2025-08-31,ok,31.454605,121.05469,173594,
previous_runs,suzhou_1,2025-09-01,2025-09-30,ok,31.454605,121.05469,166431,
previous_runs,suzhou_1,2025-10-01,2025-10-31,ok,31.454605,121.05469,170034,
previous_runs,suzhou_1,2025-11-01,2025-11-30,ok,31.454605,121.05469,162441,
previous_runs,suzhou_1,2025-12-01,2025-12-31,ok,31.454605,121.05469,166717,
previous_runs,suzhou_1,2026-01-01,2026-01-31,ok,31.454605,121.05469,166757,
previous_runs,suzhou_1,2023-12-01,2023-12-31,ok,31.454605,121.05469,176989,
previous_runs,wuxi_1,2019-02-01,2019-02-28,ok,31.103157,120.234375,161393,
previous_runs,suzhou_1,2024-01-01,2024-01-31,ok,31.454605,121.05469,174133,
previous_runs,wuxi_1,2019-03-01,2019-03-31,ok,31.103157,120.234375,178733,
previous_runs,wuxi_1,2019-05-01,2019-05-31,ok,31.103157,120.234375,179234,
previous_runs,wuxi_1,2019-06-01,2019-06-30,ok,31.103157,120.234375,173684,
previous_runs,wuxi_1,2019-04-01,2019-04-30,ok,31.103157,120.234375,173444,
previous_runs,wuxi_1,2019-07-01,2019-07-31,ok,31.103157,120.234375,179294,
previous_runs,wuxi_1,2019-08-01,2019-08-31,ok,31.103157,120.234375,179168,
previous_runs,wuxi_1,2019-09-01,2019-09-30,ok,31.103157,120.234375,173177,
previous_runs,wuxi_1,2019-10-01,2019-10-31,ok,31.103157,120.234375,178469,
previous_runs,wuxi_1,2019-12-01,2019-12-31,ok,31.103157,120.234375,178052,
previous_runs,wuxi_1,2019-11-01,2019-11-30,ok,31.103157,120.234375,172513,
previous_runs,wuxi_1,2020-01-01,2020-01-31,ok,31.103157,120.234375,178097,
previous_runs,wuxi_1,2020-02-01,2020-02-29,ok,31.103157,120.234375,167036,
previous_runs,wuxi_1,2020-03-01,2020-03-31,ok,31.103157,120.234375,178736,
previous_runs,wuxi_1,2020-04-01,2020-04-30,ok,31.103157,120.234375,173453,
previous_runs,wuxi_1,2020-05-01,2020-05-31,ok,31.103157,120.234375,179240,
previous_runs,wuxi_1,2020-06-01,2020-06-30,ok,31.103157,120.234375,173687,
previous_runs,wuxi_1,2020-07-01,2020-07-31,ok,31.103157,120.234375,179293,
previous_runs,wuxi_1,2020-08-01,2020-08-31,ok,31.103157,120.234375,179165,
previous_runs,wuxi_1,2020-10-01,2020-10-31,ok,31.103157,120.234375,178457,
previous_runs,wuxi_1,2020-09-01,2020-09-30,ok,31.103157,120.234375,173165,
previous_runs,wuxi_1,2020-11-01,2020-11-30,ok,31.103157,120.234375,172514,
previous_runs,wuxi_1,2020-12-01,2020-12-31,ok,31.103157,120.234375,178055,
previous_runs,wuxi_1,2021-01-01,2021-01-31,ok,31.103157,120.234375,178096,
previous_runs,wuxi_1,2021-02-01,2021-02-28,ok,31.103157,120.234375,161405,
previous_runs,wuxi_1,2021-04-01,2021-04-30,ok,31.103157,120.234375,173437,
previous_runs,wuxi_1,2021-03-01,2021-03-31,ok,31.103157,120.234375,178735,
previous_runs,wuxi_1,2021-05-01,2021-05-31,ok,31.103157,120.234375,179239,
previous_runs,wuxi_1,2021-07-01,2021-07-31,ok,31.103157,120.234375,179293,
previous_runs,wuxi_1,2021-08-01,2021-08-31,ok,31.103157,120.234375,179167,
previous_runs,wuxi_1,2021-06-01,2021-06-30,ok,31.103157,120.234375,173683,
previous_runs,wuxi_1,2021-09-01,2021-09-30,ok,31.103157,120.234375,173167,
previous_runs,wuxi_1,2021-10-01,2021-10-31,ok,31.103157,120.234375,178459,
previous_runs,wuxi_1,2021-11-01,2021-11-30,ok,31.103157,120.234375,172214,
previous_runs,wuxi_1,2021-12-01,2021-12-31,ok,31.103157,120.234375,176928,
previous_runs,wuxi_1,2022-01-01,2022-01-31,ok,31.103157,120.234375,175872,
previous_runs,wuxi_1,2022-02-01,2022-02-28,ok,31.103157,120.234375,159460,
previous_runs,wuxi_1,2022-03-01,2022-03-31,ok,31.103157,120.234375,177766,
previous_runs,wuxi_1,2022-05-01,2022-05-31,ok,31.103157,120.234375,179239,
previous_runs,wuxi_1,2022-04-01,2022-04-30,ok,31.103157,120.234375,173336,
previous_runs,wuxi_1,2022-06-01,2022-06-30,ok,31.103157,120.234375,173684,
previous_runs,wuxi_1,2022-08-01,2022-08-31,ok,31.103157,120.234375,179167,
previous_runs,wuxi_1,2022-07-01,2022-07-31,ok,31.103157,120.234375,179293,
previous_runs,wuxi_1,2022-09-01,2022-09-30,ok,31.103157,120.234375,173170,
previous_runs,wuxi_1,2022-10-01,2022-10-31,ok,31.103157,120.234375,178462,
previous_runs,wuxi_1,2022-11-01,2022-11-30,ok,31.103157,120.234375,172402,
previous_runs,wuxi_1,2022-12-01,2022-12-31,ok,31.103157,120.234375,176189,
previous_runs,wuxi_1,2023-03-01,2023-03-31,ok,31.103157,120.234375,177894,
previous_runs,wuxi_1,2023-02-01,2023-02-28,ok,31.103157,120.234375,159456,
previous_runs,wuxi_1,2023-01-01,2023-01-31,ok,31.103157,120.234375,176193,
previous_runs,wuxi_1,2023-06-01,2023-06-30,ok,31.103157,120.234375,173683,
previous_runs,wuxi_1,2023-04-01,2023-04-30,ok,31.103157,120.234375,173440,
previous_runs,wuxi_1,2023-05-01,2023-05-31,ok,31.103157,120.234375,179236,
previous_runs,wuxi_1,2023-07-01,2023-07-31,ok,31.103157,120.234375,179293,
previous_runs,wuxi_1,2023-08-01,2023-08-31,ok,31.103157,120.234375,179167,
previous_runs,wuxi_1,2023-09-01,2023-09-30,ok,31.103157,120.234375,173176,
previous_runs,wuxi_1,2023-10-01,2023-10-31,ok,31.103157,120.234375,178465,
previous_runs,wuxi_1,2023-11-01,2023-11-30,ok,31.103157,120.234375,172344,
previous_runs,wuxi_1,2024-02-01,2024-02-29,ok,31.103157,120.234375,155815,
previous_runs,wuxi_1,2024-03-01,2024-03-31,ok,31.103157,120.234375,169910,
previous_runs,wuxi_1,2024-04-01,2024-04-30,ok,31.103157,120.234375,167913,
previous_runs,wuxi_1,2024-05-01,2024-05-31,ok,31.103157,120.234375,175099,
previous_runs,wuxi_1,2024-06-01,2024-06-30,ok,31.103157,120.234375,169185,
previous_runs,wuxi_1,2024-07-01,2024-07-31,ok,31.103157,120.234375,175193,
previous_runs,wuxi_1,2024-08-01,2024-08-31,ok,31.103157,120.234375,174224,
previous_runs,wuxi_1,2024-09-01,2024-09-30,ok,31.103157,120.234375,167175,
previous_runs,wuxi_1,2024-10-01,2024-10-31,ok,31.103157,120.234375,170372,
previous_runs,wuxi_1,2024-11-01,2024-11-30,ok,31.103157,120.234375,163155,
previous_runs,wuxi_1,2024-12-01,2024-12-31,ok,31.103157,120.234375,166619,
previous_runs,wuxi_1,2025-01-01,2025-01-31,ok,31.103157,120.234375,167438,
previous_runs,wuxi_1,2025-02-01,2025-02-28,ok,31.103157,120.234375,152556,
previous_runs,wuxi_1,2025-03-01,2025-03-31,ok,31.103157,120.234375,169561,
previous_runs,wuxi_1,2025-04-01,2025-04-30,ok,31.103157,120.234375,168555,
previous_runs,wuxi_1,2025-05-01,2025-05-31,ok,31.103157,120.234375,175723,
previous_runs,wuxi_1,2025-06-01,2025-06-30,ok,31.103157,120.234375,168771,
previous_runs,wuxi_1,2025-07-01,2025-07-31,ok,31.103157,120.234375,174756,
previous_runs,wuxi_1,2025-08-01,2025-08-31,ok,31.103157,120.234375,173887,
previous_runs,wuxi_1,2025-09-01,2025-09-30,ok,31.103157,120.234375,167228,
previous_runs,wuxi_1,2025-10-01,2025-10-31,ok,31.103157,120.234375,171259,
previous_runs,wuxi_1,2025-11-01,2025-11-30,ok,31.103157,120.234375,163247,
previous_runs,wuxi_1,2025-12-01,2025-12-31,ok,31.103157,120.234375,166746,
previous_runs,wuxi_1,2026-01-01,2026-01-31,ok,31.103157,120.234375,166214,
previous_runs,wuxi_1,2023-12-01,2023-12-31,ok,31.103157,120.234375,176847,
previous_runs,wuxi_1,2024-01-01,2024-01-31,ok,31.103157,120.234375,174253,
previous_runs,nanjing_2,2019-02-01,2019-02-28,ok,31.454605,119.0625,161380,
previous_runs,nanjing_2,2019-03-01,2019-03-31,ok,31.454605,119.0625,178725,
previous_runs,nanjing_2,2019-04-01,2019-04-30,ok,31.454605,119.0625,173439,
previous_runs,nanjing_2,2019-05-01,2019-05-31,ok,31.454605,119.0625,179241,
previous_runs,nanjing_2,2019-07-01,2019-07-31,ok,31.454605,119.0625,179268,
previous_runs,nanjing_2,2019-08-01,2019-08-31,ok,31.454605,119.0625,179169,
previous_runs,nanjing_2,2019-06-01,2019-06-30,ok,31.454605,119.0625,173682,
previous_runs,nanjing_2,2019-09-01,2019-09-30,ok,31.454605,119.0625,173175,
previous_runs,nanjing_2,2019-10-01,2019-10-31,ok,31.454605,119.0625,178449,
previous_runs,nanjing_2,2019-12-01,2019-12-31,ok,31.454605,119.0625,178050,
previous_runs,nanjing_2,2020-01-01,2020-01-31,ok,31.454605,119.0625,178107,
previous_runs,nanjing_2,2019-11-01,2019-11-30,ok,31.454605,119.0625,172494,
previous_runs,nanjing_2,2020-02-01,2020-02-29,ok,31.454605,119.0625,167028,
previous_runs,nanjing_2,2020-04-01,2020-04-30,ok,31.454605,119.0625,173442,
previous_runs,nanjing_2,2020-03-01,2020-03-31,ok,31.454605,119.0625,178737,
previous_runs,nanjing_2,2020-05-01,2020-05-31,ok,31.454605,119.0625,179244,
previous_runs,nanjing_2,2020-08-01,2020-08-31,ok,31.454605,119.0625,179166,
previous_runs,nanjing_2,2020-06-01,2020-06-30,ok,31.454605,119.0625,173682,
previous_runs,nanjing_2,2020-09-01,2020-09-30,ok,31.454605,119.0625,173163,
previous_runs,nanjing_2,2020-07-01,2020-07-31,ok,31.454605,119.0625,179265,
previous_runs,nanjing_2,2020-11-01,2020-11-30,ok,31.454605,119.0625,172491,
previous_runs,nanjing_2,2020-12-01,2020-12-31,ok,31.454605,119.0625,178050,
previous_runs,nanjing_2,2020-10-01,2020-10-31,ok,31.454605,119.0625,178431,
previous_runs,nanjing_2,2021-01-01,2021-01-31,ok,31.454605,119.0625,178110,
previous_runs,nanjing_2,2021-02-01,2021-02-28,ok,31.454605,119.0625,161391,
previous_runs,nanjing_2,2021-04-01,2021-04-30,ok,31.454605,119.0625,173272,
previous_runs,nanjing_2,2021-03-01,2021-03-31,ok,31.454605,119.0625,178720,
previous_runs,nanjing_2,2021-05-01,2021-05-31,ok,31.454605,119.0625,179244,
previous_runs,nanjing_2,2021-06-01,2021-06-30,ok,31.454605,119.0625,173681,
previous_runs,nanjing_2,2021-07-01,2021-07-31,ok,31.454605,119.0625,179263,
previous_runs,nanjing_2,2021-08-01,2021-08-31,ok,31.454605,119.0625,179164,
previous_runs,nanjing_2,2021-10-01,2021-10-31,ok,31.454605,119.0625,178412,
previous_runs,nanjing_2,2021-09-01,2021-09-30,ok,31.454605,119.0625,173165,
previous_runs,nanjing_2,2021-11-01,2021-11-30,ok,31.454605,119.0625,171954,
previous_runs,nanjing_2,2021-12-01,2021-12-31,ok,31.454605,119.0625,176806,
previous_runs,nanjing_2,2022-01-01,2022-01-31,ok,31.454605,119.0625,176080,
previous_runs,nanjing_2,2022-02-01,2022-02-28,ok,31.454605,119.0625,159566,
previous_runs,nanjing_2,2022-03-01,2022-03-31,ok,31.454605,119.0625,177920,
previous_runs,nanjing_2,2022-04-01,2022-04-30,ok,31.454605,119.0625,173257,
previous_runs,nanjing_2,2022-07-01,2022-07-31,ok,31.454605,119.0625,179265,
previous_runs,nanjing_2,2022-06-01,2022-06-30,ok,31.454605,119.0625,173681,
previous_runs,nanjing_2,2022-05-01,2022-05-31,ok,31.454605,119.0625,179240,
previous_runs,nanjing_2,2022-08-01,2022-08-31,ok,31.454605,119.0625,179169,
previous_runs,nanjing_2,2022-09-01,2022-09-30,ok,31.454605,119.0625,173171,
previous_runs,nanjing_2,2022-10-01,2022-10-31,ok,31.454605,119.0625,178421,
previous_runs,nanjing_2,2022-11-01,2022-11-30,ok,31.454605,119.0625,172276,
previous_runs,nanjing_2,2022-12-01,2022-12-31,ok,31.454605,119.0625,176156,
previous_runs,nanjing_2,2023-02-01,2023-02-28,ok,31.454605,119.0625,159699,
previous_runs,nanjing_2,2023-01-01,2023-01-31,ok,31.454605,119.0625,176682,
previous_runs,nanjing_2,2023-05-01,2023-05-31,ok,31.454605,119.0625,179240,
previous_runs,nanjing_2,2023-03-01,2023-03-31,ok,31.454605,119.0625,177959,
previous_runs,nanjing_2,2023-04-01,2023-04-30,ok,31.454605,119.0625,173307,
previous_runs,nanjing_2,2023-06-01,2023-06-30,ok,31.454605,119.0625,173681,
previous_runs,nanjing_2,2023-08-01,2023-08-31,ok,31.454605,119.0625,179168,
previous_runs,nanjing_2,2023-09-01,2023-09-30,ok,31.454605,119.0625,173175,
previous_runs,nanjing_2,2023-07-01,2023-07-31,ok,31.454605,119.0625,179267,
previous_runs,nanjing_2,2023-10-01,2023-10-31,ok,31.454605,119.0625,178449,
previous_runs,nanjing_2,2023-11-01,2023-11-30,ok,31.454605,119.0625,171876,
previous_runs,nanjing_2,2024-02-01,2024-02-29,ok,31.454605,119.0625,155855,
previous_runs,nanjing_2,2024-03-01,2024-03-31,ok,31.454605,119.0625,168990,
previous_runs,nanjing_2,2024-04-01,2024-04-30,ok,31.454605,119.0625,166813,
previous_runs,nanjing_2,2024-05-01,2024-05-31,ok,31.454605,119.0625,173686,
previous_runs,nanjing_2,2024-06-01,2024-06-30,ok,31.454605,119.0625,168555,
previous_runs,nanjing_2,2024-07-01,2024-07-31,ok,31.454605,119.0625,173956,
previous_runs,nanjing_2,2024-08-01,2024-08-31,ok,31.454605,119.0625,172999,
previous_runs,nanjing_2,2024-09-01,2024-09-30,ok,31.454605,119.0625,166473,
previous_runs,nanjing_2,2024-10-01,2024-10-31,ok,31.454605,119.0625,169191,
previous_runs,nanjing_2,2024-11-01,2024-11-30,ok,31.454605,119.0625,161699,
previous_runs,nanjing_2,2024-12-01,2024-12-31,ok,31.454605,119.0625,165749,
previous_runs,nanjing_2,2025-01-01,2025-01-31,ok,31.454605,119.0625,167533,
previous_runs,nanjing_2,2025-02-01,2025-02-28,ok,31.454605,119.0625,152616,
previous_runs,nanjing_2,2025-03-01,2025-03-31,ok,31.454605,119.0625,169377,
previous_runs,nanjing_2,2025-04-01,2025-04-30,ok,31.454605,119.0625,167880,
previous_runs,nanjing_2,2025-05-01,2025-05-31,ok,31.454605,119.0625,174618,
previous_runs,nanjing_2,2025-06-01,2025-06-30,ok,31.454605,119.0625,168173,
previous_runs,nanjing_2,2025-07-01,2025-07-31,ok,31.454605,119.0625,174019,
previous_runs,nanjing_2,2025-08-01,2025-08-31,ok,31.454605,119.0625,173016,
previous_runs,nanjing_2,2025-09-01,2025-09-30,ok,31.454605,119.0625,165822,
previous_runs,nanjing_2,2025-10-01,2025-10-31,ok,31.454605,119.0625,169686,
previous_runs,nanjing_2,2025-11-01,2025-11-30,ok,31.454605,119.0625,161957,
previous_runs,nanjing_2,2025-12-01,2025-12-31,ok,31.454605,119.0625,166485,
previous_runs,nanjing_2,2026-01-01,2026-01-31,ok,31.454605,119.0625,166609,
previous_runs,nanjing_2,2023-12-01,2023-12-31,ok,31.454605,119.0625,176987,
previous_runs,nanjing_2,2024-01-01,2024-01-31,ok,31.454605,119.0625,174244,
previous_runs,taizhou_1,2019-02-01,2019-02-28,ok,32.743248,119.765625,161342,
previous_runs,taizhou_1,2019-03-01,2019-03-31,ok,32.743248,119.765625,178709,
previous_runs,taizhou_1,2019-04-01,2019-04-30,ok,32.743248,119.765625,173426,
previous_runs,taizhou_1,2019-05-01,2019-05-31,ok,32.743248,119.765625,179264,
previous_runs,taizhou_1,2019-06-01,2019-06-30,ok,32.743248,119.765625,173684,
previous_runs,taizhou_1,2019-07-01,2019-07-31,ok,32.743248,119.765625,179303,
previous_runs,taizhou_1,2019-08-01,2019-08-31,ok,32.743248,119.765625,179165,
previous_runs,taizhou_1,2019-09-01,2019-09-30,ok,32.743248,119.765625,173174,
previous_runs,taizhou_1,2019-10-01,2019-10-31,ok,32.743248,119.765625,178394,
previous_runs,taizhou_1,2019-11-01,2019-11-30,ok,32.743248,119.765625,172481,
previous_runs,taizhou_1,2019-12-01,2019-12-31,ok,32.743248,119.765625,178007,
previous_runs,taizhou_1,2020-01-01,2020-01-31,ok,32.743248,119.765625,178091,
previous_runs,taizhou_1,2020-02-01,2020-02-29,ok,32.743248,119.765625,166985,
previous_runs,taizhou_1,2020-03-01,2020-03-31,ok,32.743248,119.765625,178718,
previous_runs,taizhou_1,2020-04-01,2020-04-30,ok,32.743248,119.765625,173435,
previous_runs,taizhou_1,2020-06-01,2020-06-30,ok,32.743248,119.765625,173683,
previous_runs,taizhou_1,2020-05-01,2020-05-31,ok,32.743248,119.765625,179267,
previous_runs,taizhou_1,2020-07-01,2020-07-31,ok,32.743248,119.765625,179299,
previous_runs,taizhou_1,2020-08-01,2020-08-31,ok,32.743248,119.765625,179159,
previous_runs,taizhou_1,2020-09-01,2020-09-30,ok,32.743248,119.765625,173162,
previous_runs,taizhou_1,2020-10-01,2020-10-31,ok,32.743248,119.765625,178382,
previous_runs,taizhou_1,2020-11-01,2020-11-30,ok,32.743248,119.765625,172477,
previous_runs,taizhou_1,2020-12-01,2020-12-31,ok,32.743248,119.765625,178010,
previous_runs,taizhou_1,2021-01-01,2021-01-31,ok,32.743248,119.765625,178084,
previous_runs,taizhou_1,2021-03-01,2021-03-31,ok,32.743248,119.765625,178667,
previous_runs,taizhou_1,2021-04-01,2021-04-30,ok,32.743248,119.765625,173005,
previous_runs,taizhou_1,2021-02-01,2021-02-28,ok,32.743248,119.765625,161348,
previous_runs,taizhou_1,2021-06-01,2021-06-30,ok,32.743248,119.765625,173683,
previous_runs,taizhou_1,2021-07-01,2021-07-31,ok,32.743248,119.765625,179299,
previous_runs,taizhou_1,2021-08-01,2021-08-31,ok,32.743248,119.765625,179161,
previous_runs,taizhou_1,2021-09-01,2021-09-30,ok,32.743248,119.765625,173165,
previous_runs,taizhou_1,2021-05-01,2021-05-31,ok,32.743248,119.765625,179260,
previous_runs,taizhou_1,2021-10-01,2021-10-31,ok,32.743248,119.765625,178347,
previous_runs,taizhou_1,2021-12-01,2021-12-31,ok,32.743248,119.765625,176584,
previous_runs,taizhou_1,2022-01-01,2022-01-31,ok,32.743248,119.765625,176029,
previous_runs,taizhou_1,2021-11-01,2021-11-30,ok,32.743248,119.765625,171804,
previous_runs,taizhou_1,2022-03-01,2022-03-31,ok,32.743248,119.765625,177674,
previous_runs,taizhou_1,2022-02-01,2022-02-28,ok,32.743248,119.765625,159688,
previous_runs,taizhou_1,2022-05-01,2022-05-31,ok,32.743248,119.765625,179262,
previous_runs,taizhou_1,2022-04-01,2022-04-30,ok,32.743248,119.765625,173070,
previous_runs,taizhou_1,2022-06-01,2022-06-30,ok,32.743248,119.765625,173684,
previous_runs,taizhou_1,2022-07-01,2022-07-31,ok,32.743248,119.765625,179303,
previous_runs,taizhou_1,2022-08-01,2022-08-31,ok,32.743248,119.765625,179161,
previous_runs,taizhou_1,2022-09-01,2022-09-30,ok,32.743248,119.765625,173167,
previous_runs,taizhou_1,2022-11-01,2022-11-30,ok,32.743248,119.765625,172289,
previous_runs,taizhou_1,2022-10-01,2022-10-31,ok,32.743248,119.765625,178344,
previous_runs,taizhou_1,2022-12-01,2022-12-31,ok,32.743248,119.765625,176136,
previous_runs,taizhou_1,2023-03-01,2023-03-31,ok,32.743248,119.765625,177703,
previous_runs,taizhou_1,2023-02-01,2023-02-28,ok,32.743248,119.765625,159663,
previous_runs,taizhou_1,2023-04-01,2023-04-30,ok,32.743248,119.765625,173104,
previous_runs,taizhou_1,2023-01-01,2023-01-31,ok,32.743248,119.765625,176679,
previous_runs,taizhou_1,2023-05-01,2023-05-31,ok,32.743248,119.765625,179250,
previous_runs,taizhou_1,2023-06-01,2023-06-30,ok,32.743248,119.765625,173683,
previous_runs,taizhou_1,2023-07-01,2023-07-31,ok,32.743248,119.765625,179300,
previous_runs,taizhou_1,2023-09-01,2023-09-30,ok,32.743248,119.765625,173173,
previous_runs,taizhou_1,2023-08-01,2023-08-31,ok,32.743248,119.765625,179164,
previous_runs,taizhou_1,2023-10-01,2023-10-31,ok,32.743248,119.765625,178393,
previous_runs,taizhou_1,2023-11-01,2023-11-30,ok,32.743248,119.765625,171741,
previous_runs,taizhou_1,2024-02-01,2024-02-29,ok,32.743248,119.765625,156971,
previous_runs,taizhou_1,2024-03-01,2024-03-31,ok,32.743248,119.765625,169741,
previous_runs,taizhou_1,2024-04-01,2024-04-30,ok,32.743248,119.765625,167655,
previous_runs,taizhou_1,2024-05-01,2024-05-31,ok,32.743248,119.765625,174370,
previous_runs,taizhou_1,2024-06-01,2024-06-30,ok,32.743248,119.765625,170227,
previous_runs,taizhou_1,2024-07-01,2024-07-31,ok,32.743248,119.765625,175036,
previous_runs,taizhou_1,2024-08-01,2024-08-31,ok,32.743248,119.765625,173711,
previous_runs,taizhou_1,2024-09-01,2024-09-30,ok,32.743248,119.765625,166776,
previous_runs,taizhou_1,2024-10-01,2024-10-31,ok,32.743248,119.765625,169346,
previous_runs,taizhou_1,2024-11-01,2024-11-30,ok,32.743248,119.765625,161823,
previous_runs,taizhou_1,2024-12-01,2024-12-31,ok,32.743248,119.765625,166791,
previous_runs,taizhou_1,2025-01-01,2025-01-31,ok,32.743248,119.765625,168963,
previous_runs,taizhou_1,2025-02-01,2025-02-28,ok,32.743248,119.765625,154314,
previous_runs,taizhou_1,2025-03-01,2025-03-31,ok,32.743248,119.765625,169881,
previous_runs,taizhou_1,2025-04-01,2025-04-30,ok,32.743248,119.765625,168163,
previous_runs,taizhou_1,2025-05-01,2025-05-31,ok,32.743248,119.765625,174835,
previous_runs,taizhou_1,2025-06-01,2025-06-30,ok,32.743248,119.765625,169011,
previous_runs,taizhou_1,2025-07-01,2025-07-31,ok,32.743248,119.765625,174721,
previous_runs,taizhou_1,2025-08-01,2025-08-31,ok,32.743248,119.765625,173337,
previous_runs,taizhou_1,2025-09-01,2025-09-30,ok,32.743248,119.765625,166028,
previous_runs,taizhou_1,2025-10-01,2025-10-31,ok,32.743248,119.765625,169573,
previous_runs,taizhou_1,2025-11-01,2025-11-30,ok,32.743248,119.765625,162197,
previous_runs,taizhou_1,2025-12-01,2025-12-31,ok,32.743248,119.765625,167089,
previous_runs,taizhou_1,2026-01-01,2026-01-31,ok,32.743248,119.765625,168066,
previous_runs,taizhou_2,2019-02-01,2019-02-28,ok,32.743248,120.58594,161341,
previous_runs,taizhou_1,2024-01-01,2024-01-31,ok,32.743248,119.765625,174387,
previous_runs,taizhou_1,2023-12-01,2023-12-31,ok,32.743248,119.765625,177021,
previous_runs,taizhou_2,2019-04-01,2019-04-30,ok,32.743248,120.58594,173419,
previous_runs,taizhou_2,2019-03-01,2019-03-31,ok,32.743248,120.58594,178714,
previous_runs,taizhou_2,2019-05-01,2019-05-31,ok,32.743248,120.58594,179260,
previous_runs,taizhou_2,2019-06-01,2019-06-30,ok,32.743248,120.58594,173683,
previous_runs,taizhou_2,2019-07-01,2019-07-31,ok,32.743248,120.58594,179319,
previous_runs,taizhou_2,2019-08-01,2019-08-31,ok,32.743248,120.58594,179158,
previous_runs,taizhou_2,2019-09-01,2019-09-30,ok,32.743248,120.58594,173167,
previous_runs,taizhou_2,2019-10-01,2019-10-31,ok,32.743248,120.58594,178399,
previous_runs,taizhou_2,2019-11-01,2019-11-30,ok,32.743248,120.58594,172468,
previous_runs,taizhou_2,2019-12-01,2019-12-31,ok,32.743248,120.58594,177982,
previous_runs,taizhou_2,2020-01-01,2020-01-31,ok,32.743248,120.58594,178078,
previous_runs,taizhou_2,2020-02-01,2020-02-29,ok,32.743248,120.58594,166981,
previous_runs,taizhou_2,2020-03-01,2020-03-31,ok,32.743248,120.58594,178720,
previous_runs,taizhou_2,2020-04-01,2020-04-30,ok,32.743248,120.58594,173428,
previous_runs,taizhou_2,2020-06-01,2020-06-30,ok,32.743248,120.58594,173683,
previous_runs,taizhou_2,2020-07-01,2020-07-31,ok,32.743248,120.58594,179317,
previous_runs,taizhou_2,2020-08-01,2020-08-31,ok,32.743248,120.58594,179152,
previous_runs,taizhou_2,2020-05-01,2020-05-31,ok,32.743248,120.58594,179265,
previous_runs,taizhou_2,2020-10-01,2020-10-31,ok,32.743248,120.58594,178390,
previous_runs,taizhou_2,2020-09-01,2020-09-30,ok,32.743248,120.58594,173158,
previous_runs,taizhou_2,2021-01-01,2021-01-31,ok,32.743248,120.58594,178081,
previous_runs,taizhou_2,2020-11-01,2020-11-30,ok,32.743248,120.58594,172465,
previous_runs,taizhou_2,2021-02-01,2021-02-28,ok,32.743248,120.58594,161350,
previous_runs,taizhou_2,2020-12-01,2020-12-31,ok,32.743248,120.58594,177985,
previous_runs,taizhou_2,2021-03-01,2021-03-31,ok,32.743248,120.58594,178668,
previous_runs,taizhou_2,2021-04-01,2021-04-30,ok,32.743248,120.58594,172990,
previous_runs,taizhou_2,2021-05-01,2021-05-31,ok,32.743248,120.58594,179249,
previous_runs,taizhou_2,2021-06-01,2021-06-30,ok,32.743248,120.58594,173682,
previous_runs,taizhou_2,2021-07-01,2021-07-31,ok,32.743248,120.58594,179320,
previous_runs,taizhou_2,2021-09-01,2021-09-30,ok,32.743248,120.58594,173163,
previous_runs,taizhou_2,2021-08-01,2021-08-31,ok,32.743248,120.58594,179154,
previous_runs,taizhou_2,2021-10-01,2021-10-31,ok,32.743248,120.58594,178363,
previous_runs,taizhou_2,2021-11-01,2021-11-30,ok,32.743248,120.58594,171746,
previous_runs,taizhou_2,2021-12-01,2021-12-31,ok,32.743248,120.58594,176483,
previous_runs,taizhou_2,2022-03-01,2022-03-31,ok,32.743248,120.58594,177529,
previous_runs,taizhou_2,2022-02-01,2022-02-28,ok,32.743248,120.58594,159646,
previous_runs,taizhou_2,2022-04-01,2022-04-30,ok,32.743248,120.58594,173042,
previous_runs,taizhou_2,2022-01-01,2022-01-31,ok,32.743248,120.58594,175976,
previous_runs,taizhou_2,2022-06-01,2022-06-30,ok,32.743248,120.58594,173683,
previous_runs,taizhou_2,2022-05-01,2022-05-31,ok,32.743248,120.58594,179261,
previous_runs,taizhou_2,2022-09-01,2022-09-30,ok,32.743248,120.58594,173167,
previous_runs,taizhou_2,2022-07-01,2022-07-31,ok,32.743248,120.58594,179317,
previous_runs,taizhou_2,2022-11-01,2022-11-30,ok,32.743248,120.58594,172237,
previous_runs,taizhou_2,2022-10-01,2022-10-31,ok,32.743248,120.58594,178308,
previous_runs,taizhou_2,2022-08-01,2022-08-31,ok,32.743248,120.58594,179158,
previous_runs,taizhou_2,2022-12-01,2022-12-31,ok,32.743248,120.58594,176193,
previous_runs,taizhou_2,2023-01-01,2023-01-31,ok,32.743248,120.58594,176611,
previous_runs,taizhou_2,2023-02-01,2023-02-28,ok,32.743248,120.58594,159542,
previous_runs,taizhou_2,2023-03-01,2023-03-31,ok,32.743248,120.58594,177580,
previous_runs,taizhou_2,2023-04-01,2023-04-30,ok,32.743248,120.58594,173079,
previous_runs,taizhou_2,2023-05-01,2023-05-31,ok,32.743248,120.58594,179243,
previous_runs,taizhou_2,2023-06-01,2023-06-30,ok,32.743248,120.58594,173683,
previous_runs,taizhou_2,2023-07-01,2023-07-31,ok,32.743248,120.58594,179320,
previous_runs,taizhou_2,2023-08-01,2023-08-31,ok,32.743248,120.58594,179157,
previous_runs,taizhou_2,2023-09-01,2023-09-30,ok,32.743248,120.58594,173167,
previous_runs,taizhou_2,2023-10-01,2023-10-31,ok,32.743248,120.58594,178391,
previous_runs,taizhou_2,2023-12-01,2023-12-31,ok,32.743248,120.58594,176927,
previous_runs,taizhou_2,2024-02-01,2024-02-29,ok,32.743248,120.58594,156421,
previous_runs,taizhou_2,2024-03-01,2024-03-31,ok,32.743248,120.58594,169550,
previous_runs,taizhou_2,2024-04-01,2024-04-30,ok,32.743248,120.58594,167759,
previous_runs,taizhou_2,2024-05-01,2024-05-31,ok,32.743248,120.58594,174242,
previous_runs,taizhou_2,2024-06-01,2024-06-30,ok,32.743248,120.58594,170217,
previous_runs,taizhou_2,2024-07-01,2024-07-31,ok,32.743248,120.58594,175294,
previous_runs,taizhou_2,2024-08-01,2024-08-31,ok,32.743248,120.58594,174084,
previous_runs,taizhou_2,2024-09-01,2024-09-30,ok,32.743248,120.58594,166851,
previous_runs,taizhou_2,2024-10-01,2024-10-31,ok,32.743248,120.58594,169606,
previous_runs,taizhou_2,2024-11-01,2024-11-30,ok,32.743248,120.58594,162066,
previous_runs,taizhou_2,2024-12-01,2024-12-31,ok,32.743248,120.58594,167070,
previous_runs,taizhou_2,2025-01-01,2025-01-31,ok,32.743248,120.58594,168806,
previous_runs,taizhou_2,2025-02-01,2025-02-28,ok,32.743248,120.58594,154172,
previous_runs,taizhou_2,2025-03-01,2025-03-31,ok,32.743248,120.58594,169720,
previous_runs,taizhou_2,2025-04-01,2025-04-30,ok,32.743248,120.58594,167853,
previous_runs,taizhou_2,2025-05-01,2025-05-31,ok,32.743248,120.58594,174664,
previous_runs,taizhou_2,2025-06-01,2025-06-30,ok,32.743248,120.58594,168916,
previous_runs,taizhou_2,2025-07-01,2025-07-31,ok,32.743248,120.58594,174367,
previous_runs,taizhou_2,2025-08-01,2025-08-31,ok,32.743248,120.58594,173524,
previous_runs,taizhou_2,2025-09-01,2025-09-30,ok,32.743248,120.58594,166431,
previous_runs,taizhou_2,2025-10-01,2025-10-31,ok,32.743248,120.58594,169964,
previous_runs,taizhou_2,2025-11-01,2025-11-30,ok,32.743248,120.58594,162272,
previous_runs,taizhou_2,2025-12-01,2025-12-31,ok,32.743248,120.58594,166775,
previous_runs,taizhou_2,2026-01-01,2026-01-31,ok,32.743248,120.58594,168019,
previous_runs,taizhou_2,2023-11-01,2023-11-30,ok,32.743248,120.58594,171695,
previous_runs,taizhou_2,2024-01-01,2024-01-31,ok,32.743248,120.58594,174260,
previous_runs,nantong_1,2019-03-01,2019-03-31,ok,31.923203,121.05469,178732,
previous_runs,nantong_1,2019-04-01,2019-04-30,ok,31.923203,121.05469,173422,
previous_runs,nantong_1,2019-02-01,2019-02-28,ok,31.923203,121.05469,161362,
previous_runs,nantong_1,2019-06-01,2019-06-30,ok,31.923203,121.05469,173683,
previous_runs,nantong_1,2019-07-01,2019-07-31,ok,31.923203,121.05469,179314,
previous_runs,nantong_1,2019-05-01,2019-05-31,ok,31.923203,121.05469,179245,
previous_runs,nantong_1,2019-08-01,2019-08-31,ok,31.923203,121.05469,179155,
previous_runs,nantong_1,2019-11-01,2019-11-30,ok,31.923203,121.05469,172477,
previous_runs,nantong_1,2019-09-01,2019-09-30,ok,31.923203,121.05469,173182,
previous_runs,nantong_1,2019-12-01,2019-12-31,ok,31.923203,121.05469,177991,
previous_runs,nantong_1,2019-10-01,2019-10-31,ok,31.923203,121.05469,178432,
previous_runs,nantong_1,2020-01-01,2020-01-31,ok,31.923203,121.05469,178078,
previous_runs,nantong_1,2020-04-01,2020-04-30,ok,31.923203,121.05469,173431,
previous_runs,nantong_1,2020-02-01,2020-02-29,ok,31.923203,121.05469,167002,
previous_runs,nantong_1,2020-03-01,2020-03-31,ok,31.923203,121.05469,178741,
previous_runs,nantong_1,2020-05-01,2020-05-31,ok,31.923203,121.05469,179251,
previous_runs,nantong_1,2020-06-01,2020-06-30,ok,31.923203,121.05469,173682,
previous_runs,nantong_1,2020-07-01,2020-07-31,ok,31.923203,121.05469,179311,
previous_runs,nantong_1,2020-09-01,2020-09-30,ok,31.923203,121.05469,173170,
previous_runs,nantong_1,2020-10-01,2020-10-31,ok,31.923203,121.05469,178420,
previous_runs,nantong_1,2020-08-01,2020-08-31,ok,31.923203,121.05469,179152,
previous_runs,nantong_1,2020-11-01,2020-11-30,ok,31.923203,121.05469,172474,
previous_runs,nantong_1,2021-01-01,2021-01-31,ok,31.923203,121.05469,178081,
previous_runs,nantong_1,2021-02-01,2021-02-28,ok,31.923203,121.05469,161368,
previous_runs,nantong_1,2020-12-01,2020-12-31,ok,31.923203,121.05469,177991,
previous_runs,nantong_1,2021-03-01,2021-03-31,ok,31.923203,121.05469,178712,
previous_runs,nantong_1,2021-04-01,2021-04-30,ok,31.923203,121.05469,173100,
previous_runs,nantong_1,2021-05-01,2021-05-31,ok,31.923203,121.05469,179246,
previous_runs,nantong_1,2021-06-01,2021-06-30,ok,31.923203,121.05469,173682,
previous_runs,nantong_1,2021-07-01,2021-07-31,ok,31.923203,121.05469,179310,
previous_runs,nantong_1,2021-09-01,2021-09-30,ok,31.923203,121.05469,173169,
previous_runs,nantong_1,2021-10-01,2021-10-31,ok,31.923203,121.05469,178414,
previous_runs,nantong_1,2021-08-01,2021-08-31,ok,31.923203,121.05469,179154,
previous_runs,nantong_1,2021-11-01,2021-11-30,ok,31.923203,121.05469,171941,
previous_runs,nantong_1,2021-12-01,2021-12-31,ok,31.923203,121.05469,176689,
previous_runs,nantong_1,2022-01-01,2022-01-31,ok,31.923203,121.05469,176003,
previous_runs,nantong_1,2022-03-01,2022-03-31,ok,31.923203,121.05469,177729,
previous_runs,nantong_1,2022-02-01,2022-02-28,ok,31.923203,121.05469,159569,
previous_runs,nantong_1,2022-04-01,2022-04-30,ok,31.923203,121.05469,173124,
previous_runs,nantong_1,2022-05-01,2022-05-31,ok,31.923203,121.05469,179244,
previous_runs,nantong_1,2022-07-01,2022-07-31,ok,31.923203,121.05469,179310,
previous_runs,nantong_1,2022-06-01,2022-06-30,ok,31.923203,121.05469,173682,
previous_runs,nantong_1,2022-08-01,2022-08-31,ok,31.923203,121.05469,179154,
previous_runs,nantong_1,2022-09-01,2022-09-30,ok,31.923203,121.05469,173181,
previous_runs,nantong_1,2022-11-01,2022-11-30,ok,31.923203,121.05469,172297,
previous_runs,nantong_1,2022-10-01,2022-10-31,ok,31.923203,121.05469,178362,
previous_runs,nantong_1,2022-12-01,2022-12-31,ok,31.923203,121.05469,176255,
previous_runs,nantong_1,2023-02-01,2023-02-28,ok,31.923203,121.05469,159602,
previous_runs,nantong_1,2023-03-01,2023-03-31,ok,31.923203,121.05469,177759,
previous_runs,nantong_1,2023-01-01,2023-01-31,ok,31.923203,121.05469,176540,
previous_runs,nantong_1,2023-04-01,2023-04-30,ok,31.923203,121.05469,173230,
previous_runs,nantong_1,2023-05-01,2023-05-31,ok,31.923203,121.05469,179235,
previous_runs,nantong_1,2023-06-01,2023-06-30,ok,31.923203,121.05469,173682,
previous_runs,nantong_1,2023-07-01,2023-07-31,ok,31.923203,121.05469,179313,
previous_runs,nantong_1,2023-08-01,2023-08-31,ok,31.923203,121.05469,179153,
previous_runs,nantong_1,2023-09-01,2023-09-30,ok,31.923203,121.05469,173181,
previous_runs,nantong_1,2023-10-01,2023-10-31,ok,31.923203,121.05469,178431,
previous_runs,nantong_1,2023-11-01,2023-11-30,ok,31.923203,121.05469,171924,
previous_runs,nantong_1,2024-02-01,2024-02-29,ok,31.923203,121.05469,156351,
previous_runs,nantong_1,2024-03-01,2024-03-31,ok,31.923203,121.05469,169923,
previous_runs,nantong_1,2024-04-01,2024-04-30,ok,31.923203,121.05469,167518,
previous_runs,nantong_1,2024-05-01,2024-05-31,ok,31.923203,121.05469,174421,
previous_runs,nantong_1,2024-06-01,2024-06-30,ok,31.923203,121.05469,170043,
previous_runs,nantong_1,2024-07-01,2024-07-31,ok,31.923203,121.05469,175525,
previous_runs,nantong_1,2024-08-01,2024-08-31,ok,31.923203,121.05469,174147,
previous_runs,nantong_1,2024-09-01,2024-09-30,ok,31.923203,121.05469,167006,
previous_runs,nantong_1,2024-10-01,2024-10-31,ok,31.923203,121.05469,170025,
previous_runs,nantong_1,2024-11-01,2024-11-30,ok,31.923203,121.05469,162411,
previous_runs,nantong_1,2024-12-01,2024-12-31,ok,31.923203,121.05469,166495,
previous_runs,nantong_1,2025-01-01,2025-01-31,ok,31.923203,121.05469,168524,
previous_runs,nantong_1,2025-02-01,2025-02-28,ok,31.923203,121.05469,153295,
previous_runs,nantong_1,2025-03-01,2025-03-31,ok,31.923203,121.05469,169518,
previous_runs,nantong_1,2025-04-01,2025-04-30,ok,31.923203,121.05469,168112,
previous_runs,nantong_1,2025-05-01,2025-05-31,ok,31.923203,121.05469,175015,
previous_runs,nantong_1,2025-06-01,2025-06-30,ok,31.923203,121.05469,168749,
previous_runs,nantong_1,2025-07-01,2025-07-31,ok,31.923203,121.05469,174724,
previous_runs,nantong_1,2025-08-01,2025-08-31,ok,31.923203,121.05469,174137,
previous_runs,nantong_1,2025-09-01,2025-09-30,ok,31.923203,121.05469,167125,
previous_runs,nantong_1,2025-10-01,2025-10-31,ok,31.923203,121.05469,170320,
previous_runs,nantong_1,2025-11-01,2025-11-30,ok,31.923203,121.05469,162456,
previous_runs,nantong_1,2025-12-01,2025-12-31,ok,31.923203,121.05469,166753,
previous_runs,nantong_1,2026-01-01,2026-01-31,ok,31.923203,121.05469,167434,
previous_runs,nantong_1,2024-01-01,2024-01-31,ok,31.923203,121.05469,174215,
previous_runs,nantong_2,2019-02-01,2019-02-28,ok,31.923203,121.75781,161373,
previous_runs,nantong_1,2023-12-01,2023-12-31,ok,31.923203,121.05469,176935,
previous_runs,nantong_2,2019-03-01,2019-03-31,ok,31.923203,121.75781,178725,
previous_runs,nantong_2,2019-04-01,2019-04-30,ok,31.923203,121.75781,173412,
previous_runs,nantong_2,2019-05-01,2019-05-31,ok,31.923203,121.75781,179253,
previous_runs,nantong_2,2019-06-01,2019-06-30,ok,31.923203,121.75781,173667,
previous_runs,nantong_2,2019-07-01,2019-07-31,ok,31.923203,121.75781,179313,
previous_runs,nantong_2,2019-08-01,2019-08-31,ok,31.923203,121.75781,179144,
previous_runs,nantong_2,2019-09-01,2019-09-30,ok,31.923203,121.75781,173191,
previous_runs,nantong_2,2019-10-01,2019-10-31,ok,31.923203,121.75781,178434,
previous_runs,nantong_2,2019-11-01,2019-11-30,ok,31.923203,121.75781,172462,
previous_runs,nantong_2,2019-12-01,2019-12-31,ok,31.923203,121.75781,177987,
previous_runs,nantong_2,2020-03-01,2020-03-31,ok,31.923203,121.75781,178738,
previous_runs,nantong_2,2020-02-01,2020-02-29,ok,31.923203,121.75781,167007,
previous_runs,nantong_2,2020-01-01,2020-01-31,ok,31.923203,121.75781,178069,
previous_runs,nantong_2,2020-04-01,2020-04-30,ok,31.923203,121.75781,173418,
previous_runs,nantong_2,2020-05-01,2020-05-31,ok,31.923203,121.75781,179257,
previous_runs,nantong_2,2020-07-01,2020-07-31,ok,31.923203,121.75781,179308,
previous_runs,nantong_2,2020-06-01,2020-06-30,ok,31.923203,121.75781,173667,
previous_runs,nantong_2,2020-08-01,2020-08-31,ok,31.923203,121.75781,179139,
previous_runs,nantong_2,2020-09-01,2020-09-30,ok,31.923203,121.75781,173184,
previous_runs,nantong_2,2020-10-01,2020-10-31,ok,31.923203,121.75781,178426,
previous_runs,nantong_2,2020-12-01,2020-12-31,ok,31.923203,121.75781,177986,
previous_runs,nantong_2,2020-11-01,2020-11-30,ok,31.923203,121.75781,172456,
previous_runs,nantong_2,2021-01-01,2021-01-31,ok,31.923203,121.75781,178074,
previous_runs,nantong_2,2021-02-01,2021-02-28,ok,31.923203,121.75781,161374,
previous_runs,nantong_2,2021-03-01,2021-03-31,ok,31.923203,121.75781,178707,
previous_runs,nantong_2,2021-05-01,2021-05-31,ok,31.923203,121.75781,179256,
previous_runs,nantong_2,2021-04-01,2021-04-30,ok,31.923203,121.75781,173271,
previous_runs,nantong_2,2021-06-01,2021-06-30,ok,31.923203,121.75781,173668,
previous_runs,nantong_2,2021-07-01,2021-07-31,ok,31.923203,121.75781,179311,
previous_runs,nantong_2,2021-08-01,2021-08-31,ok,31.923203,121.75781,179143,
previous_runs,nantong_2,2021-09-01,2021-09-30,ok,31.923203,121.75781,173185,
previous_runs,nantong_2,2021-10-01,2021-10-31,ok,31.923203,121.75781,178432,
previous_runs,nantong_2,2021-11-01,2021-11-30,ok,31.923203,121.75781,171967,
previous_runs,nantong_2,2021-12-01,2021-12-31,ok,31.923203,121.75781,176804,
previous_runs,nantong_2,2022-01-01,2022-01-31,ok,31.923203,121.75781,175876,
previous_runs,nantong_2,2022-02-01,2022-02-28,ok,31.923203,121.75781,159468,
previous_runs,nantong_2,2022-03-01,2022-03-31,ok,31.923203,121.75781,177584,
previous_runs,nantong_2,2022-04-01,2022-04-30,ok,31.923203,121.75781,173202,
previous_runs,nantong_2,2022-05-01,2022-05-31,ok,31.923203,121.75781,179254,
previous_runs,nantong_2,2022-06-01,2022-06-30,ok,31.923203,121.75781,173667,
previous_runs,nantong_2,2022-07-01,2022-07-31,ok,31.923203,121.75781,179314,
previous_runs,nantong_2,2022-10-01,2022-10-31,ok,31.923203,121.75781,178428,
previous_runs,nantong_2,2022-08-01,2022-08-31,ok,31.923203,121.75781,179145,
previous_runs,nantong_2,2022-09-01,2022-09-30,ok,31.923203,121.75781,173187,
previous_runs,nantong_2,2022-11-01,2022-11-30,ok,31.923203,121.75781,172340,
previous_runs,nantong_2,2022-12-01,2022-12-31,ok,31.923203,121.75781,176335,
previous_runs,nantong_2,2023-01-01,2023-01-31,ok,31.923203,121.75781,176238,
previous_runs,nantong_2,2023-02-01,2023-02-28,ok,31.923203,121.75781,159461,
previous_runs,nantong_2,2023-03-01,2023-03-31,ok,31.923203,121.75781,177614,
previous_runs,nantong_2,2023-04-01,2023-04-30,ok,31.923203,121.75781,173283,
previous_runs,nantong_2,2023-05-01,2023-05-31,ok,31.923203,121.75781,179253,
previous_runs,nantong_2,2023-06-01,2023-06-30,ok,31.923203,121.75781,173667,
previous_runs,nantong_2,2023-07-01,2023-07-31,ok,31.923203,121.75781,179313,
previous_runs,nantong_2,2023-08-01,2023-08-31,ok,31.923203,121.75781,179145,
previous_runs,nantong_2,2023-09-01,2023-09-30,ok,31.923203,121.75781,173190,
previous_runs,nantong_2,2023-10-01,2023-10-31,ok,31.923203,121.75781,178434,
previous_runs,nantong_2,2024-01-01,2024-01-31,ok,31.923203,121.75781,174141,
previous_runs,nantong_2,2024-02-01,2024-02-29,ok,31.923203,121.75781,156368,
previous_runs,nantong_2,2024-03-01,2024-03-31,ok,31.923203,121.75781,169825,
previous_runs,nantong_2,2024-04-01,2024-04-30,ok,31.923203,121.75781,167901,
previous_runs,nantong_2,2024-05-01,2024-05-31,ok,31.923203,121.75781,174709,
previous_runs,nantong_2,2024-06-01,2024-06-30,ok,31.923203,121.75781,170140,
previous_runs,nantong_2,2024-07-01,2024-07-31,ok,31.923203,121.75781,175775,
previous_runs,nantong_2,2024-08-01,2024-08-31,ok,31.923203,121.75781,174635,
previous_runs,nantong_2,2024-09-01,2024-09-30,ok,31.923203,121.75781,167322,
previous_runs,nantong_2,2024-10-01,2024-10-31,ok,31.923203,121.75781,170488,
previous_runs,nantong_2,2024-11-01,2024-11-30,ok,31.923203,121.75781,163023,
previous_runs,nantong_2,2024-12-01,2024-12-31,ok,31.923203,121.75781,166885,
previous_runs,nantong_2,2025-01-01,2025-01-31,ok,31.923203,121.75781,168052,
previous_runs,nantong_2,2025-02-01,2025-02-28,ok,31.923203,121.75781,153437,
previous_runs,nantong_2,2025-03-01,2025-03-31,ok,31.923203,121.75781,169478,
previous_runs,nantong_2,2025-04-01,2025-04-30,ok,31.923203,121.75781,168374,
previous_runs,nantong_2,2025-05-01,2025-05-31,ok,31.923203,121.75781,175501,
previous_runs,nantong_2,2025-06-01,2025-06-30,ok,31.923203,121.75781,168976,
previous_runs,nantong_2,2025-07-01,2025-07-31,ok,31.923203,121.75781,174834,
previous_runs,nantong_2,2025-08-01,2025-08-31,ok,31.923203,121.75781,174733,
previous_runs,nantong_2,2025-09-01,2025-09-30,ok,31.923203,121.75781,167831,
previous_runs,nantong_2,2025-10-01,2025-10-31,ok,31.923203,121.75781,171020,
previous_runs,nantong_2,2025-11-01,2025-11-30,ok,31.923203,121.75781,162950,
previous_runs,nantong_2,2025-12-01,2025-12-31,ok,31.923203,121.75781,167245,
previous_runs,nantong_2,2026-01-01,2026-01-31,ok,31.923203,121.75781,167306,
previous_runs,nantong_2,2023-11-01,2023-11-30,ok,31.923203,121.75781,172089,
previous_runs,nantong_2,2023-12-01,2023-12-31,ok,31.923203,121.75781,176856,
previous_runs,suqian_1,2019-02-01,2019-02-28,ok,33.91474,118.24219,161317,
previous_runs,suqian_1,2019-03-01,2019-03-31,ok,33.91474,118.24219,178701,
previous_runs,suqian_1,2019-04-01,2019-04-30,ok,33.91474,118.24219,173403,
previous_runs,suqian_1,2019-05-01,2019-05-31,ok,33.91474,118.24219,179280,
previous_runs,suqian_1,2019-06-01,2019-06-30,ok,33.91474,118.24219,173709,
previous_runs,suqian_1,2019-07-01,2019-07-31,ok,33.91474,118.24219,179302,
previous_runs,suqian_1,2019-08-01,2019-08-31,ok,33.91474,118.24219,179150,
previous_runs,suqian_1,2019-09-01,2019-09-30,ok,33.91474,118.24219,173178,
previous_runs,suqian_1,2019-10-01,2019-10-31,ok,33.91474,118.24219,178341,
previous_runs,suqian_1,2019-11-01,2019-11-30,ok,33.91474,118.24219,172467,
previous_runs,suqian_1,2020-01-01,2020-01-31,ok,33.91474,118.24219,178005,
previous_runs,suqian_1,2019-12-01,2019-12-31,ok,33.91474,118.24219,177997,
previous_runs,suqian_1,2020-02-01,2020-02-29,ok,33.91474,118.24219,166954,
previous_runs,suqian_1,2020-03-01,2020-03-31,ok,33.91474,118.24219,178714,
previous_runs,suqian_1,2020-04-01,2020-04-30,ok,33.91474,118.24219,173409,
previous_runs,suqian_1,2020-05-01,2020-05-31,ok,33.91474,118.24219,179287,
previous_runs,suqian_1,2020-06-01,2020-06-30,ok,33.91474,118.24219,173709,
previous_runs,suqian_1,2020-07-01,2020-07-31,ok,33.91474,118.24219,179299,
previous_runs,suqian_1,2020-08-01,2020-08-31,ok,33.91474,118.24219,179145,
previous_runs,suqian_1,2020-09-01,2020-09-30,ok,33.91474,118.24219,173167,
previous_runs,suqian_1,2020-10-01,2020-10-31,ok,33.91474,118.24219,178329,
previous_runs,suqian_1,2020-11-01,2020-11-30,ok,33.91474,118.24219,172464,
previous_runs,suqian_1,2020-12-01,2020-12-31,ok,33.91474,118.24219,177993,
previous_runs,suqian_1,2021-01-01,2021-01-31,ok,33.91474,118.24219,178011,
previous_runs,suqian_1,2021-02-01,2021-02-28,ok,33.91474,118.24219,161320,
previous_runs,suqian_1,2021-03-01,2021-03-31,ok,33.91474,118.24219,178646,
previous_runs,suqian_1,2021-04-01,2021-04-30,ok,33.91474,118.24219,173004,
previous_runs,suqian_1,2021-05-01,2021-05-31,ok,33.91474,118.24219,179268,
previous_runs,suqian_1,2021-06-01,2021-06-30,ok,33.91474,118.24219,173709,
previous_runs,suqian_1,2021-07-01,2021-07-31,ok,33.91474,118.24219,179297,
previous_runs,suqian_1,2021-08-01,2021-08-31,ok,33.91474,118.24219,179148,
previous_runs,suqian_1,2021-10-01,2021-10-31,ok,33.91474,118.24219,178190,
previous_runs,suqian_1,2021-11-01,2021-11-30,ok,33.91474,118.24219,171638,
previous_runs,suqian_1,2021-09-01,2021-09-30,ok,33.91474,118.24219,173166,
previous_runs,suqian_1,2021-12-01,2021-12-31,ok,33.91474,118.24219,176561,
previous_runs,suqian_1,2022-01-01,2022-01-31,ok,33.91474,118.24219,176092,
previous_runs,suqian_1,2022-02-01,2022-02-28,ok,33.91474,118.24219,159767,
previous_runs,suqian_1,2022-03-01,2022-03-31,ok,33.91474,118.24219,177722,
previous_runs,suqian_1,2022-04-01,2022-04-30,ok,33.91474,118.24219,173101,
previous_runs,suqian_1,2022-05-01,2022-05-31,ok,33.91474,118.24219,179277,
previous_runs,suqian_1,2022-06-01,2022-06-30,ok,33.91474,118.24219,173709,
previous_runs,suqian_1,2022-07-01,2022-07-31,ok,33.91474,118.24219,179302,
previous_runs,suqian_1,2022-08-01,2022-08-31,ok,33.91474,118.24219,179149,
previous_runs,suqian_1,2022-09-01,2022-09-30,ok,33.91474,118.24219,173172,
previous_runs,suqian_1,2022-10-01,2022-10-31,ok,33.91474,118.24219,178152,
previous_runs,suqian_1,2022-11-01,2022-11-30,ok,33.91474,118.24219,172129,
previous_runs,suqian_1,2023-01-01,2023-01-31,ok,33.91474,118.24219,176756,
previous_runs,suqian_1,2023-02-01,2023-02-28,ok,33.91474,118.24219,159621,
previous_runs,suqian_1,2022-12-01,2022-12-31,ok,33.91474,118.24219,176298,
previous_runs,suqian_1,2023-03-01,2023-03-31,ok,33.91474,118.24219,177820,
previous_runs,suqian_1,2023-04-01,2023-04-30,ok,33.91474,118.24219,173007,
previous_runs,suqian_1,2023-05-01,2023-05-31,ok,33.91474,118.24219,179275,
previous_runs,suqian_1,2023-06-01,2023-06-30,ok,33.91474,118.24219,173709,
previous_runs,suqian_1,2023-07-01,2023-07-31,ok,33.91474,118.24219,179301,
previous_runs,suqian_1,2023-08-01,2023-08-31,ok,33.91474,118.24219,179151,
previous_runs,suqian_1,2023-09-01,2023-09-30,ok,33.91474,118.24219,173175,
previous_runs,suqian_1,2023-10-01,2023-10-31,ok,33.91474,118.24219,178334,
previous_runs,suqian_1,2023-11-01,2023-11-30,ok,33.91474,118.24219,171421,
previous_runs,suqian_1,2024-02-01,2024-02-29,ok,33.91474,118.24219,158605,
previous_runs,suqian_1,2024-03-01,2024-03-31,ok,33.91474,118.24219,169860,
previous_runs,suqian_1,2024-04-01,2024-04-30,ok,33.91474,118.24219,167818,
previous_runs,suqian_1,2024-05-01,2024-05-31,ok,33.91474,118.24219,174541,
previous_runs,suqian_1,2024-06-01,2024-06-30,ok,33.91474,118.24219,170119,
previous_runs,suqian_1,2024-07-01,2024-07-31,ok,33.91474,118.24219,173776,
previous_runs,suqian_1,2024-08-01,2024-08-31,ok,33.91474,118.24219,173206,
previous_runs,suqian_1,2024-09-01,2024-09-30,ok,33.91474,118.24219,166669,
previous_runs,suqian_1,2024-10-01,2024-10-31,ok,33.91474,118.24219,169139,
previous_runs,suqian_1,2024-11-01,2024-11-30,ok,33.91474,118.24219,162375,
previous_runs,suqian_1,2024-12-01,2024-12-31,ok,33.91474,118.24219,167937,
previous_runs,suqian_1,2025-01-01,2025-01-31,ok,33.91474,118.24219,168771,
previous_runs,suqian_1,2025-02-01,2025-02-28,ok,33.91474,118.24219,154679,
previous_runs,suqian_1,2025-03-01,2025-03-31,ok,33.91474,118.24219,170677,
previous_runs,suqian_1,2025-04-01,2025-04-30,ok,33.91474,118.24219,168305,
previous_runs,suqian_1,2025-05-01,2025-05-31,ok,33.91474,118.24219,174233,
previous_runs,suqian_1,2025-06-01,2025-06-30,ok,33.91474,118.24219,169308,
previous_runs,suqian_1,2025-07-01,2025-07-31,ok,33.91474,118.24219,174460,
previous_runs,suqian_1,2025-08-01,2025-08-31,ok,33.91474,118.24219,173310,
previous_runs,suqian_1,2025-09-01,2025-09-30,ok,33.91474,118.24219,165164,
previous_runs,suqian_1,2025-10-01,2025-10-31,ok,33.91474,118.24219,168767,
previous_runs,suqian_1,2025-11-01,2025-11-30,ok,33.91474,118.24219,162022,
previous_runs,suqian_1,2025-12-01,2025-12-31,ok,33.91474,118.24219,167191,
previous_runs,suqian_1,2026-01-01,2026-01-31,ok,33.91474,118.24219,168245,
previous_runs,suqian_1,2023-12-01,2023-12-31,ok,33.91474,118.24219,176923,
previous_runs,suqian_1,2024-01-01,2024-01-31,ok,33.91474,118.24219,174460,
previous_runs,xuzhou_1,2019-03-01,2019-03-31,ok,34.734787,116.60156,178685,
previous_runs,xuzhou_1,2019-04-01,2019-04-30,ok,34.734787,116.60156,173383,
previous_runs,xuzhou_1,2019-02-01,2019-02-28,ok,34.734787,116.60156,161282,
previous_runs,xuzhou_1,2019-05-01,2019-05-31,ok,34.734787,116.60156,179269,
previous_runs,xuzhou_1,2019-07-01,2019-07-31,ok,34.734787,116.60156,179336,
previous_runs,xuzhou_1,2019-06-01,2019-06-30,ok,34.734787,116.60156,173754,
previous_runs,xuzhou_1,2019-08-01,2019-08-31,ok,34.734787,116.60156,179110,
previous_runs,xuzhou_1,2019-09-01,2019-09-30,ok,34.734787,116.60156,173186,
previous_runs,xuzhou_1,2019-10-01,2019-10-31,ok,34.734787,116.60156,178327,
previous_runs,xuzhou_1,2019-11-01,2019-11-30,ok,34.734787,116.60156,172444,
previous_runs,xuzhou_1,2019-12-01,2019-12-31,ok,34.734787,116.60156,177964,
previous_runs,xuzhou_1,2020-02-01,2020-02-29,ok,34.734787,116.60156,166918,
previous_runs,xuzhou_1,2020-03-01,2020-03-31,ok,34.734787,116.60156,178703,
previous_runs,xuzhou_1,2020-01-01,2020-01-31,ok,34.734787,116.60156,178021,
previous_runs,xuzhou_1,2020-04-01,2020-04-30,ok,34.734787,116.60156,173396,
previous_runs,xuzhou_1,2020-05-01,2020-05-31,ok,34.734787,116.60156,179273,
previous_runs,xuzhou_1,2020-06-01,2020-06-30,ok,34.734787,116.60156,173759,
previous_runs,xuzhou_1,2020-07-01,2020-07-31,ok,34.734787,116.60156,179330,
previous_runs,xuzhou_1,2020-08-01,2020-08-31,ok,34.734787,116.60156,179104,
previous_runs,xuzhou_1,2020-09-01,2020-09-30,ok,34.734787,116.60156,173174,
previous_runs,xuzhou_1,2020-10-01,2020-10-31,ok,34.734787,116.60156,178317,
previous_runs,xuzhou_1,2020-11-01,2020-11-30,ok,34.734787,116.60156,172439,
previous_runs,xuzhou_1,2020-12-01,2020-12-31,ok,34.734787,116.60156,177961,
previous_runs,xuzhou_1,2021-02-01,2021-02-28,ok,34.734787,116.60156,161287,
previous_runs,xuzhou_1,2021-03-01,2021-03-31,ok,34.734787,116.60156,178658,
previous_runs,xuzhou_1,2021-01-01,2021-01-31,ok,34.734787,116.60156,178024,
previous_runs,xuzhou_1,2021-05-01,2021-05-31,ok,34.734787,116.60156,179273,
previous_runs,xuzhou_1,2021-04-01,2021-04-30,ok,34.734787,116.60156,173068,
previous_runs,xuzhou_1,2021-06-01,2021-06-30,ok,34.734787,116.60156,173758,
previous_runs,xuzhou_1,2021-07-01,2021-07-31,ok,34.734787,116.60156,179331,
previous_runs,xuzhou_1,2021-08-01,2021-08-31,ok,34.734787,116.60156,179107,
previous_runs,xuzhou_1,2021-09-01,2021-09-30,ok,34.734787,116.60156,173172,
previous_runs,xuzhou_1,2021-10-01,2021-10-31,ok,34.734787,116.60156,178168,
previous_runs,xuzhou_1,2021-11-01,2021-11-30,ok,34.734787,116.60156,171519,
previous_runs,xuzhou_1,2021-12-01,2021-12-31,ok,34.734787,116.60156,176461,
previous_runs,xuzhou_1,2022-01-01,2022-01-31,ok,34.734787,116.60156,176122,
previous_runs,xuzhou_1,2022-02-01,2022-02-28,ok,34.734787,116.60156,159728,
previous_runs,xuzhou_1,2022-04-01,2022-04-30,ok,34.734787,116.60156,173158,
previous_runs,xuzhou_1,2022-05-01,2022-05-31,ok,34.734787,116.60156,179270,
previous_runs,xuzhou_1,2022-03-01,2022-03-31,ok,34.734787,116.60156,177814,
previous_runs,xuzhou_1,2022-06-01,2022-06-30,ok,34.734787,116.60156,173759,
previous_runs,xuzhou_1,2022-07-01,2022-07-31,ok,34.734787,116.60156,179335,
previous_runs,xuzhou_1,2022-08-01,2022-08-31,ok,34.734787,116.60156,179111,
previous_runs,xuzhou_1,2022-09-01,2022-09-30,ok,34.734787,116.60156,173180,
previous_runs,xuzhou_1,2022-10-01,2022-10-31,ok,34.734787,116.60156,178129,
previous_runs,xuzhou_1,2022-11-01,2022-11-30,ok,34.734787,116.60156,172039,
previous_runs,xuzhou_1,2022-12-01,2022-12-31,ok,34.734787,116.60156,176418,
previous_runs,xuzhou_1,2023-01-01,2023-01-31,ok,34.734787,116.60156,176658,
previous_runs,xuzhou_1,2023-02-01,2023-02-28,ok,34.734787,116.60156,159624,
previous_runs,xuzhou_1,2023-03-01,2023-03-31,ok,34.734787,116.60156,177972,
previous_runs,xuzhou_1,2023-04-01,2023-04-30,ok,34.734787,116.60156,172962,
previous_runs,xuzhou_1,2023-05-01,2023-05-31,ok,34.734787,116.60156,179272,
previous_runs,xuzhou_1,2023-06-01,2023-06-30,ok,34.734787,116.60156,173758,
previous_runs,xuzhou_1,2023-07-01,2023-07-31,ok,34.734787,116.60156,179335,
previous_runs,xuzhou_1,2023-08-01,2023-08-31,ok,34.734787,116.60156,179110,
previous_runs,xuzhou_1,2023-09-01,2023-09-30,ok,34.734787,116.60156,173185,
previous_runs,xuzhou_1,2023-10-01,2023-10-31,ok,34.734787,116.60156,178316,
previous_runs,xuzhou_1,2023-11-01,2023-11-30,ok,34.734787,116.60156,171328,
previous_runs,xuzhou_1,2024-02-01,2024-02-29,ok,34.734787,116.60156,158775,
previous_runs,xuzhou_1,2024-03-01,2024-03-31,ok,34.734787,116.60156,170334,
previous_runs,xuzhou_1,2024-04-01,2024-04-30,ok,34.734787,116.60156,167942,
previous_runs,xuzhou_1,2024-05-01,2024-05-31,ok,34.734787,116.60156,174170,
previous_runs,xuzhou_1,2024-06-01,2024-06-30,ok,34.734787,116.60156,169285,
previous_runs,xuzhou_1,2024-07-01,2024-07-31,ok,34.734787,116.60156,172787,
previous_runs,xuzhou_1,2024-08-01,2024-08-31,ok,34.734787,116.60156,171960,
previous_runs,xuzhou_1,2024-09-01,2024-09-30,ok,34.734787,116.60156,166240,
previous_runs,xuzhou_1,2024-10-01,2024-10-31,ok,34.734787,116.60156,169587,
previous_runs,xuzhou_1,2024-11-01,2024-11-30,ok,34.734787,116.60156,162795,
previous_runs,xuzhou_1,2024-12-01,2024-12-31,ok,34.734787,116.60156,168526,
previous_runs,xuzhou_1,2025-01-01,2025-01-31,ok,34.734787,116.60156,169219,
previous_runs,xuzhou_1,2025-02-01,2025-02-28,ok,34.734787,116.60156,155037,
previous_runs,xuzhou_1,2025-03-01,2025-03-31,ok,34.734787,116.60156,171358,
previous_runs,xuzhou_1,2025-04-01,2025-04-30,ok,34.734787,116.60156,167999,
previous_runs,xuzhou_1,2025-05-01,2025-05-31,ok,34.734787,116.60156,174018,
previous_runs,xuzhou_1,2025-06-01,2025-06-30,ok,34.734787,116.60156,169039,
previous_runs,xuzhou_1,2025-07-01,2025-07-31,ok,34.734787,116.60156,174119,
previous_runs,xuzhou_1,2025-08-01,2025-08-31,ok,34.734787,116.60156,173351,
previous_runs,xuzhou_1,2025-09-01,2025-09-30,ok,34.734787,116.60156,165226,
previous_runs,xuzhou_1,2025-10-01,2025-10-31,ok,34.734787,116.60156,168630,
previous_runs,xuzhou_1,2025-11-01,2025-11-30,ok,34.734787,116.60156,162265,
previous_runs,xuzhou_1,2025-12-01,2025-12-31,ok,34.734787,116.60156,167731,
previous_runs,xuzhou_1,2026-01-01,2026-01-31,ok,34.734787,116.60156,168519,
previous_runs,xuzhou_1,2023-12-01,2023-12-31,ok,34.734787,116.60156,177023,
previous_runs,xuzhou_1,2024-01-01,2024-01-31,ok,34.734787,116.60156,174568,
previous_runs,huai_an_1,2019-02-01,2019-02-28,ok,33.094696,119.41406,161335,
previous_runs,huai_an_1,2019-03-01,2019-03-31,ok,33.094696,119.41406,178707,
previous_runs,huai_an_1,2019-04-01,2019-04-30,ok,33.094696,119.41406,173422,
previous_runs,huai_an_1,2019-06-01,2019-06-30,ok,33.094696,119.41406,173683,
previous_runs,huai_an_1,2019-05-01,2019-05-31,ok,33.094696,119.41406,179269,
previous_runs,huai_an_1,2019-08-01,2019-08-31,ok,33.094696,119.41406,179161,
previous_runs,huai_an_1,2019-07-01,2019-07-31,ok,33.094696,119.41406,179296,
previous_runs,huai_an_1,2019-09-01,2019-09-30,ok,33.094696,119.41406,173173,
previous_runs,huai_an_1,2019-10-01,2019-10-31,ok,33.094696,119.41406,178378,
previous_runs,huai_an_1,2019-11-01,2019-11-30,ok,33.094696,119.41406,172476,
previous_runs,huai_an_1,2019-12-01,2019-12-31,ok,33.094696,119.41406,177993,
previous_runs,huai_an_1,2020-01-01,2020-01-31,ok,33.094696,119.41406,178032,
previous_runs,huai_an_1,2020-02-01,2020-02-29,ok,33.094696,119.41406,166972,
previous_runs,huai_an_1,2020-03-01,2020-03-31,ok,33.094696,119.41406,178714,
previous_runs,huai_an_1,2020-04-01,2020-04-30,ok,33.094696,119.41406,173429,
previous_runs,huai_an_1,2020-05-01,2020-05-31,ok,33.094696,119.41406,179275,
previous_runs,huai_an_1,2020-06-01,2020-06-30,ok,33.094696,119.41406,173683,
previous_runs,huai_an_1,2020-07-01,2020-07-31,ok,33.094696,119.41406,179295,
previous_runs,huai_an_1,2020-08-01,2020-08-31,ok,33.094696,119.41406,179155,
previous_runs,huai_an_1,2020-09-01,2020-09-30,ok,33.094696,119.41406,173161,
previous_runs,huai_an_1,2020-11-01,2020-11-30,ok,33.094696,119.41406,172474,
previous_runs,huai_an_1,2020-10-01,2020-10-31,ok,33.094696,119.41406,178369,
previous_runs,huai_an_1,2020-12-01,2020-12-31,ok,33.094696,119.41406,177993,
previous_runs,huai_an_1,2021-02-01,2021-02-28,ok,33.094696,119.41406,161338,
previous_runs,huai_an_1,2021-01-01,2021-01-31,ok,33.094696,119.41406,178038,
previous_runs,huai_an_1,2021-03-01,2021-03-31,ok,33.094696,119.41406,178654,
previous_runs,huai_an_1,2021-05-01,2021-05-31,ok,33.094696,119.41406,179259,
previous_runs,huai_an_1,2021-04-01,2021-04-30,ok,33.094696,119.41406,172987,
previous_runs,huai_an_1,2021-06-01,2021-06-30,ok,33.094696,119.41406,173683,
previous_runs,huai_an_1,2021-07-01,2021-07-31,ok,33.094696,119.41406,179295,
previous_runs,huai_an_1,2021-08-01,2021-08-31,ok,33.094696,119.41406,179160,
previous_runs,huai_an_1,2021-10-01,2021-10-31,ok,33.094696,119.41406,178318,
previous_runs,huai_an_1,2021-09-01,2021-09-30,ok,33.094696,119.41406,173164,
previous_runs,huai_an_1,2021-11-01,2021-11-30,ok,33.094696,119.41406,171784,
previous_runs,huai_an_1,2021-12-01,2021-12-31,ok,33.094696,119.41406,176565,
previous_runs,huai_an_1,2022-01-01,2022-01-31,ok,33.094696,119.41406,175983,
previous_runs,huai_an_1,2022-02-01,2022-02-28,ok,33.094696,119.41406,159721,
previous_runs,huai_an_1,2022-03-01,2022-03-31,ok,33.094696,119.41406,177667,
previous_runs,huai_an_1,2022-04-01,2022-04-30,ok,33.094696,119.41406,173057,
previous_runs,huai_an_1,2022-06-01,2022-06-30,ok,33.094696,119.41406,173683,
previous_runs,huai_an_1,2022-07-01,2022-07-31,ok,33.094696,119.41406,179296,
previous_runs,huai_an_1,2022-05-01,2022-05-31,ok,33.094696,119.41406,179263,
previous_runs,huai_an_1,2022-08-01,2022-08-31,ok,33.094696,119.41406,179160,
previous_runs,huai_an_1,2022-09-01,2022-09-30,ok,33.094696,119.41406,173166,
previous_runs,huai_an_1,2022-10-01,2022-10-31,ok,33.094696,119.41406,178314,
previous_runs,huai_an_1,2022-11-01,2022-11-30,ok,33.094696,119.41406,172287,
previous_runs,huai_an_1,2022-12-01,2022-12-31,ok,33.094696,119.41406,176076,
previous_runs,huai_an_1,2023-01-01,2023-01-31,ok,33.094696,119.41406,176664,
previous_runs,huai_an_1,2023-02-01,2023-02-28,ok,33.094696,119.41406,159629,
previous_runs,huai_an_1,2023-04-01,2023-04-30,ok,33.094696,119.41406,173051,
previous_runs,huai_an_1,2023-05-01,2023-05-31,ok,33.094696,119.41406,179250,
previous_runs,huai_an_1,2023-03-01,2023-03-31,ok,33.094696,119.41406,177715,
previous_runs,huai_an_1,2023-06-01,2023-06-30,ok,33.094696,119.41406,173686,
previous_runs,huai_an_1,2023-07-01,2023-07-31,ok,33.094696,119.41406,179295,
previous_runs,huai_an_1,2023-08-01,2023-08-31,ok,33.094696,119.41406,179159,
previous_runs,huai_an_1,2023-09-01,2023-09-30,ok,33.094696,119.41406,173172,
previous_runs,huai_an_1,2023-10-01,2023-10-31,ok,33.094696,119.41406,178377,
previous_runs,huai_an_1,2023-11-01,2023-11-30,ok,33.094696,119.41406,171653,
previous_runs,huai_an_1,2024-02-01,2024-02-29,ok,33.094696,119.41406,157415,
previous_runs,huai_an_1,2024-03-01,2024-03-31,ok,33.094696,119.41406,169711,
previous_runs,huai_an_1,2024-04-01,2024-04-30,ok,33.094696,119.41406,167864,
previous_runs,huai_an_1,2024-05-01,2024-05-31,ok,33.094696,119.41406,174379,
previous_runs,huai_an_1,2024-06-01,2024-06-30,ok,33.094696,119.41406,170488,
previous_runs,huai_an_1,2024-07-01,2024-07-31,ok,33.094696,119.41406,174937,
previous_runs,huai_an_1,2024-08-01,2024-08-31,ok,33.094696,119.41406,173740,
previous_runs,huai_an_1,2024-09-01,2024-09-30,ok,33.094696,119.41406,166931,
previous_runs,huai_an_1,2024-10-01,2024-10-31,ok,33.094696,119.41406,169351,
previous_runs,huai_an_1,2024-11-01,2024-11-30,ok,33.094696,119.41406,161828,
previous_runs,huai_an_1,2024-12-01,2024-12-31,ok,33.094696,119.41406,167139,
previous_runs,huai_an_1,2025-01-01,2025-01-31,ok,33.094696,119.41406,168944,
previous_runs,huai_an_1,2025-02-01,2025-02-28,ok,33.094696,119.41406,154479,
previous_runs,huai_an_1,2025-03-01,2025-03-31,ok,33.094696,119.41406,170154,
previous_runs,huai_an_1,2025-04-01,2025-04-30,ok,33.094696,119.41406,168285,
previous_runs,huai_an_1,2025-05-01,2025-05-31,ok,33.094696,119.41406,174790,
previous_runs,huai_an_1,2025-06-01,2025-06-30,ok,33.094696,119.41406,169251,
previous_runs,huai_an_1,2025-07-01,2025-07-31,ok,33.094696,119.41406,174706,
previous_runs,huai_an_1,2025-08-01,2025-08-31,ok,33.094696,119.41406,173512,
previous_runs,huai_an_1,2025-09-01,2025-09-30,ok,33.094696,119.41406,165704,
previous_runs,huai_an_1,2025-10-01,2025-10-31,ok,33.094696,119.41406,169554,
previous_runs,huai_an_1,2025-11-01,2025-11-30,ok,33.094696,119.41406,162149,
previous_runs,huai_an_1,2025-12-01,2025-12-31,ok,33.094696,119.41406,167110,
previous_runs,huai_an_1,2026-01-01,2026-01-31,ok,33.094696,119.41406,168128,
previous_runs,huai_an_1,2024-01-01,2024-01-31,ok,33.094696,119.41406,174359,
previous_runs,huai_an_1,2023-12-01,2023-12-31,ok,33.094696,119.41406,176959,
previous_runs,huai_an_2,2019-02-01,2019-02-28,ok,33.91474,119.41406,161313,
previous_runs,huai_an_2,2019-04-01,2019-04-30,ok,33.91474,119.41406,173408,
previous_runs,huai_an_2,2019-03-01,2019-03-31,ok,33.91474,119.41406,178692,
previous_runs,huai_an_2,2019-05-01,2019-05-31,ok,33.91474,119.41406,179282,
previous_runs,huai_an_2,2019-06-01,2019-06-30,ok,33.91474,119.41406,173682,
previous_runs,huai_an_2,2019-07-01,2019-07-31,ok,33.91474,119.41406,179304,
previous_runs,huai_an_2,2019-08-01,2019-08-31,ok,33.91474,119.41406,179154,
previous_runs,huai_an_2,2019-09-01,2019-09-30,ok,33.91474,119.41406,173162,
previous_runs,huai_an_2,2019-11-01,2019-11-30,ok,33.91474,119.41406,172452,
previous_runs,huai_an_2,2019-10-01,2019-10-31,ok,33.91474,119.41406,178350,
previous_runs,huai_an_2,2019-12-01,2019-12-31,ok,33.91474,119.41406,177957,
previous_runs,huai_an_2,2020-01-01,2020-01-31,ok,33.91474,119.41406,178013,
previous_runs,huai_an_2,2020-02-01,2020-02-29,ok,33.91474,119.41406,166953,
previous_runs,huai_an_2,2020-03-01,2020-03-31,ok,33.91474,119.41406,178701,
previous_runs,huai_an_2,2020-04-01,2020-04-30,ok,33.91474,119.41406,173414,
previous_runs,huai_an_2,2020-05-01,2020-05-31,ok,33.91474,119.41406,179285,
previous_runs,huai_an_2,2020-06-01,2020-06-30,ok,33.91474,119.41406,173681,
previous_runs,huai_an_2,2020-07-01,2020-07-31,ok,33.91474,119.41406,179304,
previous_runs,huai_an_2,2020-08-01,2020-08-31,ok,33.91474,119.41406,179147,
previous_runs,huai_an_2,2020-09-01,2020-09-30,ok,33.91474,119.41406,173157,
previous_runs,huai_an_2,2020-10-01,2020-10-31,ok,33.91474,119.41406,178340,
previous_runs,huai_an_2,2020-11-01,2020-11-30,ok,33.91474,119.41406,172452,
previous_runs,huai_an_2,2021-01-01,2021-01-31,ok,33.91474,119.41406,178016,
previous_runs,huai_an_2,2020-12-01,2020-12-31,ok,33.91474,119.41406,177953,
previous_runs,huai_an_2,2021-02-01,2021-02-28,ok,33.91474,119.41406,161315,
previous_runs,huai_an_2,2021-03-01,2021-03-31,ok,33.91474,119.41406,178608,
previous_runs,huai_an_2,2021-04-01,2021-04-30,ok,33.91474,119.41406,172910,
previous_runs,huai_an_2,2021-05-01,2021-05-31,ok,33.91474,119.41406,179256,
previous_runs,huai_an_2,2021-08-01,2021-08-31,ok,33.91474,119.41406,179151,
previous_runs,huai_an_2,2021-06-01,2021-06-30,ok,33.91474,119.41406,173682,
previous_runs,huai_an_2,2021-07-01,2021-07-31,ok,33.91474,119.41406,179304,
previous_runs,huai_an_2,2021-09-01,2021-09-30,ok,33.91474,119.41406,173160,
previous_runs,huai_an_2,2021-10-01,2021-10-31,ok,33.91474,119.41406,178229,
previous_runs,huai_an_2,2021-12-01,2021-12-31,ok,33.91474,119.41406,176475,
previous_runs,huai_an_2,2022-01-01,2022-01-31,ok,33.91474,119.41406,176050,
previous_runs,huai_an_2,2021-11-01,2021-11-30,ok,33.91474,119.41406,171649,
previous_runs,huai_an_2,2022-02-01,2022-02-28,ok,33.91474,119.41406,159815,
previous_runs,huai_an_2,2022-03-01,2022-03-31,ok,33.91474,119.41406,177551,
previous_runs,huai_an_2,2022-04-01,2022-04-30,ok,33.91474,119.41406,173020,
previous_runs,huai_an_2,2022-05-01,2022-05-31,ok,33.91474,119.41406,179277,
previous_runs,huai_an_2,2022-07-01,2022-07-31,ok,33.91474,119.41406,179304,
previous_runs,huai_an_2,2022-06-01,2022-06-30,ok,33.91474,119.41406,173682,
previous_runs,huai_an_2,2022-08-01,2022-08-31,ok,33.91474,119.41406,179150,
previous_runs,huai_an_2,2022-10-01,2022-10-31,ok,33.91474,119.41406,178229,
previous_runs,huai_an_2,2022-09-01,2022-09-30,ok,33.91474,119.41406,173162,
previous_runs,huai_an_2,2022-11-01,2022-11-30,ok,33.91474,119.41406,172183,
previous_runs,huai_an_2,2022-12-01,2022-12-31,ok,33.91474,119.41406,176211,
previous_runs,huai_an_2,2023-01-01,2023-01-31,ok,33.91474,119.41406,176679,
previous_runs,huai_an_2,2023-02-01,2023-02-28,ok,33.91474,119.41406,159617,
previous_runs,huai_an_2,2023-03-01,2023-03-31,ok,33.91474,119.41406,177581,
previous_runs,huai_an_2,2023-04-01,2023-04-30,ok,33.91474,119.41406,172972,
previous_runs,huai_an_2,2023-06-01,2023-06-30,ok,33.91474,119.41406,173682,
previous_runs,huai_an_2,2023-05-01,2023-05-31,ok,33.91474,119.41406,179264,
previous_runs,huai_an_2,2023-07-01,2023-07-31,ok,33.91474,119.41406,179303,
previous_runs,huai_an_2,2023-09-01,2023-09-30,ok,33.91474,119.41406,173163,
previous_runs,huai_an_2,2023-08-01,2023-08-31,ok,33.91474,119.41406,179153,
previous_runs,huai_an_2,2023-11-01,2023-11-30,ok,33.91474,119.41406,171397,
previous_runs,huai_an_2,2023-10-01,2023-10-31,ok,33.91474,119.41406,178338,
previous_runs,huai_an_2,2024-02-01,2024-02-29,ok,33.91474,119.41406,158425,
previous_runs,huai_an_2,2024-03-01,2024-03-31,ok,33.91474,119.41406,169739,
previous_runs,huai_an_2,2024-04-01,2024-04-30,ok,33.91474,119.41406,167843,
previous_runs,huai_an_2,2024-05-01,2024-05-31,ok,33.91474,119.41406,174451,
previous_runs,huai_an_2,2024-06-01,2024-06-30,ok,33.91474,119.41406,170109,
previous_runs,huai_an_2,2024-07-01,2024-07-31,ok,33.91474,119.41406,174817,
previous_runs,huai_an_2,2024-08-01,2024-08-31,ok,33.91474,119.41406,173792,
previous_runs,huai_an_2,2024-09-01,2024-09-30,ok,33.91474,119.41406,166828,
previous_runs,huai_an_2,2024-10-01,2024-10-31,ok,33.91474,119.41406,169319,
previous_runs,huai_an_2,2024-11-01,2024-11-30,ok,33.91474,119.41406,162256,
previous_runs,huai_an_2,2024-12-01,2024-12-31,ok,33.91474,119.41406,167935,
previous_runs,huai_an_2,2025-01-01,2025-01-31,ok,33.91474,119.41406,168817,
previous_runs,huai_an_2,2025-02-01,2025-02-28,ok,33.91474,119.41406,154465,
previous_runs,huai_an_2,2025-03-01,2025-03-31,ok,33.91474,119.41406,170435,
previous_runs,huai_an_2,2025-04-01,2025-04-30,ok,33.91474,119.41406,168105,
previous_runs,huai_an_2,2025-05-01,2025-05-31,ok,33.91474,119.41406,174533,
previous_runs,huai_an_2,2025-06-01,2025-06-30,ok,33.91474,119.41406,169520,
previous_runs,huai_an_2,2025-07-01,2025-07-31,ok,33.91474,119.41406,174804,
previous_runs,huai_an_2,2025-08-01,2025-08-31,ok,33.91474,119.41406,173777,
previous_runs,huai_an_2,2025-09-01,2025-09-30,ok,33.91474,119.41406,165241,
previous_runs,huai_an_2,2025-10-01,2025-10-31,ok,33.91474,119.41406,169321,
previous_runs,huai_an_2,2023-12-01,2023-12-31,ok,33.91474,119.41406,176864,
previous_runs,huai_an_2,2025-11-01,2025-11-30,ok,33.91474,119.41406,162038,
previous_runs,huai_an_2,2026-01-01,2026-01-31,ok,33.91474,119.41406,168337,
previous_runs,huai_an_2,2025-12-01,2025-12-31,ok,33.91474,119.41406,166961,
previous_runs,xuzhou_2,2019-03-01,2019-03-31,ok,34.26619,117.421875,178699,
previous_runs,xuzhou_2,2019-02-01,2019-02-28,ok,34.26619,117.421875,161294,
previous_runs,huai_an_2,2024-01-01,2024-01-31,ok,33.91474,119.41406,174457,
previous_runs,xuzhou_2,2019-04-01,2019-04-30,ok,34.26619,117.421875,173390,
previous_runs,xuzhou_2,2019-05-01,2019-05-31,ok,34.26619,117.421875,179280,
previous_runs,xuzhou_2,2019-06-01,2019-06-30,ok,34.26619,117.421875,173746,
previous_runs,xuzhou_2,2019-07-01,2019-07-31,ok,34.26619,117.421875,179319,
previous_runs,xuzhou_2,2019-08-01,2019-08-31,ok,34.26619,117.421875,179128,
previous_runs,xuzhou_2,2019-10-01,2019-10-31,ok,34.26619,117.421875,178331,
previous_runs,xuzhou_2,2019-11-01,2019-11-30,ok,34.26619,117.421875,172453,
previous_runs,xuzhou_2,2019-12-01,2019-12-31,ok,34.26619,117.421875,177979,
previous_runs,xuzhou_2,2019-09-01,2019-09-30,ok,34.26619,117.421875,173189,
previous_runs,xuzhou_2,2020-01-01,2020-01-31,ok,34.26619,117.421875,178015,
previous_runs,xuzhou_2,2020-02-01,2020-02-29,ok,34.26619,117.421875,166930,
previous_runs,xuzhou_2,2020-03-01,2020-03-31,ok,34.26619,117.421875,178709,
previous_runs,xuzhou_2,2020-04-01,2020-04-30,ok,34.26619,117.421875,173399,
previous_runs,xuzhou_2,2020-06-01,2020-06-30,ok,34.26619,117.421875,173749,
previous_runs,xuzhou_2,2020-07-01,2020-07-31,ok,34.26619,117.421875,179317,
previous_runs,xuzhou_2,2020-05-01,2020-05-31,ok,34.26619,117.421875,179287,
previous_runs,xuzhou_2,2020-08-01,2020-08-31,ok,34.26619,117.421875,179121,
previous_runs,xuzhou_2,2020-09-01,2020-09-30,ok,34.26619,117.421875,173182,
previous_runs,xuzhou_2,2020-10-01,2020-10-31,ok,34.26619,117.421875,178322,
previous_runs,xuzhou_2,2020-11-01,2020-11-30,ok,34.26619,117.421875,172453,
previous_runs,xuzhou_2,2020-12-01,2020-12-31,ok,34.26619,117.421875,177977,
previous_runs,xuzhou_2,2021-01-01,2021-01-31,ok,34.26619,117.421875,178014,
previous_runs,xuzhou_2,2021-02-01,2021-02-28,ok,34.26619,117.421875,161301,
previous_runs,xuzhou_2,2021-03-01,2021-03-31,ok,34.26619,117.421875,178654,
previous_runs,xuzhou_2,2021-04-01,2021-04-30,ok,34.26619,117.421875,173017,
previous_runs,xuzhou_2,2021-05-01,2021-05-31,ok,34.26619,117.421875,179274,
previous_runs,xuzhou_2,2021-07-01,2021-07-31,ok,34.26619,117.421875,179317,
previous_runs,xuzhou_2,2021-08-01,2021-08-31,ok,34.26619,117.421875,179129,
previous_runs,xuzhou_2,2021-06-01,2021-06-30,ok,34.26619,117.421875,173749,
previous_runs,xuzhou_2,2021-11-01,2021-11-30,ok,34.26619,117.421875,171583,
previous_runs,xuzhou_2,2021-10-01,2021-10-31,ok,34.26619,117.421875,178183,
previous_runs,xuzhou_2,2021-12-01,2021-12-31,ok,34.26619,117.421875,176516,
previous_runs,xuzhou_2,2021-09-01,2021-09-30,ok,34.26619,117.421875,173183,
previous_runs,xuzhou_2,2022-01-01,2022-01-31,ok,34.26619,117.421875,176110,
previous_runs,xuzhou_2,2022-02-01,2022-02-28,ok,34.26619,117.421875,159755,
previous_runs,xuzhou_2,2022-03-01,2022-03-31,ok,34.26619,117.421875,177758,
previous_runs,xuzhou_2,2022-04-01,2022-04-30,ok,34.26619,117.421875,173103,
previous_runs,xuzhou_2,2022-05-01,2022-05-31,ok,34.26619,117.421875,179282,
previous_runs,xuzhou_2,2022-06-01,2022-06-30,ok,34.26619,117.421875,173746,
previous_runs,xuzhou_2,2022-07-01,2022-07-31,ok,34.26619,117.421875,179320,
previous_runs,xuzhou_2,2022-08-01,2022-08-31,ok,34.26619,117.421875,179128,
previous_runs,xuzhou_2,2022-09-01,2022-09-30,ok,34.26619,117.421875,173185,
previous_runs,xuzhou_2,2022-12-01,2022-12-31,ok,34.26619,117.421875,176331,
previous_runs,xuzhou_2,2022-11-01,2022-11-30,ok,34.26619,117.421875,172073,
previous_runs,xuzhou_2,2022-10-01,2022-10-31,ok,34.26619,117.421875,178130,
previous_runs,xuzhou_2,2023-01-01,2023-01-31,ok,34.26619,117.421875,176707,
previous_runs,xuzhou_2,2023-02-01,2023-02-28,ok,34.26619,117.421875,159626,
previous_runs,xuzhou_2,2023-03-01,2023-03-31,ok,34.26619,117.421875,177871,
previous_runs,xuzhou_2,2023-04-01,2023-04-30,ok,34.26619,117.421875,172970,
previous_runs,xuzhou_2,2023-05-01,2023-05-31,ok,34.26619,117.421875,179281,
previous_runs,xuzhou_2,2023-06-01,2023-06-30,ok,34.26619,117.421875,173747,
previous_runs,xuzhou_2,2023-07-01,2023-07-31,ok,34.26619,117.421875,179320,
previous_runs,xuzhou_2,2023-08-01,2023-08-31,ok,34.26619,117.421875,179128,
previous_runs,xuzhou_2,2023-09-01,2023-09-30,ok,34.26619,117.421875,173189,
previous_runs,xuzhou_2,2023-10-01,2023-10-31,ok,34.26619,117.421875,178327,
previous_runs,xuzhou_2,2023-11-01,2023-11-30,ok,34.26619,117.421875,171409,
previous_runs,xuzhou_2,2024-02-01,2024-02-29,ok,34.26619,117.421875,158602,
previous_runs,xuzhou_2,2024-03-01,2024-03-31,ok,34.26619,117.421875,169942,
previous_runs,xuzhou_2,2024-04-01,2024-04-30,ok,34.26619,117.421875,167632,
previous_runs,xuzhou_2,2024-05-01,2024-05-31,ok,34.26619,117.421875,174140,
previous_runs,xuzhou_2,2024-06-01,2024-06-30,ok,34.26619,117.421875,169418,
previous_runs,xuzhou_2,2024-07-01,2024-07-31,ok,34.26619,117.421875,172978,
previous_runs,xuzhou_2,2024-08-01,2024-08-31,ok,34.26619,117.421875,172431,
previous_runs,xuzhou_2,2024-09-01,2024-09-30,ok,34.26619,117.421875,166438,
previous_runs,xuzhou_2,2024-10-01,2024-10-31,ok,34.26619,117.421875,169224,
previous_runs,xuzhou_2,2024-11-01,2024-11-30,ok,34.26619,117.421875,162420,
previous_runs,xuzhou_2,2024-12-01,2024-12-31,ok,34.26619,117.421875,167981,
previous_runs,xuzhou_2,2025-01-01,2025-01-31,ok,34.26619,117.421875,168535,
previous_runs,xuzhou_2,2025-02-01,2025-02-28,ok,34.26619,117.421875,154588,
previous_runs,xuzhou_2,2025-03-01,2025-03-31,ok,34.26619,117.421875,170925,
previous_runs,xuzhou_2,2025-04-01,2025-04-30,ok,34.26619,117.421875,168026,
previous_runs,xuzhou_2,2025-05-01,2025-05-31,ok,34.26619,117.421875,174015,
previous_runs,xuzhou_2,2025-06-01,2025-06-30,ok,34.26619,117.421875,169180,
previous_runs,xuzhou_2,2025-07-01,2025-07-31,ok,34.26619,117.421875,174094,
previous_runs,xuzhou_2,2025-08-01,2025-08-31,ok,34.26619,117.421875,173276,
previous_runs,xuzhou_2,2025-09-01,2025-09-30,ok,34.26619,117.421875,165055,
previous_runs,xuzhou_2,2025-10-01,2025-10-31,ok,34.26619,117.421875,168704,
previous_runs,xuzhou_2,2025-11-01,2025-11-30,ok,34.26619,117.421875,162075,
previous_runs,xuzhou_2,2025-12-01,2025-12-31,ok,34.26619,117.421875,167153,
previous_runs,xuzhou_2,2026-01-01,2026-01-31,ok,34.26619,117.421875,168172,
previous_runs,xuzhou_2,2023-12-01,2023-12-31,ok,34.26619,117.421875,176947,
previous_runs,xuzhou_2,2024-01-01,2024-01-31,ok,34.26619,117.421875,174382,
previous_runs,huai_an_3,2019-02-01,2019-02-28,ok,33.094696,118.59375,161338,
previous_runs,huai_an_3,2019-03-01,2019-03-31,ok,33.094696,118.59375,178715,
previous_runs,huai_an_3,2019-04-01,2019-04-30,ok,33.094696,118.59375,173414,
previous_runs,huai_an_3,2019-05-01,2019-05-31,ok,33.094696,118.59375,179269,
previous_runs,huai_an_3,2019-06-01,2019-06-30,ok,33.094696,118.59375,173684,
previous_runs,huai_an_3,2019-08-01,2019-08-31,ok,33.094696,118.59375,179162,
previous_runs,huai_an_3,2019-07-01,2019-07-31,ok,33.094696,118.59375,179279,
previous_runs,huai_an_3,2019-09-01,2019-09-30,ok,33.094696,118.59375,173174,
previous_runs,huai_an_3,2019-10-01,2019-10-31,ok,33.094696,118.59375,178379,
previous_runs,huai_an_3,2019-11-01,2019-11-30,ok,33.094696,118.59375,172478,
previous_runs,huai_an_3,2019-12-01,2019-12-31,ok,33.094696,118.59375,178015,
previous_runs,huai_an_3,2020-01-01,2020-01-31,ok,33.094696,118.59375,178025,
previous_runs,huai_an_3,2020-02-01,2020-02-29,ok,33.094696,118.59375,166973,
previous_runs,huai_an_3,2020-03-01,2020-03-31,ok,33.094696,118.59375,178721,
previous_runs,huai_an_3,2020-04-01,2020-04-30,ok,33.094696,118.59375,173422,
previous_runs,huai_an_3,2020-06-01,2020-06-30,ok,33.094696,118.59375,173684,
previous_runs,huai_an_3,2020-05-01,2020-05-31,ok,33.094696,118.59375,179276,
previous_runs,huai_an_3,2020-07-01,2020-07-31,ok,33.094696,118.59375,179276,
previous_runs,huai_an_3,2020-09-01,2020-09-30,ok,33.094696,118.59375,173168,
previous_runs,huai_an_3,2020-08-01,2020-08-31,ok,33.094696,118.59375,179156,
previous_runs,huai_an_3,2020-10-01,2020-10-31,ok,33.094696,118.59375,178364,
previous_runs,huai_an_3,2020-11-01,2020-11-30,ok,33.094696,118.59375,172475,
previous_runs,huai_an_3,2020-12-01,2020-12-31,ok,33.094696,118.59375,178013,
previous_runs,huai_an_3,2021-01-01,2021-01-31,ok,33.094696,118.59375,178028,
previous_runs,huai_an_3,2021-02-01,2021-02-28,ok,33.094696,118.59375,161342,
previous_runs,huai_an_3,2021-03-01,2021-03-31,ok,33.094696,118.59375,178681,
previous_runs,huai_an_3,2021-04-01,2021-04-30,ok,33.094696,118.59375,173116,
previous_runs,huai_an_3,2021-05-01,2021-05-31,ok,33.094696,118.59375,179269,
previous_runs,huai_an_3,2021-06-01,2021-06-30,ok,33.094696,118.59375,173684,
previous_runs,huai_an_3,2021-07-01,2021-07-31,ok,33.094696,118.59375,179279,
previous_runs,huai_an_3,2021-08-01,2021-08-31,ok,33.094696,118.59375,179159,
previous_runs,huai_an_3,2021-09-01,2021-09-30,ok,33.094696,118.59375,173171,
previous_runs,huai_an_3,2021-10-01,2021-10-31,ok,33.094696,118.59375,178336,
previous_runs,huai_an_3,2021-11-01,2021-11-30,ok,33.094696,118.59375,171839,
previous_runs,huai_an_3,2021-12-01,2021-12-31,ok,33.094696,118.59375,176628,
previous_runs,huai_an_3,2022-01-01,2022-01-31,ok,33.094696,118.59375,175933,
previous_runs,huai_an_3,2022-02-01,2022-02-28,ok,33.094696,118.59375,159648,
previous_runs,huai_an_3,2022-03-01,2022-03-31,ok,33.094696,118.59375,177818,
previous_runs,huai_an_3,2022-04-01,2022-04-30,ok,33.094696,118.59375,173164,
previous_runs,huai_an_3,2022-05-01,2022-05-31,ok,33.094696,118.59375,179270,
previous_runs,huai_an_3,2022-06-01,2022-06-30,ok,33.094696,118.59375,173683,
previous_runs,huai_an_3,2022-07-01,2022-07-31,ok,33.094696,118.59375,179278,
previous_runs,huai_an_3,2022-08-01,2022-08-31,ok,33.094696,118.59375,179161,
previous_runs,huai_an_3,2022-09-01,2022-09-30,ok,33.094696,118.59375,173170,
previous_runs,huai_an_3,2022-10-01,2022-10-31,ok,33.094696,118.59375,178348,
previous_runs,huai_an_3,2022-11-01,2022-11-30,ok,33.094696,118.59375,172230,
previous_runs,huai_an_3,2023-01-01,2023-01-31,ok,33.094696,118.59375,176581,
previous_runs,huai_an_3,2022-12-01,2022-12-31,ok,33.094696,118.59375,176048,
previous_runs,huai_an_3,2023-04-01,2023-04-30,ok,33.094696,118.59375,173165,
previous_runs,huai_an_3,2023-02-01,2023-02-28,ok,33.094696,118.59375,159575,
previous_runs,huai_an_3,2023-03-01,2023-03-31,ok,33.094696,118.59375,177872,
previous_runs,huai_an_3,2023-06-01,2023-06-30,ok,33.094696,118.59375,173683,
previous_runs,huai_an_3,2023-05-01,2023-05-31,ok,33.094696,118.59375,179266,
previous_runs,huai_an_3,2023-07-01,2023-07-31,ok,33.094696,118.59375,179279,
previous_runs,huai_an_3,2023-08-01,2023-08-31,ok,33.094696,118.59375,179162,
previous_runs,huai_an_3,2023-09-01,2023-09-30,ok,33.094696,118.59375,173172,
previous_runs,huai_an_3,2023-11-01,2023-11-30,ok,33.094696,118.59375,171693,
previous_runs,huai_an_3,2023-12-01,2023-12-31,ok,33.094696,118.59375,176847,
previous_runs,huai_an_3,2024-02-01,2024-02-29,ok,33.094696,118.59375,157535,
previous_runs,huai_an_3,2024-03-01,2024-03-31,ok,33.094696,118.59375,169922,
previous_runs,huai_an_3,2024-04-01,2024-04-30,ok,33.094696,118.59375,168149,
previous_runs,huai_an_3,2024-05-01,2024-05-31,ok,33.094696,118.59375,174455,
previous_runs,huai_an_3,2024-06-01,2024-06-30,ok,33.094696,118.59375,170260,
previous_runs,huai_an_3,2024-07-01,2024-07-31,ok,33.094696,118.59375,174450,
previous_runs,huai_an_3,2024-08-01,2024-08-31,ok,33.094696,118.59375,173850,
previous_runs,huai_an_3,2024-09-01,2024-09-30,ok,33.094696,118.59375,167026,
previous_runs,huai_an_3,2024-10-01,2024-10-31,ok,33.094696,118.59375,169764,
previous_runs,huai_an_3,2024-11-01,2024-11-30,ok,33.094696,118.59375,162339,
previous_runs,huai_an_3,2024-12-01,2024-12-31,ok,33.094696,118.59375,167292,
previous_runs,huai_an_3,2025-01-01,2025-01-31,ok,33.094696,118.59375,168905,
previous_runs,huai_an_3,2025-02-01,2025-02-28,ok,33.094696,118.59375,154666,
previous_runs,huai_an_3,2025-03-01,2025-03-31,ok,33.094696,118.59375,170361,
previous_runs,huai_an_3,2025-04-01,2025-04-30,ok,33.094696,118.59375,168667,
previous_runs,huai_an_3,2025-05-01,2025-05-31,ok,33.094696,118.59375,174696,
previous_runs,huai_an_3,2025-06-01,2025-06-30,ok,33.094696,118.59375,169444,
previous_runs,huai_an_3,2025-07-01,2025-07-31,ok,33.094696,118.59375,174514,
previous_runs,huai_an_3,2025-08-01,2025-08-31,ok,33.094696,118.59375,173518,
previous_runs,huai_an_3,2025-09-01,2025-09-30,ok,33.094696,118.59375,165761,
previous_runs,huai_an_3,2025-10-01,2025-10-31,ok,33.094696,118.59375,169797,
previous_runs,huai_an_3,2025-11-01,2025-11-30,ok,33.094696,118.59375,162629,
previous_runs,huai_an_3,2025-12-01,2025-12-31,ok,33.094696,118.59375,167518,
previous_runs,huai_an_3,2026-01-01,2026-01-31,ok,33.094696,118.59375,168473,
previous_runs,huai_an_3,2023-10-01,2023-10-31,ok,33.094696,118.59375,178375,
previous_runs,huai_an_3,2024-01-01,2024-01-31,ok,33.094696,118.59375,174339,
previous_runs,yancheng_1,2019-02-01,2019-02-28,ok,33.91474,119.765625,161313,
previous_runs,yancheng_1,2019-04-01,2019-04-30,ok,33.91474,119.765625,173413,
previous_runs,yancheng_1,2019-05-01,2019-05-31,ok,33.91474,119.765625,179279,
previous_runs,yancheng_1,2019-03-01,2019-03-31,ok,33.91474,119.765625,178691,
previous_runs,yancheng_1,2019-06-01,2019-06-30,ok,33.91474,119.765625,173683,
previous_runs,yancheng_1,2019-07-01,2019-07-31,ok,33.91474,119.765625,179314,
previous_runs,yancheng_1,2019-09-01,2019-09-30,ok,33.91474,119.765625,173164,
previous_runs,yancheng_1,2019-10-01,2019-10-31,ok,33.91474,119.765625,178354,
previous_runs,yancheng_1,2019-08-01,2019-08-31,ok,33.91474,119.765625,179155,
previous_runs,yancheng_1,2019-11-01,2019-11-30,ok,33.91474,119.765625,172452,
previous_runs,yancheng_1,2019-12-01,2019-12-31,ok,33.91474,119.765625,177958,
previous_runs,yancheng_1,2020-01-01,2020-01-31,ok,33.91474,119.765625,178017,
previous_runs,yancheng_1,2020-02-01,2020-02-29,ok,33.91474,119.765625,166954,
previous_runs,yancheng_1,2020-03-01,2020-03-31,ok,33.91474,119.765625,178699,
previous_runs,yancheng_1,2020-04-01,2020-04-30,ok,33.91474,119.765625,173419,
previous_runs,yancheng_1,2020-05-01,2020-05-31,ok,33.91474,119.765625,179287,
previous_runs,yancheng_1,2020-06-01,2020-06-30,ok,33.91474,119.765625,173682,
previous_runs,yancheng_1,2020-07-01,2020-07-31,ok,33.91474,119.765625,179310,
previous_runs,yancheng_1,2020-08-01,2020-08-31,ok,33.91474,119.765625,179145,
previous_runs,yancheng_1,2020-09-01,2020-09-30,ok,33.91474,119.765625,173158,
previous_runs,yancheng_1,2020-10-01,2020-10-31,ok,33.91474,119.765625,178347,
previous_runs,yancheng_1,2020-11-01,2020-11-30,ok,33.91474,119.765625,172446,
previous_runs,yancheng_1,2020-12-01,2020-12-31,ok,33.91474,119.765625,177954,
previous_runs,yancheng_1,2021-01-01,2021-01-31,ok,33.91474,119.765625,178023,
previous_runs,yancheng_1,2021-02-01,2021-02-28,ok,33.91474,119.765625,161317,
previous_runs,yancheng_1,2021-03-01,2021-03-31,ok,33.91474,119.765625,178602,
previous_runs,yancheng_1,2021-05-01,2021-05-31,ok,33.91474,119.765625,179253,
previous_runs,yancheng_1,2021-04-01,2021-04-30,ok,33.91474,119.765625,172887,
previous_runs,yancheng_1,2021-06-01,2021-06-30,ok,33.91474,119.765625,173682,
previous_runs,yancheng_1,2021-07-01,2021-07-31,ok,33.91474,119.765625,179311,
previous_runs,yancheng_1,2021-08-01,2021-08-31,ok,33.91474,119.765625,179147,
previous_runs,yancheng_1,2021-09-01,2021-09-30,ok,33.91474,119.765625,173160,
previous_runs,yancheng_1,2021-11-01,2021-11-30,ok,33.91474,119.765625,171634,
previous_runs,yancheng_1,2021-12-01,2021-12-31,ok,33.91474,119.765625,176459,
previous_runs,yancheng_1,2021-10-01,2021-10-31,ok,33.91474,119.765625,178250,
previous_runs,yancheng_1,2022-01-01,2022-01-31,ok,33.91474,119.765625,176061,
previous_runs,yancheng_1,2022-03-01,2022-03-31,ok,33.91474,119.765625,177505,
previous_runs,yancheng_1,2022-04-01,2022-04-30,ok,33.91474,119.765625,173000,
previous_runs,yancheng_1,2022-02-01,2022-02-28,ok,33.91474,119.765625,159808,
previous_runs,yancheng_1,2022-05-01,2022-05-31,ok,33.91474,119.765625,179280,
previous_runs,yancheng_1,2022-06-01,2022-06-30,ok,33.91474,119.765625,173683,
previous_runs,yancheng_1,2022-07-01,2022-07-31,ok,33.91474,119.765625,179314,
previous_runs,yancheng_1,2022-08-01,2022-08-31,ok,33.91474,119.765625,179151,
previous_runs,yancheng_1,2022-10-01,2022-10-31,ok,33.91474,119.765625,178251,
previous_runs,yancheng_1,2022-09-01,2022-09-30,ok,33.91474,119.765625,173160,
previous_runs,yancheng_1,2022-12-01,2022-12-31,ok,33.91474,119.765625,176205,
previous_runs,yancheng_1,2023-01-01,2023-01-31,ok,33.91474,119.765625,176671,
previous_runs,yancheng_1,2022-11-01,2022-11-30,ok,33.91474,119.765625,172209,
previous_runs,yancheng_1,2023-02-01,2023-02-28,ok,33.91474,119.765625,159610,
previous_runs,yancheng_1,2023-03-01,2023-03-31,ok,33.91474,119.765625,177528,
previous_runs,yancheng_1,2023-04-01,2023-04-30,ok,33.91474,119.765625,172969,
previous_runs,yancheng_1,2023-05-01,2023-05-31,ok,33.91474,119.765625,179264,
previous_runs,yancheng_1,2023-06-01,2023-06-30,ok,33.91474,119.765625,173682,
previous_runs,yancheng_1,2023-07-01,2023-07-31,ok,33.91474,119.765625,179314,
previous_runs,yancheng_1,2023-08-01,2023-08-31,ok,33.91474,119.765625,179155,
previous_runs,yancheng_1,2023-10-01,2023-10-31,ok,33.91474,119.765625,178343,
previous_runs,yancheng_1,2023-09-01,2023-09-30,ok,33.91474,119.765625,173164,
previous_runs,yancheng_1,2023-11-01,2023-11-30,ok,33.91474,119.765625,171447,
previous_runs,yancheng_1,2024-02-01,2024-02-29,ok,33.91474,119.765625,158038,
previous_runs,yancheng_1,2024-03-01,2024-03-31,ok,33.91474,119.765625,169628,
previous_runs,yancheng_1,2024-04-01,2024-04-30,ok,33.91474,119.765625,167899,
previous_runs,yancheng_1,2024-05-01,2024-05-31,ok,33.91474,119.765625,174434,
previous_runs,yancheng_1,2024-06-01,2024-06-30,ok,33.91474,119.765625,170279,
previous_runs,yancheng_1,2024-07-01,2024-07-31,ok,33.91474,119.765625,175128,
previous_runs,yancheng_1,2024-08-01,2024-08-31,ok,33.91474,119.765625,173803,
previous_runs,yancheng_1,2024-09-01,2024-09-30,ok,33.91474,119.765625,166685,
previous_runs,yancheng_1,2024-10-01,2024-10-31,ok,33.91474,119.765625,169392,
previous_runs,yancheng_1,2024-11-01,2024-11-30,ok,33.91474,119.765625,162137,
previous_runs,yancheng_1,2024-12-01,2024-12-31,ok,33.91474,119.765625,168137,
previous_runs,yancheng_1,2025-01-01,2025-01-31,ok,33.91474,119.765625,169013,
previous_runs,yancheng_1,2025-02-01,2025-02-28,ok,33.91474,119.765625,154458,
previous_runs,yancheng_1,2025-03-01,2025-03-31,ok,33.91474,119.765625,170255,
previous_runs,yancheng_1,2025-04-01,2025-04-30,ok,33.91474,119.765625,168021,
previous_runs,yancheng_1,2025-05-01,2025-05-31,ok,33.91474,119.765625,174568,
previous_runs,yancheng_1,2025-06-01,2025-06-30,ok,33.91474,119.765625,169483,
previous_runs,yancheng_1,2025-07-01,2025-07-31,ok,33.91474,119.765625,174905,
previous_runs,yancheng_1,2025-08-01,2025-08-31,ok,33.91474,119.765625,173887,
previous_runs,yancheng_1,2025-09-01,2025-09-30,ok,33.91474,119.765625,165277,
previous_runs,yancheng_1,2025-10-01,2025-10-31,ok,33.91474,119.765625,169506,
previous_runs,yancheng_1,2025-11-01,2025-11-30,ok,33.91474,119.765625,161981,
previous_runs,yancheng_1,2025-12-01,2025-12-31,ok,33.91474,119.765625,166934,
previous_runs,yancheng_1,2026-01-01,2026-01-31,ok,33.91474,119.765625,168467,
previous_runs,yancheng_1,2023-12-01,2023-12-31,ok,33.91474,119.765625,176888,
previous_runs,lianyungang_1,2019-03-01,2019-03-31,ok,34.734787,118.59375,178688,
previous_runs,yancheng_1,2024-01-01,2024-01-31,ok,33.91474,119.765625,174418,
previous_runs,lianyungang_1,2019-04-01,2019-04-30,ok,34.734787,118.59375,173393,
previous_runs,lianyungang_1,2019-05-01,2019-05-31,ok,34.734787,118.59375,179294,
previous_runs,lianyungang_1,2019-02-01,2019-02-28,ok,34.734787,118.59375,161297,
previous_runs,lianyungang_1,2019-06-01,2019-06-30,ok,34.734787,118.59375,173717,
previous_runs,lianyungang_1,2019-09-01,2019-09-30,ok,34.734787,118.59375,173165,
previous_runs,lianyungang_1,2019-07-01,2019-07-31,ok,34.734787,118.59375,179327,
previous_runs,lianyungang_1,2019-10-01,2019-10-31,ok,34.734787,118.59375,178319,
previous_runs,lianyungang_1,2019-08-01,2019-08-31,ok,34.734787,118.59375,179153,
previous_runs,lianyungang_1,2019-11-01,2019-11-30,ok,34.734787,118.59375,172448,
previous_runs,lianyungang_1,2019-12-01,2019-12-31,ok,34.734787,118.59375,177934,
previous_runs,lianyungang_1,2020-01-01,2020-01-31,ok,34.734787,118.59375,177998,
previous_runs,lianyungang_1,2020-04-01,2020-04-30,ok,34.734787,118.59375,173402,
previous_runs,lianyungang_1,2020-03-01,2020-03-31,ok,34.734787,118.59375,178700,
previous_runs,lianyungang_1,2020-02-01,2020-02-29,ok,34.734787,118.59375,166934,
previous_runs,lianyungang_1,2020-05-01,2020-05-31,ok,34.734787,118.59375,179296,
previous_runs,lianyungang_1,2020-06-01,2020-06-30,ok,34.734787,118.59375,173720,
previous_runs,lianyungang_1,2020-07-01,2020-07-31,ok,34.734787,118.59375,179324,
previous_runs,lianyungang_1,2020-08-01,2020-08-31,ok,34.734787,118.59375,179144,
previous_runs,lianyungang_1,2020-10-01,2020-10-31,fail,,,,重试耗尽
previous_runs,lianyungang_1,2020-09-01,2020-09-30,fail,,,,重试耗尽
previous_runs,lianyungang_1,2020-11-01,2020-11-30,fail,,,,重试耗尽
previous_runs,lianyungang_1,2020-12-01,2020-12-31,fail,,,,重试耗尽
previous_runs,lianyungang_1,2021-01-01,2021-01-31,fail,,,,重试耗尽
previous_runs,lianyungang_1,2021-02-01,2021-02-28,fail,,,,重试耗尽
previous_runs,lianyungang_1,2021-03-01,2021-03-31,fail,,,,重试耗尽
previous_runs,lianyungang_1,2021-04-01,2021-04-30,fail,,,,重试耗尽
previous_runs,lianyungang_1,2021-05-01,2021-05-31,fail,,,,重试耗尽
previous_runs,lianyungang_1,2021-06-01,2021-06-30,fail,,,,重试耗尽
previous_runs,lianyungang_1,2021-07-01,2021-07-31,fail,,,,重试耗尽
previous_runs,lianyungang_1,2021-08-01,2021-08-31,fail,,,,重试耗尽
previous_runs,lianyungang_1,2021-10-01,2021-10-31,fail,,,,重试耗尽
previous_runs,lianyungang_1,2021-09-01,2021-09-30,fail,,,,重试耗尽
previous_runs,lianyungang_1,2021-11-01,2021-11-30,fail,,,,重试耗尽
previous_runs,lianyungang_1,2022-01-01,2022-01-31,fail,,,,重试耗尽
previous_runs,lianyungang_1,2021-12-01,2021-12-31,fail,,,,重试耗尽
previous_runs,lianyungang_1,2022-02-01,2022-02-28,fail,,,,重试耗尽
previous_runs,lianyungang_1,2022-04-01,2022-04-30,fail,,,,重试耗尽
previous_runs,lianyungang_1,2022-03-01,2022-03-31,fail,,,,重试耗尽
previous_runs,lianyungang_1,2022-05-01,2022-05-31,fail,,,,重试耗尽
previous_runs,lianyungang_1,2022-06-01,2022-06-30,fail,,,,重试耗尽
previous_runs,lianyungang_1,2022-07-01,2022-07-31,fail,,,,重试耗尽
previous_runs,lianyungang_1,2022-08-01,2022-08-31,fail,,,,重试耗尽
previous_runs,lianyungang_1,2022-09-01,2022-09-30,fail,,,,重试耗尽
previous_runs,lianyungang_1,2022-10-01,2022-10-31,fail,,,,重试耗尽
previous_runs,lianyungang_1,2022-11-01,2022-11-30,fail,,,,重试耗尽
previous_runs,lianyungang_1,2022-12-01,2022-12-31,fail,,,,重试耗尽
previous_runs,lianyungang_1,2023-01-01,2023-01-31,fail,,,,重试耗尽
previous_runs,lianyungang_1,2023-02-01,2023-02-28,fail,,,,重试耗尽
previous_runs,lianyungang_1,2023-03-01,2023-03-31,fail,,,,重试耗尽
previous_runs,lianyungang_1,2023-04-01,2023-04-30,fail,,,,重试耗尽
previous_runs,lianyungang_1,2023-05-01,2023-05-31,fail,,,,重试耗尽
previous_runs,lianyungang_1,2023-06-01,2023-06-30,fail,,,,重试耗尽
previous_runs,lianyungang_1,2023-07-01,2023-07-31,fail,,,,重试耗尽
previous_runs,lianyungang_1,2023-08-01,2023-08-31,fail,,,,重试耗尽
previous_runs,lianyungang_1,2023-09-01,2023-09-30,fail,,,,重试耗尽
previous_runs,lianyungang_1,2023-10-01,2023-10-31,fail,,,,重试耗尽
previous_runs,lianyungang_1,2023-11-01,2023-11-30,fail,,,,重试耗尽
previous_runs,lianyungang_1,2024-02-01,2024-02-29,ok,34.734787,118.59375,158903,
previous_runs,lianyungang_1,2024-03-01,2024-03-31,ok,34.734787,118.59375,169824,
previous_runs,lianyungang_1,2024-04-01,2024-04-30,ok,34.734787,118.59375,167423,
previous_runs,lianyungang_1,2024-05-01,2024-05-31,ok,34.734787,118.59375,174060,
previous_runs,lianyungang_1,2024-06-01,2024-06-30,ok,34.734787,118.59375,168918,
previous_runs,lianyungang_1,2024-07-01,2024-07-31,ok,34.734787,118.59375,172515,
previous_runs,lianyungang_1,2024-08-01,2024-08-31,ok,34.734787,118.59375,172085,
previous_runs,lianyungang_1,2024-09-01,2024-09-30,ok,34.734787,118.59375,166118,
previous_runs,lianyungang_1,2024-10-01,2024-10-31,ok,34.734787,118.59375,168871,
previous_runs,lianyungang_1,2024-11-01,2024-11-30,ok,34.734787,118.59375,162209,
previous_runs,lianyungang_1,2024-12-01,2024-12-31,ok,34.734787,118.59375,168510,
previous_runs,lianyungang_1,2025-01-01,2025-01-31,ok,34.734787,118.59375,168662,
previous_runs,lianyungang_1,2025-02-01,2025-02-28,ok,34.734787,118.59375,154603,
previous_runs,lianyungang_1,2025-03-01,2025-03-31,ok,34.734787,118.59375,170877,
previous_runs,lianyungang_1,2025-04-01,2025-04-30,ok,34.734787,118.59375,167680,
previous_runs,lianyungang_1,2025-05-01,2025-05-31,ok,34.734787,118.59375,173710,
previous_runs,lianyungang_1,2025-06-01,2025-06-30,ok,34.734787,118.59375,168198,
previous_runs,lianyungang_1,2025-07-01,2025-07-31,ok,34.734787,118.59375,173427,
previous_runs,lianyungang_1,2025-08-01,2025-08-31,ok,34.734787,118.59375,172626,
previous_runs,lianyungang_1,2025-09-01,2025-09-30,ok,34.734787,118.59375,165170,
previous_runs,lianyungang_1,2025-10-01,2025-10-31,ok,34.734787,118.59375,168483,
previous_runs,lianyungang_1,2025-11-01,2025-11-30,ok,34.734787,118.59375,161909,
previous_runs,lianyungang_1,2025-12-01,2025-12-31,ok,34.734787,118.59375,167348,
previous_runs,lianyungang_1,2026-01-01,2026-01-31,ok,34.734787,118.59375,168465,
previous_runs,lianyungang_1,2024-01-01,2024-01-31,fail,,,,重试耗尽
previous_runs,lianyungang_1,2023-12-01,2023-12-31,fail,,,,重试耗尽
previous_runs,yancheng_2,2019-02-01,2019-02-28,fail,,,,重试耗尽
previous_runs,yancheng_2,2019-03-01,2019-03-31,fail,,,,重试耗尽
previous_runs,yancheng_2,2019-04-01,2019-04-30,fail,,,,重试耗尽
previous_runs,yancheng_2,2019-05-01,2019-05-31,fail,,,,重试耗尽
previous_runs,yancheng_2,2019-06-01,2019-06-30,fail,,,,重试耗尽
previous_runs,yancheng_2,2019-07-01,2019-07-31,fail,,,,重试耗尽
previous_runs,yancheng_2,2019-08-01,2019-08-31,fail,,,,重试耗尽
previous_runs,yancheng_2,2019-09-01,2019-09-30,fail,,,,重试耗尽
previous_runs,yancheng_2,2019-10-01,2019-10-31,fail,,,,重试耗尽
previous_runs,yancheng_2,2019-11-01,2019-11-30,fail,,,,重试耗尽
previous_runs,yancheng_2,2019-12-01,2019-12-31,fail,,,,重试耗尽
previous_runs,yancheng_2,2020-01-01,2020-01-31,fail,,,,重试耗尽
previous_runs,yancheng_2,2020-02-01,2020-02-29,fail,,,,重试耗尽
previous_runs,yancheng_2,2020-03-01,2020-03-31,fail,,,,重试耗尽
previous_runs,yancheng_2,2020-04-01,2020-04-30,fail,,,,重试耗尽
previous_runs,yancheng_2,2020-05-01,2020-05-31,fail,,,,重试耗尽
previous_runs,yancheng_2,2020-06-01,2020-06-30,fail,,,,重试耗尽
previous_runs,yancheng_2,2020-07-01,2020-07-31,fail,,,,重试耗尽
previous_runs,yancheng_2,2020-08-01,2020-08-31,fail,,,,重试耗尽
previous_runs,yancheng_2,2020-09-01,2020-09-30,fail,,,,重试耗尽
previous_runs,yancheng_2,2020-10-01,2020-10-31,fail,,,,重试耗尽
previous_runs,yancheng_2,2020-11-01,2020-11-30,fail,,,,重试耗尽
previous_runs,yancheng_2,2020-12-01,2020-12-31,fail,,,,重试耗尽
previous_runs,yancheng_2,2021-01-01,2021-01-31,fail,,,,重试耗尽
previous_runs,yancheng_2,2021-02-01,2021-02-28,fail,,,,重试耗尽
previous_runs,yancheng_2,2021-03-01,2021-03-31,fail,,,,重试耗尽
previous_runs,yancheng_2,2021-04-01,2021-04-30,fail,,,,重试耗尽
previous_runs,yancheng_2,2021-05-01,2021-05-31,fail,,,,重试耗尽
previous_runs,yancheng_2,2021-06-01,2021-06-30,fail,,,,重试耗尽
previous_runs,yancheng_2,2021-07-01,2021-07-31,fail,,,,重试耗尽
previous_runs,yancheng_2,2021-08-01,2021-08-31,fail,,,,重试耗尽
previous_runs,yancheng_2,2021-09-01,2021-09-30,fail,,,,重试耗尽
previous_runs,yancheng_2,2021-10-01,2021-10-31,fail,,,,重试耗尽
previous_runs,yancheng_2,2021-11-01,2021-11-30,fail,,,,重试耗尽
previous_runs,yancheng_2,2021-12-01,2021-12-31,fail,,,,重试耗尽
previous_runs,yancheng_2,2022-01-01,2022-01-31,fail,,,,重试耗尽
previous_runs,yancheng_2,2022-02-01,2022-02-28,fail,,,,重试耗尽
previous_runs,yancheng_2,2022-03-01,2022-03-31,fail,,,,重试耗尽
previous_runs,yancheng_2,2022-04-01,2022-04-30,fail,,,,重试耗尽
previous_runs,yancheng_2,2022-05-01,2022-05-31,fail,,,,重试耗尽
previous_runs,yancheng_2,2022-06-01,2022-06-30,fail,,,,重试耗尽
previous_runs,yancheng_2,2022-07-01,2022-07-31,fail,,,,重试耗尽
previous_runs,yancheng_2,2022-08-01,2022-08-31,fail,,,,重试耗尽
previous_runs,yancheng_2,2022-09-01,2022-09-30,fail,,,,重试耗尽
previous_runs,yancheng_2,2022-10-01,2022-10-31,fail,,,,重试耗尽
previous_runs,yancheng_2,2022-11-01,2022-11-30,fail,,,,重试耗尽
previous_runs,yancheng_2,2022-12-01,2022-12-31,fail,,,,重试耗尽
previous_runs,yancheng_2,2023-01-01,2023-01-31,fail,,,,重试耗尽
previous_runs,yancheng_2,2023-02-01,2023-02-28,fail,,,,重试耗尽
previous_runs,yancheng_2,2023-03-01,2023-03-31,fail,,,,重试耗尽
previous_runs,yancheng_2,2023-04-01,2023-04-30,fail,,,,重试耗尽
previous_runs,yancheng_2,2023-05-01,2023-05-31,fail,,,,重试耗尽
previous_runs,yancheng_2,2023-06-01,2023-06-30,fail,,,,重试耗尽
previous_runs,yancheng_2,2023-07-01,2023-07-31,fail,,,,重试耗尽
previous_runs,yancheng_2,2023-08-01,2023-08-31,fail,,,,重试耗尽
previous_runs,yancheng_2,2023-09-01,2023-09-30,fail,,,,重试耗尽
previous_runs,yancheng_2,2023-10-01,2023-10-31,fail,,,,重试耗尽
previous_runs,yancheng_2,2023-11-01,2023-11-30,fail,,,,重试耗尽
previous_runs,yancheng_2,2024-02-01,2024-02-29,ok,33.094696,120.58594,156511,
previous_runs,yancheng_2,2024-03-01,2024-03-31,ok,33.094696,120.58594,169556,
previous_runs,yancheng_2,2024-04-01,2024-04-30,ok,33.094696,120.58594,167903,
previous_runs,yancheng_2,2024-05-01,2024-05-31,ok,33.094696,120.58594,174432,
previous_runs,yancheng_2,2024-06-01,2024-06-30,ok,33.094696,120.58594,170527,
previous_runs,yancheng_2,2024-07-01,2024-07-31,ok,33.094696,120.58594,175299,
previous_runs,yancheng_2,2024-08-01,2024-08-31,ok,33.094696,120.58594,174179,
previous_runs,yancheng_2,2024-09-01,2024-09-30,ok,33.094696,120.58594,166972,
previous_runs,yancheng_2,2024-10-01,2024-10-31,ok,33.094696,120.58594,169547,
previous_runs,yancheng_2,2024-11-01,2024-11-30,ok,33.094696,120.58594,162167,
previous_runs,yancheng_2,2024-12-01,2024-12-31,ok,33.094696,120.58594,167461,
previous_runs,yancheng_2,2025-01-01,2025-01-31,ok,33.094696,120.58594,168906,
previous_runs,yancheng_2,2025-02-01,2025-02-28,ok,33.094696,120.58594,154292,
previous_runs,yancheng_2,2025-03-01,2025-03-31,ok,33.094696,120.58594,169820,
previous_runs,yancheng_2,2025-04-01,2025-04-30,ok,33.094696,120.58594,167822,
previous_runs,yancheng_2,2025-05-01,2025-05-31,ok,33.094696,120.58594,174826,
previous_runs,yancheng_2,2025-06-01,2025-06-30,ok,33.094696,120.58594,169287,
previous_runs,yancheng_2,2025-07-01,2025-07-31,ok,33.094696,120.58594,174517,
previous_runs,yancheng_2,2025-08-01,2025-08-31,ok,33.094696,120.58594,173776,
previous_runs,yancheng_2,2025-09-01,2025-09-30,ok,33.094696,120.58594,166344,
previous_runs,yancheng_2,2025-10-01,2025-10-31,ok,33.094696,120.58594,169929,
previous_runs,yancheng_2,2025-11-01,2025-11-30,ok,33.094696,120.58594,162306,
previous_runs,yancheng_2,2025-12-01,2025-12-31,ok,33.094696,120.58594,166869,
previous_runs,yancheng_2,2026-01-01,2026-01-31,ok,33.094696,120.58594,168074,
previous_runs,yancheng_2,2023-12-01,2023-12-31,fail,,,,重试耗尽
previous_runs,yancheng_2,2024-01-01,2024-01-31,fail,,,,重试耗尽
previous_runs,yancheng_3,2019-02-01,2019-02-28,fail,,,,重试耗尽
previous_runs,yancheng_3,2019-03-01,2019-03-31,fail,,,,重试耗尽
previous_runs,yancheng_3,2019-04-01,2019-04-30,fail,,,,重试耗尽
previous_runs,yancheng_3,2019-05-01,2019-05-31,fail,,,,重试耗尽
previous_runs,yancheng_3,2019-07-01,2019-07-31,fail,,,,重试耗尽
previous_runs,yancheng_3,2019-06-01,2019-06-30,fail,,,,重试耗尽
previous_runs,yancheng_3,2019-08-01,2019-08-31,fail,,,,重试耗尽
previous_runs,yancheng_3,2019-09-01,2019-09-30,fail,,,,重试耗尽
previous_runs,yancheng_3,2019-10-01,2019-10-31,fail,,,,重试耗尽
previous_runs,yancheng_3,2019-11-01,2019-11-30,fail,,,,重试耗尽
previous_runs,yancheng_3,2019-12-01,2019-12-31,fail,,,,重试耗尽
previous_runs,yancheng_3,2020-01-01,2020-01-31,fail,,,,重试耗尽
previous_runs,yancheng_3,2020-02-01,2020-02-29,fail,,,,重试耗尽
previous_runs,yancheng_3,2020-03-01,2020-03-31,fail,,,,重试耗尽
previous_runs,yancheng_3,2020-04-01,2020-04-30,fail,,,,重试耗尽
previous_runs,yancheng_3,2020-05-01,2020-05-31,fail,,,,重试耗尽
previous_runs,yancheng_3,2020-07-01,2020-07-31,fail,,,,重试耗尽
previous_runs,yancheng_3,2020-06-01,2020-06-30,fail,,,,重试耗尽
previous_runs,yancheng_3,2020-08-01,2020-08-31,fail,,,,重试耗尽
previous_runs,yancheng_3,2020-09-01,2020-09-30,fail,,,,重试耗尽
previous_runs,yancheng_3,2020-10-01,2020-10-31,fail,,,,重试耗尽
previous_runs,yancheng_3,2020-11-01,2020-11-30,fail,,,,重试耗尽
previous_runs,yancheng_3,2020-12-01,2020-12-31,fail,,,,重试耗尽
previous_runs,yancheng_3,2021-01-01,2021-01-31,fail,,,,重试耗尽
previous_runs,yancheng_3,2021-02-01,2021-02-28,fail,,,,重试耗尽
previous_runs,yancheng_3,2021-05-01,2021-05-31,fail,,,,重试耗尽
previous_runs,yancheng_3,2021-04-01,2021-04-30,fail,,,,重试耗尽
previous_runs,yancheng_3,2021-03-01,2021-03-31,fail,,,,重试耗尽
previous_runs,yancheng_3,2021-07-01,2021-07-31,ok,33.094696,119.765625,179305,
previous_runs,yancheng_3,2021-08-01,2021-08-31,ok,33.094696,119.765625,179158,
previous_runs,yancheng_3,2021-06-01,2021-06-30,ok,33.094696,119.765625,173684,
previous_runs,yancheng_3,2021-09-01,2021-09-30,ok,33.094696,119.765625,173164,
previous_runs,yancheng_3,2021-10-01,2021-10-31,ok,33.094696,119.765625,178316,
previous_runs,yancheng_3,2021-11-01,2021-11-30,ok,33.094696,119.765625,171751,
previous_runs,yancheng_3,2021-12-01,2021-12-31,ok,33.094696,119.765625,176543,
previous_runs,yancheng_3,2022-02-01,2022-02-28,ok,33.094696,119.765625,159785,
previous_runs,yancheng_3,2022-01-01,2022-01-31,ok,33.094696,119.765625,176025,
previous_runs,yancheng_3,2022-03-01,2022-03-31,ok,33.094696,119.765625,177640,
previous_runs,yancheng_3,2022-04-01,2022-04-30,ok,33.094696,119.765625,173036,
previous_runs,yancheng_3,2022-06-01,2022-06-30,ok,33.094696,119.765625,173683,
previous_runs,yancheng_3,2022-07-01,2022-07-31,ok,33.094696,119.765625,179306,
previous_runs,yancheng_3,2022-05-01,2022-05-31,ok,33.094696,119.765625,179268,
previous_runs,yancheng_3,2022-08-01,2022-08-31,ok,33.094696,119.765625,179158,
previous_runs,yancheng_3,2022-11-01,2022-11-30,ok,33.094696,119.765625,172275,
previous_runs,yancheng_3,2022-10-01,2022-10-31,ok,33.094696,119.765625,178303,
previous_runs,yancheng_3,2022-09-01,2022-09-30,ok,33.094696,119.765625,173167,
previous_runs,yancheng_3,2022-12-01,2022-12-31,ok,33.094696,119.765625,176155,
previous_runs,yancheng_3,2023-02-01,2023-02-28,ok,33.094696,119.765625,159667,
previous_runs,yancheng_3,2023-03-01,2023-03-31,ok,33.094696,119.765625,177650,
previous_runs,yancheng_3,2023-01-01,2023-01-31,ok,33.094696,119.765625,176679,
previous_runs,yancheng_3,2023-04-01,2023-04-30,ok,33.094696,119.765625,173047,
previous_runs,yancheng_3,2023-05-01,2023-05-31,ok,33.094696,119.765625,179241,
previous_runs,yancheng_3,2023-06-01,2023-06-30,ok,33.094696,119.765625,173683,
previous_runs,yancheng_3,2023-08-01,2023-08-31,ok,33.094696,119.765625,179161,
previous_runs,yancheng_3,2023-07-01,2023-07-31,ok,33.094696,119.765625,179305,
previous_runs,yancheng_3,2023-09-01,2023-09-30,ok,33.094696,119.765625,173167,
previous_runs,yancheng_3,2023-11-01,2023-11-30,ok,33.094696,119.765625,171660,
previous_runs,yancheng_3,2023-10-01,2023-10-31,ok,33.094696,119.765625,178388,
previous_runs,yancheng_3,2024-02-01,2024-02-29,ok,33.094696,119.765625,156764,
previous_runs,yancheng_3,2024-03-01,2024-03-31,ok,33.094696,119.765625,169363,
previous_runs,yancheng_3,2024-04-01,2024-04-30,ok,33.094696,119.765625,167432,
previous_runs,yancheng_3,2024-05-01,2024-05-31,ok,33.094696,119.765625,174024,
previous_runs,yancheng_3,2024-06-01,2024-06-30,ok,33.094696,119.765625,170219,
previous_runs,yancheng_3,2024-07-01,2024-07-31,ok,33.094696,119.765625,174905,
previous_runs,yancheng_3,2024-08-01,2024-08-31,ok,33.094696,119.765625,173271,
previous_runs,yancheng_3,2024-09-01,2024-09-30,ok,33.094696,119.765625,166484,
previous_runs,yancheng_3,2024-10-01,2024-10-31,ok,33.094696,119.765625,169034,
previous_runs,yancheng_3,2024-11-01,2024-11-30,ok,33.094696,119.765625,161468,
previous_runs,yancheng_3,2024-12-01,2024-12-31,ok,33.094696,119.765625,166824,
previous_runs,yancheng_3,2025-01-01,2025-01-31,ok,33.094696,119.765625,168638,
previous_runs,yancheng_3,2025-02-01,2025-02-28,ok,33.094696,119.765625,154181,
previous_runs,yancheng_3,2025-03-01,2025-03-31,ok,33.094696,119.765625,169809,
previous_runs,yancheng_3,2025-04-01,2025-04-30,ok,33.094696,119.765625,167969,
previous_runs,yancheng_3,2025-05-01,2025-05-31,ok,33.094696,119.765625,174493,
previous_runs,yancheng_3,2025-06-01,2025-06-30,ok,33.094696,119.765625,168935,
previous_runs,yancheng_3,2025-07-01,2025-07-31,ok,33.094696,119.765625,174494,
previous_runs,yancheng_3,2025-08-01,2025-08-31,ok,33.094696,119.765625,173047,
previous_runs,yancheng_3,2025-09-01,2025-09-30,ok,33.094696,119.765625,165536,
previous_runs,yancheng_3,2025-10-01,2025-10-31,ok,33.094696,119.765625,169319,
previous_runs,yancheng_3,2025-11-01,2025-11-30,ok,33.094696,119.765625,161814,
previous_runs,yancheng_3,2025-12-01,2025-12-31,ok,33.094696,119.765625,166751,
previous_runs,yancheng_3,2026-01-01,2026-01-31,ok,33.094696,119.765625,167929,
previous_runs,lianyungang_2,2019-02-01,2019-02-28,ok,34.734787,119.41406,161297,
previous_runs,yancheng_3,2024-01-01,2024-01-31,ok,33.094696,119.765625,174291,
previous_runs,yancheng_3,2023-12-01,2023-12-31,ok,33.094696,119.765625,176989,
previous_runs,lianyungang_2,2019-03-01,2019-03-31,ok,34.734787,119.41406,178682,
previous_runs,lianyungang_2,2019-04-01,2019-04-30,ok,34.734787,119.41406,173402,
previous_runs,lianyungang_2,2019-06-01,2019-06-30,ok,34.734787,119.41406,173685,
previous_runs,lianyungang_2,2019-05-01,2019-05-31,ok,34.734787,119.41406,179294,
previous_runs,lianyungang_2,2019-07-01,2019-07-31,ok,34.734787,119.41406,179316,
previous_runs,lianyungang_2,2019-08-01,2019-08-31,ok,34.734787,119.41406,179151,
previous_runs,lianyungang_2,2019-09-01,2019-09-30,ok,34.734787,119.41406,173166,
previous_runs,lianyungang_2,2019-11-01,2019-11-30,ok,34.734787,119.41406,172440,
previous_runs,lianyungang_2,2019-10-01,2019-10-31,ok,34.734787,119.41406,178323,
previous_runs,lianyungang_2,2019-12-01,2019-12-31,ok,34.734787,119.41406,177933,
previous_runs,lianyungang_2,2020-01-01,2020-01-31,ok,34.734787,119.41406,177999,
previous_runs,lianyungang_2,2020-02-01,2020-02-29,ok,34.734787,119.41406,166935,
previous_runs,lianyungang_2,2020-03-01,2020-03-31,ok,34.734787,119.41406,178692,
previous_runs,lianyungang_2,2020-04-01,2020-04-30,ok,34.734787,119.41406,173411,
previous_runs,lianyungang_2,2020-07-01,2020-07-31,ok,34.734787,119.41406,179316,
previous_runs,lianyungang_2,2020-05-01,2020-05-31,ok,34.734787,119.41406,179300,
previous_runs,lianyungang_2,2020-06-01,2020-06-30,ok,34.734787,119.41406,173685,
previous_runs,lianyungang_2,2020-09-01,2020-09-30,ok,34.734787,119.41406,173154,
previous_runs,lianyungang_2,2020-08-01,2020-08-31,ok,34.734787,119.41406,179145,
previous_runs,lianyungang_2,2020-10-01,2020-10-31,ok,34.734787,119.41406,178317,
previous_runs,lianyungang_2,2020-11-01,2020-11-30,ok,34.734787,119.41406,172437,
previous_runs,lianyungang_2,2021-01-01,2021-01-31,ok,34.734787,119.41406,178005,
previous_runs,lianyungang_2,2020-12-01,2020-12-31,ok,34.734787,119.41406,177933,
previous_runs,lianyungang_2,2021-02-01,2021-02-28,ok,34.734787,119.41406,161301,
previous_runs,lianyungang_2,2021-03-01,2021-03-31,ok,34.734787,119.41406,178415,
previous_runs,lianyungang_2,2021-04-01,2021-04-30,ok,34.734787,119.41406,172563,
previous_runs,lianyungang_2,2021-06-01,2021-06-30,ok,34.734787,119.41406,173684,
previous_runs,lianyungang_2,2021-07-01,2021-07-31,ok,34.734787,119.41406,179315,
previous_runs,lianyungang_2,2021-08-01,2021-08-31,ok,34.734787,119.41406,179145,
previous_runs,lianyungang_2,2021-05-01,2021-05-31,ok,34.734787,119.41406,179262,
previous_runs,lianyungang_2,2021-11-01,2021-11-30,ok,34.734787,119.41406,171432,
previous_runs,lianyungang_2,2021-09-01,2021-09-30,ok,34.734787,119.41406,173162,
previous_runs,lianyungang_2,2022-01-01,2022-01-31,ok,34.734787,119.41406,176383,
previous_runs,lianyungang_2,2021-12-01,2021-12-31,ok,34.734787,119.41406,176221,
previous_runs,lianyungang_2,2022-02-01,2022-02-28,ok,34.734787,119.41406,160017,
previous_runs,lianyungang_2,2021-10-01,2021-10-31,ok,34.734787,119.41406,178166,
previous_runs,lianyungang_2,2022-03-01,2022-03-31,ok,34.734787,119.41406,176842,
previous_runs,lianyungang_2,2022-04-01,2022-04-30,ok,34.734787,119.41406,172723,
previous_runs,lianyungang_2,2022-06-01,2022-06-30,ok,34.734787,119.41406,173685,
previous_runs,lianyungang_2,2022-05-01,2022-05-31,ok,34.734787,119.41406,179275,
previous_runs,lianyungang_2,2022-08-01,2022-08-31,ok,34.734787,119.41406,179145,
previous_runs,lianyungang_2,2022-07-01,2022-07-31,ok,34.734787,119.41406,179315,
previous_runs,lianyungang_2,2022-09-01,2022-09-30,ok,34.734787,119.41406,173163,
previous_runs,lianyungang_2,2022-11-01,2022-11-30,ok,34.734787,119.41406,171932,
previous_runs,lianyungang_2,2022-12-01,2022-12-31,ok,34.734787,119.41406,176450,
previous_runs,lianyungang_2,2022-10-01,2022-10-31,ok,34.734787,119.41406,178193,
previous_runs,lianyungang_2,2023-01-01,2023-01-31,ok,34.734787,119.41406,176653,
previous_runs,lianyungang_2,2023-03-01,2023-03-31,ok,34.734787,119.41406,177048,
previous_runs,lianyungang_2,2023-02-01,2023-02-28,ok,34.734787,119.41406,159738,
previous_runs,lianyungang_2,2023-04-01,2023-04-30,ok,34.734787,119.41406,172504,
previous_runs,lianyungang_2,2023-05-01,2023-05-31,ok,34.734787,119.41406,179295,
previous_runs,lianyungang_2,2023-06-01,2023-06-30,ok,34.734787,119.41406,173684,
previous_runs,lianyungang_2,2023-07-01,2023-07-31,ok,34.734787,119.41406,179315,
previous_runs,lianyungang_2,2023-09-01,2023-09-30,ok,34.734787,119.41406,173166,
previous_runs,lianyungang_2,2023-08-01,2023-08-31,ok,34.734787,119.41406,179151,
previous_runs,lianyungang_2,2023-10-01,2023-10-31,ok,34.734787,119.41406,178314,
previous_runs,lianyungang_2,2023-12-01,2023-12-31,ok,34.734787,119.41406,176738,
previous_runs,lianyungang_2,2024-02-01,2024-02-29,ok,34.734787,119.41406,156850,
previous_runs,lianyungang_2,2024-03-01,2024-03-31,ok,34.734787,119.41406,167133,
previous_runs,lianyungang_2,2024-04-01,2024-04-30,ok,34.734787,119.41406,164258,
previous_runs,lianyungang_2,2024-05-01,2024-05-31,ok,34.734787,119.41406,171726,
previous_runs,lianyungang_2,2024-06-01,2024-06-30,ok,34.734787,119.41406,168383,
previous_runs,lianyungang_2,2024-07-01,2024-07-31,ok,34.734787,119.41406,172470,
previous_runs,lianyungang_2,2024-08-01,2024-08-31,ok,34.734787,119.41406,171400,
previous_runs,lianyungang_2,2024-09-01,2024-09-30,ok,34.734787,119.41406,164434,
previous_runs,lianyungang_2,2024-10-01,2024-10-31,ok,34.734787,119.41406,166961,
previous_runs,lianyungang_2,2024-11-01,2024-11-30,ok,34.734787,119.41406,160520,
previous_runs,lianyungang_2,2024-12-01,2024-12-31,ok,34.734787,119.41406,166251,
previous_runs,lianyungang_2,2025-01-01,2025-01-31,ok,34.734787,119.41406,166530,
previous_runs,lianyungang_2,2025-02-01,2025-02-28,ok,34.734787,119.41406,152736,
previous_runs,lianyungang_2,2025-03-01,2025-03-31,ok,34.734787,119.41406,168012,
previous_runs,lianyungang_2,2025-04-01,2025-04-30,ok,34.734787,119.41406,165217,
previous_runs,lianyungang_2,2025-05-01,2025-05-31,ok,34.734787,119.41406,172086,
previous_runs,lianyungang_2,2025-06-01,2025-06-30,ok,34.734787,119.41406,167641,
previous_runs,lianyungang_2,2025-07-01,2025-07-31,ok,34.734787,119.41406,173145,
previous_runs,lianyungang_2,2025-08-01,2025-08-31,ok,34.734787,119.41406,171760,
previous_runs,lianyungang_2,2025-09-01,2025-09-30,ok,34.734787,119.41406,163196,
previous_runs,lianyungang_2,2025-10-01,2025-10-31,ok,34.734787,119.41406,167048,
previous_runs,lianyungang_2,2025-11-01,2025-11-30,ok,34.734787,119.41406,160011,
previous_runs,lianyungang_2,2025-12-01,2025-12-31,ok,34.734787,119.41406,164795,
previous_runs,lianyungang_2,2026-01-01,2026-01-31,ok,34.734787,119.41406,166665,
previous_runs,lianyungang_2,2023-11-01,2023-11-30,ok,34.734787,119.41406,171098,
previous_runs,lianyungang_2,2024-01-01,2024-01-31,ok,34.734787,119.41406,173913,
satellite,changzhou_1,2019-02-01,2019-02-28,ok,31.5,119.8,28557,
satellite,changzhou_1,2019-04-01,2019-04-30,ok,31.5,119.8,31476,
satellite,changzhou_1,2019-03-01,2019-03-31,ok,31.5,119.8,32442,
satellite,changzhou_1,2019-05-01,2019-05-31,ok,31.5,119.8,32911,
satellite,changzhou_1,2019-06-01,2019-06-30,ok,31.5,119.8,31835,
satellite,changzhou_1,2019-08-01,2019-08-31,ok,31.5,119.8,32944,
satellite,changzhou_1,2019-07-01,2019-07-31,ok,31.5,119.8,33019,
satellite,changzhou_1,2019-09-01,2019-09-30,ok,31.5,119.8,31624,
satellite,changzhou_1,2019-10-01,2019-10-31,ok,31.5,119.8,32302,
satellite,changzhou_1,2019-12-01,2019-12-31,ok,31.5,119.8,31858,
satellite,changzhou_1,2019-11-01,2019-11-30,ok,31.5,119.8,31046,
satellite,changzhou_1,2020-02-01,2020-02-29,ok,31.5,119.8,30109,
satellite,changzhou_1,2020-01-01,2020-01-31,ok,31.5,119.8,31329,
satellite,changzhou_1,2020-05-01,2020-05-31,ok,31.5,119.8,32845,
satellite,changzhou_1,2020-04-01,2020-04-30,ok,31.5,119.8,31789,
satellite,changzhou_1,2020-03-01,2020-03-31,ok,31.5,119.8,32339,
satellite,changzhou_1,2020-08-01,2020-08-31,ok,31.5,119.8,32989,
satellite,changzhou_1,2020-06-01,2020-06-30,ok,31.5,119.8,31605,
satellite,changzhou_1,2020-07-01,2020-07-31,ok,31.5,119.8,32358,
satellite,changzhou_1,2020-10-01,2020-10-31,ok,31.5,119.8,32296,
satellite,changzhou_1,2020-11-01,2020-11-30,ok,31.5,119.8,30890,
satellite,changzhou_1,2020-12-01,2020-12-31,ok,31.5,119.8,31912,
satellite,changzhou_1,2020-09-01,2020-09-30,ok,31.5,119.8,31514,
satellite,changzhou_1,2021-02-01,2021-02-28,ok,31.5,119.8,29119,
satellite,changzhou_1,2021-03-01,2021-03-31,ok,31.5,119.8,32250,
satellite,changzhou_1,2021-01-01,2021-01-31,ok,31.5,119.8,32053,
satellite,changzhou_1,2021-05-01,2021-05-31,ok,31.5,119.8,32741,
satellite,changzhou_1,2021-04-01,2021-04-30,ok,31.5,119.8,31531,
satellite,changzhou_1,2021-06-01,2021-06-30,ok,31.5,119.8,31823,
satellite,changzhou_1,2021-07-01,2021-07-31,ok,31.5,119.8,32784,
satellite,changzhou_1,2021-08-01,2021-08-31,ok,31.5,119.8,32728,
satellite,changzhou_1,2021-09-01,2021-09-30,ok,31.5,119.8,31653,
satellite,changzhou_1,2021-10-01,2021-10-31,ok,31.5,119.8,32336,
satellite,changzhou_1,2022-01-01,2022-01-31,ok,31.5,119.8,31779,
satellite,changzhou_1,2021-12-01,2021-12-31,ok,31.5,119.8,32143,
satellite,changzhou_1,2021-11-01,2021-11-30,ok,31.5,119.8,31182,
satellite,changzhou_1,2022-03-01,2022-03-31,ok,31.5,119.8,32470,
satellite,changzhou_1,2022-02-01,2022-02-28,ok,31.5,119.8,28963,
satellite,changzhou_1,2022-04-01,2022-04-30,ok,31.5,119.8,31676,
satellite,changzhou_1,2022-05-01,2022-05-31,ok,31.5,119.8,32961,
satellite,changzhou_1,2022-06-01,2022-06-30,ok,31.5,119.8,32122,
satellite,changzhou_1,2022-07-01,2022-07-31,ok,31.5,119.8,33251,
satellite,changzhou_1,2022-09-01,2022-09-30,ok,31.5,119.8,31477,
satellite,changzhou_1,2022-10-01,2022-10-31,ok,31.5,119.8,32352,
satellite,changzhou_1,2022-08-01,2022-08-31,ok,31.5,119.8,32867,
satellite,changzhou_1,2022-11-01,2022-11-30,ok,31.5,119.8,30861,
satellite,changzhou_1,2022-12-01,2022-12-31,ok,31.5,119.8,31885,
satellite,changzhou_1,2023-02-01,2023-02-28,ok,31.5,119.8,28944,
satellite,changzhou_1,2023-01-01,2023-01-31,ok,31.5,119.8,32090,
satellite,changzhou_1,2023-03-01,2023-03-31,ok,31.5,119.8,32461,
satellite,changzhou_1,2023-05-01,2023-05-31,ok,31.5,119.8,32725,
satellite,changzhou_1,2023-04-01,2023-04-30,ok,31.5,119.8,31581,
satellite,changzhou_1,2023-06-01,2023-06-30,ok,31.5,119.8,31715,
satellite,changzhou_1,2023-07-01,2023-07-31,ok,31.5,119.8,32884,
satellite,changzhou_1,2023-08-01,2023-08-31,ok,31.5,119.8,32924,
satellite,changzhou_1,2023-09-01,2023-09-30,ok,31.5,119.8,31308,
satellite,changzhou_1,2023-10-01,2023-10-31,ok,31.5,119.8,32453,
satellite,changzhou_1,2023-12-01,2023-12-31,ok,31.5,119.8,31960,
satellite,changzhou_1,2024-02-01,2024-02-29,ok,31.5,119.8,29719,
satellite,changzhou_1,2024-03-01,2024-03-31,ok,31.5,119.8,32409,
satellite,changzhou_1,2024-04-01,2024-04-30,ok,31.5,119.8,31346,
satellite,changzhou_1,2024-05-01,2024-05-31,ok,31.5,119.8,33061,
satellite,changzhou_1,2024-06-01,2024-06-30,ok,31.5,119.8,31634,
satellite,changzhou_1,2024-07-01,2024-07-31,ok,31.5,119.8,32917,
satellite,changzhou_1,2024-08-01,2024-08-31,ok,31.5,119.8,32889,
satellite,changzhou_1,2024-09-01,2024-09-30,ok,31.5,119.8,31591,
satellite,changzhou_1,2024-10-01,2024-10-31,ok,31.5,119.8,32113,
satellite,changzhou_1,2024-11-01,2024-11-30,ok,31.5,119.8,31017,
satellite,changzhou_1,2024-12-01,2024-12-31,ok,31.5,119.8,32113,
satellite,changzhou_1,2025-01-01,2025-01-31,ok,31.5,119.8,32243,
satellite,changzhou_1,2025-02-01,2025-02-28,ok,31.5,119.8,29228,
satellite,changzhou_1,2025-03-01,2025-03-31,ok,31.5,119.8,32463,
satellite,changzhou_1,2025-04-01,2025-04-30,ok,31.5,119.8,31919,
satellite,changzhou_1,2025-05-01,2025-05-31,ok,31.5,119.8,32985,
satellite,changzhou_1,2025-06-01,2025-06-30,ok,31.5,119.8,31631,
satellite,changzhou_1,2025-07-01,2025-07-31,ok,31.5,119.8,33197,
satellite,changzhou_1,2025-08-01,2025-08-31,ok,31.5,119.8,33053,
satellite,changzhou_1,2025-09-01,2025-09-30,ok,31.5,119.8,31475,
satellite,changzhou_1,2023-11-01,2023-11-30,ok,31.5,119.8,31204,
satellite,changzhou_1,2025-10-01,2025-10-31,ok,31.5,119.8,32188,
satellite,changzhou_1,2025-11-01,2025-11-30,ok,31.5,119.8,31253,
satellite,changzhou_1,2025-12-01,2025-12-31,ok,31.5,119.8,32161,
satellite,changzhou_1,2026-01-01,2026-01-31,ok,31.5,119.8,32118,
satellite,changzhou_1,2024-01-01,2024-01-31,ok,31.5,119.8,32086,
satellite,nanjing_1,2019-03-01,2019-03-31,ok,31.900002,118.600006,32486,
satellite,nanjing_1,2019-04-01,2019-04-30,ok,31.900002,118.600006,31497,
satellite,nanjing_1,2019-02-01,2019-02-28,ok,31.900002,118.600006,28568,
satellite,nanjing_1,2019-05-01,2019-05-31,ok,31.900002,118.600006,32980,
satellite,nanjing_1,2019-07-01,2019-07-31,ok,31.900002,118.600006,33094,
satellite,nanjing_1,2019-06-01,2019-06-30,ok,31.900002,118.600006,31976,
satellite,nanjing_1,2019-08-01,2019-08-31,ok,31.900002,118.600006,32970,
satellite,nanjing_1,2019-10-01,2019-10-31,ok,31.900002,118.600006,32257,
satellite,nanjing_1,2019-09-01,2019-09-30,ok,31.900002,118.600006,31635,
satellite,nanjing_1,2019-12-01,2019-12-31,ok,31.900002,118.600006,31851,
satellite,nanjing_1,2019-11-01,2019-11-30,ok,31.900002,118.600006,31109,
satellite,nanjing_1,2020-01-01,2020-01-31,ok,31.900002,118.600006,31338,
satellite,nanjing_1,2020-03-01,2020-03-31,ok,31.900002,118.600006,32412,
satellite,nanjing_1,2020-02-01,2020-02-29,ok,31.900002,118.600006,30073,
satellite,nanjing_1,2020-05-01,2020-05-31,ok,31.900002,118.600006,32904,
satellite,nanjing_1,2020-04-01,2020-04-30,ok,31.900002,118.600006,31786,
satellite,nanjing_1,2020-07-01,2020-07-31,ok,31.900002,118.600006,32409,
satellite,nanjing_1,2020-06-01,2020-06-30,ok,31.900002,118.600006,31627,
satellite,nanjing_1,2020-09-01,2020-09-30,ok,31.900002,118.600006,31568,
satellite,nanjing_1,2020-08-01,2020-08-31,ok,31.900002,118.600006,32936,
satellite,nanjing_1,2020-10-01,2020-10-31,ok,31.900002,118.600006,32298,
satellite,nanjing_1,2020-12-01,2020-12-31,ok,31.900002,118.600006,31914,
satellite,nanjing_1,2021-01-01,2021-01-31,ok,31.900002,118.600006,32034,
satellite,nanjing_1,2020-11-01,2020-11-30,ok,31.900002,118.600006,30855,
satellite,nanjing_1,2021-02-01,2021-02-28,ok,31.900002,118.600006,29209,
satellite,nanjing_1,2021-03-01,2021-03-31,ok,31.900002,118.600006,32251,
satellite,nanjing_1,2021-04-01,2021-04-30,ok,31.900002,118.600006,31504,
satellite,nanjing_1,2021-06-01,2021-06-30,ok,31.900002,118.600006,31873,
satellite,nanjing_1,2021-05-01,2021-05-31,ok,31.900002,118.600006,32776,
satellite,nanjing_1,2021-08-01,2021-08-31,ok,31.900002,118.600006,32711,
satellite,nanjing_1,2021-07-01,2021-07-31,ok,31.900002,118.600006,32723,
satellite,nanjing_1,2021-09-01,2021-09-30,ok,31.900002,118.600006,31662,
satellite,nanjing_1,2021-12-01,2021-12-31,ok,31.900002,118.600006,32145,
satellite,nanjing_1,2021-10-01,2021-10-31,ok,31.900002,118.600006,32242,
satellite,nanjing_1,2021-11-01,2021-11-30,ok,31.900002,118.600006,31185,
satellite,nanjing_1,2022-01-01,2022-01-31,ok,31.900002,118.600006,31799,
satellite,nanjing_1,2022-04-01,2022-04-30,ok,31.900002,118.600006,31749,
satellite,nanjing_1,2022-03-01,2022-03-31,ok,31.900002,118.600006,32500,
satellite,nanjing_1,2022-05-01,2022-05-31,ok,31.900002,118.600006,33062,
satellite,nanjing_1,2022-02-01,2022-02-28,ok,31.900002,118.600006,28989,
satellite,nanjing_1,2022-06-01,2022-06-30,ok,31.900002,118.600006,32198,
satellite,nanjing_1,2022-07-01,2022-07-31,ok,31.900002,118.600006,33139,
satellite,nanjing_1,2022-09-01,2022-09-30,ok,31.900002,118.600006,31611,
satellite,nanjing_1,2022-08-01,2022-08-31,ok,31.900002,118.600006,32908,
satellite,nanjing_1,2022-10-01,2022-10-31,ok,31.900002,118.600006,32312,
satellite,nanjing_1,2022-11-01,2022-11-30,ok,31.900002,118.600006,30811,
satellite,nanjing_1,2023-01-01,2023-01-31,ok,31.900002,118.600006,32133,
satellite,nanjing_1,2022-12-01,2022-12-31,ok,31.900002,118.600006,31979,
satellite,nanjing_1,2023-02-01,2023-02-28,ok,31.900002,118.600006,28942,
satellite,nanjing_1,2023-03-01,2023-03-31,ok,31.900002,118.600006,32468,
satellite,nanjing_1,2023-04-01,2023-04-30,ok,31.900002,118.600006,31614,
satellite,nanjing_1,2023-06-01,2023-06-30,ok,31.900002,118.600006,31788,
satellite,nanjing_1,2023-07-01,2023-07-31,ok,31.900002,118.600006,32798,
satellite,nanjing_1,2023-05-01,2023-05-31,ok,31.900002,118.600006,32773,
satellite,nanjing_1,2023-09-01,2023-09-30,ok,31.900002,118.600006,31255,
satellite,nanjing_1,2023-08-01,2023-08-31,ok,31.900002,118.600006,32938,
satellite,nanjing_1,2023-10-01,2023-10-31,ok,31.900002,118.600006,32442,
satellite,nanjing_1,2023-11-01,2023-11-30,ok,31.900002,118.600006,31196,
satellite,nanjing_1,2024-02-01,2024-02-29,ok,31.900002,118.600006,29811,
satellite,nanjing_1,2024-03-01,2024-03-31,ok,31.900002,118.600006,32376,
satellite,nanjing_1,2024-04-01,2024-04-30,ok,31.900002,118.600006,31454,
satellite,nanjing_1,2024-05-01,2024-05-31,ok,31.900002,118.600006,33071,
satellite,nanjing_1,2024-06-01,2024-06-30,ok,31.900002,118.600006,31816,
satellite,nanjing_1,2024-07-01,2024-07-31,ok,31.900002,118.600006,32927,
satellite,nanjing_1,2024-08-01,2024-08-31,ok,31.900002,118.600006,32995,
satellite,nanjing_1,2024-09-01,2024-09-30,ok,31.900002,118.600006,31577,
satellite,nanjing_1,2024-10-01,2024-10-31,ok,31.900002,118.600006,32235,
satellite,nanjing_1,2024-11-01,2024-11-30,ok,31.900002,118.600006,31084,
satellite,nanjing_1,2024-12-01,2024-12-31,ok,31.900002,118.600006,32165,
satellite,nanjing_1,2025-01-01,2025-01-31,ok,31.900002,118.600006,32253,
satellite,nanjing_1,2025-02-01,2025-02-28,ok,31.900002,118.600006,29262,
satellite,nanjing_1,2025-03-01,2025-03-31,ok,31.900002,118.600006,32495,
satellite,nanjing_1,2025-04-01,2025-04-30,ok,31.900002,118.600006,31951,
satellite,nanjing_1,2025-05-01,2025-05-31,ok,31.900002,118.600006,33040,
satellite,nanjing_1,2025-06-01,2025-06-30,ok,31.900002,118.600006,31604,
satellite,nanjing_1,2025-07-01,2025-07-31,ok,31.900002,118.600006,33247,
satellite,nanjing_1,2025-08-01,2025-08-31,ok,31.900002,118.600006,32992,
satellite,nanjing_1,2025-09-01,2025-09-30,ok,31.900002,118.600006,31429,
satellite,nanjing_1,2025-10-01,2025-10-31,ok,31.900002,118.600006,32171,
satellite,nanjing_1,2025-11-01,2025-11-30,ok,31.900002,118.600006,31165,
satellite,nanjing_1,2025-12-01,2025-12-31,ok,31.900002,118.600006,32187,
satellite,nanjing_1,2026-01-01,2026-01-31,ok,31.900002,118.600006,32105,
satellite,nanjing_1,2023-12-01,2023-12-31,ok,31.900002,118.600006,31957,
satellite,suzhou_1,2019-02-01,2019-02-28,ok,31.5,121.0,28641,
satellite,suzhou_1,2019-03-01,2019-03-31,ok,31.5,121.0,32415,
satellite,suzhou_1,2019-04-01,2019-04-30,ok,31.5,121.0,31484,
satellite,nanjing_1,2024-01-01,2024-01-31,ok,31.900002,118.600006,31985,
satellite,suzhou_1,2019-06-01,2019-06-30,ok,31.5,121.0,31879,
satellite,suzhou_1,2019-05-01,2019-05-31,ok,31.5,121.0,32956,
satellite,suzhou_1,2019-08-01,2019-08-31,ok,31.5,121.0,32889,
satellite,suzhou_1,2019-07-01,2019-07-31,ok,31.5,121.0,32931,
satellite,suzhou_1,2019-09-01,2019-09-30,ok,31.5,121.0,31601,
satellite,suzhou_1,2019-10-01,2019-10-31,ok,31.5,121.0,32380,
satellite,suzhou_1,2019-12-01,2019-12-31,ok,31.5,121.0,31896,
satellite,suzhou_1,2020-01-01,2020-01-31,ok,31.5,121.0,31473,
satellite,suzhou_1,2019-11-01,2019-11-30,ok,31.5,121.0,31039,
satellite,suzhou_1,2020-02-01,2020-02-29,ok,31.5,121.0,30140,
satellite,suzhou_1,2020-03-01,2020-03-31,ok,31.5,121.0,32416,
satellite,suzhou_1,2020-05-01,2020-05-31,ok,31.5,121.0,32845,
satellite,suzhou_1,2020-06-01,2020-06-30,ok,31.5,121.0,31586,
satellite,suzhou_1,2020-07-01,2020-07-31,ok,31.5,121.0,32544,
satellite,suzhou_1,2020-04-01,2020-04-30,ok,31.5,121.0,31823,
satellite,suzhou_1,2020-08-01,2020-08-31,ok,31.5,121.0,33011,
satellite,suzhou_1,2020-09-01,2020-09-30,ok,31.5,121.0,31485,
satellite,suzhou_1,2020-10-01,2020-10-31,ok,31.5,121.0,32402,
satellite,suzhou_1,2020-11-01,2020-11-30,ok,31.5,121.0,30951,
satellite,suzhou_1,2020-12-01,2020-12-31,ok,31.5,121.0,31947,
satellite,suzhou_1,2021-02-01,2021-02-28,ok,31.5,121.0,29093,
satellite,suzhou_1,2021-03-01,2021-03-31,ok,31.5,121.0,32236,
satellite,suzhou_1,2021-04-01,2021-04-30,ok,31.5,121.0,31640,
satellite,suzhou_1,2021-01-01,2021-01-31,ok,31.5,121.0,32064,
satellite,suzhou_1,2021-07-01,2021-07-31,ok,31.5,121.0,32804,
satellite,suzhou_1,2021-05-01,2021-05-31,ok,31.5,121.0,32780,
satellite,suzhou_1,2021-06-01,2021-06-30,ok,31.5,121.0,31720,
satellite,suzhou_1,2021-09-01,2021-09-30,ok,31.5,121.0,31567,
satellite,suzhou_1,2021-08-01,2021-08-31,ok,31.5,121.0,32850,
satellite,suzhou_1,2021-12-01,2021-12-31,ok,31.5,121.0,32095,
satellite,suzhou_1,2021-11-01,2021-11-30,ok,31.5,121.0,31207,
satellite,suzhou_1,2021-10-01,2021-10-31,ok,31.5,121.0,32372,
satellite,suzhou_1,2022-01-01,2022-01-31,ok,31.5,121.0,31888,
satellite,suzhou_1,2022-02-01,2022-02-28,ok,31.5,121.0,29065,
satellite,suzhou_1,2022-03-01,2022-03-31,ok,31.5,121.0,32490,
satellite,suzhou_1,2022-04-01,2022-04-30,ok,31.5,121.0,31717,
satellite,suzhou_1,2022-05-01,2022-05-31,ok,31.5,121.0,32912,
satellite,suzhou_1,2022-06-01,2022-06-30,ok,31.5,121.0,32024,
satellite,suzhou_1,2022-07-01,2022-07-31,ok,31.5,121.0,33219,
satellite,suzhou_1,2022-08-01,2022-08-31,ok,31.5,121.0,32872,
satellite,suzhou_1,2022-10-01,2022-10-31,ok,31.5,121.0,32397,
satellite,suzhou_1,2022-12-01,2022-12-31,ok,31.5,121.0,31878,
satellite,suzhou_1,2022-11-01,2022-11-30,ok,31.5,121.0,30912,
satellite,suzhou_1,2023-02-01,2023-02-28,ok,31.5,121.0,29002,
satellite,suzhou_1,2022-09-01,2022-09-30,ok,31.5,121.0,31426,
satellite,suzhou_1,2023-01-01,2023-01-31,ok,31.5,121.0,32125,
satellite,suzhou_1,2023-04-01,2023-04-30,ok,31.5,121.0,31671,
satellite,suzhou_1,2023-03-01,2023-03-31,ok,31.5,121.0,32499,
satellite,suzhou_1,2023-05-01,2023-05-31,ok,31.5,121.0,32785,
satellite,suzhou_1,2023-06-01,2023-06-30,ok,31.5,121.0,31702,
satellite,suzhou_1,2023-07-01,2023-07-31,ok,31.5,121.0,32919,
satellite,suzhou_1,2023-09-01,2023-09-30,ok,31.5,121.0,31299,
satellite,suzhou_1,2023-08-01,2023-08-31,ok,31.5,121.0,32976,
satellite,suzhou_1,2023-12-01,2023-12-31,ok,31.5,121.0,31940,
satellite,suzhou_1,2023-10-01,2023-10-31,ok,31.5,121.0,32455,
satellite,suzhou_1,2024-02-01,2024-02-29,ok,31.5,121.0,29731,
satellite,suzhou_1,2024-03-01,2024-03-31,ok,31.5,121.0,32527,
satellite,suzhou_1,2024-04-01,2024-04-30,ok,31.5,121.0,31377,
satellite,suzhou_1,2024-05-01,2024-05-31,ok,31.5,121.0,33102,
satellite,suzhou_1,2024-06-01,2024-06-30,ok,31.5,121.0,31611,
satellite,suzhou_1,2024-07-01,2024-07-31,ok,31.5,121.0,33034,
satellite,suzhou_1,2024-08-01,2024-08-31,ok,31.5,121.0,33077,
satellite,suzhou_1,2024-09-01,2024-09-30,ok,31.5,121.0,31514,
satellite,suzhou_1,2024-10-01,2024-10-31,ok,31.5,121.0,32079,
satellite,suzhou_1,2024-11-01,2024-11-30,ok,31.5,121.0,31055,
satellite,suzhou_1,2024-12-01,2024-12-31,ok,31.5,121.0,32062,
satellite,suzhou_1,2025-01-01,2025-01-31,ok,31.5,121.0,32276,
satellite,suzhou_1,2025-02-01,2025-02-28,ok,31.5,121.0,29202,
satellite,suzhou_1,2025-03-01,2025-03-31,ok,31.5,121.0,32462,
satellite,suzhou_1,2025-04-01,2025-04-30,ok,31.5,121.0,31984,
satellite,suzhou_1,2025-05-01,2025-05-31,ok,31.5,121.0,32989,
satellite,suzhou_1,2025-06-01,2025-06-30,ok,31.5,121.0,31712,
satellite,suzhou_1,2025-07-01,2025-07-31,ok,31.5,121.0,33249,
satellite,suzhou_1,2025-08-01,2025-08-31,ok,31.5,121.0,32992,
satellite,suzhou_1,2025-09-01,2025-09-30,ok,31.5,121.0,31584,
satellite,suzhou_1,2025-10-01,2025-10-31,ok,31.5,121.0,32286,
satellite,suzhou_1,2025-11-01,2025-11-30,ok,31.5,121.0,31238,
satellite,suzhou_1,2025-12-01,2025-12-31,ok,31.5,121.0,32168,
satellite,suzhou_1,2026-01-01,2026-01-31,ok,31.5,121.0,32141,
satellite,suzhou_1,2023-11-01,2023-11-30,ok,31.5,121.0,31255,
satellite,suzhou_1,2024-01-01,2024-01-31,ok,31.5,121.0,32058,
satellite,wuxi_1,2019-04-01,2019-04-30,ok,31.099998,120.2,31462,
satellite,wuxi_1,2019-02-01,2019-02-28,ok,31.099998,120.2,28498,
satellite,wuxi_1,2019-03-01,2019-03-31,ok,31.099998,120.2,32372,
satellite,wuxi_1,2019-05-01,2019-05-31,ok,31.099998,120.2,32946,
satellite,wuxi_1,2019-06-01,2019-06-30,ok,31.099998,120.2,31760,
satellite,wuxi_1,2019-07-01,2019-07-31,ok,31.099998,120.2,32940,
satellite,wuxi_1,2019-08-01,2019-08-31,ok,31.099998,120.2,32940,
satellite,wuxi_1,2019-11-01,2019-11-30,ok,31.099998,120.2,31009,
satellite,wuxi_1,2019-09-01,2019-09-30,ok,31.099998,120.2,31633,
satellite,wuxi_1,2019-10-01,2019-10-31,ok,31.099998,120.2,32321,
satellite,wuxi_1,2019-12-01,2019-12-31,ok,31.099998,120.2,31831,
satellite,wuxi_1,2020-01-01,2020-01-31,ok,31.099998,120.2,31392,
satellite,wuxi_1,2020-02-01,2020-02-29,ok,31.099998,120.2,30083,
satellite,wuxi_1,2020-04-01,2020-04-30,ok,31.099998,120.2,31739,
satellite,wuxi_1,2020-05-01,2020-05-31,ok,31.099998,120.2,32770,
satellite,wuxi_1,2020-03-01,2020-03-31,ok,31.099998,120.2,32342,
satellite,wuxi_1,2020-06-01,2020-06-30,ok,31.099998,120.2,31552,
satellite,wuxi_1,2020-08-01,2020-08-31,ok,31.099998,120.2,33002,
satellite,wuxi_1,2020-07-01,2020-07-31,ok,31.099998,120.2,32414,
satellite,wuxi_1,2020-09-01,2020-09-30,ok,31.099998,120.2,31435,
satellite,wuxi_1,2020-12-01,2020-12-31,ok,31.099998,120.2,31922,
satellite,wuxi_1,2020-10-01,2020-10-31,ok,31.099998,120.2,32304,
satellite,wuxi_1,2020-11-01,2020-11-30,ok,31.099998,120.2,30949,
satellite,wuxi_1,2021-01-01,2021-01-31,ok,31.099998,120.2,32054,
satellite,wuxi_1,2021-03-01,2021-03-31,ok,31.099998,120.2,32157,
satellite,wuxi_1,2021-02-01,2021-02-28,ok,31.099998,120.2,29096,
satellite,wuxi_1,2021-04-01,2021-04-30,ok,31.099998,120.2,31523,
satellite,wuxi_1,2021-06-01,2021-06-30,ok,31.099998,120.2,31727,
satellite,wuxi_1,2021-05-01,2021-05-31,ok,31.099998,120.2,32747,
satellite,wuxi_1,2021-07-01,2021-07-31,ok,31.099998,120.2,32736,
satellite,wuxi_1,2021-08-01,2021-08-31,ok,31.099998,120.2,32822,
satellite,wuxi_1,2021-09-01,2021-09-30,ok,31.099998,120.2,31621,
satellite,wuxi_1,2021-10-01,2021-10-31,ok,31.099998,120.2,32300,
satellite,wuxi_1,2021-12-01,2021-12-31,ok,31.099998,120.2,32118,
satellite,wuxi_1,2021-11-01,2021-11-30,ok,31.099998,120.2,31183,
satellite,wuxi_1,2022-02-01,2022-02-28,ok,31.099998,120.2,28927,
satellite,wuxi_1,2022-01-01,2022-01-31,ok,31.099998,120.2,31739,
satellite,wuxi_1,2022-03-01,2022-03-31,ok,31.099998,120.2,32386,
satellite,wuxi_1,2022-05-01,2022-05-31,ok,31.099998,120.2,32822,
satellite,wuxi_1,2022-06-01,2022-06-30,ok,31.099998,120.2,31962,
satellite,wuxi_1,2022-04-01,2022-04-30,ok,31.099998,120.2,31609,
satellite,wuxi_1,2022-07-01,2022-07-31,ok,31.099998,120.2,33221,
satellite,wuxi_1,2022-08-01,2022-08-31,ok,31.099998,120.2,32896,
satellite,wuxi_1,2022-11-01,2022-11-30,ok,31.099998,120.2,30875,
satellite,wuxi_1,2022-10-01,2022-10-31,ok,31.099998,120.2,32323,
satellite,wuxi_1,2022-09-01,2022-09-30,ok,31.099998,120.2,31493,
satellite,wuxi_1,2022-12-01,2022-12-31,ok,31.099998,120.2,31881,
satellite,wuxi_1,2023-02-01,2023-02-28,ok,31.099998,120.2,28957,
satellite,wuxi_1,2023-01-01,2023-01-31,ok,31.099998,120.2,32065,
satellite,wuxi_1,2023-03-01,2023-03-31,ok,31.099998,120.2,32382,
satellite,wuxi_1,2023-05-01,2023-05-31,ok,31.099998,120.2,32708,
satellite,wuxi_1,2023-04-01,2023-04-30,ok,31.099998,120.2,31586,
satellite,wuxi_1,2023-06-01,2023-06-30,ok,31.099998,120.2,31704,
satellite,wuxi_1,2023-07-01,2023-07-31,ok,31.099998,120.2,32886,
satellite,wuxi_1,2023-08-01,2023-08-31,ok,31.099998,120.2,32907,
satellite,wuxi_1,2023-10-01,2023-10-31,ok,31.099998,120.2,32445,
satellite,wuxi_1,2023-11-01,2023-11-30,ok,31.099998,120.2,31211,
satellite,wuxi_1,2023-09-01,2023-09-30,ok,31.099998,120.2,31263,
satellite,wuxi_1,2024-02-01,2024-02-29,ok,31.099998,120.2,29667,
satellite,wuxi_1,2024-03-01,2024-03-31,ok,31.099998,120.2,32409,
satellite,wuxi_1,2024-04-01,2024-04-30,ok,31.099998,120.2,31321,
satellite,wuxi_1,2024-05-01,2024-05-31,ok,31.099998,120.2,32996,
satellite,wuxi_1,2024-06-01,2024-06-30,ok,31.099998,120.2,31483,
satellite,wuxi_1,2024-07-01,2024-07-31,ok,31.099998,120.2,33025,
satellite,wuxi_1,2024-08-01,2024-08-31,ok,31.099998,120.2,33053,
satellite,wuxi_1,2024-09-01,2024-09-30,ok,31.099998,120.2,31555,
satellite,wuxi_1,2024-10-01,2024-10-31,ok,31.099998,120.2,32018,
satellite,wuxi_1,2024-11-01,2024-11-30,ok,31.099998,120.2,31047,
satellite,wuxi_1,2024-12-01,2024-12-31,ok,31.099998,120.2,32059,
satellite,wuxi_1,2025-01-01,2025-01-31,ok,31.099998,120.2,32277,
satellite,wuxi_1,2025-02-01,2025-02-28,ok,31.099998,120.2,29147,
satellite,wuxi_1,2025-03-01,2025-03-31,ok,31.099998,120.2,32354,
satellite,wuxi_1,2025-04-01,2025-04-30,ok,31.099998,120.2,31847,
satellite,wuxi_1,2025-05-01,2025-05-31,ok,31.099998,120.2,32941,
satellite,wuxi_1,2025-06-01,2025-06-30,ok,31.099998,120.2,31621,
satellite,wuxi_1,2025-07-01,2025-07-31,ok,31.099998,120.2,33123,
satellite,wuxi_1,2025-08-01,2025-08-31,ok,31.099998,120.2,33069,
satellite,wuxi_1,2025-09-01,2025-09-30,ok,31.099998,120.2,31509,
satellite,wuxi_1,2025-10-01,2025-10-31,ok,31.099998,120.2,32230,
satellite,wuxi_1,2025-11-01,2025-11-30,ok,31.099998,120.2,31153,
satellite,wuxi_1,2025-12-01,2025-12-31,ok,31.099998,120.2,32125,
satellite,wuxi_1,2026-01-01,2026-01-31,ok,31.099998,120.2,32031,
satellite,wuxi_1,2023-12-01,2023-12-31,ok,31.099998,120.2,31947,
satellite,wuxi_1,2024-01-01,2024-01-31,ok,31.099998,120.2,32053,
satellite,nanjing_2,2019-02-01,2019-02-28,ok,31.5,119.0,28533,
satellite,nanjing_2,2019-04-01,2019-04-30,ok,31.5,119.0,31477,
satellite,nanjing_2,2019-03-01,2019-03-31,ok,31.5,119.0,32402,
satellite,nanjing_2,2019-05-01,2019-05-31,ok,31.5,119.0,32948,
satellite,nanjing_2,2019-06-01,2019-06-30,ok,31.5,119.0,31878,
satellite,nanjing_2,2019-07-01,2019-07-31,ok,31.5,119.0,33098,
satellite,nanjing_2,2019-09-01,2019-09-30,ok,31.5,119.0,31624,
satellite,nanjing_2,2019-08-01,2019-08-31,ok,31.5,119.0,33007,
satellite,nanjing_2,2019-11-01,2019-11-30,ok,31.5,119.0,31068,
satellite,nanjing_2,2019-10-01,2019-10-31,ok,31.5,119.0,32236,
satellite,nanjing_2,2019-12-01,2019-12-31,ok,31.5,119.0,31823,
satellite,nanjing_2,2020-01-01,2020-01-31,ok,31.5,119.0,31359,
satellite,nanjing_2,2020-02-01,2020-02-29,ok,31.5,119.0,30024,
satellite,nanjing_2,2020-03-01,2020-03-31,ok,31.5,119.0,32348,
satellite,nanjing_2,2020-04-01,2020-04-30,ok,31.5,119.0,31755,
satellite,nanjing_2,2020-05-01,2020-05-31,ok,31.5,119.0,32868,
satellite,nanjing_2,2020-06-01,2020-06-30,ok,31.5,119.0,31599,
satellite,nanjing_2,2020-07-01,2020-07-31,ok,31.5,119.0,32319,
satellite,nanjing_2,2020-08-01,2020-08-31,ok,31.5,119.0,32967,
satellite,nanjing_2,2020-09-01,2020-09-30,ok,31.5,119.0,31566,
satellite,nanjing_2,2020-11-01,2020-11-30,ok,31.5,119.0,30864,
satellite,nanjing_2,2020-10-01,2020-10-31,ok,31.5,119.0,32312,
satellite,nanjing_2,2020-12-01,2020-12-31,ok,31.5,119.0,31906,
satellite,nanjing_2,2021-02-01,2021-02-28,ok,31.5,119.0,29164,
satellite,nanjing_2,2021-03-01,2021-03-31,ok,31.5,119.0,32175,
satellite,nanjing_2,2021-01-01,2021-01-31,ok,31.5,119.0,32015,
satellite,nanjing_2,2021-05-01,2021-05-31,ok,31.5,119.0,32734,
satellite,nanjing_2,2021-04-01,2021-04-30,ok,31.5,119.0,31509,
satellite,nanjing_2,2021-08-01,2021-08-31,ok,31.5,119.0,32678,
satellite,nanjing_2,2021-07-01,2021-07-31,ok,31.5,119.0,32780,
satellite,nanjing_2,2021-06-01,2021-06-30,ok,31.5,119.0,31885,
satellite,nanjing_2,2021-10-01,2021-10-31,ok,31.5,119.0,32289,
satellite,nanjing_2,2021-09-01,2021-09-30,ok,31.5,119.0,31686,
satellite,nanjing_2,2021-11-01,2021-11-30,ok,31.5,119.0,31196,
satellite,nanjing_2,2021-12-01,2021-12-31,ok,31.5,119.0,32128,
satellite,nanjing_2,2022-02-01,2022-02-28,ok,31.5,119.0,28959,
satellite,nanjing_2,2022-01-01,2022-01-31,ok,31.5,119.0,31794,
satellite,nanjing_2,2022-03-01,2022-03-31,ok,31.5,119.0,32435,
satellite,nanjing_2,2022-04-01,2022-04-30,ok,31.5,119.0,31674,
satellite,nanjing_2,2022-05-01,2022-05-31,ok,31.5,119.0,33024,
satellite,nanjing_2,2022-06-01,2022-06-30,ok,31.5,119.0,32146,
satellite,nanjing_2,2022-09-01,2022-09-30,ok,31.5,119.0,31508,
satellite,nanjing_2,2022-08-01,2022-08-31,ok,31.5,119.0,32919,
satellite,nanjing_2,2022-07-01,2022-07-31,ok,31.5,119.0,33222,
satellite,nanjing_2,2022-10-01,2022-10-31,ok,31.5,119.0,32319,
satellite,nanjing_2,2023-01-01,2023-01-31,ok,31.5,119.0,32122,
satellite,nanjing_2,2022-11-01,2022-11-30,ok,31.5,119.0,30859,
satellite,nanjing_2,2022-12-01,2022-12-31,ok,31.5,119.0,31923,
satellite,nanjing_2,2023-02-01,2023-02-28,ok,31.5,119.0,28922,
satellite,nanjing_2,2023-03-01,2023-03-31,ok,31.5,119.0,32429,
satellite,nanjing_2,2023-05-01,2023-05-31,ok,31.5,119.0,32746,
satellite,nanjing_2,2023-04-01,2023-04-30,ok,31.5,119.0,31572,
satellite,nanjing_2,2023-06-01,2023-06-30,ok,31.5,119.0,31737,
satellite,nanjing_2,2023-07-01,2023-07-31,ok,31.5,119.0,32793,
satellite,nanjing_2,2023-09-01,2023-09-30,ok,31.5,119.0,31309,
satellite,nanjing_2,2023-10-01,2023-10-31,ok,31.5,119.0,32435,
satellite,nanjing_2,2023-08-01,2023-08-31,ok,31.5,119.0,32967,
satellite,nanjing_2,2023-12-01,2023-12-31,ok,31.5,119.0,31922,
satellite,nanjing_2,2024-02-01,2024-02-29,ok,31.5,119.0,29737,
satellite,nanjing_2,2024-03-01,2024-03-31,ok,31.5,119.0,32354,
satellite,nanjing_2,2024-04-01,2024-04-30,ok,31.5,119.0,31348,
satellite,nanjing_2,2024-05-01,2024-05-31,ok,31.5,119.0,33052,
satellite,nanjing_2,2024-06-01,2024-06-30,ok,31.5,119.0,31687,
satellite,nanjing_2,2024-07-01,2024-07-31,ok,31.5,119.0,32889,
satellite,nanjing_2,2024-08-01,2024-08-31,ok,31.5,119.0,32987,
satellite,nanjing_2,2024-09-01,2024-09-30,ok,31.5,119.0,31622,
satellite,nanjing_2,2024-10-01,2024-10-31,ok,31.5,119.0,32132,
satellite,nanjing_2,2024-11-01,2024-11-30,ok,31.5,119.0,31029,
satellite,nanjing_2,2024-12-01,2024-12-31,ok,31.5,119.0,32148,
satellite,nanjing_2,2025-01-01,2025-01-31,ok,31.5,119.0,32225,
satellite,nanjing_2,2025-02-01,2025-02-28,ok,31.5,119.0,29215,
satellite,nanjing_2,2025-03-01,2025-03-31,ok,31.5,119.0,32479,
satellite,nanjing_2,2025-04-01,2025-04-30,ok,31.5,119.0,31918,
satellite,nanjing_2,2025-05-01,2025-05-31,ok,31.5,119.0,33025,
satellite,nanjing_2,2025-06-01,2025-06-30,ok,31.5,119.0,31599,
satellite,nanjing_2,2025-07-01,2025-07-31,ok,31.5,119.0,33250,
satellite,nanjing_2,2025-08-01,2025-08-31,ok,31.5,119.0,33031,
satellite,nanjing_2,2025-09-01,2025-09-30,ok,31.5,119.0,31488,
satellite,nanjing_2,2025-10-01,2025-10-31,ok,31.5,119.0,32219,
satellite,nanjing_2,2025-11-01,2025-11-30,ok,31.5,119.0,31199,
satellite,nanjing_2,2025-12-01,2025-12-31,ok,31.5,119.0,32159,
satellite,nanjing_2,2026-01-01,2026-01-31,ok,31.5,119.0,32077,
satellite,nanjing_2,2023-11-01,2023-11-30,ok,31.5,119.0,31182,
satellite,nanjing_2,2024-01-01,2024-01-31,ok,31.5,119.0,32009,
satellite,taizhou_1,2019-03-01,2019-03-31,ok,32.700005,119.8,32586,
satellite,taizhou_1,2019-02-01,2019-02-28,ok,32.700005,119.8,28807,
satellite,taizhou_1,2019-04-01,2019-04-30,ok,32.700005,119.8,31499,
satellite,taizhou_1,2019-05-01,2019-05-31,ok,32.700005,119.8,32998,
satellite,taizhou_1,2019-06-01,2019-06-30,ok,32.700005,119.8,32001,
satellite,taizhou_1,2019-08-01,2019-08-31,ok,32.700005,119.8,32918,
satellite,taizhou_1,2019-07-01,2019-07-31,ok,32.700005,119.8,32998,
satellite,taizhou_1,2019-09-01,2019-09-30,ok,32.700005,119.8,31615,
satellite,taizhou_1,2019-11-01,2019-11-30,ok,32.700005,119.8,31108,
satellite,taizhou_1,2019-12-01,2019-12-31,ok,32.700005,119.8,31930,
satellite,taizhou_1,2019-10-01,2019-10-31,ok,32.700005,119.8,32353,
satellite,taizhou_1,2020-02-01,2020-02-29,ok,32.700005,119.8,30131,
satellite,taizhou_1,2020-01-01,2020-01-31,ok,32.700005,119.8,31598,
satellite,taizhou_1,2020-03-01,2020-03-31,ok,32.700005,119.8,32500,
satellite,taizhou_1,2020-04-01,2020-04-30,ok,32.700005,119.8,31886,
satellite,taizhou_1,2020-06-01,2020-06-30,ok,32.700005,119.8,31641,
satellite,taizhou_1,2020-05-01,2020-05-31,ok,32.700005,119.8,32905,
satellite,taizhou_1,2020-07-01,2020-07-31,ok,32.700005,119.8,32510,
satellite,taizhou_1,2020-08-01,2020-08-31,ok,32.700005,119.8,32874,
satellite,taizhou_1,2020-11-01,2020-11-30,ok,32.700005,119.8,30952,
satellite,taizhou_1,2020-09-01,2020-09-30,ok,32.700005,119.8,31664,
satellite,taizhou_1,2020-10-01,2020-10-31,ok,32.700005,119.8,32372,
satellite,taizhou_1,2021-01-01,2021-01-31,ok,32.700005,119.8,32087,
satellite,taizhou_1,2021-02-01,2021-02-28,ok,32.700005,119.8,29198,
satellite,taizhou_1,2020-12-01,2020-12-31,ok,32.700005,119.8,31930,
satellite,taizhou_1,2021-03-01,2021-03-31,ok,32.700005,119.8,32362,
satellite,taizhou_1,2021-04-01,2021-04-30,ok,32.700005,119.8,31574,
satellite,taizhou_1,2021-05-01,2021-05-31,ok,32.700005,119.8,32796,
satellite,taizhou_1,2021-07-01,2021-07-31,ok,32.700005,119.8,32749,
satellite,taizhou_1,2021-06-01,2021-06-30,ok,32.700005,119.8,31910,
satellite,taizhou_1,2021-08-01,2021-08-31,ok,32.700005,119.8,32842,
satellite,taizhou_1,2021-10-01,2021-10-31,ok,32.700005,119.8,32342,
satellite,taizhou_1,2021-11-01,2021-11-30,ok,32.700005,119.8,31212,
satellite,taizhou_1,2021-09-01,2021-09-30,ok,32.700005,119.8,31691,
satellite,taizhou_1,2022-02-01,2022-02-28,ok,32.700005,119.8,29189,
satellite,taizhou_1,2021-12-01,2021-12-31,ok,32.700005,119.8,32158,
satellite,taizhou_1,2022-01-01,2022-01-31,ok,32.700005,119.8,32020,
satellite,taizhou_1,2022-04-01,2022-04-30,ok,32.700005,119.8,31816,
satellite,taizhou_1,2022-05-01,2022-05-31,ok,32.700005,119.8,33123,
satellite,taizhou_1,2022-06-01,2022-06-30,ok,32.700005,119.8,32221,
satellite,taizhou_1,2022-07-01,2022-07-31,ok,32.700005,119.8,33199,
satellite,taizhou_1,2022-03-01,2022-03-31,ok,32.700005,119.8,32529,
satellite,taizhou_1,2022-09-01,2022-09-30,ok,32.700005,119.8,31626,
satellite,taizhou_1,2022-08-01,2022-08-31,ok,32.700005,119.8,32877,
satellite,taizhou_1,2022-10-01,2022-10-31,ok,32.700005,119.8,32382,
satellite,taizhou_1,2022-12-01,2022-12-31,ok,32.700005,119.8,31960,
satellite,taizhou_1,2022-11-01,2022-11-30,ok,32.700005,119.8,30881,
satellite,taizhou_1,2023-02-01,2023-02-28,ok,32.700005,119.8,29069,
satellite,taizhou_1,2023-01-01,2023-01-31,ok,32.700005,119.8,32181,
satellite,taizhou_1,2023-03-01,2023-03-31,ok,32.700005,119.8,32591,
satellite,taizhou_1,2023-04-01,2023-04-30,ok,32.700005,119.8,31722,
satellite,taizhou_1,2023-05-01,2023-05-31,ok,32.700005,119.8,32782,
satellite,taizhou_1,2023-07-01,2023-07-31,ok,32.700005,119.8,32737,
satellite,taizhou_1,2023-06-01,2023-06-30,ok,32.700005,119.8,31798,
satellite,taizhou_1,2023-08-01,2023-08-31,ok,32.700005,119.8,33010,
satellite,taizhou_1,2023-09-01,2023-09-30,ok,32.700005,119.8,31395,
satellite,taizhou_1,2023-10-01,2023-10-31,ok,32.700005,119.8,32545,
satellite,taizhou_1,2023-11-01,2023-11-30,ok,32.700005,119.8,31210,
satellite,taizhou_1,2024-02-01,2024-02-29,ok,32.700005,119.8,29807,
satellite,taizhou_1,2024-03-01,2024-03-31,ok,32.700005,119.8,32464,
satellite,taizhou_1,2024-04-01,2024-04-30,ok,32.700005,119.8,31542,
satellite,taizhou_1,2024-05-01,2024-05-31,ok,32.700005,119.8,33113,
satellite,taizhou_1,2024-06-01,2024-06-30,ok,32.700005,119.8,31901,
satellite,taizhou_1,2024-07-01,2024-07-31,ok,32.700005,119.8,32996,
satellite,taizhou_1,2024-08-01,2024-08-31,ok,32.700005,119.8,32998,
satellite,taizhou_1,2024-09-01,2024-09-30,ok,32.700005,119.8,31668,
satellite,taizhou_1,2024-10-01,2024-10-31,ok,32.700005,119.8,32179,
satellite,taizhou_1,2024-11-01,2024-11-30,ok,32.700005,119.8,31126,
satellite,taizhou_1,2024-12-01,2024-12-31,ok,32.700005,119.8,32144,
satellite,taizhou_1,2025-01-01,2025-01-31,ok,32.700005,119.8,32279,
satellite,taizhou_1,2025-02-01,2025-02-28,ok,32.700005,119.8,29331,
satellite,taizhou_1,2025-03-01,2025-03-31,ok,32.700005,119.8,32545,
satellite,taizhou_1,2025-04-01,2025-04-30,ok,32.700005,119.8,32018,
satellite,taizhou_1,2025-05-01,2025-05-31,ok,32.700005,119.8,33063,
satellite,taizhou_1,2025-06-01,2025-06-30,ok,32.700005,119.8,31803,
satellite,taizhou_1,2025-07-01,2025-07-31,ok,32.700005,119.8,33287,
satellite,taizhou_1,2025-08-01,2025-08-31,ok,32.700005,119.8,32963,
satellite,taizhou_1,2025-09-01,2025-09-30,ok,32.700005,119.8,31407,
satellite,taizhou_1,2025-10-01,2025-10-31,ok,32.700005,119.8,32187,
satellite,taizhou_1,2025-11-01,2025-11-30,ok,32.700005,119.8,31240,
satellite,taizhou_1,2025-12-01,2025-12-31,ok,32.700005,119.8,32156,
satellite,taizhou_1,2026-01-01,2026-01-31,ok,32.700005,119.8,32108,
satellite,taizhou_1,2023-12-01,2023-12-31,ok,32.700005,119.8,31884,
satellite,taizhou_2,2019-02-01,2019-02-28,ok,32.700005,120.600006,28878,
satellite,taizhou_1,2024-01-01,2024-01-31,ok,32.700005,119.8,31991,
satellite,taizhou_2,2019-03-01,2019-03-31,ok,32.700005,120.600006,32542,
satellite,taizhou_2,2019-04-01,2019-04-30,ok,32.700005,120.600006,31532,
satellite,taizhou_2,2019-05-01,2019-05-31,ok,32.700005,120.600006,32971,
satellite,taizhou_2,2019-07-01,2019-07-31,ok,32.700005,120.600006,33014,
satellite,taizhou_2,2019-06-01,2019-06-30,ok,32.700005,120.600006,31971,
satellite,taizhou_2,2019-08-01,2019-08-31,ok,32.700005,120.600006,32912,
satellite,taizhou_2,2019-09-01,2019-09-30,ok,32.700005,120.600006,31599,
satellite,taizhou_2,2019-11-01,2019-11-30,ok,32.700005,120.600006,31098,
satellite,taizhou_2,2019-12-01,2019-12-31,ok,32.700005,120.600006,31910,
satellite,taizhou_2,2019-10-01,2019-10-31,ok,32.700005,120.600006,32366,
satellite,taizhou_2,2020-01-01,2020-01-31,ok,32.700005,120.600006,31657,
satellite,taizhou_2,2020-03-01,2020-03-31,ok,32.700005,120.600006,32545,
satellite,taizhou_2,2020-02-01,2020-02-29,ok,32.700005,120.600006,30137,
satellite,taizhou_2,2020-04-01,2020-04-30,ok,32.700005,120.600006,31905,
satellite,taizhou_2,2020-06-01,2020-06-30,ok,32.700005,120.600006,31613,
satellite,taizhou_2,2020-07-01,2020-07-31,ok,32.700005,120.600006,32532,
satellite,taizhou_2,2020-05-01,2020-05-31,ok,32.700005,120.600006,32875,
satellite,taizhou_2,2020-08-01,2020-08-31,ok,32.700005,120.600006,32920,
satellite,taizhou_2,2020-09-01,2020-09-30,ok,32.700005,120.600006,31579,
satellite,taizhou_2,2020-11-01,2020-11-30,ok,32.700005,120.600006,30992,
satellite,taizhou_2,2020-12-01,2020-12-31,ok,32.700005,120.600006,31932,
satellite,taizhou_2,2021-01-01,2021-01-31,ok,32.700005,120.600006,32102,
satellite,taizhou_2,2020-10-01,2020-10-31,ok,32.700005,120.600006,32387,
satellite,taizhou_2,2021-02-01,2021-02-28,ok,32.700005,120.600006,29216,
satellite,taizhou_2,2021-04-01,2021-04-30,ok,32.700005,120.600006,31643,
satellite,taizhou_2,2021-03-01,2021-03-31,ok,32.700005,120.600006,32407,
satellite,taizhou_2,2021-05-01,2021-05-31,ok,32.700005,120.600006,32823,
satellite,taizhou_2,2021-06-01,2021-06-30,ok,32.700005,120.600006,31868,
satellite,taizhou_2,2021-07-01,2021-07-31,ok,32.700005,120.600006,32785,
satellite,taizhou_2,2021-09-01,2021-09-30,ok,32.700005,120.600006,31615,
satellite,taizhou_2,2021-10-01,2021-10-31,ok,32.700005,120.600006,32297,
satellite,taizhou_2,2021-11-01,2021-11-30,ok,32.700005,120.600006,31243,
satellite,taizhou_2,2021-12-01,2021-12-31,ok,32.700005,120.600006,32154,
satellite,taizhou_2,2022-01-01,2022-01-31,ok,32.700005,120.600006,32056,
satellite,taizhou_2,2021-08-01,2021-08-31,ok,32.700005,120.600006,32905,
satellite,taizhou_2,2022-02-01,2022-02-28,ok,32.700005,120.600006,29256,
satellite,taizhou_2,2022-03-01,2022-03-31,ok,32.700005,120.600006,32552,
satellite,taizhou_2,2022-06-01,2022-06-30,ok,32.700005,120.600006,32166,
satellite,taizhou_2,2022-05-01,2022-05-31,ok,32.700005,120.600006,33112,
satellite,taizhou_2,2022-04-01,2022-04-30,ok,32.700005,120.600006,31802,
satellite,taizhou_2,2022-08-01,2022-08-31,ok,32.700005,120.600006,32865,
satellite,taizhou_2,2022-09-01,2022-09-30,ok,32.700005,120.600006,31533,
satellite,taizhou_2,2022-10-01,2022-10-31,ok,32.700005,120.600006,32384,
satellite,taizhou_2,2022-07-01,2022-07-31,ok,32.700005,120.600006,33181,
satellite,taizhou_2,2022-11-01,2022-11-30,ok,32.700005,120.600006,30928,
satellite,taizhou_2,2023-02-01,2023-02-28,ok,32.700005,120.600006,29127,
satellite,taizhou_2,2022-12-01,2022-12-31,ok,32.700005,120.600006,31978,
satellite,taizhou_2,2023-01-01,2023-01-31,ok,32.700005,120.600006,32192,
satellite,taizhou_2,2023-04-01,2023-04-30,ok,32.700005,120.600006,31754,
satellite,taizhou_2,2023-03-01,2023-03-31,ok,32.700005,120.600006,32656,
satellite,taizhou_2,2023-06-01,2023-06-30,ok,32.700005,120.600006,31755,
satellite,taizhou_2,2023-05-01,2023-05-31,ok,32.700005,120.600006,32764,
satellite,taizhou_2,2023-07-01,2023-07-31,ok,32.700005,120.600006,32712,
satellite,taizhou_2,2023-08-01,2023-08-31,ok,32.700005,120.600006,32966,
satellite,taizhou_2,2023-10-01,2023-10-31,ok,32.700005,120.600006,32523,
satellite,taizhou_2,2023-09-01,2023-09-30,ok,32.700005,120.600006,31351,
satellite,taizhou_2,2023-11-01,2023-11-30,ok,32.700005,120.600006,31216,
satellite,taizhou_2,2024-02-01,2024-02-29,ok,32.700005,120.600006,29803,
satellite,taizhou_2,2024-03-01,2024-03-31,ok,32.700005,120.600006,32451,
satellite,taizhou_2,2024-04-01,2024-04-30,ok,32.700005,120.600006,31510,
satellite,taizhou_2,2024-05-01,2024-05-31,ok,32.700005,120.600006,33092,
satellite,taizhou_2,2024-06-01,2024-06-30,ok,32.700005,120.600006,31870,
satellite,taizhou_2,2024-07-01,2024-07-31,ok,32.700005,120.600006,32982,
satellite,taizhou_2,2024-08-01,2024-08-31,ok,32.700005,120.600006,33055,
satellite,taizhou_2,2024-09-01,2024-09-30,ok,32.700005,120.600006,31634,
satellite,taizhou_2,2024-10-01,2024-10-31,ok,32.700005,120.600006,32178,
satellite,taizhou_2,2024-11-01,2024-11-30,ok,32.700005,120.600006,31109,
satellite,taizhou_2,2024-12-01,2024-12-31,ok,32.700005,120.600006,32153,
satellite,taizhou_2,2025-01-01,2025-01-31,ok,32.700005,120.600006,32284,
satellite,taizhou_2,2025-02-01,2025-02-28,ok,32.700005,120.600006,29301,
satellite,taizhou_2,2025-03-01,2025-03-31,ok,32.700005,120.600006,32560,
satellite,taizhou_2,2025-04-01,2025-04-30,ok,32.700005,120.600006,32015,
satellite,taizhou_2,2025-05-01,2025-05-31,ok,32.700005,120.600006,32998,
satellite,taizhou_2,2025-06-01,2025-06-30,ok,32.700005,120.600006,31743,
satellite,taizhou_2,2025-07-01,2025-07-31,ok,32.700005,120.600006,33330,
satellite,taizhou_2,2025-08-01,2025-08-31,ok,32.700005,120.600006,32891,
satellite,taizhou_2,2025-09-01,2025-09-30,ok,32.700005,120.600006,31506,
satellite,taizhou_2,2025-10-01,2025-10-31,ok,32.700005,120.600006,32215,
satellite,taizhou_2,2025-11-01,2025-11-30,ok,32.700005,120.600006,31264,
satellite,taizhou_2,2025-12-01,2025-12-31,ok,32.700005,120.600006,32164,
satellite,taizhou_2,2026-01-01,2026-01-31,ok,32.700005,120.600006,32131,
satellite,taizhou_2,2024-01-01,2024-01-31,ok,32.700005,120.600006,32011,
satellite,nantong_1,2019-02-01,2019-02-28,ok,31.900002,121.0,28725,
satellite,taizhou_2,2023-12-01,2023-12-31,ok,32.700005,120.600006,31943,
satellite,nantong_1,2019-03-01,2019-03-31,ok,31.900002,121.0,32489,
satellite,nantong_1,2019-04-01,2019-04-30,ok,31.900002,121.0,31521,
satellite,nantong_1,2019-06-01,2019-06-30,ok,31.900002,121.0,31914,
satellite,nantong_1,2019-05-01,2019-05-31,ok,31.900002,121.0,32953,
satellite,nantong_1,2019-07-01,2019-07-31,ok,31.900002,121.0,33012,
satellite,nantong_1,2019-08-01,2019-08-31,ok,31.900002,121.0,32856,
satellite,nantong_1,2019-11-01,2019-11-30,ok,31.900002,121.0,31062,
satellite,nantong_1,2019-10-01,2019-10-31,ok,31.900002,121.0,32387,
satellite,nantong_1,2019-09-01,2019-09-30,ok,31.900002,121.0,31564,
satellite,nantong_1,2020-01-01,2020-01-31,ok,31.900002,121.0,31566,
satellite,nantong_1,2019-12-01,2019-12-31,ok,31.900002,121.0,31888,
satellite,nantong_1,2020-02-01,2020-02-29,ok,31.900002,121.0,30129,
satellite,nantong_1,2020-03-01,2020-03-31,ok,31.900002,121.0,32495,
satellite,nantong_1,2020-05-01,2020-05-31,ok,31.900002,121.0,32830,
satellite,nantong_1,2020-04-01,2020-04-30,ok,31.900002,121.0,31848,
satellite,nantong_1,2020-07-01,2020-07-31,ok,31.900002,121.0,32541,
satellite,nantong_1,2020-06-01,2020-06-30,ok,31.900002,121.0,31644,
satellite,nantong_1,2020-08-01,2020-08-31,ok,31.900002,121.0,32996,
satellite,nantong_1,2020-10-01,2020-10-31,ok,31.900002,121.0,32379,
satellite,nantong_1,2020-11-01,2020-11-30,ok,31.900002,121.0,30993,
satellite,nantong_1,2020-12-01,2020-12-31,ok,31.900002,121.0,31956,
satellite,nantong_1,2020-09-01,2020-09-30,ok,31.900002,121.0,31504,
satellite,nantong_1,2021-02-01,2021-02-28,ok,31.900002,121.0,29137,
satellite,nantong_1,2021-04-01,2021-04-30,ok,31.900002,121.0,31658,
satellite,nantong_1,2021-03-01,2021-03-31,ok,31.900002,121.0,32277,
satellite,nantong_1,2021-05-01,2021-05-31,ok,31.900002,121.0,32802,
satellite,nantong_1,2021-01-01,2021-01-31,ok,31.900002,121.0,32093,
satellite,nantong_1,2021-08-01,2021-08-31,ok,31.900002,121.0,32887,
satellite,nantong_1,2021-07-01,2021-07-31,ok,31.900002,121.0,32780,
satellite,nantong_1,2021-06-01,2021-06-30,ok,31.900002,121.0,31778,
satellite,nantong_1,2021-09-01,2021-09-30,ok,31.900002,121.0,31593,
satellite,nantong_1,2021-11-01,2021-11-30,ok,31.900002,121.0,31231,
satellite,nantong_1,2021-10-01,2021-10-31,ok,31.900002,121.0,32381,
satellite,nantong_1,2021-12-01,2021-12-31,ok,31.900002,121.0,32128,
satellite,nantong_1,2022-02-01,2022-02-28,ok,31.900002,121.0,29153,
satellite,nantong_1,2022-01-01,2022-01-31,ok,31.900002,121.0,31980,
satellite,nantong_1,2022-03-01,2022-03-31,ok,31.900002,121.0,32509,
satellite,nantong_1,2022-04-01,2022-04-30,ok,31.900002,121.0,31709,
satellite,nantong_1,2022-05-01,2022-05-31,ok,31.900002,121.0,32974,
satellite,nantong_1,2022-06-01,2022-06-30,ok,31.900002,121.0,32100,
satellite,nantong_1,2022-07-01,2022-07-31,ok,31.900002,121.0,33205,
satellite,nantong_1,2022-08-01,2022-08-31,ok,31.900002,121.0,32888,
satellite,nantong_1,2022-10-01,2022-10-31,ok,31.900002,121.0,32434,
satellite,nantong_1,2022-09-01,2022-09-30,ok,31.900002,121.0,31417,
satellite,nantong_1,2022-11-01,2022-11-30,ok,31.900002,121.0,30954,
satellite,nantong_1,2022-12-01,2022-12-31,ok,31.900002,121.0,31952,
satellite,nantong_1,2023-01-01,2023-01-31,ok,31.900002,121.0,32137,
satellite,nantong_1,2023-02-01,2023-02-28,ok,31.900002,121.0,29050,
satellite,nantong_1,2023-03-01,2023-03-31,ok,31.900002,121.0,32556,
satellite,nantong_1,2023-04-01,2023-04-30,ok,31.900002,121.0,31710,
satellite,nantong_1,2023-06-01,2023-06-30,ok,31.900002,121.0,31715,
satellite,nantong_1,2023-07-01,2023-07-31,ok,31.900002,121.0,32916,
satellite,nantong_1,2023-05-01,2023-05-31,ok,31.900002,121.0,32805,
satellite,nantong_1,2023-08-01,2023-08-31,ok,31.900002,121.0,32976,
satellite,nantong_1,2023-09-01,2023-09-30,ok,31.900002,121.0,31319,
satellite,nantong_1,2023-10-01,2023-10-31,ok,31.900002,121.0,32486,
satellite,nantong_1,2023-11-01,2023-11-30,ok,31.900002,121.0,31240,
satellite,nantong_1,2024-02-01,2024-02-29,ok,31.900002,121.0,29751,
satellite,nantong_1,2024-03-01,2024-03-31,ok,31.900002,121.0,32503,
satellite,nantong_1,2024-04-01,2024-04-30,ok,31.900002,121.0,31413,
satellite,nantong_1,2024-05-01,2024-05-31,ok,31.900002,121.0,33121,
satellite,nantong_1,2024-06-01,2024-06-30,ok,31.900002,121.0,31707,
satellite,nantong_1,2024-07-01,2024-07-31,ok,31.900002,121.0,33026,
satellite,nantong_1,2024-08-01,2024-08-31,ok,31.900002,121.0,33128,
satellite,nantong_1,2024-09-01,2024-09-30,ok,31.900002,121.0,31592,
satellite,nantong_1,2024-10-01,2024-10-31,ok,31.900002,121.0,32147,
satellite,nantong_1,2024-11-01,2024-11-30,ok,31.900002,121.0,31060,
satellite,nantong_1,2024-12-01,2024-12-31,ok,31.900002,121.0,32092,
satellite,nantong_1,2025-01-01,2025-01-31,ok,31.900002,121.0,32286,
satellite,nantong_1,2025-02-01,2025-02-28,ok,31.900002,121.0,29233,
satellite,nantong_1,2025-03-01,2025-03-31,ok,31.900002,121.0,32502,
satellite,nantong_1,2025-04-01,2025-04-30,ok,31.900002,121.0,31997,
satellite,nantong_1,2025-05-01,2025-05-31,ok,31.900002,121.0,33030,
satellite,nantong_1,2025-06-01,2025-06-30,ok,31.900002,121.0,31730,
satellite,nantong_1,2025-07-01,2025-07-31,ok,31.900002,121.0,33302,
satellite,nantong_1,2025-08-01,2025-08-31,ok,31.900002,121.0,32998,
satellite,nantong_1,2025-09-01,2025-09-30,ok,31.900002,121.0,31630,
satellite,nantong_1,2025-10-01,2025-10-31,ok,31.900002,121.0,32323,
satellite,nantong_1,2025-11-01,2025-11-30,ok,31.900002,121.0,31270,
satellite,nantong_1,2025-12-01,2025-12-31,ok,31.900002,121.0,32186,
satellite,nantong_1,2026-01-01,2026-01-31,ok,31.900002,121.0,32122,
satellite,nantong_1,2023-12-01,2023-12-31,ok,31.900002,121.0,31956,
satellite,nantong_1,2024-01-01,2024-01-31,ok,31.900002,121.0,32047,
satellite,nantong_2,2019-03-01,2019-03-31,ok,31.900002,121.8,32461,
satellite,nantong_2,2019-02-01,2019-02-28,ok,31.900002,121.8,28794,
satellite,nantong_2,2019-04-01,2019-04-30,ok,31.900002,121.8,31511,
satellite,nantong_2,2019-05-01,2019-05-31,ok,31.900002,121.8,32941,
satellite,nantong_2,2019-06-01,2019-06-30,ok,31.900002,121.8,31920,
satellite,nantong_2,2019-08-01,2019-08-31,ok,31.900002,121.8,32857,
satellite,nantong_2,2019-09-01,2019-09-30,ok,31.900002,121.8,31559,
satellite,nantong_2,2019-07-01,2019-07-31,ok,31.900002,121.8,32994,
satellite,nantong_2,2019-11-01,2019-11-30,ok,31.900002,121.8,31033,
satellite,nantong_2,2019-10-01,2019-10-31,ok,31.900002,121.8,32389,
satellite,nantong_2,2020-01-01,2020-01-31,ok,31.900002,121.8,31610,
satellite,nantong_2,2020-02-01,2020-02-29,ok,31.900002,121.8,30184,
satellite,nantong_2,2019-12-01,2019-12-31,ok,31.900002,121.8,31906,
satellite,nantong_2,2020-03-01,2020-03-31,ok,31.900002,121.8,32507,
satellite,nantong_2,2020-04-01,2020-04-30,ok,31.900002,121.8,31842,
satellite,nantong_2,2020-06-01,2020-06-30,ok,31.900002,121.8,31529,
satellite,nantong_2,2020-05-01,2020-05-31,ok,31.900002,121.8,32834,
satellite,nantong_2,2020-07-01,2020-07-31,ok,31.900002,121.8,32584,
satellite,nantong_2,2020-09-01,2020-09-30,ok,31.900002,121.8,31548,
satellite,nantong_2,2020-10-01,2020-10-31,ok,31.900002,121.8,32398,
satellite,nantong_2,2020-11-01,2020-11-30,ok,31.900002,121.8,30997,
satellite,nantong_2,2020-08-01,2020-08-31,ok,31.900002,121.8,33024,
satellite,nantong_2,2021-01-01,2021-01-31,ok,31.900002,121.8,32127,
satellite,nantong_2,2021-02-01,2021-02-28,ok,31.900002,121.8,29117,
satellite,nantong_2,2021-03-01,2021-03-31,ok,31.900002,121.8,32291,
satellite,nantong_2,2020-12-01,2020-12-31,ok,31.900002,121.8,31863,
satellite,nantong_2,2021-05-01,2021-05-31,ok,31.900002,121.8,32865,
satellite,nantong_2,2021-04-01,2021-04-30,ok,31.900002,121.8,31712,
satellite,nantong_2,2021-06-01,2021-06-30,ok,31.900002,121.8,31772,
satellite,nantong_2,2021-08-01,2021-08-31,ok,31.900002,121.8,32916,
satellite,nantong_2,2021-07-01,2021-07-31,ok,31.900002,121.8,32778,
satellite,nantong_2,2021-09-01,2021-09-30,ok,31.900002,121.8,31527,
satellite,nantong_2,2021-11-01,2021-11-30,ok,31.900002,121.8,31256,
satellite,nantong_2,2021-12-01,2021-12-31,ok,31.900002,121.8,32086,
satellite,nantong_2,2022-01-01,2022-01-31,ok,31.900002,121.8,31969,
satellite,nantong_2,2021-10-01,2021-10-31,ok,31.900002,121.8,32372,
satellite,nantong_2,2022-02-01,2022-02-28,ok,31.900002,121.8,29173,
satellite,nantong_2,2022-03-01,2022-03-31,ok,31.900002,121.8,32474,
satellite,nantong_2,2022-04-01,2022-04-30,ok,31.900002,121.8,31722,
satellite,nantong_2,2022-05-01,2022-05-31,ok,31.900002,121.8,32918,
satellite,nantong_2,2022-06-01,2022-06-30,ok,31.900002,121.8,32051,
satellite,nantong_2,2022-07-01,2022-07-31,ok,31.900002,121.8,33267,
satellite,nantong_2,2022-08-01,2022-08-31,ok,31.900002,121.8,33032,
satellite,nantong_2,2022-10-01,2022-10-31,ok,31.900002,121.8,32396,
satellite,nantong_2,2022-11-01,2022-11-30,ok,31.900002,121.8,30886,
satellite,nantong_2,2022-09-01,2022-09-30,ok,31.900002,121.8,31495,
satellite,nantong_2,2023-02-01,2023-02-28,ok,31.900002,121.8,29090,
satellite,nantong_2,2023-01-01,2023-01-31,ok,31.900002,121.8,32049,
satellite,nantong_2,2022-12-01,2022-12-31,ok,31.900002,121.8,31917,
satellite,nantong_2,2023-04-01,2023-04-30,ok,31.900002,121.8,31729,
satellite,nantong_2,2023-05-01,2023-05-31,ok,31.900002,121.8,32842,
satellite,nantong_2,2023-06-01,2023-06-30,ok,31.900002,121.8,31640,
satellite,nantong_2,2023-07-01,2023-07-31,ok,31.900002,121.8,32858,
satellite,nantong_2,2023-08-01,2023-08-31,ok,31.900002,121.8,33027,
satellite,nantong_2,2023-03-01,2023-03-31,ok,31.900002,121.8,32535,
satellite,nantong_2,2023-09-01,2023-09-30,ok,31.900002,121.8,31314,
satellite,nantong_2,2023-10-01,2023-10-31,ok,31.900002,121.8,32485,
satellite,nantong_2,2023-11-01,2023-11-30,ok,31.900002,121.8,31220,
satellite,nantong_2,2024-02-01,2024-02-29,ok,31.900002,121.8,29770,
satellite,nantong_2,2024-03-01,2024-03-31,ok,31.900002,121.8,32508,
satellite,nantong_2,2024-04-01,2024-04-30,ok,31.900002,121.8,31354,
satellite,nantong_2,2024-05-01,2024-05-31,ok,31.900002,121.8,33120,
satellite,nantong_2,2024-06-01,2024-06-30,ok,31.900002,121.8,31698,
satellite,nantong_2,2024-07-01,2024-07-31,ok,31.900002,121.8,33069,
satellite,nantong_2,2024-08-01,2024-08-31,ok,31.900002,121.8,33227,
satellite,nantong_2,2024-09-01,2024-09-30,ok,31.900002,121.8,31563,
satellite,nantong_2,2024-10-01,2024-10-31,ok,31.900002,121.8,32180,
satellite,nantong_2,2024-11-01,2024-11-30,ok,31.900002,121.8,31030,
satellite,nantong_2,2024-12-01,2024-12-31,ok,31.900002,121.8,32011,
satellite,nantong_2,2025-01-01,2025-01-31,ok,31.900002,121.8,32274,
satellite,nantong_2,2025-02-01,2025-02-28,ok,31.900002,121.8,29232,
satellite,nantong_2,2025-03-01,2025-03-31,ok,31.900002,121.8,32507,
satellite,nantong_2,2025-04-01,2025-04-30,ok,31.900002,121.8,31955,
satellite,nantong_2,2025-05-01,2025-05-31,ok,31.900002,121.8,32994,
satellite,nantong_2,2025-06-01,2025-06-30,ok,31.900002,121.8,31683,
satellite,nantong_2,2025-07-01,2025-07-31,ok,31.900002,121.8,33273,
satellite,nantong_2,2025-08-01,2025-08-31,ok,31.900002,121.8,33110,
satellite,nantong_2,2025-09-01,2025-09-30,ok,31.900002,121.8,31592,
satellite,nantong_2,2025-10-01,2025-10-31,ok,31.900002,121.8,32314,
satellite,nantong_2,2025-11-01,2025-11-30,ok,31.900002,121.8,31267,
satellite,nantong_2,2025-12-01,2025-12-31,ok,31.900002,121.8,32136,
satellite,nantong_2,2026-01-01,2026-01-31,ok,31.900002,121.8,32121,
satellite,nantong_2,2023-12-01,2023-12-31,ok,31.900002,121.8,31918,
satellite,suqian_1,2019-02-01,2019-02-28,ok,33.9,118.2,28921,
satellite,nantong_2,2024-01-01,2024-01-31,ok,31.900002,121.8,32041,
satellite,suqian_1,2019-03-01,2019-03-31,ok,33.9,118.2,32701,
satellite,suqian_1,2019-04-01,2019-04-30,ok,33.9,118.2,31524,
satellite,suqian_1,2019-05-01,2019-05-31,ok,33.9,118.2,33022,
satellite,suqian_1,2019-06-01,2019-06-30,ok,33.9,118.2,32120,
satellite,suqian_1,2019-07-01,2019-07-31,ok,33.9,118.2,33047,
satellite,suqian_1,2019-09-01,2019-09-30,ok,33.9,118.2,31746,
satellite,suqian_1,2019-08-01,2019-08-31,ok,33.9,118.2,32840,
satellite,suqian_1,2019-10-01,2019-10-31,ok,33.9,118.2,32323,
satellite,suqian_1,2019-11-01,2019-11-30,ok,33.9,118.2,31135,
satellite,suqian_1,2020-01-01,2020-01-31,ok,33.9,118.2,31776,
satellite,suqian_1,2019-12-01,2019-12-31,ok,33.9,118.2,31934,
satellite,suqian_1,2020-02-01,2020-02-29,ok,33.9,118.2,30097,
satellite,suqian_1,2020-04-01,2020-04-30,ok,33.9,118.2,31959,
satellite,suqian_1,2020-03-01,2020-03-31,ok,33.9,118.2,32552,
satellite,suqian_1,2020-05-01,2020-05-31,ok,33.9,118.2,32967,
satellite,suqian_1,2020-06-01,2020-06-30,ok,33.9,118.2,31758,
satellite,suqian_1,2020-08-01,2020-08-31,ok,33.9,118.2,32809,
satellite,suqian_1,2020-07-01,2020-07-31,ok,33.9,118.2,32689,
satellite,suqian_1,2020-09-01,2020-09-30,ok,33.9,118.2,31672,
satellite,suqian_1,2020-10-01,2020-10-31,ok,33.9,118.2,32260,
satellite,suqian_1,2020-11-01,2020-11-30,ok,33.9,118.2,30964,
satellite,suqian_1,2020-12-01,2020-12-31,ok,33.9,118.2,32041,
satellite,suqian_1,2021-01-01,2021-01-31,ok,33.9,118.2,32126,
satellite,suqian_1,2021-02-01,2021-02-28,ok,33.9,118.2,29297,
satellite,suqian_1,2021-03-01,2021-03-31,ok,33.9,118.2,32461,
satellite,suqian_1,2021-05-01,2021-05-31,ok,33.9,118.2,32892,
satellite,suqian_1,2021-07-01,2021-07-31,ok,33.9,118.2,32732,
satellite,suqian_1,2021-06-01,2021-06-30,ok,33.9,118.2,32012,
satellite,suqian_1,2021-04-01,2021-04-30,ok,33.9,118.2,31417,
satellite,suqian_1,2021-08-01,2021-08-31,ok,33.9,118.2,32650,
satellite,suqian_1,2021-10-01,2021-10-31,ok,33.9,118.2,32178,
satellite,suqian_1,2021-09-01,2021-09-30,ok,33.9,118.2,31499,
satellite,suqian_1,2022-01-01,2022-01-31,ok,33.9,118.2,32011,
satellite,suqian_1,2021-12-01,2021-12-31,ok,33.9,118.2,32134,
satellite,suqian_1,2021-11-01,2021-11-30,ok,33.9,118.2,31150,
satellite,suqian_1,2022-02-01,2022-02-28,ok,33.9,118.2,29276,
satellite,suqian_1,2022-03-01,2022-03-31,ok,33.9,118.2,32533,
satellite,suqian_1,2022-04-01,2022-04-30,ok,33.9,118.2,31880,
satellite,suqian_1,2022-07-01,2022-07-31,ok,33.9,118.2,32868,
satellite,suqian_1,2022-06-01,2022-06-30,ok,33.9,118.2,32056,
satellite,suqian_1,2022-05-01,2022-05-31,ok,33.9,118.2,33150,
satellite,suqian_1,2022-08-01,2022-08-31,ok,33.9,118.2,32873,
satellite,suqian_1,2022-09-01,2022-09-30,ok,33.9,118.2,31690,
satellite,suqian_1,2022-10-01,2022-10-31,ok,33.9,118.2,32367,
satellite,suqian_1,2022-11-01,2022-11-30,ok,33.9,118.2,30834,
satellite,suqian_1,2023-01-01,2023-01-31,ok,33.9,118.2,32172,
satellite,suqian_1,2022-12-01,2022-12-31,ok,33.9,118.2,31994,
satellite,suqian_1,2023-02-01,2023-02-28,ok,33.9,118.2,29175,
satellite,suqian_1,2023-03-01,2023-03-31,ok,33.9,118.2,32684,
satellite,suqian_1,2023-05-01,2023-05-31,ok,33.9,118.2,32833,
satellite,suqian_1,2023-04-01,2023-04-30,ok,33.9,118.2,31665,
satellite,suqian_1,2023-06-01,2023-06-30,ok,33.9,118.2,31886,
satellite,suqian_1,2023-07-01,2023-07-31,ok,33.9,118.2,32883,
satellite,suqian_1,2023-09-01,2023-09-30,ok,33.9,118.2,31421,
satellite,suqian_1,2023-10-01,2023-10-31,ok,33.9,118.2,32474,
satellite,suqian_1,2023-08-01,2023-08-31,ok,33.9,118.2,32967,
satellite,suqian_1,2023-11-01,2023-11-30,ok,33.9,118.2,31161,
satellite,suqian_1,2024-02-01,2024-02-29,ok,33.9,118.2,29924,
satellite,suqian_1,2024-03-01,2024-03-31,ok,33.9,118.2,32530,
satellite,suqian_1,2024-04-01,2024-04-30,ok,33.9,118.2,31689,
satellite,suqian_1,2024-05-01,2024-05-31,ok,33.9,118.2,33219,
satellite,suqian_1,2024-06-01,2024-06-30,ok,33.9,118.2,32196,
satellite,suqian_1,2024-07-01,2024-07-31,ok,33.9,118.2,32751,
satellite,suqian_1,2024-08-01,2024-08-31,ok,33.9,118.2,33019,
satellite,suqian_1,2024-09-01,2024-09-30,ok,33.9,118.2,31620,
satellite,suqian_1,2024-10-01,2024-10-31,ok,33.9,118.2,32369,
satellite,suqian_1,2024-11-01,2024-11-30,ok,33.9,118.2,31118,
satellite,suqian_1,2024-12-01,2024-12-31,ok,33.9,118.2,32176,
satellite,suqian_1,2025-01-01,2025-01-31,ok,33.9,118.2,32196,
satellite,suqian_1,2025-02-01,2025-02-28,ok,33.9,118.2,29357,
satellite,suqian_1,2025-03-01,2025-03-31,ok,33.9,118.2,32615,
satellite,suqian_1,2025-04-01,2025-04-30,ok,33.9,118.2,32010,
satellite,suqian_1,2025-05-01,2025-05-31,ok,33.9,118.2,33088,
satellite,suqian_1,2025-06-01,2025-06-30,ok,33.9,118.2,31907,
satellite,suqian_1,2025-07-01,2025-07-31,ok,33.9,118.2,33304,
satellite,suqian_1,2025-08-01,2025-08-31,ok,33.9,118.2,32830,
satellite,suqian_1,2025-09-01,2025-09-30,ok,33.9,118.2,31173,
satellite,suqian_1,2025-10-01,2025-10-31,ok,33.9,118.2,32024,
satellite,suqian_1,2025-11-01,2025-11-30,ok,33.9,118.2,31253,
satellite,suqian_1,2025-12-01,2025-12-31,ok,33.9,118.2,32150,
satellite,suqian_1,2026-01-01,2026-01-31,ok,33.9,118.2,32111,
satellite,suqian_1,2024-01-01,2024-01-31,ok,33.9,118.2,32004,
satellite,xuzhou_1,2019-02-01,2019-02-28,ok,34.700005,116.600006,29054,
satellite,xuzhou_1,2019-04-01,2019-04-30,ok,34.700005,116.600006,31699,
satellite,suqian_1,2023-12-01,2023-12-31,ok,33.9,118.2,31908,
satellite,xuzhou_1,2019-03-01,2019-03-31,ok,34.700005,116.600006,32735,
satellite,xuzhou_1,2019-05-01,2019-05-31,ok,34.700005,116.600006,33163,
satellite,xuzhou_1,2019-06-01,2019-06-30,ok,34.700005,116.600006,32247,
satellite,xuzhou_1,2019-07-01,2019-07-31,ok,34.700005,116.600006,33101,
satellite,xuzhou_1,2019-09-01,2019-09-30,ok,34.700005,116.600006,31693,
satellite,xuzhou_1,2019-08-01,2019-08-31,ok,34.700005,116.600006,32796,
satellite,xuzhou_1,2019-12-01,2019-12-31,ok,34.700005,116.600006,32014,
satellite,xuzhou_1,2019-11-01,2019-11-30,ok,34.700005,116.600006,31085,
satellite,xuzhou_1,2019-10-01,2019-10-31,ok,34.700005,116.600006,32177,
satellite,xuzhou_1,2020-02-01,2020-02-29,ok,34.700005,116.600006,30096,
satellite,xuzhou_1,2020-01-01,2020-01-31,ok,34.700005,116.600006,31803,
satellite,xuzhou_1,2020-03-01,2020-03-31,ok,34.700005,116.600006,32595,
satellite,xuzhou_1,2020-05-01,2020-05-31,ok,34.700005,116.600006,33036,
satellite,xuzhou_1,2020-04-01,2020-04-30,ok,34.700005,116.600006,31974,
satellite,xuzhou_1,2020-06-01,2020-06-30,ok,34.700005,116.600006,31916,
satellite,xuzhou_1,2020-07-01,2020-07-31,ok,34.700005,116.600006,32822,
satellite,xuzhou_1,2020-08-01,2020-08-31,ok,34.700005,116.600006,32804,
satellite,xuzhou_1,2020-10-01,2020-10-31,ok,34.700005,116.600006,32125,
satellite,xuzhou_1,2020-09-01,2020-09-30,ok,34.700005,116.600006,31737,
satellite,xuzhou_1,2021-01-01,2021-01-31,ok,34.700005,116.600006,32176,
satellite,xuzhou_1,2020-11-01,2020-11-30,ok,34.700005,116.600006,31065,
satellite,xuzhou_1,2021-02-01,2021-02-28,ok,34.700005,116.600006,29298,
satellite,xuzhou_1,2021-03-01,2021-03-31,ok,34.700005,116.600006,32520,
satellite,xuzhou_1,2020-12-01,2020-12-31,ok,34.700005,116.600006,32063,
satellite,xuzhou_1,2021-06-01,2021-06-30,ok,34.700005,116.600006,32069,
satellite,xuzhou_1,2021-05-01,2021-05-31,ok,34.700005,116.600006,33081,
satellite,xuzhou_1,2021-04-01,2021-04-30,ok,34.700005,116.600006,31526,
satellite,xuzhou_1,2021-07-01,2021-07-31,ok,34.700005,116.600006,32914,
satellite,xuzhou_1,2021-08-01,2021-08-31,ok,34.700005,116.600006,32621,
satellite,xuzhou_1,2021-10-01,2021-10-31,ok,34.700005,116.600006,32219,
satellite,xuzhou_1,2021-09-01,2021-09-30,ok,34.700005,116.600006,31302,
satellite,xuzhou_1,2021-11-01,2021-11-30,ok,34.700005,116.600006,31201,
satellite,xuzhou_1,2022-01-01,2022-01-31,ok,34.700005,116.600006,32006,
satellite,xuzhou_1,2022-02-01,2022-02-28,ok,34.700005,116.600006,29315,
satellite,xuzhou_1,2022-03-01,2022-03-31,ok,34.700005,116.600006,32598,
satellite,xuzhou_1,2021-12-01,2021-12-31,ok,34.700005,116.600006,32139,
satellite,xuzhou_1,2022-04-01,2022-04-30,ok,34.700005,116.600006,31914,
satellite,xuzhou_1,2022-06-01,2022-06-30,ok,34.700005,116.600006,32270,
satellite,xuzhou_1,2022-07-01,2022-07-31,ok,34.700005,116.600006,32859,
satellite,xuzhou_1,2022-05-01,2022-05-31,ok,34.700005,116.600006,33214,
satellite,xuzhou_1,2022-08-01,2022-08-31,ok,34.700005,116.600006,32876,
satellite,xuzhou_1,2022-10-01,2022-10-31,ok,34.700005,116.600006,32394,
satellite,xuzhou_1,2022-09-01,2022-09-30,ok,34.700005,116.600006,31823,
satellite,xuzhou_1,2022-11-01,2022-11-30,ok,34.700005,116.600006,30898,
satellite,xuzhou_1,2022-12-01,2022-12-31,ok,34.700005,116.600006,32082,
satellite,xuzhou_1,2023-01-01,2023-01-31,ok,34.700005,116.600006,32148,
satellite,xuzhou_1,2023-02-01,2023-02-28,ok,34.700005,116.600006,29258,
satellite,xuzhou_1,2023-04-01,2023-04-30,ok,34.700005,116.600006,31677,
satellite,xuzhou_1,2023-03-01,2023-03-31,ok,34.700005,116.600006,32674,
satellite,xuzhou_1,2023-07-01,2023-07-31,ok,34.700005,116.600006,33119,
satellite,xuzhou_1,2023-06-01,2023-06-30,ok,34.700005,116.600006,32027,
satellite,xuzhou_1,2023-05-01,2023-05-31,ok,34.700005,116.600006,32825,
satellite,xuzhou_1,2023-08-01,2023-08-31,ok,34.700005,116.600006,33011,
satellite,xuzhou_1,2023-09-01,2023-09-30,ok,34.700005,116.600006,31487,
satellite,xuzhou_1,2023-10-01,2023-10-31,ok,34.700005,116.600006,32449,
satellite,xuzhou_1,2023-11-01,2023-11-30,ok,34.700005,116.600006,31142,
satellite,xuzhou_1,2023-12-01,2023-12-31,ok,34.700005,116.600006,31904,
satellite,xuzhou_1,2024-02-01,2024-02-29,ok,34.700005,116.600006,30054,
satellite,xuzhou_1,2024-03-01,2024-03-31,ok,34.700005,116.600006,32555,
satellite,xuzhou_1,2024-04-01,2024-04-30,ok,34.700005,116.600006,31837,
satellite,xuzhou_1,2024-05-01,2024-05-31,ok,34.700005,116.600006,33280,
satellite,xuzhou_1,2024-06-01,2024-06-30,ok,34.700005,116.600006,32256,
satellite,xuzhou_1,2024-07-01,2024-07-31,ok,34.700005,116.600006,32852,
satellite,xuzhou_1,2024-08-01,2024-08-31,ok,34.700005,116.600006,32981,
satellite,xuzhou_1,2024-09-01,2024-09-30,ok,34.700005,116.600006,31528,
satellite,xuzhou_1,2024-10-01,2024-10-31,ok,34.700005,116.600006,32404,
satellite,xuzhou_1,2024-11-01,2024-11-30,ok,34.700005,116.600006,31112,
satellite,xuzhou_1,2024-12-01,2024-12-31,ok,34.700005,116.600006,32188,
satellite,xuzhou_1,2025-01-01,2025-01-31,ok,34.700005,116.600006,32177,
satellite,xuzhou_1,2025-02-01,2025-02-28,ok,34.700005,116.600006,29375,
satellite,xuzhou_1,2025-03-01,2025-03-31,ok,34.700005,116.600006,32645,
satellite,xuzhou_1,2025-04-01,2025-04-30,ok,34.700005,116.600006,32111,
satellite,xuzhou_1,2025-05-01,2025-05-31,ok,34.700005,116.600006,33247,
satellite,xuzhou_1,2025-06-01,2025-06-30,ok,34.700005,116.600006,32036,
satellite,xuzhou_1,2025-07-01,2025-07-31,ok,34.700005,116.600006,33391,
satellite,xuzhou_1,2025-08-01,2025-08-31,ok,34.700005,116.600006,32917,
satellite,xuzhou_1,2025-09-01,2025-09-30,ok,34.700005,116.600006,31223,
satellite,xuzhou_1,2025-10-01,2025-10-31,ok,34.700005,116.600006,31878,
satellite,xuzhou_1,2025-11-01,2025-11-30,ok,34.700005,116.600006,31262,
satellite,xuzhou_1,2025-12-01,2025-12-31,ok,34.700005,116.600006,32096,
satellite,xuzhou_1,2026-01-01,2026-01-31,ok,34.700005,116.600006,32128,
satellite,xuzhou_1,2024-01-01,2024-01-31,ok,34.700005,116.600006,32075,
satellite,huai_an_1,2019-03-01,2019-03-31,ok,33.1,119.4,32629,
satellite,huai_an_1,2019-02-01,2019-02-28,ok,33.1,119.4,28872,
satellite,huai_an_1,2019-04-01,2019-04-30,ok,33.1,119.4,31478,
satellite,huai_an_1,2019-05-01,2019-05-31,ok,33.1,119.4,32959,
satellite,huai_an_1,2019-06-01,2019-06-30,ok,33.1,119.4,32018,
satellite,huai_an_1,2019-07-01,2019-07-31,ok,33.1,119.4,33029,
satellite,huai_an_1,2019-09-01,2019-09-30,ok,33.1,119.4,31666,
satellite,huai_an_1,2019-08-01,2019-08-31,ok,33.1,119.4,32892,
satellite,huai_an_1,2019-10-01,2019-10-31,ok,33.1,119.4,32354,
satellite,huai_an_1,2019-12-01,2019-12-31,ok,33.1,119.4,31889,
satellite,huai_an_1,2020-01-01,2020-01-31,ok,33.1,119.4,31701,
satellite,huai_an_1,2020-02-01,2020-02-29,ok,33.1,119.4,30164,
satellite,huai_an_1,2019-11-01,2019-11-30,ok,33.1,119.4,31121,
satellite,huai_an_1,2020-04-01,2020-04-30,ok,33.1,119.4,31861,
satellite,huai_an_1,2020-03-01,2020-03-31,ok,33.1,119.4,32515,
satellite,huai_an_1,2020-05-01,2020-05-31,ok,33.1,119.4,32909,
satellite,huai_an_1,2020-06-01,2020-06-30,ok,33.1,119.4,31656,
satellite,huai_an_1,2020-07-01,2020-07-31,ok,33.1,119.4,32619,
satellite,huai_an_1,2020-10-01,2020-10-31,ok,33.1,119.4,32320,
satellite,huai_an_1,2020-09-01,2020-09-30,ok,33.1,119.4,31655,
satellite,huai_an_1,2020-08-01,2020-08-31,ok,33.1,119.4,32880,
satellite,huai_an_1,2020-12-01,2020-12-31,ok,33.1,119.4,32013,
satellite,huai_an_1,2021-01-01,2021-01-31,ok,33.1,119.4,32094,
satellite,huai_an_1,2021-02-01,2021-02-28,ok,33.1,119.4,29271,
satellite,huai_an_1,2020-11-01,2020-11-30,ok,33.1,119.4,30922,
satellite,huai_an_1,2021-04-01,2021-04-30,ok,33.1,119.4,31496,
satellite,huai_an_1,2021-03-01,2021-03-31,ok,33.1,119.4,32412,
satellite,huai_an_1,2021-05-01,2021-05-31,ok,33.1,119.4,32827,
satellite,huai_an_1,2021-07-01,2021-07-31,ok,33.1,119.4,32706,
satellite,huai_an_1,2021-09-01,2021-09-30,ok,33.1,119.4,31634,
satellite,huai_an_1,2021-08-01,2021-08-31,ok,33.1,119.4,32812,
satellite,huai_an_1,2021-06-01,2021-06-30,ok,33.1,119.4,31939,
satellite,huai_an_1,2021-11-01,2021-11-30,ok,33.1,119.4,31203,
satellite,huai_an_1,2021-10-01,2021-10-31,ok,33.1,119.4,32296,
satellite,huai_an_1,2021-12-01,2021-12-31,ok,33.1,119.4,32162,
satellite,huai_an_1,2022-01-01,2022-01-31,ok,33.1,119.4,32055,
satellite,huai_an_1,2022-02-01,2022-02-28,ok,33.1,119.4,29231,
satellite,huai_an_1,2022-05-01,2022-05-31,ok,33.1,119.4,33165,
satellite,huai_an_1,2022-03-01,2022-03-31,ok,33.1,119.4,32513,
satellite,huai_an_1,2022-04-01,2022-04-30,ok,33.1,119.4,31815,
satellite,huai_an_1,2022-06-01,2022-06-30,ok,33.1,119.4,32175,
satellite,huai_an_1,2022-07-01,2022-07-31,ok,33.1,119.4,33083,
satellite,huai_an_1,2022-08-01,2022-08-31,ok,33.1,119.4,32914,
satellite,huai_an_1,2022-09-01,2022-09-30,ok,33.1,119.4,31665,
satellite,huai_an_1,2022-11-01,2022-11-30,ok,33.1,119.4,30914,
satellite,huai_an_1,2022-10-01,2022-10-31,ok,33.1,119.4,32379,
satellite,huai_an_1,2023-01-01,2023-01-31,ok,33.1,119.4,32177,
satellite,huai_an_1,2022-12-01,2022-12-31,ok,33.1,119.4,31951,
satellite,huai_an_1,2023-02-01,2023-02-28,ok,33.1,119.4,29125,
satellite,huai_an_1,2023-03-01,2023-03-31,ok,33.1,119.4,32579,
satellite,huai_an_1,2023-04-01,2023-04-30,ok,33.1,119.4,31650,
satellite,huai_an_1,2023-05-01,2023-05-31,ok,33.1,119.4,32827,
satellite,huai_an_1,2023-06-01,2023-06-30,ok,33.1,119.4,31853,
satellite,huai_an_1,2023-07-01,2023-07-31,ok,33.1,119.4,32709,
satellite,huai_an_1,2023-10-01,2023-10-31,ok,33.1,119.4,32501,
satellite,huai_an_1,2023-09-01,2023-09-30,ok,33.1,119.4,31395,
satellite,huai_an_1,2023-11-01,2023-11-30,ok,33.1,119.4,31162,
satellite,huai_an_1,2024-01-01,2024-01-31,ok,33.1,119.4,31962,
satellite,huai_an_1,2024-02-01,2024-02-29,ok,33.1,119.4,29897,
satellite,huai_an_1,2024-03-01,2024-03-31,ok,33.1,119.4,32454,
satellite,huai_an_1,2024-04-01,2024-04-30,ok,33.1,119.4,31612,
satellite,huai_an_1,2024-05-01,2024-05-31,ok,33.1,119.4,33119,
satellite,huai_an_1,2024-06-01,2024-06-30,ok,33.1,119.4,32005,
satellite,huai_an_1,2024-07-01,2024-07-31,ok,33.1,119.4,32945,
satellite,huai_an_1,2024-08-01,2024-08-31,ok,33.1,119.4,32993,
satellite,huai_an_1,2024-09-01,2024-09-30,ok,33.1,119.4,31642,
satellite,huai_an_1,2024-10-01,2024-10-31,ok,33.1,119.4,32292,
satellite,huai_an_1,2024-11-01,2024-11-30,ok,33.1,119.4,31132,
satellite,huai_an_1,2024-12-01,2024-12-31,ok,33.1,119.4,32180,
satellite,huai_an_1,2025-01-01,2025-01-31,ok,33.1,119.4,32254,
satellite,huai_an_1,2025-02-01,2025-02-28,ok,33.1,119.4,29342,
satellite,huai_an_1,2025-03-01,2025-03-31,ok,33.1,119.4,32557,
satellite,huai_an_1,2025-04-01,2025-04-30,ok,33.1,119.4,31997,
satellite,huai_an_1,2025-05-01,2025-05-31,ok,33.1,119.4,33082,
satellite,huai_an_1,2025-06-01,2025-06-30,ok,33.1,119.4,31844,
satellite,huai_an_1,2025-07-01,2025-07-31,ok,33.1,119.4,33295,
satellite,huai_an_1,2025-08-01,2025-08-31,ok,33.1,119.4,32869,
satellite,huai_an_1,2025-09-01,2025-09-30,ok,33.1,119.4,31388,
satellite,huai_an_1,2025-10-01,2025-10-31,ok,33.1,119.4,32124,
satellite,huai_an_1,2025-11-01,2025-11-30,ok,33.1,119.4,31250,
satellite,huai_an_1,2025-12-01,2025-12-31,ok,33.1,119.4,32139,
satellite,huai_an_1,2026-01-01,2026-01-31,ok,33.1,119.4,32102,
satellite,huai_an_1,2023-12-01,2023-12-31,ok,33.1,119.4,31924,
satellite,huai_an_1,2023-08-01,2023-08-31,ok,33.1,119.4,32958,
satellite,huai_an_2,2019-03-01,2019-03-31,ok,33.9,119.4,32741,
satellite,huai_an_2,2019-02-01,2019-02-28,ok,33.9,119.4,28933,
satellite,huai_an_2,2019-04-01,2019-04-30,ok,33.9,119.4,31551,
satellite,huai_an_2,2019-05-01,2019-05-31,ok,33.9,119.4,32969,
satellite,huai_an_2,2019-07-01,2019-07-31,ok,33.9,119.4,33039,
satellite,huai_an_2,2019-06-01,2019-06-30,ok,33.9,119.4,32158,
satellite,huai_an_2,2019-08-01,2019-08-31,ok,33.9,119.4,32929,
satellite,huai_an_2,2019-11-01,2019-11-30,ok,33.9,119.4,31128,
satellite,huai_an_2,2019-10-01,2019-10-31,ok,33.9,119.4,32441,
satellite,huai_an_2,2019-12-01,2019-12-31,ok,33.9,119.4,31957,
satellite,huai_an_2,2019-09-01,2019-09-30,ok,33.9,119.4,31732,
satellite,huai_an_2,2020-02-01,2020-02-29,ok,33.9,119.4,30144,
satellite,huai_an_2,2020-01-01,2020-01-31,ok,33.9,119.4,31832,
satellite,huai_an_2,2020-04-01,2020-04-30,ok,33.9,119.4,32000,
satellite,huai_an_2,2020-05-01,2020-05-31,ok,33.9,119.4,32953,
satellite,huai_an_2,2020-03-01,2020-03-31,ok,33.9,119.4,32585,
satellite,huai_an_2,2020-06-01,2020-06-30,ok,33.9,119.4,31737,
satellite,huai_an_2,2020-08-01,2020-08-31,ok,33.9,119.4,32791,
satellite,huai_an_2,2020-07-01,2020-07-31,ok,33.9,119.4,32747,
satellite,huai_an_2,2020-10-01,2020-10-31,ok,33.9,119.4,32312,
satellite,huai_an_2,2020-11-01,2020-11-30,ok,33.9,119.4,30968,
satellite,huai_an_2,2020-09-01,2020-09-30,ok,33.9,119.4,31708,
satellite,huai_an_2,2020-12-01,2020-12-31,ok,33.9,119.4,32039,
satellite,huai_an_2,2021-01-01,2021-01-31,ok,33.9,119.4,32098,
satellite,huai_an_2,2021-02-01,2021-02-28,ok,33.9,119.4,29276,
satellite,huai_an_2,2021-03-01,2021-03-31,ok,33.9,119.4,32562,
satellite,huai_an_2,2021-04-01,2021-04-30,ok,33.9,119.4,31568,
satellite,huai_an_2,2021-05-01,2021-05-31,ok,33.9,119.4,32933,
satellite,huai_an_2,2021-07-01,2021-07-31,ok,33.9,119.4,32749,
satellite,huai_an_2,2021-06-01,2021-06-30,ok,33.9,119.4,31976,
satellite,huai_an_2,2021-10-01,2021-10-31,ok,33.9,119.4,32259,
satellite,huai_an_2,2021-08-01,2021-08-31,ok,33.9,119.4,32731,
satellite,huai_an_2,2021-09-01,2021-09-30,ok,33.9,119.4,31590,
satellite,huai_an_2,2021-11-01,2021-11-30,ok,33.9,119.4,31183,
satellite,huai_an_2,2021-12-01,2021-12-31,ok,33.9,119.4,32142,
satellite,huai_an_2,2022-01-01,2022-01-31,ok,33.9,119.4,32047,
satellite,huai_an_2,2022-02-01,2022-02-28,ok,33.9,119.4,29266,
satellite,huai_an_2,2022-04-01,2022-04-30,ok,33.9,119.4,31919,
satellite,huai_an_2,2022-05-01,2022-05-31,ok,33.9,119.4,33220,
satellite,huai_an_2,2022-06-01,2022-06-30,ok,33.9,119.4,32083,
satellite,huai_an_2,2022-03-01,2022-03-31,ok,33.9,119.4,32579,
satellite,huai_an_2,2022-07-01,2022-07-31,ok,33.9,119.4,32959,
satellite,huai_an_2,2022-09-01,2022-09-30,ok,33.9,119.4,31698,
satellite,huai_an_2,2022-08-01,2022-08-31,ok,33.9,119.4,32971,
satellite,huai_an_2,2022-12-01,2022-12-31,ok,33.9,119.4,32019,
satellite,huai_an_2,2022-11-01,2022-11-30,ok,33.9,119.4,30960,
satellite,huai_an_2,2022-10-01,2022-10-31,ok,33.9,119.4,32427,
satellite,huai_an_2,2023-02-01,2023-02-28,ok,33.9,119.4,29203,
satellite,huai_an_2,2023-01-01,2023-01-31,ok,33.9,119.4,32170,
satellite,huai_an_2,2023-03-01,2023-03-31,ok,33.9,119.4,32703,
satellite,huai_an_2,2023-05-01,2023-05-31,ok,33.9,119.4,32935,
satellite,huai_an_2,2023-04-01,2023-04-30,ok,33.9,119.4,31766,
satellite,huai_an_2,2023-06-01,2023-06-30,ok,33.9,119.4,31886,
satellite,huai_an_2,2023-07-01,2023-07-31,ok,33.9,119.4,32825,
satellite,huai_an_2,2023-09-01,2023-09-30,ok,33.9,119.4,31417,
satellite,huai_an_2,2023-08-01,2023-08-31,ok,33.9,119.4,33010,
satellite,huai_an_2,2023-10-01,2023-10-31,ok,33.9,119.4,32491,
satellite,huai_an_2,2023-11-01,2023-11-30,ok,33.9,119.4,31156,
satellite,huai_an_2,2024-02-01,2024-02-29,ok,33.9,119.4,29947,
satellite,huai_an_2,2024-03-01,2024-03-31,ok,33.9,119.4,32545,
satellite,huai_an_2,2024-04-01,2024-04-30,ok,33.9,119.4,31700,
satellite,huai_an_2,2024-05-01,2024-05-31,ok,33.9,119.4,33232,
satellite,huai_an_2,2024-06-01,2024-06-30,ok,33.9,119.4,32165,
satellite,huai_an_2,2024-07-01,2024-07-31,ok,33.9,119.4,32835,
satellite,huai_an_2,2024-08-01,2024-08-31,ok,33.9,119.4,32988,
satellite,huai_an_2,2024-09-01,2024-09-30,ok,33.9,119.4,31608,
satellite,huai_an_2,2024-10-01,2024-10-31,ok,33.9,119.4,32321,
satellite,huai_an_2,2024-11-01,2024-11-30,ok,33.9,119.4,31157,
satellite,huai_an_2,2024-12-01,2024-12-31,ok,33.9,119.4,32221,
satellite,huai_an_2,2025-01-01,2025-01-31,ok,33.9,119.4,32247,
satellite,huai_an_2,2025-02-01,2025-02-28,ok,33.9,119.4,29385,
satellite,huai_an_2,2025-03-01,2025-03-31,ok,33.9,119.4,32637,
satellite,huai_an_2,2025-04-01,2025-04-30,ok,33.9,119.4,32063,
satellite,huai_an_2,2025-05-01,2025-05-31,ok,33.9,119.4,33162,
satellite,huai_an_2,2025-06-01,2025-06-30,ok,33.9,119.4,31864,
satellite,huai_an_2,2025-07-01,2025-07-31,ok,33.9,119.4,33361,
satellite,huai_an_2,2025-08-01,2025-08-31,ok,33.9,119.4,32894,
satellite,huai_an_2,2025-09-01,2025-09-30,ok,33.9,119.4,31351,
satellite,huai_an_2,2025-10-01,2025-10-31,ok,33.9,119.4,32039,
satellite,huai_an_2,2025-11-01,2025-11-30,ok,33.9,119.4,31262,
satellite,huai_an_2,2025-12-01,2025-12-31,ok,33.9,119.4,32141,
satellite,huai_an_2,2026-01-01,2026-01-31,ok,33.9,119.4,32142,
satellite,huai_an_2,2023-12-01,2023-12-31,ok,33.9,119.4,31880,
satellite,huai_an_2,2024-01-01,2024-01-31,ok,33.9,119.4,31932,
satellite,xuzhou_2,2019-02-01,2019-02-28,ok,34.300003,117.4,28994,
satellite,xuzhou_2,2019-04-01,2019-04-30,ok,34.300003,117.4,31619,
satellite,xuzhou_2,2019-05-01,2019-05-31,ok,34.300003,117.4,33091,
satellite,xuzhou_2,2019-03-01,2019-03-31,ok,34.300003,117.4,32728,
satellite,xuzhou_2,2019-07-01,2019-07-31,ok,34.300003,117.4,33089,
satellite,xuzhou_2,2019-06-01,2019-06-30,ok,34.300003,117.4,32230,
satellite,xuzhou_2,2019-08-01,2019-08-31,ok,34.300003,117.4,32838,
satellite,xuzhou_2,2019-10-01,2019-10-31,ok,34.300003,117.4,32219,
satellite,xuzhou_2,2019-09-01,2019-09-30,ok,34.300003,117.4,31747,
satellite,xuzhou_2,2019-12-01,2019-12-31,ok,34.300003,117.4,31973,
satellite,xuzhou_2,2019-11-01,2019-11-30,ok,34.300003,117.4,31097,
satellite,xuzhou_2,2020-01-01,2020-01-31,ok,34.300003,117.4,31800,
satellite,xuzhou_2,2020-02-01,2020-02-29,ok,34.300003,117.4,30106,
satellite,xuzhou_2,2020-04-01,2020-04-30,ok,34.300003,117.4,32020,
satellite,xuzhou_2,2020-05-01,2020-05-31,ok,34.300003,117.4,33011,
satellite,xuzhou_2,2020-03-01,2020-03-31,ok,34.300003,117.4,32567,
satellite,xuzhou_2,2020-06-01,2020-06-30,ok,34.300003,117.4,31850,
satellite,xuzhou_2,2020-07-01,2020-07-31,ok,34.300003,117.4,32732,
satellite,xuzhou_2,2020-08-01,2020-08-31,ok,34.300003,117.4,32831,
satellite,xuzhou_2,2020-09-01,2020-09-30,ok,34.300003,117.4,31705,
satellite,xuzhou_2,2020-11-01,2020-11-30,ok,34.300003,117.4,31059,
satellite,xuzhou_2,2020-10-01,2020-10-31,ok,34.300003,117.4,32188,
satellite,xuzhou_2,2021-01-01,2021-01-31,ok,34.300003,117.4,32151,
satellite,xuzhou_2,2021-02-01,2021-02-28,ok,34.300003,117.4,29289,
satellite,xuzhou_2,2020-12-01,2020-12-31,ok,34.300003,117.4,32057,
satellite,xuzhou_2,2021-04-01,2021-04-30,ok,34.300003,117.4,31449,
satellite,xuzhou_2,2021-05-01,2021-05-31,ok,34.300003,117.4,33026,
satellite,xuzhou_2,2021-03-01,2021-03-31,ok,34.300003,117.4,32570,
satellite,xuzhou_2,2021-07-01,2021-07-31,ok,34.300003,117.4,32822,
satellite,xuzhou_2,2021-06-01,2021-06-30,ok,34.300003,117.4,32047,
satellite,xuzhou_2,2021-09-01,2021-09-30,ok,34.300003,117.4,31472,
satellite,xuzhou_2,2021-11-01,2021-11-30,ok,34.300003,117.4,31189,
satellite,xuzhou_2,2021-10-01,2021-10-31,ok,34.300003,117.4,32259,
satellite,xuzhou_2,2021-08-01,2021-08-31,ok,34.300003,117.4,32632,
satellite,xuzhou_2,2022-01-01,2022-01-31,ok,34.300003,117.4,32018,
satellite,xuzhou_2,2021-12-01,2021-12-31,ok,34.300003,117.4,32154,
satellite,xuzhou_2,2022-02-01,2022-02-28,ok,34.300003,117.4,29277,
satellite,xuzhou_2,2022-04-01,2022-04-30,ok,34.300003,117.4,31898,
satellite,xuzhou_2,2022-05-01,2022-05-31,ok,34.300003,117.4,33199,
satellite,xuzhou_2,2022-03-01,2022-03-31,ok,34.300003,117.4,32569,
satellite,xuzhou_2,2022-06-01,2022-06-30,ok,34.300003,117.4,32153,
satellite,xuzhou_2,2022-07-01,2022-07-31,ok,34.300003,117.4,32853,
satellite,xuzhou_2,2022-08-01,2022-08-31,ok,34.300003,117.4,32825,
satellite,xuzhou_2,2022-09-01,2022-09-30,ok,34.300003,117.4,31795,
satellite,xuzhou_2,2022-10-01,2022-10-31,ok,34.300003,117.4,32435,
satellite,xuzhou_2,2022-11-01,2022-11-30,ok,34.300003,117.4,30916,
satellite,xuzhou_2,2022-12-01,2022-12-31,ok,34.300003,117.4,32080,
satellite,xuzhou_2,2023-01-01,2023-01-31,ok,34.300003,117.4,32156,
satellite,xuzhou_2,2023-02-01,2023-02-28,ok,34.300003,117.4,29223,
satellite,xuzhou_2,2023-03-01,2023-03-31,ok,34.300003,117.4,32691,
satellite,xuzhou_2,2023-04-01,2023-04-30,ok,34.300003,117.4,31667,
satellite,xuzhou_2,2023-06-01,2023-06-30,ok,34.300003,117.4,31988,
satellite,xuzhou_2,2023-05-01,2023-05-31,ok,34.300003,117.4,32898,
satellite,xuzhou_2,2023-07-01,2023-07-31,ok,34.300003,117.4,32977,
satellite,xuzhou_2,2023-10-01,2023-10-31,ok,34.300003,117.4,32461,
satellite,xuzhou_2,2023-09-01,2023-09-30,ok,34.300003,117.4,31479,
satellite,xuzhou_2,2023-08-01,2023-08-31,ok,34.300003,117.4,33033,
satellite,xuzhou_2,2023-11-01,2023-11-30,ok,34.300003,117.4,31158,
satellite,xuzhou_2,2024-02-01,2024-02-29,ok,34.300003,117.4,30061,
satellite,xuzhou_2,2024-03-01,2024-03-31,ok,34.300003,117.4,32547,
satellite,xuzhou_2,2024-04-01,2024-04-30,ok,34.300003,117.4,31767,
satellite,xuzhou_2,2024-05-01,2024-05-31,ok,34.300003,117.4,33273,
satellite,xuzhou_2,2024-06-01,2024-06-30,ok,34.300003,117.4,32221,
satellite,xuzhou_2,2024-07-01,2024-07-31,ok,34.300003,117.4,32796,
satellite,xuzhou_2,2024-08-01,2024-08-31,ok,34.300003,117.4,33058,
satellite,xuzhou_2,2024-09-01,2024-09-30,ok,34.300003,117.4,31604,
satellite,xuzhou_2,2024-10-01,2024-10-31,ok,34.300003,117.4,32357,
satellite,xuzhou_2,2024-11-01,2024-11-30,ok,34.300003,117.4,31111,
satellite,xuzhou_2,2024-12-01,2024-12-31,ok,34.300003,117.4,32198,
satellite,xuzhou_2,2025-01-01,2025-01-31,ok,34.300003,117.4,32187,
satellite,xuzhou_2,2025-02-01,2025-02-28,ok,34.300003,117.4,29395,
satellite,xuzhou_2,2025-03-01,2025-03-31,ok,34.300003,117.4,32615,
satellite,xuzhou_2,2025-04-01,2025-04-30,ok,34.300003,117.4,32070,
satellite,xuzhou_2,2025-05-01,2025-05-31,ok,34.300003,117.4,33178,
satellite,xuzhou_2,2025-06-01,2025-06-30,ok,34.300003,117.4,31953,
satellite,xuzhou_2,2025-07-01,2025-07-31,ok,34.300003,117.4,33390,
satellite,xuzhou_2,2025-08-01,2025-08-31,ok,34.300003,117.4,32831,
satellite,xuzhou_2,2025-09-01,2025-09-30,ok,34.300003,117.4,31277,
satellite,xuzhou_2,2025-10-01,2025-10-31,ok,34.300003,117.4,31981,
satellite,xuzhou_2,2025-11-01,2025-11-30,ok,34.300003,117.4,31264,
satellite,xuzhou_2,2025-12-01,2025-12-31,ok,34.300003,117.4,32156,
satellite,xuzhou_2,2026-01-01,2026-01-31,ok,34.300003,117.4,32153,
satellite,huai_an_3,2019-02-01,2019-02-28,ok,33.1,118.600006,28865,
satellite,xuzhou_2,2023-12-01,2023-12-31,ok,34.300003,117.4,31921,
satellite,xuzhou_2,2024-01-01,2024-01-31,ok,34.300003,117.4,32027,
satellite,huai_an_3,2019-03-01,2019-03-31,ok,33.1,118.600006,32648,
satellite,huai_an_3,2019-05-01,2019-05-31,ok,33.1,118.600006,33066,
satellite,huai_an_3,2019-06-01,2019-06-30,ok,33.1,118.600006,32115,
satellite,huai_an_3,2019-07-01,2019-07-31,ok,33.1,118.600006,33043,
satellite,huai_an_3,2019-04-01,2019-04-30,ok,33.1,118.600006,31485,
satellite,huai_an_3,2019-08-01,2019-08-31,ok,33.1,118.600006,32911,
satellite,huai_an_3,2019-10-01,2019-10-31,ok,33.1,118.600006,32345,
satellite,huai_an_3,2019-09-01,2019-09-30,ok,33.1,118.600006,31672,
satellite,huai_an_3,2020-01-01,2020-01-31,ok,33.1,118.600006,31691,
satellite,huai_an_3,2019-11-01,2019-11-30,ok,33.1,118.600006,31130,
satellite,huai_an_3,2019-12-01,2019-12-31,ok,33.1,118.600006,31927,
satellite,huai_an_3,2020-04-01,2020-04-30,ok,33.1,118.600006,31890,
satellite,huai_an_3,2020-02-01,2020-02-29,ok,33.1,118.600006,30166,
satellite,huai_an_3,2020-03-01,2020-03-31,ok,33.1,118.600006,32513,
satellite,huai_an_3,2020-05-01,2020-05-31,ok,33.1,118.600006,32947,
satellite,huai_an_3,2020-06-01,2020-06-30,ok,33.1,118.600006,31728,
satellite,huai_an_3,2020-08-01,2020-08-31,ok,33.1,118.600006,32905,
satellite,huai_an_3,2020-10-01,2020-10-31,ok,33.1,118.600006,32351,
satellite,huai_an_3,2020-09-01,2020-09-30,ok,33.1,118.600006,31690,
satellite,huai_an_3,2020-11-01,2020-11-30,ok,33.1,118.600006,30921,
satellite,huai_an_3,2020-07-01,2020-07-31,ok,33.1,118.600006,32601,
satellite,huai_an_3,2020-12-01,2020-12-31,ok,33.1,118.600006,31984,
satellite,huai_an_3,2021-02-01,2021-02-28,ok,33.1,118.600006,29291,
satellite,huai_an_3,2021-01-01,2021-01-31,ok,33.1,118.600006,32088,
satellite,huai_an_3,2021-03-01,2021-03-31,ok,33.1,118.600006,32401,
satellite,huai_an_3,2021-04-01,2021-04-30,ok,33.1,118.600006,31509,
satellite,huai_an_3,2021-06-01,2021-06-30,ok,33.1,118.600006,31956,
satellite,huai_an_3,2021-08-01,2021-08-31,ok,33.1,118.600006,32747,
satellite,huai_an_3,2021-07-01,2021-07-31,ok,33.1,118.600006,32648,
satellite,huai_an_3,2021-05-01,2021-05-31,ok,33.1,118.600006,32852,
satellite,huai_an_3,2021-11-01,2021-11-30,ok,33.1,118.600006,31201,
satellite,huai_an_3,2021-09-01,2021-09-30,ok,33.1,118.600006,31634,
satellite,huai_an_3,2021-10-01,2021-10-31,ok,33.1,118.600006,32201,
satellite,huai_an_3,2021-12-01,2021-12-31,ok,33.1,118.600006,32149,
satellite,huai_an_3,2022-01-01,2022-01-31,ok,33.1,118.600006,32007,
satellite,huai_an_3,2022-02-01,2022-02-28,ok,33.1,118.600006,29231,
satellite,huai_an_3,2022-04-01,2022-04-30,ok,33.1,118.600006,31821,
satellite,huai_an_3,2022-05-01,2022-05-31,ok,33.1,118.600006,33128,
satellite,huai_an_3,2022-03-01,2022-03-31,ok,33.1,118.600006,32507,
satellite,huai_an_3,2022-07-01,2022-07-31,ok,33.1,118.600006,33039,
satellite,huai_an_3,2022-06-01,2022-06-30,ok,33.1,118.600006,32195,
satellite,huai_an_3,2022-09-01,2022-09-30,ok,33.1,118.600006,31648,
satellite,huai_an_3,2022-10-01,2022-10-31,ok,33.1,118.600006,32353,
satellite,huai_an_3,2022-08-01,2022-08-31,ok,33.1,118.600006,32873,
satellite,huai_an_3,2023-01-01,2023-01-31,ok,33.1,118.600006,32180,
satellite,huai_an_3,2023-02-01,2023-02-28,ok,33.1,118.600006,29081,
satellite,huai_an_3,2022-11-01,2022-11-30,ok,33.1,118.600006,30843,
satellite,huai_an_3,2022-12-01,2022-12-31,ok,33.1,118.600006,31990,
satellite,huai_an_3,2023-04-01,2023-04-30,ok,33.1,118.600006,31680,
satellite,huai_an_3,2023-05-01,2023-05-31,ok,33.1,118.600006,32875,
satellite,huai_an_3,2023-03-01,2023-03-31,ok,33.1,118.600006,32622,
satellite,huai_an_3,2023-06-01,2023-06-30,ok,33.1,118.600006,31854,
satellite,huai_an_3,2023-09-01,2023-09-30,ok,33.1,118.600006,31410,
satellite,huai_an_3,2023-08-01,2023-08-31,ok,33.1,118.600006,33009,
satellite,huai_an_3,2023-07-01,2023-07-31,ok,33.1,118.600006,32811,
satellite,huai_an_3,2023-11-01,2023-11-30,ok,33.1,118.600006,31177,
satellite,huai_an_3,2023-12-01,2023-12-31,ok,33.1,118.600006,31899,
satellite,huai_an_3,2024-02-01,2024-02-29,ok,33.1,118.600006,29808,
satellite,huai_an_3,2024-03-01,2024-03-31,ok,33.1,118.600006,32478,
satellite,huai_an_3,2024-04-01,2024-04-30,ok,33.1,118.600006,31629,
satellite,huai_an_3,2024-05-01,2024-05-31,ok,33.1,118.600006,33205,
satellite,huai_an_3,2024-06-01,2024-06-30,ok,33.1,118.600006,32082,
satellite,huai_an_3,2024-07-01,2024-07-31,ok,33.1,118.600006,32953,
satellite,huai_an_3,2024-08-01,2024-08-31,ok,33.1,118.600006,32989,
satellite,huai_an_3,2024-09-01,2024-09-30,ok,33.1,118.600006,31565,
satellite,huai_an_3,2024-10-01,2024-10-31,ok,33.1,118.600006,32333,
satellite,huai_an_3,2024-11-01,2024-11-30,ok,33.1,118.600006,31110,
satellite,huai_an_3,2024-12-01,2024-12-31,ok,33.1,118.600006,32184,
satellite,huai_an_3,2025-01-01,2025-01-31,ok,33.1,118.600006,32213,
satellite,huai_an_3,2025-02-01,2025-02-28,ok,33.1,118.600006,29348,
satellite,huai_an_3,2025-03-01,2025-03-31,ok,33.1,118.600006,32597,
satellite,huai_an_3,2025-04-01,2025-04-30,ok,33.1,118.600006,32030,
satellite,huai_an_3,2025-05-01,2025-05-31,ok,33.1,118.600006,33108,
satellite,huai_an_3,2025-06-01,2025-06-30,ok,33.1,118.600006,31875,
satellite,huai_an_3,2025-07-01,2025-07-31,ok,33.1,118.600006,33335,
satellite,huai_an_3,2025-08-01,2025-08-31,ok,33.1,118.600006,32865,
satellite,huai_an_3,2025-09-01,2025-09-30,ok,33.1,118.600006,31293,
satellite,huai_an_3,2025-10-01,2025-10-31,ok,33.1,118.600006,32031,
satellite,huai_an_3,2025-11-01,2025-11-30,ok,33.1,118.600006,31231,
satellite,huai_an_3,2025-12-01,2025-12-31,ok,33.1,118.600006,32168,
satellite,huai_an_3,2026-01-01,2026-01-31,ok,33.1,118.600006,32082,
satellite,huai_an_3,2024-01-01,2024-01-31,ok,33.1,118.600006,31954,
satellite,huai_an_3,2023-10-01,2023-10-31,ok,33.1,118.600006,32482,
satellite,yancheng_1,2019-02-01,2019-02-28,ok,33.9,119.8,28977,
satellite,yancheng_1,2019-03-01,2019-03-31,ok,33.9,119.8,32726,
satellite,yancheng_1,2019-06-01,2019-06-30,ok,33.9,119.8,32150,
satellite,yancheng_1,2019-07-01,2019-07-31,ok,33.9,119.8,33089,
satellite,yancheng_1,2019-04-01,2019-04-30,ok,33.9,119.8,31559,
satellite,yancheng_1,2019-05-01,2019-05-31,ok,33.9,119.8,32941,
satellite,yancheng_1,2019-08-01,2019-08-31,ok,33.9,119.8,32937,
satellite,yancheng_1,2019-09-01,2019-09-30,ok,33.9,119.8,31688,
satellite,yancheng_1,2019-11-01,2019-11-30,ok,33.9,119.8,31117,
satellite,yancheng_1,2019-10-01,2019-10-31,ok,33.9,119.8,32419,
satellite,yancheng_1,2019-12-01,2019-12-31,ok,33.9,119.8,31965,
satellite,yancheng_1,2020-02-01,2020-02-29,ok,33.9,119.8,30135,
satellite,yancheng_1,2020-01-01,2020-01-31,ok,33.9,119.8,31837,
satellite,yancheng_1,2020-03-01,2020-03-31,ok,33.9,119.8,32614,
satellite,yancheng_1,2020-05-01,2020-05-31,ok,33.9,119.8,32944,
satellite,yancheng_1,2020-06-01,2020-06-30,ok,33.9,119.8,31769,
satellite,yancheng_1,2020-04-01,2020-04-30,ok,33.9,119.8,32024,
satellite,yancheng_1,2020-07-01,2020-07-31,ok,33.9,119.8,32753,
satellite,yancheng_1,2020-09-01,2020-09-30,ok,33.9,119.8,31649,
satellite,yancheng_1,2020-08-01,2020-08-31,ok,33.9,119.8,32762,
satellite,yancheng_1,2020-10-01,2020-10-31,ok,33.9,119.8,32306,
satellite,yancheng_1,2021-01-01,2021-01-31,ok,33.9,119.8,32143,
satellite,yancheng_1,2020-11-01,2020-11-30,ok,33.9,119.8,30986,
satellite,yancheng_1,2020-12-01,2020-12-31,ok,33.9,119.8,32050,
satellite,yancheng_1,2021-04-01,2021-04-30,ok,33.9,119.8,31632,
satellite,yancheng_1,2021-02-01,2021-02-28,ok,33.9,119.8,29270,
satellite,yancheng_1,2021-05-01,2021-05-31,ok,33.9,119.8,32940,
satellite,yancheng_1,2021-03-01,2021-03-31,ok,33.9,119.8,32576,
satellite,yancheng_1,2021-06-01,2021-06-30,ok,33.9,119.8,31977,
satellite,yancheng_1,2021-07-01,2021-07-31,ok,33.9,119.8,32760,
satellite,yancheng_1,2021-08-01,2021-08-31,ok,33.9,119.8,32801,
satellite,yancheng_1,2021-09-01,2021-09-30,ok,33.9,119.8,31596,
satellite,yancheng_1,2021-10-01,2021-10-31,ok,33.9,119.8,32277,
satellite,yancheng_1,2021-11-01,2021-11-30,ok,33.9,119.8,31174,
satellite,yancheng_1,2021-12-01,2021-12-31,ok,33.9,119.8,32160,
satellite,yancheng_1,2022-02-01,2022-02-28,ok,33.9,119.8,29286,
satellite,yancheng_1,2022-01-01,2022-01-31,ok,33.9,119.8,32061,
satellite,yancheng_1,2022-03-01,2022-03-31,ok,33.9,119.8,32608,
satellite,yancheng_1,2022-05-01,2022-05-31,ok,33.9,119.8,33274,
satellite,yancheng_1,2022-04-01,2022-04-30,ok,33.9,119.8,31891,
satellite,yancheng_1,2022-06-01,2022-06-30,ok,33.9,119.8,32109,
satellite,yancheng_1,2022-07-01,2022-07-31,ok,33.9,119.8,32991,
satellite,yancheng_1,2022-08-01,2022-08-31,ok,33.9,119.8,32978,
satellite,yancheng_1,2022-09-01,2022-09-30,ok,33.9,119.8,31694,
satellite,yancheng_1,2022-11-01,2022-11-30,ok,33.9,119.8,30967,
satellite,yancheng_1,2022-12-01,2022-12-31,ok,33.9,119.8,32017,
satellite,yancheng_1,2022-10-01,2022-10-31,ok,33.9,119.8,32417,
satellite,yancheng_1,2023-01-01,2023-01-31,ok,33.9,119.8,32183,
satellite,yancheng_1,2023-03-01,2023-03-31,ok,33.9,119.8,32706,
satellite,yancheng_1,2023-02-01,2023-02-28,ok,33.9,119.8,29214,
satellite,yancheng_1,2023-04-01,2023-04-30,ok,33.9,119.8,31772,
satellite,yancheng_1,2023-07-01,2023-07-31,ok,33.9,119.8,32830,
satellite,yancheng_1,2023-06-01,2023-06-30,ok,33.9,119.8,31935,
satellite,yancheng_1,2023-05-01,2023-05-31,ok,33.9,119.8,32907,
satellite,yancheng_1,2023-08-01,2023-08-31,ok,33.9,119.8,33018,
satellite,yancheng_1,2023-09-01,2023-09-30,ok,33.9,119.8,31422,
satellite,yancheng_1,2023-10-01,2023-10-31,ok,33.9,119.8,32478,
satellite,yancheng_1,2023-11-01,2023-11-30,ok,33.9,119.8,31164,
satellite,yancheng_1,2024-02-01,2024-02-29,ok,33.9,119.8,29962,
satellite,yancheng_1,2024-03-01,2024-03-31,ok,33.9,119.8,32541,
satellite,yancheng_1,2024-04-01,2024-04-30,ok,33.9,119.8,31715,
satellite,yancheng_1,2024-05-01,2024-05-31,ok,33.9,119.8,33246,
satellite,yancheng_1,2024-06-01,2024-06-30,ok,33.9,119.8,32170,
satellite,yancheng_1,2024-07-01,2024-07-31,ok,33.9,119.8,32911,
satellite,yancheng_1,2024-08-01,2024-08-31,ok,33.9,119.8,32976,
satellite,yancheng_1,2024-09-01,2024-09-30,ok,33.9,119.8,31598,
satellite,yancheng_1,2024-10-01,2024-10-31,ok,33.9,119.8,32324,
satellite,yancheng_1,2024-11-01,2024-11-30,ok,33.9,119.8,31141,
satellite,yancheng_1,2024-12-01,2024-12-31,ok,33.9,119.8,32219,
satellite,yancheng_1,2025-01-01,2025-01-31,ok,33.9,119.8,32271,
satellite,yancheng_1,2025-02-01,2025-02-28,ok,33.9,119.8,29377,
satellite,yancheng_1,2025-03-01,2025-03-31,ok,33.9,119.8,32656,
satellite,yancheng_1,2025-04-01,2025-04-30,ok,33.9,119.8,32082,
satellite,yancheng_1,2025-05-01,2025-05-31,ok,33.9,119.8,33167,
satellite,yancheng_1,2025-06-01,2025-06-30,ok,33.9,119.8,31916,
satellite,yancheng_1,2025-07-01,2025-07-31,ok,33.9,119.8,33357,
satellite,yancheng_1,2025-08-01,2025-08-31,ok,33.9,119.8,32848,
satellite,yancheng_1,2025-09-01,2025-09-30,ok,33.9,119.8,31369,
satellite,yancheng_1,2025-10-01,2025-10-31,ok,33.9,119.8,32066,
satellite,yancheng_1,2025-11-01,2025-11-30,ok,33.9,119.8,31283,
satellite,yancheng_1,2025-12-01,2025-12-31,ok,33.9,119.8,32127,
satellite,yancheng_1,2026-01-01,2026-01-31,ok,33.9,119.8,32172,
satellite,lianyungang_1,2019-02-01,2019-02-28,ok,34.700005,118.600006,29083,
satellite,yancheng_1,2023-12-01,2023-12-31,ok,33.9,119.8,31862,
satellite,yancheng_1,2024-01-01,2024-01-31,ok,33.9,119.8,31916,
satellite,lianyungang_1,2019-05-01,2019-05-31,ok,34.700005,118.600006,33152,
satellite,lianyungang_1,2019-03-01,2019-03-31,ok,34.700005,118.600006,32794,
satellite,lianyungang_1,2019-04-01,2019-04-30,ok,34.700005,118.600006,31691,
satellite,lianyungang_1,2019-06-01,2019-06-30,ok,34.700005,118.600006,32218,
satellite,lianyungang_1,2019-07-01,2019-07-31,ok,34.700005,118.600006,33035,
satellite,lianyungang_1,2019-08-01,2019-08-31,ok,34.700005,118.600006,32792,
satellite,lianyungang_1,2019-09-01,2019-09-30,ok,34.700005,118.600006,31790,
satellite,lianyungang_1,2019-11-01,2019-11-30,ok,34.700005,118.600006,31096,
satellite,lianyungang_1,2019-10-01,2019-10-31,ok,34.700005,118.600006,32346,
satellite,lianyungang_1,2019-12-01,2019-12-31,ok,34.700005,118.600006,32000,
satellite,lianyungang_1,2020-01-01,2020-01-31,ok,34.700005,118.600006,31925,
satellite,lianyungang_1,2020-02-01,2020-02-29,ok,34.700005,118.600006,30161,
satellite,lianyungang_1,2020-04-01,2020-04-30,ok,34.700005,118.600006,32048,
satellite,lianyungang_1,2020-06-01,2020-06-30,ok,34.700005,118.600006,31859,
satellite,lianyungang_1,2020-03-01,2020-03-31,ok,34.700005,118.600006,32610,
satellite,lianyungang_1,2020-05-01,2020-05-31,ok,34.700005,118.600006,33122,
satellite,lianyungang_1,2020-08-01,2020-08-31,ok,34.700005,118.600006,32640,
satellite,lianyungang_1,2020-09-01,2020-09-30,ok,34.700005,118.600006,31711,
satellite,lianyungang_1,2020-07-01,2020-07-31,ok,34.700005,118.600006,32763,
satellite,lianyungang_1,2020-10-01,2020-10-31,ok,34.700005,118.600006,32284,
satellite,lianyungang_1,2020-11-01,2020-11-30,ok,34.700005,118.600006,31051,
satellite,lianyungang_1,2020-12-01,2020-12-31,ok,34.700005,118.600006,32074,
satellite,lianyungang_1,2021-03-01,2021-03-31,ok,34.700005,118.600006,32657,
satellite,lianyungang_1,2021-02-01,2021-02-28,ok,34.700005,118.600006,29299,
satellite,lianyungang_1,2021-01-01,2021-01-31,ok,34.700005,118.600006,32185,
satellite,lianyungang_1,2021-05-01,2021-05-31,ok,34.700005,118.600006,33066,
satellite,lianyungang_1,2021-06-01,2021-06-30,ok,34.700005,118.600006,31988,
satellite,lianyungang_1,2021-07-01,2021-07-31,ok,34.700005,118.600006,32783,
satellite,lianyungang_1,2021-08-01,2021-08-31,ok,34.700005,118.600006,32695,
satellite,lianyungang_1,2021-09-01,2021-09-30,ok,34.700005,118.600006,31506,
satellite,lianyungang_1,2021-11-01,2021-11-30,ok,34.700005,118.600006,31177,
satellite,lianyungang_1,2021-10-01,2021-10-31,ok,34.700005,118.600006,32332,
satellite,lianyungang_1,2021-12-01,2021-12-31,ok,34.700005,118.600006,32173,
satellite,lianyungang_1,2021-04-01,2021-04-30,ok,34.700005,118.600006,31555,
satellite,lianyungang_1,2022-01-01,2022-01-31,ok,34.700005,118.600006,32096,
satellite,lianyungang_1,2022-03-01,2022-03-31,ok,34.700005,118.600006,32649,
satellite,lianyungang_1,2022-02-01,2022-02-28,ok,34.700005,118.600006,29359,
satellite,lianyungang_1,2022-04-01,2022-04-30,ok,34.700005,118.600006,31977,
satellite,lianyungang_1,2022-05-01,2022-05-31,ok,34.700005,118.600006,33327,
satellite,lianyungang_1,2022-06-01,2022-06-30,ok,34.700005,118.600006,32110,
satellite,lianyungang_1,2022-08-01,2022-08-31,ok,34.700005,118.600006,32900,
satellite,lianyungang_1,2022-07-01,2022-07-31,ok,34.700005,118.600006,32841,
satellite,lianyungang_1,2022-09-01,2022-09-30,ok,34.700005,118.600006,31765,
satellite,lianyungang_1,2022-10-01,2022-10-31,ok,34.700005,118.600006,32453,
satellite,lianyungang_1,2022-12-01,2022-12-31,ok,34.700005,118.600006,32094,
satellite,lianyungang_1,2023-01-01,2023-01-31,ok,34.700005,118.600006,32194,
satellite,lianyungang_1,2022-11-01,2022-11-30,ok,34.700005,118.600006,30957,
satellite,lianyungang_1,2023-02-01,2023-02-28,ok,34.700005,118.600006,29258,
satellite,lianyungang_1,2023-03-01,2023-03-31,ok,34.700005,118.600006,32752,
satellite,lianyungang_1,2023-04-01,2023-04-30,ok,34.700005,118.600006,31764,
satellite,lianyungang_1,2023-06-01,2023-06-30,ok,34.700005,118.600006,32087,
satellite,lianyungang_1,2023-07-01,2023-07-31,ok,34.700005,118.600006,33010,
satellite,lianyungang_1,2023-05-01,2023-05-31,ok,34.700005,118.600006,33001,
satellite,lianyungang_1,2023-08-01,2023-08-31,ok,34.700005,118.600006,33043,
satellite,lianyungang_1,2023-11-01,2023-11-30,ok,34.700005,118.600006,31132,
satellite,lianyungang_1,2023-09-01,2023-09-30,ok,34.700005,118.600006,31522,
satellite,lianyungang_1,2023-12-01,2023-12-31,ok,34.700005,118.600006,31968,
satellite,lianyungang_1,2024-02-01,2024-02-29,ok,34.700005,118.600006,30070,
satellite,lianyungang_1,2024-03-01,2024-03-31,ok,34.700005,118.600006,32640,
satellite,lianyungang_1,2024-04-01,2024-04-30,ok,34.700005,118.600006,31841,
satellite,lianyungang_1,2024-05-01,2024-05-31,ok,34.700005,118.600006,33298,
satellite,lianyungang_1,2024-06-01,2024-06-30,ok,34.700005,118.600006,32259,
satellite,lianyungang_1,2024-07-01,2024-07-31,ok,34.700005,118.600006,32741,
satellite,lianyungang_1,2024-08-01,2024-08-31,ok,34.700005,118.600006,33022,
satellite,lianyungang_1,2024-09-01,2024-09-30,ok,34.700005,118.600006,31734,
satellite,lianyungang_1,2024-10-01,2024-10-31,ok,34.700005,118.600006,32415,
satellite,lianyungang_1,2024-11-01,2024-11-30,ok,34.700005,118.600006,31117,
satellite,lianyungang_1,2024-12-01,2024-12-31,ok,34.700005,118.600006,32216,
satellite,lianyungang_1,2025-01-01,2025-01-31,ok,34.700005,118.600006,32257,
satellite,lianyungang_1,2025-02-01,2025-02-28,ok,34.700005,118.600006,29410,
satellite,lianyungang_1,2025-03-01,2025-03-31,ok,34.700005,118.600006,32676,
satellite,lianyungang_1,2025-04-01,2025-04-30,ok,34.700005,118.600006,32131,
satellite,lianyungang_1,2025-05-01,2025-05-31,ok,34.700005,118.600006,33281,
satellite,lianyungang_1,2025-06-01,2025-06-30,ok,34.700005,118.600006,32013,
satellite,lianyungang_1,2025-07-01,2025-07-31,ok,34.700005,118.600006,33380,
satellite,lianyungang_1,2025-08-01,2025-08-31,ok,34.700005,118.600006,32860,
satellite,lianyungang_1,2025-09-01,2025-09-30,ok,34.700005,118.600006,31320,
satellite,lianyungang_1,2025-10-01,2025-10-31,ok,34.700005,118.600006,32031,
satellite,lianyungang_1,2025-11-01,2025-11-30,ok,34.700005,118.600006,31265,
satellite,lianyungang_1,2025-12-01,2025-12-31,ok,34.700005,118.600006,32145,
satellite,lianyungang_1,2026-01-01,2026-01-31,ok,34.700005,118.600006,32147,
satellite,lianyungang_1,2023-10-01,2023-10-31,ok,34.700005,118.600006,32516,
satellite,lianyungang_1,2024-01-01,2024-01-31,ok,34.700005,118.600006,32036,
satellite,yancheng_2,2019-02-01,2019-02-28,ok,33.1,120.600006,28922,
satellite,yancheng_2,2019-04-01,2019-04-30,ok,33.1,120.600006,31506,
satellite,yancheng_2,2019-03-01,2019-03-31,ok,33.1,120.600006,32618,
satellite,yancheng_2,2019-05-01,2019-05-31,ok,33.1,120.600006,32961,
satellite,yancheng_2,2019-07-01,2019-07-31,ok,33.1,120.600006,32960,
satellite,yancheng_2,2019-08-01,2019-08-31,ok,33.1,120.600006,32928,
satellite,yancheng_2,2019-09-01,2019-09-30,ok,33.1,120.600006,31569,
satellite,yancheng_2,2019-06-01,2019-06-30,ok,33.1,120.600006,31979,
satellite,yancheng_2,2019-10-01,2019-10-31,ok,33.1,120.600006,32380,
satellite,yancheng_2,2019-11-01,2019-11-30,ok,33.1,120.600006,31064,
satellite,yancheng_2,2020-01-01,2020-01-31,ok,33.1,120.600006,31717,
satellite,yancheng_2,2020-02-01,2020-02-29,ok,33.1,120.600006,30120,
satellite,yancheng_2,2019-12-01,2019-12-31,ok,33.1,120.600006,31937,
satellite,yancheng_2,2020-04-01,2020-04-30,ok,33.1,120.600006,31932,
satellite,yancheng_2,2020-06-01,2020-06-30,ok,33.1,120.600006,31608,
satellite,yancheng_2,2020-05-01,2020-05-31,ok,33.1,120.600006,32891,
satellite,yancheng_2,2020-03-01,2020-03-31,ok,33.1,120.600006,32583,
satellite,yancheng_2,2020-07-01,2020-07-31,ok,33.1,120.600006,32612,
satellite,yancheng_2,2020-09-01,2020-09-30,ok,33.1,120.600006,31626,
satellite,yancheng_2,2020-08-01,2020-08-31,ok,33.1,120.600006,32857,
satellite,yancheng_2,2020-10-01,2020-10-31,ok,33.1,120.600006,32366,
satellite,yancheng_2,2020-11-01,2020-11-30,ok,33.1,120.600006,30990,
satellite,yancheng_2,2021-01-01,2021-01-31,ok,33.1,120.600006,32145,
satellite,yancheng_2,2020-12-01,2020-12-31,ok,33.1,120.600006,31963,
satellite,yancheng_2,2021-02-01,2021-02-28,ok,33.1,120.600006,29228,
satellite,yancheng_2,2021-03-01,2021-03-31,ok,33.1,120.600006,32450,
satellite,yancheng_2,2021-05-01,2021-05-31,ok,33.1,120.600006,32870,
satellite,yancheng_2,2021-04-01,2021-04-30,ok,33.1,120.600006,31633,
satellite,yancheng_2,2021-07-01,2021-07-31,ok,33.1,120.600006,32780,
satellite,yancheng_2,2021-06-01,2021-06-30,ok,33.1,120.600006,31902,
satellite,yancheng_2,2021-09-01,2021-09-30,ok,33.1,120.600006,31577,
satellite,yancheng_2,2021-08-01,2021-08-31,ok,33.1,120.600006,32938,
satellite,yancheng_2,2021-10-01,2021-10-31,ok,33.1,120.600006,32285,
satellite,yancheng_2,2021-11-01,2021-11-30,ok,33.1,120.600006,31198,
satellite,yancheng_2,2022-01-01,2022-01-31,ok,33.1,120.600006,32062,
satellite,yancheng_2,2021-12-01,2021-12-31,ok,33.1,120.600006,32149,
satellite,yancheng_2,2022-02-01,2022-02-28,ok,33.1,120.600006,29253,
satellite,yancheng_2,2022-05-01,2022-05-31,ok,33.1,120.600006,33178,
satellite,yancheng_2,2022-03-01,2022-03-31,ok,33.1,120.600006,32557,
satellite,yancheng_2,2022-04-01,2022-04-30,ok,33.1,120.600006,31819,
satellite,yancheng_2,2022-06-01,2022-06-30,ok,33.1,120.600006,32137,
satellite,yancheng_2,2022-07-01,2022-07-31,ok,33.1,120.600006,33174,
satellite,yancheng_2,2022-09-01,2022-09-30,ok,33.1,120.600006,31606,
satellite,yancheng_2,2022-08-01,2022-08-31,ok,33.1,120.600006,32918,
satellite,yancheng_2,2022-10-01,2022-10-31,ok,33.1,120.600006,32397,
satellite,yancheng_2,2022-12-01,2022-12-31,ok,33.1,120.600006,31975,
satellite,yancheng_2,2022-11-01,2022-11-30,ok,33.1,120.600006,30914,
satellite,yancheng_2,2023-02-01,2023-02-28,ok,33.1,120.600006,29151,
satellite,yancheng_2,2023-03-01,2023-03-31,ok,33.1,120.600006,32647,
satellite,yancheng_2,2023-01-01,2023-01-31,ok,33.1,120.600006,32178,
satellite,yancheng_2,2023-04-01,2023-04-30,ok,33.1,120.600006,31769,
satellite,yancheng_2,2023-05-01,2023-05-31,ok,33.1,120.600006,32691,
satellite,yancheng_2,2023-08-01,2023-08-31,ok,33.1,120.600006,32964,
satellite,yancheng_2,2023-06-01,2023-06-30,ok,33.1,120.600006,31815,
satellite,yancheng_2,2023-09-01,2023-09-30,ok,33.1,120.600006,31406,
satellite,yancheng_2,2023-07-01,2023-07-31,ok,33.1,120.600006,32711,
satellite,yancheng_2,2023-11-01,2023-11-30,ok,33.1,120.600006,31147,
satellite,yancheng_2,2023-10-01,2023-10-31,ok,33.1,120.600006,32492,
satellite,yancheng_2,2024-02-01,2024-02-29,ok,33.1,120.600006,29832,
satellite,yancheng_2,2024-03-01,2024-03-31,ok,33.1,120.600006,32479,
satellite,yancheng_2,2024-04-01,2024-04-30,ok,33.1,120.600006,31552,
satellite,yancheng_2,2024-05-01,2024-05-31,ok,33.1,120.600006,33113,
satellite,yancheng_2,2024-06-01,2024-06-30,ok,33.1,120.600006,31955,
satellite,yancheng_2,2024-07-01,2024-07-31,ok,33.1,120.600006,32998,
satellite,yancheng_2,2024-08-01,2024-08-31,ok,33.1,120.600006,33002,
satellite,yancheng_2,2024-09-01,2024-09-30,ok,33.1,120.600006,31593,
satellite,yancheng_2,2024-10-01,2024-10-31,ok,33.1,120.600006,32225,
satellite,yancheng_2,2024-11-01,2024-11-30,ok,33.1,120.600006,31110,
satellite,yancheng_2,2024-12-01,2024-12-31,ok,33.1,120.600006,32156,
satellite,yancheng_2,2025-01-01,2025-01-31,ok,33.1,120.600006,32288,
satellite,yancheng_2,2025-02-01,2025-02-28,ok,33.1,120.600006,29318,
satellite,yancheng_2,2025-03-01,2025-03-31,ok,33.1,120.600006,32571,
satellite,yancheng_2,2025-04-01,2025-04-30,ok,33.1,120.600006,32017,
satellite,yancheng_2,2025-05-01,2025-05-31,ok,33.1,120.600006,33005,
satellite,yancheng_2,2025-06-01,2025-06-30,ok,33.1,120.600006,31820,
satellite,yancheng_2,2025-07-01,2025-07-31,ok,33.1,120.600006,33322,
satellite,yancheng_2,2025-08-01,2025-08-31,ok,33.1,120.600006,32858,
satellite,yancheng_2,2025-09-01,2025-09-30,ok,33.1,120.600006,31466,
satellite,yancheng_2,2025-10-01,2025-10-31,ok,33.1,120.600006,32190,
satellite,yancheng_2,2025-11-01,2025-11-30,ok,33.1,120.600006,31276,
satellite,yancheng_2,2025-12-01,2025-12-31,ok,33.1,120.600006,32155,
satellite,yancheng_2,2026-01-01,2026-01-31,ok,33.1,120.600006,32135,
satellite,yancheng_2,2023-12-01,2023-12-31,ok,33.1,120.600006,31925,
satellite,yancheng_2,2024-01-01,2024-01-31,ok,33.1,120.600006,31975,
satellite,yancheng_3,2019-02-01,2019-02-28,ok,33.1,119.8,28905,
satellite,yancheng_3,2019-03-01,2019-03-31,ok,33.1,119.8,32643,
satellite,yancheng_3,2019-05-01,2019-05-31,ok,33.1,119.8,32981,
satellite,yancheng_3,2019-06-01,2019-06-30,ok,33.1,119.8,32053,
satellite,yancheng_3,2019-07-01,2019-07-31,ok,33.1,119.8,33054,
satellite,yancheng_3,2019-08-01,2019-08-31,ok,33.1,119.8,32918,
satellite,yancheng_3,2019-04-01,2019-04-30,ok,33.1,119.8,31471,
satellite,yancheng_3,2019-09-01,2019-09-30,ok,33.1,119.8,31626,
satellite,yancheng_3,2019-10-01,2019-10-31,ok,33.1,119.8,32373,
satellite,yancheng_3,2019-11-01,2019-11-30,ok,33.1,119.8,31102,
satellite,yancheng_3,2019-12-01,2019-12-31,ok,33.1,119.8,31926,
satellite,yancheng_3,2020-01-01,2020-01-31,ok,33.1,119.8,31690,
satellite,yancheng_3,2020-02-01,2020-02-29,ok,33.1,119.8,30147,
satellite,yancheng_3,2020-04-01,2020-04-30,ok,33.1,119.8,31910,
satellite,yancheng_3,2020-03-01,2020-03-31,ok,33.1,119.8,32525,
satellite,yancheng_3,2020-05-01,2020-05-31,ok,33.1,119.8,32898,
satellite,yancheng_3,2020-07-01,2020-07-31,ok,33.1,119.8,32660,
satellite,yancheng_3,2020-06-01,2020-06-30,ok,33.1,119.8,31670,
satellite,yancheng_3,2020-09-01,2020-09-30,ok,33.1,119.8,31645,
satellite,yancheng_3,2020-08-01,2020-08-31,ok,33.1,119.8,32836,
satellite,yancheng_3,2020-10-01,2020-10-31,ok,33.1,119.8,32320,
satellite,yancheng_3,2020-12-01,2020-12-31,ok,33.1,119.8,31998,
satellite,yancheng_3,2021-01-01,2021-01-31,ok,33.1,119.8,32114,
satellite,yancheng_3,2020-11-01,2020-11-30,ok,33.1,119.8,30954,
satellite,yancheng_3,2021-02-01,2021-02-28,ok,33.1,119.8,29281,
satellite,yancheng_3,2021-04-01,2021-04-30,ok,33.1,119.8,31560,
satellite,yancheng_3,2021-06-01,2021-06-30,ok,33.1,119.8,31946,
satellite,yancheng_3,2021-05-01,2021-05-31,ok,33.1,119.8,32867,
satellite,yancheng_3,2021-03-01,2021-03-31,ok,33.1,119.8,32454,
satellite,yancheng_3,2021-07-01,2021-07-31,ok,33.1,119.8,32723,
satellite,yancheng_3,2021-09-01,2021-09-30,ok,33.1,119.8,31688,
satellite,yancheng_3,2021-08-01,2021-08-31,ok,33.1,119.8,32816,
satellite,yancheng_3,2021-10-01,2021-10-31,ok,33.1,119.8,32313,
satellite,yancheng_3,2021-12-01,2021-12-31,ok,33.1,119.8,32144,
satellite,yancheng_3,2021-11-01,2021-11-30,ok,33.1,119.8,31199,
satellite,yancheng_3,2022-01-01,2022-01-31,ok,33.1,119.8,32088,
satellite,yancheng_3,2022-03-01,2022-03-31,ok,33.1,119.8,32512,
satellite,yancheng_3,2022-02-01,2022-02-28,ok,33.1,119.8,29216,
satellite,yancheng_3,2022-04-01,2022-04-30,ok,33.1,119.8,31810,
satellite,yancheng_3,2022-06-01,2022-06-30,ok,33.1,119.8,32180,
satellite,yancheng_3,2022-07-01,2022-07-31,ok,33.1,119.8,33114,
satellite,yancheng_3,2022-08-01,2022-08-31,ok,33.1,119.8,32906,
satellite,yancheng_3,2022-05-01,2022-05-31,ok,33.1,119.8,33184,
satellite,yancheng_3,2022-10-01,2022-10-31,ok,33.1,119.8,32420,
satellite,yancheng_3,2022-09-01,2022-09-30,ok,33.1,119.8,31621,
satellite,yancheng_3,2022-11-01,2022-11-30,ok,33.1,119.8,30942,
satellite,yancheng_3,2023-01-01,2023-01-31,ok,33.1,119.8,32173,
satellite,yancheng_3,2022-12-01,2022-12-31,ok,33.1,119.8,31949,
satellite,yancheng_3,2023-02-01,2023-02-28,ok,33.1,119.8,29105,
satellite,yancheng_3,2023-05-01,2023-05-31,ok,33.1,119.8,32800,
satellite,yancheng_3,2023-03-01,2023-03-31,ok,33.1,119.8,32584,
satellite,yancheng_3,2023-07-01,2023-07-31,ok,33.1,119.8,32714,
satellite,yancheng_3,2023-04-01,2023-04-30,ok,33.1,119.8,31715,
satellite,yancheng_3,2023-09-01,2023-09-30,ok,33.1,119.8,31388,
satellite,yancheng_3,2023-06-01,2023-06-30,ok,33.1,119.8,31851,
satellite,yancheng_3,2023-08-01,2023-08-31,ok,33.1,119.8,32968,
satellite,yancheng_3,2023-10-01,2023-10-31,ok,33.1,119.8,32516,
satellite,yancheng_3,2023-11-01,2023-11-30,ok,33.1,119.8,31175,
satellite,yancheng_3,2024-02-01,2024-02-29,ok,33.1,119.8,29872,
satellite,yancheng_3,2024-03-01,2024-03-31,ok,33.1,119.8,32469,
satellite,yancheng_3,2024-04-01,2024-04-30,ok,33.1,119.8,31590,
satellite,yancheng_3,2024-05-01,2024-05-31,ok,33.1,119.8,33166,
satellite,yancheng_3,2024-06-01,2024-06-30,ok,33.1,119.8,31953,
satellite,yancheng_3,2024-07-01,2024-07-31,ok,33.1,119.8,32957,
satellite,yancheng_3,2024-08-01,2024-08-31,ok,33.1,119.8,33001,
satellite,yancheng_3,2024-09-01,2024-09-30,ok,33.1,119.8,31606,
satellite,yancheng_3,2024-10-01,2024-10-31,ok,33.1,119.8,32229,
satellite,yancheng_3,2024-11-01,2024-11-30,ok,33.1,119.8,31135,
satellite,yancheng_3,2024-12-01,2024-12-31,ok,33.1,119.8,32180,
satellite,yancheng_3,2025-01-01,2025-01-31,ok,33.1,119.8,32266,
satellite,yancheng_3,2025-02-01,2025-02-28,ok,33.1,119.8,29339,
satellite,yancheng_3,2025-03-01,2025-03-31,ok,33.1,119.8,32577,
satellite,yancheng_3,2025-04-01,2025-04-30,ok,33.1,119.8,32019,
satellite,yancheng_3,2025-05-01,2025-05-31,ok,33.1,119.8,33107,
satellite,yancheng_3,2025-06-01,2025-06-30,ok,33.1,119.8,31855,
satellite,yancheng_3,2025-07-01,2025-07-31,ok,33.1,119.8,33292,
satellite,yancheng_3,2025-08-01,2025-08-31,ok,33.1,119.8,32879,
satellite,yancheng_3,2025-09-01,2025-09-30,ok,33.1,119.8,31403,
satellite,yancheng_3,2025-10-01,2025-10-31,ok,33.1,119.8,32136,
satellite,yancheng_3,2025-11-01,2025-11-30,ok,33.1,119.8,31261,
satellite,yancheng_3,2025-12-01,2025-12-31,ok,33.1,119.8,32146,
satellite,yancheng_3,2026-01-01,2026-01-31,ok,33.1,119.8,32122,
satellite,yancheng_3,2024-01-01,2024-01-31,ok,33.1,119.8,31935,
satellite,yancheng_3,2023-12-01,2023-12-31,ok,33.1,119.8,31905,
satellite,lianyungang_2,2019-02-01,2019-02-28,ok,34.700005,119.4,29047,
satellite,lianyungang_2,2019-03-01,2019-03-31,ok,34.700005,119.4,32744,
satellite,lianyungang_2,2019-04-01,2019-04-30,ok,34.700005,119.4,31660,
satellite,lianyungang_2,2019-06-01,2019-06-30,ok,34.700005,119.4,32192,
satellite,lianyungang_2,2019-05-01,2019-05-31,ok,34.700005,119.4,33113,
satellite,lianyungang_2,2019-07-01,2019-07-31,ok,34.700005,119.4,32947,
satellite,lianyungang_2,2019-08-01,2019-08-31,ok,34.700005,119.4,32851,
satellite,lianyungang_2,2019-09-01,2019-09-30,ok,34.700005,119.4,31744,
satellite,lianyungang_2,2019-10-01,2019-10-31,ok,34.700005,119.4,32390,
satellite,lianyungang_2,2019-12-01,2019-12-31,ok,34.700005,119.4,31952,
satellite,lianyungang_2,2019-11-01,2019-11-30,ok,34.700005,119.4,31102,
satellite,lianyungang_2,2020-02-01,2020-02-29,ok,34.700005,119.4,30135,
satellite,lianyungang_2,2020-01-01,2020-01-31,ok,34.700005,119.4,31922,
satellite,lianyungang_2,2020-05-01,2020-05-31,ok,34.700005,119.4,33056,
satellite,lianyungang_2,2020-03-01,2020-03-31,ok,34.700005,119.4,32583,
satellite,lianyungang_2,2020-06-01,2020-06-30,ok,34.700005,119.4,31785,
satellite,lianyungang_2,2020-07-01,2020-07-31,ok,34.700005,119.4,32773,
satellite,lianyungang_2,2020-04-01,2020-04-30,ok,34.700005,119.4,32013,
satellite,lianyungang_2,2020-09-01,2020-09-30,ok,34.700005,119.4,31753,
satellite,lianyungang_2,2020-08-01,2020-08-31,ok,34.700005,119.4,32675,
satellite,lianyungang_2,2020-11-01,2020-11-30,ok,34.700005,119.4,30976,
satellite,lianyungang_2,2020-10-01,2020-10-31,ok,34.700005,119.4,32257,
satellite,lianyungang_2,2020-12-01,2020-12-31,ok,34.700005,119.4,32028,
satellite,lianyungang_2,2021-03-01,2021-03-31,ok,34.700005,119.4,32639,
satellite,lianyungang_2,2021-01-01,2021-01-31,ok,34.700005,119.4,32181,
satellite,lianyungang_2,2021-02-01,2021-02-28,ok,34.700005,119.4,29318,
satellite,lianyungang_2,2021-04-01,2021-04-30,ok,34.700005,119.4,31556,
satellite,lianyungang_2,2021-06-01,2021-06-30,ok,34.700005,119.4,31940,
satellite,lianyungang_2,2021-05-01,2021-05-31,ok,34.700005,119.4,33042,
satellite,lianyungang_2,2021-07-01,2021-07-31,ok,34.700005,119.4,32799,
satellite,lianyungang_2,2021-08-01,2021-08-31,ok,34.700005,119.4,32685,
satellite,lianyungang_2,2021-09-01,2021-09-30,ok,34.700005,119.4,31549,
satellite,lianyungang_2,2021-11-01,2021-11-30,ok,34.700005,119.4,31196,
satellite,lianyungang_2,2021-12-01,2021-12-31,ok,34.700005,119.4,32135,
satellite,lianyungang_2,2022-02-01,2022-02-28,ok,34.700005,119.4,29352,
satellite,lianyungang_2,2022-01-01,2022-01-31,ok,34.700005,119.4,32080,
satellite,lianyungang_2,2021-10-01,2021-10-31,ok,34.700005,119.4,32251,
satellite,lianyungang_2,2022-03-01,2022-03-31,ok,34.700005,119.4,32629,
satellite,lianyungang_2,2022-05-01,2022-05-31,ok,34.700005,119.4,33305,
satellite,lianyungang_2,2022-04-01,2022-04-30,ok,34.700005,119.4,31990,
satellite,lianyungang_2,2022-06-01,2022-06-30,ok,34.700005,119.4,32077,
satellite,lianyungang_2,2022-07-01,2022-07-31,ok,34.700005,119.4,32845,
satellite,lianyungang_2,2022-08-01,2022-08-31,ok,34.700005,119.4,32899,
satellite,lianyungang_2,2022-09-01,2022-09-30,ok,34.700005,119.4,31741,
satellite,lianyungang_2,2022-10-01,2022-10-31,ok,34.700005,119.4,32463,
satellite,lianyungang_2,2022-12-01,2022-12-31,ok,34.700005,119.4,32041,
satellite,lianyungang_2,2023-01-01,2023-01-31,ok,34.700005,119.4,32177,
satellite,lianyungang_2,2022-11-01,2022-11-30,ok,34.700005,119.4,30963,
satellite,lianyungang_2,2023-04-01,2023-04-30,ok,34.700005,119.4,31820,
satellite,lianyungang_2,2023-03-01,2023-03-31,ok,34.700005,119.4,32723,
satellite,lianyungang_2,2023-02-01,2023-02-28,ok,34.700005,119.4,29227,
satellite,lianyungang_2,2023-06-01,2023-06-30,ok,34.700005,119.4,32020,
satellite,lianyungang_2,2023-05-01,2023-05-31,ok,34.700005,119.4,32950,
satellite,lianyungang_2,2023-07-01,2023-07-31,ok,34.700005,119.4,32871,
satellite,lianyungang_2,2023-09-01,2023-09-30,ok,34.700005,119.4,31466,
satellite,lianyungang_2,2023-08-01,2023-08-31,ok,34.700005,119.4,32983,
satellite,lianyungang_2,2023-10-01,2023-10-31,ok,34.700005,119.4,32484,
satellite,lianyungang_2,2023-11-01,2023-11-30,ok,34.700005,119.4,31123,
satellite,lianyungang_2,2024-02-01,2024-02-29,ok,34.700005,119.4,30087,
satellite,lianyungang_2,2024-03-01,2024-03-31,ok,34.700005,119.4,32629,
satellite,lianyungang_2,2024-04-01,2024-04-30,ok,34.700005,119.4,31850,
satellite,lianyungang_2,2024-05-01,2024-05-31,ok,34.700005,119.4,33259,
satellite,lianyungang_2,2024-06-01,2024-06-30,ok,34.700005,119.4,32295,
satellite,lianyungang_2,2024-07-01,2024-07-31,ok,34.700005,119.4,32744,
satellite,lianyungang_2,2024-08-01,2024-08-31,ok,34.700005,119.4,33001,
satellite,lianyungang_2,2024-09-01,2024-09-30,ok,34.700005,119.4,31671,
satellite,lianyungang_2,2024-10-01,2024-10-31,ok,34.700005,119.4,32408,
satellite,lianyungang_2,2024-11-01,2024-11-30,ok,34.700005,119.4,31099,
satellite,lianyungang_2,2024-12-01,2024-12-31,ok,34.700005,119.4,32188,
satellite,lianyungang_2,2025-01-01,2025-01-31,ok,34.700005,119.4,32228,
satellite,lianyungang_2,2025-02-01,2025-02-28,ok,34.700005,119.4,29388,
satellite,lianyungang_2,2025-03-01,2025-03-31,ok,34.700005,119.4,32683,
satellite,lianyungang_2,2025-04-01,2025-04-30,ok,34.700005,119.4,32107,
satellite,lianyungang_2,2025-05-01,2025-05-31,ok,34.700005,119.4,33216,
satellite,lianyungang_2,2025-06-01,2025-06-30,ok,34.700005,119.4,32009,
satellite,lianyungang_2,2025-07-01,2025-07-31,ok,34.700005,119.4,33355,
satellite,lianyungang_2,2025-08-01,2025-08-31,ok,34.700005,119.4,32858,
satellite,lianyungang_2,2025-09-01,2025-09-30,ok,34.700005,119.4,31311,
satellite,lianyungang_2,2025-10-01,2025-10-31,ok,34.700005,119.4,31960,
satellite,lianyungang_2,2025-11-01,2025-11-30,ok,34.700005,119.4,31284,
satellite,lianyungang_2,2025-12-01,2025-12-31,ok,34.700005,119.4,32120,
satellite,lianyungang_2,2026-01-01,2026-01-31,ok,34.700005,119.4,32165,
satellite,lianyungang_2,2023-12-01,2023-12-31,ok,34.700005,119.4,31899,
satellite,lianyungang_2,2024-01-01,2024-01-31,ok,34.700005,119.4,31988,
era5,changzhou_1,2019-03-01,2019-03-31,ok,31.528997,119.82057,40570,
era5,changzhou_1,2019-04-01,2019-04-30,ok,31.528997,119.82057,39526,
era5,changzhou_1,2019-02-01,2019-02-28,ok,31.528997,119.82057,36769,
era5,changzhou_1,2019-05-01,2019-05-31,ok,31.528997,119.82057,40892,
era5,changzhou_1,2019-06-01,2019-06-30,ok,31.528997,119.82057,39921,
era5,changzhou_1,2019-07-01,2019-07-31,ok,31.528997,119.82057,41281,
era5,changzhou_1,2019-08-01,2019-08-31,ok,31.528997,119.82057,40986,
era5,changzhou_1,2019-09-01,2019-09-30,ok,31.528997,119.82057,39137,
era5,changzhou_1,2019-10-01,2019-10-31,ok,31.528997,119.82057,40103,
era5,changzhou_1,2019-11-01,2019-11-30,ok,31.528997,119.82057,38437,
era5,changzhou_1,2019-12-01,2019-12-31,ok,31.528997,119.82057,39598,
era5,changzhou_1,2020-02-01,2020-02-29,ok,31.528997,119.82057,37642,
era5,changzhou_1,2020-03-01,2020-03-31,ok,31.528997,119.82057,40686,
era5,changzhou_1,2020-01-01,2020-01-31,ok,31.528997,119.82057,40350,
era5,changzhou_1,2020-04-01,2020-04-30,ok,31.528997,119.82057,39302,
era5,changzhou_1,2020-05-01,2020-05-31,ok,31.528997,119.82057,41087,
era5,changzhou_1,2020-06-01,2020-06-30,ok,31.528997,119.82057,40173,
era5,changzhou_1,2020-07-01,2020-07-31,ok,31.528997,119.82057,41643,
era5,changzhou_1,2020-08-01,2020-08-31,ok,31.528997,119.82057,40847,
era5,changzhou_1,2020-09-01,2020-09-30,ok,31.528997,119.82057,39300,
era5,changzhou_1,2020-11-01,2020-11-30,ok,31.528997,119.82057,38476,
era5,changzhou_1,2020-10-01,2020-10-31,ok,31.528997,119.82057,40037,
era5,changzhou_1,2020-12-01,2020-12-31,ok,31.528997,119.82057,39551,
era5,changzhou_1,2021-03-01,2021-03-31,ok,31.528997,119.82057,40771,
era5,changzhou_1,2021-02-01,2021-02-28,ok,31.528997,119.82057,36242,
era5,changzhou_1,2021-01-01,2021-01-31,ok,31.528997,119.82057,39607,
era5,changzhou_1,2021-06-01,2021-06-30,ok,31.528997,119.82057,40113,
era5,changzhou_1,2021-04-01,2021-04-30,ok,31.528997,119.82057,39523,
era5,changzhou_1,2021-05-01,2021-05-31,ok,31.528997,119.82057,41234,
era5,changzhou_1,2021-08-01,2021-08-31,ok,31.528997,119.82057,41300,
era5,changzhou_1,2021-09-01,2021-09-30,ok,31.528997,119.82057,39218,
era5,changzhou_1,2021-10-01,2021-10-31,ok,31.528997,119.82057,40569,
era5,changzhou_1,2021-07-01,2021-07-31,ok,31.528997,119.82057,41520,
era5,changzhou_1,2021-11-01,2021-11-30,ok,31.528997,119.82057,38605,
era5,changzhou_1,2021-12-01,2021-12-31,ok,31.528997,119.82057,39355,
era5,changzhou_1,2022-02-01,2022-02-28,ok,31.528997,119.82057,36880,
era5,changzhou_1,2022-01-01,2022-01-31,ok,31.528997,119.82057,40707,
era5,changzhou_1,2022-03-01,2022-03-31,ok,31.528997,119.82057,40867,
era5,changzhou_1,2022-04-01,2022-04-30,ok,31.528997,119.82057,39820,
era5,changzhou_1,2022-05-01,2022-05-31,ok,31.528997,119.82057,41515,
era5,changzhou_1,2022-06-01,2022-06-30,ok,31.528997,119.82057,40238,
era5,changzhou_1,2022-07-01,2022-07-31,ok,31.528997,119.82057,41743,
era5,changzhou_1,2022-08-01,2022-08-31,ok,31.528997,119.82057,41605,
era5,changzhou_1,2022-09-01,2022-09-30,ok,31.528997,119.82057,39691,
era5,changzhou_1,2022-10-01,2022-10-31,ok,31.528997,119.82057,40219,
era5,changzhou_1,2022-11-01,2022-11-30,ok,31.528997,119.82057,38865,
era5,changzhou_1,2022-12-01,2022-12-31,ok,31.528997,119.82057,39871,
era5,changzhou_1,2023-01-01,2023-01-31,ok,31.528997,119.82057,39438,
era5,changzhou_1,2023-03-01,2023-03-31,ok,31.528997,119.82057,40954,
era5,changzhou_1,2023-02-01,2023-02-28,ok,31.528997,119.82057,36731,
era5,changzhou_1,2023-05-01,2023-05-31,ok,31.528997,119.82057,41484,
era5,changzhou_1,2023-06-01,2023-06-30,ok,31.528997,119.82057,40415,
era5,changzhou_1,2023-04-01,2023-04-30,ok,31.528997,119.82057,39645,
era5,changzhou_1,2023-09-01,2023-09-30,ok,31.528997,119.82057,39634,
era5,changzhou_1,2023-08-01,2023-08-31,ok,31.528997,119.82057,40907,
era5,changzhou_1,2023-07-01,2023-07-31,ok,31.528997,119.82057,41848,
era5,changzhou_1,2023-11-01,2023-11-30,ok,31.528997,119.82057,38316,
era5,changzhou_1,2023-10-01,2023-10-31,ok,31.528997,119.82057,40030,
era5,changzhou_1,2024-02-01,2024-02-29,ok,31.528997,119.82057,38134,
era5,changzhou_1,2024-03-01,2024-03-31,ok,31.528997,119.82057,40484,
era5,changzhou_1,2024-04-01,2024-04-30,ok,31.528997,119.82057,40435,
era5,changzhou_1,2024-05-01,2024-05-31,ok,31.528997,119.82057,41181,
era5,changzhou_1,2024-06-01,2024-06-30,ok,31.528997,119.82057,40422,
era5,changzhou_1,2024-07-01,2024-07-31,ok,31.528997,119.82057,41385,
era5,changzhou_1,2024-08-01,2024-08-31,ok,31.528997,119.82057,40827,
era5,changzhou_1,2023-12-01,2023-12-31,ok,31.528997,119.82057,39785,
era5,changzhou_1,2024-09-01,2024-09-30,ok,31.528997,119.82057,39512,
era5,changzhou_1,2024-10-01,2024-10-31,ok,31.528997,119.82057,40692,
era5,changzhou_1,2024-11-01,2024-11-30,ok,31.528997,119.82057,38475,
era5,changzhou_1,2024-12-01,2024-12-31,ok,31.528997,119.82057,39497,
era5,changzhou_1,2025-01-01,2025-01-31,ok,31.528997,119.82057,39683,
era5,changzhou_1,2025-02-01,2025-02-28,ok,31.528997,119.82057,36435,
era5,changzhou_1,2025-03-01,2025-03-31,ok,31.528997,119.82057,40832,
era5,changzhou_1,2025-04-01,2025-04-30,ok,31.528997,119.82057,39603,
era5,changzhou_1,2025-05-01,2025-05-31,ok,31.528997,119.82057,41354,
era5,changzhou_1,2025-06-01,2025-06-30,ok,31.528997,119.82057,40285,
era5,changzhou_1,2025-07-01,2025-07-31,ok,31.528997,119.82057,41135,
era5,changzhou_1,2025-08-01,2025-08-31,ok,31.528997,119.82057,40643,
era5,changzhou_1,2025-09-01,2025-09-30,ok,31.528997,119.82057,39764,
era5,changzhou_1,2025-10-01,2025-10-31,ok,31.528997,119.82057,40613,
era5,changzhou_1,2025-11-01,2025-11-30,ok,31.528997,119.82057,38322,
era5,changzhou_1,2025-12-01,2025-12-31,ok,31.528997,119.82057,39543,
era5,changzhou_1,2026-01-01,2026-01-31,ok,31.528997,119.82057,39536,
era5,changzhou_1,2024-01-01,2024-01-31,ok,31.528997,119.82057,39924,
era5,nanjing_1,2019-03-01,2019-03-31,ok,31.880491,118.59206,40511,
era5,nanjing_1,2019-02-01,2019-02-28,ok,31.880491,118.59206,36625,
era5,nanjing_1,2019-05-01,2019-05-31,ok,31.880491,118.59206,40913,
era5,nanjing_1,2019-06-01,2019-06-30,ok,31.880491,118.59206,39887,
era5,nanjing_1,2019-04-01,2019-04-30,ok,31.880491,118.59206,39509,
era5,nanjing_1,2019-08-01,2019-08-31,ok,31.880491,118.59206,40784,
era5,nanjing_1,2019-07-01,2019-07-31,ok,31.880491,118.59206,41221,
era5,nanjing_1,2019-09-01,2019-09-30,ok,31.880491,118.59206,38888,
era5,nanjing_1,2019-10-01,2019-10-31,ok,31.880491,118.59206,40124,
era5,nanjing_1,2019-12-01,2019-12-31,ok,31.880491,118.59206,39661,
era5,nanjing_1,2019-11-01,2019-11-30,ok,31.880491,118.59206,38420,
era5,nanjing_1,2020-02-01,2020-02-29,ok,31.880491,118.59206,37636,
era5,nanjing_1,2020-01-01,2020-01-31,ok,31.880491,118.59206,40447,
era5,nanjing_1,2020-03-01,2020-03-31,ok,31.880491,118.59206,40634,
era5,nanjing_1,2020-04-01,2020-04-30,ok,31.880491,118.59206,39284,
era5,nanjing_1,2020-05-01,2020-05-31,ok,31.880491,118.59206,41017,
era5,nanjing_1,2020-06-01,2020-06-30,ok,31.880491,118.59206,40109,
era5,nanjing_1,2020-07-01,2020-07-31,ok,31.880491,118.59206,41598,
era5,nanjing_1,2020-09-01,2020-09-30,ok,31.880491,118.59206,39290,
era5,nanjing_1,2020-08-01,2020-08-31,ok,31.880491,118.59206,40991,
era5,nanjing_1,2020-10-01,2020-10-31,ok,31.880491,118.59206,40102,
era5,nanjing_1,2020-11-01,2020-11-30,ok,31.880491,118.59206,38385,
era5,nanjing_1,2020-12-01,2020-12-31,ok,31.880491,118.59206,39471,
era5,nanjing_1,2021-01-01,2021-01-31,ok,31.880491,118.59206,39590,
era5,nanjing_1,2021-03-01,2021-03-31,ok,31.880491,118.59206,40805,
era5,nanjing_1,2021-02-01,2021-02-28,ok,31.880491,118.59206,36179,
era5,nanjing_1,2021-04-01,2021-04-30,ok,31.880491,118.59206,39624,
era5,nanjing_1,2021-05-01,2021-05-31,ok,31.880491,118.59206,41201,
era5,nanjing_1,2021-07-01,2021-07-31,ok,31.880491,118.59206,41383,
era5,nanjing_1,2021-08-01,2021-08-31,ok,31.880491,118.59206,41144,
era5,nanjing_1,2021-06-01,2021-06-30,ok,31.880491,118.59206,39991,
era5,nanjing_1,2021-10-01,2021-10-31,ok,31.880491,118.59206,40556,
era5,nanjing_1,2021-09-01,2021-09-30,ok,31.880491,118.59206,39173,
era5,nanjing_1,2021-11-01,2021-11-30,ok,31.880491,118.59206,38489,
era5,nanjing_1,2021-12-01,2021-12-31,ok,31.880491,118.59206,39332,
era5,nanjing_1,2022-01-01,2022-01-31,ok,31.880491,118.59206,40656,
era5,nanjing_1,2022-02-01,2022-02-28,ok,31.880491,118.59206,36903,
era5,nanjing_1,2022-04-01,2022-04-30,ok,31.880491,118.59206,39760,
era5,nanjing_1,2022-03-01,2022-03-31,ok,31.880491,118.59206,40819,
era5,nanjing_1,2022-05-01,2022-05-31,ok,31.880491,118.59206,41509,
era5,nanjing_1,2022-06-01,2022-06-30,ok,31.880491,118.59206,40035,
era5,nanjing_1,2022-07-01,2022-07-31,ok,31.880491,118.59206,41639,
era5,nanjing_1,2022-08-01,2022-08-31,ok,31.880491,118.59206,41451,
era5,nanjing_1,2022-09-01,2022-09-30,ok,31.880491,118.59206,39540,
era5,nanjing_1,2022-10-01,2022-10-31,ok,31.880491,118.59206,40208,
era5,nanjing_1,2022-11-01,2022-11-30,ok,31.880491,118.59206,38865,
era5,nanjing_1,2022-12-01,2022-12-31,ok,31.880491,118.59206,39770,
era5,nanjing_1,2023-01-01,2023-01-31,ok,31.880491,118.59206,39323,
era5,nanjing_1,2023-02-01,2023-02-28,ok,31.880491,118.59206,36593,
era5,nanjing_1,2023-03-01,2023-03-31,ok,31.880491,118.59206,40905,
era5,nanjing_1,2023-04-01,2023-04-30,ok,31.880491,118.59206,39611,
era5,nanjing_1,2023-05-01,2023-05-31,ok,31.880491,118.59206,41447,
era5,nanjing_1,2023-06-01,2023-06-30,ok,31.880491,118.59206,40393,
era5,nanjing_1,2023-07-01,2023-07-31,ok,31.880491,118.59206,41837,
era5,nanjing_1,2023-09-01,2023-09-30,ok,31.880491,118.59206,39612,
era5,nanjing_1,2023-10-01,2023-10-31,ok,31.880491,118.59206,40107,
era5,nanjing_1,2023-08-01,2023-08-31,ok,31.880491,118.59206,40850,
era5,nanjing_1,2023-11-01,2023-11-30,ok,31.880491,118.59206,38297,
era5,nanjing_1,2024-02-01,2024-02-29,ok,31.880491,118.59206,38168,
era5,nanjing_1,2024-03-01,2024-03-31,ok,31.880491,118.59206,40455,
era5,nanjing_1,2024-04-01,2024-04-30,ok,31.880491,118.59206,40263,
era5,nanjing_1,2024-05-01,2024-05-31,ok,31.880491,118.59206,41100,
era5,nanjing_1,2024-06-01,2024-06-30,ok,31.880491,118.59206,40436,
era5,nanjing_1,2024-07-01,2024-07-31,ok,31.880491,118.59206,41444,
era5,nanjing_1,2024-08-01,2024-08-31,ok,31.880491,118.59206,40792,
era5,nanjing_1,2024-09-01,2024-09-30,ok,31.880491,118.59206,39433,
era5,nanjing_1,2024-10-01,2024-10-31,ok,31.880491,118.59206,40579,
era5,nanjing_1,2024-11-01,2024-11-30,ok,31.880491,118.59206,38321,
era5,nanjing_1,2024-12-01,2024-12-31,ok,31.880491,118.59206,39355,
era5,nanjing_1,2025-01-01,2025-01-31,ok,31.880491,118.59206,39736,
era5,nanjing_1,2025-02-01,2025-02-28,ok,31.880491,118.59206,36406,
era5,nanjing_1,2025-03-01,2025-03-31,ok,31.880491,118.59206,40808,
era5,nanjing_1,2025-04-01,2025-04-30,ok,31.880491,118.59206,39572,
era5,nanjing_1,2025-05-01,2025-05-31,ok,31.880491,118.59206,41289,
era5,nanjing_1,2025-06-01,2025-06-30,ok,31.880491,118.59206,40239,
era5,nanjing_1,2025-07-01,2025-07-31,ok,31.880491,118.59206,40998,
era5,nanjing_1,2025-08-01,2025-08-31,ok,31.880491,118.59206,40793,
era5,nanjing_1,2025-09-01,2025-09-30,ok,31.880491,118.59206,39935,
era5,nanjing_1,2025-10-01,2025-10-31,ok,31.880491,118.59206,40685,
era5,nanjing_1,2025-11-01,2025-11-30,ok,31.880491,118.59206,38174,
era5,nanjing_1,2025-12-01,2025-12-31,ok,31.880491,118.59206,39507,
era5,nanjing_1,2026-01-01,2026-01-31,ok,31.880491,118.59206,39646,
era5,nanjing_1,2023-12-01,2023-12-31,ok,31.880491,118.59206,39850,
era5,nanjing_1,2024-01-01,2024-01-31,ok,31.880491,118.59206,39876,
era5,suzhou_1,2019-03-01,2019-03-31,ok,31.528997,121.00478,40651,
era5,suzhou_1,2019-02-01,2019-02-28,ok,31.528997,121.00478,36826,
era5,suzhou_1,2019-04-01,2019-04-30,ok,31.528997,121.00478,39662,
era5,suzhou_1,2019-05-01,2019-05-31,ok,31.528997,121.00478,40987,
era5,suzhou_1,2019-06-01,2019-06-30,ok,31.528997,121.00478,40037,
era5,suzhou_1,2019-07-01,2019-07-31,ok,31.528997,121.00478,41451,
era5,suzhou_1,2019-08-01,2019-08-31,ok,31.528997,121.00478,41061,
era5,suzhou_1,2019-09-01,2019-09-30,ok,31.528997,121.00478,39307,
era5,suzhou_1,2019-10-01,2019-10-31,ok,31.528997,121.00478,40247,
era5,suzhou_1,2019-11-01,2019-11-30,ok,31.528997,121.00478,38504,
era5,suzhou_1,2019-12-01,2019-12-31,ok,31.528997,121.00478,39684,
era5,suzhou_1,2020-01-01,2020-01-31,ok,31.528997,121.00478,40295,
era5,suzhou_1,2020-02-01,2020-02-29,ok,31.528997,121.00478,37699,
era5,suzhou_1,2020-03-01,2020-03-31,ok,31.528997,121.00478,40757,
era5,suzhou_1,2020-04-01,2020-04-30,ok,31.528997,121.00478,39273,
era5,suzhou_1,2020-05-01,2020-05-31,ok,31.528997,121.00478,41246,
era5,suzhou_1,2020-06-01,2020-06-30,ok,31.528997,121.00478,40231,
era5,suzhou_1,2020-07-01,2020-07-31,ok,31.528997,121.00478,41706,
era5,suzhou_1,2020-08-01,2020-08-31,ok,31.528997,121.00478,40759,
era5,suzhou_1,2020-09-01,2020-09-30,ok,31.528997,121.00478,39330,
era5,suzhou_1,2020-11-01,2020-11-30,ok,31.528997,121.00478,38567,
era5,suzhou_1,2020-10-01,2020-10-31,ok,31.528997,121.00478,40123,
era5,suzhou_1,2020-12-01,2020-12-31,ok,31.528997,121.00478,39561,
era5,suzhou_1,2021-01-01,2021-01-31,ok,31.528997,121.00478,39595,
era5,suzhou_1,2021-02-01,2021-02-28,ok,31.528997,121.00478,36291,
era5,suzhou_1,2021-03-01,2021-03-31,ok,31.528997,121.00478,40827,
era5,suzhou_1,2021-05-01,2021-05-31,ok,31.528997,121.00478,41223,
era5,suzhou_1,2021-06-01,2021-06-30,ok,31.528997,121.00478,40127,
era5,suzhou_1,2021-04-01,2021-04-30,ok,31.528997,121.00478,39563,
era5,suzhou_1,2021-08-01,2021-08-31,ok,31.528997,121.00478,41286,
era5,suzhou_1,2021-07-01,2021-07-31,ok,31.528997,121.00478,41652,
era5,suzhou_1,2021-09-01,2021-09-30,ok,31.528997,121.00478,39392,
era5,suzhou_1,2021-10-01,2021-10-31,ok,31.528997,121.00478,40710,
era5,suzhou_1,2021-11-01,2021-11-30,ok,31.528997,121.00478,38714,
era5,suzhou_1,2022-01-01,2022-01-31,ok,31.528997,121.00478,40808,
era5,suzhou_1,2022-02-01,2022-02-28,ok,31.528997,121.00478,36789,
era5,suzhou_1,2022-03-01,2022-03-31,ok,31.528997,121.00478,40928,
era5,suzhou_1,2022-04-01,2022-04-30,ok,31.528997,121.00478,39887,
era5,suzhou_1,2021-12-01,2021-12-31,ok,31.528997,121.00478,39494,
era5,suzhou_1,2022-06-01,2022-06-30,ok,31.528997,121.00478,40387,
era5,suzhou_1,2022-05-01,2022-05-31,ok,31.528997,121.00478,41579,
era5,suzhou_1,2022-08-01,2022-08-31,ok,31.528997,121.00478,41557,
era5,suzhou_1,2022-09-01,2022-09-30,ok,31.528997,121.00478,39790,
era5,suzhou_1,2022-07-01,2022-07-31,ok,31.528997,121.00478,41851,
era5,suzhou_1,2022-11-01,2022-11-30,ok,31.528997,121.00478,38902,
era5,suzhou_1,2022-10-01,2022-10-31,ok,31.528997,121.00478,40333,
era5,suzhou_1,2023-01-01,2023-01-31,ok,31.528997,121.00478,39540,
era5,suzhou_1,2023-02-01,2023-02-28,ok,31.528997,121.00478,36805,
era5,suzhou_1,2022-12-01,2022-12-31,ok,31.528997,121.00478,39816,
era5,suzhou_1,2023-03-01,2023-03-31,ok,31.528997,121.00478,40926,
era5,suzhou_1,2023-04-01,2023-04-30,ok,31.528997,121.00478,39799,
era5,suzhou_1,2023-05-01,2023-05-31,ok,31.528997,121.00478,41498,
era5,suzhou_1,2023-07-01,2023-07-31,ok,31.528997,121.00478,41917,
era5,suzhou_1,2023-06-01,2023-06-30,ok,31.528997,121.00478,40530,
era5,suzhou_1,2023-08-01,2023-08-31,ok,31.528997,121.00478,40937,
era5,suzhou_1,2023-09-01,2023-09-30,ok,31.528997,121.00478,39743,
era5,suzhou_1,2023-10-01,2023-10-31,ok,31.528997,121.00478,40111,
era5,suzhou_1,2023-11-01,2023-11-30,ok,31.528997,121.00478,38368,
era5,suzhou_1,2024-02-01,2024-02-29,ok,31.528997,121.00478,38238,
era5,suzhou_1,2024-03-01,2024-03-31,ok,31.528997,121.00478,40645,
era5,suzhou_1,2024-04-01,2024-04-30,ok,31.528997,121.00478,40424,
era5,suzhou_1,2024-05-01,2024-05-31,ok,31.528997,121.00478,41186,
era5,suzhou_1,2024-06-01,2024-06-30,ok,31.528997,121.00478,40443,
era5,suzhou_1,2024-07-01,2024-07-31,ok,31.528997,121.00478,41504,
era5,suzhou_1,2024-08-01,2024-08-31,ok,31.528997,121.00478,40730,
era5,suzhou_1,2024-09-01,2024-09-30,ok,31.528997,121.00478,39687,
era5,suzhou_1,2024-10-01,2024-10-31,ok,31.528997,121.00478,40825,
era5,suzhou_1,2024-11-01,2024-11-30,ok,31.528997,121.00478,38619,
era5,suzhou_1,2024-12-01,2024-12-31,ok,31.528997,121.00478,39487,
era5,suzhou_1,2025-01-01,2025-01-31,ok,31.528997,121.00478,39706,
era5,suzhou_1,2025-02-01,2025-02-28,ok,31.528997,121.00478,36343,
era5,suzhou_1,2025-03-01,2025-03-31,ok,31.528997,121.00478,40830,
era5,suzhou_1,2025-04-01,2025-04-30,ok,31.528997,121.00478,39603,
era5,suzhou_1,2025-05-01,2025-05-31,ok,31.528997,121.00478,41405,
era5,suzhou_1,2025-06-01,2025-06-30,ok,31.528997,121.00478,40409,
era5,suzhou_1,2025-07-01,2025-07-31,ok,31.528997,121.00478,41429,
era5,suzhou_1,2025-08-01,2025-08-31,ok,31.528997,121.00478,40799,
era5,suzhou_1,2025-09-01,2025-09-30,ok,31.528997,121.00478,39675,
era5,suzhou_1,2025-10-01,2025-10-31,ok,31.528997,121.00478,40438,
era5,suzhou_1,2025-11-01,2025-11-30,ok,31.528997,121.00478,38432,
era5,suzhou_1,2025-12-01,2025-12-31,ok,31.528997,121.00478,39551,
era5,suzhou_1,2026-01-01,2026-01-31,ok,31.528997,121.00478,39646,
era5,suzhou_1,2024-01-01,2024-01-31,ok,31.528997,121.00478,39933,
era5,suzhou_1,2023-12-01,2023-12-31,ok,31.528997,121.00478,39792,
era5,wuxi_1,2019-02-01,2019-02-28,ok,31.107204,120.249405,36862,
era5,wuxi_1,2019-04-01,2019-04-30,ok,31.107204,120.249405,39571,
era5,wuxi_1,2019-03-01,2019-03-31,ok,31.107204,120.249405,40731,
era5,wuxi_1,2019-05-01,2019-05-31,ok,31.107204,120.249405,40990,
era5,wuxi_1,2019-07-01,2019-07-31,ok,31.107204,120.249405,41358,
era5,wuxi_1,2019-08-01,2019-08-31,ok,31.107204,120.249405,40941,
era5,wuxi_1,2019-06-01,2019-06-30,ok,31.107204,120.249405,40000,
era5,wuxi_1,2019-09-01,2019-09-30,ok,31.107204,120.249405,39077,
era5,wuxi_1,2019-11-01,2019-11-30,ok,31.107204,120.249405,38455,
era5,wuxi_1,2019-12-01,2019-12-31,ok,31.107204,120.249405,39714,
era5,wuxi_1,2019-10-01,2019-10-31,ok,31.107204,120.249405,40165,
era5,wuxi_1,2020-01-01,2020-01-31,ok,31.107204,120.249405,40421,
era5,wuxi_1,2020-02-01,2020-02-29,ok,31.107204,120.249405,37745,
era5,wuxi_1,2020-03-01,2020-03-31,ok,31.107204,120.249405,40793,
era5,wuxi_1,2020-04-01,2020-04-30,ok,31.107204,120.249405,39274,
era5,wuxi_1,2020-05-01,2020-05-31,ok,31.107204,120.249405,41209,
era5,wuxi_1,2020-06-01,2020-06-30,ok,31.107204,120.249405,40241,
era5,wuxi_1,2020-07-01,2020-07-31,ok,31.107204,120.249405,41763,
era5,wuxi_1,2020-08-01,2020-08-31,ok,31.107204,120.249405,40692,
era5,wuxi_1,2020-09-01,2020-09-30,ok,31.107204,120.249405,39448,
era5,wuxi_1,2020-11-01,2020-11-30,ok,31.107204,120.249405,38606,
era5,wuxi_1,2020-12-01,2020-12-31,ok,31.107204,120.249405,39552,
era5,wuxi_1,2020-10-01,2020-10-31,ok,31.107204,120.249405,40070,
era5,wuxi_1,2021-01-01,2021-01-31,ok,31.107204,120.249405,39624,
era5,wuxi_1,2021-03-01,2021-03-31,ok,31.107204,120.249405,40870,
era5,wuxi_1,2021-04-01,2021-04-30,ok,31.107204,120.249405,39547,
era5,wuxi_1,2021-02-01,2021-02-28,ok,31.107204,120.249405,36313,
era5,wuxi_1,2021-05-01,2021-05-31,ok,31.107204,120.249405,41328,
era5,wuxi_1,2021-06-01,2021-06-30,ok,31.107204,120.249405,40156,
era5,wuxi_1,2021-07-01,2021-07-31,ok,31.107204,120.249405,41664,
era5,wuxi_1,2021-08-01,2021-08-31,ok,31.107204,120.249405,41308,
era5,wuxi_1,2021-10-01,2021-10-31,ok,31.107204,120.249405,40523,
era5,wuxi_1,2021-09-01,2021-09-30,ok,31.107204,120.249405,39218,
era5,wuxi_1,2022-01-01,2022-01-31,ok,31.107204,120.249405,40727,
era5,wuxi_1,2021-12-01,2021-12-31,ok,31.107204,120.249405,39464,
era5,wuxi_1,2021-11-01,2021-11-30,ok,31.107204,120.249405,38811,
era5,wuxi_1,2022-02-01,2022-02-28,ok,31.107204,120.249405,36932,
era5,wuxi_1,2022-04-01,2022-04-30,ok,31.107204,120.249405,39897,
era5,wuxi_1,2022-05-01,2022-05-31,ok,31.107204,120.249405,41622,
era5,wuxi_1,2022-03-01,2022-03-31,ok,31.107204,120.249405,40899,
era5,wuxi_1,2022-06-01,2022-06-30,ok,31.107204,120.249405,40335,
era5,wuxi_1,2022-07-01,2022-07-31,ok,31.107204,120.249405,41782,
era5,wuxi_1,2022-09-01,2022-09-30,ok,31.107204,120.249405,39720,
era5,wuxi_1,2022-08-01,2022-08-31,ok,31.107204,120.249405,41537,
era5,wuxi_1,2022-10-01,2022-10-31,ok,31.107204,120.249405,40287,
era5,wuxi_1,2022-12-01,2022-12-31,ok,31.107204,120.249405,39889,
era5,wuxi_1,2022-11-01,2022-11-30,ok,31.107204,120.249405,38924,
era5,wuxi_1,2023-01-01,2023-01-31,ok,31.107204,120.249405,39534,
era5,wuxi_1,2023-03-01,2023-03-31,ok,31.107204,120.249405,41035,
era5,wuxi_1,2023-02-01,2023-02-28,ok,31.107204,120.249405,36867,
era5,wuxi_1,2023-04-01,2023-04-30,ok,31.107204,120.249405,39782,
era5,wuxi_1,2023-06-01,2023-06-30,ok,31.107204,120.249405,40526,
era5,wuxi_1,2023-05-01,2023-05-31,ok,31.107204,120.249405,41528,
era5,wuxi_1,2023-07-01,2023-07-31,ok,31.107204,120.249405,41928,
era5,wuxi_1,2023-08-01,2023-08-31,ok,31.107204,120.249405,40986,
era5,wuxi_1,2023-09-01,2023-09-30,ok,31.107204,120.249405,39742,
era5,wuxi_1,2023-10-01,2023-10-31,ok,31.107204,120.249405,40064,
era5,wuxi_1,2023-11-01,2023-11-30,ok,31.107204,120.249405,38395,
era5,wuxi_1,2024-02-01,2024-02-29,ok,31.107204,120.249405,38324,
era5,wuxi_1,2024-03-01,2024-03-31,ok,31.107204,120.249405,40605,
era5,wuxi_1,2024-04-01,2024-04-30,ok,31.107204,120.249405,40471,
era5,wuxi_1,2024-05-01,2024-05-31,ok,31.107204,120.249405,41249,
era5,wuxi_1,2024-06-01,2024-06-30,ok,31.107204,120.249405,40499,
era5,wuxi_1,2024-07-01,2024-07-31,ok,31.107204,120.249405,41479,
era5,wuxi_1,2024-08-01,2024-08-31,ok,31.107204,120.249405,40844,
era5,wuxi_1,2024-09-01,2024-09-30,ok,31.107204,120.249405,39540,
era5,wuxi_1,2024-10-01,2024-10-31,ok,31.107204,120.249405,40866,
era5,wuxi_1,2024-11-01,2024-11-30,ok,31.107204,120.249405,38561,
era5,wuxi_1,2024-12-01,2024-12-31,ok,31.107204,120.249405,39565,
era5,wuxi_1,2025-01-01,2025-01-31,ok,31.107204,120.249405,39770,
era5,wuxi_1,2025-02-01,2025-02-28,ok,31.107204,120.249405,36441,
era5,wuxi_1,2025-03-01,2025-03-31,ok,31.107204,120.249405,40879,
era5,wuxi_1,2025-04-01,2025-04-30,ok,31.107204,120.249405,39567,
era5,wuxi_1,2025-05-01,2025-05-31,ok,31.107204,120.249405,41463,
era5,wuxi_1,2025-06-01,2025-06-30,ok,31.107204,120.249405,40429,
era5,wuxi_1,2025-07-01,2025-07-31,ok,31.107204,120.249405,41285,
era5,wuxi_1,2025-08-01,2025-08-31,ok,31.107204,120.249405,40664,
era5,wuxi_1,2025-09-01,2025-09-30,ok,31.107204,120.249405,39756,
era5,wuxi_1,2025-10-01,2025-10-31,ok,31.107204,120.249405,40486,
era5,wuxi_1,2025-11-01,2025-11-30,ok,31.107204,120.249405,38478,
era5,wuxi_1,2025-12-01,2025-12-31,ok,31.107204,120.249405,39576,
era5,wuxi_1,2026-01-01,2026-01-31,ok,31.107204,120.249405,39604,
era5,wuxi_1,2023-12-01,2023-12-31,ok,31.107204,120.249405,39841,
era5,wuxi_1,2024-01-01,2024-01-31,ok,31.107204,120.249405,40007,
era5,nanjing_2,2019-02-01,2019-02-28,ok,31.458698,119.03226,36718,
era5,nanjing_2,2019-04-01,2019-04-30,ok,31.458698,119.03226,39503,
era5,nanjing_2,2019-05-01,2019-05-31,ok,31.458698,119.03226,40910,
era5,nanjing_2,2019-03-01,2019-03-31,ok,31.458698,119.03226,40531,
era5,nanjing_2,2019-06-01,2019-06-30,ok,31.458698,119.03226,39863,
era5,nanjing_2,2019-08-01,2019-08-31,ok,31.458698,119.03226,40815,
era5,nanjing_2,2019-07-01,2019-07-31,ok,31.458698,119.03226,41196,
era5,nanjing_2,2019-09-01,2019-09-30,ok,31.458698,119.03226,38988,
era5,nanjing_2,2019-10-01,2019-10-31,ok,31.458698,119.03226,40150,
era5,nanjing_2,2019-11-01,2019-11-30,ok,31.458698,119.03226,38352,
era5,nanjing_2,2019-12-01,2019-12-31,ok,31.458698,119.03226,39575,
era5,nanjing_2,2020-01-01,2020-01-31,ok,31.458698,119.03226,40393,
era5,nanjing_2,2020-02-01,2020-02-29,ok,31.458698,119.03226,37610,
era5,nanjing_2,2020-04-01,2020-04-30,ok,31.458698,119.03226,39284,
era5,nanjing_2,2020-05-01,2020-05-31,ok,31.458698,119.03226,41031,
era5,nanjing_2,2020-03-01,2020-03-31,ok,31.458698,119.03226,40704,
era5,nanjing_2,2020-06-01,2020-06-30,ok,31.458698,119.03226,40206,
era5,nanjing_2,2020-07-01,2020-07-31,ok,31.458698,119.03226,41622,
era5,nanjing_2,2020-08-01,2020-08-31,ok,31.458698,119.03226,40929,
era5,nanjing_2,2020-09-01,2020-09-30,ok,31.458698,119.03226,39388,
era5,nanjing_2,2020-10-01,2020-10-31,ok,31.458698,119.03226,40165,
era5,nanjing_2,2020-11-01,2020-11-30,ok,31.458698,119.03226,38442,
era5,nanjing_2,2020-12-01,2020-12-31,ok,31.458698,119.03226,39541,
era5,nanjing_2,2021-01-01,2021-01-31,ok,31.458698,119.03226,39591,
era5,nanjing_2,2021-02-01,2021-02-28,ok,31.458698,119.03226,36273,
era5,nanjing_2,2021-03-01,2021-03-31,ok,31.458698,119.03226,40804,
era5,nanjing_2,2021-04-01,2021-04-30,ok,31.458698,119.03226,39513,
era5,nanjing_2,2021-06-01,2021-06-30,ok,31.458698,119.03226,40013,
era5,nanjing_2,2021-05-01,2021-05-31,ok,31.458698,119.03226,41227,
era5,nanjing_2,2021-08-01,2021-08-31,ok,31.458698,119.03226,41177,
era5,nanjing_2,2021-09-01,2021-09-30,ok,31.458698,119.03226,39149,
era5,nanjing_2,2021-07-01,2021-07-31,ok,31.458698,119.03226,41470,
era5,nanjing_2,2021-10-01,2021-10-31,ok,31.458698,119.03226,40548,
era5,nanjing_2,2021-11-01,2021-11-30,ok,31.458698,119.03226,38556,
era5,nanjing_2,2021-12-01,2021-12-31,ok,31.458698,119.03226,39304,
era5,nanjing_2,2022-01-01,2022-01-31,ok,31.458698,119.03226,40656,
era5,nanjing_2,2022-03-01,2022-03-31,ok,31.458698,119.03226,40830,
era5,nanjing_2,2022-02-01,2022-02-28,ok,31.458698,119.03226,36939,
era5,nanjing_2,2022-04-01,2022-04-30,ok,31.458698,119.03226,39818,
era5,nanjing_2,2022-05-01,2022-05-31,ok,31.458698,119.03226,41503,
era5,nanjing_2,2022-06-01,2022-06-30,ok,31.458698,119.03226,40172,
era5,nanjing_2,2022-07-01,2022-07-31,ok,31.458698,119.03226,41611,
era5,nanjing_2,2022-09-01,2022-09-30,ok,31.458698,119.03226,39624,
era5,nanjing_2,2022-10-01,2022-10-31,ok,31.458698,119.03226,40262,
era5,nanjing_2,2022-08-01,2022-08-31,ok,31.458698,119.03226,41470,
era5,nanjing_2,2022-11-01,2022-11-30,ok,31.458698,119.03226,38849,
era5,nanjing_2,2023-02-01,2023-02-28,ok,31.458698,119.03226,36706,
era5,nanjing_2,2023-01-01,2023-01-31,ok,31.458698,119.03226,39369,
era5,nanjing_2,2022-12-01,2022-12-31,ok,31.458698,119.03226,39885,
era5,nanjing_2,2023-03-01,2023-03-31,ok,31.458698,119.03226,40926,
era5,nanjing_2,2023-04-01,2023-04-30,ok,31.458698,119.03226,39674,
era5,nanjing_2,2023-05-01,2023-05-31,ok,31.458698,119.03226,41500,
era5,nanjing_2,2023-06-01,2023-06-30,ok,31.458698,119.03226,40420,
era5,nanjing_2,2023-07-01,2023-07-31,ok,31.458698,119.03226,41945,
era5,nanjing_2,2023-08-01,2023-08-31,ok,31.458698,119.03226,40909,
era5,nanjing_2,2023-09-01,2023-09-30,ok,31.458698,119.03226,39678,
era5,nanjing_2,2023-10-01,2023-10-31,ok,31.458698,119.03226,40067,
era5,nanjing_2,2023-12-01,2023-12-31,ok,31.458698,119.03226,39849,
era5,nanjing_2,2024-02-01,2024-02-29,ok,31.458698,119.03226,38168,
era5,nanjing_2,2024-03-01,2024-03-31,ok,31.458698,119.03226,40477,
era5,nanjing_2,2024-04-01,2024-04-30,ok,31.458698,119.03226,40309,
era5,nanjing_2,2024-05-01,2024-05-31,ok,31.458698,119.03226,41185,
era5,nanjing_2,2024-06-01,2024-06-30,ok,31.458698,119.03226,40411,
era5,nanjing_2,2024-07-01,2024-07-31,ok,31.458698,119.03226,41388,
era5,nanjing_2,2024-08-01,2024-08-31,ok,31.458698,119.03226,40769,
era5,nanjing_2,2024-09-01,2024-09-30,ok,31.458698,119.03226,39383,
era5,nanjing_2,2024-10-01,2024-10-31,ok,31.458698,119.03226,40670,
era5,nanjing_2,2024-11-01,2024-11-30,ok,31.458698,119.03226,38416,
era5,nanjing_2,2024-12-01,2024-12-31,ok,31.458698,119.03226,39445,
era5,nanjing_2,2025-01-01,2025-01-31,ok,31.458698,119.03226,39745,
era5,nanjing_2,2025-02-01,2025-02-28,ok,31.458698,119.03226,36385,
era5,nanjing_2,2025-03-01,2025-03-31,ok,31.458698,119.03226,40819,
era5,nanjing_2,2025-04-01,2025-04-30,ok,31.458698,119.03226,39584,
era5,nanjing_2,2025-05-01,2025-05-31,ok,31.458698,119.03226,41351,
era5,nanjing_2,2025-06-01,2025-06-30,ok,31.458698,119.03226,40304,
era5,nanjing_2,2025-07-01,2025-07-31,ok,31.458698,119.03226,41076,
era5,nanjing_2,2025-08-01,2025-08-31,ok,31.458698,119.03226,40761,
era5,nanjing_2,2025-09-01,2025-09-30,ok,31.458698,119.03226,39817,
era5,nanjing_2,2025-10-01,2025-10-31,ok,31.458698,119.03226,40617,
era5,nanjing_2,2025-11-01,2025-11-30,ok,31.458698,119.03226,38263,
era5,nanjing_2,2025-12-01,2025-12-31,ok,31.458698,119.03226,39524,
era5,nanjing_2,2026-01-01,2026-01-31,ok,31.458698,119.03226,39608,
era5,nanjing_2,2024-01-01,2024-01-31,ok,31.458698,119.03226,39896,
era5,nanjing_2,2023-11-01,2023-11-30,ok,31.458698,119.03226,38285,
era5,taizhou_1,2019-03-01,2019-03-31,ok,32.724075,119.78022,40412,
era5,taizhou_1,2019-04-01,2019-04-30,ok,32.724075,119.78022,39458,
era5,taizhou_1,2019-02-01,2019-02-28,ok,32.724075,119.78022,36564,
era5,taizhou_1,2019-06-01,2019-06-30,ok,32.724075,119.78022,39829,
era5,taizhou_1,2019-07-01,2019-07-31,ok,32.724075,119.78022,41330,
era5,taizhou_1,2019-05-01,2019-05-31,ok,32.724075,119.78022,41118,
era5,taizhou_1,2019-09-01,2019-09-30,ok,32.724075,119.78022,39024,
era5,taizhou_1,2019-10-01,2019-10-31,ok,32.724075,119.78022,40265,
era5,taizhou_1,2019-08-01,2019-08-31,ok,32.724075,119.78022,40937,
era5,taizhou_1,2019-11-01,2019-11-30,ok,32.724075,119.78022,38562,
era5,taizhou_1,2019-12-01,2019-12-31,ok,32.724075,119.78022,39592,
era5,taizhou_1,2020-02-01,2020-02-29,ok,32.724075,119.78022,37475,
era5,taizhou_1,2020-03-01,2020-03-31,ok,32.724075,119.78022,40593,
era5,taizhou_1,2020-04-01,2020-04-30,ok,32.724075,119.78022,39301,
era5,taizhou_1,2020-01-01,2020-01-31,ok,32.724075,119.78022,40238,
era5,taizhou_1,2020-05-01,2020-05-31,ok,32.724075,119.78022,41023,
era5,taizhou_1,2020-08-01,2020-08-31,ok,32.724075,119.78022,41072,
era5,taizhou_1,2020-06-01,2020-06-30,ok,32.724075,119.78022,40060,
era5,taizhou_1,2020-07-01,2020-07-31,ok,32.724075,119.78022,41605,
era5,taizhou_1,2020-09-01,2020-09-30,ok,32.724075,119.78022,39326,
era5,taizhou_1,2020-10-01,2020-10-31,ok,32.724075,119.78022,40127,
era5,taizhou_1,2020-12-01,2020-12-31,ok,32.724075,119.78022,39551,
era5,taizhou_1,2020-11-01,2020-11-30,ok,32.724075,119.78022,38438,
era5,taizhou_1,2021-01-01,2021-01-31,ok,32.724075,119.78022,39591,
era5,taizhou_1,2021-02-01,2021-02-28,ok,32.724075,119.78022,36138,
era5,taizhou_1,2021-03-01,2021-03-31,ok,32.724075,119.78022,40689,
era5,taizhou_1,2021-04-01,2021-04-30,ok,32.724075,119.78022,39622,
era5,taizhou_1,2021-05-01,2021-05-31,ok,32.724075,119.78022,41093,
era5,taizhou_1,2021-07-01,2021-07-31,ok,32.724075,119.78022,41460,
era5,taizhou_1,2021-06-01,2021-06-30,ok,32.724075,119.78022,39907,
era5,taizhou_1,2021-09-01,2021-09-30,ok,32.724075,119.78022,39210,
era5,taizhou_1,2021-10-01,2021-10-31,ok,32.724075,119.78022,40421,
era5,taizhou_1,2021-11-01,2021-11-30,ok,32.724075,119.78022,38488,
era5,taizhou_1,2021-08-01,2021-08-31,ok,32.724075,119.78022,41136,
era5,taizhou_1,2021-12-01,2021-12-31,ok,32.724075,119.78022,39415,
era5,taizhou_1,2022-01-01,2022-01-31,ok,32.724075,119.78022,40509,
era5,taizhou_1,2022-02-01,2022-02-28,ok,32.724075,119.78022,36754,
era5,taizhou_1,2022-05-01,2022-05-31,ok,32.724075,119.78022,41211,
era5,taizhou_1,2022-03-01,2022-03-31,ok,32.724075,119.78022,40807,
era5,taizhou_1,2022-04-01,2022-04-30,ok,32.724075,119.78022,39691,
era5,taizhou_1,2022-06-01,2022-06-30,ok,32.724075,119.78022,39978,
era5,taizhou_1,2022-08-01,2022-08-31,ok,32.724075,119.78022,41514,
era5,taizhou_1,2022-07-01,2022-07-31,ok,32.724075,119.78022,41574,
era5,taizhou_1,2022-11-01,2022-11-30,ok,32.724075,119.78022,38978,
era5,taizhou_1,2022-10-01,2022-10-31,ok,32.724075,119.78022,40164,
era5,taizhou_1,2022-09-01,2022-09-30,ok,32.724075,119.78022,39536,
era5,taizhou_1,2022-12-01,2022-12-31,ok,32.724075,119.78022,39867,
era5,taizhou_1,2023-01-01,2023-01-31,ok,32.724075,119.78022,39458,
era5,taizhou_1,2023-02-01,2023-02-28,ok,32.724075,119.78022,36601,
era5,taizhou_1,2023-03-01,2023-03-31,ok,32.724075,119.78022,40886,
era5,taizhou_1,2023-04-01,2023-04-30,ok,32.724075,119.78022,39576,
era5,taizhou_1,2023-05-01,2023-05-31,ok,32.724075,119.78022,41442,
era5,taizhou_1,2023-06-01,2023-06-30,ok,32.724075,119.78022,40312,
era5,taizhou_1,2023-07-01,2023-07-31,ok,32.724075,119.78022,41816,
era5,taizhou_1,2023-08-01,2023-08-31,ok,32.724075,119.78022,40750,
era5,taizhou_1,2023-10-01,2023-10-31,ok,32.724075,119.78022,40096,
era5,taizhou_1,2023-11-01,2023-11-30,ok,32.724075,119.78022,38414,
era5,taizhou_1,2023-09-01,2023-09-30,ok,32.724075,119.78022,39577,
era5,taizhou_1,2024-02-01,2024-02-29,ok,32.724075,119.78022,38056,
era5,taizhou_1,2024-03-01,2024-03-31,ok,32.724075,119.78022,40578,
era5,taizhou_1,2024-04-01,2024-04-30,ok,32.724075,119.78022,40141,
era5,taizhou_1,2024-05-01,2024-05-31,ok,32.724075,119.78022,40892,
era5,taizhou_1,2024-06-01,2024-06-30,ok,32.724075,119.78022,40460,
era5,taizhou_1,2024-07-01,2024-07-31,ok,32.724075,119.78022,41482,
era5,taizhou_1,2024-08-01,2024-08-31,ok,32.724075,119.78022,40837,
era5,taizhou_1,2024-09-01,2024-09-30,ok,32.724075,119.78022,39487,
era5,taizhou_1,2024-10-01,2024-10-31,ok,32.724075,119.78022,40578,
era5,taizhou_1,2024-11-01,2024-11-30,ok,32.724075,119.78022,38356,
era5,taizhou_1,2024-12-01,2024-12-31,ok,32.724075,119.78022,39445,
era5,taizhou_1,2025-01-01,2025-01-31,ok,32.724075,119.78022,39683,
era5,taizhou_1,2025-02-01,2025-02-28,ok,32.724075,119.78022,36526,
era5,taizhou_1,2025-03-01,2025-03-31,ok,32.724075,119.78022,40670,
era5,taizhou_1,2025-04-01,2025-04-30,ok,32.724075,119.78022,39465,
era5,taizhou_1,2025-05-01,2025-05-31,ok,32.724075,119.78022,41259,
era5,taizhou_1,2025-06-01,2025-06-30,ok,32.724075,119.78022,40251,
era5,taizhou_1,2025-07-01,2025-07-31,ok,32.724075,119.78022,41025,
era5,taizhou_1,2025-08-01,2025-08-31,ok,32.724075,119.78022,40829,
era5,taizhou_1,2025-09-01,2025-09-30,ok,32.724075,119.78022,39803,
era5,taizhou_1,2025-10-01,2025-10-31,ok,32.724075,119.78022,40638,
era5,taizhou_1,2025-11-01,2025-11-30,ok,32.724075,119.78022,38181,
era5,taizhou_1,2025-12-01,2025-12-31,ok,32.724075,119.78022,39576,
era5,taizhou_1,2026-01-01,2026-01-31,ok,32.724075,119.78022,39664,
era5,taizhou_1,2023-12-01,2023-12-31,ok,32.724075,119.78022,39819,
era5,taizhou_1,2024-01-01,2024-01-31,ok,32.724075,119.78022,39851,
era5,taizhou_2,2019-02-01,2019-02-28,ok,32.653778,120.62195,36662,
era5,taizhou_2,2019-03-01,2019-03-31,ok,32.653778,120.62195,40430,
era5,taizhou_2,2019-04-01,2019-04-30,ok,32.653778,120.62195,39561,
era5,taizhou_2,2019-05-01,2019-05-31,ok,32.653778,120.62195,41132,
era5,taizhou_2,2019-06-01,2019-06-30,ok,32.653778,120.62195,39979,
era5,taizhou_2,2019-08-01,2019-08-31,ok,32.653778,120.62195,40952,
era5,taizhou_2,2019-09-01,2019-09-30,ok,32.653778,120.62195,39327,
era5,taizhou_2,2019-07-01,2019-07-31,ok,32.653778,120.62195,41350,
era5,taizhou_2,2019-10-01,2019-10-31,ok,32.653778,120.62195,40307,
era5,taizhou_2,2019-12-01,2019-12-31,ok,32.653778,120.62195,39658,
era5,taizhou_2,2020-01-01,2020-01-31,ok,32.653778,120.62195,40222,
era5,taizhou_2,2019-11-01,2019-11-30,ok,32.653778,120.62195,38540,
era5,taizhou_2,2020-03-01,2020-03-31,ok,32.653778,120.62195,40620,
era5,taizhou_2,2020-02-01,2020-02-29,ok,32.653778,120.62195,37471,
era5,taizhou_2,2020-05-01,2020-05-31,ok,32.653778,120.62195,41183,
era5,taizhou_2,2020-04-01,2020-04-30,ok,32.653778,120.62195,39240,
era5,taizhou_2,2020-06-01,2020-06-30,ok,32.653778,120.62195,40100,
era5,taizhou_2,2020-07-01,2020-07-31,ok,32.653778,120.62195,41672,
era5,taizhou_2,2020-09-01,2020-09-30,ok,32.653778,120.62195,39363,
era5,taizhou_2,2020-08-01,2020-08-31,ok,32.653778,120.62195,41049,
era5,taizhou_2,2020-10-01,2020-10-31,ok,32.653778,120.62195,40242,
era5,taizhou_2,2020-11-01,2020-11-30,ok,32.653778,120.62195,38531,
era5,taizhou_2,2020-12-01,2020-12-31,ok,32.653778,120.62195,39637,
era5,taizhou_2,2021-01-01,2021-01-31,ok,32.653778,120.62195,39606,
era5,taizhou_2,2021-02-01,2021-02-28,ok,32.653778,120.62195,36121,
era5,taizhou_2,2021-03-01,2021-03-31,ok,32.653778,120.62195,40715,
era5,taizhou_2,2021-04-01,2021-04-30,ok,32.653778,120.62195,39635,
era5,taizhou_2,2021-05-01,2021-05-31,ok,32.653778,120.62195,41057,
era5,taizhou_2,2021-06-01,2021-06-30,ok,32.653778,120.62195,40013,
era5,taizhou_2,2021-07-01,2021-07-31,ok,32.653778,120.62195,41515,
era5,taizhou_2,2021-08-01,2021-08-31,ok,32.653778,120.62195,41230,
era5,taizhou_2,2021-09-01,2021-09-30,ok,32.653778,120.62195,39313,
era5,taizhou_2,2021-10-01,2021-10-31,ok,32.653778,120.62195,40548,
era5,taizhou_2,2021-12-01,2021-12-31,ok,32.653778,120.62195,39511,
era5,taizhou_2,2021-11-01,2021-11-30,ok,32.653778,120.62195,38570,
era5,taizhou_2,2022-01-01,2022-01-31,ok,32.653778,120.62195,40602,
era5,taizhou_2,2022-02-01,2022-02-28,ok,32.653778,120.62195,36800,
era5,taizhou_2,2022-03-01,2022-03-31,ok,32.653778,120.62195,40877,
era5,taizhou_2,2022-04-01,2022-04-30,ok,32.653778,120.62195,39776,
era5,taizhou_2,2022-05-01,2022-05-31,ok,32.653778,120.62195,41250,
era5,taizhou_2,2022-06-01,2022-06-30,ok,32.653778,120.62195,40112,
era5,taizhou_2,2022-07-01,2022-07-31,ok,32.653778,120.62195,41627,
era5,taizhou_2,2022-09-01,2022-09-30,ok,32.653778,120.62195,39664,
era5,taizhou_2,2022-08-01,2022-08-31,ok,32.653778,120.62195,41601,
era5,taizhou_2,2022-10-01,2022-10-31,ok,32.653778,120.62195,40313,
era5,taizhou_2,2022-12-01,2022-12-31,ok,32.653778,120.62195,39944,
era5,taizhou_2,2023-01-01,2023-01-31,ok,32.653778,120.62195,39597,
era5,taizhou_2,2022-11-01,2022-11-30,ok,32.653778,120.62195,39088,
era5,taizhou_2,2023-02-01,2023-02-28,ok,32.653778,120.62195,36669,
era5,taizhou_2,2023-03-01,2023-03-31,ok,32.653778,120.62195,40919,
era5,taizhou_2,2023-04-01,2023-04-30,ok,32.653778,120.62195,39629,
era5,taizhou_2,2023-06-01,2023-06-30,ok,32.653778,120.62195,40468,
era5,taizhou_2,2023-07-01,2023-07-31,ok,32.653778,120.62195,41803,
era5,taizhou_2,2023-05-01,2023-05-31,ok,32.653778,120.62195,41595,
era5,taizhou_2,2023-08-01,2023-08-31,ok,32.653778,120.62195,40793,
era5,taizhou_2,2023-09-01,2023-09-30,ok,32.653778,120.62195,39682,
era5,taizhou_2,2023-11-01,2023-11-30,ok,32.653778,120.62195,38478,
era5,taizhou_2,2023-10-01,2023-10-31,ok,32.653778,120.62195,40142,
era5,taizhou_2,2024-02-01,2024-02-29,ok,32.653778,120.62195,38145,
era5,taizhou_2,2024-03-01,2024-03-31,ok,32.653778,120.62195,40690,
era5,taizhou_2,2024-04-01,2024-04-30,ok,32.653778,120.62195,40233,
era5,taizhou_2,2024-05-01,2024-05-31,ok,32.653778,120.62195,40990,
era5,taizhou_2,2024-06-01,2024-06-30,ok,32.653778,120.62195,40496,
era5,taizhou_2,2024-07-01,2024-07-31,ok,32.653778,120.62195,41448,
era5,taizhou_2,2024-08-01,2024-08-31,ok,32.653778,120.62195,40831,
era5,taizhou_2,2024-09-01,2024-09-30,ok,32.653778,120.62195,39591,
era5,taizhou_2,2024-10-01,2024-10-31,ok,32.653778,120.62195,40779,
era5,taizhou_2,2024-11-01,2024-11-30,ok,32.653778,120.62195,38499,
era5,taizhou_2,2024-12-01,2024-12-31,ok,32.653778,120.62195,39524,
era5,taizhou_2,2025-01-01,2025-01-31,ok,32.653778,120.62195,39688,
era5,taizhou_2,2025-02-01,2025-02-28,ok,32.653778,120.62195,36515,
era5,taizhou_2,2025-03-01,2025-03-31,ok,32.653778,120.62195,40663,
era5,taizhou_2,2025-04-01,2025-04-30,ok,32.653778,120.62195,39468,
era5,taizhou_2,2025-05-01,2025-05-31,ok,32.653778,120.62195,41283,
era5,taizhou_2,2025-06-01,2025-06-30,ok,32.653778,120.62195,40273,
era5,taizhou_2,2025-07-01,2025-07-31,ok,32.653778,120.62195,41213,
era5,taizhou_2,2025-08-01,2025-08-31,ok,32.653778,120.62195,40784,
era5,taizhou_2,2025-09-01,2025-09-30,ok,32.653778,120.62195,39886,
era5,taizhou_2,2025-10-01,2025-10-31,ok,32.653778,120.62195,40653,
era5,taizhou_2,2025-11-01,2025-11-30,ok,32.653778,120.62195,38214,
era5,taizhou_2,2025-12-01,2025-12-31,ok,32.653778,120.62195,39625,
era5,taizhou_2,2026-01-01,2026-01-31,ok,32.653778,120.62195,39713,
era5,taizhou_2,2023-12-01,2023-12-31,ok,32.653778,120.62195,39932,
era5,nantong_1,2019-03-01,2019-03-31,ok,31.880491,120.97473,40585,
era5,nantong_1,2019-02-01,2019-02-28,ok,31.880491,120.97473,36746,
era5,taizhou_2,2024-01-01,2024-01-31,ok,32.653778,120.62195,39888,
era5,nantong_1,2019-04-01,2019-04-30,ok,31.880491,120.97473,39605,
era5,nantong_1,2019-05-01,2019-05-31,ok,31.880491,120.97473,41030,
era5,nantong_1,2019-06-01,2019-06-30,ok,31.880491,120.97473,40043,
era5,nantong_1,2019-07-01,2019-07-31,ok,31.880491,120.97473,41354,
era5,nantong_1,2019-08-01,2019-08-31,ok,31.880491,120.97473,41025,
era5,nantong_1,2019-09-01,2019-09-30,ok,31.880491,120.97473,39250,
era5,nantong_1,2019-11-01,2019-11-30,ok,31.880491,120.97473,38490,
era5,nantong_1,2019-12-01,2019-12-31,ok,31.880491,120.97473,39559,
era5,nantong_1,2019-10-01,2019-10-31,ok,31.880491,120.97473,40242,
era5,nantong_1,2020-02-01,2020-02-29,ok,31.880491,120.97473,37583,
era5,nantong_1,2020-03-01,2020-03-31,ok,31.880491,120.97473,40693,
era5,nantong_1,2020-01-01,2020-01-31,ok,31.880491,120.97473,40332,
era5,nantong_1,2020-04-01,2020-04-30,ok,31.880491,120.97473,39298,
era5,nantong_1,2020-05-01,2020-05-31,ok,31.880491,120.97473,41145,
era5,nantong_1,2020-06-01,2020-06-30,ok,31.880491,120.97473,40185,
era5,nantong_1,2020-07-01,2020-07-31,ok,31.880491,120.97473,41703,
era5,nantong_1,2020-08-01,2020-08-31,ok,31.880491,120.97473,40773,
era5,nantong_1,2020-09-01,2020-09-30,ok,31.880491,120.97473,39304,
era5,nantong_1,2020-10-01,2020-10-31,ok,31.880491,120.97473,40085,
era5,nantong_1,2020-12-01,2020-12-31,ok,31.880491,120.97473,39574,
era5,nantong_1,2020-11-01,2020-11-30,ok,31.880491,120.97473,38601,
era5,nantong_1,2021-01-01,2021-01-31,ok,31.880491,120.97473,39629,
era5,nantong_1,2021-02-01,2021-02-28,ok,31.880491,120.97473,36203,
era5,nantong_1,2021-03-01,2021-03-31,ok,31.880491,120.97473,40754,
era5,nantong_1,2021-04-01,2021-04-30,ok,31.880491,120.97473,39570,
era5,nantong_1,2021-05-01,2021-05-31,ok,31.880491,120.97473,41161,
era5,nantong_1,2021-07-01,2021-07-31,ok,31.880491,120.97473,41668,
era5,nantong_1,2021-08-01,2021-08-31,ok,31.880491,120.97473,41278,
era5,nantong_1,2021-06-01,2021-06-30,ok,31.880491,120.97473,40017,
era5,nantong_1,2021-09-01,2021-09-30,ok,31.880491,120.97473,39320,
era5,nantong_1,2021-10-01,2021-10-31,ok,31.880491,120.97473,40581,
era5,nantong_1,2021-11-01,2021-11-30,ok,31.880491,120.97473,38615,
era5,nantong_1,2022-02-01,2022-02-28,ok,31.880491,120.97473,36779,
era5,nantong_1,2022-01-01,2022-01-31,ok,31.880491,120.97473,40736,
era5,nantong_1,2021-12-01,2021-12-31,ok,31.880491,120.97473,39438,
era5,nantong_1,2022-03-01,2022-03-31,ok,31.880491,120.97473,40934,
era5,nantong_1,2022-05-01,2022-05-31,ok,31.880491,120.97473,41488,
era5,nantong_1,2022-04-01,2022-04-30,ok,31.880491,120.97473,39815,
era5,nantong_1,2022-08-01,2022-08-31,ok,31.880491,120.97473,41536,
era5,nantong_1,2022-07-01,2022-07-31,ok,31.880491,120.97473,41795,
era5,nantong_1,2022-06-01,2022-06-30,ok,31.880491,120.97473,40330,
era5,nantong_1,2022-10-01,2022-10-31,ok,31.880491,120.97473,40288,
era5,nantong_1,2022-09-01,2022-09-30,ok,31.880491,120.97473,39798,
era5,nantong_1,2022-11-01,2022-11-30,ok,31.880491,120.97473,38961,
era5,nantong_1,2023-01-01,2023-01-31,ok,31.880491,120.97473,39567,
era5,nantong_1,2022-12-01,2022-12-31,ok,31.880491,120.97473,39916,
era5,nantong_1,2023-02-01,2023-02-28,ok,31.880491,120.97473,36741,
era5,nantong_1,2023-03-01,2023-03-31,ok,31.880491,120.97473,40929,
era5,nantong_1,2023-04-01,2023-04-30,ok,31.880491,120.97473,39777,
era5,nantong_1,2023-06-01,2023-06-30,ok,31.880491,120.97473,40500,
era5,nantong_1,2023-05-01,2023-05-31,ok,31.880491,120.97473,41543,
era5,nantong_1,2023-07-01,2023-07-31,ok,31.880491,120.97473,41950,
era5,nantong_1,2023-08-01,2023-08-31,ok,31.880491,120.97473,40845,
era5,nantong_1,2023-09-01,2023-09-30,ok,31.880491,120.97473,39608,
era5,nantong_1,2023-10-01,2023-10-31,ok,31.880491,120.97473,40077,
era5,nantong_1,2023-11-01,2023-11-30,ok,31.880491,120.97473,38424,
era5,nantong_1,2024-02-01,2024-02-29,ok,31.880491,120.97473,38241,
era5,nantong_1,2024-03-01,2024-03-31,ok,31.880491,120.97473,40674,
era5,nantong_1,2024-04-01,2024-04-30,ok,31.880491,120.97473,40322,
era5,nantong_1,2024-05-01,2024-05-31,ok,31.880491,120.97473,41171,
era5,nantong_1,2024-06-01,2024-06-30,ok,31.880491,120.97473,40559,
era5,nantong_1,2024-07-01,2024-07-31,ok,31.880491,120.97473,41544,
era5,nantong_1,2024-08-01,2024-08-31,ok,31.880491,120.97473,40764,
era5,nantong_1,2024-09-01,2024-09-30,ok,31.880491,120.97473,39689,
era5,nantong_1,2024-10-01,2024-10-31,ok,31.880491,120.97473,40836,
era5,nantong_1,2024-11-01,2024-11-30,ok,31.880491,120.97473,38628,
era5,nantong_1,2024-12-01,2024-12-31,ok,31.880491,120.97473,39449,
era5,nantong_1,2025-01-01,2025-01-31,ok,31.880491,120.97473,39714,
era5,nantong_1,2025-02-01,2025-02-28,ok,31.880491,120.97473,36410,
era5,nantong_1,2025-03-01,2025-03-31,ok,31.880491,120.97473,40825,
era5,nantong_1,2025-04-01,2025-04-30,ok,31.880491,120.97473,39632,
era5,nantong_1,2025-05-01,2025-05-31,ok,31.880491,120.97473,41359,
era5,nantong_1,2025-06-01,2025-06-30,ok,31.880491,120.97473,40334,
era5,nantong_1,2025-07-01,2025-07-31,ok,31.880491,120.97473,41270,
era5,nantong_1,2025-08-01,2025-08-31,ok,31.880491,120.97473,40775,
era5,nantong_1,2025-09-01,2025-09-30,ok,31.880491,120.97473,39697,
era5,nantong_1,2025-10-01,2025-10-31,ok,31.880491,120.97473,40504,
era5,nantong_1,2025-11-01,2025-11-30,ok,31.880491,120.97473,38388,
era5,nantong_1,2025-12-01,2025-12-31,ok,31.880491,120.97473,39574,
era5,nantong_1,2026-01-01,2026-01-31,ok,31.880491,120.97473,39749,
era5,nantong_1,2023-12-01,2023-12-31,ok,31.880491,120.97473,39914,
era5,nantong_1,2024-01-01,2024-01-31,ok,31.880491,120.97473,39977,
era5,nantong_2,2019-03-01,2019-03-31,ok,31.880491,121.841156,40484,
era5,nantong_2,2019-02-01,2019-02-28,ok,31.880491,121.841156,36890,
era5,nantong_2,2019-04-01,2019-04-30,ok,31.880491,121.841156,39589,
era5,nantong_2,2019-05-01,2019-05-31,ok,31.880491,121.841156,41017,
era5,nantong_2,2019-06-01,2019-06-30,ok,31.880491,121.841156,40125,
era5,nantong_2,2019-08-01,2019-08-31,ok,31.880491,121.841156,40990,
era5,nantong_2,2019-07-01,2019-07-31,ok,31.880491,121.841156,41498,
era5,nantong_2,2019-10-01,2019-10-31,ok,31.880491,121.841156,40278,
era5,nantong_2,2019-11-01,2019-11-30,ok,31.880491,121.841156,38789,
era5,nantong_2,2019-09-01,2019-09-30,ok,31.880491,121.841156,39455,
era5,nantong_2,2019-12-01,2019-12-31,ok,31.880491,121.841156,39675,
era5,nantong_2,2020-01-01,2020-01-31,ok,31.880491,121.841156,40386,
era5,nantong_2,2020-02-01,2020-02-29,ok,31.880491,121.841156,37625,
era5,nantong_2,2020-03-01,2020-03-31,ok,31.880491,121.841156,40649,
era5,nantong_2,2020-04-01,2020-04-30,ok,31.880491,121.841156,39366,
era5,nantong_2,2020-05-01,2020-05-31,ok,31.880491,121.841156,41332,
era5,nantong_2,2020-06-01,2020-06-30,ok,31.880491,121.841156,40241,
era5,nantong_2,2020-08-01,2020-08-31,ok,31.880491,121.841156,40763,
era5,nantong_2,2020-07-01,2020-07-31,ok,31.880491,121.841156,41814,
era5,nantong_2,2020-09-01,2020-09-30,ok,31.880491,121.841156,39464,
era5,nantong_2,2020-10-01,2020-10-31,ok,31.880491,121.841156,40426,
era5,nantong_2,2020-11-01,2020-11-30,ok,31.880491,121.841156,38818,
era5,nantong_2,2021-01-01,2021-01-31,ok,31.880491,121.841156,39675,
era5,nantong_2,2021-02-01,2021-02-28,ok,31.880491,121.841156,36244,
era5,nantong_2,2020-12-01,2020-12-31,ok,31.880491,121.841156,39756,
era5,nantong_2,2021-03-01,2021-03-31,ok,31.880491,121.841156,40762,
era5,nantong_2,2021-04-01,2021-04-30,ok,31.880491,121.841156,39601,
era5,nantong_2,2021-05-01,2021-05-31,ok,31.880491,121.841156,41286,
era5,nantong_2,2021-06-01,2021-06-30,ok,31.880491,121.841156,40198,
era5,nantong_2,2021-07-01,2021-07-31,ok,31.880491,121.841156,41534,
era5,nantong_2,2021-08-01,2021-08-31,ok,31.880491,121.841156,41390,
era5,nantong_2,2021-09-01,2021-09-30,ok,31.880491,121.841156,39532,
era5,nantong_2,2021-10-01,2021-10-31,ok,31.880491,121.841156,40819,
era5,nantong_2,2021-11-01,2021-11-30,ok,31.880491,121.841156,38724,
era5,nantong_2,2021-12-01,2021-12-31,ok,31.880491,121.841156,39623,
era5,nantong_2,2022-03-01,2022-03-31,ok,31.880491,121.841156,41047,
era5,nantong_2,2022-02-01,2022-02-28,ok,31.880491,121.841156,36874,
era5,nantong_2,2022-01-01,2022-01-31,ok,31.880491,121.841156,40904,
era5,nantong_2,2022-04-01,2022-04-30,ok,31.880491,121.841156,40004,
era5,nantong_2,2022-05-01,2022-05-31,ok,31.880491,121.841156,41514,
era5,nantong_2,2022-07-01,2022-07-31,ok,31.880491,121.841156,41848,
era5,nantong_2,2022-08-01,2022-08-31,ok,31.880491,121.841156,41562,
era5,nantong_2,2022-06-01,2022-06-30,ok,31.880491,121.841156,40479,
era5,nantong_2,2022-09-01,2022-09-30,ok,31.880491,121.841156,39926,
era5,nantong_2,2022-10-01,2022-10-31,ok,31.880491,121.841156,40525,
era5,nantong_2,2022-11-01,2022-11-30,ok,31.880491,121.841156,39072,
era5,nantong_2,2022-12-01,2022-12-31,ok,31.880491,121.841156,40085,
era5,nantong_2,2023-02-01,2023-02-28,ok,31.880491,121.841156,36870,
era5,nantong_2,2023-01-01,2023-01-31,ok,31.880491,121.841156,39747,
era5,nantong_2,2023-05-01,2023-05-31,ok,31.880491,121.841156,41674,
era5,nantong_2,2023-04-01,2023-04-30,ok,31.880491,121.841156,39822,
era5,nantong_2,2023-03-01,2023-03-31,ok,31.880491,121.841156,41006,
era5,nantong_2,2023-06-01,2023-06-30,ok,31.880491,121.841156,40676,
era5,nantong_2,2023-07-01,2023-07-31,ok,31.880491,121.841156,41959,
era5,nantong_2,2023-09-01,2023-09-30,ok,31.880491,121.841156,39667,
era5,nantong_2,2023-08-01,2023-08-31,ok,31.880491,121.841156,40934,
era5,nantong_2,2023-10-01,2023-10-31,ok,31.880491,121.841156,40301,
era5,nantong_2,2023-11-01,2023-11-30,ok,31.880491,121.841156,38674,
era5,nantong_2,2024-02-01,2024-02-29,ok,31.880491,121.841156,38386,
era5,nantong_2,2024-03-01,2024-03-31,ok,31.880491,121.841156,40673,
era5,nantong_2,2024-04-01,2024-04-30,ok,31.880491,121.841156,40416,
era5,nantong_2,2024-05-01,2024-05-31,ok,31.880491,121.841156,41148,
era5,nantong_2,2024-06-01,2024-06-30,ok,31.880491,121.841156,40583,
era5,nantong_2,2024-07-01,2024-07-31,ok,31.880491,121.841156,41559,
era5,nantong_2,2024-08-01,2024-08-31,ok,31.880491,121.841156,40597,
era5,nantong_2,2024-09-01,2024-09-30,ok,31.880491,121.841156,39660,
era5,nantong_2,2024-10-01,2024-10-31,ok,31.880491,121.841156,40980,
era5,nantong_2,2024-11-01,2024-11-30,ok,31.880491,121.841156,38944,
era5,nantong_2,2024-12-01,2024-12-31,ok,31.880491,121.841156,39692,
era5,nantong_2,2025-01-01,2025-01-31,ok,31.880491,121.841156,39818,
era5,nantong_2,2025-02-01,2025-02-28,ok,31.880491,121.841156,36534,
era5,nantong_2,2025-03-01,2025-03-31,ok,31.880491,121.841156,40784,
era5,nantong_2,2025-04-01,2025-04-30,ok,31.880491,121.841156,39736,
era5,nantong_2,2025-05-01,2025-05-31,ok,31.880491,121.841156,41412,
era5,nantong_2,2025-06-01,2025-06-30,ok,31.880491,121.841156,40424,
era5,nantong_2,2025-07-01,2025-07-31,ok,31.880491,121.841156,41352,
era5,nantong_2,2025-08-01,2025-08-31,ok,31.880491,121.841156,40621,
era5,nantong_2,2025-09-01,2025-09-30,ok,31.880491,121.841156,39696,
era5,nantong_2,2025-10-01,2025-10-31,ok,31.880491,121.841156,40684,
era5,nantong_2,2025-11-01,2025-11-30,ok,31.880491,121.841156,38576,
era5,nantong_2,2025-12-01,2025-12-31,ok,31.880491,121.841156,39769,
era5,nantong_2,2026-01-01,2026-01-31,ok,31.880491,121.841156,39858,
era5,nantong_2,2023-12-01,2023-12-31,ok,31.880491,121.841156,40086,
era5,nantong_2,2024-01-01,2024-01-31,ok,31.880491,121.841156,40071,
era5,suqian_1,2019-02-01,2019-02-28,ok,33.919155,118.16708,36506,
era5,suqian_1,2019-03-01,2019-03-31,ok,33.919155,118.16708,40201,
era5,suqian_1,2019-04-01,2019-04-30,ok,33.919155,118.16708,39500,
era5,suqian_1,2019-06-01,2019-06-30,ok,33.919155,118.16708,39858,
era5,suqian_1,2019-05-01,2019-05-31,ok,33.919155,118.16708,41100,
era5,suqian_1,2019-07-01,2019-07-31,ok,33.919155,118.16708,41138,
era5,suqian_1,2019-08-01,2019-08-31,ok,33.919155,118.16708,40808,
era5,suqian_1,2019-09-01,2019-09-30,ok,33.919155,118.16708,38746,
era5,suqian_1,2019-10-01,2019-10-31,ok,33.919155,118.16708,40164,
era5,suqian_1,2019-11-01,2019-11-30,ok,33.919155,118.16708,38367,
era5,suqian_1,2019-12-01,2019-12-31,ok,33.919155,118.16708,39351,
era5,suqian_1,2020-01-01,2020-01-31,ok,33.919155,118.16708,39921,
era5,suqian_1,2020-02-01,2020-02-29,ok,33.919155,118.16708,37474,
era5,suqian_1,2020-03-01,2020-03-31,ok,33.919155,118.16708,40428,
era5,suqian_1,2020-04-01,2020-04-30,ok,33.919155,118.16708,39227,
era5,suqian_1,2020-05-01,2020-05-31,ok,33.919155,118.16708,40897,
era5,suqian_1,2020-06-01,2020-06-30,ok,33.919155,118.16708,39947,
era5,suqian_1,2020-07-01,2020-07-31,ok,33.919155,118.16708,41436,
era5,suqian_1,2020-08-01,2020-08-31,ok,33.919155,118.16708,41179,
era5,suqian_1,2020-09-01,2020-09-30,ok,33.919155,118.16708,39129,
era5,suqian_1,2020-10-01,2020-10-31,ok,33.919155,118.16708,40152,
era5,suqian_1,2020-11-01,2020-11-30,ok,33.919155,118.16708,38363,
era5,suqian_1,2020-12-01,2020-12-31,ok,33.919155,118.16708,39565,
era5,suqian_1,2021-01-01,2021-01-31,ok,33.919155,118.16708,39381,
era5,suqian_1,2021-03-01,2021-03-31,ok,33.919155,118.16708,40529,
era5,suqian_1,2021-02-01,2021-02-28,ok,33.919155,118.16708,36130,
era5,suqian_1,2021-04-01,2021-04-30,ok,33.919155,118.16708,39499,
era5,suqian_1,2021-06-01,2021-06-30,ok,33.919155,118.16708,39727,
era5,suqian_1,2021-05-01,2021-05-31,ok,33.919155,118.16708,41026,
era5,suqian_1,2021-07-01,2021-07-31,ok,33.919155,118.16708,41456,
era5,suqian_1,2021-09-01,2021-09-30,ok,33.919155,118.16708,39327,
era5,suqian_1,2021-10-01,2021-10-31,ok,33.919155,118.16708,40399,
era5,suqian_1,2021-08-01,2021-08-31,ok,33.919155,118.16708,41105,
era5,suqian_1,2021-11-01,2021-11-30,ok,33.919155,118.16708,38394,
era5,suqian_1,2021-12-01,2021-12-31,ok,33.919155,118.16708,39368,
era5,suqian_1,2022-01-01,2022-01-31,ok,33.919155,118.16708,40290,
era5,suqian_1,2022-02-01,2022-02-28,ok,33.919155,118.16708,36820,
era5,suqian_1,2022-03-01,2022-03-31,ok,33.919155,118.16708,40759,
era5,suqian_1,2022-04-01,2022-04-30,ok,33.919155,118.16708,39657,
era5,suqian_1,2022-05-01,2022-05-31,ok,33.919155,118.16708,40995,
era5,suqian_1,2022-06-01,2022-06-30,ok,33.919155,118.16708,39634,
era5,suqian_1,2022-07-01,2022-07-31,ok,33.919155,118.16708,41549,
era5,suqian_1,2022-09-01,2022-09-30,ok,33.919155,118.16708,39407,
era5,suqian_1,2022-08-01,2022-08-31,ok,33.919155,118.16708,41508,
era5,suqian_1,2022-10-01,2022-10-31,ok,33.919155,118.16708,40067,
era5,suqian_1,2022-11-01,2022-11-30,ok,33.919155,118.16708,39025,
era5,suqian_1,2023-01-01,2023-01-31,ok,33.919155,118.16708,39501,
era5,suqian_1,2023-02-01,2023-02-28,ok,33.919155,118.16708,36726,
era5,suqian_1,2022-12-01,2022-12-31,ok,33.919155,118.16708,39718,
era5,suqian_1,2023-03-01,2023-03-31,ok,33.919155,118.16708,40586,
era5,suqian_1,2023-04-01,2023-04-30,ok,33.919155,118.16708,39513,
era5,suqian_1,2023-05-01,2023-05-31,ok,33.919155,118.16708,41463,
era5,suqian_1,2023-06-01,2023-06-30,ok,33.919155,118.16708,40093,
era5,suqian_1,2023-07-01,2023-07-31,ok,33.919155,118.16708,41696,
era5,suqian_1,2023-09-01,2023-09-30,ok,33.919155,118.16708,39588,
era5,suqian_1,2023-08-01,2023-08-31,ok,33.919155,118.16708,40762,
era5,suqian_1,2023-10-01,2023-10-31,ok,33.919155,118.16708,40096,
era5,suqian_1,2023-11-01,2023-11-30,ok,33.919155,118.16708,38329,
era5,suqian_1,2024-02-01,2024-02-29,ok,33.919155,118.16708,38078,
era5,suqian_1,2024-03-01,2024-03-31,ok,33.919155,118.16708,40629,
era5,suqian_1,2024-04-01,2024-04-30,ok,33.919155,118.16708,39945,
era5,suqian_1,2024-05-01,2024-05-31,ok,33.919155,118.16708,40853,
era5,suqian_1,2024-06-01,2024-06-30,ok,33.919155,118.16708,40219,
era5,suqian_1,2024-07-01,2024-07-31,ok,33.919155,118.16708,41546,
era5,suqian_1,2024-08-01,2024-08-31,ok,33.919155,118.16708,40740,
era5,suqian_1,2024-09-01,2024-09-30,ok,33.919155,118.16708,39434,
era5,suqian_1,2024-10-01,2024-10-31,ok,33.919155,118.16708,40270,
era5,suqian_1,2024-11-01,2024-11-30,ok,33.919155,118.16708,38407,
era5,suqian_1,2024-12-01,2024-12-31,ok,33.919155,118.16708,39463,
era5,suqian_1,2025-01-01,2025-01-31,ok,33.919155,118.16708,39529,
era5,suqian_1,2025-02-01,2025-02-28,ok,33.919155,118.16708,36480,
era5,suqian_1,2025-03-01,2025-03-31,ok,33.919155,118.16708,40533,
era5,suqian_1,2025-04-01,2025-04-30,ok,33.919155,118.16708,39338,
era5,suqian_1,2025-05-01,2025-05-31,ok,33.919155,118.16708,41073,
era5,suqian_1,2025-06-01,2025-06-30,ok,33.919155,118.16708,40109,
era5,suqian_1,2025-07-01,2025-07-31,ok,33.919155,118.16708,40867,
era5,suqian_1,2025-08-01,2025-08-31,ok,33.919155,118.16708,41086,
era5,suqian_1,2025-09-01,2025-09-30,ok,33.919155,118.16708,40137,
era5,suqian_1,2025-10-01,2025-10-31,ok,33.919155,118.16708,40558,
era5,suqian_1,2025-11-01,2025-11-30,ok,33.919155,118.16708,38050,
era5,suqian_1,2025-12-01,2025-12-31,ok,33.919155,118.16708,39614,
era5,suqian_1,2026-01-01,2026-01-31,ok,33.919155,118.16708,39717,
era5,suqian_1,2023-12-01,2023-12-31,ok,33.919155,118.16708,39553,
era5,suqian_1,2024-01-01,2024-01-31,ok,33.919155,118.16708,39661,
era5,xuzhou_1,2019-02-01,2019-02-28,ok,34.69244,116.62452,36312,
era5,xuzhou_1,2019-03-01,2019-03-31,ok,34.69244,116.62452,40159,
era5,xuzhou_1,2019-05-01,2019-05-31,ok,34.69244,116.62452,40923,
era5,xuzhou_1,2019-04-01,2019-04-30,ok,34.69244,116.62452,39412,
era5,xuzhou_1,2019-06-01,2019-06-30,ok,34.69244,116.62452,39696,
era5,xuzhou_1,2019-07-01,2019-07-31,ok,34.69244,116.62452,41091,
era5,xuzhou_1,2019-10-01,2019-10-31,ok,34.69244,116.62452,40053,
era5,xuzhou_1,2019-09-01,2019-09-30,ok,34.69244,116.62452,38784,
era5,xuzhou_1,2019-08-01,2019-08-31,ok,34.69244,116.62452,40845,
era5,xuzhou_1,2019-11-01,2019-11-30,ok,34.69244,116.62452,38376,
era5,xuzhou_1,2019-12-01,2019-12-31,ok,34.69244,116.62452,39201,
era5,xuzhou_1,2020-02-01,2020-02-29,ok,34.69244,116.62452,37383,
era5,xuzhou_1,2020-01-01,2020-01-31,ok,34.69244,116.62452,39891,
era5,xuzhou_1,2020-03-01,2020-03-31,ok,34.69244,116.62452,40178,
era5,xuzhou_1,2020-05-01,2020-05-31,ok,34.69244,116.62452,40732,
era5,xuzhou_1,2020-04-01,2020-04-30,ok,34.69244,116.62452,39178,
era5,xuzhou_1,2020-06-01,2020-06-30,ok,34.69244,116.62452,39753,
era5,xuzhou_1,2020-07-01,2020-07-31,ok,34.69244,116.62452,41189,
era5,xuzhou_1,2020-09-01,2020-09-30,ok,34.69244,116.62452,39086,
era5,xuzhou_1,2020-08-01,2020-08-31,ok,34.69244,116.62452,41065,
era5,xuzhou_1,2020-10-01,2020-10-31,ok,34.69244,116.62452,40033,
era5,xuzhou_1,2020-11-01,2020-11-30,ok,34.69244,116.62452,38276,
era5,xuzhou_1,2021-01-01,2021-01-31,ok,34.69244,116.62452,39311,
era5,xuzhou_1,2020-12-01,2020-12-31,ok,34.69244,116.62452,39413,
era5,xuzhou_1,2021-02-01,2021-02-28,ok,34.69244,116.62452,36035,
era5,xuzhou_1,2021-03-01,2021-03-31,ok,34.69244,116.62452,40448,
era5,xuzhou_1,2021-04-01,2021-04-30,ok,34.69244,116.62452,39520,
era5,xuzhou_1,2021-06-01,2021-06-30,ok,34.69244,116.62452,39605,
era5,xuzhou_1,2021-05-01,2021-05-31,ok,34.69244,116.62452,40829,
era5,xuzhou_1,2021-07-01,2021-07-31,ok,34.69244,116.62452,41365,
era5,xuzhou_1,2021-08-01,2021-08-31,ok,34.69244,116.62452,41071,
era5,xuzhou_1,2021-09-01,2021-09-30,ok,34.69244,116.62452,39220,
era5,xuzhou_1,2021-10-01,2021-10-31,ok,34.69244,116.62452,40322,
era5,xuzhou_1,2021-12-01,2021-12-31,ok,34.69244,116.62452,39284,
era5,xuzhou_1,2021-11-01,2021-11-30,ok,34.69244,116.62452,38276,
era5,xuzhou_1,2022-01-01,2022-01-31,ok,34.69244,116.62452,40196,
era5,xuzhou_1,2022-03-01,2022-03-31,ok,34.69244,116.62452,40695,
era5,xuzhou_1,2022-02-01,2022-02-28,ok,34.69244,116.62452,36780,
era5,xuzhou_1,2022-04-01,2022-04-30,ok,34.69244,116.62452,39543,
era5,xuzhou_1,2022-05-01,2022-05-31,ok,34.69244,116.62452,40969,
era5,xuzhou_1,2022-06-01,2022-06-30,ok,34.69244,116.62452,39611,
era5,xuzhou_1,2022-07-01,2022-07-31,ok,34.69244,116.62452,41323,
era5,xuzhou_1,2022-08-01,2022-08-31,ok,34.69244,116.62452,41293,
era5,xuzhou_1,2022-09-01,2022-09-30,ok,34.69244,116.62452,39107,
era5,xuzhou_1,2022-10-01,2022-10-31,ok,34.69244,116.62452,40101,
era5,xuzhou_1,2022-11-01,2022-11-30,ok,34.69244,116.62452,38905,
era5,xuzhou_1,2022-12-01,2022-12-31,ok,34.69244,116.62452,39646,
era5,xuzhou_1,2023-02-01,2023-02-28,ok,34.69244,116.62452,36620,
era5,xuzhou_1,2023-01-01,2023-01-31,ok,34.69244,116.62452,39541,
era5,xuzhou_1,2023-03-01,2023-03-31,ok,34.69244,116.62452,40420,
era5,xuzhou_1,2023-04-01,2023-04-30,ok,34.69244,116.62452,39444,
era5,xuzhou_1,2023-06-01,2023-06-30,ok,34.69244,116.62452,39857,
era5,xuzhou_1,2023-05-01,2023-05-31,ok,34.69244,116.62452,41431,
era5,xuzhou_1,2023-07-01,2023-07-31,ok,34.69244,116.62452,41302,
era5,xuzhou_1,2023-08-01,2023-08-31,ok,34.69244,116.62452,40613,
era5,xuzhou_1,2023-09-01,2023-09-30,ok,34.69244,116.62452,39276,
era5,xuzhou_1,2023-10-01,2023-10-31,ok,34.69244,116.62452,40020,
era5,xuzhou_1,2023-11-01,2023-11-30,ok,34.69244,116.62452,38160,
era5,xuzhou_1,2024-02-01,2024-02-29,ok,34.69244,116.62452,37930,
era5,xuzhou_1,2024-03-01,2024-03-31,ok,34.69244,116.62452,40478,
era5,xuzhou_1,2024-04-01,2024-04-30,ok,34.69244,116.62452,39730,
era5,xuzhou_1,2024-05-01,2024-05-31,ok,34.69244,116.62452,40753,
era5,xuzhou_1,2024-06-01,2024-06-30,ok,34.69244,116.62452,39930,
era5,xuzhou_1,2024-07-01,2024-07-31,ok,34.69244,116.62452,41587,
era5,xuzhou_1,2024-08-01,2024-08-31,ok,34.69244,116.62452,40609,
era5,xuzhou_1,2024-09-01,2024-09-30,ok,34.69244,116.62452,39268,
era5,xuzhou_1,2023-12-01,2023-12-31,ok,34.69244,116.62452,39329,
era5,xuzhou_1,2024-10-01,2024-10-31,ok,34.69244,116.62452,40161,
era5,xuzhou_1,2024-11-01,2024-11-30,ok,34.69244,116.62452,38652,
era5,xuzhou_1,2024-12-01,2024-12-31,ok,34.69244,116.62452,39342,
era5,xuzhou_1,2025-01-01,2025-01-31,ok,34.69244,116.62452,39419,
era5,xuzhou_1,2025-02-01,2025-02-28,ok,34.69244,116.62452,36415,
era5,xuzhou_1,2025-03-01,2025-03-31,ok,34.69244,116.62452,40386,
era5,xuzhou_1,2025-04-01,2025-04-30,ok,34.69244,116.62452,39277,
era5,xuzhou_1,2025-05-01,2025-05-31,ok,34.69244,116.62452,40956,
era5,xuzhou_1,2025-06-01,2025-06-30,ok,34.69244,116.62452,39967,
era5,xuzhou_1,2025-07-01,2025-07-31,ok,34.69244,116.62452,40809,
era5,xuzhou_1,2025-08-01,2025-08-31,ok,34.69244,116.62452,41052,
era5,xuzhou_1,2025-09-01,2025-09-30,ok,34.69244,116.62452,39837,
era5,xuzhou_1,2025-10-01,2025-10-31,ok,34.69244,116.62452,40713,
era5,xuzhou_1,2025-11-01,2025-11-30,ok,34.69244,116.62452,38041,
era5,xuzhou_1,2025-12-01,2025-12-31,ok,34.69244,116.62452,39432,
era5,xuzhou_1,2026-01-01,2026-01-31,ok,34.69244,116.62452,39541,
era5,xuzhou_1,2024-01-01,2024-01-31,ok,34.69244,116.62452,39435,
era5,huai_an_1,2019-03-01,2019-03-31,ok,33.07557,119.41032,40352,
era5,huai_an_1,2019-02-01,2019-02-28,ok,33.07557,119.41032,36589,
era5,huai_an_1,2019-04-01,2019-04-30,ok,33.07557,119.41032,39504,
era5,huai_an_1,2019-06-01,2019-06-30,ok,33.07557,119.41032,39889,
era5,huai_an_1,2019-05-01,2019-05-31,ok,33.07557,119.41032,41154,
era5,huai_an_1,2019-07-01,2019-07-31,ok,33.07557,119.41032,41285,
era5,huai_an_1,2019-09-01,2019-09-30,ok,33.07557,119.41032,38999,
era5,huai_an_1,2019-08-01,2019-08-31,ok,33.07557,119.41032,40871,
era5,huai_an_1,2019-10-01,2019-10-31,ok,33.07557,119.41032,40254,
era5,huai_an_1,2019-12-01,2019-12-31,ok,33.07557,119.41032,39560,
era5,huai_an_1,2019-11-01,2019-11-30,ok,33.07557,119.41032,38442,
era5,huai_an_1,2020-01-01,2020-01-31,ok,33.07557,119.41032,40208,
era5,huai_an_1,2020-02-01,2020-02-29,ok,33.07557,119.41032,37505,
era5,huai_an_1,2020-03-01,2020-03-31,ok,33.07557,119.41032,40524,
era5,huai_an_1,2020-04-01,2020-04-30,ok,33.07557,119.41032,39279,
era5,huai_an_1,2020-05-01,2020-05-31,ok,33.07557,119.41032,41023,
era5,huai_an_1,2020-06-01,2020-06-30,ok,33.07557,119.41032,40039,
era5,huai_an_1,2020-07-01,2020-07-31,ok,33.07557,119.41032,41557,
era5,huai_an_1,2020-09-01,2020-09-30,ok,33.07557,119.41032,39260,
era5,huai_an_1,2020-10-01,2020-10-31,ok,33.07557,119.41032,40100,
era5,huai_an_1,2020-08-01,2020-08-31,ok,33.07557,119.41032,41104,
era5,huai_an_1,2020-11-01,2020-11-30,ok,33.07557,119.41032,38417,
era5,huai_an_1,2020-12-01,2020-12-31,ok,33.07557,119.41032,39559,
era5,huai_an_1,2021-01-01,2021-01-31,ok,33.07557,119.41032,39529,
era5,huai_an_1,2021-02-01,2021-02-28,ok,33.07557,119.41032,36136,
era5,huai_an_1,2021-03-01,2021-03-31,ok,33.07557,119.41032,40719,
era5,huai_an_1,2021-04-01,2021-04-30,ok,33.07557,119.41032,39611,
era5,huai_an_1,2021-05-01,2021-05-31,ok,33.07557,119.41032,41102,
era5,huai_an_1,2021-06-01,2021-06-30,ok,33.07557,119.41032,39901,
era5,huai_an_1,2021-08-01,2021-08-31,ok,33.07557,119.41032,41114,
era5,huai_an_1,2021-07-01,2021-07-31,ok,33.07557,119.41032,41432,
era5,huai_an_1,2021-10-01,2021-10-31,ok,33.07557,119.41032,40438,
era5,huai_an_1,2021-09-01,2021-09-30,ok,33.07557,119.41032,39269,
era5,huai_an_1,2021-11-01,2021-11-30,ok,33.07557,119.41032,38482,
era5,huai_an_1,2022-01-01,2022-01-31,ok,33.07557,119.41032,40534,
era5,huai_an_1,2021-12-01,2021-12-31,ok,33.07557,119.41032,39402,
era5,huai_an_1,2022-02-01,2022-02-28,ok,33.07557,119.41032,36727,
era5,huai_an_1,2022-04-01,2022-04-30,ok,33.07557,119.41032,39712,
era5,huai_an_1,2022-03-01,2022-03-31,ok,33.07557,119.41032,40846,
era5,huai_an_1,2022-05-01,2022-05-31,ok,33.07557,119.41032,41247,
era5,huai_an_1,2022-06-01,2022-06-30,ok,33.07557,119.41032,39930,
era5,huai_an_1,2022-07-01,2022-07-31,ok,33.07557,119.41032,41555,
era5,huai_an_1,2022-08-01,2022-08-31,ok,33.07557,119.41032,41463,
era5,huai_an_1,2022-10-01,2022-10-31,ok,33.07557,119.41032,40202,
era5,huai_an_1,2022-09-01,2022-09-30,ok,33.07557,119.41032,39586,
era5,huai_an_1,2022-11-01,2022-11-30,ok,33.07557,119.41032,38975,
era5,huai_an_1,2022-12-01,2022-12-31,ok,33.07557,119.41032,39901,
era5,huai_an_1,2023-01-01,2023-01-31,ok,33.07557,119.41032,39472,
era5,huai_an_1,2023-02-01,2023-02-28,ok,33.07557,119.41032,36653,
era5,huai_an_1,2023-04-01,2023-04-30,ok,33.07557,119.41032,39592,
era5,huai_an_1,2023-03-01,2023-03-31,ok,33.07557,119.41032,40805,
era5,huai_an_1,2023-05-01,2023-05-31,ok,33.07557,119.41032,41446,
era5,huai_an_1,2023-07-01,2023-07-31,ok,33.07557,119.41032,41764,
era5,huai_an_1,2023-06-01,2023-06-30,ok,33.07557,119.41032,40271,
era5,huai_an_1,2023-08-01,2023-08-31,ok,33.07557,119.41032,40821,
era5,huai_an_1,2023-11-01,2023-11-30,ok,33.07557,119.41032,38377,
era5,huai_an_1,2023-10-01,2023-10-31,ok,33.07557,119.41032,40108,
era5,huai_an_1,2023-09-01,2023-09-30,ok,33.07557,119.41032,39697,
era5,huai_an_1,2024-02-01,2024-02-29,ok,33.07557,119.41032,38031,
era5,huai_an_1,2024-03-01,2024-03-31,ok,33.07557,119.41032,40651,
era5,huai_an_1,2024-04-01,2024-04-30,ok,33.07557,119.41032,40116,
era5,huai_an_1,2024-05-01,2024-05-31,ok,33.07557,119.41032,40883,
era5,huai_an_1,2024-06-01,2024-06-30,ok,33.07557,119.41032,40534,
era5,huai_an_1,2024-07-01,2024-07-31,ok,33.07557,119.41032,41448,
era5,huai_an_1,2024-08-01,2024-08-31,ok,33.07557,119.41032,40777,
era5,huai_an_1,2024-09-01,2024-09-30,ok,33.07557,119.41032,39469,
era5,huai_an_1,2024-10-01,2024-10-31,ok,33.07557,119.41032,40585,
era5,huai_an_1,2024-11-01,2024-11-30,ok,33.07557,119.41032,38431,
era5,huai_an_1,2024-12-01,2024-12-31,ok,33.07557,119.41032,39506,
era5,huai_an_1,2025-01-01,2025-01-31,ok,33.07557,119.41032,39645,
era5,huai_an_1,2025-02-01,2025-02-28,ok,33.07557,119.41032,36609,
era5,huai_an_1,2025-03-01,2025-03-31,ok,33.07557,119.41032,40622,
era5,huai_an_1,2025-04-01,2025-04-30,ok,33.07557,119.41032,39433,
era5,huai_an_1,2025-05-01,2025-05-31,ok,33.07557,119.41032,41190,
era5,huai_an_1,2025-06-01,2025-06-30,ok,33.07557,119.41032,40301,
era5,huai_an_1,2025-07-01,2025-07-31,ok,33.07557,119.41032,41049,
era5,huai_an_1,2025-08-01,2025-08-31,ok,33.07557,119.41032,40902,
era5,huai_an_1,2025-09-01,2025-09-30,ok,33.07557,119.41032,40005,
era5,huai_an_1,2025-10-01,2025-10-31,ok,33.07557,119.41032,40610,
era5,huai_an_1,2025-11-01,2025-11-30,ok,33.07557,119.41032,38163,
era5,huai_an_1,2025-12-01,2025-12-31,ok,33.07557,119.41032,39644,
era5,huai_an_1,2026-01-01,2026-01-31,ok,33.07557,119.41032,39662,
era5,huai_an_1,2023-12-01,2023-12-31,ok,33.07557,119.41032,39748,
era5,huai_an_1,2024-01-01,2024-01-31,ok,33.07557,119.41032,39862,
era5,huai_an_2,2019-02-01,2019-02-28,ok,33.919155,119.4015,36568,
era5,huai_an_2,2019-04-01,2019-04-30,ok,33.919155,119.4015,39457,
era5,huai_an_2,2019-05-01,2019-05-31,ok,33.919155,119.4015,41160,
era5,huai_an_2,2019-03-01,2019-03-31,ok,33.919155,119.4015,40196,
era5,huai_an_2,2019-06-01,2019-06-30,ok,33.919155,119.4015,39814,
era5,huai_an_2,2019-07-01,2019-07-31,ok,33.919155,119.4015,41256,
era5,huai_an_2,2019-08-01,2019-08-31,ok,33.919155,119.4015,40814,
era5,huai_an_2,2019-09-01,2019-09-30,ok,33.919155,119.4015,39016,
era5,huai_an_2,2019-10-01,2019-10-31,ok,33.919155,119.4015,40227,
era5,huai_an_2,2019-12-01,2019-12-31,ok,33.919155,119.4015,39468,
era5,huai_an_2,2019-11-01,2019-11-30,ok,33.919155,119.4015,38481,
era5,huai_an_2,2020-01-01,2020-01-31,ok,33.919155,119.4015,39904,
era5,huai_an_2,2020-03-01,2020-03-31,ok,33.919155,119.4015,40362,
era5,huai_an_2,2020-02-01,2020-02-29,ok,33.919155,119.4015,37475,
era5,huai_an_2,2020-04-01,2020-04-30,ok,33.919155,119.4015,39192,
era5,huai_an_2,2020-05-01,2020-05-31,ok,33.919155,119.4015,40985,
era5,huai_an_2,2020-07-01,2020-07-31,ok,33.919155,119.4015,41438,
era5,huai_an_2,2020-06-01,2020-06-30,ok,33.919155,119.4015,39885,
era5,huai_an_2,2020-08-01,2020-08-31,ok,33.919155,119.4015,41103,
era5,huai_an_2,2020-09-01,2020-09-30,ok,33.919155,119.4015,39102,
era5,huai_an_2,2020-10-01,2020-10-31,ok,33.919155,119.4015,40167,
era5,huai_an_2,2020-11-01,2020-11-30,ok,33.919155,119.4015,38397,
era5,huai_an_2,2020-12-01,2020-12-31,ok,33.919155,119.4015,39622,
era5,huai_an_2,2021-01-01,2021-01-31,ok,33.919155,119.4015,39457,
era5,huai_an_2,2021-04-01,2021-04-30,ok,33.919155,119.4015,39477,
era5,huai_an_2,2021-02-01,2021-02-28,ok,33.919155,119.4015,36144,
era5,huai_an_2,2021-03-01,2021-03-31,ok,33.919155,119.4015,40535,
era5,huai_an_2,2021-07-01,2021-07-31,ok,33.919155,119.4015,41393,
era5,huai_an_2,2021-06-01,2021-06-30,ok,33.919155,119.4015,39784,
era5,huai_an_2,2021-08-01,2021-08-31,ok,33.919155,119.4015,41098,
era5,huai_an_2,2021-05-01,2021-05-31,ok,33.919155,119.4015,41064,
era5,huai_an_2,2021-09-01,2021-09-30,ok,33.919155,119.4015,39263,
era5,huai_an_2,2021-11-01,2021-11-30,ok,33.919155,119.4015,38432,
era5,huai_an_2,2021-10-01,2021-10-31,ok,33.919155,119.4015,40448,
era5,huai_an_2,2021-12-01,2021-12-31,ok,33.919155,119.4015,39407,
era5,huai_an_2,2022-01-01,2022-01-31,ok,33.919155,119.4015,40372,
era5,huai_an_2,2022-02-01,2022-02-28,ok,33.919155,119.4015,36768,
era5,huai_an_2,2022-03-01,2022-03-31,ok,33.919155,119.4015,40860,
era5,huai_an_2,2022-04-01,2022-04-30,ok,33.919155,119.4015,39586,
era5,huai_an_2,2022-05-01,2022-05-31,ok,33.919155,119.4015,41112,
era5,huai_an_2,2022-06-01,2022-06-30,ok,33.919155,119.4015,39739,
era5,huai_an_2,2022-08-01,2022-08-31,ok,33.919155,119.4015,41478,
era5,huai_an_2,2022-07-01,2022-07-31,ok,33.919155,119.4015,41433,
era5,huai_an_2,2022-09-01,2022-09-30,ok,33.919155,119.4015,39459,
era5,huai_an_2,2022-10-01,2022-10-31,ok,33.919155,119.4015,40168,
era5,huai_an_2,2022-11-01,2022-11-30,ok,33.919155,119.4015,39024,
era5,huai_an_2,2023-01-01,2023-01-31,ok,33.919155,119.4015,39577,
era5,huai_an_2,2023-02-01,2023-02-28,ok,33.919155,119.4015,36629,
era5,huai_an_2,2022-12-01,2022-12-31,ok,33.919155,119.4015,39826,
era5,huai_an_2,2023-03-01,2023-03-31,ok,33.919155,119.4015,40640,
era5,huai_an_2,2023-04-01,2023-04-30,ok,33.919155,119.4015,39462,
era5,huai_an_2,2023-05-01,2023-05-31,ok,33.919155,119.4015,41587,
era5,huai_an_2,2023-06-01,2023-06-30,ok,33.919155,119.4015,40107,
era5,huai_an_2,2023-08-01,2023-08-31,ok,33.919155,119.4015,40884,
era5,huai_an_2,2023-07-01,2023-07-31,ok,33.919155,119.4015,41671,
era5,huai_an_2,2023-09-01,2023-09-30,ok,33.919155,119.4015,39709,
era5,huai_an_2,2023-10-01,2023-10-31,ok,33.919155,119.4015,40040,
era5,huai_an_2,2023-11-01,2023-11-30,ok,33.919155,119.4015,38350,
era5,huai_an_2,2024-02-01,2024-02-29,ok,33.919155,119.4015,38103,
era5,huai_an_2,2024-03-01,2024-03-31,ok,33.919155,119.4015,40594,
era5,huai_an_2,2024-04-01,2024-04-30,ok,33.919155,119.4015,39862,
era5,huai_an_2,2024-05-01,2024-05-31,ok,33.919155,119.4015,40827,
era5,huai_an_2,2024-06-01,2024-06-30,ok,33.919155,119.4015,40222,
era5,huai_an_2,2024-07-01,2024-07-31,ok,33.919155,119.4015,41427,
era5,huai_an_2,2024-08-01,2024-08-31,ok,33.919155,119.4015,40877,
era5,huai_an_2,2024-09-01,2024-09-30,ok,33.919155,119.4015,39498,
era5,huai_an_2,2024-10-01,2024-10-31,ok,33.919155,119.4015,40425,
era5,huai_an_2,2024-11-01,2024-11-30,ok,33.919155,119.4015,38425,
era5,huai_an_2,2024-12-01,2024-12-31,ok,33.919155,119.4015,39520,
era5,huai_an_2,2025-01-01,2025-01-31,ok,33.919155,119.4015,39552,
era5,huai_an_2,2025-02-01,2025-02-28,ok,33.919155,119.4015,36449,
era5,huai_an_2,2025-03-01,2025-03-31,ok,33.919155,119.4015,40574,
era5,huai_an_2,2025-04-01,2025-04-30,ok,33.919155,119.4015,39309,
era5,huai_an_2,2025-05-01,2025-05-31,ok,33.919155,119.4015,41106,
era5,huai_an_2,2025-06-01,2025-06-30,ok,33.919155,119.4015,40185,
era5,huai_an_2,2025-07-01,2025-07-31,ok,33.919155,119.4015,40927,
era5,huai_an_2,2025-08-01,2025-08-31,ok,33.919155,119.4015,41002,
era5,huai_an_2,2025-09-01,2025-09-30,ok,33.919155,119.4015,40107,
era5,huai_an_2,2025-10-01,2025-10-31,ok,33.919155,119.4015,40663,
era5,huai_an_2,2025-11-01,2025-11-30,ok,33.919155,119.4015,38032,
era5,huai_an_2,2025-12-01,2025-12-31,ok,33.919155,119.4015,39677,
era5,huai_an_2,2026-01-01,2026-01-31,ok,33.919155,119.4015,39710,
era5,huai_an_2,2023-12-01,2023-12-31,ok,33.919155,119.4015,39641,
era5,huai_an_2,2024-01-01,2024-01-31,ok,33.919155,119.4015,39740,
era5,xuzhou_2,2019-02-01,2019-02-28,ok,34.27065,117.44041,36405,
era5,xuzhou_2,2019-03-01,2019-03-31,ok,34.27065,117.44041,40158,
era5,xuzhou_2,2019-05-01,2019-05-31,ok,34.27065,117.44041,41043,
era5,xuzhou_2,2019-06-01,2019-06-30,ok,34.27065,117.44041,39817,
era5,xuzhou_2,2019-04-01,2019-04-30,ok,34.27065,117.44041,39397,
era5,xuzhou_2,2019-07-01,2019-07-31,ok,34.27065,117.44041,41138,
era5,xuzhou_2,2019-09-01,2019-09-30,ok,34.27065,117.44041,38773,
era5,xuzhou_2,2019-08-01,2019-08-31,ok,34.27065,117.44041,40877,
era5,xuzhou_2,2019-10-01,2019-10-31,ok,34.27065,117.44041,40124,
era5,xuzhou_2,2019-11-01,2019-11-30,ok,34.27065,117.44041,38389,
era5,xuzhou_2,2019-12-01,2019-12-31,ok,34.27065,117.44041,39315,
era5,xuzhou_2,2020-01-01,2020-01-31,ok,34.27065,117.44041,39878,
era5,xuzhou_2,2020-02-01,2020-02-29,ok,34.27065,117.44041,37461,
era5,xuzhou_2,2020-03-01,2020-03-31,ok,34.27065,117.44041,40276,
era5,xuzhou_2,2020-04-01,2020-04-30,ok,34.27065,117.44041,39235,
era5,xuzhou_2,2020-05-01,2020-05-31,ok,34.27065,117.44041,40824,
era5,xuzhou_2,2020-06-01,2020-06-30,ok,34.27065,117.44041,39885,
era5,xuzhou_2,2020-07-01,2020-07-31,ok,34.27065,117.44041,41235,
era5,xuzhou_2,2020-08-01,2020-08-31,ok,34.27065,117.44041,41154,
era5,xuzhou_2,2020-09-01,2020-09-30,ok,34.27065,117.44041,39152,
era5,xuzhou_2,2020-10-01,2020-10-31,ok,34.27065,117.44041,40120,
era5,xuzhou_2,2020-11-01,2020-11-30,ok,34.27065,117.44041,38253,
era5,xuzhou_2,2020-12-01,2020-12-31,ok,34.27065,117.44041,39504,
era5,xuzhou_2,2021-02-01,2021-02-28,ok,34.27065,117.44041,36076,
era5,xuzhou_2,2021-01-01,2021-01-31,ok,34.27065,117.44041,39376,
era5,xuzhou_2,2021-03-01,2021-03-31,ok,34.27065,117.44041,40532,
era5,xuzhou_2,2021-05-01,2021-05-31,ok,34.27065,117.44041,40941,
era5,xuzhou_2,2021-04-01,2021-04-30,ok,34.27065,117.44041,39492,
era5,xuzhou_2,2021-06-01,2021-06-30,ok,34.27065,117.44041,39686,
era5,xuzhou_2,2021-08-01,2021-08-31,ok,34.27065,117.44041,41053,
era5,xuzhou_2,2021-07-01,2021-07-31,ok,34.27065,117.44041,41420,
era5,xuzhou_2,2021-09-01,2021-09-30,ok,34.27065,117.44041,39317,
era5,xuzhou_2,2021-10-01,2021-10-31,ok,34.27065,117.44041,40366,
era5,xuzhou_2,2021-12-01,2021-12-31,ok,34.27065,117.44041,39310,
era5,xuzhou_2,2021-11-01,2021-11-30,ok,34.27065,117.44041,38310,
era5,xuzhou_2,2022-01-01,2022-01-31,ok,34.27065,117.44041,40243,
era5,xuzhou_2,2022-02-01,2022-02-28,ok,34.27065,117.44041,36786,
era5,xuzhou_2,2022-03-01,2022-03-31,ok,34.27065,117.44041,40765,
era5,xuzhou_2,2022-04-01,2022-04-30,ok,34.27065,117.44041,39625,
era5,xuzhou_2,2022-05-01,2022-05-31,ok,34.27065,117.44041,40966,
era5,xuzhou_2,2022-06-01,2022-06-30,ok,34.27065,117.44041,39623,
era5,xuzhou_2,2022-07-01,2022-07-31,ok,34.27065,117.44041,41510,
era5,xuzhou_2,2022-08-01,2022-08-31,ok,34.27065,117.44041,41324,
era5,xuzhou_2,2022-10-01,2022-10-31,ok,34.27065,117.44041,40093,
era5,xuzhou_2,2022-09-01,2022-09-30,ok,34.27065,117.44041,39298,
era5,xuzhou_2,2022-11-01,2022-11-30,ok,34.27065,117.44041,38951,
era5,xuzhou_2,2022-12-01,2022-12-31,ok,34.27065,117.44041,39701,
era5,xuzhou_2,2023-02-01,2023-02-28,ok,34.27065,117.44041,36678,
era5,xuzhou_2,2023-01-01,2023-01-31,ok,34.27065,117.44041,39519,
era5,xuzhou_2,2023-03-01,2023-03-31,ok,34.27065,117.44041,40547,
era5,xuzhou_2,2023-04-01,2023-04-30,ok,34.27065,117.44041,39485,
era5,xuzhou_2,2023-05-01,2023-05-31,ok,34.27065,117.44041,41409,
era5,xuzhou_2,2023-06-01,2023-06-30,ok,34.27065,117.44041,40002,
era5,xuzhou_2,2023-07-01,2023-07-31,ok,34.27065,117.44041,41487,
era5,xuzhou_2,2023-08-01,2023-08-31,ok,34.27065,117.44041,40571,
era5,xuzhou_2,2023-09-01,2023-09-30,ok,34.27065,117.44041,39380,
era5,xuzhou_2,2023-10-01,2023-10-31,ok,34.27065,117.44041,40070,
era5,xuzhou_2,2023-11-01,2023-11-30,ok,34.27065,117.44041,38233,
era5,xuzhou_2,2024-02-01,2024-02-29,ok,34.27065,117.44041,38020,
era5,xuzhou_2,2024-03-01,2024-03-31,ok,34.27065,117.44041,40596,
era5,xuzhou_2,2024-04-01,2024-04-30,ok,34.27065,117.44041,39908,
era5,xuzhou_2,2024-05-01,2024-05-31,ok,34.27065,117.44041,40798,
era5,xuzhou_2,2024-06-01,2024-06-30,ok,34.27065,117.44041,40087,
era5,xuzhou_2,2024-07-01,2024-07-31,ok,34.27065,117.44041,41539,
era5,xuzhou_2,2024-08-01,2024-08-31,ok,34.27065,117.44041,40699,
era5,xuzhou_2,2024-09-01,2024-09-30,ok,34.27065,117.44041,39374,
era5,xuzhou_2,2024-10-01,2024-10-31,ok,34.27065,117.44041,40254,
era5,xuzhou_2,2024-11-01,2024-11-30,ok,34.27065,117.44041,38571,
era5,xuzhou_2,2024-12-01,2024-12-31,ok,34.27065,117.44041,39398,
era5,xuzhou_2,2025-01-01,2025-01-31,ok,34.27065,117.44041,39418,
era5,xuzhou_2,2025-02-01,2025-02-28,ok,34.27065,117.44041,36441,
era5,xuzhou_2,2025-03-01,2025-03-31,ok,34.27065,117.44041,40499,
era5,xuzhou_2,2025-04-01,2025-04-30,ok,34.27065,117.44041,39365,
era5,xuzhou_2,2025-05-01,2025-05-31,ok,34.27065,117.44041,41028,
era5,xuzhou_2,2025-06-01,2025-06-30,ok,34.27065,117.44041,40085,
era5,xuzhou_2,2025-07-01,2025-07-31,ok,34.27065,117.44041,40876,
era5,xuzhou_2,2025-08-01,2025-08-31,ok,34.27065,117.44041,41086,
era5,xuzhou_2,2025-09-01,2025-09-30,ok,34.27065,117.44041,39907,
era5,xuzhou_2,2025-10-01,2025-10-31,ok,34.27065,117.44041,40606,
era5,xuzhou_2,2025-11-01,2025-11-30,ok,34.27065,117.44041,38082,
era5,xuzhou_2,2025-12-01,2025-12-31,ok,34.27065,117.44041,39568,
era5,xuzhou_2,2026-01-01,2026-01-31,ok,34.27065,117.44041,39618,
era5,xuzhou_2,2023-12-01,2023-12-31,ok,34.27065,117.44041,39388,
era5,xuzhou_2,2024-01-01,2024-01-31,ok,34.27065,117.44041,39577,
era5,huai_an_3,2019-02-01,2019-02-28,ok,33.07557,118.63637,36689,
era5,huai_an_3,2019-03-01,2019-03-31,ok,33.07557,118.63637,40318,
era5,huai_an_3,2019-05-01,2019-05-31,ok,33.07557,118.63637,41165,
era5,huai_an_3,2019-04-01,2019-04-30,ok,33.07557,118.63637,39530,
era5,huai_an_3,2019-06-01,2019-06-30,ok,33.07557,118.63637,39892,
era5,huai_an_3,2019-08-01,2019-08-31,ok,33.07557,118.63637,40775,
era5,huai_an_3,2019-07-01,2019-07-31,ok,33.07557,118.63637,41230,
era5,huai_an_3,2019-09-01,2019-09-30,ok,33.07557,118.63637,38890,
era5,huai_an_3,2019-11-01,2019-11-30,ok,33.07557,118.63637,38426,
era5,huai_an_3,2019-12-01,2019-12-31,ok,33.07557,118.63637,39519,
era5,huai_an_3,2019-10-01,2019-10-31,ok,33.07557,118.63637,40234,
era5,huai_an_3,2020-01-01,2020-01-31,ok,33.07557,118.63637,40266,
era5,huai_an_3,2020-02-01,2020-02-29,ok,33.07557,118.63637,37552,
era5,huai_an_3,2020-03-01,2020-03-31,ok,33.07557,118.63637,40511,
era5,huai_an_3,2020-04-01,2020-04-30,ok,33.07557,118.63637,39283,
era5,huai_an_3,2020-06-01,2020-06-30,ok,33.07557,118.63637,39994,
era5,huai_an_3,2020-05-01,2020-05-31,ok,33.07557,118.63637,40930,
era5,huai_an_3,2020-07-01,2020-07-31,ok,33.07557,118.63637,41591,
era5,huai_an_3,2020-08-01,2020-08-31,ok,33.07557,118.63637,41108,
era5,huai_an_3,2020-09-01,2020-09-30,ok,33.07557,118.63637,39301,
era5,huai_an_3,2020-10-01,2020-10-31,ok,33.07557,118.63637,40188,
era5,huai_an_3,2020-12-01,2020-12-31,ok,33.07557,118.63637,39553,
era5,huai_an_3,2021-01-01,2021-01-31,ok,33.07557,118.63637,39558,
era5,huai_an_3,2020-11-01,2020-11-30,ok,33.07557,118.63637,38409,
era5,huai_an_3,2021-02-01,2021-02-28,ok,33.07557,118.63637,36225,
era5,huai_an_3,2021-03-01,2021-03-31,ok,33.07557,118.63637,40705,
era5,huai_an_3,2021-04-01,2021-04-30,ok,33.07557,118.63637,39718,
era5,huai_an_3,2021-06-01,2021-06-30,ok,33.07557,118.63637,39823,
era5,huai_an_3,2021-05-01,2021-05-31,ok,33.07557,118.63637,41054,
era5,huai_an_3,2021-07-01,2021-07-31,ok,33.07557,118.63637,41387,
era5,huai_an_3,2021-08-01,2021-08-31,ok,33.07557,118.63637,41191,
era5,huai_an_3,2021-09-01,2021-09-30,ok,33.07557,118.63637,39222,
era5,huai_an_3,2021-10-01,2021-10-31,ok,33.07557,118.63637,40523,
era5,huai_an_3,2021-11-01,2021-11-30,ok,33.07557,118.63637,38468,
era5,huai_an_3,2022-01-01,2022-01-31,ok,33.07557,118.63637,40624,
era5,huai_an_3,2021-12-01,2021-12-31,ok,33.07557,118.63637,39371,
era5,huai_an_3,2022-02-01,2022-02-28,ok,33.07557,118.63637,36876,
era5,huai_an_3,2022-03-01,2022-03-31,ok,33.07557,118.63637,40804,
era5,huai_an_3,2022-05-01,2022-05-31,ok,33.07557,118.63637,41199,
era5,huai_an_3,2022-06-01,2022-06-30,ok,33.07557,118.63637,39829,
era5,huai_an_3,2022-04-01,2022-04-30,ok,33.07557,118.63637,39690,
era5,huai_an_3,2022-07-01,2022-07-31,ok,33.07557,118.63637,41527,
era5,huai_an_3,2022-08-01,2022-08-31,ok,33.07557,118.63637,41568,
era5,huai_an_3,2022-10-01,2022-10-31,ok,33.07557,118.63637,40199,
era5,huai_an_3,2022-09-01,2022-09-30,ok,33.07557,118.63637,39446,
era5,huai_an_3,2022-12-01,2022-12-31,ok,33.07557,118.63637,39862,
era5,huai_an_3,2022-11-01,2022-11-30,ok,33.07557,118.63637,39015,
era5,huai_an_3,2023-01-01,2023-01-31,ok,33.07557,118.63637,39459,
era5,huai_an_3,2023-04-01,2023-04-30,ok,33.07557,118.63637,39608,
era5,huai_an_3,2023-02-01,2023-02-28,ok,33.07557,118.63637,36713,
era5,huai_an_3,2023-05-01,2023-05-31,ok,33.07557,118.63637,41524,
era5,huai_an_3,2023-06-01,2023-06-30,ok,33.07557,118.63637,40231,
era5,huai_an_3,2023-03-01,2023-03-31,ok,33.07557,118.63637,40895,
era5,huai_an_3,2023-07-01,2023-07-31,ok,33.07557,118.63637,41764,
era5,huai_an_3,2023-08-01,2023-08-31,ok,33.07557,118.63637,40853,
era5,huai_an_3,2023-09-01,2023-09-30,ok,33.07557,118.63637,39731,
era5,huai_an_3,2023-10-01,2023-10-31,ok,33.07557,118.63637,40103,
era5,huai_an_3,2023-11-01,2023-11-30,ok,33.07557,118.63637,38469,
era5,huai_an_3,2024-02-01,2024-02-29,ok,33.07557,118.63637,38075,
era5,huai_an_3,2024-03-01,2024-03-31,ok,33.07557,118.63637,40620,
era5,huai_an_3,2024-04-01,2024-04-30,ok,33.07557,118.63637,40155,
era5,huai_an_3,2024-05-01,2024-05-31,ok,33.07557,118.63637,40913,
era5,huai_an_3,2024-06-01,2024-06-30,ok,33.07557,118.63637,40440,
era5,huai_an_3,2024-07-01,2024-07-31,ok,33.07557,118.63637,41516,
era5,huai_an_3,2024-08-01,2024-08-31,ok,33.07557,118.63637,40883,
era5,huai_an_3,2024-09-01,2024-09-30,ok,33.07557,118.63637,39472,
era5,huai_an_3,2024-10-01,2024-10-31,ok,33.07557,118.63637,40512,
era5,huai_an_3,2024-11-01,2024-11-30,ok,33.07557,118.63637,38453,
era5,huai_an_3,2024-12-01,2024-12-31,ok,33.07557,118.63637,39521,
era5,huai_an_3,2025-01-01,2025-01-31,ok,33.07557,118.63637,39687,
era5,huai_an_3,2025-02-01,2025-02-28,ok,33.07557,118.63637,36517,
era5,huai_an_3,2025-03-01,2025-03-31,ok,33.07557,118.63637,40688,
era5,huai_an_3,2025-04-01,2025-04-30,ok,33.07557,118.63637,39488,
era5,huai_an_3,2025-05-01,2025-05-31,ok,33.07557,118.63637,41183,
era5,huai_an_3,2025-06-01,2025-06-30,ok,33.07557,118.63637,40225,
era5,huai_an_3,2025-07-01,2025-07-31,ok,33.07557,118.63637,40904,
era5,huai_an_3,2025-08-01,2025-08-31,ok,33.07557,118.63637,40990,
era5,huai_an_3,2025-09-01,2025-09-30,ok,33.07557,118.63637,40110,
era5,huai_an_3,2025-10-01,2025-10-31,ok,33.07557,118.63637,40722,
era5,huai_an_3,2025-11-01,2025-11-30,ok,33.07557,118.63637,38175,
era5,huai_an_3,2025-12-01,2025-12-31,ok,33.07557,118.63637,39598,
era5,huai_an_3,2026-01-01,2026-01-31,ok,33.07557,118.63637,39738,
era5,huai_an_3,2023-12-01,2023-12-31,ok,33.07557,118.63637,39777,
era5,huai_an_3,2024-01-01,2024-01-31,ok,33.07557,118.63637,39913,
era5,yancheng_1,2019-03-01,2019-03-31,ok,33.848858,119.8132,40211,
era5,yancheng_1,2019-02-01,2019-02-28,ok,33.848858,119.8132,36622,
era5,yancheng_1,2019-04-01,2019-04-30,ok,33.848858,119.8132,39466,
era5,yancheng_1,2019-05-01,2019-05-31,ok,33.848858,119.8132,41128,
era5,yancheng_1,2019-06-01,2019-06-30,ok,33.848858,119.8132,39818,
era5,yancheng_1,2019-08-01,2019-08-31,ok,33.848858,119.8132,40815,
era5,yancheng_1,2019-09-01,2019-09-30,ok,33.848858,119.8132,39052,
era5,yancheng_1,2019-07-01,2019-07-31,ok,33.848858,119.8132,41300,
era5,yancheng_1,2019-10-01,2019-10-31,ok,33.848858,119.8132,40241,
era5,yancheng_1,2019-12-01,2019-12-31,ok,33.848858,119.8132,39478,
era5,yancheng_1,2019-11-01,2019-11-30,ok,33.848858,119.8132,38451,
era5,yancheng_1,2020-02-01,2020-02-29,ok,33.848858,119.8132,37452,
era5,yancheng_1,2020-01-01,2020-01-31,ok,33.848858,119.8132,39986,
era5,yancheng_1,2020-03-01,2020-03-31,ok,33.848858,119.8132,40362,
era5,yancheng_1,2020-04-01,2020-04-30,ok,33.848858,119.8132,39189,
era5,yancheng_1,2020-05-01,2020-05-31,ok,33.848858,119.8132,41069,
era5,yancheng_1,2020-06-01,2020-06-30,ok,33.848858,119.8132,39917,
era5,yancheng_1,2020-08-01,2020-08-31,ok,33.848858,119.8132,41105,
era5,yancheng_1,2020-07-01,2020-07-31,ok,33.848858,119.8132,41519,
era5,yancheng_1,2020-11-01,2020-11-30,ok,33.848858,119.8132,38430,
era5,yancheng_1,2020-10-01,2020-10-31,ok,33.848858,119.8132,40148,
era5,yancheng_1,2020-09-01,2020-09-30,ok,33.848858,119.8132,39129,
era5,yancheng_1,2020-12-01,2020-12-31,ok,33.848858,119.8132,39633,
era5,yancheng_1,2021-01-01,2021-01-31,ok,33.848858,119.8132,39460,
era5,yancheng_1,2021-02-01,2021-02-28,ok,33.848858,119.8132,36148,
era5,yancheng_1,2021-03-01,2021-03-31,ok,33.848858,119.8132,40525,
era5,yancheng_1,2021-04-01,2021-04-30,ok,33.848858,119.8132,39507,
era5,yancheng_1,2021-05-01,2021-05-31,ok,33.848858,119.8132,41054,
era5,yancheng_1,2021-07-01,2021-07-31,ok,33.848858,119.8132,41414,
era5,yancheng_1,2021-06-01,2021-06-30,ok,33.848858,119.8132,39841,
era5,yancheng_1,2021-08-01,2021-08-31,ok,33.848858,119.8132,41009,
era5,yancheng_1,2021-09-01,2021-09-30,ok,33.848858,119.8132,39317,
era5,yancheng_1,2021-11-01,2021-11-30,ok,33.848858,119.8132,38486,
era5,yancheng_1,2021-12-01,2021-12-31,ok,33.848858,119.8132,39462,
era5,yancheng_1,2021-10-01,2021-10-31,ok,33.848858,119.8132,40457,
era5,yancheng_1,2022-01-01,2022-01-31,ok,33.848858,119.8132,40474,
era5,yancheng_1,2022-02-01,2022-02-28,ok,33.848858,119.8132,36761,
era5,yancheng_1,2022-03-01,2022-03-31,ok,33.848858,119.8132,40861,
era5,yancheng_1,2022-05-01,2022-05-31,ok,33.848858,119.8132,41154,
era5,yancheng_1,2022-04-01,2022-04-30,ok,33.848858,119.8132,39645,
era5,yancheng_1,2022-06-01,2022-06-30,ok,33.848858,119.8132,39820,
era5,yancheng_1,2022-07-01,2022-07-31,ok,33.848858,119.8132,41519,
era5,yancheng_1,2022-08-01,2022-08-31,ok,33.848858,119.8132,41466,
era5,yancheng_1,2022-09-01,2022-09-30,ok,33.848858,119.8132,39509,
era5,yancheng_1,2022-10-01,2022-10-31,ok,33.848858,119.8132,40223,
era5,yancheng_1,2022-11-01,2022-11-30,ok,33.848858,119.8132,39064,
era5,yancheng_1,2023-01-01,2023-01-31,ok,33.848858,119.8132,39563,
era5,yancheng_1,2023-02-01,2023-02-28,ok,33.848858,119.8132,36540,
era5,yancheng_1,2022-12-01,2022-12-31,ok,33.848858,119.8132,39843,
era5,yancheng_1,2023-04-01,2023-04-30,ok,33.848858,119.8132,39456,
era5,yancheng_1,2023-03-01,2023-03-31,ok,33.848858,119.8132,40683,
era5,yancheng_1,2023-06-01,2023-06-30,ok,33.848858,119.8132,40133,
era5,yancheng_1,2023-05-01,2023-05-31,ok,33.848858,119.8132,41557,
era5,yancheng_1,2023-07-01,2023-07-31,ok,33.848858,119.8132,41646,
era5,yancheng_1,2023-08-01,2023-08-31,ok,33.848858,119.8132,40858,
era5,yancheng_1,2023-09-01,2023-09-30,ok,33.848858,119.8132,39734,
era5,yancheng_1,2023-10-01,2023-10-31,ok,33.848858,119.8132,40081,
era5,yancheng_1,2023-11-01,2023-11-30,ok,33.848858,119.8132,38382,
era5,yancheng_1,2024-02-01,2024-02-29,ok,33.848858,119.8132,38095,
era5,yancheng_1,2024-03-01,2024-03-31,ok,33.848858,119.8132,40631,
era5,yancheng_1,2024-04-01,2024-04-30,ok,33.848858,119.8132,39953,
era5,yancheng_1,2024-05-01,2024-05-31,ok,33.848858,119.8132,40856,
era5,yancheng_1,2024-06-01,2024-06-30,ok,33.848858,119.8132,40321,
era5,yancheng_1,2024-07-01,2024-07-31,ok,33.848858,119.8132,41413,
era5,yancheng_1,2024-08-01,2024-08-31,ok,33.848858,119.8132,40842,
era5,yancheng_1,2024-09-01,2024-09-30,ok,33.848858,119.8132,39456,
era5,yancheng_1,2024-10-01,2024-10-31,ok,33.848858,119.8132,40546,
era5,yancheng_1,2024-11-01,2024-11-30,ok,33.848858,119.8132,38457,
era5,yancheng_1,2024-12-01,2024-12-31,ok,33.848858,119.8132,39544,
era5,yancheng_1,2025-01-01,2025-01-31,ok,33.848858,119.8132,39561,
era5,yancheng_1,2025-02-01,2025-02-28,ok,33.848858,119.8132,36445,
era5,yancheng_1,2025-03-01,2025-03-31,ok,33.848858,119.8132,40587,
era5,yancheng_1,2025-04-01,2025-04-30,ok,33.848858,119.8132,39342,
era5,yancheng_1,2025-05-01,2025-05-31,ok,33.848858,119.8132,41074,
era5,yancheng_1,2025-06-01,2025-06-30,ok,33.848858,119.8132,40190,
era5,yancheng_1,2025-07-01,2025-07-31,ok,33.848858,119.8132,40959,
era5,yancheng_1,2025-08-01,2025-08-31,ok,33.848858,119.8132,40976,
era5,yancheng_1,2025-09-01,2025-09-30,ok,33.848858,119.8132,40076,
era5,yancheng_1,2025-10-01,2025-10-31,ok,33.848858,119.8132,40642,
era5,yancheng_1,2025-11-01,2025-11-30,ok,33.848858,119.8132,38060,
era5,yancheng_1,2025-12-01,2025-12-31,ok,33.848858,119.8132,39683,
era5,yancheng_1,2026-01-01,2026-01-31,ok,33.848858,119.8132,39736,
era5,yancheng_1,2023-12-01,2023-12-31,ok,33.848858,119.8132,39704,
era5,yancheng_1,2024-01-01,2024-01-31,ok,33.848858,119.8132,39826,
era5,lianyungang_1,2019-03-01,2019-03-31,ok,34.69244,118.558784,40173,
era5,lianyungang_1,2019-04-01,2019-04-30,ok,34.69244,118.558784,39497,
era5,lianyungang_1,2019-02-01,2019-02-28,ok,34.69244,118.558784,36410,
era5,lianyungang_1,2019-05-01,2019-05-31,ok,34.69244,118.558784,40990,
era5,lianyungang_1,2019-06-01,2019-06-30,ok,34.69244,118.558784,39756,
era5,lianyungang_1,2019-08-01,2019-08-31,ok,34.69244,118.558784,40940,
era5,lianyungang_1,2019-07-01,2019-07-31,ok,34.69244,118.558784,41216,
era5,lianyungang_1,2019-09-01,2019-09-30,ok,34.69244,118.558784,38807,
era5,lianyungang_1,2019-10-01,2019-10-31,ok,34.69244,118.558784,40127,
era5,lianyungang_1,2019-12-01,2019-12-31,ok,34.69244,118.558784,39313,
era5,lianyungang_1,2019-11-01,2019-11-30,ok,34.69244,118.558784,38400,
era5,lianyungang_1,2020-01-01,2020-01-31,ok,34.69244,118.558784,39931,
era5,lianyungang_1,2020-02-01,2020-02-29,ok,34.69244,118.558784,37452,
era5,lianyungang_1,2020-03-01,2020-03-31,ok,34.69244,118.558784,40271,
era5,lianyungang_1,2020-05-01,2020-05-31,ok,34.69244,118.558784,40983,
era5,lianyungang_1,2020-06-01,2020-06-30,ok,34.69244,118.558784,39915,
era5,lianyungang_1,2020-04-01,2020-04-30,ok,34.69244,118.558784,39090,
era5,lianyungang_1,2020-07-01,2020-07-31,ok,34.69244,118.558784,41354,
era5,lianyungang_1,2020-09-01,2020-09-30,ok,34.69244,118.558784,39070,
era5,lianyungang_1,2020-10-01,2020-10-31,ok,34.69244,118.558784,40095,
era5,lianyungang_1,2020-08-01,2020-08-31,ok,34.69244,118.558784,41324,
era5,lianyungang_1,2020-11-01,2020-11-30,ok,34.69244,118.558784,38328,
era5,lianyungang_1,2020-12-01,2020-12-31,ok,34.69244,118.558784,39506,
era5,lianyungang_1,2021-01-01,2021-01-31,ok,34.69244,118.558784,39330,
era5,lianyungang_1,2021-02-01,2021-02-28,ok,34.69244,118.558784,36087,
era5,lianyungang_1,2021-04-01,2021-04-30,ok,34.69244,118.558784,39554,
era5,lianyungang_1,2021-05-01,2021-05-31,ok,34.69244,118.558784,40918,
era5,lianyungang_1,2021-03-01,2021-03-31,ok,34.69244,118.558784,40464,
era5,lianyungang_1,2021-08-01,2021-08-31,ok,34.69244,118.558784,41135,
era5,lianyungang_1,2021-07-01,2021-07-31,ok,34.69244,118.558784,41543,
era5,lianyungang_1,2021-06-01,2021-06-30,ok,34.69244,118.558784,39720,
era5,lianyungang_1,2021-10-01,2021-10-31,ok,34.69244,118.558784,40373,
era5,lianyungang_1,2021-09-01,2021-09-30,ok,34.69244,118.558784,39402,
era5,lianyungang_1,2021-11-01,2021-11-30,ok,34.69244,118.558784,38423,
era5,lianyungang_1,2021-12-01,2021-12-31,ok,34.69244,118.558784,39423,
era5,lianyungang_1,2022-01-01,2022-01-31,ok,34.69244,118.558784,40142,
era5,lianyungang_1,2022-02-01,2022-02-28,ok,34.69244,118.558784,36811,
era5,lianyungang_1,2022-04-01,2022-04-30,ok,34.69244,118.558784,39579,
era5,lianyungang_1,2022-03-01,2022-03-31,ok,34.69244,118.558784,40871,
era5,lianyungang_1,2022-05-01,2022-05-31,ok,34.69244,118.558784,40939,
era5,lianyungang_1,2022-06-01,2022-06-30,ok,34.69244,118.558784,39784,
era5,lianyungang_1,2022-08-01,2022-08-31,ok,34.69244,118.558784,41408,
era5,lianyungang_1,2022-07-01,2022-07-31,ok,34.69244,118.558784,41541,
era5,lianyungang_1,2022-09-01,2022-09-30,ok,34.69244,118.558784,39328,
era5,lianyungang_1,2022-10-01,2022-10-31,ok,34.69244,118.558784,40211,
era5,lianyungang_1,2022-11-01,2022-11-30,ok,34.69244,118.558784,39092,
era5,lianyungang_1,2022-12-01,2022-12-31,ok,34.69244,118.558784,39650,
era5,lianyungang_1,2023-01-01,2023-01-31,ok,34.69244,118.558784,39594,
era5,lianyungang_1,2023-02-01,2023-02-28,ok,34.69244,118.558784,36592,
era5,lianyungang_1,2023-03-01,2023-03-31,ok,34.69244,118.558784,40465,
era5,lianyungang_1,2023-04-01,2023-04-30,ok,34.69244,118.558784,39376,
era5,lianyungang_1,2023-05-01,2023-05-31,ok,34.69244,118.558784,41419,
era5,lianyungang_1,2023-06-01,2023-06-30,ok,34.69244,118.558784,39971,
era5,lianyungang_1,2023-07-01,2023-07-31,ok,34.69244,118.558784,41684,
era5,lianyungang_1,2023-08-01,2023-08-31,ok,34.69244,118.558784,40705,
era5,lianyungang_1,2023-09-01,2023-09-30,ok,34.69244,118.558784,39438,
era5,lianyungang_1,2023-10-01,2023-10-31,ok,34.69244,118.558784,40037,
era5,lianyungang_1,2023-11-01,2023-11-30,ok,34.69244,118.558784,38267,
era5,lianyungang_1,2024-02-01,2024-02-29,ok,34.69244,118.558784,37982,
era5,lianyungang_1,2024-03-01,2024-03-31,ok,34.69244,118.558784,40518,
era5,lianyungang_1,2024-04-01,2024-04-30,ok,34.69244,118.558784,39882,
era5,lianyungang_1,2024-05-01,2024-05-31,ok,34.69244,118.558784,40811,
era5,lianyungang_1,2024-06-01,2024-06-30,ok,34.69244,118.558784,40072,
era5,lianyungang_1,2024-07-01,2024-07-31,ok,34.69244,118.558784,41555,
era5,lianyungang_1,2024-08-01,2024-08-31,ok,34.69244,118.558784,40911,
era5,lianyungang_1,2024-09-01,2024-09-30,ok,34.69244,118.558784,39428,
era5,lianyungang_1,2024-10-01,2024-10-31,ok,34.69244,118.558784,40235,
era5,lianyungang_1,2024-11-01,2024-11-30,ok,34.69244,118.558784,38604,
era5,lianyungang_1,2024-12-01,2024-12-31,ok,34.69244,118.558784,39377,
era5,lianyungang_1,2025-01-01,2025-01-31,ok,34.69244,118.558784,39416,
era5,lianyungang_1,2025-02-01,2025-02-28,ok,34.69244,118.558784,36300,
era5,lianyungang_1,2025-03-01,2025-03-31,ok,34.69244,118.558784,40515,
era5,lianyungang_1,2025-04-01,2025-04-30,ok,34.69244,118.558784,39256,
era5,lianyungang_1,2025-05-01,2025-05-31,ok,34.69244,118.558784,41053,
era5,lianyungang_1,2025-06-01,2025-06-30,ok,34.69244,118.558784,40178,
era5,lianyungang_1,2025-07-01,2025-07-31,ok,34.69244,118.558784,40916,
era5,lianyungang_1,2025-08-01,2025-08-31,ok,34.69244,118.558784,41142,
era5,lianyungang_1,2025-09-01,2025-09-30,ok,34.69244,118.558784,39973,
era5,lianyungang_1,2025-10-01,2025-10-31,ok,34.69244,118.558784,40520,
era5,lianyungang_1,2025-11-01,2025-11-30,ok,34.69244,118.558784,38020,
era5,lianyungang_1,2025-12-01,2025-12-31,ok,34.69244,118.558784,39479,
era5,lianyungang_1,2026-01-01,2026-01-31,ok,34.69244,118.558784,39583,
era5,lianyungang_1,2023-12-01,2023-12-31,ok,34.69244,118.558784,39433,
era5,yancheng_2,2019-02-01,2019-02-28,ok,33.07557,120.62653,36715,
era5,lianyungang_1,2024-01-01,2024-01-31,ok,34.69244,118.558784,39579,
era5,yancheng_2,2019-03-01,2019-03-31,ok,33.07557,120.62653,40414,
era5,yancheng_2,2019-04-01,2019-04-30,ok,33.07557,120.62653,39544,
era5,yancheng_2,2019-05-01,2019-05-31,ok,33.07557,120.62653,41138,
era5,yancheng_2,2019-07-01,2019-07-31,ok,33.07557,120.62653,41386,
era5,yancheng_2,2019-06-01,2019-06-30,ok,33.07557,120.62653,39890,
era5,yancheng_2,2019-08-01,2019-08-31,ok,33.07557,120.62653,40963,
era5,yancheng_2,2019-09-01,2019-09-30,ok,33.07557,120.62653,39391,
era5,yancheng_2,2019-11-01,2019-11-30,ok,33.07557,120.62653,38526,
era5,yancheng_2,2019-10-01,2019-10-31,ok,33.07557,120.62653,40365,
era5,yancheng_2,2019-12-01,2019-12-31,ok,33.07557,120.62653,39586,
era5,yancheng_2,2020-02-01,2020-02-29,ok,33.07557,120.62653,37463,
era5,yancheng_2,2020-03-01,2020-03-31,ok,33.07557,120.62653,40549,
era5,yancheng_2,2020-01-01,2020-01-31,ok,33.07557,120.62653,40210,
era5,yancheng_2,2020-04-01,2020-04-30,ok,33.07557,120.62653,39233,
era5,yancheng_2,2020-06-01,2020-06-30,ok,33.07557,120.62653,40087,
era5,yancheng_2,2020-05-01,2020-05-31,ok,33.07557,120.62653,41145,
era5,yancheng_2,2020-07-01,2020-07-31,ok,33.07557,120.62653,41611,
era5,yancheng_2,2020-08-01,2020-08-31,ok,33.07557,120.62653,41044,
era5,yancheng_2,2020-09-01,2020-09-30,ok,33.07557,120.62653,39394,
era5,yancheng_2,2020-10-01,2020-10-31,ok,33.07557,120.62653,40251,
era5,yancheng_2,2020-11-01,2020-11-30,ok,33.07557,120.62653,38582,
era5,yancheng_2,2020-12-01,2020-12-31,ok,33.07557,120.62653,39677,
era5,yancheng_2,2021-01-01,2021-01-31,ok,33.07557,120.62653,39595,
era5,yancheng_2,2021-02-01,2021-02-28,ok,33.07557,120.62653,36176,
era5,yancheng_2,2021-03-01,2021-03-31,ok,33.07557,120.62653,40753,
era5,yancheng_2,2021-04-01,2021-04-30,ok,33.07557,120.62653,39632,
era5,yancheng_2,2021-05-01,2021-05-31,ok,33.07557,120.62653,41120,
era5,yancheng_2,2021-06-01,2021-06-30,ok,33.07557,120.62653,39954,
era5,yancheng_2,2021-08-01,2021-08-31,ok,33.07557,120.62653,41314,
era5,yancheng_2,2021-09-01,2021-09-30,ok,33.07557,120.62653,39439,
era5,yancheng_2,2021-07-01,2021-07-31,ok,33.07557,120.62653,41526,
era5,yancheng_2,2021-10-01,2021-10-31,ok,33.07557,120.62653,40606,
era5,yancheng_2,2022-01-01,2022-01-31,ok,33.07557,120.62653,40668,
era5,yancheng_2,2021-12-01,2021-12-31,ok,33.07557,120.62653,39464,
era5,yancheng_2,2021-11-01,2021-11-30,ok,33.07557,120.62653,38605,
era5,yancheng_2,2022-03-01,2022-03-31,ok,33.07557,120.62653,40916,
era5,yancheng_2,2022-02-01,2022-02-28,ok,33.07557,120.62653,36811,
era5,yancheng_2,2022-04-01,2022-04-30,ok,33.07557,120.62653,39749,
era5,yancheng_2,2022-05-01,2022-05-31,ok,33.07557,120.62653,41244,
era5,yancheng_2,2022-06-01,2022-06-30,ok,33.07557,120.62653,40093,
era5,yancheng_2,2022-07-01,2022-07-31,ok,33.07557,120.62653,41676,
era5,yancheng_2,2022-08-01,2022-08-31,ok,33.07557,120.62653,41592,
era5,yancheng_2,2022-09-01,2022-09-30,ok,33.07557,120.62653,39731,
era5,yancheng_2,2022-12-01,2022-12-31,ok,33.07557,120.62653,40021,
era5,yancheng_2,2022-11-01,2022-11-30,ok,33.07557,120.62653,39168,
era5,yancheng_2,2022-10-01,2022-10-31,ok,33.07557,120.62653,40431,
era5,yancheng_2,2023-01-01,2023-01-31,ok,33.07557,120.62653,39600,
era5,yancheng_2,2023-03-01,2023-03-31,ok,33.07557,120.62653,40831,
era5,yancheng_2,2023-02-01,2023-02-28,ok,33.07557,120.62653,36731,
era5,yancheng_2,2023-04-01,2023-04-30,ok,33.07557,120.62653,39595,
era5,yancheng_2,2023-06-01,2023-06-30,ok,33.07557,120.62653,40371,
era5,yancheng_2,2023-05-01,2023-05-31,ok,33.07557,120.62653,41633,
era5,yancheng_2,2023-08-01,2023-08-31,ok,33.07557,120.62653,40823,
era5,yancheng_2,2023-07-01,2023-07-31,ok,33.07557,120.62653,41730,
era5,yancheng_2,2023-09-01,2023-09-30,ok,33.07557,120.62653,39713,
era5,yancheng_2,2023-10-01,2023-10-31,ok,33.07557,120.62653,40231,
era5,yancheng_2,2023-11-01,2023-11-30,ok,33.07557,120.62653,38501,
era5,yancheng_2,2024-02-01,2024-02-29,ok,33.07557,120.62653,38175,
era5,yancheng_2,2024-03-01,2024-03-31,ok,33.07557,120.62653,40735,
era5,yancheng_2,2023-12-01,2023-12-31,ok,33.07557,120.62653,39937,
era5,yancheng_2,2024-04-01,2024-04-30,ok,33.07557,120.62653,40209,
era5,yancheng_2,2024-05-01,2024-05-31,ok,33.07557,120.62653,40926,
era5,yancheng_2,2024-06-01,2024-06-30,ok,33.07557,120.62653,40536,
era5,yancheng_2,2024-07-01,2024-07-31,ok,33.07557,120.62653,41463,
era5,yancheng_2,2024-08-01,2024-08-31,ok,33.07557,120.62653,40879,
era5,yancheng_2,2024-09-01,2024-09-30,ok,33.07557,120.62653,39711,
era5,yancheng_2,2024-10-01,2024-10-31,ok,33.07557,120.62653,40807,
era5,yancheng_2,2024-11-01,2024-11-30,ok,33.07557,120.62653,38586,
era5,yancheng_2,2024-12-01,2024-12-31,ok,33.07557,120.62653,39596,
era5,yancheng_2,2025-01-01,2025-01-31,ok,33.07557,120.62653,39654,
era5,yancheng_2,2025-02-01,2025-02-28,ok,33.07557,120.62653,36552,
era5,yancheng_2,2025-03-01,2025-03-31,ok,33.07557,120.62653,40699,
era5,yancheng_2,2025-04-01,2025-04-30,ok,33.07557,120.62653,39404,
era5,yancheng_2,2025-05-01,2025-05-31,ok,33.07557,120.62653,41295,
era5,yancheng_2,2025-06-01,2025-06-30,ok,33.07557,120.62653,40351,
era5,yancheng_2,2025-07-01,2025-07-31,ok,33.07557,120.62653,41104,
era5,yancheng_2,2025-08-01,2025-08-31,ok,33.07557,120.62653,40795,
era5,yancheng_2,2025-09-01,2025-09-30,ok,33.07557,120.62653,40052,
era5,yancheng_2,2025-10-01,2025-10-31,ok,33.07557,120.62653,40753,
era5,yancheng_2,2025-11-01,2025-11-30,ok,33.07557,120.62653,38205,
era5,yancheng_2,2025-12-01,2025-12-31,ok,33.07557,120.62653,39739,
era5,yancheng_2,2026-01-01,2026-01-31,ok,33.07557,120.62653,39745,
era5,yancheng_3,2019-03-01,2019-03-31,ok,33.14587,119.778595,40326,
era5,yancheng_2,2024-01-01,2024-01-31,ok,33.07557,120.62653,39906,
era5,yancheng_3,2019-02-01,2019-02-28,ok,33.14587,119.778595,36599,
era5,yancheng_3,2019-05-01,2019-05-31,ok,33.14587,119.778595,41120,
era5,yancheng_3,2019-04-01,2019-04-30,ok,33.14587,119.778595,39484,
era5,yancheng_3,2019-06-01,2019-06-30,ok,33.14587,119.778595,39860,
era5,yancheng_3,2019-07-01,2019-07-31,ok,33.14587,119.778595,41276,
era5,yancheng_3,2019-08-01,2019-08-31,ok,33.14587,119.778595,40894,
era5,yancheng_3,2019-09-01,2019-09-30,ok,33.14587,119.778595,39043,
era5,yancheng_3,2019-12-01,2019-12-31,ok,33.14587,119.778595,39550,
era5,yancheng_3,2019-11-01,2019-11-30,ok,33.14587,119.778595,38455,
era5,yancheng_3,2019-10-01,2019-10-31,ok,33.14587,119.778595,40290,
era5,yancheng_3,2020-01-01,2020-01-31,ok,33.14587,119.778595,40158,
era5,yancheng_3,2020-03-01,2020-03-31,ok,33.14587,119.778595,40502,
era5,yancheng_3,2020-02-01,2020-02-29,ok,33.14587,119.778595,37489,
era5,yancheng_3,2020-04-01,2020-04-30,ok,33.14587,119.778595,39227,
era5,yancheng_3,2020-05-01,2020-05-31,ok,33.14587,119.778595,41059,
era5,yancheng_3,2020-07-01,2020-07-31,ok,33.14587,119.778595,41511,
era5,yancheng_3,2020-06-01,2020-06-30,ok,33.14587,119.778595,39949,
era5,yancheng_3,2020-08-01,2020-08-31,ok,33.14587,119.778595,41057,
era5,yancheng_3,2020-09-01,2020-09-30,ok,33.14587,119.778595,39283,
era5,yancheng_3,2020-10-01,2020-10-31,ok,33.14587,119.778595,40094,
era5,yancheng_3,2020-11-01,2020-11-30,ok,33.14587,119.778595,38405,
era5,yancheng_3,2020-12-01,2020-12-31,ok,33.14587,119.778595,39563,
era5,yancheng_3,2021-02-01,2021-02-28,ok,33.14587,119.778595,36125,
era5,yancheng_3,2021-01-01,2021-01-31,ok,33.14587,119.778595,39515,
era5,yancheng_3,2021-03-01,2021-03-31,ok,33.14587,119.778595,40617,
era5,yancheng_3,2021-04-01,2021-04-30,ok,33.14587,119.778595,39542,
era5,yancheng_3,2021-05-01,2021-05-31,ok,33.14587,119.778595,41085,
era5,yancheng_3,2021-06-01,2021-06-30,ok,33.14587,119.778595,39835,
era5,yancheng_3,2021-07-01,2021-07-31,ok,33.14587,119.778595,41332,
era5,yancheng_3,2021-08-01,2021-08-31,ok,33.14587,119.778595,41095,
era5,yancheng_3,2021-09-01,2021-09-30,ok,33.14587,119.778595,39272,
era5,yancheng_3,2021-10-01,2021-10-31,ok,33.14587,119.778595,40409,
era5,yancheng_3,2021-11-01,2021-11-30,ok,33.14587,119.778595,38455,
era5,yancheng_3,2021-12-01,2021-12-31,ok,33.14587,119.778595,39391,
era5,yancheng_3,2022-01-01,2022-01-31,ok,33.14587,119.778595,40519,
era5,yancheng_3,2022-02-01,2022-02-28,ok,33.14587,119.778595,36710,
era5,yancheng_3,2022-03-01,2022-03-31,ok,33.14587,119.778595,40850,
era5,yancheng_3,2022-04-01,2022-04-30,ok,33.14587,119.778595,39663,
era5,yancheng_3,2022-05-01,2022-05-31,ok,33.14587,119.778595,41123,
era5,yancheng_3,2022-06-01,2022-06-30,ok,33.14587,119.778595,39911,
era5,yancheng_3,2022-07-01,2022-07-31,ok,33.14587,119.778595,41486,
era5,yancheng_3,2022-08-01,2022-08-31,ok,33.14587,119.778595,41457,
era5,yancheng_3,2022-09-01,2022-09-30,ok,33.14587,119.778595,39577,
era5,yancheng_3,2022-10-01,2022-10-31,ok,33.14587,119.778595,40224,
era5,yancheng_3,2022-11-01,2022-11-30,ok,33.14587,119.778595,38963,
era5,yancheng_3,2022-12-01,2022-12-31,ok,33.14587,119.778595,39925,
era5,yancheng_3,2023-01-01,2023-01-31,ok,33.14587,119.778595,39494,
era5,yancheng_3,2023-03-01,2023-03-31,ok,33.14587,119.778595,40767,
era5,yancheng_3,2023-02-01,2023-02-28,ok,33.14587,119.778595,36554,
era5,yancheng_3,2023-04-01,2023-04-30,ok,33.14587,119.778595,39523,
era5,yancheng_3,2023-06-01,2023-06-30,ok,33.14587,119.778595,40257,
era5,yancheng_3,2023-05-01,2023-05-31,ok,33.14587,119.778595,41480,
era5,yancheng_3,2023-07-01,2023-07-31,ok,33.14587,119.778595,41657,
era5,yancheng_3,2023-08-01,2023-08-31,ok,33.14587,119.778595,40810,
era5,yancheng_3,2023-09-01,2023-09-30,ok,33.14587,119.778595,39661,
era5,yancheng_3,2023-12-01,2023-12-31,ok,33.14587,119.778595,39748,
era5,yancheng_3,2023-11-01,2023-11-30,ok,33.14587,119.778595,38382,
era5,yancheng_3,2024-02-01,2024-02-29,ok,33.14587,119.778595,38036,
era5,yancheng_3,2024-03-01,2024-03-31,ok,33.14587,119.778595,40582,
era5,yancheng_3,2024-04-01,2024-04-30,ok,33.14587,119.778595,40075,
era5,yancheng_3,2024-05-01,2024-05-31,ok,33.14587,119.778595,40862,
era5,yancheng_3,2024-06-01,2024-06-30,ok,33.14587,119.778595,40532,
era5,yancheng_3,2024-07-01,2024-07-31,ok,33.14587,119.778595,41417,
era5,yancheng_3,2024-08-01,2024-08-31,ok,33.14587,119.778595,40750,
era5,yancheng_3,2024-09-01,2024-09-30,ok,33.14587,119.778595,39483,
era5,yancheng_3,2024-10-01,2024-10-31,ok,33.14587,119.778595,40508,
era5,yancheng_3,2024-11-01,2024-11-30,ok,33.14587,119.778595,38419,
era5,yancheng_3,2024-12-01,2024-12-31,ok,33.14587,119.778595,39514,
era5,yancheng_3,2025-01-01,2025-01-31,ok,33.14587,119.778595,39589,
era5,yancheng_3,2025-02-01,2025-02-28,ok,33.14587,119.778595,36577,
era5,yancheng_3,2025-03-01,2025-03-31,ok,33.14587,119.778595,40590,
era5,yancheng_3,2025-04-01,2025-04-30,ok,33.14587,119.778595,39372,
era5,yancheng_3,2025-05-01,2025-05-31,ok,33.14587,119.778595,41111,
era5,yancheng_3,2025-06-01,2025-06-30,ok,33.14587,119.778595,40196,
era5,yancheng_3,2025-07-01,2025-07-31,ok,33.14587,119.778595,41006,
era5,yancheng_3,2025-08-01,2025-08-31,ok,33.14587,119.778595,40862,
era5,yancheng_3,2025-09-01,2025-09-30,ok,33.14587,119.778595,39967,
era5,yancheng_3,2025-10-01,2025-10-31,ok,33.14587,119.778595,40620,
era5,yancheng_3,2025-11-01,2025-11-30,ok,33.14587,119.778595,38144,
era5,yancheng_3,2025-12-01,2025-12-31,ok,33.14587,119.778595,39617,
era5,yancheng_3,2026-01-01,2026-01-31,ok,33.14587,119.778595,39692,
era5,yancheng_3,2023-10-01,2023-10-31,ok,33.14587,119.778595,40107,
era5,yancheng_3,2024-01-01,2024-01-31,ok,33.14587,119.778595,39832,
era5,lianyungang_2,2019-02-01,2019-02-28,ok,34.69244,119.35524,36475,
era5,lianyungang_2,2019-04-01,2019-04-30,ok,34.69244,119.35524,39423,
era5,lianyungang_2,2019-03-01,2019-03-31,ok,34.69244,119.35524,40176,
era5,lianyungang_2,2019-05-01,2019-05-31,ok,34.69244,119.35524,41018,
era5,lianyungang_2,2019-06-01,2019-06-30,ok,34.69244,119.35524,39795,
era5,lianyungang_2,2019-08-01,2019-08-31,ok,34.69244,119.35524,40915,
era5,lianyungang_2,2019-07-01,2019-07-31,ok,34.69244,119.35524,41229,
era5,lianyungang_2,2019-09-01,2019-09-30,ok,34.69244,119.35524,38947,
era5,lianyungang_2,2019-10-01,2019-10-31,ok,34.69244,119.35524,40165,
era5,lianyungang_2,2019-12-01,2019-12-31,ok,34.69244,119.35524,39462,
era5,lianyungang_2,2019-11-01,2019-11-30,ok,34.69244,119.35524,38492,
era5,lianyungang_2,2020-01-01,2020-01-31,ok,34.69244,119.35524,39962,
era5,lianyungang_2,2020-02-01,2020-02-29,ok,34.69244,119.35524,37450,
era5,lianyungang_2,2020-03-01,2020-03-31,ok,34.69244,119.35524,40248,
era5,lianyungang_2,2020-05-01,2020-05-31,ok,34.69244,119.35524,40984,
era5,lianyungang_2,2020-04-01,2020-04-30,ok,34.69244,119.35524,39079,
era5,lianyungang_2,2020-06-01,2020-06-30,ok,34.69244,119.35524,39938,
era5,lianyungang_2,2020-07-01,2020-07-31,ok,34.69244,119.35524,41416,
era5,lianyungang_2,2020-08-01,2020-08-31,ok,34.69244,119.35524,41207,
era5,lianyungang_2,2020-09-01,2020-09-30,ok,34.69244,119.35524,39115,
era5,lianyungang_2,2020-11-01,2020-11-30,ok,34.69244,119.35524,38429,
era5,lianyungang_2,2020-10-01,2020-10-31,ok,34.69244,119.35524,40185,
era5,lianyungang_2,2020-12-01,2020-12-31,ok,34.69244,119.35524,39502,
era5,lianyungang_2,2021-01-01,2021-01-31,ok,34.69244,119.35524,39377,
era5,lianyungang_2,2021-02-01,2021-02-28,ok,34.69244,119.35524,36084,
era5,lianyungang_2,2021-03-01,2021-03-31,ok,34.69244,119.35524,40374,
era5,lianyungang_2,2021-04-01,2021-04-30,ok,34.69244,119.35524,39567,
era5,lianyungang_2,2021-05-01,2021-05-31,ok,34.69244,119.35524,40959,
era5,lianyungang_2,2021-06-01,2021-06-30,ok,34.69244,119.35524,39827,
era5,lianyungang_2,2021-07-01,2021-07-31,ok,34.69244,119.35524,41484,
era5,lianyungang_2,2021-09-01,2021-09-30,ok,34.69244,119.35524,39363,
era5,lianyungang_2,2021-08-01,2021-08-31,ok,34.69244,119.35524,41156,
era5,lianyungang_2,2021-11-01,2021-11-30,ok,34.69244,119.35524,38438,
era5,lianyungang_2,2021-10-01,2021-10-31,ok,34.69244,119.35524,40511,
era5,lianyungang_2,2021-12-01,2021-12-31,ok,34.69244,119.35524,39383,
era5,lianyungang_2,2022-01-01,2022-01-31,ok,34.69244,119.35524,40204,
era5,lianyungang_2,2022-02-01,2022-02-28,ok,34.69244,119.35524,36756,
era5,lianyungang_2,2022-03-01,2022-03-31,ok,34.69244,119.35524,40927,
era5,lianyungang_2,2022-05-01,2022-05-31,ok,34.69244,119.35524,40930,
era5,lianyungang_2,2022-04-01,2022-04-30,ok,34.69244,119.35524,39568,
era5,lianyungang_2,2022-06-01,2022-06-30,ok,34.69244,119.35524,39862,
era5,lianyungang_2,2022-07-01,2022-07-31,ok,34.69244,119.35524,41455,
era5,lianyungang_2,2022-09-01,2022-09-30,ok,34.69244,119.35524,39371,
era5,lianyungang_2,2022-08-01,2022-08-31,ok,34.69244,119.35524,41404,
era5,lianyungang_2,2022-10-01,2022-10-31,ok,34.69244,119.35524,40239,
era5,lianyungang_2,2022-11-01,2022-11-30,ok,34.69244,119.35524,39051,
era5,lianyungang_2,2023-01-01,2023-01-31,ok,34.69244,119.35524,39628,
era5,lianyungang_2,2023-02-01,2023-02-28,ok,34.69244,119.35524,36610,
era5,lianyungang_2,2022-12-01,2022-12-31,ok,34.69244,119.35524,39768,
era5,lianyungang_2,2023-03-01,2023-03-31,ok,34.69244,119.35524,40453,
era5,lianyungang_2,2023-04-01,2023-04-30,ok,34.69244,119.35524,39440,
era5,lianyungang_2,2023-05-01,2023-05-31,ok,34.69244,119.35524,41485,
era5,lianyungang_2,2023-06-01,2023-06-30,ok,34.69244,119.35524,39942,
era5,lianyungang_2,2023-07-01,2023-07-31,ok,34.69244,119.35524,41688,
era5,lianyungang_2,2023-08-01,2023-08-31,ok,34.69244,119.35524,40832,
era5,lianyungang_2,2023-09-01,2023-09-30,ok,34.69244,119.35524,39523,
era5,lianyungang_2,2023-10-01,2023-10-31,ok,34.69244,119.35524,40071,
era5,lianyungang_2,2023-12-01,2023-12-31,ok,34.69244,119.35524,39568,
era5,lianyungang_2,2024-02-01,2024-02-29,ok,34.69244,119.35524,38070,
era5,lianyungang_2,2024-03-01,2024-03-31,ok,34.69244,119.35524,40496,
era5,lianyungang_2,2024-04-01,2024-04-30,ok,34.69244,119.35524,39878,
era5,lianyungang_2,2024-05-01,2024-05-31,ok,34.69244,119.35524,40792,
era5,lianyungang_2,2024-06-01,2024-06-30,ok,34.69244,119.35524,40165,
era5,lianyungang_2,2024-07-01,2024-07-31,ok,34.69244,119.35524,41397,
era5,lianyungang_2,2024-08-01,2024-08-31,ok,34.69244,119.35524,40864,
era5,lianyungang_2,2024-09-01,2024-09-30,ok,34.69244,119.35524,39493,
era5,lianyungang_2,2024-10-01,2024-10-31,ok,34.69244,119.35524,40415,
era5,lianyungang_2,2024-11-01,2024-11-30,ok,34.69244,119.35524,38646,
era5,lianyungang_2,2024-12-01,2024-12-31,ok,34.69244,119.35524,39511,
era5,lianyungang_2,2025-01-01,2025-01-31,ok,34.69244,119.35524,39414,
era5,lianyungang_2,2025-02-01,2025-02-28,ok,34.69244,119.35524,36279,
era5,lianyungang_2,2025-03-01,2025-03-31,ok,34.69244,119.35524,40591,
era5,lianyungang_2,2025-04-01,2025-04-30,ok,34.69244,119.35524,39224,
era5,lianyungang_2,2025-05-01,2025-05-31,ok,34.69244,119.35524,41094,
era5,lianyungang_2,2025-06-01,2025-06-30,ok,34.69244,119.35524,40159,
era5,lianyungang_2,2025-07-01,2025-07-31,ok,34.69244,119.35524,40955,
era5,lianyungang_2,2025-08-01,2025-08-31,ok,34.69244,119.35524,41101,
era5,lianyungang_2,2025-09-01,2025-09-30,ok,34.69244,119.35524,40110,
era5,lianyungang_2,2025-10-01,2025-10-31,ok,34.69244,119.35524,40649,
era5,lianyungang_2,2025-11-01,2025-11-30,ok,34.69244,119.35524,37977,
era5,lianyungang_2,2025-12-01,2025-12-31,ok,34.69244,119.35524,39563,
era5,lianyungang_2,2026-01-01,2026-01-31,ok,34.69244,119.35524,39661,
era5,lianyungang_2,2024-01-01,2024-01-31,ok,34.69244,119.35524,39624,
era5,lianyungang_2,2023-11-01,2023-11-30,ok,34.69244,119.35524,38327,
previous_runs,changzhou_1,2019-02-01,2019-02-28,ok,31.454605,119.765625,161384,
previous_runs,changzhou_1,2019-03-01,2019-03-31,ok,31.454605,119.765625,178724,
previous_runs,changzhou_1,2019-04-01,2019-04-30,ok,31.454605,119.765625,173444,
previous_runs,changzhou_1,2019-05-01,2019-05-31,ok,31.454605,119.765625,179243,
previous_runs,changzhou_1,2019-06-01,2019-06-30,ok,31.454605,119.765625,173684,
previous_runs,changzhou_1,2019-07-01,2019-07-31,ok,31.454605,119.765625,179287,
previous_runs,changzhou_1,2019-08-01,2019-08-31,ok,31.454605,119.765625,179173,
previous_runs,changzhou_1,2019-09-01,2019-09-30,ok,31.454605,119.765625,173171,
previous_runs,changzhou_1,2019-10-01,2019-10-31,ok,31.454605,119.765625,178451,
previous_runs,changzhou_1,2019-12-01,2019-12-31,ok,31.454605,119.765625,178052,
previous_runs,changzhou_1,2019-11-01,2019-11-30,ok,31.454605,119.765625,172505,
previous_runs,changzhou_1,2020-01-01,2020-01-31,ok,31.454605,119.765625,178100,
previous_runs,changzhou_1,2020-02-01,2020-02-29,ok,31.454605,119.765625,167030,
previous_runs,changzhou_1,2020-03-01,2020-03-31,ok,31.454605,119.765625,178730,
previous_runs,changzhou_1,2020-04-01,2020-04-30,ok,31.454605,119.765625,173450,
previous_runs,changzhou_1,2020-05-01,2020-05-31,ok,31.454605,119.765625,179249,
previous_runs,changzhou_1,2020-06-01,2020-06-30,ok,31.454605,119.765625,173684,
previous_runs,changzhou_1,2020-07-01,2020-07-31,ok,31.454605,119.765625,179285,
previous_runs,changzhou_1,2020-08-01,2020-08-31,ok,31.454605,119.765625,179171,
previous_runs,changzhou_1,2020-09-01,2020-09-30,ok,31.454605,119.765625,173162,
previous_runs,changzhou_1,2020-10-01,2020-10-31,ok,31.454605,119.765625,178439,
previous_runs,changzhou_1,2020-11-01,2020-11-30,ok,31.454605,119.765625,172502,
previous_runs,changzhou_1,2020-12-01,2020-12-31,ok,31.454605,119.765625,178052,
previous_runs,changzhou_1,2021-01-01,2021-01-31,ok,31.454605,119.765625,178100,
previous_runs,changzhou_1,2021-02-01,2021-02-28,ok,31.454605,119.765625,161390,
previous_runs,changzhou_1,2021-03-01,2021-03-31,ok,31.454605,119.765625,178720,
previous_runs,changzhou_1,2021-04-01,2021-04-30,ok,31.454605,119.765625,173286,
previous_runs,changzhou_1,2021-05-01,2021-05-31,ok,31.454605,119.765625,179246,
previous_runs,changzhou_1,2021-06-01,2021-06-30,ok,31.454605,119.765625,173684,
previous_runs,changzhou_1,2021-07-01,2021-07-31,ok,31.454605,119.765625,179285,
previous_runs,changzhou_1,2021-08-01,2021-08-31,ok,31.454605,119.765625,179170,
previous_runs,changzhou_1,2021-09-01,2021-09-30,ok,31.454605,119.765625,173165,
previous_runs,changzhou_1,2021-10-01,2021-10-31,ok,31.454605,119.765625,178424,
previous_runs,changzhou_1,2021-11-01,2021-11-30,ok,31.454605,119.765625,171969,
previous_runs,changzhou_1,2021-12-01,2021-12-31,ok,31.454605,119.765625,176801,
previous_runs,changzhou_1,2022-01-01,2022-01-31,ok,31.454605,119.765625,176045,
previous_runs,changzhou_1,2022-02-01,2022-02-28,ok,31.454605,119.765625,159553,
previous_runs,changzhou_1,2022-03-01,2022-03-31,ok,31.454605,119.765625,177855,
previous_runs,changzhou_1,2022-04-01,2022-04-30,ok,31.454605,119.765625,173262,
previous_runs,changzhou_1,2022-05-01,2022-05-31,ok,31.454605,119.765625,179246,
previous_runs,changzhou_1,2022-06-01,2022-06-30,ok,31.454605,119.765625,173683,
previous_runs,changzhou_1,2022-07-01,2022-07-31,ok,31.454605,119.765625,179290,
previous_runs,changzhou_1,2022-08-01,2022-08-31,ok,31.454605,119.765625,179173,
previous_runs,changzhou_1,2022-09-01,2022-09-30,ok,31.454605,119.765625,173167,
previous_runs,changzhou_1,2022-10-01,2022-10-31,ok,31.454605,119.765625,178413,
previous_runs,changzhou_1,2022-11-01,2022-11-30,ok,31.454605,119.765625,172329,
previous_runs,changzhou_1,2022-12-01,2022-12-31,ok,31.454605,119.765625,176189,
previous_runs,changzhou_1,2023-01-01,2023-01-31,ok,31.454605,119.765625,176625,
previous_runs,changzhou_1,2023-02-01,2023-02-28,ok,31.454605,119.765625,159656,
previous_runs,changzhou_1,2023-03-01,2023-03-31,ok,31.454605,119.765625,177907,
previous_runs,changzhou_1,2023-04-01,2023-04-30,ok,31.454605,119.765625,173309,
previous_runs,changzhou_1,2023-05-01,2023-05-31,ok,31.454605,119.765625,179243,
previous_runs,changzhou_1,2023-06-01,2023-06-30,ok,31.454605,119.765625,173684,
previous_runs,changzhou_1,2023-07-01,2023-07-31,ok,31.454605,119.765625,179287,
previous_runs,changzhou_1,2023-08-01,2023-08-31,ok,31.454605,119.765625,179174,
previous_runs,changzhou_1,2023-09-01,2023-09-30,ok,31.454605,119.765625,173171,
previous_runs,changzhou_1,2023-10-01,2023-10-31,ok,31.454605,119.765625,178446,
previous_runs,changzhou_1,2023-11-01,2023-11-30,ok,31.454605,119.765625,171933,
previous_runs,changzhou_1,2023-12-01,2023-12-31,ok,31.454605,119.765625,177015,
previous_runs,changzhou_1,2024-01-01,2024-01-31,ok,31.454605,119.765625,174452,
previous_runs,changzhou_1,2024-02-01,2024-02-29,ok,31.454605,119.765625,155891,
previous_runs,changzhou_1,2024-03-01,2024-03-31,ok,31.454605,119.765625,169605,
previous_runs,changzhou_1,2024-04-01,2024-04-30,ok,31.454605,119.765625,167366,
previous_runs,changzhou_1,2024-05-01,2024-05-31,ok,31.454605,119.765625,174528,
previous_runs,changzhou_1,2024-06-01,2024-06-30,ok,31.454605,119.765625,168978,
previous_runs,changzhou_1,2024-07-01,2024-07-31,ok,31.454605,119.765625,174587,
previous_runs,changzhou_1,2024-08-01,2024-08-31,ok,31.454605,119.765625,173863,
previous_runs,changzhou_1,2024-09-01,2024-09-30,ok,31.454605,119.765625,167092,
previous_runs,changzhou_1,2024-10-01,2024-10-31,ok,31.454605,119.765625,169348,
previous_runs,changzhou_1,2024-11-01,2024-11-30,ok,31.454605,119.765625,162109,
previous_runs,changzhou_1,2024-12-01,2024-12-31,ok,31.454605,119.765625,165970,
previous_runs,changzhou_1,2025-01-01,2025-01-31,ok,31.454605,119.765625,168237,
previous_runs,changzhou_1,2025-02-01,2025-02-28,ok,31.454605,119.765625,153101,
previous_runs,changzhou_1,2025-03-01,2025-03-31,ok,31.454605,119.765625,169581,
previous_runs,changzhou_1,2025-04-01,2025-04-30,ok,31.454605,119.765625,168001,
previous_runs,changzhou_1,2025-05-01,2025-05-31,ok,31.454605,119.765625,175130,
previous_runs,changzhou_1,2025-06-01,2025-06-30,ok,31.454605,119.765625,168312,
previous_runs,changzhou_1,2025-07-01,2025-07-31,ok,31.454605,119.765625,174645,
previous_runs,changzhou_1,2025-08-01,2025-08-31,ok,31.454605,119.765625,173791,
previous_runs,changzhou_1,2025-09-01,2025-09-30,ok,31.454605,119.765625,166278,
previous_runs,changzhou_1,2025-10-01,2025-10-31,ok,31.454605,119.765625,170031,
previous_runs,changzhou_1,2025-11-01,2025-11-30,ok,31.454605,119.765625,162216,
previous_runs,changzhou_1,2025-12-01,2025-12-31,ok,31.454605,119.765625,166789,
previous_runs,changzhou_1,2026-01-01,2026-01-31,ok,31.454605,119.765625,167188,
previous_runs,nanjing_1,2019-02-01,2019-02-28,ok,31.923203,118.59375,161371,
previous_runs,nanjing_1,2019-03-01,2019-03-31,ok,31.923203,118.59375,178727,
previous_runs,nanjing_1,2019-04-01,2019-04-30,ok,31.923203,118.59375,173429,
previous_runs,nanjing_1,2019-05-01,2019-05-31,ok,31.923203,118.59375,179243,
previous_runs,nanjing_1,2019-06-01,2019-06-30,ok,31.923203,118.59375,173684,
previous_runs,nanjing_1,2019-07-01,2019-07-31,ok,31.923203,118.59375,179260,
previous_runs,nanjing_1,2019-08-01,2019-08-31,ok,31.923203,118.59375,179162,
previous_runs,nanjing_1,2019-09-01,2019-09-30,ok,31.923203,118.59375,173177,
previous_runs,nanjing_1,2019-10-01,2019-10-31,ok,31.923203,118.59375,178427,
previous_runs,nanjing_1,2019-11-01,2019-11-30,ok,31.923203,118.59375,172487,
previous_runs,nanjing_1,2019-12-01,2019-12-31,ok,31.923203,118.59375,178036,
previous_runs,nanjing_1,2020-01-01,2020-01-31,ok,31.923203,118.59375,178052,
previous_runs,nanjing_1,2020-02-01,2020-02-29,ok,31.923203,118.59375,167012,
previous_runs,nanjing_1,2020-03-01,2020-03-31,ok,31.923203,118.59375,178736,
previous_runs,nanjing_1,2020-04-01,2020-04-30,ok,31.923203,118.59375,173435,
previous_runs,nanjing_1,2020-05-01,2020-05-31,ok,31.923203,118.59375,179255,
previous_runs,nanjing_1,2020-06-01,2020-06-30,ok,31.923203,118.59375,173684,
previous_runs,nanjing_1,2020-07-01,2020-07-31,ok,31.923203,118.59375,179261,
previous_runs,nanjing_1,2020-08-01,2020-08-31,ok,31.923203,118.59375,179159,
previous_runs,nanjing_1,2020-09-01,2020-09-30,ok,31.923203,118.59375,173173,
previous_runs,nanjing_1,2020-10-01,2020-10-31,ok,31.923203,118.59375,178415,
previous_runs,nanjing_1,2020-11-01,2020-11-30,ok,31.923203,118.59375,172484,
previous_runs,nanjing_1,2020-12-01,2020-12-31,ok,31.923203,118.59375,178034,
previous_runs,nanjing_1,2021-01-01,2021-01-31,ok,31.923203,118.59375,178058,
previous_runs,nanjing_1,2021-02-01,2021-02-28,ok,31.923203,118.59375,161381,
previous_runs,nanjing_1,2021-03-01,2021-03-31,ok,31.923203,118.59375,178723,
previous_runs,nanjing_1,2021-04-01,2021-04-30,ok,31.923203,118.59375,173241,
previous_runs,nanjing_1,2021-05-01,2021-05-31,ok,31.923203,118.59375,179248,
previous_runs,nanjing_1,2021-06-01,2021-06-30,ok,31.923203,118.59375,173684,
previous_runs,nanjing_1,2021-07-01,2021-07-31,ok,31.923203,118.59375,179260,
previous_runs,nanjing_1,2021-08-01,2021-08-31,ok,31.923203,118.59375,179160,
previous_runs,nanjing_1,2021-09-01,2021-09-30,ok,31.923203,118.59375,173176,
previous_runs,nanjing_1,2021-10-01,2021-10-31,ok,31.923203,118.59375,178389,
previous_runs,nanjing_1,2021-11-01,2021-11-30,ok,31.923203,118.59375,171914,
previous_runs,nanjing_1,2021-12-01,2021-12-31,ok,31.923203,118.59375,176768,
previous_runs,nanjing_1,2022-01-01,2022-01-31,ok,31.923203,118.59375,175996,
previous_runs,nanjing_1,2022-02-01,2022-02-28,ok,31.923203,118.59375,159565,
previous_runs,nanjing_1,2022-03-01,2022-03-31,ok,31.923203,118.59375,177945,
previous_runs,nanjing_1,2022-04-01,2022-04-30,ok,31.923203,118.59375,173255,
previous_runs,nanjing_1,2022-05-01,2022-05-31,ok,31.923203,118.59375,179248,
previous_runs,nanjing_1,2022-06-01,2022-06-30,ok,31.923203,118.59375,173682,
previous_runs,nanjing_1,2022-08-01,2022-08-31,ok,31.923203,118.59375,179161,
previous_runs,nanjing_1,2022-07-01,2022-07-31,ok,31.923203,118.59375,179260,
previous_runs,nanjing_1,2022-09-01,2022-09-30,ok,31.923203,118.59375,173176,
previous_runs,nanjing_1,2022-10-01,2022-10-31,ok,31.923203,118.59375,178396,
previous_runs,nanjing_1,2022-11-01,2022-11-30,ok,31.923203,118.59375,172264,
previous_runs,nanjing_1,2022-12-01,2022-12-31,ok,31.923203,118.59375,176106,
previous_runs,nanjing_1,2023-01-01,2023-01-31,ok,31.923203,118.59375,176652,
previous_runs,nanjing_1,2023-02-01,2023-02-28,ok,31.923203,118.59375,159664,
previous_runs,nanjing_1,2023-03-01,2023-03-31,ok,31.923203,118.59375,177975,
previous_runs,nanjing_1,2023-04-01,2023-04-30,ok,31.923203,118.59375,173258,
previous_runs,nanjing_1,2023-05-01,2023-05-31,ok,31.923203,118.59375,179248,
previous_runs,nanjing_1,2023-06-01,2023-06-30,ok,31.923203,118.59375,173684,
previous_runs,nanjing_1,2023-07-01,2023-07-31,ok,31.923203,118.59375,179260,
previous_runs,nanjing_1,2023-08-01,2023-08-31,ok,31.923203,118.59375,179162,
previous_runs,nanjing_1,2023-09-01,2023-09-30,ok,31.923203,118.59375,173176,
previous_runs,nanjing_1,2023-10-01,2023-10-31,ok,31.923203,118.59375,178426,
previous_runs,nanjing_1,2023-11-01,2023-11-30,ok,31.923203,118.59375,171869,
previous_runs,nanjing_1,2023-12-01,2023-12-31,ok,31.923203,118.59375,176985,
previous_runs,nanjing_1,2024-01-01,2024-01-31,ok,31.923203,118.59375,174172,
previous_runs,nanjing_1,2024-02-01,2024-02-29,ok,31.923203,118.59375,156335,
previous_runs,nanjing_1,2024-03-01,2024-03-31,ok,31.923203,118.59375,169193,
previous_runs,nanjing_1,2024-04-01,2024-04-30,ok,31.923203,118.59375,166951,
previous_runs,nanjing_1,2024-05-01,2024-05-31,ok,31.923203,118.59375,173934,
previous_runs,nanjing_1,2024-06-01,2024-06-30,ok,31.923203,118.59375,169180,
previous_runs,nanjing_1,2024-07-01,2024-07-31,ok,31.923203,118.59375,173697,
previous_runs,nanjing_1,2024-08-01,2024-08-31,ok,31.923203,118.59375,173139,
previous_runs,nanjing_1,2024-09-01,2024-09-30,ok,31.923203,118.59375,166520,
previous_runs,nanjing_1,2024-10-01,2024-10-31,ok,31.923203,118.59375,169266,
previous_runs,nanjing_1,2024-11-01,2024-11-30,ok,31.923203,118.59375,161540,
previous_runs,nanjing_1,2024-12-01,2024-12-31,ok,31.923203,118.59375,165981,
previous_runs,nanjing_1,2025-01-01,2025-01-31,ok,31.923203,118.59375,167928,
previous_runs,nanjing_1,2025-02-01,2025-02-28,ok,31.923203,118.59375,153228,
previous_runs,nanjing_1,2025-03-01,2025-03-31,ok,31.923203,118.59375,169740,
previous_runs,nanjing_1,2025-04-01,2025-04-30,ok,31.923203,118.59375,168237,
previous_runs,nanjing_1,2025-05-01,2025-05-31,ok,31.923203,118.59375,174727,
previous_runs,nanjing_1,2025-06-01,2025-06-30,ok,31.923203,118.59375,168446,
previous_runs,nanjing_1,2025-07-01,2025-07-31,ok,31.923203,118.59375,173968,
previous_runs,nanjing_1,2025-08-01,2025-08-31,ok,31.923203,118.59375,172964,
previous_runs,nanjing_1,2025-09-01,2025-09-30,ok,31.923203,118.59375,165878,
previous_runs,nanjing_1,2025-10-01,2025-10-31,ok,31.923203,118.59375,169413,
previous_runs,nanjing_1,2025-11-01,2025-11-30,ok,31.923203,118.59375,161958,
previous_runs,nanjing_1,2025-12-01,2025-12-31,ok,31.923203,118.59375,166987,
previous_runs,nanjing_1,2026-01-01,2026-01-31,ok,31.923203,118.59375,167025,
previous_runs,suzhou_1,2019-02-01,2019-02-28,ok,31.454605,121.05469,161376,
previous_runs,suzhou_1,2019-03-01,2019-03-31,ok,31.454605,121.05469,178738,
previous_runs,suzhou_1,2019-04-01,2019-04-30,ok,31.454605,121.05469,173431,
previous_runs,suzhou_1,2019-05-01,2019-05-31,ok,31.454605,121.05469,179242,
previous_runs,suzhou_1,2019-06-01,2019-06-30,ok,31.454605,121.05469,173677,
previous_runs,suzhou_1,2019-08-01,2019-08-31,ok,31.454605,121.05469,179158,
previous_runs,suzhou_1,2019-07-01,2019-07-31,ok,31.454605,121.05469,179305,
previous_runs,suzhou_1,2019-09-01,2019-09-30,ok,31.454605,121.05469,173184,
previous_runs,suzhou_1,2019-10-01,2019-10-31,ok,31.454605,121.05469,178456,
previous_runs,suzhou_1,2019-11-01,2019-11-30,ok,31.454605,121.05469,172483,
previous_runs,suzhou_1,2019-12-01,2019-12-31,ok,31.454605,121.05469,178003,
previous_runs,suzhou_1,2020-01-01,2020-01-31,ok,31.454605,121.05469,178081,
previous_runs,suzhou_1,2020-02-01,2020-02-29,ok,31.454605,121.05469,167017,
previous_runs,suzhou_1,2020-03-01,2020-03-31,ok,31.454605,121.05469,178744,
previous_runs,suzhou_1,2020-04-01,2020-04-30,ok,31.454605,121.05469,173433,
previous_runs,suzhou_1,2020-05-01,2020-05-31,ok,31.454605,121.05469,179245,
previous_runs,suzhou_1,2020-06-01,2020-06-30,ok,31.454605,121.05469,173680,
previous_runs,suzhou_1,2020-07-01,2020-07-31,ok,31.454605,121.05469,179308,
previous_runs,suzhou_1,2020-08-01,2020-08-31,ok,31.454605,121.05469,179155,
previous_runs,suzhou_1,2020-09-01,2020-09-30,ok,31.454605,121.05469,173176,
previous_runs,suzhou_1,2020-10-01,2020-10-31,ok,31.454605,121.05469,178438,
previous_runs,suzhou_1,2020-11-01,2020-11-30,ok,31.454605,121.05469,172480,
previous_runs,suzhou_1,2020-12-01,2020-12-31,ok,31.454605,121.05469,178006,
previous_runs,suzhou_1,2021-01-01,2021-01-31,ok,31.454605,121.05469,178084,
previous_runs,suzhou_1,2021-02-01,2021-02-28,ok,31.454605,121.05469,161386,
previous_runs,suzhou_1,2021-03-01,2021-03-31,ok,31.454605,121.05469,178737,
previous_runs,suzhou_1,2021-04-01,2021-04-30,ok,31.454605,121.05469,173310,
previous_runs,suzhou_1,2021-05-01,2021-05-31,ok,31.454605,121.05469,179241,
previous_runs,suzhou_1,2021-06-01,2021-06-30,ok,31.454605,121.05469,173678,
previous_runs,suzhou_1,2021-07-01,2021-07-31,ok,31.454605,121.05469,179301,
previous_runs,suzhou_1,2021-08-01,2021-08-31,ok,31.454605,121.05469,179150,
previous_runs,suzhou_1,2021-09-01,2021-09-30,ok,31.454605,121.05469,173178,
previous_runs,suzhou_1,2021-10-01,2021-10-31,ok,31.454605,121.05469,178443,
previous_runs,suzhou_1,2021-11-01,2021-11-30,ok,31.454605,121.05469,172132,
previous_runs,suzhou_1,2021-12-01,2021-12-31,ok,31.454605,121.05469,176944,
previous_runs,suzhou_1,2022-01-01,2022-01-31,ok,31.454605,121.05469,176096,
previous_runs,suzhou_1,2022-02-01,2022-02-28,ok,31.454605,121.05469,159547,
previous_runs,suzhou_1,2022-03-01,2022-03-31,ok,31.454605,121.05469,177937,
previous_runs,suzhou_1,2022-04-01,2022-04-30,ok,31.454605,121.05469,173281,
previous_runs,suzhou_1,2022-05-01,2022-05-31,ok,31.454605,121.05469,179241,
previous_runs,suzhou_1,2022-06-01,2022-06-30,ok,31.454605,121.05469,173679,
previous_runs,suzhou_1,2022-07-01,2022-07-31,ok,31.454605,121.05469,179301,
previous_runs,suzhou_1,2022-08-01,2022-08-31,ok,31.454605,121.05469,179157,
previous_runs,suzhou_1,2022-09-01,2022-09-30,ok,31.454605,121.05469,173181,
previous_runs,suzhou_1,2022-10-01,2022-10-31,ok,31.454605,121.05469,178449,
previous_runs,suzhou_1,2022-11-01,2022-11-30,ok,31.454605,121.05469,172370,
previous_runs,suzhou_1,2022-12-01,2022-12-31,ok,31.454605,121.05469,176291,
previous_runs,suzhou_1,2023-01-01,2023-01-31,ok,31.454605,121.05469,176526,
previous_runs,suzhou_1,2023-03-01,2023-03-31,ok,31.454605,121.05469,177987,
previous_runs,suzhou_1,2023-02-01,2023-02-28,ok,31.454605,121.05469,159712,
previous_runs,suzhou_1,2023-04-01,2023-04-30,ok,31.454605,121.05469,173364,
previous_runs,suzhou_1,2023-05-01,2023-05-31,ok,31.454605,121.05469,179242,
previous_runs,suzhou_1,2023-06-01,2023-06-30,ok,31.454605,121.05469,173676,
previous_runs,suzhou_1,2023-07-01,2023-07-31,ok,31.454605,121.05469,179304,
previous_runs,suzhou_1,2023-09-01,2023-09-30,ok,31.454605,121.05469,173184,
previous_runs,suzhou_1,2023-08-01,2023-08-31,ok,31.454605,121.05469,179157,
previous_runs,suzhou_1,2023-10-01,2023-10-31,ok,31.454605,121.05469,178452,
previous_runs,suzhou_1,2023-11-01,2023-11-30,ok,31.454605,121.05469,172211,
previous_runs,suzhou_1,2023-12-01,2023-12-31,ok,31.454605,121.05469,176989,
previous_runs,suzhou_1,2024-01-01,2024-01-31,ok,31.454605,121.05469,174133,
previous_runs,suzhou_1,2024-02-01,2024-02-29,ok,31.454605,121.05469,155795,
previous_runs,suzhou_1,2024-04-01,2024-04-30,ok,31.454605,121.05469,166540,
previous_runs,suzhou_1,2024-03-01,2024-03-31,ok,31.454605,121.05469,169539,
previous_runs,suzhou_1,2024-05-01,2024-05-31,ok,31.454605,121.05469,173733,
previous_runs,suzhou_1,2024-06-01,2024-06-30,ok,31.454605,121.05469,168522,
previous_runs,suzhou_1,2024-07-01,2024-07-31,ok,31.454605,121.05469,174960,
previous_runs,suzhou_1,2024-08-01,2024-08-31,ok,31.454605,121.05469,173134,
previous_runs,suzhou_1,2024-09-01,2024-09-30,ok,31.454605,121.05469,166466,
previous_runs,suzhou_1,2024-10-01,2024-10-31,ok,31.454605,121.05469,169395,
previous_runs,suzhou_1,2024-11-01,2024-11-30,ok,31.454605,121.05469,162336,
previous_runs,suzhou_1,2024-12-01,2024-12-31,ok,31.454605,121.05469,166280,
previous_runs,suzhou_1,2025-01-01,2025-01-31,ok,31.454605,121.05469,168289,
previous_runs,suzhou_1,2025-02-01,2025-02-28,ok,31.454605,121.05469,152829,
previous_runs,suzhou_1,2025-03-01,2025-03-31,ok,31.454605,121.05469,169050,
previous_runs,suzhou_1,2025-04-01,2025-04-30,ok,31.454605,121.05469,167828,
previous_runs,suzhou_1,2025-05-01,2025-05-31,ok,31.454605,121.05469,174371,
previous_runs,suzhou_1,2025-06-01,2025-06-30,ok,31.454605,121.05469,167995,
previous_runs,suzhou_1,2025-07-01,2025-07-31,ok,31.454605,121.05469,174448,
previous_runs,suzhou_1,2025-08-01,2025-08-31,ok,31.454605,121.05469,173594,
previous_runs,suzhou_1,2025-09-01,2025-09-30,ok,31.454605,121.05469,166431,
previous_runs,suzhou_1,2025-10-01,2025-10-31,ok,31.454605,121.05469,170034,
previous_runs,suzhou_1,2025-11-01,2025-11-30,ok,31.454605,121.05469,162441,
previous_runs,suzhou_1,2025-12-01,2025-12-31,ok,31.454605,121.05469,166717,
previous_runs,suzhou_1,2026-01-01,2026-01-31,ok,31.454605,121.05469,166757,
previous_runs,wuxi_1,2019-02-01,2019-02-28,ok,31.103157,120.234375,161393,
previous_runs,wuxi_1,2019-03-01,2019-03-31,ok,31.103157,120.234375,178733,
previous_runs,wuxi_1,2019-04-01,2019-04-30,ok,31.103157,120.234375,173444,
previous_runs,wuxi_1,2019-05-01,2019-05-31,ok,31.103157,120.234375,179234,
previous_runs,wuxi_1,2019-06-01,2019-06-30,ok,31.103157,120.234375,173684,
previous_runs,wuxi_1,2019-08-01,2019-08-31,ok,31.103157,120.234375,179168,
previous_runs,wuxi_1,2019-07-01,2019-07-31,ok,31.103157,120.234375,179294,
previous_runs,wuxi_1,2019-09-01,2019-09-30,ok,31.103157,120.234375,173177,
previous_runs,wuxi_1,2019-10-01,2019-10-31,ok,31.103157,120.234375,178469,
previous_runs,wuxi_1,2019-11-01,2019-11-30,ok,31.103157,120.234375,172513,
previous_runs,wuxi_1,2019-12-01,2019-12-31,ok,31.103157,120.234375,178052,
previous_runs,wuxi_1,2020-01-01,2020-01-31,ok,31.103157,120.234375,178097,
previous_runs,wuxi_1,2020-02-01,2020-02-29,ok,31.103157,120.234375,167036,
previous_runs,wuxi_1,2020-03-01,2020-03-31,ok,31.103157,120.234375,178736,
previous_runs,wuxi_1,2020-04-01,2020-04-30,ok,31.103157,120.234375,173453,
previous_runs,wuxi_1,2020-05-01,2020-05-31,ok,31.103157,120.234375,179240,
previous_runs,wuxi_1,2020-06-01,2020-06-30,ok,31.103157,120.234375,173687,
previous_runs,wuxi_1,2020-07-01,2020-07-31,ok,31.103157,120.234375,179293,
previous_runs,wuxi_1,2020-08-01,2020-08-31,ok,31.103157,120.234375,179165,
previous_runs,wuxi_1,2020-09-01,2020-09-30,ok,31.103157,120.234375,173165,
previous_runs,wuxi_1,2020-10-01,2020-10-31,ok,31.103157,120.234375,178457,
previous_runs,wuxi_1,2020-11-01,2020-11-30,ok,31.103157,120.234375,172514,
previous_runs,wuxi_1,2020-12-01,2020-12-31,ok,31.103157,120.234375,178055,
previous_runs,wuxi_1,2021-01-01,2021-01-31,ok,31.103157,120.234375,178096,
previous_runs,wuxi_1,2021-02-01,2021-02-28,ok,31.103157,120.234375,161405,
previous_runs,wuxi_1,2021-03-01,2021-03-31,ok,31.103157,120.234375,178735,
previous_runs,wuxi_1,2021-05-01,2021-05-31,ok,31.103157,120.234375,179239,
previous_runs,wuxi_1,2021-04-01,2021-04-30,ok,31.103157,120.234375,173437,
previous_runs,wuxi_1,2021-07-01,2021-07-31,ok,31.103157,120.234375,179293,
previous_runs,wuxi_1,2021-06-01,2021-06-30,ok,31.103157,120.234375,173683,
previous_runs,wuxi_1,2021-08-01,2021-08-31,ok,31.103157,120.234375,179167,
previous_runs,wuxi_1,2021-09-01,2021-09-30,ok,31.103157,120.234375,173167,
previous_runs,wuxi_1,2021-10-01,2021-10-31,ok,31.103157,120.234375,178459,
previous_runs,wuxi_1,2021-11-01,2021-11-30,ok,31.103157,120.234375,172214,
previous_runs,wuxi_1,2021-12-01,2021-12-31,ok,31.103157,120.234375,176928,
previous_runs,wuxi_1,2022-01-01,2022-01-31,ok,31.103157,120.234375,175872,
previous_runs,wuxi_1,2022-02-01,2022-02-28,ok,31.103157,120.234375,159460,
previous_runs,wuxi_1,2022-03-01,2022-03-31,ok,31.103157,120.234375,177766,
previous_runs,wuxi_1,2022-04-01,2022-04-30,ok,31.103157,120.234375,173336,
previous_runs,wuxi_1,2022-06-01,2022-06-30,ok,31.103157,120.234375,173684,
previous_runs,wuxi_1,2022-05-01,2022-05-31,ok,31.103157,120.234375,179239,
previous_runs,wuxi_1,2022-07-01,2022-07-31,ok,31.103157,120.234375,179293,
previous_runs,wuxi_1,2022-08-01,2022-08-31,ok,31.103157,120.234375,179167,
previous_runs,wuxi_1,2022-09-01,2022-09-30,ok,31.103157,120.234375,173170,
previous_runs,wuxi_1,2022-10-01,2022-10-31,ok,31.103157,120.234375,178462,
previous_runs,wuxi_1,2022-11-01,2022-11-30,ok,31.103157,120.234375,172402,
previous_runs,wuxi_1,2022-12-01,2022-12-31,ok,31.103157,120.234375,176189,
previous_runs,wuxi_1,2023-01-01,2023-01-31,ok,31.103157,120.234375,176193,
previous_runs,wuxi_1,2023-02-01,2023-02-28,ok,31.103157,120.234375,159456,
previous_runs,wuxi_1,2023-03-01,2023-03-31,ok,31.103157,120.234375,177894,
previous_runs,wuxi_1,2023-04-01,2023-04-30,ok,31.103157,120.234375,173440,
previous_runs,wuxi_1,2023-05-01,2023-05-31,ok,31.103157,120.234375,179236,
previous_runs,wuxi_1,2023-06-01,2023-06-30,ok,31.103157,120.234375,173683,
previous_runs,wuxi_1,2023-07-01,2023-07-31,ok,31.103157,120.234375,179293,
previous_runs,wuxi_1,2023-08-01,2023-08-31,ok,31.103157,120.234375,179167,
previous_runs,wuxi_1,2023-09-01,2023-09-30,ok,31.103157,120.234375,173176,
previous_runs,wuxi_1,2023-10-01,2023-10-31,ok,31.103157,120.234375,178465,
previous_runs,wuxi_1,2023-11-01,2023-11-30,ok,31.103157,120.234375,172344,
previous_runs,wuxi_1,2023-12-01,2023-12-31,ok,31.103157,120.234375,176847,
previous_runs,wuxi_1,2024-01-01,2024-01-31,ok,31.103157,120.234375,174253,
previous_runs,wuxi_1,2024-02-01,2024-02-29,ok,31.103157,120.234375,155815,
previous_runs,wuxi_1,2024-03-01,2024-03-31,ok,31.103157,120.234375,169910,
previous_runs,wuxi_1,2024-04-01,2024-04-30,ok,31.103157,120.234375,167913,
previous_runs,wuxi_1,2024-06-01,2024-06-30,ok,31.103157,120.234375,169185,
previous_runs,wuxi_1,2024-05-01,2024-05-31,ok,31.103157,120.234375,175099,
previous_runs,wuxi_1,2024-07-01,2024-07-31,ok,31.103157,120.234375,175193,
previous_runs,wuxi_1,2024-08-01,2024-08-31,ok,31.103157,120.234375,174224,
previous_runs,wuxi_1,2024-09-01,2024-09-30,ok,31.103157,120.234375,167175,
previous_runs,wuxi_1,2024-10-01,2024-10-31,ok,31.103157,120.234375,170372,
previous_runs,wuxi_1,2024-11-01,2024-11-30,ok,31.103157,120.234375,163155,
previous_runs,wuxi_1,2024-12-01,2024-12-31,ok,31.103157,120.234375,166619,
previous_runs,wuxi_1,2025-02-01,2025-02-28,ok,31.103157,120.234375,152556,
previous_runs,wuxi_1,2025-01-01,2025-01-31,ok,31.103157,120.234375,167438,
previous_runs,wuxi_1,2025-03-01,2025-03-31,ok,31.103157,120.234375,169561,
previous_runs,wuxi_1,2025-04-01,2025-04-30,ok,31.103157,120.234375,168555,
previous_runs,wuxi_1,2025-05-01,2025-05-31,ok,31.103157,120.234375,175723,
previous_runs,wuxi_1,2025-06-01,2025-06-30,ok,31.103157,120.234375,168771,
previous_runs,wuxi_1,2025-07-01,2025-07-31,ok,31.103157,120.234375,174756,
previous_runs,wuxi_1,2025-08-01,2025-08-31,ok,31.103157,120.234375,173887,
previous_runs,wuxi_1,2025-09-01,2025-09-30,ok,31.103157,120.234375,167228,
previous_runs,wuxi_1,2025-10-01,2025-10-31,ok,31.103157,120.234375,171259,
previous_runs,wuxi_1,2025-11-01,2025-11-30,ok,31.103157,120.234375,163247,
previous_runs,wuxi_1,2025-12-01,2025-12-31,ok,31.103157,120.234375,166746,
previous_runs,wuxi_1,2026-01-01,2026-01-31,ok,31.103157,120.234375,166214,
previous_runs,nanjing_2,2019-02-01,2019-02-28,ok,31.454605,119.0625,161380,
previous_runs,nanjing_2,2019-03-01,2019-03-31,ok,31.454605,119.0625,178725,
previous_runs,nanjing_2,2019-04-01,2019-04-30,ok,31.454605,119.0625,173439,
previous_runs,nanjing_2,2019-05-01,2019-05-31,ok,31.454605,119.0625,179241,
previous_runs,nanjing_2,2019-06-01,2019-06-30,ok,31.454605,119.0625,173682,
previous_runs,nanjing_2,2019-07-01,2019-07-31,ok,31.454605,119.0625,179268,
previous_runs,nanjing_2,2019-08-01,2019-08-31,ok,31.454605,119.0625,179169,
previous_runs,nanjing_2,2019-09-01,2019-09-30,ok,31.454605,119.0625,173175,
previous_runs,nanjing_2,2019-10-01,2019-10-31,ok,31.454605,119.0625,178449,
previous_runs,nanjing_2,2019-11-01,2019-11-30,ok,31.454605,119.0625,172494,
previous_runs,nanjing_2,2019-12-01,2019-12-31,ok,31.454605,119.0625,178050,
previous_runs,nanjing_2,2020-01-01,2020-01-31,ok,31.454605,119.0625,178107,
previous_runs,nanjing_2,2020-02-01,2020-02-29,ok,31.454605,119.0625,167028,
previous_runs,nanjing_2,2020-03-01,2020-03-31,ok,31.454605,119.0625,178737,
previous_runs,nanjing_2,2020-04-01,2020-04-30,ok,31.454605,119.0625,173442,
previous_runs,nanjing_2,2020-05-01,2020-05-31,ok,31.454605,119.0625,179244,
previous_runs,nanjing_2,2020-06-01,2020-06-30,ok,31.454605,119.0625,173682,
previous_runs,nanjing_2,2020-07-01,2020-07-31,ok,31.454605,119.0625,179265,
previous_runs,nanjing_2,2020-08-01,2020-08-31,ok,31.454605,119.0625,179166,
previous_runs,nanjing_2,2020-09-01,2020-09-30,ok,31.454605,119.0625,173163,
previous_runs,nanjing_2,2020-10-01,2020-10-31,ok,31.454605,119.0625,178431,
previous_runs,nanjing_2,2020-11-01,2020-11-30,ok,31.454605,119.0625,172491,
previous_runs,nanjing_2,2020-12-01,2020-12-31,ok,31.454605,119.0625,178050,
previous_runs,nanjing_2,2021-01-01,2021-01-31,ok,31.454605,119.0625,178110,
previous_runs,nanjing_2,2021-02-01,2021-02-28,ok,31.454605,119.0625,161391,
previous_runs,nanjing_2,2021-03-01,2021-03-31,ok,31.454605,119.0625,178720,
previous_runs,nanjing_2,2021-04-01,2021-04-30,ok,31.454605,119.0625,173272,
previous_runs,nanjing_2,2021-05-01,2021-05-31,ok,31.454605,119.0625,179244,
previous_runs,nanjing_2,2021-06-01,2021-06-30,ok,31.454605,119.0625,173681,
previous_runs,nanjing_2,2021-07-01,2021-07-31,ok,31.454605,119.0625,179263,
previous_runs,nanjing_2,2021-08-01,2021-08-31,ok,31.454605,119.0625,179164,
previous_runs,nanjing_2,2021-09-01,2021-09-30,ok,31.454605,119.0625,173165,
previous_runs,nanjing_2,2021-10-01,2021-10-31,ok,31.454605,119.0625,178412,
previous_runs,nanjing_2,2021-11-01,2021-11-30,ok,31.454605,119.0625,171954,
previous_runs,nanjing_2,2021-12-01,2021-12-31,ok,31.454605,119.0625,176806,
previous_runs,nanjing_2,2022-01-01,2022-01-31,ok,31.454605,119.0625,176080,
previous_runs,nanjing_2,2022-02-01,2022-02-28,ok,31.454605,119.0625,159566,
previous_runs,nanjing_2,2022-03-01,2022-03-31,ok,31.454605,119.0625,177920,
previous_runs,nanjing_2,2022-04-01,2022-04-30,ok,31.454605,119.0625,173257,
previous_runs,nanjing_2,2022-05-01,2022-05-31,ok,31.454605,119.0625,179240,
previous_runs,nanjing_2,2022-06-01,2022-06-30,ok,31.454605,119.0625,173681,
previous_runs,nanjing_2,2022-07-01,2022-07-31,ok,31.454605,119.0625,179265,
previous_runs,nanjing_2,2022-08-01,2022-08-31,ok,31.454605,119.0625,179169,
previous_runs,nanjing_2,2022-09-01,2022-09-30,ok,31.454605,119.0625,173171,
previous_runs,nanjing_2,2022-10-01,2022-10-31,ok,31.454605,119.0625,178421,
previous_runs,nanjing_2,2022-11-01,2022-11-30,ok,31.454605,119.0625,172276,
previous_runs,nanjing_2,2022-12-01,2022-12-31,ok,31.454605,119.0625,176156,
previous_runs,nanjing_2,2023-01-01,2023-01-31,ok,31.454605,119.0625,176682,
previous_runs,nanjing_2,2023-02-01,2023-02-28,ok,31.454605,119.0625,159699,
previous_runs,nanjing_2,2023-03-01,2023-03-31,ok,31.454605,119.0625,177959,
previous_runs,nanjing_2,2023-04-01,2023-04-30,ok,31.454605,119.0625,173307,
previous_runs,nanjing_2,2023-05-01,2023-05-31,ok,31.454605,119.0625,179240,
previous_runs,nanjing_2,2023-06-01,2023-06-30,ok,31.454605,119.0625,173681,
previous_runs,nanjing_2,2023-07-01,2023-07-31,ok,31.454605,119.0625,179267,
previous_runs,nanjing_2,2023-08-01,2023-08-31,ok,31.454605,119.0625,179168,
previous_runs,nanjing_2,2023-09-01,2023-09-30,ok,31.454605,119.0625,173175,
previous_runs,nanjing_2,2023-10-01,2023-10-31,ok,31.454605,119.0625,178449,
previous_runs,nanjing_2,2023-11-01,2023-11-30,ok,31.454605,119.0625,171876,
previous_runs,nanjing_2,2023-12-01,2023-12-31,ok,31.454605,119.0625,176987,
previous_runs,nanjing_2,2024-01-01,2024-01-31,ok,31.454605,119.0625,174244,
previous_runs,nanjing_2,2024-02-01,2024-02-29,ok,31.454605,119.0625,155855,
previous_runs,nanjing_2,2024-03-01,2024-03-31,ok,31.454605,119.0625,168990,
previous_runs,nanjing_2,2024-04-01,2024-04-30,ok,31.454605,119.0625,166813,
previous_runs,nanjing_2,2024-05-01,2024-05-31,ok,31.454605,119.0625,173686,
previous_runs,nanjing_2,2024-06-01,2024-06-30,ok,31.454605,119.0625,168555,
previous_runs,nanjing_2,2024-07-01,2024-07-31,ok,31.454605,119.0625,173956,
previous_runs,nanjing_2,2024-08-01,2024-08-31,ok,31.454605,119.0625,172999,
previous_runs,nanjing_2,2024-09-01,2024-09-30,ok,31.454605,119.0625,166473,
previous_runs,nanjing_2,2024-10-01,2024-10-31,ok,31.454605,119.0625,169191,
previous_runs,nanjing_2,2024-11-01,2024-11-30,ok,31.454605,119.0625,161699,
previous_runs,nanjing_2,2024-12-01,2024-12-31,ok,31.454605,119.0625,165749,
previous_runs,nanjing_2,2025-01-01,2025-01-31,ok,31.454605,119.0625,167533,
previous_runs,nanjing_2,2025-02-01,2025-02-28,ok,31.454605,119.0625,152616,
previous_runs,nanjing_2,2025-03-01,2025-03-31,ok,31.454605,119.0625,169377,
previous_runs,nanjing_2,2025-05-01,2025-05-31,ok,31.454605,119.0625,174618,
previous_runs,nanjing_2,2025-04-01,2025-04-30,ok,31.454605,119.0625,167880,
previous_runs,nanjing_2,2025-06-01,2025-06-30,ok,31.454605,119.0625,168173,
previous_runs,nanjing_2,2025-07-01,2025-07-31,ok,31.454605,119.0625,174019,
previous_runs,nanjing_2,2025-08-01,2025-08-31,ok,31.454605,119.0625,173016,
previous_runs,nanjing_2,2025-09-01,2025-09-30,ok,31.454605,119.0625,165822,
previous_runs,nanjing_2,2025-10-01,2025-10-31,ok,31.454605,119.0625,169686,
previous_runs,nanjing_2,2025-11-01,2025-11-30,ok,31.454605,119.0625,161957,
previous_runs,nanjing_2,2025-12-01,2025-12-31,ok,31.454605,119.0625,166485,
previous_runs,taizhou_1,2019-02-01,2019-02-28,ok,32.743248,119.765625,161342,
previous_runs,nanjing_2,2026-01-01,2026-01-31,ok,31.454605,119.0625,166609,
previous_runs,taizhou_1,2019-03-01,2019-03-31,ok,32.743248,119.765625,178709,
previous_runs,taizhou_1,2019-04-01,2019-04-30,ok,32.743248,119.765625,173426,
previous_runs,taizhou_1,2019-05-01,2019-05-31,ok,32.743248,119.765625,179264,
previous_runs,taizhou_1,2019-06-01,2019-06-30,ok,32.743248,119.765625,173684,
previous_runs,taizhou_1,2019-07-01,2019-07-31,ok,32.743248,119.765625,179303,
previous_runs,taizhou_1,2019-08-01,2019-08-31,ok,32.743248,119.765625,179165,
previous_runs,taizhou_1,2019-09-01,2019-09-30,ok,32.743248,119.765625,173174,
previous_runs,taizhou_1,2019-10-01,2019-10-31,ok,32.743248,119.765625,178394,
previous_runs,taizhou_1,2019-12-01,2019-12-31,ok,32.743248,119.765625,178007,
previous_runs,taizhou_1,2019-11-01,2019-11-30,ok,32.743248,119.765625,172481,
previous_runs,taizhou_1,2020-01-01,2020-01-31,ok,32.743248,119.765625,178091,
previous_runs,taizhou_1,2020-02-01,2020-02-29,ok,32.743248,119.765625,166985,
previous_runs,taizhou_1,2020-03-01,2020-03-31,ok,32.743248,119.765625,178718,
previous_runs,taizhou_1,2020-04-01,2020-04-30,ok,32.743248,119.765625,173435,
previous_runs,taizhou_1,2020-05-01,2020-05-31,ok,32.743248,119.765625,179267,
previous_runs,taizhou_1,2020-06-01,2020-06-30,ok,32.743248,119.765625,173683,
previous_runs,taizhou_1,2020-07-01,2020-07-31,ok,32.743248,119.765625,179299,
previous_runs,taizhou_1,2020-08-01,2020-08-31,ok,32.743248,119.765625,179159,
previous_runs,taizhou_1,2020-09-01,2020-09-30,ok,32.743248,119.765625,173162,
previous_runs,taizhou_1,2020-10-01,2020-10-31,ok,32.743248,119.765625,178382,
previous_runs,taizhou_1,2020-11-01,2020-11-30,ok,32.743248,119.765625,172477,
previous_runs,taizhou_1,2020-12-01,2020-12-31,ok,32.743248,119.765625,178010,
previous_runs,taizhou_1,2021-01-01,2021-01-31,ok,32.743248,119.765625,178084,
previous_runs,taizhou_1,2021-02-01,2021-02-28,ok,32.743248,119.765625,161348,
previous_runs,taizhou_1,2021-03-01,2021-03-31,ok,32.743248,119.765625,178667,
previous_runs,taizhou_1,2021-04-01,2021-04-30,ok,32.743248,119.765625,173005,
previous_runs,taizhou_1,2021-05-01,2021-05-31,ok,32.743248,119.765625,179260,
previous_runs,taizhou_1,2021-06-01,2021-06-30,ok,32.743248,119.765625,173683,
previous_runs,taizhou_1,2021-07-01,2021-07-31,ok,32.743248,119.765625,179299,
previous_runs,taizhou_1,2021-08-01,2021-08-31,ok,32.743248,119.765625,179161,
previous_runs,taizhou_1,2021-09-01,2021-09-30,ok,32.743248,119.765625,173165,
previous_runs,taizhou_1,2021-10-01,2021-10-31,ok,32.743248,119.765625,178347,
previous_runs,taizhou_1,2021-11-01,2021-11-30,ok,32.743248,119.765625,171804,
previous_runs,taizhou_1,2021-12-01,2021-12-31,ok,32.743248,119.765625,176584,
previous_runs,taizhou_1,2022-01-01,2022-01-31,ok,32.743248,119.765625,176029,
previous_runs,taizhou_1,2022-02-01,2022-02-28,ok,32.743248,119.765625,159688,
previous_runs,taizhou_1,2022-03-01,2022-03-31,ok,32.743248,119.765625,177674,
previous_runs,taizhou_1,2022-04-01,2022-04-30,ok,32.743248,119.765625,173070,
previous_runs,taizhou_1,2022-05-01,2022-05-31,ok,32.743248,119.765625,179262,
previous_runs,taizhou_1,2022-06-01,2022-06-30,ok,32.743248,119.765625,173684,
previous_runs,taizhou_1,2022-07-01,2022-07-31,ok,32.743248,119.765625,179303,
previous_runs,taizhou_1,2022-08-01,2022-08-31,ok,32.743248,119.765625,179161,
previous_runs,taizhou_1,2022-09-01,2022-09-30,ok,32.743248,119.765625,173167,
previous_runs,taizhou_1,2022-10-01,2022-10-31,ok,32.743248,119.765625,178344,
previous_runs,taizhou_1,2022-11-01,2022-11-30,ok,32.743248,119.765625,172289,
previous_runs,taizhou_1,2022-12-01,2022-12-31,ok,32.743248,119.765625,176136,
previous_runs,taizhou_1,2023-01-01,2023-01-31,ok,32.743248,119.765625,176679,
previous_runs,taizhou_1,2023-02-01,2023-02-28,ok,32.743248,119.765625,159663,
previous_runs,taizhou_1,2023-03-01,2023-03-31,ok,32.743248,119.765625,177703,
previous_runs,taizhou_1,2023-04-01,2023-04-30,ok,32.743248,119.765625,173104,
previous_runs,taizhou_1,2023-05-01,2023-05-31,ok,32.743248,119.765625,179250,
previous_runs,taizhou_1,2023-06-01,2023-06-30,ok,32.743248,119.765625,173683,
previous_runs,taizhou_1,2023-07-01,2023-07-31,ok,32.743248,119.765625,179300,
previous_runs,taizhou_1,2023-08-01,2023-08-31,ok,32.743248,119.765625,179164,
previous_runs,taizhou_1,2023-09-01,2023-09-30,ok,32.743248,119.765625,173173,
previous_runs,taizhou_1,2023-10-01,2023-10-31,ok,32.743248,119.765625,178393,
previous_runs,taizhou_1,2023-11-01,2023-11-30,ok,32.743248,119.765625,171741,
previous_runs,taizhou_1,2023-12-01,2023-12-31,ok,32.743248,119.765625,177021,
previous_runs,taizhou_1,2024-01-01,2024-01-31,ok,32.743248,119.765625,174387,
previous_runs,taizhou_1,2024-02-01,2024-02-29,ok,32.743248,119.765625,156971,
previous_runs,taizhou_1,2024-03-01,2024-03-31,ok,32.743248,119.765625,169741,
previous_runs,taizhou_1,2024-04-01,2024-04-30,ok,32.743248,119.765625,167655,
previous_runs,taizhou_1,2024-05-01,2024-05-31,ok,32.743248,119.765625,174370,
previous_runs,taizhou_1,2024-06-01,2024-06-30,ok,32.743248,119.765625,170227,
previous_runs,taizhou_1,2024-07-01,2024-07-31,ok,32.743248,119.765625,175036,
previous_runs,taizhou_1,2024-08-01,2024-08-31,ok,32.743248,119.765625,173711,
previous_runs,taizhou_1,2024-09-01,2024-09-30,ok,32.743248,119.765625,166776,
previous_runs,taizhou_1,2024-10-01,2024-10-31,ok,32.743248,119.765625,169346,
previous_runs,taizhou_1,2024-11-01,2024-11-30,ok,32.743248,119.765625,161823,
previous_runs,taizhou_1,2024-12-01,2024-12-31,ok,32.743248,119.765625,166791,
previous_runs,taizhou_1,2025-01-01,2025-01-31,ok,32.743248,119.765625,168963,
previous_runs,taizhou_1,2025-02-01,2025-02-28,ok,32.743248,119.765625,154314,
previous_runs,taizhou_1,2025-03-01,2025-03-31,ok,32.743248,119.765625,169881,
previous_runs,taizhou_1,2025-04-01,2025-04-30,ok,32.743248,119.765625,168163,
previous_runs,taizhou_1,2025-05-01,2025-05-31,ok,32.743248,119.765625,174835,
previous_runs,taizhou_1,2025-06-01,2025-06-30,ok,32.743248,119.765625,169011,
previous_runs,taizhou_1,2025-07-01,2025-07-31,ok,32.743248,119.765625,174721,
previous_runs,taizhou_1,2025-08-01,2025-08-31,ok,32.743248,119.765625,173337,
previous_runs,taizhou_1,2025-09-01,2025-09-30,ok,32.743248,119.765625,166028,
previous_runs,taizhou_1,2025-10-01,2025-10-31,ok,32.743248,119.765625,169573,
previous_runs,taizhou_1,2025-11-01,2025-11-30,ok,32.743248,119.765625,162197,
previous_runs,taizhou_1,2025-12-01,2025-12-31,ok,32.743248,119.765625,167089,
previous_runs,taizhou_1,2026-01-01,2026-01-31,ok,32.743248,119.765625,168066,
previous_runs,taizhou_2,2019-02-01,2019-02-28,ok,32.743248,120.58594,161341,
previous_runs,taizhou_2,2019-03-01,2019-03-31,ok,32.743248,120.58594,178714,
previous_runs,taizhou_2,2019-04-01,2019-04-30,ok,32.743248,120.58594,173419,
previous_runs,taizhou_2,2019-05-01,2019-05-31,ok,32.743248,120.58594,179260,
previous_runs,taizhou_2,2019-06-01,2019-06-30,ok,32.743248,120.58594,173683,
previous_runs,taizhou_2,2019-07-01,2019-07-31,ok,32.743248,120.58594,179319,
previous_runs,taizhou_2,2019-08-01,2019-08-31,ok,32.743248,120.58594,179158,
previous_runs,taizhou_2,2019-09-01,2019-09-30,ok,32.743248,120.58594,173167,
previous_runs,taizhou_2,2019-10-01,2019-10-31,ok,32.743248,120.58594,178399,
previous_runs,taizhou_2,2019-11-01,2019-11-30,ok,32.743248,120.58594,172468,
previous_runs,taizhou_2,2019-12-01,2019-12-31,ok,32.743248,120.58594,177982,
previous_runs,taizhou_2,2020-01-01,2020-01-31,ok,32.743248,120.58594,178078,
previous_runs,taizhou_2,2020-02-01,2020-02-29,ok,32.743248,120.58594,166981,
previous_runs,taizhou_2,2020-03-01,2020-03-31,ok,32.743248,120.58594,178720,
previous_runs,taizhou_2,2020-04-01,2020-04-30,ok,32.743248,120.58594,173428,
previous_runs,taizhou_2,2020-05-01,2020-05-31,ok,32.743248,120.58594,179265,
previous_runs,taizhou_2,2020-06-01,2020-06-30,ok,32.743248,120.58594,173683,
previous_runs,taizhou_2,2020-07-01,2020-07-31,ok,32.743248,120.58594,179317,
previous_runs,taizhou_2,2020-08-01,2020-08-31,ok,32.743248,120.58594,179152,
previous_runs,taizhou_2,2020-09-01,2020-09-30,ok,32.743248,120.58594,173158,
previous_runs,taizhou_2,2020-10-01,2020-10-31,ok,32.743248,120.58594,178390,
previous_runs,taizhou_2,2020-11-01,2020-11-30,ok,32.743248,120.58594,172465,
previous_runs,taizhou_2,2020-12-01,2020-12-31,ok,32.743248,120.58594,177985,
previous_runs,taizhou_2,2021-01-01,2021-01-31,ok,32.743248,120.58594,178081,
previous_runs,taizhou_2,2021-02-01,2021-02-28,ok,32.743248,120.58594,161350,
previous_runs,taizhou_2,2021-03-01,2021-03-31,ok,32.743248,120.58594,178668,
previous_runs,taizhou_2,2021-05-01,2021-05-31,ok,32.743248,120.58594,179249,
previous_runs,taizhou_2,2021-04-01,2021-04-30,ok,32.743248,120.58594,172990,
previous_runs,taizhou_2,2021-06-01,2021-06-30,ok,32.743248,120.58594,173682,
previous_runs,taizhou_2,2021-07-01,2021-07-31,ok,32.743248,120.58594,179320,
previous_runs,taizhou_2,2021-08-01,2021-08-31,ok,32.743248,120.58594,179154,
previous_runs,taizhou_2,2021-09-01,2021-09-30,ok,32.743248,120.58594,173163,
previous_runs,taizhou_2,2021-10-01,2021-10-31,ok,32.743248,120.58594,178363,
previous_runs,taizhou_2,2021-11-01,2021-11-30,ok,32.743248,120.58594,171746,
previous_runs,taizhou_2,2021-12-01,2021-12-31,ok,32.743248,120.58594,176483,
previous_runs,taizhou_2,2022-01-01,2022-01-31,ok,32.743248,120.58594,175976,
previous_runs,taizhou_2,2022-02-01,2022-02-28,ok,32.743248,120.58594,159646,
previous_runs,taizhou_2,2022-03-01,2022-03-31,ok,32.743248,120.58594,177529,
previous_runs,taizhou_2,2022-04-01,2022-04-30,ok,32.743248,120.58594,173042,
previous_runs,taizhou_2,2022-05-01,2022-05-31,ok,32.743248,120.58594,179261,
previous_runs,taizhou_2,2022-06-01,2022-06-30,ok,32.743248,120.58594,173683,
previous_runs,taizhou_2,2022-07-01,2022-07-31,ok,32.743248,120.58594,179317,
previous_runs,taizhou_2,2022-08-01,2022-08-31,ok,32.743248,120.58594,179158,
previous_runs,taizhou_2,2022-09-01,2022-09-30,ok,32.743248,120.58594,173167,
previous_runs,taizhou_2,2022-10-01,2022-10-31,ok,32.743248,120.58594,178308,
previous_runs,taizhou_2,2022-11-01,2022-11-30,ok,32.743248,120.58594,172237,
previous_runs,taizhou_2,2022-12-01,2022-12-31,ok,32.743248,120.58594,176193,
previous_runs,taizhou_2,2023-01-01,2023-01-31,ok,32.743248,120.58594,176611,
previous_runs,taizhou_2,2023-02-01,2023-02-28,ok,32.743248,120.58594,159542,
previous_runs,taizhou_2,2023-03-01,2023-03-31,ok,32.743248,120.58594,177580,
previous_runs,taizhou_2,2023-04-01,2023-04-30,ok,32.743248,120.58594,173079,
previous_runs,taizhou_2,2023-05-01,2023-05-31,ok,32.743248,120.58594,179243,
previous_runs,taizhou_2,2023-06-01,2023-06-30,ok,32.743248,120.58594,173683,
previous_runs,taizhou_2,2023-07-01,2023-07-31,ok,32.743248,120.58594,179320,
previous_runs,taizhou_2,2023-08-01,2023-08-31,ok,32.743248,120.58594,179157,
previous_runs,taizhou_2,2023-09-01,2023-09-30,ok,32.743248,120.58594,173167,
previous_runs,taizhou_2,2023-10-01,2023-10-31,ok,32.743248,120.58594,178391,
previous_runs,taizhou_2,2023-11-01,2023-11-30,ok,32.743248,120.58594,171695,
previous_runs,taizhou_2,2023-12-01,2023-12-31,ok,32.743248,120.58594,176927,
previous_runs,taizhou_2,2024-01-01,2024-01-31,ok,32.743248,120.58594,174260,
previous_runs,taizhou_2,2024-02-01,2024-02-29,ok,32.743248,120.58594,156421,
previous_runs,taizhou_2,2024-03-01,2024-03-31,ok,32.743248,120.58594,169550,
previous_runs,taizhou_2,2024-04-01,2024-04-30,ok,32.743248,120.58594,167759,
previous_runs,taizhou_2,2024-06-01,2024-06-30,ok,32.743248,120.58594,170217,
previous_runs,taizhou_2,2024-05-01,2024-05-31,ok,32.743248,120.58594,174242,
previous_runs,taizhou_2,2024-07-01,2024-07-31,ok,32.743248,120.58594,175294,
previous_runs,taizhou_2,2024-08-01,2024-08-31,ok,32.743248,120.58594,174084,
previous_runs,taizhou_2,2024-09-01,2024-09-30,ok,32.743248,120.58594,166851,
previous_runs,taizhou_2,2024-10-01,2024-10-31,ok,32.743248,120.58594,169606,
previous_runs,taizhou_2,2024-11-01,2024-11-30,ok,32.743248,120.58594,162066,
previous_runs,taizhou_2,2024-12-01,2024-12-31,ok,32.743248,120.58594,167070,
previous_runs,taizhou_2,2025-01-01,2025-01-31,ok,32.743248,120.58594,168806,
previous_runs,taizhou_2,2025-02-01,2025-02-28,ok,32.743248,120.58594,154172,
previous_runs,taizhou_2,2025-03-01,2025-03-31,ok,32.743248,120.58594,169720,
previous_runs,taizhou_2,2025-04-01,2025-04-30,ok,32.743248,120.58594,167853,
previous_runs,taizhou_2,2025-05-01,2025-05-31,ok,32.743248,120.58594,174664,
previous_runs,taizhou_2,2025-06-01,2025-06-30,ok,32.743248,120.58594,168916,
previous_runs,taizhou_2,2025-07-01,2025-07-31,ok,32.743248,120.58594,174367,
previous_runs,taizhou_2,2025-08-01,2025-08-31,ok,32.743248,120.58594,173524,
previous_runs,taizhou_2,2025-09-01,2025-09-30,ok,32.743248,120.58594,166431,
previous_runs,taizhou_2,2025-10-01,2025-10-31,ok,32.743248,120.58594,169964,
previous_runs,taizhou_2,2025-11-01,2025-11-30,ok,32.743248,120.58594,162272,
previous_runs,taizhou_2,2025-12-01,2025-12-31,ok,32.743248,120.58594,166775,
previous_runs,taizhou_2,2026-01-01,2026-01-31,ok,32.743248,120.58594,168019,
previous_runs,nantong_1,2019-03-01,2019-03-31,ok,31.923203,121.05469,178732,
previous_runs,nantong_1,2019-02-01,2019-02-28,ok,31.923203,121.05469,161362,
previous_runs,nantong_1,2019-04-01,2019-04-30,ok,31.923203,121.05469,173422,
previous_runs,nantong_1,2019-05-01,2019-05-31,ok,31.923203,121.05469,179245,
previous_runs,nantong_1,2019-06-01,2019-06-30,ok,31.923203,121.05469,173683,
previous_runs,nantong_1,2019-07-01,2019-07-31,ok,31.923203,121.05469,179314,
previous_runs,nantong_1,2019-08-01,2019-08-31,ok,31.923203,121.05469,179155,
previous_runs,nantong_1,2019-09-01,2019-09-30,ok,31.923203,121.05469,173182,
previous_runs,nantong_1,2019-10-01,2019-10-31,ok,31.923203,121.05469,178432,
previous_runs,nantong_1,2019-11-01,2019-11-30,ok,31.923203,121.05469,172477,
previous_runs,nantong_1,2019-12-01,2019-12-31,ok,31.923203,121.05469,177991,
previous_runs,nantong_1,2020-01-01,2020-01-31,ok,31.923203,121.05469,178078,
previous_runs,nantong_1,2020-02-01,2020-02-29,ok,31.923203,121.05469,167002,
previous_runs,nantong_1,2020-03-01,2020-03-31,ok,31.923203,121.05469,178741,
previous_runs,nantong_1,2020-04-01,2020-04-30,ok,31.923203,121.05469,173431,
previous_runs,nantong_1,2020-05-01,2020-05-31,ok,31.923203,121.05469,179251,
previous_runs,nantong_1,2020-06-01,2020-06-30,ok,31.923203,121.05469,173682,
previous_runs,nantong_1,2020-07-01,2020-07-31,ok,31.923203,121.05469,179311,
previous_runs,nantong_1,2020-08-01,2020-08-31,ok,31.923203,121.05469,179152,
previous_runs,nantong_1,2020-09-01,2020-09-30,ok,31.923203,121.05469,173170,
previous_runs,nantong_1,2020-10-01,2020-10-31,ok,31.923203,121.05469,178420,
previous_runs,nantong_1,2020-11-01,2020-11-30,ok,31.923203,121.05469,172474,
previous_runs,nantong_1,2020-12-01,2020-12-31,ok,31.923203,121.05469,177991,
previous_runs,nantong_1,2021-01-01,2021-01-31,ok,31.923203,121.05469,178081,
previous_runs,nantong_1,2021-02-01,2021-02-28,ok,31.923203,121.05469,161368,
previous_runs,nantong_1,2021-03-01,2021-03-31,ok,31.923203,121.05469,178712,
previous_runs,nantong_1,2021-04-01,2021-04-30,ok,31.923203,121.05469,173100,
previous_runs,nantong_1,2021-05-01,2021-05-31,ok,31.923203,121.05469,179246,
previous_runs,nantong_1,2021-06-01,2021-06-30,ok,31.923203,121.05469,173682,
previous_runs,nantong_1,2021-07-01,2021-07-31,ok,31.923203,121.05469,179310,
previous_runs,nantong_1,2021-08-01,2021-08-31,ok,31.923203,121.05469,179154,
previous_runs,nantong_1,2021-09-01,2021-09-30,ok,31.923203,121.05469,173169,
previous_runs,nantong_1,2021-10-01,2021-10-31,ok,31.923203,121.05469,178414,
previous_runs,nantong_1,2021-11-01,2021-11-30,ok,31.923203,121.05469,171941,
previous_runs,nantong_1,2021-12-01,2021-12-31,ok,31.923203,121.05469,176689,
previous_runs,nantong_1,2022-01-01,2022-01-31,ok,31.923203,121.05469,176003,
previous_runs,nantong_1,2022-02-01,2022-02-28,ok,31.923203,121.05469,159569,
previous_runs,nantong_1,2022-03-01,2022-03-31,ok,31.923203,121.05469,177729,
previous_runs,nantong_1,2022-04-01,2022-04-30,ok,31.923203,121.05469,173124,
previous_runs,nantong_1,2022-05-01,2022-05-31,ok,31.923203,121.05469,179244,
previous_runs,nantong_1,2022-06-01,2022-06-30,ok,31.923203,121.05469,173682,
previous_runs,nantong_1,2022-07-01,2022-07-31,ok,31.923203,121.05469,179310,
previous_runs,nantong_1,2022-08-01,2022-08-31,ok,31.923203,121.05469,179154,
previous_runs,nantong_1,2022-09-01,2022-09-30,ok,31.923203,121.05469,173181,
previous_runs,nantong_1,2022-10-01,2022-10-31,ok,31.923203,121.05469,178362,
previous_runs,nantong_1,2022-11-01,2022-11-30,ok,31.923203,121.05469,172297,
previous_runs,nantong_1,2022-12-01,2022-12-31,ok,31.923203,121.05469,176255,
previous_runs,nantong_1,2023-01-01,2023-01-31,ok,31.923203,121.05469,176540,
previous_runs,nantong_1,2023-02-01,2023-02-28,ok,31.923203,121.05469,159602,
previous_runs,nantong_1,2023-03-01,2023-03-31,ok,31.923203,121.05469,177759,
previous_runs,nantong_1,2023-04-01,2023-04-30,ok,31.923203,121.05469,173230,
previous_runs,nantong_1,2023-05-01,2023-05-31,ok,31.923203,121.05469,179235,
previous_runs,nantong_1,2023-06-01,2023-06-30,ok,31.923203,121.05469,173682,
previous_runs,nantong_1,2023-07-01,2023-07-31,ok,31.923203,121.05469,179313,
previous_runs,nantong_1,2023-08-01,2023-08-31,ok,31.923203,121.05469,179153,
previous_runs,nantong_1,2023-09-01,2023-09-30,ok,31.923203,121.05469,173181,
previous_runs,nantong_1,2023-10-01,2023-10-31,ok,31.923203,121.05469,178431,
previous_runs,nantong_1,2023-11-01,2023-11-30,ok,31.923203,121.05469,171924,
previous_runs,nantong_1,2023-12-01,2023-12-31,ok,31.923203,121.05469,176935,
previous_runs,nantong_1,2024-01-01,2024-01-31,ok,31.923203,121.05469,174215,
previous_runs,nantong_1,2024-02-01,2024-02-29,ok,31.923203,121.05469,156351,
previous_runs,nantong_1,2024-03-01,2024-03-31,ok,31.923203,121.05469,169923,
previous_runs,nantong_1,2024-04-01,2024-04-30,ok,31.923203,121.05469,167518,
previous_runs,nantong_1,2024-05-01,2024-05-31,ok,31.923203,121.05469,174421,
previous_runs,nantong_1,2024-06-01,2024-06-30,ok,31.923203,121.05469,170043,
previous_runs,nantong_1,2024-07-01,2024-07-31,ok,31.923203,121.05469,175525,
previous_runs,nantong_1,2024-08-01,2024-08-31,ok,31.923203,121.05469,174147,
previous_runs,nantong_1,2024-09-01,2024-09-30,ok,31.923203,121.05469,167006,
previous_runs,nantong_1,2024-10-01,2024-10-31,ok,31.923203,121.05469,170025,
previous_runs,nantong_1,2024-11-01,2024-11-30,ok,31.923203,121.05469,162411,
previous_runs,nantong_1,2024-12-01,2024-12-31,ok,31.923203,121.05469,166495,
previous_runs,nantong_1,2025-01-01,2025-01-31,ok,31.923203,121.05469,168524,
previous_runs,nantong_1,2025-02-01,2025-02-28,ok,31.923203,121.05469,153295,
previous_runs,nantong_1,2025-03-01,2025-03-31,ok,31.923203,121.05469,169518,
previous_runs,nantong_1,2025-04-01,2025-04-30,ok,31.923203,121.05469,168112,
previous_runs,nantong_1,2025-05-01,2025-05-31,ok,31.923203,121.05469,175015,
previous_runs,nantong_1,2025-06-01,2025-06-30,ok,31.923203,121.05469,168749,
previous_runs,nantong_1,2025-07-01,2025-07-31,ok,31.923203,121.05469,174724,
previous_runs,nantong_1,2025-08-01,2025-08-31,ok,31.923203,121.05469,174137,
previous_runs,nantong_1,2025-09-01,2025-09-30,ok,31.923203,121.05469,167125,
previous_runs,nantong_1,2025-10-01,2025-10-31,ok,31.923203,121.05469,170320,
previous_runs,nantong_1,2025-11-01,2025-11-30,ok,31.923203,121.05469,162456,
previous_runs,nantong_1,2025-12-01,2025-12-31,ok,31.923203,121.05469,166753,
previous_runs,nantong_1,2026-01-01,2026-01-31,ok,31.923203,121.05469,167434,
previous_runs,nantong_2,2019-02-01,2019-02-28,ok,31.923203,121.75781,161373,
previous_runs,nantong_2,2019-03-01,2019-03-31,ok,31.923203,121.75781,178725,
previous_runs,nantong_2,2019-04-01,2019-04-30,ok,31.923203,121.75781,173412,
previous_runs,nantong_2,2019-05-01,2019-05-31,ok,31.923203,121.75781,179253,
previous_runs,nantong_2,2019-06-01,2019-06-30,ok,31.923203,121.75781,173667,
previous_runs,nantong_2,2019-07-01,2019-07-31,ok,31.923203,121.75781,179313,
previous_runs,nantong_2,2019-08-01,2019-08-31,ok,31.923203,121.75781,179144,
previous_runs,nantong_2,2019-09-01,2019-09-30,ok,31.923203,121.75781,173191,
previous_runs,nantong_2,2019-10-01,2019-10-31,ok,31.923203,121.75781,178434,
previous_runs,nantong_2,2019-11-01,2019-11-30,ok,31.923203,121.75781,172462,
previous_runs,nantong_2,2019-12-01,2019-12-31,ok,31.923203,121.75781,177987,
previous_runs,nantong_2,2020-01-01,2020-01-31,ok,31.923203,121.75781,178069,
previous_runs,nantong_2,2020-02-01,2020-02-29,ok,31.923203,121.75781,167007,
previous_runs,nantong_2,2020-03-01,2020-03-31,ok,31.923203,121.75781,178738,
previous_runs,nantong_2,2020-04-01,2020-04-30,ok,31.923203,121.75781,173418,
previous_runs,nantong_2,2020-05-01,2020-05-31,ok,31.923203,121.75781,179257,
previous_runs,nantong_2,2020-06-01,2020-06-30,ok,31.923203,121.75781,173667,
previous_runs,nantong_2,2020-07-01,2020-07-31,ok,31.923203,121.75781,179308,
previous_runs,nantong_2,2020-08-01,2020-08-31,ok,31.923203,121.75781,179139,
previous_runs,nantong_2,2020-09-01,2020-09-30,ok,31.923203,121.75781,173184,
previous_runs,nantong_2,2020-10-01,2020-10-31,ok,31.923203,121.75781,178426,
previous_runs,nantong_2,2020-11-01,2020-11-30,ok,31.923203,121.75781,172456,
previous_runs,nantong_2,2020-12-01,2020-12-31,ok,31.923203,121.75781,177986,
previous_runs,nantong_2,2021-01-01,2021-01-31,ok,31.923203,121.75781,178074,
previous_runs,nantong_2,2021-02-01,2021-02-28,ok,31.923203,121.75781,161374,
previous_runs,nantong_2,2021-03-01,2021-03-31,ok,31.923203,121.75781,178707,
previous_runs,nantong_2,2021-04-01,2021-04-30,ok,31.923203,121.75781,173271,
previous_runs,nantong_2,2021-05-01,2021-05-31,ok,31.923203,121.75781,179256,
previous_runs,nantong_2,2021-06-01,2021-06-30,ok,31.923203,121.75781,173668,
previous_runs,nantong_2,2021-07-01,2021-07-31,ok,31.923203,121.75781,179311,
previous_runs,nantong_2,2021-08-01,2021-08-31,ok,31.923203,121.75781,179143,
previous_runs,nantong_2,2021-09-01,2021-09-30,ok,31.923203,121.75781,173185,
previous_runs,nantong_2,2021-10-01,2021-10-31,ok,31.923203,121.75781,178432,
previous_runs,nantong_2,2021-11-01,2021-11-30,ok,31.923203,121.75781,171967,
previous_runs,nantong_2,2021-12-01,2021-12-31,ok,31.923203,121.75781,176804,
previous_runs,nantong_2,2022-01-01,2022-01-31,ok,31.923203,121.75781,175876,
previous_runs,nantong_2,2022-02-01,2022-02-28,ok,31.923203,121.75781,159468,
previous_runs,nantong_2,2022-03-01,2022-03-31,ok,31.923203,121.75781,177584,
previous_runs,nantong_2,2022-04-01,2022-04-30,ok,31.923203,121.75781,173202,
previous_runs,nantong_2,2022-05-01,2022-05-31,ok,31.923203,121.75781,179254,
previous_runs,nantong_2,2022-06-01,2022-06-30,ok,31.923203,121.75781,173667,
previous_runs,nantong_2,2022-07-01,2022-07-31,ok,31.923203,121.75781,179314,
previous_runs,nantong_2,2022-08-01,2022-08-31,ok,31.923203,121.75781,179145,
previous_runs,nantong_2,2022-09-01,2022-09-30,ok,31.923203,121.75781,173187,
previous_runs,nantong_2,2022-10-01,2022-10-31,ok,31.923203,121.75781,178428,
previous_runs,nantong_2,2022-11-01,2022-11-30,ok,31.923203,121.75781,172340,
previous_runs,nantong_2,2022-12-01,2022-12-31,ok,31.923203,121.75781,176335,
previous_runs,nantong_2,2023-01-01,2023-01-31,ok,31.923203,121.75781,176238,
previous_runs,nantong_2,2023-02-01,2023-02-28,ok,31.923203,121.75781,159461,
previous_runs,nantong_2,2023-04-01,2023-04-30,ok,31.923203,121.75781,173283,
previous_runs,nantong_2,2023-03-01,2023-03-31,ok,31.923203,121.75781,177614,
previous_runs,nantong_2,2023-05-01,2023-05-31,ok,31.923203,121.75781,179253,
previous_runs,nantong_2,2023-06-01,2023-06-30,ok,31.923203,121.75781,173667,
previous_runs,nantong_2,2023-07-01,2023-07-31,ok,31.923203,121.75781,179313,
previous_runs,nantong_2,2023-08-01,2023-08-31,ok,31.923203,121.75781,179145,
previous_runs,nantong_2,2023-09-01,2023-09-30,ok,31.923203,121.75781,173190,
previous_runs,nantong_2,2023-10-01,2023-10-31,ok,31.923203,121.75781,178434,
previous_runs,nantong_2,2023-11-01,2023-11-30,ok,31.923203,121.75781,172089,
previous_runs,nantong_2,2023-12-01,2023-12-31,ok,31.923203,121.75781,176856,
previous_runs,nantong_2,2024-01-01,2024-01-31,ok,31.923203,121.75781,174141,
previous_runs,nantong_2,2024-02-01,2024-02-29,ok,31.923203,121.75781,156368,
previous_runs,nantong_2,2024-03-01,2024-03-31,ok,31.923203,121.75781,169825,
previous_runs,nantong_2,2024-04-01,2024-04-30,ok,31.923203,121.75781,167901,
previous_runs,nantong_2,2024-05-01,2024-05-31,ok,31.923203,121.75781,174709,
previous_runs,nantong_2,2024-06-01,2024-06-30,ok,31.923203,121.75781,170140,
previous_runs,nantong_2,2024-07-01,2024-07-31,ok,31.923203,121.75781,175775,
previous_runs,nantong_2,2024-08-01,2024-08-31,ok,31.923203,121.75781,174635,
previous_runs,nantong_2,2024-09-01,2024-09-30,ok,31.923203,121.75781,167322,
previous_runs,nantong_2,2024-10-01,2024-10-31,ok,31.923203,121.75781,170488,
previous_runs,nantong_2,2024-11-01,2024-11-30,ok,31.923203,121.75781,163023,
previous_runs,nantong_2,2024-12-01,2024-12-31,ok,31.923203,121.75781,166885,
previous_runs,nantong_2,2025-01-01,2025-01-31,ok,31.923203,121.75781,168052,
previous_runs,nantong_2,2025-02-01,2025-02-28,ok,31.923203,121.75781,153437,
previous_runs,nantong_2,2025-03-01,2025-03-31,ok,31.923203,121.75781,169478,
previous_runs,nantong_2,2025-04-01,2025-04-30,ok,31.923203,121.75781,168374,
previous_runs,nantong_2,2025-05-01,2025-05-31,ok,31.923203,121.75781,175501,
previous_runs,nantong_2,2025-06-01,2025-06-30,ok,31.923203,121.75781,168976,
previous_runs,nantong_2,2025-07-01,2025-07-31,ok,31.923203,121.75781,174834,
previous_runs,nantong_2,2025-08-01,2025-08-31,ok,31.923203,121.75781,174733,
previous_runs,nantong_2,2025-09-01,2025-09-30,ok,31.923203,121.75781,167831,
previous_runs,nantong_2,2025-10-01,2025-10-31,ok,31.923203,121.75781,171020,
previous_runs,nantong_2,2025-11-01,2025-11-30,ok,31.923203,121.75781,162950,
previous_runs,nantong_2,2025-12-01,2025-12-31,ok,31.923203,121.75781,167245,
previous_runs,nantong_2,2026-01-01,2026-01-31,ok,31.923203,121.75781,167306,
previous_runs,suqian_1,2019-02-01,2019-02-28,ok,33.91474,118.24219,161317,
previous_runs,suqian_1,2019-03-01,2019-03-31,ok,33.91474,118.24219,178701,
previous_runs,suqian_1,2019-04-01,2019-04-30,ok,33.91474,118.24219,173403,
previous_runs,suqian_1,2019-05-01,2019-05-31,ok,33.91474,118.24219,179280,
previous_runs,suqian_1,2019-06-01,2019-06-30,ok,33.91474,118.24219,173709,
previous_runs,suqian_1,2019-07-01,2019-07-31,ok,33.91474,118.24219,179302,
previous_runs,suqian_1,2019-08-01,2019-08-31,ok,33.91474,118.24219,179150,
previous_runs,suqian_1,2019-09-01,2019-09-30,ok,33.91474,118.24219,173178,
previous_runs,suqian_1,2019-10-01,2019-10-31,ok,33.91474,118.24219,178341,
previous_runs,suqian_1,2019-11-01,2019-11-30,ok,33.91474,118.24219,172467,
previous_runs,suqian_1,2019-12-01,2019-12-31,ok,33.91474,118.24219,177997,
previous_runs,suqian_1,2020-01-01,2020-01-31,ok,33.91474,118.24219,178005,
previous_runs,suqian_1,2020-02-01,2020-02-29,ok,33.91474,118.24219,166954,
previous_runs,suqian_1,2020-03-01,2020-03-31,ok,33.91474,118.24219,178714,
previous_runs,suqian_1,2020-04-01,2020-04-30,ok,33.91474,118.24219,173409,
previous_runs,suqian_1,2020-05-01,2020-05-31,ok,33.91474,118.24219,179287,
previous_runs,suqian_1,2020-06-01,2020-06-30,ok,33.91474,118.24219,173709,
previous_runs,suqian_1,2020-07-01,2020-07-31,ok,33.91474,118.24219,179299,
previous_runs,suqian_1,2020-08-01,2020-08-31,ok,33.91474,118.24219,179145,
previous_runs,suqian_1,2020-09-01,2020-09-30,ok,33.91474,118.24219,173167,
previous_runs,suqian_1,2020-10-01,2020-10-31,ok,33.91474,118.24219,178329,
previous_runs,suqian_1,2020-11-01,2020-11-30,ok,33.91474,118.24219,172464,
previous_runs,suqian_1,2020-12-01,2020-12-31,ok,33.91474,118.24219,177993,
previous_runs,suqian_1,2021-01-01,2021-01-31,ok,33.91474,118.24219,178011,
previous_runs,suqian_1,2021-02-01,2021-02-28,ok,33.91474,118.24219,161320,
previous_runs,suqian_1,2021-03-01,2021-03-31,ok,33.91474,118.24219,178646,
previous_runs,suqian_1,2021-04-01,2021-04-30,ok,33.91474,118.24219,173004,
previous_runs,suqian_1,2021-05-01,2021-05-31,ok,33.91474,118.24219,179268,
previous_runs,suqian_1,2021-06-01,2021-06-30,ok,33.91474,118.24219,173709,
previous_runs,suqian_1,2021-07-01,2021-07-31,ok,33.91474,118.24219,179297,
previous_runs,suqian_1,2021-08-01,2021-08-31,ok,33.91474,118.24219,179148,
previous_runs,suqian_1,2021-09-01,2021-09-30,ok,33.91474,118.24219,173166,
previous_runs,suqian_1,2021-10-01,2021-10-31,ok,33.91474,118.24219,178190,
previous_runs,suqian_1,2021-11-01,2021-11-30,ok,33.91474,118.24219,171638,
previous_runs,suqian_1,2021-12-01,2021-12-31,ok,33.91474,118.24219,176561,
previous_runs,suqian_1,2022-01-01,2022-01-31,ok,33.91474,118.24219,176092,
previous_runs,suqian_1,2022-02-01,2022-02-28,ok,33.91474,118.24219,159767,
previous_runs,suqian_1,2022-03-01,2022-03-31,ok,33.91474,118.24219,177722,
previous_runs,suqian_1,2022-04-01,2022-04-30,ok,33.91474,118.24219,173101,
previous_runs,suqian_1,2022-05-01,2022-05-31,ok,33.91474,118.24219,179277,
previous_runs,suqian_1,2022-06-01,2022-06-30,ok,33.91474,118.24219,173709,
previous_runs,suqian_1,2022-07-01,2022-07-31,ok,33.91474,118.24219,179302,
previous_runs,suqian_1,2022-08-01,2022-08-31,ok,33.91474,118.24219,179149,
previous_runs,suqian_1,2022-09-01,2022-09-30,ok,33.91474,118.24219,173172,
previous_runs,suqian_1,2022-10-01,2022-10-31,ok,33.91474,118.24219,178152,
previous_runs,suqian_1,2022-11-01,2022-11-30,ok,33.91474,118.24219,172129,
previous_runs,suqian_1,2022-12-01,2022-12-31,ok,33.91474,118.24219,176298,
previous_runs,suqian_1,2023-01-01,2023-01-31,ok,33.91474,118.24219,176756,
previous_runs,suqian_1,2023-02-01,2023-02-28,ok,33.91474,118.24219,159621,
previous_runs,suqian_1,2023-03-01,2023-03-31,ok,33.91474,118.24219,177820,
previous_runs,suqian_1,2023-04-01,2023-04-30,ok,33.91474,118.24219,173007,
previous_runs,suqian_1,2023-05-01,2023-05-31,ok,33.91474,118.24219,179275,
previous_runs,suqian_1,2023-06-01,2023-06-30,ok,33.91474,118.24219,173709,
previous_runs,suqian_1,2023-07-01,2023-07-31,ok,33.91474,118.24219,179301,
previous_runs,suqian_1,2023-08-01,2023-08-31,ok,33.91474,118.24219,179151,
previous_runs,suqian_1,2023-09-01,2023-09-30,ok,33.91474,118.24219,173175,
previous_runs,suqian_1,2023-10-01,2023-10-31,ok,33.91474,118.24219,178334,
previous_runs,suqian_1,2023-11-01,2023-11-30,ok,33.91474,118.24219,171421,
previous_runs,suqian_1,2023-12-01,2023-12-31,ok,33.91474,118.24219,176923,
previous_runs,suqian_1,2024-01-01,2024-01-31,ok,33.91474,118.24219,174460,
previous_runs,suqian_1,2024-02-01,2024-02-29,ok,33.91474,118.24219,158605,
previous_runs,suqian_1,2024-03-01,2024-03-31,ok,33.91474,118.24219,169860,
previous_runs,suqian_1,2024-04-01,2024-04-30,ok,33.91474,118.24219,167818,
previous_runs,suqian_1,2024-05-01,2024-05-31,ok,33.91474,118.24219,174541,
previous_runs,suqian_1,2024-06-01,2024-06-30,ok,33.91474,118.24219,170119,
previous_runs,suqian_1,2024-07-01,2024-07-31,ok,33.91474,118.24219,173776,
previous_runs,suqian_1,2024-08-01,2024-08-31,ok,33.91474,118.24219,173206,
previous_runs,suqian_1,2024-09-01,2024-09-30,ok,33.91474,118.24219,166669,
previous_runs,suqian_1,2024-10-01,2024-10-31,ok,33.91474,118.24219,169139,
previous_runs,suqian_1,2024-11-01,2024-11-30,ok,33.91474,118.24219,162375,
previous_runs,suqian_1,2024-12-01,2024-12-31,ok,33.91474,118.24219,167937,
previous_runs,suqian_1,2025-01-01,2025-01-31,ok,33.91474,118.24219,168771,
previous_runs,suqian_1,2025-02-01,2025-02-28,ok,33.91474,118.24219,154679,
previous_runs,suqian_1,2025-04-01,2025-04-30,ok,33.91474,118.24219,168305,
previous_runs,suqian_1,2025-03-01,2025-03-31,ok,33.91474,118.24219,170677,
previous_runs,suqian_1,2025-05-01,2025-05-31,ok,33.91474,118.24219,174233,
previous_runs,suqian_1,2025-06-01,2025-06-30,ok,33.91474,118.24219,169308,
previous_runs,suqian_1,2025-07-01,2025-07-31,ok,33.91474,118.24219,174460,
previous_runs,suqian_1,2025-08-01,2025-08-31,ok,33.91474,118.24219,173310,
previous_runs,suqian_1,2025-09-01,2025-09-30,ok,33.91474,118.24219,165164,
previous_runs,suqian_1,2025-10-01,2025-10-31,ok,33.91474,118.24219,168767,
previous_runs,suqian_1,2025-11-01,2025-11-30,ok,33.91474,118.24219,162022,
previous_runs,suqian_1,2025-12-01,2025-12-31,ok,33.91474,118.24219,167191,
previous_runs,suqian_1,2026-01-01,2026-01-31,ok,33.91474,118.24219,168245,
previous_runs,xuzhou_1,2019-02-01,2019-02-28,ok,34.734787,116.60156,161282,
previous_runs,xuzhou_1,2019-03-01,2019-03-31,ok,34.734787,116.60156,178685,
previous_runs,xuzhou_1,2019-04-01,2019-04-30,ok,34.734787,116.60156,173383,
previous_runs,xuzhou_1,2019-05-01,2019-05-31,ok,34.734787,116.60156,179269,
previous_runs,xuzhou_1,2019-06-01,2019-06-30,ok,34.734787,116.60156,173754,
previous_runs,xuzhou_1,2019-07-01,2019-07-31,ok,34.734787,116.60156,179336,
previous_runs,xuzhou_1,2019-08-01,2019-08-31,ok,34.734787,116.60156,179110,
previous_runs,xuzhou_1,2019-09-01,2019-09-30,ok,34.734787,116.60156,173186,
previous_runs,xuzhou_1,2019-10-01,2019-10-31,ok,34.734787,116.60156,178327,
previous_runs,xuzhou_1,2019-12-01,2019-12-31,ok,34.734787,116.60156,177964,
previous_runs,xuzhou_1,2019-11-01,2019-11-30,ok,34.734787,116.60156,172444,
previous_runs,xuzhou_1,2020-01-01,2020-01-31,ok,34.734787,116.60156,178021,
previous_runs,xuzhou_1,2020-02-01,2020-02-29,ok,34.734787,116.60156,166918,
previous_runs,xuzhou_1,2020-03-01,2020-03-31,ok,34.734787,116.60156,178703,
previous_runs,xuzhou_1,2020-04-01,2020-04-30,ok,34.734787,116.60156,173396,
previous_runs,xuzhou_1,2020-05-01,2020-05-31,ok,34.734787,116.60156,179273,
previous_runs,xuzhou_1,2020-06-01,2020-06-30,ok,34.734787,116.60156,173759,
previous_runs,xuzhou_1,2020-08-01,2020-08-31,ok,34.734787,116.60156,179104,
previous_runs,xuzhou_1,2020-07-01,2020-07-31,ok,34.734787,116.60156,179330,
previous_runs,xuzhou_1,2020-09-01,2020-09-30,ok,34.734787,116.60156,173174,
previous_runs,xuzhou_1,2020-10-01,2020-10-31,ok,34.734787,116.60156,178317,
previous_runs,xuzhou_1,2020-11-01,2020-11-30,ok,34.734787,116.60156,172439,
previous_runs,xuzhou_1,2020-12-01,2020-12-31,ok,34.734787,116.60156,177961,
previous_runs,xuzhou_1,2021-01-01,2021-01-31,ok,34.734787,116.60156,178024,
previous_runs,xuzhou_1,2021-02-01,2021-02-28,ok,34.734787,116.60156,161287,
previous_runs,xuzhou_1,2021-03-01,2021-03-31,ok,34.734787,116.60156,178658,
previous_runs,xuzhou_1,2021-04-01,2021-04-30,ok,34.734787,116.60156,173068,
previous_runs,xuzhou_1,2021-05-01,2021-05-31,ok,34.734787,116.60156,179273,
previous_runs,xuzhou_1,2021-06-01,2021-06-30,ok,34.734787,116.60156,173758,
previous_runs,xuzhou_1,2021-07-01,2021-07-31,ok,34.734787,116.60156,179331,
previous_runs,xuzhou_1,2021-08-01,2021-08-31,ok,34.734787,116.60156,179107,
previous_runs,xuzhou_1,2021-09-01,2021-09-30,ok,34.734787,116.60156,173172,
previous_runs,xuzhou_1,2021-10-01,2021-10-31,ok,34.734787,116.60156,178168,
previous_runs,xuzhou_1,2021-11-01,2021-11-30,ok,34.734787,116.60156,171519,
previous_runs,xuzhou_1,2021-12-01,2021-12-31,ok,34.734787,116.60156,176461,
previous_runs,xuzhou_1,2022-01-01,2022-01-31,ok,34.734787,116.60156,176122,
previous_runs,xuzhou_1,2022-02-01,2022-02-28,ok,34.734787,116.60156,159728,
previous_runs,xuzhou_1,2022-03-01,2022-03-31,ok,34.734787,116.60156,177814,
previous_runs,xuzhou_1,2022-04-01,2022-04-30,ok,34.734787,116.60156,173158,
previous_runs,xuzhou_1,2022-05-01,2022-05-31,ok,34.734787,116.60156,179270,
previous_runs,xuzhou_1,2022-06-01,2022-06-30,ok,34.734787,116.60156,173759,
previous_runs,xuzhou_1,2022-07-01,2022-07-31,ok,34.734787,116.60156,179335,
previous_runs,xuzhou_1,2022-08-01,2022-08-31,ok,34.734787,116.60156,179111,
previous_runs,xuzhou_1,2022-09-01,2022-09-30,ok,34.734787,116.60156,173180,
previous_runs,xuzhou_1,2022-10-01,2022-10-31,ok,34.734787,116.60156,178129,
previous_runs,xuzhou_1,2022-11-01,2022-11-30,ok,34.734787,116.60156,172039,
previous_runs,xuzhou_1,2022-12-01,2022-12-31,ok,34.734787,116.60156,176418,
previous_runs,xuzhou_1,2023-01-01,2023-01-31,ok,34.734787,116.60156,176658,
previous_runs,xuzhou_1,2023-02-01,2023-02-28,ok,34.734787,116.60156,159624,
previous_runs,xuzhou_1,2023-03-01,2023-03-31,ok,34.734787,116.60156,177972,
previous_runs,xuzhou_1,2023-04-01,2023-04-30,ok,34.734787,116.60156,172962,
previous_runs,xuzhou_1,2023-05-01,2023-05-31,ok,34.734787,116.60156,179272,
previous_runs,xuzhou_1,2023-06-01,2023-06-30,ok,34.734787,116.60156,173758,
previous_runs,xuzhou_1,2023-07-01,2023-07-31,ok,34.734787,116.60156,179335,
previous_runs,xuzhou_1,2023-08-01,2023-08-31,ok,34.734787,116.60156,179110,
previous_runs,xuzhou_1,2023-09-01,2023-09-30,ok,34.734787,116.60156,173185,
previous_runs,xuzhou_1,2023-10-01,2023-10-31,ok,34.734787,116.60156,178316,
previous_runs,xuzhou_1,2023-11-01,2023-11-30,ok,34.734787,116.60156,171328,
previous_runs,xuzhou_1,2023-12-01,2023-12-31,ok,34.734787,116.60156,177023,
previous_runs,xuzhou_1,2024-01-01,2024-01-31,ok,34.734787,116.60156,174568,
previous_runs,xuzhou_1,2024-02-01,2024-02-29,ok,34.734787,116.60156,158775,
previous_runs,xuzhou_1,2024-03-01,2024-03-31,ok,34.734787,116.60156,170334,
previous_runs,xuzhou_1,2024-04-01,2024-04-30,ok,34.734787,116.60156,167942,
previous_runs,xuzhou_1,2024-05-01,2024-05-31,ok,34.734787,116.60156,174170,
previous_runs,xuzhou_1,2024-06-01,2024-06-30,ok,34.734787,116.60156,169285,
previous_runs,xuzhou_1,2024-07-01,2024-07-31,ok,34.734787,116.60156,172787,
previous_runs,xuzhou_1,2024-08-01,2024-08-31,ok,34.734787,116.60156,171960,
previous_runs,xuzhou_1,2024-10-01,2024-10-31,ok,34.734787,116.60156,169587,
previous_runs,xuzhou_1,2024-09-01,2024-09-30,ok,34.734787,116.60156,166240,
previous_runs,xuzhou_1,2024-11-01,2024-11-30,ok,34.734787,116.60156,162795,
previous_runs,xuzhou_1,2024-12-01,2024-12-31,ok,34.734787,116.60156,168526,
previous_runs,xuzhou_1,2025-01-01,2025-01-31,ok,34.734787,116.60156,169219,
previous_runs,xuzhou_1,2025-02-01,2025-02-28,ok,34.734787,116.60156,155037,
previous_runs,xuzhou_1,2025-03-01,2025-03-31,ok,34.734787,116.60156,171358,
previous_runs,xuzhou_1,2025-04-01,2025-04-30,ok,34.734787,116.60156,167999,
previous_runs,xuzhou_1,2025-05-01,2025-05-31,ok,34.734787,116.60156,174018,
previous_runs,xuzhou_1,2025-06-01,2025-06-30,ok,34.734787,116.60156,169039,
previous_runs,xuzhou_1,2025-08-01,2025-08-31,ok,34.734787,116.60156,173351,
previous_runs,xuzhou_1,2025-07-01,2025-07-31,ok,34.734787,116.60156,174119,
previous_runs,xuzhou_1,2025-09-01,2025-09-30,ok,34.734787,116.60156,165226,
previous_runs,xuzhou_1,2025-10-01,2025-10-31,ok,34.734787,116.60156,168630,
previous_runs,xuzhou_1,2025-11-01,2025-11-30,ok,34.734787,116.60156,162265,
previous_runs,xuzhou_1,2025-12-01,2025-12-31,ok,34.734787,116.60156,167731,
previous_runs,xuzhou_1,2026-01-01,2026-01-31,ok,34.734787,116.60156,168519,
previous_runs,huai_an_1,2019-02-01,2019-02-28,ok,33.094696,119.41406,161335,
previous_runs,huai_an_1,2019-03-01,2019-03-31,ok,33.094696,119.41406,178707,
previous_runs,huai_an_1,2019-04-01,2019-04-30,ok,33.094696,119.41406,173422,
previous_runs,huai_an_1,2019-05-01,2019-05-31,ok,33.094696,119.41406,179269,
previous_runs,huai_an_1,2019-06-01,2019-06-30,ok,33.094696,119.41406,173683,
previous_runs,huai_an_1,2019-07-01,2019-07-31,ok,33.094696,119.41406,179296,
previous_runs,huai_an_1,2019-08-01,2019-08-31,ok,33.094696,119.41406,179161,
previous_runs,huai_an_1,2019-09-01,2019-09-30,ok,33.094696,119.41406,173173,
previous_runs,huai_an_1,2019-10-01,2019-10-31,ok,33.094696,119.41406,178378,
previous_runs,huai_an_1,2019-11-01,2019-11-30,ok,33.094696,119.41406,172476,
previous_runs,huai_an_1,2019-12-01,2019-12-31,ok,33.094696,119.41406,177993,
previous_runs,huai_an_1,2020-01-01,2020-01-31,ok,33.094696,119.41406,178032,
previous_runs,huai_an_1,2020-02-01,2020-02-29,ok,33.094696,119.41406,166972,
previous_runs,huai_an_1,2020-03-01,2020-03-31,ok,33.094696,119.41406,178714,
previous_runs,huai_an_1,2020-04-01,2020-04-30,ok,33.094696,119.41406,173429,
previous_runs,huai_an_1,2020-05-01,2020-05-31,ok,33.094696,119.41406,179275,
previous_runs,huai_an_1,2020-06-01,2020-06-30,ok,33.094696,119.41406,173683,
previous_runs,huai_an_1,2020-07-01,2020-07-31,ok,33.094696,119.41406,179295,
previous_runs,huai_an_1,2020-08-01,2020-08-31,ok,33.094696,119.41406,179155,
previous_runs,huai_an_1,2020-09-01,2020-09-30,ok,33.094696,119.41406,173161,
previous_runs,huai_an_1,2020-10-01,2020-10-31,ok,33.094696,119.41406,178369,
previous_runs,huai_an_1,2020-11-01,2020-11-30,ok,33.094696,119.41406,172474,
previous_runs,huai_an_1,2020-12-01,2020-12-31,ok,33.094696,119.41406,177993,
previous_runs,huai_an_1,2021-01-01,2021-01-31,ok,33.094696,119.41406,178038,
previous_runs,huai_an_1,2021-02-01,2021-02-28,ok,33.094696,119.41406,161338,
previous_runs,huai_an_1,2021-03-01,2021-03-31,ok,33.094696,119.41406,178654,
previous_runs,huai_an_1,2021-04-01,2021-04-30,ok,33.094696,119.41406,172987,
previous_runs,huai_an_1,2021-05-01,2021-05-31,ok,33.094696,119.41406,179259,
previous_runs,huai_an_1,2021-06-01,2021-06-30,ok,33.094696,119.41406,173683,
previous_runs,huai_an_1,2021-07-01,2021-07-31,ok,33.094696,119.41406,179295,
previous_runs,huai_an_1,2021-08-01,2021-08-31,ok,33.094696,119.41406,179160,
previous_runs,huai_an_1,2021-09-01,2021-09-30,ok,33.094696,119.41406,173164,
previous_runs,huai_an_1,2021-10-01,2021-10-31,ok,33.094696,119.41406,178318,
previous_runs,huai_an_1,2021-11-01,2021-11-30,ok,33.094696,119.41406,171784,
previous_runs,huai_an_1,2021-12-01,2021-12-31,ok,33.094696,119.41406,176565,
previous_runs,huai_an_1,2022-01-01,2022-01-31,ok,33.094696,119.41406,175983,
previous_runs,huai_an_1,2022-02-01,2022-02-28,ok,33.094696,119.41406,159721,
previous_runs,huai_an_1,2022-03-01,2022-03-31,ok,33.094696,119.41406,177667,
previous_runs,huai_an_1,2022-04-01,2022-04-30,ok,33.094696,119.41406,173057,
previous_runs,huai_an_1,2022-05-01,2022-05-31,ok,33.094696,119.41406,179263,
previous_runs,huai_an_1,2022-06-01,2022-06-30,ok,33.094696,119.41406,173683,
previous_runs,huai_an_1,2022-07-01,2022-07-31,ok,33.094696,119.41406,179296,
previous_runs,huai_an_1,2022-08-01,2022-08-31,ok,33.094696,119.41406,179160,
previous_runs,huai_an_1,2022-09-01,2022-09-30,ok,33.094696,119.41406,173166,
previous_runs,huai_an_1,2022-10-01,2022-10-31,ok,33.094696,119.41406,178314,
previous_runs,huai_an_1,2022-11-01,2022-11-30,ok,33.094696,119.41406,172287,
previous_runs,huai_an_1,2022-12-01,2022-12-31,ok,33.094696,119.41406,176076,
previous_runs,huai_an_1,2023-01-01,2023-01-31,ok,33.094696,119.41406,176664,
previous_runs,huai_an_1,2023-02-01,2023-02-28,ok,33.094696,119.41406,159629,
previous_runs,huai_an_1,2023-04-01,2023-04-30,ok,33.094696,119.41406,173051,
previous_runs,huai_an_1,2023-03-01,2023-03-31,ok,33.094696,119.41406,177715,
previous_runs,huai_an_1,2023-05-01,2023-05-31,ok,33.094696,119.41406,179250,
previous_runs,huai_an_1,2023-06-01,2023-06-30,ok,33.094696,119.41406,173686,
previous_runs,huai_an_1,2023-07-01,2023-07-31,ok,33.094696,119.41406,179295,
previous_runs,huai_an_1,2023-08-01,2023-08-31,ok,33.094696,119.41406,179159,
previous_runs,huai_an_1,2023-09-01,2023-09-30,ok,33.094696,119.41406,173172,
previous_runs,huai_an_1,2023-10-01,2023-10-31,ok,33.094696,119.41406,178377,
previous_runs,huai_an_1,2023-11-01,2023-11-30,ok,33.094696,119.41406,171653,
previous_runs,huai_an_1,2023-12-01,2023-12-31,ok,33.094696,119.41406,176959,
previous_runs,huai_an_1,2024-01-01,2024-01-31,ok,33.094696,119.41406,174359,
previous_runs,huai_an_1,2024-02-01,2024-02-29,ok,33.094696,119.41406,157415,
previous_runs,huai_an_1,2024-03-01,2024-03-31,ok,33.094696,119.41406,169711,
previous_runs,huai_an_1,2024-04-01,2024-04-30,ok,33.094696,119.41406,167864,
previous_runs,huai_an_1,2024-05-01,2024-05-31,ok,33.094696,119.41406,174379,
previous_runs,huai_an_1,2024-06-01,2024-06-30,ok,33.094696,119.41406,170488,
previous_runs,huai_an_1,2024-07-01,2024-07-31,ok,33.094696,119.41406,174937,
previous_runs,huai_an_1,2024-08-01,2024-08-31,ok,33.094696,119.41406,173740,
previous_runs,huai_an_1,2024-09-01,2024-09-30,ok,33.094696,119.41406,166931,
previous_runs,huai_an_1,2024-11-01,2024-11-30,ok,33.094696,119.41406,161828,
previous_runs,huai_an_1,2024-10-01,2024-10-31,ok,33.094696,119.41406,169351,
previous_runs,huai_an_1,2024-12-01,2024-12-31,ok,33.094696,119.41406,167139,
previous_runs,huai_an_1,2025-01-01,2025-01-31,ok,33.094696,119.41406,168944,
previous_runs,huai_an_1,2025-02-01,2025-02-28,ok,33.094696,119.41406,154479,
previous_runs,huai_an_1,2025-03-01,2025-03-31,ok,33.094696,119.41406,170154,
previous_runs,huai_an_1,2025-04-01,2025-04-30,ok,33.094696,119.41406,168285,
previous_runs,huai_an_1,2025-05-01,2025-05-31,ok,33.094696,119.41406,174790,
previous_runs,huai_an_1,2025-06-01,2025-06-30,ok,33.094696,119.41406,169251,
previous_runs,huai_an_1,2025-07-01,2025-07-31,ok,33.094696,119.41406,174706,
previous_runs,huai_an_1,2025-09-01,2025-09-30,ok,33.094696,119.41406,165704,
previous_runs,huai_an_1,2025-08-01,2025-08-31,ok,33.094696,119.41406,173512,
previous_runs,huai_an_1,2025-10-01,2025-10-31,ok,33.094696,119.41406,169554,
previous_runs,huai_an_1,2025-11-01,2025-11-30,ok,33.094696,119.41406,162149,
previous_runs,huai_an_1,2025-12-01,2025-12-31,ok,33.094696,119.41406,167110,
previous_runs,huai_an_1,2026-01-01,2026-01-31,ok,33.094696,119.41406,168128,
previous_runs,huai_an_2,2019-02-01,2019-02-28,ok,33.91474,119.41406,161313,
previous_runs,huai_an_2,2019-04-01,2019-04-30,ok,33.91474,119.41406,173408,
previous_runs,huai_an_2,2019-03-01,2019-03-31,ok,33.91474,119.41406,178692,
previous_runs,huai_an_2,2019-05-01,2019-05-31,ok,33.91474,119.41406,179282,
previous_runs,huai_an_2,2019-06-01,2019-06-30,ok,33.91474,119.41406,173682,
previous_runs,huai_an_2,2019-07-01,2019-07-31,ok,33.91474,119.41406,179304,
previous_runs,huai_an_2,2019-08-01,2019-08-31,ok,33.91474,119.41406,179154,
previous_runs,huai_an_2,2019-09-01,2019-09-30,ok,33.91474,119.41406,173162,
previous_runs,huai_an_2,2019-10-01,2019-10-31,ok,33.91474,119.41406,178350,
previous_runs,huai_an_2,2019-11-01,2019-11-30,ok,33.91474,119.41406,172452,
previous_runs,huai_an_2,2019-12-01,2019-12-31,ok,33.91474,119.41406,177957,
previous_runs,huai_an_2,2020-01-01,2020-01-31,ok,33.91474,119.41406,178013,
previous_runs,huai_an_2,2020-02-01,2020-02-29,ok,33.91474,119.41406,166953,
previous_runs,huai_an_2,2020-03-01,2020-03-31,ok,33.91474,119.41406,178701,
previous_runs,huai_an_2,2020-04-01,2020-04-30,ok,33.91474,119.41406,173414,
previous_runs,huai_an_2,2020-05-01,2020-05-31,ok,33.91474,119.41406,179285,
previous_runs,huai_an_2,2020-06-01,2020-06-30,ok,33.91474,119.41406,173681,
previous_runs,huai_an_2,2020-07-01,2020-07-31,ok,33.91474,119.41406,179304,
previous_runs,huai_an_2,2020-08-01,2020-08-31,ok,33.91474,119.41406,179147,
previous_runs,huai_an_2,2020-09-01,2020-09-30,ok,33.91474,119.41406,173157,
previous_runs,huai_an_2,2020-10-01,2020-10-31,ok,33.91474,119.41406,178340,
previous_runs,huai_an_2,2020-11-01,2020-11-30,ok,33.91474,119.41406,172452,
previous_runs,huai_an_2,2020-12-01,2020-12-31,ok,33.91474,119.41406,177953,
previous_runs,huai_an_2,2021-01-01,2021-01-31,ok,33.91474,119.41406,178016,
previous_runs,huai_an_2,2021-02-01,2021-02-28,ok,33.91474,119.41406,161315,
previous_runs,huai_an_2,2021-03-01,2021-03-31,ok,33.91474,119.41406,178608,
previous_runs,huai_an_2,2021-04-01,2021-04-30,ok,33.91474,119.41406,172910,
previous_runs,huai_an_2,2021-05-01,2021-05-31,ok,33.91474,119.41406,179256,
previous_runs,huai_an_2,2021-06-01,2021-06-30,ok,33.91474,119.41406,173682,
previous_runs,huai_an_2,2021-07-01,2021-07-31,ok,33.91474,119.41406,179304,
previous_runs,huai_an_2,2021-08-01,2021-08-31,ok,33.91474,119.41406,179151,
previous_runs,huai_an_2,2021-09-01,2021-09-30,ok,33.91474,119.41406,173160,
previous_runs,huai_an_2,2021-10-01,2021-10-31,ok,33.91474,119.41406,178229,
previous_runs,huai_an_2,2021-11-01,2021-11-30,ok,33.91474,119.41406,171649,
previous_runs,huai_an_2,2021-12-01,2021-12-31,ok,33.91474,119.41406,176475,
previous_runs,huai_an_2,2022-01-01,2022-01-31,ok,33.91474,119.41406,176050,
previous_runs,huai_an_2,2022-02-01,2022-02-28,ok,33.91474,119.41406,159815,
previous_runs,huai_an_2,2022-03-01,2022-03-31,ok,33.91474,119.41406,177551,
previous_runs,huai_an_2,2022-04-01,2022-04-30,ok,33.91474,119.41406,173020,
previous_runs,huai_an_2,2022-05-01,2022-05-31,ok,33.91474,119.41406,179277,
previous_runs,huai_an_2,2022-06-01,2022-06-30,ok,33.91474,119.41406,173682,
previous_runs,huai_an_2,2022-07-01,2022-07-31,ok,33.91474,119.41406,179304,
previous_runs,huai_an_2,2022-08-01,2022-08-31,ok,33.91474,119.41406,179150,
previous_runs,huai_an_2,2022-09-01,2022-09-30,ok,33.91474,119.41406,173162,
previous_runs,huai_an_2,2022-10-01,2022-10-31,ok,33.91474,119.41406,178229,
previous_runs,huai_an_2,2022-11-01,2022-11-30,ok,33.91474,119.41406,172183,
previous_runs,huai_an_2,2022-12-01,2022-12-31,ok,33.91474,119.41406,176211,
previous_runs,huai_an_2,2023-01-01,2023-01-31,ok,33.91474,119.41406,176679,
previous_runs,huai_an_2,2023-02-01,2023-02-28,ok,33.91474,119.41406,159617,
previous_runs,huai_an_2,2023-03-01,2023-03-31,ok,33.91474,119.41406,177581,
previous_runs,huai_an_2,2023-04-01,2023-04-30,ok,33.91474,119.41406,172972,
previous_runs,huai_an_2,2023-05-01,2023-05-31,ok,33.91474,119.41406,179264,
previous_runs,huai_an_2,2023-06-01,2023-06-30,ok,33.91474,119.41406,173682,
previous_runs,huai_an_2,2023-07-01,2023-07-31,ok,33.91474,119.41406,179303,
previous_runs,huai_an_2,2023-08-01,2023-08-31,ok,33.91474,119.41406,179153,
previous_runs,huai_an_2,2023-09-01,2023-09-30,ok,33.91474,119.41406,173163,
previous_runs,huai_an_2,2023-10-01,2023-10-31,ok,33.91474,119.41406,178338,
previous_runs,huai_an_2,2023-11-01,2023-11-30,ok,33.91474,119.41406,171397,
previous_runs,huai_an_2,2023-12-01,2023-12-31,ok,33.91474,119.41406,176864,
previous_runs,huai_an_2,2024-01-01,2024-01-31,ok,33.91474,119.41406,174457,
previous_runs,huai_an_2,2024-02-01,2024-02-29,ok,33.91474,119.41406,158425,
previous_runs,huai_an_2,2024-03-01,2024-03-31,ok,33.91474,119.41406,169739,
previous_runs,huai_an_2,2024-04-01,2024-04-30,ok,33.91474,119.41406,167843,
previous_runs,huai_an_2,2024-05-01,2024-05-31,ok,33.91474,119.41406,174451,
previous_runs,huai_an_2,2024-06-01,2024-06-30,ok,33.91474,119.41406,170109,
previous_runs,huai_an_2,2024-07-01,2024-07-31,ok,33.91474,119.41406,174817,
previous_runs,huai_an_2,2024-08-01,2024-08-31,ok,33.91474,119.41406,173792,
previous_runs,huai_an_2,2024-09-01,2024-09-30,ok,33.91474,119.41406,166828,
previous_runs,huai_an_2,2024-10-01,2024-10-31,ok,33.91474,119.41406,169319,
previous_runs,huai_an_2,2024-11-01,2024-11-30,ok,33.91474,119.41406,162256,
previous_runs,huai_an_2,2024-12-01,2024-12-31,ok,33.91474,119.41406,167935,
previous_runs,huai_an_2,2025-01-01,2025-01-31,ok,33.91474,119.41406,168817,
previous_runs,huai_an_2,2025-02-01,2025-02-28,ok,33.91474,119.41406,154465,
previous_runs,huai_an_2,2025-03-01,2025-03-31,ok,33.91474,119.41406,170435,
previous_runs,huai_an_2,2025-04-01,2025-04-30,ok,33.91474,119.41406,168105,
previous_runs,huai_an_2,2025-05-01,2025-05-31,ok,33.91474,119.41406,174533,
previous_runs,huai_an_2,2025-06-01,2025-06-30,ok,33.91474,119.41406,169520,
previous_runs,huai_an_2,2025-07-01,2025-07-31,ok,33.91474,119.41406,174804,
previous_runs,huai_an_2,2025-08-01,2025-08-31,ok,33.91474,119.41406,173777,
previous_runs,huai_an_2,2025-09-01,2025-09-30,ok,33.91474,119.41406,165241,
previous_runs,huai_an_2,2025-10-01,2025-10-31,ok,33.91474,119.41406,169321,
previous_runs,huai_an_2,2025-11-01,2025-11-30,ok,33.91474,119.41406,162038,
previous_runs,huai_an_2,2025-12-01,2025-12-31,ok,33.91474,119.41406,166961,
previous_runs,huai_an_2,2026-01-01,2026-01-31,ok,33.91474,119.41406,168337,
previous_runs,xuzhou_2,2019-02-01,2019-02-28,ok,34.26619,117.421875,161294,
previous_runs,xuzhou_2,2019-03-01,2019-03-31,ok,34.26619,117.421875,178699,
previous_runs,xuzhou_2,2019-04-01,2019-04-30,ok,34.26619,117.421875,173390,
previous_runs,xuzhou_2,2019-05-01,2019-05-31,ok,34.26619,117.421875,179280,
previous_runs,xuzhou_2,2019-06-01,2019-06-30,ok,34.26619,117.421875,173746,
previous_runs,xuzhou_2,2019-07-01,2019-07-31,ok,34.26619,117.421875,179319,
previous_runs,xuzhou_2,2019-08-01,2019-08-31,ok,34.26619,117.421875,179128,
previous_runs,xuzhou_2,2019-09-01,2019-09-30,ok,34.26619,117.421875,173189,
previous_runs,xuzhou_2,2019-10-01,2019-10-31,ok,34.26619,117.421875,178331,
previous_runs,xuzhou_2,2019-11-01,2019-11-30,ok,34.26619,117.421875,172453,
previous_runs,xuzhou_2,2019-12-01,2019-12-31,ok,34.26619,117.421875,177979,
previous_runs,xuzhou_2,2020-01-01,2020-01-31,ok,34.26619,117.421875,178015,
previous_runs,xuzhou_2,2020-02-01,2020-02-29,ok,34.26619,117.421875,166930,
previous_runs,xuzhou_2,2020-03-01,2020-03-31,ok,34.26619,117.421875,178709,
previous_runs,xuzhou_2,2020-04-01,2020-04-30,ok,34.26619,117.421875,173399,
previous_runs,xuzhou_2,2020-05-01,2020-05-31,ok,34.26619,117.421875,179287,
previous_runs,xuzhou_2,2020-06-01,2020-06-30,ok,34.26619,117.421875,173749,
previous_runs,xuzhou_2,2020-07-01,2020-07-31,ok,34.26619,117.421875,179317,
previous_runs,xuzhou_2,2020-08-01,2020-08-31,ok,34.26619,117.421875,179121,
previous_runs,xuzhou_2,2020-09-01,2020-09-30,ok,34.26619,117.421875,173182,
previous_runs,xuzhou_2,2020-10-01,2020-10-31,ok,34.26619,117.421875,178322,
previous_runs,xuzhou_2,2020-11-01,2020-11-30,ok,34.26619,117.421875,172453,
previous_runs,xuzhou_2,2020-12-01,2020-12-31,ok,34.26619,117.421875,177977,
previous_runs,xuzhou_2,2021-01-01,2021-01-31,ok,34.26619,117.421875,178014,
previous_runs,xuzhou_2,2021-02-01,2021-02-28,ok,34.26619,117.421875,161301,
previous_runs,xuzhou_2,2021-03-01,2021-03-31,ok,34.26619,117.421875,178654,
previous_runs,xuzhou_2,2021-04-01,2021-04-30,ok,34.26619,117.421875,173017,
previous_runs,xuzhou_2,2021-05-01,2021-05-31,ok,34.26619,117.421875,179274,
previous_runs,xuzhou_2,2021-06-01,2021-06-30,ok,34.26619,117.421875,173749,
previous_runs,xuzhou_2,2021-08-01,2021-08-31,ok,34.26619,117.421875,179129,
previous_runs,xuzhou_2,2021-07-01,2021-07-31,ok,34.26619,117.421875,179317,
previous_runs,xuzhou_2,2021-09-01,2021-09-30,ok,34.26619,117.421875,173183,
previous_runs,xuzhou_2,2021-10-01,2021-10-31,ok,34.26619,117.421875,178183,
previous_runs,xuzhou_2,2021-11-01,2021-11-30,ok,34.26619,117.421875,171583,
previous_runs,xuzhou_2,2021-12-01,2021-12-31,ok,34.26619,117.421875,176516,
previous_runs,xuzhou_2,2022-01-01,2022-01-31,ok,34.26619,117.421875,176110,
previous_runs,xuzhou_2,2022-02-01,2022-02-28,ok,34.26619,117.421875,159755,
previous_runs,xuzhou_2,2022-03-01,2022-03-31,ok,34.26619,117.421875,177758,
previous_runs,xuzhou_2,2022-04-01,2022-04-30,ok,34.26619,117.421875,173103,
previous_runs,xuzhou_2,2022-05-01,2022-05-31,ok,34.26619,117.421875,179282,
previous_runs,xuzhou_2,2022-06-01,2022-06-30,ok,34.26619,117.421875,173746,
previous_runs,xuzhou_2,2022-07-01,2022-07-31,ok,34.26619,117.421875,179320,
previous_runs,xuzhou_2,2022-08-01,2022-08-31,ok,34.26619,117.421875,179128,
previous_runs,xuzhou_2,2022-09-01,2022-09-30,ok,34.26619,117.421875,173185,
previous_runs,xuzhou_2,2022-10-01,2022-10-31,ok,34.26619,117.421875,178130,
previous_runs,xuzhou_2,2022-11-01,2022-11-30,ok,34.26619,117.421875,172073,
previous_runs,xuzhou_2,2022-12-01,2022-12-31,ok,34.26619,117.421875,176331,
previous_runs,xuzhou_2,2023-01-01,2023-01-31,ok,34.26619,117.421875,176707,
previous_runs,xuzhou_2,2023-02-01,2023-02-28,ok,34.26619,117.421875,159626,
previous_runs,xuzhou_2,2023-03-01,2023-03-31,ok,34.26619,117.421875,177871,
previous_runs,xuzhou_2,2023-04-01,2023-04-30,ok,34.26619,117.421875,172970,
previous_runs,xuzhou_2,2023-05-01,2023-05-31,ok,34.26619,117.421875,179281,
previous_runs,xuzhou_2,2023-06-01,2023-06-30,ok,34.26619,117.421875,173747,
previous_runs,xuzhou_2,2023-07-01,2023-07-31,ok,34.26619,117.421875,179320,
previous_runs,xuzhou_2,2023-08-01,2023-08-31,ok,34.26619,117.421875,179128,
previous_runs,xuzhou_2,2023-09-01,2023-09-30,ok,34.26619,117.421875,173189,
previous_runs,xuzhou_2,2023-10-01,2023-10-31,ok,34.26619,117.421875,178327,
previous_runs,xuzhou_2,2023-11-01,2023-11-30,ok,34.26619,117.421875,171409,
previous_runs,xuzhou_2,2023-12-01,2023-12-31,ok,34.26619,117.421875,176947,
previous_runs,xuzhou_2,2024-01-01,2024-01-31,ok,34.26619,117.421875,174382,
previous_runs,xuzhou_2,2024-02-01,2024-02-29,ok,34.26619,117.421875,158602,
previous_runs,xuzhou_2,2024-03-01,2024-03-31,ok,34.26619,117.421875,169942,
previous_runs,xuzhou_2,2024-04-01,2024-04-30,ok,34.26619,117.421875,167632,
previous_runs,xuzhou_2,2024-05-01,2024-05-31,ok,34.26619,117.421875,174140,
previous_runs,xuzhou_2,2024-06-01,2024-06-30,ok,34.26619,117.421875,169418,
previous_runs,xuzhou_2,2024-07-01,2024-07-31,ok,34.26619,117.421875,172978,
previous_runs,xuzhou_2,2024-08-01,2024-08-31,ok,34.26619,117.421875,172431,
previous_runs,xuzhou_2,2024-09-01,2024-09-30,ok,34.26619,117.421875,166438,
previous_runs,xuzhou_2,2024-10-01,2024-10-31,ok,34.26619,117.421875,169224,
previous_runs,xuzhou_2,2024-11-01,2024-11-30,ok,34.26619,117.421875,162420,
previous_runs,xuzhou_2,2024-12-01,2024-12-31,ok,34.26619,117.421875,167981,
previous_runs,xuzhou_2,2025-01-01,2025-01-31,ok,34.26619,117.421875,168535,
previous_runs,xuzhou_2,2025-02-01,2025-02-28,ok,34.26619,117.421875,154588,
previous_runs,xuzhou_2,2025-03-01,2025-03-31,ok,34.26619,117.421875,170925,
previous_runs,xuzhou_2,2025-04-01,2025-04-30,ok,34.26619,117.421875,168026,
previous_runs,xuzhou_2,2025-05-01,2025-05-31,ok,34.26619,117.421875,174015,
previous_runs,xuzhou_2,2025-06-01,2025-06-30,ok,34.26619,117.421875,169180,
previous_runs,xuzhou_2,2025-07-01,2025-07-31,ok,34.26619,117.421875,174094,
previous_runs,xuzhou_2,2025-08-01,2025-08-31,ok,34.26619,117.421875,173276,
previous_runs,xuzhou_2,2025-09-01,2025-09-30,ok,34.26619,117.421875,165055,
previous_runs,xuzhou_2,2025-10-01,2025-10-31,ok,34.26619,117.421875,168704,
previous_runs,xuzhou_2,2025-11-01,2025-11-30,ok,34.26619,117.421875,162075,
previous_runs,xuzhou_2,2025-12-01,2025-12-31,ok,34.26619,117.421875,167153,
previous_runs,xuzhou_2,2026-01-01,2026-01-31,ok,34.26619,117.421875,168172,
previous_runs,huai_an_3,2019-02-01,2019-02-28,ok,33.094696,118.59375,161338,
previous_runs,huai_an_3,2019-03-01,2019-03-31,ok,33.094696,118.59375,178715,
previous_runs,huai_an_3,2019-04-01,2019-04-30,ok,33.094696,118.59375,173414,
previous_runs,huai_an_3,2019-05-01,2019-05-31,ok,33.094696,118.59375,179269,
previous_runs,huai_an_3,2019-06-01,2019-06-30,ok,33.094696,118.59375,173684,
previous_runs,huai_an_3,2019-07-01,2019-07-31,ok,33.094696,118.59375,179279,
previous_runs,huai_an_3,2019-08-01,2019-08-31,ok,33.094696,118.59375,179162,
previous_runs,huai_an_3,2019-09-01,2019-09-30,ok,33.094696,118.59375,173174,
previous_runs,huai_an_3,2019-10-01,2019-10-31,ok,33.094696,118.59375,178379,
previous_runs,huai_an_3,2019-11-01,2019-11-30,ok,33.094696,118.59375,172478,
previous_runs,huai_an_3,2019-12-01,2019-12-31,ok,33.094696,118.59375,178015,
previous_runs,huai_an_3,2020-01-01,2020-01-31,ok,33.094696,118.59375,178025,
previous_runs,huai_an_3,2020-02-01,2020-02-29,ok,33.094696,118.59375,166973,
previous_runs,huai_an_3,2020-03-01,2020-03-31,ok,33.094696,118.59375,178721,
previous_runs,huai_an_3,2020-04-01,2020-04-30,ok,33.094696,118.59375,173422,
previous_runs,huai_an_3,2020-05-01,2020-05-31,ok,33.094696,118.59375,179276,
previous_runs,huai_an_3,2020-06-01,2020-06-30,ok,33.094696,118.59375,173684,
previous_runs,huai_an_3,2020-07-01,2020-07-31,ok,33.094696,118.59375,179276,
previous_runs,huai_an_3,2020-08-01,2020-08-31,ok,33.094696,118.59375,179156,
previous_runs,huai_an_3,2020-09-01,2020-09-30,ok,33.094696,118.59375,173168,
previous_runs,huai_an_3,2020-10-01,2020-10-31,ok,33.094696,118.59375,178364,
previous_runs,huai_an_3,2020-11-01,2020-11-30,ok,33.094696,118.59375,172475,
previous_runs,huai_an_3,2020-12-01,2020-12-31,ok,33.094696,118.59375,178013,
previous_runs,huai_an_3,2021-01-01,2021-01-31,ok,33.094696,118.59375,178028,
previous_runs,huai_an_3,2021-02-01,2021-02-28,ok,33.094696,118.59375,161342,
previous_runs,huai_an_3,2021-03-01,2021-03-31,ok,33.094696,118.59375,178681,
previous_runs,huai_an_3,2021-04-01,2021-04-30,ok,33.094696,118.59375,173116,
previous_runs,huai_an_3,2021-05-01,2021-05-31,ok,33.094696,118.59375,179269,
previous_runs,huai_an_3,2021-06-01,2021-06-30,ok,33.094696,118.59375,173684,
previous_runs,huai_an_3,2021-07-01,2021-07-31,ok,33.094696,118.59375,179279,
previous_runs,huai_an_3,2021-08-01,2021-08-31,ok,33.094696,118.59375,179159,
previous_runs,huai_an_3,2021-09-01,2021-09-30,ok,33.094696,118.59375,173171,
previous_runs,huai_an_3,2021-10-01,2021-10-31,ok,33.094696,118.59375,178336,
previous_runs,huai_an_3,2021-11-01,2021-11-30,ok,33.094696,118.59375,171839,
previous_runs,huai_an_3,2021-12-01,2021-12-31,ok,33.094696,118.59375,176628,
previous_runs,huai_an_3,2022-01-01,2022-01-31,ok,33.094696,118.59375,175933,
previous_runs,huai_an_3,2022-02-01,2022-02-28,ok,33.094696,118.59375,159648,
previous_runs,huai_an_3,2022-03-01,2022-03-31,ok,33.094696,118.59375,177818,
previous_runs,huai_an_3,2022-04-01,2022-04-30,ok,33.094696,118.59375,173164,
previous_runs,huai_an_3,2022-05-01,2022-05-31,ok,33.094696,118.59375,179270,
previous_runs,huai_an_3,2022-06-01,2022-06-30,ok,33.094696,118.59375,173683,
previous_runs,huai_an_3,2022-07-01,2022-07-31,ok,33.094696,118.59375,179278,
previous_runs,huai_an_3,2022-08-01,2022-08-31,ok,33.094696,118.59375,179161,
previous_runs,huai_an_3,2022-09-01,2022-09-30,ok,33.094696,118.59375,173170,
previous_runs,huai_an_3,2022-10-01,2022-10-31,ok,33.094696,118.59375,178348,
previous_runs,huai_an_3,2022-11-01,2022-11-30,ok,33.094696,118.59375,172230,
previous_runs,huai_an_3,2022-12-01,2022-12-31,ok,33.094696,118.59375,176048,
previous_runs,huai_an_3,2023-01-01,2023-01-31,ok,33.094696,118.59375,176581,
previous_runs,huai_an_3,2023-02-01,2023-02-28,ok,33.094696,118.59375,159575,
previous_runs,huai_an_3,2023-03-01,2023-03-31,ok,33.094696,118.59375,177872,
previous_runs,huai_an_3,2023-04-01,2023-04-30,ok,33.094696,118.59375,173165,
previous_runs,huai_an_3,2023-05-01,2023-05-31,ok,33.094696,118.59375,179266,
previous_runs,huai_an_3,2023-06-01,2023-06-30,ok,33.094696,118.59375,173683,
previous_runs,huai_an_3,2023-07-01,2023-07-31,ok,33.094696,118.59375,179279,
previous_runs,huai_an_3,2023-08-01,2023-08-31,ok,33.094696,118.59375,179162,
previous_runs,huai_an_3,2023-09-01,2023-09-30,ok,33.094696,118.59375,173172,
previous_runs,huai_an_3,2023-10-01,2023-10-31,ok,33.094696,118.59375,178375,
previous_runs,huai_an_3,2023-11-01,2023-11-30,ok,33.094696,118.59375,171693,
previous_runs,huai_an_3,2023-12-01,2023-12-31,ok,33.094696,118.59375,176847,
previous_runs,huai_an_3,2024-01-01,2024-01-31,ok,33.094696,118.59375,174339,
previous_runs,huai_an_3,2024-02-01,2024-02-29,ok,33.094696,118.59375,157535,
previous_runs,huai_an_3,2024-03-01,2024-03-31,ok,33.094696,118.59375,169922,
previous_runs,huai_an_3,2024-04-01,2024-04-30,ok,33.094696,118.59375,168149,
previous_runs,huai_an_3,2024-05-01,2024-05-31,ok,33.094696,118.59375,174455,
previous_runs,huai_an_3,2024-06-01,2024-06-30,ok,33.094696,118.59375,170260,
previous_runs,huai_an_3,2024-07-01,2024-07-31,ok,33.094696,118.59375,174450,
previous_runs,huai_an_3,2024-08-01,2024-08-31,ok,33.094696,118.59375,173850,
previous_runs,huai_an_3,2024-09-01,2024-09-30,ok,33.094696,118.59375,167026,
previous_runs,huai_an_3,2024-10-01,2024-10-31,ok,33.094696,118.59375,169764,
previous_runs,huai_an_3,2024-11-01,2024-11-30,ok,33.094696,118.59375,162339,
previous_runs,huai_an_3,2024-12-01,2024-12-31,ok,33.094696,118.59375,167292,
previous_runs,huai_an_3,2025-01-01,2025-01-31,ok,33.094696,118.59375,168905,
previous_runs,huai_an_3,2025-02-01,2025-02-28,ok,33.094696,118.59375,154666,
previous_runs,huai_an_3,2025-03-01,2025-03-31,ok,33.094696,118.59375,170361,
previous_runs,huai_an_3,2025-04-01,2025-04-30,ok,33.094696,118.59375,168667,
previous_runs,huai_an_3,2025-05-01,2025-05-31,ok,33.094696,118.59375,174696,
previous_runs,huai_an_3,2025-06-01,2025-06-30,ok,33.094696,118.59375,169444,
previous_runs,huai_an_3,2025-07-01,2025-07-31,ok,33.094696,118.59375,174514,
previous_runs,huai_an_3,2025-08-01,2025-08-31,ok,33.094696,118.59375,173518,
previous_runs,huai_an_3,2025-09-01,2025-09-30,ok,33.094696,118.59375,165761,
previous_runs,huai_an_3,2025-10-01,2025-10-31,ok,33.094696,118.59375,169797,
previous_runs,huai_an_3,2025-11-01,2025-11-30,ok,33.094696,118.59375,162629,
previous_runs,huai_an_3,2025-12-01,2025-12-31,ok,33.094696,118.59375,167518,
previous_runs,huai_an_3,2026-01-01,2026-01-31,ok,33.094696,118.59375,168473,
previous_runs,yancheng_1,2019-02-01,2019-02-28,ok,33.91474,119.765625,161313,
previous_runs,yancheng_1,2019-03-01,2019-03-31,ok,33.91474,119.765625,178691,
previous_runs,yancheng_1,2019-04-01,2019-04-30,ok,33.91474,119.765625,173413,
previous_runs,yancheng_1,2019-05-01,2019-05-31,ok,33.91474,119.765625,179279,
previous_runs,yancheng_1,2019-06-01,2019-06-30,ok,33.91474,119.765625,173683,
previous_runs,yancheng_1,2019-07-01,2019-07-31,ok,33.91474,119.765625,179314,
previous_runs,yancheng_1,2019-08-01,2019-08-31,ok,33.91474,119.765625,179155,
previous_runs,yancheng_1,2019-09-01,2019-09-30,ok,33.91474,119.765625,173164,
previous_runs,yancheng_1,2019-10-01,2019-10-31,ok,33.91474,119.765625,178354,
previous_runs,yancheng_1,2019-11-01,2019-11-30,ok,33.91474,119.765625,172452,
previous_runs,yancheng_1,2019-12-01,2019-12-31,ok,33.91474,119.765625,177958,
previous_runs,yancheng_1,2020-01-01,2020-01-31,ok,33.91474,119.765625,178017,
previous_runs,yancheng_1,2020-02-01,2020-02-29,ok,33.91474,119.765625,166954,
previous_runs,yancheng_1,2020-03-01,2020-03-31,ok,33.91474,119.765625,178699,
previous_runs,yancheng_1,2020-04-01,2020-04-30,ok,33.91474,119.765625,173419,
previous_runs,yancheng_1,2020-05-01,2020-05-31,ok,33.91474,119.765625,179287,
previous_runs,yancheng_1,2020-06-01,2020-06-30,ok,33.91474,119.765625,173682,
previous_runs,yancheng_1,2020-07-01,2020-07-31,ok,33.91474,119.765625,179310,
previous_runs,yancheng_1,2020-08-01,2020-08-31,ok,33.91474,119.765625,179145,
previous_runs,yancheng_1,2020-09-01,2020-09-30,ok,33.91474,119.765625,173158,
previous_runs,yancheng_1,2020-10-01,2020-10-31,ok,33.91474,119.765625,178347,
previous_runs,yancheng_1,2020-11-01,2020-11-30,ok,33.91474,119.765625,172446,
previous_runs,yancheng_1,2020-12-01,2020-12-31,ok,33.91474,119.765625,177954,
previous_runs,yancheng_1,2021-01-01,2021-01-31,ok,33.91474,119.765625,178023,
previous_runs,yancheng_1,2021-02-01,2021-02-28,ok,33.91474,119.765625,161317,
previous_runs,yancheng_1,2021-03-01,2021-03-31,ok,33.91474,119.765625,178602,
previous_runs,yancheng_1,2021-04-01,2021-04-30,ok,33.91474,119.765625,172887,
previous_runs,yancheng_1,2021-05-01,2021-05-31,ok,33.91474,119.765625,179253,
previous_runs,yancheng_1,2021-06-01,2021-06-30,ok,33.91474,119.765625,173682,
previous_runs,yancheng_1,2021-07-01,2021-07-31,ok,33.91474,119.765625,179311,
previous_runs,yancheng_1,2021-08-01,2021-08-31,ok,33.91474,119.765625,179147,
previous_runs,yancheng_1,2021-09-01,2021-09-30,ok,33.91474,119.765625,173160,
previous_runs,yancheng_1,2021-10-01,2021-10-31,ok,33.91474,119.765625,178250,
previous_runs,yancheng_1,2021-11-01,2021-11-30,ok,33.91474,119.765625,171634,
previous_runs,yancheng_1,2021-12-01,2021-12-31,ok,33.91474,119.765625,176459,
previous_runs,yancheng_1,2022-01-01,2022-01-31,ok,33.91474,119.765625,176061,
previous_runs,yancheng_1,2022-02-01,2022-02-28,ok,33.91474,119.765625,159808,
previous_runs,yancheng_1,2022-03-01,2022-03-31,ok,33.91474,119.765625,177505,
previous_runs,yancheng_1,2022-04-01,2022-04-30,ok,33.91474,119.765625,173000,
previous_runs,yancheng_1,2022-05-01,2022-05-31,ok,33.91474,119.765625,179280,
previous_runs,yancheng_1,2022-06-01,2022-06-30,ok,33.91474,119.765625,173683,
previous_runs,yancheng_1,2022-07-01,2022-07-31,ok,33.91474,119.765625,179314,
previous_runs,yancheng_1,2022-08-01,2022-08-31,ok,33.91474,119.765625,179151,
previous_runs,yancheng_1,2022-09-01,2022-09-30,ok,33.91474,119.765625,173160,
previous_runs,yancheng_1,2022-10-01,2022-10-31,ok,33.91474,119.765625,178251,
previous_runs,yancheng_1,2022-11-01,2022-11-30,ok,33.91474,119.765625,172209,
previous_runs,yancheng_1,2022-12-01,2022-12-31,ok,33.91474,119.765625,176205,
previous_runs,yancheng_1,2023-01-01,2023-01-31,ok,33.91474,119.765625,176671,
previous_runs,yancheng_1,2023-02-01,2023-02-28,ok,33.91474,119.765625,159610,
previous_runs,yancheng_1,2023-03-01,2023-03-31,ok,33.91474,119.765625,177528,
previous_runs,yancheng_1,2023-04-01,2023-04-30,ok,33.91474,119.765625,172969,
previous_runs,yancheng_1,2023-05-01,2023-05-31,ok,33.91474,119.765625,179264,
previous_runs,yancheng_1,2023-06-01,2023-06-30,ok,33.91474,119.765625,173682,
previous_runs,yancheng_1,2023-07-01,2023-07-31,ok,33.91474,119.765625,179314,
previous_runs,yancheng_1,2023-08-01,2023-08-31,ok,33.91474,119.765625,179155,
previous_runs,yancheng_1,2023-09-01,2023-09-30,ok,33.91474,119.765625,173164,
previous_runs,yancheng_1,2023-10-01,2023-10-31,ok,33.91474,119.765625,178343,
previous_runs,yancheng_1,2023-11-01,2023-11-30,ok,33.91474,119.765625,171447,
previous_runs,yancheng_1,2023-12-01,2023-12-31,ok,33.91474,119.765625,176888,
previous_runs,yancheng_1,2024-01-01,2024-01-31,ok,33.91474,119.765625,174418,
previous_runs,yancheng_1,2024-02-01,2024-02-29,ok,33.91474,119.765625,158038,
previous_runs,yancheng_1,2024-03-01,2024-03-31,ok,33.91474,119.765625,169628,
previous_runs,yancheng_1,2024-04-01,2024-04-30,ok,33.91474,119.765625,167899,
previous_runs,yancheng_1,2024-05-01,2024-05-31,ok,33.91474,119.765625,174434,
previous_runs,yancheng_1,2024-06-01,2024-06-30,ok,33.91474,119.765625,170279,
previous_runs,yancheng_1,2024-07-01,2024-07-31,ok,33.91474,119.765625,175128,
previous_runs,yancheng_1,2024-08-01,2024-08-31,ok,33.91474,119.765625,173803,
previous_runs,yancheng_1,2024-09-01,2024-09-30,ok,33.91474,119.765625,166685,
previous_runs,yancheng_1,2024-10-01,2024-10-31,ok,33.91474,119.765625,169392,
previous_runs,yancheng_1,2024-11-01,2024-11-30,ok,33.91474,119.765625,162137,
previous_runs,yancheng_1,2024-12-01,2024-12-31,ok,33.91474,119.765625,168137,
previous_runs,yancheng_1,2025-01-01,2025-01-31,ok,33.91474,119.765625,169013,
previous_runs,yancheng_1,2025-02-01,2025-02-28,ok,33.91474,119.765625,154458,
previous_runs,yancheng_1,2025-03-01,2025-03-31,ok,33.91474,119.765625,170255,
previous_runs,yancheng_1,2025-05-01,2025-05-31,ok,33.91474,119.765625,174568,
previous_runs,yancheng_1,2025-04-01,2025-04-30,ok,33.91474,119.765625,168021,
previous_runs,yancheng_1,2025-06-01,2025-06-30,ok,33.91474,119.765625,169483,
previous_runs,yancheng_1,2025-07-01,2025-07-31,ok,33.91474,119.765625,174905,
previous_runs,yancheng_1,2025-08-01,2025-08-31,ok,33.91474,119.765625,173887,
previous_runs,yancheng_1,2025-09-01,2025-09-30,ok,33.91474,119.765625,165277,
previous_runs,yancheng_1,2025-10-01,2025-10-31,ok,33.91474,119.765625,169506,
previous_runs,yancheng_1,2025-11-01,2025-11-30,ok,33.91474,119.765625,161981,
previous_runs,yancheng_1,2025-12-01,2025-12-31,ok,33.91474,119.765625,166934,
previous_runs,yancheng_1,2026-01-01,2026-01-31,ok,33.91474,119.765625,168467,
previous_runs,lianyungang_1,2019-02-01,2019-02-28,ok,34.734787,118.59375,161297,
previous_runs,lianyungang_1,2019-03-01,2019-03-31,ok,34.734787,118.59375,178688,
previous_runs,lianyungang_1,2019-04-01,2019-04-30,ok,34.734787,118.59375,173393,
previous_runs,lianyungang_1,2019-05-01,2019-05-31,ok,34.734787,118.59375,179294,
previous_runs,lianyungang_1,2019-06-01,2019-06-30,ok,34.734787,118.59375,173717,
previous_runs,lianyungang_1,2019-07-01,2019-07-31,ok,34.734787,118.59375,179327,
previous_runs,lianyungang_1,2019-08-01,2019-08-31,ok,34.734787,118.59375,179153,
previous_runs,lianyungang_1,2019-09-01,2019-09-30,ok,34.734787,118.59375,173165,
previous_runs,lianyungang_1,2019-10-01,2019-10-31,ok,34.734787,118.59375,178319,
previous_runs,lianyungang_1,2019-11-01,2019-11-30,ok,34.734787,118.59375,172448,
previous_runs,lianyungang_1,2019-12-01,2019-12-31,ok,34.734787,118.59375,177934,
previous_runs,lianyungang_1,2020-01-01,2020-01-31,ok,34.734787,118.59375,177998,
previous_runs,lianyungang_1,2020-02-01,2020-02-29,ok,34.734787,118.59375,166934,
previous_runs,lianyungang_1,2020-03-01,2020-03-31,ok,34.734787,118.59375,178700,
previous_runs,lianyungang_1,2020-04-01,2020-04-30,ok,34.734787,118.59375,173402,
previous_runs,lianyungang_1,2020-05-01,2020-05-31,ok,34.734787,118.59375,179296,
previous_runs,lianyungang_1,2020-06-01,2020-06-30,ok,34.734787,118.59375,173720,
previous_runs,lianyungang_1,2020-07-01,2020-07-31,ok,34.734787,118.59375,179324,
previous_runs,lianyungang_1,2020-08-01,2020-08-31,ok,34.734787,118.59375,179144,
previous_runs,lianyungang_1,2020-11-01,2020-11-30,ok,34.734787,118.59375,172442,
previous_runs,lianyungang_1,2020-09-01,2020-09-30,ok,34.734787,118.59375,173156,
previous_runs,lianyungang_1,2020-10-01,2020-10-31,ok,34.734787,118.59375,178310,
previous_runs,lianyungang_1,2020-12-01,2020-12-31,ok,34.734787,118.59375,177935,
previous_runs,lianyungang_1,2021-01-01,2021-01-31,ok,34.734787,118.59375,177998,
previous_runs,lianyungang_1,2021-02-01,2021-02-28,ok,34.734787,118.59375,161303,
previous_runs,lianyungang_1,2021-03-01,2021-03-31,ok,34.734787,118.59375,178598,
previous_runs,lianyungang_1,2021-04-01,2021-04-30,ok,34.734787,118.59375,172926,
previous_runs,lianyungang_1,2021-06-01,2021-06-30,ok,34.734787,118.59375,173719,
previous_runs,lianyungang_1,2021-05-01,2021-05-31,ok,34.734787,118.59375,179276,
previous_runs,lianyungang_1,2021-07-01,2021-07-31,ok,34.734787,118.59375,179323,
previous_runs,lianyungang_1,2021-08-01,2021-08-31,ok,34.734787,118.59375,179143,
previous_runs,lianyungang_1,2021-09-01,2021-09-30,ok,34.734787,118.59375,173165,
previous_runs,lianyungang_1,2021-10-01,2021-10-31,ok,34.734787,118.59375,178098,
previous_runs,lianyungang_1,2021-11-01,2021-11-30,ok,34.734787,118.59375,171492,
previous_runs,lianyungang_1,2021-12-01,2021-12-31,ok,34.734787,118.59375,176490,
previous_runs,lianyungang_1,2022-02-01,2022-02-28,ok,34.734787,118.59375,159965,
previous_runs,lianyungang_1,2022-01-01,2022-01-31,ok,34.734787,118.59375,176362,
previous_runs,lianyungang_1,2022-03-01,2022-03-31,ok,34.734787,118.59375,177490,
previous_runs,lianyungang_1,2022-04-01,2022-04-30,ok,34.734787,118.59375,173052,
previous_runs,lianyungang_1,2022-06-01,2022-06-30,ok,34.734787,118.59375,173716,
previous_runs,lianyungang_1,2022-05-01,2022-05-31,ok,34.734787,118.59375,179281,
previous_runs,lianyungang_1,2022-08-01,2022-08-31,ok,34.734787,118.59375,179146,
previous_runs,lianyungang_1,2022-07-01,2022-07-31,ok,34.734787,118.59375,179324,
previous_runs,lianyungang_1,2022-09-01,2022-09-30,ok,34.734787,118.59375,173163,
previous_runs,lianyungang_1,2022-10-01,2022-10-31,ok,34.734787,118.59375,178050,
previous_runs,lianyungang_1,2022-11-01,2022-11-30,ok,34.734787,118.59375,171936,
previous_runs,lianyungang_1,2022-12-01,2022-12-31,ok,34.734787,118.59375,176553,
previous_runs,lianyungang_1,2023-01-01,2023-01-31,ok,34.734787,118.59375,176750,
previous_runs,lianyungang_1,2023-03-01,2023-03-31,ok,34.734787,118.59375,177681,
previous_runs,lianyungang_1,2023-02-01,2023-02-28,ok,34.734787,118.59375,159715,
previous_runs,lianyungang_1,2023-05-01,2023-05-31,ok,34.734787,118.59375,179293,
previous_runs,lianyungang_1,2023-04-01,2023-04-30,ok,34.734787,118.59375,172921,
previous_runs,lianyungang_1,2023-07-01,2023-07-31,ok,34.734787,118.59375,179329,
previous_runs,lianyungang_1,2023-06-01,2023-06-30,ok,34.734787,118.59375,173715,
previous_runs,lianyungang_1,2023-09-01,2023-09-30,ok,34.734787,118.59375,173164,
previous_runs,lianyungang_1,2023-08-01,2023-08-31,ok,34.734787,118.59375,179151,
previous_runs,lianyungang_1,2023-10-01,2023-10-31,ok,34.734787,118.59375,178295,
previous_runs,lianyungang_1,2023-11-01,2023-11-30,ok,34.734787,118.59375,171283,
previous_runs,lianyungang_1,2024-02-01,2024-02-29,ok,34.734787,118.59375,158903,
previous_runs,lianyungang_1,2024-03-01,2024-03-31,ok,34.734787,118.59375,169824,
previous_runs,lianyungang_1,2024-04-01,2024-04-30,ok,34.734787,118.59375,167423,
previous_runs,lianyungang_1,2024-05-01,2024-05-31,ok,34.734787,118.59375,174060,
previous_runs,lianyungang_1,2024-06-01,2024-06-30,ok,34.734787,118.59375,168918,
previous_runs,lianyungang_1,2024-07-01,2024-07-31,ok,34.734787,118.59375,172515,
previous_runs,lianyungang_1,2024-08-01,2024-08-31,ok,34.734787,118.59375,172085,
previous_runs,lianyungang_1,2024-09-01,2024-09-30,ok,34.734787,118.59375,166118,
previous_runs,lianyungang_1,2024-10-01,2024-10-31,ok,34.734787,118.59375,168871,
previous_runs,lianyungang_1,2024-11-01,2024-11-30,ok,34.734787,118.59375,162209,
previous_runs,lianyungang_1,2024-12-01,2024-12-31,ok,34.734787,118.59375,168510,
previous_runs,lianyungang_1,2025-01-01,2025-01-31,ok,34.734787,118.59375,168662,
previous_runs,lianyungang_1,2025-02-01,2025-02-28,ok,34.734787,118.59375,154603,
previous_runs,lianyungang_1,2025-03-01,2025-03-31,ok,34.734787,118.59375,170877,
previous_runs,lianyungang_1,2025-04-01,2025-04-30,ok,34.734787,118.59375,167680,
previous_runs,lianyungang_1,2025-05-01,2025-05-31,ok,34.734787,118.59375,173710,
previous_runs,lianyungang_1,2025-06-01,2025-06-30,ok,34.734787,118.59375,168198,
previous_runs,lianyungang_1,2025-07-01,2025-07-31,ok,34.734787,118.59375,173427,
previous_runs,lianyungang_1,2025-08-01,2025-08-31,ok,34.734787,118.59375,172626,
previous_runs,lianyungang_1,2025-09-01,2025-09-30,ok,34.734787,118.59375,165170,
previous_runs,lianyungang_1,2025-10-01,2025-10-31,ok,34.734787,118.59375,168483,
previous_runs,lianyungang_1,2025-11-01,2025-11-30,ok,34.734787,118.59375,161909,
previous_runs,lianyungang_1,2025-12-01,2025-12-31,ok,34.734787,118.59375,167348,
previous_runs,lianyungang_1,2026-01-01,2026-01-31,ok,34.734787,118.59375,168465,
previous_runs,lianyungang_1,2023-12-01,2023-12-31,ok,34.734787,118.59375,176942,
previous_runs,lianyungang_1,2024-01-01,2024-01-31,ok,34.734787,118.59375,174534,
previous_runs,yancheng_2,2019-02-01,2019-02-28,ok,33.094696,120.58594,161335,
previous_runs,yancheng_2,2019-03-01,2019-03-31,ok,33.094696,120.58594,178708,
previous_runs,yancheng_2,2019-04-01,2019-04-30,ok,33.094696,120.58594,173416,
previous_runs,yancheng_2,2019-06-01,2019-06-30,ok,33.094696,120.58594,173683,
previous_runs,yancheng_2,2019-07-01,2019-07-31,ok,33.094696,120.58594,179323,
previous_runs,yancheng_2,2019-08-01,2019-08-31,ok,33.094696,120.58594,179158,
previous_runs,yancheng_2,2019-05-01,2019-05-31,ok,33.094696,120.58594,179263,
previous_runs,yancheng_2,2019-10-01,2019-10-31,ok,33.094696,120.58594,178386,
previous_runs,yancheng_2,2019-11-01,2019-11-30,ok,33.094696,120.58594,172458,
previous_runs,yancheng_2,2019-09-01,2019-09-30,ok,33.094696,120.58594,173166,
previous_runs,yancheng_2,2020-02-01,2020-02-29,ok,33.094696,120.58594,166972,
previous_runs,yancheng_2,2019-12-01,2019-12-31,ok,33.094696,120.58594,177976,
previous_runs,yancheng_2,2020-03-01,2020-03-31,ok,33.094696,120.58594,178717,
previous_runs,yancheng_2,2020-04-01,2020-04-30,ok,33.094696,120.58594,173425,
previous_runs,yancheng_2,2020-01-01,2020-01-31,ok,33.094696,120.58594,178075,
previous_runs,yancheng_2,2020-05-01,2020-05-31,ok,33.094696,120.58594,179269,
previous_runs,yancheng_2,2020-06-01,2020-06-30,ok,33.094696,120.58594,173683,
previous_runs,yancheng_2,2020-09-01,2020-09-30,ok,33.094696,120.58594,173155,
previous_runs,yancheng_2,2020-08-01,2020-08-31,ok,33.094696,120.58594,179148,
previous_runs,yancheng_2,2020-07-01,2020-07-31,ok,33.094696,120.58594,179319,
previous_runs,yancheng_2,2020-11-01,2020-11-30,ok,33.094696,120.58594,172459,
previous_runs,yancheng_2,2020-10-01,2020-10-31,ok,33.094696,120.58594,178374,
previous_runs,yancheng_2,2021-01-01,2021-01-31,ok,33.094696,120.58594,178078,
previous_runs,yancheng_2,2021-02-01,2021-02-28,ok,33.094696,120.58594,161338,
previous_runs,yancheng_2,2020-12-01,2020-12-31,ok,33.094696,120.58594,177979,
previous_runs,yancheng_2,2021-03-01,2021-03-31,ok,33.094696,120.58594,178647,
previous_runs,yancheng_2,2021-04-01,2021-04-30,ok,33.094696,120.58594,172965,
previous_runs,yancheng_2,2021-06-01,2021-06-30,ok,33.094696,120.58594,173682,
previous_runs,yancheng_2,2021-07-01,2021-07-31,ok,33.094696,120.58594,179320,
previous_runs,yancheng_2,2021-08-01,2021-08-31,ok,33.094696,120.58594,179149,
previous_runs,yancheng_2,2021-05-01,2021-05-31,ok,33.094696,120.58594,179259,
previous_runs,yancheng_2,2021-11-01,2021-11-30,ok,33.094696,120.58594,171728,
previous_runs,yancheng_2,2021-10-01,2021-10-31,ok,33.094696,120.58594,178351,
previous_runs,yancheng_2,2021-12-01,2021-12-31,ok,33.094696,120.58594,176466,
previous_runs,yancheng_2,2021-09-01,2021-09-30,ok,33.094696,120.58594,173163,
previous_runs,yancheng_2,2022-03-01,2022-03-31,ok,33.094696,120.58594,177458,
previous_runs,yancheng_2,2022-01-01,2022-01-31,ok,33.094696,120.58594,175971,
previous_runs,yancheng_2,2022-02-01,2022-02-28,ok,33.094696,120.58594,159629,
previous_runs,yancheng_2,2022-05-01,2022-05-31,ok,33.094696,120.58594,179267,
previous_runs,yancheng_2,2022-04-01,2022-04-30,ok,33.094696,120.58594,173046,
previous_runs,yancheng_2,2022-07-01,2022-07-31,ok,33.094696,120.58594,179319,
previous_runs,yancheng_2,2022-06-01,2022-06-30,ok,33.094696,120.58594,173683,
previous_runs,yancheng_2,2022-08-01,2022-08-31,ok,33.094696,120.58594,179151,
previous_runs,yancheng_2,2022-09-01,2022-09-30,ok,33.094696,120.58594,173163,
previous_runs,yancheng_2,2022-10-01,2022-10-31,ok,33.094696,120.58594,178298,
previous_runs,yancheng_2,2022-11-01,2022-11-30,ok,33.094696,120.58594,172225,
previous_runs,yancheng_2,2022-12-01,2022-12-31,ok,33.094696,120.58594,176169,
previous_runs,yancheng_2,2023-01-01,2023-01-31,ok,33.094696,120.58594,176579,
previous_runs,yancheng_2,2023-02-01,2023-02-28,ok,33.094696,120.58594,159461,
previous_runs,yancheng_2,2023-03-01,2023-03-31,ok,33.094696,120.58594,177470,
previous_runs,yancheng_2,2023-06-01,2023-06-30,ok,33.094696,120.58594,173681,
previous_runs,yancheng_2,2023-05-01,2023-05-31,ok,33.094696,120.58594,179252,
previous_runs,yancheng_2,2023-07-01,2023-07-31,ok,33.094696,120.58594,179322,
previous_runs,yancheng_2,2023-04-01,2023-04-30,ok,33.094696,120.58594,173091,
previous_runs,yancheng_2,2023-09-01,2023-09-30,ok,33.094696,120.58594,173164,
previous_runs,yancheng_2,2023-08-01,2023-08-31,ok,33.094696,120.58594,179157,
previous_runs,yancheng_2,2023-10-01,2023-10-31,ok,33.094696,120.58594,178382,
previous_runs,yancheng_2,2023-11-01,2023-11-30,ok,33.094696,120.58594,171663,
previous_runs,yancheng_2,2024-02-01,2024-02-29,ok,33.094696,120.58594,156511,
previous_runs,yancheng_2,2024-03-01,2024-03-31,ok,33.094696,120.58594,169556,
previous_runs,yancheng_2,2024-04-01,2024-04-30,ok,33.094696,120.58594,167903,
previous_runs,yancheng_2,2024-05-01,2024-05-31,ok,33.094696,120.58594,174432,
previous_runs,yancheng_2,2024-06-01,2024-06-30,ok,33.094696,120.58594,170527,
previous_runs,yancheng_2,2024-07-01,2024-07-31,ok,33.094696,120.58594,175299,
previous_runs,yancheng_2,2024-08-01,2024-08-31,ok,33.094696,120.58594,174179,
previous_runs,yancheng_2,2024-09-01,2024-09-30,ok,33.094696,120.58594,166972,
previous_runs,yancheng_2,2024-10-01,2024-10-31,ok,33.094696,120.58594,169547,
previous_runs,yancheng_2,2024-11-01,2024-11-30,ok,33.094696,120.58594,162167,
previous_runs,yancheng_2,2024-12-01,2024-12-31,ok,33.094696,120.58594,167461,
previous_runs,yancheng_2,2025-01-01,2025-01-31,ok,33.094696,120.58594,168906,
previous_runs,yancheng_2,2025-02-01,2025-02-28,ok,33.094696,120.58594,154292,
previous_runs,yancheng_2,2025-03-01,2025-03-31,ok,33.094696,120.58594,169820,
previous_runs,yancheng_2,2025-04-01,2025-04-30,ok,33.094696,120.58594,167822,
previous_runs,yancheng_2,2025-05-01,2025-05-31,ok,33.094696,120.58594,174826,
previous_runs,yancheng_2,2025-06-01,2025-06-30,ok,33.094696,120.58594,169287,
previous_runs,yancheng_2,2025-07-01,2025-07-31,ok,33.094696,120.58594,174517,
previous_runs,yancheng_2,2025-08-01,2025-08-31,ok,33.094696,120.58594,173776,
previous_runs,yancheng_2,2025-09-01,2025-09-30,ok,33.094696,120.58594,166344,
previous_runs,yancheng_2,2025-10-01,2025-10-31,ok,33.094696,120.58594,169929,
previous_runs,yancheng_2,2025-11-01,2025-11-30,ok,33.094696,120.58594,162306,
previous_runs,yancheng_2,2025-12-01,2025-12-31,ok,33.094696,120.58594,166869,
previous_runs,yancheng_2,2026-01-01,2026-01-31,ok,33.094696,120.58594,168074,
previous_runs,yancheng_2,2024-01-01,2024-01-31,ok,33.094696,120.58594,174260,
previous_runs,yancheng_2,2023-12-01,2023-12-31,ok,33.094696,120.58594,176917,
previous_runs,yancheng_3,2019-02-01,2019-02-28,ok,33.094696,119.765625,161333,
previous_runs,yancheng_3,2019-03-01,2019-03-31,ok,33.094696,119.765625,178706,
previous_runs,yancheng_3,2019-04-01,2019-04-30,ok,33.094696,119.765625,173423,
previous_runs,yancheng_3,2019-05-01,2019-05-31,ok,33.094696,119.765625,179270,
previous_runs,yancheng_3,2019-06-01,2019-06-30,ok,33.094696,119.765625,173684,
previous_runs,yancheng_3,2019-09-01,2019-09-30,ok,33.094696,119.765625,173168,
previous_runs,yancheng_3,2019-07-01,2019-07-31,ok,33.094696,119.765625,179306,
previous_runs,yancheng_3,2019-08-01,2019-08-31,ok,33.094696,119.765625,179162,
previous_runs,yancheng_3,2019-10-01,2019-10-31,ok,33.094696,119.765625,178385,
previous_runs,yancheng_3,2019-12-01,2019-12-31,ok,33.094696,119.765625,177995,
previous_runs,yancheng_3,2019-11-01,2019-11-30,ok,33.094696,119.765625,172472,
previous_runs,yancheng_3,2020-02-01,2020-02-29,ok,33.094696,119.765625,166976,
previous_runs,yancheng_3,2020-01-01,2020-01-31,ok,33.094696,119.765625,178043,
previous_runs,yancheng_3,2020-04-01,2020-04-30,ok,33.094696,119.765625,173432,
previous_runs,yancheng_3,2020-03-01,2020-03-31,ok,33.094696,119.765625,178712,
previous_runs,yancheng_3,2020-05-01,2020-05-31,ok,33.094696,119.765625,179273,
previous_runs,yancheng_3,2020-06-01,2020-06-30,ok,33.094696,119.765625,173684,
previous_runs,yancheng_3,2020-07-01,2020-07-31,ok,33.094696,119.765625,179303,
previous_runs,yancheng_3,2020-08-01,2020-08-31,ok,33.094696,119.765625,179156,
previous_runs,yancheng_3,2020-09-01,2020-09-30,ok,33.094696,119.765625,173159,
previous_runs,yancheng_3,2020-10-01,2020-10-31,ok,33.094696,119.765625,178370,
previous_runs,yancheng_3,2021-01-01,2021-01-31,ok,33.094696,119.765625,178049,
previous_runs,yancheng_3,2020-11-01,2020-11-30,ok,33.094696,119.765625,172466,
previous_runs,yancheng_3,2020-12-01,2020-12-31,ok,33.094696,119.765625,177995,
previous_runs,yancheng_3,2021-02-01,2021-02-28,ok,33.094696,119.765625,161339,
previous_runs,yancheng_3,2021-03-01,2021-03-31,ok,33.094696,119.765625,178646,
previous_runs,yancheng_3,2021-06-01,2021-06-30,ok,33.094696,119.765625,173684,
previous_runs,yancheng_3,2021-07-01,2021-07-31,ok,33.094696,119.765625,179305,
previous_runs,yancheng_3,2021-08-01,2021-08-31,ok,33.094696,119.765625,179158,
previous_runs,yancheng_3,2021-09-01,2021-09-30,ok,33.094696,119.765625,173164,
previous_runs,yancheng_3,2021-10-01,2021-10-31,ok,33.094696,119.765625,178316,
previous_runs,yancheng_3,2021-11-01,2021-11-30,ok,33.094696,119.765625,171751,
previous_runs,yancheng_3,2021-12-01,2021-12-31,ok,33.094696,119.765625,176543,
previous_runs,yancheng_3,2022-01-01,2022-01-31,ok,33.094696,119.765625,176025,
previous_runs,yancheng_3,2022-02-01,2022-02-28,ok,33.094696,119.765625,159785,
previous_runs,yancheng_3,2022-03-01,2022-03-31,ok,33.094696,119.765625,177640,
previous_runs,yancheng_3,2022-04-01,2022-04-30,ok,33.094696,119.765625,173036,
previous_runs,yancheng_3,2022-05-01,2022-05-31,ok,33.094696,119.765625,179268,
previous_runs,yancheng_3,2022-06-01,2022-06-30,ok,33.094696,119.765625,173683,
previous_runs,yancheng_3,2022-07-01,2022-07-31,ok,33.094696,119.765625,179306,
previous_runs,yancheng_3,2022-08-01,2022-08-31,ok,33.094696,119.765625,179158,
previous_runs,yancheng_3,2022-09-01,2022-09-30,ok,33.094696,119.765625,173167,
previous_runs,yancheng_3,2022-10-01,2022-10-31,ok,33.094696,119.765625,178303,
previous_runs,yancheng_3,2022-11-01,2022-11-30,ok,33.094696,119.765625,172275,
previous_runs,yancheng_3,2022-12-01,2022-12-31,ok,33.094696,119.765625,176155,
previous_runs,yancheng_3,2023-01-01,2023-01-31,ok,33.094696,119.765625,176679,
previous_runs,yancheng_3,2023-02-01,2023-02-28,ok,33.094696,119.765625,159667,
previous_runs,yancheng_3,2023-03-01,2023-03-31,ok,33.094696,119.765625,177650,
previous_runs,yancheng_3,2023-04-01,2023-04-30,ok,33.094696,119.765625,173047,
previous_runs,yancheng_3,2023-05-01,2023-05-31,ok,33.094696,119.765625,179241,
previous_runs,yancheng_3,2023-06-01,2023-06-30,ok,33.094696,119.765625,173683,
previous_runs,yancheng_3,2023-07-01,2023-07-31,ok,33.094696,119.765625,179305,
previous_runs,yancheng_3,2023-08-01,2023-08-31,ok,33.094696,119.765625,179161,
previous_runs,yancheng_3,2023-09-01,2023-09-30,ok,33.094696,119.765625,173167,
previous_runs,yancheng_3,2023-10-01,2023-10-31,ok,33.094696,119.765625,178388,
previous_runs,yancheng_3,2023-11-01,2023-11-30,ok,33.094696,119.765625,171660,
previous_runs,yancheng_3,2023-12-01,2023-12-31,ok,33.094696,119.765625,176989,
previous_runs,yancheng_3,2024-01-01,2024-01-31,ok,33.094696,119.765625,174291,
previous_runs,yancheng_3,2024-02-01,2024-02-29,ok,33.094696,119.765625,156764,
previous_runs,yancheng_3,2024-03-01,2024-03-31,ok,33.094696,119.765625,169363,
previous_runs,yancheng_3,2024-04-01,2024-04-30,ok,33.094696,119.765625,167432,
previous_runs,yancheng_3,2024-05-01,2024-05-31,ok,33.094696,119.765625,174024,
previous_runs,yancheng_3,2024-06-01,2024-06-30,ok,33.094696,119.765625,170219,
previous_runs,yancheng_3,2024-07-01,2024-07-31,ok,33.094696,119.765625,174905,
previous_runs,yancheng_3,2024-08-01,2024-08-31,ok,33.094696,119.765625,173271,
previous_runs,yancheng_3,2024-09-01,2024-09-30,ok,33.094696,119.765625,166484,
previous_runs,yancheng_3,2024-10-01,2024-10-31,ok,33.094696,119.765625,169034,
previous_runs,yancheng_3,2024-11-01,2024-11-30,ok,33.094696,119.765625,161468,
previous_runs,yancheng_3,2024-12-01,2024-12-31,ok,33.094696,119.765625,166824,
previous_runs,yancheng_3,2025-01-01,2025-01-31,ok,33.094696,119.765625,168638,
previous_runs,yancheng_3,2025-02-01,2025-02-28,ok,33.094696,119.765625,154181,
previous_runs,yancheng_3,2025-03-01,2025-03-31,ok,33.094696,119.765625,169809,
previous_runs,yancheng_3,2025-04-01,2025-04-30,ok,33.094696,119.765625,167969,
previous_runs,yancheng_3,2025-05-01,2025-05-31,ok,33.094696,119.765625,174493,
previous_runs,yancheng_3,2025-06-01,2025-06-30,ok,33.094696,119.765625,168935,
previous_runs,yancheng_3,2025-07-01,2025-07-31,ok,33.094696,119.765625,174494,
previous_runs,yancheng_3,2025-08-01,2025-08-31,ok,33.094696,119.765625,173047,
previous_runs,yancheng_3,2025-09-01,2025-09-30,ok,33.094696,119.765625,165536,
previous_runs,yancheng_3,2025-10-01,2025-10-31,ok,33.094696,119.765625,169319,
previous_runs,yancheng_3,2025-11-01,2025-11-30,ok,33.094696,119.765625,161814,
previous_runs,yancheng_3,2025-12-01,2025-12-31,ok,33.094696,119.765625,166751,
previous_runs,yancheng_3,2026-01-01,2026-01-31,ok,33.094696,119.765625,167929,
previous_runs,lianyungang_2,2019-02-01,2019-02-28,ok,34.734787,119.41406,161297,
previous_runs,lianyungang_2,2019-03-01,2019-03-31,ok,34.734787,119.41406,178682,
previous_runs,lianyungang_2,2019-04-01,2019-04-30,ok,34.734787,119.41406,173402,
previous_runs,lianyungang_2,2019-05-01,2019-05-31,ok,34.734787,119.41406,179294,
previous_runs,lianyungang_2,2019-06-01,2019-06-30,ok,34.734787,119.41406,173685,
previous_runs,lianyungang_2,2019-07-01,2019-07-31,ok,34.734787,119.41406,179316,
previous_runs,lianyungang_2,2019-08-01,2019-08-31,ok,34.734787,119.41406,179151,
previous_runs,lianyungang_2,2019-09-01,2019-09-30,ok,34.734787,119.41406,173166,
previous_runs,lianyungang_2,2019-10-01,2019-10-31,ok,34.734787,119.41406,178323,
previous_runs,lianyungang_2,2019-11-01,2019-11-30,ok,34.734787,119.41406,172440,
previous_runs,lianyungang_2,2019-12-01,2019-12-31,ok,34.734787,119.41406,177933,
previous_runs,lianyungang_2,2020-01-01,2020-01-31,ok,34.734787,119.41406,177999,
previous_runs,lianyungang_2,2020-02-01,2020-02-29,ok,34.734787,119.41406,166935,
previous_runs,lianyungang_2,2020-03-01,2020-03-31,ok,34.734787,119.41406,178692,
previous_runs,lianyungang_2,2020-04-01,2020-04-30,ok,34.734787,119.41406,173411,
previous_runs,lianyungang_2,2020-05-01,2020-05-31,ok,34.734787,119.41406,179300,
previous_runs,lianyungang_2,2020-06-01,2020-06-30,ok,34.734787,119.41406,173685,
previous_runs,lianyungang_2,2020-07-01,2020-07-31,ok,34.734787,119.41406,179316,
previous_runs,lianyungang_2,2020-08-01,2020-08-31,ok,34.734787,119.41406,179145,
previous_runs,lianyungang_2,2020-09-01,2020-09-30,ok,34.734787,119.41406,173154,
previous_runs,lianyungang_2,2020-10-01,2020-10-31,ok,34.734787,119.41406,178317,
previous_runs,lianyungang_2,2020-11-01,2020-11-30,ok,34.734787,119.41406,172437,
previous_runs,lianyungang_2,2020-12-01,2020-12-31,ok,34.734787,119.41406,177933,
previous_runs,lianyungang_2,2021-01-01,2021-01-31,ok,34.734787,119.41406,178005,
previous_runs,lianyungang_2,2021-02-01,2021-02-28,ok,34.734787,119.41406,161301,
previous_runs,lianyungang_2,2021-03-01,2021-03-31,ok,34.734787,119.41406,178415,
previous_runs,lianyungang_2,2021-04-01,2021-04-30,ok,34.734787,119.41406,172563,
previous_runs,lianyungang_2,2021-05-01,2021-05-31,ok,34.734787,119.41406,179262,
previous_runs,lianyungang_2,2021-06-01,2021-06-30,ok,34.734787,119.41406,173684,
previous_runs,lianyungang_2,2021-07-01,2021-07-31,ok,34.734787,119.41406,179315,
previous_runs,lianyungang_2,2021-08-01,2021-08-31,ok,34.734787,119.41406,179145,
previous_runs,lianyungang_2,2021-09-01,2021-09-30,ok,34.734787,119.41406,173162,
previous_runs,lianyungang_2,2021-10-01,2021-10-31,ok,34.734787,119.41406,178166,
previous_runs,lianyungang_2,2021-11-01,2021-11-30,ok,34.734787,119.41406,171432,
previous_runs,lianyungang_2,2021-12-01,2021-12-31,ok,34.734787,119.41406,176221,
previous_runs,lianyungang_2,2022-01-01,2022-01-31,ok,34.734787,119.41406,176383,
previous_runs,lianyungang_2,2022-02-01,2022-02-28,ok,34.734787,119.41406,160017,
previous_runs,lianyungang_2,2022-03-01,2022-03-31,ok,34.734787,119.41406,176842,
previous_runs,lianyungang_2,2022-04-01,2022-04-30,ok,34.734787,119.41406,172723,
previous_runs,lianyungang_2,2022-05-01,2022-05-31,ok,34.734787,119.41406,179275,
previous_runs,lianyungang_2,2022-06-01,2022-06-30,ok,34.734787,119.41406,173685,
previous_runs,lianyungang_2,2022-07-01,2022-07-31,ok,34.734787,119.41406,179315,
previous_runs,lianyungang_2,2022-08-01,2022-08-31,ok,34.734787,119.41406,179145,
previous_runs,lianyungang_2,2022-09-01,2022-09-30,ok,34.734787,119.41406,173163,
previous_runs,lianyungang_2,2022-10-01,2022-10-31,ok,34.734787,119.41406,178193,
previous_runs,lianyungang_2,2022-11-01,2022-11-30,ok,34.734787,119.41406,171932,
previous_runs,lianyungang_2,2022-12-01,2022-12-31,ok,34.734787,119.41406,176450,
previous_runs,lianyungang_2,2023-01-01,2023-01-31,ok,34.734787,119.41406,176653,
previous_runs,lianyungang_2,2023-02-01,2023-02-28,ok,34.734787,119.41406,159738,
previous_runs,lianyungang_2,2023-03-01,2023-03-31,ok,34.734787,119.41406,177048,
previous_runs,lianyungang_2,2023-04-01,2023-04-30,ok,34.734787,119.41406,172504,
previous_runs,lianyungang_2,2023-05-01,2023-05-31,ok,34.734787,119.41406,179295,
previous_runs,lianyungang_2,2023-06-01,2023-06-30,ok,34.734787,119.41406,173684,
previous_runs,lianyungang_2,2023-07-01,2023-07-31,ok,34.734787,119.41406,179315,
previous_runs,lianyungang_2,2023-08-01,2023-08-31,ok,34.734787,119.41406,179151,
previous_runs,lianyungang_2,2023-09-01,2023-09-30,ok,34.734787,119.41406,173166,
previous_runs,lianyungang_2,2023-10-01,2023-10-31,ok,34.734787,119.41406,178314,
previous_runs,lianyungang_2,2023-11-01,2023-11-30,ok,34.734787,119.41406,171098,
previous_runs,lianyungang_2,2023-12-01,2023-12-31,ok,34.734787,119.41406,176738,
previous_runs,lianyungang_2,2024-01-01,2024-01-31,ok,34.734787,119.41406,173913,
previous_runs,lianyungang_2,2024-02-01,2024-02-29,ok,34.734787,119.41406,156850,
previous_runs,lianyungang_2,2024-03-01,2024-03-31,ok,34.734787,119.41406,167133,
previous_runs,lianyungang_2,2024-04-01,2024-04-30,ok,34.734787,119.41406,164258,
previous_runs,lianyungang_2,2024-05-01,2024-05-31,ok,34.734787,119.41406,171726,
previous_runs,lianyungang_2,2024-06-01,2024-06-30,ok,34.734787,119.41406,168383,
previous_runs,lianyungang_2,2024-07-01,2024-07-31,ok,34.734787,119.41406,172470,
previous_runs,lianyungang_2,2024-08-01,2024-08-31,ok,34.734787,119.41406,171400,
previous_runs,lianyungang_2,2024-09-01,2024-09-30,ok,34.734787,119.41406,164434,
previous_runs,lianyungang_2,2024-10-01,2024-10-31,ok,34.734787,119.41406,166961,
previous_runs,lianyungang_2,2024-11-01,2024-11-30,ok,34.734787,119.41406,160520,
previous_runs,lianyungang_2,2024-12-01,2024-12-31,ok,34.734787,119.41406,166251,
previous_runs,lianyungang_2,2025-01-01,2025-01-31,ok,34.734787,119.41406,166530,
previous_runs,lianyungang_2,2025-02-01,2025-02-28,ok,34.734787,119.41406,152736,
previous_runs,lianyungang_2,2025-03-01,2025-03-31,ok,34.734787,119.41406,168012,
previous_runs,lianyungang_2,2025-04-01,2025-04-30,ok,34.734787,119.41406,165217,
previous_runs,lianyungang_2,2025-05-01,2025-05-31,ok,34.734787,119.41406,172086,
previous_runs,lianyungang_2,2025-06-01,2025-06-30,ok,34.734787,119.41406,167641,
previous_runs,lianyungang_2,2025-07-01,2025-07-31,ok,34.734787,119.41406,173145,
previous_runs,lianyungang_2,2025-08-01,2025-08-31,ok,34.734787,119.41406,171760,
previous_runs,lianyungang_2,2025-09-01,2025-09-30,ok,34.734787,119.41406,163196,
previous_runs,lianyungang_2,2025-10-01,2025-10-31,ok,34.734787,119.41406,167048,
previous_runs,lianyungang_2,2025-11-01,2025-11-30,ok,34.734787,119.41406,160011,
previous_runs,lianyungang_2,2025-12-01,2025-12-31,ok,34.734787,119.41406,164795,
previous_runs,lianyungang_2,2026-01-01,2026-01-31,ok,34.734787,119.41406,166665,
satellite,changzhou_1,2019-02-01,2019-02-28,ok,31.5,119.8,28557,
satellite,changzhou_1,2019-03-01,2019-03-31,ok,31.5,119.8,32442,
satellite,changzhou_1,2019-04-01,2019-04-30,ok,31.5,119.8,31476,
satellite,changzhou_1,2019-05-01,2019-05-31,ok,31.5,119.8,32911,
satellite,changzhou_1,2019-06-01,2019-06-30,ok,31.5,119.8,31835,
satellite,changzhou_1,2019-07-01,2019-07-31,ok,31.5,119.8,33019,
satellite,changzhou_1,2019-08-01,2019-08-31,ok,31.5,119.8,32944,
satellite,changzhou_1,2019-09-01,2019-09-30,ok,31.5,119.8,31624,
satellite,changzhou_1,2019-10-01,2019-10-31,ok,31.5,119.8,32302,
satellite,changzhou_1,2019-11-01,2019-11-30,ok,31.5,119.8,31046,
satellite,changzhou_1,2019-12-01,2019-12-31,ok,31.5,119.8,31858,
satellite,changzhou_1,2020-01-01,2020-01-31,ok,31.5,119.8,31329,
satellite,changzhou_1,2020-02-01,2020-02-29,ok,31.5,119.8,30109,
satellite,changzhou_1,2020-03-01,2020-03-31,ok,31.5,119.8,32339,
satellite,changzhou_1,2020-04-01,2020-04-30,ok,31.5,119.8,31789,
satellite,changzhou_1,2020-05-01,2020-05-31,ok,31.5,119.8,32845,
satellite,changzhou_1,2020-06-01,2020-06-30,ok,31.5,119.8,31605,
satellite,changzhou_1,2020-07-01,2020-07-31,ok,31.5,119.8,32358,
satellite,changzhou_1,2020-08-01,2020-08-31,ok,31.5,119.8,32989,
satellite,changzhou_1,2020-09-01,2020-09-30,ok,31.5,119.8,31514,
satellite,changzhou_1,2020-10-01,2020-10-31,ok,31.5,119.8,32296,
satellite,changzhou_1,2020-11-01,2020-11-30,ok,31.5,119.8,30890,
satellite,changzhou_1,2020-12-01,2020-12-31,ok,31.5,119.8,31912,
satellite,changzhou_1,2021-01-01,2021-01-31,ok,31.5,119.8,32053,
satellite,changzhou_1,2021-02-01,2021-02-28,ok,31.5,119.8,29119,
satellite,changzhou_1,2021-03-01,2021-03-31,ok,31.5,119.8,32250,
satellite,changzhou_1,2021-04-01,2021-04-30,ok,31.5,119.8,31531,
satellite,changzhou_1,2021-05-01,2021-05-31,ok,31.5,119.8,32741,
satellite,changzhou_1,2021-06-01,2021-06-30,ok,31.5,119.8,31823,
satellite,changzhou_1,2021-07-01,2021-07-31,ok,31.5,119.8,32784,
satellite,changzhou_1,2021-08-01,2021-08-31,ok,31.5,119.8,32728,
satellite,changzhou_1,2021-09-01,2021-09-30,ok,31.5,119.8,31653,
satellite,changzhou_1,2021-10-01,2021-10-31,ok,31.5,119.8,32336,
satellite,changzhou_1,2021-11-01,2021-11-30,ok,31.5,119.8,31182,
satellite,changzhou_1,2021-12-01,2021-12-31,ok,31.5,119.8,32143,
satellite,changzhou_1,2022-01-01,2022-01-31,ok,31.5,119.8,31779,
satellite,changzhou_1,2022-02-01,2022-02-28,ok,31.5,119.8,28963,
satellite,changzhou_1,2022-03-01,2022-03-31,ok,31.5,119.8,32470,
satellite,changzhou_1,2022-04-01,2022-04-30,ok,31.5,119.8,31676,
satellite,changzhou_1,2022-05-01,2022-05-31,ok,31.5,119.8,32961,
satellite,changzhou_1,2022-06-01,2022-06-30,ok,31.5,119.8,32122,
satellite,changzhou_1,2022-07-01,2022-07-31,ok,31.5,119.8,33251,
satellite,changzhou_1,2022-08-01,2022-08-31,ok,31.5,119.8,32867,
satellite,changzhou_1,2022-09-01,2022-09-30,ok,31.5,119.8,31477,
satellite,changzhou_1,2022-10-01,2022-10-31,ok,31.5,119.8,32352,
satellite,changzhou_1,2022-11-01,2022-11-30,ok,31.5,119.8,30861,
satellite,changzhou_1,2022-12-01,2022-12-31,ok,31.5,119.8,31885,
satellite,changzhou_1,2023-01-01,2023-01-31,ok,31.5,119.8,32090,
satellite,changzhou_1,2023-02-01,2023-02-28,ok,31.5,119.8,28944,
satellite,changzhou_1,2023-03-01,2023-03-31,ok,31.5,119.8,32461,
satellite,changzhou_1,2023-04-01,2023-04-30,ok,31.5,119.8,31581,
satellite,changzhou_1,2023-05-01,2023-05-31,ok,31.5,119.8,32725,
satellite,changzhou_1,2023-06-01,2023-06-30,ok,31.5,119.8,31715,
satellite,changzhou_1,2023-07-01,2023-07-31,ok,31.5,119.8,32884,
satellite,changzhou_1,2023-08-01,2023-08-31,ok,31.5,119.8,32924,
satellite,changzhou_1,2023-09-01,2023-09-30,ok,31.5,119.8,31308,
satellite,changzhou_1,2023-10-01,2023-10-31,ok,31.5,119.8,32453,
satellite,changzhou_1,2023-11-01,2023-11-30,ok,31.5,119.8,31204,
satellite,changzhou_1,2023-12-01,2023-12-31,ok,31.5,119.8,31960,
satellite,changzhou_1,2024-01-01,2024-01-31,ok,31.5,119.8,32086,
satellite,changzhou_1,2024-02-01,2024-02-29,ok,31.5,119.8,29719,
satellite,changzhou_1,2024-03-01,2024-03-31,ok,31.5,119.8,32409,
satellite,changzhou_1,2024-04-01,2024-04-30,ok,31.5,119.8,31346,
satellite,changzhou_1,2024-05-01,2024-05-31,ok,31.5,119.8,33061,
satellite,changzhou_1,2024-06-01,2024-06-30,ok,31.5,119.8,31634,
satellite,changzhou_1,2024-07-01,2024-07-31,ok,31.5,119.8,32917,
satellite,changzhou_1,2024-08-01,2024-08-31,ok,31.5,119.8,32889,
satellite,changzhou_1,2024-09-01,2024-09-30,ok,31.5,119.8,31591,
satellite,changzhou_1,2024-10-01,2024-10-31,ok,31.5,119.8,32113,
satellite,changzhou_1,2024-11-01,2024-11-30,ok,31.5,119.8,31017,
satellite,changzhou_1,2024-12-01,2024-12-31,ok,31.5,119.8,32113,
satellite,changzhou_1,2025-01-01,2025-01-31,ok,31.5,119.8,32243,
satellite,changzhou_1,2025-02-01,2025-02-28,ok,31.5,119.8,29228,
satellite,changzhou_1,2025-03-01,2025-03-31,ok,31.5,119.8,32463,
satellite,changzhou_1,2025-04-01,2025-04-30,ok,31.5,119.8,31919,
satellite,changzhou_1,2025-05-01,2025-05-31,ok,31.5,119.8,32985,
satellite,changzhou_1,2025-06-01,2025-06-30,ok,31.5,119.8,31631,
satellite,changzhou_1,2025-07-01,2025-07-31,ok,31.5,119.8,33197,
satellite,changzhou_1,2025-08-01,2025-08-31,ok,31.5,119.8,33053,
satellite,changzhou_1,2025-09-01,2025-09-30,ok,31.5,119.8,31475,
satellite,changzhou_1,2025-10-01,2025-10-31,ok,31.5,119.8,32188,
satellite,changzhou_1,2025-11-01,2025-11-30,ok,31.5,119.8,31253,
satellite,changzhou_1,2025-12-01,2025-12-31,ok,31.5,119.8,32161,
satellite,changzhou_1,2026-01-01,2026-01-31,ok,31.5,119.8,32118,
satellite,nanjing_1,2019-02-01,2019-02-28,ok,31.900002,118.600006,28568,
satellite,nanjing_1,2019-03-01,2019-03-31,ok,31.900002,118.600006,32486,
satellite,nanjing_1,2019-04-01,2019-04-30,ok,31.900002,118.600006,31497,
satellite,nanjing_1,2019-05-01,2019-05-31,ok,31.900002,118.600006,32980,
satellite,nanjing_1,2019-06-01,2019-06-30,ok,31.900002,118.600006,31976,
satellite,nanjing_1,2019-07-01,2019-07-31,ok,31.900002,118.600006,33094,
satellite,nanjing_1,2019-08-01,2019-08-31,ok,31.900002,118.600006,32970,
satellite,nanjing_1,2019-09-01,2019-09-30,ok,31.900002,118.600006,31635,
satellite,nanjing_1,2019-10-01,2019-10-31,ok,31.900002,118.600006,32257,
satellite,nanjing_1,2019-11-01,2019-11-30,ok,31.900002,118.600006,31109,
satellite,nanjing_1,2019-12-01,2019-12-31,ok,31.900002,118.600006,31851,
satellite,nanjing_1,2020-01-01,2020-01-31,ok,31.900002,118.600006,31338,
satellite,nanjing_1,2020-02-01,2020-02-29,ok,31.900002,118.600006,30073,
satellite,nanjing_1,2020-03-01,2020-03-31,ok,31.900002,118.600006,32412,
satellite,nanjing_1,2020-04-01,2020-04-30,ok,31.900002,118.600006,31786,
satellite,nanjing_1,2020-05-01,2020-05-31,ok,31.900002,118.600006,32904,
satellite,nanjing_1,2020-06-01,2020-06-30,ok,31.900002,118.600006,31627,
satellite,nanjing_1,2020-07-01,2020-07-31,ok,31.900002,118.600006,32409,
satellite,nanjing_1,2020-08-01,2020-08-31,ok,31.900002,118.600006,32936,
satellite,nanjing_1,2020-09-01,2020-09-30,ok,31.900002,118.600006,31568,
satellite,nanjing_1,2020-10-01,2020-10-31,ok,31.900002,118.600006,32298,
satellite,nanjing_1,2020-11-01,2020-11-30,ok,31.900002,118.600006,30855,
satellite,nanjing_1,2020-12-01,2020-12-31,ok,31.900002,118.600006,31914,
satellite,nanjing_1,2021-01-01,2021-01-31,ok,31.900002,118.600006,32034,
satellite,nanjing_1,2021-02-01,2021-02-28,ok,31.900002,118.600006,29209,
satellite,nanjing_1,2021-03-01,2021-03-31,ok,31.900002,118.600006,32251,
satellite,nanjing_1,2021-04-01,2021-04-30,ok,31.900002,118.600006,31504,
satellite,nanjing_1,2021-05-01,2021-05-31,ok,31.900002,118.600006,32776,
satellite,nanjing_1,2021-06-01,2021-06-30,ok,31.900002,118.600006,31873,
satellite,nanjing_1,2021-07-01,2021-07-31,ok,31.900002,118.600006,32723,
satellite,nanjing_1,2021-08-01,2021-08-31,ok,31.900002,118.600006,32711,
satellite,nanjing_1,2021-09-01,2021-09-30,ok,31.900002,118.600006,31662,
satellite,nanjing_1,2021-10-01,2021-10-31,ok,31.900002,118.600006,32242,
satellite,nanjing_1,2021-11-01,2021-11-30,ok,31.900002,118.600006,31185,
satellite,nanjing_1,2021-12-01,2021-12-31,ok,31.900002,118.600006,32145,
satellite,nanjing_1,2022-01-01,2022-01-31,ok,31.900002,118.600006,31799,
satellite,nanjing_1,2022-02-01,2022-02-28,ok,31.900002,118.600006,28989,
satellite,nanjing_1,2022-03-01,2022-03-31,ok,31.900002,118.600006,32500,
satellite,nanjing_1,2022-04-01,2022-04-30,ok,31.900002,118.600006,31749,
satellite,nanjing_1,2022-05-01,2022-05-31,ok,31.900002,118.600006,33062,
satellite,nanjing_1,2022-06-01,2022-06-30,ok,31.900002,118.600006,32198,
satellite,nanjing_1,2022-07-01,2022-07-31,ok,31.900002,118.600006,33139,
satellite,nanjing_1,2022-08-01,2022-08-31,ok,31.900002,118.600006,32908,
satellite,nanjing_1,2022-09-01,2022-09-30,ok,31.900002,118.600006,31611,
satellite,nanjing_1,2022-10-01,2022-10-31,ok,31.900002,118.600006,32312,
satellite,nanjing_1,2022-11-01,2022-11-30,ok,31.900002,118.600006,30811,
satellite,nanjing_1,2022-12-01,2022-12-31,ok,31.900002,118.600006,31979,
satellite,nanjing_1,2023-01-01,2023-01-31,ok,31.900002,118.600006,32133,
satellite,nanjing_1,2023-02-01,2023-02-28,ok,31.900002,118.600006,28942,
satellite,nanjing_1,2023-03-01,2023-03-31,ok,31.900002,118.600006,32468,
satellite,nanjing_1,2023-04-01,2023-04-30,ok,31.900002,118.600006,31614,
satellite,nanjing_1,2023-05-01,2023-05-31,ok,31.900002,118.600006,32773,
satellite,nanjing_1,2023-06-01,2023-06-30,ok,31.900002,118.600006,31788,
satellite,nanjing_1,2023-07-01,2023-07-31,ok,31.900002,118.600006,32798,
satellite,nanjing_1,2023-08-01,2023-08-31,ok,31.900002,118.600006,32938,
satellite,nanjing_1,2023-09-01,2023-09-30,ok,31.900002,118.600006,31255,
satellite,nanjing_1,2023-10-01,2023-10-31,ok,31.900002,118.600006,32442,
satellite,nanjing_1,2023-11-01,2023-11-30,ok,31.900002,118.600006,31196,
satellite,nanjing_1,2023-12-01,2023-12-31,ok,31.900002,118.600006,31957,
satellite,nanjing_1,2024-01-01,2024-01-31,ok,31.900002,118.600006,31985,
satellite,nanjing_1,2024-02-01,2024-02-29,ok,31.900002,118.600006,29811,
satellite,nanjing_1,2024-03-01,2024-03-31,ok,31.900002,118.600006,32376,
satellite,nanjing_1,2024-04-01,2024-04-30,ok,31.900002,118.600006,31454,
satellite,nanjing_1,2024-05-01,2024-05-31,ok,31.900002,118.600006,33071,
satellite,nanjing_1,2024-06-01,2024-06-30,ok,31.900002,118.600006,31816,
satellite,nanjing_1,2024-07-01,2024-07-31,ok,31.900002,118.600006,32927,
satellite,nanjing_1,2024-08-01,2024-08-31,ok,31.900002,118.600006,32995,
satellite,nanjing_1,2024-09-01,2024-09-30,ok,31.900002,118.600006,31577,
satellite,nanjing_1,2024-10-01,2024-10-31,ok,31.900002,118.600006,32235,
satellite,nanjing_1,2024-11-01,2024-11-30,ok,31.900002,118.600006,31084,
satellite,nanjing_1,2024-12-01,2024-12-31,ok,31.900002,118.600006,32165,
satellite,nanjing_1,2025-01-01,2025-01-31,ok,31.900002,118.600006,32253,
satellite,nanjing_1,2025-02-01,2025-02-28,ok,31.900002,118.600006,29262,
satellite,nanjing_1,2025-03-01,2025-03-31,ok,31.900002,118.600006,32495,
satellite,nanjing_1,2025-04-01,2025-04-30,ok,31.900002,118.600006,31951,
satellite,nanjing_1,2025-05-01,2025-05-31,ok,31.900002,118.600006,33040,
satellite,nanjing_1,2025-06-01,2025-06-30,ok,31.900002,118.600006,31604,
satellite,nanjing_1,2025-07-01,2025-07-31,ok,31.900002,118.600006,33247,
satellite,nanjing_1,2025-08-01,2025-08-31,ok,31.900002,118.600006,32992,
satellite,nanjing_1,2025-09-01,2025-09-30,ok,31.900002,118.600006,31429,
satellite,nanjing_1,2025-10-01,2025-10-31,ok,31.900002,118.600006,32171,
satellite,nanjing_1,2025-11-01,2025-11-30,ok,31.900002,118.600006,31165,
satellite,nanjing_1,2025-12-01,2025-12-31,ok,31.900002,118.600006,32187,
satellite,nanjing_1,2026-01-01,2026-01-31,ok,31.900002,118.600006,32105,
satellite,suzhou_1,2019-02-01,2019-02-28,ok,31.5,121.0,28641,
satellite,suzhou_1,2019-03-01,2019-03-31,ok,31.5,121.0,32415,
satellite,suzhou_1,2019-04-01,2019-04-30,ok,31.5,121.0,31484,
satellite,suzhou_1,2019-05-01,2019-05-31,ok,31.5,121.0,32956,
satellite,suzhou_1,2019-06-01,2019-06-30,ok,31.5,121.0,31879,
satellite,suzhou_1,2019-07-01,2019-07-31,ok,31.5,121.0,32931,
satellite,suzhou_1,2019-08-01,2019-08-31,ok,31.5,121.0,32889,
satellite,suzhou_1,2019-09-01,2019-09-30,ok,31.5,121.0,31601,
satellite,suzhou_1,2019-10-01,2019-10-31,ok,31.5,121.0,32380,
satellite,suzhou_1,2019-11-01,2019-11-30,ok,31.5,121.0,31039,
satellite,suzhou_1,2019-12-01,2019-12-31,ok,31.5,121.0,31896,
satellite,suzhou_1,2020-01-01,2020-01-31,ok,31.5,121.0,31473,
satellite,suzhou_1,2020-02-01,2020-02-29,ok,31.5,121.0,30140,
satellite,suzhou_1,2020-03-01,2020-03-31,ok,31.5,121.0,32416,
satellite,suzhou_1,2020-04-01,2020-04-30,ok,31.5,121.0,31823,
satellite,suzhou_1,2020-05-01,2020-05-31,ok,31.5,121.0,32845,
satellite,suzhou_1,2020-06-01,2020-06-30,ok,31.5,121.0,31586,
satellite,suzhou_1,2020-07-01,2020-07-31,ok,31.5,121.0,32544,
satellite,suzhou_1,2020-08-01,2020-08-31,ok,31.5,121.0,33011,
satellite,suzhou_1,2020-09-01,2020-09-30,ok,31.5,121.0,31485,
satellite,suzhou_1,2020-10-01,2020-10-31,ok,31.5,121.0,32402,
satellite,suzhou_1,2020-11-01,2020-11-30,ok,31.5,121.0,30951,
satellite,suzhou_1,2020-12-01,2020-12-31,ok,31.5,121.0,31947,
satellite,suzhou_1,2021-01-01,2021-01-31,ok,31.5,121.0,32064,
satellite,suzhou_1,2021-02-01,2021-02-28,ok,31.5,121.0,29093,
satellite,suzhou_1,2021-03-01,2021-03-31,ok,31.5,121.0,32236,
satellite,suzhou_1,2021-04-01,2021-04-30,ok,31.5,121.0,31640,
satellite,suzhou_1,2021-05-01,2021-05-31,ok,31.5,121.0,32780,
satellite,suzhou_1,2021-06-01,2021-06-30,ok,31.5,121.0,31720,
satellite,suzhou_1,2021-07-01,2021-07-31,ok,31.5,121.0,32804,
satellite,suzhou_1,2021-08-01,2021-08-31,ok,31.5,121.0,32850,
satellite,suzhou_1,2021-09-01,2021-09-30,ok,31.5,121.0,31567,
satellite,suzhou_1,2021-10-01,2021-10-31,ok,31.5,121.0,32372,
satellite,suzhou_1,2021-11-01,2021-11-30,ok,31.5,121.0,31207,
satellite,suzhou_1,2021-12-01,2021-12-31,ok,31.5,121.0,32095,
satellite,suzhou_1,2022-01-01,2022-01-31,ok,31.5,121.0,31888,
satellite,suzhou_1,2022-02-01,2022-02-28,ok,31.5,121.0,29065,
satellite,suzhou_1,2022-03-01,2022-03-31,ok,31.5,121.0,32490,
satellite,suzhou_1,2022-04-01,2022-04-30,ok,31.5,121.0,31717,
satellite,suzhou_1,2022-05-01,2022-05-31,ok,31.5,121.0,32912,
satellite,suzhou_1,2022-06-01,2022-06-30,ok,31.5,121.0,32024,
satellite,suzhou_1,2022-07-01,2022-07-31,ok,31.5,121.0,33219,
satellite,suzhou_1,2022-08-01,2022-08-31,ok,31.5,121.0,32872,
satellite,suzhou_1,2022-09-01,2022-09-30,ok,31.5,121.0,31426,
satellite,suzhou_1,2022-10-01,2022-10-31,ok,31.5,121.0,32397,
satellite,suzhou_1,2022-11-01,2022-11-30,ok,31.5,121.0,30912,
satellite,suzhou_1,2022-12-01,2022-12-31,ok,31.5,121.0,31878,
satellite,suzhou_1,2023-01-01,2023-01-31,ok,31.5,121.0,32125,
satellite,suzhou_1,2023-02-01,2023-02-28,ok,31.5,121.0,29002,
satellite,suzhou_1,2023-03-01,2023-03-31,ok,31.5,121.0,32499,
satellite,suzhou_1,2023-04-01,2023-04-30,ok,31.5,121.0,31671,
satellite,suzhou_1,2023-05-01,2023-05-31,ok,31.5,121.0,32785,
satellite,suzhou_1,2023-06-01,2023-06-30,ok,31.5,121.0,31702,
satellite,suzhou_1,2023-07-01,2023-07-31,ok,31.5,121.0,32919,
satellite,suzhou_1,2023-08-01,2023-08-31,ok,31.5,121.0,32976,
satellite,suzhou_1,2023-09-01,2023-09-30,ok,31.5,121.0,31299,
satellite,suzhou_1,2023-10-01,2023-10-31,ok,31.5,121.0,32455,
satellite,suzhou_1,2023-11-01,2023-11-30,ok,31.5,121.0,31255,
satellite,suzhou_1,2023-12-01,2023-12-31,ok,31.5,121.0,31940,
satellite,suzhou_1,2024-01-01,2024-01-31,ok,31.5,121.0,32058,
satellite,suzhou_1,2024-02-01,2024-02-29,ok,31.5,121.0,29731,
satellite,suzhou_1,2024-03-01,2024-03-31,ok,31.5,121.0,32527,
satellite,suzhou_1,2024-04-01,2024-04-30,ok,31.5,121.0,31377,
satellite,suzhou_1,2024-05-01,2024-05-31,ok,31.5,121.0,33102,
satellite,suzhou_1,2024-06-01,2024-06-30,ok,31.5,121.0,31611,
satellite,suzhou_1,2024-07-01,2024-07-31,ok,31.5,121.0,33034,
satellite,suzhou_1,2024-08-01,2024-08-31,ok,31.5,121.0,33077,
satellite,suzhou_1,2024-09-01,2024-09-30,ok,31.5,121.0,31514,
satellite,suzhou_1,2024-10-01,2024-10-31,ok,31.5,121.0,32079,
satellite,suzhou_1,2024-11-01,2024-11-30,ok,31.5,121.0,31055,
satellite,suzhou_1,2024-12-01,2024-12-31,ok,31.5,121.0,32062,
satellite,suzhou_1,2025-01-01,2025-01-31,ok,31.5,121.0,32276,
satellite,suzhou_1,2025-02-01,2025-02-28,ok,31.5,121.0,29202,
satellite,suzhou_1,2025-03-01,2025-03-31,ok,31.5,121.0,32462,
satellite,suzhou_1,2025-04-01,2025-04-30,ok,31.5,121.0,31984,
satellite,suzhou_1,2025-05-01,2025-05-31,ok,31.5,121.0,32989,
satellite,suzhou_1,2025-06-01,2025-06-30,ok,31.5,121.0,31712,
satellite,suzhou_1,2025-07-01,2025-07-31,ok,31.5,121.0,33249,
satellite,suzhou_1,2025-08-01,2025-08-31,ok,31.5,121.0,32992,
satellite,suzhou_1,2025-09-01,2025-09-30,ok,31.5,121.0,31584,
satellite,suzhou_1,2025-10-01,2025-10-31,ok,31.5,121.0,32286,
satellite,suzhou_1,2025-11-01,2025-11-30,ok,31.5,121.0,31238,
satellite,suzhou_1,2025-12-01,2025-12-31,ok,31.5,121.0,32168,
satellite,suzhou_1,2026-01-01,2026-01-31,ok,31.5,121.0,32141,
satellite,wuxi_1,2019-02-01,2019-02-28,ok,31.099998,120.2,28498,
satellite,wuxi_1,2019-03-01,2019-03-31,ok,31.099998,120.2,32372,
satellite,wuxi_1,2019-04-01,2019-04-30,ok,31.099998,120.2,31462,
satellite,wuxi_1,2019-05-01,2019-05-31,ok,31.099998,120.2,32946,
satellite,wuxi_1,2019-06-01,2019-06-30,ok,31.099998,120.2,31760,
satellite,wuxi_1,2019-07-01,2019-07-31,ok,31.099998,120.2,32940,
satellite,wuxi_1,2019-08-01,2019-08-31,ok,31.099998,120.2,32940,
satellite,wuxi_1,2019-09-01,2019-09-30,ok,31.099998,120.2,31633,
satellite,wuxi_1,2019-10-01,2019-10-31,ok,31.099998,120.2,32321,
satellite,wuxi_1,2019-11-01,2019-11-30,ok,31.099998,120.2,31009,
satellite,wuxi_1,2019-12-01,2019-12-31,ok,31.099998,120.2,31831,
satellite,wuxi_1,2020-01-01,2020-01-31,ok,31.099998,120.2,31392,
satellite,wuxi_1,2020-02-01,2020-02-29,ok,31.099998,120.2,30083,
satellite,wuxi_1,2020-03-01,2020-03-31,ok,31.099998,120.2,32342,
satellite,wuxi_1,2020-04-01,2020-04-30,ok,31.099998,120.2,31739,
satellite,wuxi_1,2020-05-01,2020-05-31,ok,31.099998,120.2,32770,
satellite,wuxi_1,2020-06-01,2020-06-30,ok,31.099998,120.2,31552,
satellite,wuxi_1,2020-07-01,2020-07-31,ok,31.099998,120.2,32414,
satellite,wuxi_1,2020-08-01,2020-08-31,ok,31.099998,120.2,33002,
satellite,wuxi_1,2020-09-01,2020-09-30,ok,31.099998,120.2,31435,
satellite,wuxi_1,2020-10-01,2020-10-31,ok,31.099998,120.2,32304,
satellite,wuxi_1,2020-11-01,2020-11-30,ok,31.099998,120.2,30949,
satellite,wuxi_1,2020-12-01,2020-12-31,ok,31.099998,120.2,31922,
satellite,wuxi_1,2021-01-01,2021-01-31,ok,31.099998,120.2,32054,
satellite,wuxi_1,2021-02-01,2021-02-28,ok,31.099998,120.2,29096,
satellite,wuxi_1,2021-03-01,2021-03-31,ok,31.099998,120.2,32157,
satellite,wuxi_1,2021-04-01,2021-04-30,ok,31.099998,120.2,31523,
satellite,wuxi_1,2021-05-01,2021-05-31,ok,31.099998,120.2,32747,
satellite,wuxi_1,2021-06-01,2021-06-30,ok,31.099998,120.2,31727,
satellite,wuxi_1,2021-07-01,2021-07-31,ok,31.099998,120.2,32736,
satellite,wuxi_1,2021-08-01,2021-08-31,ok,31.099998,120.2,32822,
satellite,wuxi_1,2021-09-01,2021-09-30,ok,31.099998,120.2,31621,
satellite,wuxi_1,2021-10-01,2021-10-31,ok,31.099998,120.2,32300,
satellite,wuxi_1,2021-11-01,2021-11-30,ok,31.099998,120.2,31183,
satellite,wuxi_1,2021-12-01,2021-12-31,ok,31.099998,120.2,32118,
satellite,wuxi_1,2022-01-01,2022-01-31,ok,31.099998,120.2,31739,
satellite,wuxi_1,2022-02-01,2022-02-28,ok,31.099998,120.2,28927,
satellite,wuxi_1,2022-03-01,2022-03-31,ok,31.099998,120.2,32386,
satellite,wuxi_1,2022-04-01,2022-04-30,ok,31.099998,120.2,31609,
satellite,wuxi_1,2022-05-01,2022-05-31,ok,31.099998,120.2,32822,
satellite,wuxi_1,2022-06-01,2022-06-30,ok,31.099998,120.2,31962,
satellite,wuxi_1,2022-07-01,2022-07-31,ok,31.099998,120.2,33221,
satellite,wuxi_1,2022-08-01,2022-08-31,ok,31.099998,120.2,32896,
satellite,wuxi_1,2022-09-01,2022-09-30,ok,31.099998,120.2,31493,
satellite,wuxi_1,2022-10-01,2022-10-31,ok,31.099998,120.2,32323,
satellite,wuxi_1,2022-11-01,2022-11-30,ok,31.099998,120.2,30875,
satellite,wuxi_1,2022-12-01,2022-12-31,ok,31.099998,120.2,31881,
satellite,wuxi_1,2023-01-01,2023-01-31,ok,31.099998,120.2,32065,
satellite,wuxi_1,2023-02-01,2023-02-28,ok,31.099998,120.2,28957,
satellite,wuxi_1,2023-03-01,2023-03-31,ok,31.099998,120.2,32382,
satellite,wuxi_1,2023-04-01,2023-04-30,ok,31.099998,120.2,31586,
satellite,wuxi_1,2023-05-01,2023-05-31,ok,31.099998,120.2,32708,
satellite,wuxi_1,2023-06-01,2023-06-30,ok,31.099998,120.2,31704,
satellite,wuxi_1,2023-07-01,2023-07-31,ok,31.099998,120.2,32886,
satellite,wuxi_1,2023-08-01,2023-08-31,ok,31.099998,120.2,32907,
satellite,wuxi_1,2023-09-01,2023-09-30,ok,31.099998,120.2,31263,
satellite,wuxi_1,2023-10-01,2023-10-31,ok,31.099998,120.2,32445,
satellite,wuxi_1,2023-11-01,2023-11-30,ok,31.099998,120.2,31211,
satellite,wuxi_1,2023-12-01,2023-12-31,ok,31.099998,120.2,31947,
satellite,wuxi_1,2024-01-01,2024-01-31,ok,31.099998,120.2,32053,
satellite,wuxi_1,2024-02-01,2024-02-29,ok,31.099998,120.2,29667,
satellite,wuxi_1,2024-03-01,2024-03-31,ok,31.099998,120.2,32409,
satellite,wuxi_1,2024-04-01,2024-04-30,ok,31.099998,120.2,31321,
satellite,wuxi_1,2024-05-01,2024-05-31,ok,31.099998,120.2,32996,
satellite,wuxi_1,2024-06-01,2024-06-30,ok,31.099998,120.2,31483,
satellite,wuxi_1,2024-07-01,2024-07-31,ok,31.099998,120.2,33025,
satellite,wuxi_1,2024-08-01,2024-08-31,ok,31.099998,120.2,33053,
satellite,wuxi_1,2024-09-01,2024-09-30,ok,31.099998,120.2,31555,
satellite,wuxi_1,2024-10-01,2024-10-31,ok,31.099998,120.2,32018,
satellite,wuxi_1,2024-11-01,2024-11-30,ok,31.099998,120.2,31047,
satellite,wuxi_1,2024-12-01,2024-12-31,ok,31.099998,120.2,32059,
satellite,wuxi_1,2025-01-01,2025-01-31,ok,31.099998,120.2,32277,
satellite,wuxi_1,2025-02-01,2025-02-28,ok,31.099998,120.2,29147,
satellite,wuxi_1,2025-03-01,2025-03-31,ok,31.099998,120.2,32354,
satellite,wuxi_1,2025-04-01,2025-04-30,ok,31.099998,120.2,31847,
satellite,wuxi_1,2025-05-01,2025-05-31,ok,31.099998,120.2,32941,
satellite,wuxi_1,2025-06-01,2025-06-30,ok,31.099998,120.2,31621,
satellite,wuxi_1,2025-07-01,2025-07-31,ok,31.099998,120.2,33123,
satellite,wuxi_1,2025-08-01,2025-08-31,ok,31.099998,120.2,33069,
satellite,wuxi_1,2025-09-01,2025-09-30,ok,31.099998,120.2,31509,
satellite,wuxi_1,2025-10-01,2025-10-31,ok,31.099998,120.2,32230,
satellite,wuxi_1,2025-11-01,2025-11-30,ok,31.099998,120.2,31153,
satellite,wuxi_1,2025-12-01,2025-12-31,ok,31.099998,120.2,32125,
satellite,wuxi_1,2026-01-01,2026-01-31,ok,31.099998,120.2,32031,
satellite,nanjing_2,2019-02-01,2019-02-28,ok,31.5,119.0,28533,
satellite,nanjing_2,2019-03-01,2019-03-31,ok,31.5,119.0,32402,
satellite,nanjing_2,2019-04-01,2019-04-30,ok,31.5,119.0,31477,
satellite,nanjing_2,2019-05-01,2019-05-31,ok,31.5,119.0,32948,
satellite,nanjing_2,2019-06-01,2019-06-30,ok,31.5,119.0,31878,
satellite,nanjing_2,2019-07-01,2019-07-31,ok,31.5,119.0,33098,
satellite,nanjing_2,2019-08-01,2019-08-31,ok,31.5,119.0,33007,
satellite,nanjing_2,2019-09-01,2019-09-30,ok,31.5,119.0,31624,
satellite,nanjing_2,2019-10-01,2019-10-31,ok,31.5,119.0,32236,
satellite,nanjing_2,2019-11-01,2019-11-30,ok,31.5,119.0,31068,
satellite,nanjing_2,2019-12-01,2019-12-31,ok,31.5,119.0,31823,
satellite,nanjing_2,2020-01-01,2020-01-31,ok,31.5,119.0,31359,
satellite,nanjing_2,2020-02-01,2020-02-29,ok,31.5,119.0,30024,
satellite,nanjing_2,2020-03-01,2020-03-31,ok,31.5,119.0,32348,
satellite,nanjing_2,2020-04-01,2020-04-30,ok,31.5,119.0,31755,
satellite,nanjing_2,2020-05-01,2020-05-31,ok,31.5,119.0,32868,
satellite,nanjing_2,2020-06-01,2020-06-30,ok,31.5,119.0,31599,
satellite,nanjing_2,2020-07-01,2020-07-31,ok,31.5,119.0,32319,
satellite,nanjing_2,2020-08-01,2020-08-31,ok,31.5,119.0,32967,
satellite,nanjing_2,2020-09-01,2020-09-30,ok,31.5,119.0,31566,
satellite,nanjing_2,2020-10-01,2020-10-31,ok,31.5,119.0,32312,
satellite,nanjing_2,2020-11-01,2020-11-30,ok,31.5,119.0,30864,
satellite,nanjing_2,2020-12-01,2020-12-31,ok,31.5,119.0,31906,
satellite,nanjing_2,2021-01-01,2021-01-31,ok,31.5,119.0,32015,
satellite,nanjing_2,2021-02-01,2021-02-28,ok,31.5,119.0,29164,
satellite,nanjing_2,2021-03-01,2021-03-31,ok,31.5,119.0,32175,
satellite,nanjing_2,2021-04-01,2021-04-30,ok,31.5,119.0,31509,
satellite,nanjing_2,2021-05-01,2021-05-31,ok,31.5,119.0,32734,
satellite,nanjing_2,2021-06-01,2021-06-30,ok,31.5,119.0,31885,
satellite,nanjing_2,2021-07-01,2021-07-31,ok,31.5,119.0,32780,
satellite,nanjing_2,2021-08-01,2021-08-31,ok,31.5,119.0,32678,
satellite,nanjing_2,2021-09-01,2021-09-30,ok,31.5,119.0,31686,
satellite,nanjing_2,2021-10-01,2021-10-31,ok,31.5,119.0,32289,
satellite,nanjing_2,2021-11-01,2021-11-30,ok,31.5,119.0,31196,
satellite,nanjing_2,2021-12-01,2021-12-31,ok,31.5,119.0,32128,
satellite,nanjing_2,2022-01-01,2022-01-31,ok,31.5,119.0,31794,
satellite,nanjing_2,2022-02-01,2022-02-28,ok,31.5,119.0,28959,
satellite,nanjing_2,2022-03-01,2022-03-31,ok,31.5,119.0,32435,
satellite,nanjing_2,2022-04-01,2022-04-30,ok,31.5,119.0,31674,
satellite,nanjing_2,2022-05-01,2022-05-31,ok,31.5,119.0,33024,
satellite,nanjing_2,2022-06-01,2022-06-30,ok,31.5,119.0,32146,
satellite,nanjing_2,2022-07-01,2022-07-31,ok,31.5,119.0,33222,
satellite,nanjing_2,2022-08-01,2022-08-31,ok,31.5,119.0,32919,
satellite,nanjing_2,2022-09-01,2022-09-30,ok,31.5,119.0,31508,
satellite,nanjing_2,2022-10-01,2022-10-31,ok,31.5,119.0,32319,
satellite,nanjing_2,2022-11-01,2022-11-30,ok,31.5,119.0,30859,
satellite,nanjing_2,2022-12-01,2022-12-31,ok,31.5,119.0,31923,
satellite,nanjing_2,2023-01-01,2023-01-31,ok,31.5,119.0,32122,
satellite,nanjing_2,2023-02-01,2023-02-28,ok,31.5,119.0,28922,
satellite,nanjing_2,2023-03-01,2023-03-31,ok,31.5,119.0,32429,
satellite,nanjing_2,2023-04-01,2023-04-30,ok,31.5,119.0,31572,
satellite,nanjing_2,2023-05-01,2023-05-31,ok,31.5,119.0,32746,
satellite,nanjing_2,2023-06-01,2023-06-30,ok,31.5,119.0,31737,
satellite,nanjing_2,2023-07-01,2023-07-31,ok,31.5,119.0,32793,
satellite,nanjing_2,2023-08-01,2023-08-31,ok,31.5,119.0,32967,
satellite,nanjing_2,2023-09-01,2023-09-30,ok,31.5,119.0,31309,
satellite,nanjing_2,2023-10-01,2023-10-31,ok,31.5,119.0,32435,
satellite,nanjing_2,2023-11-01,2023-11-30,ok,31.5,119.0,31182,
satellite,nanjing_2,2023-12-01,2023-12-31,ok,31.5,119.0,31922,
satellite,nanjing_2,2024-01-01,2024-01-31,ok,31.5,119.0,32009,
satellite,nanjing_2,2024-02-01,2024-02-29,ok,31.5,119.0,29737,
satellite,nanjing_2,2024-03-01,2024-03-31,ok,31.5,119.0,32354,
satellite,nanjing_2,2024-04-01,2024-04-30,ok,31.5,119.0,31348,
satellite,nanjing_2,2024-05-01,2024-05-31,ok,31.5,119.0,33052,
satellite,nanjing_2,2024-06-01,2024-06-30,ok,31.5,119.0,31687,
satellite,nanjing_2,2024-07-01,2024-07-31,ok,31.5,119.0,32889,
satellite,nanjing_2,2024-08-01,2024-08-31,ok,31.5,119.0,32987,
satellite,nanjing_2,2024-09-01,2024-09-30,ok,31.5,119.0,31622,
satellite,nanjing_2,2024-10-01,2024-10-31,ok,31.5,119.0,32132,
satellite,nanjing_2,2024-11-01,2024-11-30,ok,31.5,119.0,31029,
satellite,nanjing_2,2024-12-01,2024-12-31,ok,31.5,119.0,32148,
satellite,nanjing_2,2025-01-01,2025-01-31,ok,31.5,119.0,32225,
satellite,nanjing_2,2025-02-01,2025-02-28,ok,31.5,119.0,29215,
satellite,nanjing_2,2025-03-01,2025-03-31,ok,31.5,119.0,32479,
satellite,nanjing_2,2025-04-01,2025-04-30,ok,31.5,119.0,31918,
satellite,nanjing_2,2025-05-01,2025-05-31,ok,31.5,119.0,33025,
satellite,nanjing_2,2025-06-01,2025-06-30,ok,31.5,119.0,31599,
satellite,nanjing_2,2025-07-01,2025-07-31,ok,31.5,119.0,33250,
satellite,nanjing_2,2025-08-01,2025-08-31,ok,31.5,119.0,33031,
satellite,nanjing_2,2025-09-01,2025-09-30,ok,31.5,119.0,31488,
satellite,nanjing_2,2025-10-01,2025-10-31,ok,31.5,119.0,32219,
satellite,nanjing_2,2025-11-01,2025-11-30,ok,31.5,119.0,31199,
satellite,nanjing_2,2025-12-01,2025-12-31,ok,31.5,119.0,32159,
satellite,nanjing_2,2026-01-01,2026-01-31,ok,31.5,119.0,32077,
satellite,taizhou_1,2019-02-01,2019-02-28,ok,32.700005,119.8,28807,
satellite,taizhou_1,2019-03-01,2019-03-31,ok,32.700005,119.8,32586,
satellite,taizhou_1,2019-04-01,2019-04-30,ok,32.700005,119.8,31499,
satellite,taizhou_1,2019-05-01,2019-05-31,ok,32.700005,119.8,32998,
satellite,taizhou_1,2019-06-01,2019-06-30,ok,32.700005,119.8,32001,
satellite,taizhou_1,2019-07-01,2019-07-31,ok,32.700005,119.8,32998,
satellite,taizhou_1,2019-08-01,2019-08-31,ok,32.700005,119.8,32918,
satellite,taizhou_1,2019-09-01,2019-09-30,ok,32.700005,119.8,31615,
satellite,taizhou_1,2019-10-01,2019-10-31,ok,32.700005,119.8,32353,
satellite,taizhou_1,2019-11-01,2019-11-30,ok,32.700005,119.8,31108,
satellite,taizhou_1,2019-12-01,2019-12-31,ok,32.700005,119.8,31930,
satellite,taizhou_1,2020-01-01,2020-01-31,ok,32.700005,119.8,31598,
satellite,taizhou_1,2020-02-01,2020-02-29,ok,32.700005,119.8,30131,
satellite,taizhou_1,2020-03-01,2020-03-31,ok,32.700005,119.8,32500,
satellite,taizhou_1,2020-04-01,2020-04-30,ok,32.700005,119.8,31886,
satellite,taizhou_1,2020-05-01,2020-05-31,ok,32.700005,119.8,32905,
satellite,taizhou_1,2020-06-01,2020-06-30,ok,32.700005,119.8,31641,
satellite,taizhou_1,2020-07-01,2020-07-31,ok,32.700005,119.8,32510,
satellite,taizhou_1,2020-08-01,2020-08-31,ok,32.700005,119.8,32874,
satellite,taizhou_1,2020-09-01,2020-09-30,ok,32.700005,119.8,31664,
satellite,taizhou_1,2020-10-01,2020-10-31,ok,32.700005,119.8,32372,
satellite,taizhou_1,2020-11-01,2020-11-30,ok,32.700005,119.8,30952,
satellite,taizhou_1,2020-12-01,2020-12-31,ok,32.700005,119.8,31930,
satellite,taizhou_1,2021-01-01,2021-01-31,ok,32.700005,119.8,32087,
satellite,taizhou_1,2021-02-01,2021-02-28,ok,32.700005,119.8,29198,
satellite,taizhou_1,2021-03-01,2021-03-31,ok,32.700005,119.8,32362,
satellite,taizhou_1,2021-04-01,2021-04-30,ok,32.700005,119.8,31574,
satellite,taizhou_1,2021-05-01,2021-05-31,ok,32.700005,119.8,32796,
satellite,taizhou_1,2021-06-01,2021-06-30,ok,32.700005,119.8,31910,
satellite,taizhou_1,2021-07-01,2021-07-31,ok,32.700005,119.8,32749,
satellite,taizhou_1,2021-08-01,2021-08-31,ok,32.700005,119.8,32842,
satellite,taizhou_1,2021-09-01,2021-09-30,ok,32.700005,119.8,31691,
satellite,taizhou_1,2021-10-01,2021-10-31,ok,32.700005,119.8,32342,
satellite,taizhou_1,2021-11-01,2021-11-30,ok,32.700005,119.8,31212,
satellite,taizhou_1,2021-12-01,2021-12-31,ok,32.700005,119.8,32158,
satellite,taizhou_1,2022-01-01,2022-01-31,ok,32.700005,119.8,32020,
satellite,taizhou_1,2022-02-01,2022-02-28,ok,32.700005,119.8,29189,
satellite,taizhou_1,2022-03-01,2022-03-31,ok,32.700005,119.8,32529,
satellite,taizhou_1,2022-04-01,2022-04-30,ok,32.700005,119.8,31816,
satellite,taizhou_1,2022-05-01,2022-05-31,ok,32.700005,119.8,33123,
satellite,taizhou_1,2022-06-01,2022-06-30,ok,32.700005,119.8,32221,
satellite,taizhou_1,2022-07-01,2022-07-31,ok,32.700005,119.8,33199,
satellite,taizhou_1,2022-08-01,2022-08-31,ok,32.700005,119.8,32877,
satellite,taizhou_1,2022-09-01,2022-09-30,ok,32.700005,119.8,31626,
satellite,taizhou_1,2022-10-01,2022-10-31,ok,32.700005,119.8,32382,
satellite,taizhou_1,2022-11-01,2022-11-30,ok,32.700005,119.8,30881,
satellite,taizhou_1,2022-12-01,2022-12-31,ok,32.700005,119.8,31960,
satellite,taizhou_1,2023-01-01,2023-01-31,ok,32.700005,119.8,32181,
satellite,taizhou_1,2023-02-01,2023-02-28,ok,32.700005,119.8,29069,
satellite,taizhou_1,2023-03-01,2023-03-31,ok,32.700005,119.8,32591,
satellite,taizhou_1,2023-04-01,2023-04-30,ok,32.700005,119.8,31722,
satellite,taizhou_1,2023-05-01,2023-05-31,ok,32.700005,119.8,32782,
satellite,taizhou_1,2023-06-01,2023-06-30,ok,32.700005,119.8,31798,
satellite,taizhou_1,2023-07-01,2023-07-31,ok,32.700005,119.8,32737,
satellite,taizhou_1,2023-08-01,2023-08-31,ok,32.700005,119.8,33010,
satellite,taizhou_1,2023-09-01,2023-09-30,ok,32.700005,119.8,31395,
satellite,taizhou_1,2023-10-01,2023-10-31,ok,32.700005,119.8,32545,
satellite,taizhou_1,2023-11-01,2023-11-30,ok,32.700005,119.8,31210,
satellite,taizhou_1,2023-12-01,2023-12-31,ok,32.700005,119.8,31884,
satellite,taizhou_1,2024-01-01,2024-01-31,ok,32.700005,119.8,31991,
satellite,taizhou_1,2024-02-01,2024-02-29,ok,32.700005,119.8,29807,
satellite,taizhou_1,2024-03-01,2024-03-31,ok,32.700005,119.8,32464,
satellite,taizhou_1,2024-04-01,2024-04-30,ok,32.700005,119.8,31542,
satellite,taizhou_1,2024-05-01,2024-05-31,ok,32.700005,119.8,33113,
satellite,taizhou_1,2024-06-01,2024-06-30,ok,32.700005,119.8,31901,
satellite,taizhou_1,2024-07-01,2024-07-31,ok,32.700005,119.8,32996,
satellite,taizhou_1,2024-08-01,2024-08-31,ok,32.700005,119.8,32998,
satellite,taizhou_1,2024-09-01,2024-09-30,ok,32.700005,119.8,31668,
satellite,taizhou_1,2024-10-01,2024-10-31,ok,32.700005,119.8,32179,
satellite,taizhou_1,2024-11-01,2024-11-30,ok,32.700005,119.8,31126,
satellite,taizhou_1,2024-12-01,2024-12-31,ok,32.700005,119.8,32144,
satellite,taizhou_1,2025-01-01,2025-01-31,ok,32.700005,119.8,32279,
satellite,taizhou_1,2025-02-01,2025-02-28,ok,32.700005,119.8,29331,
satellite,taizhou_1,2025-03-01,2025-03-31,ok,32.700005,119.8,32545,
satellite,taizhou_1,2025-04-01,2025-04-30,ok,32.700005,119.8,32018,
satellite,taizhou_1,2025-05-01,2025-05-31,ok,32.700005,119.8,33063,
satellite,taizhou_1,2025-06-01,2025-06-30,ok,32.700005,119.8,31803,
satellite,taizhou_1,2025-07-01,2025-07-31,ok,32.700005,119.8,33287,
satellite,taizhou_1,2025-08-01,2025-08-31,ok,32.700005,119.8,32963,
satellite,taizhou_1,2025-09-01,2025-09-30,ok,32.700005,119.8,31407,
satellite,taizhou_1,2025-10-01,2025-10-31,ok,32.700005,119.8,32187,
satellite,taizhou_1,2025-11-01,2025-11-30,ok,32.700005,119.8,31240,
satellite,taizhou_1,2025-12-01,2025-12-31,ok,32.700005,119.8,32156,
satellite,taizhou_1,2026-01-01,2026-01-31,ok,32.700005,119.8,32108,
satellite,taizhou_2,2019-02-01,2019-02-28,ok,32.700005,120.600006,28878,
satellite,taizhou_2,2019-03-01,2019-03-31,ok,32.700005,120.600006,32542,
satellite,taizhou_2,2019-04-01,2019-04-30,ok,32.700005,120.600006,31532,
satellite,taizhou_2,2019-05-01,2019-05-31,ok,32.700005,120.600006,32971,
satellite,taizhou_2,2019-06-01,2019-06-30,ok,32.700005,120.600006,31971,
satellite,taizhou_2,2019-07-01,2019-07-31,ok,32.700005,120.600006,33014,
satellite,taizhou_2,2019-08-01,2019-08-31,ok,32.700005,120.600006,32912,
satellite,taizhou_2,2019-09-01,2019-09-30,ok,32.700005,120.600006,31599,
satellite,taizhou_2,2019-10-01,2019-10-31,ok,32.700005,120.600006,32366,
satellite,taizhou_2,2019-11-01,2019-11-30,ok,32.700005,120.600006,31098,
satellite,taizhou_2,2019-12-01,2019-12-31,ok,32.700005,120.600006,31910,
satellite,taizhou_2,2020-01-01,2020-01-31,ok,32.700005,120.600006,31657,
satellite,taizhou_2,2020-02-01,2020-02-29,ok,32.700005,120.600006,30137,
satellite,taizhou_2,2020-03-01,2020-03-31,ok,32.700005,120.600006,32545,
satellite,taizhou_2,2020-04-01,2020-04-30,ok,32.700005,120.600006,31905,
satellite,taizhou_2,2020-05-01,2020-05-31,ok,32.700005,120.600006,32875,
satellite,taizhou_2,2020-06-01,2020-06-30,ok,32.700005,120.600006,31613,
satellite,taizhou_2,2020-07-01,2020-07-31,ok,32.700005,120.600006,32532,
satellite,taizhou_2,2020-08-01,2020-08-31,ok,32.700005,120.600006,32920,
satellite,taizhou_2,2020-09-01,2020-09-30,ok,32.700005,120.600006,31579,
satellite,taizhou_2,2020-10-01,2020-10-31,ok,32.700005,120.600006,32387,
satellite,taizhou_2,2020-11-01,2020-11-30,ok,32.700005,120.600006,30992,
satellite,taizhou_2,2020-12-01,2020-12-31,ok,32.700005,120.600006,31932,
satellite,taizhou_2,2021-01-01,2021-01-31,ok,32.700005,120.600006,32102,
satellite,taizhou_2,2021-02-01,2021-02-28,ok,32.700005,120.600006,29216,
satellite,taizhou_2,2021-03-01,2021-03-31,ok,32.700005,120.600006,32407,
satellite,taizhou_2,2021-04-01,2021-04-30,ok,32.700005,120.600006,31643,
satellite,taizhou_2,2021-05-01,2021-05-31,ok,32.700005,120.600006,32823,
satellite,taizhou_2,2021-06-01,2021-06-30,ok,32.700005,120.600006,31868,
satellite,taizhou_2,2021-07-01,2021-07-31,ok,32.700005,120.600006,32785,
satellite,taizhou_2,2021-08-01,2021-08-31,ok,32.700005,120.600006,32905,
satellite,taizhou_2,2021-09-01,2021-09-30,ok,32.700005,120.600006,31615,
satellite,taizhou_2,2021-10-01,2021-10-31,ok,32.700005,120.600006,32297,
satellite,taizhou_2,2021-11-01,2021-11-30,ok,32.700005,120.600006,31243,
satellite,taizhou_2,2021-12-01,2021-12-31,ok,32.700005,120.600006,32154,
satellite,taizhou_2,2022-01-01,2022-01-31,ok,32.700005,120.600006,32056,
satellite,taizhou_2,2022-02-01,2022-02-28,ok,32.700005,120.600006,29256,
satellite,taizhou_2,2022-03-01,2022-03-31,ok,32.700005,120.600006,32552,
satellite,taizhou_2,2022-04-01,2022-04-30,ok,32.700005,120.600006,31802,
satellite,taizhou_2,2022-05-01,2022-05-31,ok,32.700005,120.600006,33112,
satellite,taizhou_2,2022-06-01,2022-06-30,ok,32.700005,120.600006,32166,
satellite,taizhou_2,2022-07-01,2022-07-31,ok,32.700005,120.600006,33181,
satellite,taizhou_2,2022-08-01,2022-08-31,ok,32.700005,120.600006,32865,
satellite,taizhou_2,2022-09-01,2022-09-30,ok,32.700005,120.600006,31533,
satellite,taizhou_2,2022-10-01,2022-10-31,ok,32.700005,120.600006,32384,
satellite,taizhou_2,2022-11-01,2022-11-30,ok,32.700005,120.600006,30928,
satellite,taizhou_2,2022-12-01,2022-12-31,ok,32.700005,120.600006,31978,
satellite,taizhou_2,2023-01-01,2023-01-31,ok,32.700005,120.600006,32192,
satellite,taizhou_2,2023-02-01,2023-02-28,ok,32.700005,120.600006,29127,
satellite,taizhou_2,2023-03-01,2023-03-31,ok,32.700005,120.600006,32656,
satellite,taizhou_2,2023-04-01,2023-04-30,ok,32.700005,120.600006,31754,
satellite,taizhou_2,2023-05-01,2023-05-31,ok,32.700005,120.600006,32764,
satellite,taizhou_2,2023-06-01,2023-06-30,ok,32.700005,120.600006,31755,
satellite,taizhou_2,2023-07-01,2023-07-31,ok,32.700005,120.600006,32712,
satellite,taizhou_2,2023-08-01,2023-08-31,ok,32.700005,120.600006,32966,
satellite,taizhou_2,2023-09-01,2023-09-30,ok,32.700005,120.600006,31351,
satellite,taizhou_2,2023-10-01,2023-10-31,ok,32.700005,120.600006,32523,
satellite,taizhou_2,2023-11-01,2023-11-30,ok,32.700005,120.600006,31216,
satellite,taizhou_2,2023-12-01,2023-12-31,ok,32.700005,120.600006,31943,
satellite,taizhou_2,2024-01-01,2024-01-31,ok,32.700005,120.600006,32011,
satellite,taizhou_2,2024-02-01,2024-02-29,ok,32.700005,120.600006,29803,
satellite,taizhou_2,2024-03-01,2024-03-31,ok,32.700005,120.600006,32451,
satellite,taizhou_2,2024-04-01,2024-04-30,ok,32.700005,120.600006,31510,
satellite,taizhou_2,2024-05-01,2024-05-31,ok,32.700005,120.600006,33092,
satellite,taizhou_2,2024-06-01,2024-06-30,ok,32.700005,120.600006,31870,
satellite,taizhou_2,2024-07-01,2024-07-31,ok,32.700005,120.600006,32982,
satellite,taizhou_2,2024-08-01,2024-08-31,ok,32.700005,120.600006,33055,
satellite,taizhou_2,2024-09-01,2024-09-30,ok,32.700005,120.600006,31634,
satellite,taizhou_2,2024-10-01,2024-10-31,ok,32.700005,120.600006,32178,
satellite,taizhou_2,2024-11-01,2024-11-30,ok,32.700005,120.600006,31109,
satellite,taizhou_2,2024-12-01,2024-12-31,ok,32.700005,120.600006,32153,
satellite,taizhou_2,2025-01-01,2025-01-31,ok,32.700005,120.600006,32284,
satellite,taizhou_2,2025-02-01,2025-02-28,ok,32.700005,120.600006,29301,
satellite,taizhou_2,2025-03-01,2025-03-31,ok,32.700005,120.600006,32560,
satellite,taizhou_2,2025-04-01,2025-04-30,ok,32.700005,120.600006,32015,
satellite,taizhou_2,2025-05-01,2025-05-31,ok,32.700005,120.600006,32998,
satellite,taizhou_2,2025-06-01,2025-06-30,ok,32.700005,120.600006,31743,
satellite,taizhou_2,2025-07-01,2025-07-31,ok,32.700005,120.600006,33330,
satellite,taizhou_2,2025-08-01,2025-08-31,ok,32.700005,120.600006,32891,
satellite,taizhou_2,2025-09-01,2025-09-30,ok,32.700005,120.600006,31506,
satellite,taizhou_2,2025-10-01,2025-10-31,ok,32.700005,120.600006,32215,
satellite,taizhou_2,2025-11-01,2025-11-30,ok,32.700005,120.600006,31264,
satellite,taizhou_2,2025-12-01,2025-12-31,ok,32.700005,120.600006,32164,
satellite,taizhou_2,2026-01-01,2026-01-31,ok,32.700005,120.600006,32131,
satellite,nantong_1,2019-02-01,2019-02-28,ok,31.900002,121.0,28725,
satellite,nantong_1,2019-03-01,2019-03-31,ok,31.900002,121.0,32489,
satellite,nantong_1,2019-04-01,2019-04-30,ok,31.900002,121.0,31521,
satellite,nantong_1,2019-05-01,2019-05-31,ok,31.900002,121.0,32953,
satellite,nantong_1,2019-06-01,2019-06-30,ok,31.900002,121.0,31914,
satellite,nantong_1,2019-07-01,2019-07-31,ok,31.900002,121.0,33012,
satellite,nantong_1,2019-08-01,2019-08-31,ok,31.900002,121.0,32856,
satellite,nantong_1,2019-09-01,2019-09-30,ok,31.900002,121.0,31564,
satellite,nantong_1,2019-10-01,2019-10-31,ok,31.900002,121.0,32387,
satellite,nantong_1,2019-11-01,2019-11-30,ok,31.900002,121.0,31062,
satellite,nantong_1,2019-12-01,2019-12-31,ok,31.900002,121.0,31888,
satellite,nantong_1,2020-01-01,2020-01-31,ok,31.900002,121.0,31566,
satellite,nantong_1,2020-02-01,2020-02-29,ok,31.900002,121.0,30129,
satellite,nantong_1,2020-03-01,2020-03-31,ok,31.900002,121.0,32495,
satellite,nantong_1,2020-04-01,2020-04-30,ok,31.900002,121.0,31848,
satellite,nantong_1,2020-05-01,2020-05-31,ok,31.900002,121.0,32830,
satellite,nantong_1,2020-06-01,2020-06-30,ok,31.900002,121.0,31644,
satellite,nantong_1,2020-07-01,2020-07-31,ok,31.900002,121.0,32541,
satellite,nantong_1,2020-08-01,2020-08-31,ok,31.900002,121.0,32996,
satellite,nantong_1,2020-09-01,2020-09-30,ok,31.900002,121.0,31504,
satellite,nantong_1,2020-10-01,2020-10-31,ok,31.900002,121.0,32379,
satellite,nantong_1,2020-11-01,2020-11-30,ok,31.900002,121.0,30993,
satellite,nantong_1,2020-12-01,2020-12-31,ok,31.900002,121.0,31956,
satellite,nantong_1,2021-01-01,2021-01-31,ok,31.900002,121.0,32093,
satellite,nantong_1,2021-02-01,2021-02-28,ok,31.900002,121.0,29137,
satellite,nantong_1,2021-03-01,2021-03-31,ok,31.900002,121.0,32277,
satellite,nantong_1,2021-04-01,2021-04-30,ok,31.900002,121.0,31658,
satellite,nantong_1,2021-05-01,2021-05-31,ok,31.900002,121.0,32802,
satellite,nantong_1,2021-06-01,2021-06-30,ok,31.900002,121.0,31778,
satellite,nantong_1,2021-07-01,2021-07-31,ok,31.900002,121.0,32780,
satellite,nantong_1,2021-08-01,2021-08-31,ok,31.900002,121.0,32887,
satellite,nantong_1,2021-09-01,2021-09-30,ok,31.900002,121.0,31593,
satellite,nantong_1,2021-10-01,2021-10-31,ok,31.900002,121.0,32381,
satellite,nantong_1,2021-11-01,2021-11-30,ok,31.900002,121.0,31231,
satellite,nantong_1,2021-12-01,2021-12-31,ok,31.900002,121.0,32128,
satellite,nantong_1,2022-01-01,2022-01-31,ok,31.900002,121.0,31980,
satellite,nantong_1,2022-02-01,2022-02-28,ok,31.900002,121.0,29153,
satellite,nantong_1,2022-03-01,2022-03-31,ok,31.900002,121.0,32509,
satellite,nantong_1,2022-04-01,2022-04-30,ok,31.900002,121.0,31709,
satellite,nantong_1,2022-05-01,2022-05-31,ok,31.900002,121.0,32974,
satellite,nantong_1,2022-06-01,2022-06-30,ok,31.900002,121.0,32100,
satellite,nantong_1,2022-07-01,2022-07-31,ok,31.900002,121.0,33205,
satellite,nantong_1,2022-08-01,2022-08-31,ok,31.900002,121.0,32888,
satellite,nantong_1,2022-09-01,2022-09-30,ok,31.900002,121.0,31417,
satellite,nantong_1,2022-10-01,2022-10-31,ok,31.900002,121.0,32434,
satellite,nantong_1,2022-11-01,2022-11-30,ok,31.900002,121.0,30954,
satellite,nantong_1,2022-12-01,2022-12-31,ok,31.900002,121.0,31952,
satellite,nantong_1,2023-01-01,2023-01-31,ok,31.900002,121.0,32137,
satellite,nantong_1,2023-02-01,2023-02-28,ok,31.900002,121.0,29050,
satellite,nantong_1,2023-03-01,2023-03-31,ok,31.900002,121.0,32556,
satellite,nantong_1,2023-04-01,2023-04-30,ok,31.900002,121.0,31710,
satellite,nantong_1,2023-05-01,2023-05-31,ok,31.900002,121.0,32805,
satellite,nantong_1,2023-06-01,2023-06-30,ok,31.900002,121.0,31715,
satellite,nantong_1,2023-07-01,2023-07-31,ok,31.900002,121.0,32916,
satellite,nantong_1,2023-08-01,2023-08-31,ok,31.900002,121.0,32976,
satellite,nantong_1,2023-09-01,2023-09-30,ok,31.900002,121.0,31319,
satellite,nantong_1,2023-10-01,2023-10-31,ok,31.900002,121.0,32486,
satellite,nantong_1,2023-11-01,2023-11-30,ok,31.900002,121.0,31240,
satellite,nantong_1,2023-12-01,2023-12-31,ok,31.900002,121.0,31956,
satellite,nantong_1,2024-01-01,2024-01-31,ok,31.900002,121.0,32047,
satellite,nantong_1,2024-02-01,2024-02-29,ok,31.900002,121.0,29751,
satellite,nantong_1,2024-03-01,2024-03-31,ok,31.900002,121.0,32503,
satellite,nantong_1,2024-04-01,2024-04-30,ok,31.900002,121.0,31413,
satellite,nantong_1,2024-05-01,2024-05-31,ok,31.900002,121.0,33121,
satellite,nantong_1,2024-06-01,2024-06-30,ok,31.900002,121.0,31707,
satellite,nantong_1,2024-07-01,2024-07-31,ok,31.900002,121.0,33026,
satellite,nantong_1,2024-08-01,2024-08-31,ok,31.900002,121.0,33128,
satellite,nantong_1,2024-09-01,2024-09-30,ok,31.900002,121.0,31592,
satellite,nantong_1,2024-10-01,2024-10-31,ok,31.900002,121.0,32147,
satellite,nantong_1,2024-11-01,2024-11-30,ok,31.900002,121.0,31060,
satellite,nantong_1,2024-12-01,2024-12-31,ok,31.900002,121.0,32092,
satellite,nantong_1,2025-01-01,2025-01-31,ok,31.900002,121.0,32286,
satellite,nantong_1,2025-02-01,2025-02-28,ok,31.900002,121.0,29233,
satellite,nantong_1,2025-03-01,2025-03-31,ok,31.900002,121.0,32502,
satellite,nantong_1,2025-04-01,2025-04-30,ok,31.900002,121.0,31997,
satellite,nantong_1,2025-05-01,2025-05-31,ok,31.900002,121.0,33030,
satellite,nantong_1,2025-06-01,2025-06-30,ok,31.900002,121.0,31730,
satellite,nantong_1,2025-07-01,2025-07-31,ok,31.900002,121.0,33302,
satellite,nantong_1,2025-08-01,2025-08-31,ok,31.900002,121.0,32998,
satellite,nantong_1,2025-09-01,2025-09-30,ok,31.900002,121.0,31630,
satellite,nantong_1,2025-10-01,2025-10-31,ok,31.900002,121.0,32323,
satellite,nantong_1,2025-11-01,2025-11-30,ok,31.900002,121.0,31270,
satellite,nantong_1,2025-12-01,2025-12-31,ok,31.900002,121.0,32186,
satellite,nantong_1,2026-01-01,2026-01-31,ok,31.900002,121.0,32122,
satellite,nantong_2,2019-02-01,2019-02-28,ok,31.900002,121.8,28794,
satellite,nantong_2,2019-03-01,2019-03-31,ok,31.900002,121.8,32461,
satellite,nantong_2,2019-04-01,2019-04-30,ok,31.900002,121.8,31511,
satellite,nantong_2,2019-05-01,2019-05-31,ok,31.900002,121.8,32941,
satellite,nantong_2,2019-06-01,2019-06-30,ok,31.900002,121.8,31920,
satellite,nantong_2,2019-07-01,2019-07-31,ok,31.900002,121.8,32994,
satellite,nantong_2,2019-08-01,2019-08-31,ok,31.900002,121.8,32857,
satellite,nantong_2,2019-09-01,2019-09-30,ok,31.900002,121.8,31559,
satellite,nantong_2,2019-10-01,2019-10-31,ok,31.900002,121.8,32389,
satellite,nantong_2,2019-11-01,2019-11-30,ok,31.900002,121.8,31033,
satellite,nantong_2,2019-12-01,2019-12-31,ok,31.900002,121.8,31906,
satellite,nantong_2,2020-01-01,2020-01-31,ok,31.900002,121.8,31610,
satellite,nantong_2,2020-02-01,2020-02-29,ok,31.900002,121.8,30184,
satellite,nantong_2,2020-03-01,2020-03-31,ok,31.900002,121.8,32507,
satellite,nantong_2,2020-04-01,2020-04-30,ok,31.900002,121.8,31842,
satellite,nantong_2,2020-05-01,2020-05-31,ok,31.900002,121.8,32834,
satellite,nantong_2,2020-06-01,2020-06-30,ok,31.900002,121.8,31529,
satellite,nantong_2,2020-07-01,2020-07-31,ok,31.900002,121.8,32584,
satellite,nantong_2,2020-08-01,2020-08-31,ok,31.900002,121.8,33024,
satellite,nantong_2,2020-09-01,2020-09-30,ok,31.900002,121.8,31548,
satellite,nantong_2,2020-10-01,2020-10-31,ok,31.900002,121.8,32398,
satellite,nantong_2,2020-11-01,2020-11-30,ok,31.900002,121.8,30997,
satellite,nantong_2,2020-12-01,2020-12-31,ok,31.900002,121.8,31863,
satellite,nantong_2,2021-01-01,2021-01-31,ok,31.900002,121.8,32127,
satellite,nantong_2,2021-02-01,2021-02-28,ok,31.900002,121.8,29117,
satellite,nantong_2,2021-03-01,2021-03-31,ok,31.900002,121.8,32291,
satellite,nantong_2,2021-04-01,2021-04-30,ok,31.900002,121.8,31712,
satellite,nantong_2,2021-05-01,2021-05-31,ok,31.900002,121.8,32865,
satellite,nantong_2,2021-06-01,2021-06-30,ok,31.900002,121.8,31772,
satellite,nantong_2,2021-07-01,2021-07-31,ok,31.900002,121.8,32778,
satellite,nantong_2,2021-08-01,2021-08-31,ok,31.900002,121.8,32916,
satellite,nantong_2,2021-09-01,2021-09-30,ok,31.900002,121.8,31527,
satellite,nantong_2,2021-10-01,2021-10-31,ok,31.900002,121.8,32372,
satellite,nantong_2,2021-11-01,2021-11-30,ok,31.900002,121.8,31256,
satellite,nantong_2,2021-12-01,2021-12-31,ok,31.900002,121.8,32086,
satellite,nantong_2,2022-01-01,2022-01-31,ok,31.900002,121.8,31969,
satellite,nantong_2,2022-02-01,2022-02-28,ok,31.900002,121.8,29173,
satellite,nantong_2,2022-03-01,2022-03-31,ok,31.900002,121.8,32474,
satellite,nantong_2,2022-04-01,2022-04-30,ok,31.900002,121.8,31722,
satellite,nantong_2,2022-05-01,2022-05-31,ok,31.900002,121.8,32918,
satellite,nantong_2,2022-06-01,2022-06-30,ok,31.900002,121.8,32051,
satellite,nantong_2,2022-07-01,2022-07-31,ok,31.900002,121.8,33267,
satellite,nantong_2,2022-08-01,2022-08-31,ok,31.900002,121.8,33032,
satellite,nantong_2,2022-09-01,2022-09-30,ok,31.900002,121.8,31495,
satellite,nantong_2,2022-10-01,2022-10-31,ok,31.900002,121.8,32396,
satellite,nantong_2,2022-11-01,2022-11-30,ok,31.900002,121.8,30886,
satellite,nantong_2,2022-12-01,2022-12-31,ok,31.900002,121.8,31917,
satellite,nantong_2,2023-01-01,2023-01-31,ok,31.900002,121.8,32049,
satellite,nantong_2,2023-02-01,2023-02-28,ok,31.900002,121.8,29090,
satellite,nantong_2,2023-03-01,2023-03-31,ok,31.900002,121.8,32535,
satellite,nantong_2,2023-04-01,2023-04-30,ok,31.900002,121.8,31729,
satellite,nantong_2,2023-05-01,2023-05-31,ok,31.900002,121.8,32842,
satellite,nantong_2,2023-06-01,2023-06-30,ok,31.900002,121.8,31640,
satellite,nantong_2,2023-07-01,2023-07-31,ok,31.900002,121.8,32858,
satellite,nantong_2,2023-08-01,2023-08-31,ok,31.900002,121.8,33027,
satellite,nantong_2,2023-09-01,2023-09-30,ok,31.900002,121.8,31314,
satellite,nantong_2,2023-10-01,2023-10-31,ok,31.900002,121.8,32485,
satellite,nantong_2,2023-11-01,2023-11-30,ok,31.900002,121.8,31220,
satellite,nantong_2,2023-12-01,2023-12-31,ok,31.900002,121.8,31918,
satellite,nantong_2,2024-01-01,2024-01-31,ok,31.900002,121.8,32041,
satellite,nantong_2,2024-02-01,2024-02-29,ok,31.900002,121.8,29770,
satellite,nantong_2,2024-03-01,2024-03-31,ok,31.900002,121.8,32508,
satellite,nantong_2,2024-04-01,2024-04-30,ok,31.900002,121.8,31354,
satellite,nantong_2,2024-05-01,2024-05-31,ok,31.900002,121.8,33120,
satellite,nantong_2,2024-06-01,2024-06-30,ok,31.900002,121.8,31698,
satellite,nantong_2,2024-07-01,2024-07-31,ok,31.900002,121.8,33069,
satellite,nantong_2,2024-08-01,2024-08-31,ok,31.900002,121.8,33227,
satellite,nantong_2,2024-09-01,2024-09-30,ok,31.900002,121.8,31563,
satellite,nantong_2,2024-10-01,2024-10-31,ok,31.900002,121.8,32180,
satellite,nantong_2,2024-11-01,2024-11-30,ok,31.900002,121.8,31030,
satellite,nantong_2,2024-12-01,2024-12-31,ok,31.900002,121.8,32011,
satellite,nantong_2,2025-01-01,2025-01-31,ok,31.900002,121.8,32274,
satellite,nantong_2,2025-02-01,2025-02-28,ok,31.900002,121.8,29232,
satellite,nantong_2,2025-03-01,2025-03-31,ok,31.900002,121.8,32507,
satellite,nantong_2,2025-04-01,2025-04-30,ok,31.900002,121.8,31955,
satellite,nantong_2,2025-05-01,2025-05-31,ok,31.900002,121.8,32994,
satellite,nantong_2,2025-06-01,2025-06-30,ok,31.900002,121.8,31683,
satellite,nantong_2,2025-07-01,2025-07-31,ok,31.900002,121.8,33273,
satellite,nantong_2,2025-08-01,2025-08-31,ok,31.900002,121.8,33110,
satellite,nantong_2,2025-09-01,2025-09-30,ok,31.900002,121.8,31592,
satellite,nantong_2,2025-10-01,2025-10-31,ok,31.900002,121.8,32314,
satellite,nantong_2,2025-11-01,2025-11-30,ok,31.900002,121.8,31267,
satellite,nantong_2,2025-12-01,2025-12-31,ok,31.900002,121.8,32136,
satellite,nantong_2,2026-01-01,2026-01-31,ok,31.900002,121.8,32121,
satellite,suqian_1,2019-02-01,2019-02-28,ok,33.9,118.2,28921,
satellite,suqian_1,2019-03-01,2019-03-31,ok,33.9,118.2,32701,
satellite,suqian_1,2019-04-01,2019-04-30,ok,33.9,118.2,31524,
satellite,suqian_1,2019-05-01,2019-05-31,ok,33.9,118.2,33022,
satellite,suqian_1,2019-06-01,2019-06-30,ok,33.9,118.2,32120,
satellite,suqian_1,2019-07-01,2019-07-31,ok,33.9,118.2,33047,
satellite,suqian_1,2019-08-01,2019-08-31,ok,33.9,118.2,32840,
satellite,suqian_1,2019-09-01,2019-09-30,ok,33.9,118.2,31746,
satellite,suqian_1,2019-10-01,2019-10-31,ok,33.9,118.2,32323,
satellite,suqian_1,2019-11-01,2019-11-30,ok,33.9,118.2,31135,
satellite,suqian_1,2019-12-01,2019-12-31,ok,33.9,118.2,31934,
satellite,suqian_1,2020-01-01,2020-01-31,ok,33.9,118.2,31776,
satellite,suqian_1,2020-02-01,2020-02-29,ok,33.9,118.2,30097,
satellite,suqian_1,2020-03-01,2020-03-31,ok,33.9,118.2,32552,
satellite,suqian_1,2020-04-01,2020-04-30,ok,33.9,118.2,31959,
satellite,suqian_1,2020-05-01,2020-05-31,ok,33.9,118.2,32967,
satellite,suqian_1,2020-06-01,2020-06-30,ok,33.9,118.2,31758,
satellite,suqian_1,2020-07-01,2020-07-31,ok,33.9,118.2,32689,
satellite,suqian_1,2020-08-01,2020-08-31,ok,33.9,118.2,32809,
satellite,suqian_1,2020-09-01,2020-09-30,ok,33.9,118.2,31672,
satellite,suqian_1,2020-10-01,2020-10-31,ok,33.9,118.2,32260,
satellite,suqian_1,2020-11-01,2020-11-30,ok,33.9,118.2,30964,
satellite,suqian_1,2020-12-01,2020-12-31,ok,33.9,118.2,32041,
satellite,suqian_1,2021-01-01,2021-01-31,ok,33.9,118.2,32126,
satellite,suqian_1,2021-02-01,2021-02-28,ok,33.9,118.2,29297,
satellite,suqian_1,2021-03-01,2021-03-31,ok,33.9,118.2,32461,
satellite,suqian_1,2021-04-01,2021-04-30,ok,33.9,118.2,31417,
satellite,suqian_1,2021-05-01,2021-05-31,ok,33.9,118.2,32892,
satellite,suqian_1,2021-06-01,2021-06-30,ok,33.9,118.2,32012,
satellite,suqian_1,2021-07-01,2021-07-31,ok,33.9,118.2,32732,
satellite,suqian_1,2021-08-01,2021-08-31,ok,33.9,118.2,32650,
satellite,suqian_1,2021-09-01,2021-09-30,ok,33.9,118.2,31499,
satellite,suqian_1,2021-10-01,2021-10-31,ok,33.9,118.2,32178,
satellite,suqian_1,2021-11-01,2021-11-30,ok,33.9,118.2,31150,
satellite,suqian_1,2021-12-01,2021-12-31,ok,33.9,118.2,32134,
satellite,suqian_1,2022-01-01,2022-01-31,ok,33.9,118.2,32011,
satellite,suqian_1,2022-02-01,2022-02-28,ok,33.9,118.2,29276,
satellite,suqian_1,2022-03-01,2022-03-31,ok,33.9,118.2,32533,
satellite,suqian_1,2022-04-01,2022-04-30,ok,33.9,118.2,31880,
satellite,suqian_1,2022-05-01,2022-05-31,ok,33.9,118.2,33150,
satellite,suqian_1,2022-06-01,2022-06-30,ok,33.9,118.2,32056,
satellite,suqian_1,2022-07-01,2022-07-31,ok,33.9,118.2,32868,
satellite,suqian_1,2022-08-01,2022-08-31,ok,33.9,118.2,32873,
satellite,suqian_1,2022-09-01,2022-09-30,ok,33.9,118.2,31690,
satellite,suqian_1,2022-10-01,2022-10-31,ok,33.9,118.2,32367,
satellite,suqian_1,2022-11-01,2022-11-30,ok,33.9,118.2,30834,
satellite,suqian_1,2022-12-01,2022-12-31,ok,33.9,118.2,31994,
satellite,suqian_1,2023-01-01,2023-01-31,ok,33.9,118.2,32172,
satellite,suqian_1,2023-02-01,2023-02-28,ok,33.9,118.2,29175,
satellite,suqian_1,2023-03-01,2023-03-31,ok,33.9,118.2,32684,
satellite,suqian_1,2023-04-01,2023-04-30,ok,33.9,118.2,31665,
satellite,suqian_1,2023-05-01,2023-05-31,ok,33.9,118.2,32833,
satellite,suqian_1,2023-06-01,2023-06-30,ok,33.9,118.2,31886,
satellite,suqian_1,2023-07-01,2023-07-31,ok,33.9,118.2,32883,
satellite,suqian_1,2023-08-01,2023-08-31,ok,33.9,118.2,32967,
satellite,suqian_1,2023-09-01,2023-09-30,ok,33.9,118.2,31421,
satellite,suqian_1,2023-10-01,2023-10-31,ok,33.9,118.2,32474,
satellite,suqian_1,2023-11-01,2023-11-30,ok,33.9,118.2,31161,
satellite,suqian_1,2023-12-01,2023-12-31,ok,33.9,118.2,31908,
satellite,suqian_1,2024-01-01,2024-01-31,ok,33.9,118.2,32004,
satellite,suqian_1,2024-02-01,2024-02-29,ok,33.9,118.2,29924,
satellite,suqian_1,2024-03-01,2024-03-31,ok,33.9,118.2,32530,
satellite,suqian_1,2024-04-01,2024-04-30,ok,33.9,118.2,31689,
satellite,suqian_1,2024-05-01,2024-05-31,ok,33.9,118.2,33219,
satellite,suqian_1,2024-06-01,2024-06-30,ok,33.9,118.2,32196,
satellite,suqian_1,2024-07-01,2024-07-31,ok,33.9,118.2,32751,
satellite,suqian_1,2024-08-01,2024-08-31,ok,33.9,118.2,33019,
satellite,suqian_1,2024-09-01,2024-09-30,ok,33.9,118.2,31620,
satellite,suqian_1,2024-10-01,2024-10-31,ok,33.9,118.2,32369,
satellite,suqian_1,2024-11-01,2024-11-30,ok,33.9,118.2,31118,
satellite,suqian_1,2024-12-01,2024-12-31,ok,33.9,118.2,32176,
satellite,suqian_1,2025-01-01,2025-01-31,ok,33.9,118.2,32196,
satellite,suqian_1,2025-02-01,2025-02-28,ok,33.9,118.2,29357,
satellite,suqian_1,2025-03-01,2025-03-31,ok,33.9,118.2,32615,
satellite,suqian_1,2025-04-01,2025-04-30,ok,33.9,118.2,32010,
satellite,suqian_1,2025-05-01,2025-05-31,ok,33.9,118.2,33088,
satellite,suqian_1,2025-06-01,2025-06-30,ok,33.9,118.2,31907,
satellite,suqian_1,2025-07-01,2025-07-31,ok,33.9,118.2,33304,
satellite,suqian_1,2025-08-01,2025-08-31,ok,33.9,118.2,32830,
satellite,suqian_1,2025-09-01,2025-09-30,ok,33.9,118.2,31173,
satellite,suqian_1,2025-10-01,2025-10-31,ok,33.9,118.2,32024,
satellite,suqian_1,2025-11-01,2025-11-30,ok,33.9,118.2,31253,
satellite,suqian_1,2025-12-01,2025-12-31,ok,33.9,118.2,32150,
satellite,suqian_1,2026-01-01,2026-01-31,ok,33.9,118.2,32111,
satellite,xuzhou_1,2019-02-01,2019-02-28,ok,34.700005,116.600006,29054,
satellite,xuzhou_1,2019-03-01,2019-03-31,ok,34.700005,116.600006,32735,
satellite,xuzhou_1,2019-04-01,2019-04-30,ok,34.700005,116.600006,31699,
satellite,xuzhou_1,2019-05-01,2019-05-31,ok,34.700005,116.600006,33163,
satellite,xuzhou_1,2019-06-01,2019-06-30,ok,34.700005,116.600006,32247,
satellite,xuzhou_1,2019-07-01,2019-07-31,ok,34.700005,116.600006,33101,
satellite,xuzhou_1,2019-08-01,2019-08-31,ok,34.700005,116.600006,32796,
satellite,xuzhou_1,2019-09-01,2019-09-30,ok,34.700005,116.600006,31693,
satellite,xuzhou_1,2019-10-01,2019-10-31,ok,34.700005,116.600006,32177,
satellite,xuzhou_1,2019-11-01,2019-11-30,ok,34.700005,116.600006,31085,
satellite,xuzhou_1,2019-12-01,2019-12-31,ok,34.700005,116.600006,32014,
satellite,xuzhou_1,2020-01-01,2020-01-31,ok,34.700005,116.600006,31803,
satellite,xuzhou_1,2020-02-01,2020-02-29,ok,34.700005,116.600006,30096,
satellite,xuzhou_1,2020-03-01,2020-03-31,ok,34.700005,116.600006,32595,
satellite,xuzhou_1,2020-04-01,2020-04-30,ok,34.700005,116.600006,31974,
satellite,xuzhou_1,2020-05-01,2020-05-31,ok,34.700005,116.600006,33036,
satellite,xuzhou_1,2020-06-01,2020-06-30,ok,34.700005,116.600006,31916,
satellite,xuzhou_1,2020-07-01,2020-07-31,ok,34.700005,116.600006,32822,
satellite,xuzhou_1,2020-08-01,2020-08-31,ok,34.700005,116.600006,32804,
satellite,xuzhou_1,2020-09-01,2020-09-30,ok,34.700005,116.600006,31737,
satellite,xuzhou_1,2020-10-01,2020-10-31,ok,34.700005,116.600006,32125,
satellite,xuzhou_1,2020-11-01,2020-11-30,ok,34.700005,116.600006,31065,
satellite,xuzhou_1,2020-12-01,2020-12-31,ok,34.700005,116.600006,32063,
satellite,xuzhou_1,2021-01-01,2021-01-31,ok,34.700005,116.600006,32176,
satellite,xuzhou_1,2021-02-01,2021-02-28,ok,34.700005,116.600006,29298,
satellite,xuzhou_1,2021-03-01,2021-03-31,ok,34.700005,116.600006,32520,
satellite,xuzhou_1,2021-04-01,2021-04-30,ok,34.700005,116.600006,31526,
satellite,xuzhou_1,2021-05-01,2021-05-31,ok,34.700005,116.600006,33081,
satellite,xuzhou_1,2021-06-01,2021-06-30,ok,34.700005,116.600006,32069,
satellite,xuzhou_1,2021-07-01,2021-07-31,ok,34.700005,116.600006,32914,
satellite,xuzhou_1,2021-08-01,2021-08-31,ok,34.700005,116.600006,32621,
satellite,xuzhou_1,2021-09-01,2021-09-30,ok,34.700005,116.600006,31302,
satellite,xuzhou_1,2021-10-01,2021-10-31,ok,34.700005,116.600006,32219,
satellite,xuzhou_1,2021-11-01,2021-11-30,ok,34.700005,116.600006,31201,
satellite,xuzhou_1,2021-12-01,2021-12-31,ok,34.700005,116.600006,32139,
satellite,xuzhou_1,2022-01-01,2022-01-31,ok,34.700005,116.600006,32006,
satellite,xuzhou_1,2022-02-01,2022-02-28,ok,34.700005,116.600006,29315,
satellite,xuzhou_1,2022-03-01,2022-03-31,ok,34.700005,116.600006,32598,
satellite,xuzhou_1,2022-04-01,2022-04-30,ok,34.700005,116.600006,31914,
satellite,xuzhou_1,2022-05-01,2022-05-31,ok,34.700005,116.600006,33214,
satellite,xuzhou_1,2022-06-01,2022-06-30,ok,34.700005,116.600006,32270,
satellite,xuzhou_1,2022-07-01,2022-07-31,ok,34.700005,116.600006,32859,
satellite,xuzhou_1,2022-08-01,2022-08-31,ok,34.700005,116.600006,32876,
satellite,xuzhou_1,2022-09-01,2022-09-30,ok,34.700005,116.600006,31823,
satellite,xuzhou_1,2022-10-01,2022-10-31,ok,34.700005,116.600006,32394,
satellite,xuzhou_1,2022-11-01,2022-11-30,ok,34.700005,116.600006,30898,
satellite,xuzhou_1,2022-12-01,2022-12-31,ok,34.700005,116.600006,32082,
satellite,xuzhou_1,2023-01-01,2023-01-31,ok,34.700005,116.600006,32148,
satellite,xuzhou_1,2023-02-01,2023-02-28,ok,34.700005,116.600006,29258,
satellite,xuzhou_1,2023-03-01,2023-03-31,ok,34.700005,116.600006,32674,
satellite,xuzhou_1,2023-04-01,2023-04-30,ok,34.700005,116.600006,31677,
satellite,xuzhou_1,2023-05-01,2023-05-31,ok,34.700005,116.600006,32825,
satellite,xuzhou_1,2023-06-01,2023-06-30,ok,34.700005,116.600006,32027,
satellite,xuzhou_1,2023-07-01,2023-07-31,ok,34.700005,116.600006,33119,
satellite,xuzhou_1,2023-08-01,2023-08-31,ok,34.700005,116.600006,33011,
satellite,xuzhou_1,2023-09-01,2023-09-30,ok,34.700005,116.600006,31487,
satellite,xuzhou_1,2023-10-01,2023-10-31,ok,34.700005,116.600006,32449,
satellite,xuzhou_1,2023-11-01,2023-11-30,ok,34.700005,116.600006,31142,
satellite,xuzhou_1,2023-12-01,2023-12-31,ok,34.700005,116.600006,31904,
satellite,xuzhou_1,2024-01-01,2024-01-31,ok,34.700005,116.600006,32075,
satellite,xuzhou_1,2024-02-01,2024-02-29,ok,34.700005,116.600006,30054,
satellite,xuzhou_1,2024-03-01,2024-03-31,ok,34.700005,116.600006,32555,
satellite,xuzhou_1,2024-04-01,2024-04-30,ok,34.700005,116.600006,31837,
satellite,xuzhou_1,2024-05-01,2024-05-31,ok,34.700005,116.600006,33280,
satellite,xuzhou_1,2024-06-01,2024-06-30,ok,34.700005,116.600006,32256,
satellite,xuzhou_1,2024-07-01,2024-07-31,ok,34.700005,116.600006,32852,
satellite,xuzhou_1,2024-08-01,2024-08-31,ok,34.700005,116.600006,32981,
satellite,xuzhou_1,2024-09-01,2024-09-30,ok,34.700005,116.600006,31528,
satellite,xuzhou_1,2024-10-01,2024-10-31,ok,34.700005,116.600006,32404,
satellite,xuzhou_1,2024-11-01,2024-11-30,ok,34.700005,116.600006,31112,
satellite,xuzhou_1,2024-12-01,2024-12-31,ok,34.700005,116.600006,32188,
satellite,xuzhou_1,2025-01-01,2025-01-31,ok,34.700005,116.600006,32177,
satellite,xuzhou_1,2025-02-01,2025-02-28,ok,34.700005,116.600006,29375,
satellite,xuzhou_1,2025-03-01,2025-03-31,ok,34.700005,116.600006,32645,
satellite,xuzhou_1,2025-04-01,2025-04-30,ok,34.700005,116.600006,32111,
satellite,xuzhou_1,2025-05-01,2025-05-31,ok,34.700005,116.600006,33247,
satellite,xuzhou_1,2025-06-01,2025-06-30,ok,34.700005,116.600006,32036,
satellite,xuzhou_1,2025-07-01,2025-07-31,ok,34.700005,116.600006,33391,
satellite,xuzhou_1,2025-08-01,2025-08-31,ok,34.700005,116.600006,32917,
satellite,xuzhou_1,2025-09-01,2025-09-30,ok,34.700005,116.600006,31223,
satellite,xuzhou_1,2025-10-01,2025-10-31,ok,34.700005,116.600006,31878,
satellite,xuzhou_1,2025-11-01,2025-11-30,ok,34.700005,116.600006,31262,
satellite,xuzhou_1,2025-12-01,2025-12-31,ok,34.700005,116.600006,32096,
satellite,xuzhou_1,2026-01-01,2026-01-31,ok,34.700005,116.600006,32128,
satellite,huai_an_1,2019-02-01,2019-02-28,ok,33.1,119.4,28872,
satellite,huai_an_1,2019-03-01,2019-03-31,ok,33.1,119.4,32629,
satellite,huai_an_1,2019-04-01,2019-04-30,ok,33.1,119.4,31478,
satellite,huai_an_1,2019-05-01,2019-05-31,ok,33.1,119.4,32959,
satellite,huai_an_1,2019-06-01,2019-06-30,ok,33.1,119.4,32018,
satellite,huai_an_1,2019-07-01,2019-07-31,ok,33.1,119.4,33029,
satellite,huai_an_1,2019-08-01,2019-08-31,ok,33.1,119.4,32892,
satellite,huai_an_1,2019-09-01,2019-09-30,ok,33.1,119.4,31666,
satellite,huai_an_1,2019-10-01,2019-10-31,ok,33.1,119.4,32354,
satellite,huai_an_1,2019-11-01,2019-11-30,ok,33.1,119.4,31121,
satellite,huai_an_1,2019-12-01,2019-12-31,ok,33.1,119.4,31889,
satellite,huai_an_1,2020-01-01,2020-01-31,ok,33.1,119.4,31701,
satellite,huai_an_1,2020-02-01,2020-02-29,ok,33.1,119.4,30164,
satellite,huai_an_1,2020-03-01,2020-03-31,ok,33.1,119.4,32515,
satellite,huai_an_1,2020-04-01,2020-04-30,ok,33.1,119.4,31861,
satellite,huai_an_1,2020-05-01,2020-05-31,ok,33.1,119.4,32909,
satellite,huai_an_1,2020-06-01,2020-06-30,ok,33.1,119.4,31656,
satellite,huai_an_1,2020-07-01,2020-07-31,ok,33.1,119.4,32619,
satellite,huai_an_1,2020-08-01,2020-08-31,ok,33.1,119.4,32880,
satellite,huai_an_1,2020-09-01,2020-09-30,ok,33.1,119.4,31655,
satellite,huai_an_1,2020-10-01,2020-10-31,ok,33.1,119.4,32320,
satellite,huai_an_1,2020-11-01,2020-11-30,ok,33.1,119.4,30922,
satellite,huai_an_1,2020-12-01,2020-12-31,ok,33.1,119.4,32013,
satellite,huai_an_1,2021-01-01,2021-01-31,ok,33.1,119.4,32094,
satellite,huai_an_1,2021-02-01,2021-02-28,ok,33.1,119.4,29271,
satellite,huai_an_1,2021-03-01,2021-03-31,ok,33.1,119.4,32412,
satellite,huai_an_1,2021-04-01,2021-04-30,ok,33.1,119.4,31496,
satellite,huai_an_1,2021-05-01,2021-05-31,ok,33.1,119.4,32827,
satellite,huai_an_1,2021-06-01,2021-06-30,ok,33.1,119.4,31939,
satellite,huai_an_1,2021-07-01,2021-07-31,ok,33.1,119.4,32706,
satellite,huai_an_1,2021-08-01,2021-08-31,ok,33.1,119.4,32812,
satellite,huai_an_1,2021-09-01,2021-09-30,ok,33.1,119.4,31634,
satellite,huai_an_1,2021-10-01,2021-10-31,ok,33.1,119.4,32296,
satellite,huai_an_1,2021-11-01,2021-11-30,ok,33.1,119.4,31203,
satellite,huai_an_1,2021-12-01,2021-12-31,ok,33.1,119.4,32162,
satellite,huai_an_1,2022-01-01,2022-01-31,ok,33.1,119.4,32055,
satellite,huai_an_1,2022-02-01,2022-02-28,ok,33.1,119.4,29231,
satellite,huai_an_1,2022-03-01,2022-03-31,ok,33.1,119.4,32513,
satellite,huai_an_1,2022-04-01,2022-04-30,ok,33.1,119.4,31815,
satellite,huai_an_1,2022-05-01,2022-05-31,ok,33.1,119.4,33165,
satellite,huai_an_1,2022-06-01,2022-06-30,ok,33.1,119.4,32175,
satellite,huai_an_1,2022-07-01,2022-07-31,ok,33.1,119.4,33083,
satellite,huai_an_1,2022-08-01,2022-08-31,ok,33.1,119.4,32914,
satellite,huai_an_1,2022-09-01,2022-09-30,ok,33.1,119.4,31665,
satellite,huai_an_1,2022-10-01,2022-10-31,ok,33.1,119.4,32379,
satellite,huai_an_1,2022-11-01,2022-11-30,ok,33.1,119.4,30914,
satellite,huai_an_1,2022-12-01,2022-12-31,ok,33.1,119.4,31951,
satellite,huai_an_1,2023-01-01,2023-01-31,ok,33.1,119.4,32177,
satellite,huai_an_1,2023-02-01,2023-02-28,ok,33.1,119.4,29125,
satellite,huai_an_1,2023-03-01,2023-03-31,ok,33.1,119.4,32579,
satellite,huai_an_1,2023-04-01,2023-04-30,ok,33.1,119.4,31650,
satellite,huai_an_1,2023-05-01,2023-05-31,ok,33.1,119.4,32827,
satellite,huai_an_1,2023-06-01,2023-06-30,ok,33.1,119.4,31853,
satellite,huai_an_1,2023-07-01,2023-07-31,ok,33.1,119.4,32709,
satellite,huai_an_1,2023-08-01,2023-08-31,ok,33.1,119.4,32958,
satellite,huai_an_1,2023-09-01,2023-09-30,ok,33.1,119.4,31395,
satellite,huai_an_1,2023-10-01,2023-10-31,ok,33.1,119.4,32501,
satellite,huai_an_1,2023-11-01,2023-11-30,ok,33.1,119.4,31162,
satellite,huai_an_1,2023-12-01,2023-12-31,ok,33.1,119.4,31924,
satellite,huai_an_1,2024-01-01,2024-01-31,ok,33.1,119.4,31962,
satellite,huai_an_1,2024-02-01,2024-02-29,ok,33.1,119.4,29897,
satellite,huai_an_1,2024-03-01,2024-03-31,ok,33.1,119.4,32454,
satellite,huai_an_1,2024-04-01,2024-04-30,ok,33.1,119.4,31612,
satellite,huai_an_1,2024-05-01,2024-05-31,ok,33.1,119.4,33119,
satellite,huai_an_1,2024-06-01,2024-06-30,ok,33.1,119.4,32005,
satellite,huai_an_1,2024-07-01,2024-07-31,ok,33.1,119.4,32945,
satellite,huai_an_1,2024-08-01,2024-08-31,ok,33.1,119.4,32993,
satellite,huai_an_1,2024-09-01,2024-09-30,ok,33.1,119.4,31642,
satellite,huai_an_1,2024-10-01,2024-10-31,ok,33.1,119.4,32292,
satellite,huai_an_1,2024-11-01,2024-11-30,ok,33.1,119.4,31132,
satellite,huai_an_1,2024-12-01,2024-12-31,ok,33.1,119.4,32180,
satellite,huai_an_1,2025-01-01,2025-01-31,ok,33.1,119.4,32254,
satellite,huai_an_1,2025-02-01,2025-02-28,ok,33.1,119.4,29342,
satellite,huai_an_1,2025-03-01,2025-03-31,ok,33.1,119.4,32557,
satellite,huai_an_1,2025-04-01,2025-04-30,ok,33.1,119.4,31997,
satellite,huai_an_1,2025-05-01,2025-05-31,ok,33.1,119.4,33082,
satellite,huai_an_1,2025-06-01,2025-06-30,ok,33.1,119.4,31844,
satellite,huai_an_1,2025-07-01,2025-07-31,ok,33.1,119.4,33295,
satellite,huai_an_1,2025-08-01,2025-08-31,ok,33.1,119.4,32869,
satellite,huai_an_1,2025-09-01,2025-09-30,ok,33.1,119.4,31388,
satellite,huai_an_1,2025-10-01,2025-10-31,ok,33.1,119.4,32124,
satellite,huai_an_1,2025-11-01,2025-11-30,ok,33.1,119.4,31250,
satellite,huai_an_1,2025-12-01,2025-12-31,ok,33.1,119.4,32139,
satellite,huai_an_1,2026-01-01,2026-01-31,ok,33.1,119.4,32102,
satellite,huai_an_2,2019-02-01,2019-02-28,ok,33.9,119.4,28933,
satellite,huai_an_2,2019-03-01,2019-03-31,ok,33.9,119.4,32741,
satellite,huai_an_2,2019-04-01,2019-04-30,ok,33.9,119.4,31551,
satellite,huai_an_2,2019-05-01,2019-05-31,ok,33.9,119.4,32969,
satellite,huai_an_2,2019-06-01,2019-06-30,ok,33.9,119.4,32158,
satellite,huai_an_2,2019-07-01,2019-07-31,ok,33.9,119.4,33039,
satellite,huai_an_2,2019-08-01,2019-08-31,ok,33.9,119.4,32929,
satellite,huai_an_2,2019-09-01,2019-09-30,ok,33.9,119.4,31732,
satellite,huai_an_2,2019-10-01,2019-10-31,ok,33.9,119.4,32441,
satellite,huai_an_2,2019-11-01,2019-11-30,ok,33.9,119.4,31128,
satellite,huai_an_2,2019-12-01,2019-12-31,ok,33.9,119.4,31957,
satellite,huai_an_2,2020-01-01,2020-01-31,ok,33.9,119.4,31832,
satellite,huai_an_2,2020-02-01,2020-02-29,ok,33.9,119.4,30144,
satellite,huai_an_2,2020-03-01,2020-03-31,ok,33.9,119.4,32585,
satellite,huai_an_2,2020-04-01,2020-04-30,ok,33.9,119.4,32000,
satellite,huai_an_2,2020-05-01,2020-05-31,ok,33.9,119.4,32953,
satellite,huai_an_2,2020-06-01,2020-06-30,ok,33.9,119.4,31737,
satellite,huai_an_2,2020-07-01,2020-07-31,ok,33.9,119.4,32747,
satellite,huai_an_2,2020-08-01,2020-08-31,ok,33.9,119.4,32791,
satellite,huai_an_2,2020-09-01,2020-09-30,ok,33.9,119.4,31708,
satellite,huai_an_2,2020-10-01,2020-10-31,ok,33.9,119.4,32312,
satellite,huai_an_2,2020-11-01,2020-11-30,ok,33.9,119.4,30968,
satellite,huai_an_2,2020-12-01,2020-12-31,ok,33.9,119.4,32039,
satellite,huai_an_2,2021-01-01,2021-01-31,ok,33.9,119.4,32098,
satellite,huai_an_2,2021-02-01,2021-02-28,ok,33.9,119.4,29276,
satellite,huai_an_2,2021-03-01,2021-03-31,ok,33.9,119.4,32562,
satellite,huai_an_2,2021-04-01,2021-04-30,ok,33.9,119.4,31568,
satellite,huai_an_2,2021-05-01,2021-05-31,ok,33.9,119.4,32933,
satellite,huai_an_2,2021-06-01,2021-06-30,ok,33.9,119.4,31976,
satellite,huai_an_2,2021-07-01,2021-07-31,ok,33.9,119.4,32749,
satellite,huai_an_2,2021-08-01,2021-08-31,ok,33.9,119.4,32731,
satellite,huai_an_2,2021-09-01,2021-09-30,ok,33.9,119.4,31590,
satellite,huai_an_2,2021-10-01,2021-10-31,ok,33.9,119.4,32259,
satellite,huai_an_2,2021-11-01,2021-11-30,ok,33.9,119.4,31183,
satellite,huai_an_2,2021-12-01,2021-12-31,ok,33.9,119.4,32142,
satellite,huai_an_2,2022-01-01,2022-01-31,ok,33.9,119.4,32047,
satellite,huai_an_2,2022-02-01,2022-02-28,ok,33.9,119.4,29266,
satellite,huai_an_2,2022-03-01,2022-03-31,ok,33.9,119.4,32579,
satellite,huai_an_2,2022-04-01,2022-04-30,ok,33.9,119.4,31919,
satellite,huai_an_2,2022-05-01,2022-05-31,ok,33.9,119.4,33220,
satellite,huai_an_2,2022-06-01,2022-06-30,ok,33.9,119.4,32083,
satellite,huai_an_2,2022-07-01,2022-07-31,ok,33.9,119.4,32959,
satellite,huai_an_2,2022-08-01,2022-08-31,ok,33.9,119.4,32971,
satellite,huai_an_2,2022-09-01,2022-09-30,ok,33.9,119.4,31698,
satellite,huai_an_2,2022-10-01,2022-10-31,ok,33.9,119.4,32427,
satellite,huai_an_2,2022-11-01,2022-11-30,ok,33.9,119.4,30960,
satellite,huai_an_2,2022-12-01,2022-12-31,ok,33.9,119.4,32019,
satellite,huai_an_2,2023-01-01,2023-01-31,ok,33.9,119.4,32170,
satellite,huai_an_2,2023-02-01,2023-02-28,ok,33.9,119.4,29203,
satellite,huai_an_2,2023-03-01,2023-03-31,ok,33.9,119.4,32703,
satellite,huai_an_2,2023-04-01,2023-04-30,ok,33.9,119.4,31766,
satellite,huai_an_2,2023-05-01,2023-05-31,ok,33.9,119.4,32935,
satellite,huai_an_2,2023-06-01,2023-06-30,ok,33.9,119.4,31886,
satellite,huai_an_2,2023-07-01,2023-07-31,ok,33.9,119.4,32825,
satellite,huai_an_2,2023-08-01,2023-08-31,ok,33.9,119.4,33010,
satellite,huai_an_2,2023-09-01,2023-09-30,ok,33.9,119.4,31417,
satellite,huai_an_2,2023-10-01,2023-10-31,ok,33.9,119.4,32491,
satellite,huai_an_2,2023-11-01,2023-11-30,ok,33.9,119.4,31156,
satellite,huai_an_2,2023-12-01,2023-12-31,ok,33.9,119.4,31880,
satellite,huai_an_2,2024-01-01,2024-01-31,ok,33.9,119.4,31932,
satellite,huai_an_2,2024-02-01,2024-02-29,ok,33.9,119.4,29947,
satellite,huai_an_2,2024-03-01,2024-03-31,ok,33.9,119.4,32545,
satellite,huai_an_2,2024-04-01,2024-04-30,ok,33.9,119.4,31700,
satellite,huai_an_2,2024-05-01,2024-05-31,ok,33.9,119.4,33232,
satellite,huai_an_2,2024-06-01,2024-06-30,ok,33.9,119.4,32165,
satellite,huai_an_2,2024-07-01,2024-07-31,ok,33.9,119.4,32835,
satellite,huai_an_2,2024-08-01,2024-08-31,ok,33.9,119.4,32988,
satellite,huai_an_2,2024-09-01,2024-09-30,ok,33.9,119.4,31608,
satellite,huai_an_2,2024-10-01,2024-10-31,ok,33.9,119.4,32321,
satellite,huai_an_2,2024-11-01,2024-11-30,ok,33.9,119.4,31157,
satellite,huai_an_2,2024-12-01,2024-12-31,ok,33.9,119.4,32221,
satellite,huai_an_2,2025-01-01,2025-01-31,ok,33.9,119.4,32247,
satellite,huai_an_2,2025-02-01,2025-02-28,ok,33.9,119.4,29385,
satellite,huai_an_2,2025-03-01,2025-03-31,ok,33.9,119.4,32637,
satellite,huai_an_2,2025-04-01,2025-04-30,ok,33.9,119.4,32063,
satellite,huai_an_2,2025-05-01,2025-05-31,ok,33.9,119.4,33162,
satellite,huai_an_2,2025-06-01,2025-06-30,ok,33.9,119.4,31864,
satellite,huai_an_2,2025-07-01,2025-07-31,ok,33.9,119.4,33361,
satellite,huai_an_2,2025-08-01,2025-08-31,ok,33.9,119.4,32894,
satellite,huai_an_2,2025-09-01,2025-09-30,ok,33.9,119.4,31351,
satellite,huai_an_2,2025-10-01,2025-10-31,ok,33.9,119.4,32039,
satellite,huai_an_2,2025-11-01,2025-11-30,ok,33.9,119.4,31262,
satellite,huai_an_2,2025-12-01,2025-12-31,ok,33.9,119.4,32141,
satellite,huai_an_2,2026-01-01,2026-01-31,ok,33.9,119.4,32142,
satellite,xuzhou_2,2019-02-01,2019-02-28,ok,34.300003,117.4,28994,
satellite,xuzhou_2,2019-03-01,2019-03-31,ok,34.300003,117.4,32728,
satellite,xuzhou_2,2019-04-01,2019-04-30,ok,34.300003,117.4,31619,
satellite,xuzhou_2,2019-05-01,2019-05-31,ok,34.300003,117.4,33091,
satellite,xuzhou_2,2019-06-01,2019-06-30,ok,34.300003,117.4,32230,
satellite,xuzhou_2,2019-07-01,2019-07-31,ok,34.300003,117.4,33089,
satellite,xuzhou_2,2019-08-01,2019-08-31,ok,34.300003,117.4,32838,
satellite,xuzhou_2,2019-09-01,2019-09-30,ok,34.300003,117.4,31747,
satellite,xuzhou_2,2019-10-01,2019-10-31,ok,34.300003,117.4,32219,
satellite,xuzhou_2,2019-11-01,2019-11-30,ok,34.300003,117.4,31097,
satellite,xuzhou_2,2019-12-01,2019-12-31,ok,34.300003,117.4,31973,
satellite,xuzhou_2,2020-01-01,2020-01-31,ok,34.300003,117.4,31800,
satellite,xuzhou_2,2020-02-01,2020-02-29,ok,34.300003,117.4,30106,
satellite,xuzhou_2,2020-03-01,2020-03-31,ok,34.300003,117.4,32567,
satellite,xuzhou_2,2020-04-01,2020-04-30,ok,34.300003,117.4,32020,
satellite,xuzhou_2,2020-05-01,2020-05-31,ok,34.300003,117.4,33011,
satellite,xuzhou_2,2020-06-01,2020-06-30,ok,34.300003,117.4,31850,
satellite,xuzhou_2,2020-07-01,2020-07-31,ok,34.300003,117.4,32732,
satellite,xuzhou_2,2020-08-01,2020-08-31,ok,34.300003,117.4,32831,
satellite,xuzhou_2,2020-09-01,2020-09-30,ok,34.300003,117.4,31705,
satellite,xuzhou_2,2020-10-01,2020-10-31,ok,34.300003,117.4,32188,
satellite,xuzhou_2,2020-11-01,2020-11-30,ok,34.300003,117.4,31059,
satellite,xuzhou_2,2020-12-01,2020-12-31,ok,34.300003,117.4,32057,
satellite,xuzhou_2,2021-01-01,2021-01-31,ok,34.300003,117.4,32151,
satellite,xuzhou_2,2021-02-01,2021-02-28,ok,34.300003,117.4,29289,
satellite,xuzhou_2,2021-03-01,2021-03-31,ok,34.300003,117.4,32570,
satellite,xuzhou_2,2021-04-01,2021-04-30,ok,34.300003,117.4,31449,
satellite,xuzhou_2,2021-05-01,2021-05-31,ok,34.300003,117.4,33026,
satellite,xuzhou_2,2021-06-01,2021-06-30,ok,34.300003,117.4,32047,
satellite,xuzhou_2,2021-07-01,2021-07-31,ok,34.300003,117.4,32822,
satellite,xuzhou_2,2021-08-01,2021-08-31,ok,34.300003,117.4,32632,
satellite,xuzhou_2,2021-09-01,2021-09-30,ok,34.300003,117.4,31472,
satellite,xuzhou_2,2021-10-01,2021-10-31,ok,34.300003,117.4,32259,
satellite,xuzhou_2,2021-11-01,2021-11-30,ok,34.300003,117.4,31189,
satellite,xuzhou_2,2021-12-01,2021-12-31,ok,34.300003,117.4,32154,
satellite,xuzhou_2,2022-01-01,2022-01-31,ok,34.300003,117.4,32018,
satellite,xuzhou_2,2022-02-01,2022-02-28,ok,34.300003,117.4,29277,
satellite,xuzhou_2,2022-03-01,2022-03-31,ok,34.300003,117.4,32569,
satellite,xuzhou_2,2022-04-01,2022-04-30,ok,34.300003,117.4,31898,
satellite,xuzhou_2,2022-05-01,2022-05-31,ok,34.300003,117.4,33199,
satellite,xuzhou_2,2022-06-01,2022-06-30,ok,34.300003,117.4,32153,
satellite,xuzhou_2,2022-07-01,2022-07-31,ok,34.300003,117.4,32853,
satellite,xuzhou_2,2022-08-01,2022-08-31,ok,34.300003,117.4,32825,
satellite,xuzhou_2,2022-09-01,2022-09-30,ok,34.300003,117.4,31795,
satellite,xuzhou_2,2022-10-01,2022-10-31,ok,34.300003,117.4,32435,
satellite,xuzhou_2,2022-11-01,2022-11-30,ok,34.300003,117.4,30916,
satellite,xuzhou_2,2022-12-01,2022-12-31,ok,34.300003,117.4,32080,
satellite,xuzhou_2,2023-01-01,2023-01-31,ok,34.300003,117.4,32156,
satellite,xuzhou_2,2023-02-01,2023-02-28,ok,34.300003,117.4,29223,
satellite,xuzhou_2,2023-03-01,2023-03-31,ok,34.300003,117.4,32691,
satellite,xuzhou_2,2023-04-01,2023-04-30,ok,34.300003,117.4,31667,
satellite,xuzhou_2,2023-05-01,2023-05-31,ok,34.300003,117.4,32898,
satellite,xuzhou_2,2023-06-01,2023-06-30,ok,34.300003,117.4,31988,
satellite,xuzhou_2,2023-07-01,2023-07-31,ok,34.300003,117.4,32977,
satellite,xuzhou_2,2023-08-01,2023-08-31,ok,34.300003,117.4,33033,
satellite,xuzhou_2,2023-09-01,2023-09-30,ok,34.300003,117.4,31479,
satellite,xuzhou_2,2023-10-01,2023-10-31,ok,34.300003,117.4,32461,
satellite,xuzhou_2,2023-11-01,2023-11-30,ok,34.300003,117.4,31158,
satellite,xuzhou_2,2023-12-01,2023-12-31,ok,34.300003,117.4,31921,
satellite,xuzhou_2,2024-01-01,2024-01-31,ok,34.300003,117.4,32027,
satellite,xuzhou_2,2024-02-01,2024-02-29,ok,34.300003,117.4,30061,
satellite,xuzhou_2,2024-03-01,2024-03-31,ok,34.300003,117.4,32547,
satellite,xuzhou_2,2024-04-01,2024-04-30,ok,34.300003,117.4,31767,
satellite,xuzhou_2,2024-05-01,2024-05-31,ok,34.300003,117.4,33273,
satellite,xuzhou_2,2024-06-01,2024-06-30,ok,34.300003,117.4,32221,
satellite,xuzhou_2,2024-07-01,2024-07-31,ok,34.300003,117.4,32796,
satellite,xuzhou_2,2024-08-01,2024-08-31,ok,34.300003,117.4,33058,
satellite,xuzhou_2,2024-09-01,2024-09-30,ok,34.300003,117.4,31604,
satellite,xuzhou_2,2024-10-01,2024-10-31,ok,34.300003,117.4,32357,
satellite,xuzhou_2,2024-11-01,2024-11-30,ok,34.300003,117.4,31111,
satellite,xuzhou_2,2024-12-01,2024-12-31,ok,34.300003,117.4,32198,
satellite,xuzhou_2,2025-01-01,2025-01-31,ok,34.300003,117.4,32187,
satellite,xuzhou_2,2025-02-01,2025-02-28,ok,34.300003,117.4,29395,
satellite,xuzhou_2,2025-03-01,2025-03-31,ok,34.300003,117.4,32615,
satellite,xuzhou_2,2025-04-01,2025-04-30,ok,34.300003,117.4,32070,
satellite,xuzhou_2,2025-05-01,2025-05-31,ok,34.300003,117.4,33178,
satellite,xuzhou_2,2025-06-01,2025-06-30,ok,34.300003,117.4,31953,
satellite,xuzhou_2,2025-07-01,2025-07-31,ok,34.300003,117.4,33390,
satellite,xuzhou_2,2025-08-01,2025-08-31,ok,34.300003,117.4,32831,
satellite,xuzhou_2,2025-09-01,2025-09-30,ok,34.300003,117.4,31277,
satellite,xuzhou_2,2025-10-01,2025-10-31,ok,34.300003,117.4,31981,
satellite,xuzhou_2,2025-11-01,2025-11-30,ok,34.300003,117.4,31264,
satellite,xuzhou_2,2025-12-01,2025-12-31,ok,34.300003,117.4,32156,
satellite,xuzhou_2,2026-01-01,2026-01-31,ok,34.300003,117.4,32153,
satellite,huai_an_3,2019-02-01,2019-02-28,ok,33.1,118.600006,28865,
satellite,huai_an_3,2019-03-01,2019-03-31,ok,33.1,118.600006,32648,
satellite,huai_an_3,2019-04-01,2019-04-30,ok,33.1,118.600006,31485,
satellite,huai_an_3,2019-05-01,2019-05-31,ok,33.1,118.600006,33066,
satellite,huai_an_3,2019-06-01,2019-06-30,ok,33.1,118.600006,32115,
satellite,huai_an_3,2019-07-01,2019-07-31,ok,33.1,118.600006,33043,
satellite,huai_an_3,2019-08-01,2019-08-31,ok,33.1,118.600006,32911,
satellite,huai_an_3,2019-09-01,2019-09-30,ok,33.1,118.600006,31672,
satellite,huai_an_3,2019-10-01,2019-10-31,ok,33.1,118.600006,32345,
satellite,huai_an_3,2019-11-01,2019-11-30,ok,33.1,118.600006,31130,
satellite,huai_an_3,2019-12-01,2019-12-31,ok,33.1,118.600006,31927,
satellite,huai_an_3,2020-01-01,2020-01-31,ok,33.1,118.600006,31691,
satellite,huai_an_3,2020-02-01,2020-02-29,ok,33.1,118.600006,30166,
satellite,huai_an_3,2020-03-01,2020-03-31,ok,33.1,118.600006,32513,
satellite,huai_an_3,2020-04-01,2020-04-30,ok,33.1,118.600006,31890,
satellite,huai_an_3,2020-05-01,2020-05-31,ok,33.1,118.600006,32947,
satellite,huai_an_3,2020-06-01,2020-06-30,ok,33.1,118.600006,31728,
satellite,huai_an_3,2020-07-01,2020-07-31,ok,33.1,118.600006,32601,
satellite,huai_an_3,2020-08-01,2020-08-31,ok,33.1,118.600006,32905,
satellite,huai_an_3,2020-09-01,2020-09-30,ok,33.1,118.600006,31690,
satellite,huai_an_3,2020-10-01,2020-10-31,ok,33.1,118.600006,32351,
satellite,huai_an_3,2020-11-01,2020-11-30,ok,33.1,118.600006,30921,
satellite,huai_an_3,2020-12-01,2020-12-31,ok,33.1,118.600006,31984,
satellite,huai_an_3,2021-01-01,2021-01-31,ok,33.1,118.600006,32088,
satellite,huai_an_3,2021-02-01,2021-02-28,ok,33.1,118.600006,29291,
satellite,huai_an_3,2021-03-01,2021-03-31,ok,33.1,118.600006,32401,
satellite,huai_an_3,2021-04-01,2021-04-30,ok,33.1,118.600006,31509,
satellite,huai_an_3,2021-05-01,2021-05-31,ok,33.1,118.600006,32852,
satellite,huai_an_3,2021-06-01,2021-06-30,ok,33.1,118.600006,31956,
satellite,huai_an_3,2021-07-01,2021-07-31,ok,33.1,118.600006,32648,
satellite,huai_an_3,2021-08-01,2021-08-31,ok,33.1,118.600006,32747,
satellite,huai_an_3,2021-09-01,2021-09-30,ok,33.1,118.600006,31634,
satellite,huai_an_3,2021-10-01,2021-10-31,ok,33.1,118.600006,32201,
satellite,huai_an_3,2021-11-01,2021-11-30,ok,33.1,118.600006,31201,
satellite,huai_an_3,2021-12-01,2021-12-31,ok,33.1,118.600006,32149,
satellite,huai_an_3,2022-01-01,2022-01-31,ok,33.1,118.600006,32007,
satellite,huai_an_3,2022-02-01,2022-02-28,ok,33.1,118.600006,29231,
satellite,huai_an_3,2022-03-01,2022-03-31,ok,33.1,118.600006,32507,
satellite,huai_an_3,2022-04-01,2022-04-30,ok,33.1,118.600006,31821,
satellite,huai_an_3,2022-05-01,2022-05-31,ok,33.1,118.600006,33128,
satellite,huai_an_3,2022-06-01,2022-06-30,ok,33.1,118.600006,32195,
satellite,huai_an_3,2022-07-01,2022-07-31,ok,33.1,118.600006,33039,
satellite,huai_an_3,2022-08-01,2022-08-31,ok,33.1,118.600006,32873,
satellite,huai_an_3,2022-09-01,2022-09-30,ok,33.1,118.600006,31648,
satellite,huai_an_3,2022-10-01,2022-10-31,ok,33.1,118.600006,32353,
satellite,huai_an_3,2022-11-01,2022-11-30,ok,33.1,118.600006,30843,
satellite,huai_an_3,2022-12-01,2022-12-31,ok,33.1,118.600006,31990,
satellite,huai_an_3,2023-01-01,2023-01-31,ok,33.1,118.600006,32180,
satellite,huai_an_3,2023-02-01,2023-02-28,ok,33.1,118.600006,29081,
satellite,huai_an_3,2023-03-01,2023-03-31,ok,33.1,118.600006,32622,
satellite,huai_an_3,2023-04-01,2023-04-30,ok,33.1,118.600006,31680,
satellite,huai_an_3,2023-05-01,2023-05-31,ok,33.1,118.600006,32875,
satellite,huai_an_3,2023-06-01,2023-06-30,ok,33.1,118.600006,31854,
satellite,huai_an_3,2023-07-01,2023-07-31,ok,33.1,118.600006,32811,
satellite,huai_an_3,2023-08-01,2023-08-31,ok,33.1,118.600006,33009,
satellite,huai_an_3,2023-09-01,2023-09-30,ok,33.1,118.600006,31410,
satellite,huai_an_3,2023-10-01,2023-10-31,ok,33.1,118.600006,32482,
satellite,huai_an_3,2023-11-01,2023-11-30,ok,33.1,118.600006,31177,
satellite,huai_an_3,2023-12-01,2023-12-31,ok,33.1,118.600006,31899,
satellite,huai_an_3,2024-01-01,2024-01-31,ok,33.1,118.600006,31954,
satellite,huai_an_3,2024-02-01,2024-02-29,ok,33.1,118.600006,29808,
satellite,huai_an_3,2024-03-01,2024-03-31,ok,33.1,118.600006,32478,
satellite,huai_an_3,2024-04-01,2024-04-30,ok,33.1,118.600006,31629,
satellite,huai_an_3,2024-05-01,2024-05-31,ok,33.1,118.600006,33205,
satellite,huai_an_3,2024-06-01,2024-06-30,ok,33.1,118.600006,32082,
satellite,huai_an_3,2024-07-01,2024-07-31,ok,33.1,118.600006,32953,
satellite,huai_an_3,2024-08-01,2024-08-31,ok,33.1,118.600006,32989,
satellite,huai_an_3,2024-09-01,2024-09-30,ok,33.1,118.600006,31565,
satellite,huai_an_3,2024-10-01,2024-10-31,ok,33.1,118.600006,32333,
satellite,huai_an_3,2024-11-01,2024-11-30,ok,33.1,118.600006,31110,
satellite,huai_an_3,2024-12-01,2024-12-31,ok,33.1,118.600006,32184,
satellite,huai_an_3,2025-01-01,2025-01-31,ok,33.1,118.600006,32213,
satellite,huai_an_3,2025-02-01,2025-02-28,ok,33.1,118.600006,29348,
satellite,huai_an_3,2025-03-01,2025-03-31,ok,33.1,118.600006,32597,
satellite,huai_an_3,2025-04-01,2025-04-30,ok,33.1,118.600006,32030,
satellite,huai_an_3,2025-05-01,2025-05-31,ok,33.1,118.600006,33108,
satellite,huai_an_3,2025-06-01,2025-06-30,ok,33.1,118.600006,31875,
satellite,huai_an_3,2025-07-01,2025-07-31,ok,33.1,118.600006,33335,
satellite,huai_an_3,2025-08-01,2025-08-31,ok,33.1,118.600006,32865,
satellite,huai_an_3,2025-09-01,2025-09-30,ok,33.1,118.600006,31293,
satellite,huai_an_3,2025-10-01,2025-10-31,ok,33.1,118.600006,32031,
satellite,huai_an_3,2025-11-01,2025-11-30,ok,33.1,118.600006,31231,
satellite,huai_an_3,2025-12-01,2025-12-31,ok,33.1,118.600006,32168,
satellite,huai_an_3,2026-01-01,2026-01-31,ok,33.1,118.600006,32082,
satellite,yancheng_1,2019-02-01,2019-02-28,ok,33.9,119.8,28977,
satellite,yancheng_1,2019-03-01,2019-03-31,ok,33.9,119.8,32726,
satellite,yancheng_1,2019-04-01,2019-04-30,ok,33.9,119.8,31559,
satellite,yancheng_1,2019-05-01,2019-05-31,ok,33.9,119.8,32941,
satellite,yancheng_1,2019-06-01,2019-06-30,ok,33.9,119.8,32150,
satellite,yancheng_1,2019-07-01,2019-07-31,ok,33.9,119.8,33089,
satellite,yancheng_1,2019-08-01,2019-08-31,ok,33.9,119.8,32937,
satellite,yancheng_1,2019-09-01,2019-09-30,ok,33.9,119.8,31688,
satellite,yancheng_1,2019-10-01,2019-10-31,ok,33.9,119.8,32419,
satellite,yancheng_1,2019-11-01,2019-11-30,ok,33.9,119.8,31117,
satellite,yancheng_1,2019-12-01,2019-12-31,ok,33.9,119.8,31965,
satellite,yancheng_1,2020-01-01,2020-01-31,ok,33.9,119.8,31837,
satellite,yancheng_1,2020-02-01,2020-02-29,ok,33.9,119.8,30135,
satellite,yancheng_1,2020-03-01,2020-03-31,ok,33.9,119.8,32614,
satellite,yancheng_1,2020-04-01,2020-04-30,ok,33.9,119.8,32024,
satellite,yancheng_1,2020-05-01,2020-05-31,ok,33.9,119.8,32944,
satellite,yancheng_1,2020-06-01,2020-06-30,ok,33.9,119.8,31769,
satellite,yancheng_1,2020-07-01,2020-07-31,ok,33.9,119.8,32753,
satellite,yancheng_1,2020-08-01,2020-08-31,ok,33.9,119.8,32762,
satellite,yancheng_1,2020-09-01,2020-09-30,ok,33.9,119.8,31649,
satellite,yancheng_1,2020-10-01,2020-10-31,ok,33.9,119.8,32306,
satellite,yancheng_1,2020-11-01,2020-11-30,ok,33.9,119.8,30986,
satellite,yancheng_1,2020-12-01,2020-12-31,ok,33.9,119.8,32050,
satellite,yancheng_1,2021-01-01,2021-01-31,ok,33.9,119.8,32143,
satellite,yancheng_1,2021-02-01,2021-02-28,ok,33.9,119.8,29270,
previous_runs,yancheng_3,2021-04-01,2021-04-30,ok,33.094696,119.765625,172973,
satellite,yancheng_1,2021-03-01,2021-03-31,ok,33.9,119.8,32576,
satellite,yancheng_1,2021-04-01,2021-04-30,ok,33.9,119.8,31632,
satellite,yancheng_1,2021-05-01,2021-05-31,ok,33.9,119.8,32940,
satellite,yancheng_1,2021-06-01,2021-06-30,ok,33.9,119.8,31977,
satellite,yancheng_1,2021-07-01,2021-07-31,ok,33.9,119.8,32760,
satellite,yancheng_1,2021-08-01,2021-08-31,ok,33.9,119.8,32801,
satellite,yancheng_1,2021-09-01,2021-09-30,ok,33.9,119.8,31596,
satellite,yancheng_1,2021-10-01,2021-10-31,ok,33.9,119.8,32277,
satellite,yancheng_1,2021-11-01,2021-11-30,ok,33.9,119.8,31174,
satellite,yancheng_1,2021-12-01,2021-12-31,ok,33.9,119.8,32160,
satellite,yancheng_1,2022-01-01,2022-01-31,ok,33.9,119.8,32061,
satellite,yancheng_1,2022-02-01,2022-02-28,ok,33.9,119.8,29286,
satellite,yancheng_1,2022-03-01,2022-03-31,ok,33.9,119.8,32608,
satellite,yancheng_1,2022-04-01,2022-04-30,ok,33.9,119.8,31891,
satellite,yancheng_1,2022-05-01,2022-05-31,ok,33.9,119.8,33274,
satellite,yancheng_1,2022-06-01,2022-06-30,ok,33.9,119.8,32109,
satellite,yancheng_1,2022-07-01,2022-07-31,ok,33.9,119.8,32991,
satellite,yancheng_1,2022-08-01,2022-08-31,ok,33.9,119.8,32978,
satellite,yancheng_1,2022-09-01,2022-09-30,ok,33.9,119.8,31694,
satellite,yancheng_1,2022-10-01,2022-10-31,ok,33.9,119.8,32417,
satellite,yancheng_1,2022-11-01,2022-11-30,ok,33.9,119.8,30967,
satellite,yancheng_1,2022-12-01,2022-12-31,ok,33.9,119.8,32017,
satellite,yancheng_1,2023-01-01,2023-01-31,ok,33.9,119.8,32183,
satellite,yancheng_1,2023-02-01,2023-02-28,ok,33.9,119.8,29214,
satellite,yancheng_1,2023-03-01,2023-03-31,ok,33.9,119.8,32706,
satellite,yancheng_1,2023-04-01,2023-04-30,ok,33.9,119.8,31772,
satellite,yancheng_1,2023-05-01,2023-05-31,ok,33.9,119.8,32907,
satellite,yancheng_1,2023-06-01,2023-06-30,ok,33.9,119.8,31935,
satellite,yancheng_1,2023-07-01,2023-07-31,ok,33.9,119.8,32830,
satellite,yancheng_1,2023-08-01,2023-08-31,ok,33.9,119.8,33018,
satellite,yancheng_1,2023-09-01,2023-09-30,ok,33.9,119.8,31422,
satellite,yancheng_1,2023-10-01,2023-10-31,ok,33.9,119.8,32478,
satellite,yancheng_1,2023-11-01,2023-11-30,ok,33.9,119.8,31164,
satellite,yancheng_1,2023-12-01,2023-12-31,ok,33.9,119.8,31862,
satellite,yancheng_1,2024-01-01,2024-01-31,ok,33.9,119.8,31916,
satellite,yancheng_1,2024-02-01,2024-02-29,ok,33.9,119.8,29962,
satellite,yancheng_1,2024-03-01,2024-03-31,ok,33.9,119.8,32541,
satellite,yancheng_1,2024-04-01,2024-04-30,ok,33.9,119.8,31715,
satellite,yancheng_1,2024-05-01,2024-05-31,ok,33.9,119.8,33246,
satellite,yancheng_1,2024-06-01,2024-06-30,ok,33.9,119.8,32170,
satellite,yancheng_1,2024-07-01,2024-07-31,ok,33.9,119.8,32911,
satellite,yancheng_1,2024-08-01,2024-08-31,ok,33.9,119.8,32976,
satellite,yancheng_1,2024-09-01,2024-09-30,ok,33.9,119.8,31598,
satellite,yancheng_1,2024-10-01,2024-10-31,ok,33.9,119.8,32324,
satellite,yancheng_1,2024-11-01,2024-11-30,ok,33.9,119.8,31141,
satellite,yancheng_1,2024-12-01,2024-12-31,ok,33.9,119.8,32219,
satellite,yancheng_1,2025-01-01,2025-01-31,ok,33.9,119.8,32271,
satellite,yancheng_1,2025-02-01,2025-02-28,ok,33.9,119.8,29377,
satellite,yancheng_1,2025-03-01,2025-03-31,ok,33.9,119.8,32656,
satellite,yancheng_1,2025-04-01,2025-04-30,ok,33.9,119.8,32082,
satellite,yancheng_1,2025-05-01,2025-05-31,ok,33.9,119.8,33167,
satellite,yancheng_1,2025-06-01,2025-06-30,ok,33.9,119.8,31916,
satellite,yancheng_1,2025-07-01,2025-07-31,ok,33.9,119.8,33357,
satellite,yancheng_1,2025-08-01,2025-08-31,ok,33.9,119.8,32848,
satellite,yancheng_1,2025-09-01,2025-09-30,ok,33.9,119.8,31369,
satellite,yancheng_1,2025-10-01,2025-10-31,ok,33.9,119.8,32066,
satellite,yancheng_1,2025-11-01,2025-11-30,ok,33.9,119.8,31283,
satellite,yancheng_1,2025-12-01,2025-12-31,ok,33.9,119.8,32127,
satellite,yancheng_1,2026-01-01,2026-01-31,ok,33.9,119.8,32172,
satellite,lianyungang_1,2019-02-01,2019-02-28,ok,34.700005,118.600006,29083,
satellite,lianyungang_1,2019-03-01,2019-03-31,ok,34.700005,118.600006,32794,
satellite,lianyungang_1,2019-04-01,2019-04-30,ok,34.700005,118.600006,31691,
satellite,lianyungang_1,2019-05-01,2019-05-31,ok,34.700005,118.600006,33152,
satellite,lianyungang_1,2019-06-01,2019-06-30,ok,34.700005,118.600006,32218,
satellite,lianyungang_1,2019-07-01,2019-07-31,ok,34.700005,118.600006,33035,
satellite,lianyungang_1,2019-08-01,2019-08-31,ok,34.700005,118.600006,32792,
satellite,lianyungang_1,2019-09-01,2019-09-30,ok,34.700005,118.600006,31790,
satellite,lianyungang_1,2019-10-01,2019-10-31,ok,34.700005,118.600006,32346,
satellite,lianyungang_1,2019-11-01,2019-11-30,ok,34.700005,118.600006,31096,
satellite,lianyungang_1,2019-12-01,2019-12-31,ok,34.700005,118.600006,32000,
satellite,lianyungang_1,2020-01-01,2020-01-31,ok,34.700005,118.600006,31925,
satellite,lianyungang_1,2020-02-01,2020-02-29,ok,34.700005,118.600006,30161,
satellite,lianyungang_1,2020-03-01,2020-03-31,ok,34.700005,118.600006,32610,
satellite,lianyungang_1,2020-04-01,2020-04-30,ok,34.700005,118.600006,32048,
satellite,lianyungang_1,2020-05-01,2020-05-31,ok,34.700005,118.600006,33122,
satellite,lianyungang_1,2020-06-01,2020-06-30,ok,34.700005,118.600006,31859,
satellite,lianyungang_1,2020-07-01,2020-07-31,ok,34.700005,118.600006,32763,
satellite,lianyungang_1,2020-08-01,2020-08-31,ok,34.700005,118.600006,32640,
satellite,lianyungang_1,2020-09-01,2020-09-30,ok,34.700005,118.600006,31711,
satellite,lianyungang_1,2020-10-01,2020-10-31,ok,34.700005,118.600006,32284,
satellite,lianyungang_1,2020-11-01,2020-11-30,ok,34.700005,118.600006,31051,
satellite,lianyungang_1,2020-12-01,2020-12-31,ok,34.700005,118.600006,32074,
satellite,lianyungang_1,2021-01-01,2021-01-31,ok,34.700005,118.600006,32185,
satellite,lianyungang_1,2021-02-01,2021-02-28,ok,34.700005,118.600006,29299,
satellite,lianyungang_1,2021-03-01,2021-03-31,ok,34.700005,118.600006,32657,
satellite,lianyungang_1,2021-04-01,2021-04-30,ok,34.700005,118.600006,31555,
satellite,lianyungang_1,2021-05-01,2021-05-31,ok,34.700005,118.600006,33066,
satellite,lianyungang_1,2021-06-01,2021-06-30,ok,34.700005,118.600006,31988,
satellite,lianyungang_1,2021-07-01,2021-07-31,ok,34.700005,118.600006,32783,
satellite,lianyungang_1,2021-08-01,2021-08-31,ok,34.700005,118.600006,32695,
satellite,lianyungang_1,2021-09-01,2021-09-30,ok,34.700005,118.600006,31506,
satellite,lianyungang_1,2021-10-01,2021-10-31,ok,34.700005,118.600006,32332,
satellite,lianyungang_1,2021-11-01,2021-11-30,ok,34.700005,118.600006,31177,
satellite,lianyungang_1,2021-12-01,2021-12-31,ok,34.700005,118.600006,32173,
satellite,lianyungang_1,2022-01-01,2022-01-31,ok,34.700005,118.600006,32096,
satellite,lianyungang_1,2022-02-01,2022-02-28,ok,34.700005,118.600006,29359,
satellite,lianyungang_1,2022-03-01,2022-03-31,ok,34.700005,118.600006,32649,
satellite,lianyungang_1,2022-04-01,2022-04-30,ok,34.700005,118.600006,31977,
satellite,lianyungang_1,2022-05-01,2022-05-31,ok,34.700005,118.600006,33327,
satellite,lianyungang_1,2022-06-01,2022-06-30,ok,34.700005,118.600006,32110,
satellite,lianyungang_1,2022-07-01,2022-07-31,ok,34.700005,118.600006,32841,
satellite,lianyungang_1,2022-08-01,2022-08-31,ok,34.700005,118.600006,32900,
satellite,lianyungang_1,2022-09-01,2022-09-30,ok,34.700005,118.600006,31765,
satellite,lianyungang_1,2022-10-01,2022-10-31,ok,34.700005,118.600006,32453,
satellite,lianyungang_1,2022-11-01,2022-11-30,ok,34.700005,118.600006,30957,
satellite,lianyungang_1,2022-12-01,2022-12-31,ok,34.700005,118.600006,32094,
satellite,lianyungang_1,2023-01-01,2023-01-31,ok,34.700005,118.600006,32194,
satellite,lianyungang_1,2023-02-01,2023-02-28,ok,34.700005,118.600006,29258,
satellite,lianyungang_1,2023-03-01,2023-03-31,ok,34.700005,118.600006,32752,
satellite,lianyungang_1,2023-04-01,2023-04-30,ok,34.700005,118.600006,31764,
satellite,lianyungang_1,2023-05-01,2023-05-31,ok,34.700005,118.600006,33001,
satellite,lianyungang_1,2023-06-01,2023-06-30,ok,34.700005,118.600006,32087,
satellite,lianyungang_1,2023-07-01,2023-07-31,ok,34.700005,118.600006,33010,
satellite,lianyungang_1,2023-08-01,2023-08-31,ok,34.700005,118.600006,33043,
satellite,lianyungang_1,2023-09-01,2023-09-30,ok,34.700005,118.600006,31522,
satellite,lianyungang_1,2023-10-01,2023-10-31,ok,34.700005,118.600006,32516,
satellite,lianyungang_1,2023-11-01,2023-11-30,ok,34.700005,118.600006,31132,
satellite,lianyungang_1,2023-12-01,2023-12-31,ok,34.700005,118.600006,31968,
satellite,lianyungang_1,2024-01-01,2024-01-31,ok,34.700005,118.600006,32036,
satellite,lianyungang_1,2024-02-01,2024-02-29,ok,34.700005,118.600006,30070,
satellite,lianyungang_1,2024-03-01,2024-03-31,ok,34.700005,118.600006,32640,
satellite,lianyungang_1,2024-04-01,2024-04-30,ok,34.700005,118.600006,31841,
satellite,lianyungang_1,2024-05-01,2024-05-31,ok,34.700005,118.600006,33298,
satellite,lianyungang_1,2024-06-01,2024-06-30,ok,34.700005,118.600006,32259,
satellite,lianyungang_1,2024-07-01,2024-07-31,ok,34.700005,118.600006,32741,
satellite,lianyungang_1,2024-08-01,2024-08-31,ok,34.700005,118.600006,33022,
satellite,lianyungang_1,2024-09-01,2024-09-30,ok,34.700005,118.600006,31734,
satellite,lianyungang_1,2024-10-01,2024-10-31,ok,34.700005,118.600006,32415,
satellite,lianyungang_1,2024-11-01,2024-11-30,ok,34.700005,118.600006,31117,
satellite,lianyungang_1,2024-12-01,2024-12-31,ok,34.700005,118.600006,32216,
satellite,lianyungang_1,2025-01-01,2025-01-31,ok,34.700005,118.600006,32257,
satellite,lianyungang_1,2025-02-01,2025-02-28,ok,34.700005,118.600006,29410,
satellite,lianyungang_1,2025-03-01,2025-03-31,ok,34.700005,118.600006,32676,
satellite,lianyungang_1,2025-04-01,2025-04-30,ok,34.700005,118.600006,32131,
satellite,lianyungang_1,2025-05-01,2025-05-31,ok,34.700005,118.600006,33281,
satellite,lianyungang_1,2025-06-01,2025-06-30,ok,34.700005,118.600006,32013,
satellite,lianyungang_1,2025-07-01,2025-07-31,ok,34.700005,118.600006,33380,
satellite,lianyungang_1,2025-08-01,2025-08-31,ok,34.700005,118.600006,32860,
satellite,lianyungang_1,2025-09-01,2025-09-30,ok,34.700005,118.600006,31320,
satellite,lianyungang_1,2025-10-01,2025-10-31,ok,34.700005,118.600006,32031,
satellite,lianyungang_1,2025-11-01,2025-11-30,ok,34.700005,118.600006,31265,
satellite,lianyungang_1,2025-12-01,2025-12-31,ok,34.700005,118.600006,32145,
satellite,lianyungang_1,2026-01-01,2026-01-31,ok,34.700005,118.600006,32147,
satellite,yancheng_2,2019-02-01,2019-02-28,ok,33.1,120.600006,28922,
satellite,yancheng_2,2019-03-01,2019-03-31,ok,33.1,120.600006,32618,
satellite,yancheng_2,2019-04-01,2019-04-30,ok,33.1,120.600006,31506,
satellite,yancheng_2,2019-05-01,2019-05-31,ok,33.1,120.600006,32961,
satellite,yancheng_2,2019-06-01,2019-06-30,ok,33.1,120.600006,31979,
satellite,yancheng_2,2019-07-01,2019-07-31,ok,33.1,120.600006,32960,
satellite,yancheng_2,2019-08-01,2019-08-31,ok,33.1,120.600006,32928,
satellite,yancheng_2,2019-09-01,2019-09-30,ok,33.1,120.600006,31569,
satellite,yancheng_2,2019-10-01,2019-10-31,ok,33.1,120.600006,32380,
satellite,yancheng_2,2019-11-01,2019-11-30,ok,33.1,120.600006,31064,
satellite,yancheng_2,2019-12-01,2019-12-31,ok,33.1,120.600006,31937,
satellite,yancheng_2,2020-01-01,2020-01-31,ok,33.1,120.600006,31717,
satellite,yancheng_2,2020-02-01,2020-02-29,ok,33.1,120.600006,30120,
satellite,yancheng_2,2020-03-01,2020-03-31,ok,33.1,120.600006,32583,
satellite,yancheng_2,2020-04-01,2020-04-30,ok,33.1,120.600006,31932,
satellite,yancheng_2,2020-05-01,2020-05-31,ok,33.1,120.600006,32891,
satellite,yancheng_2,2020-06-01,2020-06-30,ok,33.1,120.600006,31608,
satellite,yancheng_2,2020-07-01,2020-07-31,ok,33.1,120.600006,32612,
satellite,yancheng_2,2020-08-01,2020-08-31,ok,33.1,120.600006,32857,
satellite,yancheng_2,2020-09-01,2020-09-30,ok,33.1,120.600006,31626,
satellite,yancheng_2,2020-10-01,2020-10-31,ok,33.1,120.600006,32366,
satellite,yancheng_2,2020-11-01,2020-11-30,ok,33.1,120.600006,30990,
satellite,yancheng_2,2020-12-01,2020-12-31,ok,33.1,120.600006,31963,
satellite,yancheng_2,2021-01-01,2021-01-31,ok,33.1,120.600006,32145,
satellite,yancheng_2,2021-02-01,2021-02-28,ok,33.1,120.600006,29228,
satellite,yancheng_2,2021-03-01,2021-03-31,ok,33.1,120.600006,32450,
satellite,yancheng_2,2021-04-01,2021-04-30,ok,33.1,120.600006,31633,
satellite,yancheng_2,2021-05-01,2021-05-31,ok,33.1,120.600006,32870,
satellite,yancheng_2,2021-06-01,2021-06-30,ok,33.1,120.600006,31902,
satellite,yancheng_2,2021-07-01,2021-07-31,ok,33.1,120.600006,32780,
satellite,yancheng_2,2021-08-01,2021-08-31,ok,33.1,120.600006,32938,
satellite,yancheng_2,2021-09-01,2021-09-30,ok,33.1,120.600006,31577,
satellite,yancheng_2,2021-10-01,2021-10-31,ok,33.1,120.600006,32285,
satellite,yancheng_2,2021-11-01,2021-11-30,ok,33.1,120.600006,31198,
satellite,yancheng_2,2021-12-01,2021-12-31,ok,33.1,120.600006,32149,
satellite,yancheng_2,2022-01-01,2022-01-31,ok,33.1,120.600006,32062,
satellite,yancheng_2,2022-02-01,2022-02-28,ok,33.1,120.600006,29253,
satellite,yancheng_2,2022-03-01,2022-03-31,ok,33.1,120.600006,32557,
satellite,yancheng_2,2022-04-01,2022-04-30,ok,33.1,120.600006,31819,
satellite,yancheng_2,2022-05-01,2022-05-31,ok,33.1,120.600006,33178,
satellite,yancheng_2,2022-06-01,2022-06-30,ok,33.1,120.600006,32137,
satellite,yancheng_2,2022-07-01,2022-07-31,ok,33.1,120.600006,33174,
satellite,yancheng_2,2022-08-01,2022-08-31,ok,33.1,120.600006,32918,
satellite,yancheng_2,2022-09-01,2022-09-30,ok,33.1,120.600006,31606,
satellite,yancheng_2,2022-10-01,2022-10-31,ok,33.1,120.600006,32397,
satellite,yancheng_2,2022-11-01,2022-11-30,ok,33.1,120.600006,30914,
satellite,yancheng_2,2022-12-01,2022-12-31,ok,33.1,120.600006,31975,
satellite,yancheng_2,2023-01-01,2023-01-31,ok,33.1,120.600006,32178,
satellite,yancheng_2,2023-02-01,2023-02-28,ok,33.1,120.600006,29151,
satellite,yancheng_2,2023-03-01,2023-03-31,ok,33.1,120.600006,32647,
satellite,yancheng_2,2023-04-01,2023-04-30,ok,33.1,120.600006,31769,
satellite,yancheng_2,2023-05-01,2023-05-31,ok,33.1,120.600006,32691,
satellite,yancheng_2,2023-06-01,2023-06-30,ok,33.1,120.600006,31815,
satellite,yancheng_2,2023-07-01,2023-07-31,ok,33.1,120.600006,32711,
satellite,yancheng_2,2023-08-01,2023-08-31,ok,33.1,120.600006,32964,
satellite,yancheng_2,2023-09-01,2023-09-30,ok,33.1,120.600006,31406,
satellite,yancheng_2,2023-10-01,2023-10-31,ok,33.1,120.600006,32492,
satellite,yancheng_2,2023-11-01,2023-11-30,ok,33.1,120.600006,31147,
satellite,yancheng_2,2023-12-01,2023-12-31,ok,33.1,120.600006,31925,
satellite,yancheng_2,2024-01-01,2024-01-31,ok,33.1,120.600006,31975,
satellite,yancheng_2,2024-02-01,2024-02-29,ok,33.1,120.600006,29832,
satellite,yancheng_2,2024-03-01,2024-03-31,ok,33.1,120.600006,32479,
satellite,yancheng_2,2024-04-01,2024-04-30,ok,33.1,120.600006,31552,
satellite,yancheng_2,2024-05-01,2024-05-31,ok,33.1,120.600006,33113,
satellite,yancheng_2,2024-06-01,2024-06-30,ok,33.1,120.600006,31955,
satellite,yancheng_2,2024-07-01,2024-07-31,ok,33.1,120.600006,32998,
satellite,yancheng_2,2024-08-01,2024-08-31,ok,33.1,120.600006,33002,
satellite,yancheng_2,2024-09-01,2024-09-30,ok,33.1,120.600006,31593,
satellite,yancheng_2,2024-10-01,2024-10-31,ok,33.1,120.600006,32225,
satellite,yancheng_2,2024-11-01,2024-11-30,ok,33.1,120.600006,31110,
satellite,yancheng_2,2024-12-01,2024-12-31,ok,33.1,120.600006,32156,
satellite,yancheng_2,2025-01-01,2025-01-31,ok,33.1,120.600006,32288,
satellite,yancheng_2,2025-02-01,2025-02-28,ok,33.1,120.600006,29318,
satellite,yancheng_2,2025-03-01,2025-03-31,ok,33.1,120.600006,32571,
satellite,yancheng_2,2025-04-01,2025-04-30,ok,33.1,120.600006,32017,
satellite,yancheng_2,2025-05-01,2025-05-31,ok,33.1,120.600006,33005,
satellite,yancheng_2,2025-06-01,2025-06-30,ok,33.1,120.600006,31820,
satellite,yancheng_2,2025-07-01,2025-07-31,ok,33.1,120.600006,33322,
satellite,yancheng_2,2025-08-01,2025-08-31,ok,33.1,120.600006,32858,
satellite,yancheng_2,2025-09-01,2025-09-30,ok,33.1,120.600006,31466,
satellite,yancheng_2,2025-10-01,2025-10-31,ok,33.1,120.600006,32190,
satellite,yancheng_2,2025-11-01,2025-11-30,ok,33.1,120.600006,31276,
satellite,yancheng_2,2025-12-01,2025-12-31,ok,33.1,120.600006,32155,
satellite,yancheng_2,2026-01-01,2026-01-31,ok,33.1,120.600006,32135,
satellite,yancheng_3,2019-02-01,2019-02-28,ok,33.1,119.8,28905,
satellite,yancheng_3,2019-03-01,2019-03-31,ok,33.1,119.8,32643,
satellite,yancheng_3,2019-04-01,2019-04-30,ok,33.1,119.8,31471,
satellite,yancheng_3,2019-05-01,2019-05-31,ok,33.1,119.8,32981,
satellite,yancheng_3,2019-06-01,2019-06-30,ok,33.1,119.8,32053,
satellite,yancheng_3,2019-07-01,2019-07-31,ok,33.1,119.8,33054,
satellite,yancheng_3,2019-08-01,2019-08-31,ok,33.1,119.8,32918,
satellite,yancheng_3,2019-09-01,2019-09-30,ok,33.1,119.8,31626,
satellite,yancheng_3,2019-10-01,2019-10-31,ok,33.1,119.8,32373,
satellite,yancheng_3,2019-11-01,2019-11-30,ok,33.1,119.8,31102,
satellite,yancheng_3,2019-12-01,2019-12-31,ok,33.1,119.8,31926,
satellite,yancheng_3,2020-01-01,2020-01-31,ok,33.1,119.8,31690,
satellite,yancheng_3,2020-02-01,2020-02-29,ok,33.1,119.8,30147,
satellite,yancheng_3,2020-03-01,2020-03-31,ok,33.1,119.8,32525,
satellite,yancheng_3,2020-04-01,2020-04-30,ok,33.1,119.8,31910,
satellite,yancheng_3,2020-05-01,2020-05-31,ok,33.1,119.8,32898,
satellite,yancheng_3,2020-06-01,2020-06-30,ok,33.1,119.8,31670,
satellite,yancheng_3,2020-07-01,2020-07-31,ok,33.1,119.8,32660,
satellite,yancheng_3,2020-08-01,2020-08-31,ok,33.1,119.8,32836,
satellite,yancheng_3,2020-09-01,2020-09-30,ok,33.1,119.8,31645,
satellite,yancheng_3,2020-10-01,2020-10-31,ok,33.1,119.8,32320,
satellite,yancheng_3,2020-11-01,2020-11-30,ok,33.1,119.8,30954,
satellite,yancheng_3,2020-12-01,2020-12-31,ok,33.1,119.8,31998,
satellite,yancheng_3,2021-01-01,2021-01-31,ok,33.1,119.8,32114,
satellite,yancheng_3,2021-02-01,2021-02-28,ok,33.1,119.8,29281,
satellite,yancheng_3,2021-03-01,2021-03-31,ok,33.1,119.8,32454,
satellite,yancheng_3,2021-04-01,2021-04-30,ok,33.1,119.8,31560,
satellite,yancheng_3,2021-05-01,2021-05-31,ok,33.1,119.8,32867,
satellite,yancheng_3,2021-06-01,2021-06-30,ok,33.1,119.8,31946,
satellite,yancheng_3,2021-07-01,2021-07-31,ok,33.1,119.8,32723,
satellite,yancheng_3,2021-08-01,2021-08-31,ok,33.1,119.8,32816,
satellite,yancheng_3,2021-09-01,2021-09-30,ok,33.1,119.8,31688,
satellite,yancheng_3,2021-10-01,2021-10-31,ok,33.1,119.8,32313,
satellite,yancheng_3,2021-11-01,2021-11-30,ok,33.1,119.8,31199,
satellite,yancheng_3,2021-12-01,2021-12-31,ok,33.1,119.8,32144,
satellite,yancheng_3,2022-01-01,2022-01-31,ok,33.1,119.8,32088,
satellite,yancheng_3,2022-02-01,2022-02-28,ok,33.1,119.8,29216,
satellite,yancheng_3,2022-03-01,2022-03-31,ok,33.1,119.8,32512,
satellite,yancheng_3,2022-04-01,2022-04-30,ok,33.1,119.8,31810,
satellite,yancheng_3,2022-05-01,2022-05-31,ok,33.1,119.8,33184,
satellite,yancheng_3,2022-06-01,2022-06-30,ok,33.1,119.8,32180,
satellite,yancheng_3,2022-07-01,2022-07-31,ok,33.1,119.8,33114,
satellite,yancheng_3,2022-08-01,2022-08-31,ok,33.1,119.8,32906,
satellite,yancheng_3,2022-09-01,2022-09-30,ok,33.1,119.8,31621,
satellite,yancheng_3,2022-10-01,2022-10-31,ok,33.1,119.8,32420,
satellite,yancheng_3,2022-11-01,2022-11-30,ok,33.1,119.8,30942,
satellite,yancheng_3,2022-12-01,2022-12-31,ok,33.1,119.8,31949,
satellite,yancheng_3,2023-01-01,2023-01-31,ok,33.1,119.8,32173,
satellite,yancheng_3,2023-02-01,2023-02-28,ok,33.1,119.8,29105,
satellite,yancheng_3,2023-03-01,2023-03-31,ok,33.1,119.8,32584,
satellite,yancheng_3,2023-04-01,2023-04-30,ok,33.1,119.8,31715,
satellite,yancheng_3,2023-05-01,2023-05-31,ok,33.1,119.8,32800,
satellite,yancheng_3,2023-06-01,2023-06-30,ok,33.1,119.8,31851,
satellite,yancheng_3,2023-07-01,2023-07-31,ok,33.1,119.8,32714,
satellite,yancheng_3,2023-08-01,2023-08-31,ok,33.1,119.8,32968,
satellite,yancheng_3,2023-09-01,2023-09-30,ok,33.1,119.8,31388,
satellite,yancheng_3,2023-10-01,2023-10-31,ok,33.1,119.8,32516,
satellite,yancheng_3,2023-11-01,2023-11-30,ok,33.1,119.8,31175,
satellite,yancheng_3,2023-12-01,2023-12-31,ok,33.1,119.8,31905,
satellite,yancheng_3,2024-01-01,2024-01-31,ok,33.1,119.8,31935,
satellite,yancheng_3,2024-02-01,2024-02-29,ok,33.1,119.8,29872,
satellite,yancheng_3,2024-03-01,2024-03-31,ok,33.1,119.8,32469,
satellite,yancheng_3,2024-04-01,2024-04-30,ok,33.1,119.8,31590,
satellite,yancheng_3,2024-05-01,2024-05-31,ok,33.1,119.8,33166,
satellite,yancheng_3,2024-06-01,2024-06-30,ok,33.1,119.8,31953,
satellite,yancheng_3,2024-07-01,2024-07-31,ok,33.1,119.8,32957,
satellite,yancheng_3,2024-08-01,2024-08-31,ok,33.1,119.8,33001,
satellite,yancheng_3,2024-09-01,2024-09-30,ok,33.1,119.8,31606,
satellite,yancheng_3,2024-10-01,2024-10-31,ok,33.1,119.8,32229,
satellite,yancheng_3,2024-11-01,2024-11-30,ok,33.1,119.8,31135,
satellite,yancheng_3,2024-12-01,2024-12-31,ok,33.1,119.8,32180,
satellite,yancheng_3,2025-01-01,2025-01-31,ok,33.1,119.8,32266,
satellite,yancheng_3,2025-02-01,2025-02-28,ok,33.1,119.8,29339,
satellite,yancheng_3,2025-03-01,2025-03-31,ok,33.1,119.8,32577,
satellite,yancheng_3,2025-04-01,2025-04-30,ok,33.1,119.8,32019,
satellite,yancheng_3,2025-05-01,2025-05-31,ok,33.1,119.8,33107,
satellite,yancheng_3,2025-06-01,2025-06-30,ok,33.1,119.8,31855,
satellite,yancheng_3,2025-07-01,2025-07-31,ok,33.1,119.8,33292,
satellite,yancheng_3,2025-08-01,2025-08-31,ok,33.1,119.8,32879,
satellite,yancheng_3,2025-09-01,2025-09-30,ok,33.1,119.8,31403,
satellite,yancheng_3,2025-10-01,2025-10-31,ok,33.1,119.8,32136,
satellite,yancheng_3,2025-11-01,2025-11-30,ok,33.1,119.8,31261,
satellite,yancheng_3,2025-12-01,2025-12-31,ok,33.1,119.8,32146,
satellite,yancheng_3,2026-01-01,2026-01-31,ok,33.1,119.8,32122,
satellite,lianyungang_2,2019-02-01,2019-02-28,ok,34.700005,119.4,29047,
satellite,lianyungang_2,2019-03-01,2019-03-31,ok,34.700005,119.4,32744,
satellite,lianyungang_2,2019-04-01,2019-04-30,ok,34.700005,119.4,31660,
satellite,lianyungang_2,2019-05-01,2019-05-31,ok,34.700005,119.4,33113,
satellite,lianyungang_2,2019-06-01,2019-06-30,ok,34.700005,119.4,32192,
satellite,lianyungang_2,2019-07-01,2019-07-31,ok,34.700005,119.4,32947,
satellite,lianyungang_2,2019-08-01,2019-08-31,ok,34.700005,119.4,32851,
satellite,lianyungang_2,2019-09-01,2019-09-30,ok,34.700005,119.4,31744,
satellite,lianyungang_2,2019-10-01,2019-10-31,ok,34.700005,119.4,32390,
satellite,lianyungang_2,2019-11-01,2019-11-30,ok,34.700005,119.4,31102,
satellite,lianyungang_2,2019-12-01,2019-12-31,ok,34.700005,119.4,31952,
satellite,lianyungang_2,2020-01-01,2020-01-31,ok,34.700005,119.4,31922,
satellite,lianyungang_2,2020-02-01,2020-02-29,ok,34.700005,119.4,30135,
satellite,lianyungang_2,2020-03-01,2020-03-31,ok,34.700005,119.4,32583,
satellite,lianyungang_2,2020-04-01,2020-04-30,ok,34.700005,119.4,32013,
satellite,lianyungang_2,2020-05-01,2020-05-31,ok,34.700005,119.4,33056,
satellite,lianyungang_2,2020-06-01,2020-06-30,ok,34.700005,119.4,31785,
satellite,lianyungang_2,2020-07-01,2020-07-31,ok,34.700005,119.4,32773,
satellite,lianyungang_2,2020-08-01,2020-08-31,ok,34.700005,119.4,32675,
satellite,lianyungang_2,2020-09-01,2020-09-30,ok,34.700005,119.4,31753,
satellite,lianyungang_2,2020-10-01,2020-10-31,ok,34.700005,119.4,32257,
satellite,lianyungang_2,2020-11-01,2020-11-30,ok,34.700005,119.4,30976,
satellite,lianyungang_2,2020-12-01,2020-12-31,ok,34.700005,119.4,32028,
satellite,lianyungang_2,2021-01-01,2021-01-31,ok,34.700005,119.4,32181,
satellite,lianyungang_2,2021-02-01,2021-02-28,ok,34.700005,119.4,29318,
satellite,lianyungang_2,2021-03-01,2021-03-31,ok,34.700005,119.4,32639,
satellite,lianyungang_2,2021-04-01,2021-04-30,ok,34.700005,119.4,31556,
satellite,lianyungang_2,2021-05-01,2021-05-31,ok,34.700005,119.4,33042,
satellite,lianyungang_2,2021-06-01,2021-06-30,ok,34.700005,119.4,31940,
satellite,lianyungang_2,2021-07-01,2021-07-31,ok,34.700005,119.4,32799,
satellite,lianyungang_2,2021-08-01,2021-08-31,ok,34.700005,119.4,32685,
satellite,lianyungang_2,2021-09-01,2021-09-30,ok,34.700005,119.4,31549,
satellite,lianyungang_2,2021-10-01,2021-10-31,ok,34.700005,119.4,32251,
satellite,lianyungang_2,2021-11-01,2021-11-30,ok,34.700005,119.4,31196,
satellite,lianyungang_2,2021-12-01,2021-12-31,ok,34.700005,119.4,32135,
satellite,lianyungang_2,2022-01-01,2022-01-31,ok,34.700005,119.4,32080,
satellite,lianyungang_2,2022-02-01,2022-02-28,ok,34.700005,119.4,29352,
satellite,lianyungang_2,2022-03-01,2022-03-31,ok,34.700005,119.4,32629,
satellite,lianyungang_2,2022-04-01,2022-04-30,ok,34.700005,119.4,31990,
satellite,lianyungang_2,2022-05-01,2022-05-31,ok,34.700005,119.4,33305,
satellite,lianyungang_2,2022-06-01,2022-06-30,ok,34.700005,119.4,32077,
satellite,lianyungang_2,2022-07-01,2022-07-31,ok,34.700005,119.4,32845,
satellite,lianyungang_2,2022-08-01,2022-08-31,ok,34.700005,119.4,32899,
satellite,lianyungang_2,2022-09-01,2022-09-30,ok,34.700005,119.4,31741,
satellite,lianyungang_2,2022-10-01,2022-10-31,ok,34.700005,119.4,32463,
satellite,lianyungang_2,2022-11-01,2022-11-30,ok,34.700005,119.4,30963,
satellite,lianyungang_2,2022-12-01,2022-12-31,ok,34.700005,119.4,32041,
satellite,lianyungang_2,2023-01-01,2023-01-31,ok,34.700005,119.4,32177,
satellite,lianyungang_2,2023-02-01,2023-02-28,ok,34.700005,119.4,29227,
satellite,lianyungang_2,2023-03-01,2023-03-31,ok,34.700005,119.4,32723,
satellite,lianyungang_2,2023-04-01,2023-04-30,ok,34.700005,119.4,31820,
satellite,lianyungang_2,2023-05-01,2023-05-31,ok,34.700005,119.4,32950,
satellite,lianyungang_2,2023-06-01,2023-06-30,ok,34.700005,119.4,32020,
satellite,lianyungang_2,2023-07-01,2023-07-31,ok,34.700005,119.4,32871,
satellite,lianyungang_2,2023-08-01,2023-08-31,ok,34.700005,119.4,32983,
satellite,lianyungang_2,2023-09-01,2023-09-30,ok,34.700005,119.4,31466,
satellite,lianyungang_2,2023-10-01,2023-10-31,ok,34.700005,119.4,32484,
satellite,lianyungang_2,2023-11-01,2023-11-30,ok,34.700005,119.4,31123,
satellite,lianyungang_2,2023-12-01,2023-12-31,ok,34.700005,119.4,31899,
satellite,lianyungang_2,2024-01-01,2024-01-31,ok,34.700005,119.4,31988,
satellite,lianyungang_2,2024-02-01,2024-02-29,ok,34.700005,119.4,30087,
satellite,lianyungang_2,2024-03-01,2024-03-31,ok,34.700005,119.4,32629,
satellite,lianyungang_2,2024-04-01,2024-04-30,ok,34.700005,119.4,31850,
satellite,lianyungang_2,2024-05-01,2024-05-31,ok,34.700005,119.4,33259,
satellite,lianyungang_2,2024-06-01,2024-06-30,ok,34.700005,119.4,32295,
satellite,lianyungang_2,2024-07-01,2024-07-31,ok,34.700005,119.4,32744,
satellite,lianyungang_2,2024-08-01,2024-08-31,ok,34.700005,119.4,33001,
satellite,lianyungang_2,2024-09-01,2024-09-30,ok,34.700005,119.4,31671,
satellite,lianyungang_2,2024-10-01,2024-10-31,ok,34.700005,119.4,32408,
satellite,lianyungang_2,2024-11-01,2024-11-30,ok,34.700005,119.4,31099,
satellite,lianyungang_2,2024-12-01,2024-12-31,ok,34.700005,119.4,32188,
satellite,lianyungang_2,2025-01-01,2025-01-31,ok,34.700005,119.4,32228,
satellite,lianyungang_2,2025-02-01,2025-02-28,ok,34.700005,119.4,29388,
satellite,lianyungang_2,2025-03-01,2025-03-31,ok,34.700005,119.4,32683,
satellite,lianyungang_2,2025-04-01,2025-04-30,ok,34.700005,119.4,32107,
satellite,lianyungang_2,2025-05-01,2025-05-31,ok,34.700005,119.4,33216,
satellite,lianyungang_2,2025-06-01,2025-06-30,ok,34.700005,119.4,32009,
satellite,lianyungang_2,2025-07-01,2025-07-31,ok,34.700005,119.4,33355,
satellite,lianyungang_2,2025-08-01,2025-08-31,ok,34.700005,119.4,32858,
satellite,lianyungang_2,2025-09-01,2025-09-30,ok,34.700005,119.4,31311,
satellite,lianyungang_2,2025-10-01,2025-10-31,ok,34.700005,119.4,31960,
satellite,lianyungang_2,2025-11-01,2025-11-30,ok,34.700005,119.4,31284,
satellite,lianyungang_2,2025-12-01,2025-12-31,ok,34.700005,119.4,32120,
satellite,lianyungang_2,2026-01-01,2026-01-31,ok,34.700005,119.4,32165,
era5,changzhou_1,2019-02-01,2019-02-28,ok,31.528997,119.82057,36769,
era5,changzhou_1,2019-03-01,2019-03-31,ok,31.528997,119.82057,40570,
era5,changzhou_1,2019-04-01,2019-04-30,ok,31.528997,119.82057,39526,
era5,changzhou_1,2019-05-01,2019-05-31,ok,31.528997,119.82057,40892,
era5,changzhou_1,2019-06-01,2019-06-30,ok,31.528997,119.82057,39921,
era5,changzhou_1,2019-07-01,2019-07-31,ok,31.528997,119.82057,41281,
era5,changzhou_1,2019-08-01,2019-08-31,ok,31.528997,119.82057,40986,
era5,changzhou_1,2019-09-01,2019-09-30,ok,31.528997,119.82057,39137,
era5,changzhou_1,2019-10-01,2019-10-31,ok,31.528997,119.82057,40103,
era5,changzhou_1,2019-11-01,2019-11-30,ok,31.528997,119.82057,38437,
era5,changzhou_1,2019-12-01,2019-12-31,ok,31.528997,119.82057,39598,
era5,changzhou_1,2020-01-01,2020-01-31,ok,31.528997,119.82057,40350,
era5,changzhou_1,2020-02-01,2020-02-29,ok,31.528997,119.82057,37642,
era5,changzhou_1,2020-03-01,2020-03-31,ok,31.528997,119.82057,40686,
era5,changzhou_1,2020-04-01,2020-04-30,ok,31.528997,119.82057,39302,
era5,changzhou_1,2020-05-01,2020-05-31,ok,31.528997,119.82057,41087,
era5,changzhou_1,2020-06-01,2020-06-30,ok,31.528997,119.82057,40173,
era5,changzhou_1,2020-07-01,2020-07-31,ok,31.528997,119.82057,41643,
era5,changzhou_1,2020-08-01,2020-08-31,ok,31.528997,119.82057,40847,
era5,changzhou_1,2020-09-01,2020-09-30,ok,31.528997,119.82057,39300,
era5,changzhou_1,2020-10-01,2020-10-31,ok,31.528997,119.82057,40037,
era5,changzhou_1,2020-11-01,2020-11-30,ok,31.528997,119.82057,38476,
era5,changzhou_1,2020-12-01,2020-12-31,ok,31.528997,119.82057,39551,
era5,changzhou_1,2021-01-01,2021-01-31,ok,31.528997,119.82057,39607,
era5,changzhou_1,2021-02-01,2021-02-28,ok,31.528997,119.82057,36242,
era5,changzhou_1,2021-03-01,2021-03-31,ok,31.528997,119.82057,40771,
era5,changzhou_1,2021-04-01,2021-04-30,ok,31.528997,119.82057,39523,
era5,changzhou_1,2021-05-01,2021-05-31,ok,31.528997,119.82057,41234,
era5,changzhou_1,2021-06-01,2021-06-30,ok,31.528997,119.82057,40113,
era5,changzhou_1,2021-07-01,2021-07-31,ok,31.528997,119.82057,41520,
era5,changzhou_1,2021-08-01,2021-08-31,ok,31.528997,119.82057,41300,
era5,changzhou_1,2021-09-01,2021-09-30,ok,31.528997,119.82057,39218,
era5,changzhou_1,2021-10-01,2021-10-31,ok,31.528997,119.82057,40569,
era5,changzhou_1,2021-11-01,2021-11-30,ok,31.528997,119.82057,38605,
era5,changzhou_1,2021-12-01,2021-12-31,ok,31.528997,119.82057,39355,
era5,changzhou_1,2022-01-01,2022-01-31,ok,31.528997,119.82057,40707,
era5,changzhou_1,2022-02-01,2022-02-28,ok,31.528997,119.82057,36880,
era5,changzhou_1,2022-03-01,2022-03-31,ok,31.528997,119.82057,40867,
era5,changzhou_1,2022-04-01,2022-04-30,ok,31.528997,119.82057,39820,
era5,changzhou_1,2022-05-01,2022-05-31,ok,31.528997,119.82057,41515,
era5,changzhou_1,2022-06-01,2022-06-30,ok,31.528997,119.82057,40238,
era5,changzhou_1,2022-07-01,2022-07-31,ok,31.528997,119.82057,41743,
era5,changzhou_1,2022-08-01,2022-08-31,ok,31.528997,119.82057,41605,
era5,changzhou_1,2022-09-01,2022-09-30,ok,31.528997,119.82057,39691,
era5,changzhou_1,2022-10-01,2022-10-31,ok,31.528997,119.82057,40219,
era5,changzhou_1,2022-11-01,2022-11-30,ok,31.528997,119.82057,38865,
era5,changzhou_1,2022-12-01,2022-12-31,ok,31.528997,119.82057,39871,
era5,changzhou_1,2023-01-01,2023-01-31,ok,31.528997,119.82057,39438,
era5,changzhou_1,2023-02-01,2023-02-28,ok,31.528997,119.82057,36731,
era5,changzhou_1,2023-03-01,2023-03-31,ok,31.528997,119.82057,40954,
era5,changzhou_1,2023-04-01,2023-04-30,ok,31.528997,119.82057,39645,
era5,changzhou_1,2023-05-01,2023-05-31,ok,31.528997,119.82057,41484,
era5,changzhou_1,2023-06-01,2023-06-30,ok,31.528997,119.82057,40415,
era5,changzhou_1,2023-07-01,2023-07-31,ok,31.528997,119.82057,41848,
era5,changzhou_1,2023-08-01,2023-08-31,ok,31.528997,119.82057,40907,
era5,changzhou_1,2023-09-01,2023-09-30,ok,31.528997,119.82057,39634,
era5,changzhou_1,2023-10-01,2023-10-31,ok,31.528997,119.82057,40030,
era5,changzhou_1,2023-11-01,2023-11-30,ok,31.528997,119.82057,38316,
era5,changzhou_1,2023-12-01,2023-12-31,ok,31.528997,119.82057,39785,
era5,changzhou_1,2024-01-01,2024-01-31,ok,31.528997,119.82057,39924,
era5,changzhou_1,2024-02-01,2024-02-29,ok,31.528997,119.82057,38134,
era5,changzhou_1,2024-03-01,2024-03-31,ok,31.528997,119.82057,40484,
era5,changzhou_1,2024-04-01,2024-04-30,ok,31.528997,119.82057,40435,
era5,changzhou_1,2024-05-01,2024-05-31,ok,31.528997,119.82057,41181,
era5,changzhou_1,2024-06-01,2024-06-30,ok,31.528997,119.82057,40422,
era5,changzhou_1,2024-07-01,2024-07-31,ok,31.528997,119.82057,41385,
era5,changzhou_1,2024-08-01,2024-08-31,ok,31.528997,119.82057,40827,
era5,changzhou_1,2024-09-01,2024-09-30,ok,31.528997,119.82057,39512,
era5,changzhou_1,2024-10-01,2024-10-31,ok,31.528997,119.82057,40692,
era5,changzhou_1,2024-11-01,2024-11-30,ok,31.528997,119.82057,38475,
era5,changzhou_1,2024-12-01,2024-12-31,ok,31.528997,119.82057,39497,
era5,changzhou_1,2025-01-01,2025-01-31,ok,31.528997,119.82057,39683,
era5,changzhou_1,2025-02-01,2025-02-28,ok,31.528997,119.82057,36435,
era5,changzhou_1,2025-03-01,2025-03-31,ok,31.528997,119.82057,40832,
era5,changzhou_1,2025-04-01,2025-04-30,ok,31.528997,119.82057,39603,
era5,changzhou_1,2025-05-01,2025-05-31,ok,31.528997,119.82057,41354,
era5,changzhou_1,2025-06-01,2025-06-30,ok,31.528997,119.82057,40285,
era5,changzhou_1,2025-07-01,2025-07-31,ok,31.528997,119.82057,41135,
era5,changzhou_1,2025-08-01,2025-08-31,ok,31.528997,119.82057,40643,
era5,changzhou_1,2025-09-01,2025-09-30,ok,31.528997,119.82057,39764,
era5,changzhou_1,2025-10-01,2025-10-31,ok,31.528997,119.82057,40613,
era5,changzhou_1,2025-11-01,2025-11-30,ok,31.528997,119.82057,38322,
era5,changzhou_1,2025-12-01,2025-12-31,ok,31.528997,119.82057,39543,
era5,changzhou_1,2026-01-01,2026-01-31,ok,31.528997,119.82057,39536,
era5,nanjing_1,2019-02-01,2019-02-28,ok,31.880491,118.59206,36625,
era5,nanjing_1,2019-03-01,2019-03-31,ok,31.880491,118.59206,40511,
era5,nanjing_1,2019-04-01,2019-04-30,ok,31.880491,118.59206,39509,
era5,nanjing_1,2019-05-01,2019-05-31,ok,31.880491,118.59206,40913,
era5,nanjing_1,2019-06-01,2019-06-30,ok,31.880491,118.59206,39887,
era5,nanjing_1,2019-07-01,2019-07-31,ok,31.880491,118.59206,41221,
era5,nanjing_1,2019-08-01,2019-08-31,ok,31.880491,118.59206,40784,
era5,nanjing_1,2019-09-01,2019-09-30,ok,31.880491,118.59206,38888,
era5,nanjing_1,2019-10-01,2019-10-31,ok,31.880491,118.59206,40124,
era5,nanjing_1,2019-11-01,2019-11-30,ok,31.880491,118.59206,38420,
era5,nanjing_1,2019-12-01,2019-12-31,ok,31.880491,118.59206,39661,
era5,nanjing_1,2020-01-01,2020-01-31,ok,31.880491,118.59206,40447,
era5,nanjing_1,2020-02-01,2020-02-29,ok,31.880491,118.59206,37636,
era5,nanjing_1,2020-03-01,2020-03-31,ok,31.880491,118.59206,40634,
era5,nanjing_1,2020-04-01,2020-04-30,ok,31.880491,118.59206,39284,
era5,nanjing_1,2020-05-01,2020-05-31,ok,31.880491,118.59206,41017,
era5,nanjing_1,2020-06-01,2020-06-30,ok,31.880491,118.59206,40109,
era5,nanjing_1,2020-07-01,2020-07-31,ok,31.880491,118.59206,41598,
era5,nanjing_1,2020-08-01,2020-08-31,ok,31.880491,118.59206,40991,
era5,nanjing_1,2020-09-01,2020-09-30,ok,31.880491,118.59206,39290,
era5,nanjing_1,2020-10-01,2020-10-31,ok,31.880491,118.59206,40102,
era5,nanjing_1,2020-11-01,2020-11-30,ok,31.880491,118.59206,38385,
era5,nanjing_1,2020-12-01,2020-12-31,ok,31.880491,118.59206,39471,
era5,nanjing_1,2021-01-01,2021-01-31,ok,31.880491,118.59206,39590,
era5,nanjing_1,2021-02-01,2021-02-28,ok,31.880491,118.59206,36179,
era5,nanjing_1,2021-03-01,2021-03-31,ok,31.880491,118.59206,40805,
era5,nanjing_1,2021-04-01,2021-04-30,ok,31.880491,118.59206,39624,
era5,nanjing_1,2021-05-01,2021-05-31,ok,31.880491,118.59206,41201,
era5,nanjing_1,2021-06-01,2021-06-30,ok,31.880491,118.59206,39991,
era5,nanjing_1,2021-07-01,2021-07-31,ok,31.880491,118.59206,41383,
era5,nanjing_1,2021-08-01,2021-08-31,ok,31.880491,118.59206,41144,
era5,nanjing_1,2021-09-01,2021-09-30,ok,31.880491,118.59206,39173,
era5,nanjing_1,2021-10-01,2021-10-31,ok,31.880491,118.59206,40556,
era5,nanjing_1,2021-11-01,2021-11-30,ok,31.880491,118.59206,38489,
era5,nanjing_1,2021-12-01,2021-12-31,ok,31.880491,118.59206,39332,
era5,nanjing_1,2022-01-01,2022-01-31,ok,31.880491,118.59206,40656,
era5,nanjing_1,2022-02-01,2022-02-28,ok,31.880491,118.59206,36903,
era5,nanjing_1,2022-03-01,2022-03-31,ok,31.880491,118.59206,40819,
era5,nanjing_1,2022-04-01,2022-04-30,ok,31.880491,118.59206,39760,
era5,nanjing_1,2022-05-01,2022-05-31,ok,31.880491,118.59206,41509,
era5,nanjing_1,2022-06-01,2022-06-30,ok,31.880491,118.59206,40035,
era5,nanjing_1,2022-07-01,2022-07-31,ok,31.880491,118.59206,41639,
era5,nanjing_1,2022-08-01,2022-08-31,ok,31.880491,118.59206,41451,
era5,nanjing_1,2022-09-01,2022-09-30,ok,31.880491,118.59206,39540,
era5,nanjing_1,2022-10-01,2022-10-31,ok,31.880491,118.59206,40208,
era5,nanjing_1,2022-11-01,2022-11-30,ok,31.880491,118.59206,38865,
era5,nanjing_1,2022-12-01,2022-12-31,ok,31.880491,118.59206,39770,
era5,nanjing_1,2023-01-01,2023-01-31,ok,31.880491,118.59206,39323,
era5,nanjing_1,2023-02-01,2023-02-28,ok,31.880491,118.59206,36593,
era5,nanjing_1,2023-03-01,2023-03-31,ok,31.880491,118.59206,40905,
era5,nanjing_1,2023-04-01,2023-04-30,ok,31.880491,118.59206,39611,
era5,nanjing_1,2023-05-01,2023-05-31,ok,31.880491,118.59206,41447,
era5,nanjing_1,2023-06-01,2023-06-30,ok,31.880491,118.59206,40393,
era5,nanjing_1,2023-07-01,2023-07-31,ok,31.880491,118.59206,41837,
era5,nanjing_1,2023-08-01,2023-08-31,ok,31.880491,118.59206,40850,
era5,nanjing_1,2023-09-01,2023-09-30,ok,31.880491,118.59206,39612,
era5,nanjing_1,2023-10-01,2023-10-31,ok,31.880491,118.59206,40107,
era5,nanjing_1,2023-11-01,2023-11-30,ok,31.880491,118.59206,38297,
era5,nanjing_1,2023-12-01,2023-12-31,ok,31.880491,118.59206,39850,
era5,nanjing_1,2024-01-01,2024-01-31,ok,31.880491,118.59206,39876,
era5,nanjing_1,2024-02-01,2024-02-29,ok,31.880491,118.59206,38168,
era5,nanjing_1,2024-03-01,2024-03-31,ok,31.880491,118.59206,40455,
era5,nanjing_1,2024-04-01,2024-04-30,ok,31.880491,118.59206,40263,
era5,nanjing_1,2024-05-01,2024-05-31,ok,31.880491,118.59206,41100,
era5,nanjing_1,2024-06-01,2024-06-30,ok,31.880491,118.59206,40436,
era5,nanjing_1,2024-07-01,2024-07-31,ok,31.880491,118.59206,41444,
era5,nanjing_1,2024-08-01,2024-08-31,ok,31.880491,118.59206,40792,
era5,nanjing_1,2024-09-01,2024-09-30,ok,31.880491,118.59206,39433,
era5,nanjing_1,2024-10-01,2024-10-31,ok,31.880491,118.59206,40579,
era5,nanjing_1,2024-11-01,2024-11-30,ok,31.880491,118.59206,38321,
era5,nanjing_1,2024-12-01,2024-12-31,ok,31.880491,118.59206,39355,
era5,nanjing_1,2025-01-01,2025-01-31,ok,31.880491,118.59206,39736,
era5,nanjing_1,2025-02-01,2025-02-28,ok,31.880491,118.59206,36406,
era5,nanjing_1,2025-03-01,2025-03-31,ok,31.880491,118.59206,40808,
era5,nanjing_1,2025-04-01,2025-04-30,ok,31.880491,118.59206,39572,
era5,nanjing_1,2025-05-01,2025-05-31,ok,31.880491,118.59206,41289,
era5,nanjing_1,2025-06-01,2025-06-30,ok,31.880491,118.59206,40239,
era5,nanjing_1,2025-07-01,2025-07-31,ok,31.880491,118.59206,40998,
era5,nanjing_1,2025-08-01,2025-08-31,ok,31.880491,118.59206,40793,
era5,nanjing_1,2025-09-01,2025-09-30,ok,31.880491,118.59206,39935,
era5,nanjing_1,2025-10-01,2025-10-31,ok,31.880491,118.59206,40685,
era5,nanjing_1,2025-11-01,2025-11-30,ok,31.880491,118.59206,38174,
era5,nanjing_1,2025-12-01,2025-12-31,ok,31.880491,118.59206,39507,
era5,nanjing_1,2026-01-01,2026-01-31,ok,31.880491,118.59206,39646,
era5,suzhou_1,2019-02-01,2019-02-28,ok,31.528997,121.00478,36826,
era5,suzhou_1,2019-03-01,2019-03-31,ok,31.528997,121.00478,40651,
era5,suzhou_1,2019-04-01,2019-04-30,ok,31.528997,121.00478,39662,
era5,suzhou_1,2019-05-01,2019-05-31,ok,31.528997,121.00478,40987,
era5,suzhou_1,2019-06-01,2019-06-30,ok,31.528997,121.00478,40037,
era5,suzhou_1,2019-07-01,2019-07-31,ok,31.528997,121.00478,41451,
era5,suzhou_1,2019-08-01,2019-08-31,ok,31.528997,121.00478,41061,
era5,suzhou_1,2019-09-01,2019-09-30,ok,31.528997,121.00478,39307,
era5,suzhou_1,2019-10-01,2019-10-31,ok,31.528997,121.00478,40247,
era5,suzhou_1,2019-11-01,2019-11-30,ok,31.528997,121.00478,38504,
era5,suzhou_1,2019-12-01,2019-12-31,ok,31.528997,121.00478,39684,
era5,suzhou_1,2020-01-01,2020-01-31,ok,31.528997,121.00478,40295,
era5,suzhou_1,2020-02-01,2020-02-29,ok,31.528997,121.00478,37699,
era5,suzhou_1,2020-03-01,2020-03-31,ok,31.528997,121.00478,40757,
era5,suzhou_1,2020-04-01,2020-04-30,ok,31.528997,121.00478,39273,
era5,suzhou_1,2020-05-01,2020-05-31,ok,31.528997,121.00478,41246,
era5,suzhou_1,2020-06-01,2020-06-30,ok,31.528997,121.00478,40231,
era5,suzhou_1,2020-07-01,2020-07-31,ok,31.528997,121.00478,41706,
era5,suzhou_1,2020-08-01,2020-08-31,ok,31.528997,121.00478,40759,
era5,suzhou_1,2020-09-01,2020-09-30,ok,31.528997,121.00478,39330,
era5,suzhou_1,2020-10-01,2020-10-31,ok,31.528997,121.00478,40123,
era5,suzhou_1,2020-11-01,2020-11-30,ok,31.528997,121.00478,38567,
era5,suzhou_1,2020-12-01,2020-12-31,ok,31.528997,121.00478,39561,
era5,suzhou_1,2021-01-01,2021-01-31,ok,31.528997,121.00478,39595,
era5,suzhou_1,2021-02-01,2021-02-28,ok,31.528997,121.00478,36291,
era5,suzhou_1,2021-03-01,2021-03-31,ok,31.528997,121.00478,40827,
era5,suzhou_1,2021-04-01,2021-04-30,ok,31.528997,121.00478,39563,
era5,suzhou_1,2021-05-01,2021-05-31,ok,31.528997,121.00478,41223,
era5,suzhou_1,2021-06-01,2021-06-30,ok,31.528997,121.00478,40127,
era5,suzhou_1,2021-07-01,2021-07-31,ok,31.528997,121.00478,41652,
era5,suzhou_1,2021-08-01,2021-08-31,ok,31.528997,121.00478,41286,
era5,suzhou_1,2021-09-01,2021-09-30,ok,31.528997,121.00478,39392,
era5,suzhou_1,2021-10-01,2021-10-31,ok,31.528997,121.00478,40710,
era5,suzhou_1,2021-11-01,2021-11-30,ok,31.528997,121.00478,38714,
era5,suzhou_1,2021-12-01,2021-12-31,ok,31.528997,121.00478,39494,
era5,suzhou_1,2022-01-01,2022-01-31,ok,31.528997,121.00478,40808,
era5,suzhou_1,2022-02-01,2022-02-28,ok,31.528997,121.00478,36789,
era5,suzhou_1,2022-03-01,2022-03-31,ok,31.528997,121.00478,40928,
era5,suzhou_1,2022-04-01,2022-04-30,ok,31.528997,121.00478,39887,
era5,suzhou_1,2022-05-01,2022-05-31,ok,31.528997,121.00478,41579,
era5,suzhou_1,2022-06-01,2022-06-30,ok,31.528997,121.00478,40387,
era5,suzhou_1,2022-07-01,2022-07-31,ok,31.528997,121.00478,41851,
era5,suzhou_1,2022-08-01,2022-08-31,ok,31.528997,121.00478,41557,
era5,suzhou_1,2022-09-01,2022-09-30,ok,31.528997,121.00478,39790,
era5,suzhou_1,2022-10-01,2022-10-31,ok,31.528997,121.00478,40333,
era5,suzhou_1,2022-11-01,2022-11-30,ok,31.528997,121.00478,38902,
era5,suzhou_1,2022-12-01,2022-12-31,ok,31.528997,121.00478,39816,
era5,suzhou_1,2023-01-01,2023-01-31,ok,31.528997,121.00478,39540,
era5,suzhou_1,2023-02-01,2023-02-28,ok,31.528997,121.00478,36805,
era5,suzhou_1,2023-03-01,2023-03-31,ok,31.528997,121.00478,40926,
era5,suzhou_1,2023-04-01,2023-04-30,ok,31.528997,121.00478,39799,
era5,suzhou_1,2023-05-01,2023-05-31,ok,31.528997,121.00478,41498,
era5,suzhou_1,2023-06-01,2023-06-30,ok,31.528997,121.00478,40530,
era5,suzhou_1,2023-07-01,2023-07-31,ok,31.528997,121.00478,41917,
era5,suzhou_1,2023-08-01,2023-08-31,ok,31.528997,121.00478,40937,
era5,suzhou_1,2023-09-01,2023-09-30,ok,31.528997,121.00478,39743,
era5,suzhou_1,2023-10-01,2023-10-31,ok,31.528997,121.00478,40111,
era5,suzhou_1,2023-11-01,2023-11-30,ok,31.528997,121.00478,38368,
era5,suzhou_1,2023-12-01,2023-12-31,ok,31.528997,121.00478,39792,
era5,suzhou_1,2024-01-01,2024-01-31,ok,31.528997,121.00478,39933,
era5,suzhou_1,2024-02-01,2024-02-29,ok,31.528997,121.00478,38238,
era5,suzhou_1,2024-03-01,2024-03-31,ok,31.528997,121.00478,40645,
era5,suzhou_1,2024-04-01,2024-04-30,ok,31.528997,121.00478,40424,
era5,suzhou_1,2024-05-01,2024-05-31,ok,31.528997,121.00478,41186,
era5,suzhou_1,2024-06-01,2024-06-30,ok,31.528997,121.00478,40443,
era5,suzhou_1,2024-07-01,2024-07-31,ok,31.528997,121.00478,41504,
era5,suzhou_1,2024-08-01,2024-08-31,ok,31.528997,121.00478,40730,
era5,suzhou_1,2024-09-01,2024-09-30,ok,31.528997,121.00478,39687,
era5,suzhou_1,2024-10-01,2024-10-31,ok,31.528997,121.00478,40825,
era5,suzhou_1,2024-11-01,2024-11-30,ok,31.528997,121.00478,38619,
era5,suzhou_1,2024-12-01,2024-12-31,ok,31.528997,121.00478,39487,
era5,suzhou_1,2025-01-01,2025-01-31,ok,31.528997,121.00478,39706,
era5,suzhou_1,2025-02-01,2025-02-28,ok,31.528997,121.00478,36343,
era5,suzhou_1,2025-03-01,2025-03-31,ok,31.528997,121.00478,40830,
era5,suzhou_1,2025-04-01,2025-04-30,ok,31.528997,121.00478,39603,
era5,suzhou_1,2025-05-01,2025-05-31,ok,31.528997,121.00478,41405,
era5,suzhou_1,2025-06-01,2025-06-30,ok,31.528997,121.00478,40409,
era5,suzhou_1,2025-07-01,2025-07-31,ok,31.528997,121.00478,41429,
era5,suzhou_1,2025-08-01,2025-08-31,ok,31.528997,121.00478,40799,
era5,suzhou_1,2025-09-01,2025-09-30,ok,31.528997,121.00478,39675,
era5,suzhou_1,2025-10-01,2025-10-31,ok,31.528997,121.00478,40438,
era5,suzhou_1,2025-11-01,2025-11-30,ok,31.528997,121.00478,38432,
era5,suzhou_1,2025-12-01,2025-12-31,ok,31.528997,121.00478,39551,
era5,suzhou_1,2026-01-01,2026-01-31,ok,31.528997,121.00478,39646,
era5,wuxi_1,2019-02-01,2019-02-28,ok,31.107204,120.249405,36862,
era5,wuxi_1,2019-03-01,2019-03-31,ok,31.107204,120.249405,40731,
era5,wuxi_1,2019-04-01,2019-04-30,ok,31.107204,120.249405,39571,
era5,wuxi_1,2019-05-01,2019-05-31,ok,31.107204,120.249405,40990,
era5,wuxi_1,2019-06-01,2019-06-30,ok,31.107204,120.249405,40000,
era5,wuxi_1,2019-07-01,2019-07-31,ok,31.107204,120.249405,41358,
era5,wuxi_1,2019-08-01,2019-08-31,ok,31.107204,120.249405,40941,
era5,wuxi_1,2019-09-01,2019-09-30,ok,31.107204,120.249405,39077,
era5,wuxi_1,2019-10-01,2019-10-31,ok,31.107204,120.249405,40165,
era5,wuxi_1,2019-11-01,2019-11-30,ok,31.107204,120.249405,38455,
era5,wuxi_1,2019-12-01,2019-12-31,ok,31.107204,120.249405,39714,
era5,wuxi_1,2020-01-01,2020-01-31,ok,31.107204,120.249405,40421,
era5,wuxi_1,2020-02-01,2020-02-29,ok,31.107204,120.249405,37745,
era5,wuxi_1,2020-03-01,2020-03-31,ok,31.107204,120.249405,40793,
era5,wuxi_1,2020-04-01,2020-04-30,ok,31.107204,120.249405,39274,
era5,wuxi_1,2020-05-01,2020-05-31,ok,31.107204,120.249405,41209,
era5,wuxi_1,2020-06-01,2020-06-30,ok,31.107204,120.249405,40241,
era5,wuxi_1,2020-07-01,2020-07-31,ok,31.107204,120.249405,41763,
era5,wuxi_1,2020-08-01,2020-08-31,ok,31.107204,120.249405,40692,
era5,wuxi_1,2020-09-01,2020-09-30,ok,31.107204,120.249405,39448,
era5,wuxi_1,2020-10-01,2020-10-31,ok,31.107204,120.249405,40070,
era5,wuxi_1,2020-11-01,2020-11-30,ok,31.107204,120.249405,38606,
era5,wuxi_1,2020-12-01,2020-12-31,ok,31.107204,120.249405,39552,
era5,wuxi_1,2021-01-01,2021-01-31,ok,31.107204,120.249405,39624,
era5,wuxi_1,2021-02-01,2021-02-28,ok,31.107204,120.249405,36313,
era5,wuxi_1,2021-03-01,2021-03-31,ok,31.107204,120.249405,40870,
era5,wuxi_1,2021-04-01,2021-04-30,ok,31.107204,120.249405,39547,
era5,wuxi_1,2021-05-01,2021-05-31,ok,31.107204,120.249405,41328,
era5,wuxi_1,2021-06-01,2021-06-30,ok,31.107204,120.249405,40156,
era5,wuxi_1,2021-07-01,2021-07-31,ok,31.107204,120.249405,41664,
era5,wuxi_1,2021-08-01,2021-08-31,ok,31.107204,120.249405,41308,
era5,wuxi_1,2021-09-01,2021-09-30,ok,31.107204,120.249405,39218,
era5,wuxi_1,2021-10-01,2021-10-31,ok,31.107204,120.249405,40523,
era5,wuxi_1,2021-11-01,2021-11-30,ok,31.107204,120.249405,38811,
era5,wuxi_1,2021-12-01,2021-12-31,ok,31.107204,120.249405,39464,
era5,wuxi_1,2022-01-01,2022-01-31,ok,31.107204,120.249405,40727,
era5,wuxi_1,2022-02-01,2022-02-28,ok,31.107204,120.249405,36932,
era5,wuxi_1,2022-03-01,2022-03-31,ok,31.107204,120.249405,40899,
era5,wuxi_1,2022-04-01,2022-04-30,ok,31.107204,120.249405,39897,
era5,wuxi_1,2022-05-01,2022-05-31,ok,31.107204,120.249405,41622,
era5,wuxi_1,2022-06-01,2022-06-30,ok,31.107204,120.249405,40335,
era5,wuxi_1,2022-07-01,2022-07-31,ok,31.107204,120.249405,41782,
era5,wuxi_1,2022-08-01,2022-08-31,ok,31.107204,120.249405,41537,
era5,wuxi_1,2022-09-01,2022-09-30,ok,31.107204,120.249405,39720,
era5,wuxi_1,2022-10-01,2022-10-31,ok,31.107204,120.249405,40287,
era5,wuxi_1,2022-11-01,2022-11-30,ok,31.107204,120.249405,38924,
era5,wuxi_1,2022-12-01,2022-12-31,ok,31.107204,120.249405,39889,
era5,wuxi_1,2023-01-01,2023-01-31,ok,31.107204,120.249405,39534,
era5,wuxi_1,2023-02-01,2023-02-28,ok,31.107204,120.249405,36867,
era5,wuxi_1,2023-03-01,2023-03-31,ok,31.107204,120.249405,41035,
era5,wuxi_1,2023-04-01,2023-04-30,ok,31.107204,120.249405,39782,
era5,wuxi_1,2023-05-01,2023-05-31,ok,31.107204,120.249405,41528,
era5,wuxi_1,2023-06-01,2023-06-30,ok,31.107204,120.249405,40526,
era5,wuxi_1,2023-07-01,2023-07-31,ok,31.107204,120.249405,41928,
era5,wuxi_1,2023-08-01,2023-08-31,ok,31.107204,120.249405,40986,
era5,wuxi_1,2023-09-01,2023-09-30,ok,31.107204,120.249405,39742,
era5,wuxi_1,2023-10-01,2023-10-31,ok,31.107204,120.249405,40064,
era5,wuxi_1,2023-11-01,2023-11-30,ok,31.107204,120.249405,38395,
era5,wuxi_1,2023-12-01,2023-12-31,ok,31.107204,120.249405,39841,
era5,wuxi_1,2024-01-01,2024-01-31,ok,31.107204,120.249405,40007,
era5,wuxi_1,2024-02-01,2024-02-29,ok,31.107204,120.249405,38324,
era5,wuxi_1,2024-03-01,2024-03-31,ok,31.107204,120.249405,40605,
era5,wuxi_1,2024-04-01,2024-04-30,ok,31.107204,120.249405,40471,
era5,wuxi_1,2024-05-01,2024-05-31,ok,31.107204,120.249405,41249,
era5,wuxi_1,2024-06-01,2024-06-30,ok,31.107204,120.249405,40499,
era5,wuxi_1,2024-07-01,2024-07-31,ok,31.107204,120.249405,41479,
era5,wuxi_1,2024-08-01,2024-08-31,ok,31.107204,120.249405,40844,
era5,wuxi_1,2024-09-01,2024-09-30,ok,31.107204,120.249405,39540,
era5,wuxi_1,2024-10-01,2024-10-31,ok,31.107204,120.249405,40866,
era5,wuxi_1,2024-11-01,2024-11-30,ok,31.107204,120.249405,38561,
era5,wuxi_1,2024-12-01,2024-12-31,ok,31.107204,120.249405,39565,
era5,wuxi_1,2025-01-01,2025-01-31,ok,31.107204,120.249405,39770,
era5,wuxi_1,2025-02-01,2025-02-28,ok,31.107204,120.249405,36441,
era5,wuxi_1,2025-03-01,2025-03-31,ok,31.107204,120.249405,40879,
era5,wuxi_1,2025-04-01,2025-04-30,ok,31.107204,120.249405,39567,
era5,wuxi_1,2025-05-01,2025-05-31,ok,31.107204,120.249405,41463,
era5,wuxi_1,2025-06-01,2025-06-30,ok,31.107204,120.249405,40429,
era5,wuxi_1,2025-07-01,2025-07-31,ok,31.107204,120.249405,41285,
era5,wuxi_1,2025-08-01,2025-08-31,ok,31.107204,120.249405,40664,
era5,wuxi_1,2025-09-01,2025-09-30,ok,31.107204,120.249405,39756,
era5,wuxi_1,2025-10-01,2025-10-31,ok,31.107204,120.249405,40486,
era5,wuxi_1,2025-11-01,2025-11-30,ok,31.107204,120.249405,38478,
era5,wuxi_1,2025-12-01,2025-12-31,ok,31.107204,120.249405,39576,
era5,wuxi_1,2026-01-01,2026-01-31,ok,31.107204,120.249405,39604,
era5,nanjing_2,2019-02-01,2019-02-28,ok,31.458698,119.03226,36718,
era5,nanjing_2,2019-03-01,2019-03-31,ok,31.458698,119.03226,40531,
era5,nanjing_2,2019-04-01,2019-04-30,ok,31.458698,119.03226,39503,
era5,nanjing_2,2019-05-01,2019-05-31,ok,31.458698,119.03226,40910,
era5,nanjing_2,2019-06-01,2019-06-30,ok,31.458698,119.03226,39863,
era5,nanjing_2,2019-07-01,2019-07-31,ok,31.458698,119.03226,41196,
era5,nanjing_2,2019-08-01,2019-08-31,ok,31.458698,119.03226,40815,
era5,nanjing_2,2019-09-01,2019-09-30,ok,31.458698,119.03226,38988,
era5,nanjing_2,2019-10-01,2019-10-31,ok,31.458698,119.03226,40150,
era5,nanjing_2,2019-11-01,2019-11-30,ok,31.458698,119.03226,38352,
era5,nanjing_2,2019-12-01,2019-12-31,ok,31.458698,119.03226,39575,
era5,nanjing_2,2020-01-01,2020-01-31,ok,31.458698,119.03226,40393,
era5,nanjing_2,2020-02-01,2020-02-29,ok,31.458698,119.03226,37610,
era5,nanjing_2,2020-03-01,2020-03-31,ok,31.458698,119.03226,40704,
era5,nanjing_2,2020-04-01,2020-04-30,ok,31.458698,119.03226,39284,
era5,nanjing_2,2020-05-01,2020-05-31,ok,31.458698,119.03226,41031,
era5,nanjing_2,2020-06-01,2020-06-30,ok,31.458698,119.03226,40206,
era5,nanjing_2,2020-07-01,2020-07-31,ok,31.458698,119.03226,41622,
era5,nanjing_2,2020-08-01,2020-08-31,ok,31.458698,119.03226,40929,
era5,nanjing_2,2020-09-01,2020-09-30,ok,31.458698,119.03226,39388,
era5,nanjing_2,2020-10-01,2020-10-31,ok,31.458698,119.03226,40165,
era5,nanjing_2,2020-11-01,2020-11-30,ok,31.458698,119.03226,38442,
era5,nanjing_2,2020-12-01,2020-12-31,ok,31.458698,119.03226,39541,
era5,nanjing_2,2021-01-01,2021-01-31,ok,31.458698,119.03226,39591,
era5,nanjing_2,2021-02-01,2021-02-28,ok,31.458698,119.03226,36273,
era5,nanjing_2,2021-03-01,2021-03-31,ok,31.458698,119.03226,40804,
era5,nanjing_2,2021-04-01,2021-04-30,ok,31.458698,119.03226,39513,
era5,nanjing_2,2021-05-01,2021-05-31,ok,31.458698,119.03226,41227,
era5,nanjing_2,2021-06-01,2021-06-30,ok,31.458698,119.03226,40013,
era5,nanjing_2,2021-07-01,2021-07-31,ok,31.458698,119.03226,41470,
era5,nanjing_2,2021-08-01,2021-08-31,ok,31.458698,119.03226,41177,
era5,nanjing_2,2021-09-01,2021-09-30,ok,31.458698,119.03226,39149,
era5,nanjing_2,2021-10-01,2021-10-31,ok,31.458698,119.03226,40548,
era5,nanjing_2,2021-11-01,2021-11-30,ok,31.458698,119.03226,38556,
era5,nanjing_2,2021-12-01,2021-12-31,ok,31.458698,119.03226,39304,
era5,nanjing_2,2022-01-01,2022-01-31,ok,31.458698,119.03226,40656,
era5,nanjing_2,2022-02-01,2022-02-28,ok,31.458698,119.03226,36939,
era5,nanjing_2,2022-03-01,2022-03-31,ok,31.458698,119.03226,40830,
era5,nanjing_2,2022-04-01,2022-04-30,ok,31.458698,119.03226,39818,
era5,nanjing_2,2022-05-01,2022-05-31,ok,31.458698,119.03226,41503,
era5,nanjing_2,2022-06-01,2022-06-30,ok,31.458698,119.03226,40172,
era5,nanjing_2,2022-07-01,2022-07-31,ok,31.458698,119.03226,41611,
era5,nanjing_2,2022-08-01,2022-08-31,ok,31.458698,119.03226,41470,
era5,nanjing_2,2022-09-01,2022-09-30,ok,31.458698,119.03226,39624,
era5,nanjing_2,2022-10-01,2022-10-31,ok,31.458698,119.03226,40262,
era5,nanjing_2,2022-11-01,2022-11-30,ok,31.458698,119.03226,38849,
era5,nanjing_2,2022-12-01,2022-12-31,ok,31.458698,119.03226,39885,
era5,nanjing_2,2023-01-01,2023-01-31,ok,31.458698,119.03226,39369,
era5,nanjing_2,2023-02-01,2023-02-28,ok,31.458698,119.03226,36706,
era5,nanjing_2,2023-03-01,2023-03-31,ok,31.458698,119.03226,40926,
era5,nanjing_2,2023-04-01,2023-04-30,ok,31.458698,119.03226,39674,
era5,nanjing_2,2023-05-01,2023-05-31,ok,31.458698,119.03226,41500,
era5,nanjing_2,2023-06-01,2023-06-30,ok,31.458698,119.03226,40420,
era5,nanjing_2,2023-07-01,2023-07-31,ok,31.458698,119.03226,41945,
era5,nanjing_2,2023-08-01,2023-08-31,ok,31.458698,119.03226,40909,
era5,nanjing_2,2023-09-01,2023-09-30,ok,31.458698,119.03226,39678,
era5,nanjing_2,2023-10-01,2023-10-31,ok,31.458698,119.03226,40067,
era5,nanjing_2,2023-11-01,2023-11-30,ok,31.458698,119.03226,38285,
era5,nanjing_2,2023-12-01,2023-12-31,ok,31.458698,119.03226,39849,
era5,nanjing_2,2024-01-01,2024-01-31,ok,31.458698,119.03226,39896,
era5,nanjing_2,2024-02-01,2024-02-29,ok,31.458698,119.03226,38168,
era5,nanjing_2,2024-03-01,2024-03-31,ok,31.458698,119.03226,40477,
era5,nanjing_2,2024-04-01,2024-04-30,ok,31.458698,119.03226,40309,
era5,nanjing_2,2024-05-01,2024-05-31,ok,31.458698,119.03226,41185,
era5,nanjing_2,2024-06-01,2024-06-30,ok,31.458698,119.03226,40411,
era5,nanjing_2,2024-07-01,2024-07-31,ok,31.458698,119.03226,41388,
era5,nanjing_2,2024-08-01,2024-08-31,ok,31.458698,119.03226,40769,
era5,nanjing_2,2024-09-01,2024-09-30,ok,31.458698,119.03226,39383,
era5,nanjing_2,2024-10-01,2024-10-31,ok,31.458698,119.03226,40670,
era5,nanjing_2,2024-11-01,2024-11-30,ok,31.458698,119.03226,38416,
era5,nanjing_2,2024-12-01,2024-12-31,ok,31.458698,119.03226,39445,
era5,nanjing_2,2025-01-01,2025-01-31,ok,31.458698,119.03226,39745,
era5,nanjing_2,2025-02-01,2025-02-28,ok,31.458698,119.03226,36385,
era5,nanjing_2,2025-03-01,2025-03-31,ok,31.458698,119.03226,40819,
era5,nanjing_2,2025-04-01,2025-04-30,ok,31.458698,119.03226,39584,
era5,nanjing_2,2025-05-01,2025-05-31,ok,31.458698,119.03226,41351,
era5,nanjing_2,2025-06-01,2025-06-30,ok,31.458698,119.03226,40304,
era5,nanjing_2,2025-07-01,2025-07-31,ok,31.458698,119.03226,41076,
era5,nanjing_2,2025-08-01,2025-08-31,ok,31.458698,119.03226,40761,
era5,nanjing_2,2025-09-01,2025-09-30,ok,31.458698,119.03226,39817,
era5,nanjing_2,2025-10-01,2025-10-31,ok,31.458698,119.03226,40617,
era5,nanjing_2,2025-11-01,2025-11-30,ok,31.458698,119.03226,38263,
era5,nanjing_2,2025-12-01,2025-12-31,ok,31.458698,119.03226,39524,
era5,nanjing_2,2026-01-01,2026-01-31,ok,31.458698,119.03226,39608,
era5,taizhou_1,2019-02-01,2019-02-28,ok,32.724075,119.78022,36564,
era5,taizhou_1,2019-03-01,2019-03-31,ok,32.724075,119.78022,40412,
era5,taizhou_1,2019-04-01,2019-04-30,ok,32.724075,119.78022,39458,
era5,taizhou_1,2019-05-01,2019-05-31,ok,32.724075,119.78022,41118,
era5,taizhou_1,2019-06-01,2019-06-30,ok,32.724075,119.78022,39829,
era5,taizhou_1,2019-07-01,2019-07-31,ok,32.724075,119.78022,41330,
era5,taizhou_1,2019-08-01,2019-08-31,ok,32.724075,119.78022,40937,
era5,taizhou_1,2019-09-01,2019-09-30,ok,32.724075,119.78022,39024,
era5,taizhou_1,2019-10-01,2019-10-31,ok,32.724075,119.78022,40265,
era5,taizhou_1,2019-11-01,2019-11-30,ok,32.724075,119.78022,38562,
era5,taizhou_1,2019-12-01,2019-12-31,ok,32.724075,119.78022,39592,
era5,taizhou_1,2020-01-01,2020-01-31,ok,32.724075,119.78022,40238,
era5,taizhou_1,2020-02-01,2020-02-29,ok,32.724075,119.78022,37475,
era5,taizhou_1,2020-03-01,2020-03-31,ok,32.724075,119.78022,40593,
era5,taizhou_1,2020-04-01,2020-04-30,ok,32.724075,119.78022,39301,
era5,taizhou_1,2020-05-01,2020-05-31,ok,32.724075,119.78022,41023,
era5,taizhou_1,2020-06-01,2020-06-30,ok,32.724075,119.78022,40060,
era5,taizhou_1,2020-07-01,2020-07-31,ok,32.724075,119.78022,41605,
era5,taizhou_1,2020-08-01,2020-08-31,ok,32.724075,119.78022,41072,
era5,taizhou_1,2020-09-01,2020-09-30,ok,32.724075,119.78022,39326,
era5,taizhou_1,2020-10-01,2020-10-31,ok,32.724075,119.78022,40127,
era5,taizhou_1,2020-11-01,2020-11-30,ok,32.724075,119.78022,38438,
era5,taizhou_1,2020-12-01,2020-12-31,ok,32.724075,119.78022,39551,
era5,taizhou_1,2021-01-01,2021-01-31,ok,32.724075,119.78022,39591,
era5,taizhou_1,2021-02-01,2021-02-28,ok,32.724075,119.78022,36138,
era5,taizhou_1,2021-03-01,2021-03-31,ok,32.724075,119.78022,40689,
era5,taizhou_1,2021-04-01,2021-04-30,ok,32.724075,119.78022,39622,
era5,taizhou_1,2021-05-01,2021-05-31,ok,32.724075,119.78022,41093,
era5,taizhou_1,2021-06-01,2021-06-30,ok,32.724075,119.78022,39907,
era5,taizhou_1,2021-07-01,2021-07-31,ok,32.724075,119.78022,41460,
era5,taizhou_1,2021-08-01,2021-08-31,ok,32.724075,119.78022,41136,
era5,taizhou_1,2021-09-01,2021-09-30,ok,32.724075,119.78022,39210,
era5,taizhou_1,2021-10-01,2021-10-31,ok,32.724075,119.78022,40421,
era5,taizhou_1,2021-11-01,2021-11-30,ok,32.724075,119.78022,38488,
era5,taizhou_1,2021-12-01,2021-12-31,ok,32.724075,119.78022,39415,
era5,taizhou_1,2022-01-01,2022-01-31,ok,32.724075,119.78022,40509,
era5,taizhou_1,2022-02-01,2022-02-28,ok,32.724075,119.78022,36754,
era5,taizhou_1,2022-03-01,2022-03-31,ok,32.724075,119.78022,40807,
era5,taizhou_1,2022-04-01,2022-04-30,ok,32.724075,119.78022,39691,
era5,taizhou_1,2022-05-01,2022-05-31,ok,32.724075,119.78022,41211,
era5,taizhou_1,2022-06-01,2022-06-30,ok,32.724075,119.78022,39978,
era5,taizhou_1,2022-07-01,2022-07-31,ok,32.724075,119.78022,41574,
era5,taizhou_1,2022-08-01,2022-08-31,ok,32.724075,119.78022,41514,
era5,taizhou_1,2022-09-01,2022-09-30,ok,32.724075,119.78022,39536,
era5,taizhou_1,2022-10-01,2022-10-31,ok,32.724075,119.78022,40164,
era5,taizhou_1,2022-11-01,2022-11-30,ok,32.724075,119.78022,38978,
era5,taizhou_1,2022-12-01,2022-12-31,ok,32.724075,119.78022,39867,
era5,taizhou_1,2023-01-01,2023-01-31,ok,32.724075,119.78022,39458,
era5,taizhou_1,2023-02-01,2023-02-28,ok,32.724075,119.78022,36601,
era5,taizhou_1,2023-03-01,2023-03-31,ok,32.724075,119.78022,40886,
era5,taizhou_1,2023-04-01,2023-04-30,ok,32.724075,119.78022,39576,
era5,taizhou_1,2023-05-01,2023-05-31,ok,32.724075,119.78022,41442,
era5,taizhou_1,2023-06-01,2023-06-30,ok,32.724075,119.78022,40312,
era5,taizhou_1,2023-07-01,2023-07-31,ok,32.724075,119.78022,41816,
era5,taizhou_1,2023-08-01,2023-08-31,ok,32.724075,119.78022,40750,
era5,taizhou_1,2023-09-01,2023-09-30,ok,32.724075,119.78022,39577,
era5,taizhou_1,2023-10-01,2023-10-31,ok,32.724075,119.78022,40096,
era5,taizhou_1,2023-11-01,2023-11-30,ok,32.724075,119.78022,38414,
era5,taizhou_1,2023-12-01,2023-12-31,ok,32.724075,119.78022,39819,
era5,taizhou_1,2024-01-01,2024-01-31,ok,32.724075,119.78022,39851,
era5,taizhou_1,2024-02-01,2024-02-29,ok,32.724075,119.78022,38056,
era5,taizhou_1,2024-03-01,2024-03-31,ok,32.724075,119.78022,40578,
era5,taizhou_1,2024-04-01,2024-04-30,ok,32.724075,119.78022,40141,
era5,taizhou_1,2024-05-01,2024-05-31,ok,32.724075,119.78022,40892,
era5,taizhou_1,2024-06-01,2024-06-30,ok,32.724075,119.78022,40460,
era5,taizhou_1,2024-07-01,2024-07-31,ok,32.724075,119.78022,41482,
era5,taizhou_1,2024-08-01,2024-08-31,ok,32.724075,119.78022,40837,
era5,taizhou_1,2024-09-01,2024-09-30,ok,32.724075,119.78022,39487,
era5,taizhou_1,2024-10-01,2024-10-31,ok,32.724075,119.78022,40578,
era5,taizhou_1,2024-11-01,2024-11-30,ok,32.724075,119.78022,38356,
era5,taizhou_1,2024-12-01,2024-12-31,ok,32.724075,119.78022,39445,
era5,taizhou_1,2025-01-01,2025-01-31,ok,32.724075,119.78022,39683,
era5,taizhou_1,2025-02-01,2025-02-28,ok,32.724075,119.78022,36526,
era5,taizhou_1,2025-03-01,2025-03-31,ok,32.724075,119.78022,40670,
era5,taizhou_1,2025-04-01,2025-04-30,ok,32.724075,119.78022,39465,
era5,taizhou_1,2025-05-01,2025-05-31,ok,32.724075,119.78022,41259,
era5,taizhou_1,2025-06-01,2025-06-30,ok,32.724075,119.78022,40251,
era5,taizhou_1,2025-07-01,2025-07-31,ok,32.724075,119.78022,41025,
era5,taizhou_1,2025-08-01,2025-08-31,ok,32.724075,119.78022,40829,
era5,taizhou_1,2025-09-01,2025-09-30,ok,32.724075,119.78022,39803,
era5,taizhou_1,2025-10-01,2025-10-31,ok,32.724075,119.78022,40638,
era5,taizhou_1,2025-11-01,2025-11-30,ok,32.724075,119.78022,38181,
era5,taizhou_1,2025-12-01,2025-12-31,ok,32.724075,119.78022,39576,
era5,taizhou_1,2026-01-01,2026-01-31,ok,32.724075,119.78022,39664,
era5,taizhou_2,2019-02-01,2019-02-28,ok,32.653778,120.62195,36662,
era5,taizhou_2,2019-03-01,2019-03-31,ok,32.653778,120.62195,40430,
era5,taizhou_2,2019-04-01,2019-04-30,ok,32.653778,120.62195,39561,
era5,taizhou_2,2019-05-01,2019-05-31,ok,32.653778,120.62195,41132,
era5,taizhou_2,2019-06-01,2019-06-30,ok,32.653778,120.62195,39979,
era5,taizhou_2,2019-07-01,2019-07-31,ok,32.653778,120.62195,41350,
era5,taizhou_2,2019-08-01,2019-08-31,ok,32.653778,120.62195,40952,
era5,taizhou_2,2019-09-01,2019-09-30,ok,32.653778,120.62195,39327,
era5,taizhou_2,2019-10-01,2019-10-31,ok,32.653778,120.62195,40307,
era5,taizhou_2,2019-11-01,2019-11-30,ok,32.653778,120.62195,38540,
era5,taizhou_2,2019-12-01,2019-12-31,ok,32.653778,120.62195,39658,
era5,taizhou_2,2020-01-01,2020-01-31,ok,32.653778,120.62195,40222,
era5,taizhou_2,2020-02-01,2020-02-29,ok,32.653778,120.62195,37471,
era5,taizhou_2,2020-03-01,2020-03-31,ok,32.653778,120.62195,40620,
era5,taizhou_2,2020-04-01,2020-04-30,ok,32.653778,120.62195,39240,
era5,taizhou_2,2020-05-01,2020-05-31,ok,32.653778,120.62195,41183,
era5,taizhou_2,2020-06-01,2020-06-30,ok,32.653778,120.62195,40100,
era5,taizhou_2,2020-07-01,2020-07-31,ok,32.653778,120.62195,41672,
era5,taizhou_2,2020-08-01,2020-08-31,ok,32.653778,120.62195,41049,
era5,taizhou_2,2020-09-01,2020-09-30,ok,32.653778,120.62195,39363,
era5,taizhou_2,2020-10-01,2020-10-31,ok,32.653778,120.62195,40242,
era5,taizhou_2,2020-11-01,2020-11-30,ok,32.653778,120.62195,38531,
era5,taizhou_2,2020-12-01,2020-12-31,ok,32.653778,120.62195,39637,
era5,taizhou_2,2021-01-01,2021-01-31,ok,32.653778,120.62195,39606,
era5,taizhou_2,2021-02-01,2021-02-28,ok,32.653778,120.62195,36121,
era5,taizhou_2,2021-03-01,2021-03-31,ok,32.653778,120.62195,40715,
era5,taizhou_2,2021-04-01,2021-04-30,ok,32.653778,120.62195,39635,
era5,taizhou_2,2021-05-01,2021-05-31,ok,32.653778,120.62195,41057,
era5,taizhou_2,2021-06-01,2021-06-30,ok,32.653778,120.62195,40013,
era5,taizhou_2,2021-07-01,2021-07-31,ok,32.653778,120.62195,41515,
era5,taizhou_2,2021-08-01,2021-08-31,ok,32.653778,120.62195,41230,
era5,taizhou_2,2021-09-01,2021-09-30,ok,32.653778,120.62195,39313,
era5,taizhou_2,2021-10-01,2021-10-31,ok,32.653778,120.62195,40548,
era5,taizhou_2,2021-11-01,2021-11-30,ok,32.653778,120.62195,38570,
era5,taizhou_2,2021-12-01,2021-12-31,ok,32.653778,120.62195,39511,
era5,taizhou_2,2022-01-01,2022-01-31,ok,32.653778,120.62195,40602,
era5,taizhou_2,2022-02-01,2022-02-28,ok,32.653778,120.62195,36800,
era5,taizhou_2,2022-03-01,2022-03-31,ok,32.653778,120.62195,40877,
era5,taizhou_2,2022-04-01,2022-04-30,ok,32.653778,120.62195,39776,
era5,taizhou_2,2022-05-01,2022-05-31,ok,32.653778,120.62195,41250,
era5,taizhou_2,2022-06-01,2022-06-30,ok,32.653778,120.62195,40112,
era5,taizhou_2,2022-07-01,2022-07-31,ok,32.653778,120.62195,41627,
era5,taizhou_2,2022-08-01,2022-08-31,ok,32.653778,120.62195,41601,
era5,taizhou_2,2022-09-01,2022-09-30,ok,32.653778,120.62195,39664,
era5,taizhou_2,2022-10-01,2022-10-31,ok,32.653778,120.62195,40313,
era5,taizhou_2,2022-11-01,2022-11-30,ok,32.653778,120.62195,39088,
era5,taizhou_2,2022-12-01,2022-12-31,ok,32.653778,120.62195,39944,
era5,taizhou_2,2023-01-01,2023-01-31,ok,32.653778,120.62195,39597,
era5,taizhou_2,2023-02-01,2023-02-28,ok,32.653778,120.62195,36669,
era5,taizhou_2,2023-03-01,2023-03-31,ok,32.653778,120.62195,40919,
era5,taizhou_2,2023-04-01,2023-04-30,ok,32.653778,120.62195,39629,
era5,taizhou_2,2023-05-01,2023-05-31,ok,32.653778,120.62195,41595,
era5,taizhou_2,2023-06-01,2023-06-30,ok,32.653778,120.62195,40468,
era5,taizhou_2,2023-07-01,2023-07-31,ok,32.653778,120.62195,41803,
era5,taizhou_2,2023-08-01,2023-08-31,ok,32.653778,120.62195,40793,
era5,taizhou_2,2023-09-01,2023-09-30,ok,32.653778,120.62195,39682,
era5,taizhou_2,2023-10-01,2023-10-31,ok,32.653778,120.62195,40142,
era5,taizhou_2,2023-11-01,2023-11-30,ok,32.653778,120.62195,38478,
era5,taizhou_2,2023-12-01,2023-12-31,ok,32.653778,120.62195,39932,
era5,taizhou_2,2024-01-01,2024-01-31,ok,32.653778,120.62195,39888,
era5,taizhou_2,2024-02-01,2024-02-29,ok,32.653778,120.62195,38145,
era5,taizhou_2,2024-03-01,2024-03-31,ok,32.653778,120.62195,40690,
era5,taizhou_2,2024-04-01,2024-04-30,ok,32.653778,120.62195,40233,
era5,taizhou_2,2024-05-01,2024-05-31,ok,32.653778,120.62195,40990,
era5,taizhou_2,2024-06-01,2024-06-30,ok,32.653778,120.62195,40496,
era5,taizhou_2,2024-07-01,2024-07-31,ok,32.653778,120.62195,41448,
era5,taizhou_2,2024-08-01,2024-08-31,ok,32.653778,120.62195,40831,
era5,taizhou_2,2024-09-01,2024-09-30,ok,32.653778,120.62195,39591,
era5,taizhou_2,2024-10-01,2024-10-31,ok,32.653778,120.62195,40779,
era5,taizhou_2,2024-11-01,2024-11-30,ok,32.653778,120.62195,38499,
era5,taizhou_2,2024-12-01,2024-12-31,ok,32.653778,120.62195,39524,
era5,taizhou_2,2025-01-01,2025-01-31,ok,32.653778,120.62195,39688,
era5,taizhou_2,2025-02-01,2025-02-28,ok,32.653778,120.62195,36515,
era5,taizhou_2,2025-03-01,2025-03-31,ok,32.653778,120.62195,40663,
era5,taizhou_2,2025-04-01,2025-04-30,ok,32.653778,120.62195,39468,
era5,taizhou_2,2025-05-01,2025-05-31,ok,32.653778,120.62195,41283,
era5,taizhou_2,2025-06-01,2025-06-30,ok,32.653778,120.62195,40273,
era5,taizhou_2,2025-07-01,2025-07-31,ok,32.653778,120.62195,41213,
era5,taizhou_2,2025-08-01,2025-08-31,ok,32.653778,120.62195,40784,
era5,taizhou_2,2025-09-01,2025-09-30,ok,32.653778,120.62195,39886,
era5,taizhou_2,2025-10-01,2025-10-31,ok,32.653778,120.62195,40653,
era5,taizhou_2,2025-11-01,2025-11-30,ok,32.653778,120.62195,38214,
era5,taizhou_2,2025-12-01,2025-12-31,ok,32.653778,120.62195,39625,
era5,taizhou_2,2026-01-01,2026-01-31,ok,32.653778,120.62195,39713,
era5,nantong_1,2019-02-01,2019-02-28,ok,31.880491,120.97473,36746,
era5,nantong_1,2019-03-01,2019-03-31,ok,31.880491,120.97473,40585,
era5,nantong_1,2019-04-01,2019-04-30,ok,31.880491,120.97473,39605,
era5,nantong_1,2019-05-01,2019-05-31,ok,31.880491,120.97473,41030,
era5,nantong_1,2019-06-01,2019-06-30,ok,31.880491,120.97473,40043,
era5,nantong_1,2019-07-01,2019-07-31,ok,31.880491,120.97473,41354,
era5,nantong_1,2019-08-01,2019-08-31,ok,31.880491,120.97473,41025,
era5,nantong_1,2019-09-01,2019-09-30,ok,31.880491,120.97473,39250,
era5,nantong_1,2019-10-01,2019-10-31,ok,31.880491,120.97473,40242,
era5,nantong_1,2019-11-01,2019-11-30,ok,31.880491,120.97473,38490,
era5,nantong_1,2019-12-01,2019-12-31,ok,31.880491,120.97473,39559,
era5,nantong_1,2020-01-01,2020-01-31,ok,31.880491,120.97473,40332,
era5,nantong_1,2020-02-01,2020-02-29,ok,31.880491,120.97473,37583,
era5,nantong_1,2020-03-01,2020-03-31,ok,31.880491,120.97473,40693,
era5,nantong_1,2020-04-01,2020-04-30,ok,31.880491,120.97473,39298,
era5,nantong_1,2020-05-01,2020-05-31,ok,31.880491,120.97473,41145,
era5,nantong_1,2020-06-01,2020-06-30,ok,31.880491,120.97473,40185,
era5,nantong_1,2020-07-01,2020-07-31,ok,31.880491,120.97473,41703,
era5,nantong_1,2020-08-01,2020-08-31,ok,31.880491,120.97473,40773,
era5,nantong_1,2020-09-01,2020-09-30,ok,31.880491,120.97473,39304,
era5,nantong_1,2020-10-01,2020-10-31,ok,31.880491,120.97473,40085,
era5,nantong_1,2020-11-01,2020-11-30,ok,31.880491,120.97473,38601,
era5,nantong_1,2020-12-01,2020-12-31,ok,31.880491,120.97473,39574,
era5,nantong_1,2021-01-01,2021-01-31,ok,31.880491,120.97473,39629,
era5,nantong_1,2021-02-01,2021-02-28,ok,31.880491,120.97473,36203,
era5,nantong_1,2021-03-01,2021-03-31,ok,31.880491,120.97473,40754,
era5,nantong_1,2021-04-01,2021-04-30,ok,31.880491,120.97473,39570,
era5,nantong_1,2021-05-01,2021-05-31,ok,31.880491,120.97473,41161,
era5,nantong_1,2021-06-01,2021-06-30,ok,31.880491,120.97473,40017,
era5,nantong_1,2021-07-01,2021-07-31,ok,31.880491,120.97473,41668,
era5,nantong_1,2021-08-01,2021-08-31,ok,31.880491,120.97473,41278,
era5,nantong_1,2021-09-01,2021-09-30,ok,31.880491,120.97473,39320,
era5,nantong_1,2021-10-01,2021-10-31,ok,31.880491,120.97473,40581,
era5,nantong_1,2021-11-01,2021-11-30,ok,31.880491,120.97473,38615,
era5,nantong_1,2021-12-01,2021-12-31,ok,31.880491,120.97473,39438,
era5,nantong_1,2022-01-01,2022-01-31,ok,31.880491,120.97473,40736,
era5,nantong_1,2022-02-01,2022-02-28,ok,31.880491,120.97473,36779,
era5,nantong_1,2022-03-01,2022-03-31,ok,31.880491,120.97473,40934,
era5,nantong_1,2022-04-01,2022-04-30,ok,31.880491,120.97473,39815,
era5,nantong_1,2022-05-01,2022-05-31,ok,31.880491,120.97473,41488,
era5,nantong_1,2022-06-01,2022-06-30,ok,31.880491,120.97473,40330,
era5,nantong_1,2022-07-01,2022-07-31,ok,31.880491,120.97473,41795,
era5,nantong_1,2022-08-01,2022-08-31,ok,31.880491,120.97473,41536,
era5,nantong_1,2022-09-01,2022-09-30,ok,31.880491,120.97473,39798,
era5,nantong_1,2022-10-01,2022-10-31,ok,31.880491,120.97473,40288,
era5,nantong_1,2022-11-01,2022-11-30,ok,31.880491,120.97473,38961,
era5,nantong_1,2022-12-01,2022-12-31,ok,31.880491,120.97473,39916,
era5,nantong_1,2023-01-01,2023-01-31,ok,31.880491,120.97473,39567,
era5,nantong_1,2023-02-01,2023-02-28,ok,31.880491,120.97473,36741,
era5,nantong_1,2023-03-01,2023-03-31,ok,31.880491,120.97473,40929,
era5,nantong_1,2023-04-01,2023-04-30,ok,31.880491,120.97473,39777,
era5,nantong_1,2023-05-01,2023-05-31,ok,31.880491,120.97473,41543,
era5,nantong_1,2023-06-01,2023-06-30,ok,31.880491,120.97473,40500,
era5,nantong_1,2023-07-01,2023-07-31,ok,31.880491,120.97473,41950,
era5,nantong_1,2023-08-01,2023-08-31,ok,31.880491,120.97473,40845,
era5,nantong_1,2023-09-01,2023-09-30,ok,31.880491,120.97473,39608,
era5,nantong_1,2023-10-01,2023-10-31,ok,31.880491,120.97473,40077,
era5,nantong_1,2023-11-01,2023-11-30,ok,31.880491,120.97473,38424,
era5,nantong_1,2023-12-01,2023-12-31,ok,31.880491,120.97473,39914,
era5,nantong_1,2024-01-01,2024-01-31,ok,31.880491,120.97473,39977,
era5,nantong_1,2024-02-01,2024-02-29,ok,31.880491,120.97473,38241,
era5,nantong_1,2024-03-01,2024-03-31,ok,31.880491,120.97473,40674,
era5,nantong_1,2024-04-01,2024-04-30,ok,31.880491,120.97473,40322,
era5,nantong_1,2024-05-01,2024-05-31,ok,31.880491,120.97473,41171,
era5,nantong_1,2024-06-01,2024-06-30,ok,31.880491,120.97473,40559,
era5,nantong_1,2024-07-01,2024-07-31,ok,31.880491,120.97473,41544,
era5,nantong_1,2024-08-01,2024-08-31,ok,31.880491,120.97473,40764,
era5,nantong_1,2024-09-01,2024-09-30,ok,31.880491,120.97473,39689,
era5,nantong_1,2024-10-01,2024-10-31,ok,31.880491,120.97473,40836,
era5,nantong_1,2024-11-01,2024-11-30,ok,31.880491,120.97473,38628,
era5,nantong_1,2024-12-01,2024-12-31,ok,31.880491,120.97473,39449,
era5,nantong_1,2025-01-01,2025-01-31,ok,31.880491,120.97473,39714,
era5,nantong_1,2025-02-01,2025-02-28,ok,31.880491,120.97473,36410,
era5,nantong_1,2025-03-01,2025-03-31,ok,31.880491,120.97473,40825,
era5,nantong_1,2025-04-01,2025-04-30,ok,31.880491,120.97473,39632,
era5,nantong_1,2025-05-01,2025-05-31,ok,31.880491,120.97473,41359,
era5,nantong_1,2025-06-01,2025-06-30,ok,31.880491,120.97473,40334,
era5,nantong_1,2025-07-01,2025-07-31,ok,31.880491,120.97473,41270,
era5,nantong_1,2025-08-01,2025-08-31,ok,31.880491,120.97473,40775,
era5,nantong_1,2025-09-01,2025-09-30,ok,31.880491,120.97473,39697,
era5,nantong_1,2025-10-01,2025-10-31,ok,31.880491,120.97473,40504,
era5,nantong_1,2025-11-01,2025-11-30,ok,31.880491,120.97473,38388,
era5,nantong_1,2025-12-01,2025-12-31,ok,31.880491,120.97473,39574,
era5,nantong_1,2026-01-01,2026-01-31,ok,31.880491,120.97473,39749,
era5,nantong_2,2019-02-01,2019-02-28,ok,31.880491,121.841156,36890,
era5,nantong_2,2019-03-01,2019-03-31,ok,31.880491,121.841156,40484,
era5,nantong_2,2019-04-01,2019-04-30,ok,31.880491,121.841156,39589,
era5,nantong_2,2019-05-01,2019-05-31,ok,31.880491,121.841156,41017,
era5,nantong_2,2019-06-01,2019-06-30,ok,31.880491,121.841156,40125,
era5,nantong_2,2019-07-01,2019-07-31,ok,31.880491,121.841156,41498,
era5,nantong_2,2019-08-01,2019-08-31,ok,31.880491,121.841156,40990,
era5,nantong_2,2019-09-01,2019-09-30,ok,31.880491,121.841156,39455,
era5,nantong_2,2019-10-01,2019-10-31,ok,31.880491,121.841156,40278,
era5,nantong_2,2019-11-01,2019-11-30,ok,31.880491,121.841156,38789,
era5,nantong_2,2019-12-01,2019-12-31,ok,31.880491,121.841156,39675,
era5,nantong_2,2020-01-01,2020-01-31,ok,31.880491,121.841156,40386,
era5,nantong_2,2020-02-01,2020-02-29,ok,31.880491,121.841156,37625,
era5,nantong_2,2020-03-01,2020-03-31,ok,31.880491,121.841156,40649,
era5,nantong_2,2020-04-01,2020-04-30,ok,31.880491,121.841156,39366,
era5,nantong_2,2020-05-01,2020-05-31,ok,31.880491,121.841156,41332,
era5,nantong_2,2020-06-01,2020-06-30,ok,31.880491,121.841156,40241,
era5,nantong_2,2020-07-01,2020-07-31,ok,31.880491,121.841156,41814,
era5,nantong_2,2020-08-01,2020-08-31,ok,31.880491,121.841156,40763,
era5,nantong_2,2020-09-01,2020-09-30,ok,31.880491,121.841156,39464,
era5,nantong_2,2020-10-01,2020-10-31,ok,31.880491,121.841156,40426,
era5,nantong_2,2020-11-01,2020-11-30,ok,31.880491,121.841156,38818,
era5,nantong_2,2020-12-01,2020-12-31,ok,31.880491,121.841156,39756,
era5,nantong_2,2021-01-01,2021-01-31,ok,31.880491,121.841156,39675,
era5,nantong_2,2021-02-01,2021-02-28,ok,31.880491,121.841156,36244,
era5,nantong_2,2021-03-01,2021-03-31,ok,31.880491,121.841156,40762,
era5,nantong_2,2021-04-01,2021-04-30,ok,31.880491,121.841156,39601,
era5,nantong_2,2021-05-01,2021-05-31,ok,31.880491,121.841156,41286,
era5,nantong_2,2021-06-01,2021-06-30,ok,31.880491,121.841156,40198,
era5,nantong_2,2021-07-01,2021-07-31,ok,31.880491,121.841156,41534,
era5,nantong_2,2021-08-01,2021-08-31,ok,31.880491,121.841156,41390,
era5,nantong_2,2021-09-01,2021-09-30,ok,31.880491,121.841156,39532,
era5,nantong_2,2021-10-01,2021-10-31,ok,31.880491,121.841156,40819,
era5,nantong_2,2021-11-01,2021-11-30,ok,31.880491,121.841156,38724,
era5,nantong_2,2021-12-01,2021-12-31,ok,31.880491,121.841156,39623,
era5,nantong_2,2022-01-01,2022-01-31,ok,31.880491,121.841156,40904,
era5,nantong_2,2022-02-01,2022-02-28,ok,31.880491,121.841156,36874,
era5,nantong_2,2022-03-01,2022-03-31,ok,31.880491,121.841156,41047,
era5,nantong_2,2022-04-01,2022-04-30,ok,31.880491,121.841156,40004,
era5,nantong_2,2022-05-01,2022-05-31,ok,31.880491,121.841156,41514,
era5,nantong_2,2022-06-01,2022-06-30,ok,31.880491,121.841156,40479,
era5,nantong_2,2022-07-01,2022-07-31,ok,31.880491,121.841156,41848,
era5,nantong_2,2022-08-01,2022-08-31,ok,31.880491,121.841156,41562,
era5,nantong_2,2022-09-01,2022-09-30,ok,31.880491,121.841156,39926,
era5,nantong_2,2022-10-01,2022-10-31,ok,31.880491,121.841156,40525,
era5,nantong_2,2022-11-01,2022-11-30,ok,31.880491,121.841156,39072,
era5,nantong_2,2022-12-01,2022-12-31,ok,31.880491,121.841156,40085,
era5,nantong_2,2023-01-01,2023-01-31,ok,31.880491,121.841156,39747,
era5,nantong_2,2023-02-01,2023-02-28,ok,31.880491,121.841156,36870,
era5,nantong_2,2023-03-01,2023-03-31,ok,31.880491,121.841156,41006,
era5,nantong_2,2023-04-01,2023-04-30,ok,31.880491,121.841156,39822,
era5,nantong_2,2023-05-01,2023-05-31,ok,31.880491,121.841156,41674,
era5,nantong_2,2023-06-01,2023-06-30,ok,31.880491,121.841156,40676,
era5,nantong_2,2023-07-01,2023-07-31,ok,31.880491,121.841156,41959,
era5,nantong_2,2023-08-01,2023-08-31,ok,31.880491,121.841156,40934,
era5,nantong_2,2023-09-01,2023-09-30,ok,31.880491,121.841156,39667,
era5,nantong_2,2023-10-01,2023-10-31,ok,31.880491,121.841156,40301,
era5,nantong_2,2023-11-01,2023-11-30,ok,31.880491,121.841156,38674,
era5,nantong_2,2023-12-01,2023-12-31,ok,31.880491,121.841156,40086,
era5,nantong_2,2024-01-01,2024-01-31,ok,31.880491,121.841156,40071,
era5,nantong_2,2024-02-01,2024-02-29,ok,31.880491,121.841156,38386,
era5,nantong_2,2024-03-01,2024-03-31,ok,31.880491,121.841156,40673,
era5,nantong_2,2024-04-01,2024-04-30,ok,31.880491,121.841156,40416,
era5,nantong_2,2024-05-01,2024-05-31,ok,31.880491,121.841156,41148,
era5,nantong_2,2024-06-01,2024-06-30,ok,31.880491,121.841156,40583,
era5,nantong_2,2024-07-01,2024-07-31,ok,31.880491,121.841156,41559,
era5,nantong_2,2024-08-01,2024-08-31,ok,31.880491,121.841156,40597,
era5,nantong_2,2024-09-01,2024-09-30,ok,31.880491,121.841156,39660,
era5,nantong_2,2024-10-01,2024-10-31,ok,31.880491,121.841156,40980,
era5,nantong_2,2024-11-01,2024-11-30,ok,31.880491,121.841156,38944,
era5,nantong_2,2024-12-01,2024-12-31,ok,31.880491,121.841156,39692,
era5,nantong_2,2025-01-01,2025-01-31,ok,31.880491,121.841156,39818,
era5,nantong_2,2025-02-01,2025-02-28,ok,31.880491,121.841156,36534,
era5,nantong_2,2025-03-01,2025-03-31,ok,31.880491,121.841156,40784,
era5,nantong_2,2025-04-01,2025-04-30,ok,31.880491,121.841156,39736,
era5,nantong_2,2025-05-01,2025-05-31,ok,31.880491,121.841156,41412,
era5,nantong_2,2025-06-01,2025-06-30,ok,31.880491,121.841156,40424,
era5,nantong_2,2025-07-01,2025-07-31,ok,31.880491,121.841156,41352,
era5,nantong_2,2025-08-01,2025-08-31,ok,31.880491,121.841156,40621,
era5,nantong_2,2025-09-01,2025-09-30,ok,31.880491,121.841156,39696,
era5,nantong_2,2025-10-01,2025-10-31,ok,31.880491,121.841156,40684,
era5,nantong_2,2025-11-01,2025-11-30,ok,31.880491,121.841156,38576,
era5,nantong_2,2025-12-01,2025-12-31,ok,31.880491,121.841156,39769,
era5,nantong_2,2026-01-01,2026-01-31,ok,31.880491,121.841156,39858,
era5,suqian_1,2019-02-01,2019-02-28,ok,33.919155,118.16708,36506,
era5,suqian_1,2019-03-01,2019-03-31,ok,33.919155,118.16708,40201,
era5,suqian_1,2019-04-01,2019-04-30,ok,33.919155,118.16708,39500,
era5,suqian_1,2019-05-01,2019-05-31,ok,33.919155,118.16708,41100,
era5,suqian_1,2019-06-01,2019-06-30,ok,33.919155,118.16708,39858,
era5,suqian_1,2019-07-01,2019-07-31,ok,33.919155,118.16708,41138,
era5,suqian_1,2019-08-01,2019-08-31,ok,33.919155,118.16708,40808,
era5,suqian_1,2019-09-01,2019-09-30,ok,33.919155,118.16708,38746,
era5,suqian_1,2019-10-01,2019-10-31,ok,33.919155,118.16708,40164,
era5,suqian_1,2019-11-01,2019-11-30,ok,33.919155,118.16708,38367,
era5,suqian_1,2019-12-01,2019-12-31,ok,33.919155,118.16708,39351,
era5,suqian_1,2020-01-01,2020-01-31,ok,33.919155,118.16708,39921,
era5,suqian_1,2020-02-01,2020-02-29,ok,33.919155,118.16708,37474,
era5,suqian_1,2020-03-01,2020-03-31,ok,33.919155,118.16708,40428,
era5,suqian_1,2020-04-01,2020-04-30,ok,33.919155,118.16708,39227,
era5,suqian_1,2020-05-01,2020-05-31,ok,33.919155,118.16708,40897,
era5,suqian_1,2020-06-01,2020-06-30,ok,33.919155,118.16708,39947,
era5,suqian_1,2020-07-01,2020-07-31,ok,33.919155,118.16708,41436,
era5,suqian_1,2020-08-01,2020-08-31,ok,33.919155,118.16708,41179,
era5,suqian_1,2020-09-01,2020-09-30,ok,33.919155,118.16708,39129,
era5,suqian_1,2020-10-01,2020-10-31,ok,33.919155,118.16708,40152,
era5,suqian_1,2020-11-01,2020-11-30,ok,33.919155,118.16708,38363,
era5,suqian_1,2020-12-01,2020-12-31,ok,33.919155,118.16708,39565,
era5,suqian_1,2021-01-01,2021-01-31,ok,33.919155,118.16708,39381,
era5,suqian_1,2021-02-01,2021-02-28,ok,33.919155,118.16708,36130,
era5,suqian_1,2021-03-01,2021-03-31,ok,33.919155,118.16708,40529,
era5,suqian_1,2021-04-01,2021-04-30,ok,33.919155,118.16708,39499,
era5,suqian_1,2021-05-01,2021-05-31,ok,33.919155,118.16708,41026,
era5,suqian_1,2021-06-01,2021-06-30,ok,33.919155,118.16708,39727,
era5,suqian_1,2021-07-01,2021-07-31,ok,33.919155,118.16708,41456,
era5,suqian_1,2021-08-01,2021-08-31,ok,33.919155,118.16708,41105,
era5,suqian_1,2021-09-01,2021-09-30,ok,33.919155,118.16708,39327,
era5,suqian_1,2021-10-01,2021-10-31,ok,33.919155,118.16708,40399,
era5,suqian_1,2021-11-01,2021-11-30,ok,33.919155,118.16708,38394,
era5,suqian_1,2021-12-01,2021-12-31,ok,33.919155,118.16708,39368,
era5,suqian_1,2022-01-01,2022-01-31,ok,33.919155,118.16708,40290,
era5,suqian_1,2022-02-01,2022-02-28,ok,33.919155,118.16708,36820,
era5,suqian_1,2022-03-01,2022-03-31,ok,33.919155,118.16708,40759,
era5,suqian_1,2022-04-01,2022-04-30,ok,33.919155,118.16708,39657,
era5,suqian_1,2022-05-01,2022-05-31,ok,33.919155,118.16708,40995,
era5,suqian_1,2022-06-01,2022-06-30,ok,33.919155,118.16708,39634,
era5,suqian_1,2022-07-01,2022-07-31,ok,33.919155,118.16708,41549,
era5,suqian_1,2022-08-01,2022-08-31,ok,33.919155,118.16708,41508,
era5,suqian_1,2022-09-01,2022-09-30,ok,33.919155,118.16708,39407,
era5,suqian_1,2022-10-01,2022-10-31,ok,33.919155,118.16708,40067,
era5,suqian_1,2022-11-01,2022-11-30,ok,33.919155,118.16708,39025,
era5,suqian_1,2022-12-01,2022-12-31,ok,33.919155,118.16708,39718,
era5,suqian_1,2023-01-01,2023-01-31,ok,33.919155,118.16708,39501,
era5,suqian_1,2023-02-01,2023-02-28,ok,33.919155,118.16708,36726,
era5,suqian_1,2023-03-01,2023-03-31,ok,33.919155,118.16708,40586,
era5,suqian_1,2023-04-01,2023-04-30,ok,33.919155,118.16708,39513,
era5,suqian_1,2023-05-01,2023-05-31,ok,33.919155,118.16708,41463,
era5,suqian_1,2023-06-01,2023-06-30,ok,33.919155,118.16708,40093,
era5,suqian_1,2023-07-01,2023-07-31,ok,33.919155,118.16708,41696,
era5,suqian_1,2023-08-01,2023-08-31,ok,33.919155,118.16708,40762,
era5,suqian_1,2023-09-01,2023-09-30,ok,33.919155,118.16708,39588,
era5,suqian_1,2023-10-01,2023-10-31,ok,33.919155,118.16708,40096,
era5,suqian_1,2023-11-01,2023-11-30,ok,33.919155,118.16708,38329,
era5,suqian_1,2023-12-01,2023-12-31,ok,33.919155,118.16708,39553,
era5,suqian_1,2024-01-01,2024-01-31,ok,33.919155,118.16708,39661,
era5,suqian_1,2024-02-01,2024-02-29,ok,33.919155,118.16708,38078,
era5,suqian_1,2024-03-01,2024-03-31,ok,33.919155,118.16708,40629,
era5,suqian_1,2024-04-01,2024-04-30,ok,33.919155,118.16708,39945,
era5,suqian_1,2024-05-01,2024-05-31,ok,33.919155,118.16708,40853,
era5,suqian_1,2024-06-01,2024-06-30,ok,33.919155,118.16708,40219,
era5,suqian_1,2024-07-01,2024-07-31,ok,33.919155,118.16708,41546,
era5,suqian_1,2024-08-01,2024-08-31,ok,33.919155,118.16708,40740,
era5,suqian_1,2024-09-01,2024-09-30,ok,33.919155,118.16708,39434,
era5,suqian_1,2024-10-01,2024-10-31,ok,33.919155,118.16708,40270,
era5,suqian_1,2024-11-01,2024-11-30,ok,33.919155,118.16708,38407,
era5,suqian_1,2024-12-01,2024-12-31,ok,33.919155,118.16708,39463,
era5,suqian_1,2025-01-01,2025-01-31,ok,33.919155,118.16708,39529,
era5,suqian_1,2025-02-01,2025-02-28,ok,33.919155,118.16708,36480,
era5,suqian_1,2025-03-01,2025-03-31,ok,33.919155,118.16708,40533,
era5,suqian_1,2025-04-01,2025-04-30,ok,33.919155,118.16708,39338,
era5,suqian_1,2025-05-01,2025-05-31,ok,33.919155,118.16708,41073,
era5,suqian_1,2025-06-01,2025-06-30,ok,33.919155,118.16708,40109,
era5,suqian_1,2025-07-01,2025-07-31,ok,33.919155,118.16708,40867,
era5,suqian_1,2025-08-01,2025-08-31,ok,33.919155,118.16708,41086,
era5,suqian_1,2025-09-01,2025-09-30,ok,33.919155,118.16708,40137,
era5,suqian_1,2025-10-01,2025-10-31,ok,33.919155,118.16708,40558,
era5,suqian_1,2025-11-01,2025-11-30,ok,33.919155,118.16708,38050,
era5,suqian_1,2025-12-01,2025-12-31,ok,33.919155,118.16708,39614,
era5,suqian_1,2026-01-01,2026-01-31,ok,33.919155,118.16708,39717,
era5,xuzhou_1,2019-02-01,2019-02-28,ok,34.69244,116.62452,36312,
era5,xuzhou_1,2019-03-01,2019-03-31,ok,34.69244,116.62452,40159,
era5,xuzhou_1,2019-04-01,2019-04-30,ok,34.69244,116.62452,39412,
era5,xuzhou_1,2019-05-01,2019-05-31,ok,34.69244,116.62452,40923,
era5,xuzhou_1,2019-06-01,2019-06-30,ok,34.69244,116.62452,39696,
era5,xuzhou_1,2019-07-01,2019-07-31,ok,34.69244,116.62452,41091,
era5,xuzhou_1,2019-08-01,2019-08-31,ok,34.69244,116.62452,40845,
era5,xuzhou_1,2019-09-01,2019-09-30,ok,34.69244,116.62452,38784,
era5,xuzhou_1,2019-10-01,2019-10-31,ok,34.69244,116.62452,40053,
era5,xuzhou_1,2019-11-01,2019-11-30,ok,34.69244,116.62452,38376,
era5,xuzhou_1,2019-12-01,2019-12-31,ok,34.69244,116.62452,39201,
era5,xuzhou_1,2020-01-01,2020-01-31,ok,34.69244,116.62452,39891,
era5,xuzhou_1,2020-02-01,2020-02-29,ok,34.69244,116.62452,37383,
era5,xuzhou_1,2020-03-01,2020-03-31,ok,34.69244,116.62452,40178,
era5,xuzhou_1,2020-04-01,2020-04-30,ok,34.69244,116.62452,39178,
era5,xuzhou_1,2020-05-01,2020-05-31,ok,34.69244,116.62452,40732,
era5,xuzhou_1,2020-06-01,2020-06-30,ok,34.69244,116.62452,39753,
era5,xuzhou_1,2020-07-01,2020-07-31,ok,34.69244,116.62452,41189,
era5,xuzhou_1,2020-08-01,2020-08-31,ok,34.69244,116.62452,41065,
era5,xuzhou_1,2020-09-01,2020-09-30,ok,34.69244,116.62452,39086,
era5,xuzhou_1,2020-10-01,2020-10-31,ok,34.69244,116.62452,40033,
era5,xuzhou_1,2020-11-01,2020-11-30,ok,34.69244,116.62452,38276,
era5,xuzhou_1,2020-12-01,2020-12-31,ok,34.69244,116.62452,39413,
era5,xuzhou_1,2021-01-01,2021-01-31,ok,34.69244,116.62452,39311,
era5,xuzhou_1,2021-02-01,2021-02-28,ok,34.69244,116.62452,36035,
era5,xuzhou_1,2021-03-01,2021-03-31,ok,34.69244,116.62452,40448,
era5,xuzhou_1,2021-04-01,2021-04-30,ok,34.69244,116.62452,39520,
era5,xuzhou_1,2021-05-01,2021-05-31,ok,34.69244,116.62452,40829,
era5,xuzhou_1,2021-06-01,2021-06-30,ok,34.69244,116.62452,39605,
era5,xuzhou_1,2021-07-01,2021-07-31,ok,34.69244,116.62452,41365,
era5,xuzhou_1,2021-08-01,2021-08-31,ok,34.69244,116.62452,41071,
era5,xuzhou_1,2021-09-01,2021-09-30,ok,34.69244,116.62452,39220,
era5,xuzhou_1,2021-10-01,2021-10-31,ok,34.69244,116.62452,40322,
era5,xuzhou_1,2021-11-01,2021-11-30,ok,34.69244,116.62452,38276,
era5,xuzhou_1,2021-12-01,2021-12-31,ok,34.69244,116.62452,39284,
era5,xuzhou_1,2022-01-01,2022-01-31,ok,34.69244,116.62452,40196,
era5,xuzhou_1,2022-02-01,2022-02-28,ok,34.69244,116.62452,36780,
era5,xuzhou_1,2022-03-01,2022-03-31,ok,34.69244,116.62452,40695,
era5,xuzhou_1,2022-04-01,2022-04-30,ok,34.69244,116.62452,39543,
era5,xuzhou_1,2022-05-01,2022-05-31,ok,34.69244,116.62452,40969,
era5,xuzhou_1,2022-06-01,2022-06-30,ok,34.69244,116.62452,39611,
era5,xuzhou_1,2022-07-01,2022-07-31,ok,34.69244,116.62452,41323,
era5,xuzhou_1,2022-08-01,2022-08-31,ok,34.69244,116.62452,41293,
era5,xuzhou_1,2022-09-01,2022-09-30,ok,34.69244,116.62452,39107,
era5,xuzhou_1,2022-10-01,2022-10-31,ok,34.69244,116.62452,40101,
era5,xuzhou_1,2022-11-01,2022-11-30,ok,34.69244,116.62452,38905,
era5,xuzhou_1,2022-12-01,2022-12-31,ok,34.69244,116.62452,39646,
era5,xuzhou_1,2023-01-01,2023-01-31,ok,34.69244,116.62452,39541,
era5,xuzhou_1,2023-02-01,2023-02-28,ok,34.69244,116.62452,36620,
era5,xuzhou_1,2023-03-01,2023-03-31,ok,34.69244,116.62452,40420,
era5,xuzhou_1,2023-04-01,2023-04-30,ok,34.69244,116.62452,39444,
era5,xuzhou_1,2023-05-01,2023-05-31,ok,34.69244,116.62452,41431,
era5,xuzhou_1,2023-06-01,2023-06-30,ok,34.69244,116.62452,39857,
era5,xuzhou_1,2023-07-01,2023-07-31,ok,34.69244,116.62452,41302,
era5,xuzhou_1,2023-08-01,2023-08-31,ok,34.69244,116.62452,40613,
era5,xuzhou_1,2023-09-01,2023-09-30,ok,34.69244,116.62452,39276,
era5,xuzhou_1,2023-10-01,2023-10-31,ok,34.69244,116.62452,40020,
era5,xuzhou_1,2023-11-01,2023-11-30,ok,34.69244,116.62452,38160,
era5,xuzhou_1,2023-12-01,2023-12-31,ok,34.69244,116.62452,39329,
era5,xuzhou_1,2024-01-01,2024-01-31,ok,34.69244,116.62452,39435,
era5,xuzhou_1,2024-02-01,2024-02-29,ok,34.69244,116.62452,37930,
era5,xuzhou_1,2024-03-01,2024-03-31,ok,34.69244,116.62452,40478,
era5,xuzhou_1,2024-04-01,2024-04-30,ok,34.69244,116.62452,39730,
era5,xuzhou_1,2024-05-01,2024-05-31,ok,34.69244,116.62452,40753,
era5,xuzhou_1,2024-06-01,2024-06-30,ok,34.69244,116.62452,39930,
era5,xuzhou_1,2024-07-01,2024-07-31,ok,34.69244,116.62452,41587,
era5,xuzhou_1,2024-08-01,2024-08-31,ok,34.69244,116.62452,40609,
era5,xuzhou_1,2024-09-01,2024-09-30,ok,34.69244,116.62452,39268,
era5,xuzhou_1,2024-10-01,2024-10-31,ok,34.69244,116.62452,40161,
era5,xuzhou_1,2024-11-01,2024-11-30,ok,34.69244,116.62452,38652,
era5,xuzhou_1,2024-12-01,2024-12-31,ok,34.69244,116.62452,39342,
era5,xuzhou_1,2025-01-01,2025-01-31,ok,34.69244,116.62452,39419,
era5,xuzhou_1,2025-02-01,2025-02-28,ok,34.69244,116.62452,36415,
era5,xuzhou_1,2025-03-01,2025-03-31,ok,34.69244,116.62452,40386,
era5,xuzhou_1,2025-04-01,2025-04-30,ok,34.69244,116.62452,39277,
era5,xuzhou_1,2025-05-01,2025-05-31,ok,34.69244,116.62452,40956,
era5,xuzhou_1,2025-06-01,2025-06-30,ok,34.69244,116.62452,39967,
era5,xuzhou_1,2025-07-01,2025-07-31,ok,34.69244,116.62452,40809,
era5,xuzhou_1,2025-08-01,2025-08-31,ok,34.69244,116.62452,41052,
era5,xuzhou_1,2025-09-01,2025-09-30,ok,34.69244,116.62452,39837,
era5,xuzhou_1,2025-10-01,2025-10-31,ok,34.69244,116.62452,40713,
era5,xuzhou_1,2025-11-01,2025-11-30,ok,34.69244,116.62452,38041,
era5,xuzhou_1,2025-12-01,2025-12-31,ok,34.69244,116.62452,39432,
era5,xuzhou_1,2026-01-01,2026-01-31,ok,34.69244,116.62452,39541,
era5,huai_an_1,2019-02-01,2019-02-28,ok,33.07557,119.41032,36589,
era5,huai_an_1,2019-03-01,2019-03-31,ok,33.07557,119.41032,40352,
era5,huai_an_1,2019-04-01,2019-04-30,ok,33.07557,119.41032,39504,
era5,huai_an_1,2019-05-01,2019-05-31,ok,33.07557,119.41032,41154,
era5,huai_an_1,2019-06-01,2019-06-30,ok,33.07557,119.41032,39889,
era5,huai_an_1,2019-07-01,2019-07-31,ok,33.07557,119.41032,41285,
era5,huai_an_1,2019-08-01,2019-08-31,ok,33.07557,119.41032,40871,
era5,huai_an_1,2019-09-01,2019-09-30,ok,33.07557,119.41032,38999,
era5,huai_an_1,2019-10-01,2019-10-31,ok,33.07557,119.41032,40254,
era5,huai_an_1,2019-11-01,2019-11-30,ok,33.07557,119.41032,38442,
era5,huai_an_1,2019-12-01,2019-12-31,ok,33.07557,119.41032,39560,
era5,huai_an_1,2020-01-01,2020-01-31,ok,33.07557,119.41032,40208,
era5,huai_an_1,2020-02-01,2020-02-29,ok,33.07557,119.41032,37505,
era5,huai_an_1,2020-03-01,2020-03-31,ok,33.07557,119.41032,40524,
era5,huai_an_1,2020-04-01,2020-04-30,ok,33.07557,119.41032,39279,
era5,huai_an_1,2020-05-01,2020-05-31,ok,33.07557,119.41032,41023,
era5,huai_an_1,2020-06-01,2020-06-30,ok,33.07557,119.41032,40039,
era5,huai_an_1,2020-07-01,2020-07-31,ok,33.07557,119.41032,41557,
era5,huai_an_1,2020-08-01,2020-08-31,ok,33.07557,119.41032,41104,
era5,huai_an_1,2020-09-01,2020-09-30,ok,33.07557,119.41032,39260,
era5,huai_an_1,2020-10-01,2020-10-31,ok,33.07557,119.41032,40100,
era5,huai_an_1,2020-11-01,2020-11-30,ok,33.07557,119.41032,38417,
era5,huai_an_1,2020-12-01,2020-12-31,ok,33.07557,119.41032,39559,
era5,huai_an_1,2021-01-01,2021-01-31,ok,33.07557,119.41032,39529,
era5,huai_an_1,2021-02-01,2021-02-28,ok,33.07557,119.41032,36136,
era5,huai_an_1,2021-03-01,2021-03-31,ok,33.07557,119.41032,40719,
era5,huai_an_1,2021-04-01,2021-04-30,ok,33.07557,119.41032,39611,
era5,huai_an_1,2021-05-01,2021-05-31,ok,33.07557,119.41032,41102,
era5,huai_an_1,2021-06-01,2021-06-30,ok,33.07557,119.41032,39901,
era5,huai_an_1,2021-07-01,2021-07-31,ok,33.07557,119.41032,41432,
era5,huai_an_1,2021-08-01,2021-08-31,ok,33.07557,119.41032,41114,
era5,huai_an_1,2021-09-01,2021-09-30,ok,33.07557,119.41032,39269,
era5,huai_an_1,2021-10-01,2021-10-31,ok,33.07557,119.41032,40438,
era5,huai_an_1,2021-11-01,2021-11-30,ok,33.07557,119.41032,38482,
era5,huai_an_1,2021-12-01,2021-12-31,ok,33.07557,119.41032,39402,
era5,huai_an_1,2022-01-01,2022-01-31,ok,33.07557,119.41032,40534,
era5,huai_an_1,2022-02-01,2022-02-28,ok,33.07557,119.41032,36727,
era5,huai_an_1,2022-03-01,2022-03-31,ok,33.07557,119.41032,40846,
era5,huai_an_1,2022-04-01,2022-04-30,ok,33.07557,119.41032,39712,
era5,huai_an_1,2022-05-01,2022-05-31,ok,33.07557,119.41032,41247,
era5,huai_an_1,2022-06-01,2022-06-30,ok,33.07557,119.41032,39930,
era5,huai_an_1,2022-07-01,2022-07-31,ok,33.07557,119.41032,41555,
era5,huai_an_1,2022-08-01,2022-08-31,ok,33.07557,119.41032,41463,
era5,huai_an_1,2022-09-01,2022-09-30,ok,33.07557,119.41032,39586,
era5,huai_an_1,2022-10-01,2022-10-31,ok,33.07557,119.41032,40202,
era5,huai_an_1,2022-11-01,2022-11-30,ok,33.07557,119.41032,38975,
era5,huai_an_1,2022-12-01,2022-12-31,ok,33.07557,119.41032,39901,
era5,huai_an_1,2023-01-01,2023-01-31,ok,33.07557,119.41032,39472,
era5,huai_an_1,2023-02-01,2023-02-28,ok,33.07557,119.41032,36653,
era5,huai_an_1,2023-03-01,2023-03-31,ok,33.07557,119.41032,40805,
era5,huai_an_1,2023-04-01,2023-04-30,ok,33.07557,119.41032,39592,
era5,huai_an_1,2023-05-01,2023-05-31,ok,33.07557,119.41032,41446,
era5,huai_an_1,2023-06-01,2023-06-30,ok,33.07557,119.41032,40271,
era5,huai_an_1,2023-07-01,2023-07-31,ok,33.07557,119.41032,41764,
era5,huai_an_1,2023-08-01,2023-08-31,ok,33.07557,119.41032,40821,
era5,huai_an_1,2023-09-01,2023-09-30,ok,33.07557,119.41032,39697,
era5,huai_an_1,2023-10-01,2023-10-31,ok,33.07557,119.41032,40108,
era5,huai_an_1,2023-11-01,2023-11-30,ok,33.07557,119.41032,38377,
era5,huai_an_1,2023-12-01,2023-12-31,ok,33.07557,119.41032,39748,
era5,huai_an_1,2024-01-01,2024-01-31,ok,33.07557,119.41032,39862,
era5,huai_an_1,2024-02-01,2024-02-29,ok,33.07557,119.41032,38031,
era5,huai_an_1,2024-03-01,2024-03-31,ok,33.07557,119.41032,40651,
era5,huai_an_1,2024-04-01,2024-04-30,ok,33.07557,119.41032,40116,
era5,huai_an_1,2024-05-01,2024-05-31,ok,33.07557,119.41032,40883,
era5,huai_an_1,2024-06-01,2024-06-30,ok,33.07557,119.41032,40534,
era5,huai_an_1,2024-07-01,2024-07-31,ok,33.07557,119.41032,41448,
era5,huai_an_1,2024-08-01,2024-08-31,ok,33.07557,119.41032,40777,
era5,huai_an_1,2024-09-01,2024-09-30,ok,33.07557,119.41032,39469,
era5,huai_an_1,2024-10-01,2024-10-31,ok,33.07557,119.41032,40585,
era5,huai_an_1,2024-11-01,2024-11-30,ok,33.07557,119.41032,38431,
era5,huai_an_1,2024-12-01,2024-12-31,ok,33.07557,119.41032,39506,
era5,huai_an_1,2025-01-01,2025-01-31,ok,33.07557,119.41032,39645,
era5,huai_an_1,2025-02-01,2025-02-28,ok,33.07557,119.41032,36609,
era5,huai_an_1,2025-03-01,2025-03-31,ok,33.07557,119.41032,40622,
era5,huai_an_1,2025-04-01,2025-04-30,ok,33.07557,119.41032,39433,
era5,huai_an_1,2025-05-01,2025-05-31,ok,33.07557,119.41032,41190,
era5,huai_an_1,2025-06-01,2025-06-30,ok,33.07557,119.41032,40301,
era5,huai_an_1,2025-07-01,2025-07-31,ok,33.07557,119.41032,41049,
era5,huai_an_1,2025-08-01,2025-08-31,ok,33.07557,119.41032,40902,
era5,huai_an_1,2025-09-01,2025-09-30,ok,33.07557,119.41032,40005,
era5,huai_an_1,2025-10-01,2025-10-31,ok,33.07557,119.41032,40610,
era5,huai_an_1,2025-11-01,2025-11-30,ok,33.07557,119.41032,38163,
era5,huai_an_1,2025-12-01,2025-12-31,ok,33.07557,119.41032,39644,
era5,huai_an_1,2026-01-01,2026-01-31,ok,33.07557,119.41032,39662,
era5,huai_an_2,2019-02-01,2019-02-28,ok,33.919155,119.4015,36568,
era5,huai_an_2,2019-03-01,2019-03-31,ok,33.919155,119.4015,40196,
era5,huai_an_2,2019-04-01,2019-04-30,ok,33.919155,119.4015,39457,
era5,huai_an_2,2019-05-01,2019-05-31,ok,33.919155,119.4015,41160,
era5,huai_an_2,2019-06-01,2019-06-30,ok,33.919155,119.4015,39814,
era5,huai_an_2,2019-07-01,2019-07-31,ok,33.919155,119.4015,41256,
era5,huai_an_2,2019-08-01,2019-08-31,ok,33.919155,119.4015,40814,
era5,huai_an_2,2019-09-01,2019-09-30,ok,33.919155,119.4015,39016,
era5,huai_an_2,2019-10-01,2019-10-31,ok,33.919155,119.4015,40227,
era5,huai_an_2,2019-11-01,2019-11-30,ok,33.919155,119.4015,38481,
era5,huai_an_2,2019-12-01,2019-12-31,ok,33.919155,119.4015,39468,
era5,huai_an_2,2020-01-01,2020-01-31,ok,33.919155,119.4015,39904,
era5,huai_an_2,2020-02-01,2020-02-29,ok,33.919155,119.4015,37475,
era5,huai_an_2,2020-03-01,2020-03-31,ok,33.919155,119.4015,40362,
era5,huai_an_2,2020-04-01,2020-04-30,ok,33.919155,119.4015,39192,
era5,huai_an_2,2020-05-01,2020-05-31,ok,33.919155,119.4015,40985,
era5,huai_an_2,2020-06-01,2020-06-30,ok,33.919155,119.4015,39885,
era5,huai_an_2,2020-07-01,2020-07-31,ok,33.919155,119.4015,41438,
era5,huai_an_2,2020-08-01,2020-08-31,ok,33.919155,119.4015,41103,
era5,huai_an_2,2020-09-01,2020-09-30,ok,33.919155,119.4015,39102,
era5,huai_an_2,2020-10-01,2020-10-31,ok,33.919155,119.4015,40167,
era5,huai_an_2,2020-11-01,2020-11-30,ok,33.919155,119.4015,38397,
era5,huai_an_2,2020-12-01,2020-12-31,ok,33.919155,119.4015,39622,
era5,huai_an_2,2021-01-01,2021-01-31,ok,33.919155,119.4015,39457,
era5,huai_an_2,2021-02-01,2021-02-28,ok,33.919155,119.4015,36144,
era5,huai_an_2,2021-03-01,2021-03-31,ok,33.919155,119.4015,40535,
era5,huai_an_2,2021-04-01,2021-04-30,ok,33.919155,119.4015,39477,
era5,huai_an_2,2021-05-01,2021-05-31,ok,33.919155,119.4015,41064,
era5,huai_an_2,2021-06-01,2021-06-30,ok,33.919155,119.4015,39784,
era5,huai_an_2,2021-07-01,2021-07-31,ok,33.919155,119.4015,41393,
era5,huai_an_2,2021-08-01,2021-08-31,ok,33.919155,119.4015,41098,
era5,huai_an_2,2021-09-01,2021-09-30,ok,33.919155,119.4015,39263,
era5,huai_an_2,2021-10-01,2021-10-31,ok,33.919155,119.4015,40448,
era5,huai_an_2,2021-11-01,2021-11-30,ok,33.919155,119.4015,38432,
era5,huai_an_2,2021-12-01,2021-12-31,ok,33.919155,119.4015,39407,
era5,huai_an_2,2022-01-01,2022-01-31,ok,33.919155,119.4015,40372,
era5,huai_an_2,2022-02-01,2022-02-28,ok,33.919155,119.4015,36768,
era5,huai_an_2,2022-03-01,2022-03-31,ok,33.919155,119.4015,40860,
era5,huai_an_2,2022-04-01,2022-04-30,ok,33.919155,119.4015,39586,
era5,huai_an_2,2022-05-01,2022-05-31,ok,33.919155,119.4015,41112,
era5,huai_an_2,2022-06-01,2022-06-30,ok,33.919155,119.4015,39739,
era5,huai_an_2,2022-07-01,2022-07-31,ok,33.919155,119.4015,41433,
era5,huai_an_2,2022-08-01,2022-08-31,ok,33.919155,119.4015,41478,
era5,huai_an_2,2022-09-01,2022-09-30,ok,33.919155,119.4015,39459,
era5,huai_an_2,2022-10-01,2022-10-31,ok,33.919155,119.4015,40168,
era5,huai_an_2,2022-11-01,2022-11-30,ok,33.919155,119.4015,39024,
era5,huai_an_2,2022-12-01,2022-12-31,ok,33.919155,119.4015,39826,
era5,huai_an_2,2023-01-01,2023-01-31,ok,33.919155,119.4015,39577,
era5,huai_an_2,2023-02-01,2023-02-28,ok,33.919155,119.4015,36629,
era5,huai_an_2,2023-03-01,2023-03-31,ok,33.919155,119.4015,40640,
era5,huai_an_2,2023-04-01,2023-04-30,ok,33.919155,119.4015,39462,
era5,huai_an_2,2023-05-01,2023-05-31,ok,33.919155,119.4015,41587,
era5,huai_an_2,2023-06-01,2023-06-30,ok,33.919155,119.4015,40107,
era5,huai_an_2,2023-07-01,2023-07-31,ok,33.919155,119.4015,41671,
era5,huai_an_2,2023-08-01,2023-08-31,ok,33.919155,119.4015,40884,
era5,huai_an_2,2023-09-01,2023-09-30,ok,33.919155,119.4015,39709,
era5,huai_an_2,2023-10-01,2023-10-31,ok,33.919155,119.4015,40040,
era5,huai_an_2,2023-11-01,2023-11-30,ok,33.919155,119.4015,38350,
era5,huai_an_2,2023-12-01,2023-12-31,ok,33.919155,119.4015,39641,
era5,huai_an_2,2024-01-01,2024-01-31,ok,33.919155,119.4015,39740,
era5,huai_an_2,2024-02-01,2024-02-29,ok,33.919155,119.4015,38103,
era5,huai_an_2,2024-03-01,2024-03-31,ok,33.919155,119.4015,40594,
era5,huai_an_2,2024-04-01,2024-04-30,ok,33.919155,119.4015,39862,
era5,huai_an_2,2024-05-01,2024-05-31,ok,33.919155,119.4015,40827,
era5,huai_an_2,2024-06-01,2024-06-30,ok,33.919155,119.4015,40222,
era5,huai_an_2,2024-07-01,2024-07-31,ok,33.919155,119.4015,41427,
era5,huai_an_2,2024-08-01,2024-08-31,ok,33.919155,119.4015,40877,
era5,huai_an_2,2024-09-01,2024-09-30,ok,33.919155,119.4015,39498,
era5,huai_an_2,2024-10-01,2024-10-31,ok,33.919155,119.4015,40425,
era5,huai_an_2,2024-11-01,2024-11-30,ok,33.919155,119.4015,38425,
era5,huai_an_2,2024-12-01,2024-12-31,ok,33.919155,119.4015,39520,
era5,huai_an_2,2025-01-01,2025-01-31,ok,33.919155,119.4015,39552,
era5,huai_an_2,2025-02-01,2025-02-28,ok,33.919155,119.4015,36449,
era5,huai_an_2,2025-03-01,2025-03-31,ok,33.919155,119.4015,40574,
era5,huai_an_2,2025-04-01,2025-04-30,ok,33.919155,119.4015,39309,
era5,huai_an_2,2025-05-01,2025-05-31,ok,33.919155,119.4015,41106,
era5,huai_an_2,2025-06-01,2025-06-30,ok,33.919155,119.4015,40185,
era5,huai_an_2,2025-07-01,2025-07-31,ok,33.919155,119.4015,40927,
era5,huai_an_2,2025-08-01,2025-08-31,ok,33.919155,119.4015,41002,
era5,huai_an_2,2025-09-01,2025-09-30,ok,33.919155,119.4015,40107,
era5,huai_an_2,2025-10-01,2025-10-31,ok,33.919155,119.4015,40663,
era5,huai_an_2,2025-11-01,2025-11-30,ok,33.919155,119.4015,38032,
era5,huai_an_2,2025-12-01,2025-12-31,ok,33.919155,119.4015,39677,
era5,huai_an_2,2026-01-01,2026-01-31,ok,33.919155,119.4015,39710,
era5,xuzhou_2,2019-02-01,2019-02-28,ok,34.27065,117.44041,36405,
era5,xuzhou_2,2019-03-01,2019-03-31,ok,34.27065,117.44041,40158,
era5,xuzhou_2,2019-04-01,2019-04-30,ok,34.27065,117.44041,39397,
era5,xuzhou_2,2019-05-01,2019-05-31,ok,34.27065,117.44041,41043,
era5,xuzhou_2,2019-06-01,2019-06-30,ok,34.27065,117.44041,39817,
era5,xuzhou_2,2019-07-01,2019-07-31,ok,34.27065,117.44041,41138,
era5,xuzhou_2,2019-08-01,2019-08-31,ok,34.27065,117.44041,40877,
era5,xuzhou_2,2019-09-01,2019-09-30,ok,34.27065,117.44041,38773,
era5,xuzhou_2,2019-10-01,2019-10-31,ok,34.27065,117.44041,40124,
era5,xuzhou_2,2019-11-01,2019-11-30,ok,34.27065,117.44041,38389,
era5,xuzhou_2,2019-12-01,2019-12-31,ok,34.27065,117.44041,39315,
era5,xuzhou_2,2020-01-01,2020-01-31,ok,34.27065,117.44041,39878,
era5,xuzhou_2,2020-02-01,2020-02-29,ok,34.27065,117.44041,37461,
era5,xuzhou_2,2020-03-01,2020-03-31,ok,34.27065,117.44041,40276,
era5,xuzhou_2,2020-04-01,2020-04-30,ok,34.27065,117.44041,39235,
era5,xuzhou_2,2020-05-01,2020-05-31,ok,34.27065,117.44041,40824,
era5,xuzhou_2,2020-06-01,2020-06-30,ok,34.27065,117.44041,39885,
era5,xuzhou_2,2020-07-01,2020-07-31,ok,34.27065,117.44041,41235,
era5,xuzhou_2,2020-08-01,2020-08-31,ok,34.27065,117.44041,41154,
era5,xuzhou_2,2020-09-01,2020-09-30,ok,34.27065,117.44041,39152,
era5,xuzhou_2,2020-10-01,2020-10-31,ok,34.27065,117.44041,40120,
era5,xuzhou_2,2020-11-01,2020-11-30,ok,34.27065,117.44041,38253,
era5,xuzhou_2,2020-12-01,2020-12-31,ok,34.27065,117.44041,39504,
era5,xuzhou_2,2021-01-01,2021-01-31,ok,34.27065,117.44041,39376,
era5,xuzhou_2,2021-02-01,2021-02-28,ok,34.27065,117.44041,36076,
era5,xuzhou_2,2021-03-01,2021-03-31,ok,34.27065,117.44041,40532,
era5,xuzhou_2,2021-04-01,2021-04-30,ok,34.27065,117.44041,39492,
era5,xuzhou_2,2021-05-01,2021-05-31,ok,34.27065,117.44041,40941,
era5,xuzhou_2,2021-06-01,2021-06-30,ok,34.27065,117.44041,39686,
era5,xuzhou_2,2021-07-01,2021-07-31,ok,34.27065,117.44041,41420,
era5,xuzhou_2,2021-08-01,2021-08-31,ok,34.27065,117.44041,41053,
era5,xuzhou_2,2021-09-01,2021-09-30,ok,34.27065,117.44041,39317,
era5,xuzhou_2,2021-10-01,2021-10-31,ok,34.27065,117.44041,40366,
era5,xuzhou_2,2021-11-01,2021-11-30,ok,34.27065,117.44041,38310,
era5,xuzhou_2,2021-12-01,2021-12-31,ok,34.27065,117.44041,39310,
era5,xuzhou_2,2022-01-01,2022-01-31,ok,34.27065,117.44041,40243,
era5,xuzhou_2,2022-02-01,2022-02-28,ok,34.27065,117.44041,36786,
era5,xuzhou_2,2022-03-01,2022-03-31,ok,34.27065,117.44041,40765,
era5,xuzhou_2,2022-04-01,2022-04-30,ok,34.27065,117.44041,39625,
era5,xuzhou_2,2022-05-01,2022-05-31,ok,34.27065,117.44041,40966,
era5,xuzhou_2,2022-06-01,2022-06-30,ok,34.27065,117.44041,39623,
era5,xuzhou_2,2022-07-01,2022-07-31,ok,34.27065,117.44041,41510,
era5,xuzhou_2,2022-08-01,2022-08-31,ok,34.27065,117.44041,41324,
era5,xuzhou_2,2022-09-01,2022-09-30,ok,34.27065,117.44041,39298,
era5,xuzhou_2,2022-10-01,2022-10-31,ok,34.27065,117.44041,40093,
era5,xuzhou_2,2022-11-01,2022-11-30,ok,34.27065,117.44041,38951,
era5,xuzhou_2,2022-12-01,2022-12-31,ok,34.27065,117.44041,39701,
era5,xuzhou_2,2023-01-01,2023-01-31,ok,34.27065,117.44041,39519,
era5,xuzhou_2,2023-02-01,2023-02-28,ok,34.27065,117.44041,36678,
era5,xuzhou_2,2023-03-01,2023-03-31,ok,34.27065,117.44041,40547,
era5,xuzhou_2,2023-04-01,2023-04-30,ok,34.27065,117.44041,39485,
era5,xuzhou_2,2023-05-01,2023-05-31,ok,34.27065,117.44041,41409,
era5,xuzhou_2,2023-06-01,2023-06-30,ok,34.27065,117.44041,40002,
era5,xuzhou_2,2023-07-01,2023-07-31,ok,34.27065,117.44041,41487,
era5,xuzhou_2,2023-08-01,2023-08-31,ok,34.27065,117.44041,40571,
era5,xuzhou_2,2023-09-01,2023-09-30,ok,34.27065,117.44041,39380,
era5,xuzhou_2,2023-10-01,2023-10-31,ok,34.27065,117.44041,40070,
era5,xuzhou_2,2023-11-01,2023-11-30,ok,34.27065,117.44041,38233,
era5,xuzhou_2,2023-12-01,2023-12-31,ok,34.27065,117.44041,39388,
era5,xuzhou_2,2024-01-01,2024-01-31,ok,34.27065,117.44041,39577,
era5,xuzhou_2,2024-02-01,2024-02-29,ok,34.27065,117.44041,38020,
era5,xuzhou_2,2024-03-01,2024-03-31,ok,34.27065,117.44041,40596,
era5,xuzhou_2,2024-04-01,2024-04-30,ok,34.27065,117.44041,39908,
era5,xuzhou_2,2024-05-01,2024-05-31,ok,34.27065,117.44041,40798,
era5,xuzhou_2,2024-06-01,2024-06-30,ok,34.27065,117.44041,40087,
era5,xuzhou_2,2024-07-01,2024-07-31,ok,34.27065,117.44041,41539,
era5,xuzhou_2,2024-08-01,2024-08-31,ok,34.27065,117.44041,40699,
era5,xuzhou_2,2024-09-01,2024-09-30,ok,34.27065,117.44041,39374,
era5,xuzhou_2,2024-10-01,2024-10-31,ok,34.27065,117.44041,40254,
era5,xuzhou_2,2024-11-01,2024-11-30,ok,34.27065,117.44041,38571,
era5,xuzhou_2,2024-12-01,2024-12-31,ok,34.27065,117.44041,39398,
era5,xuzhou_2,2025-01-01,2025-01-31,ok,34.27065,117.44041,39418,
era5,xuzhou_2,2025-02-01,2025-02-28,ok,34.27065,117.44041,36441,
era5,xuzhou_2,2025-03-01,2025-03-31,ok,34.27065,117.44041,40499,
era5,xuzhou_2,2025-04-01,2025-04-30,ok,34.27065,117.44041,39365,
era5,xuzhou_2,2025-05-01,2025-05-31,ok,34.27065,117.44041,41028,
era5,xuzhou_2,2025-06-01,2025-06-30,ok,34.27065,117.44041,40085,
era5,xuzhou_2,2025-07-01,2025-07-31,ok,34.27065,117.44041,40876,
era5,xuzhou_2,2025-08-01,2025-08-31,ok,34.27065,117.44041,41086,
era5,xuzhou_2,2025-09-01,2025-09-30,ok,34.27065,117.44041,39907,
era5,xuzhou_2,2025-10-01,2025-10-31,ok,34.27065,117.44041,40606,
era5,xuzhou_2,2025-11-01,2025-11-30,ok,34.27065,117.44041,38082,
era5,xuzhou_2,2025-12-01,2025-12-31,ok,34.27065,117.44041,39568,
era5,xuzhou_2,2026-01-01,2026-01-31,ok,34.27065,117.44041,39618,
era5,huai_an_3,2019-02-01,2019-02-28,ok,33.07557,118.63637,36689,
era5,huai_an_3,2019-03-01,2019-03-31,ok,33.07557,118.63637,40318,
era5,huai_an_3,2019-04-01,2019-04-30,ok,33.07557,118.63637,39530,
era5,huai_an_3,2019-05-01,2019-05-31,ok,33.07557,118.63637,41165,
era5,huai_an_3,2019-06-01,2019-06-30,ok,33.07557,118.63637,39892,
era5,huai_an_3,2019-07-01,2019-07-31,ok,33.07557,118.63637,41230,
era5,huai_an_3,2019-08-01,2019-08-31,ok,33.07557,118.63637,40775,
era5,huai_an_3,2019-09-01,2019-09-30,ok,33.07557,118.63637,38890,
era5,huai_an_3,2019-10-01,2019-10-31,ok,33.07557,118.63637,40234,
era5,huai_an_3,2019-11-01,2019-11-30,ok,33.07557,118.63637,38426,
era5,huai_an_3,2019-12-01,2019-12-31,ok,33.07557,118.63637,39519,
era5,huai_an_3,2020-01-01,2020-01-31,ok,33.07557,118.63637,40266,
era5,huai_an_3,2020-02-01,2020-02-29,ok,33.07557,118.63637,37552,
era5,huai_an_3,2020-03-01,2020-03-31,ok,33.07557,118.63637,40511,
era5,huai_an_3,2020-04-01,2020-04-30,ok,33.07557,118.63637,39283,
era5,huai_an_3,2020-05-01,2020-05-31,ok,33.07557,118.63637,40930,
era5,huai_an_3,2020-06-01,2020-06-30,ok,33.07557,118.63637,39994,
era5,huai_an_3,2020-07-01,2020-07-31,ok,33.07557,118.63637,41591,
era5,huai_an_3,2020-08-01,2020-08-31,ok,33.07557,118.63637,41108,
era5,huai_an_3,2020-09-01,2020-09-30,ok,33.07557,118.63637,39301,
era5,huai_an_3,2020-10-01,2020-10-31,ok,33.07557,118.63637,40188,
era5,huai_an_3,2020-11-01,2020-11-30,ok,33.07557,118.63637,38409,
era5,huai_an_3,2020-12-01,2020-12-31,ok,33.07557,118.63637,39553,
era5,huai_an_3,2021-01-01,2021-01-31,ok,33.07557,118.63637,39558,
era5,huai_an_3,2021-02-01,2021-02-28,ok,33.07557,118.63637,36225,
era5,huai_an_3,2021-03-01,2021-03-31,ok,33.07557,118.63637,40705,
era5,huai_an_3,2021-04-01,2021-04-30,ok,33.07557,118.63637,39718,
era5,huai_an_3,2021-05-01,2021-05-31,ok,33.07557,118.63637,41054,
era5,huai_an_3,2021-06-01,2021-06-30,ok,33.07557,118.63637,39823,
era5,huai_an_3,2021-07-01,2021-07-31,ok,33.07557,118.63637,41387,
era5,huai_an_3,2021-08-01,2021-08-31,ok,33.07557,118.63637,41191,
era5,huai_an_3,2021-09-01,2021-09-30,ok,33.07557,118.63637,39222,
era5,huai_an_3,2021-10-01,2021-10-31,ok,33.07557,118.63637,40523,
era5,huai_an_3,2021-11-01,2021-11-30,ok,33.07557,118.63637,38468,
era5,huai_an_3,2021-12-01,2021-12-31,ok,33.07557,118.63637,39371,
era5,huai_an_3,2022-01-01,2022-01-31,ok,33.07557,118.63637,40624,
era5,huai_an_3,2022-02-01,2022-02-28,ok,33.07557,118.63637,36876,
era5,huai_an_3,2022-03-01,2022-03-31,ok,33.07557,118.63637,40804,
era5,huai_an_3,2022-04-01,2022-04-30,ok,33.07557,118.63637,39690,
era5,huai_an_3,2022-05-01,2022-05-31,ok,33.07557,118.63637,41199,
era5,huai_an_3,2022-06-01,2022-06-30,ok,33.07557,118.63637,39829,
era5,huai_an_3,2022-07-01,2022-07-31,ok,33.07557,118.63637,41527,
era5,huai_an_3,2022-08-01,2022-08-31,ok,33.07557,118.63637,41568,
era5,huai_an_3,2022-09-01,2022-09-30,ok,33.07557,118.63637,39446,
era5,huai_an_3,2022-10-01,2022-10-31,ok,33.07557,118.63637,40199,
era5,huai_an_3,2022-11-01,2022-11-30,ok,33.07557,118.63637,39015,
era5,huai_an_3,2022-12-01,2022-12-31,ok,33.07557,118.63637,39862,
era5,huai_an_3,2023-01-01,2023-01-31,ok,33.07557,118.63637,39459,
era5,huai_an_3,2023-02-01,2023-02-28,ok,33.07557,118.63637,36713,
era5,huai_an_3,2023-03-01,2023-03-31,ok,33.07557,118.63637,40895,
era5,huai_an_3,2023-04-01,2023-04-30,ok,33.07557,118.63637,39608,
era5,huai_an_3,2023-05-01,2023-05-31,ok,33.07557,118.63637,41524,
era5,huai_an_3,2023-06-01,2023-06-30,ok,33.07557,118.63637,40231,
era5,huai_an_3,2023-07-01,2023-07-31,ok,33.07557,118.63637,41764,
era5,huai_an_3,2023-08-01,2023-08-31,ok,33.07557,118.63637,40853,
era5,huai_an_3,2023-09-01,2023-09-30,ok,33.07557,118.63637,39731,
era5,huai_an_3,2023-10-01,2023-10-31,ok,33.07557,118.63637,40103,
era5,huai_an_3,2023-11-01,2023-11-30,ok,33.07557,118.63637,38469,
era5,huai_an_3,2023-12-01,2023-12-31,ok,33.07557,118.63637,39777,
era5,huai_an_3,2024-01-01,2024-01-31,ok,33.07557,118.63637,39913,
era5,huai_an_3,2024-02-01,2024-02-29,ok,33.07557,118.63637,38075,
era5,huai_an_3,2024-03-01,2024-03-31,ok,33.07557,118.63637,40620,
era5,huai_an_3,2024-04-01,2024-04-30,ok,33.07557,118.63637,40155,
era5,huai_an_3,2024-05-01,2024-05-31,ok,33.07557,118.63637,40913,
era5,huai_an_3,2024-06-01,2024-06-30,ok,33.07557,118.63637,40440,
era5,huai_an_3,2024-07-01,2024-07-31,ok,33.07557,118.63637,41516,
era5,huai_an_3,2024-08-01,2024-08-31,ok,33.07557,118.63637,40883,
era5,huai_an_3,2024-09-01,2024-09-30,ok,33.07557,118.63637,39472,
era5,huai_an_3,2024-10-01,2024-10-31,ok,33.07557,118.63637,40512,
era5,huai_an_3,2024-11-01,2024-11-30,ok,33.07557,118.63637,38453,
era5,huai_an_3,2024-12-01,2024-12-31,ok,33.07557,118.63637,39521,
era5,huai_an_3,2025-01-01,2025-01-31,ok,33.07557,118.63637,39687,
era5,huai_an_3,2025-02-01,2025-02-28,ok,33.07557,118.63637,36517,
era5,huai_an_3,2025-03-01,2025-03-31,ok,33.07557,118.63637,40688,
era5,huai_an_3,2025-04-01,2025-04-30,ok,33.07557,118.63637,39488,
era5,huai_an_3,2025-05-01,2025-05-31,ok,33.07557,118.63637,41183,
era5,huai_an_3,2025-06-01,2025-06-30,ok,33.07557,118.63637,40225,
era5,huai_an_3,2025-07-01,2025-07-31,ok,33.07557,118.63637,40904,
era5,huai_an_3,2025-08-01,2025-08-31,ok,33.07557,118.63637,40990,
era5,huai_an_3,2025-09-01,2025-09-30,ok,33.07557,118.63637,40110,
era5,huai_an_3,2025-10-01,2025-10-31,ok,33.07557,118.63637,40722,
era5,huai_an_3,2025-11-01,2025-11-30,ok,33.07557,118.63637,38175,
era5,huai_an_3,2025-12-01,2025-12-31,ok,33.07557,118.63637,39598,
era5,huai_an_3,2026-01-01,2026-01-31,ok,33.07557,118.63637,39738,
era5,yancheng_1,2019-02-01,2019-02-28,ok,33.848858,119.8132,36622,
era5,yancheng_1,2019-03-01,2019-03-31,ok,33.848858,119.8132,40211,
era5,yancheng_1,2019-04-01,2019-04-30,ok,33.848858,119.8132,39466,
era5,yancheng_1,2019-05-01,2019-05-31,ok,33.848858,119.8132,41128,
era5,yancheng_1,2019-06-01,2019-06-30,ok,33.848858,119.8132,39818,
era5,yancheng_1,2019-07-01,2019-07-31,ok,33.848858,119.8132,41300,
era5,yancheng_1,2019-08-01,2019-08-31,ok,33.848858,119.8132,40815,
era5,yancheng_1,2019-09-01,2019-09-30,ok,33.848858,119.8132,39052,
era5,yancheng_1,2019-10-01,2019-10-31,ok,33.848858,119.8132,40241,
era5,yancheng_1,2019-11-01,2019-11-30,ok,33.848858,119.8132,38451,
era5,yancheng_1,2019-12-01,2019-12-31,ok,33.848858,119.8132,39478,
era5,yancheng_1,2020-01-01,2020-01-31,ok,33.848858,119.8132,39986,
era5,yancheng_1,2020-02-01,2020-02-29,ok,33.848858,119.8132,37452,
era5,yancheng_1,2020-03-01,2020-03-31,ok,33.848858,119.8132,40362,
era5,yancheng_1,2020-04-01,2020-04-30,ok,33.848858,119.8132,39189,
era5,yancheng_1,2020-05-01,2020-05-31,ok,33.848858,119.8132,41069,
era5,yancheng_1,2020-06-01,2020-06-30,ok,33.848858,119.8132,39917,
era5,yancheng_1,2020-07-01,2020-07-31,ok,33.848858,119.8132,41519,
era5,yancheng_1,2020-08-01,2020-08-31,ok,33.848858,119.8132,41105,
era5,yancheng_1,2020-09-01,2020-09-30,ok,33.848858,119.8132,39129,
era5,yancheng_1,2020-10-01,2020-10-31,ok,33.848858,119.8132,40148,
era5,yancheng_1,2020-11-01,2020-11-30,ok,33.848858,119.8132,38430,
era5,yancheng_1,2020-12-01,2020-12-31,ok,33.848858,119.8132,39633,
era5,yancheng_1,2021-01-01,2021-01-31,ok,33.848858,119.8132,39460,
era5,yancheng_1,2021-02-01,2021-02-28,ok,33.848858,119.8132,36148,
era5,yancheng_1,2021-03-01,2021-03-31,ok,33.848858,119.8132,40525,
era5,yancheng_1,2021-04-01,2021-04-30,ok,33.848858,119.8132,39507,
era5,yancheng_1,2021-05-01,2021-05-31,ok,33.848858,119.8132,41054,
era5,yancheng_1,2021-06-01,2021-06-30,ok,33.848858,119.8132,39841,
era5,yancheng_1,2021-07-01,2021-07-31,ok,33.848858,119.8132,41414,
era5,yancheng_1,2021-08-01,2021-08-31,ok,33.848858,119.8132,41009,
era5,yancheng_1,2021-09-01,2021-09-30,ok,33.848858,119.8132,39317,
era5,yancheng_1,2021-10-01,2021-10-31,ok,33.848858,119.8132,40457,
era5,yancheng_1,2021-11-01,2021-11-30,ok,33.848858,119.8132,38486,
era5,yancheng_1,2021-12-01,2021-12-31,ok,33.848858,119.8132,39462,
era5,yancheng_1,2022-01-01,2022-01-31,ok,33.848858,119.8132,40474,
era5,yancheng_1,2022-02-01,2022-02-28,ok,33.848858,119.8132,36761,
era5,yancheng_1,2022-03-01,2022-03-31,ok,33.848858,119.8132,40861,
era5,yancheng_1,2022-04-01,2022-04-30,ok,33.848858,119.8132,39645,
era5,yancheng_1,2022-05-01,2022-05-31,ok,33.848858,119.8132,41154,
era5,yancheng_1,2022-06-01,2022-06-30,ok,33.848858,119.8132,39820,
era5,yancheng_1,2022-07-01,2022-07-31,ok,33.848858,119.8132,41519,
era5,yancheng_1,2022-08-01,2022-08-31,ok,33.848858,119.8132,41466,
era5,yancheng_1,2022-09-01,2022-09-30,ok,33.848858,119.8132,39509,
era5,yancheng_1,2022-10-01,2022-10-31,ok,33.848858,119.8132,40223,
era5,yancheng_1,2022-11-01,2022-11-30,ok,33.848858,119.8132,39064,
era5,yancheng_1,2022-12-01,2022-12-31,ok,33.848858,119.8132,39843,
era5,yancheng_1,2023-01-01,2023-01-31,ok,33.848858,119.8132,39563,
era5,yancheng_1,2023-02-01,2023-02-28,ok,33.848858,119.8132,36540,
era5,yancheng_1,2023-03-01,2023-03-31,ok,33.848858,119.8132,40683,
era5,yancheng_1,2023-04-01,2023-04-30,ok,33.848858,119.8132,39456,
era5,yancheng_1,2023-05-01,2023-05-31,ok,33.848858,119.8132,41557,
era5,yancheng_1,2023-06-01,2023-06-30,ok,33.848858,119.8132,40133,
era5,yancheng_1,2023-07-01,2023-07-31,ok,33.848858,119.8132,41646,
era5,yancheng_1,2023-08-01,2023-08-31,ok,33.848858,119.8132,40858,
era5,yancheng_1,2023-09-01,2023-09-30,ok,33.848858,119.8132,39734,
era5,yancheng_1,2023-10-01,2023-10-31,ok,33.848858,119.8132,40081,
era5,yancheng_1,2023-11-01,2023-11-30,ok,33.848858,119.8132,38382,
era5,yancheng_1,2023-12-01,2023-12-31,ok,33.848858,119.8132,39704,
era5,yancheng_1,2024-01-01,2024-01-31,ok,33.848858,119.8132,39826,
era5,yancheng_1,2024-02-01,2024-02-29,ok,33.848858,119.8132,38095,
era5,yancheng_1,2024-03-01,2024-03-31,ok,33.848858,119.8132,40631,
era5,yancheng_1,2024-04-01,2024-04-30,ok,33.848858,119.8132,39953,
era5,yancheng_1,2024-05-01,2024-05-31,ok,33.848858,119.8132,40856,
era5,yancheng_1,2024-06-01,2024-06-30,ok,33.848858,119.8132,40321,
era5,yancheng_1,2024-07-01,2024-07-31,ok,33.848858,119.8132,41413,
era5,yancheng_1,2024-08-01,2024-08-31,ok,33.848858,119.8132,40842,
era5,yancheng_1,2024-09-01,2024-09-30,ok,33.848858,119.8132,39456,
era5,yancheng_1,2024-10-01,2024-10-31,ok,33.848858,119.8132,40546,
era5,yancheng_1,2024-11-01,2024-11-30,ok,33.848858,119.8132,38457,
era5,yancheng_1,2024-12-01,2024-12-31,ok,33.848858,119.8132,39544,
era5,yancheng_1,2025-01-01,2025-01-31,ok,33.848858,119.8132,39561,
era5,yancheng_1,2025-02-01,2025-02-28,ok,33.848858,119.8132,36445,
era5,yancheng_1,2025-03-01,2025-03-31,ok,33.848858,119.8132,40587,
era5,yancheng_1,2025-04-01,2025-04-30,ok,33.848858,119.8132,39342,
era5,yancheng_1,2025-05-01,2025-05-31,ok,33.848858,119.8132,41074,
era5,yancheng_1,2025-06-01,2025-06-30,ok,33.848858,119.8132,40190,
era5,yancheng_1,2025-07-01,2025-07-31,ok,33.848858,119.8132,40959,
era5,yancheng_1,2025-08-01,2025-08-31,ok,33.848858,119.8132,40976,
era5,yancheng_1,2025-09-01,2025-09-30,ok,33.848858,119.8132,40076,
era5,yancheng_1,2025-10-01,2025-10-31,ok,33.848858,119.8132,40642,
era5,yancheng_1,2025-11-01,2025-11-30,ok,33.848858,119.8132,38060,
era5,yancheng_1,2025-12-01,2025-12-31,ok,33.848858,119.8132,39683,
era5,yancheng_1,2026-01-01,2026-01-31,ok,33.848858,119.8132,39736,
era5,lianyungang_1,2019-02-01,2019-02-28,ok,34.69244,118.558784,36410,
era5,lianyungang_1,2019-03-01,2019-03-31,ok,34.69244,118.558784,40173,
era5,lianyungang_1,2019-04-01,2019-04-30,ok,34.69244,118.558784,39497,
era5,lianyungang_1,2019-05-01,2019-05-31,ok,34.69244,118.558784,40990,
era5,lianyungang_1,2019-06-01,2019-06-30,ok,34.69244,118.558784,39756,
era5,lianyungang_1,2019-07-01,2019-07-31,ok,34.69244,118.558784,41216,
era5,lianyungang_1,2019-08-01,2019-08-31,ok,34.69244,118.558784,40940,
era5,lianyungang_1,2019-09-01,2019-09-30,ok,34.69244,118.558784,38807,
era5,lianyungang_1,2019-10-01,2019-10-31,ok,34.69244,118.558784,40127,
era5,lianyungang_1,2019-11-01,2019-11-30,ok,34.69244,118.558784,38400,
era5,lianyungang_1,2019-12-01,2019-12-31,ok,34.69244,118.558784,39313,
era5,lianyungang_1,2020-01-01,2020-01-31,ok,34.69244,118.558784,39931,
era5,lianyungang_1,2020-02-01,2020-02-29,ok,34.69244,118.558784,37452,
era5,lianyungang_1,2020-03-01,2020-03-31,ok,34.69244,118.558784,40271,
era5,lianyungang_1,2020-04-01,2020-04-30,ok,34.69244,118.558784,39090,
era5,lianyungang_1,2020-05-01,2020-05-31,ok,34.69244,118.558784,40983,
era5,lianyungang_1,2020-06-01,2020-06-30,ok,34.69244,118.558784,39915,
era5,lianyungang_1,2020-07-01,2020-07-31,ok,34.69244,118.558784,41354,
era5,lianyungang_1,2020-08-01,2020-08-31,ok,34.69244,118.558784,41324,
era5,lianyungang_1,2020-09-01,2020-09-30,ok,34.69244,118.558784,39070,
era5,lianyungang_1,2020-10-01,2020-10-31,ok,34.69244,118.558784,40095,
era5,lianyungang_1,2020-11-01,2020-11-30,ok,34.69244,118.558784,38328,
era5,lianyungang_1,2020-12-01,2020-12-31,ok,34.69244,118.558784,39506,
era5,lianyungang_1,2021-01-01,2021-01-31,ok,34.69244,118.558784,39330,
era5,lianyungang_1,2021-02-01,2021-02-28,ok,34.69244,118.558784,36087,
era5,lianyungang_1,2021-03-01,2021-03-31,ok,34.69244,118.558784,40464,
era5,lianyungang_1,2021-04-01,2021-04-30,ok,34.69244,118.558784,39554,
era5,lianyungang_1,2021-05-01,2021-05-31,ok,34.69244,118.558784,40918,
era5,lianyungang_1,2021-06-01,2021-06-30,ok,34.69244,118.558784,39720,
era5,lianyungang_1,2021-07-01,2021-07-31,ok,34.69244,118.558784,41543,
era5,lianyungang_1,2021-08-01,2021-08-31,ok,34.69244,118.558784,41135,
era5,lianyungang_1,2021-09-01,2021-09-30,ok,34.69244,118.558784,39402,
era5,lianyungang_1,2021-10-01,2021-10-31,ok,34.69244,118.558784,40373,
era5,lianyungang_1,2021-11-01,2021-11-30,ok,34.69244,118.558784,38423,
era5,lianyungang_1,2021-12-01,2021-12-31,ok,34.69244,118.558784,39423,
era5,lianyungang_1,2022-01-01,2022-01-31,ok,34.69244,118.558784,40142,
era5,lianyungang_1,2022-02-01,2022-02-28,ok,34.69244,118.558784,36811,
era5,lianyungang_1,2022-03-01,2022-03-31,ok,34.69244,118.558784,40871,
era5,lianyungang_1,2022-04-01,2022-04-30,ok,34.69244,118.558784,39579,
era5,lianyungang_1,2022-05-01,2022-05-31,ok,34.69244,118.558784,40939,
era5,lianyungang_1,2022-06-01,2022-06-30,ok,34.69244,118.558784,39784,
era5,lianyungang_1,2022-07-01,2022-07-31,ok,34.69244,118.558784,41541,
era5,lianyungang_1,2022-08-01,2022-08-31,ok,34.69244,118.558784,41408,
era5,lianyungang_1,2022-09-01,2022-09-30,ok,34.69244,118.558784,39328,
era5,lianyungang_1,2022-10-01,2022-10-31,ok,34.69244,118.558784,40211,
era5,lianyungang_1,2022-11-01,2022-11-30,ok,34.69244,118.558784,39092,
era5,lianyungang_1,2022-12-01,2022-12-31,ok,34.69244,118.558784,39650,
era5,lianyungang_1,2023-01-01,2023-01-31,ok,34.69244,118.558784,39594,
era5,lianyungang_1,2023-02-01,2023-02-28,ok,34.69244,118.558784,36592,
era5,lianyungang_1,2023-03-01,2023-03-31,ok,34.69244,118.558784,40465,
era5,lianyungang_1,2023-04-01,2023-04-30,ok,34.69244,118.558784,39376,
era5,lianyungang_1,2023-05-01,2023-05-31,ok,34.69244,118.558784,41419,
era5,lianyungang_1,2023-06-01,2023-06-30,ok,34.69244,118.558784,39971,
era5,lianyungang_1,2023-07-01,2023-07-31,ok,34.69244,118.558784,41684,
era5,lianyungang_1,2023-08-01,2023-08-31,ok,34.69244,118.558784,40705,
era5,lianyungang_1,2023-09-01,2023-09-30,ok,34.69244,118.558784,39438,
era5,lianyungang_1,2023-10-01,2023-10-31,ok,34.69244,118.558784,40037,
era5,lianyungang_1,2023-11-01,2023-11-30,ok,34.69244,118.558784,38267,
era5,lianyungang_1,2023-12-01,2023-12-31,ok,34.69244,118.558784,39433,
era5,lianyungang_1,2024-01-01,2024-01-31,ok,34.69244,118.558784,39579,
era5,lianyungang_1,2024-02-01,2024-02-29,ok,34.69244,118.558784,37982,
era5,lianyungang_1,2024-03-01,2024-03-31,ok,34.69244,118.558784,40518,
era5,lianyungang_1,2024-04-01,2024-04-30,ok,34.69244,118.558784,39882,
era5,lianyungang_1,2024-05-01,2024-05-31,ok,34.69244,118.558784,40811,
era5,lianyungang_1,2024-06-01,2024-06-30,ok,34.69244,118.558784,40072,
era5,lianyungang_1,2024-07-01,2024-07-31,ok,34.69244,118.558784,41555,
era5,lianyungang_1,2024-08-01,2024-08-31,ok,34.69244,118.558784,40911,
era5,lianyungang_1,2024-09-01,2024-09-30,ok,34.69244,118.558784,39428,
era5,lianyungang_1,2024-10-01,2024-10-31,ok,34.69244,118.558784,40235,
era5,lianyungang_1,2024-11-01,2024-11-30,ok,34.69244,118.558784,38604,
era5,lianyungang_1,2024-12-01,2024-12-31,ok,34.69244,118.558784,39377,
era5,lianyungang_1,2025-01-01,2025-01-31,ok,34.69244,118.558784,39416,
era5,lianyungang_1,2025-02-01,2025-02-28,ok,34.69244,118.558784,36300,
era5,lianyungang_1,2025-03-01,2025-03-31,ok,34.69244,118.558784,40515,
era5,lianyungang_1,2025-04-01,2025-04-30,ok,34.69244,118.558784,39256,
era5,lianyungang_1,2025-05-01,2025-05-31,ok,34.69244,118.558784,41053,
era5,lianyungang_1,2025-06-01,2025-06-30,ok,34.69244,118.558784,40178,
era5,lianyungang_1,2025-07-01,2025-07-31,ok,34.69244,118.558784,40916,
era5,lianyungang_1,2025-08-01,2025-08-31,ok,34.69244,118.558784,41142,
era5,lianyungang_1,2025-09-01,2025-09-30,ok,34.69244,118.558784,39973,
era5,lianyungang_1,2025-10-01,2025-10-31,ok,34.69244,118.558784,40520,
era5,lianyungang_1,2025-11-01,2025-11-30,ok,34.69244,118.558784,38020,
era5,lianyungang_1,2025-12-01,2025-12-31,ok,34.69244,118.558784,39479,
era5,lianyungang_1,2026-01-01,2026-01-31,ok,34.69244,118.558784,39583,
era5,yancheng_2,2019-02-01,2019-02-28,ok,33.07557,120.62653,36715,
era5,yancheng_2,2019-03-01,2019-03-31,ok,33.07557,120.62653,40414,
era5,yancheng_2,2019-04-01,2019-04-30,ok,33.07557,120.62653,39544,
era5,yancheng_2,2019-05-01,2019-05-31,ok,33.07557,120.62653,41138,
era5,yancheng_2,2019-06-01,2019-06-30,ok,33.07557,120.62653,39890,
era5,yancheng_2,2019-07-01,2019-07-31,ok,33.07557,120.62653,41386,
era5,yancheng_2,2019-08-01,2019-08-31,ok,33.07557,120.62653,40963,
era5,yancheng_2,2019-09-01,2019-09-30,ok,33.07557,120.62653,39391,
era5,yancheng_2,2019-10-01,2019-10-31,ok,33.07557,120.62653,40365,
era5,yancheng_2,2019-11-01,2019-11-30,ok,33.07557,120.62653,38526,
era5,yancheng_2,2019-12-01,2019-12-31,ok,33.07557,120.62653,39586,
era5,yancheng_2,2020-01-01,2020-01-31,ok,33.07557,120.62653,40210,
era5,yancheng_2,2020-02-01,2020-02-29,ok,33.07557,120.62653,37463,
era5,yancheng_2,2020-03-01,2020-03-31,ok,33.07557,120.62653,40549,
era5,yancheng_2,2020-04-01,2020-04-30,ok,33.07557,120.62653,39233,
era5,yancheng_2,2020-05-01,2020-05-31,ok,33.07557,120.62653,41145,
era5,yancheng_2,2020-06-01,2020-06-30,ok,33.07557,120.62653,40087,
era5,yancheng_2,2020-07-01,2020-07-31,ok,33.07557,120.62653,41611,
era5,yancheng_2,2020-08-01,2020-08-31,ok,33.07557,120.62653,41044,
era5,yancheng_2,2020-09-01,2020-09-30,ok,33.07557,120.62653,39394,
era5,yancheng_2,2020-10-01,2020-10-31,ok,33.07557,120.62653,40251,
era5,yancheng_2,2020-11-01,2020-11-30,ok,33.07557,120.62653,38582,
era5,yancheng_2,2020-12-01,2020-12-31,ok,33.07557,120.62653,39677,
era5,yancheng_2,2021-01-01,2021-01-31,ok,33.07557,120.62653,39595,
era5,yancheng_2,2021-02-01,2021-02-28,ok,33.07557,120.62653,36176,
era5,yancheng_2,2021-03-01,2021-03-31,ok,33.07557,120.62653,40753,
era5,yancheng_2,2021-04-01,2021-04-30,ok,33.07557,120.62653,39632,
era5,yancheng_2,2021-05-01,2021-05-31,ok,33.07557,120.62653,41120,
era5,yancheng_2,2021-06-01,2021-06-30,ok,33.07557,120.62653,39954,
era5,yancheng_2,2021-07-01,2021-07-31,ok,33.07557,120.62653,41526,
era5,yancheng_2,2021-08-01,2021-08-31,ok,33.07557,120.62653,41314,
era5,yancheng_2,2021-09-01,2021-09-30,ok,33.07557,120.62653,39439,
era5,yancheng_2,2021-10-01,2021-10-31,ok,33.07557,120.62653,40606,
era5,yancheng_2,2021-11-01,2021-11-30,ok,33.07557,120.62653,38605,
era5,yancheng_2,2021-12-01,2021-12-31,ok,33.07557,120.62653,39464,
era5,yancheng_2,2022-01-01,2022-01-31,ok,33.07557,120.62653,40668,
era5,yancheng_2,2022-02-01,2022-02-28,ok,33.07557,120.62653,36811,
era5,yancheng_2,2022-03-01,2022-03-31,ok,33.07557,120.62653,40916,
era5,yancheng_2,2022-04-01,2022-04-30,ok,33.07557,120.62653,39749,
era5,yancheng_2,2022-05-01,2022-05-31,ok,33.07557,120.62653,41244,
era5,yancheng_2,2022-06-01,2022-06-30,ok,33.07557,120.62653,40093,
era5,yancheng_2,2022-07-01,2022-07-31,ok,33.07557,120.62653,41676,
era5,yancheng_2,2022-08-01,2022-08-31,ok,33.07557,120.62653,41592,
era5,yancheng_2,2022-09-01,2022-09-30,ok,33.07557,120.62653,39731,
era5,yancheng_2,2022-10-01,2022-10-31,ok,33.07557,120.62653,40431,
era5,yancheng_2,2022-11-01,2022-11-30,ok,33.07557,120.62653,39168,
era5,yancheng_2,2022-12-01,2022-12-31,ok,33.07557,120.62653,40021,
era5,yancheng_2,2023-01-01,2023-01-31,ok,33.07557,120.62653,39600,
era5,yancheng_2,2023-02-01,2023-02-28,ok,33.07557,120.62653,36731,
era5,yancheng_2,2023-03-01,2023-03-31,ok,33.07557,120.62653,40831,
era5,yancheng_2,2023-04-01,2023-04-30,ok,33.07557,120.62653,39595,
era5,yancheng_2,2023-05-01,2023-05-31,ok,33.07557,120.62653,41633,
era5,yancheng_2,2023-06-01,2023-06-30,ok,33.07557,120.62653,40371,
era5,yancheng_2,2023-07-01,2023-07-31,ok,33.07557,120.62653,41730,
era5,yancheng_2,2023-08-01,2023-08-31,ok,33.07557,120.62653,40823,
era5,yancheng_2,2023-09-01,2023-09-30,ok,33.07557,120.62653,39713,
era5,yancheng_2,2023-10-01,2023-10-31,ok,33.07557,120.62653,40231,
era5,yancheng_2,2023-11-01,2023-11-30,ok,33.07557,120.62653,38501,
era5,yancheng_2,2023-12-01,2023-12-31,ok,33.07557,120.62653,39937,
era5,yancheng_2,2024-01-01,2024-01-31,ok,33.07557,120.62653,39906,
era5,yancheng_2,2024-02-01,2024-02-29,ok,33.07557,120.62653,38175,
era5,yancheng_2,2024-03-01,2024-03-31,ok,33.07557,120.62653,40735,
era5,yancheng_2,2024-04-01,2024-04-30,ok,33.07557,120.62653,40209,
era5,yancheng_2,2024-05-01,2024-05-31,ok,33.07557,120.62653,40926,
era5,yancheng_2,2024-06-01,2024-06-30,ok,33.07557,120.62653,40536,
era5,yancheng_2,2024-07-01,2024-07-31,ok,33.07557,120.62653,41463,
era5,yancheng_2,2024-08-01,2024-08-31,ok,33.07557,120.62653,40879,
era5,yancheng_2,2024-09-01,2024-09-30,ok,33.07557,120.62653,39711,
era5,yancheng_2,2024-10-01,2024-10-31,ok,33.07557,120.62653,40807,
era5,yancheng_2,2024-11-01,2024-11-30,ok,33.07557,120.62653,38586,
era5,yancheng_2,2024-12-01,2024-12-31,ok,33.07557,120.62653,39596,
era5,yancheng_2,2025-01-01,2025-01-31,ok,33.07557,120.62653,39654,
era5,yancheng_2,2025-02-01,2025-02-28,ok,33.07557,120.62653,36552,
era5,yancheng_2,2025-03-01,2025-03-31,ok,33.07557,120.62653,40699,
era5,yancheng_2,2025-04-01,2025-04-30,ok,33.07557,120.62653,39404,
era5,yancheng_2,2025-05-01,2025-05-31,ok,33.07557,120.62653,41295,
era5,yancheng_2,2025-06-01,2025-06-30,ok,33.07557,120.62653,40351,
era5,yancheng_2,2025-07-01,2025-07-31,ok,33.07557,120.62653,41104,
era5,yancheng_2,2025-08-01,2025-08-31,ok,33.07557,120.62653,40795,
era5,yancheng_2,2025-09-01,2025-09-30,ok,33.07557,120.62653,40052,
era5,yancheng_2,2025-10-01,2025-10-31,ok,33.07557,120.62653,40753,
era5,yancheng_2,2025-11-01,2025-11-30,ok,33.07557,120.62653,38205,
era5,yancheng_2,2025-12-01,2025-12-31,ok,33.07557,120.62653,39739,
era5,yancheng_2,2026-01-01,2026-01-31,ok,33.07557,120.62653,39745,
era5,yancheng_3,2019-02-01,2019-02-28,ok,33.14587,119.778595,36599,
era5,yancheng_3,2019-03-01,2019-03-31,ok,33.14587,119.778595,40326,
era5,yancheng_3,2019-04-01,2019-04-30,ok,33.14587,119.778595,39484,
era5,yancheng_3,2019-05-01,2019-05-31,ok,33.14587,119.778595,41120,
era5,yancheng_3,2019-06-01,2019-06-30,ok,33.14587,119.778595,39860,
era5,yancheng_3,2019-07-01,2019-07-31,ok,33.14587,119.778595,41276,
era5,yancheng_3,2019-08-01,2019-08-31,ok,33.14587,119.778595,40894,
era5,yancheng_3,2019-09-01,2019-09-30,ok,33.14587,119.778595,39043,
era5,yancheng_3,2019-10-01,2019-10-31,ok,33.14587,119.778595,40290,
era5,yancheng_3,2019-11-01,2019-11-30,ok,33.14587,119.778595,38455,
era5,yancheng_3,2019-12-01,2019-12-31,ok,33.14587,119.778595,39550,
era5,yancheng_3,2020-01-01,2020-01-31,ok,33.14587,119.778595,40158,
era5,yancheng_3,2020-02-01,2020-02-29,ok,33.14587,119.778595,37489,
era5,yancheng_3,2020-03-01,2020-03-31,ok,33.14587,119.778595,40502,
era5,yancheng_3,2020-04-01,2020-04-30,ok,33.14587,119.778595,39227,
era5,yancheng_3,2020-05-01,2020-05-31,ok,33.14587,119.778595,41059,
era5,yancheng_3,2020-06-01,2020-06-30,ok,33.14587,119.778595,39949,
era5,yancheng_3,2020-07-01,2020-07-31,ok,33.14587,119.778595,41511,
era5,yancheng_3,2020-08-01,2020-08-31,ok,33.14587,119.778595,41057,
era5,yancheng_3,2020-09-01,2020-09-30,ok,33.14587,119.778595,39283,
era5,yancheng_3,2020-10-01,2020-10-31,ok,33.14587,119.778595,40094,
era5,yancheng_3,2020-11-01,2020-11-30,ok,33.14587,119.778595,38405,
era5,yancheng_3,2020-12-01,2020-12-31,ok,33.14587,119.778595,39563,
era5,yancheng_3,2021-01-01,2021-01-31,ok,33.14587,119.778595,39515,
era5,yancheng_3,2021-02-01,2021-02-28,ok,33.14587,119.778595,36125,
era5,yancheng_3,2021-03-01,2021-03-31,ok,33.14587,119.778595,40617,
era5,yancheng_3,2021-04-01,2021-04-30,ok,33.14587,119.778595,39542,
era5,yancheng_3,2021-05-01,2021-05-31,ok,33.14587,119.778595,41085,
era5,yancheng_3,2021-06-01,2021-06-30,ok,33.14587,119.778595,39835,
era5,yancheng_3,2021-07-01,2021-07-31,ok,33.14587,119.778595,41332,
era5,yancheng_3,2021-08-01,2021-08-31,ok,33.14587,119.778595,41095,
era5,yancheng_3,2021-09-01,2021-09-30,ok,33.14587,119.778595,39272,
era5,yancheng_3,2021-10-01,2021-10-31,ok,33.14587,119.778595,40409,
era5,yancheng_3,2021-11-01,2021-11-30,ok,33.14587,119.778595,38455,
era5,yancheng_3,2021-12-01,2021-12-31,ok,33.14587,119.778595,39391,
era5,yancheng_3,2022-01-01,2022-01-31,ok,33.14587,119.778595,40519,
era5,yancheng_3,2022-02-01,2022-02-28,ok,33.14587,119.778595,36710,
era5,yancheng_3,2022-03-01,2022-03-31,ok,33.14587,119.778595,40850,
era5,yancheng_3,2022-04-01,2022-04-30,ok,33.14587,119.778595,39663,
era5,yancheng_3,2022-05-01,2022-05-31,ok,33.14587,119.778595,41123,
era5,yancheng_3,2022-06-01,2022-06-30,ok,33.14587,119.778595,39911,
era5,yancheng_3,2022-07-01,2022-07-31,ok,33.14587,119.778595,41486,
era5,yancheng_3,2022-08-01,2022-08-31,ok,33.14587,119.778595,41457,
era5,yancheng_3,2022-09-01,2022-09-30,ok,33.14587,119.778595,39577,
era5,yancheng_3,2022-10-01,2022-10-31,ok,33.14587,119.778595,40224,
era5,yancheng_3,2022-11-01,2022-11-30,ok,33.14587,119.778595,38963,
era5,yancheng_3,2022-12-01,2022-12-31,ok,33.14587,119.778595,39925,
era5,yancheng_3,2023-01-01,2023-01-31,ok,33.14587,119.778595,39494,
era5,yancheng_3,2023-02-01,2023-02-28,ok,33.14587,119.778595,36554,
era5,yancheng_3,2023-03-01,2023-03-31,ok,33.14587,119.778595,40767,
era5,yancheng_3,2023-04-01,2023-04-30,ok,33.14587,119.778595,39523,
era5,yancheng_3,2023-05-01,2023-05-31,ok,33.14587,119.778595,41480,
era5,yancheng_3,2023-06-01,2023-06-30,ok,33.14587,119.778595,40257,
era5,yancheng_3,2023-07-01,2023-07-31,ok,33.14587,119.778595,41657,
era5,yancheng_3,2023-08-01,2023-08-31,ok,33.14587,119.778595,40810,
era5,yancheng_3,2023-09-01,2023-09-30,ok,33.14587,119.778595,39661,
era5,yancheng_3,2023-10-01,2023-10-31,ok,33.14587,119.778595,40107,
era5,yancheng_3,2023-11-01,2023-11-30,ok,33.14587,119.778595,38382,
era5,yancheng_3,2023-12-01,2023-12-31,ok,33.14587,119.778595,39748,
era5,yancheng_3,2024-01-01,2024-01-31,ok,33.14587,119.778595,39832,
era5,yancheng_3,2024-02-01,2024-02-29,ok,33.14587,119.778595,38036,
era5,yancheng_3,2024-03-01,2024-03-31,ok,33.14587,119.778595,40582,
era5,yancheng_3,2024-04-01,2024-04-30,ok,33.14587,119.778595,40075,
era5,yancheng_3,2024-05-01,2024-05-31,ok,33.14587,119.778595,40862,
era5,yancheng_3,2024-06-01,2024-06-30,ok,33.14587,119.778595,40532,
era5,yancheng_3,2024-07-01,2024-07-31,ok,33.14587,119.778595,41417,
era5,yancheng_3,2024-08-01,2024-08-31,ok,33.14587,119.778595,40750,
era5,yancheng_3,2024-09-01,2024-09-30,ok,33.14587,119.778595,39483,
era5,yancheng_3,2024-10-01,2024-10-31,ok,33.14587,119.778595,40508,
era5,yancheng_3,2024-11-01,2024-11-30,ok,33.14587,119.778595,38419,
era5,yancheng_3,2024-12-01,2024-12-31,ok,33.14587,119.778595,39514,
era5,yancheng_3,2025-01-01,2025-01-31,ok,33.14587,119.778595,39589,
era5,yancheng_3,2025-02-01,2025-02-28,ok,33.14587,119.778595,36577,
era5,yancheng_3,2025-03-01,2025-03-31,ok,33.14587,119.778595,40590,
era5,yancheng_3,2025-04-01,2025-04-30,ok,33.14587,119.778595,39372,
era5,yancheng_3,2025-05-01,2025-05-31,ok,33.14587,119.778595,41111,
era5,yancheng_3,2025-06-01,2025-06-30,ok,33.14587,119.778595,40196,
era5,yancheng_3,2025-07-01,2025-07-31,ok,33.14587,119.778595,41006,
era5,yancheng_3,2025-08-01,2025-08-31,ok,33.14587,119.778595,40862,
era5,yancheng_3,2025-09-01,2025-09-30,ok,33.14587,119.778595,39967,
era5,yancheng_3,2025-10-01,2025-10-31,ok,33.14587,119.778595,40620,
era5,yancheng_3,2025-11-01,2025-11-30,ok,33.14587,119.778595,38144,
era5,yancheng_3,2025-12-01,2025-12-31,ok,33.14587,119.778595,39617,
era5,yancheng_3,2026-01-01,2026-01-31,ok,33.14587,119.778595,39692,
era5,lianyungang_2,2019-02-01,2019-02-28,ok,34.69244,119.35524,36475,
era5,lianyungang_2,2019-03-01,2019-03-31,ok,34.69244,119.35524,40176,
era5,lianyungang_2,2019-04-01,2019-04-30,ok,34.69244,119.35524,39423,
era5,lianyungang_2,2019-05-01,2019-05-31,ok,34.69244,119.35524,41018,
era5,lianyungang_2,2019-06-01,2019-06-30,ok,34.69244,119.35524,39795,
era5,lianyungang_2,2019-07-01,2019-07-31,ok,34.69244,119.35524,41229,
era5,lianyungang_2,2019-08-01,2019-08-31,ok,34.69244,119.35524,40915,
era5,lianyungang_2,2019-09-01,2019-09-30,ok,34.69244,119.35524,38947,
era5,lianyungang_2,2019-10-01,2019-10-31,ok,34.69244,119.35524,40165,
era5,lianyungang_2,2019-11-01,2019-11-30,ok,34.69244,119.35524,38492,
era5,lianyungang_2,2019-12-01,2019-12-31,ok,34.69244,119.35524,39462,
era5,lianyungang_2,2020-01-01,2020-01-31,ok,34.69244,119.35524,39962,
era5,lianyungang_2,2020-02-01,2020-02-29,ok,34.69244,119.35524,37450,
era5,lianyungang_2,2020-03-01,2020-03-31,ok,34.69244,119.35524,40248,
era5,lianyungang_2,2020-04-01,2020-04-30,ok,34.69244,119.35524,39079,
era5,lianyungang_2,2020-05-01,2020-05-31,ok,34.69244,119.35524,40984,
era5,lianyungang_2,2020-06-01,2020-06-30,ok,34.69244,119.35524,39938,
era5,lianyungang_2,2020-07-01,2020-07-31,ok,34.69244,119.35524,41416,
era5,lianyungang_2,2020-08-01,2020-08-31,ok,34.69244,119.35524,41207,
era5,lianyungang_2,2020-09-01,2020-09-30,ok,34.69244,119.35524,39115,
era5,lianyungang_2,2020-10-01,2020-10-31,ok,34.69244,119.35524,40185,
era5,lianyungang_2,2020-11-01,2020-11-30,ok,34.69244,119.35524,38429,
era5,lianyungang_2,2020-12-01,2020-12-31,ok,34.69244,119.35524,39502,
era5,lianyungang_2,2021-01-01,2021-01-31,ok,34.69244,119.35524,39377,
era5,lianyungang_2,2021-02-01,2021-02-28,ok,34.69244,119.35524,36084,
era5,lianyungang_2,2021-03-01,2021-03-31,ok,34.69244,119.35524,40374,
era5,lianyungang_2,2021-04-01,2021-04-30,ok,34.69244,119.35524,39567,
era5,lianyungang_2,2021-05-01,2021-05-31,ok,34.69244,119.35524,40959,
era5,lianyungang_2,2021-06-01,2021-06-30,ok,34.69244,119.35524,39827,
era5,lianyungang_2,2021-07-01,2021-07-31,ok,34.69244,119.35524,41484,
era5,lianyungang_2,2021-08-01,2021-08-31,ok,34.69244,119.35524,41156,
era5,lianyungang_2,2021-09-01,2021-09-30,ok,34.69244,119.35524,39363,
era5,lianyungang_2,2021-10-01,2021-10-31,ok,34.69244,119.35524,40511,
era5,lianyungang_2,2021-11-01,2021-11-30,ok,34.69244,119.35524,38438,
era5,lianyungang_2,2021-12-01,2021-12-31,ok,34.69244,119.35524,39383,
era5,lianyungang_2,2022-01-01,2022-01-31,ok,34.69244,119.35524,40204,
era5,lianyungang_2,2022-02-01,2022-02-28,ok,34.69244,119.35524,36756,
era5,lianyungang_2,2022-03-01,2022-03-31,ok,34.69244,119.35524,40927,
era5,lianyungang_2,2022-04-01,2022-04-30,ok,34.69244,119.35524,39568,
era5,lianyungang_2,2022-05-01,2022-05-31,ok,34.69244,119.35524,40930,
era5,lianyungang_2,2022-06-01,2022-06-30,ok,34.69244,119.35524,39862,
era5,lianyungang_2,2022-07-01,2022-07-31,ok,34.69244,119.35524,41455,
era5,lianyungang_2,2022-08-01,2022-08-31,ok,34.69244,119.35524,41404,
era5,lianyungang_2,2022-09-01,2022-09-30,ok,34.69244,119.35524,39371,
era5,lianyungang_2,2022-10-01,2022-10-31,ok,34.69244,119.35524,40239,
era5,lianyungang_2,2022-11-01,2022-11-30,ok,34.69244,119.35524,39051,
era5,lianyungang_2,2022-12-01,2022-12-31,ok,34.69244,119.35524,39768,
era5,lianyungang_2,2023-01-01,2023-01-31,ok,34.69244,119.35524,39628,
era5,lianyungang_2,2023-02-01,2023-02-28,ok,34.69244,119.35524,36610,
era5,lianyungang_2,2023-03-01,2023-03-31,ok,34.69244,119.35524,40453,
era5,lianyungang_2,2023-04-01,2023-04-30,ok,34.69244,119.35524,39440,
era5,lianyungang_2,2023-05-01,2023-05-31,ok,34.69244,119.35524,41485,
era5,lianyungang_2,2023-06-01,2023-06-30,ok,34.69244,119.35524,39942,
era5,lianyungang_2,2023-07-01,2023-07-31,ok,34.69244,119.35524,41688,
era5,lianyungang_2,2023-08-01,2023-08-31,ok,34.69244,119.35524,40832,
era5,lianyungang_2,2023-09-01,2023-09-30,ok,34.69244,119.35524,39523,
era5,lianyungang_2,2023-10-01,2023-10-31,ok,34.69244,119.35524,40071,
era5,lianyungang_2,2023-11-01,2023-11-30,ok,34.69244,119.35524,38327,
era5,lianyungang_2,2023-12-01,2023-12-31,ok,34.69244,119.35524,39568,
era5,lianyungang_2,2024-01-01,2024-01-31,ok,34.69244,119.35524,39624,
era5,lianyungang_2,2024-02-01,2024-02-29,ok,34.69244,119.35524,38070,
era5,lianyungang_2,2024-03-01,2024-03-31,ok,34.69244,119.35524,40496,
era5,lianyungang_2,2024-04-01,2024-04-30,ok,34.69244,119.35524,39878,
era5,lianyungang_2,2024-05-01,2024-05-31,ok,34.69244,119.35524,40792,
era5,lianyungang_2,2024-06-01,2024-06-30,ok,34.69244,119.35524,40165,
era5,lianyungang_2,2024-07-01,2024-07-31,ok,34.69244,119.35524,41397,
era5,lianyungang_2,2024-08-01,2024-08-31,ok,34.69244,119.35524,40864,
era5,lianyungang_2,2024-09-01,2024-09-30,ok,34.69244,119.35524,39493,
era5,lianyungang_2,2024-10-01,2024-10-31,ok,34.69244,119.35524,40415,
era5,lianyungang_2,2024-11-01,2024-11-30,ok,34.69244,119.35524,38646,
era5,lianyungang_2,2024-12-01,2024-12-31,ok,34.69244,119.35524,39511,
era5,lianyungang_2,2025-01-01,2025-01-31,ok,34.69244,119.35524,39414,
era5,lianyungang_2,2025-02-01,2025-02-28,ok,34.69244,119.35524,36279,
era5,lianyungang_2,2025-03-01,2025-03-31,ok,34.69244,119.35524,40591,
era5,lianyungang_2,2025-04-01,2025-04-30,ok,34.69244,119.35524,39224,
era5,lianyungang_2,2025-05-01,2025-05-31,ok,34.69244,119.35524,41094,
era5,lianyungang_2,2025-06-01,2025-06-30,ok,34.69244,119.35524,40159,
era5,lianyungang_2,2025-07-01,2025-07-31,ok,34.69244,119.35524,40955,
era5,lianyungang_2,2025-08-01,2025-08-31,ok,34.69244,119.35524,41101,
era5,lianyungang_2,2025-09-01,2025-09-30,ok,34.69244,119.35524,40110,
era5,lianyungang_2,2025-10-01,2025-10-31,ok,34.69244,119.35524,40649,
era5,lianyungang_2,2025-11-01,2025-11-30,ok,34.69244,119.35524,37977,
era5,lianyungang_2,2025-12-01,2025-12-31,ok,34.69244,119.35524,39563,
era5,lianyungang_2,2026-01-01,2026-01-31,ok,34.69244,119.35524,39661,
previous_runs,yancheng_3,2021-05-01,2021-05-31,ok,33.094696,119.765625,179261,
previous_runs,changzhou_1,2026-04-01,2026-04-30,ok,31.454605,119.765625,166491,
previous_runs,changzhou_1,2026-02-01,2026-02-28,ok,31.454605,119.765625,151955,
previous_runs,changzhou_1,2026-03-01,2026-03-31,ok,31.454605,119.765625,168862,
previous_runs,changzhou_1,2026-05-01,2026-05-31,ok,31.454605,119.765625,175148,
previous_runs,changzhou_1,2026-06-01,2026-06-30,ok,31.454605,119.765625,169045,
previous_runs,changzhou_1,2026-08-01,2026-08-31,ok,31.454605,119.765625,173457,
previous_runs,changzhou_1,2026-07-01,2026-07-31,ok,31.454605,119.765625,174392,
previous_runs,nanjing_1,2026-02-01,2026-02-28,ok,31.923203,118.59375,151901,
previous_runs,nanjing_1,2026-03-01,2026-03-31,ok,31.923203,118.59375,168328,
previous_runs,nanjing_1,2026-04-01,2026-04-30,ok,31.923203,118.59375,166258,
previous_runs,nanjing_1,2026-05-01,2026-05-31,ok,31.923203,118.59375,174463,
previous_runs,nanjing_1,2026-06-01,2026-06-30,ok,31.923203,118.59375,168804,
previous_runs,nanjing_1,2026-07-01,2026-07-31,ok,31.923203,118.59375,173529,
previous_runs,nanjing_1,2026-08-01,2026-08-31,ok,31.923203,118.59375,172528,
previous_runs,suzhou_1,2026-02-01,2026-02-28,ok,31.454605,121.05469,152200,
previous_runs,suzhou_1,2026-03-01,2026-03-31,ok,31.454605,121.05469,168375,
previous_runs,suzhou_1,2026-04-01,2026-04-30,ok,31.454605,121.05469,165942,
previous_runs,suzhou_1,2026-05-01,2026-05-31,ok,31.454605,121.05469,174651,
previous_runs,suzhou_1,2026-07-01,2026-07-31,ok,31.454605,121.05469,174862,
previous_runs,suzhou_1,2026-06-01,2026-06-30,ok,31.454605,121.05469,168085,
previous_runs,wuxi_1,2026-02-01,2026-02-28,ok,31.103157,120.234375,151405,
previous_runs,suzhou_1,2026-08-01,2026-08-31,ok,31.454605,121.05469,173314,
previous_runs,wuxi_1,2026-03-01,2026-03-31,ok,31.103157,120.234375,169152,
previous_runs,wuxi_1,2026-04-01,2026-04-30,ok,31.103157,120.234375,167007,
previous_runs,wuxi_1,2026-05-01,2026-05-31,ok,31.103157,120.234375,175557,
previous_runs,wuxi_1,2026-06-01,2026-06-30,ok,31.103157,120.234375,169161,
previous_runs,wuxi_1,2026-07-01,2026-07-31,ok,31.103157,120.234375,175125,
previous_runs,nanjing_2,2026-02-01,2026-02-28,ok,31.454605,119.0625,151622,
previous_runs,wuxi_1,2026-08-01,2026-08-31,ok,31.103157,120.234375,173933,
previous_runs,nanjing_2,2026-04-01,2026-04-30,ok,31.454605,119.0625,166082,
previous_runs,nanjing_2,2026-05-01,2026-05-31,ok,31.454605,119.0625,174494,
previous_runs,nanjing_2,2026-06-01,2026-06-30,ok,31.454605,119.0625,168510,
previous_runs,nanjing_2,2026-03-01,2026-03-31,ok,31.454605,119.0625,168181,
previous_runs,nanjing_2,2026-07-01,2026-07-31,ok,31.454605,119.0625,173554,
previous_runs,nanjing_2,2026-08-01,2026-08-31,ok,31.454605,119.0625,172742,
previous_runs,taizhou_1,2026-02-01,2026-02-28,ok,32.743248,119.765625,152580,
previous_runs,taizhou_1,2026-03-01,2026-03-31,ok,32.743248,119.765625,168578,
previous_runs,taizhou_1,2026-04-01,2026-04-30,ok,32.743248,119.765625,166694,
previous_runs,taizhou_1,2026-05-01,2026-05-31,ok,32.743248,119.765625,174650,
previous_runs,taizhou_1,2026-06-01,2026-06-30,ok,32.743248,119.765625,169215,
previous_runs,taizhou_1,2026-07-01,2026-07-31,ok,32.743248,119.765625,175037,
previous_runs,taizhou_1,2026-08-01,2026-08-31,ok,32.743248,119.765625,173304,
previous_runs,taizhou_2,2026-02-01,2026-02-28,ok,32.743248,120.58594,152562,
previous_runs,taizhou_2,2026-03-01,2026-03-31,ok,32.743248,120.58594,168292,
previous_runs,taizhou_2,2026-04-01,2026-04-30,ok,32.743248,120.58594,166647,
previous_runs,taizhou_2,2026-05-01,2026-05-31,ok,32.743248,120.58594,174797,
previous_runs,taizhou_2,2026-06-01,2026-06-30,ok,32.743248,120.58594,169170,
previous_runs,taizhou_2,2026-07-01,2026-07-31,ok,32.743248,120.58594,175266,
previous_runs,taizhou_2,2026-08-01,2026-08-31,ok,32.743248,120.58594,173534,
previous_runs,nantong_1,2026-02-01,2026-02-28,ok,31.923203,121.05469,152498,
previous_runs,nantong_1,2026-03-01,2026-03-31,ok,31.923203,121.05469,168712,
previous_runs,nantong_1,2026-04-01,2026-04-30,ok,31.923203,121.05469,166544,
previous_runs,nantong_1,2026-05-01,2026-05-31,ok,31.923203,121.05469,175151,
previous_runs,nantong_1,2026-06-01,2026-06-30,ok,31.923203,121.05469,169148,
previous_runs,nantong_1,2026-07-01,2026-07-31,ok,31.923203,121.05469,175288,
previous_runs,nantong_2,2026-02-01,2026-02-28,ok,31.923203,121.75781,152318,
previous_runs,nantong_2,2026-03-01,2026-03-31,ok,31.923203,121.75781,168703,
previous_runs,nantong_1,2026-08-01,2026-08-31,ok,31.923203,121.05469,173806,
previous_runs,nantong_2,2026-04-01,2026-04-30,ok,31.923203,121.75781,167044,
previous_runs,nantong_2,2026-05-01,2026-05-31,ok,31.923203,121.75781,175217,
previous_runs,nantong_2,2026-07-01,2026-07-31,ok,31.923203,121.75781,175956,
previous_runs,nantong_2,2026-08-01,2026-08-31,ok,31.923203,121.75781,173965,
previous_runs,nantong_2,2026-06-01,2026-06-30,ok,31.923203,121.75781,169330,
previous_runs,suqian_1,2026-03-01,2026-03-31,ok,33.91474,118.24219,169855,
previous_runs,suqian_1,2026-02-01,2026-02-28,ok,33.91474,118.24219,152897,
previous_runs,suqian_1,2026-05-01,2026-05-31,ok,33.91474,118.24219,174126,
previous_runs,suqian_1,2026-04-01,2026-04-30,ok,33.91474,118.24219,167030,
previous_runs,suqian_1,2026-07-01,2026-07-31,ok,33.91474,118.24219,174490,
previous_runs,suqian_1,2026-08-01,2026-08-31,ok,33.91474,118.24219,172669,
previous_runs,suqian_1,2026-06-01,2026-06-30,ok,33.91474,118.24219,170096,
previous_runs,xuzhou_1,2026-02-01,2026-02-28,ok,34.734787,116.60156,153078,
previous_runs,xuzhou_1,2026-03-01,2026-03-31,ok,34.734787,116.60156,170066,
previous_runs,xuzhou_1,2026-04-01,2026-04-30,ok,34.734787,116.60156,167457,
previous_runs,xuzhou_1,2026-05-01,2026-05-31,ok,34.734787,116.60156,173924,
previous_runs,xuzhou_1,2026-06-01,2026-06-30,ok,34.734787,116.60156,169965,
previous_runs,xuzhou_1,2026-07-01,2026-07-31,ok,34.734787,116.60156,173828,
previous_runs,huai_an_1,2026-03-01,2026-03-31,ok,33.094696,119.41406,168862,
previous_runs,xuzhou_1,2026-08-01,2026-08-31,ok,34.734787,116.60156,172162,
previous_runs,huai_an_1,2026-02-01,2026-02-28,ok,33.094696,119.41406,152730,
previous_runs,huai_an_1,2026-04-01,2026-04-30,ok,33.094696,119.41406,166769,
previous_runs,huai_an_1,2026-05-01,2026-05-31,ok,33.094696,119.41406,174483,
previous_runs,huai_an_1,2026-06-01,2026-06-30,ok,33.094696,119.41406,169375,
previous_runs,huai_an_1,2026-07-01,2026-07-31,ok,33.094696,119.41406,175204,
previous_runs,huai_an_1,2026-08-01,2026-08-31,ok,33.094696,119.41406,172969,
previous_runs,huai_an_2,2026-02-01,2026-02-28,ok,33.91474,119.41406,152908,
previous_runs,huai_an_2,2026-04-01,2026-04-30,ok,33.91474,119.41406,166961,
previous_runs,huai_an_2,2026-03-01,2026-03-31,ok,33.91474,119.41406,169506,
previous_runs,huai_an_2,2026-05-01,2026-05-31,ok,33.91474,119.41406,174379,
previous_runs,huai_an_2,2026-06-01,2026-06-30,ok,33.91474,119.41406,169820,
previous_runs,huai_an_2,2026-07-01,2026-07-31,ok,33.91474,119.41406,174936,
previous_runs,xuzhou_2,2026-02-01,2026-02-28,ok,34.26619,117.421875,152885,
previous_runs,huai_an_2,2026-08-01,2026-08-31,ok,33.91474,119.41406,173096,
previous_runs,xuzhou_2,2026-03-01,2026-03-31,ok,34.26619,117.421875,169915,
previous_runs,xuzhou_2,2026-04-01,2026-04-30,ok,34.26619,117.421875,167166,
previous_runs,xuzhou_2,2026-05-01,2026-05-31,ok,34.26619,117.421875,173980,
previous_runs,xuzhou_2,2026-08-01,2026-08-31,ok,34.26619,117.421875,172282,
previous_runs,xuzhou_2,2026-07-01,2026-07-31,ok,34.26619,117.421875,173977,
previous_runs,huai_an_3,2026-02-01,2026-02-28,ok,33.094696,118.59375,152825,
previous_runs,xuzhou_2,2026-06-01,2026-06-30,ok,34.26619,117.421875,170144,
previous_runs,huai_an_3,2026-04-01,2026-04-30,ok,33.094696,118.59375,166931,
previous_runs,huai_an_3,2026-03-01,2026-03-31,ok,33.094696,118.59375,169306,
previous_runs,huai_an_3,2026-06-01,2026-06-30,ok,33.094696,118.59375,169604,
previous_runs,huai_an_3,2026-05-01,2026-05-31,ok,33.094696,118.59375,174578,
previous_runs,huai_an_3,2026-08-01,2026-08-31,ok,33.094696,118.59375,173057,
previous_runs,huai_an_3,2026-07-01,2026-07-31,ok,33.094696,118.59375,175115,
previous_runs,yancheng_1,2026-02-01,2026-02-28,ok,33.91474,119.765625,153005,
previous_runs,yancheng_1,2026-04-01,2026-04-30,ok,33.91474,119.765625,166914,
previous_runs,yancheng_1,2026-05-01,2026-05-31,ok,33.91474,119.765625,174407,
previous_runs,yancheng_1,2026-06-01,2026-06-30,ok,33.91474,119.765625,169815,
previous_runs,yancheng_1,2026-03-01,2026-03-31,ok,33.91474,119.765625,169461,
previous_runs,yancheng_1,2026-07-01,2026-07-31,ok,33.91474,119.765625,175167,
previous_runs,yancheng_1,2026-08-01,2026-08-31,ok,33.91474,119.765625,173124,
previous_runs,lianyungang_1,2026-02-01,2026-02-28,ok,34.734787,118.59375,153097,
previous_runs,lianyungang_1,2026-03-01,2026-03-31,ok,34.734787,118.59375,169898,
previous_runs,lianyungang_1,2026-05-01,2026-05-31,ok,34.734787,118.59375,173735,
previous_runs,lianyungang_1,2026-04-01,2026-04-30,ok,34.734787,118.59375,167086,
previous_runs,lianyungang_1,2026-07-01,2026-07-31,ok,34.734787,118.59375,173145,
previous_runs,lianyungang_1,2026-06-01,2026-06-30,ok,34.734787,118.59375,169520,
previous_runs,lianyungang_1,2026-08-01,2026-08-31,ok,34.734787,118.59375,171706,
previous_runs,yancheng_2,2026-02-01,2026-02-28,ok,33.094696,120.58594,152625,
previous_runs,yancheng_2,2026-03-01,2026-03-31,ok,33.094696,120.58594,168509,
previous_runs,yancheng_2,2026-04-01,2026-04-30,ok,33.094696,120.58594,166788,
previous_runs,yancheng_2,2026-05-01,2026-05-31,ok,33.094696,120.58594,174761,
previous_runs,yancheng_2,2026-06-01,2026-06-30,ok,33.094696,120.58594,169514,
previous_runs,yancheng_3,2026-02-01,2026-02-28,ok,33.094696,119.765625,152499,
previous_runs,yancheng_3,2026-03-01,2026-03-31,ok,33.094696,119.765625,168313,
previous_runs,yancheng_2,2026-07-01,2026-07-31,ok,33.094696,120.58594,175465,
previous_runs,yancheng_3,2026-04-01,2026-04-30,ok,33.094696,119.765625,166351,
previous_runs,yancheng_3,2026-05-01,2026-05-31,ok,33.094696,119.765625,174302,
previous_runs,yancheng_3,2026-06-01,2026-06-30,ok,33.094696,119.765625,169163,
previous_runs,yancheng_3,2026-08-01,2026-08-31,ok,33.094696,119.765625,172934,
previous_runs,lianyungang_2,2026-02-01,2026-02-28,ok,34.734787,119.41406,151008,
previous_runs,yancheng_3,2026-07-01,2026-07-31,ok,33.094696,119.765625,175007,
previous_runs,lianyungang_2,2026-03-01,2026-03-31,ok,34.734787,119.41406,167161,
previous_runs,lianyungang_2,2026-04-01,2026-04-30,ok,34.734787,119.41406,164203,
previous_runs,lianyungang_2,2026-05-01,2026-05-31,ok,34.734787,119.41406,171595,
previous_runs,lianyungang_2,2026-06-01,2026-06-30,ok,34.734787,119.41406,168304,
previous_runs,lianyungang_2,2026-07-01,2026-07-31,ok,34.734787,119.41406,172668,
satellite,changzhou_1,2026-02-01,2026-02-28,ok,31.5,119.8,29201,
previous_runs,lianyungang_2,2026-08-01,2026-08-31,ok,34.734787,119.41406,171087,
satellite,changzhou_1,2026-03-01,2026-03-31,ok,31.5,119.8,32392,
satellite,changzhou_1,2026-04-01,2026-04-30,ok,31.5,119.8,31532,
satellite,changzhou_1,2026-05-01,2026-05-31,ok,31.5,119.8,33102,
satellite,changzhou_1,2026-06-01,2026-06-30,ok,31.5,119.8,31794,
satellite,changzhou_1,2026-08-01,2026-08-31,ok,31.5,119.8,32750,
satellite,changzhou_1,2026-07-01,2026-07-31,ok,31.5,119.8,33012,
satellite,nanjing_1,2026-02-01,2026-02-28,ok,31.900002,118.600006,29219,
satellite,nanjing_1,2026-03-01,2026-03-31,ok,31.900002,118.600006,32353,
satellite,nanjing_1,2026-04-01,2026-04-30,ok,31.900002,118.600006,31483,
satellite,nanjing_1,2026-05-01,2026-05-31,ok,31.900002,118.600006,32980,
satellite,nanjing_1,2026-06-01,2026-06-30,ok,31.900002,118.600006,32034,
satellite,nanjing_1,2026-07-01,2026-07-31,ok,31.900002,118.600006,33086,
satellite,nanjing_1,2026-08-01,2026-08-31,ok,31.900002,118.600006,32884,
satellite,suzhou_1,2026-02-01,2026-02-28,ok,31.5,121.0,29235,
satellite,suzhou_1,2026-04-01,2026-04-30,ok,31.5,121.0,31522,
satellite,suzhou_1,2026-03-01,2026-03-31,ok,31.5,121.0,32460,
satellite,suzhou_1,2026-05-01,2026-05-31,ok,31.5,121.0,33138,
satellite,suzhou_1,2026-06-01,2026-06-30,ok,31.5,121.0,31696,
satellite,suzhou_1,2026-07-01,2026-07-31,ok,31.5,121.0,33182,
satellite,suzhou_1,2026-08-01,2026-08-31,ok,31.5,121.0,32820,
satellite,wuxi_1,2026-02-01,2026-02-28,ok,31.099998,120.2,29093,
satellite,wuxi_1,2026-03-01,2026-03-31,ok,31.099998,120.2,32341,
satellite,wuxi_1,2026-04-01,2026-04-30,ok,31.099998,120.2,31387,
satellite,wuxi_1,2026-05-01,2026-05-31,ok,31.099998,120.2,33024,
satellite,wuxi_1,2026-06-01,2026-06-30,ok,31.099998,120.2,31658,
satellite,nanjing_2,2026-02-01,2026-02-28,ok,31.5,119.0,29193,
satellite,wuxi_1,2026-07-01,2026-07-31,ok,31.099998,120.2,33004,
satellite,wuxi_1,2026-08-01,2026-08-31,ok,31.099998,120.2,32753,
satellite,nanjing_2,2026-03-01,2026-03-31,ok,31.5,119.0,32336,
satellite,nanjing_2,2026-04-01,2026-04-30,ok,31.5,119.0,31484,
satellite,nanjing_2,2026-05-01,2026-05-31,ok,31.5,119.0,33021,
satellite,nanjing_2,2026-06-01,2026-06-30,ok,31.5,119.0,31822,
satellite,nanjing_2,2026-07-01,2026-07-31,ok,31.5,119.0,33105,
satellite,nanjing_2,2026-08-01,2026-08-31,ok,31.5,119.0,32928,
satellite,taizhou_1,2026-02-01,2026-02-28,ok,32.700005,119.8,29305,
satellite,taizhou_1,2026-03-01,2026-03-31,ok,32.700005,119.8,32483,
satellite,taizhou_1,2026-04-01,2026-04-30,ok,32.700005,119.8,31603,
satellite,taizhou_1,2026-05-01,2026-05-31,ok,32.700005,119.8,33126,
satellite,taizhou_1,2026-06-01,2026-06-30,ok,32.700005,119.8,31922,
satellite,taizhou_1,2026-07-01,2026-07-31,ok,32.700005,119.8,33098,
satellite,taizhou_1,2026-08-01,2026-08-31,ok,32.700005,119.8,32902,
satellite,taizhou_2,2026-02-01,2026-02-28,ok,32.700005,120.600006,29304,
satellite,taizhou_2,2026-04-01,2026-04-30,ok,32.700005,120.600006,31605,
satellite,taizhou_2,2026-03-01,2026-03-31,ok,32.700005,120.600006,32451,
satellite,taizhou_2,2026-05-01,2026-05-31,ok,32.700005,120.600006,33181,
previous_runs,yancheng_2,2026-08-01,2026-08-31,ok,33.094696,120.58594,173618,
satellite,taizhou_2,2026-07-01,2026-07-31,ok,32.700005,120.600006,32995,
satellite,taizhou_2,2026-08-01,2026-08-31,ok,32.700005,120.600006,32889,
satellite,taizhou_2,2026-06-01,2026-06-30,ok,32.700005,120.600006,31921,
satellite,nantong_1,2026-02-01,2026-02-28,ok,31.900002,121.0,29239,
satellite,nantong_1,2026-05-01,2026-05-31,ok,31.900002,121.0,33144,
satellite,nantong_1,2026-03-01,2026-03-31,ok,31.900002,121.0,32412,
satellite,nantong_1,2026-06-01,2026-06-30,ok,31.900002,121.0,31782,
satellite,nantong_1,2026-08-01,2026-08-31,ok,31.900002,121.0,32785,
satellite,nantong_1,2026-07-01,2026-07-31,ok,31.900002,121.0,33107,
satellite,nantong_2,2026-02-01,2026-02-28,ok,31.900002,121.8,29281,
satellite,nantong_2,2026-03-01,2026-03-31,ok,31.900002,121.8,32455,
satellite,nantong_2,2026-05-01,2026-05-31,ok,31.900002,121.8,33099,
satellite,nantong_2,2026-04-01,2026-04-30,ok,31.900002,121.8,31505,
satellite,nantong_2,2026-06-01,2026-06-30,ok,31.900002,121.8,31846,
satellite,nantong_2,2026-07-01,2026-07-31,ok,31.900002,121.8,33189,
satellite,nantong_2,2026-08-01,2026-08-31,ok,31.900002,121.8,32896,
satellite,suqian_1,2026-02-01,2026-02-28,ok,33.9,118.2,29303,
satellite,suqian_1,2026-03-01,2026-03-31,ok,33.9,118.2,32543,
satellite,suqian_1,2026-05-01,2026-05-31,ok,33.9,118.2,33044,
satellite,suqian_1,2026-06-01,2026-06-30,ok,33.9,118.2,32095,
satellite,suqian_1,2026-08-01,2026-08-31,ok,33.9,118.2,33055,
satellite,suqian_1,2026-07-01,2026-07-31,ok,33.9,118.2,32869,
satellite,suqian_1,2026-04-01,2026-04-30,ok,33.9,118.2,31774,
satellite,xuzhou_1,2026-02-01,2026-02-28,ok,34.700005,116.600006,29311,
satellite,xuzhou_1,2026-03-01,2026-03-31,ok,34.700005,116.600006,32563,
satellite,xuzhou_1,2026-04-01,2026-04-30,ok,34.700005,116.600006,31896,
satellite,xuzhou_1,2026-05-01,2026-05-31,ok,34.700005,116.600006,33066,
satellite,xuzhou_1,2026-06-01,2026-06-30,ok,34.700005,116.600006,32206,
satellite,xuzhou_1,2026-07-01,2026-07-31,ok,34.700005,116.600006,33153,
satellite,xuzhou_1,2026-08-01,2026-08-31,ok,34.700005,116.600006,33093,
satellite,huai_an_1,2026-02-01,2026-02-28,ok,33.1,119.4,29351,
satellite,huai_an_1,2026-03-01,2026-03-31,ok,33.1,119.4,32512,
satellite,huai_an_1,2026-04-01,2026-04-30,ok,33.1,119.4,31654,
satellite,huai_an_1,2026-05-01,2026-05-31,ok,33.1,119.4,33075,
satellite,huai_an_1,2026-08-01,2026-08-31,ok,33.1,119.4,32945,
satellite,huai_an_1,2026-06-01,2026-06-30,ok,33.1,119.4,31985,
satellite,huai_an_1,2026-07-01,2026-07-31,ok,33.1,119.4,32940,
satellite,huai_an_2,2026-02-01,2026-02-28,ok,33.9,119.4,29335,
satellite,huai_an_2,2026-04-01,2026-04-30,ok,33.9,119.4,31764,
satellite,huai_an_2,2026-03-01,2026-03-31,ok,33.9,119.4,32519,
satellite,huai_an_2,2026-05-01,2026-05-31,ok,33.9,119.4,33131,
satellite,huai_an_2,2026-06-01,2026-06-30,ok,33.9,119.4,32019,
satellite,huai_an_2,2026-07-01,2026-07-31,ok,33.9,119.4,32848,
satellite,huai_an_2,2026-08-01,2026-08-31,ok,33.9,119.4,32935,
satellite,xuzhou_2,2026-03-01,2026-03-31,ok,34.300003,117.4,32618,
satellite,xuzhou_2,2026-02-01,2026-02-28,ok,34.300003,117.4,29305,
satellite,xuzhou_2,2026-04-01,2026-04-30,ok,34.300003,117.4,31881,
satellite,xuzhou_2,2026-05-01,2026-05-31,ok,34.300003,117.4,33055,
satellite,xuzhou_2,2026-07-01,2026-07-31,ok,34.300003,117.4,32924,
satellite,xuzhou_2,2026-06-01,2026-06-30,ok,34.300003,117.4,32188,
satellite,xuzhou_2,2026-08-01,2026-08-31,ok,34.300003,117.4,33004,
satellite,huai_an_3,2026-03-01,2026-03-31,ok,33.1,118.600006,32526,
satellite,huai_an_3,2026-02-01,2026-02-28,ok,33.1,118.600006,29276,
satellite,huai_an_3,2026-04-01,2026-04-30,ok,33.1,118.600006,31699,
satellite,huai_an_3,2026-05-01,2026-05-31,ok,33.1,118.600006,33025,
satellite,huai_an_3,2026-06-01,2026-06-30,ok,33.1,118.600006,32050,
satellite,huai_an_3,2026-07-01,2026-07-31,ok,33.1,118.600006,32907,
satellite,yancheng_1,2026-02-01,2026-02-28,ok,33.9,119.8,29334,
satellite,huai_an_3,2026-08-01,2026-08-31,ok,33.1,118.600006,32954,
satellite,yancheng_1,2026-03-01,2026-03-31,ok,33.9,119.8,32541,
satellite,yancheng_1,2026-05-01,2026-05-31,ok,33.9,119.8,33082,
satellite,yancheng_1,2026-04-01,2026-04-30,ok,33.9,119.8,31767,
satellite,yancheng_1,2026-06-01,2026-06-30,ok,33.9,119.8,32046,
satellite,yancheng_1,2026-08-01,2026-08-31,ok,33.9,119.8,32939,
satellite,lianyungang_1,2026-03-01,2026-03-31,ok,34.700005,118.600006,32677,
satellite,lianyungang_1,2026-02-01,2026-02-28,ok,34.700005,118.600006,29357,
satellite,lianyungang_1,2026-04-01,2026-04-30,ok,34.700005,118.600006,31913,
satellite,lianyungang_1,2026-05-01,2026-05-31,ok,34.700005,118.600006,33058,
satellite,lianyungang_1,2026-07-01,2026-07-31,ok,34.700005,118.600006,32876,
satellite,lianyungang_1,2026-06-01,2026-06-30,ok,34.700005,118.600006,32248,
satellite,lianyungang_1,2026-08-01,2026-08-31,ok,34.700005,118.600006,33036,
satellite,yancheng_2,2026-02-01,2026-02-28,ok,33.1,120.600006,29299,
satellite,yancheng_2,2026-03-01,2026-03-31,ok,33.1,120.600006,32516,
satellite,yancheng_2,2026-04-01,2026-04-30,ok,33.1,120.600006,31672,
satellite,yancheng_2,2026-05-01,2026-05-31,ok,33.1,120.600006,33126,
satellite,yancheng_2,2026-06-01,2026-06-30,ok,33.1,120.600006,31917,
satellite,nantong_1,2026-04-01,2026-04-30,ok,31.900002,121.0,31521,
satellite,yancheng_2,2026-07-01,2026-07-31,ok,33.1,120.600006,32977,
satellite,yancheng_3,2026-02-01,2026-02-28,ok,33.1,119.8,29295,
satellite,yancheng_3,2026-03-01,2026-03-31,ok,33.1,119.8,32514,
satellite,yancheng_2,2026-08-01,2026-08-31,ok,33.1,120.600006,32911,
satellite,yancheng_3,2026-06-01,2026-06-30,ok,33.1,119.8,32009,
satellite,yancheng_3,2026-05-01,2026-05-31,ok,33.1,119.8,33098,
satellite,yancheng_3,2026-07-01,2026-07-31,ok,33.1,119.8,32891,
satellite,yancheng_3,2026-08-01,2026-08-31,ok,33.1,119.8,32845,
satellite,lianyungang_2,2026-02-01,2026-02-28,ok,34.700005,119.4,29370,
satellite,lianyungang_2,2026-03-01,2026-03-31,ok,34.700005,119.4,32656,
satellite,lianyungang_2,2026-04-01,2026-04-30,ok,34.700005,119.4,31946,
satellite,yancheng_3,2026-04-01,2026-04-30,ok,33.1,119.8,31651,
satellite,lianyungang_2,2026-07-01,2026-07-31,ok,34.700005,119.4,32812,
satellite,lianyungang_2,2026-06-01,2026-06-30,ok,34.700005,119.4,32203,
satellite,lianyungang_2,2026-08-01,2026-08-31,ok,34.700005,119.4,32996,
era5,changzhou_1,2026-02-01,2026-02-28,ok,31.528997,119.82057,36478,
era5,changzhou_1,2026-03-01,2026-03-31,ok,31.528997,119.82057,40850,
era5,changzhou_1,2026-05-01,2026-05-31,ok,31.528997,119.82057,41287,
era5,changzhou_1,2026-04-01,2026-04-30,ok,31.528997,119.82057,39946,
era5,changzhou_1,2026-06-01,2026-06-30,ok,31.528997,119.82057,40234,
era5,changzhou_1,2026-07-01,2026-07-31,ok,31.528997,119.82057,41331,
era5,changzhou_1,2026-08-01,2026-08-31,ok,31.528997,119.82057,41040,
era5,nanjing_1,2026-02-01,2026-02-28,ok,31.880491,118.59206,36489,
era5,nanjing_1,2026-03-01,2026-03-31,ok,31.880491,118.59206,40828,
era5,nanjing_1,2026-04-01,2026-04-30,ok,31.880491,118.59206,39846,
era5,nanjing_1,2026-05-01,2026-05-31,ok,31.880491,118.59206,41288,
era5,nanjing_1,2026-06-01,2026-06-30,ok,31.880491,118.59206,40203,
era5,nanjing_1,2026-07-01,2026-07-31,ok,31.880491,118.59206,41368,
era5,nanjing_1,2026-08-01,2026-08-31,ok,31.880491,118.59206,40866,
era5,suzhou_1,2026-02-01,2026-02-28,ok,31.528997,121.00478,36511,
era5,suzhou_1,2026-03-01,2026-03-31,ok,31.528997,121.00478,40908,
era5,suzhou_1,2026-04-01,2026-04-30,ok,31.528997,121.00478,39988,
satellite,yancheng_1,2026-07-01,2026-07-31,ok,33.9,119.8,32847,
era5,suzhou_1,2026-05-01,2026-05-31,ok,31.528997,121.00478,41218,
era5,suzhou_1,2026-06-01,2026-06-30,ok,31.528997,121.00478,40425,
era5,suzhou_1,2026-08-01,2026-08-31,ok,31.528997,121.00478,41019,
era5,suzhou_1,2026-07-01,2026-07-31,ok,31.528997,121.00478,41321,
era5,wuxi_1,2026-02-01,2026-02-28,ok,31.107204,120.249405,36550,
era5,wuxi_1,2026-03-01,2026-03-31,ok,31.107204,120.249405,41009,
era5,wuxi_1,2026-04-01,2026-04-30,ok,31.107204,120.249405,40024,
era5,wuxi_1,2026-05-01,2026-05-31,ok,31.107204,120.249405,41216,
era5,wuxi_1,2026-06-01,2026-06-30,ok,31.107204,120.249405,40357,
era5,wuxi_1,2026-08-01,2026-08-31,ok,31.107204,120.249405,41067,
era5,wuxi_1,2026-07-01,2026-07-31,ok,31.107204,120.249405,41341,
era5,nanjing_2,2026-02-01,2026-02-28,ok,31.458698,119.03226,36469,
era5,nanjing_2,2026-03-01,2026-03-31,ok,31.458698,119.03226,40867,
era5,nanjing_2,2026-04-01,2026-04-30,ok,31.458698,119.03226,40007,
era5,nanjing_2,2026-05-01,2026-05-31,ok,31.458698,119.03226,41291,
era5,nanjing_2,2026-06-01,2026-06-30,ok,31.458698,119.03226,40172,
era5,nanjing_2,2026-07-01,2026-07-31,ok,31.458698,119.03226,41361,
era5,taizhou_1,2026-02-01,2026-02-28,ok,32.724075,119.78022,36511,
era5,nanjing_2,2026-08-01,2026-08-31,ok,31.458698,119.03226,40850,
era5,taizhou_1,2026-03-01,2026-03-31,ok,32.724075,119.78022,40967,
era5,taizhou_1,2026-04-01,2026-04-30,ok,32.724075,119.78022,39920,
satellite,lianyungang_2,2026-05-01,2026-05-31,ok,34.700005,119.4,33083,
era5,taizhou_1,2026-05-01,2026-05-31,ok,32.724075,119.78022,41187,
era5,taizhou_1,2026-06-01,2026-06-30,ok,32.724075,119.78022,40166,
era5,taizhou_2,2026-02-01,2026-02-28,ok,32.653778,120.62195,36551,
era5,taizhou_1,2026-08-01,2026-08-31,ok,32.724075,119.78022,40856,
era5,taizhou_1,2026-07-01,2026-07-31,ok,32.724075,119.78022,41351,
era5,taizhou_2,2026-03-01,2026-03-31,ok,32.653778,120.62195,40960,
era5,taizhou_2,2026-04-01,2026-04-30,ok,32.653778,120.62195,39949,
era5,taizhou_2,2026-07-01,2026-07-31,ok,32.653778,120.62195,41404,
era5,taizhou_2,2026-05-01,2026-05-31,ok,32.653778,120.62195,41223,
era5,taizhou_2,2026-08-01,2026-08-31,ok,32.653778,120.62195,40944,
era5,taizhou_2,2026-06-01,2026-06-30,ok,32.653778,120.62195,40288,
era5,nantong_1,2026-03-01,2026-03-31,ok,31.880491,120.97473,40909,
era5,nantong_1,2026-02-01,2026-02-28,ok,31.880491,120.97473,36560,
era5,nantong_1,2026-04-01,2026-04-30,ok,31.880491,120.97473,40020,
era5,nantong_1,2026-05-01,2026-05-31,ok,31.880491,120.97473,41148,
era5,nantong_1,2026-06-01,2026-06-30,ok,31.880491,120.97473,40341,
era5,nantong_1,2026-08-01,2026-08-31,ok,31.880491,120.97473,41060,
era5,nantong_2,2026-02-01,2026-02-28,ok,31.880491,121.841156,36614,
era5,nantong_1,2026-07-01,2026-07-31,ok,31.880491,120.97473,41380,
era5,nantong_2,2026-03-01,2026-03-31,ok,31.880491,121.841156,40933,
era5,nantong_2,2026-04-01,2026-04-30,ok,31.880491,121.841156,40062,
era5,nantong_2,2026-05-01,2026-05-31,ok,31.880491,121.841156,41221,
era5,nantong_2,2026-06-01,2026-06-30,ok,31.880491,121.841156,40417,
era5,nantong_2,2026-07-01,2026-07-31,ok,31.880491,121.841156,41275,
era5,nantong_2,2026-08-01,2026-08-31,ok,31.880491,121.841156,41133,
era5,suqian_1,2026-02-01,2026-02-28,ok,33.919155,118.16708,36409,
era5,suqian_1,2026-03-01,2026-03-31,ok,33.919155,118.16708,40989,
era5,suqian_1,2026-04-01,2026-04-30,ok,33.919155,118.16708,39817,
era5,suqian_1,2026-05-01,2026-05-31,ok,33.919155,118.16708,41086,
era5,suqian_1,2026-06-01,2026-06-30,ok,33.919155,118.16708,40005,
era5,suqian_1,2026-07-01,2026-07-31,ok,33.919155,118.16708,41377,
era5,suqian_1,2026-08-01,2026-08-31,ok,33.919155,118.16708,40777,
era5,xuzhou_1,2026-03-01,2026-03-31,ok,34.69244,116.62452,40926,
era5,xuzhou_1,2026-02-01,2026-02-28,ok,34.69244,116.62452,36391,
era5,xuzhou_1,2026-04-01,2026-04-30,ok,34.69244,116.62452,39620,
era5,xuzhou_1,2026-05-01,2026-05-31,ok,34.69244,116.62452,41131,
era5,xuzhou_1,2026-07-01,2026-07-31,ok,34.69244,116.62452,41064,
era5,xuzhou_1,2026-06-01,2026-06-30,ok,34.69244,116.62452,39943,
era5,huai_an_1,2026-02-01,2026-02-28,ok,33.07557,119.41032,36496,
era5,xuzhou_1,2026-08-01,2026-08-31,ok,34.69244,116.62452,40656,
era5,huai_an_1,2026-03-01,2026-03-31,ok,33.07557,119.41032,41006,
era5,huai_an_1,2026-05-01,2026-05-31,ok,33.07557,119.41032,41167,
era5,huai_an_1,2026-04-01,2026-04-30,ok,33.07557,119.41032,39905,
era5,huai_an_1,2026-06-01,2026-06-30,ok,33.07557,119.41032,40110,
era5,huai_an_1,2026-07-01,2026-07-31,ok,33.07557,119.41032,41418,
era5,huai_an_1,2026-08-01,2026-08-31,ok,33.07557,119.41032,40882,
era5,huai_an_2,2026-03-01,2026-03-31,ok,33.919155,119.4015,40932,
era5,huai_an_2,2026-04-01,2026-04-30,ok,33.919155,119.4015,39813,
era5,huai_an_2,2026-02-01,2026-02-28,ok,33.919155,119.4015,36422,
era5,huai_an_2,2026-05-01,2026-05-31,ok,33.919155,119.4015,41128,
era5,huai_an_2,2026-06-01,2026-06-30,ok,33.919155,119.4015,40019,
era5,huai_an_2,2026-07-01,2026-07-31,ok,33.919155,119.4015,41345,
era5,huai_an_2,2026-08-01,2026-08-31,ok,33.919155,119.4015,40825,
era5,xuzhou_2,2026-02-01,2026-02-28,ok,34.27065,117.44041,36392,
era5,xuzhou_2,2026-03-01,2026-03-31,ok,34.27065,117.44041,40968,
era5,xuzhou_2,2026-04-01,2026-04-30,ok,34.27065,117.44041,39754,
era5,xuzhou_2,2026-06-01,2026-06-30,ok,34.27065,117.44041,39969,
era5,xuzhou_2,2026-05-01,2026-05-31,ok,34.27065,117.44041,41139,
era5,xuzhou_2,2026-08-01,2026-08-31,ok,34.27065,117.44041,40742,
era5,xuzhou_2,2026-07-01,2026-07-31,ok,34.27065,117.44041,41237,
era5,huai_an_3,2026-02-01,2026-02-28,ok,33.07557,118.63637,36488,
era5,huai_an_3,2026-04-01,2026-04-30,ok,33.07557,118.63637,39858,
era5,huai_an_3,2026-05-01,2026-05-31,ok,33.07557,118.63637,41176,
era5,huai_an_3,2026-03-01,2026-03-31,ok,33.07557,118.63637,40972,
era5,huai_an_3,2026-06-01,2026-06-30,ok,33.07557,118.63637,40104,
era5,huai_an_3,2026-07-01,2026-07-31,ok,33.07557,118.63637,41444,
era5,yancheng_1,2026-02-01,2026-02-28,ok,33.848858,119.8132,36419,
era5,huai_an_3,2026-08-01,2026-08-31,ok,33.07557,118.63637,40930,
era5,yancheng_1,2026-03-01,2026-03-31,ok,33.848858,119.8132,40948,
era5,yancheng_1,2026-04-01,2026-04-30,ok,33.848858,119.8132,39839,
era5,yancheng_1,2026-06-01,2026-06-30,ok,33.848858,119.8132,40096,
era5,yancheng_1,2026-05-01,2026-05-31,ok,33.848858,119.8132,41141,
era5,yancheng_1,2026-07-01,2026-07-31,ok,33.848858,119.8132,41348,
era5,yancheng_1,2026-08-01,2026-08-31,ok,33.848858,119.8132,40872,
era5,lianyungang_1,2026-02-01,2026-02-28,ok,34.69244,118.558784,36360,
era5,lianyungang_1,2026-03-01,2026-03-31,ok,34.69244,118.558784,40965,
era5,lianyungang_1,2026-04-01,2026-04-30,ok,34.69244,118.558784,39663,
era5,lianyungang_1,2026-05-01,2026-05-31,ok,34.69244,118.558784,41124,
era5,lianyungang_1,2026-07-01,2026-07-31,ok,34.69244,118.558784,41411,
era5,lianyungang_1,2026-08-01,2026-08-31,ok,34.69244,118.558784,40863,
era5,lianyungang_1,2026-06-01,2026-06-30,ok,34.69244,118.558784,39941,
era5,yancheng_2,2026-02-01,2026-02-28,ok,33.07557,120.62653,36570,
era5,yancheng_2,2026-03-01,2026-03-31,ok,33.07557,120.62653,40944,
era5,yancheng_2,2026-04-01,2026-04-30,ok,33.07557,120.62653,39948,
era5,yancheng_2,2026-05-01,2026-05-31,ok,33.07557,120.62653,41280,
era5,yancheng_2,2026-06-01,2026-06-30,ok,33.07557,120.62653,40225,
era5,yancheng_2,2026-07-01,2026-07-31,ok,33.07557,120.62653,41364,
era5,yancheng_3,2026-02-01,2026-02-28,ok,33.14587,119.778595,36508,
era5,yancheng_3,2026-03-01,2026-03-31,ok,33.14587,119.778595,40897,
era5,yancheng_3,2026-04-01,2026-04-30,ok,33.14587,119.778595,39921,
era5,yancheng_3,2026-05-01,2026-05-31,ok,33.14587,119.778595,41160,
era5,yancheng_2,2026-08-01,2026-08-31,ok,33.07557,120.62653,41031,
era5,yancheng_3,2026-06-01,2026-06-30,ok,33.14587,119.778595,40047,
era5,yancheng_3,2026-07-01,2026-07-31,ok,33.14587,119.778595,41396,
era5,yancheng_3,2026-08-01,2026-08-31,ok,33.14587,119.778595,40813,
era5,lianyungang_2,2026-02-01,2026-02-28,ok,34.69244,119.35524,36348,
era5,lianyungang_2,2026-04-01,2026-04-30,ok,34.69244,119.35524,39701,
era5,lianyungang_2,2026-03-01,2026-03-31,ok,34.69244,119.35524,40926,
era5,lianyungang_2,2026-05-01,2026-05-31,ok,34.69244,119.35524,41127,
era5,lianyungang_2,2026-07-01,2026-07-31,ok,34.69244,119.35524,41400,
era5,lianyungang_2,2026-06-01,2026-06-30,ok,34.69244,119.35524,39981,
era5,lianyungang_2,2026-08-01,2026-08-31,ok,34.69244,119.35524,40883,
previous_runs,changzhou_1,2026-09-01,2026-09-09,ok,31.454605,119.765625,52323,
previous_runs,suzhou_1,2026-09-01,2026-09-09,ok,31.454605,121.05469,52375,
previous_runs,wuxi_1,2026-09-01,2026-09-09,ok,31.103157,120.234375,52493,
previous_runs,nanjing_1,2026-09-01,2026-09-09,ok,31.923203,118.59375,52061,
previous_runs,taizhou_1,2026-09-01,2026-09-09,ok,32.743248,119.765625,52413,
previous_runs,nanjing_2,2026-09-01,2026-09-09,ok,31.454605,119.0625,52072,
previous_runs,nantong_1,2026-09-01,2026-09-09,ok,31.923203,121.05469,52463,
previous_runs,nantong_2,2026-09-01,2026-09-09,ok,31.923203,121.75781,52539,
previous_runs,taizhou_2,2026-09-01,2026-09-09,ok,32.743248,120.58594,52506,
previous_runs,xuzhou_1,2026-09-01,2026-09-09,ok,34.734787,116.60156,52164,
previous_runs,suqian_1,2026-09-01,2026-09-09,ok,33.91474,118.24219,52339,
previous_runs,huai_an_1,2026-09-01,2026-09-09,ok,33.094696,119.41406,52434,
previous_runs,huai_an_3,2026-09-01,2026-09-09,ok,33.094696,118.59375,52424,
previous_runs,yancheng_1,2026-09-01,2026-09-09,ok,33.91474,119.765625,52473,
previous_runs,xuzhou_2,2026-09-01,2026-09-09,ok,34.26619,117.421875,52366,
previous_runs,huai_an_2,2026-09-01,2026-09-09,ok,33.91474,119.41406,52429,
previous_runs,lianyungang_1,2026-09-01,2026-09-09,ok,34.734787,118.59375,52357,
previous_runs,yancheng_2,2026-09-01,2026-09-09,ok,33.094696,120.58594,52465,
previous_runs,yancheng_3,2026-09-01,2026-09-09,ok,33.094696,119.765625,52397,
previous_runs,lianyungang_2,2026-09-01,2026-09-09,ok,34.734787,119.41406,51816,
satellite,changzhou_1,2026-09-01,2026-09-09,ok,31.5,119.8,9904,
satellite,nanjing_1,2026-09-01,2026-09-09,ok,31.900002,118.600006,9894,
satellite,wuxi_1,2026-09-01,2026-09-09,ok,31.099998,120.2,9904,
satellite,suzhou_1,2026-09-01,2026-09-09,ok,31.5,121.0,9935,
satellite,nanjing_2,2026-09-01,2026-09-09,ok,31.5,119.0,9885,
satellite,taizhou_1,2026-09-01,2026-09-09,ok,32.700005,119.8,9910,
satellite,nantong_1,2026-09-01,2026-09-09,ok,31.900002,121.0,9911,
satellite,taizhou_2,2026-09-01,2026-09-09,ok,32.700005,120.600006,9912,
satellite,xuzhou_1,2026-09-01,2026-09-09,ok,34.700005,116.600006,9954,
satellite,suqian_1,2026-09-01,2026-09-09,ok,33.9,118.2,9980,
satellite,nantong_2,2026-09-01,2026-09-09,ok,31.900002,121.8,9924,
satellite,huai_an_1,2026-09-01,2026-09-09,ok,33.1,119.4,9942,
satellite,huai_an_2,2026-09-01,2026-09-09,ok,33.9,119.4,9949,
satellite,huai_an_3,2026-09-01,2026-09-09,ok,33.1,118.600006,9954,
satellite,xuzhou_2,2026-09-01,2026-09-09,ok,34.300003,117.4,9968,
satellite,yancheng_1,2026-09-01,2026-09-09,ok,33.9,119.8,9940,
satellite,yancheng_2,2026-09-01,2026-09-09,ok,33.1,120.600006,9925,
satellite,lianyungang_1,2026-09-01,2026-09-09,ok,34.700005,118.600006,9983,
satellite,lianyungang_2,2026-09-01,2026-09-09,ok,34.700005,119.4,9983,
satellite,yancheng_3,2026-09-01,2026-09-09,ok,33.1,119.8,9963,
era5,wuxi_1,2026-09-01,2026-09-09,ok,31.107204,120.249405,12331,
era5,changzhou_1,2026-09-01,2026-09-09,ok,31.528997,119.82057,12285,
era5,nanjing_1,2026-09-01,2026-09-09,ok,31.880491,118.59206,12296,
era5,suzhou_1,2026-09-01,2026-09-09,ok,31.528997,121.00478,12299,
era5,nanjing_2,2026-09-01,2026-09-09,ok,31.458698,119.03226,12274,
era5,taizhou_1,2026-09-01,2026-09-09,ok,32.724075,119.78022,12265,
era5,nantong_1,2026-09-01,2026-09-09,ok,31.880491,120.97473,12290,
era5,nantong_2,2026-09-01,2026-09-09,ok,31.880491,121.841156,12391,
era5,taizhou_2,2026-09-01,2026-09-09,ok,32.653778,120.62195,12342,
era5,suqian_1,2026-09-01,2026-09-09,ok,33.919155,118.16708,12156,
era5,xuzhou_1,2026-09-01,2026-09-09,ok,34.69244,116.62452,12120,
era5,huai_an_1,2026-09-01,2026-09-09,ok,33.07557,119.41032,12255,
era5,xuzhou_2,2026-09-01,2026-09-09,ok,34.27065,117.44041,12148,
era5,huai_an_3,2026-09-01,2026-09-09,ok,33.07557,118.63637,12252,
era5,yancheng_1,2026-09-01,2026-09-09,ok,33.848858,119.8132,12239,
era5,huai_an_2,2026-09-01,2026-09-09,ok,33.919155,119.4015,12219,
era5,yancheng_2,2026-09-01,2026-09-09,ok,33.07557,120.62653,12341,
era5,lianyungang_1,2026-09-01,2026-09-09,ok,34.69244,118.558784,12122,
era5,lianyungang_2,2026-09-01,2026-09-09,ok,34.69244,119.35524,12179,
era5,yancheng_3,2026-09-01,2026-09-09,ok,33.14587,119.778595,12250,
satellite,nanjing_1,2016-01-01,2016-01-31,fail,,,,重试耗尽
satellite,nanjing_1,2016-01-01,2016-01-31,ok,31.900002,118.600006,31780,
