"path","present","tracked","size","sha256","extension","classification","canonical_archive","materialized_location","final_disposition"
"figs/00_preview/fig_prev_calibration.png","False","False","113335","4a66bda21e110a43c60a3752f2f26c6f26a409287eec0db1240e869a6ab0e106",".png","RECOVERY_REQUIRED","","","missing_unrecovered"
"figs/00_preview/fig_prev_calibration.svg","False","False","29967","0c19d2749da49e2a245d91cd4036379a89b17628663f4d9fd99536e2672c211f",".svg","RECOVERY_REQUIRED","","","missing_unrecovered"
"figs/00_preview/fig_prev_case_studies.png","False","False","177651","41f736c3002c0bc5d315127d94a5cf2165c4444c73c6e699c10ae82f206449b5",".png","RECOVERY_REQUIRED","","","missing_unrecovered"
"figs/00_preview/fig_prev_case_studies.svg","False","False","42972","66f321576c4b118f40edace229079d6f8180f13107b61f65337f89f9139e6c65",".svg","RECOVERY_REQUIRED","","","missing_unrecovered"
"figs/00_preview/fig_prev_grouped_error.png","False","False","82451","dbb09b7aa4642809fe0e7de20db3f2ba407f1b23874730b5397aa36458d2e2b6",".png","RECOVERY_REQUIRED","","","missing_unrecovered"
"figs/00_preview/fig_prev_grouped_error.svg","False","False","31854","4032404e113aaedfa58be5986317ebc6f1b076dd187413fec8ed5a382b740d31",".svg","RECOVERY_REQUIRED","","","missing_unrecovered"
"figs/00_preview/fig_prev_model_comparison.png","False","False","107295","0a1474e87f5aba23b663693acd9a33c117dabc8e55576cc2e93ea937e730d24c",".png","RECOVERY_REQUIRED","","","missing_unrecovered"
"figs/00_preview/fig_prev_model_comparison.svg","False","False","61604","dab7ce7669636810d4d194ac4b32d7b9cabf9a731f258af83f3f368dc240045d",".svg","RECOVERY_REQUIRED","","","missing_unrecovered"
"figs/00_preview/fig_prev_reliability.png","False","False","126671","bc4e5c37721ceb508005f24ca1ba434fdf9656a8e6838225e0ed1d6602356ea7",".png","RECOVERY_REQUIRED","","","missing_unrecovered"
"figs/00_preview/fig_prev_reliability.svg","False","False","46283","06951db82bf0057634214c0c4f85a81c0e8e3cb94b3a9cc883ddad9bc0f776a5",".svg","RECOVERY_REQUIRED","","","missing_unrecovered"
"figs/01_data_audit/fig_cloud_endpoint_distribution.png","True","True","62165","668c9aeb17896c8097fd82f0e653017ac005df9f1a6aefbab117ca1c660d3673",".png","CURRENT_AUDIT_IMPORTED","git_tag:pre-nwp-refactor-20261002@09230bce481bca561aef94b64f0d9a02479b41ae#668c9aeb17896c8097fd82f0e653017ac005df9f1a6aefbab117ca1c660d3673","outputs/development/imported_raw_data_audit/figs/01_data_audit/fig_cloud_endpoint_distribution.png","imported_read_only_exact_bytes"
"figs/01_data_audit/fig_cloud_endpoint_distribution.svg","True","True","16168","14e0ebe240ecce6df726d3a50c345ed3549a5d0b9e9183174436a3dab82e0be2",".svg","CURRENT_AUDIT_IMPORTED","git_tag:pre-nwp-refactor-20261002@09230bce481bca561aef94b64f0d9a02479b41ae#2897c6624d0e0623c9677732f34bec4712340eb93f6e6ca90f3fe5c44d348ec0","outputs/development/imported_raw_data_audit/figs/01_data_audit/fig_cloud_endpoint_distribution.svg","imported_read_only_exact_bytes"
"figs/01_data_audit/fig_cloud_error_ghi_error_hexbin.png","True","True","804613","93a1b761e7a36dad50eee2ac84fca4e30b80aa4f1b58ef26c41a716c7cb56579",".png","CURRENT_AUDIT_IMPORTED","git_tag:pre-nwp-refactor-20261002@09230bce481bca561aef94b64f0d9a02479b41ae#93a1b761e7a36dad50eee2ac84fca4e30b80aa4f1b58ef26c41a716c7cb56579","outputs/development/imported_raw_data_audit/figs/01_data_audit/fig_cloud_error_ghi_error_hexbin.png","imported_read_only_exact_bytes"
"figs/01_data_audit/fig_cloud_error_ghi_error_hexbin.svg","True","True","960875","1e7e785c24320810efa8b363371ed995622cb200bb20b1210040497ed9dcdf77",".svg","CURRENT_AUDIT_IMPORTED","git_tag:pre-nwp-refactor-20261002@09230bce481bca561aef94b64f0d9a02479b41ae#014b203c627cd8052d8d5d9c8d555e7980507a9288ebfcf33943d40f749af8af","outputs/development/imported_raw_data_audit/figs/01_data_audit/fig_cloud_error_ghi_error_hexbin.svg","imported_read_only_exact_bytes"
"figs/01_data_audit/fig_cloud_identifiability.png","True","True","321281","68f9a301abc722b07c9b17ba6ee02d32597aa45aa05d9de0e272dee267d89aa2",".png","CURRENT_AUDIT_IMPORTED","git_tag:pre-nwp-refactor-20261002@09230bce481bca561aef94b64f0d9a02479b41ae#68f9a301abc722b07c9b17ba6ee02d32597aa45aa05d9de0e272dee267d89aa2","outputs/development/imported_raw_data_audit/figs/01_data_audit/fig_cloud_identifiability.png","imported_read_only_exact_bytes"
"figs/01_data_audit/fig_cloud_identifiability.svg","True","True","69882","42a4a73533eb3e13e9ae58be0ddc0e2674df5949e89d6eb95ff9208a2ff1dc01",".svg","CURRENT_AUDIT_IMPORTED","git_tag:pre-nwp-refactor-20261002@09230bce481bca561aef94b64f0d9a02479b41ae#91dc4b1b16c4182c92c2b53b758a43d6d4d53168e15bce9f27b57ca88d57c818","outputs/development/imported_raw_data_audit/figs/01_data_audit/fig_cloud_identifiability.svg","imported_read_only_exact_bytes"
"figs/01_data_audit/fig_cloud_kt_hexbin.png","True","True","587641","200880f73672e8c890a407ac206eff3ed652014c273b30dd81a612a6cb953c20",".png","CURRENT_AUDIT_IMPORTED","git_tag:pre-nwp-refactor-20261002@09230bce481bca561aef94b64f0d9a02479b41ae#200880f73672e8c890a407ac206eff3ed652014c273b30dd81a612a6cb953c20","outputs/development/imported_raw_data_audit/figs/01_data_audit/fig_cloud_kt_hexbin.png","imported_read_only_exact_bytes"
"figs/01_data_audit/fig_cloud_kt_hexbin.svg","True","True","644955","319ab746e96ffa16f1e1e6c71ccd981a789fd43e68a81f7079c1e12395325103",".svg","CURRENT_AUDIT_IMPORTED","git_tag:pre-nwp-refactor-20261002@09230bce481bca561aef94b64f0d9a02479b41ae#0791e446d07894847d167ecb37056bacd38e5c1a583d127eeddc4a682e939ee5","outputs/development/imported_raw_data_audit/figs/01_data_audit/fig_cloud_kt_hexbin.svg","imported_read_only_exact_bytes"
"figs/01_data_audit/fig_collinearity_valid.png","True","True","203577","bcbda257f871321bdf446c5c5c9b241e44f05548e7357f2ab80738a157c86e19",".png","CURRENT_AUDIT_IMPORTED","git_tag:pre-nwp-refactor-20261002@09230bce481bca561aef94b64f0d9a02479b41ae#bcbda257f871321bdf446c5c5c9b241e44f05548e7357f2ab80738a157c86e19","outputs/development/imported_raw_data_audit/figs/01_data_audit/fig_collinearity_valid.png","imported_read_only_exact_bytes"
"figs/01_data_audit/fig_collinearity_valid.svg","True","True","33382","9e0f502c87549baf582ef3e6b12e4856a316bbbcbf6da7890b41127ac958543e",".svg","CURRENT_AUDIT_IMPORTED","git_tag:pre-nwp-refactor-20261002@09230bce481bca561aef94b64f0d9a02479b41ae#51c3fca042abdcf51a14d81eb683aa555d9725e1976c17750dae0c265c93632b","outputs/development/imported_raw_data_audit/figs/01_data_audit/fig_collinearity_valid.svg","imported_read_only_exact_bytes"
"figs/01_data_audit/fig_collinearity_valid1.svg","True","True","43418","053e7d4adf332b855672c282d4703908d67603a0b02b5013297753b4225804e8",".svg","CURRENT_AUDIT_IMPORTED","git_tag:pre-nwp-refactor-20261002@09230bce481bca561aef94b64f0d9a02479b41ae#63b87c9b8b632fba29c9faf861566992af596e76055760fe475effbe5435c452","outputs/development/imported_raw_data_audit/figs/01_data_audit/fig_collinearity_valid1.svg","imported_read_only_exact_bytes"
"figs/01_data_audit/fig_data_overview.png","True","True","415207","9ea29b080cfd60f6b6470d0d504df752bb916fc28eddc732d4c4c6bd69be003d",".png","CURRENT_AUDIT_IMPORTED","git_tag:pre-nwp-refactor-20261002@09230bce481bca561aef94b64f0d9a02479b41ae#9ea29b080cfd60f6b6470d0d504df752bb916fc28eddc732d4c4c6bd69be003d","outputs/development/imported_raw_data_audit/figs/01_data_audit/fig_data_overview.png","imported_read_only_exact_bytes"
"figs/01_data_audit/fig_data_overview.svg","True","True","147800","c7a627d9474df78d09a29df4bd4eb7b7d942f14b3393c93fdbb0f922a4d4df39",".svg","CURRENT_AUDIT_IMPORTED","git_tag:pre-nwp-refactor-20261002@09230bce481bca561aef94b64f0d9a02479b41ae#960a5e44528ef4dd2dbbf40bb362f1f982776d69b5678db98bb61d0599840829","outputs/development/imported_raw_data_audit/figs/01_data_audit/fig_data_overview.svg","imported_read_only_exact_bytes"
"figs/01_data_audit/fig_feature_correlation.png","True","True","218902","2adff9439dfe8bf7c93e4c6f22a4f8705ea06902af07b273c7c3fe07cb738ee9",".png","CURRENT_AUDIT_IMPORTED","git_tag:pre-nwp-refactor-20261002@09230bce481bca561aef94b64f0d9a02479b41ae#2adff9439dfe8bf7c93e4c6f22a4f8705ea06902af07b273c7c3fe07cb738ee9","outputs/development/imported_raw_data_audit/figs/01_data_audit/fig_feature_correlation.png","imported_read_only_exact_bytes"
"figs/01_data_audit/fig_feature_correlation.svg","True","True","47073","f369cea590523e97f0504fe6ac7dc5dc87f9e2a7ed2c2c18afaeb38777289282",".svg","CURRENT_AUDIT_IMPORTED","git_tag:pre-nwp-refactor-20261002@09230bce481bca561aef94b64f0d9a02479b41ae#c637ef09fa9947c747e10c4c4df9370a7506b9fd857b9594d0c51961a9c32574","outputs/development/imported_raw_data_audit/figs/01_data_audit/fig_feature_correlation.svg","imported_read_only_exact_bytes"
"figs/01_data_audit/fig_gfs_availability.png","True","True","212452","0237f66da6ac0fec2e923b18302b1693bf4c00dc3ca7eda77b897150d16db732",".png","CURRENT_AUDIT_IMPORTED","git_tag:pre-nwp-refactor-20261002@09230bce481bca561aef94b64f0d9a02479b41ae#0237f66da6ac0fec2e923b18302b1693bf4c00dc3ca7eda77b897150d16db732","outputs/development/imported_raw_data_audit/figs/01_data_audit/fig_gfs_availability.png","imported_read_only_exact_bytes"
"figs/01_data_audit/fig_gfs_availability.svg","True","True","64143","ddc265883b62d3f17dbb247a2480afa6a6fe0cbc488e00f6212cee3873b8c27c",".svg","CURRENT_AUDIT_IMPORTED","git_tag:pre-nwp-refactor-20261002@09230bce481bca561aef94b64f0d9a02479b41ae#ce606f61dbfd6c6a16e706915bc63a52dc019caf0ed750795cd9b845a45a08d9","outputs/development/imported_raw_data_audit/figs/01_data_audit/fig_gfs_availability.svg","imported_read_only_exact_bytes"
"figs/01_data_audit/fig_gfs_himawari_ghi_hexbin.png","True","True","845238","ef381aeacd767878f13ed65323fe00fecec3552ba7041cbe64648c0e5296dabe",".png","CURRENT_AUDIT_IMPORTED","git_tag:pre-nwp-refactor-20261002@09230bce481bca561aef94b64f0d9a02479b41ae#ef381aeacd767878f13ed65323fe00fecec3552ba7041cbe64648c0e5296dabe","outputs/development/imported_raw_data_audit/figs/01_data_audit/fig_gfs_himawari_ghi_hexbin.png","imported_read_only_exact_bytes"
"figs/01_data_audit/fig_gfs_himawari_ghi_hexbin.svg","True","True","1142061","b83c20b8b9597efc39bf4851e573647118ec2e2705f2ad6e89ccfffd300caa77",".svg","CURRENT_AUDIT_IMPORTED","git_tag:pre-nwp-refactor-20261002@09230bce481bca561aef94b64f0d9a02479b41ae#7202256c46621c2bf29ea3c38ed3d4c6dc9996cd394c55379f432ad039a69843","outputs/development/imported_raw_data_audit/figs/01_data_audit/fig_gfs_himawari_ghi_hexbin.svg","imported_read_only_exact_bytes"
"figs/01_data_audit/fig_gfs_zero_diagnostics.png","True","True","78580","32480fffcceeee1566a23a3619a6397bd3411f0d9adea3c7d36305cee2fa012e",".png","CURRENT_AUDIT_IMPORTED","git_tag:pre-nwp-refactor-20261002@09230bce481bca561aef94b64f0d9a02479b41ae#32480fffcceeee1566a23a3619a6397bd3411f0d9adea3c7d36305cee2fa012e","outputs/development/imported_raw_data_audit/figs/01_data_audit/fig_gfs_zero_diagnostics.png","imported_read_only_exact_bytes"
"figs/01_data_audit/fig_gfs_zero_diagnostics.svg","True","True","23747","396a2939def6c19122cca0df52a7300b5ada5b1a4821843844a041952d830859",".svg","CURRENT_AUDIT_IMPORTED","git_tag:pre-nwp-refactor-20261002@09230bce481bca561aef94b64f0d9a02479b41ae#fb86741e438320736a1cc83625acfa70633fd71f0f9ec38dcadb13aa0cc229e7","outputs/development/imported_raw_data_audit/figs/01_data_audit/fig_gfs_zero_diagnostics.svg","imported_read_only_exact_bytes"
"figs/01_data_audit/fig_kt_raw_distribution.png","True","True","83742","bcd1c36aa3ee081104d637b3035d7ba767210b68b247138505f59920ca8c1cc1",".png","CURRENT_AUDIT_IMPORTED","git_tag:pre-nwp-refactor-20261002@09230bce481bca561aef94b64f0d9a02479b41ae#bcd1c36aa3ee081104d637b3035d7ba767210b68b247138505f59920ca8c1cc1","outputs/development/imported_raw_data_audit/figs/01_data_audit/fig_kt_raw_distribution.png","imported_read_only_exact_bytes"
"figs/01_data_audit/fig_kt_raw_distribution.svg","True","True","36557","2b06210e5a95b487f2bd8226cef63786c86b8b18b967cb41a14f0482a73cee3f",".svg","CURRENT_AUDIT_IMPORTED","git_tag:pre-nwp-refactor-20261002@09230bce481bca561aef94b64f0d9a02479b41ae#245fec5ad1b75e6c911364afc53a9808dd202e476e079af370f957fab3bdedbe","outputs/development/imported_raw_data_audit/figs/01_data_audit/fig_kt_raw_distribution.svg","imported_read_only_exact_bytes"
"figs/01_data_audit/fig_quantile_proto.png","True","True","248806","cc63f4a0159867a7272a48483cb0810e77b3ede9d28fa3256554285c5fe9db52",".png","CURRENT_AUDIT_IMPORTED","git_tag:pre-nwp-refactor-20261002@09230bce481bca561aef94b64f0d9a02479b41ae#cc63f4a0159867a7272a48483cb0810e77b3ede9d28fa3256554285c5fe9db52","outputs/development/imported_raw_data_audit/figs/01_data_audit/fig_quantile_proto.png","imported_read_only_exact_bytes"
"figs/01_data_audit/fig_quantile_proto.svg","True","True","35777","5bff5f0f808eb715583ff9701761c3f05c80e4ee96ef713a490bac6951648559",".svg","CURRENT_AUDIT_IMPORTED","git_tag:pre-nwp-refactor-20261002@09230bce481bca561aef94b64f0d9a02479b41ae#3e687291edc0e7fcc53e878a218d7b4407f5b530204cfe5395b658153adb06bf","outputs/development/imported_raw_data_audit/figs/01_data_audit/fig_quantile_proto.svg","imported_read_only_exact_bytes"
"figs/02_site_design/fig_jiangsu_20sites.png","True","True","103636","c0d21abb26a98ac039b3422b1e3fe8dc1221dada5bf520688eda972c8b293fc8",".png","LEGACY_PROTOCOL","git_tag:pre-nwp-refactor-20261002@09230bce481bca561aef94b64f0d9a02479b41ae#c0d21abb26a98ac039b3422b1e3fe8dc1221dada5bf520688eda972c8b293fc8","","archived_historical_not_active"
"figs/02_site_design/fig_jiangsu_20sites.svg","True","True","94491","97e38b0566b0cadab2e54dfd29cbec13db3e9c83e483136ab5317707fc642678",".svg","LEGACY_PROTOCOL","git_tag:pre-nwp-refactor-20261002@09230bce481bca561aef94b64f0d9a02479b41ae#97e38b0566b0cadab2e54dfd29cbec13db3e9c83e483136ab5317707fc642678","","archived_historical_not_active"
"figs/02_site_design/fig_jiangsu_20sites_geo.png","True","True","150464","daf1f66e3d8c1775486f093d71db07b8f8547906a89b3df2a8c764a1f3b4cd6d",".png","LEGACY_PROTOCOL","git_tag:pre-nwp-refactor-20261002@09230bce481bca561aef94b64f0d9a02479b41ae#daf1f66e3d8c1775486f093d71db07b8f8547906a89b3df2a8c764a1f3b4cd6d","","archived_historical_not_active"
"figs/02_site_design/fig_jiangsu_20sites_geo.svg","True","True","156457","4b5c098aba609b057d352609e42086b85cbacd6f89ee329984a5e8b2e02d0118",".svg","LEGACY_PROTOCOL","git_tag:pre-nwp-refactor-20261002@09230bce481bca561aef94b64f0d9a02479b41ae#4b5c098aba609b057d352609e42086b85cbacd6f89ee329984a5e8b2e02d0118","","archived_historical_not_active"
"figs/02_site_design/fig_jiangsu_annual_ghi.png","True","True","219148","5c44604ce20b56dfe86b0d0af9bbfc4a1c0d90dd11ad2313d2288cf3dd491192",".png","LEGACY_PROTOCOL","git_tag:pre-nwp-refactor-20261002@09230bce481bca561aef94b64f0d9a02479b41ae#5c44604ce20b56dfe86b0d0af9bbfc4a1c0d90dd11ad2313d2288cf3dd491192","","archived_historical_not_active"
"figs/02_site_design/fig_jiangsu_annual_ghi.svg","True","True","629544","2e7536976b863efc0b516524ef343430face372565d97c857da627bf74cff730",".svg","LEGACY_PROTOCOL","git_tag:pre-nwp-refactor-20261002@09230bce481bca561aef94b64f0d9a02479b41ae#2e7536976b863efc0b516524ef343430face372565d97c857da627bf74cff730","","archived_historical_not_active"
"figs/02_site_design/fig_site_coverage_map_global.png","True","True","95503","fd215da6d475611ace3fb8120b5e871710b19f343f32e331ece04a814d0f1a27",".png","LEGACY_PROTOCOL","git_tag:pre-nwp-refactor-20261002@09230bce481bca561aef94b64f0d9a02479b41ae#fd215da6d475611ace3fb8120b5e871710b19f343f32e331ece04a814d0f1a27","","archived_historical_not_active"
"figs/02_site_design/fig_site_coverage_map_global.svg","True","True","92164","74bd2e68337c9cd200bfc6b73d896aa71b81337c762299d61e9ae9e357ccf75d",".svg","LEGACY_PROTOCOL","git_tag:pre-nwp-refactor-20261002@09230bce481bca561aef94b64f0d9a02479b41ae#74bd2e68337c9cd200bfc6b73d896aa71b81337c762299d61e9ae9e357ccf75d","","archived_historical_not_active"
"figs/02_site_design/fig_site_coverage_map_stratified.png","True","True","93977","04c3aabab0bb303d78a19d60e987621788833f90da3573fa0f78f41502575fa0",".png","LEGACY_PROTOCOL","git_tag:pre-nwp-refactor-20261002@09230bce481bca561aef94b64f0d9a02479b41ae#04c3aabab0bb303d78a19d60e987621788833f90da3573fa0f78f41502575fa0","","archived_historical_not_active"
"figs/02_site_design/fig_site_coverage_map_stratified.svg","True","True","92165","00990d39c3fb034c8aee670418506fc236e528d7347d1014b54e029ad43d5339",".svg","LEGACY_PROTOCOL","git_tag:pre-nwp-refactor-20261002@09230bce481bca561aef94b64f0d9a02479b41ae#00990d39c3fb034c8aee670418506fc236e528d7347d1014b54e029ad43d5339","","archived_historical_not_active"
"figs/03_modeling/00_comparison/fig_case_studies_full.png","True","True","301110","e0376e70e6aaf99ae7af7506659d8cdd60591c6f7cb30dcf485b5cf637a92b80",".png","LEGACY_PROTOCOL","git_tag:pre-nwp-refactor-20261002@09230bce481bca561aef94b64f0d9a02479b41ae#e0376e70e6aaf99ae7af7506659d8cdd60591c6f7cb30dcf485b5cf637a92b80","","archived_historical_not_active"
"figs/03_modeling/00_comparison/fig_case_studies_full.svg","True","True","104056","ba590278870849f768a7f6b81131cd7897779ba1580ea6691b14c76813a8244f",".svg","LEGACY_PROTOCOL","git_tag:pre-nwp-refactor-20261002@09230bce481bca561aef94b64f0d9a02479b41ae#ba590278870849f768a7f6b81131cd7897779ba1580ea6691b14c76813a8244f","","archived_historical_not_active"
"figs/03_modeling/00_comparison/fig_model_comparison_dual.png","True","True","70973","36fa603297b367dd207f83e164ef2f3a18da133313f9a749bfe2da37e7b5fda7",".png","LEGACY_PROTOCOL","git_tag:pre-nwp-refactor-20261002@09230bce481bca561aef94b64f0d9a02479b41ae#36fa603297b367dd207f83e164ef2f3a18da133313f9a749bfe2da37e7b5fda7","","archived_historical_not_active"
"figs/03_modeling/00_comparison/fig_model_comparison_dual.svg","True","True","19139","82dcf7624f06d4d665eebecb878fa7b084f69bee9ef2b432e765c4276b300673",".svg","LEGACY_PROTOCOL","git_tag:pre-nwp-refactor-20261002@09230bce481bca561aef94b64f0d9a02479b41ae#82dcf7624f06d4d665eebecb878fa7b084f69bee9ef2b432e765c4276b300673","","archived_historical_not_active"
"figs/03_modeling/00_comparison/fig_model_comparison_full.png","True","True","171051","d3654adc17e894686505a4d856064c26df35d6529781b0efa80974633017d0b8",".png","LEGACY_PROTOCOL","git_tag:pre-nwp-refactor-20261002@09230bce481bca561aef94b64f0d9a02479b41ae#d3654adc17e894686505a4d856064c26df35d6529781b0efa80974633017d0b8","","archived_historical_not_active"
"figs/03_modeling/00_comparison/fig_model_comparison_full.svg","True","True","73490","97e4688fa77ab444095925dd67fb4f32c41c8dbaab0c3a3feb70e3627a4cb066",".svg","LEGACY_PROTOCOL","git_tag:pre-nwp-refactor-20261002@09230bce481bca561aef94b64f0d9a02479b41ae#97e4688fa77ab444095925dd67fb4f32c41c8dbaab0c3a3feb70e3627a4cb066","","archived_historical_not_active"
"figs/03_modeling/00_comparison/fig_weather_profiles.png","True","True","180092","e525f215facf9815baccc622607246dfacfb7a55c4bcab922581c27501c1f02b",".png","LEGACY_PROTOCOL","git_tag:pre-nwp-refactor-20261002@09230bce481bca561aef94b64f0d9a02479b41ae#e525f215facf9815baccc622607246dfacfb7a55c4bcab922581c27501c1f02b","","archived_historical_not_active"
"figs/03_modeling/00_comparison/fig_weather_profiles.svg","True","True","29583","6922c7c0856857b82d9b46eac4d4cacc13d05fb1da5bbd8a29e854c998f7cebd",".svg","LEGACY_PROTOCOL","git_tag:pre-nwp-refactor-20261002@09230bce481bca561aef94b64f0d9a02479b41ae#6922c7c0856857b82d9b46eac4d4cacc13d05fb1da5bbd8a29e854c998f7cebd","","archived_historical_not_active"
"figs/03_modeling/v1_ml/full/fig_v1_ml_cloud_agreement.png","True","True","343902","3ab06a6edca2ec22362df1a0e80f8be3dfd091f2752a80ba6f4bb890e6c648d6",".png","LEGACY_PROTOCOL","git_tag:pre-nwp-refactor-20261002@09230bce481bca561aef94b64f0d9a02479b41ae#3ab06a6edca2ec22362df1a0e80f8be3dfd091f2752a80ba6f4bb890e6c648d6","","archived_historical_not_active"
"figs/03_modeling/v1_ml/full/fig_v1_ml_cloud_agreement.svg","True","True","77607","d55be039a7ce3f95351a10b864e955a2de6c0e23a51d62aade3991c7b0bfb5fb",".svg","LEGACY_PROTOCOL","git_tag:pre-nwp-refactor-20261002@09230bce481bca561aef94b64f0d9a02479b41ae#d55be039a7ce3f95351a10b864e955a2de6c0e23a51d62aade3991c7b0bfb5fb","","archived_historical_not_active"
"figs/03_modeling/v1_ml/full/fig_v1_ml_ghi_agreement.png","True","True","415914","9f4a202b0c58ac7caf7e71b7b234b3053fdbcdcf44f5ffddd5c45e1745283f6b",".png","LEGACY_PROTOCOL","git_tag:pre-nwp-refactor-20261002@09230bce481bca561aef94b64f0d9a02479b41ae#9f4a202b0c58ac7caf7e71b7b234b3053fdbcdcf44f5ffddd5c45e1745283f6b","","archived_historical_not_active"
"figs/03_modeling/v1_ml/full/fig_v1_ml_ghi_agreement.svg","True","True","79735","25e1aabc959477a8e8c33754a087bc255f541b135257c218199d32fd4b05ad88",".svg","LEGACY_PROTOCOL","git_tag:pre-nwp-refactor-20261002@09230bce481bca561aef94b64f0d9a02479b41ae#25e1aabc959477a8e8c33754a087bc255f541b135257c218199d32fd4b05ad88","","archived_historical_not_active"
"figs/04_error_analysis/fig_ablation_feature_groups.png","True","True","58821","ab511621ed0d7fbe6c0fb073035ba465a22098a4e08500bba9ab2f9258b4a9ba",".png","LEGACY_PROTOCOL","git_tag:pre-nwp-refactor-20261002@09230bce481bca561aef94b64f0d9a02479b41ae#ab511621ed0d7fbe6c0fb073035ba465a22098a4e08500bba9ab2f9258b4a9ba","","archived_historical_not_active"
"figs/04_error_analysis/fig_ablation_feature_groups.svg","True","True","19292","c261a6ba3a6d750d9e8d54e549963684f36864aa98c4234002f44dda1843f038",".svg","LEGACY_PROTOCOL","git_tag:pre-nwp-refactor-20261002@09230bce481bca561aef94b64f0d9a02479b41ae#c261a6ba3a6d750d9e8d54e549963684f36864aa98c4234002f44dda1843f038","","archived_historical_not_active"
"figs/04_error_analysis/fig_exploratory_error.png","True","True","378685","2ee4d7568159265da4bab53a8d579519ec6cbe3a273fdde90657cec57edab65f",".png","LEGACY_PROTOCOL","git_tag:pre-nwp-refactor-20261002@09230bce481bca561aef94b64f0d9a02479b41ae#2ee4d7568159265da4bab53a8d579519ec6cbe3a273fdde90657cec57edab65f","","archived_historical_not_active"
"figs/04_error_analysis/fig_exploratory_error.svg","True","True","199993","967f2e452a1eba4ddecec6cf4ea1d641c8e1199abae113a3a9bc2ccf4fd0c057",".svg","LEGACY_PROTOCOL","git_tag:pre-nwp-refactor-20261002@09230bce481bca561aef94b64f0d9a02479b41ae#967f2e452a1eba4ddecec6cf4ea1d641c8e1199abae113a3a9bc2ccf4fd0c057","","archived_historical_not_active"
"figs/04_error_analysis/fig_grouped_full.png","True","True","90791","04f3f7f0ab80d41b02f96d252eb9af8fc1b0f2dd7df3d5df277e482dd0928ca6",".png","LEGACY_PROTOCOL","git_tag:pre-nwp-refactor-20261002@09230bce481bca561aef94b64f0d9a02479b41ae#04f3f7f0ab80d41b02f96d252eb9af8fc1b0f2dd7df3d5df277e482dd0928ca6","","archived_historical_not_active"
"figs/04_error_analysis/fig_grouped_full.svg","True","True","33156","dac2ae0b78b32e1766c3904581bbf51c4243f52e6e098b8c239f999a8e80f4a9",".svg","LEGACY_PROTOCOL","git_tag:pre-nwp-refactor-20261002@09230bce481bca561aef94b64f0d9a02479b41ae#dac2ae0b78b32e1766c3904581bbf51c4243f52e6e098b8c239f999a8e80f4a9","","archived_historical_not_active"
"figs/04_error_analysis/fig_shap_interaction.png","True","True","119456","f0a5ed627532cfde8bd6984798d6a146a784ae42f1e21b1b712a489c993c2f7e",".png","LEGACY_PROTOCOL","git_tag:pre-nwp-refactor-20261002@09230bce481bca561aef94b64f0d9a02479b41ae#f0a5ed627532cfde8bd6984798d6a146a784ae42f1e21b1b712a489c993c2f7e","","archived_historical_not_active"
"figs/04_error_analysis/fig_shap_interaction.svg","True","True","28126","3c01608db04a9a6b173e74d2133586a135603c6e7404dac482b543013dd81fa3",".svg","LEGACY_PROTOCOL","git_tag:pre-nwp-refactor-20261002@09230bce481bca561aef94b64f0d9a02479b41ae#3c01608db04a9a6b173e74d2133586a135603c6e7404dac482b543013dd81fa3","","archived_historical_not_active"
"figs/04_error_analysis/fig_shap_lead_region.png","True","True","100211","0d96c3a61f93266924fe9a513cb271847d8fc76ed9e26f89ee1a72ba0d5dee41",".png","LEGACY_PROTOCOL","git_tag:pre-nwp-refactor-20261002@09230bce481bca561aef94b64f0d9a02479b41ae#0d96c3a61f93266924fe9a513cb271847d8fc76ed9e26f89ee1a72ba0d5dee41","","archived_historical_not_active"
"figs/04_error_analysis/fig_shap_lead_region.svg","True","True","28182","135bcba6d7d9c9f1b6de0b703ce65659cbb4a9a92cbb63784ccec5d097c32440",".svg","LEGACY_PROTOCOL","git_tag:pre-nwp-refactor-20261002@09230bce481bca561aef94b64f0d9a02479b41ae#135bcba6d7d9c9f1b6de0b703ce65659cbb4a9a92cbb63784ccec5d097c32440","","archived_historical_not_active"
"figs/04_error_analysis/fig_shap_quantile.png","True","True","170029","4f97e28db34a28802c68014d3a89ae1280cd1ee77965cb41a5af47a96d2f4b93",".png","LEGACY_PROTOCOL","git_tag:pre-nwp-refactor-20261002@09230bce481bca561aef94b64f0d9a02479b41ae#4f97e28db34a28802c68014d3a89ae1280cd1ee77965cb41a5af47a96d2f4b93","","archived_historical_not_active"
"figs/04_error_analysis/fig_shap_quantile.svg","True","True","43257","dfc8f2859b1f6aa244aacc4aa2bca1900969f8aa81e0e02958b7261dc990ac25",".svg","LEGACY_PROTOCOL","git_tag:pre-nwp-refactor-20261002@09230bce481bca561aef94b64f0d9a02479b41ae#dfc8f2859b1f6aa244aacc4aa2bca1900969f8aa81e0e02958b7261dc990ac25","","archived_historical_not_active"
"figs/05_robustness/fig_dm_conformal_full.png","True","True","154919","35feb50efc0e19ffaccb670eefdb47fe0a77303867165c7807908e915f47815e",".png","LEGACY_PROTOCOL","git_tag:pre-nwp-refactor-20261002@09230bce481bca561aef94b64f0d9a02479b41ae#35feb50efc0e19ffaccb670eefdb47fe0a77303867165c7807908e915f47815e","","archived_historical_not_active"
"figs/05_robustness/fig_dm_conformal_full.svg","True","True","33459","cd90dc8dac39b64b1bce857b3f157558c133ef3acb1772aef4f6155f80107af6",".svg","LEGACY_PROTOCOL","git_tag:pre-nwp-refactor-20261002@09230bce481bca561aef94b64f0d9a02479b41ae#cd90dc8dac39b64b1bce857b3f157558c133ef3acb1772aef4f6155f80107af6","","archived_historical_not_active"
"figs/06_probability/00_comparison/fig_calibration_effect_full.png","True","True","124417","412bffe8adf1203bea46e16e214db72195689dc9507990a458d7466d6b065a3e",".png","LEGACY_PROTOCOL","git_tag:pre-nwp-refactor-20261002@09230bce481bca561aef94b64f0d9a02479b41ae#412bffe8adf1203bea46e16e214db72195689dc9507990a458d7466d6b065a3e","","archived_historical_not_active"
"figs/06_probability/00_comparison/fig_calibration_effect_full.svg","True","True","55113","55f19d66977975a11920a373f8baa2696f3c7d31f3413f42ea5e596c01d285a5",".svg","LEGACY_PROTOCOL","git_tag:pre-nwp-refactor-20261002@09230bce481bca561aef94b64f0d9a02479b41ae#55f19d66977975a11920a373f8baa2696f3c7d31f3413f42ea5e596c01d285a5","","archived_historical_not_active"
"figs/06_probability/00_comparison/fig_reliability_full.png","True","True","130464","560e30d6413a525b052b5bed14fac9b9dba9e954a86f699f28ed217e00dfd624",".png","LEGACY_PROTOCOL","git_tag:pre-nwp-refactor-20261002@09230bce481bca561aef94b64f0d9a02479b41ae#560e30d6413a525b052b5bed14fac9b9dba9e954a86f699f28ed217e00dfd624","","archived_historical_not_active"
"figs/06_probability/00_comparison/fig_reliability_full.svg","True","True","54949","f3742e515323aba26e8e2e796b4bd83d3bcf2adbcdf38eab83c8acf2af3f602b",".svg","LEGACY_PROTOCOL","git_tag:pre-nwp-refactor-20261002@09230bce481bca561aef94b64f0d9a02479b41ae#f3742e515323aba26e8e2e796b4bd83d3bcf2adbcdf38eab83c8acf2af3f602b","","archived_historical_not_active"
"figs/06_probability/fig_pit_grouped.png","True","True","60549","f10d1da8c438594cae11198053b7b09de8c301ec12ea91fef77c944605b9f8d8",".png","LEGACY_PROTOCOL","git_tag:pre-nwp-refactor-20261002@09230bce481bca561aef94b64f0d9a02479b41ae#f10d1da8c438594cae11198053b7b09de8c301ec12ea91fef77c944605b9f8d8","","archived_historical_not_active"
"figs/06_probability/fig_pit_grouped.svg","True","True","23676","5a83d7236dfde380536bcb16f3c64ecd1d9a271f7360f0d7c13ce53b82782d52",".svg","LEGACY_PROTOCOL","git_tag:pre-nwp-refactor-20261002@09230bce481bca561aef94b64f0d9a02479b41ae#5a83d7236dfde380536bcb16f3c64ecd1d9a271f7360f0d7c13ce53b82782d52","","archived_historical_not_active"
"figs/06_probability/v1_ml/cloud/fig_probability_lead_feature.png","True","True","319934","b5d64cb8546d365f055d34e4828aff8dcf6d6299335485b083834f03b8a49e73",".png","LEGACY_PROTOCOL","git_tag:pre-nwp-refactor-20261002@09230bce481bca561aef94b64f0d9a02479b41ae#b5d64cb8546d365f055d34e4828aff8dcf6d6299335485b083834f03b8a49e73","","archived_historical_not_active"
"figs/06_probability/v1_ml/cloud/fig_probability_lead_feature.svg","True","True","58673","fd57a0d92a5a4ea176fe54f36eb4cb5a7c9708c04e79e7c63d47921caa2d19f1",".svg","LEGACY_PROTOCOL","git_tag:pre-nwp-refactor-20261002@09230bce481bca561aef94b64f0d9a02479b41ae#fd57a0d92a5a4ea176fe54f36eb4cb5a7c9708c04e79e7c63d47921caa2d19f1","","archived_historical_not_active"
"figs/06_probability/v1_ml/cloud/fig_probability_per_lead.png","True","True","313703","8cbf33d609fceba534001cca174b56bb451d6df368a577bfe966dfbe908500c9",".png","LEGACY_PROTOCOL","git_tag:pre-nwp-refactor-20261002@09230bce481bca561aef94b64f0d9a02479b41ae#8cbf33d609fceba534001cca174b56bb451d6df368a577bfe966dfbe908500c9","","archived_historical_not_active"
"figs/06_probability/v1_ml/cloud/fig_probability_per_lead.svg","True","True","58672","ff88e6734ec842fcec3925d91a86cdeb717296cdbefb9be460b63a40a32546da",".svg","LEGACY_PROTOCOL","git_tag:pre-nwp-refactor-20261002@09230bce481bca561aef94b64f0d9a02479b41ae#ff88e6734ec842fcec3925d91a86cdeb717296cdbefb9be460b63a40a32546da","","archived_historical_not_active"
"figs/06_probability/v1_ml/ghi/fig_probability_lead_feature.png","True","True","325790","f464f0b17e015c62a6d9549e873385c120279ec53ce6ad1e2835ee54be452c6e",".png","LEGACY_PROTOCOL","git_tag:pre-nwp-refactor-20261002@09230bce481bca561aef94b64f0d9a02479b41ae#f464f0b17e015c62a6d9549e873385c120279ec53ce6ad1e2835ee54be452c6e","","archived_historical_not_active"
"figs/06_probability/v1_ml/ghi/fig_probability_lead_feature.svg","True","True","58244","0c767ff11ada26b20444536c22c7a684e7ad1c99cf95510c116056f867fb59f1",".svg","LEGACY_PROTOCOL","git_tag:pre-nwp-refactor-20261002@09230bce481bca561aef94b64f0d9a02479b41ae#0c767ff11ada26b20444536c22c7a684e7ad1c99cf95510c116056f867fb59f1","","archived_historical_not_active"
"figs/06_probability/v1_ml/ghi/fig_probability_per_lead.png","True","True","331341","53599165584a79e50ed697bd2f5aff669186ff4754d231900b78c20e023d99eb",".png","LEGACY_PROTOCOL","git_tag:pre-nwp-refactor-20261002@09230bce481bca561aef94b64f0d9a02479b41ae#53599165584a79e50ed697bd2f5aff669186ff4754d231900b78c20e023d99eb","","archived_historical_not_active"
"figs/06_probability/v1_ml/ghi/fig_probability_per_lead.svg","True","True","58231","14b75f8a8193f78d301b8f863747479c50caf146d81c7783efd4c334eff4751c",".svg","LEGACY_PROTOCOL","git_tag:pre-nwp-refactor-20261002@09230bce481bca561aef94b64f0d9a02479b41ae#14b75f8a8193f78d301b8f863747479c50caf146d81c7783efd4c334eff4751c","","archived_historical_not_active"
"figs/README.md","True","True","709","d0361ec9a0171c643ec084e092e5f070b79e5c345aff3c036a59bc8544aed3bf",".md","LEGACY_PROTOCOL","git_tag:pre-nwp-refactor-20261002@09230bce481bca561aef94b64f0d9a02479b41ae#d0361ec9a0171c643ec084e092e5f070b79e5c345aff3c036a59bc8544aed3bf","","archived_historical_not_active"
"figs/nanjing_15var_diagnostic/01_data/fig_cloud_error_ghi_error_hexbin.pdf","True","True","54828","ee1f230dfba8c29765bc2122e9eb171e54729e7bd9b27bdd0c44851fdf093a42",".pdf","CURRENT_DIAGNOSTIC_IMPORTED","git_tag:pre-nwp-refactor-20261002@09230bce481bca561aef94b64f0d9a02479b41ae#ee1f230dfba8c29765bc2122e9eb171e54729e7bd9b27bdd0c44851fdf093a42","outputs/development/imported_nanjing_diagnostic/figs/nanjing_15var_diagnostic/01_data/fig_cloud_error_ghi_error_hexbin.pdf","imported_read_only_exact_bytes"
"figs/nanjing_15var_diagnostic/01_data/fig_cloud_error_ghi_error_hexbin.png","True","True","252929","45f054a7a401ca63b1f30dae2e134bda4a88a9e13dc45c84c22bb3dfefb15e23",".png","CURRENT_DIAGNOSTIC_IMPORTED","git_tag:pre-nwp-refactor-20261002@09230bce481bca561aef94b64f0d9a02479b41ae#45f054a7a401ca63b1f30dae2e134bda4a88a9e13dc45c84c22bb3dfefb15e23","outputs/development/imported_nanjing_diagnostic/figs/nanjing_15var_diagnostic/01_data/fig_cloud_error_ghi_error_hexbin.png","imported_read_only_exact_bytes"
"figs/nanjing_15var_diagnostic/01_data/fig_cloud_error_ghi_error_hexbin.svg","True","True","357279","a47ec4f4e9d4dd06d571a3be99e82f61d330cf3f9cabc1ae52951eb210e40d28",".svg","CURRENT_DIAGNOSTIC_IMPORTED","git_tag:pre-nwp-refactor-20261002@09230bce481bca561aef94b64f0d9a02479b41ae#c0004d03ea9a1a5aad8a7c9a0b1e39f18516b09209908ed1dec43ed897905dfc","outputs/development/imported_nanjing_diagnostic/figs/nanjing_15var_diagnostic/01_data/fig_cloud_error_ghi_error_hexbin.svg","imported_read_only_exact_bytes"
"figs/nanjing_15var_diagnostic/01_data/fig_cloud_error_ghi_error_hexbin_source.csv","True","True","715390","f8b2a3562277bdf21a9df12860b149ae18e1a67bb02f0d0acf1c3ead1d8d8db0",".csv","CURRENT_DIAGNOSTIC_IMPORTED","git_tag:pre-nwp-refactor-20261002@09230bce481bca561aef94b64f0d9a02479b41ae#4104aed47070b58c47214e923a739cce53c05697dc696a1326df1add036ddf05","outputs/development/imported_nanjing_diagnostic/figs/nanjing_15var_diagnostic/01_data/fig_cloud_error_ghi_error_hexbin_source.csv","imported_read_only_exact_bytes"
"figs/nanjing_15var_diagnostic/01_data/fig_data_source_timeline.png","True","True","104048","7679b9efd9323fd8da1ff1fa190bc0ec2a8716428abcfe1057050b94fff74cdb",".png","CURRENT_DIAGNOSTIC_IMPORTED","git_tag:pre-nwp-refactor-20261002@09230bce481bca561aef94b64f0d9a02479b41ae#7679b9efd9323fd8da1ff1fa190bc0ec2a8716428abcfe1057050b94fff74cdb","outputs/development/imported_nanjing_diagnostic/figs/nanjing_15var_diagnostic/01_data/fig_data_source_timeline.png","imported_read_only_exact_bytes"
"figs/nanjing_15var_diagnostic/01_data/fig_data_source_timeline.svg","True","True","29730","0d058b1ed6945ffa71c9f511c548993ec2c0242aaa2cdb3300f8c4938fb556ca",".svg","CURRENT_DIAGNOSTIC_IMPORTED","git_tag:pre-nwp-refactor-20261002@09230bce481bca561aef94b64f0d9a02479b41ae#7140fe1fab30b690da553406dd8248d39ee30e1854c40836c9640c772c618f7f","outputs/development/imported_nanjing_diagnostic/figs/nanjing_15var_diagnostic/01_data/fig_data_source_timeline.svg","imported_read_only_exact_bytes"
"figs/nanjing_15var_diagnostic/01_data/fig_data_source_timeline_source.csv","True","True","1215","c71bb1e3799e3fdb9d0028714b4c3dd42cf14af24418b1e8b80be3c275c7123b",".csv","CURRENT_DIAGNOSTIC_IMPORTED","git_tag:pre-nwp-refactor-20261002@09230bce481bca561aef94b64f0d9a02479b41ae#a91a73f60db10f623cde847216e615ad9f0989a99291646f3505a3f7f187f3fc","outputs/development/imported_nanjing_diagnostic/figs/nanjing_15var_diagnostic/01_data/fig_data_source_timeline_source.csv","imported_read_only_exact_bytes"
"figs/nanjing_15var_diagnostic/01_data/fig_feature_distribution_hexbin.png","True","True","311522","794f84beead2a19fe2bcc519e8b739eb2a5c41e7d4e06d0272158c307d1bb11a",".png","CURRENT_DIAGNOSTIC_IMPORTED","git_tag:pre-nwp-refactor-20261002@09230bce481bca561aef94b64f0d9a02479b41ae#794f84beead2a19fe2bcc519e8b739eb2a5c41e7d4e06d0272158c307d1bb11a","outputs/development/imported_nanjing_diagnostic/figs/nanjing_15var_diagnostic/01_data/fig_feature_distribution_hexbin.png","imported_read_only_exact_bytes"
"figs/nanjing_15var_diagnostic/01_data/fig_feature_distribution_hexbin.svg","True","True","393269","590dc5cc9ea421fa83eb7fda5bb0973befb1323c3411752760fb8393e016f062",".svg","CURRENT_DIAGNOSTIC_IMPORTED","git_tag:pre-nwp-refactor-20261002@09230bce481bca561aef94b64f0d9a02479b41ae#505bd29763639d7a13a6bba46926175d30e549503e323bd92a9d89eb7cbe3df5","outputs/development/imported_nanjing_diagnostic/figs/nanjing_15var_diagnostic/01_data/fig_feature_distribution_hexbin.svg","imported_read_only_exact_bytes"
"figs/nanjing_15var_diagnostic/01_data/fig_feature_distribution_hexbin_source.csv","True","True","1613813","5f5df68ffc489db2cbfe49e8ccde70900c0f9b9edd761e424bfe6d8b84373e98",".csv","CURRENT_DIAGNOSTIC_IMPORTED","git_tag:pre-nwp-refactor-20261002@09230bce481bca561aef94b64f0d9a02479b41ae#ca4bc764a7cf32a67448b3023137ba513ac4abca6715d71c0a38a96622470fb0","outputs/development/imported_nanjing_diagnostic/figs/nanjing_15var_diagnostic/01_data/fig_feature_distribution_hexbin_source.csv","imported_read_only_exact_bytes"
"figs/nanjing_15var_diagnostic/03_model_benchmark/all_cpu_rmse_by_fold.csv","True","True","2230","1e23b1be5359c243a9b7f8330358b33585611707ec8990b900bea8b8af6c2239",".csv","CURRENT_DIAGNOSTIC_IMPORTED","git_tag:pre-nwp-refactor-20261002@09230bce481bca561aef94b64f0d9a02479b41ae#80d29dbc1baee30b60bd9c8e47f189b8597c63b5c28249e5ecb7141fe5de9922","outputs/development/imported_nanjing_diagnostic/figs/nanjing_15var_diagnostic/03_model_benchmark/all_cpu_rmse_by_fold.csv","imported_read_only_exact_bytes"
"figs/nanjing_15var_diagnostic/03_model_benchmark/all_cpu_rmse_by_lead.csv","True","True","1200","a78f3f7daa83cc5bbb4802e9c90b657deac542dd8702e493c5a69f3b0dbebd03",".csv","CURRENT_DIAGNOSTIC_IMPORTED","git_tag:pre-nwp-refactor-20261002@09230bce481bca561aef94b64f0d9a02479b41ae#9c2e04f718e85768d2228812d4d1632e9f91187c14764ccae1216130d18b22e5","outputs/development/imported_nanjing_diagnostic/figs/nanjing_15var_diagnostic/03_model_benchmark/all_cpu_rmse_by_lead.csv","imported_read_only_exact_bytes"
"figs/nanjing_15var_diagnostic/03_model_benchmark/all_cpu_rmse_overall.csv","True","True","374","d25a237ec037ff0117e3d784c4e8e6204bbb1bec9a57b25b5042a8d715b71de9",".csv","CURRENT_DIAGNOSTIC_IMPORTED","git_tag:pre-nwp-refactor-20261002@09230bce481bca561aef94b64f0d9a02479b41ae#6ddc4d03a2db161747f128b888acb35146791976275ec0accf4a3ecb759b1f20","outputs/development/imported_nanjing_diagnostic/figs/nanjing_15var_diagnostic/03_model_benchmark/all_cpu_rmse_overall.csv","imported_read_only_exact_bytes"
"figs/nanjing_15var_diagnostic/03_model_benchmark/fig_cpu_improvement_vs_raw.png","True","True","87604","5098c0546b3967d57aca6691df6c6d1ec4d2bd7265528972e52f2c171495399f",".png","CURRENT_DIAGNOSTIC_IMPORTED","git_tag:pre-nwp-refactor-20261002@09230bce481bca561aef94b64f0d9a02479b41ae#5098c0546b3967d57aca6691df6c6d1ec4d2bd7265528972e52f2c171495399f","outputs/development/imported_nanjing_diagnostic/figs/nanjing_15var_diagnostic/03_model_benchmark/fig_cpu_improvement_vs_raw.png","imported_read_only_exact_bytes"
"figs/nanjing_15var_diagnostic/03_model_benchmark/fig_cpu_improvement_vs_raw.svg","True","True","22432","97eb9d1145cf53294d2bdfad722db1afcda0644e50703a505657fa75e9cd1f51",".svg","CURRENT_DIAGNOSTIC_IMPORTED","git_tag:pre-nwp-refactor-20261002@09230bce481bca561aef94b64f0d9a02479b41ae#9ea21054b26bac2abfe07bf0ff355b8eccab297778a7e0771f1c22b2d8bd5da7","outputs/development/imported_nanjing_diagnostic/figs/nanjing_15var_diagnostic/03_model_benchmark/fig_cpu_improvement_vs_raw.svg","imported_read_only_exact_bytes"
"figs/nanjing_15var_diagnostic/03_model_benchmark/fig_cpu_improvement_vs_raw_source.csv","True","True","3733","04f1040c26b50b67435f4c4cd298a579162176025da00b195ae8e67db77155f5",".csv","CURRENT_DIAGNOSTIC_IMPORTED","git_tag:pre-nwp-refactor-20261002@09230bce481bca561aef94b64f0d9a02479b41ae#78b70bc023643de0ab9d2d7910101fc3a5fbc0adb6d207a120c76fb4fe48ea3e","outputs/development/imported_nanjing_diagnostic/figs/nanjing_15var_diagnostic/03_model_benchmark/fig_cpu_improvement_vs_raw_source.csv","imported_read_only_exact_bytes"
"figs/nanjing_15var_diagnostic/03_model_benchmark/fig_cpu_lead_performance.png","True","True","146396","8be385a279b7516cc36a20247213c6bfe2a4639a004e41a44603630f5825b5f7",".png","CURRENT_DIAGNOSTIC_IMPORTED","git_tag:pre-nwp-refactor-20261002@09230bce481bca561aef94b64f0d9a02479b41ae#8be385a279b7516cc36a20247213c6bfe2a4639a004e41a44603630f5825b5f7","outputs/development/imported_nanjing_diagnostic/figs/nanjing_15var_diagnostic/03_model_benchmark/fig_cpu_lead_performance.png","imported_read_only_exact_bytes"
"figs/nanjing_15var_diagnostic/03_model_benchmark/fig_cpu_lead_performance.svg","True","True","25404","9a81bfca3ec81bfae3d7e14436af41148ae66d3c52a0a149ba6420a4f1012c83",".svg","CURRENT_DIAGNOSTIC_IMPORTED","git_tag:pre-nwp-refactor-20261002@09230bce481bca561aef94b64f0d9a02479b41ae#4436f0c9dde9065ae5b9b371767e7bb3f8c808006a98cb939ec5047bf2db161e","outputs/development/imported_nanjing_diagnostic/figs/nanjing_15var_diagnostic/03_model_benchmark/fig_cpu_lead_performance.svg","imported_read_only_exact_bytes"
"figs/nanjing_15var_diagnostic/03_model_benchmark/fig_cpu_lead_performance_source.csv","True","True","1200","a78f3f7daa83cc5bbb4802e9c90b657deac542dd8702e493c5a69f3b0dbebd03",".csv","CURRENT_DIAGNOSTIC_IMPORTED","git_tag:pre-nwp-refactor-20261002@09230bce481bca561aef94b64f0d9a02479b41ae#9c2e04f718e85768d2228812d4d1632e9f91187c14764ccae1216130d18b22e5","outputs/development/imported_nanjing_diagnostic/figs/nanjing_15var_diagnostic/03_model_benchmark/fig_cpu_lead_performance_source.csv","imported_read_only_exact_bytes"
"figs/nanjing_15var_diagnostic/03_model_benchmark/fig_cpu_overall_pinball.png","True","True","68120","7bce51861a23998c1aca50efcf0a2fdcf5fd7d5b6f5b8d0c0c009ab201c617cb",".png","CURRENT_DIAGNOSTIC_IMPORTED","git_tag:pre-nwp-refactor-20261002@09230bce481bca561aef94b64f0d9a02479b41ae#7bce51861a23998c1aca50efcf0a2fdcf5fd7d5b6f5b8d0c0c009ab201c617cb","outputs/development/imported_nanjing_diagnostic/figs/nanjing_15var_diagnostic/03_model_benchmark/fig_cpu_overall_pinball.png","imported_read_only_exact_bytes"
"figs/nanjing_15var_diagnostic/03_model_benchmark/fig_cpu_overall_pinball.svg","True","True","17827","5481d0ee705c32933f1297cdcfee2a131dbe1c5043f1f4fd9ac511f0970c9068",".svg","CURRENT_DIAGNOSTIC_IMPORTED","git_tag:pre-nwp-refactor-20261002@09230bce481bca561aef94b64f0d9a02479b41ae#f070ae1a6f5c4488f0c6cd1e34eda8d888955b394494b1b2e7543ac34bbedeb0","outputs/development/imported_nanjing_diagnostic/figs/nanjing_15var_diagnostic/03_model_benchmark/fig_cpu_overall_pinball.svg","imported_read_only_exact_bytes"
"figs/nanjing_15var_diagnostic/03_model_benchmark/fig_cpu_overall_pinball_source.csv","True","True","1021","2dc3caa6d7e86c93961408206504ebbbbf4d02d46372a78d3580ab52d908a97d",".csv","CURRENT_DIAGNOSTIC_IMPORTED","git_tag:pre-nwp-refactor-20261002@09230bce481bca561aef94b64f0d9a02479b41ae#5a7a2a61f4e5be46ceb0059036b85d54a7920884adee77c073ecefdcdd5fdbad","outputs/development/imported_nanjing_diagnostic/figs/nanjing_15var_diagnostic/03_model_benchmark/fig_cpu_overall_pinball_source.csv","imported_read_only_exact_bytes"
"figs/nanjing_15var_diagnostic/03_model_benchmark/fig_tuning_candidates.png","True","True","138158","fb19c7a67b18ca8c35fa416b31d94b15609a119fbd34723c4acec4cdb0469bc3",".png","CURRENT_DIAGNOSTIC_IMPORTED","git_tag:pre-nwp-refactor-20261002@09230bce481bca561aef94b64f0d9a02479b41ae#fb19c7a67b18ca8c35fa416b31d94b15609a119fbd34723c4acec4cdb0469bc3","outputs/development/imported_nanjing_diagnostic/figs/nanjing_15var_diagnostic/03_model_benchmark/fig_tuning_candidates.png","imported_read_only_exact_bytes"
"figs/nanjing_15var_diagnostic/03_model_benchmark/fig_tuning_candidates.svg","True","True","49619","62315c437ca9e2c2b2d4633c59ffa0ee7f28ec3f066a8b959727cf18ed848509",".svg","CURRENT_DIAGNOSTIC_IMPORTED","git_tag:pre-nwp-refactor-20261002@09230bce481bca561aef94b64f0d9a02479b41ae#de74c1f65dd97577822bda003f8a0ad76fbdd10516c31777088d76ecc2545cbd","outputs/development/imported_nanjing_diagnostic/figs/nanjing_15var_diagnostic/03_model_benchmark/fig_tuning_candidates.svg","imported_read_only_exact_bytes"
"figs/nanjing_15var_diagnostic/03_model_benchmark/fig_tuning_candidates_source.csv","True","True","13335","54b2af44ce49b697295a916da85715a4c70257a390ae08eaceeffddbee62945d",".csv","CURRENT_DIAGNOSTIC_IMPORTED","git_tag:pre-nwp-refactor-20261002@09230bce481bca561aef94b64f0d9a02479b41ae#9936b33512d7e78027147480f7b7c9e1d84173fa119a1a8bee9b21816d80f450","outputs/development/imported_nanjing_diagnostic/figs/nanjing_15var_diagnostic/03_model_benchmark/fig_tuning_candidates_source.csv","imported_read_only_exact_bytes"
"figs/nanjing_15var_diagnostic/03_model_benchmark/fig_value_ladder.png","True","True","98524","1a81a5b259c5f793a8c1b92389c86f7980f2253746036071304fd4155395cbb9",".png","CURRENT_DIAGNOSTIC_IMPORTED","git_tag:pre-nwp-refactor-20261002@09230bce481bca561aef94b64f0d9a02479b41ae#1a81a5b259c5f793a8c1b92389c86f7980f2253746036071304fd4155395cbb9","outputs/development/imported_nanjing_diagnostic/figs/nanjing_15var_diagnostic/03_model_benchmark/fig_value_ladder.png","imported_read_only_exact_bytes"
"figs/nanjing_15var_diagnostic/03_model_benchmark/fig_value_ladder.svg","True","True","27175","cf1c2659cb7418d182edac5bd6e6e3afeadac3e1c8f22c01d60e2b8174c0ac9a",".svg","CURRENT_DIAGNOSTIC_IMPORTED","git_tag:pre-nwp-refactor-20261002@09230bce481bca561aef94b64f0d9a02479b41ae#f8cd00a26429f8a0aa614a7669374811de98a380c61f59b0f8de29284ffa4154","outputs/development/imported_nanjing_diagnostic/figs/nanjing_15var_diagnostic/03_model_benchmark/fig_value_ladder.svg","imported_read_only_exact_bytes"
"figs/nanjing_15var_diagnostic/03_model_benchmark/fixed_rmse_by_fold.csv","True","True","1627","bd18cd1fb58a52628f7a5a85e2ea610f4598282f30e0f5feb860344f73edf29e",".csv","CURRENT_DIAGNOSTIC_IMPORTED","git_tag:pre-nwp-refactor-20261002@09230bce481bca561aef94b64f0d9a02479b41ae#14a0761c0e63fe1ca5daf3663983b27dadb8ece4f43326c0cafc859d464fcffb","outputs/development/imported_nanjing_diagnostic/figs/nanjing_15var_diagnostic/03_model_benchmark/fixed_rmse_by_fold.csv","imported_read_only_exact_bytes"
"figs/nanjing_15var_diagnostic/03_model_benchmark/fixed_rmse_by_fold_lead.csv","True","True","5046","b8e38071644c0857ed22c3f9302e4ed25c58f5f807c8ed9fc154af37ff39ea33",".csv","CURRENT_DIAGNOSTIC_IMPORTED","git_tag:pre-nwp-refactor-20261002@09230bce481bca561aef94b64f0d9a02479b41ae#ad6325dd99efc62c6d69ae1466537104587760a8929d3b20bfe9b6639c12968d","outputs/development/imported_nanjing_diagnostic/figs/nanjing_15var_diagnostic/03_model_benchmark/fixed_rmse_by_fold_lead.csv","imported_read_only_exact_bytes"
"figs/nanjing_15var_diagnostic/03_model_benchmark/fixed_rmse_overall.csv","True","True","278","b4bde5da2fac7da829c95ea9452453b5056ca169a45268b1f2fdbc511e2cd72c",".csv","CURRENT_DIAGNOSTIC_IMPORTED","git_tag:pre-nwp-refactor-20261002@09230bce481bca561aef94b64f0d9a02479b41ae#dacaccc18d52bb707612d8e423f1824627ecbf5dec70e0074eacf4f6565c5880","outputs/development/imported_nanjing_diagnostic/figs/nanjing_15var_diagnostic/03_model_benchmark/fixed_rmse_overall.csv","imported_read_only_exact_bytes"
"figs/nanjing_15var_diagnostic/04_probability/fig_coverage_reliability.png","True","True","183415","6444774e549bf84eeed7d30e901af4bf19a11634d0abf380f15f23b0aa869e26",".png","CURRENT_DIAGNOSTIC_IMPORTED","git_tag:pre-nwp-refactor-20261002@09230bce481bca561aef94b64f0d9a02479b41ae#6444774e549bf84eeed7d30e901af4bf19a11634d0abf380f15f23b0aa869e26","outputs/development/imported_nanjing_diagnostic/figs/nanjing_15var_diagnostic/04_probability/fig_coverage_reliability.png","imported_read_only_exact_bytes"
"figs/nanjing_15var_diagnostic/04_probability/fig_coverage_reliability.svg","True","True","30069","0f984361b27e1542c104628e3feebfda6f56263f6d42a95adf483dcb8e3bb976",".svg","CURRENT_DIAGNOSTIC_IMPORTED","git_tag:pre-nwp-refactor-20261002@09230bce481bca561aef94b64f0d9a02479b41ae#49befbee7426a6cc7110972bd4c115573d17d222b8af41f9a967b9cd4523aea6","outputs/development/imported_nanjing_diagnostic/figs/nanjing_15var_diagnostic/04_probability/fig_coverage_reliability.svg","imported_read_only_exact_bytes"
"figs/nanjing_15var_diagnostic/04_probability/fig_coverage_reliability_source.csv","True","True","2359","9bdb93cdaefe2d53d1038eaa415f48eb87f955eb67abd4586bf560ded4f6aa4d",".csv","CURRENT_DIAGNOSTIC_IMPORTED","git_tag:pre-nwp-refactor-20261002@09230bce481bca561aef94b64f0d9a02479b41ae#c371bbb7c4da8a272191be2095b1795872826ab658a3a6fba835fd016e19b30b","outputs/development/imported_nanjing_diagnostic/figs/nanjing_15var_diagnostic/04_probability/fig_coverage_reliability_source.csv","imported_read_only_exact_bytes"
"figs/nanjing_15var_diagnostic/04_probability/fig_coverage_width.png","True","True","166378","751dde9ae37b17b25b547e25bb462113e986512eb16e91119e9062b84518a5a0",".png","CURRENT_DIAGNOSTIC_IMPORTED","git_tag:pre-nwp-refactor-20261002@09230bce481bca561aef94b64f0d9a02479b41ae#751dde9ae37b17b25b547e25bb462113e986512eb16e91119e9062b84518a5a0","outputs/development/imported_nanjing_diagnostic/figs/nanjing_15var_diagnostic/04_probability/fig_coverage_width.png","imported_read_only_exact_bytes"
"figs/nanjing_15var_diagnostic/04_probability/fig_coverage_width.svg","True","True","26352","baf782bd23abd776c82b5b343e13358e7570e3cb6815ef00660fae04a11a1d0f",".svg","CURRENT_DIAGNOSTIC_IMPORTED","git_tag:pre-nwp-refactor-20261002@09230bce481bca561aef94b64f0d9a02479b41ae#22af4ef5c207bb8f7ce30abe6056c6c20726f54d9ee4400dc4c71cdc6fff199a","outputs/development/imported_nanjing_diagnostic/figs/nanjing_15var_diagnostic/04_probability/fig_coverage_width.svg","imported_read_only_exact_bytes"
"figs/nanjing_15var_diagnostic/04_probability/fig_coverage_width_source.csv","True","True","544","de7088e5318914005b56b1bb59c05970328b1615c6bc3b8c2d88cf684bb4c4b1",".csv","CURRENT_DIAGNOSTIC_IMPORTED","git_tag:pre-nwp-refactor-20261002@09230bce481bca561aef94b64f0d9a02479b41ae#5c35bbeaac09919ad5528ca8d7583967f7bd721b9c433b9cfcf14d998577d478","outputs/development/imported_nanjing_diagnostic/figs/nanjing_15var_diagnostic/04_probability/fig_coverage_width_source.csv","imported_read_only_exact_bytes"
"figs/nanjing_15var_diagnostic/04_probability/fig_quantile_case.png","True","True","187030","259bbfc205234467ec91bf872059fd2592fd0f2e3109c12b6698b0faf43099b0",".png","CURRENT_DIAGNOSTIC_IMPORTED","git_tag:pre-nwp-refactor-20261002@09230bce481bca561aef94b64f0d9a02479b41ae#259bbfc205234467ec91bf872059fd2592fd0f2e3109c12b6698b0faf43099b0","outputs/development/imported_nanjing_diagnostic/figs/nanjing_15var_diagnostic/04_probability/fig_quantile_case.png","imported_read_only_exact_bytes"
"figs/nanjing_15var_diagnostic/04_probability/fig_quantile_case.svg","True","True","20684","ca2c77c47ed8579e8d66f97415cf8a480c8c0006e1b9efce723a4fef34b430a6",".svg","CURRENT_DIAGNOSTIC_IMPORTED","git_tag:pre-nwp-refactor-20261002@09230bce481bca561aef94b64f0d9a02479b41ae#bd9e08157cbfc98a2106dd6258101469b64eded1d1b69b34421a5595c6729f82","outputs/development/imported_nanjing_diagnostic/figs/nanjing_15var_diagnostic/04_probability/fig_quantile_case.svg","imported_read_only_exact_bytes"
"figs/nanjing_15var_diagnostic/04_probability/fig_quantile_case_source.csv","True","True","2265","93f3d62f7cfbe2a98508196638111419cf476e95ae33c3f195a3c15fa66702c4",".csv","CURRENT_DIAGNOSTIC_IMPORTED","git_tag:pre-nwp-refactor-20261002@09230bce481bca561aef94b64f0d9a02479b41ae#c2d7eaf449e67fefdb9f3eb92eb9789148fa147456a1fb2be229b4fd75ba83d8","outputs/development/imported_nanjing_diagnostic/figs/nanjing_15var_diagnostic/04_probability/fig_quantile_case_source.csv","imported_read_only_exact_bytes"
"figs/nanjing_15var_diagnostic/04_probability/fig_weather_conditional_coverage.png","True","True","103899","03dfa2ba4b30d81082533d12b8ca9fefc2fe4d7752a5699100a1a998fd8e02d3",".png","CURRENT_DIAGNOSTIC_IMPORTED","git_tag:pre-nwp-refactor-20261002@09230bce481bca561aef94b64f0d9a02479b41ae#03dfa2ba4b30d81082533d12b8ca9fefc2fe4d7752a5699100a1a998fd8e02d3","outputs/development/imported_nanjing_diagnostic/figs/nanjing_15var_diagnostic/04_probability/fig_weather_conditional_coverage.png","imported_read_only_exact_bytes"
"figs/nanjing_15var_diagnostic/04_probability/fig_weather_conditional_coverage.svg","True","True","27238","f1b144fbe016c11dc8c5034a0f39dcf9d1438e087af531c9d42438bd8edb6ab4",".svg","CURRENT_DIAGNOSTIC_IMPORTED","git_tag:pre-nwp-refactor-20261002@09230bce481bca561aef94b64f0d9a02479b41ae#e3de56c1fb6a8a33f71dd34525086bbd684adbc50bc5c22db9f1befb11c82c5b","outputs/development/imported_nanjing_diagnostic/figs/nanjing_15var_diagnostic/04_probability/fig_weather_conditional_coverage.svg","imported_read_only_exact_bytes"
"figs/nanjing_15var_diagnostic/04_probability/fig_weather_conditional_coverage_source.csv","True","True","1370","0ee9d9394fb0bdf3f97c911e32c757d09f27f61408050f1b1de9c3bc15f50368",".csv","CURRENT_DIAGNOSTIC_IMPORTED","git_tag:pre-nwp-refactor-20261002@09230bce481bca561aef94b64f0d9a02479b41ae#43baedfe0e13e1a0171873833673f31284848604730298449a8d71a74f10b026","outputs/development/imported_nanjing_diagnostic/figs/nanjing_15var_diagnostic/04_probability/fig_weather_conditional_coverage_source.csv","imported_read_only_exact_bytes"
"figs/nanjing_15var_diagnostic/05_interpretation/fig_group_ablation.png","True","True","77535","1d835d290c469db1dcd1f490e929cc0c57122d9e331e30d95da714b50a908353",".png","CURRENT_DIAGNOSTIC_IMPORTED","git_tag:pre-nwp-refactor-20261002@09230bce481bca561aef94b64f0d9a02479b41ae#1d835d290c469db1dcd1f490e929cc0c57122d9e331e30d95da714b50a908353","outputs/development/imported_nanjing_diagnostic/figs/nanjing_15var_diagnostic/05_interpretation/fig_group_ablation.png","imported_read_only_exact_bytes"
"figs/nanjing_15var_diagnostic/05_interpretation/fig_group_ablation.svg","True","True","23776","9efffc61c9f87660bb417f04d15b7fa3be15cb5d34b9bd8a95237fa47b3c1e18",".svg","CURRENT_DIAGNOSTIC_IMPORTED","git_tag:pre-nwp-refactor-20261002@09230bce481bca561aef94b64f0d9a02479b41ae#8c8bb64016fc0ff89582827eb672d227ab90e1c3dd548929fe72fa071b4270cf","outputs/development/imported_nanjing_diagnostic/figs/nanjing_15var_diagnostic/05_interpretation/fig_group_ablation.svg","imported_read_only_exact_bytes"
"figs/nanjing_15var_diagnostic/05_interpretation/fig_group_ablation_by_outer.csv","True","True","1259","19f334b9f4b65c76d7adf3bd2b408f9f355ea3ebbd37299a80e8befc41c6bd2e",".csv","CURRENT_DIAGNOSTIC_IMPORTED","git_tag:pre-nwp-refactor-20261002@09230bce481bca561aef94b64f0d9a02479b41ae#4702b137ed1e06a99366f6c5044c5133b2430981dded85b9f5431b30186717d4","outputs/development/imported_nanjing_diagnostic/figs/nanjing_15var_diagnostic/05_interpretation/fig_group_ablation_by_outer.csv","imported_read_only_exact_bytes"
"figs/nanjing_15var_diagnostic/05_interpretation/fig_group_ablation_source.csv","True","True","8157","196841532d1df6cd18d3da48bb30e6d93e7c954f2256b7b83356f1fa10bacb54",".csv","CURRENT_DIAGNOSTIC_IMPORTED","git_tag:pre-nwp-refactor-20261002@09230bce481bca561aef94b64f0d9a02479b41ae#1eb90fac13064fc732c5493f2923331d73ad18c570550ae4bf38f597dd705496","outputs/development/imported_nanjing_diagnostic/figs/nanjing_15var_diagnostic/05_interpretation/fig_group_ablation_source.csv","imported_read_only_exact_bytes"
"figs/nanjing_15var_diagnostic/05_interpretation/fig_group_permutation.png","True","True","93350","035d9618fd06bdad8b26df4a5a0148122644f06207235312e4c8e4904e93b251",".png","CURRENT_DIAGNOSTIC_IMPORTED","git_tag:pre-nwp-refactor-20261002@09230bce481bca561aef94b64f0d9a02479b41ae#035d9618fd06bdad8b26df4a5a0148122644f06207235312e4c8e4904e93b251","outputs/development/imported_nanjing_diagnostic/figs/nanjing_15var_diagnostic/05_interpretation/fig_group_permutation.png","imported_read_only_exact_bytes"
"figs/nanjing_15var_diagnostic/05_interpretation/fig_group_permutation.svg","True","True","27765","2c50d426f8b10bbe1cd1c6bd2421453e96c6b38641134c8f58bd25d95caf4182",".svg","CURRENT_DIAGNOSTIC_IMPORTED","git_tag:pre-nwp-refactor-20261002@09230bce481bca561aef94b64f0d9a02479b41ae#ade5b7f08e6414f7afaeeb9c004b911eda84bf6bcc9900898c10dd62bb398749","outputs/development/imported_nanjing_diagnostic/figs/nanjing_15var_diagnostic/05_interpretation/fig_group_permutation.svg","imported_read_only_exact_bytes"
"figs/nanjing_15var_diagnostic/05_interpretation/fig_group_permutation_by_outer.csv","True","True","1227","f0c043c74446cf0cb9ffe5889336ff8b2f34c94ca8029865d12afc9f3a4b565b",".csv","CURRENT_DIAGNOSTIC_IMPORTED","git_tag:pre-nwp-refactor-20261002@09230bce481bca561aef94b64f0d9a02479b41ae#3ddcc500d4d62b8f4f435cde05a86dc48be06fb771c3ae34f6d270e0d5cec974","outputs/development/imported_nanjing_diagnostic/figs/nanjing_15var_diagnostic/05_interpretation/fig_group_permutation_by_outer.csv","imported_read_only_exact_bytes"
"figs/nanjing_15var_diagnostic/05_interpretation/fig_group_permutation_source.csv","True","True","24594","02623615df563b7caffcbf27333672af8fb877a5dbede8a1632c79b38aa95252",".csv","CURRENT_DIAGNOSTIC_IMPORTED","git_tag:pre-nwp-refactor-20261002@09230bce481bca561aef94b64f0d9a02479b41ae#1b62e903cbc107542b889af95675f84c9129b855aff3a01cf1add73fea9ed6c6","outputs/development/imported_nanjing_diagnostic/figs/nanjing_15var_diagnostic/05_interpretation/fig_group_permutation_source.csv","imported_read_only_exact_bytes"
"figs/nanjing_15var_diagnostic/05_interpretation/fig_key_feature_hexbin.png","True","True","272401","e6d6628ce5dceb8db4f0e7b4d356f5217f08d464a5a79226e9935a376de0cc92",".png","CURRENT_DIAGNOSTIC_IMPORTED","git_tag:pre-nwp-refactor-20261002@09230bce481bca561aef94b64f0d9a02479b41ae#e6d6628ce5dceb8db4f0e7b4d356f5217f08d464a5a79226e9935a376de0cc92","outputs/development/imported_nanjing_diagnostic/figs/nanjing_15var_diagnostic/05_interpretation/fig_key_feature_hexbin.png","imported_read_only_exact_bytes"
"figs/nanjing_15var_diagnostic/05_interpretation/fig_key_feature_hexbin.svg","True","True","310993","e1e10e3c91c3bce3b746a2165c9da86dd1b72801a7871d321e044d4e330a16f2",".svg","CURRENT_DIAGNOSTIC_IMPORTED","git_tag:pre-nwp-refactor-20261002@09230bce481bca561aef94b64f0d9a02479b41ae#ed47d0e30d658a16039e74409bd533ece9857dc57020a854c8663c92ef8331f2","outputs/development/imported_nanjing_diagnostic/figs/nanjing_15var_diagnostic/05_interpretation/fig_key_feature_hexbin.svg","imported_read_only_exact_bytes"
"figs/nanjing_15var_diagnostic/05_interpretation/fig_key_feature_hexbin_source.csv","True","True","1050955","2c1af5df16206830bb74ee100665d2e4a847db2b9bfb715bc0d0b29374dde3bf",".csv","CURRENT_DIAGNOSTIC_IMPORTED","git_tag:pre-nwp-refactor-20261002@09230bce481bca561aef94b64f0d9a02479b41ae#7652cf95168ed1919f7a6ad0a2b61977779dbc3fd87430f13e19de6108ebc543","outputs/development/imported_nanjing_diagnostic/figs/nanjing_15var_diagnostic/05_interpretation/fig_key_feature_hexbin_source.csv","imported_read_only_exact_bytes"
"figs/nanjing_15var_diagnostic/05_interpretation/fig_shap_beeswarm.png","True","True","217164","5f1b40e25364451db3a6abd8493e636619791c89b9033ddecaa62efdabb1ff27",".png","CURRENT_DIAGNOSTIC_IMPORTED","git_tag:pre-nwp-refactor-20261002@09230bce481bca561aef94b64f0d9a02479b41ae#5f1b40e25364451db3a6abd8493e636619791c89b9033ddecaa62efdabb1ff27","outputs/development/imported_nanjing_diagnostic/figs/nanjing_15var_diagnostic/05_interpretation/fig_shap_beeswarm.png","imported_read_only_exact_bytes"
"figs/nanjing_15var_diagnostic/05_interpretation/fig_shap_beeswarm.svg","True","True","51633","e40fcda536f8534f65691c760b63d599aab6ae0fb1dfb7d6a22b3fca81f49445",".svg","CURRENT_DIAGNOSTIC_IMPORTED","git_tag:pre-nwp-refactor-20261002@09230bce481bca561aef94b64f0d9a02479b41ae#3b3a5f59c2c57e34679aa52487f5f2f9713facfde6870f84fdae6fbce9b966bb","outputs/development/imported_nanjing_diagnostic/figs/nanjing_15var_diagnostic/05_interpretation/fig_shap_beeswarm.svg","imported_read_only_exact_bytes"
"figs/nanjing_15var_diagnostic/05_interpretation/fig_shap_beeswarm_importance.csv","True","True","1291","b8d0be3c33261d88a85ddb74b0938d948b39825ef0ec9eae5dafa34f1a39414c",".csv","CURRENT_DIAGNOSTIC_IMPORTED","git_tag:pre-nwp-refactor-20261002@09230bce481bca561aef94b64f0d9a02479b41ae#ed28402ef7ac32dd15fbd172ea3f154c78ac47282b50da764cf3b431435c7eb8","outputs/development/imported_nanjing_diagnostic/figs/nanjing_15var_diagnostic/05_interpretation/fig_shap_beeswarm_importance.csv","imported_read_only_exact_bytes"
"figs/nanjing_15var_diagnostic/05_interpretation/fig_shap_beeswarm_source.csv","True","True","486544","5434ac0fb1a9f3037e1d25fe0873d119f26a26183d0578bcf787952706c878e2",".csv","CURRENT_DIAGNOSTIC_IMPORTED","git_tag:pre-nwp-refactor-20261002@09230bce481bca561aef94b64f0d9a02479b41ae#e319067ce381885feccca293fe35d546fcaa77018638c044b7e149fe6ed2abe8","outputs/development/imported_nanjing_diagnostic/figs/nanjing_15var_diagnostic/05_interpretation/fig_shap_beeswarm_source.csv","imported_read_only_exact_bytes"
"figs/nanjing_15var_diagnostic/05_interpretation/model_reproduction_receipt.json","True","True","1574","79c2d8475b025d18da28033ad7ef2ad344955f24a019e0e9bb2630274856fbf1",".json","CURRENT_DIAGNOSTIC_IMPORTED","git_tag:pre-nwp-refactor-20261002@09230bce481bca561aef94b64f0d9a02479b41ae#4a3dce5e02724b81465576d84111053de0a38f5ad6da58461f57b4b3686f97ad","outputs/development/imported_nanjing_diagnostic/figs/nanjing_15var_diagnostic/05_interpretation/model_reproduction_receipt.json","imported_read_only_exact_bytes"
"figs/nanjing_15var_diagnostic/FIGURE_CONTRACT.md","True","True","4799","89fba9080b5df89bfceb50752866d3a17646aa48dfb1e5d1df7c9f0b380cb0ab",".md","CURRENT_DIAGNOSTIC_IMPORTED","git_tag:pre-nwp-refactor-20261002@09230bce481bca561aef94b64f0d9a02479b41ae#5bc15524227d2b76ec75a5132ce019661a709941d31729a5383813a39395631c","outputs/development/imported_nanjing_diagnostic/figs/nanjing_15var_diagnostic/FIGURE_CONTRACT.md","imported_read_only_exact_bytes"
"figs/nanjing_15var_diagnostic/figure_manifest.json","True","True","8408","9e74b65565732b49dc2978820a9ac42c599ac43d1abda35593affc1cc208c606",".json","CURRENT_DIAGNOSTIC_IMPORTED","git_tag:pre-nwp-refactor-20261002@09230bce481bca561aef94b64f0d9a02479b41ae#de68228b9d5d72efd273427d4914d9f66d3527c667289529c559e284c28c25f7","outputs/development/imported_nanjing_diagnostic/figs/nanjing_15var_diagnostic/figure_manifest.json","imported_read_only_exact_bytes"
"reports/01_data_audit/cloud_endpoint_audit.csv","True","True","383223","bb2c3fd4eadf66bb43114c26a0d6fec73485d23a848533a9393f2230f0f0be5e",".csv","CURRENT_AUDIT_IMPORTED","git_tag:pre-nwp-refactor-20261002@09230bce481bca561aef94b64f0d9a02479b41ae#067d10f9e6c2b34fe50d9aa015cf3e07c6a1043ec90fe28ed5f25d91cceb69a4","outputs/development/imported_raw_data_audit/reports/01_data_audit/cloud_endpoint_audit.csv","imported_read_only_exact_bytes"
"reports/01_data_audit/consistency_audit.md","False","False","3528","f69bb57008d78d561df348d71fcc6b13957bc307684f47a90db52f4f0e99bdb1",".md","CURRENT_AUDIT_IMPORTED","external_local:NWP_website_handoff/research_reference/reports/01_data_audit/consistency_audit.md#f69bb57008d78d561df348d71fcc6b13957bc307684f47a90db52f4f0e99bdb1","outputs/development/imported_raw_data_audit/reports/01_data_audit/consistency_audit.md","imported_read_only_exact_bytes"
"reports/01_data_audit/diagnostics/data_availability_featured.csv","False","False","17952","036b99ad15cd268af42c7442c516e0b3f8deeb58f16d7e8dc9f03c262ab84e67",".csv","RECOVERY_REQUIRED","","","missing_unrecovered"
"reports/01_data_audit/diagnostics/data_availability_featured_2024-02_2026-08.csv","False","False","7929","63ed387bf66f1b03bf43e366223a785182f3f2a3a5b1ae8b3859c040632cd850",".csv","RECOVERY_REQUIRED","","","missing_unrecovered"
"reports/01_data_audit/diagnostics/data_availability_featured_2024-02_2026-09.csv","False","False","7928","8bddc4b4346eb755afc54938a218f6a56f79da8c789cb9128430aa1e3dd36bcb",".csv","RECOVERY_REQUIRED","","","missing_unrecovered"
"reports/01_data_audit/features/collinearity_ablation_valid/corr_top.csv","False","False","24932","a170f0b6c361609fba8eeaa235cc424cff7ec611170e3535c9ed744f3695ecb7",".csv","RECOVERY_REQUIRED","","","missing_unrecovered"
"reports/01_data_audit/features/collinearity_ablation_valid/pca_artifact_check.csv","False","False","82","9fc0661a7bccaa2d8b01eccf2de2711f503737ecf12f6c8356b0ce08697a5f28",".csv","RECOVERY_REQUIRED","","","missing_unrecovered"
"reports/01_data_audit/features/collinearity_ablation_valid/pca_variance_curves.csv","False","False","3137","a1ffaef45be0cd69edacbf47031682b47d26ab0c22210c510fb480e21e94f77c",".csv","RECOVERY_REQUIRED","","","missing_unrecovered"
"reports/01_data_audit/features/collinearity_ablation_valid/results.csv","False","False","1109","08fca8841a9c471d5b3a9cd00df370be0f5eb5717bb3ca82e6028de599ccea7e",".csv","RECOVERY_REQUIRED","","","missing_unrecovered"
"reports/01_data_audit/features/collinearity_ablation_valid/summary.md","False","False","1839","0e18e6563e97c2baae3c165358797937d390f0b148d39a03ab3bcde2f9454bed",".md","RECOVERY_REQUIRED","","","missing_unrecovered"
"reports/01_data_audit/features/weather_profiles/summary.csv","False","False","701","819e685a3c19d9aefcf9f450b10781ce5c6bc05413a92397755b3f2e1b345d86",".csv","RECOVERY_REQUIRED","","","missing_unrecovered"
"reports/01_data_audit/features/weather_profiles/summary.md","False","False","592","c5efc05c467691882a2219c1454f139694d4ed19f3c5ef9e71a0066913c3e47c",".md","RECOVERY_REQUIRED","","","missing_unrecovered"
"reports/01_data_audit/gfs_quality_audit.md","True","True","3204","268f830a283e640727741417ad7a47064c8f67288aff615abadcaf225b7e264d",".md","CURRENT_AUDIT_IMPORTED","git_tag:pre-nwp-refactor-20261002@09230bce481bca561aef94b64f0d9a02479b41ae#9b5c715f97e75f6b24bf3b63b1a8447e3147c9a92df639306d7194834944050b","outputs/development/imported_raw_data_audit/reports/01_data_audit/gfs_quality_audit.md","imported_read_only_exact_bytes"
"reports/01_data_audit/gfs_quality_summary.csv","True","True","794","91128c27fa904c51be3d0af624b7ec84b2c0fbd7776715bd637ed1321a5e99f4",".csv","CURRENT_AUDIT_IMPORTED","git_tag:pre-nwp-refactor-20261002@09230bce481bca561aef94b64f0d9a02479b41ae#150682892c77f226e633a72a8cb6973c77cb94308da740f9f5e05ef034754187","outputs/development/imported_raw_data_audit/reports/01_data_audit/gfs_quality_summary.csv","imported_read_only_exact_bytes"
"reports/01_data_audit/gfs_semantics/audit.json","False","False","1448","6d075a02ae766d363dfc3b6269dbfcd5f940beb581b74223e6fa21ed1d85bfd9",".json","CURRENT_AUDIT_IMPORTED","external_local:NWP_website_handoff/research_reference/reports/01_data_audit/gfs_semantics/audit.json#6d075a02ae766d363dfc3b6269dbfcd5f940beb581b74223e6fa21ed1d85bfd9","outputs/development/imported_raw_data_audit/reports/01_data_audit/gfs_semantics/audit.json","imported_read_only_exact_bytes"
"reports/01_data_audit/gfs_semantics/audit.md","False","False","992","b20920e82aed5b2124a579aa3060a1682790259b8146d2063216a82ab74bacb7",".md","CURRENT_AUDIT_IMPORTED","external_local:NWP_website_handoff/research_reference/reports/01_data_audit/gfs_semantics/audit.md#b20920e82aed5b2124a579aa3060a1682790259b8146d2063216a82ab74bacb7","outputs/development/imported_raw_data_audit/reports/01_data_audit/gfs_semantics/audit.md","imported_read_only_exact_bytes"
"reports/01_data_audit/gfs_zero_ghi_audit.csv","True","True","759016","796c3d69ffd7428f746a075f16982398acfbd88f354353ed555e132ddc55df6d",".csv","CURRENT_AUDIT_IMPORTED","git_tag:pre-nwp-refactor-20261002@09230bce481bca561aef94b64f0d9a02479b41ae#858d96d4dec5371e3c97403103e5c98721df14edb2a5248f505787a075b2aed3","outputs/development/imported_raw_data_audit/reports/01_data_audit/gfs_zero_ghi_audit.csv","imported_read_only_exact_bytes"
"reports/01_data_audit/gfs_zero_ghi_cases.csv","True","True","5897","84674a72da876b95067c4e6a923cbbbc2b0c77abe39986e149a9905602166ec6",".csv","CURRENT_AUDIT_IMPORTED","git_tag:pre-nwp-refactor-20261002@09230bce481bca561aef94b64f0d9a02479b41ae#2161a18372f947ac06024edd0c6f44ca38d039805ec6d278d0217b809dd4b143","outputs/development/imported_raw_data_audit/reports/01_data_audit/gfs_zero_ghi_cases.csv","imported_read_only_exact_bytes"
"reports/01_data_audit/kt_raw_audit.csv","True","True","1159685","807b8660e53dcfb30d7daceec2781a539684085b02f20061de62dd69f4bd0c84",".csv","CURRENT_AUDIT_IMPORTED","git_tag:pre-nwp-refactor-20261002@09230bce481bca561aef94b64f0d9a02479b41ae#94ddd06638079ebbded92b7d9a0292c91c41d4af2db6a52c613692ddecdaaff1","outputs/development/imported_raw_data_audit/reports/01_data_audit/kt_raw_audit.csv","imported_read_only_exact_bytes"
"reports/01_data_audit/project_validation.json","False","False","148","d0a9f3960832fdee3be4d11ebe8db503ccf862a602ed847509c4af7faefa6cee",".json","RECOVERY_REQUIRED","","","missing_unrecovered"
"reports/01_data_audit/project_validation.md","False","False","117","3a4f0ae899c80e3203c9b3186d789cef16cb95eb3a57bc65c2a225a7ba186be2",".md","RECOVERY_REQUIRED","","","missing_unrecovered"
"reports/01_data_audit/receipt.json","True","True","4822","0c6bc07a48380d6474f64059d33301ffd503be0e284167c168728743dfbdf295",".json","CURRENT_AUDIT_IMPORTED","git_tag:pre-nwp-refactor-20261002@09230bce481bca561aef94b64f0d9a02479b41ae#96c4a132adbbb2dc70ba5bb30937afb5bf8ece1c4ef9660b12f2d0b78619e924","outputs/development/imported_raw_data_audit/reports/01_data_audit/receipt.json","imported_read_only_exact_bytes"
"reports/01_data_audit/service_grid_duplication.csv","True","True","493","e79d05edc64feecdbdd5c9029a8091a5ff18cba53cdbf13d11a40c1674023324",".csv","CURRENT_AUDIT_IMPORTED","git_tag:pre-nwp-refactor-20261002@09230bce481bca561aef94b64f0d9a02479b41ae#2111aedfa91d31af798db10a973c5f3eabb9ea75e4cb943f732947415dd1321b","outputs/development/imported_raw_data_audit/reports/01_data_audit/service_grid_duplication.csv","imported_read_only_exact_bytes"
"reports/01_data_audit/sites/site_representativeness/summary.md","False","False","879","5a0e7af6bfda4748847963134899c7b478db3573f78fe169d9f791c26aa903fb",".md","RECOVERY_REQUIRED","","","missing_unrecovered"
"reports/01_data_audit/sites/site_stratified_comparison/summary.md","False","False","677","95ca01caa872a247ff2101b27d22105cdb1eccd4898425c95575ee88cd63668f",".md","RECOVERY_REQUIRED","","","missing_unrecovered"
"reports/01_data_audit/source_grid/20site_source_grid_audit.csv","False","False","3308","b1f97140717e4066118b010f4fecee09799aa7a4198cf7e662c89223d77bb8bc",".csv","CURRENT_AUDIT_IMPORTED","external_local:NWP_website_handoff/research_reference/geo/20site_source_grid_audit.csv#b1f97140717e4066118b010f4fecee09799aa7a4198cf7e662c89223d77bb8bc","outputs/development/imported_raw_data_audit/reports/01_data_audit/source_grid/20site_source_grid_audit.csv","imported_read_only_exact_bytes"
"reports/01_data_audit/source_grid/audit.json","False","False","618","7bfd0f019c2176d6009fa3e32c14dd9ec8ace1ed583ed1bb1f3d6891d71e6696",".json","CURRENT_AUDIT_IMPORTED","external_local:NWP_website_handoff/research_reference/reports/01_data_audit/source_grid/audit.json#7bfd0f019c2176d6009fa3e32c14dd9ec8ace1ed583ed1bb1f3d6891d71e6696","outputs/development/imported_raw_data_audit/reports/01_data_audit/source_grid/audit.json","imported_read_only_exact_bytes"
"reports/01_data_audit/source_grid/audit.md","False","False","649","c3bf0cdfb99e1de080d288691b81fbfe28c0e55a571f82f7be4208ec79e00177",".md","CURRENT_AUDIT_IMPORTED","external_local:NWP_website_handoff/research_reference/reports/01_data_audit/source_grid/audit.md#c3bf0cdfb99e1de080d288691b81fbfe28c0e55a571f82f7be4208ec79e00177","outputs/development/imported_raw_data_audit/reports/01_data_audit/source_grid/audit.md","imported_read_only_exact_bytes"
"reports/01_data_audit/source_grid/jiangsu_gfs_service_cells.csv","False","False","79776","86494c8f3784d4eeac38f71419982a2c5082168dbef85dbccc0bcea99c1e6bc1",".csv","CURRENT_AUDIT_IMPORTED","external_local:NWP_website_handoff/research_reference/geo/jiangsu_gfs_service_cells.csv#86494c8f3784d4eeac38f71419982a2c5082168dbef85dbccc0bcea99c1e6bc1","outputs/development/imported_raw_data_audit/reports/01_data_audit/source_grid/jiangsu_gfs_service_cells.csv","imported_read_only_exact_bytes"
"reports/01_data_audit/source_grid/jiangsu_gfs_service_cells.geojson","False","False","346061","67934e779e512501b49cefd2406fbff6b7263549398cbef758e1eadcbbdc0d48",".geojson","CURRENT_AUDIT_IMPORTED","external_local:NWP_website_handoff/research_reference/geo/jiangsu_gfs_service_cells.geojson#67934e779e512501b49cefd2406fbff6b7263549398cbef758e1eadcbbdc0d48","outputs/development/imported_raw_data_audit/reports/01_data_audit/source_grid/jiangsu_gfs_service_cells.geojson","imported_read_only_exact_bytes"
"reports/01_data_audit/source_grid/province_request_to_service_cell.csv","False","False","147254","f2674c47abab2cfbf7e2f9e2ba4637f0d166cdbebb93357e82f066fb4752a37e",".csv","RECOVERY_REQUIRED","","","missing_unrecovered"
"reports/01_data_audit/source_processing_trace.md","True","True","2003","0eecaf7e9cc6e6615f2f0c8226fd8443af5f60416090d0c78122e5339c00c7e4",".md","CURRENT_AUDIT_IMPORTED","git_tag:pre-nwp-refactor-20261002@09230bce481bca561aef94b64f0d9a02479b41ae#edb590e0f5fa1ab9485d838e9a6de9287f28e94476242d6675326b9fa3c122fd","outputs/development/imported_raw_data_audit/reports/01_data_audit/source_processing_trace.md","imported_read_only_exact_bytes"
"reports/02_experiment/cv/00_smoke/ghi/encoding_ablation.csv","False","False","199","fb475b2ff5155513cb8a97a6cb8f7c500fcf617c1c2f41f23875dffd1fd911cc",".csv","RECOVERY_REQUIRED","","","missing_unrecovered"
"reports/02_experiment/cv/00_smoke/ghi/results.csv","False","False","344","90d2e7b751a9c2d9cee0c9514cc2a7d7e5696b6259a2e446f6343c0db70b2731",".csv","RECOVERY_REQUIRED","","","missing_unrecovered"
"reports/02_experiment/cv/00_smoke/ghi/selection_smoke.json","False","False","428","20135e8e58656f7b4c608f567eeb686ea71569aa1f3c8d9b0b35ccb567a4dc5c",".json","RECOVERY_REQUIRED","","","missing_unrecovered"
"reports/02_experiment/cv/00_smoke/ghi/summary.md","False","False","906","db0c4ce20d6a38f4412cad07e6796d90a1163fa9121298bba1dc186fcf185b9c",".md","RECOVERY_REQUIRED","","","missing_unrecovered"
"reports/02_experiment/cv/month_balanced/cloud/selection.json","False","False","422","57aff27975f5b75f76f0298f1a83b7e60178276e40b503b66ee06024faee51f7",".json","LEGACY_PROTOCOL","external_local:deploy/02_results/unpacked/reports/02_experiment/cv/month_balanced/cloud/selection.json#57aff27975f5b75f76f0298f1a83b7e60178276e40b503b66ee06024faee51f7","","archived_exact_sha_not_active"
"reports/02_experiment/cv/month_balanced/ghi/selection.json","False","False","424","14ae4151cf7d9f75826b3b705380091a704d9fd8cb1bc7be3fc06fbb3afff4e7",".json","LEGACY_PROTOCOL","external_local:deploy/02_results/unpacked/reports/02_experiment/cv/month_balanced/ghi/selection.json#14ae4151cf7d9f75826b3b705380091a704d9fd8cb1bc7be3fc06fbb3afff4e7","","archived_exact_sha_not_active"
"reports/03_modeling/00_logs/analysis/collinearity_ablation_2026-09-11.log","False","False","6530","b6622c4edbc76f0d7fbb4caa2fbd581540e122912d74b9f0aeae225cc8c2d040",".log","RECOVERY_REQUIRED","","","missing_unrecovered"
"reports/03_modeling/00_logs/analysis/plot_agreement_2026-09-11.log","False","False","1916","ece11f39a6deb6bebd025d90e5059ea0e7194e05785c6920e8410e578eda564a",".log","RECOVERY_REQUIRED","","","missing_unrecovered"
"reports/03_modeling/00_logs/analysis/plot_deep_quantile_2026-09-11.log","False","False","26","2f3f05d689073d5e056e4f3d167d60b23b5d4c34401da7d853c7d60b2fd08728",".log","RECOVERY_REQUIRED","","","missing_unrecovered"
"reports/03_modeling/00_logs/analysis/plot_weather_profiles_2026-09-11.log","False","False","787","784005e6e43e778c63432d5cc122e6cbe9c95ca85b4d97dd424cbc41b7311387",".log","RECOVERY_REQUIRED","","","missing_unrecovered"
"reports/03_modeling/00_logs/quantile/all.done","False","False","120","cf1c17dcf667f23d20dcacc1aea89ea33f24f854463b4aa58083e31f12e6fff5",".done","RECOVERY_REQUIRED","","","missing_unrecovered"
"reports/03_modeling/00_logs/quantile/bucket_0.done","False","False","105","d01d80f47799035a15181f02ea55416de74553b4482fd0db3253ecef54e9dd02",".done","RECOVERY_REQUIRED","","","missing_unrecovered"
"reports/03_modeling/00_logs/quantile/bucket_1.done","False","False","105","d3cfccf0e7495a8f77445c77f7b36883f1a11f61310ec96b873e0dbfc172b6ec",".done","RECOVERY_REQUIRED","","","missing_unrecovered"
"reports/03_modeling/00_logs/quantile/bucket_2.done","False","False","105","836f8eef460562d95a1b25a040ee3ac69a3d109e70864d93337432a0341dfa71",".done","RECOVERY_REQUIRED","","","missing_unrecovered"
"reports/03_modeling/00_logs/quantile/v1_quantile_cloud.log","False","False","14831","6db3730b35ffa20d8f99d9aec1826e4b1675bacc4ca73e90c15c330f560eb54c",".log","RECOVERY_REQUIRED","","","missing_unrecovered"
"reports/03_modeling/00_logs/quantile/v1_quantile_cloud_rerun_2026-09-11.log","False","False","13874","e83e5eefab474c412a640d9a79718ddcf6b2e95cee1f7ede8337ad8ae6f0f963",".log","RECOVERY_REQUIRED","","","missing_unrecovered"
"reports/03_modeling/00_logs/quantile/v1_quantile_ghi.log","False","False","13747","1571fc8f1923b10e53d8f32615734e19dd8361f71930c33bc881c537a22e096c",".log","RECOVERY_REQUIRED","","","missing_unrecovered"
"reports/03_modeling/00_logs/quantile/v1_quantile_ghi_rerun_2026-09-11.log","False","False","13223","8e1d3d58b891b8f2c562c622f153c5e838de4fa3820052fe16424e18d062e0d4",".log","RECOVERY_REQUIRED","","","missing_unrecovered"
"reports/03_modeling/00_logs/server/preflight/autoformer.log","False","False","707","98501fa226eb3d8f3de61a787fe7e83b01d163b8e0498bfe03b348ceb5a4221e",".log","LEGACY_PROTOCOL","external_local:deploy/02_results/unpacked/reports/03_modeling/00_logs/server/preflight/autoformer.log#98501fa226eb3d8f3de61a787fe7e83b01d163b8e0498bfe03b348ceb5a4221e","","archived_exact_sha_not_active"
"reports/03_modeling/00_logs/server/preflight/autoformer.ok","False","False","53","7854c494436f778e6ee05ce82181ae3d9274c28ce6f46198574ac843be0c594d",".ok","LEGACY_PROTOCOL","external_local:deploy/02_results/unpacked/reports/03_modeling/00_logs/server/preflight/autoformer.ok#7854c494436f778e6ee05ce82181ae3d9274c28ce6f46198574ac843be0c594d","","archived_exact_sha_not_active"
"reports/03_modeling/00_logs/server/preflight/fedformer.log","False","False","705","ff9606e3401bac5d0d9d4054f4c813300a139bf99c2fd41f536927b8d6eb20de",".log","LEGACY_PROTOCOL","external_local:deploy/02_results/unpacked/reports/03_modeling/00_logs/server/preflight/fedformer.log#ff9606e3401bac5d0d9d4054f4c813300a139bf99c2fd41f536927b8d6eb20de","","archived_exact_sha_not_active"
"reports/03_modeling/00_logs/server/preflight/fedformer.ok","False","False","52","8f95d58069a44a58913f3347e6a49dce9399e3afa38266b6fb9d81fd51b45ff2",".ok","LEGACY_PROTOCOL","external_local:deploy/02_results/unpacked/reports/03_modeling/00_logs/server/preflight/fedformer.ok#8f95d58069a44a58913f3347e6a49dce9399e3afa38266b6fb9d81fd51b45ff2","","archived_exact_sha_not_active"
"reports/03_modeling/00_logs/server/preflight/informer.log","False","False","703","1e350465d07187c6d36c80661e1e41f5da72fe11120ef668f5ba15d6bfe02c09",".log","LEGACY_PROTOCOL","external_local:deploy/02_results/unpacked/reports/03_modeling/00_logs/server/preflight/informer.log#1e350465d07187c6d36c80661e1e41f5da72fe11120ef668f5ba15d6bfe02c09","","archived_exact_sha_not_active"
"reports/03_modeling/00_logs/server/preflight/informer.ok","False","False","51","8fccc8d15d74c0d182aadc27e7ca2ed090ddefdefccab1722d6197ebec6f5b77",".ok","LEGACY_PROTOCOL","external_local:deploy/02_results/unpacked/reports/03_modeling/00_logs/server/preflight/informer.ok#8fccc8d15d74c0d182aadc27e7ca2ed090ddefdefccab1722d6197ebec6f5b77","","archived_exact_sha_not_active"
"reports/03_modeling/00_logs/server/preflight/patchtst.log","False","False","704","a1395c3bbe34b645350cb45dbe1c1f7b2d06fcb1307619230e86c78b3c832d44",".log","LEGACY_PROTOCOL","external_local:deploy/02_results/unpacked/reports/03_modeling/00_logs/server/preflight/patchtst.log#a1395c3bbe34b645350cb45dbe1c1f7b2d06fcb1307619230e86c78b3c832d44","","archived_exact_sha_not_active"
"reports/03_modeling/00_logs/server/preflight/patchtst.ok","False","False","51","9e693b0977cf687c2c633b75f0c6911366846b8f6418d490b76a4a48a0f6a4b9",".ok","LEGACY_PROTOCOL","external_local:deploy/02_results/unpacked/reports/03_modeling/00_logs/server/preflight/patchtst.ok#9e693b0977cf687c2c633b75f0c6911366846b8f6418d490b76a4a48a0f6a4b9","","archived_exact_sha_not_active"
"reports/03_modeling/00_logs/server/preflight/pinn.log","False","False","696","d44fc994989b040309ccaa764ca824f2720a239dcd2fabb6814775213de06132",".log","LEGACY_PROTOCOL","external_local:deploy/02_results/unpacked/reports/03_modeling/00_logs/server/preflight/pinn.log#d44fc994989b040309ccaa764ca824f2720a239dcd2fabb6814775213de06132","","archived_exact_sha_not_active"
"reports/03_modeling/00_logs/server/preflight/pinn.ok","False","False","47","63e7ec695e11aba47a8767a6773239ce42ae9dd7bbb5d395350f3756d5733441",".ok","LEGACY_PROTOCOL","external_local:deploy/02_results/unpacked/reports/03_modeling/00_logs/server/preflight/pinn.ok#63e7ec695e11aba47a8767a6773239ce42ae9dd7bbb5d395350f3756d5733441","","archived_exact_sha_not_active"
"reports/03_modeling/00_logs/server/preflight/timesnet.log","False","False","704","4f634e163f6a3f8182e300e7650d65d4f260333a5ada26a8975551ec7fd749e6",".log","LEGACY_PROTOCOL","external_local:deploy/02_results/unpacked/reports/03_modeling/00_logs/server/preflight/timesnet.log#4f634e163f6a3f8182e300e7650d65d4f260333a5ada26a8975551ec7fd749e6","","archived_exact_sha_not_active"
"reports/03_modeling/00_logs/server/preflight/timesnet.ok","False","False","51","1881761e13126d5e4d25af8628eb9b20de92d3b085e0c8c4424128c19863c4e7",".ok","LEGACY_PROTOCOL","external_local:deploy/02_results/unpacked/reports/03_modeling/00_logs/server/preflight/timesnet.ok#1881761e13126d5e4d25af8628eb9b20de92d3b085e0c8c4424128c19863c4e7","","archived_exact_sha_not_active"
"reports/03_modeling/00_logs/smoke/smoke_after_migration.log","False","False","1790","b0c95b0ea36adb8d40916d3d230f0ee3ba93afa83ecdef8ced1d23a4ca77d052",".log","RECOVERY_REQUIRED","","","missing_unrecovered"
"reports/03_modeling/00_logs/smoke/smoke_after_migration2.log","False","False","1771","bdfc11c4a210ee3b18782aac7c0cc062da26e145146d775c1761631a506b2079",".log","RECOVERY_REQUIRED","","","missing_unrecovered"
"reports/03_modeling/00_logs/smoke/smoke_after_migration3.log","False","False","615","b1523def63b7605ff8ebd5a1078df0a354f045e58d627e7f9c7ee819a513aa5e",".log","RECOVERY_REQUIRED","","","missing_unrecovered"
"reports/03_modeling/00_logs/smoke/smoke_formal2_autoformer.log","False","False","3468","911221902a9b018089d36acba97fa7ba8d92c721c64aefcfe5c4c7fbdd658b1e",".log","RECOVERY_REQUIRED","","","missing_unrecovered"
"reports/03_modeling/00_logs/smoke/smoke_formal2_patchtst.log","False","False","622","34a664c893649fcb52dc522299c36bc646a57e849995204a6d130f99268f1f65",".log","RECOVERY_REQUIRED","","","missing_unrecovered"
"reports/03_modeling/00_logs/smoke/smoke_formal2_timesnet.log","False","False","1953","81241058a81aedd7411985ebdaeca184fbd09206e91216dce2bbc2e88f3e4f0e",".log","RECOVERY_REQUIRED","","","missing_unrecovered"
"reports/03_modeling/00_logs/smoke/smoke_formal3_autoformer.log","False","False","3404","f45357b851b1e3d27c3b5379dd5192b741f928ebe332979d8d29a698771cc913",".log","RECOVERY_REQUIRED","","","missing_unrecovered"
"reports/03_modeling/00_logs/smoke/smoke_formal3_timesnet.log","False","False","622","1b748ce171dc51df8a402a3f4aeca95d8a127105b872f29fabb5fb33e6757757",".log","RECOVERY_REQUIRED","","","missing_unrecovered"
"reports/03_modeling/00_logs/smoke/smoke_formal4_autoformer.log","False","False","625","3b46441bfd15429c670b9a7b3728a88618725072a737fba9880d57fe1142c207",".log","RECOVERY_REQUIRED","","","missing_unrecovered"
"reports/03_modeling/00_logs/smoke/smoke_formal_autoformer.log","False","False","3496","093a9299f6fd4c75ada14d0b42ef5f66238c2fbd022ed8e98da2016d3e9a45bc",".log","RECOVERY_REQUIRED","","","missing_unrecovered"
"reports/03_modeling/00_logs/smoke/smoke_formal_fedformer.log","False","False","623","8347624895e6ee3532118f6afafc2655214dcc15e27558867bb330ec468dc9c3",".log","RECOVERY_REQUIRED","","","missing_unrecovered"
"reports/03_modeling/00_logs/smoke/smoke_formal_informer.log","False","False","621","001a8a9158626056ee37401e3e2f557d8a2747d5250f069c076e404db63d446c",".log","RECOVERY_REQUIRED","","","missing_unrecovered"
"reports/03_modeling/00_logs/smoke/smoke_formal_patchtst.log","False","False","2676","e9b83c09eecc295a24542247e55619e99ffa64caa55f1c9c35b1acacf7dc3202",".log","RECOVERY_REQUIRED","","","missing_unrecovered"
"reports/03_modeling/00_logs/smoke/smoke_formal_pinn.log","False","False","614","dfe1be4d38b3ed18e97cce363355394be95d91cce030830d0fac72cf246ae3cf",".log","RECOVERY_REQUIRED","","","missing_unrecovered"
"reports/03_modeling/00_logs/smoke/smoke_formal_timesnet.log","False","False","1893","bf9a29cb54b89c21cb253881dc2c2f400f0c5f8b2c0c99aeb216e8dd360a9d77",".log","RECOVERY_REQUIRED","","","missing_unrecovered"
"reports/03_modeling/00_smoke/calib_test/calibration_summary.md","False","False","690","63360c0ddb68cdf206679f557a8c858d1c697f020b5d252fc94aa1bbe0d243d8",".md","RECOVERY_REQUIRED","","","missing_unrecovered"
"reports/03_modeling/00_smoke/calib_test/results_calibrated.csv","False","False","9814","0a301ad098895053783cf8bc4cdeae894299e6102096482c91cf4d966dea47e3",".csv","RECOVERY_REQUIRED","","","missing_unrecovered"
"reports/03_modeling/00_smoke/calib_test/test_predictions_calibrated.csv","False","False","36589247","f0e1e8e1bfb087ff334b13899b8f45ea05a9bdaf3b60865add5c15861bc72bad",".csv","RECOVERY_REQUIRED","","","missing_unrecovered"
"reports/03_modeling/00_smoke/v11_patchtst/quantile/ghi/results.csv","False","False","5469","7518105c14fa246d834b6ccece968cd5638e2caf85460e89bfab146e5d53d703",".csv","RECOVERY_REQUIRED","","","missing_unrecovered"
"reports/03_modeling/00_smoke/v11_patchtst/quantile/ghi/summary.md","False","False","211","e47cc9d32d4b0598cb63c1447f2d3dd1e5d3df5d3c495031265429231f3224d5",".md","RECOVERY_REQUIRED","","","missing_unrecovered"
"reports/03_modeling/00_smoke/v11_patchtst/quantile/ghi/test_predictions.csv","False","False","27778488","0719e4983f24c2911bad2fa4e113dc233f5adcc0da9da76b73ca9c9a898482a8",".csv","RECOVERY_REQUIRED","","","missing_unrecovered"
"reports/03_modeling/00_smoke/v13_timesnet/quantile/ghi/results.csv","False","False","5546","7ca92c5f6a01b7fe445f5e301e2c119282862a5325bf3b779e03d435e8bee3d6",".csv","RECOVERY_REQUIRED","","","missing_unrecovered"
"reports/03_modeling/00_smoke/v13_timesnet/quantile/ghi/summary.md","False","False","212","d0c98e79f748afaeca697f3ae7c9c2687aecc8f3e1874c026ca4dd4f06302005",".md","RECOVERY_REQUIRED","","","missing_unrecovered"
"reports/03_modeling/00_smoke/v13_timesnet/quantile/ghi/test_predictions.csv","False","False","27859207","ce73607fbffb4d5cbdeaba83abb46b72d7270906512a3c80b6c7b87ed764af92",".csv","RECOVERY_REQUIRED","","","missing_unrecovered"
"reports/03_modeling/00_smoke/v15_pinn/quantile/ghi/results.csv","False","False","6593","fea6d70e104f9efc24c0c05aa9c8132d4a03befcd145a88e7d6dea85633dfd25",".csv","RECOVERY_REQUIRED","","","missing_unrecovered"
"reports/03_modeling/00_smoke/v15_pinn/quantile/ghi/summary.md","False","False","252","abc11783f723a9726ed19e017babfca1c7e3cd31326a6bf2bb5f780ca3bb6964",".md","RECOVERY_REQUIRED","","","missing_unrecovered"
"reports/03_modeling/00_smoke/v15_pinn/quantile/ghi/test_predictions.csv","False","False","27915505","4ca230fda159b10ef15b5dc11bbcc04b7699738b6a75047f741300add9096b53",".csv","RECOVERY_REQUIRED","","","missing_unrecovered"
"reports/03_modeling/00_smoke/v15_pinn/quantile/ghi/val_predictions.csv","False","False","9459486","e03ffa1248fdfb7d853b49daddfc931db6f2c224dc6a90c38dea852c75adcf8e",".csv","RECOVERY_REQUIRED","","","missing_unrecovered"
"reports/03_modeling/00_smoke/v1_ml/quantile/cloud/lead_feature_predictions.csv","False","False","9568548","ac5bf279d1375313de2d069578f900b2721c68ad54a05fc9da1bf0367d6b6f20",".csv","RECOVERY_REQUIRED","","","missing_unrecovered"
"reports/03_modeling/00_smoke/v1_ml/quantile/cloud/lead_feature_results.csv","False","False","2242","ca01e5c610f7427faca5619f2ae69d3c50a721ab3f20b7b2bf93db5ffe62fdae",".csv","RECOVERY_REQUIRED","","","missing_unrecovered"
"reports/03_modeling/00_smoke/v1_ml/quantile/cloud/lead_feature_summary.md","False","False","1674","0ef1dabab228ddc9a117249f84d200553a5411dd63ae4d905d94f9116535e05d",".md","RECOVERY_REQUIRED","","","missing_unrecovered"
"reports/03_modeling/00_smoke/v1_ml/quantile/cloud/per_lead_predictions.csv","False","False","9507510","3ca62c349f813995e53b6daaa6aaff9a8e4c6b7d220eee17c0b7c171afec5915",".csv","RECOVERY_REQUIRED","","","missing_unrecovered"
"reports/03_modeling/00_smoke/v1_ml/quantile/cloud/per_lead_results.csv","False","False","6275","dd9d22044b164dbc06613ad2e5509b8c69be1d5e9c12ddbb9aec2129a4af6061",".csv","RECOVERY_REQUIRED","","","missing_unrecovered"
"reports/03_modeling/00_smoke/v1_ml/quantile/cloud/per_lead_summary.md","False","False","2740","8fc0db177b039c8ef8ec69d904c0589ca8a605152c354d36d4559d346673322a",".md","RECOVERY_REQUIRED","","","missing_unrecovered"
"reports/03_modeling/00_smoke/v1_ml/quantile/ghi/lead_feature_predictions.csv","False","False","6078867","6157655e13f37c9f3a345d714a5e4ccec73dc63976e6b2db9c732d0d29a1bdf0",".csv","RECOVERY_REQUIRED","","","missing_unrecovered"
"reports/03_modeling/00_smoke/v1_ml/quantile/ghi/lead_feature_results.csv","False","False","2250","421179958af24e6591f99fbe487861fda7b7a6613a09584d258b5a5d0b556830",".csv","RECOVERY_REQUIRED","","","missing_unrecovered"
"reports/03_modeling/00_smoke/v1_ml/quantile/ghi/lead_feature_summary.md","False","False","1692","9c157f05e3b863670b1a6587a790020411688aae9184fad2d026dabe370471d9",".md","RECOVERY_REQUIRED","","","missing_unrecovered"
"reports/03_modeling/00_smoke/v1_ml/quantile/ghi/per_lead_predictions.csv","False","False","5822061","be3a88d9e943f287917d10411bc5386994f97d6e946754db735dd68ff1d145e0",".csv","RECOVERY_REQUIRED","","","missing_unrecovered"
"reports/03_modeling/00_smoke/v1_ml/quantile/ghi/per_lead_results.csv","False","False","6301","d647132fa357664908bbed060e9121b5ff5aefbd6535b6be94e6b8b92f69ee04",".csv","RECOVERY_REQUIRED","","","missing_unrecovered"
"reports/03_modeling/00_smoke/v1_ml/quantile/ghi/per_lead_summary.md","False","False","2818","79e1fd474d1337198f15709e55e3a74313b70e29ee137091d8bd5fc551e26942",".md","RECOVERY_REQUIRED","","","missing_unrecovered"
"reports/03_modeling/00_smoke/v2_mlp/quantile/ghi/results.csv","False","False","6507","1a275ab8fbeecd01a36994ddbb350efc1267d4a237b1e20053267a2d63648f65",".csv","RECOVERY_REQUIRED","","","missing_unrecovered"
"reports/03_modeling/00_smoke/v2_mlp/quantile/ghi/summary.md","False","False","250","c3fc629ac91053045266def4a12b3d43cf8dad71fa3bd5dc81ceb582717fc2a3",".md","RECOVERY_REQUIRED","","","missing_unrecovered"
"reports/03_modeling/00_smoke/v2_mlp/quantile/ghi/test_predictions.csv","False","False","28065333","778bba2725739bbd9e0580eb08f410e0c8815dea3b14f39c550ef733cc2dd105",".csv","RECOVERY_REQUIRED","","","missing_unrecovered"
"reports/03_modeling/00_smoke/v2_mlp/quantile/ghi/val_predictions.csv","False","False","9508244","6c558e7851d882c9e80a23c42d9ba374457f66793f5d90181cbfa5f1d407ba7d",".csv","RECOVERY_REQUIRED","","","missing_unrecovered"
"reports/03_modeling/00_smoke/v7_autoformer/quantile/ghi/results.csv","False","False","6321","49496ae9c1a7c1aaeb76a1212c9547fe01aeb38f86b906d5539ec332313e563b",".csv","RECOVERY_REQUIRED","","","missing_unrecovered"
"reports/03_modeling/00_smoke/v7_autoformer/quantile/ghi/summary.md","False","False","258","9622ecffb82319b2b4ce586466783fcef35042cfe49d2ddd6f2a387b525af72f",".md","RECOVERY_REQUIRED","","","missing_unrecovered"
"reports/03_modeling/00_smoke/v7_autoformer/quantile/ghi/test_predictions.csv","False","False","28014167","49d8a9e6636a56bd9cdbe4108eed0bb970267e083c2b4ed9f29028f369543a20",".csv","RECOVERY_REQUIRED","","","missing_unrecovered"
"reports/03_modeling/00_smoke/v7_autoformer/quantile/ghi/val_predictions.csv","False","False","9498774","591819c8b3178bbe1564e8636d1c86c312c2d25c15b4ab2fb7104470b8e2fdb1",".csv","RECOVERY_REQUIRED","","","missing_unrecovered"
"reports/03_modeling/00_smoke/v8_informer/quantile/ghi/results.csv","False","False","6614","300f0a0c834173749d95bda12a028acbee03a892290326c9b7c92d1ed2b61b91",".csv","RECOVERY_REQUIRED","","","missing_unrecovered"
"reports/03_modeling/00_smoke/v8_informer/quantile/ghi/summary.md","False","False","255","d9df954e0dc7ad4d7978ebea5b96fe7c2cf6d1ec57accf65d0f285cc8932070c",".md","RECOVERY_REQUIRED","","","missing_unrecovered"
"reports/03_modeling/00_smoke/v8_informer/quantile/ghi/test_predictions.csv","False","False","27866457","50f0000d167564a349c6e4631af1d1f07b26c57aa7ef2fe0dc4fa607fbc79db0",".csv","RECOVERY_REQUIRED","","","missing_unrecovered"
"reports/03_modeling/00_smoke/v8_informer/quantile/ghi/val_predictions.csv","False","False","9446956","0feedd6093e9bfaee41c6849db497ff1cf3374a045705d5313cfdbd73c3b27ce",".csv","RECOVERY_REQUIRED","","","missing_unrecovered"
"reports/03_modeling/00_smoke/v9_fedformer/quantile/ghi/results.csv","False","False","6634","8935eff92ea53bf080a9573ce2bc1fee2693577e0bea1be39316e818031b3905",".csv","RECOVERY_REQUIRED","","","missing_unrecovered"
"reports/03_modeling/00_smoke/v9_fedformer/quantile/ghi/summary.md","False","False","256","f9a3450101388261d082cb022b0ebf6fc0389a407ed1e6c2629cdaf47b7ee46d",".md","RECOVERY_REQUIRED","","","missing_unrecovered"
"reports/03_modeling/00_smoke/v9_fedformer/quantile/ghi/test_predictions.csv","False","False","27986233","f3e84aff9ad21e5990109766bb3e7e9d5687929d0ab38a4faff5c13477f768f5",".csv","RECOVERY_REQUIRED","","","missing_unrecovered"
"reports/03_modeling/00_smoke/v9_fedformer/quantile/ghi/val_predictions.csv","False","False","9486422","3c51b6b200ba6724b3a08065d1a2538bb3fd1bff6e0e63e41ef5c10ffaa2244a",".csv","RECOVERY_REQUIRED","","","missing_unrecovered"
"reports/03_modeling/v10_itransformer/full/quantile/cloud/calibrated/results_calibrated.csv","False","False","9773","43a0c8cd5c1364c5b29de07f3229cd7a3089c6dfcacb2d712fc733146b647337",".csv","LEGACY_PROTOCOL","external_local:deploy/02_results/unpacked/reports/03_modeling/v10_itransformer/full/quantile/cloud/calibrated/results_calibrated.csv#43a0c8cd5c1364c5b29de07f3229cd7a3089c6dfcacb2d712fc733146b647337","","archived_exact_sha_not_active"
"reports/03_modeling/v10_itransformer/full/quantile/cloud/results.csv","False","False","6549","d225a95c44eadcdbc79e84e30c908d962c856adf46f5508a321bda73c973a23d",".csv","LEGACY_PROTOCOL","external_local:deploy/02_results/unpacked/reports/03_modeling/v10_itransformer/full/quantile/cloud/results.csv#d225a95c44eadcdbc79e84e30c908d962c856adf46f5508a321bda73c973a23d","","archived_exact_sha_not_active"
"reports/03_modeling/v10_itransformer/full/quantile/cloud/summary.md","False","False","252","ed831d0ceff0728a3a052fc34b7f0237a67099aa1e29d8e21559852249c889ea",".md","LEGACY_PROTOCOL","external_local:deploy/02_results/unpacked/reports/03_modeling/v10_itransformer/full/quantile/cloud/summary.md#ed831d0ceff0728a3a052fc34b7f0237a67099aa1e29d8e21559852249c889ea","","archived_exact_sha_not_active"
"reports/03_modeling/v10_itransformer/full/quantile/ghi/calibrated/results_calibrated.csv","False","False","9849","88c675218eed6b8f11cbe4aec9f871d4d59565495ee72de9e619d76bb1c02ae5",".csv","LEGACY_PROTOCOL","external_local:deploy/02_results/unpacked/reports/03_modeling/v10_itransformer/full/quantile/ghi/calibrated/results_calibrated.csv#88c675218eed6b8f11cbe4aec9f871d4d59565495ee72de9e619d76bb1c02ae5","","archived_exact_sha_not_active"
"reports/03_modeling/v10_itransformer/full/quantile/ghi/results.csv","False","False","6572","c0587496863ab7c118b909048ad390b25212d338cbcd0ba868290f76ea7d4279",".csv","LEGACY_PROTOCOL","external_local:deploy/02_results/unpacked/reports/03_modeling/v10_itransformer/full/quantile/ghi/results.csv#c0587496863ab7c118b909048ad390b25212d338cbcd0ba868290f76ea7d4279","","archived_exact_sha_not_active"
"reports/03_modeling/v10_itransformer/full/quantile/ghi/summary.md","False","False","253","a92abffc01d959c266ff418b984d40b5f645105c98c163e93c9dc8c68d9aa2d4",".md","LEGACY_PROTOCOL","external_local:deploy/02_results/unpacked/reports/03_modeling/v10_itransformer/full/quantile/ghi/summary.md#a92abffc01d959c266ff418b984d40b5f645105c98c163e93c9dc8c68d9aa2d4","","archived_exact_sha_not_active"
"reports/03_modeling/v11_patchtst/full/quantile/cloud/calibrated/results_calibrated.csv","False","False","9763","cb0a35eab013169e47265a642bd8f1d21bed25ef805815deba72a15604661562",".csv","LEGACY_PROTOCOL","external_local:deploy/02_results/unpacked/reports/03_modeling/v11_patchtst/full/quantile/cloud/calibrated/results_calibrated.csv#cb0a35eab013169e47265a642bd8f1d21bed25ef805815deba72a15604661562","","archived_exact_sha_not_active"
"reports/03_modeling/v11_patchtst/full/quantile/cloud/results.csv","False","False","6482","4bf340b41bbf72a077fc7fe49e229a968cd2fd7989c162c5d35fd2976f5180c3",".csv","LEGACY_PROTOCOL","external_local:deploy/02_results/unpacked/reports/03_modeling/v11_patchtst/full/quantile/cloud/results.csv#4bf340b41bbf72a077fc7fe49e229a968cd2fd7989c162c5d35fd2976f5180c3","","archived_exact_sha_not_active"
"reports/03_modeling/v11_patchtst/full/quantile/cloud/summary.md","False","False","248","057af35254fa639a08cf9213c44db4530a2b60a130978a664c12c0b95d88adff",".md","LEGACY_PROTOCOL","external_local:deploy/02_results/unpacked/reports/03_modeling/v11_patchtst/full/quantile/cloud/summary.md#057af35254fa639a08cf9213c44db4530a2b60a130978a664c12c0b95d88adff","","archived_exact_sha_not_active"
"reports/03_modeling/v11_patchtst/full/quantile/ghi/calibrated/results_calibrated.csv","False","False","9850","f2107b7e0a1cf8ba2ae8a0fa3b5ee222467baee31fcf711dd761e36759e45ad9",".csv","LEGACY_PROTOCOL","external_local:deploy/02_results/unpacked/reports/03_modeling/v11_patchtst/full/quantile/ghi/calibrated/results_calibrated.csv#f2107b7e0a1cf8ba2ae8a0fa3b5ee222467baee31fcf711dd761e36759e45ad9","","archived_exact_sha_not_active"
"reports/03_modeling/v11_patchtst/full/quantile/ghi/results.csv","False","False","6576","59ae8fcb669590c07964e16a7de22e72156db4e9e3ca839c1968ecbcc2231396",".csv","LEGACY_PROTOCOL","external_local:deploy/02_results/unpacked/reports/03_modeling/v11_patchtst/full/quantile/ghi/results.csv#59ae8fcb669590c07964e16a7de22e72156db4e9e3ca839c1968ecbcc2231396","","archived_exact_sha_not_active"
"reports/03_modeling/v11_patchtst/full/quantile/ghi/summary.md","False","False","249","e21041e49c2ebf37018310aa5ff02ff4882b200d47c6f80222b944fe91cb8ca2",".md","LEGACY_PROTOCOL","external_local:deploy/02_results/unpacked/reports/03_modeling/v11_patchtst/full/quantile/ghi/summary.md#e21041e49c2ebf37018310aa5ff02ff4882b200d47c6f80222b944fe91cb8ca2","","archived_exact_sha_not_active"
"reports/03_modeling/v12_dlinear/full/quantile/cloud/calibrated/results_calibrated.csv","False","False","9777","d8783d1ad4bbe9f32da864a3b1b554485c325b9150483ddde0731c2521439c9f",".csv","LEGACY_PROTOCOL","external_local:deploy/02_results/unpacked/reports/03_modeling/v12_dlinear/full/quantile/cloud/calibrated/results_calibrated.csv#d8783d1ad4bbe9f32da864a3b1b554485c325b9150483ddde0731c2521439c9f","","archived_exact_sha_not_active"
"reports/03_modeling/v12_dlinear/full/quantile/cloud/results.csv","False","False","6544","cf4f7b3758da93b70750cd8e5d1cb125a7b8551bac23d0bc06c89aa820ac2de0",".csv","LEGACY_PROTOCOL","external_local:deploy/02_results/unpacked/reports/03_modeling/v12_dlinear/full/quantile/cloud/results.csv#cf4f7b3758da93b70750cd8e5d1cb125a7b8551bac23d0bc06c89aa820ac2de0","","archived_exact_sha_not_active"
"reports/03_modeling/v12_dlinear/full/quantile/cloud/summary.md","False","False","247","34ed59755a9848767dc4dbfe30e46926d220de58a07f5108b9ff1800d07664f2",".md","LEGACY_PROTOCOL","external_local:deploy/02_results/unpacked/reports/03_modeling/v12_dlinear/full/quantile/cloud/summary.md#34ed59755a9848767dc4dbfe30e46926d220de58a07f5108b9ff1800d07664f2","","archived_exact_sha_not_active"
"reports/03_modeling/v12_dlinear/full/quantile/ghi/calibrated/results_calibrated.csv","False","False","9834","cd9147ca20c8ce518a78d9a4729db5042344da0a0d6f9f19a531783aa49f1fd5",".csv","LEGACY_PROTOCOL","external_local:deploy/02_results/unpacked/reports/03_modeling/v12_dlinear/full/quantile/ghi/calibrated/results_calibrated.csv#cd9147ca20c8ce518a78d9a4729db5042344da0a0d6f9f19a531783aa49f1fd5","","archived_exact_sha_not_active"
"reports/03_modeling/v12_dlinear/full/quantile/ghi/results.csv","False","False","6546","0613d827ef4d505417e0bba44a4fd06197243a404bb34af29811d95a031c055e",".csv","LEGACY_PROTOCOL","external_local:deploy/02_results/unpacked/reports/03_modeling/v12_dlinear/full/quantile/ghi/results.csv#0613d827ef4d505417e0bba44a4fd06197243a404bb34af29811d95a031c055e","","archived_exact_sha_not_active"
"reports/03_modeling/v12_dlinear/full/quantile/ghi/summary.md","False","False","247","d6b9bede6378082aa344376fb30c83ca52b4e8a3b86e0badf03a032b382b621b",".md","LEGACY_PROTOCOL","external_local:deploy/02_results/unpacked/reports/03_modeling/v12_dlinear/full/quantile/ghi/summary.md#d6b9bede6378082aa344376fb30c83ca52b4e8a3b86e0badf03a032b382b621b","","archived_exact_sha_not_active"
"reports/03_modeling/v13_timesnet/full/quantile/cloud/calibrated/results_calibrated.csv","False","False","9802","36c335817d8d5561e43a8ae88edd85a8bfa48d44a044f02f48595673ed26ae57",".csv","LEGACY_PROTOCOL","external_local:deploy/02_results/unpacked/reports/03_modeling/v13_timesnet/full/quantile/cloud/calibrated/results_calibrated.csv#36c335817d8d5561e43a8ae88edd85a8bfa48d44a044f02f48595673ed26ae57","","archived_exact_sha_not_active"
"reports/03_modeling/v13_timesnet/full/quantile/cloud/results.csv","False","False","6521","439f4fd8c5ae9d3cf2f0559080bbcfafa94176da403ae18b19168c5e65d17bec",".csv","LEGACY_PROTOCOL","external_local:deploy/02_results/unpacked/reports/03_modeling/v13_timesnet/full/quantile/cloud/results.csv#439f4fd8c5ae9d3cf2f0559080bbcfafa94176da403ae18b19168c5e65d17bec","","archived_exact_sha_not_active"
"reports/03_modeling/v13_timesnet/full/quantile/cloud/summary.md","False","False","248","f4d9b2112d944020e592bf19354aa5d3639a59d2e14de5ff2be4cfad2e6e3a6a",".md","LEGACY_PROTOCOL","external_local:deploy/02_results/unpacked/reports/03_modeling/v13_timesnet/full/quantile/cloud/summary.md#f4d9b2112d944020e592bf19354aa5d3639a59d2e14de5ff2be4cfad2e6e3a6a","","archived_exact_sha_not_active"
"reports/03_modeling/v13_timesnet/full/quantile/ghi/calibrated/results_calibrated.csv","False","False","9788","deadfecc3925527b3a639d46c5a82ce693f1333a1b96bd5c309293f9a0fcf56a",".csv","LEGACY_PROTOCOL","external_local:deploy/02_results/unpacked/reports/03_modeling/v13_timesnet/full/quantile/ghi/calibrated/results_calibrated.csv#deadfecc3925527b3a639d46c5a82ce693f1333a1b96bd5c309293f9a0fcf56a","","archived_exact_sha_not_active"
"reports/03_modeling/v13_timesnet/full/quantile/ghi/results.csv","False","False","6509","7a4d86277f69c95d2a166cf47953d4e271305c2261172f50e525c8e46cfd8af5",".csv","LEGACY_PROTOCOL","external_local:deploy/02_results/unpacked/reports/03_modeling/v13_timesnet/full/quantile/ghi/results.csv#7a4d86277f69c95d2a166cf47953d4e271305c2261172f50e525c8e46cfd8af5","","archived_exact_sha_not_active"
"reports/03_modeling/v13_timesnet/full/quantile/ghi/summary.md","False","False","250","98bbf1043c9c98047185fbc5f75b3292e1039fd2d10cd3fce16577ff59bb4070",".md","LEGACY_PROTOCOL","external_local:deploy/02_results/unpacked/reports/03_modeling/v13_timesnet/full/quantile/ghi/summary.md#98bbf1043c9c98047185fbc5f75b3292e1039fd2d10cd3fce16577ff59bb4070","","archived_exact_sha_not_active"
"reports/03_modeling/v14_tsmixer/full/quantile/cloud/calibrated/results_calibrated.csv","False","False","9784","a3712f1af5db06fe39672536203f74e7072cd8f4f59d15bf6c3d7713b60e0c36",".csv","LEGACY_PROTOCOL","external_local:deploy/02_results/unpacked/reports/03_modeling/v14_tsmixer/full/quantile/cloud/calibrated/results_calibrated.csv#a3712f1af5db06fe39672536203f74e7072cd8f4f59d15bf6c3d7713b60e0c36","","archived_exact_sha_not_active"
"reports/03_modeling/v14_tsmixer/full/quantile/cloud/results.csv","False","False","6540","87e6fe4f181c23da6e5a9698060d0f1e7dfdbb8374044c984552a756cf30bc61",".csv","LEGACY_PROTOCOL","external_local:deploy/02_results/unpacked/reports/03_modeling/v14_tsmixer/full/quantile/cloud/results.csv#87e6fe4f181c23da6e5a9698060d0f1e7dfdbb8374044c984552a756cf30bc61","","archived_exact_sha_not_active"
"reports/03_modeling/v14_tsmixer/full/quantile/cloud/summary.md","False","False","247","8fd5fd5ba1d427cfe29965d9c0dcd923c5f4aeb0bbd51919e10331d52dd96548",".md","LEGACY_PROTOCOL","external_local:deploy/02_results/unpacked/reports/03_modeling/v14_tsmixer/full/quantile/cloud/summary.md#8fd5fd5ba1d427cfe29965d9c0dcd923c5f4aeb0bbd51919e10331d52dd96548","","archived_exact_sha_not_active"
"reports/03_modeling/v14_tsmixer/full/quantile/ghi/calibrated/results_calibrated.csv","False","False","9876","930b5de442b3a940905ff6a5ecba69863b55fe5d2dd1860f588d834a71f876f6",".csv","LEGACY_PROTOCOL","external_local:deploy/02_results/unpacked/reports/03_modeling/v14_tsmixer/full/quantile/ghi/calibrated/results_calibrated.csv#930b5de442b3a940905ff6a5ecba69863b55fe5d2dd1860f588d834a71f876f6","","archived_exact_sha_not_active"
"reports/03_modeling/v14_tsmixer/full/quantile/ghi/results.csv","False","False","6531","a02a7dc02c92c14b4a0bc3a177aeca632e61ea46a57663451fb6496d4c30273d",".csv","LEGACY_PROTOCOL","external_local:deploy/02_results/unpacked/reports/03_modeling/v14_tsmixer/full/quantile/ghi/results.csv#a02a7dc02c92c14b4a0bc3a177aeca632e61ea46a57663451fb6496d4c30273d","","archived_exact_sha_not_active"
"reports/03_modeling/v14_tsmixer/full/quantile/ghi/summary.md","False","False","248","c7896b7c4076f9b52acf375e7cffee4aa3b52e7ec961b8697bf1f678ae2dc78c",".md","LEGACY_PROTOCOL","external_local:deploy/02_results/unpacked/reports/03_modeling/v14_tsmixer/full/quantile/ghi/summary.md#c7896b7c4076f9b52acf375e7cffee4aa3b52e7ec961b8697bf1f678ae2dc78c","","archived_exact_sha_not_active"
"reports/03_modeling/v15_pinn/full/quantile/cloud/calibrated/results_calibrated.csv","False","False","9782","a1b52a69473deffbd48b4a51d758fe93b64f691be16f644978c3f03df397a28f",".csv","LEGACY_PROTOCOL","external_local:deploy/02_results/unpacked/reports/03_modeling/v15_pinn/full/quantile/cloud/calibrated/results_calibrated.csv#a1b52a69473deffbd48b4a51d758fe93b64f691be16f644978c3f03df397a28f","","archived_exact_sha_not_active"
"reports/03_modeling/v15_pinn/full/quantile/cloud/results.csv","False","False","6533","efc5828e6589dadf15531d88d300fc1a538da4d867a4b74306030aa0375427b0",".csv","LEGACY_PROTOCOL","external_local:deploy/02_results/unpacked/reports/03_modeling/v15_pinn/full/quantile/cloud/results.csv#efc5828e6589dadf15531d88d300fc1a538da4d867a4b74306030aa0375427b0","","archived_exact_sha_not_active"
"reports/03_modeling/v15_pinn/full/quantile/cloud/summary.md","False","False","244","866c8d2382f47003ddc30e30614d873eeeb9a00facb7893c226a0edabfd61949",".md","LEGACY_PROTOCOL","external_local:deploy/02_results/unpacked/reports/03_modeling/v15_pinn/full/quantile/cloud/summary.md#866c8d2382f47003ddc30e30614d873eeeb9a00facb7893c226a0edabfd61949","","archived_exact_sha_not_active"
"reports/03_modeling/v15_pinn/full/quantile/ghi/calibrated/results_calibrated.csv","False","False","9871","f34da9e70d50544a58d255cb1a3ba90a25109170d075af8d109c91eefb5ab249",".csv","LEGACY_PROTOCOL","external_local:deploy/02_results/unpacked/reports/03_modeling/v15_pinn/full/quantile/ghi/calibrated/results_calibrated.csv#f34da9e70d50544a58d255cb1a3ba90a25109170d075af8d109c91eefb5ab249","","archived_exact_sha_not_active"
"reports/03_modeling/v15_pinn/full/quantile/ghi/results.csv","False","False","6565","7ac7394b9c8f9b4f1bb5cb9505134b31c0bb56afc66a9c96b0f9f4b36a81cc1e",".csv","LEGACY_PROTOCOL","external_local:deploy/02_results/unpacked/reports/03_modeling/v15_pinn/full/quantile/ghi/results.csv#7ac7394b9c8f9b4f1bb5cb9505134b31c0bb56afc66a9c96b0f9f4b36a81cc1e","","archived_exact_sha_not_active"
"reports/03_modeling/v15_pinn/full/quantile/ghi/summary.md","False","False","245","76be7a7fe4c83fec12482f51684bf89217ba770e506b6ed07ae6d864b48dd44c",".md","LEGACY_PROTOCOL","external_local:deploy/02_results/unpacked/reports/03_modeling/v15_pinn/full/quantile/ghi/summary.md#76be7a7fe4c83fec12482f51684bf89217ba770e506b6ed07ae6d864b48dd44c","","archived_exact_sha_not_active"
"reports/03_modeling/v1_ml/full/quantile/cloud/lead_feature_predictions.csv","False","False","467384206","a9726e4d6250af61fdc228b3d5d0d388b4c81307832ae283c70cf0b76f33201a",".csv","RECOVERY_REQUIRED","","","missing_unrecovered"
"reports/03_modeling/v1_ml/full/quantile/cloud/lead_feature_results.csv","False","False","2246","29ba386db8b99ab89e28081afa0cff56119d66ac673dfcd21721d0d5ba13bb59",".csv","RECOVERY_REQUIRED","","","missing_unrecovered"
"reports/03_modeling/v1_ml/full/quantile/cloud/lead_feature_summary.md","False","False","1680","5301c1f0c8487b534b06d8463b308a55a04eb896f373b0a34f0f38f0a19f4002",".md","RECOVERY_REQUIRED","","","missing_unrecovered"
"reports/03_modeling/v1_ml/full/quantile/cloud/per_lead_predictions.csv","False","False","453504883","c2c0c5d4e8cacfc3be7700fa75c87f99b0c65ead6001f527c9cba0b69ac99e0a",".csv","RECOVERY_REQUIRED","","","missing_unrecovered"
"reports/03_modeling/v1_ml/full/quantile/cloud/per_lead_results.csv","False","False","6295","b01e3050dcd480318b3f59f8f6dfa979642278d3f41a5d3e3ae492f582054656",".csv","RECOVERY_REQUIRED","","","missing_unrecovered"
"reports/03_modeling/v1_ml/full/quantile/cloud/per_lead_summary.md","False","False","2776","70abe28359eb8a4bad39985f32317c5b59ea3d1f8fea643f67762da78ebd29fa",".md","RECOVERY_REQUIRED","","","missing_unrecovered"
"reports/03_modeling/v1_ml/full/quantile/ghi/lead_feature_predictions.csv","False","False","256517625","e36f94d0957899e3a84cdfbacb80bde0926b45bd8c9d9cf41e7f9be00535456f",".csv","RECOVERY_REQUIRED","","","missing_unrecovered"
"reports/03_modeling/v1_ml/full/quantile/ghi/lead_feature_results.csv","False","False","2261","aa1b3c9d977e0c0032536878e6f39e54cf60b550d5e71618ded35c991a4a96af",".csv","RECOVERY_REQUIRED","","","missing_unrecovered"
"reports/03_modeling/v1_ml/full/quantile/ghi/lead_feature_summary.md","False","False","1704","888bd89c8b715ee70fb9a616b0b83dcc0ba38f50187a14731f851170f6112a62",".md","RECOVERY_REQUIRED","","","missing_unrecovered"
"reports/03_modeling/v1_ml/full/quantile/ghi/per_lead_predictions.csv","False","False","257016795","435b66f2cca6dbdea3c269a3c19a81bd0a16ca7672d765c69acae6e42d55a253",".csv","RECOVERY_REQUIRED","","","missing_unrecovered"
"reports/03_modeling/v1_ml/full/quantile/ghi/per_lead_results.csv","False","False","6257","77c1325ad8ad02b4ad5e4121ae1c74e06692907709ca870fc843cb028843cfad",".csv","RECOVERY_REQUIRED","","","missing_unrecovered"
"reports/03_modeling/v1_ml/full/quantile/ghi/per_lead_summary.md","False","False","2836","1d7618e6b267c4403502d1ebc2a4db09655874c5a25580c845db014e20566cec",".md","RECOVERY_REQUIRED","","","missing_unrecovered"
"reports/03_modeling/v1_ml/full_brokenkt_20260912/quantile/_coverage_summary.csv","False","False","3287","7804d6ff988122ecfaa45cad5417bfda7375d7ab50bc39c819dbb20043cf7177",".csv","RECOVERY_REQUIRED","","","missing_unrecovered"
"reports/03_modeling/v1_ml/full_brokenkt_20260912/quantile/cloud/lead_feature_predictions.csv","False","False","313740821","f279e034b042d9cbeb25388693e62b2f194de900bedef4ef5d52d247df4a390e",".csv","RECOVERY_REQUIRED","","","missing_unrecovered"
"reports/03_modeling/v1_ml/full_brokenkt_20260912/quantile/cloud/lead_feature_results.csv","False","False","2039","019adfca835282bb6f706f1dc62f3153e26ce66b78f40c2fe0468f4653c06661",".csv","RECOVERY_REQUIRED","","","missing_unrecovered"
"reports/03_modeling/v1_ml/full_brokenkt_20260912/quantile/cloud/lead_feature_summary.md","False","False","1653","c1d30799d3ec1f833fc52dd44c02fd4350e0d5a1d83775e7835ce7df68024e24",".md","WRONG_PROCESSING","external_local:deploy/02_results/unpacked/reports/03_modeling/v1_ml/full/quantile/cloud/lead_feature_summary.md#c1d30799d3ec1f833fc52dd44c02fd4350e0d5a1d83775e7835ce7df68024e24","","archived_exact_sha_not_active"
"reports/03_modeling/v1_ml/full_brokenkt_20260912/quantile/cloud/per_lead_predictions.csv","False","False","299986179","4d0b30121d8986d862ebc6221380ca3cf3e9870f215056819d05edf42fe718cc",".csv","RECOVERY_REQUIRED","","","missing_unrecovered"
"reports/03_modeling/v1_ml/full_brokenkt_20260912/quantile/cloud/per_lead_results.csv","False","False","5777","dc57d25283b5af25add847392b7d3f1b0371308ffda40b0d9c02dacf1a9903c0",".csv","RECOVERY_REQUIRED","","","missing_unrecovered"
"reports/03_modeling/v1_ml/full_brokenkt_20260912/quantile/cloud/per_lead_summary.md","False","False","2737","86eeac3fb20e5f450baccacb8d5f56537efb74b06e5f0b081a1a55b68cf8b784",".md","WRONG_PROCESSING","external_local:deploy/02_results/unpacked/reports/03_modeling/v1_ml/full/quantile/cloud/per_lead_summary.md#86eeac3fb20e5f450baccacb8d5f56537efb74b06e5f0b081a1a55b68cf8b784","","archived_exact_sha_not_active"
"reports/03_modeling/v1_ml/full_brokenkt_20260912/quantile/ghi/lead_feature_predictions.csv","False","False","192026130","04a87dfa78467bbb8e8f1dbb65dddb030e4881efbb1bbe8fdfa24904f100d24e",".csv","RECOVERY_REQUIRED","","","missing_unrecovered"
"reports/03_modeling/v1_ml/full_brokenkt_20260912/quantile/ghi/lead_feature_results.csv","False","False","2036","781935f37276b008f61086663df962bf6dd942fd084b12aec3efc715e7e68114",".csv","RECOVERY_REQUIRED","","","missing_unrecovered"
"reports/03_modeling/v1_ml/full_brokenkt_20260912/quantile/ghi/lead_feature_summary.md","False","False","1677","9c669a65085c3131e5df1aafd3d83d28f54e50fe137f1f551420ef2bfeaaf59e",".md","WRONG_PROCESSING","external_local:deploy/02_results/unpacked/reports/03_modeling/v1_ml/full/quantile/ghi/lead_feature_summary.md#9c669a65085c3131e5df1aafd3d83d28f54e50fe137f1f551420ef2bfeaaf59e","","archived_exact_sha_not_active"
"reports/03_modeling/v1_ml/full_brokenkt_20260912/quantile/ghi/per_lead_predictions.csv","False","False","192673361","b98159970f24a58a910069cd0b2cbe8160f9bca234fad9af0d8bcf96888c088b",".csv","RECOVERY_REQUIRED","","","missing_unrecovered"
"reports/03_modeling/v1_ml/full_brokenkt_20260912/quantile/ghi/per_lead_results.csv","False","False","5736","ec7b2931c4707ddbaf7a644cd2ea152354d2307f66fbdde4f5e266c824ca269d",".csv","RECOVERY_REQUIRED","","","missing_unrecovered"
"reports/03_modeling/v1_ml/full_brokenkt_20260912/quantile/ghi/per_lead_summary.md","False","False","2797","2413099a70938e9ba0c8ad45e9a54c6823647d06fb9d5db511d7620c72471cb0",".md","WRONG_PROCESSING","external_local:deploy/02_results/unpacked/reports/03_modeling/v1_ml/full/quantile/ghi/per_lead_summary.md#2413099a70938e9ba0c8ad45e9a54c6823647d06fb9d5db511d7620c72471cb0","","archived_exact_sha_not_active"
"reports/03_modeling/v1_ml/full_noid_20260913/quantile/cloud/lead_feature_predictions.csv","False","False","317772194","f606e842723d3826d73a3d853eaa0ecc045d813eb9980b9038449f9512bf9972",".csv","RECOVERY_REQUIRED","","","missing_unrecovered"
"reports/03_modeling/v1_ml/full_noid_20260913/quantile/cloud/lead_feature_results.csv","False","False","2246","29ba386db8b99ab89e28081afa0cff56119d66ac673dfcd21721d0d5ba13bb59",".csv","RECOVERY_REQUIRED","","","missing_unrecovered"
"reports/03_modeling/v1_ml/full_noid_20260913/quantile/cloud/lead_feature_summary.md","False","False","1680","5301c1f0c8487b534b06d8463b308a55a04eb896f373b0a34f0f38f0a19f4002",".md","RECOVERY_REQUIRED","","","missing_unrecovered"
"reports/03_modeling/v1_ml/full_noid_20260913/quantile/cloud/per_lead_predictions.csv","False","False","303892871","ab3c9b9942feeb336f7b6050d55f2fdb2cb32d8d0d757658d52ef000adbdcc11",".csv","RECOVERY_REQUIRED","","","missing_unrecovered"
"reports/03_modeling/v1_ml/full_noid_20260913/quantile/cloud/per_lead_results.csv","False","False","6295","b01e3050dcd480318b3f59f8f6dfa979642278d3f41a5d3e3ae492f582054656",".csv","RECOVERY_REQUIRED","","","missing_unrecovered"
"reports/03_modeling/v1_ml/full_noid_20260913/quantile/cloud/per_lead_summary.md","False","False","2776","70abe28359eb8a4bad39985f32317c5b59ea3d1f8fea643f67762da78ebd29fa",".md","RECOVERY_REQUIRED","","","missing_unrecovered"
"reports/03_modeling/v1_ml/full_noid_20260913/quantile/ghi/lead_feature_predictions.csv","False","False","192107947","ae64154896a694c50bfa2e6a88ef7fbc2b5d0c443681d4bb29ad740cae1f3408",".csv","RECOVERY_REQUIRED","","","missing_unrecovered"
"reports/03_modeling/v1_ml/full_noid_20260913/quantile/ghi/lead_feature_results.csv","False","False","2261","aa1b3c9d977e0c0032536878e6f39e54cf60b550d5e71618ded35c991a4a96af",".csv","RECOVERY_REQUIRED","","","missing_unrecovered"
"reports/03_modeling/v1_ml/full_noid_20260913/quantile/ghi/lead_feature_summary.md","False","False","1704","888bd89c8b715ee70fb9a616b0b83dcc0ba38f50187a14731f851170f6112a62",".md","RECOVERY_REQUIRED","","","missing_unrecovered"
"reports/03_modeling/v1_ml/full_noid_20260913/quantile/ghi/per_lead_predictions.csv","False","False","192607117","0c3e8dd35891835145fc987cceaa942b75a52e4d14bcb529c3790b0298c5caad",".csv","RECOVERY_REQUIRED","","","missing_unrecovered"
"reports/03_modeling/v1_ml/full_noid_20260913/quantile/ghi/per_lead_results.csv","False","False","6257","77c1325ad8ad02b4ad5e4121ae1c74e06692907709ca870fc843cb028843cfad",".csv","RECOVERY_REQUIRED","","","missing_unrecovered"
"reports/03_modeling/v1_ml/full_noid_20260913/quantile/ghi/per_lead_summary.md","False","False","2836","1d7618e6b267c4403502d1ebc2a4db09655874c5a25580c845db014e20566cec",".md","RECOVERY_REQUIRED","","","missing_unrecovered"
"reports/03_modeling/v2_mlp/full/quantile/cloud/calibrated/results_calibrated.csv","False","False","9786","0747de36eb170d668b139765d5bf6250e681dad55651096a3c86630cf1d48ea8",".csv","LEGACY_PROTOCOL","external_local:deploy/02_results/unpacked/reports/03_modeling/v2_mlp/full/quantile/cloud/calibrated/results_calibrated.csv#0747de36eb170d668b139765d5bf6250e681dad55651096a3c86630cf1d48ea8","","archived_exact_sha_not_active"
"reports/03_modeling/v2_mlp/full/quantile/cloud/results.csv","False","False","6547","a9dbf09dd6fa4744fb9ae7cfaf60ab86183111ef51c524f330bd960082d9d1ad",".csv","LEGACY_PROTOCOL","external_local:deploy/02_results/unpacked/reports/03_modeling/v2_mlp/full/quantile/cloud/results.csv#a9dbf09dd6fa4744fb9ae7cfaf60ab86183111ef51c524f330bd960082d9d1ad","","archived_exact_sha_not_active"
"reports/03_modeling/v2_mlp/full/quantile/cloud/summary.md","False","False","242","a4a03d42526b7f69c0d028a7fda4ee85e8971b421febc786cf7a519e9ba87c2b",".md","LEGACY_PROTOCOL","external_local:deploy/02_results/unpacked/reports/03_modeling/v2_mlp/full/quantile/cloud/summary.md#a4a03d42526b7f69c0d028a7fda4ee85e8971b421febc786cf7a519e9ba87c2b","","archived_exact_sha_not_active"
"reports/03_modeling/v2_mlp/full/quantile/ghi/calibrated/results_calibrated.csv","False","False","9860","61da07aaedf9fb2d1f8f302a3053ebf3fd7b41e7a1802ee2b0854f97b6850af0",".csv","LEGACY_PROTOCOL","external_local:deploy/02_results/unpacked/reports/03_modeling/v2_mlp/full/quantile/ghi/calibrated/results_calibrated.csv#61da07aaedf9fb2d1f8f302a3053ebf3fd7b41e7a1802ee2b0854f97b6850af0","","archived_exact_sha_not_active"
"reports/03_modeling/v2_mlp/full/quantile/ghi/results.csv","False","False","6576","b1f4e930786109c1a5b1580206345868ef552dede170a3e4362f0d2748c168ba",".csv","LEGACY_PROTOCOL","external_local:deploy/02_results/unpacked/reports/03_modeling/v2_mlp/full/quantile/ghi/results.csv#b1f4e930786109c1a5b1580206345868ef552dede170a3e4362f0d2748c168ba","","archived_exact_sha_not_active"
"reports/03_modeling/v2_mlp/full/quantile/ghi/summary.md","False","False","243","144b086336295317a6885a8e49e9ee493991d8565bac78f98861463d640e5c0c",".md","LEGACY_PROTOCOL","external_local:deploy/02_results/unpacked/reports/03_modeling/v2_mlp/full/quantile/ghi/summary.md#144b086336295317a6885a8e49e9ee493991d8565bac78f98861463d640e5c0c","","archived_exact_sha_not_active"
"reports/03_modeling/v3_cnn/full/quantile/cloud/calibrated/results_calibrated.csv","False","False","9785","62895994a3d77554c09cdf3c9220ad390e0091242a64ce1f9e96f328ceb0100d",".csv","LEGACY_PROTOCOL","external_local:deploy/02_results/unpacked/reports/03_modeling/v4_cnn/full/quantile/cloud/calibrated/results_calibrated.csv#62895994a3d77554c09cdf3c9220ad390e0091242a64ce1f9e96f328ceb0100d","","archived_exact_sha_not_active"
"reports/03_modeling/v3_cnn/full/quantile/cloud/results.csv","False","False","6499","826df724ae61a5edf58b501626179a8f8d383cf543c691fbd7a6972f98841e30",".csv","LEGACY_PROTOCOL","external_local:deploy/02_results/unpacked/reports/03_modeling/v4_cnn/full/quantile/cloud/results.csv#826df724ae61a5edf58b501626179a8f8d383cf543c691fbd7a6972f98841e30","","archived_exact_sha_not_active"
"reports/03_modeling/v3_cnn/full/quantile/cloud/summary.md","False","False","242","9442470c86a3fbe41893c4eb23c2e8adef93acf25bacb77c79e9b7a4a136672a",".md","LEGACY_PROTOCOL","external_local:deploy/02_results/unpacked/reports/03_modeling/v4_cnn/full/quantile/cloud/summary.md#9442470c86a3fbe41893c4eb23c2e8adef93acf25bacb77c79e9b7a4a136672a","","archived_exact_sha_not_active"
"reports/03_modeling/v3_cnn/full/quantile/ghi/calibrated/results_calibrated.csv","False","False","9859","47e625b745e7028c333e452bd042068b46f6421c2d2ea5400e12a5a6b049395e",".csv","LEGACY_PROTOCOL","external_local:deploy/02_results/unpacked/reports/03_modeling/v4_cnn/full/quantile/ghi/calibrated/results_calibrated.csv#47e625b745e7028c333e452bd042068b46f6421c2d2ea5400e12a5a6b049395e","","archived_exact_sha_not_active"
"reports/03_modeling/v3_cnn/full/quantile/ghi/results.csv","False","False","6588","bd4a60ac26f9cd1550654eb7f07a4070d4c6896702d23b7aa925da57e83e1911",".csv","LEGACY_PROTOCOL","external_local:deploy/02_results/unpacked/reports/03_modeling/v4_cnn/full/quantile/ghi/results.csv#bd4a60ac26f9cd1550654eb7f07a4070d4c6896702d23b7aa925da57e83e1911","","archived_exact_sha_not_active"
"reports/03_modeling/v3_cnn/full/quantile/ghi/summary.md","False","False","243","faba826b1787f1ab42b59774488a7167ac71ca14fc35b51a8056f8161888ca0e",".md","LEGACY_PROTOCOL","external_local:deploy/02_results/unpacked/reports/03_modeling/v4_cnn/full/quantile/ghi/summary.md#faba826b1787f1ab42b59774488a7167ac71ca14fc35b51a8056f8161888ca0e","","archived_exact_sha_not_active"
"reports/03_modeling/v4_tcn/full/quantile/cloud/calibrated/results_calibrated.csv","False","False","9768","c6a61de8b5fc5ea22064fb106f82c2bc4467cfc9916451407072f5cc9bbb8a39",".csv","LEGACY_PROTOCOL","external_local:deploy/02_results/unpacked/reports/03_modeling/v5_tcn/full/quantile/cloud/calibrated/results_calibrated.csv#c6a61de8b5fc5ea22064fb106f82c2bc4467cfc9916451407072f5cc9bbb8a39","","archived_exact_sha_not_active"
"reports/03_modeling/v4_tcn/full/quantile/cloud/results.csv","False","False","6564","805c11145c7f4c0a56dcbdee9a383a17840d8600af59601d53219c817d17c686",".csv","LEGACY_PROTOCOL","external_local:deploy/02_results/unpacked/reports/03_modeling/v5_tcn/full/quantile/cloud/results.csv#805c11145c7f4c0a56dcbdee9a383a17840d8600af59601d53219c817d17c686","","archived_exact_sha_not_active"
"reports/03_modeling/v4_tcn/full/quantile/cloud/summary.md","False","False","242","9742c4a7c6506286b4237fe259da2d0e3f8a6626d21db1934bbda09038936ecc",".md","LEGACY_PROTOCOL","external_local:deploy/02_results/unpacked/reports/03_modeling/v5_tcn/full/quantile/cloud/summary.md#9742c4a7c6506286b4237fe259da2d0e3f8a6626d21db1934bbda09038936ecc","","archived_exact_sha_not_active"
"reports/03_modeling/v4_tcn/full/quantile/ghi/calibrated/results_calibrated.csv","False","False","9863","38f5f0484474b00354b4bf8853ea0b13b9c79e0c6c3df6d3585e5921d1ce6973",".csv","LEGACY_PROTOCOL","external_local:deploy/02_results/unpacked/reports/03_modeling/v5_tcn/full/quantile/ghi/calibrated/results_calibrated.csv#38f5f0484474b00354b4bf8853ea0b13b9c79e0c6c3df6d3585e5921d1ce6973","","archived_exact_sha_not_active"
"reports/03_modeling/v4_tcn/full/quantile/ghi/results.csv","False","False","6581","ff115756cc5f06cdd23f45ccce3463752083fedda6730d8c88141022ce1af7ba",".csv","LEGACY_PROTOCOL","external_local:deploy/02_results/unpacked/reports/03_modeling/v5_tcn/full/quantile/ghi/results.csv#ff115756cc5f06cdd23f45ccce3463752083fedda6730d8c88141022ce1af7ba","","archived_exact_sha_not_active"
"reports/03_modeling/v4_tcn/full/quantile/ghi/summary.md","False","False","242","d2f053c82aca8ff34de52b538923b0cc146ab4f4396be78e6fd94ab50eea9350",".md","LEGACY_PROTOCOL","external_local:deploy/02_results/unpacked/reports/03_modeling/v5_tcn/full/quantile/ghi/summary.md#d2f053c82aca8ff34de52b538923b0cc146ab4f4396be78e6fd94ab50eea9350","","archived_exact_sha_not_active"
"reports/03_modeling/v5_lstm/full/quantile/cloud/calibrated/results_calibrated.csv","False","False","9773","d7c0ab812c2a14e761be0cceed712a4f3c2cf07407f41706285dfe935aa4e728",".csv","LEGACY_PROTOCOL","external_local:deploy/02_results/unpacked/reports/03_modeling/v3_lstm/full/quantile/cloud/calibrated/results_calibrated.csv#d7c0ab812c2a14e761be0cceed712a4f3c2cf07407f41706285dfe935aa4e728","","archived_exact_sha_not_active"
"reports/03_modeling/v5_lstm/full/quantile/cloud/results.csv","False","False","6543","0f3b127b2d310c0116dbbf172beadf90ffbf70b12877ccc748c6a6a1ba2c780e",".csv","LEGACY_PROTOCOL","external_local:deploy/02_results/unpacked/reports/03_modeling/v3_lstm/full/quantile/cloud/results.csv#0f3b127b2d310c0116dbbf172beadf90ffbf70b12877ccc748c6a6a1ba2c780e","","archived_exact_sha_not_active"
"reports/03_modeling/v5_lstm/full/quantile/cloud/summary.md","False","False","243","7e9e1cf85746cb871f94dc23a43a0f8126c87aefb02770f3de7fc0023c03df98",".md","LEGACY_PROTOCOL","external_local:deploy/02_results/unpacked/reports/03_modeling/v3_lstm/full/quantile/cloud/summary.md#7e9e1cf85746cb871f94dc23a43a0f8126c87aefb02770f3de7fc0023c03df98","","archived_exact_sha_not_active"
"reports/03_modeling/v5_lstm/full/quantile/ghi/calibrated/results_calibrated.csv","False","False","9849","dd235a59144ff5d78c13c4b1dd729121e44677f5fbca31612e241e64baa59766",".csv","LEGACY_PROTOCOL","external_local:deploy/02_results/unpacked/reports/03_modeling/v3_lstm/full/quantile/ghi/calibrated/results_calibrated.csv#dd235a59144ff5d78c13c4b1dd729121e44677f5fbca31612e241e64baa59766","","archived_exact_sha_not_active"
"reports/03_modeling/v5_lstm/full/quantile/ghi/results.csv","False","False","6564","797cc59e2b73cb312ec695a234fe38a02d51ceb236064b2328bb8db4566ba5c2",".csv","LEGACY_PROTOCOL","external_local:deploy/02_results/unpacked/reports/03_modeling/v3_lstm/full/quantile/ghi/results.csv#797cc59e2b73cb312ec695a234fe38a02d51ceb236064b2328bb8db4566ba5c2","","archived_exact_sha_not_active"
"reports/03_modeling/v5_lstm/full/quantile/ghi/summary.md","False","False","243","53e8e0ab24ad3213b4e764de7b548e85de0536c2740a670e5ec1e25ae8738a5f",".md","LEGACY_PROTOCOL","external_local:deploy/02_results/unpacked/reports/03_modeling/v3_lstm/full/quantile/ghi/summary.md#53e8e0ab24ad3213b4e764de7b548e85de0536c2740a670e5ec1e25ae8738a5f","","archived_exact_sha_not_active"
"reports/03_modeling/v6_transformer/full/quantile/cloud/calibrated/results_calibrated.csv","False","False","9782","4e310eca7b04bf433d03c657204932a27c0aa13a26f3de94e1d8174ac2efa1a6",".csv","LEGACY_PROTOCOL","external_local:deploy/02_results/unpacked/reports/03_modeling/v6_transformer/full/quantile/cloud/calibrated/results_calibrated.csv#4e310eca7b04bf433d03c657204932a27c0aa13a26f3de94e1d8174ac2efa1a6","","archived_exact_sha_not_active"
"reports/03_modeling/v6_transformer/full/quantile/cloud/results.csv","False","False","6505","a2cfa38017e9fb17cdf52f38b23fb86154b157e988b7cf7e8742b29412caafda",".csv","LEGACY_PROTOCOL","external_local:deploy/02_results/unpacked/reports/03_modeling/v6_transformer/full/quantile/cloud/results.csv#a2cfa38017e9fb17cdf52f38b23fb86154b157e988b7cf7e8742b29412caafda","","archived_exact_sha_not_active"
"reports/03_modeling/v6_transformer/full/quantile/cloud/summary.md","False","False","250","acf0675a784256ab4a3405405667064abb0619e85a3a61334b365edb8251d56b",".md","LEGACY_PROTOCOL","external_local:deploy/02_results/unpacked/reports/03_modeling/v6_transformer/full/quantile/cloud/summary.md#acf0675a784256ab4a3405405667064abb0619e85a3a61334b365edb8251d56b","","archived_exact_sha_not_active"
"reports/03_modeling/v6_transformer/full/quantile/ghi/calibrated/results_calibrated.csv","False","False","9855","b2c186940cd55ad6ee8500c8b82c56001676d8570ba69abf8bc19416404490ec",".csv","LEGACY_PROTOCOL","external_local:deploy/02_results/unpacked/reports/03_modeling/v6_transformer/full/quantile/ghi/calibrated/results_calibrated.csv#b2c186940cd55ad6ee8500c8b82c56001676d8570ba69abf8bc19416404490ec","","archived_exact_sha_not_active"
"reports/03_modeling/v6_transformer/full/quantile/ghi/results.csv","False","False","6555","02ec05fdc038a77ad84646281c853e35f9ad977a94ab657dc80945ad701eeb6d",".csv","LEGACY_PROTOCOL","external_local:deploy/02_results/unpacked/reports/03_modeling/v6_transformer/full/quantile/ghi/results.csv#02ec05fdc038a77ad84646281c853e35f9ad977a94ab657dc80945ad701eeb6d","","archived_exact_sha_not_active"
"reports/03_modeling/v6_transformer/full/quantile/ghi/summary.md","False","False","250","a5017e170f9363b77aa2a2adffd3b384da9decc29d53c9f4886846f23086c7ba",".md","LEGACY_PROTOCOL","external_local:deploy/02_results/unpacked/reports/03_modeling/v6_transformer/full/quantile/ghi/summary.md#a5017e170f9363b77aa2a2adffd3b384da9decc29d53c9f4886846f23086c7ba","","archived_exact_sha_not_active"
"reports/03_modeling/v7_autoformer/full/quantile/cloud/calibrated/results_calibrated.csv","False","False","9749","3e344aad138c2672286d8998a90055ffc7edf16cb9b07a8101a272f6443f7df9",".csv","LEGACY_PROTOCOL","external_local:deploy/02_results/unpacked/reports/03_modeling/v7_autoformer/full/quantile/cloud/calibrated/results_calibrated.csv#3e344aad138c2672286d8998a90055ffc7edf16cb9b07a8101a272f6443f7df9","","archived_exact_sha_not_active"
"reports/03_modeling/v7_autoformer/full/quantile/cloud/results.csv","False","False","6529","e72e4e1c4db116f42a05c4f6c493d6a445603bccd4e3f2a4df08a8114230cbb6",".csv","LEGACY_PROTOCOL","external_local:deploy/02_results/unpacked/reports/03_modeling/v7_autoformer/full/quantile/cloud/results.csv#e72e4e1c4db116f42a05c4f6c493d6a445603bccd4e3f2a4df08a8114230cbb6","","archived_exact_sha_not_active"
"reports/03_modeling/v7_autoformer/full/quantile/cloud/summary.md","False","False","249","fae977df7da3c1d2fd9a4466f0eefb235b1f35e041af95186525329726e17d50",".md","LEGACY_PROTOCOL","external_local:deploy/02_results/unpacked/reports/03_modeling/v7_autoformer/full/quantile/cloud/summary.md#fae977df7da3c1d2fd9a4466f0eefb235b1f35e041af95186525329726e17d50","","archived_exact_sha_not_active"
"reports/03_modeling/v7_autoformer/full/quantile/ghi/calibrated/results_calibrated.csv","False","False","9867","b06de489619f1d283f5eee4dbcf85a3cf06ca0e4261e7d4919f6c3489f09abc9",".csv","LEGACY_PROTOCOL","external_local:deploy/02_results/unpacked/reports/03_modeling/v7_autoformer/full/quantile/ghi/calibrated/results_calibrated.csv#b06de489619f1d283f5eee4dbcf85a3cf06ca0e4261e7d4919f6c3489f09abc9","","archived_exact_sha_not_active"
"reports/03_modeling/v7_autoformer/full/quantile/ghi/results.csv","False","False","6572","a0e1f51f42b6bcb420db5c548137edf021f0902dc48ec229d13cb9e716cfcbe2",".csv","LEGACY_PROTOCOL","external_local:deploy/02_results/unpacked/reports/03_modeling/v7_autoformer/full/quantile/ghi/results.csv#a0e1f51f42b6bcb420db5c548137edf021f0902dc48ec229d13cb9e716cfcbe2","","archived_exact_sha_not_active"
"reports/03_modeling/v7_autoformer/full/quantile/ghi/summary.md","False","False","249","c3d57ae246716c3c47551f36bf8b94046ff212c0a99ed1d8b88c462de602314d",".md","LEGACY_PROTOCOL","external_local:deploy/02_results/unpacked/reports/03_modeling/v7_autoformer/full/quantile/ghi/summary.md#c3d57ae246716c3c47551f36bf8b94046ff212c0a99ed1d8b88c462de602314d","","archived_exact_sha_not_active"
"reports/03_modeling/v8_informer/full/quantile/cloud/calibrated/results_calibrated.csv","False","False","9757","35ea4307473130034edd9ffe45770f8490c6d44568980c11a8a5d79f54ce9484",".csv","LEGACY_PROTOCOL","external_local:deploy/02_results/unpacked/reports/03_modeling/v8_informer/full/quantile/cloud/calibrated/results_calibrated.csv#35ea4307473130034edd9ffe45770f8490c6d44568980c11a8a5d79f54ce9484","","archived_exact_sha_not_active"
"reports/03_modeling/v8_informer/full/quantile/cloud/results.csv","False","False","6502","69db0ae3f96a8da75127c69b320610863df0f9dc5d2c4d4c0ef4e6d04010df22",".csv","LEGACY_PROTOCOL","external_local:deploy/02_results/unpacked/reports/03_modeling/v8_informer/full/quantile/cloud/results.csv#69db0ae3f96a8da75127c69b320610863df0f9dc5d2c4d4c0ef4e6d04010df22","","archived_exact_sha_not_active"
"reports/03_modeling/v8_informer/full/quantile/cloud/summary.md","False","False","247","669eb4cbc01d1acd2becdee60d74528435430c98e2f76433f3828998401fbced",".md","LEGACY_PROTOCOL","external_local:deploy/02_results/unpacked/reports/03_modeling/v8_informer/full/quantile/cloud/summary.md#669eb4cbc01d1acd2becdee60d74528435430c98e2f76433f3828998401fbced","","archived_exact_sha_not_active"
"reports/03_modeling/v8_informer/full/quantile/ghi/calibrated/results_calibrated.csv","False","False","9864","79c55f51ebab8ae2e4d6f0ffad301bca8cb42052544a6747abe07454fa2e8b6e",".csv","LEGACY_PROTOCOL","external_local:deploy/02_results/unpacked/reports/03_modeling/v8_informer/full/quantile/ghi/calibrated/results_calibrated.csv#79c55f51ebab8ae2e4d6f0ffad301bca8cb42052544a6747abe07454fa2e8b6e","","archived_exact_sha_not_active"
"reports/03_modeling/v8_informer/full/quantile/ghi/results.csv","False","False","6570","fe9fe5c7d196fcbcd570a8fa59ac2b8aff9d260d01619bafeb3a9fcb9d03971a",".csv","LEGACY_PROTOCOL","external_local:deploy/02_results/unpacked/reports/03_modeling/v8_informer/full/quantile/ghi/results.csv#fe9fe5c7d196fcbcd570a8fa59ac2b8aff9d260d01619bafeb3a9fcb9d03971a","","archived_exact_sha_not_active"
"reports/03_modeling/v8_informer/full/quantile/ghi/summary.md","False","False","247","ce95862e6237228d9ff69a05b6bd04d444af098a416380805ca61480a0a18361",".md","LEGACY_PROTOCOL","external_local:deploy/02_results/unpacked/reports/03_modeling/v8_informer/full/quantile/ghi/summary.md#ce95862e6237228d9ff69a05b6bd04d444af098a416380805ca61480a0a18361","","archived_exact_sha_not_active"
"reports/03_modeling/v9_fedformer/full/quantile/cloud/calibrated/results_calibrated.csv","False","False","9768","8f68157ed90cb5b395758752386bc93ab087d1ebf15148cceab7e61620700c3a",".csv","LEGACY_PROTOCOL","external_local:deploy/02_results/unpacked/reports/03_modeling/v9_fedformer/full/quantile/cloud/calibrated/results_calibrated.csv#8f68157ed90cb5b395758752386bc93ab087d1ebf15148cceab7e61620700c3a","","archived_exact_sha_not_active"
"reports/03_modeling/v9_fedformer/full/quantile/cloud/results.csv","False","False","6562","eccf808024403e0b4c47e90392e06b604e94a67de8dedbfb58b7957ae8e3b66e",".csv","LEGACY_PROTOCOL","external_local:deploy/02_results/unpacked/reports/03_modeling/v9_fedformer/full/quantile/cloud/results.csv#eccf808024403e0b4c47e90392e06b604e94a67de8dedbfb58b7957ae8e3b66e","","archived_exact_sha_not_active"
"reports/03_modeling/v9_fedformer/full/quantile/cloud/summary.md","False","False","248","719dcdef3c804be28f0596add843f68318aeb67b0a5356b94716652f15cc0599",".md","LEGACY_PROTOCOL","external_local:deploy/02_results/unpacked/reports/03_modeling/v9_fedformer/full/quantile/cloud/summary.md#719dcdef3c804be28f0596add843f68318aeb67b0a5356b94716652f15cc0599","","archived_exact_sha_not_active"
"reports/03_modeling/v9_fedformer/full/quantile/ghi/calibrated/results_calibrated.csv","False","False","9848","8c15f7eff72041d6bc487bcf2566315a33a96f4089a9cdfe9b97df2de2b83f70",".csv","LEGACY_PROTOCOL","external_local:deploy/02_results/unpacked/reports/03_modeling/v9_fedformer/full/quantile/ghi/calibrated/results_calibrated.csv#8c15f7eff72041d6bc487bcf2566315a33a96f4089a9cdfe9b97df2de2b83f70","","archived_exact_sha_not_active"
"reports/03_modeling/v9_fedformer/full/quantile/ghi/results.csv","False","False","6598","f8d2631ade1107de99255173478840cb538e2ea29754fad8353816c553874b43",".csv","LEGACY_PROTOCOL","external_local:deploy/02_results/unpacked/reports/03_modeling/v9_fedformer/full/quantile/ghi/results.csv#f8d2631ade1107de99255173478840cb538e2ea29754fad8353816c553874b43","","archived_exact_sha_not_active"
"reports/03_modeling/v9_fedformer/full/quantile/ghi/summary.md","False","False","248","50f2b178779121c280cda4758953953a5b90ec5cf775d3a7ef300c7205625276",".md","LEGACY_PROTOCOL","external_local:deploy/02_results/unpacked/reports/03_modeling/v9_fedformer/full/quantile/ghi/summary.md#50f2b178779121c280cda4758953953a5b90ec5cf775d3a7ef300c7205625276","","archived_exact_sha_not_active"
"reports/04_error_analysis/ablation_feature_groups.csv","False","False","348","ccdeee2647bf2ae52c21b84a3f8dcab36d787dd0c934ddad0686fee7c5c992ac",".csv","LEGACY_PROTOCOL","external_local:NWP_website_handoff/research_reference/reports/04_error_analysis/ablation_feature_groups.csv#ccdeee2647bf2ae52c21b84a3f8dcab36d787dd0c934ddad0686fee7c5c992ac","","archived_exact_sha_not_active"
"reports/04_error_analysis/residual_diagnostics.csv","False","False","428","38fd24a24ee1e23a17347d2bae7928571b6bedd393a1e30256cc074a10f3af89",".csv","LEGACY_PROTOCOL","external_local:NWP_website_handoff/research_reference/reports/04_error_analysis/residual_diagnostics.csv#38fd24a24ee1e23a17347d2bae7928571b6bedd393a1e30256cc074a10f3af89","","archived_exact_sha_not_active"
"reports/04_error_analysis/shap_interaction_top.csv","False","False","24060","c10a2c11388d7998d430bf99a33197ccdb4428a793a95ea93c69f5fb86ab9283",".csv","LEGACY_PROTOCOL","external_local:NWP_website_handoff/research_reference/reports/04_error_analysis/shap_interaction_top.csv#c10a2c11388d7998d430bf99a33197ccdb4428a793a95ea93c69f5fb86ab9283","","archived_exact_sha_not_active"
"reports/04_error_analysis/shap_lead_importance.csv","False","False","2331","f829bb8043949b2347c0930aab1ebfe1f13479a96079f88c832af4ff85ccca78",".csv","LEGACY_PROTOCOL","external_local:NWP_website_handoff/research_reference/reports/04_error_analysis/shap_lead_importance.csv#f829bb8043949b2347c0930aab1ebfe1f13479a96079f88c832af4ff85ccca78","","archived_exact_sha_not_active"
"reports/04_error_analysis/shap_quantile_importance.csv","False","False","4817","3de3d12bfd896ec0271e9ae28225cb3f0665487a281cbdbc8051810fed7811fa",".csv","LEGACY_PROTOCOL","external_local:NWP_website_handoff/research_reference/reports/04_error_analysis/shap_quantile_importance.csv#3de3d12bfd896ec0271e9ae28225cb3f0665487a281cbdbc8051810fed7811fa","","archived_exact_sha_not_active"
"reports/04_error_analysis/shap_region_importance.csv","False","False","360","71800edd7f5c10dd58b29111516a5da849f9a5ec9060f4fc828da90f7e97e830",".csv","LEGACY_PROTOCOL","external_local:NWP_website_handoff/research_reference/reports/04_error_analysis/shap_region_importance.csv#71800edd7f5c10dd58b29111516a5da849f9a5ec9060f4fc828da90f7e97e830","","archived_exact_sha_not_active"
"reports/05_robustness/00_smoke/verification_robustness/dm.csv","False","False","153","8d862bc66e18755bca86056161a565204ce4fd79cc94eb161a956616f62b3c11",".csv","RECOVERY_REQUIRED","","","missing_unrecovered"
"reports/05_robustness/00_smoke/verification_robustness/loso.csv","False","False","172","d0938ee221d1816e8b65197954dae367e787f1918ef4ef12fc7779f312f950ec",".csv","RECOVERY_REQUIRED","","","missing_unrecovered"
"reports/05_robustness/00_smoke/verification_robustness/multiseed_lgbm.csv","False","False","45","9a79abe9a44903cf1083c3b0e450bf272d52cbbea8231fe20faef5b10d314371",".csv","RECOVERY_REQUIRED","","","missing_unrecovered"
"reports/05_robustness/00_smoke/verification_robustness/multiseed_xgb.csv","False","False","47","3387fe7e672cab04a2afa50485ebb4be4ddcf41224e8103540ab787939909e44",".csv","RECOVERY_REQUIRED","","","missing_unrecovered"
"reports/05_robustness/00_smoke/verification_robustness/summary.md","False","False","587","e110fe685fc2c79a5dbcf2e74c4ee11a09458f1c7e0fb6961bc77825a7ecf0cb",".md","RECOVERY_REQUIRED","","","missing_unrecovered"
"reports/05_robustness/dm_test_ghi.csv","False","False","1667","16eab251ff284e315e5d5b9050df878b0e2c5ba789010088596efbad548d98c6",".csv","LEGACY_PROTOCOL","external_local:NWP_website_handoff/research_reference/reports/05_robustness/dm_test_ghi.csv#16eab251ff284e315e5d5b9050df878b0e2c5ba789010088596efbad548d98c6","","archived_exact_sha_not_active"
"reports/05_robustness/kt_sensitivity/fixedkt_top/v4_tcn/cloud/results.csv","False","False","6560","d5e6530aa159d1a3d80acfee6d803fc99c0ee490ef37ece91ed2667b390dfa1e",".csv","RECOVERY_REQUIRED","","","missing_unrecovered"
"reports/05_robustness/kt_sensitivity/fixedkt_top/v4_tcn/cloud/summary.md","False","False","242","f3260c33a9e4a78b7fa525a46aa24ccb6d19dc56f95202935567a445cf69dfa4",".md","RECOVERY_REQUIRED","","","missing_unrecovered"
"reports/05_robustness/kt_sensitivity/fixedkt_top/v4_tcn/ghi/results.csv","False","False","6641","cf9fb6d492f96602a9a8ac75baff5e0a175edb945a85346a5b6315505f90f03e",".csv","RECOVERY_REQUIRED","","","missing_unrecovered"
"reports/05_robustness/kt_sensitivity/fixedkt_top/v4_tcn/ghi/summary.md","False","False","242","029db3877ee85260459f4bd74db266b8bb5d21d5c6f04ba7f53659727ebb1793",".md","RECOVERY_REQUIRED","","","missing_unrecovered"
"reports/05_robustness/kt_sensitivity/fixedkt_top/v4_tcn/ghi/test_predictions.csv","False","False","27660082","d78c5e06a833037278ec5e5888bd4223a8db558adf3b73d30069815266dce64e",".csv","RECOVERY_REQUIRED","","","missing_unrecovered"
"reports/05_robustness/kt_sensitivity/fixedkt_top/v6_transformer/cloud/results.csv","False","False","6526","0dd9a6d33ed684035e62365023a4e68a75eb9f765613d8b07b22214eac12f451",".csv","RECOVERY_REQUIRED","","","missing_unrecovered"
"reports/05_robustness/kt_sensitivity/fixedkt_top/v6_transformer/cloud/summary.md","False","False","250","83610c308ec3cc58d7bf2d0a24524411f60bc3e7121e58b7317f343da3b1b1de",".md","RECOVERY_REQUIRED","","","missing_unrecovered"
"reports/05_robustness/kt_sensitivity/fixedkt_top/v6_transformer/ghi/results.csv","False","False","6587","f7908b22126fd0181cdf6e061e397989c246c94bc320db7481c1d3b68a8390fe",".csv","RECOVERY_REQUIRED","","","missing_unrecovered"
"reports/05_robustness/kt_sensitivity/fixedkt_top/v6_transformer/ghi/summary.md","False","False","250","e0ee949a2d639b7279f0a4cac46c629f7f9455b5b7d9429534c428e98aa652c5",".md","RECOVERY_REQUIRED","","","missing_unrecovered"
"reports/05_robustness/kt_sensitivity/fixedkt_top/v6_transformer/ghi/test_predictions.csv","False","False","27652943","900591576c63875ee282525dd66e025268edae3ce9fe7637b2cf481c1bd2e041",".csv","RECOVERY_REQUIRED","","","missing_unrecovered"
"reports/05_robustness/kt_sensitivity/fixedkt_top/v7_autoformer/cloud/results.csv","False","False","6514","423fcd58023f129b6f9576ca9a4f5b09126297291507c75c513b709509beac3b",".csv","RECOVERY_REQUIRED","","","missing_unrecovered"
"reports/05_robustness/kt_sensitivity/fixedkt_top/v7_autoformer/cloud/summary.md","False","False","249","9e9a4cb9efd5e7941a374d7cd7c765877a2fad8c594d284e497e73026e06b781",".md","RECOVERY_REQUIRED","","","missing_unrecovered"
"reports/05_robustness/kt_sensitivity/fixedkt_top/v7_autoformer/ghi/results.csv","False","False","6546","d07bb8c7a1ee9a1615045056b8778bcacdcc1b89b2ff44e765eded2972e5514a",".csv","RECOVERY_REQUIRED","","","missing_unrecovered"
"reports/05_robustness/kt_sensitivity/fixedkt_top/v7_autoformer/ghi/summary.md","False","False","249","7c99a0187549e0352b5bd19aba3955222cab46d8f6f98170a8f60c34c8712d5b",".md","RECOVERY_REQUIRED","","","missing_unrecovered"
"reports/05_robustness/kt_sensitivity/fixedkt_top/v7_autoformer/ghi/test_predictions.csv","False","False","27659487","48623e097053e7a6d38e8c51f2fd8349ff8bb02282643628460239ac33714bc8",".csv","RECOVERY_REQUIRED","","","missing_unrecovered"
"reports/05_robustness/kt_sensitivity/fixedkt_top/v8_informer/cloud/results.csv","False","False","6517","468c7d55ea27fc7121a0e80ac790ca07ffbb3036555a6f8bd4fab3d06576b9e1",".csv","RECOVERY_REQUIRED","","","missing_unrecovered"
"reports/05_robustness/kt_sensitivity/fixedkt_top/v8_informer/cloud/summary.md","False","False","247","adadbe58bbfcadbc1a993684ebf75723d56816bf71d638842004fbf5c1fabb10",".md","RECOVERY_REQUIRED","","","missing_unrecovered"
"reports/05_robustness/kt_sensitivity/fixedkt_top/v8_informer/ghi/results.csv","False","False","6526","1ac4f3f6d216a97b42ce36d722170711594b28443912ed7932674a8f0ecd52dd",".csv","RECOVERY_REQUIRED","","","missing_unrecovered"
"reports/05_robustness/kt_sensitivity/fixedkt_top/v8_informer/ghi/summary.md","False","False","247","6cedabb8c62c8819438c8b69563ab00146c1ed4d37f25ed8ee58182d9e15b7b5",".md","RECOVERY_REQUIRED","","","missing_unrecovered"
"reports/05_robustness/kt_sensitivity/fixedkt_top/v8_informer/ghi/test_predictions.csv","False","False","27652748","a791db1fcd591f65b0e05221029dfae183590bb484011140f59c68b2ed48adc7",".csv","RECOVERY_REQUIRED","","","missing_unrecovered"
"reports/05_robustness/kt_sensitivity/v5_lstm_fixedkt/results.csv","False","False","6593","d2982eef7df609e37a40f1c529b17f39ec617b7adff5b2e4832974452fa65ce6",".csv","RECOVERY_REQUIRED","","","missing_unrecovered"
"reports/05_robustness/kt_sensitivity/v5_lstm_fixedkt/summary.md","False","False","243","011c7f0c680e00a2515e83ad0fcb77519d6d49591baf9d8baeba41516b520975",".md","RECOVERY_REQUIRED","","","missing_unrecovered"
"reports/05_robustness/verification/kt_grouping_stability/summary.md","False","False","760","e32a166d6377eb5b5b1199ff927f0abecff1aabac8c63acead24b26c26808afb",".md","RECOVERY_REQUIRED","","","missing_unrecovered"
"reports/06_probability/conformal_blockbootstrap.csv","False","False","844","b8749df3c272cc7381f0c1fcee6e284ee05690807ef7e49b042f2669d761525d",".csv","LEGACY_PROTOCOL","external_local:NWP_website_handoff/research_reference/reports/06_probability/conformal_blockbootstrap.csv#b8749df3c272cc7381f0c1fcee6e284ee05690807ef7e49b042f2669d761525d","","archived_exact_sha_not_active"
"reports/06_probability/per_sample_diagnostics.csv","False","False","3602","fd1fe3bd0a12a1f134739f8c130eac44f528395c33f8f2b87fa79af3167f3733",".csv","LEGACY_PROTOCOL","external_local:NWP_website_handoff/research_reference/reports/06_probability/per_sample_diagnostics.csv#fd1fe3bd0a12a1f134739f8c130eac44f528395c33f8f2b87fa79af3167f3733","","archived_exact_sha_not_active"
"reports/06_probability/pit_grouped.csv","False","False","542","84f97794e1bd0419d034f1deffeae8cab69c60554085fcd699a9d6e14bc2448e",".csv","LEGACY_PROTOCOL","external_local:NWP_website_handoff/research_reference/reports/06_probability/pit_grouped.csv#84f97794e1bd0419d034f1deffeae8cab69c60554085fcd699a9d6e14bc2448e","","archived_exact_sha_not_active"
"reports/06_probability/prototype/quantile_proto/metrics.csv","False","False","4355","53348bc7218acd095f10113870ba311dba676f1ad093d247f8b8d5f290999a3c",".csv","RECOVERY_REQUIRED","","","missing_unrecovered"
"reports/06_probability/prototype/quantile_proto/predictions.csv","False","False","43870686","6853d72cad7a229fd6e1d06776096eaa6b95a1e4a59ab64eef80980ea05cdfd5",".csv","RECOVERY_REQUIRED","","","missing_unrecovered"
"reports/06_probability/prototype/quantile_proto/summary.md","False","False","480","cc2dbaf5252585d90cd125c8d2cdfe4d588ad566d248c804f059e7c79850aeac",".md","RECOVERY_REQUIRED","","","missing_unrecovered"
"reports/batch1_skill_ghi.csv","False","False","3429","e423efa35b27868d267e1d43b4f5a1b195bf3224a557ed6fe7e80556f121a74e",".csv","LEGACY_PROTOCOL","external_local:NWP_website_handoff/research_reference/reports/batch1_skill_ghi.csv#e423efa35b27868d267e1d43b4f5a1b195bf3224a557ed6fe7e80556f121a74e","","archived_exact_sha_not_active"
"reports/protocol_migration_audit.md","True","True","18327","76dffb7ff1183a351f458af2224fa36cc0e4811b451c9d1100fa5b37f8bb07ed",".md","LEGACY_PROTOCOL","git_tag:pre-nwp-refactor-20261002@09230bce481bca561aef94b64f0d9a02479b41ae#76dffb7ff1183a351f458af2224fa36cc0e4811b451c9d1100fa5b37f8bb07ed","","archived_historical_not_active"
