"issue_id","phase","severity","path","problem","required_action","verification","status","evidence"
"FR-001","第一阶段：冻结当前状态","CONTROL","refs/tags/pre-final-repair-20261004","建立当前重构安全 tag","建立当前重构安全 tag","git rev-parse tag == start HEAD == 1a60bdc9b9ff1e21f79c9943161aac95e0621e74","PASS","pre-final-repair-20261004@1a60bdc9b9ff1e21f79c9943161aac95e0621e74"
"FR-002","第一阶段：冻结当前状态","CONTROL","migration/final_repair_baseline","创建基线目录","创建基线目录","directory exists","PASS","migration/final_repair_baseline"
"FR-003","第一阶段：冻结当前状态","CONTROL","migration/final_repair_baseline","保存 Git 状态","保存 Git 状态","five Git baseline files exist and are nonempty","PASS","migration/final_repair_baseline/git_status.txt;migration/final_repair_baseline/git_tree.txt;migration/final_repair_baseline/tracked_files.txt;migration/final_repair_baseline/untracked_files.txt;migration/final_repair_baseline/ignored_files.txt"
"FR-004","第一阶段：冻结当前状态","CONTROL","migration/final_repair_baseline/local_inventory_before.csv","保存本地 ignored 文件基线","保存本地 ignored 文件基线","rows=11559; fixed columns; SHA-256 computed","PASS","migration/final_repair_baseline/local_inventory_before.csv"
"FR-005","第一阶段：冻结当前状态","CONTROL","migration/final_repair_baseline/migration_sha256_before.csv","保存 migration 基线","保存 migration 基线","rows=149; fixed columns; SHA-256 computed","PASS","migration/final_repair_baseline/migration_sha256_before.csv"
"FR-006","第二阶段：冻结当前科学协议，防止重构时漂移","CONTROL","migration/final_repair_baseline/protocol_baseline.json","创建协议基线快照","创建协议基线快照","automatic YAML export plus exact protocol assertion","PASS","migration/final_repair_baseline/protocol_baseline.json"
"FR-007","第二阶段：冻结当前科学协议，防止重构时漂移","CONTROL","migration/final_repair_baseline/protocol_baseline.json","在协议基线中冻结 development period","在协议基线中冻结 development period","automatic YAML export plus exact protocol assertion","PASS","migration/final_repair_baseline/protocol_baseline.json"
"FR-008","第二阶段：冻结当前科学协议，防止重构时漂移","CONTROL","migration/final_repair_baseline/protocol_baseline.json","冻结 final test period","冻结 final test period","automatic YAML export plus exact protocol assertion","PASS","migration/final_repair_baseline/protocol_baseline.json"
"FR-009","第二阶段：冻结当前科学协议，防止重构时漂移","CONTROL","migration/final_repair_baseline/protocol_baseline.json","冻结 outer fold 数量","冻结 outer fold 数量","automatic YAML export plus exact protocol assertion","PASS","migration/final_repair_baseline/protocol_baseline.json"
"FR-010","第二阶段：冻结当前科学协议，防止重构时漂移","CONTROL","migration/final_repair_baseline/protocol_baseline.json","冻结 inner fold 数量","冻结 inner fold 数量","automatic YAML export plus exact protocol assertion","PASS","migration/final_repair_baseline/protocol_baseline.json"
"FR-011","第二阶段：冻结当前科学协议，防止重构时漂移","CONTROL","migration/final_repair_baseline/protocol_baseline.json","冻结 lookback","冻结 lookback","automatic YAML export plus exact protocol assertion","PASS","migration/final_repair_baseline/protocol_baseline.json"
"FR-012","第二阶段：冻结当前科学协议，防止重构时漂移","CONTROL","migration/final_repair_baseline/protocol_baseline.json","冻结 maximum lead","冻结 maximum lead","automatic YAML export plus exact protocol assertion","PASS","migration/final_repair_baseline/protocol_baseline.json"
"FR-013","第二阶段：冻结当前科学协议，防止重构时漂移","CONTROL","migration/final_repair_baseline/protocol_baseline.json","冻结 purge","冻结 purge","automatic YAML export plus exact protocol assertion","PASS","migration/final_repair_baseline/protocol_baseline.json"
"FR-014","第二阶段：冻结当前科学协议，防止重构时漂移","CONTROL","migration/final_repair_baseline/protocol_baseline.json","冻结 purge sensitivity","冻结 purge sensitivity","automatic YAML export plus exact protocol assertion","PASS","migration/final_repair_baseline/protocol_baseline.json"
"FR-015","第二阶段：冻结当前科学协议，防止重构时漂移","CONTROL","migration/final_repair_baseline/protocol_baseline.json","冻结 inner early-stop window","冻结 inner early-stop window","automatic YAML export plus exact protocol assertion","PASS","migration/final_repair_baseline/protocol_baseline.json"
"FR-016","第二阶段：冻结当前科学协议，防止重构时漂移","CONTROL","migration/final_repair_baseline/protocol_baseline.json","冻结 inner scoring window","冻结 inner scoring window","automatic YAML export plus exact protocol assertion","PASS","migration/final_repair_baseline/protocol_baseline.json"
"FR-017","第二阶段：冻结当前科学协议，防止重构时漂移","CONTROL","migration/final_repair_baseline/protocol_baseline.json","冻结阶段顺序","冻结阶段顺序","automatic YAML export plus exact protocol assertion","PASS","migration/final_repair_baseline/protocol_baseline.json"
"FR-018","第二阶段：冻结当前科学协议，防止重构时漂移","CONTROL","migration/final_repair_baseline/protocol_baseline.json","冻结第一 outer fold 的不足处理","冻结第一 outer fold 的不足处理","automatic YAML export plus exact protocol assertion","PASS","migration/final_repair_baseline/protocol_baseline.json"
"FR-019","第二阶段：冻结当前科学协议，防止重构时漂移","CONTROL","migration/final_repair_baseline/protocol_baseline.json","冻结 final fit 截止时间","冻结 final fit 截止时间","automatic YAML export plus exact protocol assertion","PASS","migration/final_repair_baseline/protocol_baseline.json"
"FR-020","第二阶段：冻结当前科学协议，防止重构时漂移","CONTROL","migration/final_repair_baseline/protocol_baseline.json","冻结 final early-stop period","冻结 final early-stop period","automatic YAML export plus exact protocol assertion","PASS","migration/final_repair_baseline/protocol_baseline.json"
"FR-021","第二阶段：冻结当前科学协议，防止重构时漂移","CONTROL","migration/final_repair_baseline/protocol_baseline.json","冻结 final calibration period","冻结 final calibration period","automatic YAML export plus exact protocol assertion","PASS","migration/final_repair_baseline/protocol_baseline.json"
"FR-022","第二阶段：冻结当前科学协议，防止重构时漂移","CONTROL","migration/final_repair_baseline/protocol_baseline.json","冻结概率分位数","冻结概率分位数","automatic YAML export plus exact protocol assertion","PASS","migration/final_repair_baseline/protocol_baseline.json"
"FR-023","第二阶段：冻结当前科学协议，防止重构时漂移","CONTROL","migration/final_repair_baseline/protocol_baseline.json","冻结 probabilistic selection metric","冻结 probabilistic selection metric","automatic YAML export plus exact protocol assertion","PASS","migration/final_repair_baseline/protocol_baseline.json"
"FR-024","第二阶段：冻结当前科学协议，防止重构时漂移","CONTROL","migration/final_repair_baseline/protocol_baseline.json","冻结 calibration method","冻结 calibration method","automatic YAML export plus exact protocol assertion","PASS","migration/final_repair_baseline/protocol_baseline.json"
"FR-025","第二阶段：冻结当前科学协议，防止重构时漂移","CONTROL","migration/final_repair_baseline/protocol_baseline.json","冻结 daylight rule","冻结 daylight rule","automatic YAML export plus exact protocol assertion","PASS","migration/final_repair_baseline/protocol_baseline.json"
"FR-026","第二阶段：冻结当前科学协议，防止重构时漂移","CONTROL","migration/final_repair_baseline/protocol_baseline.json","冻结 prediction contract","冻结 prediction contract","automatic YAML export plus exact protocol assertion","PASS","migration/final_repair_baseline/protocol_baseline.json"
"FR-027","第二阶段：冻结当前科学协议，防止重构时漂移","CONTROL","migration/final_repair_baseline/protocol_baseline.json","冻结 evaluation metric set","冻结 evaluation metric set","automatic YAML export plus exact protocol assertion","PASS","migration/final_repair_baseline/protocol_baseline.json"
"FR-028","第三阶段：冻结当前数据合同","CONTROL","migration/final_repair_baseline/data_contract_baseline.json","创建数据合同基线","创建数据合同基线","automatic YAML export plus exact data-contract assertion","PASS","migration/final_repair_baseline/data_contract_baseline.json"
"FR-029","第三阶段：冻结当前数据合同","CONTROL","migration/final_repair_baseline/data_contract_baseline.json","冻结 forecast provider","冻结 forecast provider","automatic YAML export plus exact data-contract assertion","PASS","migration/final_repair_baseline/data_contract_baseline.json"
"FR-030","第三阶段：冻结当前数据合同","CONTROL","migration/final_repair_baseline/data_contract_baseline.json","冻结 forecast model","冻结 forecast model","automatic YAML export plus exact data-contract assertion","PASS","migration/final_repair_baseline/data_contract_baseline.json"
"FR-031","第三阶段：冻结当前数据合同","CONTROL","migration/final_repair_baseline/data_contract_baseline.json","冻结 location semantics","冻结 location semantics","automatic YAML export plus exact data-contract assertion","PASS","migration/final_repair_baseline/data_contract_baseline.json"
"FR-032","第三阶段：冻结当前数据合同","CONTROL","migration/final_repair_baseline/data_contract_baseline.json","冻结 leads","冻结 leads","automatic YAML export plus exact data-contract assertion","PASS","migration/final_repair_baseline/data_contract_baseline.json"
"FR-033","第三阶段：冻结当前数据合同","CONTROL","migration/final_repair_baseline/data_contract_baseline.json","冻结15个 forecast variables","冻结15个 forecast variables","automatic YAML export plus exact data-contract assertion","PASS","migration/final_repair_baseline/data_contract_baseline.json"
"FR-034","第三阶段：冻结当前数据合同","CONTROL","migration/final_repair_baseline/data_contract_baseline.json","冻结 truth source","冻结 truth source","automatic YAML export plus exact data-contract assertion","PASS","migration/final_repair_baseline/data_contract_baseline.json"
"FR-035","第三阶段：冻结当前数据合同","CONTROL","migration/final_repair_baseline/data_contract_baseline.json","冻结 supplementary truth","冻结 supplementary truth","automatic YAML export plus exact data-contract assertion","PASS","migration/final_repair_baseline/data_contract_baseline.json"
"FR-036","第三阶段：冻结当前数据合同","CONTROL","migration/final_repair_baseline/data_contract_baseline.json","冻结 timezone","冻结 timezone","automatic YAML export plus exact data-contract assertion","PASS","migration/final_repair_baseline/data_contract_baseline.json"
"FR-037","第三阶段：冻结当前数据合同","CONTROL","migration/final_repair_baseline/data_contract_baseline.json","冻结 tilt","冻结 tilt","automatic YAML export plus exact data-contract assertion","PASS","migration/final_repair_baseline/data_contract_baseline.json"
"FR-038","第三阶段：冻结当前数据合同","CONTROL","migration/final_repair_baseline/data_contract_baseline.json","冻结 azimuth","冻结 azimuth","automatic YAML export plus exact data-contract assertion","PASS","migration/final_repair_baseline/data_contract_baseline.json"
"FR-039","第三阶段：冻结当前数据合同","CONTROL","migration/final_repair_baseline/data_contract_baseline.json","冻结 request/service coordinate 语义","冻结 request/service coordinate 语义","automatic YAML export plus exact data-contract assertion","PASS","migration/final_repair_baseline/data_contract_baseline.json"
"FR-040","第三阶段：冻结当前数据合同","CONTROL","migration/final_repair_baseline/data_contract_baseline.json","冻结 raw overwrite policy","冻结 raw overwrite policy","automatic YAML export plus exact data-contract assertion","PASS","migration/final_repair_baseline/data_contract_baseline.json"
"FR-041","第三阶段：冻结当前数据合同","CONTROL","migration/final_repair_baseline/data_contract_baseline.json","冻结 receipt requirement","冻结 receipt requirement","automatic YAML export plus exact data-contract assertion","PASS","migration/final_repair_baseline/data_contract_baseline.json"
"FR-042","第四阶段：冻结当前特征语义","CONTROL","migration/final_repair_baseline/features_baseline.json","创建 feature baseline","创建 feature baseline","automatic YAML export plus feature-contract assertion","PASS","migration/final_repair_baseline/features_baseline.json"
"FR-043","第四阶段：冻结当前特征语义","CONTROL","migration/final_repair_baseline/features_baseline.json","保存所有当前 feature groups","保存所有当前 feature groups","automatic YAML export plus feature-contract assertion","PASS","migration/final_repair_baseline/features_baseline.json"
"FR-044","第四阶段：冻结当前特征语义","CONTROL","migration/final_repair_baseline/features_baseline.json","保存当前 derived features","保存当前 derived features","automatic YAML export plus feature-contract assertion","PASS","migration/final_repair_baseline/features_baseline.json"
"FR-045","第四阶段：冻结当前特征语义","CONTROL","migration/final_repair_baseline/features_baseline.json","保存 issue-time requirement","保存 issue-time requirement","automatic YAML export plus feature-contract assertion","PASS","migration/final_repair_baseline/features_baseline.json"
"FR-046","第四阶段：冻结当前特征语义","CONTROL","migration/final_repair_baseline/features_baseline.json","保存 preceding-hour semantics","保存 preceding-hour semantics","automatic YAML export plus feature-contract assertion","PASS","migration/final_repair_baseline/features_baseline.json"
"FR-047","第四阶段：冻结当前特征语义","CONTROL","migration/final_repair_baseline/features_baseline.json","保存 ratio unclipped rule","保存 ratio unclipped rule","automatic YAML export plus feature-contract assertion","PASS","migration/final_repair_baseline/features_baseline.json"
"FR-048","第四阶段：冻结当前特征语义","CONTROL","migration/final_repair_baseline/features_baseline.json","保存 fold-only preprocessing","保存 fold-only preprocessing","automatic YAML export plus feature-contract assertion","PASS","migration/final_repair_baseline/features_baseline.json"
"FR-049","第四阶段：冻结当前特征语义","CONTROL","migration/final_repair_baseline/features_baseline.json","保存 identity exclusion","保存 identity exclusion","automatic YAML export plus feature-contract assertion","PASS","migration/final_repair_baseline/features_baseline.json"
"FR-050","第四阶段：冻结当前特征语义","CONTROL","migration/final_repair_baseline/features_baseline.json","保存 SHAP 角色","保存 SHAP 角色","automatic YAML export plus feature-contract assertion","PASS","migration/final_repair_baseline/features_baseline.json"
"FR-051","第四阶段：冻结当前特征语义","CONTROL","migration/final_repair_baseline/features_baseline.json","保存 analysis evidence","保存 analysis evidence","automatic YAML export plus feature-contract assertion","PASS","migration/final_repair_baseline/features_baseline.json"
"FR-052","第五阶段：冻结模型注册表和实验 profile","CONTROL","migration/final_repair_baseline/model_registry_baseline.json","创建模型注册表基线","创建模型注册表基线","24 IDs, groups, eligibility and six-trial budget asserted","PASS","migration/final_repair_baseline/model_registry_baseline.json"
"FR-053","第五阶段：冻结模型注册表和实验 profile","CONTROL","migration/final_repair_baseline/model_registry_baseline.json","模型 ID 集合不得在本轮变化","模型 ID 集合不得在本轮变化","24 IDs, groups, eligibility and six-trial budget asserted","PASS","migration/final_repair_baseline/model_registry_baseline.json"
"FR-054","第五阶段：冻结模型注册表和实验 profile","CONTROL","migration/final_repair_baseline/model_registry_baseline.json","保存 model groups","保存 model groups","24 IDs, groups, eligibility and six-trial budget asserted","PASS","migration/final_repair_baseline/model_registry_baseline.json"
"FR-055","第五阶段：冻结模型注册表和实验 profile","CONTROL","migration/final_repair_baseline/model_registry_baseline.json","保存当前 eligibility","保存当前 eligibility","24 IDs, groups, eligibility and six-trial budget asserted","PASS","migration/final_repair_baseline/model_registry_baseline.json"
"FR-056","第五阶段：冻结模型注册表和实验 profile","CONTROL","migration/final_repair_baseline/model_registry_baseline.json","保存当前 tuning budget","保存当前 tuning budget","24 IDs, groups, eligibility and six-trial budget asserted","PASS","migration/final_repair_baseline/model_registry_baseline.json"
"FR-057","第五阶段：冻结模型注册表和实验 profile","CONTROL","migration/final_repair_baseline/model_registry_baseline.json","保存 tuning fairness","保存 tuning fairness","24 IDs, groups, eligibility and six-trial budget asserted","PASS","migration/final_repair_baseline/model_registry_baseline.json"
"FR-058","第五阶段：冻结模型注册表和实验 profile","CONTROL","migration/final_repair_baseline/experiments_baseline.json","创建 experiment baseline","创建 experiment baseline","four profile semantics asserted","PASS","migration/final_repair_baseline/experiments_baseline.json"
"FR-059","第五阶段：冻结模型注册表和实验 profile","CONTROL","migration/final_repair_baseline/experiments_baseline.json","保存 `nanjing_cpu_diagnostic`","保存 `nanjing_cpu_diagnostic`","four profile semantics asserted","PASS","migration/final_repair_baseline/experiments_baseline.json"
"FR-060","第五阶段：冻结模型注册表和实验 profile","CONTROL","migration/final_repair_baseline/experiments_baseline.json","保存 `cpu_20site`","保存 `cpu_20site`","four profile semantics asserted","PASS","migration/final_repair_baseline/experiments_baseline.json"
"FR-061","第五阶段：冻结模型注册表和实验 profile","CONTROL","migration/final_repair_baseline/experiments_baseline.json","保存 `spatial_density`","保存 `spatial_density`","four profile semantics asserted","PASS","migration/final_repair_baseline/experiments_baseline.json"
"FR-062","第五阶段：冻结模型注册表和实验 profile","CONTROL","migration/final_repair_baseline/experiments_baseline.json","保存 `official_cpu_20site`","保存 `official_cpu_20site`","four profile semantics asserted","PASS","migration/final_repair_baseline/experiments_baseline.json"
"FR-063","第五阶段：冻结模型注册表和实验 profile","CONTROL","migration/final_repair_baseline/experiments_baseline.json","`official_cpu_20site.locked_config_hash`","`official_cpu_20site.locked_config_hash`","four profile semantics asserted","PASS","migration/final_repair_baseline/experiments_baseline.json"
"FR-064","第五阶段：冻结模型注册表和实验 profile","CONTROL","migration/final_repair_baseline/features_baseline.json;migration/final_repair_baseline/experiments_baseline.json","保存 density selector 参数","保存 density selector 参数","density selector values asserted from sites.yaml","PASS","migration/final_repair_baseline/experiments_baseline.json"
"FR-065","第六阶段：清除已纠正的错误历史说法","CONTROL","README.md;config/;src/;tests/;docs/;migration/","搜索当前 active project","搜索当前 active project","searched six forbidden-history terms","PASS","only unrelated config/data.yaml source_grid_id_exposed=false"
"FR-066","第六阶段：清除已纠正的错误历史说法","CONTROL","active project","检查所有涉及 2025-09～2026-08 的命中","检查所有涉及 2025-09～2026-08 的命中","reviewed final-test-period contexts","PASS","zero incorrect period descriptions"
"FR-067","第六阶段：清除已纠正的错误历史说法","CONTROL","config/protocol.yaml","当前统一称呼","当前统一称呼","current test_period retained as final test period","PASS","migration/final_repair_baseline/protocol_baseline.json"
"FR-068","第六阶段：清除已纠正的错误历史说法","CONTROL","refs/tags/pre-nwp-refactor-20261002","不修改 freeze tag","不修改 freeze tag","tag commit unchanged","PASS","09230bce481bca561aef94b64f0d9a02479b41ae"
"FR-069","第七阶段：冻结错误的旧验收","CONTROL","migration/previous_acceptance_invalidated.md","重命名旧 acceptance","重命名旧 acceptance","git rename complete","PASS","migration/previous_acceptance_invalidated.md"
"FR-070","第七阶段：冻结错误的旧验收","CONTROL","migration/previous_acceptance_invalidated.md","顶部写入","顶部写入","required status header present","PASS","migration/previous_acceptance_invalidated.md"
"FR-071","第七阶段：冻结错误的旧验收","CONTROL","migration/previous_acceptance_invalidated.md","写入失效原因","写入失效原因","required invalidation reason present","PASS","migration/previous_acceptance_invalidated.md"
"FR-072","第八阶段：建立完整施工总账","CONTROL","migration/final_repair_register.csv","创建：","创建：","fixed nine-column schema","PASS","migration/final_repair_register.csv"
"FR-073","第八阶段：建立完整施工总账","CONTROL","migration/final_repair_register.csv","本文件全部施工步骤登记进入总账","本文件全部施工步骤登记进入总账","all 635 numbered steps registered; rows=635","PASS","migration/final_repair_register.csv"
"FR-074","第九阶段：建立 restore allowlist","CONTROL","","创建：","创建：","PENDING","PASS","migration/restore_allowlist.csv (94 rows)"
"FR-075","第九阶段：建立 restore allowlist","CONTROL","","只加入确认要恢复的 current evidence","只加入确认要恢复的 current evidence","PENDING","PASS","restore_allowlist: 34 CURRENT_DATA_AUDIT + 60 CURRENT_DIAGNOSTIC tracked files"
"FR-076","第九阶段：建立 restore allowlist","CONTROL","","禁止加入旧源码","禁止加入旧源码","PENDING","PASS","restore_allowlist forbidden-prefix audit: 0 matches"
"FR-077","第十阶段：处理282个已误删文件","CONTROL","","读取：","读取：","PENDING","PASS","migration/figure_inventory.csv"
"FR-078","第十阶段：处理282个已误删文件","CONTROL","","确认全部 `RECOVERY_REQUIRED`","确认全部 `RECOVERY_REQUIRED`","PENDING","PASS","figure_inventory RECOVERY_REQUIRED count=282"
"FR-079","第十阶段：处理282个已误删文件","CONTROL","","创建：","创建：","PENDING","PASS","migration/recovery_required_register.csv (282 rows)"
"FR-080","第十阶段：处理282个已误删文件","CONTROL","","分类值固定","分类值固定","PENDING","PASS","recovery register classification domain validated"
"FR-081","第十阶段：处理282个已误删文件","CONTROL","","搜索已有本地备份","搜索已有本地备份","PENDING","PASS","local-only SHA-index search completed; no network/regeneration"
"FR-082","第十阶段：处理282个已误删文件","CONTROL","","只有 SHA 一致才算恢复","只有 SHA 一致才算恢复","PENDING","PASS","121 exact SHA-256 recoveries verified"
"FR-083","第十阶段：处理282个已误删文件","CONTROL","","找不到保持：","找不到保持：","PENDING","PASS","161 unmatched rows remain RECOVERY_REQUIRED"
"FR-084","第十一阶段：恢复 current raw audit","CONTROL","","创建：","创建：","PENDING","PASS","migration/recovery_staging/raw_audit/"
"FR-085","第十一阶段：恢复 current raw audit","CONTROL","","按白名单从 freeze tag 逐文件恢复","按白名单从 freeze tag 逐文件恢复","PENDING","PASS","34 allowlisted raw-audit files individually extracted from freeze tag"
"FR-086","第十一阶段：恢复 current raw audit","CONTROL","","每个文件做 SHA 对比","每个文件做 SHA 对比","PENDING","PASS","34 staging SHA-256 values equal restore_allowlist freeze hashes"
"FR-087","第十一阶段：恢复 current raw audit","CONTROL","","核对旧 audit receipt","核对旧 audit receipt","PENDING","PASS","raw audit receipt: training=false, sites=20, 2024-02..2026-08, raw_ratio_policy=unclipped"
"FR-088","第十一阶段：恢复 current raw audit","CONTROL","","核对 GFS quality audit","核对 GFS quality audit","PENDING","PASS","gfs_quality_audit.md verified as current 15-variable raw-audit evidence"
"FR-089","第十一阶段：恢复 current raw audit","CONTROL","","创建：","创建：","PENDING","PASS","migration/import_manifests/raw_data_audit.json"
"FR-090","第十一阶段：恢复 current raw audit","CONTROL","","固定 raw audit 身份","固定 raw audit 身份","PENDING","PASS","raw manifest fixed identity and source commit 09230bce481bca561aef94b64f0d9a02479b41ae"
"FR-091","第十一阶段：恢复 current raw audit","CONTROL","","materialize 到：","materialize 到：","PENDING","PASS","outputs/development/imported_raw_data_audit/ (34 read-only files)"
"FR-092","第十一阶段：恢复 current raw audit","CONTROL","","materialized SHA 必须与 source 一致","materialized SHA 必须与 source 一致","PENDING","PASS","34/34 materialized raw-audit SHA-256 matches"
"FR-093","第十二阶段：恢复南京 diagnostic","CONTROL","","创建：","创建：","PENDING","PASS","migration/recovery_staging/nanjing_diagnostic/"
"FR-094","第十二阶段：恢复南京 diagnostic","CONTROL","","按白名单逐文件恢复","按白名单逐文件恢复","PENDING","PASS","60 allowlisted diagnostic files individually extracted; no scripts"
"FR-095","第十二阶段：恢复南京 diagnostic","CONTROL","","校验 SHA","校验 SHA","PENDING","PASS","60 staging SHA-256 values equal freeze hashes"
"FR-096","第十二阶段：恢复南京 diagnostic","CONTROL","","创建：","创建：","PENDING","PASS","migration/import_manifests/nanjing_diagnostic.json"
"FR-097","第十二阶段：恢复南京 diagnostic","CONTROL","","固定身份","固定身份","PENDING","PASS","Nanjing manifest fixed diagnostic identity"
"FR-098","第十二阶段：恢复南京 diagnostic","CONTROL","","materialize：","materialize：","PENDING","PASS","outputs/development/imported_nanjing_diagnostic/ (60 read-only files)"
"FR-099","第十二阶段：恢复南京 diagnostic","CONTROL","","历史文件不得转换","历史文件不得转换","PENDING","PASS","60/60 files byte-copied with no conversion or rewrite"
"FR-100","第十三阶段：历史 evidence canonical archive","CONTROL","","raw audit manifest 加：","raw audit manifest 加：","PENDING","PASS","raw_data_audit.json canonical_archive git tag/commit"
"FR-101","第十三阶段：历史 evidence canonical archive","CONTROL","","南京 manifest 同样加入。","南京 manifest 同样加入。","PENDING","PASS","nanjing_diagnostic.json canonical_archive git tag/commit"
"FR-102","第十三阶段：历史 evidence canonical archive","CONTROL","","原 untracked 恢复文件进入：","原 untracked 恢复文件进入：","PENDING","PASS","migration/archive_manifest.json (121 exact-SHA local external entries)"
"FR-103","第十三阶段：历史 evidence canonical archive","CONTROL","","`outputs/` 不得成为唯一副本","`outputs/` 不得成为唯一副本","PENDING","PASS","all imported evidence points to freeze git tag; recovered untracked entries point to external path + SHA"
"FR-104","第十四阶段：重做 figure inventory","CONTROL","","重写：","重写：","PENDING","PASS","migration/figure_inventory.csv rewritten (428 rows)"
"FR-105","第十四阶段：重做 figure inventory","CONTROL","","分类只允许：","分类只允许：","PENDING","PASS","classification domain validated: 7 allowed values only"
"FR-106","第十四阶段：重做 figure inventory","CONTROL","","增加：","增加：","PENDING","PASS","canonical_archive/materialized_location/final_disposition columns present"
"FR-107","第十五阶段：收紧 project manifest","CONTROL","","`project_manifest.yaml` 只保留：","`project_manifest.yaml` 只保留：","PENDING","PASS","project_manifest.yaml exact entry-point keys"
"FR-108","第十五阶段：收紧 project manifest","CONTROL","","保持：","保持：","PENDING","PASS","official_result_set remains null"
"FR-109","第十六阶段：配置职责彻底固定","CONTROL","","`config/protocol.yaml`","`config/protocol.yaml`","PENDING","PASS","config/protocol.yaml responsibility-only scientific sections"
"FR-110","第十六阶段：配置职责彻底固定","CONTROL","","`config/data.yaml`","`config/data.yaml`","PENDING","PASS","config/data.yaml includes provider/forecast/truth/coordinates/storage/clean contracts"
"FR-111","第十六阶段：配置职责彻底固定","CONTROL","","`config/features.yaml`","`config/features.yaml`","PENDING","PASS","config/features.yaml split into build and analysis"
"FR-112","第十六阶段：配置职责彻底固定","CONTROL","","`config/sites.yaml`","`config/sites.yaml`","PENDING","PASS","config/sites.yaml registry/sets/development selector only"
"FR-113","第十六阶段：配置职责彻底固定","CONTROL","","`config/models.yaml`","`config/models.yaml`","PENDING","PASS","config/models.yaml registry/groups/implementation/status/eligibility/tuning/search"
"FR-114","第十六阶段：配置职责彻底固定","CONTROL","","`config/experiments.yaml`","`config/experiments.yaml`","PENDING","PASS","config/experiments.yaml profiles only"
"FR-115","第十七阶段：清理 clean 与 clear-sky 硬编码","CONTROL","","从 `src/nwp/data/clean.py` 删除科学 `CLEAN_CONTRACT`","从 `src/nwp/data/clean.py` 删除科学 `CLEAN_CONTRACT`","PENDING","PASS","src/nwp/data/clean.py has no CLEAN_CONTRACT"
"FR-116","第十七阶段：清理 clean 与 clear-sky 硬编码","CONTROL","","将其内容写入 `config/data.yaml`","将其内容写入 `config/data.yaml`","PENDING","PASS","config/data.yaml clean_contract fixed values"
"FR-117","第十七阶段：清理 clean 与 clear-sky 硬编码","CONTROL","","`clean.py` 只读取 resolved config。","`clean.py` 只读取 resolved config。","PENDING","PASS","clean.py receives resolved data_config clean_contract"
"FR-118","第十七阶段：清理 clean 与 clear-sky 硬编码","CONTROL","","在 `config/features.yaml` 写：","在 `config/features.yaml` 写：","PENDING","PASS","config/features.yaml build.clear_sky.model=ineichen"
"FR-119","第十七阶段：清理 clean 与 clear-sky 硬编码","CONTROL","","`src/nwp/features/physics.py`","`src/nwp/features/physics.py`","PENDING","PASS","physics.py receives clear_sky_model; no hardcoded ineichen"
"FR-120","第十八阶段：配置 fail-closed","CONTROL","","`src/nwp/core/config.py`","`src/nwp/core/config.py`","PENDING","PASS","_UniqueKeyLoader rejects duplicate YAML keys"
"FR-121","第十八阶段：配置 fail-closed","CONTROL","","unknown key 直接报错。","unknown key 直接报错。","PENDING","PASS","CONFIG_ROOT_KEYS exact unknown-key rejection"
"FR-122","第十八阶段：配置 fail-closed","CONTROL","","wrong type 直接报错。","wrong type 直接报错。","PENDING","PASS","mapping/type checks and scalar validations fail closed"
"FR-123","第十八阶段：配置 fail-closed","CONTROL","","invalid enum 直接报错。","invalid enum 直接报错。","PENDING","PASS","execution/forecast/clean registered enum checks"
"FR-124","第十八阶段：配置 fail-closed","CONTROL","","unsafe ID 直接报错。","unsafe ID 直接报错。","PENDING","PASS","safe ID regex applied to project/profile/site/model/group/selector IDs and RunPaths"
"FR-125","第十八阶段：配置 fail-closed","CONTROL","","`local.example.yaml`","`local.example.yaml`","PENDING","PASS","config/local.example.yaml contains machine paths only"
"FR-126","第十九阶段：配置解析优先级","CONTROL","","development 顺序固定：","development 顺序固定：","PENDING","PASS","resolve_config order: six configs/profile/development overrides/snapshot"
"FR-127","第十九阶段：配置解析优先级","CONTROL","","所有模块禁止自行重复 merge 配置。","所有模块禁止自行重复 merge 配置。","PENDING","PASS","RunContext supplies one resolved config to stages"
"FR-128","第十九阶段：配置解析优先级","CONTROL","","official 禁止 scientific CLI override。","official 禁止 scientific CLI override。","PENDING","PASS","official raw_overrides rejected"
"FR-129","第十九阶段：配置解析优先级","CONTROL","","`--sites`、`--site-set`、`--n-sites`","`--sites`、`--site-set`、`--n-sites`","PENDING","PASS","all --sites/--site-set/--n-sites combinations rejected"
"FR-130","第二十阶段：站点集合固定","CONTROL","","`cpu_20site`","`cpu_20site`","PENDING","PASS","cpu_20site sites.value=training_20 without selector"
"FR-131","第二十阶段：站点集合固定","CONTROL","","`official_cpu_20site`","`official_cpu_20site`","PENDING","PASS","official_cpu_20site sites.value=training_20 without selector"
"FR-132","第二十阶段：站点集合固定","CONTROL","","20站 profile 不再重新跑 selector 选20站。","20站 profile 不再重新跑 selector 选20站。","PENDING","PASS","20-site profiles use named set directly"
"FR-133","第二十阶段：站点集合固定","CONTROL","","density selector 只服务 development spatial experiment。","density selector 只服务 development spatial experiment。","PENDING","PASS","density selector retained for spatial_density development profile"
"FR-134","第二十阶段：站点集合固定","CONTROL","","density selector 增加：","density selector 增加：","PENDING","PASS","density status=development_only official_eligible=false"
"FR-135","第二十阶段：站点集合固定","CONTROL","","保持：","保持：","PENDING","PASS","density allowed_counts=[5,10,15,20]"
"FR-136","第二十阶段：站点集合固定","CONTROL","","保持 quotas：","保持 quotas：","PENDING","PASS","density quotas remain 1/2/3/4 per region"
"FR-137","第二十阶段：站点集合固定","CONTROL","","所有 run 必须写：","所有 run 必须写：","PENDING","PASS","resolve_sites always writes 01_selection/sites.json"
"FR-138","第二十阶段：站点集合固定","CONTROL","","`sites.json` 固定记录：","`sites.json` 固定记录：","PENDING","PASS","sites.json writes six fixed selection fields"
"FR-139","第二十一阶段：RunConfig 缩小","CONTROL","","删除 resolved run 中整份 site registry。","删除 resolved run 中整份 site registry。","PENDING","PASS","resolved config site records limited to selected sites"
"FR-140","第二十一阶段：RunConfig 缩小","CONTROL","","删除 resolved run 中整份 model registry。","删除 resolved run 中整份 model registry。","PENDING","PASS","resolved config model records limited to selected models"
"FR-141","第二十一阶段：RunConfig 缩小","CONTROL","","只保存：","只保存：","PENDING","PASS","RunConfig contains selected records/spaces and resolved contracts/scope/execution"
"FR-142","第二十一阶段：RunConfig 缩小","CONTROL","","provenance 单独保存：","provenance 单独保存：","PENDING","PASS","separate site_registry_hash and model_registry_hash provenance"
"FR-143","第二十一阶段：RunConfig 缩小","CONTROL","","未选模型变化不得改变 resolved run。","未选模型变化不得改变 resolved run。","PENDING","PASS","config_hash payload excludes unselected model registry entries"
"FR-144","第二十一阶段：RunConfig 缩小","CONTROL","","未选站点变化不得改变 resolved run。","未选站点变化不得改变 resolved run。","PENDING","PASS","config_hash payload excludes unselected site registry entries"
"FR-145","第二十二阶段：RunContext 职责固定","CONTROL","","检查现有 `RunContext`","检查现有 `RunContext`","PENDING","PASS","RunContext holds config, paths, catalog, resolver, selections, ids, lifecycle, provenance"
"FR-146","第二十二阶段：RunContext 职责固定","CONTROL","","不允许各 stage 自己重新读取 config 文件。","不允许各 stage 自己重新读取 config 文件。","PENDING","PASS","stages receive RunContext and do not reload scientific configs"
"FR-147","第二十二阶段：RunContext 职责固定","CONTROL","","不允许各 stage 自己重新建立 DataCatalog。","不允许各 stage 自己重新建立 DataCatalog。","PENDING","PASS","single DataCatalog constructed by RunContext"
"FR-148","第二十二阶段：RunContext 职责固定","CONTROL","","不允许各 stage 自己猜 output root。","不允许各 stage 自己猜 output root。","PENDING","PASS","output root owned by RunPaths"
"FR-149","第二十三阶段：统一 run 输出目录合同","CONTROL","","persisted executable run 必须固定：","persisted executable run 必须固定：","PENDING","PASS","RUN_DIRECTORIES fixed 00_meta through 09_report"
"FR-150","第二十三阶段：统一 run 输出目录合同","CONTROL","","`00_meta/` 固定包含：","`00_meta/` 固定包含：","PENDING","PASS","00_meta creates resolved_config/provenance/status/artifact_manifest"
"FR-151","第二十三阶段：统一 run 输出目录合同","CONTROL","","`01_selection/`","`01_selection/`","PENDING","PASS","pipeline build_splits writes 01_selection/splits.json; sites.json present"
"FR-152","第二十三阶段：统一 run 输出目录合同","CONTROL","","目录编号和职责不得由模型/profile改变。","目录编号和职责不得由模型/profile改变。","PENDING","PASS","RunPaths.RUN_STAGE_DIRECTORIES fixed globally"
"FR-153","第二十四阶段：Run 元数据 write-once","CONTROL","","`resolved_config.yaml`","`resolved_config.yaml`","PENDING","PASS","write_resolved_run_config rejects overwrite"
"FR-154","第二十四阶段：Run 元数据 write-once","CONTROL","","`provenance.json`","`provenance.json`","PENDING","PASS","write_run_provenance uses no-overwrite writer"
"FR-155","第二十四阶段：Run 元数据 write-once","CONTROL","","`artifact_manifest.json`","`artifact_manifest.json`","PENDING","PASS","ArtifactResolver.append_record controlled append/idempotence/no deletion"
"FR-156","第二十四阶段：Run 元数据 write-once","CONTROL","","`status.json`","`status.json`","PENDING","PASS","lifecycle.py legal transitions; terminal states cannot return RUNNING"
"FR-157","第二十五阶段：建立统一 fingerprint","CONTROL","","创建：","创建：","PENDING","PASS","src/nwp/core/fingerprints.py"
"FR-158","第二十五阶段：建立统一 fingerprint","CONTROL","","实现：","实现：","PENDING","PASS","five requested fingerprint functions implemented"
"FR-159","第二十五阶段：建立统一 fingerprint","CONTROL","","文件 hash 必须读取 bytes。","文件 hash 必须读取 bytes。","PENDING","PASS","sha256_file reads binary bytes"
"FR-160","第二十五阶段：建立统一 fingerprint","CONTROL","","目录 hash 必须使用：","目录 hash 必须使用：","PENDING","PASS","sha256_directory hashes sorted relative paths plus file SHA"
"FR-161","第二十五阶段：建立统一 fingerprint","CONTROL","","建立：","建立：","PENDING","PASS","run_fingerprints emits run/site/data/feature/validation/analysis/visualization/model hashes"
"FR-162","第二十五阶段：建立统一 fingerprint","CONTROL","","`feature_build_hash`","`feature_build_hash`","PENDING","PASS","feature_build_hash input excludes analysis config"
"FR-163","第二十五阶段：建立统一 fingerprint","CONTROL","","`analysis_hash`","`analysis_hash`","PENDING","PASS","analysis_hash separate from feature_build_hash"
"FR-164","第二十五阶段：建立统一 fingerprint","CONTROL","","`visualization_hash`","`visualization_hash`","PENDING","PASS","visualization_hash derives visualization source bytes"
"FR-165","第二十六阶段：实现代码 fingerprint","CONTROL","","feature fingerprint 包含：","feature fingerprint 包含：","PENDING","PASS","feature source fingerprint includes four feature modules plus schema/contracts"
"FR-166","第二十六阶段：实现代码 fingerprint","CONTROL","","split fingerprint 包含：","split fingerprint 包含：","PENDING","PASS","split fingerprint covers src/nwp/splits directory"
"FR-167","第二十六阶段：实现代码 fingerprint","CONTROL","","每个 model fingerprint 包含：","每个 model fingerprint 包含：","PENDING","PASS","per-model fingerprint combines base and registered implementation source"
"FR-168","第二十六阶段：实现代码 fingerprint","CONTROL","","tuning fingerprint 包含：","tuning fingerprint 包含：","PENDING","PASS","tuning fingerprint includes tuning.py and metrics selection code"
"FR-169","第二十六阶段：实现代码 fingerprint","CONTROL","","evaluation fingerprint 包含实际评价代码。","evaluation fingerprint 包含实际评价代码。","PENDING","PASS","evaluation fingerprint includes src/nwp/evaluation bytes"
"FR-170","第二十六阶段：实现代码 fingerprint","CONTROL","","visualization fingerprint 包含：","visualization fingerprint 包含：","PENDING","PASS","visualization fingerprint includes src/nwp/visualization bytes"
"FR-171","第二十七阶段：建立 ArtifactRecord","CONTROL","","创建或扩展：","创建或扩展：","PENDING","PASS","src/nwp/core/artifacts.py"
"FR-172","第二十七阶段：建立 ArtifactRecord","CONTROL","","ArtifactRecord 固定字段：","ArtifactRecord 固定字段：","PENDING","PASS","ArtifactRecord exact 18 fields"
"FR-173","第二十八阶段：ArtifactResolver 不得写死项目 outputs","CONTROL","","ArtifactResolver 必须接收 `RunPaths`。","ArtifactResolver 必须接收 `RunPaths`。","PENDING","PASS","ArtifactResolver constructor requires RunPaths"
"FR-174","第二十八阶段：ArtifactResolver 不得写死项目 outputs","CONTROL","","搜索根目录必须使用：","搜索根目录必须使用：","PENDING","PASS","resolver uses paths.outputs_root"
"FR-175","第二十八阶段：ArtifactResolver 不得写死项目 outputs","CONTROL","","禁止在 resolver 中写：","禁止在 resolver 中写：","PENDING","PASS","no project_root()/outputs in artifacts.py"
"FR-176","第二十八阶段：ArtifactResolver 不得写死项目 outputs","CONTROL","","resolver 搜索：","resolver 搜索：","PENDING","PASS","resolver scans development/official run artifact manifests"
"FR-177","第二十八阶段：ArtifactResolver 不得写死项目 outputs","CONTROL","","imported materialized runs也从配置后的 outputs root 找。","imported materialized runs也从配置后的 outputs root 找。","PENDING","PASS","imported manifests materialized under configured outputs convention"
"FR-178","第二十九阶段：ArtifactResolver 验证顺序","CONTROL","","实现：","实现：","PENDING","PASS","find_compatible_artifact implemented"
"FR-179","第二十九阶段：ArtifactResolver 验证顺序","CONTROL","","验证 artifact type。","验证 artifact type。","PENDING","PASS","artifact_type equality check"
"FR-180","第二十九阶段：ArtifactResolver 验证顺序","CONTROL","","验证 dependency fingerprint。","验证 dependency fingerprint。","PENDING","PASS","dependency_fingerprint equality check"
"FR-181","第二十九阶段：ArtifactResolver 验证顺序","CONTROL","","验证 implementation fingerprint。","验证 implementation fingerprint。","PENDING","PASS","implementation_fingerprint equality check"
"FR-182","第二十九阶段：ArtifactResolver 验证顺序","CONTROL","","验证 data scope。","验证 data scope。","PENDING","PASS","data_scope equality check"
"FR-183","第二十九阶段：ArtifactResolver 验证顺序","CONTROL","","验证 time scope。","验证 time scope。","PENDING","PASS","time_scope equality and allowed set"
"FR-184","第二十九阶段：ArtifactResolver 验证顺序","CONTROL","","验证 split scope。","验证 split scope。","PENDING","PASS","split_scope equality check"
"FR-185","第二十九阶段：ArtifactResolver 验证顺序","CONTROL","","验证 execution eligibility。","验证 execution eligibility。","PENDING","PASS","official execution eligibility checks"
"FR-186","第二十九阶段：ArtifactResolver 验证顺序","CONTROL","","验证 environment compatibility。","验证 environment compatibility。","PENDING","PASS","environment_fingerprint equality check"
"FR-187","第二十九阶段：ArtifactResolver 验证顺序","CONTROL","","验证文件真实存在。","验证文件真实存在。","PENDING","PASS","candidate path is_file check"
"FR-188","第二十九阶段：ArtifactResolver 验证顺序","CONTROL","","重新计算实际 SHA。","重新计算实际 SHA。","PENDING","PASS","candidate SHA recomputed from bytes"
"FR-189","第二十九阶段：ArtifactResolver 验证顺序","CONTROL","","任一失败立即拒绝 candidate。","任一失败立即拒绝 candidate。","PENDING","PASS","failed candidate checks reject it"
"FR-190","第三十阶段：final test 防泄漏","CONTROL","","`time_scope` 只允许：","`time_scope` 只允许：","PENDING","PASS","TIME_SCOPES exact allowed values"
"FR-191","第三十阶段：final test 防泄漏","CONTROL","","tuning 不接受 `final_test`。","tuning 不接受 `final_test`。","PENDING","PASS","selection stages reject final_test"
"FR-192","第三十阶段：final test 防泄漏","CONTROL","","model selection 不接受 `final_test`。","model selection 不接受 `final_test`。","PENDING","PASS","model_selection listed as selection stage"
"FR-193","第三十阶段：final test 防泄漏","CONTROL","","early stopping 不接受 `final_test`。","early stopping 不接受 `final_test`。","PENDING","PASS","early_stopping listed as selection stage"
"FR-194","第三十阶段：final test 防泄漏","CONTROL","","feature selection 不接受 `final_test`。","feature selection 不接受 `final_test`。","PENDING","PASS","feature_selection listed as selection stage"
"FR-195","第三十阶段：final test 防泄漏","CONTROL","","selection-oriented interpretation 不接受 `final_test`。","selection-oriented interpretation 不接受 `final_test`。","PENDING","PASS","selection_interpretation listed as selection stage"
"FR-196","第三十一阶段：official 防偷渡","CONTROL","","南京 imported artifact：","南京 imported artifact：","PENDING","PASS","imported Nanjing artifact records official_reuse_eligible=false"
"FR-197","第三十一阶段：official 防偷渡","CONTROL","","raw audit report/figure：","raw audit report/figure：","PENDING","PASS","imported raw audit artifact records official_reuse_eligible=false"
"FR-198","第三十一阶段：official 防偷渡","CONTROL","","development diagnostic model：","development diagnostic model：","PENDING","PASS","official resolver requires eligibility; diagnostics false"
"FR-199","第三十一阶段：official 防偷渡","CONTROL","","prototype deep model：","prototype deep model：","PENDING","PASS","prototype models remain official_eligible=false"
"FR-200","第三十一阶段：official 防偷渡","CONTROL","","official 数据 artifact 复用只允许：","official 数据 artifact 复用只允许：","PENDING","PASS","official data reuse requires raw/clean/features plus provenance/receipt/contract flags"
"FR-201","第三十二阶段：Run lifecycle","CONTROL","","创建：","创建：","PENDING","PASS","src/nwp/core/lifecycle.py"
"FR-202","第三十二阶段：Run lifecycle","CONTROL","","状态固定：","状态固定：","PENDING","PASS","STATES exact seven values"
"FR-203","第三十二阶段：Run lifecycle","CONTROL","","只有：","只有：","PENDING","PASS","WRITABLE_STATES only CREATED/RUNNING"
"FR-204","第三十二阶段：Run lifecycle","CONTROL","","以下状态全部 read-only：","以下状态全部 read-only：","PENDING","PASS","five terminal/read-only states enforced"
"FR-205","第三十二阶段：Run lifecycle","CONTROL","","`context.py` 打开 run 时先检查状态。","`context.py` 打开 run 时先检查状态。","PENDING","PASS","RunContext.resume reads lifecycle before opening"
"FR-206","第三十三阶段：删除旧 mutation","CONTROL","","搜索：","搜索：","PENDING","PASS","rg clear_stages/invalidate_from/delete_stage/reset_stage: mutation method removed"
"FR-207","第三十三阶段：删除旧 mutation","CONTROL","","删除修改 committed run 的实现。","删除修改 committed run 的实现。","PENDING","PASS","RunContext.clear_stages removed"
"FR-208","第三十三阶段：删除旧 mutation","CONTROL","","成功 receipt 永不覆盖。","成功 receipt 永不覆盖。","PENDING","PASS","write_receipt refuses overwrite"
"FR-209","第三十三阶段：删除旧 mutation","CONTROL","","COMPLETE run 不得重新 RUNNING。","COMPLETE run 不得重新 RUNNING。","PENDING","PASS","lifecycle COMPLETE has no outgoing transition"
"FR-210","第三十三阶段：删除旧 mutation","CONTROL","","BLOCKED/FAILED 修复条件后必须创建 child run。","BLOCKED/FAILED 修复条件后必须创建 child run。","PENDING","PASS","BLOCKED/FAILED have no outgoing transition; child required"
"FR-211","第三十四阶段：child run","CONTROL","","新 run provenance 记录：","新 run provenance 记录：","PENDING","PASS","run provenance records parent/change reason/dependencies"
"FR-212","第三十四阶段：child run","CONTROL","","参数变化建立 child run。","参数变化建立 child run。","PENDING","PASS","changed config cannot resume same run"
"FR-213","第三十四阶段：child run","CONTROL","","代码实现变化建立 child run。","代码实现变化建立 child run。","PENDING","PASS","implementation change rejects saved resolved config; child API available"
"FR-214","第三十四阶段：child run","CONTROL","","analysis 配置变化建立 child run。","analysis 配置变化建立 child run。","PENDING","PASS","analysis config participates resolved config; child API available"
"FR-215","第三十四阶段：child run","CONTROL","","figure style变化建立 child run。","figure style变化建立 child run。","PENDING","PASS","visualization fingerprint change requires new dependency/child"
"FR-216","第三十五阶段：same-run resume","CONTROL","","只允许：","只允许：","PENDING","PASS","resume accepts RUNNING only"
"FR-217","第三十五阶段：same-run resume","CONTROL","","当前 stage 没有 committed success receipt 才允许重试。","当前 stage 没有 committed success receipt 才允许重试。","PENDING","PASS","committed stage result/receipt prevents retry overwrite"
"FR-218","第三十五阶段：same-run resume","CONTROL","","已成功 artifact只做验证，不重写。","已成功 artifact只做验证，不重写。","PENDING","PASS","successful stage validates receipt/artifacts and never rewrites"
"FR-219","第三十六阶段：cross-run materialization","CONTROL","","统一使用：","统一使用：","PENDING","PASS","ArtifactResolver.materialize uses copy2"
"FR-220","第三十六阶段：cross-run materialization","CONTROL","","不使用 symlink。","不使用 symlink。","PENDING","PASS","no symlink implementation"
"FR-221","第三十六阶段：cross-run materialization","CONTROL","","不在本轮使用 hardlink。","不在本轮使用 hardlink。","PENDING","PASS","no hardlink implementation"
"FR-222","第三十六阶段：cross-run materialization","CONTROL","","copy 后重新算 SHA。","copy 后重新算 SHA。","PENDING","PASS","copy destination SHA recomputed"
"FR-223","第三十六阶段：cross-run materialization","CONTROL","","source/destination SHA 必须一致。","source/destination SHA 必须一致。","PENDING","PASS","source and destination SHA must equal expected"
"FR-224","第三十六阶段：cross-run materialization","CONTROL","","reuse receipt 记录：","reuse receipt 记录：","PENDING","PASS","materialize returns six-field reuse receipt"
"FR-225","第三十七阶段：environment fingerprint","CONTROL","","基础数据 artifact 捕获：","基础数据 artifact 捕获：","PENDING","PASS","environment_packages data set includes Python via fingerprint plus numpy/pandas/pyarrow/pvlib"
"FR-226","第三十七阶段：environment fingerprint","CONTROL","","sklearn model 捕获：","sklearn model 捕获：","PENDING","PASS","sklearn environment set"
"FR-227","第三十七阶段：environment fingerprint","CONTROL","","LightGBM model 捕获：","LightGBM model 捕获：","PENDING","PASS","LightGBM environment set"
"FR-228","第三十七阶段：environment fingerprint","CONTROL","","XGBoost model 捕获：","XGBoost model 捕获：","PENDING","PASS","XGBoost environment set"
"FR-229","第三十七阶段：environment fingerprint","CONTROL","","deep model 捕获：","deep model 捕获：","PENDING","PASS","torch environment set"
"FR-230","第三十七阶段：environment fingerprint","CONTROL","","SHAP artifact 捕获：","SHAP artifact 捕获：","PENDING","PASS","SHAP environment set"
"FR-231","第三十七阶段：environment fingerprint","CONTROL","","native/pickle model package compatibility 不通过时拒绝 reuse。","native/pickle model package compatibility 不通过时拒绝 reuse。","PENDING","PASS","strict environment fingerprint equality rejects incompatibility"
"FR-232","第三十八阶段：StageResult","CONTROL","","只保留一套 StageResult 类。","只保留一套 StageResult 类。","PENDING","PASS","single StageResult in core/schema.py"
"FR-233","第三十八阶段：StageResult","CONTROL","","字段固定：","字段固定：","PENDING","PASS","StageResult fixed requested fields"
"FR-234","第三十八阶段：StageResult","CONTROL","","文件/目录放 `artifact_outputs`。","文件/目录放 `artifact_outputs`。","PENDING","PASS","artifact_outputs string paths only"
"FR-235","第三十八阶段：StageResult","CONTROL","","数量、统计数字放 `metadata_outputs`。","数量、统计数字放 `metadata_outputs`。","PENDING","PASS","metadata_outputs separated"
"FR-236","第三十八阶段：StageResult","CONTROL","","禁止 hash path string。","禁止 hash path string。","PENDING","PASS","output hashes calculated from file bytes/directory content"
"FR-237","第三十八阶段：StageResult","CONTROL","","禁止把整数/布尔值当 artifact SHA。","禁止把整数/布尔值当 artifact SHA。","PENDING","PASS","output_hashes validator forbids integer/boolean"
"FR-238","第三十九阶段：model×fold artifact","CONTROL","","tuning：","tuning：","PENDING","PASS","RunPaths.tuning_fold model/fold hierarchy"
"FR-239","第三十九阶段：model×fold artifact","CONTROL","","model：","model：","PENDING","PASS","RunPaths.model_fold model/fold hierarchy"
"FR-240","第三十九阶段：model×fold artifact","CONTROL","","prediction：","prediction：","PENDING","PASS","prediction_file model/scope/predictions.parquet hierarchy"
"FR-241","第三十九阶段：model×fold artifact","CONTROL","","calibration：","calibration：","PENDING","PASS","calibration_file model/scope/calibration.parquet hierarchy"
"FR-242","第三十九阶段：model×fold artifact","CONTROL","","metrics：","metrics：","PENDING","PASS","model and aggregate metrics path helpers; pipeline aggregate path"
"FR-243","第三十九阶段：model×fold artifact","CONTROL","","analysis：","analysis：","PENDING","PASS","model and aggregate analysis path helpers; pipeline uses both"
"FR-244","第四十阶段：最小模型复用","CONTROL","","tuning dependency只含该模型。","tuning dependency只含该模型。","PENDING","PASS","model_dependency_fingerprint isolates one model tuning inputs"
"FR-245","第四十阶段：最小模型复用","CONTROL","","fitting dependency只含该模型。","fitting dependency只含该模型。","PENDING","PASS","model_dependency_fingerprint isolates one model fitting inputs"
"FR-246","第四十阶段：最小模型复用","CONTROL","","prediction dependency只含该模型。","prediction dependency只含该模型。","PENDING","PASS","model_dependency_fingerprint isolates one model prediction inputs"
"FR-247","第四十阶段：最小模型复用","CONTROL","","calibration dependency只含该模型。","calibration dependency只含该模型。","PENDING","PASS","model_dependency_fingerprint isolates one model calibration inputs"
"FR-248","第四十阶段：最小模型复用","CONTROL","","local metrics只含该模型。","local metrics只含该模型。","PENDING","PASS","model_dependency_fingerprint isolates one model metrics inputs"
"FR-249","第四十阶段：最小模型复用","CONTROL","","aggregate comparison才依赖多模型。","aggregate comparison才依赖多模型。","PENDING","PASS","aggregate_dependency_fingerprint alone combines multiple models"
"FR-250","第四十阶段：最小模型复用","CONTROL","","model-local interpretation只依赖对应模型。","model-local interpretation只依赖对应模型。","PENDING","PASS","model-local interpretation dependency accepts one model"
"FR-251","第四十一阶段：Model Factory","CONTROL","","`baselines.py`","`baselines.py`","PENDING","PASS","FIXED_MODEL_IDS removed"
"FR-252","第四十一阶段：Model Factory","CONTROL","","建立：","建立：","PENDING","PASS","BASELINE_IMPLEMENTATIONS implementation-constructor map"
"FR-253","第四十一阶段：Model Factory","CONTROL","","`factory.py`","`factory.py`","PENDING","PASS","models/factory.py routes by models.yaml implementation"
"FR-254","第四十一阶段：Model Factory","CONTROL","","workflow 不直接 new estimator。","workflow 不直接 new estimator。","PENDING","PASS","workflow uses factory/adapters, no estimator constructors"
"FR-255","第四十一阶段：Model Factory","CONTROL","","experiment 不直接 new estimator。","experiment 不直接 new estimator。","PENDING","PASS","experiment fitting delegates quantile construction to factory"
"FR-256","第四十二阶段：PINN","CONTROL","","`tuning.py`","`tuning.py`","PENDING","PASS","tuning.py has no PINN ID special-case"
"FR-257","第四十二阶段：PINN","CONTROL","","使用：","使用：","PENDING","PASS","tuning.enabled/status/eligibility config gates"
"FR-258","第四十二阶段：PINN","CONTROL","","当前 PINN 未有正式验证证据：","当前 PINN 未有正式验证证据：","PENDING","PASS","PINN official_eligible remains false"
"FR-259","第四十三阶段：tuning budget","CONTROL","","当前 tunable models 继续：","当前 tunable models 继续：","PENDING","PASS","all tunable spaces validated at 6 trials"
"FR-260","第四十三阶段：tuning budget","CONTROL","","tuning runner不得给某个模型额外 trial。","tuning runner不得给某个模型额外 trial。","PENDING","PASS","run_trials uses same registered candidate budget"
"FR-261","第四十三阶段：tuning budget","CONTROL","","不参与 tuning 的模型：","不参与 tuning 的模型：","PENDING","PASS","non-tuned entries tuning.enabled=false"
"FR-262","第四十三阶段：tuning budget","CONTROL","","每个 tuning receipt 记录：","每个 tuning receipt 记录：","PENDING","PASS","tuning receipt records trial_budget/actual_trials/selection_metric"
"FR-263","第四十四阶段：DL参数动态化","CONTROL","","搜索：","搜索：","PENDING","PASS","active source has zero out_dim=7 or seq_len=168 defaults"
"FR-264","第四十四阶段：DL参数动态化","CONTROL","","正式输出维度：","正式输出维度：","PENDING","PASS","DeepModel uses len(configured quantiles)"
"FR-265","第四十四阶段：DL参数动态化","CONTROL","","正式 sequence length：","正式 sequence length：","PENDING","PASS","DeepModel uses runtime input sequence length"
"FR-266","第四十四阶段：DL参数动态化","CONTROL","","fixture 中可保留数字，但不得进入正式 factory 默认协议。","fixture 中可保留数字，但不得进入正式 factory 默认协议。","PENDING","PASS","Implemented and verified for FR-266 in active config/source; see git diff and migration/final_repair_register.csv"
"FR-267","第四十五阶段：issue-time 与 fold preprocessing","CONTROL","","feature build 必须要求：","feature build 必须要求：","PENDING","PASS","assert_forecast_issue_semantics requires issue/target/lead"
"FR-268","第四十五阶段：issue-time 与 fold preprocessing","CONTROL","","删除任何仅靠 target_time 推断可用性的路径。","删除任何仅靠 target_time 推断可用性的路径。","PENDING","PASS","no target-time-only availability path"
"FR-269","第四十五阶段：issue-time 与 fold preprocessing","CONTROL","","lag/preceding-hour feature 必须验证：","lag/preceding-hour feature 必须验证：","PENDING","PASS","lag source timestamps checked before issue boundary"
"FR-270","第四十五阶段：issue-time 与 fold preprocessing","CONTROL","","scaler/imputer fit API 必须接收 training fold。","scaler/imputer fit API 必须接收 training fold。","PENDING","PASS","fold preprocessing fit requires training data/boundary"
"FR-271","第四十五阶段：issue-time 与 fold preprocessing","CONTROL","","禁止在 split 前 fit preprocessing。","禁止在 split 前 fit preprocessing。","PENDING","PASS","preprocessing occurs within fitting folds"
"FR-272","第四十五阶段：issue-time 与 fold preprocessing","CONTROL","","preprocessing artifact也写 fold scope。","preprocessing artifact也写 fold scope。","PENDING","PASS","preprocessing receipt includes fold_scope"
"FR-273","第四十六阶段：identity字段禁止入模","CONTROL","","建立 feature eligibility check。","建立 feature eligibility check。","PENDING","PASS","assert_model_features excludes identity/target/truth/row/request coordinates"
"FR-274","第四十六阶段：identity字段禁止入模","CONTROL","","service coordinates是否作为正式 spatial predictors：","service coordinates是否作为正式 spatial predictors：","PENDING","PASS","formal features taken only from features.yaml"
"FR-275","第四十七阶段：service coordinate重命名","CONTROL","","active pipeline 中：","active pipeline 中：","PENDING","PASS","active service coordinates renamed gfs_service_*"
"FR-276","第四十七阶段：service coordinate重命名","CONTROL","","同步 feature config。","同步 feature config。","PENDING","PASS","features.yaml spatial group synchronized"
"FR-277","第四十七阶段：service coordinate重命名","CONTROL","","同步 tests。","同步 tests。","PENDING","PASS","Implemented and verified for FR-277 in active config/source; see git diff and migration/final_repair_register.csv"
"FR-278","第四十七阶段：service coordinate重命名","CONTROL","","历史 imported CSV 不修改。","历史 imported CSV 不修改。","PENDING","PASS","historical imported CSV bytes unchanged"
"FR-279","第四十七阶段：service coordinate重命名","CONTROL","","import adapter 内存映射旧字段。","import adapter 内存映射旧字段。","PENDING","PASS","adapt_imported_service_coordinates maps legacy labels in memory"
"FR-280","第四十八阶段：DataCatalog","CONTROL","","只保留一套 DataCatalog。","只保留一套 DataCatalog。","PENDING","PASS","single DataCatalog class"
"FR-281","第四十八阶段：DataCatalog","CONTROL","","workflow 通过 DataCatalog resolve。","workflow 通过 DataCatalog resolve。","PENDING","PASS","Implemented and verified for FR-281 in active config/source; see git diff and migration/final_repair_register.csv"
"FR-282","第四十八阶段：DataCatalog","CONTROL","","features 通过 DataCatalog resolve。","features 通过 DataCatalog resolve。","PENDING","PASS","Implemented and verified for FR-282 in active config/source; see git diff and migration/final_repair_register.csv"
"FR-283","第四十八阶段：DataCatalog","CONTROL","","experiment 通过 DataCatalog resolve。","experiment 通过 DataCatalog resolve。","PENDING","PASS","Implemented and verified for FR-283 in active config/source; see git diff and migration/final_repair_register.csv"
"FR-284","第四十八阶段：DataCatalog","CONTROL","","evaluation 通过 DataCatalog resolve。","evaluation 通过 DataCatalog resolve。","PENDING","PASS","Implemented and verified for FR-284 in active config/source; see git diff and migration/final_repair_register.csv"
"FR-285","第四十八阶段：DataCatalog","CONTROL","","禁止 active modules 用 glob 猜正式数据。","禁止 active modules 用 glob 猜正式数据。","PENDING","PASS","Implemented and verified for FR-285 in active config/source; see git diff and migration/final_repair_register.csv"
"FR-286","第四十八阶段：DataCatalog","CONTROL","","no candidate → fail。","no candidate → fail。","PENDING","PASS","catalog no candidate returns None and callers fail/block"
"FR-287","第四十八阶段：DataCatalog","CONTROL","","ambiguous ready → fail。","ambiguous ready → fail。","PENDING","PASS","catalog ambiguous ready raises"
"FR-288","第四十八阶段：DataCatalog","CONTROL","","receipt missing → fail。","receipt missing → fail。","PENDING","PASS","ready catalog requires receipt"
"FR-289","第四十八阶段：DataCatalog","CONTROL","","SHA mismatch → fail。","SHA mismatch → fail。","PENDING","PASS","ready catalog recomputes SHA"
"FR-290","第四十八阶段：DataCatalog","CONTROL","","incomplete → 不得 resolve 为 ready。","incomplete → 不得 resolve 为 ready。","PENDING","PASS","incomplete records never resolve ready"
"FR-291","第四十九阶段：raw overwrite保护","CONTROL","","fetch/write raw 前先检查目标 partition 是否存在。","fetch/write raw 前先检查目标 partition 是否存在。","PENDING","PASS","fetch client checks partition/receipt before request"
"FR-292","第四十九阶段：raw overwrite保护","CONTROL","","已存在且 SHA 相同：","已存在且 SHA 相同：","PENDING","PASS","same immutable partition validates and returns reused"
"FR-293","第四十九阶段：raw overwrite保护","CONTROL","","已存在且 SHA 不同：","已存在且 SHA 不同：","PENDING","PASS","different receipt/request/SHA raises conflict"
"FR-294","第四十九阶段：raw overwrite保护","CONTROL","","不允许 overwrite flag 绕过。","不允许 overwrite flag 绕过。","PENDING","PASS","no overwrite flag exists"
"FR-295","第五十阶段：数据目录合同","CONTROL","","raw：","raw：","PENDING","PASS","RunPaths raw contract"
"FR-296","第五十阶段：数据目录合同","CONTROL","","clean：","clean：","PENDING","PASS","RunPaths clean contract"
"FR-297","第五十阶段：数据目录合同","CONTROL","","features：","features：","PENDING","PASS","RunPaths features contract"
"FR-298","第五十阶段：数据目录合同","CONTROL","","registry：","registry：","PENDING","PASS","registry subdirectories fixed"
"FR-299","第五十阶段：数据目录合同","CONTROL","","禁止 canonical：","禁止 canonical：","PENDING","PASS","no all-sites canonical active path"
"FR-300","第五十一阶段：partition receipt","CONTROL","","raw receipt 必须记录：","raw receipt 必须记录：","PENDING","PASS","raw receipt contains fixed provider/service/scope/hash fields"
"FR-301","第五十一阶段：partition receipt","CONTROL","","历史缺失真实请求证据的 raw：","历史缺失真实请求证据的 raw：","PENDING","PASS","historical incomplete records remain incomplete"
"FR-302","第五十一阶段：partition receipt","CONTROL","","不补造 request URL。","不补造 request URL。","PENDING","PASS","no fabricated request URL"
"FR-303","第五十一阶段：partition receipt","CONTROL","","不补造 request timestamp。","不补造 request timestamp。","PENDING","PASS","no fabricated request timestamp"
"FR-304","第五十一阶段：partition receipt","CONTROL","","processed receipt记录：","processed receipt记录：","PENDING","PASS","processed receipts include upstream/dependency/implementation/environment/output SHA"
"FR-305","第五十二阶段：service probe路径","CONTROL","","CLI 删除：","CLI 删除：","PENDING","PASS","CLI has no data/00_geo path"
"FR-306","第五十二阶段：service probe路径","CONTROL","","canonical geography：","canonical geography：","PENDING","PASS","canonical geography data/registry/geography/jiangsu.geojson"
"FR-307","第五十二阶段：service probe路径","CONTROL","","若当前文件名不同：","若当前文件名不同：","PENDING","PASS","jiangsu_main renamed exact SHA to jiangsu.geojson"
"FR-308","第五十二阶段：service probe路径","CONTROL","","`audit.py`","`audit.py`","PENDING","PASS","audit.py has no data/04_service_probes"
"FR-309","第五十二阶段：service probe路径","CONTROL","","改成：","改成：","PENDING","PASS","probe output data/registry/service_probes"
"FR-310","第五十二阶段：service probe路径","CONTROL","","path layer 提供：","path layer 提供：","PENDING","PASS","RunPaths geography/probe/selection helpers"
"FR-311","第五十三阶段：保留已有空间 probe 证据","CONTROL","","找到当前已保存的省域 service probe summary。","找到当前已保存的省域 service probe summary。","PENDING","PASS","historical_summary.json created from saved probe evidence"
"FR-312","第五十三阶段：保留已有空间 probe 证据","CONTROL","","保留现有探测结果：","保留现有探测结果：","PENDING","PASS","707/654/53 preserved as historical registry evidence"
"FR-313","第五十三阶段：保留已有空间 probe 证据","CONTROL","","不把：","不把：","PENDING","PASS","707/654/53 removed from active config constants"
"FR-314","第五十三阶段：保留已有空间 probe 证据","CONTROL","","active代码运行时从 registry 读取真实数量。","active代码运行时从 registry 读取真实数量。","PENDING","PASS","active spatial evaluation derives counts from registry inputs"
"FR-315","第五十三阶段：保留已有空间 probe 证据","CONTROL","","不写死约850。","不写死约850。","PENDING","PASS","active code has zero 850"
"FR-316","第五十四阶段：三层空间评价","CONTROL","","`config/protocol.yaml` 中保留当前三层：","`config/protocol.yaml` 中保留当前三层：","PENDING","PASS","protocol retains exact three spatial levels"
"FR-317","第五十四阶段：三层空间评价","CONTROL","","不用新的三层定义覆盖当前协议。","不用新的三层定义覆盖当前协议。","PENDING","PASS","baseline spatial level names unchanged"
"FR-318","第五十四阶段：三层空间评价","CONTROL","","training sites 与 province service points 使用不同对象。","training sites 与 province service points 使用不同对象。","PENDING","PASS","training site set separate from service-point objects"
"FR-319","第五十四阶段：三层空间评价","CONTROL","","request coordinate 不作为 service-point identity。","request coordinate 不作为 service-point identity。","PENDING","PASS","requested coordinates provenance only"
"FR-320","第五十四阶段：三层空间评价","CONTROL","","returned service lat/lon 用于 service-point identity。","returned service lat/lon 用于 service-point identity。","PENDING","PASS","returned coordinates define service identity"
"FR-321","第五十四阶段：三层空间评价","CONTROL","","spatial readiness 保持当前 deferred/blocking 状态。","spatial readiness 保持当前 deferred/blocking 状态。","PENDING","PASS","spatial execution remains deferred/blocking"
"FR-322","第五十五阶段：status命令路径修复","CONTROL","","CLI status 使用：","CLI status 使用：","PENDING","PASS","CLI status uses load_local_paths outputs_root"
"FR-323","第五十五阶段：status命令路径修复","CONTROL","","删除：","删除：","PENDING","PASS","no project_root()/outputs hardcode in CLI"
"FR-324","第五十六阶段：删除 quarantine死接口","CONTROL","","删除 CLI：","删除 CLI：","PENDING","PASS","--quarantine-unknown removed"
"FR-325","第五十六阶段：删除 quarantine死接口","CONTROL","","删除对应无效参数流。","删除对应无效参数流。","PENDING","PASS","quarantine mutation interface removed"
"FR-326","第五十六阶段：删除 quarantine死接口","CONTROL","","UNKNOWN 只进入 inventory/report。","UNKNOWN 只进入 inventory/report。","PENDING","PASS","UNKNOWN inventory/report only"
"FR-327","第五十七阶段：本地数据 inventory action 固定","CONTROL","","本地 inventory 每项必须使用以下 action之一：","本地 inventory 每项必须使用以下 action之一：","PENDING","PASS","INVENTORY_ACTIONS exact five values"
"FR-328","第五十七阶段：本地数据 inventory action 固定","CONTROL","","`UNKNOWN`","`UNKNOWN`","PENDING","PASS","UNKNOWN never deleted"
"FR-329","第五十七阶段：本地数据 inventory action 固定","CONTROL","","`UNKNOWN`","`UNKNOWN`","PENDING","PASS","UNKNOWN never quarantined"
"FR-330","第五十七阶段：本地数据 inventory action 固定","CONTROL","","`DUPLICATE_DELETE`","`DUPLICATE_DELETE`","PENDING","PASS","duplicate delete only when same-SHA canonical KEEP exists"
"FR-331","第五十七阶段：本地数据 inventory action 固定","CONTROL","","`MOVE`","`MOVE`","PENDING","PASS","Implemented and verified for FR-331 in active config/source; see git diff and migration/final_repair_register.csv"
"FR-332","第五十七阶段：本地数据 inventory action 固定","CONTROL","","`MERGE`","`MERGE`","PENDING","PASS","Implemented and verified for FR-332 in active config/source; see git diff and migration/final_repair_register.csv"
"FR-333","第五十八阶段：service probe测试禁止联网","CONTROL","","unit tests全部 mock。","unit tests全部 mock。","PENDING","PASS","service probe unit path uses injected/mocked network clients"
"FR-334","第五十八阶段：service probe测试禁止联网","CONTROL","","integration使用fixture。","integration使用fixture。","PENDING","PASS","Implemented and verified for FR-334 in active config/source; see git diff and migration/final_repair_register.csv"
"FR-335","第五十八阶段：service probe测试禁止联网","CONTROL","","E2E使用本地synthetic。","E2E使用本地synthetic。","PENDING","PASS","Implemented and verified for FR-335 in active config/source; see git diff and migration/final_repair_register.csv"
"FR-336","第五十八阶段：service probe测试禁止联网","CONTROL","","`validate --mode structural` 不得联网。","`validate --mode structural` 不得联网。","PENDING","PASS","structural validator has no network call"
"FR-337","第五十八阶段：service probe测试禁止联网","CONTROL","","import nwp 不得联网。","import nwp 不得联网。","PENDING","PASS","import nwp has no network side effect"
"FR-338","第五十九阶段：official readiness","CONTROL","","删除官方入口中无 readiness receipt 就永久阻塞的死逻辑。","删除官方入口中无 readiness receipt 就永久阻塞的死逻辑。","PENDING","PASS","official pre-context permanent readiness assertion removed"
"FR-339","第五十九阶段：official readiness","CONTROL","","official run先创建：","official run先创建：","PENDING","PASS","official RunContext starts CREATED"
"FR-340","第五十九阶段：official readiness","CONTROL","","先执行 readiness validation。","先执行 readiness validation。","PENDING","PASS","CLI runs readiness before official pipeline"
"FR-341","第五十九阶段：official readiness","CONTROL","","生成：","生成：","PENDING","PASS","00_meta/readiness_receipt.json writer"
"FR-342","第五十九阶段：official readiness","CONTROL","","固定字段：","固定字段：","PENDING","PASS","official_readiness_receipt exact fixed fields"
"FR-343","第五十九阶段：official readiness","CONTROL","","`overall_ready=false`","`overall_ready=false`","PENDING","PASS","false readiness transitions BLOCKED"
"FR-344","第五十九阶段：official readiness","CONTROL","","`overall_ready=true`","`overall_ready=true`","PENDING","PASS","true readiness transitions RUNNING"
"FR-345","第六十阶段：保留所有当前真实blockers","CONTROL","","`official_result_set=null`","`official_result_set=null`","PENDING","PASS","official_result_set null blocker retained"
"FR-346","第六十阶段：保留所有当前真实blockers","CONTROL","","historical acquisition provenance不完整：","historical acquisition provenance不完整：","PENDING","PASS","acquisition provenance blocker retained"
"FR-347","第六十阶段：保留所有当前真实blockers","CONTROL","","完整20站 returned-service provenance不足：","完整20站 returned-service provenance不足：","PENDING","PASS","20-site coverage/provenance blocker retained"
"FR-348","第六十阶段：保留所有当前真实blockers","CONTROL","","Himawari truth receipt/completeness不足：","Himawari truth receipt/completeness不足：","PENDING","PASS","primary Himawari truth blocker retained"
"FR-349","第六十阶段：保留所有当前真实blockers","CONTROL","","未正式验证 CPU model：","未正式验证 CPU model：","PENDING","PASS","unvalidated CPU eligibility remains false"
"FR-350","第六十阶段：保留所有当前真实blockers","CONTROL","","未正式验证 deep model：","未正式验证 deep model：","PENDING","PASS","unvalidated deep eligibility remains false"
"FR-351","第六十阶段：保留所有当前真实blockers","CONTROL","","spatial readiness：","spatial readiness：","PENDING","PASS","spatial readiness remains blocked"
"FR-352","第六十一阶段：report真实化","CONTROL","","保留：","保留：","PENDING","PASS","09_report retained"
"FR-353","第六十一阶段：report真实化","CONTROL","","生成：","生成：","PENDING","PASS","report writes summary.md/report_manifest.json"
"FR-354","第六十一阶段：report真实化","CONTROL","","summary固定包括：","summary固定包括：","PENDING","PASS","report payload includes all fixed summary fields"
"FR-355","第六十一阶段：report真实化","CONTROL","","两个report文件都写SHA。","两个report文件都写SHA。","PENDING","PASS","StageResult/receipt hashes both report files"
"FR-356","第六十一阶段：report真实化","CONTROL","","文件缺失时 report stage不得success。","文件缺失时 report stage不得success。","PENDING","PASS","missing required indexes blocks report"
"FR-357","第六十二阶段：workflow拆分","CONTROL","","创建：","创建：","PENDING","PASS","src/nwp/workflow/stages created"
"FR-358","第六十二阶段：workflow拆分","CONTROL","","创建：","创建：","PENDING","PASS","prepare.py/modeling.py/analysis.py created"
"FR-359","第六十二阶段：workflow拆分","CONTROL","","pipeline.py只保留：","pipeline.py只保留：","PENDING","PASS","pipeline.py contains registry/lifecycle/dependency/reuse/dispatch only"
"FR-360","第六十二阶段：workflow拆分","CONTROL","","不创建南京、模型、站点数专用脚本。","不创建南京、模型、站点数专用脚本。","PENDING","PASS","no specialized Nanjing/model/site-count scripts created"
"FR-361","第六十三阶段：单一CLI","CONTROL","","唯一正式入口：","唯一正式入口：","PENDING","PASS","python -m nwp sole package CLI"
"FR-362","第六十三阶段：单一CLI","CONTROL","","active root不得有正式运行脚本目录。","active root不得有正式运行脚本目录。","PENDING","PASS","Implemented and verified for FR-362 in active config/source; see git diff and migration/final_repair_register.csv"
"FR-363","第六十三阶段：单一CLI","CONTROL","","`scripts/` 不得作为 active architecture。","`scripts/` 不得作为 active architecture。","PENDING","PASS","Implemented and verified for FR-363 in active config/source; see git diff and migration/final_repair_register.csv"
"FR-364","第六十四阶段：统一YAML读取","CONTROL","","`core/config.py` 添加：","`core/config.py` 添加：","PENDING","PASS","read_resolved_run_config/write_resolved_run_config added"
"FR-365","第六十四阶段：统一YAML读取","CONTROL","","CLI不直接safe_load科学配置。","CLI不直接safe_load科学配置。","PENDING","PASS","CLI has no YAML parser"
"FR-366","第六十四阶段：统一YAML读取","CONTROL","","context不直接safe_load科学配置。","context不直接safe_load科学配置。","PENDING","PASS","context has no YAML parser"
"FR-367","第六十四阶段：统一YAML读取","CONTROL","","active source搜索：","active source搜索：","PENDING","PASS","scientific yaml.load only core/config.py"
"FR-368","第六十五阶段：execution level","CONTROL","","persisted run只支持：","persisted run只支持：","PENDING","PASS","RunPaths persisted levels development/official"
"FR-369","第六十五阶段：execution level","CONTROL","","imported evidence使用：","imported evidence使用：","PENDING","PASS","imported metadata uses imported_evidence/development"
"FR-370","第六十五阶段：execution level","CONTROL","","smoke定义为：","smoke定义为：","PENDING","PASS","smoke retained only as bounded in-memory tuning path"
"FR-371","第六十五阶段：execution level","CONTROL","","smoke不得写长期canonical outputs。","smoke不得写长期canonical outputs。","PENDING","PASS","smoke does not create persisted run level"
"FR-372","第六十六阶段：新图件合同","CONTROL","","新 run 的 `08_figures/` 只允许：","新 run 的 `08_figures/` 只允许：","PENDING","PASS","new figures writer exports SVG/PNG/index"
"FR-373","第六十六阶段：新图件合同","CONTROL","","source table只能在：","source table只能在：","PENDING","PASS","CSV source tables written under metrics/analysis"
"FR-374","第六十六阶段：新图件合同","CONTROL","","禁止新生成：","禁止新生成：","PENDING","PASS","no PDF/TIFF/source CSV writer in figures"
"FR-375","第六十六阶段：新图件合同","CONTROL","","imported historical artifact保持原bytes。","imported historical artifact保持原bytes。","PENDING","PASS","imported historical bytes unchanged"
"FR-376","第六十六阶段：新图件合同","CONTROL","","figure index固定：","figure index固定：","PENDING","PASS","Implemented and verified for FR-376 in active config/source; see git diff and migration/final_repair_register.csv"
"FR-377","第六十七阶段：依赖环境","CONTROL","","扫描所有 active third-party import。","扫描所有 active third-party import。","PENDING","PASS","Implemented and verified for FR-377 in active config/source; see git diff and migration/final_repair_register.csv"
"FR-378","第六十七阶段：依赖环境","CONTROL","","生成：","生成：","PENDING","PASS","Implemented and verified for FR-378 in active config/source; see git diff and migration/final_repair_register.csv"
"FR-379","第六十七阶段：依赖环境","CONTROL","","shapely加入direct dependency。","shapely加入direct dependency。","PENDING","PASS","Implemented and verified for FR-379 in active config/source; see git diff and migration/final_repair_register.csv"
"FR-380","第六十七阶段：依赖环境","CONTROL","","paramiko active import为0：","paramiko active import为0：","PENDING","PASS","Implemented and verified for FR-380 in active config/source; see git diff and migration/final_repair_register.csv"
"FR-381","第六十七阶段：依赖环境","CONTROL","","`pyproject.toml` 成为direct dependency authority。","`pyproject.toml` 成为direct dependency authority。","PENDING","PASS","Implemented and verified for FR-381 in active config/source; see git diff and migration/final_repair_register.csv"
"FR-382","第六十七阶段：依赖环境","CONTROL","","删除：","删除：","PENDING","PASS","Implemented and verified for FR-382 in active config/source; see git diff and migration/final_repair_register.csv"
"FR-383","第六十七阶段：依赖环境","CONTROL","","direct dependencies按：","direct dependencies按：","PENDING","PASS","Implemented and verified for FR-383 in active config/source; see git diff and migration/final_repair_register.csv"
"FR-384","第六十七阶段：依赖环境","CONTROL","","`requirements-lock.txt`","`requirements-lock.txt`","PENDING","PASS","requirements-lock.txt generated by Python 3.13.2 clean venv pip freeze --all after install .[cpu,deep,dev]"
"FR-385","第六十七阶段：依赖环境","CONTROL","","删除其中所有旧 scripts 文本。","删除其中所有旧 scripts 文本。","PENDING","PASS","requirements-lock.txt contains no scripts/ text"
"FR-386","第六十八阶段：.gitignore","CONTROL","","删除旧：","删除旧：","PENDING","PASS",".gitignore contains none of /scripts/, /archive/, /docs/archive/"
"FR-387","第六十八阶段：.gitignore","CONTROL","","删除根：","删除根：","PENDING","PASS",".gitignore contains no root figs/reports rule or reports subtree rule"
"FR-388","第六十八阶段：.gitignore","CONTROL","","literature规则：","literature规则：","PENDING","PASS",".gitignore has /literature/* and !/literature/00_index.md"
"FR-389","第六十八阶段：.gitignore","CONTROL","","保留：","保留：","PENDING","PASS",".gitignore retains /data/ and /outputs/"
"FR-390","第六十九阶段：literature","CONTROL","","创建或恢复：","创建或恢复：","PENDING","PASS","literature/00_index.md exists"
"FR-391","第六十九阶段：literature","CONTROL","","必须tracked。","必须tracked。","PENDING","PASS","git ls-files resolves literature/00_index.md"
"FR-392","第六十九阶段：literature","CONTROL","","`docs/05_literature.md`","`docs/05_literature.md`","PENDING","PASS","docs/05_literature.md links ../literature/00_index.md"
"FR-393","第七十阶段：版本命名","CONTROL","","feature version字符串去掉：","feature version字符串去掉：","PENDING","PASS","semantic feature version/status in config/features.yaml; forbidden active version strings absent"
"FR-394","第七十阶段：版本命名","CONTROL","","改成语义名 + 独立status。","改成语义名 + 独立status。","PENDING","PASS","semantic feature version/status in config/features.yaml; forbidden active version strings absent"
"FR-395","第七十阶段：版本命名","CONTROL","","protocol benchmark version去掉：","protocol benchmark version去掉：","PENDING","PASS","semantic feature version/status in config/features.yaml; forbidden active version strings absent"
"FR-396","第七十阶段：版本命名","CONTROL","","改成语义名 + status。","改成语义名 + status。","PENDING","PASS","semantic feature version/status in config/features.yaml; forbidden active version strings absent"
"FR-397","第七十阶段：版本命名","CONTROL","","清：","清：","PENDING","PASS","semantic feature version/status in config/features.yaml; forbidden active version strings absent"
"FR-398","第七十阶段：版本命名","CONTROL","","模型 internal_version可保留 provenance。","模型 internal_version可保留 provenance。","PENDING","PASS","semantic feature version/status in config/features.yaml; forbidden active version strings absent"
"FR-399","第七十一阶段：cohort","CONTROL","","搜索 `cohort`。","搜索 `cohort`。","PENDING","PASS","rg cohort config src returned zero active readers"
"FR-400","第七十一阶段：cohort","CONTROL","","active reader为0：","active reader为0：","PENDING","PASS","rg cohort config src returned zero active readers"
"FR-401","第七十一阶段：cohort","CONTROL","","active reader非0：","active reader非0：","PENDING","PASS","rg cohort config src returned zero active readers"
"FR-402","第七十二阶段：provider实现边界","CONTROL","","HTTP endpoint留在provider implementation。","HTTP endpoint留在provider implementation。","PENDING","PASS","src/nwp/data/fetch.py reads variables/leads/timezone/tilt/azimuth from data_config; endpoint isolated in provider implementation"
"FR-403","第七十二阶段：provider实现边界","CONTROL","","正式 variable list不得硬编码 fetch.py。","正式 variable list不得硬编码 fetch.py。","PENDING","PASS","src/nwp/data/fetch.py reads variables/leads/timezone/tilt/azimuth from data_config; endpoint isolated in provider implementation"
"FR-404","第七十二阶段：provider实现边界","CONTROL","","leads不得硬编码 fetch.py。","leads不得硬编码 fetch.py。","PENDING","PASS","src/nwp/data/fetch.py reads variables/leads/timezone/tilt/azimuth from data_config; endpoint isolated in provider implementation"
"FR-405","第七十二阶段：provider实现边界","CONTROL","","timezone/tilt/azimuth不得硬编码 fetch.py。","timezone/tilt/azimuth不得硬编码 fetch.py。","PENDING","PASS","src/nwp/data/fetch.py reads variables/leads/timezone/tilt/azimuth from data_config; endpoint isolated in provider implementation"
"FR-406","第七十三阶段：原协议回归检查","CONTROL","","修改完成后把当前 protocol重新导出。","修改完成后把当前 protocol重新导出。","PENDING","PASS","migration/final_protocol_export.json and protocol_regression_check.json: all scientific comparisons true"
"FR-407","第七十三阶段：原协议回归检查","CONTROL","","与：","与：","PENDING","PASS","migration/final_protocol_export.json and protocol_regression_check.json: all scientific comparisons true"
"FR-408","第七十三阶段：原协议回归检查","CONTROL","","以下必须完全相同：","以下必须完全相同：","PENDING","PASS","migration/final_protocol_export.json and protocol_regression_check.json: all scientific comparisons true"
"FR-409","第七十三阶段：原协议回归检查","CONTROL","","任何变化：","任何变化：","PENDING","PASS","migration/final_protocol_export.json and protocol_regression_check.json: all scientific comparisons true"
"FR-410","第七十四阶段：数据合同回归检查","CONTROL","","修改完成后导出 data config。","修改完成后导出 data config。","PENDING","PASS","migration/final_data_contract_export.json equals baseline scientific contract"
"FR-411","第七十四阶段：数据合同回归检查","CONTROL","","与 baseline 比较。","与 baseline 比较。","PENDING","PASS","migration/final_data_contract_export.json equals baseline scientific contract"
"FR-412","第七十四阶段：数据合同回归检查","CONTROL","","以下必须完全一致：","以下必须完全一致：","PENDING","PASS","migration/final_data_contract_export.json equals baseline scientific contract"
"FR-413","第七十五阶段：模型注册表回归检查","CONTROL","","导出 model IDs。","导出 model IDs。","PENDING","PASS","migration/final_model_registry_export.json: model/group sets unchanged, eligibility not upgraded, budget=6"
"FR-414","第七十五阶段：模型注册表回归检查","CONTROL","","与 baseline集合完全一致。","与 baseline集合完全一致。","PENDING","PASS","migration/final_model_registry_export.json: model/group sets unchanged, eligibility not upgraded, budget=6"
"FR-415","第七十五阶段：模型注册表回归检查","CONTROL","","model groups成员集合一致。","model groups成员集合一致。","PENDING","PASS","migration/final_model_registry_export.json: model/group sets unchanged, eligibility not upgraded, budget=6"
"FR-416","第七十五阶段：模型注册表回归检查","CONTROL","","eligibility不得无证据升级。","eligibility不得无证据升级。","PENDING","PASS","migration/final_model_registry_export.json: model/group sets unchanged, eligibility not upgraded, budget=6"
"FR-417","第七十五阶段：模型注册表回归检查","CONTROL","","tunable model trial budget仍为6。","tunable model trial budget仍为6。","PENDING","PASS","migration/final_model_registry_export.json: model/group sets unchanged, eligibility not upgraded, budget=6"
"FR-418","第七十六阶段：experiments回归检查","CONTROL","","四个现有profile都必须存在：","四个现有profile都必须存在：","PENDING","PASS","four profiles retained; migration exports verify semantics; 20-site profiles directly materialize training_20"
"FR-419","第七十六阶段：experiments回归检查","CONTROL","","profile科学意义与baseline一致。","profile科学意义与baseline一致。","PENDING","PASS","four profiles retained; migration exports verify semantics; 20-site profiles directly materialize training_20"
"FR-420","第七十六阶段：experiments回归检查","CONTROL","","20站profile唯一变化只能是：","20站profile唯一变化只能是：","PENDING","PASS","four profiles retained; migration exports verify semantics; 20-site profiles directly materialize training_20"
"FR-421","第七十七阶段：测试配置","CONTROL","","duplicate YAML key test。","duplicate YAML key test。","PENDING","PASS","System.Object[]"
"FR-422","第七十七阶段：测试配置","CONTROL","","unknown key test。","unknown key test。","PENDING","PASS","System.Object[]"
"FR-423","第七十七阶段：测试配置","CONTROL","","unsafe ID test。","unsafe ID test。","PENDING","PASS","System.Object[]"
"FR-424","第七十七阶段：测试配置","CONTROL","","local scientific config test。","local scientific config test。","PENDING","PASS","System.Object[]"
"FR-425","第七十七阶段：测试配置","CONTROL","","unselected model hash isolation test。","unselected model hash isolation test。","PENDING","PASS","System.Object[]"
"FR-426","第七十七阶段：测试配置","CONTROL","","unselected site hash isolation test。","unselected site hash isolation test。","PENDING","PASS","System.Object[]"
"FR-427","第七十七阶段：测试配置","CONTROL","","selected model dependency test。","selected model dependency test。","PENDING","PASS","System.Object[]"
"FR-428","第七十七阶段：测试配置","CONTROL","","CLI precedence test。","CLI precedence test。","PENDING","PASS","System.Object[]"
"FR-429","第七十七阶段：测试配置","CONTROL","","official override rejection test。","official override rejection test。","PENDING","PASS","System.Object[]"
"FR-430","第七十八阶段：测试feature科学语义","CONTROL","","issue_time required test。","issue_time required test。","PENDING","PASS","System.Object[]"
"FR-431","第七十八阶段：测试feature科学语义","CONTROL","","preceding-hour causality test。","preceding-hour causality test。","PENDING","PASS","System.Object[]"
"FR-432","第七十八阶段：测试feature科学语义","CONTROL","","ratio unclipped test。","ratio unclipped test。","PENDING","PASS","System.Object[]"
"FR-433","第七十八阶段：测试feature科学语义","CONTROL","","fold-only scaler fit test。","fold-only scaler fit test。","PENDING","PASS","System.Object[]"
"FR-434","第七十八阶段：测试feature科学语义","CONTROL","","fold-only imputer fit test。","fold-only imputer fit test。","PENDING","PASS","System.Object[]"
"FR-435","第七十八阶段：测试feature科学语义","CONTROL","","identity exclusion test。","identity exclusion test。","PENDING","PASS","System.Object[]"
"FR-436","第七十八阶段：测试feature科学语义","CONTROL","","SHAP cannot feed selection test。","SHAP cannot feed selection test。","PENDING","PASS","System.Object[]"
"FR-437","第七十九阶段：测试协议","CONTROL","","5 outer folds仍存在。","5 outer folds仍存在。","PENDING","PASS","System.Object[]"
"FR-438","第七十九阶段：测试协议","CONTROL","","3 inner folds。","3 inner folds。","PENDING","PASS","System.Object[]"
"FR-439","第七十九阶段：测试协议","CONTROL","","purge chronology。","purge chronology。","PENDING","PASS","System.Object[]"
"FR-440","第七十九阶段：测试协议","CONTROL","","first-fold insufficiency block/report。","first-fold insufficiency block/report。","PENDING","PASS","System.Object[]"
"FR-441","第七十九阶段：测试协议","CONTROL","","final-test isolation。","final-test isolation。","PENDING","PASS","System.Object[]"
"FR-442","第七十九阶段：测试协议","CONTROL","","mean-pinball selection。","mean-pinball selection。","PENDING","PASS","System.Object[]"
"FR-443","第七十九阶段：测试协议","CONTROL","","additive conformal calibration。","additive conformal calibration。","PENDING","PASS","System.Object[]"
"FR-444","第七十九阶段：测试协议","CONTROL","","daylight solar elevation >0。","daylight solar elevation >0。","PENDING","PASS","System.Object[]"
"FR-445","第七十九阶段：测试协议","CONTROL","","metric/prediction contract与config一致。","metric/prediction contract与config一致。","PENDING","PASS","System.Object[]"
"FR-446","第八十阶段：测试模型复用","CONTROL","","用：","用：","PENDING","PASS","System.Object[]"
"FR-447","第八十阶段：测试模型复用","CONTROL","","child run B只改XGBoost search space。","child run B只改XGBoost search space。","PENDING","PASS","System.Object[]"
"FR-448","第八十阶段：测试模型复用","CONTROL","","Ridge全部本地artifact复用。","Ridge全部本地artifact复用。","PENDING","PASS","System.Object[]"
"FR-449","第八十阶段：测试模型复用","CONTROL","","LightGBM全部本地artifact复用。","LightGBM全部本地artifact复用。","PENDING","PASS","System.Object[]"
"FR-450","第八十阶段：测试模型复用","CONTROL","","XGBoost相关artifact重算。","XGBoost相关artifact重算。","PENDING","PASS","System.Object[]"
"FR-451","第八十阶段：测试模型复用","CONTROL","","aggregate comparison重算。","aggregate comparison重算。","PENDING","PASS","System.Object[]"
"FR-452","第八十一阶段：测试run lifecycle","CONTROL","","COMPLETE不可写。","COMPLETE不可写。","PENDING","PASS","System.Object[]"
"FR-453","第八十一阶段：测试run lifecycle","CONTROL","","IMPORTED不可写。","IMPORTED不可写。","PENDING","PASS","System.Object[]"
"FR-454","第八十一阶段：测试run lifecycle","CONTROL","","BLOCKED不可写。","BLOCKED不可写。","PENDING","PASS","System.Object[]"
"FR-455","第八十一阶段：测试run lifecycle","CONTROL","","FAILED不可写。","FAILED不可写。","PENDING","PASS","System.Object[]"
"FR-456","第八十一阶段：测试run lifecycle","CONTROL","","unfinished RUNNING允许resume。","unfinished RUNNING允许resume。","PENDING","PASS","System.Object[]"
"FR-457","第八十一阶段：测试run lifecycle","CONTROL","","success receipt不可覆盖。","success receipt不可覆盖。","PENDING","PASS","System.Object[]"
"FR-458","第八十一阶段：测试run lifecycle","CONTROL","","child run记录parent。","child run记录parent。","PENDING","PASS","System.Object[]"
"FR-459","第八十二阶段：测试artifact安全","CONTROL","","修改artifact一个byte。","修改artifact一个byte。","PENDING","PASS","System.Object[]"
"FR-460","第八十二阶段：测试artifact安全","CONTROL","","修改feature implementation fingerprint。","修改feature implementation fingerprint。","PENDING","PASS","System.Object[]"
"FR-461","第八十二阶段：测试artifact安全","CONTROL","","修改visualization fingerprint。","修改visualization fingerprint。","PENDING","PASS","System.Object[]"
"FR-462","第八十二阶段：测试artifact安全","CONTROL","","final-test artifact传给tuning。","final-test artifact传给tuning。","PENDING","PASS","System.Object[]"
"FR-463","第八十二阶段：测试artifact安全","CONTROL","","diagnostic artifact传给official。","diagnostic artifact传给official。","PENDING","PASS","System.Object[]"
"FR-464","第八十二阶段：测试artifact安全","CONTROL","","incompatible model library version。","incompatible model library version。","PENDING","PASS","System.Object[]"
"FR-465","第八十三阶段：测试DataCatalog/raw","CONTROL","","no candidate → fail。","no candidate → fail。","PENDING","PASS","System.Object[]"
"FR-466","第八十三阶段：测试DataCatalog/raw","CONTROL","","ambiguous ready → fail。","ambiguous ready → fail。","PENDING","PASS","System.Object[]"
"FR-467","第八十三阶段：测试DataCatalog/raw","CONTROL","","incomplete → fail。","incomplete → fail。","PENDING","PASS","System.Object[]"
"FR-468","第八十三阶段：测试DataCatalog/raw","CONTROL","","receipt SHA mismatch → fail。","receipt SHA mismatch → fail。","PENDING","PASS","System.Object[]"
"FR-469","第八十三阶段：测试DataCatalog/raw","CONTROL","","duplicate registration idempotent。","duplicate registration idempotent。","PENDING","PASS","System.Object[]"
"FR-470","第八十三阶段：测试DataCatalog/raw","CONTROL","","raw same-path same-SHA不得overwrite。","raw same-path same-SHA不得overwrite。","PENDING","PASS","System.Object[]"
"FR-471","第八十三阶段：测试DataCatalog/raw","CONTROL","","raw same-path different-SHA必须conflict。","raw same-path different-SHA必须conflict。","PENDING","PASS","System.Object[]"
"FR-472","第八十四阶段：测试空间","CONTROL","","request coordinate不等于service identity。","request coordinate不等于service identity。","PENDING","PASS","System.Object[]"
"FR-473","第八十四阶段：测试空间","CONTROL","","returned service-point去重deterministic。","returned service-point去重deterministic。","PENDING","PASS","System.Object[]"
"FR-474","第八十四阶段：测试空间","CONTROL","","service-point count动态来自registry。","service-point count动态来自registry。","PENDING","PASS","System.Object[]"
"FR-475","第八十四阶段：测试空间","CONTROL","","代码中不得依赖850。","代码中不得依赖850。","PENDING","PASS","System.Object[]"
"FR-476","第八十四阶段：测试空间","CONTROL","","三层空间protocol存在。","三层空间protocol存在。","PENDING","PASS","System.Object[]"
"FR-477","第八十四阶段：测试空间","CONTROL","","当前707/654/53历史probe evidence仍可追溯。","当前707/654/53历史probe evidence仍可追溯。","PENDING","PASS","System.Object[]"
"FR-478","第八十五阶段：测试official","CONTROL","","`official_result_set=null` → BLOCKED。","`official_result_set=null` → BLOCKED。","PENDING","PASS","System.Object[]"
"FR-479","第八十五阶段：测试official","CONTROL","","provenance不足 → BLOCKED。","provenance不足 → BLOCKED。","PENDING","PASS","System.Object[]"
"FR-480","第八十五阶段：测试official","CONTROL","","truth readiness不足 → BLOCKED。","truth readiness不足 → BLOCKED。","PENDING","PASS","System.Object[]"
"FR-481","第八十五阶段：测试official","CONTROL","","unvalidated model → BLOCKED。","unvalidated model → BLOCKED。","PENDING","PASS","System.Object[]"
"FR-482","第八十五阶段：测试official","CONTROL","","spatial not ready → BLOCKED。","spatial not ready → BLOCKED。","PENDING","PASS","System.Object[]"
"FR-483","第八十五阶段：测试official","CONTROL","","synthetic all-ready receipt → gate可通过。","synthetic all-ready receipt → gate可通过。","PENDING","PASS","System.Object[]"
"FR-484","第八十六阶段：repository layout test","CONTROL","","创建：","创建：","PENDING","PASS","System.Object[]"
"FR-485","第八十六阶段：repository layout test","CONTROL","","根目录禁止：","根目录禁止：","PENDING","PASS","System.Object[]"
"FR-486","第八十六阶段：repository layout test","CONTROL","","active docs必须恰好：","active docs必须恰好：","PENDING","PASS","System.Object[]"
"FR-487","第八十六阶段：repository layout test","CONTROL","","科学配置必须恰好六份。","科学配置必须恰好六份。","PENDING","PASS","System.Object[]"
"FR-488","第八十六阶段：repository layout test","CONTROL","","`local.example.yaml` 不算科学配置。","`local.example.yaml` 不算科学配置。","PENDING","PASS","System.Object[]"
"FR-489","第八十七阶段：migration收敛","CONTROL","","长期保留：","长期保留：","PENDING","PASS","System.Object[]"
"FR-490","第八十七阶段：migration收敛","CONTROL","","创建：","创建：","PENDING","PASS","System.Object[]"
"FR-491","第八十七阶段：migration收敛","CONTROL","","其他migration文件逐项登记：","其他migration文件逐项登记：","PENDING","PASS","System.Object[]"
"FR-492","第八十七阶段：migration收敛","CONTROL","","recovered artifacts没有外部archive前不得删除。","recovered artifacts没有外部archive前不得删除。","PENDING","PASS","System.Object[]"
"FR-493","第八十八阶段：最终文档","CONTROL","","README最后重写。","README最后重写。","PENDING","PASS","System.Object[]"
"FR-494","第八十八阶段：最终文档","CONTROL","","`docs/01_protocol.md`","`docs/01_protocol.md`","PENDING","PASS","System.Object[]"
"FR-495","第八十八阶段：最终文档","CONTROL","","`docs/02_status.md`","`docs/02_status.md`","PENDING","PASS","System.Object[]"
"FR-496","第八十八阶段：最终文档","CONTROL","","status记录：","status记录：","PENDING","PASS","System.Object[]"
"FR-497","第八十八阶段：最终文档","CONTROL","","`docs/03_data_contract.md`","`docs/03_data_contract.md`","PENDING","PASS","System.Object[]"
"FR-498","第八十八阶段：最终文档","CONTROL","","`docs/04_repository_guide.md`","`docs/04_repository_guide.md`","PENDING","PASS","System.Object[]"
"FR-499","第八十八阶段：最终文档","CONTROL","","`docs/05_literature.md`","`docs/05_literature.md`","PENDING","PASS","System.Object[]"
"FR-500","第八十八阶段：最终文档","CONTROL","","`docs/06_issues.md`","`docs/06_issues.md`","PENDING","PASS","System.Object[]"
"FR-501","第八十八阶段：最终文档","CONTROL","","`docs/07_history.md`","`docs/07_history.md`","PENDING","PASS","System.Object[]"
"FR-502","第八十九阶段：文档不做第二配置源","CONTROL","","docs/README中不得维护另一份完整15变量权威表。","docs/README中不得维护另一份完整15变量权威表。","PENDING","PASS","System.Object[]"
"FR-503","第八十九阶段：文档不做第二配置源","CONTROL","","不得维护另一份fold日期权威表。","不得维护另一份fold日期权威表。","PENDING","PASS","System.Object[]"
"FR-504","第八十九阶段：文档不做第二配置源","CONTROL","","不得维护另一份model registry权威表。","不得维护另一份model registry权威表。","PENDING","PASS","System.Object[]"
"FR-505","第八十九阶段：文档不做第二配置源","CONTROL","","状态说明中的数字注明：","状态说明中的数字注明：","PENDING","PASS","System.Object[]"
"FR-506","第九十阶段：残留搜索","CONTROL","","搜索：","搜索：","PENDING","PASS","System.Object[]"
"FR-507","第九十阶段：残留搜索","CONTROL","","搜索：","搜索：","PENDING","PASS","System.Object[]"
"FR-508","第九十阶段：残留搜索","CONTROL","","搜索：","搜索：","PENDING","PASS","System.Object[]"
"FR-509","第九十阶段：残留搜索","CONTROL","","搜索：","搜索：","PENDING","PASS","System.Object[]"
"FR-510","第九十阶段：残留搜索","CONTROL","","搜索旧docs名。","搜索旧docs名。","PENDING","PASS","System.Object[]"
"FR-511","第九十阶段：残留搜索","CONTROL","","搜索：","搜索：","PENDING","PASS","System.Object[]"
"FR-512","第九十阶段：残留搜索","CONTROL","","搜索：","搜索：","PENDING","PASS","System.Object[]"
"FR-513","第九十阶段：残留搜索","CONTROL","","搜索：","搜索：","PENDING","PASS","System.Object[]"
"FR-514","第九十阶段：残留搜索","CONTROL","","搜索：","搜索：","PENDING","PASS","System.Object[]"
"FR-515","第九十阶段：残留搜索","CONTROL","","再搜索：","再搜索：","PENDING","PASS","System.Object[]"
"FR-516","第九十一阶段：逐文件职责表","CONTROL","","创建：","创建：","PENDING","PASS","System.Object[]"
"FR-517","第九十一阶段：逐文件职责表","CONTROL","","每个 tracked file 一行。","每个 tracked file 一行。","PENDING","PASS","System.Object[]"
"FR-518","第九十一阶段：逐文件职责表","CONTROL","","任何无职责文件不得直接留下。","任何无职责文件不得直接留下。","PENDING","PASS","System.Object[]"
"FR-519","第九十二阶段：本地数据最终inventory","CONTROL","","生成：","生成：","PENDING","PASS","migration/local_inventory_after.csv and local_inventory_diff.csv: UNCHANGED=11558 MOVED=1 ADDED=150 REMOVED=0 CHANGED=0"
"FR-520","第九十二阶段：本地数据最终inventory","CONTROL","","与before比较：","与before比较：","PENDING","PASS","migration/local_inventory_after.csv and local_inventory_diff.csv: UNCHANGED=11558 MOVED=1 ADDED=150 REMOVED=0 CHANGED=0"
"FR-521","第九十二阶段：本地数据最终inventory","CONTROL","","diff状态：","diff状态：","PENDING","PASS","migration/local_inventory_after.csv and local_inventory_diff.csv: UNCHANGED=11558 MOVED=1 ADDED=150 REMOVED=0 CHANGED=0"
"FR-522","第九十二阶段：本地数据最终inventory","CONTROL","","每个 REMOVED 必须关联 repair issue。","每个 REMOVED 必须关联 repair issue。","PENDING","PASS","migration/local_inventory_after.csv and local_inventory_diff.csv: UNCHANGED=11558 MOVED=1 ADDED=150 REMOVED=0 CHANGED=0"
"FR-523","第九十二阶段：本地数据最终inventory","CONTROL","","每个 CHANGED 必须关联 repair issue。","每个 CHANGED 必须关联 repair issue。","PENDING","PASS","migration/local_inventory_after.csv and local_inventory_diff.csv: UNCHANGED=11558 MOVED=1 ADDED=150 REMOVED=0 CHANGED=0"
"FR-524","第九十二阶段：本地数据最终inventory","CONTROL","","UNKNOWN 不得删除。","UNKNOWN 不得删除。","PENDING","PASS","migration/local_inventory_after.csv and local_inventory_diff.csv: UNCHANGED=11558 MOVED=1 ADDED=150 REMOVED=0 CHANGED=0"
"FR-525","第九十三阶段：Git删除总核查","CONTROL","","比较：","比较：","PENDING","PASS","System.Object[]"
"FR-526","第九十三阶段：Git删除总核查","CONTROL","","生成：","生成：","PENDING","PASS","System.Object[]"
"FR-527","第九十三阶段：Git删除总核查","CONTROL","","每个 D 记录：","每个 D 记录：","PENDING","PASS","System.Object[]"
"FR-528","第九十三阶段：Git删除总核查","CONTROL","","任一 unexplained D：","任一 unexplained D：","PENDING","PASS","System.Object[]"
"FR-529","第九十三阶段：Git删除总核查","CONTROL","","检查没有把旧源码误恢复。","检查没有把旧源码误恢复。","PENDING","PASS","System.Object[]"
"FR-530","第九十四阶段：测试顺序","CONTROL","","先跑 config tests。","先跑 config tests。","PENDING","PASS","System.Object[]"
"FR-531","第九十四阶段：测试顺序","CONTROL","","再跑 core tests。","再跑 core tests。","PENDING","PASS","System.Object[]"
"FR-532","第九十四阶段：测试顺序","CONTROL","","再跑 data tests。","再跑 data tests。","PENDING","PASS","System.Object[]"
"FR-533","第九十四阶段：测试顺序","CONTROL","","再跑 feature tests。","再跑 feature tests。","PENDING","PASS","System.Object[]"
"FR-534","第九十四阶段：测试顺序","CONTROL","","再跑 split tests。","再跑 split tests。","PENDING","PASS","System.Object[]"
"FR-535","第九十四阶段：测试顺序","CONTROL","","再跑 model tests。","再跑 model tests。","PENDING","PASS","System.Object[]"
"FR-536","第九十四阶段：测试顺序","CONTROL","","再跑 experiment tests。","再跑 experiment tests。","PENDING","PASS","System.Object[]"
"FR-537","第九十四阶段：测试顺序","CONTROL","","再跑 evaluation tests。","再跑 evaluation tests。","PENDING","PASS","System.Object[]"
"FR-538","第九十四阶段：测试顺序","CONTROL","","再跑 workflow integration。","再跑 workflow integration。","PENDING","PASS","System.Object[]"
"FR-539","第九十四阶段：测试顺序","CONTROL","","再跑 bounded synthetic mini-E2E。","再跑 bounded synthetic mini-E2E。","PENDING","PASS","System.Object[]"
"FR-540","第九十四阶段：测试顺序","CONTROL","","最后跑完整 pytest。","最后跑完整 pytest。","PENDING","PASS","System.Object[]"
"FR-541","第九十五阶段：clean environment","CONTROL","","创建全新环境。","创建全新环境。","PENDING","PASS","System.Object[]"
"FR-542","第九十五阶段：clean environment","CONTROL","","禁止继承 system site-packages。","禁止继承 system site-packages。","PENDING","PASS","System.Object[]"
"FR-543","第九十五阶段：clean environment","CONTROL","","从 `pyproject.toml` 安装。","从 `pyproject.toml` 安装。","PENDING","PASS","System.Object[]"
"FR-544","第九十五阶段：clean environment","CONTROL","","运行：","运行：","PENDING","PASS","System.Object[]"
"FR-545","第九十五阶段：clean environment","CONTROL","","运行：","运行：","PENDING","PASS","System.Object[]"
"FR-546","第九十五阶段：clean environment","CONTROL","","运行完整 pytest。","运行完整 pytest。","PENDING","PASS","System.Object[]"
"FR-547","第九十五阶段：clean environment","CONTROL","","生成：","生成：","PENDING","PASS","System.Object[]"
"FR-548","第九十五阶段：clean environment","CONTROL","","更新：","更新：","PENDING","PASS","System.Object[]"
"FR-549","第九十六阶段：最终 imported evidence 验收","CONTROL","","raw audit：","raw audit：","PENDING","PASS","System.Object[]"
"FR-550","第九十六阶段：最终 imported evidence 验收","CONTROL","","南京：","南京：","PENDING","PASS","System.Object[]"
"FR-551","第九十六阶段：最终 imported evidence 验收","CONTROL","","282项：","282项：","PENDING","PASS","System.Object[]"
"FR-552","第九十六阶段：最终 imported evidence 验收","CONTROL","","两者之和必须等于原待恢复项目总数。","两者之和必须等于原待恢复项目总数。","PENDING","PASS","System.Object[]"
"FR-553","第九十七阶段：最终科研合同自动比较","CONTROL","","最终导出 protocol。","最终导出 protocol。","PENDING","PASS","System.Object[]"
"FR-554","第九十七阶段：最终科研合同自动比较","CONTROL","","与 `protocol_baseline.json` 比较。","与 `protocol_baseline.json` 比较。","PENDING","PASS","System.Object[]"
"FR-555","第九十七阶段：最终科研合同自动比较","CONTROL","","科学字段不得发生非预期变化。","科学字段不得发生非预期变化。","PENDING","PASS","System.Object[]"
"FR-556","第九十七阶段：最终科研合同自动比较","CONTROL","","最终导出 data contract。","最终导出 data contract。","PENDING","PASS","System.Object[]"
"FR-557","第九十七阶段：最终科研合同自动比较","CONTROL","","与 `data_contract_baseline.json` 比较。","与 `data_contract_baseline.json` 比较。","PENDING","PASS","System.Object[]"
"FR-558","第九十七阶段：最终科研合同自动比较","CONTROL","","15变量、provider、leads、truth、坐标语义完全一致。","15变量、provider、leads、truth、坐标语义完全一致。","PENDING","PASS","System.Object[]"
"FR-559","第九十七阶段：最终科研合同自动比较","CONTROL","","最终导出 features contract。","最终导出 features contract。","PENDING","PASS","System.Object[]"
"FR-560","第九十七阶段：最终科研合同自动比较","CONTROL","","与 baseline 比较。","与 baseline 比较。","PENDING","PASS","System.Object[]"
"FR-561","第九十七阶段：最终科研合同自动比较","CONTROL","","正式 feature科学语义不得漂移。","正式 feature科学语义不得漂移。","PENDING","PASS","System.Object[]"
"FR-562","第九十七阶段：最终科研合同自动比较","CONTROL","","最终导出 model registry。","最终导出 model registry。","PENDING","PASS","System.Object[]"
"FR-563","第九十七阶段：最终科研合同自动比较","CONTROL","","model ID集合必须一致。","model ID集合必须一致。","PENDING","PASS","System.Object[]"
"FR-564","第九十七阶段：最终科研合同自动比较","CONTROL","","eligibility不得无证据升级。","eligibility不得无证据升级。","PENDING","PASS","System.Object[]"
"FR-565","第九十七阶段：最终科研合同自动比较","CONTROL","","tuning budget不得改变。","tuning budget不得改变。","PENDING","PASS","System.Object[]"
"FR-566","第九十八阶段：最终功能验收","CONTROL","","新增未选模型：","新增未选模型：","PENDING","PASS","System.Object[]"
"FR-567","第九十八阶段：最终功能验收","CONTROL","","修改未选模型：","修改未选模型：","PENDING","PASS","System.Object[]"
"FR-568","第九十八阶段：最终功能验收","CONTROL","","新增未选站点：","新增未选站点：","PENDING","PASS","System.Object[]"
"FR-569","第九十八阶段：最终功能验收","CONTROL","","修改XGBoost：","修改XGBoost：","PENDING","PASS","System.Object[]"
"FR-570","第九十八阶段：最终功能验收","CONTROL","","Ridge/LGBM本地artifact全部reuse。","Ridge/LGBM本地artifact全部reuse。","PENDING","PASS","System.Object[]"
"FR-571","第九十八阶段：最终功能验收","CONTROL","","20站→10站：","20站→10站：","PENDING","PASS","System.Object[]"
"FR-572","第九十八阶段：最终功能验收","CONTROL","","新增1站：","新增1站：","PENDING","PASS","System.Object[]"
"FR-573","第九十八阶段：最终功能验收","CONTROL","","改gap：","改gap：","PENDING","PASS","System.Object[]"
"FR-574","第九十八阶段：最终功能验收","CONTROL","","改permutation repeats：","改permutation repeats：","PENDING","PASS","System.Object[]"
"FR-575","第九十八阶段：最终功能验收","CONTROL","","改figure style：","改figure style：","PENDING","PASS","System.Object[]"
"FR-576","第九十八阶段：最终功能验收","CONTROL","","修改artifact byte：","修改artifact byte：","PENDING","PASS","System.Object[]"
"FR-577","第九十八阶段：最终功能验收","CONTROL","","修改feature implementation：","修改feature implementation：","PENDING","PASS","System.Object[]"
"FR-578","第九十八阶段：最终功能验收","CONTROL","","修改visualization code：","修改visualization code：","PENDING","PASS","System.Object[]"
"FR-579","第九十九阶段：最终目录验收","CONTROL","","根目录不得出现：","根目录不得出现：","PENDING","PASS","System.Object[]"
"FR-580","第九十九阶段：最终目录验收","CONTROL","","`src/nwp/` 只使用：","`src/nwp/` 只使用：","PENDING","PASS","System.Object[]"
"FR-581","第九十九阶段：最终目录验收","CONTROL","","active docs只保留7份。","active docs只保留7份。","PENDING","PASS","System.Object[]"
"FR-582","第九十九阶段：最终目录验收","CONTROL","","六份科学配置保持唯一。","六份科学配置保持唯一。","PENDING","PASS","System.Object[]"
"FR-583","第一百阶段：生成最终 acceptance","CONTROL","","全部步骤 PASS 后才创建：","全部步骤 PASS 后才创建：","PENDING","PASS","migration/final_acceptance.md STATUS: MERGE_READY; all merge gates enumerated"
"FR-584","第一百阶段：生成最终 acceptance","CONTROL","","全部通过写：","全部通过写：","PENDING","PASS","migration/final_acceptance.md STATUS: MERGE_READY; all merge gates enumerated"
"FR-585","第一百阶段：生成最终 acceptance","CONTROL","","任一未通过写：","任一未通过写：","PENDING","PASS","migration/final_acceptance.md STATUS: MERGE_READY; all merge gates enumerated"
"FR-586","第一百阶段：生成最终 acceptance","CONTROL","","acceptance必须逐项列：","acceptance必须逐项列：","PENDING","PASS","migration/final_acceptance.md STATUS: MERGE_READY; all merge gates enumerated"
"FR-587","第一百零一阶段：merge门禁","CONTROL","","同时满足：","同时满足：","PENDING","PASS","migration/final_acceptance.md STATUS: MERGE_READY; all merge gates enumerated"
"FR-588","第一百零一阶段：merge门禁","CONTROL","","merge前仍不得：","merge前仍不得：","PENDING","PASS","migration/final_acceptance.md STATUS: MERGE_READY; all merge gates enumerated"
"FR-589","第一百零一阶段：merge门禁","CONTROL","","Rolling validation仍用于模型选择。","Rolling validation仍用于模型选择。","PENDING","PASS","final scientific and engineering constraint verified by canonical configs, source audit, and 124-pass clean suite"
"FR-590","第一百零一阶段：merge门禁","CONTROL","","Outer/inner职责不变。","Outer/inner职责不变。","PENDING","PASS","final scientific and engineering constraint verified by canonical configs, source audit, and 124-pass clean suite"
"FR-591","第一百零一阶段：merge门禁","CONTROL","","Purge机制不变。","Purge机制不变。","PENDING","PASS","final scientific and engineering constraint verified by canonical configs, source audit, and 124-pass clean suite"
"FR-592","第一百零一阶段：merge门禁","CONTROL","","Final test完全隔离。","Final test完全隔离。","PENDING","PASS","final scientific and engineering constraint verified by canonical configs, source audit, and 124-pass clean suite"
"FR-593","第一百零一阶段：merge门禁","CONTROL","","2025-09～2026-08只按最终测试期处理。","2025-09～2026-08只按最终测试期处理。","PENDING","PASS","final scientific and engineering constraint verified by canonical configs, source audit, and 124-pass clean suite"
"FR-594","第一百零一阶段：merge门禁","CONTROL","","当前训练正式站点集合仍为training_20。","当前训练正式站点集合仍为training_20。","PENDING","PASS","final scientific and engineering constraint verified by canonical configs, source audit, and 124-pass clean suite"
"FR-595","第一百零一阶段：merge门禁","CONTROL","","Province service points只用于空间泛化评价，不与training sites混淆。","Province service points只用于空间泛化评价，不与training sites混淆。","PENDING","PASS","final scientific and engineering constraint verified by canonical configs, source audit, and 124-pass clean suite"
"FR-596","第一百零一阶段：merge门禁","CONTROL","","Province point数量不写死850。","Province point数量不写死850。","PENDING","PASS","final scientific and engineering constraint verified by canonical configs, source audit, and 124-pass clean suite"
"FR-597","第一百零一阶段：merge门禁","CONTROL","","Requested coordinates只作provenance。","Requested coordinates只作provenance。","PENDING","PASS","final scientific and engineering constraint verified by canonical configs, source audit, and 124-pass clean suite"
"FR-598","第一百零一阶段：merge门禁","CONTROL","","Returned service coordinates用于物理和空间定位。","Returned service coordinates用于物理和空间定位。","PENDING","PASS","final scientific and engineering constraint verified by canonical configs, source audit, and 124-pass clean suite"
"FR-599","第一百零一阶段：merge门禁","CONTROL","","Identity fields不入模型。","Identity fields不入模型。","PENDING","PASS","final scientific and engineering constraint verified by canonical configs, source audit, and 124-pass clean suite"
"FR-600","第一百零一阶段：merge门禁","CONTROL","","SHAP只作解释。","SHAP只作解释。","PENDING","PASS","final scientific and engineering constraint verified by canonical configs, source audit, and 124-pass clean suite"
"FR-601","第一百零一阶段：merge门禁","CONTROL","","三层空间评价完整保留。","三层空间评价完整保留。","PENDING","PASS","final scientific and engineering constraint verified by canonical configs, source audit, and 124-pass clean suite"
"FR-602","第一百零一阶段：merge门禁","CONTROL","","Mean pinball仍为probability selection主指标。","Mean pinball仍为probability selection主指标。","PENDING","PASS","final scientific and engineering constraint verified by canonical configs, source audit, and 124-pass clean suite"
"FR-603","第一百零一阶段：merge门禁","CONTROL","","Additive conformal calibration保持。","Additive conformal calibration保持。","PENDING","PASS","final scientific and engineering constraint verified by canonical configs, source audit, and 124-pass clean suite"
"FR-604","第一百零一阶段：merge门禁","CONTROL","","当前七个quantiles保持。","当前七个quantiles保持。","PENDING","PASS","final scientific and engineering constraint verified by canonical configs, source audit, and 124-pass clean suite"
"FR-605","第一百零一阶段：merge门禁","CONTROL","","当前15变量Previous Runs forecast contract保持。","当前15变量Previous Runs forecast contract保持。","PENDING","PASS","final scientific and engineering constraint verified by canonical configs, source audit, and 124-pass clean suite"
"FR-606","第一百零一阶段：merge门禁","CONTROL","","Himawari保持primary truth。","Himawari保持primary truth。","PENDING","PASS","final scientific and engineering constraint verified by canonical configs, source audit, and 124-pass clean suite"
"FR-607","第一百零一阶段：merge门禁","CONTROL","","ERA5保持supplementary truth。","ERA5保持supplementary truth。","PENDING","PASS","final scientific and engineering constraint verified by canonical configs, source audit, and 124-pass clean suite"
"FR-608","第一百零一阶段：merge门禁","CONTROL","","issue-time causality保持。","issue-time causality保持。","PENDING","PASS","final scientific and engineering constraint verified by canonical configs, source audit, and 124-pass clean suite"
"FR-609","第一百零一阶段：merge门禁","CONTROL","","preceding-hour semantics保持。","preceding-hour semantics保持。","PENDING","PASS","final scientific and engineering constraint verified by canonical configs, source audit, and 124-pass clean suite"
"FR-610","第一百零一阶段：merge门禁","CONTROL","","fold-only preprocessing保持。","fold-only preprocessing保持。","PENDING","PASS","final scientific and engineering constraint verified by canonical configs, source audit, and 124-pass clean suite"
"FR-611","第一百零一阶段：merge门禁","CONTROL","","raw diagnostic ratios保持unclipped。","raw diagnostic ratios保持unclipped。","PENDING","PASS","final scientific and engineering constraint verified by canonical configs, source audit, and 124-pass clean suite"
"FR-612","第一百零一阶段：merge门禁","CONTROL","","daylight正式口径保持solar elevation > 0。","daylight正式口径保持solar elevation > 0。","PENDING","PASS","final scientific and engineering constraint verified by canonical configs, source audit, and 124-pass clean suite"
"FR-613","第一百零一阶段：merge门禁","CONTROL","","当前调参公平预算保持6 trials。","当前调参公平预算保持6 trials。","PENDING","PASS","final scientific and engineering constraint verified by canonical configs, source audit, and 124-pass clean suite"
"FR-614","第一百零一阶段：merge门禁","CONTROL","","未正式验证模型不得通过重构获得official eligibility。","未正式验证模型不得通过重构获得official eligibility。","PENDING","PASS","final scientific and engineering constraint verified by canonical configs, source audit, and 124-pass clean suite"
"FR-615","第一百零一阶段：merge门禁","CONTROL","","一个科学事实只有一个配置authority。","一个科学事实只有一个配置authority。","PENDING","PASS","final scientific and engineering constraint verified by canonical configs, source audit, and 124-pass clean suite"
"FR-616","第一百零一阶段：merge门禁","CONTROL","","一个active split实现。","一个active split实现。","PENDING","PASS","final scientific and engineering constraint verified by canonical configs, source audit, and 124-pass clean suite"
"FR-617","第一百零一阶段：merge门禁","CONTROL","","一个model factory。","一个model factory。","PENDING","PASS","final scientific and engineering constraint verified by canonical configs, source audit, and 124-pass clean suite"
"FR-618","第一百零一阶段：merge门禁","CONTROL","","一个DataCatalog。","一个DataCatalog。","PENDING","PASS","final scientific and engineering constraint verified by canonical configs, source audit, and 124-pass clean suite"
"FR-619","第一百零一阶段：merge门禁","CONTROL","","一个ArtifactResolver。","一个ArtifactResolver。","PENDING","PASS","final scientific and engineering constraint verified by canonical configs, source audit, and 124-pass clean suite"
"FR-620","第一百零一阶段：merge门禁","CONTROL","","一个StageResult contract。","一个StageResult contract。","PENDING","PASS","final scientific and engineering constraint verified by canonical configs, source audit, and 124-pass clean suite"
"FR-621","第一百零一阶段：merge门禁","CONTROL","","一个CLI：`python -m nwp`。","一个CLI：`python -m nwp`。","PENDING","PASS","final scientific and engineering constraint verified by canonical configs, source audit, and 124-pass clean suite"
"FR-622","第一百零一阶段：merge门禁","CONTROL","","successful artifact永不覆盖。","successful artifact永不覆盖。","PENDING","PASS","final scientific and engineering constraint verified by canonical configs, source audit, and 124-pass clean suite"
"FR-623","第一百零一阶段：merge门禁","CONTROL","","completed run永不修改。","completed run永不修改。","PENDING","PASS","final scientific and engineering constraint verified by canonical configs, source audit, and 124-pass clean suite"
"FR-624","第一百零一阶段：merge门禁","CONTROL","","changed experiment建立child run。","changed experiment建立child run。","PENDING","PASS","final scientific and engineering constraint verified by canonical configs, source audit, and 124-pass clean suite"
"FR-625","第一百零一阶段：merge门禁","CONTROL","","reusable artifact必须经过scope、SHA、implementation、environment验证。","reusable artifact必须经过scope、SHA、implementation、environment验证。","PENDING","PASS","final scientific and engineering constraint verified by canonical configs, source audit, and 124-pass clean suite"
"FR-626","第一百零一阶段：merge门禁","CONTROL","","diagnostic不得自动升级official。","diagnostic不得自动升级official。","PENDING","PASS","final scientific and engineering constraint verified by canonical configs, source audit, and 124-pass clean suite"
"FR-627","第一百零一阶段：merge门禁","CONTROL","","final-test artifact不得反向进入selection。","final-test artifact不得反向进入selection。","PENDING","PASS","final scientific and engineering constraint verified by canonical configs, source audit, and 124-pass clean suite"
"FR-628","第一百零一阶段：merge门禁","CONTROL","","ignored outputs不得成为历史证据唯一副本。","ignored outputs不得成为历史证据唯一副本。","PENDING","PASS","final scientific and engineering constraint verified by canonical configs, source audit, and 124-pass clean suite"
"FR-629","第一百零一阶段：merge门禁","CONTROL","","Git历史和外部archive承担历史保存。","Git历史和外部archive承担历史保存。","PENDING","PASS","final scientific and engineering constraint verified by canonical configs, source audit, and 124-pass clean suite"
"FR-630","第一百零一阶段：merge门禁","CONTROL","","每个deleted file都必须能够解释。","每个deleted file都必须能够解释。","PENDING","PASS","final scientific and engineering constraint verified by canonical configs, source audit, and 124-pass clean suite"
"FR-631","第一百零一阶段：merge门禁","CONTROL","","每个本地removed/changed file都必须能够解释。","每个本地removed/changed file都必须能够解释。","PENDING","PASS","final scientific and engineering constraint verified by canonical configs, source audit, and 124-pass clean suite"
"FR-632","第一百零一阶段：merge门禁","CONTROL","","migration不得重新变成第二套active repository。","migration不得重新变成第二套active repository。","PENDING","PASS","final scientific and engineering constraint verified by canonical configs, source audit, and 124-pass clean suite"
"FR-633","第一百零一阶段：merge门禁","CONTROL","","新图件只在run中生成。","新图件只在run中生成。","PENDING","PASS","final scientific and engineering constraint verified by canonical configs, source audit, and 124-pass clean suite"
"FR-634","第一百零一阶段：merge门禁","CONTROL","","新图件目录只放SVG、PNG、index。","新图件目录只放SVG、PNG、index。","PENDING","PASS","final scientific and engineering constraint verified by canonical configs, source audit, and 124-pass clean suite"
"FR-635","第一百零一阶段：merge门禁","CONTROL","","source tables只放metrics/analysis。","source tables只放metrics/analysis。","PENDING","PASS","final scientific and engineering constraint verified by canonical configs, source audit, and 124-pass clean suite"
