lead_time,cloud_error_pp,ghi_error_wm2
24,0.0,-9.7
48,0.0,-8.7
72,0.0,-8.7
24,0.0,-33.0
48,0.0,-26.0
72,0.0,-31.0
24,0.0,-75.5
48,0.0,-73.5
72,0.0,-71.5
24,0.0,-88.2
48,0.0,-89.2
72,0.0,-83.2
24,0.0,-47.7
48,0.0,-42.7
72,0.0,-56.7
24,0.0,-68.5
48,0.0,-55.5
72,0.0,-68.5
24,0.0,-139.3
48,0.0,-139.3
72,0.0,-132.3
24,0.0,-91.3
48,0.0,-93.3
72,0.0,-92.3
24,0.0,-70.0
48,0.0,-76.0
72,0.0,-72.0
24,0.0,-20.0
48,0.0,-23.0
72,0.0,-23.0
24,0.0,-31.299999999999997
48,0.0,-36.3
72,0.0,-34.3
24,0.0,-27.200000000000003
48,0.0,-45.2
72,0.0,-45.2
24,0.0,-16.299999999999997
48,0.0,-43.3
72,0.0,-48.3
24,0.0,89.2
48,0.0,-80.8
72,0.0,-73.8
24,0.0,-30.700000000000003
48,0.0,-19.700000000000003
72,0.0,-86.7
24,0.0,-73.7
48,0.0,-85.7
72,0.0,-78.7
24,0.0,-85.0
48,0.0,-100.0
72,0.0,-62.0
24,0.0,-31.299999999999997
48,0.0,-26.299999999999997
72,0.0,-7.299999999999997
24,0.0,-70.8
48,0.0,-69.8
72,0.0,-65.8
24,0.0,-12.5
48,0.0,-9.5
72,0.0,-9.5
24,0.0,0.0
48,0.0,0.0
72,0.0,0.0
24,0.0,-22.0
48,0.0,-20.0
72,0.0,-21.0
24,0.0,-42.0
48,0.0,-46.0
72,0.0,-44.0
24,0.0,-41.5
48,0.0,-46.5
72,0.0,-38.5
24,0.0,-53.3
48,0.0,-78.3
72,0.0,-65.3
24,0.0,64.0
48,0.0,-45.0
72,0.0,-41.0
24,0.0,3.0
48,0.0,-94.0
72,0.0,-87.0
24,0.0,66.7
48,0.0,-18.299999999999997
72,0.0,18.700000000000003
24,0.0,-18.80000000000001
48,0.0,-84.80000000000001
72,0.0,-92.80000000000001
24,0.0,-46.8
48,0.0,-45.8
72,0.0,-44.8
24,0.0,-53.0
48,0.0,-50.0
72,0.0,-52.0
24,0.0,0.0
48,0.0,0.0
72,0.0,0.0
24,0.0,-8.2
48,0.0,-8.2
72,0.0,-9.2
24,0.0,-42.5
48,0.0,-24.5
72,0.0,-43.5
24,0.0,-35.3
48,0.0,-40.3
72,0.0,-30.299999999999997
24,0.0,-55.7
48,0.0,-66.7
72,0.0,-38.7
24,0.0,-120.80000000000001
48,0.0,-110.80000000000001
72,0.0,-92.80000000000001
24,0.0,-58.0
48,0.0,-69.0
72,0.0,-41.0
24,0.0,-41.0
48,0.0,-60.0
72,0.0,-76.0
24,0.0,-5.299999999999997
48,0.0,-33.3
72,0.0,-30.299999999999997
24,0.0,-9.700000000000003
48,0.0,-32.7
72,0.0,-25.700000000000003
24,0.0,-1.1999999999999993
48,0.0,-9.2
72,0.0,-8.2
24,0.0,0.0
48,0.0,0.0
72,-59.0,0.0
24,-28.0,7.5
48,-17.0,4.5
72,0.0,-13.5
24,0.0,69.2
48,-11.0,116.2
72,0.0,20.200000000000003
24,0.0,40.19999999999999
48,0.0,133.2
72,0.0,-35.80000000000001
24,0.0,137.5
48,0.0,295.5
72,0.0,60.5
24,0.0,255.5
48,0.0,335.5
72,0.0,186.5
24,0.0,224.5
48,0.0,274.5
72,0.0,276.5
24,0.0,326.2
48,0.0,128.2
72,0.0,285.2
24,0.0,188.5
48,0.0,84.5
72,0.0,168.5
24,0.0,96.3
48,0.0,32.3
72,0.0,70.3
24,0.0,51.3
48,0.0,14.3
72,0.0,48.3
24,0.0,0.0
48,0.0,0.0
72,0.0,0.0
24,0.0,18.5
48,0.0,-7.5
72,0.0,-9.5
24,0.0,55.3
48,0.0,-25.700000000000003
72,0.0,1.2999999999999972
24,0.0,54.5
48,0.0,-54.5
72,0.0,8.5
24,0.0,187.8
48,0.0,63.80000000000001
72,0.0,83.80000000000001
24,0.0,195.2
48,0.0,105.19999999999999
72,0.0,103.19999999999999
24,0.0,-38.5
48,0.0,52.5
72,0.0,209.5
24,0.0,201.8
48,0.0,153.8
72,0.0,181.8
24,0.0,105.0
48,0.0,13.0
72,0.0,26.0
24,0.0,73.5
48,0.0,16.5
72,0.0,-89.5
24,0.0,35.3
48,0.0,-23.700000000000003
72,0.0,-44.7
24,0.0,0.0
48,0.0,0.0
72,0.0,0.0
24,0.0,1.2000000000000028
48,0.0,-9.799999999999997
72,0.0,-4.799999999999997
24,0.0,49.30000000000001
48,0.0,-22.69999999999999
72,0.0,9.300000000000011
24,-12.0,206.0
48,1.0,138.0
72,-38.0,186.0
24,-80.0,430.8
48,0.0,357.8
72,-27.0,378.8
24,-85.0,515.7
48,-4.0,445.7
72,-1.0,372.7
24,-3.0,226.7
48,3.0,239.7
72,-4.0,216.7
24,0.0,22.299999999999955
48,0.0,-31.700000000000045
72,0.0,-21.700000000000045
24,-20.0,95.19999999999999
48,1.0,-18.80000000000001
72,1.0,16.19999999999999
24,61.0,10.5
48,61.0,18.5
72,61.0,1.5
24,20.0,1.0
48,44.0,-20.0
72,34.0,-19.0
24,0.0,0.0
48,0.0,0.0
72,0.0,0.0
24,61.0,-44.3
48,61.0,-50.3
72,61.0,-26.299999999999997
24,85.0,-67.0
48,99.0,-128.0
72,99.0,-108.0
24,64.0,-42.19999999999999
48,64.0,-146.2
72,64.0,-77.19999999999999
24,43.0,-138.29999999999995
48,21.0,-39.299999999999955
72,43.0,-139.29999999999995
24,18.0,-23.700000000000045
48,19.0,-29.700000000000045
72,100.0,-171.70000000000005
24,14.0,-23.700000000000045
48,59.0,-30.700000000000045
72,97.0,-111.70000000000005
24,-54.0,-4.5
48,-15.0,-8.5
72,-58.0,-3.5
24,1.0,-5.0
48,3.0,-4.0
72,89.0,-160.0
24,1.0,-41.0
48,-3.0,-14.0
72,1.0,-38.0
24,1.0,-11.300000000000011
48,1.0,-18.30000000000001
72,1.0,-55.30000000000001
24,0.0,0.0
48,0.0,0.0
72,100.0,0.0
24,5.0,-17.299999999999997
48,5.0,-18.299999999999997
72,5.0,-18.299999999999997
24,5.0,-34.19999999999999
48,10.0,-36.19999999999999
72,82.0,-52.19999999999999
24,5.0,-33.69999999999999
48,100.0,-73.69999999999999
72,5.0,-33.69999999999999
24,6.0,-28.299999999999955
48,91.0,-70.29999999999995
72,11.0,-30.299999999999955
24,10.0,-33.5
48,7.0,-31.5
72,67.0,-38.5
24,4.0,-38.299999999999955
48,3.0,-41.299999999999955
72,93.0,-99.29999999999995
24,86.0,-100.29999999999995
48,2.0,-41.299999999999955
72,30.0,-41.299999999999955
24,4.0,-38.0
48,69.0,-82.0
72,93.0,-63.0
24,2.0,-0.30000000000001137
48,69.0,-25.30000000000001
72,92.0,-60.30000000000001
24,-38.0,24.5
48,56.0,7.5
72,4.0,18.5
24,0.0,0.0
48,0.0,0.0
72,0.0,0.0
24,0.0,-20.700000000000003
48,0.0,-19.700000000000003
72,0.0,-19.700000000000003
24,0.0,-34.30000000000001
48,0.0,-33.30000000000001
72,0.0,-33.30000000000001
24,0.0,-34.19999999999999
48,0.0,-32.19999999999999
72,0.0,-32.19999999999999
24,0.0,-29.0
48,0.0,-26.0
72,0.0,-27.0
24,0.0,-36.200000000000045
48,0.0,-30.200000000000045
72,0.0,-30.200000000000045
24,0.0,-41.200000000000045
48,0.0,-36.200000000000045
72,0.0,-36.200000000000045
24,0.0,-44.299999999999955
48,0.0,-38.299999999999955
72,0.0,-36.299999999999955
24,0.0,-39.5
48,0.0,-35.5
72,0.0,-32.5
24,0.0,-18.69999999999999
48,0.0,-15.699999999999989
72,7.0,-14.699999999999989
24,-12.0,-2.0
48,-17.0,2.0
72,-11.0,2.0
24,0.0,0.0
48,0.0,0.0
72,0.0,0.0
24,0.0,-18.0
48,0.0,-18.0
72,0.0,-18.0
24,0.0,-33.19999999999999
48,0.0,-32.19999999999999
72,0.0,-32.19999999999999
24,0.0,-28.30000000000001
48,0.0,-27.30000000000001
72,0.0,-27.30000000000001
24,0.0,-22.799999999999955
48,0.0,-21.799999999999955
72,0.0,-20.799999999999955
24,0.0,-29.5
48,0.0,-27.5
72,0.0,-28.5
24,0.0,-38.200000000000045
48,0.0,-38.200000000000045
72,0.0,-39.200000000000045
24,0.0,-40.299999999999955
48,0.0,-36.299999999999955
72,0.0,-39.299999999999955
24,0.0,-41.799999999999955
48,0.0,-35.799999999999955
72,0.0,-38.799999999999955
24,0.0,-46.5
48,0.0,-41.5
72,0.0,-41.5
24,0.0,-27.0
48,0.0,-25.0
72,0.0,-24.0
24,0.0,0.0
48,0.0,0.0
72,0.0,0.0
24,0.0,-24.0
48,0.0,-24.0
72,0.0,-24.0
24,0.0,-40.0
48,0.0,-41.0
72,0.0,-41.0
24,0.0,-42.0
48,0.0,-44.0
72,5.0,-42.0
24,0.0,-39.700000000000045
48,5.0,-43.700000000000045
72,5.0,-41.700000000000045
24,0.0,-49.299999999999955
48,0.0,-50.299999999999955
72,6.0,-49.299999999999955
24,0.0,-59.700000000000045
48,0.0,-60.700000000000045
72,5.0,-59.700000000000045
24,0.0,-65.70000000000005
48,5.0,-67.70000000000005
72,0.0,-64.70000000000005
24,0.0,-65.20000000000005
48,10.0,-66.20000000000005
72,5.0,-64.20000000000005
24,0.0,-65.19999999999999
48,6.0,-65.19999999999999
72,6.0,-64.19999999999999
24,5.0,-43.80000000000001
48,6.0,-43.80000000000001
72,6.0,-44.80000000000001
24,80.0,0.0
48,80.0,0.0
72,44.0,0.0
24,89.0,-8.5
48,92.0,-31.5
72,92.0,-41.5
24,88.0,-129.3
48,88.0,-218.3
72,88.0,-239.3
24,70.0,-38.5
48,66.0,25.5
72,70.0,-262.5
24,13.0,81.30000000000001
48,13.0,-305.7
72,13.0,-150.7
24,0.0,363.0
48,0.0,-20.0
72,0.0,-111.0
24,-22.0,335.5
48,5.0,-246.5
72,5.0,-295.5
24,-3.0,367.7
48,88.0,-167.3
72,88.0,-147.3
24,45.0,38.0
48,34.0,266.0
72,58.0,-207.0
24,95.0,-369.8
48,33.0,-50.80000000000001
72,95.0,-329.8
24,79.0,-82.5
48,97.0,-189.5
72,97.0,-167.5
24,51.0,-0.2
48,27.0,-0.2
72,100.0,-0.2
24,0.0,-26.200000000000003
48,41.0,-27.200000000000003
72,87.0,-31.200000000000003
24,-26.0,-37.19999999999999
48,22.0,-100.19999999999999
72,-13.0,-43.19999999999999
24,-94.0,-38.80000000000001
48,-23.0,-258.8
72,-84.0,-43.80000000000001
24,20.0,-66.29999999999995
48,15.0,-264.29999999999995
72,-75.0,-38.299999999999955
24,0.0,-144.29999999999995
48,-3.0,-309.29999999999995
72,-94.0,-50.299999999999955
24,12.0,-121.70000000000005
48,12.0,-186.70000000000005
72,-83.0,-58.700000000000045
24,4.0,-156.20000000000005
48,4.0,-139.20000000000005
72,-82.0,-58.200000000000045
24,12.0,-77.5
48,12.0,-105.5
72,4.0,-34.5
24,0.0,3.6999999999999886
48,0.0,23.69999999999999
72,0.0,49.69999999999999
24,0.0,17.19999999999999
48,0.0,7.199999999999989
72,0.0,26.19999999999999
24,0.0,0.0
48,0.0,0.0
72,0.0,0.0
24,0.0,-27.700000000000003
48,0.0,-31.700000000000003
72,0.0,-31.700000000000003
24,0.0,-75.3
48,0.0,-77.3
72,0.0,-70.3
24,0.0,-80.5
48,0.0,-87.5
72,0.0,-70.5
24,0.0,-111.80000000000001
48,0.0,-118.80000000000001
72,0.0,-105.80000000000001
24,0.0,-175.8
48,0.0,-161.8
72,0.0,-169.8
24,0.0,-28.0
48,0.0,-46.0
72,0.0,-31.0
24,0.0,-117.69999999999999
48,0.0,-75.69999999999999
72,0.0,-138.7
24,1.0,-10.800000000000011
48,1.0,105.19999999999999
72,1.0,-1.8000000000000114
24,0.0,146.8
48,0.0,182.8
72,0.0,57.80000000000001
24,0.0,7.300000000000011
48,0.0,-4.699999999999989
72,0.0,-6.699999999999989
24,5.0,0.8
48,6.0,0.8
72,5.0,0.8
24,11.0,-30.5
48,100.0,-37.5
72,33.0,-30.5
24,43.0,-52.0
48,100.0,-106.0
72,14.0,-47.0
24,100.0,-72.79999999999995
48,100.0,-124.79999999999995
72,76.0,-77.79999999999995
24,100.0,-80.79999999999995
48,100.0,-124.79999999999995
72,100.0,-62.799999999999955
24,5.0,-51.200000000000045
48,100.0,-152.20000000000005
72,100.0,-168.20000000000005
24,0.0,-60.799999999999955
48,100.0,-89.79999999999995
72,100.0,-139.79999999999995
24,0.0,-61.299999999999955
48,5.0,-63.299999999999955
72,85.0,-122.29999999999995
24,0.0,-59.700000000000045
48,6.0,-61.700000000000045
72,100.0,-99.70000000000005
24,0.0,-51.80000000000001
48,0.0,-53.80000000000001
72,8.0,-57.80000000000001
24,0.0,-44.19999999999999
48,0.0,-45.19999999999999
72,53.0,-48.19999999999999
24,-1.0,0.7
48,-1.0,0.7
72,-1.0,0.7
24,0.0,-31.5
48,0.0,-31.5
72,0.0,-30.5
24,0.0,-46.5
48,5.0,-48.5
72,0.0,-46.5
24,0.0,-48.19999999999999
48,5.0,-50.19999999999999
72,0.0,-49.19999999999999
24,0.0,-45.200000000000045
48,0.0,-48.200000000000045
72,0.0,-46.200000000000045
24,-21.0,-48.5
48,-21.0,-53.5
72,-21.0,-49.5
24,-40.0,-18.299999999999955
48,-35.0,-23.299999999999955
72,-40.0,-19.299999999999955
24,-27.0,-59.299999999999955
48,-27.0,-60.299999999999955
72,40.0,-190.29999999999995
24,-20.0,42.299999999999955
48,-20.0,40.299999999999955
72,-20.0,41.299999999999955
24,-82.0,140.7
48,-82.0,139.7
72,-82.0,139.7
24,-100.0,132.7
48,-100.0,131.7
72,-93.0,131.7
24,-9.0,0.5
48,-10.0,0.5
72,85.0,0.5
24,-3.0,46.5
48,-11.0,45.5
72,7.0,42.5
24,-30.0,117.19999999999999
48,18.0,74.19999999999999
72,55.0,55.19999999999999
24,-86.0,209.8
48,14.0,-86.19999999999999
72,14.0,-27.19999999999999
24,18.0,125.30000000000001
48,60.0,-121.69999999999999
72,60.0,-8.699999999999989
24,34.0,-17.0
48,42.0,-45.0
72,52.0,-324.0
24,0.0,97.70000000000005
48,73.0,-62.299999999999955
72,34.0,95.70000000000005
24,-20.0,8.299999999999955
48,-27.0,11.299999999999955
72,-27.0,12.299999999999955
24,-22.0,8.5
48,-22.0,12.5
72,-22.0,13.5
24,-40.0,151.7
48,-40.0,155.7
72,-40.0,156.7
24,-100.0,91.7
48,-100.0,92.7
72,-100.0,92.7
24,0.0,0.0
48,0.0,0.0
72,0.0,0.0
24,18.0,0.1999999999999993
48,18.0,-13.8
72,18.0,-10.8
24,0.0,-60.8
48,0.0,-81.8
72,0.0,-73.8
24,0.0,49.3
48,0.0,80.3
72,0.0,2.299999999999997
24,0.0,111.3
48,-53.0,547.3
72,-43.0,453.3
24,0.0,108.3
48,-72.0,622.3
72,-48.0,576.3
24,-25.0,445.2
48,-52.0,593.2
72,-36.0,511.2
24,0.0,69.2
48,-22.0,420.2
72,-54.0,536.2
24,0.0,-57.19999999999999
48,0.0,-17.19999999999999
72,-51.0,399.8
24,0.0,-85.0
48,0.0,-44.0
72,0.0,-75.0
24,0.0,-39.8
48,0.0,-17.799999999999997
72,0.0,-51.8
24,0.0,0.0
48,0.0,0.0
72,0.0,0.0
24,0.0,-32.2
48,0.0,-28.200000000000003
72,0.0,-30.200000000000003
24,0.0,-66.8
48,0.0,-33.8
72,0.0,-70.8
24,0.0,2.6999999999999993
48,0.0,11.7
72,0.0,56.7
24,0.0,8.8
48,0.0,3.8000000000000007
72,0.0,40.8
24,0.0,-41.7
48,0.0,-45.7
72,0.0,-8.700000000000003
24,0.0,6.700000000000003
48,0.0,-9.299999999999997
72,0.0,-5.299999999999997
24,0.0,-60.0
48,0.0,-73.0
72,0.0,-92.0
24,0.0,-30.0
48,0.0,-40.0
72,0.0,-55.0
24,0.0,-50.8
48,0.0,-57.8
72,0.0,-46.8
24,0.0,-41.7
48,0.0,-35.7
72,0.0,-37.7
24,0.0,0.0
48,0.0,0.0
72,0.0,0.0
24,0.0,-23.7
48,0.0,-22.7
72,0.0,-22.7
24,0.0,-48.5
48,0.0,-49.5
72,0.0,-47.5
24,0.0,54.3
48,0.0,-15.700000000000003
72,0.0,-28.700000000000003
24,0.0,32.3
48,0.0,111.3
72,0.0,-13.700000000000003
24,0.0,-87.80000000000001
48,0.0,-57.80000000000001
72,0.0,-40.80000000000001
24,0.0,-110.0
48,0.0,-49.0
72,0.0,-53.0
24,0.0,-88.0
48,0.0,-116.0
72,0.0,-29.0
24,0.0,-34.3
48,0.0,-37.3
72,0.0,-22.299999999999997
24,0.0,-85.3
48,0.0,-113.3
72,0.0,-115.3
24,0.0,-36.7
48,0.0,-31.700000000000003
72,0.0,-41.7
24,0.0,0.8
48,0.0,-0.2
72,0.0,-0.2
24,0.0,-23.0
48,0.0,-28.0
72,0.0,-26.0
24,0.0,-63.5
48,0.0,-64.5
72,0.0,-67.5
24,0.0,-52.0
48,0.0,-56.0
72,0.0,-81.0
24,0.0,-82.30000000000001
48,0.0,-118.30000000000001
72,0.0,-115.30000000000001
24,0.0,33.5
48,0.0,-56.5
72,0.0,8.5
24,0.0,1.2999999999999972
48,0.0,-30.700000000000003
72,0.0,-66.7
24,0.0,-7.200000000000003
48,0.0,-55.2
72,0.0,-43.2
24,0.0,38.8
48,0.0,36.8
72,0.0,5.799999999999997
24,0.0,-74.5
48,0.0,-35.5
72,0.0,-52.5
24,0.0,-22.200000000000003
48,0.0,-28.200000000000003
72,0.0,-21.200000000000003
24,0.0,0.7
48,0.0,-0.3
72,0.0,-0.3
24,0.0,-17.299999999999997
48,0.0,-34.3
72,0.0,-31.299999999999997
24,0.0,45.0
48,0.0,-67.0
72,0.0,-95.0
24,10.0,41.80000000000001
48,10.0,-99.19999999999999
72,10.0,-38.19999999999999
24,7.0,119.5
48,7.0,-154.5
72,7.0,-69.5
24,0.0,124.69999999999999
48,0.0,-248.3
72,0.0,-169.3
24,0.0,82.30000000000001
48,0.0,-212.7
72,0.0,-147.7
24,0.0,195.2
48,0.0,-112.80000000000001
72,0.0,-117.80000000000001
24,0.0,187.0
48,0.0,-83.0
72,0.0,-104.0
24,0.0,-22.5
48,0.0,-57.5
72,0.0,-21.5
24,0.0,-32.3
48,0.0,-40.3
72,0.0,-41.3
24,0.0,-0.3
48,0.0,-0.3
72,0.0,-0.3
24,0.0,-5.5
48,0.0,-8.5
72,0.0,-8.5
24,0.0,-35.7
48,0.0,-32.7
72,0.0,-34.7
24,0.0,0.7999999999999972
48,0.0,-10.200000000000003
72,0.0,-29.200000000000003
24,0.0,-83.80000000000001
48,0.0,-139.8
72,0.0,-131.8
24,0.0,-185.0
48,0.0,-214.0
72,0.0,-166.0
24,0.0,-75.19999999999999
48,0.0,-135.2
72,0.0,-102.19999999999999
24,0.0,-87.80000000000001
48,0.0,-104.80000000000001
72,0.0,-96.80000000000001
24,0.0,-20.69999999999999
48,0.0,-82.69999999999999
72,0.0,-93.69999999999999
24,-2.0,44.3
48,0.0,-49.7
72,0.0,-68.7
24,-1.0,51.5
48,0.0,20.5
72,0.0,-44.5
24,17.0,1.2000000000000002
48,22.0,1.2000000000000002
72,100.0,0.20000000000000018
24,14.0,-20.19999999999999
48,100.0,-32.19999999999999
72,99.0,-43.19999999999999
24,13.0,-22.30000000000001
48,20.0,-20.30000000000001
72,96.0,-100.30000000000001
24,-59.0,45.19999999999999
48,-50.0,47.19999999999999
72,28.0,-78.80000000000001
24,-35.0,248.0
48,-77.0,262.0
72,-1.0,145.0
24,-63.0,90.5
48,-74.0,102.5
72,1.0,-39.5
24,46.0,-29.799999999999955
48,9.0,18.200000000000045
72,78.0,-135.79999999999995
24,17.0,4.2000000000000455
48,59.0,-44.799999999999955
72,44.0,-32.799999999999955
24,7.0,-16.700000000000045
48,58.0,-86.70000000000005
72,86.0,-152.70000000000005
24,9.0,-11.300000000000011
48,95.0,-119.30000000000001
72,74.0,-94.30000000000001
24,12.0,7.0
48,73.0,-7.0
72,11.0,7.0
24,0.0,-0.20000000000000018
48,0.0,-1.2000000000000002
72,-16.0,-0.20000000000000018
24,0.0,-16.299999999999997
48,0.0,-43.3
72,0.0,-5.299999999999997
24,1.0,-33.69999999999999
48,1.0,-87.69999999999999
72,-78.0,40.30000000000001
24,6.0,-105.70000000000005
48,6.0,-351.70000000000005
72,6.0,-59.700000000000045
24,77.0,-145.70000000000005
48,77.0,-396.70000000000005
72,77.0,-108.70000000000005
24,88.0,-425.5
48,88.0,-387.5
72,88.0,-319.5
24,8.0,-38.299999999999955
48,8.0,-94.29999999999995
72,8.0,-52.299999999999955
24,0.0,71.80000000000001
48,0.0,92.80000000000001
72,0.0,-97.19999999999999
24,-7.0,373.3
48,-22.0,401.3
72,-1.0,193.3
24,-27.0,204.5
48,-13.0,202.5
72,-22.0,224.5
24,-5.0,11.300000000000011
48,0.0,18.30000000000001
72,-2.0,-25.69999999999999
24,84.0,-1.0
48,84.0,-1.0
72,84.0,-1.0
24,89.0,-61.19999999999999
48,89.0,-65.19999999999999
72,89.0,-54.19999999999999
24,14.0,-83.5
48,14.0,-96.5
72,14.0,-106.5
24,5.0,-74.29999999999995
48,5.0,-120.29999999999995
72,5.0,-136.29999999999995
24,1.0,-30.5
48,1.0,-110.5
72,1.0,-124.5
24,0.0,-58.0
48,0.0,-290.0
72,0.0,-142.0
24,1.0,-113.29999999999995
48,1.0,-303.29999999999995
72,1.0,-270.29999999999995
24,0.0,-93.0
48,0.0,-96.0
72,0.0,-222.0
24,0.0,-52.799999999999955
48,0.0,-26.799999999999955
72,0.0,-80.79999999999995
24,0.0,-45.30000000000001
48,0.0,-24.30000000000001
72,0.0,-83.30000000000001
24,0.0,-110.30000000000001
48,0.0,-60.30000000000001
72,0.0,-87.30000000000001
24,0.0,2.0
48,0.0,1.0
72,0.0,0.0
24,0.0,-22.5
48,0.0,-14.5
72,0.0,-26.5
24,0.0,-80.2
48,0.0,-107.2
72,0.0,-111.2
24,0.0,-99.69999999999999
48,0.0,-108.69999999999999
72,0.0,-103.69999999999999
24,0.0,-124.30000000000001
48,0.0,-137.3
72,0.0,-135.3
24,0.0,-118.69999999999999
48,0.0,-135.7
72,0.0,-104.69999999999999
24,0.0,-105.19999999999999
48,0.0,-120.19999999999999
72,0.0,-94.19999999999999
24,0.0,-112.19999999999999
48,0.0,-118.19999999999999
72,0.0,-98.19999999999999
24,0.0,-114.5
48,0.0,-120.5
72,0.0,-95.5
24,0.0,-79.3
48,0.0,-81.3
72,0.0,-68.3
24,0.0,-57.2
48,0.0,-56.2
72,0.0,-56.2
24,0.0,-15.3
48,0.0,-15.3
72,0.0,-15.3
24,0.0,-3.5
48,0.0,-4.5
72,0.0,-4.5
24,0.0,-45.3
48,0.0,-50.3
72,0.0,-49.3
24,0.0,-105.8
48,0.0,-115.8
72,0.0,-114.8
24,0.0,-88.0
48,0.0,-97.0
72,0.0,-92.0
24,0.0,-79.7
48,0.0,-88.7
72,0.0,-90.7
24,0.0,-68.2
48,0.0,-79.2
72,0.0,-77.2
24,0.0,-69.3
48,0.0,-68.3
72,0.0,-65.3
24,0.0,-58.5
48,0.0,-54.5
72,0.0,-53.5
24,0.0,-100.3
48,0.0,-103.3
72,0.0,-101.3
24,0.0,-100.2
48,0.0,-103.2
72,0.0,-102.2
24,0.0,-54.0
48,0.0,-56.0
72,0.0,-53.0
24,0.0,-13.2
48,0.0,-14.2
72,0.0,-12.2
24,0.0,-0.5
48,0.0,-4.5
72,-31.0,0.5
24,0.0,-43.0
48,0.0,-50.0
72,0.0,-43.0
24,6.0,-148.2
48,6.0,-126.19999999999999
72,6.0,-114.19999999999999
24,1.0,-288.8
48,1.0,-87.80000000000001
72,1.0,-70.80000000000001
24,0.0,18.5
48,0.0,-20.5
72,0.0,52.5
24,0.0,-3.6999999999999886
48,0.0,105.30000000000001
72,0.0,127.30000000000001
24,0.0,78.79999999999995
48,0.0,-17.200000000000045
72,0.0,6.7999999999999545
24,0.0,-126.0
48,0.0,-240.0
72,0.0,-323.0
24,0.0,-213.20000000000005
48,0.0,-305.20000000000005
72,0.0,-215.20000000000005
24,0.0,-133.2
48,0.0,-150.2
72,0.0,-97.19999999999999
24,0.0,11.300000000000011
48,0.0,-23.69999999999999
72,0.0,-42.69999999999999
24,0.0,5.200000000000003
48,0.0,-4.799999999999997
72,0.0,1.2000000000000028
24,0.0,-1.0
48,0.0,3.0
72,0.0,2.0
24,27.0,-29.799999999999997
48,27.0,-22.799999999999997
72,27.0,-47.8
24,100.0,-108.30000000000001
48,100.0,-128.3
72,100.0,-134.3
24,59.0,-38.0
48,100.0,-194.0
72,100.0,-214.0
24,100.0,-47.700000000000045
48,100.0,-167.70000000000005
72,100.0,-209.70000000000005
24,8.0,-35.200000000000045
48,100.0,-159.20000000000005
72,100.0,-216.20000000000005
24,5.0,-48.299999999999955
48,85.0,-99.29999999999995
72,18.0,-59.299999999999955
24,0.0,-49.5
48,12.0,-56.5
72,72.0,-83.5
24,-77.0,-41.799999999999955
48,-64.0,-48.799999999999955
72,-66.0,-57.799999999999955
24,-95.0,-24.5
48,-88.0,-30.5
72,-94.0,-28.5
24,-88.0,-11.0
48,-89.0,-14.0
72,-88.0,-13.0
24,5.0,4.799999999999997
48,5.0,2.799999999999997
72,6.0,3.799999999999997
24,4.0,-1.6999999999999993
48,-2.0,-1.6999999999999993
72,-2.0,-1.6999999999999993
24,0.0,-32.69999999999999
48,70.0,-43.69999999999999
72,0.0,-33.69999999999999
24,0.0,-39.0
48,0.0,-41.0
72,0.0,-42.0
24,0.0,-31.5
48,5.0,-32.5
72,0.0,-34.5
24,0.0,-24.299999999999955
48,0.0,-26.299999999999955
72,0.0,-27.299999999999955
24,0.0,-39.5
48,0.0,-41.5
72,63.0,-53.5
24,5.0,-51.200000000000045
48,0.0,-53.200000000000045
72,100.0,-220.20000000000005
24,5.0,-58.700000000000045
48,10.0,-63.700000000000045
72,10.0,-61.700000000000045
24,-100.0,-44.200000000000045
48,-90.0,-52.200000000000045
72,-70.0,-49.200000000000045
24,-44.0,81.19999999999999
48,-32.0,72.19999999999999
72,56.0,3.1999999999999886
24,-11.0,7.800000000000011
48,-4.0,2.8000000000000114
72,89.0,-44.19999999999999
24,22.0,10.5
48,-68.0,17.5
72,-1.0,12.5
24,0.0,-0.20000000000000018
48,0.0,-4.2
72,0.0,-3.2
24,0.0,-14.0
48,0.0,-57.0
72,0.0,-45.0
24,0.0,-51.3
48,0.0,-53.3
72,0.0,-71.3
24,0.0,-22.700000000000003
48,0.0,-36.7
72,0.0,-59.7
24,0.0,31.299999999999997
48,0.0,-30.700000000000003
72,0.0,23.299999999999997
24,0.0,-37.3
48,0.0,-61.3
72,0.0,-47.3
24,0.0,-32.3
48,0.0,-18.299999999999997
72,0.0,-19.299999999999997
24,0.0,-78.8
48,0.0,-71.8
72,0.0,-79.8
24,0.0,-59.8
48,0.0,-74.8
72,0.0,-9.799999999999997
24,0.0,-49.8
48,0.0,-42.8
72,0.0,-64.8
24,0.0,-41.8
48,0.0,-43.8
72,0.0,-46.8
24,0.0,-10.8
48,0.0,-8.8
72,0.0,-10.8
24,0.0,-3.5
48,0.0,-3.5
72,0.0,-3.5
24,0.0,-38.0
48,0.0,-33.0
72,0.0,-38.0
24,0.0,-58.8
48,0.0,-55.8
72,0.0,-46.8
24,0.0,-58.2
48,0.0,-45.2
72,0.0,13.799999999999997
24,0.0,-59.8
48,0.0,-13.799999999999997
72,0.0,-21.799999999999997
24,0.0,-71.5
48,0.0,-49.5
72,0.0,40.5
24,0.0,-87.7
48,0.0,-64.7
72,0.0,-38.7
24,0.0,-39.0
48,0.0,42.0
72,0.0,1.0
24,0.0,-31.0
48,0.0,-31.0
72,0.0,-12.0
24,0.0,-17.299999999999997
48,0.0,-18.299999999999997
72,0.0,-43.3
24,0.0,-23.0
48,0.0,-23.0
72,0.0,-38.0
24,0.0,-7.199999999999999
48,0.0,-8.2
72,0.0,-9.2
24,0.0,-3.5
48,0.0,-3.5
72,0.0,-2.5
24,0.0,-4.799999999999997
48,0.0,-48.8
72,0.0,-44.8
24,-9.0,95.8
48,0.0,-76.2
72,0.0,-61.2
24,-1.0,192.0
48,0.0,-146.0
72,0.0,-122.0
24,0.0,429.0
48,0.0,-132.0
72,0.0,-89.0
24,0.0,150.8
48,0.0,-181.2
72,0.0,-138.2
24,0.0,-12.200000000000045
48,0.0,-520.2
72,0.0,-505.20000000000005
24,15.0,25.5
48,15.0,-506.5
72,15.0,-290.5
24,25.0,-6.2000000000000455
48,25.0,-403.20000000000005
72,25.0,-167.20000000000005
24,86.0,118.80000000000001
48,86.0,-118.19999999999999
72,86.0,29.80000000000001
24,30.0,79.80000000000001
48,30.0,-35.19999999999999
72,30.0,20.80000000000001
24,13.0,15.299999999999997
48,13.0,1.2999999999999972
72,13.0,14.299999999999997
24,21.0,2.1999999999999993
48,-36.0,2.1999999999999993
72,41.0,2.1999999999999993
24,-17.0,-29.80000000000001
48,9.0,-57.80000000000001
72,-19.0,-31.80000000000001
24,39.0,-33.30000000000001
48,73.0,-113.30000000000001
72,45.0,-41.30000000000001
24,100.0,-95.5
48,100.0,-142.5
72,100.0,-83.5
24,100.0,-120.20000000000005
48,100.0,-74.20000000000005
72,13.0,20.799999999999955
24,62.0,-81.20000000000005
48,62.0,-199.20000000000005
72,-10.0,-33.200000000000045
24,44.0,-133.20000000000005
48,44.0,-135.20000000000005
72,44.0,-143.20000000000005
24,13.0,-101.0
48,13.0,-152.0
72,13.0,-89.0
24,0.0,32.799999999999955
48,-10.0,8.799999999999955
72,0.0,-2.2000000000000455
24,38.0,-39.80000000000001
48,39.0,-35.80000000000001
72,39.0,-231.8
24,25.0,-55.5
48,57.0,-53.5
72,57.0,-207.5
24,39.0,-10.299999999999997
48,52.0,-7.299999999999997
72,52.0,-47.3
24,77.0,-5.0
48,79.0,-5.0
72,32.0,-5.0
24,43.0,-45.5
48,88.0,-62.5
72,88.0,-49.5
24,33.0,-69.80000000000001
48,33.0,-86.80000000000001
72,26.0,-57.80000000000001
24,7.0,-39.799999999999955
48,7.0,-71.79999999999995
72,7.0,-72.79999999999995
24,-88.0,-23.799999999999955
48,6.0,-60.799999999999955
72,-2.0,-65.79999999999995
24,25.0,-43.5
48,48.0,-87.5
72,-47.0,-32.5
24,-56.0,-33.799999999999955
48,38.0,-140.79999999999995
72,38.0,-52.799999999999955
24,-90.0,-38.799999999999955
48,-84.0,-44.799999999999955
72,-11.0,-51.799999999999955
24,-98.0,-17.200000000000045
48,2.0,-47.200000000000045
72,2.0,-60.200000000000045
24,-92.0,7.300000000000011
48,-44.0,3.3000000000000114
72,-80.0,4.300000000000011
24,-6.0,8.699999999999989
48,8.0,7.699999999999989
72,94.0,-11.300000000000011
24,-5.0,0.7999999999999972
48,82.0,-4.200000000000003
72,90.0,-10.200000000000003
24,11.0,-6.0
48,92.0,-6.0
72,6.0,-6.0
24,72.0,-42.19999999999999
48,53.0,-45.19999999999999
72,1.0,-36.19999999999999
24,95.0,-96.80000000000001
48,52.0,-45.80000000000001
72,0.0,-33.80000000000001
24,86.0,-82.29999999999995
48,86.0,-97.29999999999995
72,-4.0,-26.299999999999955
24,69.0,-125.0
48,69.0,-153.0
72,54.0,-39.0
24,12.0,-126.70000000000005
48,12.0,-178.70000000000005
72,12.0,-94.70000000000005
24,15.0,-205.5
48,15.0,-183.5
72,15.0,-161.5
24,0.0,-182.0
48,0.0,-463.0
72,0.0,-139.0
24,0.0,-172.29999999999995
48,0.0,-324.29999999999995
72,0.0,-80.29999999999995
24,0.0,-115.30000000000001
48,0.0,-90.30000000000001
72,0.0,-17.30000000000001
24,0.0,-95.5
48,0.0,-60.5
72,0.0,-27.5
24,0.0,-15.700000000000003
48,0.0,-25.700000000000003
72,0.0,-8.700000000000003
24,6.0,-4.800000000000001
48,6.0,-4.800000000000001
72,6.0,-4.800000000000001
24,33.0,-28.30000000000001
48,100.0,-39.30000000000001
72,100.0,-57.30000000000001
24,0.0,-59.30000000000001
48,43.0,-38.30000000000001
72,100.0,-87.30000000000001
24,0.0,-32.799999999999955
48,39.0,-25.799999999999955
72,100.0,-43.799999999999955
24,98.0,-93.5
48,28.0,-12.5
72,100.0,-34.5
24,88.0,-44.799999999999955
48,60.0,-31.799999999999955
72,11.0,-30.799999999999955
24,100.0,-121.29999999999995
48,99.0,-62.299999999999955
72,100.0,-106.29999999999995
24,38.0,-151.79999999999995
48,38.0,-187.79999999999995
72,38.0,-136.79999999999995
24,32.0,-114.5
48,32.0,-305.5
72,32.0,-153.5
24,12.0,-35.80000000000001
48,12.0,-152.8
72,12.0,-77.80000000000001
24,76.0,-91.19999999999999
48,76.0,-94.19999999999999
72,76.0,-40.19999999999999
24,77.0,-12.0
48,76.0,-11.0
72,83.0,-12.0
24,0.0,4.0
48,0.0,3.0
72,0.0,0.0
24,0.0,59.2
48,0.0,10.200000000000003
72,0.0,-64.8
24,1.0,48.30000000000001
48,1.0,-21.69999999999999
72,1.0,-22.69999999999999
24,-90.0,1.2999999999999545
48,1.0,-89.70000000000005
72,1.0,-115.70000000000005
24,1.0,41.799999999999955
48,1.0,36.799999999999955
72,1.0,45.799999999999955
24,0.0,44.5
48,0.0,37.5
72,0.0,32.5
24,41.0,-54.799999999999955
48,41.0,-74.79999999999995
72,41.0,-21.799999999999955
24,-76.0,-36.200000000000045
48,-76.0,-39.200000000000045
72,-76.0,-37.200000000000045
24,0.0,-53.200000000000045
48,0.0,-55.200000000000045
72,0.0,-51.200000000000045
24,0.0,-41.700000000000045
48,0.0,-43.700000000000045
72,0.0,-41.700000000000045
24,-3.0,-12.699999999999989
48,-3.0,-13.699999999999989
72,-3.0,-15.699999999999989
24,0.0,6.799999999999997
48,0.0,6.799999999999997
72,72.0,-19.200000000000003
24,79.0,-5.199999999999999
48,79.0,-6.199999999999999
72,79.0,-5.199999999999999
24,75.0,-37.19999999999999
48,87.0,-40.19999999999999
72,75.0,-32.19999999999999
24,45.0,-37.19999999999999
48,74.0,-84.19999999999999
72,74.0,-16.19999999999999
24,89.0,-61.0
48,89.0,-102.0
72,89.0,-17.0
24,0.0,0.0
48,84.0,-36.0
72,100.0,-66.0
24,0.0,-15.0
48,0.0,-17.0
72,81.0,-88.0
24,0.0,-25.0
48,0.0,-28.0
72,0.0,-32.0
24,0.0,-43.700000000000045
48,8.0,-59.700000000000045
72,0.0,-37.700000000000045
24,0.0,-50.200000000000045
48,100.0,-335.20000000000005
72,5.0,-51.200000000000045
24,100.0,-128.79999999999995
48,100.0,-284.79999999999995
72,6.0,-47.799999999999955
24,100.0,-126.80000000000001
48,100.0,-172.8
72,6.0,-26.80000000000001
24,17.0,-33.8
48,17.0,-25.799999999999997
72,-78.0,-1.7999999999999972
24,1.0,-9.3
48,1.0,-10.3
72,1.0,-13.3
24,3.0,-68.5
48,3.0,-80.5
72,3.0,-93.5
24,3.0,-101.0
48,3.0,-112.0
72,0.0,-104.0
24,0.0,-90.5
48,0.0,-135.5
72,0.0,-70.5
24,0.0,-107.70000000000005
48,0.0,-173.70000000000005
72,0.0,-71.70000000000005
24,1.0,-222.29999999999995
48,1.0,-321.29999999999995
72,1.0,-26.299999999999955
24,5.0,-325.70000000000005
48,5.0,-368.70000000000005
72,5.0,-90.70000000000005
24,0.0,-418.70000000000005
48,0.0,-359.70000000000005
72,0.0,-170.70000000000005
24,0.0,-159.3
48,0.0,-142.3
72,0.0,-1.3000000000000114
24,0.0,-53.5
48,0.0,-79.5
72,0.0,37.5
24,0.0,54.8
48,0.0,37.8
72,0.0,48.8
24,0.0,21.0
48,0.0,20.0
72,0.0,13.0
24,0.0,-5.0
48,0.0,7.0
72,-13.0,13.0
24,0.0,-60.5
48,0.0,-51.5
72,0.0,0.5
24,0.0,-59.7
48,0.0,-28.700000000000003
72,-31.0,229.3
24,0.0,-61.8
48,0.0,-4.799999999999997
72,-37.0,428.2
24,0.0,-65.7
48,0.0,65.3
72,0.0,468.3
24,0.0,-107.0
48,0.0,108.0
72,0.0,522.0
24,15.0,-143.3
48,15.0,142.7
72,15.0,484.7
24,0.0,-305.5
48,-22.0,194.5
72,0.0,279.5
24,1.0,-170.5
48,1.0,182.5
72,1.0,75.5
24,15.0,-3.1999999999999886
48,15.0,84.80000000000001
72,15.0,101.80000000000001
24,32.0,-20.0
48,32.0,108.0
72,32.0,9.0
24,94.0,-23.5
48,94.0,24.5
72,94.0,9.5
24,-36.0,-8.5
48,-36.0,-7.5
72,-36.0,-8.5
24,-100.0,-36.5
48,-100.0,-33.5
72,-95.0,-35.5
24,-3.0,-39.19999999999999
48,-8.0,-36.19999999999999
72,-8.0,-40.19999999999999
24,-5.0,-31.799999999999955
48,-6.0,-34.799999999999955
72,-1.0,-39.799999999999955
24,36.0,-31.700000000000045
48,0.0,-29.700000000000045
72,10.0,-35.700000000000045
24,40.0,-59.799999999999955
48,5.0,-42.799999999999955
72,10.0,-51.799999999999955
24,17.0,-51.0
48,15.0,-57.0
72,23.0,-70.0
24,36.0,-62.299999999999955
48,0.0,-59.299999999999955
72,11.0,-69.29999999999995
24,28.0,-45.700000000000045
48,7.0,-46.700000000000045
72,12.0,-54.700000000000045
24,56.0,-55.299999999999955
48,-22.0,-26.299999999999955
72,3.0,-34.299999999999955
24,39.0,-11.300000000000011
48,15.0,-11.300000000000011
72,98.0,-25.30000000000001
24,100.0,-9.0
48,10.0,2.0
72,67.0,-9.0
24,95.0,-12.0
48,100.0,-30.0
72,100.0,-31.0
24,74.0,-150.3
48,74.0,-208.3
72,74.0,-197.3
24,42.0,15.699999999999989
48,95.0,-254.3
72,97.0,-338.3
24,43.0,-70.20000000000005
48,88.0,-468.20000000000005
72,82.0,-276.20000000000005
24,100.0,-544.3
48,100.0,-631.3
72,100.0,-472.29999999999995
24,37.0,129.29999999999995
48,100.0,-566.7
72,100.0,-402.70000000000005
24,3.0,153.29999999999995
48,98.0,-459.70000000000005
72,98.0,-378.70000000000005
24,7.0,-51.299999999999955
48,6.0,-62.299999999999955
72,96.0,-747.3
24,83.0,-353.0
48,66.0,-143.0
72,86.0,-597.0
24,80.0,-263.70000000000005
48,64.0,-172.70000000000005
72,80.0,-348.70000000000005
24,29.0,-78.30000000000001
48,54.0,-165.3
72,57.0,-229.3
24,19.0,5.200000000000003
48,71.0,-23.799999999999997
72,85.0,-67.8
24,0.0,-13.7
48,0.0,-12.7
72,0.0,-13.7
24,0.0,-97.5
48,0.0,-98.5
72,0.0,-94.5
24,0.0,-57.7
48,0.0,-57.7
72,0.0,-41.7
24,0.0,-45.3
48,0.0,-37.3
72,0.0,-41.3
24,0.0,-46.7
48,0.0,2.299999999999997
72,0.0,-35.7
24,0.0,-40.3
48,0.0,-46.3
72,0.0,-33.3
24,0.0,-143.3
48,0.0,-121.30000000000001
72,0.0,-138.3
24,0.0,-204.3
48,0.0,-210.3
72,0.0,-199.3
24,0.0,-168.8
48,0.0,-173.8
72,0.0,-168.8
24,0.0,-94.2
48,0.0,-93.2
72,0.0,-94.2
24,0.0,-41.2
48,0.0,-38.2
72,0.0,-37.2
24,1.0,-21.2
48,1.0,-20.2
72,1.0,-19.2
24,2.0,-7.300000000000001
48,2.0,-24.3
72,2.0,-12.3
24,0.0,-41.3
48,0.0,-94.3
72,0.0,-13.299999999999997
24,0.0,-50.30000000000001
48,0.0,-191.3
72,0.0,97.69999999999999
24,0.0,-149.5
48,0.0,-214.5
72,0.0,40.5
24,0.0,-89.0
48,0.0,-85.0
72,0.0,179.0
24,0.0,-103.69999999999999
48,0.0,-130.7
72,0.0,120.30000000000001
24,0.0,-101.80000000000001
48,0.0,-115.80000000000001
72,0.0,422.2
24,0.0,-114.0
48,0.0,-51.0
72,0.0,388.0
24,0.0,-89.5
48,0.0,-95.5
72,0.0,358.5
24,0.0,-82.0
48,0.0,-87.0
72,0.0,147.0
24,0.0,-47.2
48,0.0,-34.2
72,0.0,113.8
24,0.0,-16.5
48,0.0,-11.5
72,0.0,34.5
24,8.0,-13.700000000000003
48,3.0,-13.700000000000003
72,8.0,-13.700000000000003
24,94.0,-65.5
48,94.0,-71.5
72,94.0,-79.5
24,21.0,-42.5
48,97.0,-106.5
72,76.0,-85.5
24,5.0,-29.200000000000045
48,99.0,-86.20000000000005
72,99.0,-123.20000000000005
24,77.0,-34.200000000000045
48,2.0,-23.200000000000045
72,41.0,-30.200000000000045
24,4.0,-27.299999999999955
48,4.0,-21.299999999999955
72,5.0,-27.299999999999955
24,5.0,-32.200000000000045
48,6.0,-23.200000000000045
72,7.0,-30.200000000000045
24,5.0,-30.299999999999955
48,5.0,-28.299999999999955
72,0.0,-36.299999999999955
24,4.0,-37.5
48,4.0,-32.5
72,-1.0,-40.5
24,10.0,-39.0
48,5.0,-36.0
72,5.0,-41.0
24,6.0,-21.0
48,0.0,-21.0
72,5.0,-24.0
24,11.0,2.299999999999997
48,5.0,2.299999999999997
72,7.0,1.2999999999999972
24,0.0,-16.200000000000003
48,0.0,-16.200000000000003
72,0.0,-15.200000000000003
24,0.0,-46.69999999999999
48,0.0,-46.69999999999999
72,0.0,-42.69999999999999
24,5.0,-46.80000000000001
48,5.0,-45.80000000000001
72,0.0,-41.80000000000001
24,43.0,-45.700000000000045
48,5.0,-37.700000000000045
72,0.0,-38.700000000000045
24,16.0,-40.299999999999955
48,-7.0,-29.299999999999955
72,28.0,-37.299999999999955
24,100.0,-102.70000000000005
48,20.0,-38.700000000000045
72,6.0,-45.700000000000045
24,0.0,-56.700000000000045
48,93.0,-85.70000000000005
72,93.0,-80.70000000000005
24,84.0,-82.20000000000005
48,-11.0,-47.200000000000045
72,84.0,-144.20000000000005
24,-22.0,-56.299999999999955
48,-22.0,-52.299999999999955
72,-12.0,-65.29999999999995
24,-5.0,-47.0
48,-5.0,-44.0
72,0.0,-52.0
24,-2.0,-23.0
48,-2.0,-22.0
72,4.0,-27.0
24,0.0,-1.2000000000000028
48,0.0,-0.20000000000000284
72,100.0,-9.200000000000003
24,77.0,-17.0
48,77.0,-26.0
72,77.0,-22.0
24,4.0,-33.30000000000001
48,27.0,-88.30000000000001
72,27.0,-107.30000000000001
24,3.0,-98.69999999999999
48,3.0,-179.7
72,3.0,-148.7
24,19.0,-90.79999999999995
48,19.0,-160.79999999999995
72,19.0,-214.79999999999995
24,0.0,-63.5
48,0.0,-172.5
72,0.0,-261.5
24,0.0,-208.20000000000005
48,0.0,-410.20000000000005
72,0.0,-427.20000000000005
24,26.0,-406.70000000000005
48,26.0,-336.70000000000005
72,26.0,-346.70000000000005
24,7.0,-440.0
48,7.0,-467.0
72,7.0,-210.0
24,100.0,-366.29999999999995
48,100.0,-234.29999999999995
72,100.0,-65.29999999999995
24,100.0,-255.29999999999995
48,100.0,-222.29999999999995
72,100.0,-122.29999999999995
24,100.0,-72.69999999999999
48,100.0,-63.69999999999999
72,30.0,-38.69999999999999
24,0.0,-1.7000000000000028
48,100.0,-10.700000000000003
72,100.0,-25.700000000000003
24,0.0,-15.700000000000003
48,0.0,-16.700000000000003
72,0.0,-15.700000000000003
24,0.0,-41.30000000000001
48,0.0,-42.30000000000001
72,0.0,-41.30000000000001
24,0.0,-44.5
48,0.0,-45.5
72,0.0,-45.5
24,0.0,-40.0
48,0.0,-41.0
72,0.0,-43.0
24,0.0,-38.5
48,0.0,-38.5
72,0.0,-40.5
24,6.0,-47.200000000000045
48,0.0,-47.200000000000045
72,0.0,-47.200000000000045
24,100.0,-80.20000000000005
48,0.0,-57.200000000000045
72,5.0,-56.200000000000045
24,100.0,-152.79999999999995
48,6.0,-65.79999999999995
72,10.0,-63.799999999999955
24,100.0,-124.0
48,100.0,-88.0
72,42.0,-80.0
24,100.0,-128.29999999999995
48,100.0,-115.29999999999995
72,100.0,-84.29999999999995
24,97.0,-89.0
48,97.0,-78.0
72,90.0,-57.0
24,100.0,-17.799999999999997
48,100.0,-16.799999999999997
72,100.0,-21.799999999999997
24,0.0,-14.2
48,0.0,-14.2
72,0.0,-9.2
24,0.0,-41.3
48,0.0,-40.3
72,0.0,-24.299999999999997
24,0.0,-41.2
48,0.0,-0.20000000000000284
72,0.0,-36.2
24,0.0,-68.8
48,0.0,52.2
72,0.0,-35.8
24,21.0,-118.5
48,21.0,-126.5
72,21.0,-107.5
24,0.0,10.200000000000003
48,0.0,-63.8
72,0.0,-45.8
24,0.0,1.7000000000000028
48,0.0,-41.3
72,0.0,-31.299999999999997
24,0.0,-114.30000000000001
48,0.0,-105.30000000000001
72,0.0,-137.3
24,0.0,-153.7
48,0.0,-120.69999999999999
72,0.0,-164.7
24,0.0,-320.3
48,0.0,-288.3
72,0.0,-326.3
24,0.0,-112.0
48,0.0,-97.0
72,0.0,-131.0
24,0.0,-33.7
48,0.0,-44.7
72,0.0,-50.7
24,0.0,-30.0
48,0.0,-32.0
72,0.0,-32.0
24,0.0,-13.0
48,0.0,-71.0
72,0.0,-69.0
24,0.0,-26.5
48,0.0,-99.5
72,0.0,-84.5
24,0.0,46.2
48,0.0,-82.8
72,0.0,-36.8
24,0.0,-29.5
48,0.0,-163.5
72,0.0,-78.5
24,0.0,42.19999999999999
48,0.0,-123.80000000000001
72,0.0,-48.80000000000001
24,0.0,-10.199999999999989
48,0.0,-180.2
72,0.0,-52.19999999999999
24,1.0,-260.8
48,1.0,-262.8
72,1.0,-177.8
24,0.0,-84.5
48,0.0,-114.5
72,0.0,-133.5
24,0.0,-65.8
48,0.0,-81.8
72,-3.0,67.2
24,0.0,-70.8
48,0.0,-66.8
72,0.0,-72.8
24,0.0,-18.5
48,0.0,-0.5
72,0.0,-13.5
24,0.0,-29.8
48,0.0,-29.8
72,0.0,-29.8
24,0.0,-54.3
48,0.0,-55.3
72,0.0,-55.3
24,0.0,-76.2
48,0.0,-74.2
72,0.0,-76.2
24,0.0,-76.8
48,0.0,-70.8
72,0.0,-88.8
24,0.0,-56.0
48,0.0,-46.0
72,0.0,-54.0
24,0.0,-40.0
48,0.0,-62.0
72,0.0,-35.0
24,0.0,-54.7
48,0.0,-92.7
72,0.0,29.299999999999997
24,0.0,-93.0
48,0.0,-104.0
72,0.0,-121.0
24,0.0,-70.7
48,0.0,65.3
72,0.0,-51.7
24,0.0,-58.0
48,0.0,-50.0
72,0.0,-55.0
24,0.0,-23.5
48,0.0,8.5
72,0.0,-26.5
24,0.0,-37.8
48,0.0,-35.8
72,0.0,-34.8
24,-38.0,13.5
48,-29.0,14.5
72,50.0,-0.5
24,-80.0,88.19999999999999
48,-17.0,84.19999999999999
72,-86.0,90.19999999999999
24,0.0,220.7
48,0.0,228.7
72,-63.0,261.7
24,1.0,361.2
48,1.0,242.2
72,-3.0,387.2
24,0.0,266.2
48,0.0,287.2
72,0.0,240.2
24,0.0,61.299999999999955
48,0.0,-1.7000000000000455
72,0.0,-67.70000000000005
24,0.0,-6.7000000000000455
48,0.0,-69.70000000000005
72,0.0,-291.70000000000005
24,0.0,142.79999999999995
48,0.0,-251.20000000000005
72,0.0,-295.20000000000005
24,0.0,61.5
48,0.0,-196.5
72,0.0,-340.5
24,-21.0,60.19999999999999
48,-19.0,25.19999999999999
72,1.0,-263.8
24,-77.0,45.0
48,-36.0,42.0
72,3.0,-14.0
24,-86.0,34.0
48,-25.0,28.0
72,8.0,17.0
24,21.0,-20.0
48,21.0,-48.0
72,21.0,-50.0
24,1.0,-10.0
48,1.0,-92.0
72,1.0,-79.0
24,0.0,47.0
48,0.0,-20.0
72,0.0,-17.0
24,0.0,-37.8
48,0.0,68.2
72,0.0,-80.8
24,0.0,-25.299999999999997
48,0.0,-6.299999999999997
72,0.0,-48.3
24,0.0,63.7
48,0.0,-30.299999999999997
72,0.0,32.7
24,0.0,72.2
48,0.0,119.2
72,0.0,-25.799999999999997
24,0.0,-12.700000000000003
48,0.0,-24.700000000000003
72,0.0,-56.7
24,0.0,-54.2
48,0.0,-27.200000000000003
72,0.0,-79.2
24,0.0,-44.8
48,0.0,-8.799999999999997
72,0.0,-73.8
24,0.0,-42.2
48,0.0,-42.2
72,0.0,-35.2
24,0.0,-7.0
48,0.0,-9.0
72,0.0,-2.0
24,0.0,-2.5
48,0.0,5.5
72,0.0,-2.5
24,0.0,-28.200000000000003
48,0.0,-23.200000000000003
72,0.0,-25.200000000000003
24,0.0,-17.5
48,0.0,-39.5
72,0.0,-34.5
24,0.0,-47.0
48,0.0,13.0
72,0.0,-83.0
24,0.0,-14.5
48,0.0,-25.5
72,0.0,-10.5
24,0.0,495.3
48,0.0,56.30000000000001
72,0.0,49.30000000000001
24,3.0,419.2
48,3.0,69.19999999999999
72,3.0,80.19999999999999
24,0.0,90.5
48,0.0,148.5
72,0.0,142.5
24,17.0,56.299999999999955
48,100.0,-38.700000000000045
72,100.0,-325.70000000000005
24,5.0,28.200000000000045
48,96.0,-22.799999999999955
72,100.0,-120.79999999999995
24,5.0,30.80000000000001
48,97.0,-14.199999999999989
72,100.0,-89.19999999999999
24,0.0,6.299999999999997
48,100.0,-6.700000000000003
72,100.0,-49.7
24,0.0,0.0
48,0.0,0.0
72,0.0,0.0
24,0.0,-21.5
48,0.0,-21.5
72,0.0,-21.5
24,0.0,-40.0
48,0.0,-39.0
72,0.0,-40.0
24,0.0,-45.0
48,0.0,-45.0
72,0.0,-44.0
24,0.0,-43.700000000000045
48,0.0,-43.700000000000045
72,0.0,-43.700000000000045
24,0.0,-45.5
48,0.0,-42.5
72,0.0,-45.5
24,0.0,-55.5
48,0.0,-53.5
72,0.0,-55.5
24,0.0,-62.799999999999955
48,0.0,-61.799999999999955
72,0.0,-64.79999999999995
24,0.0,-71.70000000000005
48,0.0,-62.700000000000045
72,0.0,-68.70000000000005
24,0.0,-68.79999999999995
48,0.0,-61.799999999999955
72,0.0,-67.79999999999995
24,0.0,-66.0
48,0.0,-60.0
72,0.0,-65.0
24,0.0,-49.69999999999999
48,0.0,-44.69999999999999
72,0.0,-48.69999999999999
24,0.0,-10.299999999999997
48,0.0,-8.299999999999997
72,0.0,-10.299999999999997
24,0.0,0.0
48,0.0,0.0
72,0.0,0.0
24,0.0,-33.2
48,0.0,-29.200000000000003
72,0.0,-37.2
24,0.0,-43.30000000000001
48,0.0,-104.30000000000001
72,0.0,-74.30000000000001
24,31.0,-198.5
48,31.0,-219.5
72,31.0,-258.5
24,53.0,-319.5
48,53.0,-382.5
72,53.0,-342.5
24,11.0,-137.70000000000005
48,11.0,-230.70000000000005
72,11.0,-423.70000000000005
24,100.0,-82.0
48,52.0,-65.0
72,100.0,-294.0
24,-1.0,-60.799999999999955
48,-1.0,-61.799999999999955
72,99.0,-89.79999999999995
24,-5.0,-61.5
48,6.0,-58.5
72,95.0,-554.5
24,77.0,-41.0
48,-18.0,-14.0
72,77.0,-208.0
24,-3.0,-60.799999999999955
48,-35.0,-56.799999999999955
72,2.0,-65.79999999999995
24,16.0,-55.19999999999999
48,86.0,-90.19999999999999
72,-14.0,-46.19999999999999
24,89.0,-21.0
48,89.0,-45.0
72,-11.0,-12.0
24,0.0,0.0
48,0.0,0.0
72,0.0,0.0
24,0.0,14.0
48,0.0,16.0
72,0.0,-6.0
24,0.0,9.799999999999997
48,0.0,38.8
72,0.0,67.8
24,0.0,10.699999999999989
48,-33.0,283.7
72,0.0,124.69999999999999
24,0.0,239.3
48,0.0,307.3
72,0.0,305.3
24,42.0,237.8
48,-50.0,298.8
72,42.0,278.8
24,0.0,103.29999999999995
48,0.0,99.29999999999995
72,6.0,106.29999999999995
24,-6.0,-47.0
48,-1.0,-49.0
72,10.0,-45.0
24,-2.0,-49.700000000000045
48,-2.0,-53.700000000000045
72,-2.0,-49.700000000000045
24,-1.0,-41.5
48,5.0,-45.5
72,-1.0,-40.5
24,0.0,-32.700000000000045
48,100.0,-66.70000000000005
72,0.0,-29.700000000000045
24,0.0,-17.80000000000001
48,63.0,-30.80000000000001
72,0.0,-16.80000000000001
24,0.0,1.7000000000000028
48,77.0,-5.299999999999997
72,0.0,1.7000000000000028
24,5.0,0.0
48,9.0,0.0
72,-1.0,0.0
24,0.0,-20.299999999999997
48,6.0,-20.299999999999997
72,0.0,-21.299999999999997
24,3.0,-40.80000000000001
48,44.0,-39.80000000000001
72,-3.0,-43.80000000000001
24,100.0,-64.5
48,100.0,-83.5
72,100.0,-55.5
24,61.0,-45.700000000000045
48,99.0,-85.70000000000005
72,6.0,-45.700000000000045
24,19.0,-76.29999999999995
48,19.0,-89.29999999999995
72,19.0,-43.299999999999955
24,0.0,-104.79999999999995
48,0.0,-101.79999999999995
72,0.0,-41.799999999999955
24,0.0,-110.29999999999995
48,0.0,-134.29999999999995
72,-25.0,-7.2999999999999545
24,0.0,-18.200000000000045
48,0.0,-52.200000000000045
72,0.0,73.79999999999995
24,0.0,-70.5
48,0.0,0.5
72,-35.0,145.5
24,0.0,-47.30000000000001
48,0.0,42.69999999999999
72,0.0,125.69999999999999
24,0.0,-9.800000000000011
48,0.0,24.19999999999999
72,0.0,66.19999999999999
24,0.0,25.200000000000003
48,0.0,26.200000000000003
72,0.0,1.2000000000000028
24,0.0,0.0
48,0.0,0.0
72,0.0,0.0
24,0.0,1.6999999999999993
48,0.0,-24.3
72,0.0,-25.3
24,0.0,-51.3
48,0.0,-47.3
72,0.0,-60.3
24,0.0,-73.2
48,0.0,-73.2
72,0.0,-80.2
24,0.0,-81.5
48,0.0,-92.5
72,0.0,-86.5
24,0.0,-152.7
48,0.0,-150.7
72,0.0,-131.7
24,0.0,-43.0
48,0.0,-217.0
72,0.0,-186.0
24,0.0,-40.5
48,0.0,-19.5
72,0.0,-79.5
24,0.0,-66.80000000000001
48,0.0,-52.80000000000001
72,0.0,-81.80000000000001
24,0.0,-172.5
48,0.0,-182.5
72,0.0,-134.5
24,0.0,-69.5
48,0.0,-34.5
72,0.0,-113.5
24,0.0,126.2
48,0.0,113.2
72,0.0,-40.8
24,0.0,19.0
48,0.0,19.0
72,0.0,1.0
24,0.0,0.0
48,0.0,0.0
72,0.0,0.0
24,0.0,-42.8
48,0.0,-30.799999999999997
72,0.0,-42.8
24,21.0,-57.0
48,21.0,-69.0
72,21.0,-49.0
24,0.0,-55.5
48,0.0,-78.5
72,0.0,-61.5
24,0.0,40.2
48,0.0,-42.8
72,0.0,-21.799999999999997
24,0.0,79.80000000000001
48,0.0,-74.19999999999999
72,0.0,-115.19999999999999
24,0.0,54.0
48,0.0,-60.0
72,0.0,-4.0
24,0.0,69.19999999999999
48,0.0,-79.80000000000001
72,0.0,18.19999999999999
24,0.0,33.69999999999999
48,0.0,69.69999999999999
72,0.0,91.69999999999999
24,0.0,0.0
48,0.0,-33.0
72,0.0,15.0
24,0.0,-6.200000000000003
48,0.0,-13.200000000000003
72,0.0,66.8
24,0.0,-4.299999999999997
48,0.0,27.700000000000003
72,0.0,57.7
24,0.0,-17.0
48,0.0,10.0
72,0.0,-1.0
24,1.0,-0.2
48,1.0,-0.2
72,1.0,-0.2
24,-59.0,4.200000000000003
48,-3.0,-40.8
72,0.0,-55.8
24,1.0,75.19999999999999
48,1.0,-125.80000000000001
72,1.0,-115.80000000000001
24,49.0,-140.8
48,61.0,-373.8
72,61.0,-369.8
24,80.0,-316.0
48,80.0,-607.0
72,80.0,-620.0
24,9.0,-90.5
48,9.0,-743.5
72,9.0,-585.5
24,0.0,-84.29999999999995
48,0.0,-732.3
72,0.0,-138.29999999999995
24,0.0,-40.799999999999955
48,0.0,-123.79999999999995
72,0.0,-390.79999999999995
24,0.0,-88.20000000000005
48,0.0,-642.2
72,0.0,-409.20000000000005
24,0.0,248.2
48,0.0,-257.8
72,0.0,334.2
24,0.0,140.2
48,0.0,-179.8
72,0.0,-137.8
24,0.0,64.2
48,0.0,-55.8
72,0.0,-58.8
24,0.0,25.200000000000003
48,0.0,-23.799999999999997
72,0.0,-30.799999999999997
24,0.0,-0.3
48,0.0,-0.3
72,0.0,-0.3
24,13.0,-43.0
48,13.0,-104.0
72,13.0,-106.0
24,-91.0,-38.0
48,-24.0,-57.0
72,2.0,-319.0
24,45.0,-64.79999999999995
48,45.0,-113.79999999999995
72,45.0,-515.8
24,10.0,-41.5
48,100.0,-136.5
72,100.0,-673.5
24,63.0,-44.700000000000045
48,63.0,-152.70000000000005
72,63.0,-812.7
24,-52.0,-40.0
48,0.0,-201.0
72,0.0,-872.0
24,0.0,-68.20000000000005
48,0.0,-235.20000000000005
72,0.0,-827.2
24,1.0,-33.799999999999955
48,1.0,-187.79999999999995
72,1.0,-767.8
24,0.0,-43.299999999999955
48,0.0,-295.29999999999995
72,0.0,-668.3
24,0.0,-62.299999999999955
48,0.0,-295.29999999999995
72,0.0,-466.29999999999995
24,0.0,-17.19999999999999
48,0.0,-175.2
72,0.0,-190.2
24,0.0,10.799999999999997
48,0.0,-72.2
72,0.0,-62.2
24,0.0,0.0
48,0.0,0.0
72,0.0,0.0
24,0.0,-22.5
48,0.0,-21.5
72,0.0,-18.5
24,0.0,-81.2
48,0.0,-72.2
72,-7.0,87.8
24,0.0,-219.3
48,0.0,-146.3
72,-66.0,245.7
24,0.0,-258.5
48,0.0,-114.5
72,-89.0,331.5
24,0.0,-456.70000000000005
48,-13.0,6.2999999999999545
72,-90.0,153.29999999999995
24,0.0,-389.29999999999995
48,0.0,-217.29999999999995
72,-93.0,183.70000000000005
24,2.0,38.5
48,2.0,-115.5
72,-92.0,269.5
24,0.0,441.7
48,0.0,462.7
72,-4.0,286.7
24,0.0,256.7
48,0.0,203.7
72,0.0,43.69999999999999
24,0.0,254.2
48,0.0,322.2
72,0.0,213.2
24,0.0,121.0
48,-79.0,259.0
72,0.0,159.0
24,0.0,20.200000000000003
48,0.0,44.2
72,0.0,48.2
24,-2.0,-0.2
48,0.0,0.8
72,0.0,-0.2
24,0.0,-25.700000000000003
48,0.0,17.299999999999997
72,0.0,-39.7
24,0.0,-57.5
48,0.0,125.5
72,0.0,-53.5
24,0.0,1.2999999999999972
48,0.0,382.3
72,0.0,31.299999999999997
24,0.0,-17.30000000000001
48,-79.0,539.7
72,0.0,110.69999999999999
24,0.0,-65.30000000000001
48,0.0,431.7
72,0.0,23.69999999999999
24,0.0,177.3
48,0.0,-82.69999999999999
72,0.0,-74.69999999999999
24,0.0,287.3
48,0.0,-141.7
72,0.0,122.30000000000001
24,0.0,572.2
48,0.0,256.2
72,0.0,630.2
24,0.0,376.5
48,0.0,-17.5
72,-1.0,543.5
24,0.0,177.3
48,0.0,-20.700000000000003
72,0.0,391.3
24,0.0,-20.700000000000003
48,0.0,-31.700000000000003
72,0.0,4.299999999999997
24,0.0,14.3
48,0.0,3.3000000000000007
72,0.0,47.3
24,0.0,0.0
48,0.0,0.0
72,0.0,0.0
24,0.0,-24.299999999999997
48,0.0,-15.299999999999997
72,0.0,-19.299999999999997
24,0.0,-61.7
48,0.0,-61.7
72,0.0,-54.7
24,0.0,-62.5
48,0.0,-68.5
72,0.0,-35.5
24,0.0,-75.19999999999999
48,0.0,-120.19999999999999
72,0.0,-62.19999999999999
24,0.0,89.30000000000001
48,0.0,-225.7
72,0.0,-145.7
24,0.0,-115.5
48,0.0,-257.5
72,0.0,-224.5
24,0.0,-251.29999999999995
48,0.0,-563.3
72,0.0,-526.3
24,0.0,-423.7
48,0.0,-420.7
72,0.0,-203.7
24,69.0,-537.5
48,69.0,-640.5
72,69.0,-553.5
24,51.0,-118.19999999999999
48,87.0,-446.2
72,87.0,-351.2
24,94.0,-146.3
48,94.0,-312.3
72,94.0,-294.3
24,94.0,-26.80000000000001
48,94.0,-91.80000000000001
72,94.0,-116.80000000000001
24,0.0,0.8
48,0.0,0.8
72,-95.0,-0.19999999999999996
24,0.0,-34.2
48,-95.0,-25.200000000000003
72,-95.0,-27.200000000000003
24,-95.0,-43.5
48,-94.0,-42.5
72,-95.0,-44.5
24,0.0,-71.29999999999995
48,-95.0,-48.299999999999955
72,0.0,-91.29999999999995
24,71.0,-73.70000000000005
48,-29.0,-42.700000000000045
72,71.0,-88.70000000000005
24,30.0,-70.70000000000005
48,-65.0,-37.700000000000045
72,-3.0,-57.700000000000045
24,-93.0,-26.200000000000045
48,-17.0,-29.200000000000045
72,-89.0,-31.200000000000045
24,-13.0,-50.0
48,-19.0,-47.0
72,36.0,-59.0
24,11.0,70.0
48,-64.0,86.0
72,-64.0,89.0
24,66.0,95.79999999999995
48,13.0,146.79999999999995
72,-12.0,159.79999999999995
24,45.0,11.800000000000011
48,45.0,44.80000000000001
72,45.0,36.80000000000001
24,0.0,-70.30000000000001
48,0.0,-46.30000000000001
72,-90.0,-4.300000000000011
24,1.0,-25.80000000000001
48,1.0,-28.80000000000001
72,1.0,-21.80000000000001
24,18.0,1.7
48,-74.0,1.7
72,-75.0,1.7
24,22.0,10.299999999999997
48,0.0,-3.700000000000003
72,-71.0,23.299999999999997
24,-17.0,75.19999999999999
48,-61.0,29.19999999999999
72,-73.0,78.19999999999999
24,-17.0,-135.2
48,0.0,-262.2
72,0.0,-226.2
24,0.0,-410.79999999999995
48,0.0,-446.79999999999995
72,0.0,-397.79999999999995
24,0.0,-340.79999999999995
48,0.0,-275.79999999999995
72,0.0,-398.79999999999995
24,27.0,210.7
48,27.0,-95.30000000000001
72,-39.0,476.7
24,4.0,88.5
48,4.0,-58.5
72,4.0,-124.5
24,0.0,-119.79999999999995
48,-50.0,131.20000000000005
72,-14.0,-164.79999999999995
24,6.0,-53.5
48,4.0,-30.5
72,6.0,-446.5
24,7.0,-226.8
48,7.0,159.2
72,7.0,-57.80000000000001
24,14.0,-120.69999999999999
48,14.0,-87.69999999999999
72,14.0,-95.69999999999999
24,0.0,-35.3
48,0.0,-26.299999999999997
72,0.0,-26.299999999999997
24,0.0,0.0
48,0.0,0.0
72,-20.0,1.0
24,0.0,-45.3
48,0.0,-44.3
72,-95.0,46.7
24,0.0,-145.8
48,0.0,-161.8
72,-95.0,118.19999999999999
24,0.0,-288.0
48,0.0,-245.0
72,-100.0,134.0
24,17.0,-397.79999999999995
48,17.0,-253.79999999999995
72,-83.0,145.20000000000005
24,0.0,-237.29999999999995
48,0.0,-511.29999999999995
72,-96.0,108.70000000000005
24,0.0,-291.20000000000005
48,0.0,-499.20000000000005
72,-84.0,54.799999999999955
24,0.0,60.299999999999955
48,0.0,245.29999999999995
72,0.0,315.29999999999995
24,0.0,1.3000000000000114
48,0.0,225.3
72,0.0,331.3
24,0.0,8.699999999999989
48,0.0,192.7
72,0.0,172.7
24,0.0,-171.7
48,0.0,-155.7
72,0.0,-137.7
24,0.0,40.80000000000001
48,0.0,82.80000000000001
72,0.0,39.80000000000001
24,3.0,-9.5
48,3.0,-0.5
72,3.0,-1.5
24,0.0,-0.5
48,0.0,-0.5
72,0.0,0.5
24,0.0,-31.799999999999997
48,-2.0,-15.799999999999997
72,0.0,-29.799999999999997
24,0.0,-76.8
48,0.0,-80.8
72,0.0,-71.8
24,0.0,-72.5
48,0.0,34.5
72,0.0,-100.5
24,0.0,66.5
48,0.0,-6.5
72,0.0,-100.5
24,0.0,-27.30000000000001
48,0.0,-119.30000000000001
72,0.0,-289.3
24,36.0,-63.5
48,-21.0,378.5
72,36.0,367.5
24,-6.0,226.5
48,-58.0,580.5
72,-25.0,499.5
24,11.0,-120.30000000000001
48,11.0,428.7
72,11.0,530.7
24,19.0,-72.30000000000001
48,-37.0,500.7
72,19.0,511.7
24,92.0,53.30000000000001
48,57.0,282.3
72,73.0,368.3
24,58.0,60.0
48,92.0,-89.0
72,92.0,81.0
24,73.0,22.799999999999997
48,96.0,-28.200000000000003
72,78.0,62.8
24,0.0,0.30000000000000004
48,0.0,-0.7
72,0.0,-0.7
24,0.0,-18.5
48,0.0,-64.5
72,0.0,-15.5
24,0.0,132.5
48,0.0,-88.5
72,0.0,-29.5
24,0.0,252.0
48,0.0,-62.0
72,0.0,21.0
24,0.0,208.0
48,0.0,-26.0
72,0.0,76.0
24,0.0,-133.79999999999995
48,0.0,-58.799999999999955
72,0.0,68.20000000000005
24,0.0,-166.70000000000005
48,0.0,76.29999999999995
72,0.0,84.29999999999995
24,0.0,-80.20000000000005
48,0.0,145.79999999999995
72,0.0,79.79999999999995
24,0.0,248.5
48,0.0,38.5
72,0.0,87.5
24,0.0,415.5
48,0.0,169.5
72,0.0,120.5
24,0.0,76.30000000000001
48,0.0,75.30000000000001
72,0.0,26.30000000000001
24,0.0,-31.19999999999999
48,0.0,0.8000000000000114
72,0.0,9.800000000000011
24,0.0,13.799999999999997
48,0.0,-10.200000000000003
72,0.0,-33.2
24,0.0,0.19999999999999996
48,0.0,0.19999999999999996
72,0.0,0.19999999999999996
24,0.0,0.29999999999999716
48,0.0,14.299999999999997
72,0.0,2.299999999999997
24,0.0,19.5
48,0.0,-63.5
72,0.0,137.5
24,0.0,47.69999999999999
48,0.0,-150.3
72,0.0,156.7
24,0.0,222.3
48,0.0,15.300000000000011
72,0.0,-42.69999999999999
24,1.0,220.2
48,1.0,238.2
72,1.0,59.19999999999999
24,0.0,377.0
48,0.0,-223.0
72,0.0,267.0
24,0.0,213.5
48,-14.0,207.5
72,0.0,-156.5
24,30.0,-295.8
48,30.0,-126.80000000000001
72,30.0,-218.8
24,1.0,-136.5
48,1.0,132.5
72,1.0,-118.5
24,1.0,-105.69999999999999
48,1.0,-25.69999999999999
72,1.0,-38.69999999999999
24,48.0,-50.3
48,48.0,-4.299999999999997
72,48.0,37.7
24,-31.0,111.2
48,2.0,88.2
72,48.0,14.2
24,-100.0,1.7999999999999998
48,-100.0,1.7999999999999998
72,0.0,1.7999999999999998
24,-100.0,8.700000000000003
48,-100.0,7.700000000000003
72,0.0,-25.299999999999997
24,0.0,-19.80000000000001
48,-46.0,14.199999999999989
72,0.0,-39.80000000000001
24,-81.0,42.30000000000001
48,-88.0,35.30000000000001
72,6.0,-56.69999999999999
24,-92.0,131.70000000000005
48,-88.0,118.70000000000005
72,2.0,14.700000000000045
24,-71.0,113.29999999999995
48,-70.0,100.29999999999995
72,24.0,17.299999999999955
24,93.0,-24.200000000000045
48,-1.0,-14.200000000000045
72,79.0,-47.200000000000045
24,100.0,-205.29999999999995
48,5.0,-17.299999999999955
72,18.0,-53.299999999999955
24,74.0,-48.200000000000045
48,-14.0,-18.200000000000045
72,33.0,-115.20000000000005
24,-74.0,40.700000000000045
48,-74.0,39.700000000000045
72,-8.0,-121.29999999999995
24,0.0,56.30000000000001
48,-90.0,90.30000000000001
72,-59.0,-36.69999999999999
24,0.0,-26.80000000000001
48,-94.0,120.19999999999999
72,-63.0,20.19999999999999
24,0.0,7.0
48,-95.0,81.0
72,-30.0,18.0
24,0.0,-1.5
48,0.0,-1.5
72,0.0,0.5
24,0.0,-3.299999999999997
48,0.0,-46.3
72,0.0,-17.299999999999997
24,0.0,32.5
48,0.0,1.5
72,0.0,4.5
24,0.0,104.80000000000001
48,0.0,-10.199999999999989
72,0.0,-58.19999999999999
24,0.0,108.80000000000001
48,0.0,-15.199999999999989
72,0.0,-165.2
24,0.0,60.299999999999955
48,0.0,-1.7000000000000455
72,0.0,-93.70000000000005
24,0.0,-13.5
48,0.0,-45.5
72,0.0,-150.5
24,0.0,-11.0
48,0.0,-44.0
72,0.0,-193.0
24,0.0,-84.29999999999995
48,0.0,-15.299999999999955
72,0.0,-244.29999999999995
24,0.0,-2.3000000000000114
48,0.0,41.69999999999999
72,0.0,-241.3
24,0.0,12.199999999999989
48,0.0,16.19999999999999
72,0.0,-179.8
24,0.0,9.0
48,0.0,42.0
72,0.0,-16.0
24,0.0,9.0
48,0.0,14.0
72,0.0,-1.0
24,0.0,1.8
48,0.0,0.8
72,0.0,0.8
24,0.0,11.2
48,0.0,-4.800000000000001
72,0.0,32.2
24,0.0,95.0
48,0.0,-7.0
72,0.0,176.0
24,0.0,96.8
48,0.0,-12.200000000000003
72,-8.0,436.8
24,0.0,27.200000000000003
48,0.0,34.2
72,0.0,459.2
24,0.0,-38.69999999999999
48,0.0,-69.69999999999999
72,0.0,84.30000000000001
24,0.0,-6.300000000000011
48,0.0,-74.30000000000001
72,0.0,458.7
24,0.0,6.0
48,0.0,-84.0
72,0.0,454.0
24,0.0,526.5
48,0.0,261.5
72,0.0,-57.5
24,0.0,243.3
48,0.0,312.3
72,0.0,-71.7
24,0.0,106.2
48,0.0,135.2
72,0.0,-86.8
24,0.0,-11.200000000000003
48,0.0,47.8
72,0.0,-65.2
24,0.0,-26.700000000000003
48,0.0,-46.7
72,0.0,-69.7
24,-100.0,-1.2999999999999998
48,-100.0,-1.2999999999999998
72,0.0,-1.2999999999999998
24,-100.0,-30.69999999999999
48,-100.0,-31.69999999999999
72,0.0,-57.69999999999999
24,-97.0,-48.30000000000001
48,-97.0,-45.30000000000001
72,-64.0,-66.30000000000001
24,0.0,-59.799999999999955
48,0.0,-53.799999999999955
72,37.0,-81.79999999999995
24,0.0,-54.299999999999955
48,0.0,-46.299999999999955
72,36.0,-83.29999999999995
24,0.0,-56.799999999999955
48,0.0,-45.799999999999955
72,0.0,-77.79999999999995
24,-15.0,-63.0
48,-15.0,-49.0
72,-15.0,-78.0
24,-63.0,-58.799999999999955
48,-63.0,-44.799999999999955
72,-57.0,-66.79999999999995
24,-95.0,-72.5
48,-90.0,-61.5
72,-95.0,-59.5
24,-99.0,-67.29999999999995
48,-94.0,-58.299999999999955
72,-99.0,-55.299999999999955
24,-84.0,-68.29999999999995
48,-84.0,-58.299999999999955
72,-79.0,-57.299999999999955
24,-46.0,-38.19999999999999
48,-46.0,-31.19999999999999
72,49.0,-33.19999999999999
24,-91.0,1.1999999999999886
48,-85.0,4.199999999999989
72,-85.0,5.199999999999989
24,0.0,4.5
48,0.0,4.5
72,0.0,3.5
24,0.0,12.700000000000003
48,0.0,-5.299999999999997
72,-86.0,16.700000000000003
24,0.0,-168.7
48,0.0,-58.69999999999999
72,0.0,-33.69999999999999
24,0.0,58.5
48,0.0,203.5
72,0.0,276.5
24,0.0,348.8
48,0.0,397.8
72,0.0,476.8
24,0.0,556.5
48,0.0,545.5
72,-8.0,581.5
24,0.0,246.0
48,0.0,369.0
72,-2.0,637.0
24,0.0,563.2
48,0.0,-5.799999999999997
72,-1.0,461.2
24,0.0,-60.0
48,0.0,343.0
72,0.0,-151.0
24,0.0,-111.80000000000001
48,0.0,-63.80000000000001
72,0.0,-84.80000000000001
24,0.0,-20.200000000000003
48,0.0,58.8
72,0.0,116.8
24,0.0,-36.3
48,0.0,16.700000000000003
72,0.0,-33.3
24,0.0,-27.200000000000003
48,0.0,-25.200000000000003
72,0.0,-28.200000000000003
24,0.0,-0.2999999999999998
48,0.0,-2.3
72,0.0,-0.2999999999999998
24,-8.0,-88.5
48,0.0,-126.5
72,0.0,-118.5
24,0.0,-144.0
48,0.0,-286.0
72,0.0,-288.0
24,0.0,-45.5
48,0.0,-323.5
72,0.0,-218.5
24,0.0,-342.70000000000005
48,-1.0,-271.70000000000005
72,0.0,-224.70000000000005
24,0.0,-332.79999999999995
48,-4.0,-242.79999999999995
72,0.0,-351.79999999999995
24,-22.0,-207.29999999999995
48,0.0,-416.29999999999995
72,0.0,-592.3
24,0.0,-137.29999999999995
48,0.0,-78.29999999999995
72,0.0,-235.29999999999995
24,0.0,-69.70000000000005
48,0.0,-41.700000000000045
72,0.0,-242.70000000000005
24,0.0,-64.0
48,0.0,-145.0
72,0.0,-50.0
24,0.0,-48.19999999999999
48,0.0,-41.19999999999999
72,0.0,43.80000000000001
24,0.0,21.30000000000001
48,0.0,14.300000000000011
72,0.0,16.30000000000001
24,0.0,0.7999999999999972
48,0.0,16.799999999999997
72,0.0,-24.200000000000003
24,11.0,-3.6999999999999993
48,11.0,-2.6999999999999993
72,11.0,-3.6999999999999993
24,0.0,-18.700000000000003
48,0.0,-9.700000000000003
72,0.0,-10.700000000000003
24,0.0,-0.5
48,0.0,-47.5
72,0.0,-79.5
24,2.0,113.69999999999999
48,2.0,39.69999999999999
72,2.0,-35.30000000000001
24,0.0,121.0
48,0.0,113.0
72,0.0,47.0
24,0.0,-620.5
48,0.0,-219.5
72,0.0,-123.5
24,0.0,-604.5
48,0.0,-291.5
72,0.0,-106.5
24,0.0,-321.79999999999995
48,0.0,-679.8
72,0.0,-113.79999999999995
24,0.0,-21.700000000000045
48,0.0,-610.7
72,0.0,-386.70000000000005
24,0.0,-63.0
48,0.0,-391.0
72,0.0,-427.0
24,0.0,-28.80000000000001
48,0.0,-274.8
72,0.0,-205.8
24,0.0,4.199999999999989
48,0.0,-251.8
72,0.0,-233.8
24,0.0,33.7
48,0.0,-65.3
72,0.0,-28.299999999999997
24,100.0,-2.3000000000000007
48,100.0,-9.3
72,100.0,-9.3
24,100.0,-50.69999999999999
48,100.0,-150.7
72,100.0,-154.7
24,97.0,-78.80000000000001
48,40.0,-41.80000000000001
72,12.0,-39.80000000000001
24,100.0,-79.0
48,100.0,-82.0
72,15.0,-31.0
24,6.0,-10.299999999999955
48,27.0,-15.299999999999955
72,94.0,-25.299999999999955
24,-1.0,-25.5
48,99.0,-35.5
72,99.0,-52.5
24,-93.0,-44.799999999999955
48,-88.0,-36.799999999999955
72,-82.0,-48.799999999999955
24,-100.0,-45.200000000000045
48,-100.0,-40.200000000000045
72,-94.0,-50.200000000000045
24,-95.0,-30.700000000000045
48,-18.0,-39.700000000000045
72,-87.0,-32.700000000000045
24,-86.0,-22.0
48,-2.0,-83.0
72,-83.0,-24.0
24,-39.0,26.799999999999955
48,3.0,-38.200000000000045
72,-90.0,26.799999999999955
24,-84.0,51.30000000000001
48,9.0,4.300000000000011
72,-84.0,49.30000000000001
24,3.0,28.80000000000001
48,80.0,5.800000000000011
72,13.0,27.80000000000001
24,0.0,-2.0
48,0.0,1.0
72,0.0,1.0
24,0.0,-14.700000000000003
48,0.0,-22.700000000000003
72,0.0,37.3
24,4.0,-45.3
48,4.0,-57.3
72,4.0,155.7
24,82.0,-336.3
48,82.0,-284.3
72,82.0,66.69999999999999
24,49.0,-45.0
48,49.0,-672.0
72,37.0,-18.0
24,0.0,-659.7
48,0.0,-590.7
72,0.0,14.299999999999955
24,-34.0,7.0
48,-35.0,0.0
72,55.0,-42.0
24,24.0,46.200000000000045
48,66.0,-14.799999999999955
72,66.0,-35.799999999999955
24,50.0,-116.29999999999995
48,0.0,66.70000000000005
72,74.0,-29.299999999999955
24,89.0,-306.5
48,89.0,46.5
72,89.0,-15.5
24,-61.0,70.19999999999999
48,25.0,20.19999999999999
72,25.0,12.199999999999989
24,0.0,-108.19999999999999
48,0.0,24.80000000000001
72,0.0,-51.19999999999999
24,-72.0,18.5
48,1.0,-66.5
72,1.0,-29.5
24,0.0,-5.699999999999999
48,-46.0,-5.699999999999999
72,-88.0,-4.699999999999999
24,4.0,-81.0
48,4.0,-76.0
72,4.0,-59.0
24,34.0,-240.0
48,34.0,-122.0
72,34.0,-119.0
24,1.0,-222.0
48,1.0,-205.0
72,1.0,-74.0
24,3.0,-52.5
48,3.0,-129.5
72,3.0,-93.5
24,25.0,-54.0
48,19.0,-47.0
72,25.0,-133.0
24,-91.0,-49.799999999999955
48,3.0,-146.79999999999995
72,3.0,-139.79999999999995
24,5.0,-92.20000000000005
48,-18.0,-48.200000000000045
72,5.0,-159.20000000000005
24,5.0,-116.70000000000005
48,5.0,-50.700000000000045
72,5.0,-110.70000000000005
24,2.0,-36.5
48,2.0,-58.5
72,2.0,-110.5
24,9.0,-23.299999999999955
48,10.0,-81.29999999999995
72,-6.0,-40.299999999999955
24,83.0,-10.699999999999989
48,83.0,16.30000000000001
72,83.0,-160.7
24,0.0,-18.69999999999999
48,0.0,-8.699999999999989
72,0.0,-47.69999999999999
24,44.0,-5.199999999999999
48,7.0,-5.199999999999999
72,20.0,-6.199999999999999
24,4.0,-33.69999999999999
48,-3.0,-35.69999999999999
72,8.0,-46.69999999999999
24,75.0,-78.30000000000001
48,75.0,-71.30000000000001
72,75.0,-194.3
24,0.0,-88.29999999999995
48,-93.0,-32.299999999999955
72,0.0,-413.29999999999995
24,0.0,20.5
48,-92.0,81.5
72,0.0,-405.5
24,0.0,57.299999999999955
48,-84.0,121.29999999999995
72,0.0,-217.70000000000005
24,0.0,154.79999999999995
48,0.0,188.79999999999995
72,0.0,165.79999999999995
24,0.0,569.5
48,0.0,624.5
72,0.0,532.5
24,0.0,252.2
48,0.0,319.2
72,0.0,-105.80000000000001
24,0.0,210.8
48,0.0,214.8
72,0.0,-376.2
24,0.0,104.69999999999999
48,0.0,-130.3
72,0.0,-328.3
24,0.0,59.30000000000001
48,0.0,-79.69999999999999
72,0.0,-105.69999999999999
24,0.0,8.5
48,0.0,-34.5
72,0.0,-37.5
24,97.0,0.1999999999999993
48,97.0,2.1999999999999993
72,97.0,-0.8000000000000007
24,100.0,-16.0
48,65.0,35.0
72,100.0,-26.0
24,5.0,23.0
48,23.0,20.0
72,-1.0,23.0
24,28.0,-54.799999999999955
48,6.0,-56.799999999999955
72,0.0,-52.799999999999955
24,47.0,-61.0
48,6.0,-57.0
72,0.0,-54.0
24,42.0,-175.0
48,-23.0,-58.0
72,-29.0,-56.0
24,2.0,-171.0
48,-19.0,-75.0
72,-60.0,-61.0
24,-6.0,-217.5
48,-6.0,-193.5
72,-44.0,-66.5
24,-30.0,-55.799999999999955
48,-14.0,-55.799999999999955
72,64.0,-652.8
24,33.0,-62.200000000000045
48,40.0,-76.20000000000005
72,25.0,-65.20000000000005
24,1.0,-52.799999999999955
48,50.0,-158.79999999999995
72,71.0,-93.79999999999995
24,-38.0,-31.19999999999999
48,-1.0,-84.19999999999999
72,-41.0,-40.19999999999999
24,-5.0,-4.300000000000011
48,-5.0,-2.3000000000000114
72,-5.0,-6.300000000000011
24,-100.0,3.1999999999999993
48,0.0,-1.8000000000000007
72,0.0,-2.8000000000000007
24,-100.0,54.3
48,0.0,-16.700000000000003
72,0.0,-28.700000000000003
24,-70.0,195.2
48,-86.0,188.2
72,-32.0,120.19999999999999
24,-3.0,149.3
48,-9.0,139.3
72,65.0,69.30000000000001
24,-24.0,-42.799999999999955
48,-17.0,-55.799999999999955
72,57.0,-215.79999999999995
24,-24.0,-49.299999999999955
48,14.0,-83.29999999999995
72,76.0,-427.29999999999995
24,-16.0,-55.0
48,13.0,-75.0
72,84.0,-420.0
24,-19.0,-55.799999999999955
48,-12.0,-73.79999999999995
72,81.0,-426.79999999999995
24,-38.0,-58.5
48,-19.0,-86.5
72,62.0,-387.5
24,-23.0,-61.0
48,-1.0,-89.0
72,77.0,-449.0
24,-34.0,-47.299999999999955
48,-13.0,-74.29999999999995
72,66.0,-348.29999999999995
24,-99.0,-18.0
48,-77.0,-39.0
72,1.0,-234.0
24,-100.0,38.30000000000001
48,-88.0,24.30000000000001
72,-29.0,-9.699999999999989
24,0.0,7.2
48,0.0,7.2
72,0.0,2.2
24,0.0,17.8
48,0.0,20.8
72,0.0,7.800000000000001
24,0.0,20.299999999999997
48,0.0,-1.7000000000000028
72,0.0,41.3
24,0.0,33.5
48,0.0,17.5
72,0.0,34.5
24,0.0,-28.19999999999999
48,0.0,-17.19999999999999
72,0.0,-27.19999999999999
24,0.0,-90.80000000000001
48,0.0,-73.80000000000001
72,0.0,22.19999999999999
24,0.0,-80.5
48,0.0,-1.5
72,0.0,72.5
24,0.0,-138.0
48,0.0,-95.0
72,0.0,-10.0
24,0.0,-97.69999999999999
48,0.0,-97.69999999999999
72,0.0,23.30000000000001
24,0.0,-55.7
48,0.0,-55.7
72,0.0,34.3
24,0.0,-1.2000000000000028
48,0.0,-55.2
72,0.0,33.8
24,0.0,19.5
48,0.0,-51.5
72,0.0,124.5
24,0.0,-6.700000000000003
48,0.0,-29.700000000000003
72,0.0,66.3
24,0.0,-4.7
48,0.0,-1.7000000000000002
72,0.0,0.2999999999999998
24,0.0,-63.0
48,-34.0,7.0
72,0.0,-17.0
24,0.0,-27.200000000000003
48,0.0,-95.2
72,-23.0,72.8
24,0.0,-10.5
48,0.0,-216.5
72,-25.0,120.5
24,-92.0,343.2
48,0.0,-317.8
72,-2.0,34.19999999999999
24,-95.0,223.70000000000005
48,5.0,-335.29999999999995
72,5.0,-237.29999999999995
24,-55.0,268.79999999999995
48,11.0,109.79999999999995
72,45.0,-380.20000000000005
24,-100.0,681.5
48,-7.0,277.5
72,0.0,127.5
24,-95.0,640.0
48,-15.0,299.0
72,0.0,476.0
24,-81.0,523.3
48,4.0,-12.699999999999989
72,-10.0,305.3
24,5.0,183.3
48,100.0,-232.7
72,100.0,-185.7
24,93.0,63.69999999999999
48,82.0,-55.30000000000001
72,93.0,-66.30000000000001
24,0.0,16.30000000000001
48,0.0,-26.69999999999999
72,0.0,-73.69999999999999
24,0.0,2.2
48,0.0,13.2
72,0.0,4.2
24,0.0,49.3
48,0.0,1.2999999999999972
72,0.0,-2.700000000000003
24,0.0,25.799999999999997
48,0.0,21.799999999999997
72,0.0,-41.2
24,0.0,-75.5
48,0.0,-11.5
72,0.0,-66.5
24,0.0,-84.2
48,0.0,-65.2
72,0.0,-64.2
24,0.0,-94.30000000000001
48,0.0,-69.30000000000001
72,0.0,-67.30000000000001
24,0.0,-11.199999999999989
48,0.0,-21.19999999999999
72,0.0,-52.19999999999999
24,0.0,-79.69999999999999
48,0.0,-36.69999999999999
72,0.0,-75.69999999999999
24,0.0,-112.30000000000001
48,0.0,-66.30000000000001
72,0.0,-93.30000000000001
24,0.0,-98.19999999999999
48,0.0,-71.19999999999999
72,0.0,-108.19999999999999
24,0.0,-68.8
48,0.0,-69.8
72,0.0,-75.8
24,0.0,-44.0
48,0.0,-22.0
72,0.0,-34.0
24,0.0,-35.0
48,0.0,-29.0
72,0.0,-33.0
24,0.0,-10.5
48,0.0,-10.5
72,0.0,-9.5
24,79.0,-101.3
48,79.0,-104.3
72,79.0,-103.3
24,78.0,-124.30000000000001
48,78.0,-145.3
72,78.0,-111.30000000000001
24,61.0,-214.5
48,61.0,-238.5
72,61.0,-118.5
24,86.0,-301.29999999999995
48,94.0,-686.3
72,94.0,-74.29999999999995
24,81.0,-266.79999999999995
48,96.0,-823.8
72,96.0,-151.79999999999995
24,10.0,-15.200000000000045
48,99.0,-820.2
72,99.0,-447.20000000000005
24,31.0,-45.799999999999955
48,99.0,-622.8
72,29.0,-51.799999999999955
24,-37.0,-44.799999999999955
48,-93.0,-47.799999999999955
72,2.0,-72.79999999999995
24,-29.0,-41.5
48,-94.0,-42.5
72,0.0,-65.5
24,0.0,-50.700000000000045
48,-93.0,-38.700000000000045
72,0.0,-86.70000000000005
24,-13.0,-32.19999999999999
48,0.0,-72.19999999999999
72,0.0,-67.19999999999999
24,0.0,-26.5
48,0.0,-42.5
72,0.0,-38.5
24,-28.0,5.800000000000001
48,-88.0,6.800000000000001
72,1.0,-8.2
24,0.0,34.8
48,-89.0,64.8
72,0.0,-70.2
24,0.0,1.3000000000000114
48,0.0,127.30000000000001
72,0.0,-164.7
24,0.0,235.3
48,0.0,242.3
72,0.0,-256.7
24,-9.0,363.3
48,-17.0,431.3
72,0.0,-261.7
24,0.0,372.0
48,-22.0,428.0
72,0.0,-234.0
24,7.0,438.7
48,-8.0,452.7
72,8.0,-56.30000000000001
24,-20.0,444.2
48,-20.0,506.2
72,1.0,136.2
24,100.0,-239.20000000000005
48,76.0,289.79999999999995
72,91.0,277.79999999999995
24,100.0,-472.70000000000005
48,15.0,-36.700000000000045
72,86.0,-93.70000000000005
24,100.0,-437.0
48,89.0,-68.0
72,61.0,-53.0
24,100.0,-294.5
48,18.0,-31.5
72,11.0,-33.5
24,100.0,-122.5
48,17.0,-10.5
72,10.0,-11.5
24,38.0,-2.3000000000000007
48,-48.0,-2.3000000000000007
72,24.0,-2.3000000000000007
24,5.0,-28.19999999999999
48,-24.0,17.80000000000001
72,-89.0,25.80000000000001
24,20.0,-364.0
48,20.0,-92.0
72,20.0,-80.0
24,0.0,-286.0
48,-2.0,165.0
72,-2.0,105.0
24,0.0,-211.8
48,0.0,185.2
72,-1.0,139.2
24,0.0,-363.5
48,-82.0,266.5
72,-6.0,172.5
24,0.0,-508.70000000000005
48,-81.0,273.29999999999995
72,-21.0,266.29999999999995
24,1.0,-532.0
48,-84.0,260.0
72,-89.0,261.0
24,0.0,335.0
48,0.0,-144.0
72,-85.0,366.0
24,0.0,-258.2
48,0.0,332.8
72,0.0,337.8
24,0.0,-230.8
48,-83.0,304.2
72,-61.0,302.2
24,-79.0,251.0
48,0.0,209.0
72,0.0,175.0
24,0.0,-2.5
48,-24.0,88.5
72,0.0,123.5
24,0.0,-12.5
48,0.0,-4.5
72,0.0,-4.5
24,0.0,-70.5
48,0.0,-59.5
72,-1.0,-2.5
24,0.0,-123.80000000000001
48,0.0,-100.80000000000001
72,0.0,-49.80000000000001
24,0.0,-130.3
48,0.0,-113.30000000000001
72,0.0,-108.30000000000001
24,0.0,-159.5
48,0.0,-72.5
72,0.0,-44.5
24,0.0,110.0
48,0.0,-209.0
72,0.0,111.0
24,0.0,-165.8
48,0.0,-197.8
72,0.0,-210.8
24,0.0,-94.5
48,0.0,-60.5
72,0.0,-131.5
24,0.0,-109.0
48,0.0,-139.0
72,0.0,-139.0
24,0.0,-111.80000000000001
48,0.0,-109.80000000000001
72,0.0,-116.80000000000001
24,0.0,-21.700000000000003
48,0.0,-39.7
72,0.0,1.2999999999999972
24,0.0,-69.8
48,0.0,-60.8
72,0.0,-49.8
24,0.0,-34.0
48,0.0,-38.0
72,0.0,-32.0
24,0.0,1.2999999999999998
48,0.0,-6.7
72,0.0,-4.7
24,0.0,13.0
48,0.0,-43.0
72,0.0,-21.0
24,0.0,-88.30000000000001
48,0.0,-106.30000000000001
72,0.0,-116.30000000000001
24,0.0,-116.19999999999999
48,0.0,-156.2
72,0.0,-188.2
24,0.0,-28.30000000000001
48,0.0,-146.3
72,0.0,-143.3
24,0.0,42.0
48,0.0,-179.0
72,0.0,-178.0
24,0.0,-33.0
48,0.0,-146.0
72,0.0,-163.0
24,0.0,10.5
48,0.0,-60.5
72,0.0,-107.5
24,0.0,-138.8
48,0.0,-42.80000000000001
72,0.0,-35.80000000000001
24,0.0,24.0
48,0.0,-84.0
72,0.0,2.0
24,0.0,-15.699999999999989
48,0.0,-163.7
72,0.0,148.3
24,46.0,11.299999999999997
48,46.0,191.3
72,46.0,81.3
24,1.0,33.3
48,1.0,35.3
72,1.0,-26.700000000000003
24,65.0,-0.1999999999999993
48,65.0,-1.1999999999999993
72,65.0,-1.1999999999999993
24,69.0,-14.300000000000011
48,69.0,-12.300000000000011
72,69.0,-16.30000000000001
24,1.0,-48.30000000000001
48,1.0,-61.30000000000001
72,1.0,-53.30000000000001
24,3.0,-75.29999999999995
48,3.0,-163.29999999999995
72,3.0,-81.29999999999995
24,0.0,-130.79999999999995
48,0.0,-207.79999999999995
72,0.0,-91.79999999999995
24,0.0,-178.29999999999995
48,0.0,-206.29999999999995
72,-2.0,-42.299999999999955
24,17.0,-143.5
48,17.0,-148.5
72,17.0,-78.5
24,14.0,-123.0
48,14.0,-422.0
72,14.0,-192.0
24,-63.0,47.799999999999955
48,11.0,-50.200000000000045
72,11.0,-126.20000000000005
24,86.0,-79.0
48,-6.0,-40.0
72,86.0,-163.0
24,36.0,-37.299999999999955
48,81.0,-111.29999999999995
72,81.0,-177.29999999999995
24,94.0,-63.5
48,94.0,-49.5
72,94.0,-146.5
24,94.0,-49.69999999999999
48,94.0,0.30000000000001137
72,94.0,-33.69999999999999
24,-10.0,1.6999999999999993
48,79.0,-1.3000000000000007
72,79.0,-0.3000000000000007
24,-1.0,-0.19999999999998863
48,86.0,-40.19999999999999
72,86.0,-63.19999999999999
24,68.0,61.69999999999999
48,68.0,96.69999999999999
72,68.0,79.69999999999999
24,73.0,193.3
48,73.0,209.3
72,73.0,179.3
24,14.0,14.700000000000045
48,-3.0,65.70000000000005
72,-10.0,-114.29999999999995
24,11.0,-66.20000000000005
48,11.0,-38.200000000000045
72,-13.0,-294.20000000000005
24,84.0,115.20000000000005
48,84.0,146.20000000000005
72,44.0,53.200000000000045
24,95.0,89.20000000000005
48,95.0,84.20000000000005
72,34.0,102.20000000000005
24,92.0,-65.79999999999995
48,92.0,-54.799999999999955
72,62.0,-228.79999999999995
24,93.0,-99.79999999999995
48,93.0,-88.79999999999995
72,-7.0,-62.799999999999955
24,75.0,-96.70000000000005
48,75.0,-79.70000000000005
72,-17.0,-61.700000000000045
24,83.0,-86.69999999999999
48,83.0,-49.69999999999999
72,6.0,-40.69999999999999
24,96.0,-46.30000000000001
48,96.0,-29.30000000000001
72,-4.0,-8.300000000000011
24,27.0,3.1999999999999993
48,97.0,-1.8000000000000007
72,-3.0,4.199999999999999
24,1.0,-2.5
48,-4.0,1.5
72,-4.0,2.5
24,0.0,-28.5
48,100.0,-67.5
72,0.0,-29.5
24,0.0,-32.5
48,0.0,-31.5
72,0.0,-25.5
24,0.0,-32.700000000000045
48,0.0,-34.700000000000045
72,0.0,-36.700000000000045
24,0.0,-31.200000000000045
48,0.0,-34.200000000000045
72,0.0,-41.200000000000045
24,0.0,-48.700000000000045
48,0.0,-49.700000000000045
72,0.0,-58.700000000000045
24,0.0,-60.299999999999955
48,0.0,-60.299999999999955
72,0.0,-71.29999999999995
24,0.0,-63.200000000000045
48,0.0,-65.20000000000005
72,0.0,-69.20000000000005
24,0.0,-63.5
48,0.0,-64.5
72,0.0,-66.5
24,6.0,-61.5
48,0.0,-61.5
72,0.0,-62.5
24,0.0,-45.69999999999999
48,0.0,-44.69999999999999
72,0.0,-46.69999999999999
24,96.0,-37.30000000000001
48,2.0,-17.30000000000001
72,-4.0,-15.300000000000011
24,0.0,-9.700000000000003
48,0.0,-10.700000000000003
72,0.0,-9.700000000000003
24,0.0,-92.5
48,0.0,-97.5
72,0.0,-75.5
24,1.0,-114.69999999999999
48,1.0,-142.7
72,1.0,-166.7
24,0.0,-171.5
48,0.0,-115.5
72,0.0,-138.5
24,0.0,-147.20000000000005
48,0.0,-138.20000000000005
72,0.0,-147.20000000000005
24,0.0,28.799999999999955
48,0.0,41.799999999999955
72,0.0,79.79999999999995
24,0.0,-752.5
48,0.0,-650.5
72,0.0,-622.5
24,0.0,-162.79999999999995
48,0.0,-175.79999999999995
72,0.0,-276.79999999999995
24,0.0,261.5
48,0.0,236.5
72,-58.0,393.5
24,0.0,49.799999999999955
48,0.0,60.799999999999955
72,-95.0,243.79999999999995
24,0.0,43.0
48,0.0,71.0
72,-100.0,386.0
24,0.0,15.5
48,0.0,67.5
72,-100.0,237.5
24,0.0,-54.5
48,0.0,5.5
72,-100.0,64.5
24,-3.0,-9.700000000000003
48,-3.0,-9.700000000000003
72,-3.0,-8.700000000000003
24,0.0,-40.30000000000001
48,0.0,-37.30000000000001
72,0.0,-37.30000000000001
24,0.0,-52.5
48,0.0,-46.5
72,0.0,-45.5
24,0.0,-50.5
48,0.0,-44.5
72,0.0,-44.5
24,0.0,-42.799999999999955
48,0.0,-36.799999999999955
72,0.0,-37.799999999999955
24,0.0,-38.5
48,0.0,-31.5
72,0.0,-40.5
24,0.0,-34.299999999999955
48,0.0,-29.299999999999955
72,0.0,-42.299999999999955
24,0.0,-42.799999999999955
48,0.0,-28.799999999999955
72,5.0,-47.799999999999955
24,5.0,-39.799999999999955
48,0.0,-19.799999999999955
72,0.0,-35.799999999999955
24,-14.0,-50.0
48,-19.0,-24.0
72,-19.0,-43.0
24,-13.0,-49.5
48,-13.0,-23.5
72,-9.0,-44.5
24,-6.0,68.19999999999999
48,-27.0,98.19999999999999
72,-9.0,79.19999999999999
24,-94.0,85.0
48,-100.0,100.0
72,-29.0,26.0
24,0.0,8.3
48,0.0,6.3
72,0.0,-3.7
24,0.0,39.7
48,0.0,63.7
72,0.0,-30.299999999999997
24,0.0,-24.299999999999997
48,0.0,-63.3
72,0.0,-124.3
24,0.0,-192.5
48,0.0,-221.5
72,0.0,-320.5
24,0.0,-503.79999999999995
48,0.0,-452.79999999999995
72,0.0,-529.8
24,0.0,-280.7
48,0.0,-316.7
72,0.0,-199.7
24,1.0,311.2
48,1.0,-297.8
72,1.0,-387.8
24,4.0,-41.19999999999999
48,4.0,-124.19999999999999
72,4.0,-156.2
24,0.0,177.5
48,0.0,23.5
72,0.0,243.5
24,0.0,-38.5
48,0.0,-81.5
72,0.0,-43.5
24,1.0,-75.19999999999999
48,1.0,-141.2
72,1.0,-137.2
24,0.0,-32.3
48,0.0,-20.299999999999997
72,0.0,-66.3
24,0.0,62.8
48,0.0,30.799999999999997
72,0.0,-22.200000000000003
24,-44.0,1.0
48,-30.0,2.0
72,-87.0,2.0
24,-2.0,40.19999999999999
48,0.0,36.19999999999999
72,-22.0,49.19999999999999
24,0.0,30.30000000000001
48,0.0,85.30000000000001
72,0.0,66.30000000000001
24,0.0,13.200000000000045
48,-33.0,73.20000000000005
72,0.0,44.200000000000045
24,0.0,44.5
48,-50.0,103.5
72,-90.0,113.5
24,0.0,-64.70000000000005
48,0.0,-13.700000000000045
72,-79.0,78.29999999999995
24,6.0,-214.70000000000005
48,6.0,62.299999999999955
72,-88.0,119.29999999999995
24,23.0,-695.0
48,23.0,-77.0
72,-31.0,-51.0
24,52.0,-297.70000000000005
48,31.0,-48.700000000000045
72,52.0,-129.70000000000005
24,61.0,-160.29999999999995
48,15.0,-55.299999999999955
72,61.0,-93.29999999999995
24,5.0,-119.0
48,-20.0,-56.0
72,-84.0,-44.0
24,0.0,-259.0
48,0.0,-42.0
72,0.0,-43.0
24,0.0,-44.30000000000001
48,0.0,-30.30000000000001
72,-29.0,-19.30000000000001
24,-3.0,-9.0
48,-3.0,-9.0
72,-3.0,-10.0
24,0.0,-35.19999999999999
48,0.0,-36.19999999999999
72,0.0,-38.19999999999999
24,5.0,-41.0
48,0.0,-44.0
72,0.0,-45.0
24,0.0,-46.5
48,0.0,-50.5
72,0.0,-52.5
24,0.0,-48.200000000000045
48,0.0,-54.200000000000045
72,0.0,-55.200000000000045
24,0.0,-54.799999999999955
48,0.0,-60.799999999999955
72,0.0,-61.799999999999955
24,0.0,-58.0
48,0.0,-64.0
72,0.0,-63.0
24,0.0,-55.5
48,0.0,-60.5
72,0.0,-59.5
24,0.0,-53.5
48,0.0,-56.5
72,0.0,-52.5
24,0.0,-50.799999999999955
48,0.0,-52.799999999999955
72,0.0,-49.799999999999955
24,0.0,-43.700000000000045
48,0.0,-45.700000000000045
72,0.0,-42.700000000000045
24,0.0,-18.69999999999999
48,0.0,-19.69999999999999
72,0.0,-17.69999999999999
24,0.0,0.6999999999999886
48,0.0,-0.30000000000001137
72,0.0,1.6999999999999886
24,0.0,-11.200000000000003
48,0.0,-12.200000000000003
72,0.0,-12.200000000000003
24,0.0,-42.5
48,0.0,-44.5
72,0.0,-46.5
24,0.0,-60.30000000000001
48,0.0,-59.30000000000001
72,0.0,-63.30000000000001
24,0.0,-58.799999999999955
48,0.0,-57.799999999999955
72,0.0,-63.799999999999955
24,0.0,-57.700000000000045
48,0.0,-56.700000000000045
72,0.0,-63.700000000000045
24,0.0,-55.5
48,0.0,-54.5
72,0.0,-62.5
24,0.0,-58.700000000000045
48,0.0,-59.700000000000045
72,0.0,-67.70000000000005
24,0.0,-56.299999999999955
48,0.0,-58.299999999999955
72,0.0,-65.29999999999995
24,0.0,-57.299999999999955
48,0.0,-59.299999999999955
72,0.0,-63.299999999999955
24,0.0,-58.5
48,0.0,-59.5
72,0.0,-62.5
24,0.0,-55.700000000000045
48,0.0,-55.700000000000045
72,0.0,-59.700000000000045
24,0.0,-50.19999999999999
48,0.0,-49.19999999999999
72,0.0,-53.19999999999999
24,0.0,-25.80000000000001
48,0.0,-24.80000000000001
72,0.0,-27.80000000000001
24,0.0,-10.0
48,0.0,-10.0
72,0.0,-10.0
24,-57.0,-37.19999999999999
48,-57.0,-36.19999999999999
72,-57.0,-36.19999999999999
24,-88.0,-46.30000000000001
48,-95.0,-42.30000000000001
72,-89.0,-41.30000000000001
24,83.0,-103.0
48,3.0,-41.0
72,9.0,-41.0
24,100.0,-114.5
48,47.0,-61.5
72,41.0,-43.5
24,-5.0,-60.5
48,-19.0,-49.5
72,53.0,-63.5
24,100.0,-596.7
48,17.0,-61.700000000000045
72,100.0,-90.70000000000005
24,64.0,-300.79999999999995
48,16.0,-38.799999999999955
72,96.0,-130.79999999999995
24,66.0,-75.79999999999995
48,12.0,-73.79999999999995
72,100.0,-122.79999999999995
24,71.0,-73.0
48,7.0,-65.0
72,25.0,-83.0
24,55.0,-54.200000000000045
48,94.0,-73.20000000000005
72,60.0,-153.20000000000005
24,6.0,-40.30000000000001
48,100.0,-95.30000000000001
72,30.0,-69.30000000000001
24,5.0,-30.0
48,100.0,-48.0
72,10.0,-44.0
24,-20.0,-13.299999999999997
48,-20.0,-13.299999999999997
72,-13.0,-13.299999999999997
24,1.0,-44.69999999999999
48,-4.0,-46.69999999999999
72,3.0,-42.69999999999999
24,5.0,-52.80000000000001
48,0.0,-52.80000000000001
72,100.0,-81.80000000000001
24,6.0,-52.700000000000045
48,0.0,-52.700000000000045
72,98.0,-85.70000000000005
24,19.0,-55.200000000000045
48,6.0,-54.200000000000045
72,14.0,-51.200000000000045
24,95.0,-77.5
48,100.0,-80.5
72,11.0,-51.5
24,73.0,-112.5
48,23.0,-57.5
72,-16.0,-50.5
24,43.0,-62.200000000000045
48,-3.0,-57.200000000000045
72,33.0,-52.200000000000045
24,-78.0,-60.299999999999955
48,-80.0,-59.299999999999955
72,-30.0,-58.299999999999955
24,2.0,-61.700000000000045
48,-48.0,-59.700000000000045
72,39.0,-157.70000000000005
24,21.0,-100.70000000000005
48,-73.0,-53.700000000000045
72,21.0,-91.70000000000005
24,-29.0,-52.19999999999999
48,-39.0,-47.19999999999999
72,50.0,-126.19999999999999
24,0.0,-35.69999999999999
48,97.0,-38.69999999999999
72,78.0,-55.69999999999999
24,81.0,-7.799999999999997
48,-18.0,-5.799999999999997
72,-18.0,-5.799999999999997
24,20.0,-50.30000000000001
48,-80.0,-10.300000000000011
72,-80.0,-9.300000000000011
24,95.0,-113.69999999999999
48,0.0,-35.69999999999999
72,-5.0,-36.69999999999999
24,80.0,-99.0
48,-20.0,-32.0
72,-20.0,-32.0
24,1.0,-43.5
48,-4.0,-27.5
72,-4.0,-26.5
24,5.0,-46.0
48,-1.0,-30.0
72,-1.0,-27.0
24,-12.0,-44.5
48,-12.0,-29.5
72,-12.0,-24.5
24,-16.0,-44.0
48,-16.0,-31.0
72,-16.0,-25.0
24,-47.0,-52.0
48,-47.0,-42.0
72,-42.0,-42.0
24,-86.0,-53.200000000000045
48,-86.0,-42.200000000000045
72,-86.0,-43.200000000000045
24,-65.0,-44.200000000000045
48,-65.0,-35.200000000000045
72,-65.0,-35.200000000000045
24,-81.0,-22.30000000000001
48,-81.0,-15.300000000000011
72,-81.0,-16.30000000000001
24,-93.0,9.199999999999989
48,-93.0,13.199999999999989
72,-93.0,12.199999999999989
24,-38.0,-11.799999999999997
48,-43.0,-11.799999999999997
72,-43.0,-10.799999999999997
24,-24.0,-31.69999999999999
48,-24.0,-28.69999999999999
72,-24.0,-27.69999999999999
24,-15.0,-42.30000000000001
48,-20.0,-39.30000000000001
72,-20.0,-37.30000000000001
24,8.0,-53.0
48,0.0,-48.0
72,0.0,-47.0
24,5.0,-52.200000000000045
48,0.0,-50.200000000000045
72,0.0,-49.200000000000045
24,0.0,-54.200000000000045
48,0.0,-53.200000000000045
72,0.0,-52.200000000000045
24,0.0,-55.200000000000045
48,0.0,-53.200000000000045
72,0.0,-53.200000000000045
24,-2.0,-53.799999999999955
48,-2.0,-49.799999999999955
72,-2.0,-49.799999999999955
24,-26.0,-50.700000000000045
48,-26.0,-50.700000000000045
72,-26.0,-47.700000000000045
24,-22.0,-53.0
48,-22.0,-51.0
72,-22.0,-48.0
24,-24.0,-50.299999999999955
48,-24.0,-48.299999999999955
72,-24.0,-44.299999999999955
24,-14.0,-21.19999999999999
48,-14.0,-19.19999999999999
72,-14.0,-15.199999999999989
24,-17.0,-3.1999999999999886
48,-17.0,-1.1999999999999886
72,-12.0,0.8000000000000114
24,2.0,-18.5
48,2.0,-12.5
72,-14.0,-11.5
24,0.0,-73.69999999999999
48,-91.0,-47.69999999999999
72,0.0,-56.69999999999999
24,2.0,-80.19999999999999
48,2.0,-138.2
72,2.0,-76.19999999999999
24,-5.0,-34.0
48,3.0,-157.0
72,-54.0,-41.0
24,0.0,5.7999999999999545
48,0.0,-262.20000000000005
72,0.0,-88.20000000000005
24,0.0,-5.7000000000000455
48,0.0,12.299999999999955
72,0.0,-251.70000000000005
24,0.0,180.29999999999995
48,0.0,169.29999999999995
72,0.0,47.299999999999955
24,0.0,253.20000000000005
48,0.0,277.20000000000005
72,0.0,161.20000000000005
24,0.0,253.20000000000005
48,0.0,139.20000000000005
72,0.0,160.20000000000005
24,0.0,23.200000000000045
48,0.0,-287.79999999999995
72,0.0,-99.79999999999995
24,0.0,-142.20000000000005
48,0.0,-249.20000000000005
72,0.0,-224.20000000000005
24,0.0,-106.69999999999999
48,0.0,-330.7
72,0.0,-125.69999999999999
24,18.0,-37.0
48,18.0,-99.0
72,18.0,-21.0
24,26.0,-6.699999999999999
48,26.0,2.3000000000000007
72,26.0,2.3000000000000007
24,0.0,-93.80000000000001
48,0.0,-43.80000000000001
72,0.0,-31.80000000000001
24,3.0,-102.19999999999999
48,3.0,-200.2
72,3.0,-143.2
24,0.0,-194.20000000000005
48,0.0,-150.20000000000005
72,0.0,-198.20000000000005
24,0.0,-280.0
48,0.0,-453.0
72,0.0,-28.0
24,0.0,-25.0
48,0.0,-25.0
72,0.0,-167.0
24,0.0,282.0
48,0.0,-110.0
72,0.0,303.0
24,7.0,207.7
48,7.0,-208.3
72,7.0,250.7
24,0.0,181.70000000000005
48,0.0,-240.29999999999995
72,0.0,231.70000000000005
24,12.0,-20.5
48,12.0,-517.5
72,12.0,-322.5
24,-31.0,177.2
48,57.0,-89.80000000000001
72,57.0,-82.80000000000001
24,-11.0,-5.300000000000011
48,84.0,-203.3
72,84.0,-275.3
24,-34.0,6.199999999999989
48,54.0,-25.80000000000001
72,54.0,-89.80000000000001
24,-40.0,7.0
48,0.0,-16.0
72,-79.0,6.0
24,0.0,39.3
48,-3.0,21.299999999999997
72,-56.0,46.3
24,0.0,172.7
48,-56.0,234.7
72,-55.0,233.7
24,0.0,252.3
48,-42.0,287.3
72,-63.0,328.3
24,0.0,347.2
48,-35.0,400.2
72,-83.0,483.2
24,3.0,468.8
48,-23.0,375.8
72,-83.0,547.8
24,0.0,-46.80000000000001
48,-21.0,343.2
72,-92.0,494.2
24,0.0,351.7
48,-49.0,370.7
72,-95.0,462.7
24,0.0,354.3
48,-100.0,567.3
72,-94.0,563.3
24,0.0,413.0
48,-94.0,509.0
72,-55.0,495.0
24,0.0,252.7
48,-95.0,514.7
72,-95.0,509.7
24,0.0,104.7
48,-89.0,348.7
72,-100.0,345.7
24,0.0,81.2
48,-75.0,205.2
72,-94.0,206.2
24,-4.0,15.7
48,0.0,17.7
72,0.0,17.7
24,0.0,78.7
48,-39.0,102.7
72,-54.0,100.7
24,0.0,-30.0
48,-26.0,196.0
72,-95.0,197.0
24,0.0,-332.20000000000005
48,0.0,-31.200000000000045
72,-95.0,-2.2000000000000455
24,0.0,-372.5
48,0.0,-55.5
72,-95.0,8.5
24,-19.0,-47.5
48,0.0,-65.5
72,-95.0,-0.5
24,0.0,-149.20000000000005
48,0.0,-44.200000000000045
72,-95.0,46.799999999999955
24,1.0,-440.70000000000005
48,1.0,-54.700000000000045
72,-99.0,3.2999999999999545
24,0.0,60.0
48,-92.0,154.0
72,-33.0,153.0
24,0.0,151.70000000000005
48,-86.0,235.70000000000005
72,-100.0,242.70000000000005
24,0.0,57.200000000000045
48,-83.0,112.20000000000005
72,-100.0,119.20000000000005
24,12.0,85.80000000000001
48,-28.0,104.80000000000001
72,-88.0,120.80000000000001
24,-77.0,86.30000000000001
48,0.0,53.30000000000001
72,-100.0,96.30000000000001
24,7.0,-14.299999999999997
48,5.0,-15.299999999999997
72,5.0,-14.299999999999997
24,12.0,-43.19999999999999
48,0.0,-48.19999999999999
72,0.0,-41.19999999999999
24,10.0,-53.5
48,5.0,-50.5
72,5.0,-55.5
24,11.0,-51.700000000000045
48,0.0,-46.700000000000045
72,5.0,-54.700000000000045
24,11.0,-49.799999999999955
48,0.0,-41.799999999999955
72,0.0,-49.799999999999955
24,6.0,-48.299999999999955
48,0.0,-39.299999999999955
72,0.0,-45.299999999999955
24,4.0,-48.0
48,-1.0,-37.0
72,-1.0,-42.0
24,-6.0,-51.5
48,-6.0,-37.5
72,-6.0,-43.5
24,50.0,-186.29999999999995
48,-14.0,-33.299999999999955
72,21.0,-69.29999999999995
24,43.0,-220.70000000000005
48,-40.0,-32.700000000000045
72,31.0,-299.70000000000005
24,-50.0,-59.700000000000045
48,-78.0,-19.700000000000045
72,16.0,-554.7
24,-52.0,-76.80000000000001
48,-56.0,-10.800000000000011
72,37.0,-374.8
24,48.0,-176.5
48,-45.0,5.5
72,48.0,-151.5
24,79.0,-14.0
48,57.0,-13.0
72,0.0,-12.0
24,93.0,-45.5
48,7.0,-38.5
72,-4.0,-34.5
24,0.0,-46.30000000000001
48,-2.0,-46.30000000000001
72,-7.0,-34.30000000000001
24,7.0,-55.299999999999955
48,0.0,-54.299999999999955
72,0.0,-38.299999999999955
24,5.0,-48.0
48,0.0,-49.0
72,0.0,-32.0
24,-3.0,-47.799999999999955
48,-8.0,-48.799999999999955
72,-8.0,-28.799999999999955
24,-5.0,-51.299999999999955
48,-5.0,-54.299999999999955
72,-5.0,-32.299999999999955
24,-4.0,-47.5
48,-4.0,-51.5
72,-4.0,-31.5
24,-2.0,-49.700000000000045
48,-2.0,-49.700000000000045
72,-2.0,-35.700000000000045
24,-2.0,-27.0
48,-2.0,-29.0
72,-2.0,-17.0
24,0.0,-29.5
48,0.0,-31.5
72,0.0,-22.5
24,0.0,-13.699999999999989
48,0.0,-14.699999999999989
72,0.0,-9.699999999999989
24,-1.0,8.699999999999989
48,-1.0,8.699999999999989
72,-1.0,11.699999999999989
24,-1.0,10.700000000000003
48,-1.0,10.700000000000003
72,-1.0,11.700000000000003
24,-94.0,-12.5
48,-97.0,-13.5
72,-91.0,-12.5
24,-71.0,-44.19999999999999
48,-95.0,-36.19999999999999
72,0.0,-38.19999999999999
24,-88.0,-31.69999999999999
48,-61.0,-50.69999999999999
72,-54.0,-48.69999999999999
24,-72.0,-18.200000000000045
48,-43.0,-51.200000000000045
72,-30.0,-59.200000000000045
24,-72.0,-26.5
48,-45.0,-94.5
72,-53.0,-46.5
24,-92.0,-45.5
48,-44.0,-129.5
72,-81.0,-47.5
24,-99.0,-50.0
48,-60.0,-69.0
72,-94.0,-50.0
24,-81.0,-51.200000000000045
48,-27.0,-131.20000000000005
72,-81.0,-51.200000000000045
24,-18.0,-55.0
48,-15.0,-54.0
72,52.0,-110.0
24,-11.0,-70.29999999999995
48,17.0,-155.29999999999995
72,54.0,-149.29999999999995
24,3.0,-45.5
48,75.0,-377.5
72,75.0,-135.5
24,22.0,-137.2
48,47.0,-366.2
72,47.0,-300.2
24,76.0,-138.0
48,76.0,-130.0
72,76.0,-104.0
24,87.0,-5.200000000000003
48,-8.0,9.799999999999997
72,86.0,8.799999999999997
24,0.0,-2.299999999999997
48,0.0,-2.299999999999997
72,0.0,-8.299999999999997
24,0.0,16.30000000000001
48,0.0,-2.6999999999999886
72,0.0,-26.69999999999999
24,0.0,-95.80000000000001
48,0.0,20.19999999999999
72,-85.0,75.19999999999999
24,0.0,-184.29999999999995
48,0.0,-100.29999999999995
72,0.0,-156.29999999999995
24,0.0,53.700000000000045
48,0.0,-18.299999999999955
72,0.0,-81.29999999999995
24,0.0,165.79999999999995
48,0.0,58.799999999999955
72,0.0,-62.200000000000045
24,0.0,154.5
48,0.0,170.5
72,0.0,230.5
24,0.0,129.79999999999995
48,0.0,268.79999999999995
72,0.0,166.79999999999995
24,0.0,-289.7
48,-71.0,472.3
72,0.0,-351.7
24,0.0,256.0
48,-21.0,237.0
72,0.0,-114.0
24,0.0,154.5
48,0.0,-109.5
72,0.0,-43.5
24,0.0,27.700000000000003
48,-82.0,376.7
72,0.0,0.7000000000000028
24,0.0,112.0
48,-64.0,206.0
72,0.0,85.0
24,0.0,2.5
48,-59.0,35.5
72,0.0,13.5
24,0.0,-14.2
48,0.0,-15.2
72,0.0,9.8
24,0.0,-32.0
48,0.0,-32.0
72,0.0,50.0
24,0.0,-43.2
48,0.0,-49.2
72,0.0,18.799999999999997
24,0.0,-90.5
48,0.0,-86.5
72,0.0,1.5
24,0.0,-120.30000000000001
48,0.0,-114.30000000000001
72,0.0,27.69999999999999
24,0.0,-61.0
48,0.0,-95.0
72,0.0,134.0
24,0.0,-117.19999999999999
48,0.0,-138.2
72,0.0,411.8
24,0.0,-86.0
48,0.0,-100.0
72,0.0,244.0
24,0.0,-140.8
48,0.0,-157.8
72,0.0,-104.80000000000001
24,44.0,-87.80000000000001
48,44.0,-70.80000000000001
72,44.0,-30.80000000000001
24,11.0,-11.300000000000011
48,11.0,-170.3
72,11.0,-149.3
24,2.0,255.8
48,2.0,160.8
72,2.0,-49.2
24,14.0,116.0
48,-72.0,146.0
72,14.0,-37.0
24,13.0,20.8
48,-75.0,25.8
72,13.0,7.800000000000001
24,0.0,-16.0
48,7.0,-15.0
72,0.0,-15.0
24,0.0,-44.5
48,78.0,-60.5
72,0.0,-44.5
24,0.0,-58.30000000000001
48,40.0,-62.30000000000001
72,100.0,-104.30000000000001
24,0.0,-56.0
48,5.0,-55.0
72,100.0,-116.0
24,0.0,-55.299999999999955
48,10.0,-56.299999999999955
72,100.0,-106.29999999999995
24,-64.0,-54.299999999999955
48,-18.0,-60.299999999999955
72,36.0,-84.29999999999995
24,-67.0,-51.0
48,27.0,-103.0
72,-63.0,-55.0
24,-23.0,-50.5
48,67.0,-105.5
72,67.0,-98.5
24,-12.0,-54.299999999999955
48,-2.0,-52.299999999999955
72,-12.0,-46.299999999999955
24,90.0,-73.20000000000005
48,-10.0,-41.200000000000045
72,-4.0,-36.200000000000045
24,-53.0,-46.0
48,-59.0,-45.0
72,-53.0,-42.0
24,48.0,-56.30000000000001
48,48.0,-47.30000000000001
72,48.0,-39.30000000000001
24,12.0,-16.69999999999999
48,99.0,-46.69999999999999
72,45.0,-14.699999999999989
24,3.0,4.799999999999997
48,3.0,-0.20000000000000284
72,3.0,1.7999999999999972
24,-31.0,-6.5
48,2.0,-8.5
72,2.0,-10.5
24,67.0,6.800000000000011
48,52.0,22.80000000000001
72,67.0,-9.199999999999989
24,67.0,-101.80000000000001
48,67.0,-127.80000000000001
72,67.0,-137.8
24,49.0,42.700000000000045
48,89.0,-71.29999999999995
72,46.0,32.700000000000045
24,72.0,-47.200000000000045
48,74.0,-54.200000000000045
72,74.0,-67.20000000000005
24,-31.0,-61.799999999999955
48,52.0,-122.79999999999995
72,52.0,-79.79999999999995
24,-72.0,-54.700000000000045
48,11.0,-116.70000000000005
72,11.0,-508.70000000000005
24,-85.0,-52.299999999999955
48,2.0,-95.29999999999995
72,-5.0,-85.29999999999995
24,0.0,-39.5
48,0.0,-47.5
72,0.0,-473.5
24,0.0,-71.79999999999995
48,-4.0,-40.799999999999955
72,0.0,-162.79999999999995
24,0.0,-21.5
48,0.0,-16.5
72,0.0,-175.5
24,0.0,-1.5
48,0.0,-68.5
72,0.0,-78.5
24,0.0,-38.0
48,0.0,-53.0
72,0.0,-10.0
24,1.0,-0.7999999999999972
48,1.0,-23.799999999999997
72,1.0,5.200000000000003
24,0.0,-13.3
48,0.0,-21.3
72,0.0,-20.3
24,0.0,-46.5
48,0.0,-55.5
72,0.0,-60.5
24,1.0,-105.19999999999999
48,1.0,-116.19999999999999
72,1.0,-130.2
24,0.0,-183.8
48,0.0,-177.8
72,0.0,-199.8
24,0.0,-30.799999999999997
48,0.0,-78.8
72,0.0,-73.8
24,0.0,-72.8
48,0.0,-90.8
72,0.0,-95.8
24,0.0,-61.8
48,0.0,-71.8
72,0.0,-68.8
24,0.0,-106.0
48,0.0,-113.0
72,0.0,-118.0
24,0.0,-93.8
48,0.0,-84.8
72,0.0,-96.8
24,0.0,-76.8
48,0.0,-69.8
72,0.0,-60.8
24,0.0,-83.0
48,0.0,-80.0
72,0.0,-81.0
24,0.0,-25.0
48,0.0,-5.0
72,0.0,-23.0
24,1.0,3.2
48,-19.0,92.2
72,1.0,26.2
24,0.0,-1.7000000000000002
48,-26.0,30.3
72,0.0,13.3
24,-2.0,29.2
48,0.0,0.20000000000000018
72,-5.0,31.2
24,0.0,34.5
48,0.0,53.5
72,-17.0,117.5
24,0.0,122.69999999999999
48,0.0,78.69999999999999
72,0.0,250.7
24,-34.0,454.7
48,2.0,355.7
72,-92.0,482.7
24,0.0,207.5
48,-22.0,331.5
72,-61.0,348.5
24,41.0,-122.79999999999995
48,-16.0,176.20000000000005
72,-54.0,187.20000000000005
24,13.0,167.5
48,-73.0,175.5
72,-87.0,184.5
24,-28.0,194.79999999999995
48,-92.0,205.79999999999995
72,-99.0,209.79999999999995
24,-44.0,103.79999999999995
48,-15.0,98.79999999999995
72,-93.0,119.79999999999995
24,-59.0,111.79999999999995
48,11.0,80.79999999999995
72,-58.0,120.79999999999995
24,-37.0,273.2
48,55.0,157.2
72,-37.0,282.2
24,-91.0,155.3
48,1.0,-167.7
72,-42.0,156.3
24,-92.0,125.8
48,0.0,-91.2
72,-42.0,122.8
24,-3.0,46.2
48,0.0,1.2000000000000002
72,-92.0,50.2
24,54.0,-8.5
48,100.0,-40.5
72,8.0,-7.5
24,8.0,-3.8000000000000114
48,99.0,-180.8
72,6.0,-2.8000000000000114
24,62.0,4.0
48,80.0,-185.0
72,67.0,-33.0
24,-8.0,102.0
48,0.0,-243.0
72,-41.0,229.0
24,-94.0,223.79999999999995
48,0.0,-282.20000000000005
72,-15.0,200.79999999999995
24,-89.0,309.70000000000005
48,4.0,-282.29999999999995
72,-10.0,245.70000000000005
24,-83.0,251.79999999999995
48,-3.0,175.79999999999995
72,-21.0,251.79999999999995
24,0.0,124.5
48,0.0,93.5
72,-25.0,161.5
24,1.0,328.5
48,-42.0,339.5
72,-85.0,342.5
24,-3.0,75.70000000000005
48,-3.0,77.70000000000005
72,-70.0,74.70000000000005
24,-38.0,-30.200000000000045
48,-43.0,-37.200000000000045
72,22.0,-214.20000000000005
24,57.0,-33.19999999999999
48,30.0,-6.199999999999989
72,57.0,-250.2
24,48.0,41.5
48,-8.0,64.5
72,64.0,-59.5
24,62.0,7.5
48,40.0,20.5
72,62.0,6.5
24,10.0,-9.0
48,10.0,-30.0
72,10.0,3.0
24,5.0,-85.5
48,5.0,-118.5
72,-40.0,72.5
24,7.0,-5.699999999999989
48,7.0,-143.7
72,7.0,-87.69999999999999
24,0.0,-11.5
48,0.0,-127.5
72,0.0,-88.5
24,0.0,-113.0
48,0.0,-458.0
72,0.0,-346.0
24,10.0,35.80000000000001
48,10.0,-357.2
72,10.0,-262.2
24,28.0,-524.8
48,28.0,-331.79999999999995
72,28.0,-298.79999999999995
24,41.0,-696.3
48,41.0,-468.29999999999995
72,41.0,-427.29999999999995
24,0.0,165.0
48,0.0,-418.0
72,0.0,183.0
24,0.0,37.80000000000001
48,-44.0,360.8
72,-28.0,379.8
24,-2.0,153.0
48,-34.0,391.0
72,-6.0,349.0
24,0.0,31.80000000000001
48,0.0,146.8
72,0.0,175.8
24,-8.0,119.0
48,0.0,79.0
72,0.0,96.0
24,0.0,31.0
48,0.0,34.0
72,0.0,25.0
24,15.0,-16.799999999999997
48,39.0,-23.799999999999997
72,39.0,-13.799999999999997
24,-1.0,-13.300000000000011
48,23.0,-98.30000000000001
72,10.0,-30.30000000000001
24,1.0,-45.0
48,83.0,-275.0
72,83.0,-251.0
24,100.0,-89.29999999999995
48,100.0,-475.29999999999995
72,100.0,-161.29999999999995
24,100.0,-65.20000000000005
48,100.0,-96.20000000000005
72,100.0,-285.20000000000005
24,77.0,-52.5
48,15.0,-50.5
72,100.0,-110.5
24,15.0,-40.5
48,9.0,-45.5
72,79.0,-68.5
24,10.0,-50.799999999999955
48,4.0,-45.799999999999955
72,65.0,-66.79999999999995
24,9.0,-47.299999999999955
48,9.0,-49.299999999999955
72,99.0,-85.29999999999995
24,6.0,-45.299999999999955
48,11.0,-47.299999999999955
72,81.0,-55.299999999999955
24,53.0,-43.700000000000045
48,-9.0,-38.700000000000045
72,84.0,-53.700000000000045
24,41.0,-3.3000000000000114
48,41.0,-6.300000000000011
72,27.0,-13.300000000000011
24,70.0,36.5
48,-23.0,71.5
72,-11.0,71.5
24,12.0,13.299999999999997
48,-45.0,19.299999999999997
72,11.0,14.299999999999997
24,0.0,-6.799999999999997
48,0.0,-4.799999999999997
72,-2.0,-0.7999999999999972
24,11.0,25.30000000000001
48,11.0,-39.69999999999999
72,11.0,-20.69999999999999
24,0.0,9.699999999999989
48,-56.0,155.7
72,0.0,6.699999999999989
24,5.0,15.300000000000011
48,-57.0,254.3
72,5.0,12.300000000000011
24,0.0,68.20000000000005
48,-83.0,164.20000000000005
72,0.0,31.200000000000045
24,0.0,-5.2000000000000455
48,-11.0,151.79999999999995
72,0.0,68.79999999999995
24,1.0,140.20000000000005
48,1.0,132.20000000000005
72,1.0,84.20000000000005
24,0.0,2.7000000000000455
48,0.0,4.7000000000000455
72,0.0,-14.299999999999955
24,0.0,201.79999999999995
48,0.0,209.79999999999995
72,0.0,-23.200000000000045
24,0.0,36.5
48,0.0,128.5
72,0.0,-288.5
24,0.0,53.19999999999999
48,0.0,76.19999999999999
72,0.0,-161.8
24,0.0,57.80000000000001
48,0.0,126.80000000000001
72,0.0,-14.199999999999989
24,0.0,91.8
48,0.0,89.8
72,0.0,34.8
24,0.0,24.0
48,0.0,19.0
72,0.0,-4.0
24,0.0,-16.3
48,0.0,-15.3
72,0.0,-15.3
24,0.0,-80.5
48,0.0,-75.5
72,0.0,-67.5
24,0.0,-125.69999999999999
48,0.0,-106.69999999999999
72,0.0,-112.69999999999999
24,0.0,-63.5
48,0.0,-51.5
72,0.0,-51.5
24,0.0,-21.0
48,0.0,-48.0
72,0.0,-19.0
24,0.0,-112.5
48,0.0,-96.5
72,0.0,-127.5
24,0.0,-96.19999999999999
48,0.0,-120.19999999999999
72,0.0,-61.19999999999999
24,0.0,-181.0
48,0.0,-181.0
72,0.0,-200.0
24,0.0,-16.0
48,0.0,-24.0
72,0.0,-129.0
24,0.0,-46.5
48,0.0,-111.5
72,0.0,-116.5
24,0.0,-14.200000000000003
48,0.0,-40.2
72,0.0,-39.2
24,0.0,-31.299999999999997
48,0.0,-45.3
72,0.0,-27.299999999999997
24,0.0,-10.0
48,0.0,-5.0
72,0.0,-11.0
24,0.0,3.2
48,0.0,6.2
72,0.0,2.2
24,49.0,-11.0
48,-5.0,-1.0
72,79.0,-33.0
24,-6.0,-40.30000000000001
48,-11.0,40.69999999999999
72,11.0,-109.30000000000001
24,7.0,-82.80000000000001
48,-3.0,131.2
72,-13.0,107.19999999999999
24,0.0,50.3
48,0.0,212.3
72,-31.0,430.3
24,44.0,-138.3
48,44.0,82.69999999999999
72,35.0,193.7
24,52.0,-268.2
48,40.0,161.8
72,52.0,-186.2
24,86.0,-668.7
48,76.0,-177.70000000000005
72,86.0,-315.70000000000005
24,96.0,-632.2
48,69.0,-234.20000000000005
72,96.0,-421.20000000000005
24,62.0,-557.3
48,52.0,-260.29999999999995
72,62.0,-225.29999999999995
24,0.0,-270.5
48,-3.0,-87.5
72,0.0,-0.5
24,0.0,-157.5
48,-42.0,3.5
72,-7.0,-49.5
24,23.0,-118.19999999999999
48,31.0,-119.19999999999999
72,33.0,-71.19999999999999
24,94.0,-177.0
48,94.0,-156.0
72,94.0,-73.0
24,95.0,-27.799999999999997
48,76.0,-30.799999999999997
72,95.0,-5.799999999999997
24,18.0,-0.7000000000000028
48,18.0,-2.700000000000003
72,18.0,-2.700000000000003
24,80.0,39.5
48,80.0,18.5
72,80.0,10.5
24,-79.0,37.19999999999999
48,15.0,-29.80000000000001
72,15.0,-44.80000000000001
24,1.0,134.7
48,1.0,-18.30000000000001
72,-1.0,119.69999999999999
24,0.0,171.7
48,0.0,73.69999999999999
72,0.0,97.69999999999999
24,0.0,-279.0
48,0.0,-135.0
72,0.0,-222.0
24,0.0,-78.79999999999995
48,0.0,-418.79999999999995
72,0.0,-576.8
24,0.0,163.20000000000005
48,0.0,-222.79999999999995
72,0.0,228.20000000000005
24,7.0,-260.0
48,7.0,-186.0
72,7.0,50.0
24,0.0,-234.8
48,0.0,-184.8
72,0.0,-110.80000000000001
24,0.0,-69.19999999999999
48,0.0,93.80000000000001
72,0.0,99.80000000000001
24,0.0,-42.30000000000001
48,0.0,121.69999999999999
72,0.0,73.69999999999999
24,0.0,-22.200000000000003
48,-12.0,132.8
72,0.0,-37.2
24,0.0,0.8000000000000007
48,-26.0,31.8
72,0.0,9.8
24,7.0,-14.799999999999997
48,100.0,-16.799999999999997
72,36.0,-15.799999999999997
24,5.0,-45.19999999999999
48,87.0,-57.19999999999999
72,11.0,-49.19999999999999
24,-1.0,-55.19999999999999
48,0.0,-54.19999999999999
72,-6.0,-55.19999999999999
24,-75.0,-15.5
48,-64.0,-16.5
72,-70.0,-15.5
24,-82.0,7.7000000000000455
48,-77.0,7.7000000000000455
72,-77.0,9.700000000000045
24,-73.0,-44.200000000000045
48,-65.0,-44.200000000000045
72,20.0,-96.20000000000005
24,-15.0,-36.200000000000045
48,5.0,-61.200000000000045
72,-89.0,-17.200000000000045
24,9.0,-133.0
48,9.0,-35.0
72,9.0,-44.0
24,3.0,-41.299999999999955
48,3.0,-47.299999999999955
72,3.0,-22.299999999999955
24,5.0,143.20000000000005
48,5.0,24.200000000000045
72,-75.0,165.20000000000005
24,1.0,31.19999999999999
48,1.0,41.19999999999999
72,-71.0,146.2
24,0.0,-26.19999999999999
48,0.0,-39.19999999999999
72,0.0,17.80000000000001
24,0.0,41.80000000000001
48,0.0,-36.19999999999999
72,0.0,78.80000000000001
24,0.0,10.0
48,0.0,30.0
72,0.0,26.0
24,0.0,-11.5
48,-2.0,-2.5
72,0.0,-19.5
24,0.0,-103.0
48,0.0,-8.0
72,0.0,-113.0
24,28.0,-377.2
48,28.0,-47.19999999999999
72,28.0,-321.2
24,57.0,-602.8
48,57.0,-66.79999999999995
72,57.0,-591.8
24,8.0,-501.0
48,8.0,-80.0
72,8.0,-728.0
24,-61.0,77.5
48,33.0,-22.5
72,33.0,-756.5
24,-79.0,242.20000000000005
48,8.0,199.20000000000005
72,8.0,-579.8
24,-31.0,90.29999999999995
48,52.0,15.299999999999955
72,52.0,-539.7
24,75.0,-91.20000000000005
48,75.0,-167.20000000000005
72,75.0,-511.20000000000005
24,89.0,-108.20000000000005
48,3.0,24.799999999999955
72,89.0,-580.2
24,92.0,-59.700000000000045
48,92.0,-252.70000000000005
72,92.0,-210.70000000000005
24,-29.0,9.699999999999989
48,16.0,-19.30000000000001
72,63.0,-52.30000000000001
24,4.0,47.30000000000001
48,11.0,45.30000000000001
72,74.0,34.30000000000001
24,4.0,13.5
48,97.0,6.5
72,11.0,9.5
24,16.0,8.8
48,16.0,9.8
72,-84.0,13.8
24,16.0,105.8
48,66.0,84.8
72,-34.0,108.8
24,-83.0,37.80000000000001
48,-94.0,49.80000000000001
72,-90.0,46.80000000000001
24,1.0,-85.70000000000005
48,-89.0,-30.700000000000045
72,-83.0,-35.700000000000045
24,1.0,-83.0
48,-99.0,1.0
72,1.0,-29.0
24,71.0,-123.5
48,-29.0,-30.5
72,32.0,-45.5
24,96.0,-165.79999999999995
48,-4.0,-47.799999999999955
72,38.0,-62.799999999999955
24,11.0,-164.79999999999995
48,11.0,-129.79999999999995
72,11.0,-79.79999999999995
24,-80.0,56.799999999999955
48,-86.0,58.799999999999955
72,-81.0,48.799999999999955
24,67.0,58.700000000000045
48,67.0,44.700000000000045
72,60.0,93.70000000000005
24,0.0,23.700000000000045
48,0.0,-7.2999999999999545
72,0.0,15.700000000000045
24,0.0,79.30000000000001
48,-32.0,105.30000000000001
72,0.0,56.30000000000001
24,1.0,12.0
48,1.0,11.0
72,1.0,5.0
24,0.0,16.5
48,0.0,18.5
72,0.0,13.5
24,10.0,11.2
48,10.0,11.2
72,-4.0,13.2
24,-18.0,107.8
48,65.0,67.8
72,19.0,110.8
24,71.0,163.5
48,49.0,204.5
72,71.0,71.5
24,43.0,376.5
48,43.0,306.5
72,43.0,108.5
24,50.0,395.7
48,50.0,350.7
72,50.0,-22.30000000000001
24,0.0,196.0
48,0.0,286.0
72,0.0,-363.0
24,0.0,191.0
48,0.0,265.0
72,0.0,-374.0
24,3.0,-96.20000000000005
48,3.0,-312.20000000000005
72,3.0,-320.20000000000005
24,4.0,-91.69999999999999
48,4.0,-79.69999999999999
72,4.0,-414.7
24,0.0,-213.2
48,0.0,-88.19999999999999
72,0.0,-348.2
24,0.0,-6.699999999999989
48,0.0,-56.69999999999999
72,0.0,-254.7
24,-4.0,75.80000000000001
48,0.0,-151.2
72,0.0,-179.2
24,-50.0,104.5
48,0.0,-93.5
72,-10.0,-0.5
24,-25.0,25.700000000000003
48,0.0,-11.299999999999997
72,0.0,12.700000000000003
24,-23.0,-19.5
48,77.0,-19.5
72,-23.0,-20.5
24,0.0,-22.69999999999999
48,0.0,-24.69999999999999
72,0.0,-27.69999999999999
24,0.0,-29.0
48,5.0,-38.0
72,0.0,-41.0
24,0.0,78.70000000000005
48,24.0,68.70000000000005
72,15.0,61.700000000000045
24,0.0,326.7
48,58.0,234.7
72,100.0,240.7
24,0.0,144.0
48,37.0,101.0
72,75.0,-82.0
24,-1.0,92.0
48,2.0,80.0
72,91.0,-190.0
24,-8.0,163.0
48,-8.0,151.0
72,78.0,-29.0
24,-20.0,17.200000000000045
48,-20.0,9.200000000000045
72,34.0,-27.799999999999955
24,-14.0,-40.5
48,-14.0,-47.5
72,14.0,-59.5
24,-8.0,-43.799999999999955
48,-8.0,-49.799999999999955
72,13.0,-55.799999999999955
24,-4.0,-21.19999999999999
48,1.0,-26.19999999999999
72,20.0,-32.19999999999999
24,4.0,6.199999999999989
48,-2.0,3.1999999999999886
72,79.0,-106.80000000000001
24,-5.0,20.299999999999997
48,0.0,19.299999999999997
72,74.0,-2.700000000000003
24,0.0,-24.799999999999997
48,0.0,-32.8
72,0.0,-23.799999999999997
24,0.0,-36.69999999999999
48,0.0,-15.699999999999989
72,0.0,-30.69999999999999
24,1.0,-91.30000000000001
48,1.0,-96.30000000000001
72,-86.0,-33.30000000000001
24,0.0,-96.70000000000005
48,0.0,-136.70000000000005
72,0.0,-73.70000000000005
24,-5.0,-45.200000000000045
48,0.0,-329.20000000000005
72,-94.0,-13.200000000000045
24,0.0,94.5
48,0.0,-20.5
72,-36.0,165.5
24,3.0,2.7000000000000455
48,3.0,-210.29999999999995
72,3.0,59.700000000000045
24,1.0,-145.70000000000005
48,1.0,-37.700000000000045
72,1.0,-68.70000000000005
24,0.0,55.0
48,0.0,-461.0
72,0.0,-339.0
24,0.0,-46.799999999999955
48,0.0,-374.79999999999995
72,0.0,-132.79999999999995
24,0.0,-69.5
48,0.0,-126.5
72,-59.0,91.5
24,0.0,-113.19999999999999
48,0.0,-70.19999999999999
72,0.0,-114.19999999999999
24,0.0,19.0
48,0.0,-34.0
72,0.0,17.0
24,0.0,5.199999999999999
48,0.0,26.2
72,0.0,20.2
24,1.0,-19.0
48,1.0,-13.0
72,1.0,-23.0
24,-76.0,56.69999999999999
48,-84.0,55.69999999999999
72,2.0,29.69999999999999
24,-17.0,70.69999999999999
48,0.0,6.699999999999989
72,0.0,-116.30000000000001
24,-81.0,61.0
48,11.0,-37.0
72,11.0,-135.0
24,2.0,-31.299999999999955
48,47.0,-491.29999999999995
72,26.0,-66.29999999999995
24,-72.0,-14.200000000000045
48,22.0,-69.20000000000005
72,-66.0,-32.200000000000045
24,-9.0,-30.799999999999955
48,81.0,-245.79999999999995
72,-8.0,-50.799999999999955
24,-29.0,2.7999999999999545
48,65.0,-284.20000000000005
72,-22.0,-29.200000000000045
24,-56.0,23.5
48,32.0,-237.5
72,-61.0,2.5
24,-83.0,117.79999999999995
48,4.0,-175.20000000000005
72,-84.0,97.79999999999995
24,76.0,33.799999999999955
48,36.0,35.799999999999955
72,-7.0,43.799999999999955
24,-10.0,173.2
48,-13.0,162.2
72,27.0,66.19999999999999
24,0.0,62.30000000000001
48,-10.0,56.30000000000001
72,90.0,-73.69999999999999
24,-22.0,30.5
48,-28.0,28.5
72,26.0,20.5
24,3.0,-13.700000000000003
48,-36.0,-13.700000000000003
72,-41.0,-12.700000000000003
24,24.0,-42.19999999999999
48,-71.0,-26.19999999999999
72,-71.0,-26.19999999999999
24,83.0,-179.7
48,83.0,54.30000000000001
72,68.0,68.30000000000001
24,40.0,-221.3
48,40.0,206.7
72,14.0,250.7
24,81.0,-460.0
48,81.0,-66.0
72,81.0,-8.0
24,-21.0,-11.799999999999955
48,73.0,-35.799999999999955
72,30.0,32.200000000000045
24,-28.0,119.20000000000005
48,72.0,84.20000000000005
72,64.0,105.20000000000005
24,-34.0,-52.200000000000045
48,66.0,-174.20000000000005
72,66.0,-521.2
24,-37.0,-30.799999999999955
48,-32.0,-41.799999999999955
72,51.0,-53.799999999999955
24,44.0,-429.0
48,19.0,-312.0
72,44.0,-304.0
24,60.0,-383.29999999999995
48,43.0,-7.2999999999999545
72,60.0,-79.29999999999995
24,36.0,-270.5
48,36.0,-332.5
72,36.0,-26.5
24,81.0,-83.19999999999999
48,81.0,-152.2
72,81.0,29.80000000000001
24,81.0,-39.7
48,81.0,-22.700000000000003
72,81.0,15.299999999999997
24,0.0,0.7000000000000028
48,0.0,-5.299999999999997
72,-100.0,3.700000000000003
24,0.0,-7.5
48,0.0,-74.5
72,-94.0,3.5
24,1.0,-2.5
48,-50.0,3.5
72,-99.0,23.5
24,34.0,171.7
48,34.0,227.7
72,34.0,216.7
24,1.0,191.5
48,1.0,213.5
72,-18.0,244.5
24,25.0,-58.5
48,25.0,-52.5
72,25.0,-50.5
24,-20.0,-69.79999999999995
48,2.0,-100.79999999999995
72,-36.0,-55.799999999999955
24,0.0,126.70000000000005
48,0.0,125.70000000000005
72,0.0,121.70000000000005
24,0.0,318.0
48,0.0,317.0
72,0.0,328.0
24,-61.0,-75.70000000000005
48,0.0,-83.70000000000005
72,0.0,-82.70000000000005
24,-95.0,-8.0
48,-24.0,-18.0
72,-45.0,-15.0
24,-59.0,61.5
48,0.0,36.5
72,-33.0,58.5
24,0.0,161.3
48,0.0,123.3
72,-4.0,150.3
24,54.0,46.2
48,54.0,28.2
72,54.0,31.2
24,0.0,-19.799999999999997
48,0.0,-44.8
72,0.0,-24.799999999999997
24,0.0,-170.0
48,0.0,-226.0
72,0.0,-76.0
24,65.0,-289.2
48,65.0,-331.2
72,65.0,-337.2
24,58.0,-252.2
48,58.0,42.80000000000001
72,58.0,-290.2
24,75.0,-322.8
48,75.0,231.2
72,75.0,-278.8
24,80.0,-698.3
48,80.0,-79.29999999999995
72,79.0,9.700000000000045
24,95.0,-829.7
48,95.0,-186.70000000000005
72,95.0,-55.700000000000045
24,93.0,-841.5
48,93.0,-74.5
72,93.0,-28.5
24,93.0,-690.2
48,0.0,5.7999999999999545
72,26.0,-11.200000000000045
24,94.0,-665.2
48,5.0,-27.200000000000045
72,7.0,-30.200000000000045
24,86.0,-483.20000000000005
48,-3.0,-26.200000000000045
72,86.0,-66.20000000000005
24,79.0,-230.5
48,79.0,-212.5
72,-15.0,-15.5
24,64.0,-60.80000000000001
48,84.0,-154.8
72,-5.0,7.199999999999989
24,-21.0,22.0
48,74.0,0.0
72,36.0,7.0
24,0.0,-16.5
48,0.0,-16.5
72,0.0,-16.5
24,0.0,-46.0
48,0.0,-46.0
72,0.0,-45.0
24,-70.0,-53.0
48,-64.0,-52.0
72,30.0,-96.0
24,-100.0,-51.200000000000045
48,-94.0,-46.200000000000045
72,0.0,-152.20000000000005
24,-93.0,-40.0
48,1.0,-68.0
72,1.0,-114.0
24,-100.0,-20.200000000000045
48,0.0,-80.20000000000005
72,0.0,-110.20000000000005
24,8.0,17.200000000000045
48,9.0,-20.799999999999955
72,9.0,-103.79999999999995
24,40.0,-97.29999999999995
48,40.0,-122.29999999999995
72,40.0,-90.29999999999995
24,6.0,-48.700000000000045
48,6.0,-388.70000000000005
72,6.0,19.299999999999955
24,25.0,-214.29999999999995
48,25.0,-162.29999999999995
72,25.0,-125.29999999999995
24,0.0,-118.79999999999995
48,0.0,-124.79999999999995
72,0.0,-513.8
24,0.0,-147.8
48,0.0,-34.80000000000001
72,0.0,-154.8
24,30.0,-30.69999999999999
48,30.0,-105.69999999999999
72,30.0,-150.7
24,20.0,17.700000000000003
48,20.0,22.700000000000003
72,20.0,3.700000000000003
24,0.0,-8.8
48,0.0,-10.8
72,0.0,14.2
24,3.0,-41.2
48,3.0,-29.200000000000003
72,3.0,103.8
24,2.0,-201.8
48,2.0,-154.8
72,2.0,-178.8
24,0.0,-192.5
48,0.0,22.5
72,0.0,-146.5
24,0.0,-238.7
48,0.0,-160.7
72,0.0,-203.7
24,0.0,-331.3
48,0.0,236.7
72,0.0,-173.3
24,0.0,-210.2
48,0.0,-92.19999999999999
72,0.0,132.8
24,0.0,-165.2
48,0.0,-113.19999999999999
72,0.0,449.8
24,0.0,-78.3
48,0.0,13.700000000000003
72,0.0,46.7
24,0.0,-27.700000000000003
48,0.0,-8.700000000000003
72,0.0,2.299999999999997
24,0.0,20.5
48,0.0,19.5
72,0.0,-47.5
24,0.0,21.0
48,0.0,44.0
72,0.0,-7.0
24,0.0,-47.8
48,0.0,-49.8
72,0.0,-60.8
24,0.0,-10.3
48,0.0,-9.3
72,0.0,-14.3
24,0.0,-29.799999999999997
48,0.0,-31.799999999999997
72,0.0,-30.799999999999997
24,0.0,-79.7
48,0.0,-79.7
72,0.0,-76.7
24,0.0,-127.30000000000001
48,0.0,-114.30000000000001
72,0.0,-101.30000000000001
24,11.0,81.3
48,11.0,-28.700000000000003
72,11.0,-54.7
24,57.0,-228.3
48,57.0,-424.3
72,57.0,-469.3
24,51.0,-425.0
48,51.0,-309.0
72,51.0,-459.0
24,77.0,-567.5
48,60.0,90.5
72,77.0,-734.5
24,86.0,-259.79999999999995
48,35.0,-41.799999999999955
72,89.0,-839.8
24,-21.0,69.5
48,30.0,-10.5
72,73.0,-808.5
24,-38.0,-67.5
48,8.0,-146.5
72,56.0,-820.5
24,-5.0,-107.0
48,30.0,-151.0
72,89.0,-709.0
24,-37.0,-100.20000000000005
48,-21.0,-115.20000000000005
72,42.0,-409.20000000000005
24,-97.0,-59.30000000000001
48,-72.0,-69.30000000000001
72,-14.0,-145.3
24,-53.0,-21.5
48,-100.0,-21.5
72,-46.0,-35.5
24,6.0,27.2
48,6.0,26.2
72,6.0,24.2
24,-23.0,130.8
48,0.0,121.8
72,0.0,70.8
24,0.0,-37.5
48,0.0,92.5
72,0.0,-168.5
24,0.0,-125.80000000000001
48,0.0,-191.8
72,0.0,-210.8
24,0.0,296.2
48,0.0,-30.80000000000001
72,0.0,-149.8
24,0.0,60.69999999999999
48,0.0,-85.30000000000001
72,0.0,-132.3
24,0.0,-401.2
48,0.0,-5.199999999999989
72,0.0,-412.2
24,0.0,-313.8
48,0.0,293.2
72,0.0,-267.8
24,0.0,-71.2
48,0.0,509.8
72,0.0,221.8
24,0.0,137.3
48,0.0,29.299999999999997
72,0.0,21.299999999999997
24,0.0,-91.80000000000001
48,0.0,-13.800000000000011
72,0.0,8.199999999999989
24,0.0,-46.2
48,0.0,-13.200000000000003
72,0.0,20.799999999999997
24,0.0,-53.8
48,0.0,-52.8
72,0.0,-26.799999999999997
24,0.0,-11.3
48,0.0,-8.3
72,0.0,-8.3
24,1.0,7.199999999999999
48,1.0,-12.8
72,-3.0,-9.8
24,-7.0,19.200000000000003
48,0.0,-54.8
72,0.0,-36.8
24,0.0,-140.0
48,0.0,-94.0
72,0.0,-134.0
24,0.0,-288.2
48,0.0,-278.2
72,0.0,-293.2
24,0.0,-215.5
48,0.0,-227.5
72,0.0,-78.5
24,0.0,-157.5
48,0.0,-118.5
72,0.0,-127.5
24,0.0,-161.8
48,0.0,69.19999999999999
72,0.0,-139.8
24,13.0,-337.8
48,13.0,-120.80000000000001
72,13.0,-339.8
24,19.0,306.3
48,19.0,-330.7
72,19.0,-388.7
24,0.0,-143.7
48,0.0,-407.7
72,0.0,-411.7
24,3.0,41.5
48,3.0,-266.5
72,3.0,-264.5
24,0.0,248.5
48,0.0,1.5
72,0.0,-68.5
24,0.0,159.7
48,0.0,135.7
72,0.0,-22.299999999999997
24,0.0,41.7
48,0.0,26.7
72,0.0,3.6999999999999993
24,0.0,-19.2
48,-6.0,8.8
72,0.0,-0.1999999999999993
24,0.0,-84.0
48,0.0,-25.0
72,0.0,-59.0
24,0.0,-16.0
48,-2.0,38.0
72,0.0,200.0
24,0.0,354.7
48,0.0,375.7
72,0.0,-17.30000000000001
24,0.0,186.0
48,0.0,-206.0
72,0.0,-60.0
24,0.0,-220.20000000000005
48,0.0,-434.20000000000005
72,0.0,-636.2
24,0.0,273.8
48,0.0,119.80000000000001
72,0.0,-265.2
24,8.0,292.5
48,8.0,292.5
72,8.0,-586.5
24,26.0,44.5
48,12.0,20.5
72,26.0,-18.5
24,17.0,48.799999999999955
48,17.0,-500.20000000000005
72,17.0,-103.20000000000005
24,0.0,-153.70000000000005
48,0.0,-222.70000000000005
72,0.0,-147.70000000000005
24,47.0,-28.69999999999999
48,8.0,-16.69999999999999
72,47.0,-181.7
24,28.0,-96.19999999999999
48,14.0,-84.19999999999999
72,28.0,-132.2
24,-77.0,-12.200000000000003
48,0.0,-21.200000000000003
72,0.0,-35.2
24,30.0,-7.200000000000003
48,30.0,-10.200000000000003
72,30.0,-22.200000000000003
24,-18.0,10.0
48,4.0,-5.0
72,4.0,-9.0
24,0.0,3.0
48,-81.0,112.0
72,0.0,8.0
24,2.0,221.0
48,-57.0,323.0
72,2.0,78.0
24,0.0,140.8
48,0.0,134.8
72,0.0,-264.2
24,0.0,142.29999999999995
48,0.0,294.29999999999995
72,0.0,-317.70000000000005
24,0.0,-5.300000000000011
48,0.0,454.7
72,0.0,-145.3
24,0.0,321.2
48,0.0,218.2
72,0.0,-308.8
24,0.0,79.30000000000001
48,0.0,-31.69999999999999
72,0.0,-169.7
24,0.0,143.8
48,0.0,-48.19999999999999
72,0.0,-297.2
24,0.0,-45.5
48,0.0,95.5
72,0.0,-196.5
24,0.0,114.0
48,0.0,-85.0
72,0.0,-114.0
24,0.0,-13.200000000000003
48,0.0,-51.2
72,0.0,-8.200000000000003
24,0.0,-2.799999999999997
48,0.0,-18.799999999999997
72,0.0,5.200000000000003
24,0.0,12.8
48,0.0,-1.1999999999999993
72,0.0,-1.1999999999999993
24,0.0,67.0
48,0.0,-13.0
72,0.0,-29.0
24,0.0,152.7
48,0.0,-19.30000000000001
72,0.0,-24.30000000000001
24,0.0,111.19999999999999
48,0.0,81.19999999999999
72,0.0,-60.80000000000001
24,0.0,143.7
48,0.0,169.7
72,0.0,-96.30000000000001
24,0.0,194.7
48,0.0,508.7
72,0.0,0.6999999999999886
24,0.0,351.0
48,0.0,612.0
72,0.0,320.0
24,0.0,228.3
48,0.0,303.3
72,0.0,51.30000000000001
24,0.0,215.5
48,0.0,492.5
72,0.0,-0.5
24,0.0,228.7
48,0.0,435.7
72,0.0,-95.30000000000001
24,0.0,257.2
48,0.0,150.2
72,0.0,-119.80000000000001
24,0.0,78.5
48,0.0,-10.5
72,0.0,-77.5
24,0.0,-15.199999999999989
48,0.0,-9.199999999999989
72,0.0,-83.19999999999999
24,0.0,10.799999999999997
48,0.0,1.7999999999999972
72,0.0,-14.200000000000003
24,-94.0,-10.5
48,0.0,-17.5
72,0.0,-28.5
24,-62.0,40.80000000000001
48,38.0,-11.199999999999989
72,38.0,-61.19999999999999
24,0.0,-72.80000000000001
48,0.0,-40.80000000000001
72,0.0,-54.80000000000001
24,0.0,119.19999999999999
48,0.0,202.2
72,0.0,145.2
24,-2.0,229.3
48,-57.0,357.3
72,0.0,203.3
24,0.0,242.2
48,-62.0,357.2
72,0.0,74.19999999999999
24,0.0,87.80000000000001
48,-35.0,396.8
72,0.0,273.8
24,-10.0,297.2
48,0.0,372.2
72,0.0,288.2
24,0.0,427.8
48,0.0,266.8
72,0.0,323.8
24,0.0,265.3
48,0.0,265.3
72,0.0,394.3
24,0.0,293.2
48,0.0,240.2
72,0.0,462.2
24,0.0,280.7
48,0.0,153.7
72,0.0,311.7
24,0.0,127.7
48,0.0,66.7
72,0.0,157.7
24,0.0,20.8
48,0.0,-5.199999999999999
72,0.0,11.8
24,0.0,-9.2
48,0.0,2.8000000000000007
72,0.0,-6.199999999999999
24,0.0,-47.7
48,0.0,-4.700000000000003
72,0.0,-50.7
24,0.0,129.3
48,0.0,44.3
72,0.0,32.3
24,0.0,162.3
48,0.0,-14.699999999999989
72,0.0,-49.69999999999999
24,0.0,80.0
48,0.0,-29.0
72,0.0,-101.0
24,0.0,191.2
48,0.0,-38.80000000000001
72,0.0,-31.80000000000001
24,0.0,355.2
48,0.0,-250.8
72,0.0,-177.8
24,3.0,38.19999999999999
48,3.0,-41.80000000000001
72,3.0,-325.8
24,5.0,63.30000000000001
48,5.0,-170.7
72,5.0,-105.69999999999999
24,0.0,-219.0
48,0.0,-423.0
72,0.0,-375.0
24,9.0,-280.3
48,9.0,-270.3
72,9.0,-237.3
24,3.0,-127.5
48,3.0,-115.5
72,3.0,-91.5
24,1.0,47.5
48,1.0,69.5
72,1.0,65.5
24,0.0,31.2
48,0.0,36.2
72,0.0,29.2
24,0.0,-15.2
48,-17.0,-7.199999999999999
72,-100.0,8.8
24,0.0,-69.2
48,0.0,-23.200000000000003
72,-98.0,75.8
24,0.0,-122.69999999999999
48,0.0,-80.69999999999999
72,0.0,47.30000000000001
24,0.0,33.0
48,0.0,-3.0
72,0.0,94.0
24,0.0,-13.0
48,0.0,155.0
72,0.0,93.0
24,0.0,-47.5
48,0.0,592.5
72,0.0,233.5
24,0.0,-67.80000000000001
48,0.0,555.2
72,0.0,586.2
24,0.0,-98.5
48,0.0,302.5
72,0.0,550.5
24,0.0,88.0
48,0.0,183.0
72,0.0,580.0
24,0.0,159.2
48,0.0,494.2
72,0.0,481.2
24,0.0,100.2
48,0.0,411.2
72,0.0,275.2
24,0.0,67.3
48,0.0,164.3
72,0.0,167.3
24,0.0,56.3
48,0.0,112.3
72,0.0,142.3
24,0.0,-9.7
48,0.0,10.3
72,0.0,4.300000000000001
24,0.0,-28.2
48,0.0,-28.2
72,0.0,-27.2
24,0.0,-37.8
48,0.0,-31.799999999999997
72,0.0,-27.799999999999997
24,0.0,-47.8
48,0.0,-52.8
72,0.0,-45.8
24,0.0,-84.7
48,0.0,-64.7
72,0.0,-72.7
24,0.0,-62.2
48,0.0,-35.2
72,0.0,-55.2
24,0.0,-81.0
48,0.0,-96.0
72,0.0,-48.0
24,0.0,-246.8
48,0.0,-244.8
72,0.0,-176.8
24,0.0,25.80000000000001
48,0.0,-131.2
72,0.0,-115.19999999999999
24,0.0,100.0
48,0.0,-23.0
72,0.0,14.0
24,0.0,-14.0
48,0.0,-2.0
72,0.0,30.0
24,0.0,-13.0
48,-1.0,192.0
72,0.0,42.0
24,0.0,13.299999999999997
48,0.0,-58.7
72,0.0,-40.7
24,0.0,3.3000000000000007
48,0.0,27.3
72,0.0,-1.6999999999999993
24,0.0,4.699999999999999
48,0.0,31.7
72,0.0,4.699999999999999
24,-3.0,-12.5
48,0.0,-28.5
72,-71.0,1.5
24,0.0,-82.3
48,0.0,-74.3
72,-70.0,84.7
24,0.0,-164.0
48,0.0,-319.0
72,-10.0,-249.0
24,2.0,-277.20000000000005
48,2.0,-527.2
72,-14.0,-318.20000000000005
24,0.0,-560.3
48,0.0,-597.3
72,-41.0,-41.299999999999955
24,1.0,-639.8
48,1.0,-308.79999999999995
72,-38.0,1.2000000000000455
24,27.0,-118.0
48,14.0,378.0
72,-32.0,634.0
24,0.0,60.5
48,0.0,160.5
72,-7.0,794.5
24,0.0,451.5
48,-5.0,482.5
72,-43.0,765.5
24,32.0,314.3
48,-5.0,336.3
72,5.0,337.3
24,29.0,-59.299999999999955
48,18.0,-227.29999999999995
72,29.0,-214.29999999999995
24,82.0,-88.80000000000001
48,63.0,7.199999999999989
72,82.0,-65.80000000000001
24,79.0,-158.7
48,79.0,-71.69999999999999
72,79.0,17.30000000000001
24,60.0,-3.8000000000000007
48,60.0,21.2
72,60.0,37.2
24,0.0,19.8
48,0.0,15.8
72,0.0,-3.2
24,0.0,18.700000000000003
48,0.0,15.700000000000003
72,0.0,-59.3
24,0.0,-160.0
48,0.0,30.0
72,0.0,-146.0
24,36.0,-248.2
48,36.0,140.8
72,36.0,-133.2
24,1.0,348.7
48,1.0,242.7
72,1.0,204.7
24,6.0,-116.69999999999999
48,6.0,268.3
72,6.0,200.3
24,85.0,315.0
48,85.0,91.0
72,85.0,605.0
24,24.0,-369.8
48,24.0,-369.8
72,24.0,110.19999999999999
24,17.0,-524.0
48,17.0,-361.0
72,17.0,-298.0
24,1.0,-401.8
48,1.0,-256.8
72,1.0,-141.8
24,0.0,-183.8
48,0.0,-83.80000000000001
72,0.0,373.2
24,0.0,-132.8
48,0.0,-120.80000000000001
72,0.0,65.19999999999999
24,0.0,-35.0
48,0.0,-36.0
72,0.0,17.0
24,0.0,-9.5
48,0.0,-7.5
72,0.0,22.5
24,0.0,-12.5
48,0.0,-15.5
72,0.0,-12.5
24,0.0,-9.8
48,0.0,-12.8
72,0.0,1.1999999999999993
24,0.0,-39.3
48,0.0,-7.299999999999997
72,0.0,-40.3
24,0.0,-39.5
48,0.0,-15.5
72,0.0,-43.5
24,0.0,14.299999999999997
48,0.0,-78.7
72,0.0,-75.7
24,0.0,-131.7
48,0.0,-96.69999999999999
72,0.0,-151.7
24,0.0,81.80000000000001
48,0.0,-13.199999999999989
72,0.0,-127.19999999999999
24,0.0,-23.30000000000001
48,0.0,-103.30000000000001
72,0.0,-105.30000000000001
24,0.0,179.0
48,0.0,-106.0
72,0.0,-113.0
24,0.0,65.5
48,0.0,282.5
72,0.0,-138.5
24,0.0,-247.7
48,0.0,54.30000000000001
72,0.0,-395.7
24,0.0,40.80000000000001
48,0.0,-22.19999999999999
72,0.0,-222.2
24,0.0,143.3
48,0.0,-19.700000000000003
72,0.0,-40.7
24,0.0,44.8
48,0.0,-3.1999999999999993
72,0.0,-11.2
24,0.0,-4.0
48,-24.0,-5.0
72,0.0,-31.0
24,0.0,-70.80000000000001
48,-11.0,-43.80000000000001
72,0.0,-160.8
24,0.0,-13.199999999999989
48,0.0,5.800000000000011
72,0.0,-282.2
24,0.0,270.3
48,0.0,186.3
72,0.0,-178.7
24,-9.0,296.0
48,5.0,193.0
72,5.0,-269.0
24,34.0,78.70000000000005
48,34.0,-8.299999999999955
72,15.0,114.70000000000005
24,41.0,-165.70000000000005
48,40.0,-163.70000000000005
72,-36.0,-35.700000000000045
24,50.0,-699.2
48,38.0,-251.20000000000005
72,7.0,-69.20000000000005
24,70.0,83.70000000000005
48,63.0,-37.299999999999955
72,64.0,-169.29999999999995
24,56.0,70.69999999999999
48,56.0,-83.30000000000001
72,33.0,326.7
24,1.0,96.0
48,1.0,-209.0
72,-45.0,194.0
24,0.0,-113.19999999999999
48,0.0,-44.19999999999999
72,-4.0,-34.19999999999999
24,61.0,-51.69999999999999
48,76.0,-69.69999999999999
72,76.0,-82.69999999999999
24,12.0,-23.200000000000003
48,63.0,-24.200000000000003
72,91.0,-44.2
24,5.0,-16.5
48,-1.0,-16.5
72,99.0,-20.5
24,99.0,-65.30000000000001
48,-1.0,-47.30000000000001
72,99.0,-84.30000000000001
24,100.0,-97.5
48,0.0,-57.5
72,0.0,-57.5
24,18.0,-70.29999999999995
48,0.0,-67.29999999999995
72,0.0,-67.29999999999995
24,0.0,-68.0
48,0.0,-70.0
72,0.0,-70.0
24,10.0,-60.799999999999955
48,0.0,-63.799999999999955
72,0.0,-61.799999999999955
24,2.0,-60.799999999999955
48,-3.0,-59.799999999999955
72,-3.0,-58.799999999999955
24,-17.0,-57.200000000000045
48,-28.0,-56.200000000000045
72,-28.0,-55.200000000000045
24,-8.0,-54.799999999999955
48,-8.0,-51.799999999999955
72,-8.0,-54.799999999999955
24,-33.0,-55.0
48,-39.0,-51.0
72,-39.0,-54.0
24,-32.0,-52.700000000000045
48,-39.0,-48.700000000000045
72,-39.0,-51.700000000000045
24,-19.0,4.699999999999989
48,-26.0,8.699999999999989
72,-26.0,6.699999999999989
24,-4.0,37.69999999999999
48,-11.0,40.69999999999999
72,-11.0,38.69999999999999
24,-45.0,35.0
48,-57.0,36.0
72,-57.0,36.0
24,-1.0,-16.5
48,92.0,-16.5
72,92.0,-42.5
24,8.0,-17.80000000000001
48,96.0,-37.80000000000001
72,96.0,-74.80000000000001
24,2.0,-3.3000000000000114
48,14.0,-8.300000000000011
72,94.0,-324.3
24,3.0,-43.200000000000045
48,87.0,-68.20000000000005
72,91.0,-113.20000000000005
24,11.0,-36.299999999999955
48,98.0,-80.29999999999995
72,98.0,-552.3
24,7.0,-67.20000000000005
48,91.0,-119.20000000000005
72,91.0,-145.20000000000005
24,10.0,-65.29999999999995
48,76.0,-87.29999999999995
72,100.0,-125.29999999999995
24,5.0,-62.299999999999955
48,17.0,-67.29999999999995
72,100.0,-129.29999999999995
24,-1.0,-42.200000000000045
48,-1.0,-44.200000000000045
72,34.0,-40.200000000000045
24,-4.0,-58.5
48,-4.0,-59.5
72,3.0,-58.5
24,-10.0,-53.799999999999955
48,-5.0,-56.799999999999955
72,-4.0,-55.799999999999955
24,-26.0,-30.19999999999999
48,-31.0,-35.19999999999999
72,-26.0,-31.19999999999999
24,-57.0,-28.30000000000001
48,-47.0,-33.30000000000001
72,-48.0,-32.30000000000001
24,-98.0,-11.799999999999997
48,-93.0,-13.799999999999997
72,-98.0,-12.799999999999997
24,0.0,-20.299999999999997
48,0.0,-18.299999999999997
72,0.0,-18.299999999999997
24,0.0,-82.80000000000001
48,-16.0,-47.80000000000001
72,0.0,-65.80000000000001
24,0.0,-82.30000000000001
48,0.0,-143.3
72,0.0,-113.30000000000001
24,64.0,-102.5
48,64.0,-145.5
72,64.0,-311.5
24,85.0,140.0
48,85.0,49.0
72,85.0,9.0
24,11.0,320.8
48,11.0,132.8
72,11.0,267.8
24,-9.0,86.29999999999995
48,2.0,-146.70000000000005
72,2.0,-24.700000000000045
24,0.0,-23.700000000000045
48,0.0,-120.70000000000005
72,0.0,-95.70000000000005
24,0.0,12.200000000000045
48,0.0,-12.799999999999955
72,0.0,-127.79999999999995
24,0.0,-23.5
48,-1.0,8.5
72,0.0,-400.5
24,0.0,-93.29999999999995
48,0.0,-146.29999999999995
72,0.0,-425.29999999999995
24,-17.0,-47.80000000000001
48,-8.0,-59.80000000000001
72,-2.0,-103.80000000000001
24,0.0,-64.30000000000001
48,0.0,-48.30000000000001
72,0.0,-99.30000000000001
24,0.0,-12.5
48,0.0,-15.5
72,0.0,-12.5
24,45.0,-18.299999999999997
48,45.0,-18.299999999999997
72,45.0,-16.299999999999997
24,-15.0,-56.5
48,0.0,-103.5
72,0.0,-80.5
24,-64.0,-64.30000000000001
48,0.0,-136.3
72,0.0,-95.30000000000001
24,0.0,-94.29999999999995
48,0.0,-97.29999999999995
72,0.0,-69.29999999999995
24,1.0,-10.0
48,1.0,27.0
72,1.0,-20.0
24,53.0,-155.5
48,13.0,-23.5
72,-5.0,-24.5
24,0.0,-293.70000000000005
48,0.0,-86.70000000000005
72,0.0,-121.70000000000005
24,57.0,-428.79999999999995
48,57.0,-128.79999999999995
72,57.0,-127.79999999999995
24,39.0,-72.29999999999995
48,39.0,-99.29999999999995
72,-51.0,-50.299999999999955
24,56.0,-94.0
48,-20.0,-50.0
72,66.0,-94.0
24,11.0,-81.29999999999995
48,-75.0,-59.299999999999955
72,2.0,-67.29999999999995
24,-25.0,-58.69999999999999
48,0.0,-108.69999999999999
72,0.0,-78.69999999999999
24,0.0,-41.69999999999999
48,0.0,-72.69999999999999
72,-16.0,-39.69999999999999
24,-54.0,4.0
48,0.0,-8.0
72,0.0,-1.0
24,1.0,-18.200000000000003
48,1.0,-17.200000000000003
72,1.0,-25.200000000000003
24,1.0,-148.3
48,1.0,-74.30000000000001
72,1.0,-105.30000000000001
24,0.0,-197.2
48,0.0,-98.19999999999999
72,0.0,-204.2
24,1.0,-193.20000000000005
48,1.0,-147.20000000000005
72,1.0,-482.20000000000005
24,-2.0,-132.79999999999995
48,0.0,-177.79999999999995
72,0.0,-579.8
24,0.0,-89.79999999999995
48,0.0,-189.79999999999995
72,0.0,-481.79999999999995
24,2.0,-130.20000000000005
48,2.0,-212.20000000000005
72,2.0,-516.2
24,0.0,-225.20000000000005
48,0.0,-198.20000000000005
72,0.0,-651.2
24,0.0,-413.5
48,0.0,-387.5
72,0.0,-214.5
24,1.0,-606.8
48,1.0,-225.79999999999995
72,1.0,-191.79999999999995
24,0.0,-420.20000000000005
48,0.0,-30.200000000000045
72,0.0,-140.20000000000005
24,0.0,-272.5
48,0.0,-166.5
72,0.0,-28.5
24,0.0,-63.7
48,0.0,-29.700000000000003
72,0.0,22.299999999999997
24,0.0,-30.299999999999997
48,0.0,-14.299999999999997
72,0.0,-10.299999999999997
24,0.0,-8.0
48,0.0,-9.0
72,0.0,10.0
24,0.0,-11.299999999999997
48,0.0,-19.299999999999997
72,0.0,86.7
24,0.0,-17.700000000000003
48,0.0,244.3
72,0.0,159.3
24,0.0,94.80000000000001
48,0.0,357.8
72,0.0,281.8
24,0.0,46.69999999999999
48,-89.0,549.7
72,0.0,479.7
24,0.0,-149.5
48,-89.0,482.5
72,-1.0,451.5
24,0.0,-405.20000000000005
48,-95.0,345.79999999999995
72,0.0,317.79999999999995
24,0.0,-468.29999999999995
48,0.0,316.70000000000005
72,0.0,270.70000000000005
24,0.0,-634.2
48,-31.0,132.79999999999995
72,0.0,27.799999999999955
24,0.0,-428.7
48,0.0,94.30000000000001
72,0.0,246.3
24,0.0,-140.3
48,0.0,67.69999999999999
72,-10.0,352.7
24,4.0,-127.69999999999999
48,4.0,-58.69999999999999
72,-15.0,263.3
24,4.0,-66.8
48,4.0,18.200000000000003
72,-16.0,134.2
24,0.0,-25.8
48,0.0,24.2
72,0.0,20.2
24,0.0,-10.0
48,0.0,-4.0
72,0.0,-4.0
24,0.0,-24.0
48,0.0,-33.0
72,0.0,-26.0
24,0.0,22.2
48,0.0,-10.8
72,0.0,9.2
24,1.0,-12.799999999999997
48,1.0,-73.8
72,1.0,-64.8
24,2.0,-118.5
48,2.0,-111.5
72,2.0,-96.5
24,0.0,-127.30000000000001
48,0.0,-234.3
72,0.0,-203.3
24,0.0,-84.30000000000001
48,0.0,-189.3
72,0.0,-161.3
24,0.0,-80.69999999999999
48,0.0,-147.7
72,0.0,-112.69999999999999
24,0.0,-188.0
48,0.0,-175.0
72,0.0,-203.0
24,0.0,67.0
48,0.0,20.0
72,0.0,0.0
24,0.0,32.5
48,0.0,35.5
72,0.0,-5.5
24,0.0,-3.8000000000000007
48,0.0,110.2
72,0.0,15.2
24,0.0,-29.700000000000003
48,0.0,-54.7
72,0.0,-52.7
24,0.0,-18.2
48,0.0,-18.2
72,0.0,-22.2
24,0.0,-4.7
48,0.0,-4.7
72,0.0,-4.7
24,0.0,-20.8
48,0.0,-22.8
72,0.0,-25.8
24,0.0,-25.2
48,0.0,-27.2
72,0.0,-18.2
24,0.0,-18.299999999999997
48,0.0,-34.3
72,0.0,-29.299999999999997
24,0.0,-64.3
48,0.0,-42.3
72,0.0,-62.3
24,0.0,-75.3
48,0.0,19.700000000000003
72,0.0,-83.3
24,0.0,-107.2
48,0.0,-84.2
72,0.0,-73.2
24,0.0,-239.3
48,0.0,-218.3
72,0.0,-217.3
24,0.0,-159.5
48,0.0,-125.5
72,0.0,-168.5
24,0.0,-271.0
48,0.0,-259.0
72,0.0,-259.0
24,0.0,-225.8
48,0.0,-225.8
72,0.0,-235.8
24,0.0,-77.5
48,0.0,-73.5
72,0.0,-61.5
24,7.0,-22.299999999999997
48,7.0,-16.299999999999997
72,7.0,124.7
24,45.0,-15.5
48,45.0,-14.5
72,45.0,24.5
24,-8.0,8.5
48,0.0,0.5
72,0.0,0.5
24,0.0,-5.300000000000001
48,0.0,-19.3
72,0.0,-21.3
24,0.0,-10.700000000000003
48,-29.0,121.3
72,0.0,-37.7
24,0.0,-30.299999999999997
48,-16.0,225.7
72,0.0,-22.299999999999997
24,0.0,-24.799999999999997
48,0.0,159.2
72,0.0,-106.8
24,0.0,-142.0
48,0.0,9.0
72,0.0,-211.0
24,0.0,-252.2
48,0.0,23.80000000000001
72,0.0,-296.2
24,0.0,-160.5
48,-29.0,371.5
72,0.0,-248.5
24,0.0,-172.0
48,0.0,67.0
72,0.0,-124.0
24,-38.0,409.8
48,-41.0,460.8
72,0.0,-98.19999999999999
24,0.0,3.3000000000000114
48,-56.0,290.3
72,0.0,-95.69999999999999
24,1.0,-190.3
48,-52.0,160.7
72,1.0,71.69999999999999
24,7.0,-159.8
48,-12.0,15.199999999999989
72,-35.0,34.19999999999999
24,0.0,2.0
48,-86.0,58.0
72,-34.0,41.0
24,0.0,-5.199999999999999
48,0.0,-1.1999999999999993
72,0.0,10.8
24,0.0,-6.5
48,0.0,-33.5
72,0.0,3.5
24,3.0,20.80000000000001
48,3.0,-81.19999999999999
72,3.0,-89.19999999999999
24,2.0,-147.7
48,2.0,-479.7
72,2.0,-270.7
24,0.0,3.3000000000000114
48,0.0,-370.7
72,0.0,-208.7
24,12.0,123.69999999999999
48,12.0,-348.3
72,12.0,-40.30000000000001
24,55.0,-92.79999999999995
48,58.0,-397.79999999999995
72,58.0,94.20000000000005
24,5.0,506.7
48,5.0,41.69999999999999
72,5.0,437.7
24,-6.0,293.0
48,-14.0,327.0
72,0.0,94.0
24,0.0,358.0
48,-13.0,513.0
72,0.0,409.0
24,0.0,533.7
48,-32.0,553.7
72,0.0,378.7
24,1.0,236.3
48,-50.0,397.3
72,1.0,309.3
24,0.0,15.0
48,0.0,146.0
72,0.0,97.0
24,0.0,17.8
48,0.0,46.8
72,0.0,30.8
24,-86.0,2.8000000000000007
48,0.0,-16.2
72,0.0,-17.2
24,0.0,109.2
48,0.0,23.2
72,0.0,-3.8000000000000007
24,0.0,-45.0
48,0.0,-42.0
72,0.0,224.0
24,0.0,-135.2
48,0.0,-127.19999999999999
72,0.0,156.8
24,0.0,-130.7
48,0.0,-104.69999999999999
72,-18.0,410.3
24,0.0,280.3
48,0.0,-98.69999999999999
72,0.0,31.30000000000001
24,0.0,269.2
48,0.0,-160.8
72,0.0,25.19999999999999
24,0.0,237.7
48,0.0,-112.30000000000001
72,0.0,99.69999999999999
24,0.0,97.69999999999999
48,0.0,-121.30000000000001
72,0.0,-79.30000000000001
24,0.0,102.69999999999999
48,0.0,-128.3
72,0.0,-74.30000000000001
24,0.0,-51.80000000000001
48,0.0,-142.8
72,0.0,-161.8
24,0.0,143.0
48,0.0,-114.0
72,0.0,-119.0
24,0.0,102.0
48,0.0,-48.0
72,0.0,-46.0
24,0.0,23.0
48,0.0,-12.0
72,0.0,-12.0
24,0.0,-10.7
48,0.0,-3.6999999999999993
72,0.0,-12.7
24,19.0,-72.0
48,19.0,-92.0
72,19.0,-112.0
24,0.0,-143.5
48,-57.0,185.5
72,0.0,-81.5
24,0.0,-73.0
48,-69.0,428.0
72,0.0,33.0
24,0.0,-90.3
48,-65.0,589.7
72,0.0,17.700000000000003
24,9.0,-128.8
48,-60.0,659.2
72,9.0,-94.80000000000001
24,2.0,-173.5
48,-94.0,672.5
72,2.0,-194.5
24,0.0,-277.0
48,-37.0,484.0
72,0.0,-357.0
24,0.0,-341.8
48,0.0,-180.8
72,0.0,-429.8
24,0.0,-395.7
48,-38.0,172.3
72,0.0,-438.7
24,0.0,-339.0
48,-67.0,183.0
72,0.0,-381.0
24,0.0,-162.0
48,-37.0,161.0
72,0.0,-226.0
24,0.0,-94.5
48,0.0,19.5
72,0.0,-180.5
24,0.0,-59.0
48,0.0,-12.0
72,0.0,-62.0
24,0.0,-20.3
48,0.0,-20.3
72,0.0,-22.3
24,0.0,-81.3
48,0.0,-82.3
72,0.0,-92.3
24,0.0,-171.5
48,0.0,-147.5
72,0.0,-147.5
24,0.0,-307.8
48,0.0,-343.8
72,0.0,-340.8
24,0.0,-558.5
48,0.0,-570.5
72,0.0,-558.5
24,0.0,-539.0
48,0.0,-527.0
72,0.0,-481.0
24,0.0,-562.3
48,0.0,-363.29999999999995
72,0.0,-123.29999999999995
24,0.0,-388.5
48,0.0,-60.5
72,0.0,-39.5
24,0.0,113.20000000000005
48,0.0,-538.8
72,0.0,-497.79999999999995
24,0.0,-457.5
48,0.0,-667.5
72,0.0,-658.5
24,0.0,-462.0
48,0.0,-454.0
72,0.0,-476.0
24,0.0,-430.3
48,0.0,-408.3
72,0.0,-381.3
24,0.0,-66.2
48,0.0,-100.2
72,0.0,-69.2
24,0.0,5.199999999999999
48,0.0,-5.800000000000001
72,0.0,12.2
24,0.0,9.5
48,0.0,0.5
72,0.0,-7.5
24,0.0,91.5
48,0.0,32.5
72,0.0,-6.5
24,0.0,23.5
48,0.0,188.5
72,0.0,227.5
24,0.0,46.80000000000001
48,0.0,115.80000000000001
72,0.0,277.8
24,0.0,121.69999999999999
48,0.0,-306.3
72,0.0,54.69999999999999
24,0.0,-183.70000000000005
48,0.0,-486.70000000000005
72,0.0,-162.70000000000005
24,0.0,-160.79999999999995
48,0.0,84.20000000000005
72,0.0,-138.79999999999995
24,0.0,-364.0
48,0.0,253.0
72,0.0,-34.0
24,0.0,-304.8
48,0.0,394.2
72,0.0,224.2
24,0.0,-154.8
48,0.0,305.2
72,0.0,436.2
24,0.0,-165.8
48,0.0,144.2
72,0.0,245.2
24,0.0,-134.3
48,0.0,239.7
72,0.0,115.69999999999999
24,0.0,-169.0
48,0.0,20.0
72,0.0,-90.0
24,0.0,17.0
48,0.0,32.0
72,0.0,25.0
24,54.0,-20.8
48,54.0,-14.8
72,54.0,-5.800000000000001
24,18.0,-76.8
48,18.0,-73.8
72,18.0,20.200000000000003
24,1.0,2.0
48,1.0,-203.0
72,1.0,70.0
24,0.0,-135.0
48,0.0,-325.0
72,-23.0,122.0
24,0.0,-254.5
48,0.0,-532.5
72,-90.0,67.5
24,0.0,-343.20000000000005
48,0.0,-483.20000000000005
72,-60.0,110.79999999999995
24,0.0,-258.70000000000005
48,0.0,-574.7
72,-5.0,152.29999999999995
24,0.0,-560.0
48,0.0,-565.0
72,0.0,69.0
24,0.0,-580.7
48,0.0,-507.70000000000005
72,0.0,-38.700000000000045
24,0.0,-340.5
48,0.0,-370.5
72,0.0,190.5
24,0.0,-128.2
48,0.0,-169.2
72,0.0,23.80000000000001
24,0.0,-18.69999999999999
48,0.0,-79.69999999999999
72,0.0,7.300000000000011
24,0.0,-36.2
48,0.0,-12.200000000000003
72,0.0,44.8
24,38.0,-15.200000000000003
48,38.0,-26.200000000000003
72,38.0,3.799999999999997
24,0.0,-0.1999999999999993
48,0.0,-10.2
72,0.0,-8.2
24,0.0,24.5
48,0.0,-37.5
72,0.0,-62.5
24,-85.0,109.80000000000001
48,0.0,-142.2
72,0.0,-178.2
24,7.0,207.3
48,7.0,107.30000000000001
72,7.0,-74.69999999999999
24,2.0,291.0
48,2.0,53.0
72,2.0,1.0
24,-8.0,513.0
48,0.0,389.0
72,0.0,148.0
24,-73.0,510.8
48,0.0,355.8
72,0.0,-43.19999999999999
24,0.0,206.79999999999995
48,0.0,168.79999999999995
72,0.0,-14.200000000000045
24,0.0,181.20000000000005
48,-3.0,289.20000000000005
72,0.0,-280.79999999999995
24,-4.0,333.2
48,-81.0,342.2
72,0.0,-337.8
24,0.0,110.30000000000001
48,0.0,-149.7
72,0.0,-83.69999999999999
24,0.0,-26.69999999999999
48,0.0,-88.69999999999999
72,0.0,-272.7
24,0.0,-143.0
48,0.0,-134.0
72,0.0,-245.0
24,0.0,-38.5
48,0.0,-28.5
72,0.0,-66.5
24,0.0,-11.0
48,0.0,-11.0
72,0.0,8.0
24,0.0,-36.2
48,0.0,-73.2
72,0.0,-45.2
24,0.0,-197.5
48,0.0,29.5
72,0.0,83.5
24,0.0,-281.0
48,0.0,-217.0
72,0.0,-102.0
24,0.0,-323.0
48,0.0,-230.0
72,0.0,-308.0
24,0.0,-90.30000000000001
48,0.0,-181.3
72,0.0,-234.3
24,0.0,-56.30000000000001
48,0.0,-260.3
72,0.0,-198.3
24,0.0,249.0
48,0.0,-407.0
72,0.0,-404.0
24,1.0,-28.799999999999955
48,1.0,-303.79999999999995
72,1.0,116.20000000000005
24,0.0,-136.0
48,0.0,38.0
72,0.0,388.0
24,0.0,-154.0
48,0.0,-42.0
72,0.0,72.0
24,0.0,-155.8
48,0.0,38.19999999999999
72,0.0,-79.80000000000001
24,0.0,-3.700000000000003
48,0.0,78.3
72,0.0,2.299999999999997
24,2.0,8.7
48,2.0,10.7
72,2.0,-14.3
24,27.0,-11.2
48,85.0,-10.2
72,90.0,-25.2
24,-2.0,-43.19999999999999
48,87.0,-183.2
72,87.0,-78.19999999999999
24,100.0,-264.7
48,100.0,-114.69999999999999
72,100.0,-390.7
24,10.0,-61.0
48,100.0,-111.0
72,100.0,-478.0
24,15.0,-64.29999999999995
48,100.0,-133.29999999999995
72,100.0,-627.3
24,100.0,-105.5
48,100.0,-108.5
72,55.0,-101.5
24,95.0,-117.20000000000005
48,95.0,-100.20000000000005
72,95.0,-553.2
24,75.0,-84.20000000000005
48,86.0,-104.20000000000005
72,86.0,-771.2
24,-23.0,-67.70000000000005
48,55.0,-83.70000000000005
72,60.0,-177.70000000000005
24,-79.0,-65.70000000000005
48,-74.0,-63.700000000000045
72,-11.0,-70.70000000000005
24,-21.0,-69.20000000000005
48,-95.0,-58.200000000000045
72,-26.0,-68.20000000000005
24,-83.0,-54.69999999999999
48,-89.0,-52.69999999999999
72,3.0,-97.69999999999999
24,-5.0,-34.0
48,-9.0,-31.0
72,43.0,-37.0
24,-41.0,-8.799999999999997
48,-38.0,-6.799999999999997
72,-35.0,-8.799999999999997
24,-88.0,-10.7
48,-84.0,-10.7
72,0.0,-11.7
24,-80.0,-43.30000000000001
48,-88.0,-42.30000000000001
72,-14.0,-46.30000000000001
24,-95.0,-56.80000000000001
48,-90.0,-55.80000000000001
72,0.0,-117.80000000000001
24,-89.0,-63.700000000000045
48,-95.0,-61.700000000000045
72,0.0,-99.70000000000005
24,-36.0,-73.0
48,-94.0,-64.0
72,-74.0,-62.0
24,-15.0,-79.0
48,1.0,-97.0
72,1.0,-104.0
24,1.0,-136.79999999999995
48,1.0,-127.79999999999995
72,1.0,-241.79999999999995
24,0.0,-227.0
48,0.0,-137.0
72,0.0,-151.0
24,-1.0,-79.20000000000005
48,0.0,-102.20000000000005
72,0.0,-192.20000000000005
24,-79.0,-65.0
48,5.0,-122.0
72,5.0,-127.0
24,-95.0,-59.200000000000045
48,0.0,-114.20000000000005
72,0.0,-95.20000000000005
24,5.0,-173.2
48,5.0,-119.19999999999999
72,5.0,-234.2
24,0.0,-180.2
48,0.0,-95.19999999999999
72,0.0,-103.19999999999999
24,-90.0,0.5
48,0.0,-8.5
72,0.0,-18.5
24,0.0,-2.1999999999999993
48,0.0,-3.1999999999999993
72,-92.0,-2.1999999999999993
24,0.0,-28.69999999999999
48,0.0,-37.69999999999999
72,-4.0,-12.699999999999989
24,-59.0,-40.69999999999999
48,0.0,-131.7
72,0.0,-88.69999999999999
24,15.0,-56.299999999999955
48,15.0,-89.29999999999995
72,15.0,-106.29999999999995
24,83.0,-51.0
48,83.0,-70.0
72,83.0,-92.0
24,88.0,-76.5
48,88.0,-54.5
72,32.0,-44.5
24,28.0,-43.200000000000045
48,28.0,-53.200000000000045
72,28.0,-55.200000000000045
24,77.0,-35.299999999999955
48,77.0,-34.299999999999955
72,77.0,-85.29999999999995
24,72.0,-54.299999999999955
48,84.0,-85.29999999999995
72,53.0,-56.299999999999955
24,92.0,-80.5
48,92.0,-73.5
72,57.0,-54.5
24,92.0,-9.5
48,92.0,11.5
72,8.0,35.5
24,51.0,127.30000000000001
48,51.0,107.30000000000001
72,-41.0,141.3
24,-19.0,36.30000000000001
48,76.0,8.300000000000011
72,-11.0,36.30000000000001
24,-10.0,-5.200000000000003
48,80.0,-10.200000000000003
72,-7.0,-5.200000000000003
24,-40.0,-10.8
48,2.0,-10.8
72,2.0,-13.8
24,83.0,-52.0
48,83.0,-40.0
72,83.0,-54.0
24,42.0,-67.19999999999999
48,42.0,-31.19999999999999
72,42.0,-44.19999999999999
24,-58.0,-57.299999999999955
48,5.0,-107.29999999999995
72,-21.0,-89.29999999999995
24,9.0,-103.0
48,9.0,-135.0
72,-81.0,-61.0
24,22.0,-105.20000000000005
48,22.0,-73.20000000000005
72,-20.0,-62.200000000000045
24,10.0,-117.70000000000005
48,-40.0,-63.700000000000045
72,10.0,-79.70000000000005
24,55.0,-85.79999999999995
48,-32.0,-52.799999999999955
72,35.0,-59.799999999999955
24,-83.0,-45.299999999999955
48,-35.0,-47.299999999999955
72,9.0,-43.299999999999955
24,0.0,-73.79999999999995
48,-100.0,-30.799999999999955
72,-87.0,-28.799999999999955
24,-41.0,4.7000000000000455
48,-21.0,12.700000000000045
72,-86.0,26.700000000000045
24,0.0,-43.19999999999999
48,0.0,-92.19999999999999
72,-93.0,-7.199999999999989
24,64.0,-61.80000000000001
48,64.0,-97.80000000000001
72,-29.0,-43.80000000000001
24,9.0,-13.799999999999997
48,99.0,-15.799999999999997
72,-1.0,-11.799999999999997
24,0.0,-11.5
48,0.0,-11.5
72,0.0,-11.5
24,1.0,-78.69999999999999
48,1.0,-59.69999999999999
72,-79.0,-43.69999999999999
24,2.0,-110.30000000000001
48,-44.0,-51.30000000000001
72,-66.0,-41.30000000000001
24,1.0,-96.79999999999995
48,-34.0,-139.79999999999995
72,1.0,-62.799999999999955
24,52.0,-174.0
48,49.0,-243.0
72,49.0,-4.0
24,60.0,-179.29999999999995
48,60.0,-214.29999999999995
72,-3.0,-4.2999999999999545
24,80.0,180.29999999999995
48,80.0,15.299999999999955
72,45.0,61.299999999999955
24,9.0,-73.5
48,56.0,-306.5
72,44.0,-281.5
24,0.0,-62.200000000000045
48,0.0,-63.200000000000045
72,-24.0,-273.20000000000005
24,80.0,37.299999999999955
48,70.0,21.299999999999955
72,7.0,41.299999999999955
24,86.0,55.5
48,43.0,58.5
72,10.0,63.5
24,94.0,45.0
48,94.0,47.0
72,5.0,57.0
24,64.0,-39.80000000000001
48,45.0,-42.80000000000001
72,-18.0,-41.80000000000001
24,-7.0,-9.0
48,20.0,-11.0
72,-23.0,-10.0
24,-16.0,-9.7
48,78.0,-17.7
72,78.0,-20.7
24,-20.0,-45.69999999999999
48,61.0,-126.69999999999999
72,63.0,-156.7
24,48.0,-0.19999999999998863
48,48.0,48.80000000000001
72,48.0,-149.2
24,14.0,33.5
48,14.0,139.5
72,14.0,55.5
24,0.0,197.8
48,0.0,-167.2
72,0.0,280.8
24,18.0,502.7
48,18.0,-208.3
72,18.0,7.699999999999989
24,0.0,-149.3
48,0.0,-88.30000000000001
72,0.0,268.7
24,0.0,-133.7
48,0.0,-100.69999999999999
72,0.0,132.3
24,0.0,-18.0
48,0.0,565.0
72,0.0,666.0
24,0.0,115.30000000000001
48,0.0,97.30000000000001
72,-15.0,381.3
24,0.0,-291.7
48,0.0,-209.7
72,0.0,201.3
24,0.0,-79.30000000000001
48,0.0,-133.3
72,0.0,162.7
24,0.0,-27.19999999999999
48,0.0,-168.2
72,0.0,-166.2
24,0.0,1.5
48,0.0,-25.5
72,0.0,-32.5
24,0.0,-15.8
48,0.0,-11.8
72,0.0,-3.8000000000000007
24,-7.0,27.200000000000003
48,0.0,-62.8
72,0.0,17.200000000000003
24,0.0,-113.0
48,-51.0,187.0
72,0.0,-102.0
24,3.0,-210.3
48,-40.0,221.7
72,3.0,-164.3
24,0.0,-56.0
48,-36.0,362.0
72,-1.0,313.0
24,0.0,-128.5
48,0.0,51.5
72,0.0,-11.5
24,0.0,-157.2
48,0.0,-155.2
72,0.0,-164.2
24,0.0,251.8
48,-8.0,587.8
72,-35.0,599.8
24,-24.0,175.79999999999995
48,0.0,-318.20000000000005
72,-6.0,270.79999999999995
24,-2.0,-308.0
48,0.0,-241.0
72,-23.0,92.0
24,0.0,-406.20000000000005
48,0.0,-312.20000000000005
72,-9.0,-211.20000000000005
24,0.0,-364.3
48,0.0,-220.3
72,0.0,-294.3
24,0.0,-168.0
48,0.0,22.0
72,-19.0,-88.0
24,0.0,-19.8
48,0.0,22.2
72,0.0,-15.8
24,6.0,-23.2
48,6.0,-11.2
72,1.0,-11.2
24,0.0,-164.5
48,-82.0,-45.5
72,0.0,-60.5
24,0.0,-60.69999999999999
48,-40.0,-58.69999999999999
72,-18.0,-58.69999999999999
24,30.0,-99.70000000000005
48,24.0,-76.70000000000005
72,30.0,-70.70000000000005
24,47.0,-112.5
48,47.0,-610.5
72,-45.0,-66.5
24,51.0,-70.70000000000005
48,92.0,-79.70000000000005
72,-1.0,-67.70000000000005
24,-15.0,-67.20000000000005
48,37.0,-70.20000000000005
72,-18.0,-68.20000000000005
24,69.0,-73.20000000000005
48,95.0,-82.20000000000005
72,2.0,-68.20000000000005
24,80.0,-531.8
48,58.0,-245.79999999999995
72,1.0,-70.79999999999995
24,75.0,-508.29999999999995
48,75.0,-394.29999999999995
72,7.0,-70.29999999999995
24,86.0,-278.29999999999995
48,86.0,-399.29999999999995
72,69.0,-345.29999999999995
24,61.0,-252.3
48,73.0,-257.3
72,29.0,-105.30000000000001
24,93.0,-183.0
48,81.0,-126.0
72,-7.0,-40.0
24,4.0,-16.200000000000003
48,94.0,-57.2
72,-6.0,-17.200000000000003
24,0.0,-9.2
48,0.0,-9.2
72,0.0,-9.2
24,0.0,-41.5
48,0.0,-42.5
72,0.0,-41.5
24,0.0,-56.19999999999999
48,0.0,-56.19999999999999
72,0.0,-55.19999999999999
24,0.0,-62.0
48,0.0,-63.0
72,0.0,-63.0
24,0.0,-65.70000000000005
48,0.0,-65.70000000000005
72,0.0,-65.70000000000005
24,0.0,-67.20000000000005
48,0.0,-67.20000000000005
72,0.0,-67.20000000000005
24,-1.0,-54.299999999999955
48,-1.0,-55.299999999999955
72,-1.0,-54.299999999999955
24,-1.0,-58.299999999999955
48,-1.0,-59.299999999999955
72,-1.0,-58.299999999999955
24,-2.0,-71.70000000000005
48,-2.0,-66.70000000000005
72,-2.0,-66.70000000000005
24,-2.0,-68.5
48,-2.0,-65.5
72,-2.0,-65.5
24,-5.0,-64.70000000000005
48,-5.0,-62.700000000000045
72,-5.0,-62.700000000000045
24,-10.0,-58.30000000000001
48,16.0,-58.30000000000001
72,-10.0,-56.30000000000001
24,-3.0,-46.30000000000001
48,-3.0,-46.30000000000001
72,-3.0,-44.30000000000001
24,-3.0,-11.5
48,-3.0,-11.5
72,-3.0,-11.5
24,0.0,-9.0
48,100.0,-8.0
72,100.0,-9.0
24,0.0,-47.0
48,100.0,-64.0
72,92.0,-53.0
24,0.0,-57.69999999999999
48,0.0,-58.69999999999999
72,71.0,-81.69999999999999
24,0.0,-59.5
48,0.0,-60.5
72,100.0,-83.5
24,0.0,-44.200000000000045
48,0.0,-46.200000000000045
72,92.0,-60.200000000000045
24,0.0,33.0
48,0.0,31.0
72,100.0,-10.0
24,-6.0,83.70000000000005
48,-6.0,82.70000000000005
72,94.0,-10.299999999999955
24,-10.0,125.79999999999995
48,-10.0,125.79999999999995
72,90.0,-25.200000000000045
24,-6.0,413.7
48,-6.0,415.7
72,-1.0,412.7
24,-7.0,-36.5
48,27.0,-41.5
72,-8.0,-35.5
24,22.0,-49.0
48,44.0,-93.0
72,0.0,-47.0
24,62.0,-164.5
48,90.0,-404.5
72,19.0,-53.5
24,89.0,-108.5
48,96.0,-155.5
72,91.0,-49.5
24,-5.0,-12.5
48,-5.0,-12.5
72,95.0,-14.5
24,0.0,-8.3
48,0.0,-8.3
72,100.0,-9.3
24,0.0,-49.0
48,0.0,-49.0
72,100.0,-75.0
24,0.0,-58.69999999999999
48,0.0,-57.69999999999999
72,100.0,-88.69999999999999
24,0.0,-64.79999999999995
48,0.0,-61.799999999999955
72,100.0,-116.79999999999995
24,-1.0,-64.29999999999995
48,-1.0,-62.299999999999955
72,99.0,-214.29999999999995
24,-11.0,-66.79999999999995
48,-11.0,-65.79999999999995
72,89.0,-281.79999999999995
24,-13.0,-67.20000000000005
48,-13.0,-66.20000000000005
72,87.0,-220.20000000000005
24,-9.0,-66.5
48,-9.0,-66.5
72,91.0,-154.5
24,-10.0,-67.20000000000005
48,-10.0,-68.20000000000005
72,-10.0,-67.20000000000005
24,-13.0,-63.799999999999955
48,-13.0,-64.79999999999995
72,-9.0,-64.79999999999995
24,-11.0,-61.299999999999955
48,-11.0,-60.299999999999955
72,3.0,-65.29999999999995
24,-15.0,-41.80000000000001
48,-15.0,-40.80000000000001
72,28.0,-52.80000000000001
24,-10.0,-22.19999999999999
48,-10.0,-23.19999999999999
72,-10.0,-28.19999999999999
24,-7.0,-3.200000000000003
48,-7.0,-3.200000000000003
72,93.0,-42.2
24,59.0,-11.2
48,16.0,-9.2
72,-15.0,-9.2
24,-2.0,-42.0
48,10.0,-44.0
72,5.0,-43.0
24,67.0,-62.80000000000001
48,1.0,-62.80000000000001
72,-1.0,-64.80000000000001
24,91.0,-82.70000000000005
48,-3.0,-61.700000000000045
72,42.0,-65.70000000000005
24,2.0,-54.5
48,2.0,-53.5
72,7.0,-54.5
24,-17.0,-57.799999999999955
48,-11.0,-59.799999999999955
72,-12.0,-58.799999999999955
24,9.0,-52.0
48,45.0,-69.0
72,11.0,-52.0
24,12.0,-64.70000000000005
48,70.0,-128.70000000000005
72,37.0,-232.70000000000005
24,45.0,-150.0
48,39.0,-202.0
72,75.0,-100.0
24,87.0,-528.2
48,87.0,-589.2
72,87.0,-106.20000000000005
24,64.0,-506.70000000000005
48,64.0,-355.70000000000005
72,31.0,-80.70000000000005
24,-57.0,-62.0
48,-70.0,-62.0
72,-7.0,-119.0
24,-89.0,-42.5
48,-18.0,-65.5
72,-67.0,-45.5
24,-82.0,-19.5
48,18.0,-22.5
72,-82.0,-19.5
24,6.0,-4.199999999999999
48,99.0,-4.199999999999999
72,99.0,-4.199999999999999
24,90.0,-64.30000000000001
48,76.0,-60.30000000000001
72,67.0,-62.30000000000001
24,98.0,-19.80000000000001
48,20.0,38.19999999999999
72,98.0,-16.80000000000001
24,98.0,161.3
48,98.0,211.3
72,98.0,173.3
24,100.0,-250.79999999999995
48,51.0,6.2000000000000455
72,97.0,-20.799999999999955
24,84.0,-263.0
48,1.0,-66.0
72,28.0,-68.0
24,54.0,-113.70000000000005
48,-24.0,-74.70000000000005
72,-32.0,-72.70000000000005
24,46.0,-178.79999999999995
48,-30.0,-75.79999999999995
72,-44.0,-71.79999999999995
24,19.0,-189.20000000000005
48,34.0,-145.20000000000005
72,17.0,-366.20000000000005
24,8.0,-202.79999999999995
48,21.0,-108.79999999999995
72,38.0,-682.8
24,-61.0,-102.5
48,7.0,-122.5
72,7.0,-469.5
24,-78.0,-46.69999999999999
48,-76.0,-31.69999999999999
72,7.0,-347.7
24,11.0,-10.5
48,-73.0,3.5
72,11.0,-97.5
24,-74.0,-19.5
48,-81.0,-19.5
72,5.0,-26.5
24,-3.0,-7.800000000000001
48,73.0,-7.800000000000001
72,-13.0,-7.800000000000001
24,-13.0,-41.30000000000001
48,53.0,-44.30000000000001
72,-17.0,-40.30000000000001
24,80.0,-66.0
48,-4.0,-57.0
72,6.0,-56.0
24,49.0,-65.70000000000005
48,-19.0,-62.700000000000045
72,75.0,-74.70000000000005
24,3.0,-59.0
48,-3.0,-58.0
72,54.0,-65.0
24,-22.0,-48.799999999999955
48,-27.0,-49.799999999999955
72,-1.0,-49.799999999999955
24,-30.0,239.20000000000005
48,-41.0,240.20000000000005
72,-25.0,237.20000000000005
24,-7.0,388.5
48,-18.0,388.5
72,1.0,383.5
24,-10.0,-37.200000000000045
48,-10.0,-40.200000000000045
72,-5.0,-40.200000000000045
24,-12.0,-51.799999999999955
48,-12.0,-55.799999999999955
72,-12.0,-55.799999999999955
24,-12.0,-60.200000000000045
48,6.0,-64.20000000000005
72,9.0,-66.20000000000005
24,-19.0,-53.80000000000001
48,8.0,-56.80000000000001
72,5.0,-58.80000000000001
24,-18.0,-40.80000000000001
48,5.0,-41.80000000000001
72,-13.0,-41.80000000000001
24,-2.0,-4.699999999999999
48,-2.0,-4.699999999999999
72,-2.0,-4.699999999999999
24,0.0,-36.80000000000001
48,0.0,-36.80000000000001
72,0.0,-37.80000000000001
24,5.0,-56.69999999999999
48,57.0,-55.69999999999999
72,0.0,-53.69999999999999
24,0.0,-56.799999999999955
48,7.0,-54.799999999999955
72,0.0,-54.799999999999955
24,-1.0,-58.299999999999955
48,6.0,-58.299999999999955
72,-1.0,-58.299999999999955
24,-5.0,-61.0
48,-5.0,-61.0
72,-11.0,-61.0
24,-12.0,-64.70000000000005
48,-12.0,-66.70000000000005
72,-17.0,-65.70000000000005
24,-2.0,-66.5
48,3.0,-67.5
72,-2.0,-68.5
24,9.0,-69.0
48,98.0,-97.0
72,98.0,-127.0
24,6.0,-67.5
48,95.0,-114.5
72,95.0,-106.5
24,4.0,-64.70000000000005
48,72.0,-82.70000000000005
72,94.0,-108.70000000000005
24,-8.0,-58.19999999999999
48,52.0,-64.19999999999999
72,13.0,-61.19999999999999
24,-7.0,-41.69999999999999
48,79.0,-52.69999999999999
72,-2.0,-38.69999999999999
24,-6.0,-6.800000000000001
48,11.0,-6.800000000000001
72,5.0,-6.800000000000001
24,0.0,-9.699999999999989
48,11.0,-14.699999999999989
72,11.0,-12.699999999999989
24,0.0,-48.5
48,10.0,-46.5
72,6.0,-48.5
24,5.0,-55.299999999999955
48,5.0,-53.299999999999955
72,-1.0,-55.299999999999955
24,2.0,-62.700000000000045
48,12.0,-58.700000000000045
72,0.0,-60.700000000000045
24,-16.0,-66.0
48,1.0,-61.0
72,-20.0,-62.0
24,-23.0,-62.799999999999955
48,-18.0,-63.799999999999955
72,-30.0,-61.799999999999955
24,-24.0,-76.0
48,-21.0,-76.0
72,-33.0,-74.0
24,-32.0,-70.79999999999995
48,-32.0,-69.79999999999995
72,25.0,-78.79999999999995
24,58.0,-71.79999999999995
48,-30.0,-50.799999999999955
72,-42.0,-43.799999999999955
24,44.0,-25.700000000000045
48,-36.0,10.299999999999955
72,-48.0,15.299999999999955
24,17.0,-40.0
48,-66.0,-11.0
72,-66.0,-8.0
24,-13.0,8.800000000000011
48,68.0,2.8000000000000114
72,-14.0,10.800000000000011
24,-1.0,-6.800000000000001
48,94.0,-5.800000000000001
72,-1.0,-6.800000000000001
24,-8.0,-38.19999999999999
48,92.0,-56.19999999999999
72,7.0,-38.19999999999999
24,11.0,-13.0
48,94.0,-55.0
72,100.0,-70.0
24,67.0,-30.700000000000045
48,86.0,-57.700000000000045
72,89.0,-118.70000000000005
24,27.0,-48.0
48,100.0,-132.0
72,100.0,-112.0
24,18.0,-62.0
48,100.0,-187.0
72,100.0,-158.0
24,0.0,-66.0
48,82.0,-125.0
72,82.0,-169.0
24,-3.0,-68.70000000000005
48,48.0,-106.70000000000005
72,61.0,-112.70000000000005
24,16.0,-75.0
48,17.0,-76.0
72,96.0,-103.0
24,49.0,-67.70000000000005
48,5.0,-64.70000000000005
72,43.0,-89.70000000000005
24,-87.0,-58.200000000000045
48,-5.0,-84.20000000000005
72,-5.0,-97.20000000000005
24,-2.0,-37.0
48,-8.0,-39.0
72,73.0,-51.0
24,-3.0,26.0
48,-24.0,23.0
72,29.0,25.0
24,-16.0,-5.0
48,-3.0,-5.0
72,77.0,-5.0
24,42.0,-29.30000000000001
48,25.0,-31.30000000000001
72,97.0,-70.30000000000001
24,82.0,-66.0
48,34.0,-47.0
72,82.0,-86.0
24,-12.0,-49.799999999999955
48,-48.0,-50.799999999999955
72,8.0,-109.79999999999995
24,-19.0,-54.0
48,-88.0,-48.0
72,0.0,-145.0
24,20.0,-66.29999999999995
48,-77.0,-40.299999999999955
72,23.0,-79.29999999999995
24,6.0,-28.799999999999955
48,-5.0,-33.799999999999955
72,95.0,-88.79999999999995
24,48.0,-40.0
48,-1.0,-44.0
72,94.0,-70.0
24,-21.0,-47.799999999999955
48,-23.0,-51.799999999999955
72,-9.0,-53.799999999999955
24,-19.0,-50.200000000000045
48,-36.0,-54.200000000000045
72,-32.0,-58.200000000000045
24,22.0,-3.2000000000000455
48,39.0,-4.2000000000000455
72,-4.0,-7.2000000000000455
24,-14.0,-3.8000000000000114
48,17.0,-1.8000000000000114
72,-15.0,-2.8000000000000114
24,-15.0,-6.699999999999989
48,-25.0,-3.6999999999999886
72,-20.0,-4.699999999999989
24,94.0,-4.5
48,94.0,-4.5
72,94.0,-5.5
24,97.0,-52.5
48,97.0,-52.5
72,29.0,-33.5
24,-74.0,-15.800000000000011
48,-71.0,-15.800000000000011
72,-13.0,-27.80000000000001
24,0.0,-70.5
48,-95.0,-48.5
72,-31.0,-59.5
24,0.0,-94.70000000000005
48,-90.0,-46.700000000000045
72,0.0,-114.70000000000005
24,1.0,-102.0
48,1.0,-91.0
72,1.0,-87.0
24,0.0,-101.0
48,0.0,-160.0
72,0.0,-92.0
24,10.0,-99.29999999999995
48,10.0,-190.29999999999995
72,10.0,-103.29999999999995
24,-72.0,-43.200000000000045
48,13.0,-106.20000000000005
72,13.0,-101.20000000000005
24,-74.0,-44.799999999999955
48,2.0,-81.79999999999995
72,-41.0,-61.799999999999955
24,-16.0,311.8
48,1.0,254.8
72,1.0,257.8
24,26.0,152.3
48,26.0,125.30000000000001
72,26.0,155.3
24,47.0,7.800000000000011
48,25.0,19.80000000000001
72,47.0,-6.199999999999989
24,54.0,-5.699999999999999
48,59.0,-5.699999999999999
72,82.0,-4.699999999999999
24,7.0,-36.69999999999999
48,92.0,-131.7
72,92.0,-56.69999999999999
24,87.0,-53.80000000000001
48,70.0,-52.80000000000001
72,65.0,-71.80000000000001
24,10.0,-42.200000000000045
48,11.0,-49.200000000000045
72,99.0,-86.20000000000005
24,8.0,-38.700000000000045
48,29.0,-46.700000000000045
72,98.0,-614.7
24,45.0,-84.20000000000005
48,-27.0,-44.200000000000045
72,45.0,-339.20000000000005
24,-61.0,14.200000000000045
48,-82.0,18.200000000000045
72,2.0,-505.79999999999995
24,1.0,-131.79999999999995
48,-87.0,-58.799999999999955
72,1.0,-733.8
24,0.0,-119.70000000000005
48,-87.0,-59.700000000000045
72,-94.0,-56.700000000000045
24,0.0,-205.29999999999995
48,0.0,-108.29999999999995
72,-88.0,-55.299999999999955
24,0.0,-64.5
48,0.0,-79.5
72,-88.0,-10.5
24,0.0,-84.30000000000001
48,0.0,-58.30000000000001
72,-45.0,-27.30000000000001
24,0.0,-78.19999999999999
48,0.0,-69.19999999999999
72,-80.0,-21.19999999999999
24,0.0,-8.5
48,0.0,-3.5
72,-94.0,-3.5
24,31.0,-36.19999999999999
48,31.0,-49.19999999999999
72,31.0,-37.19999999999999
24,0.0,-124.19999999999999
48,0.0,-148.2
72,0.0,-85.19999999999999
24,2.0,-150.0
48,2.0,-378.0
72,2.0,-112.0
24,3.0,-159.5
48,3.0,-186.5
72,3.0,-120.5
24,1.0,-46.200000000000045
48,1.0,-52.200000000000045
72,1.0,-61.200000000000045
24,1.0,-35.299999999999955
48,-8.0,-32.299999999999955
72,1.0,-90.29999999999995
24,1.0,-82.5
48,1.0,-78.5
72,1.0,-113.5
24,0.0,-61.299999999999955
48,0.0,-229.29999999999995
72,0.0,-74.29999999999995
24,3.0,-66.70000000000005
48,3.0,-148.70000000000005
72,3.0,-64.70000000000005
24,2.0,-56.200000000000045
48,2.0,-131.20000000000005
72,2.0,-89.20000000000005
24,2.0,-16.5
48,2.0,-86.5
72,2.0,-33.5
24,6.0,-40.30000000000001
48,-2.0,-39.30000000000001
72,6.0,-38.30000000000001
24,25.0,-5.300000000000001
48,33.0,-8.3
72,33.0,-13.3
24,34.0,-43.30000000000001
48,40.0,-91.30000000000001
72,40.0,-134.3
24,47.0,-42.19999999999999
48,80.0,-63.19999999999999
72,83.0,-308.2
24,79.0,-204.20000000000005
48,84.0,-41.200000000000045
72,84.0,-488.20000000000005
24,54.0,-152.5
48,-5.0,-21.5
72,65.0,-619.5
24,28.0,-36.5
48,-31.0,-9.5
72,39.0,-697.5
24,7.0,-65.0
48,-9.0,8.0
72,7.0,-631.0
24,4.0,-49.5
48,-11.0,13.5
72,4.0,-445.5
24,-54.0,-12.299999999999955
48,-86.0,4.7000000000000455
72,0.0,-478.29999999999995
24,-84.0,12.299999999999955
48,-22.0,18.299999999999955
72,-16.0,-129.70000000000005
24,-95.0,-27.200000000000045
48,-14.0,-27.200000000000045
72,-1.0,-89.20000000000005
24,-93.0,0.30000000000001137
48,-56.0,5.300000000000011
72,1.0,-18.69999999999999
24,-85.0,95.3
48,-86.0,100.3
72,4.0,91.3
24,70.0,-4.800000000000001
48,97.0,-3.8000000000000007
72,5.0,-4.800000000000001
24,94.0,-47.69999999999999
48,99.0,-45.69999999999999
72,6.0,-32.69999999999999
24,26.0,-39.19999999999999
48,25.0,-46.19999999999999
72,11.0,-28.19999999999999
24,43.0,-47.700000000000045
48,29.0,-54.700000000000045
72,9.0,-25.700000000000045
24,16.0,-42.200000000000045
48,79.0,-101.20000000000005
72,4.0,-23.200000000000045
24,-2.0,-41.0
48,81.0,-68.0
72,-8.0,-21.0
24,-83.0,-25.5
48,-82.0,-29.5
72,-86.0,-6.5
24,-78.0,-51.299999999999955
48,-70.0,-54.299999999999955
72,-78.0,-35.299999999999955
24,-56.0,-56.5
48,-51.0,-48.5
72,-57.0,-40.5
24,-14.0,-47.5
48,24.0,-39.5
72,-19.0,-33.5
24,-25.0,31.200000000000045
48,16.0,38.200000000000045
72,-20.0,43.200000000000045
24,-36.0,25.0
48,-27.0,31.0
72,-42.0,34.0
24,-36.0,108.7
48,-29.0,112.7
72,-38.0,114.7
24,76.0,2.2
48,76.0,2.2
72,-12.0,1.2000000000000002
24,29.0,36.5
48,29.0,32.5
72,-54.0,54.5
24,80.0,-76.30000000000001
48,87.0,11.699999999999989
72,13.0,46.69999999999999
24,42.0,135.7
48,36.0,119.69999999999999
72,10.0,137.7
24,77.0,113.70000000000005
48,72.0,27.700000000000045
72,82.0,98.70000000000005
24,0.0,164.29999999999995
48,81.0,-63.700000000000045
72,81.0,112.29999999999995
24,80.0,-69.5
48,80.0,-712.5
72,80.0,-124.5
24,13.0,-801.7
48,13.0,-881.7
72,13.0,-316.70000000000005
24,0.0,-61.799999999999955
48,0.0,106.20000000000005
72,0.0,-190.79999999999995
24,0.0,-89.80000000000001
48,0.0,11.199999999999989
72,0.0,-155.8
24,0.0,43.3
48,0.0,28.3
72,0.0,1.3000000000000007
24,0.0,56.8
48,0.0,49.8
72,0.0,-6.199999999999999
24,0.0,28.0
48,0.0,12.0
72,0.0,-19.0
24,13.0,-5.300000000000001
48,13.0,-5.300000000000001
72,13.0,-1.3000000000000007
24,0.0,-28.700000000000003
48,0.0,-33.7
72,0.0,-50.7
24,0.0,-61.69999999999999
48,-29.0,54.30000000000001
72,0.0,-223.7
24,0.0,-60.0
48,-21.0,180.0
72,0.0,-292.0
24,0.0,329.7
48,-12.0,447.7
72,0.0,-120.30000000000001
24,1.0,119.80000000000001
48,-46.0,352.8
72,-47.0,338.8
24,0.0,-138.79999999999995
48,-80.0,107.20000000000005
72,-76.0,94.20000000000005
24,54.0,-224.5
48,-32.0,176.5
72,12.0,152.5
24,61.0,-534.8
48,-26.0,234.20000000000005
72,61.0,-515.8
24,63.0,-638.0
48,34.0,9.0
72,63.0,-514.0
24,74.0,-333.8
48,-13.0,143.2
72,74.0,100.19999999999999
24,53.0,213.8
48,75.0,302.8
72,44.0,324.8
24,86.0,49.7
48,86.0,95.7
72,77.0,76.7
24,7.0,-5.199999999999999
48,-81.0,-4.199999999999999
72,-86.0,-4.199999999999999
24,75.0,-57.0
48,1.0,-41.0
72,-4.0,-39.0
24,81.0,-77.5
48,-8.0,-64.5
72,66.0,-88.5
24,-51.0,-47.0
48,-72.0,-36.0
72,22.0,-80.0
24,-33.0,-41.0
48,-93.0,-27.0
72,0.0,-68.0
24,-27.0,11.799999999999955
48,-94.0,29.799999999999955
72,-2.0,-7.2000000000000455
24,-26.0,131.79999999999995
48,-80.0,174.79999999999995
72,0.0,158.79999999999995
24,-1.0,101.70000000000005
48,-75.0,210.70000000000005
72,-93.0,218.70000000000005
24,-21.0,-25.700000000000045
48,-74.0,21.299999999999955
72,-42.0,49.299999999999955
24,19.0,101.20000000000005
48,-33.0,148.20000000000005
72,-43.0,164.20000000000005
24,30.0,94.5
48,1.0,178.5
72,-36.0,201.5
24,-7.0,2.6999999999999886
48,4.0,-4.300000000000011
72,-18.0,13.699999999999989
24,-5.0,-11.5
48,85.0,-63.5
72,-15.0,-4.5
24,0.0,-3.0
48,0.0,-3.0
72,0.0,-3.0
24,0.0,-37.19999999999999
48,0.0,-38.19999999999999
72,0.0,-39.19999999999999
24,-13.0,-48.19999999999999
48,-13.0,-52.19999999999999
72,-13.0,-47.19999999999999
24,-18.0,52.19999999999999
48,-18.0,49.19999999999999
72,-18.0,54.19999999999999
24,-9.0,104.29999999999995
48,-12.0,105.29999999999995
72,-7.0,106.29999999999995
24,-11.0,79.20000000000005
48,-20.0,83.20000000000005
72,8.0,70.20000000000005
24,-3.0,119.29999999999995
48,-20.0,122.29999999999995
72,34.0,74.29999999999995
24,16.0,35.299999999999955
48,10.0,40.299999999999955
72,23.0,35.299999999999955
24,13.0,27.700000000000045
48,8.0,26.700000000000045
72,81.0,-402.29999999999995
24,19.0,51.799999999999955
48,7.0,50.799999999999955
72,77.0,-422.20000000000005
24,41.0,-10.300000000000011
48,83.0,-81.30000000000001
72,21.0,64.69999999999999
24,77.0,-128.8
48,-20.0,20.19999999999999
72,35.0,-30.80000000000001
24,63.0,-14.5
48,-14.0,20.5
72,-14.0,18.5
24,0.0,-2.1999999999999993
48,0.0,-2.1999999999999993
72,0.0,-2.1999999999999993
24,-1.0,-30.30000000000001
48,-1.0,-30.30000000000001
72,-1.0,-24.30000000000001
24,-4.0,-37.80000000000001
48,-4.0,-34.80000000000001
72,-4.0,-34.80000000000001
24,-10.0,6.0
48,-10.0,9.0
72,-5.0,9.0
24,-15.0,-5.7000000000000455
48,-15.0,-3.7000000000000455
72,-10.0,-3.7000000000000455
24,-16.0,65.5
48,-16.0,72.5
72,-11.0,70.5
24,-4.0,54.299999999999955
48,-18.0,64.29999999999995
72,-13.0,62.299999999999955
24,60.0,-127.0
48,-12.0,39.0
72,-7.0,40.0
24,-10.0,74.5
48,-10.0,76.5
72,-4.0,76.5
24,-13.0,60.299999999999955
48,-13.0,69.29999999999995
72,-8.0,68.29999999999995
24,-17.0,87.69999999999999
48,-17.0,91.69999999999999
72,-17.0,93.69999999999999
24,-22.0,124.19999999999999
48,-27.0,124.19999999999999
72,-27.0,128.2
24,77.0,-7.800000000000011
48,-23.0,13.199999999999989
72,-23.0,14.199999999999989
24,-12.0,-1.7000000000000002
48,-83.0,-1.7000000000000002
72,-90.0,-1.7000000000000002
24,9.0,-36.80000000000001
48,-77.0,-28.80000000000001
72,-71.0,-27.80000000000001
24,59.0,-50.0
48,-29.0,-48.0
72,-29.0,-44.0
24,-2.0,-48.799999999999955
48,-89.0,-44.799999999999955
72,-90.0,-38.799999999999955
24,9.0,-73.5
48,-79.0,-38.5
72,-85.0,-32.5
24,-21.0,-41.0
48,-77.0,-39.0
72,2.0,-70.0
24,51.0,-61.200000000000045
48,2.0,-101.20000000000005
72,-34.0,-30.200000000000045
24,76.0,-47.0
48,70.0,-75.0
72,-12.0,53.0
24,0.0,90.5
48,-84.0,147.5
72,-91.0,149.5
24,4.0,-16.0
48,-65.0,59.0
72,4.0,23.0
24,3.0,11.5
48,-30.0,114.5
72,3.0,74.5
24,-22.0,-39.0
48,-51.0,-31.0
72,0.0,-82.0
24,0.0,22.799999999999997
48,-84.0,52.8
72,-26.0,49.8
24,0.0,4.0
48,0.0,-1.0
72,-100.0,3.0
24,-10.0,37.0
48,0.0,-34.0
72,-100.0,66.0
24,0.0,-60.5
48,-9.0,122.5
72,0.0,123.5
24,0.0,-181.8
48,0.0,-9.800000000000011
72,0.0,139.2
24,0.0,-321.3
48,0.0,-359.3
72,0.0,186.7
24,0.0,-238.0
48,0.0,-292.0
72,0.0,363.0
24,0.0,-380.3
48,0.0,-441.3
72,0.0,290.7
24,0.0,-325.2
48,0.0,-232.2
72,0.0,337.8
24,-85.0,474.0
48,1.0,134.0
72,-33.0,324.0
24,-54.0,498.7
48,32.0,297.7
72,-29.0,425.7
24,-25.0,334.8
48,67.0,231.8
72,67.0,205.8
24,-91.0,263.5
48,2.0,51.5
72,2.0,132.5
24,-93.0,165.2
48,-62.0,130.2
72,0.0,99.2
24,57.0,-1.0
48,65.0,0.0
72,65.0,-5.0
24,68.0,10.2
48,20.0,74.2
72,59.0,24.2
24,39.0,84.8
48,43.0,119.8
72,30.0,183.8
24,2.0,49.19999999999999
48,2.0,59.19999999999999
72,-8.0,146.2
24,33.0,467.3
48,33.0,433.3
72,22.0,459.3
24,47.0,503.2
48,47.0,595.2
72,47.0,512.2
24,66.0,-141.5
48,66.0,89.5
72,66.0,-401.5
24,54.0,-285.5
48,-31.0,-1.5
72,54.0,-824.5
24,46.0,-49.799999999999955
48,46.0,-344.79999999999995
72,23.0,37.200000000000045
24,16.0,364.5
48,16.0,-264.5
72,16.0,-99.5
24,3.0,-29.80000000000001
48,3.0,-352.8
72,3.0,-339.8
24,9.0,-14.300000000000011
48,9.0,-168.3
72,9.0,-213.3
24,0.0,24.5
48,0.0,31.5
72,0.0,-10.5
24,0.0,-0.2999999999999998
48,0.0,-5.3
72,0.0,-3.3
24,-4.0,-8.799999999999997
48,0.0,-91.8
72,0.0,-76.8
24,0.0,-83.3
48,0.0,148.7
72,0.0,14.700000000000003
24,0.0,-117.80000000000001
48,-18.0,265.2
72,0.0,173.2
24,0.0,-44.2
48,-8.0,511.8
72,0.0,24.799999999999997
24,0.0,10.200000000000003
48,0.0,188.2
72,0.0,-36.8
24,0.0,-127.19999999999999
48,0.0,126.80000000000001
72,0.0,-115.19999999999999
24,0.0,-50.0
48,0.0,18.0
72,0.0,-56.0
24,0.0,-19.700000000000003
48,0.0,98.3
72,0.0,4.299999999999997
24,0.0,-91.7
48,0.0,-48.7
72,0.0,-62.7
24,76.0,-193.8
48,76.0,-116.80000000000001
72,76.0,-199.8
24,5.0,-160.3
48,5.0,-169.3
72,5.0,-141.3
24,92.0,-26.0
48,92.0,-21.0
72,92.0,-4.0
24,2.0,-0.7999999999999998
48,-3.0,-0.7999999999999998
72,97.0,-1.7999999999999998
24,6.0,-33.19999999999999
48,0.0,-34.19999999999999
72,100.0,-44.19999999999999
24,0.0,-54.19999999999999
48,0.0,-54.19999999999999
72,5.0,-61.19999999999999
24,0.0,-55.5
48,0.0,-55.5
72,17.0,-62.5
24,-1.0,-53.0
48,-1.0,-52.0
72,18.0,-56.0
24,-7.0,-50.700000000000045
48,-7.0,-48.700000000000045
72,40.0,-119.70000000000005
24,-14.0,-54.700000000000045
48,-14.0,-50.700000000000045
72,42.0,-134.70000000000005
24,-21.0,-56.200000000000045
48,-21.0,-52.200000000000045
72,19.0,-98.20000000000005
24,-17.0,-57.0
48,-17.0,-54.0
72,-4.0,-61.0
24,-13.0,-51.799999999999955
48,-8.0,-49.799999999999955
72,52.0,-197.79999999999995
24,-53.0,-47.299999999999955
48,-53.0,-45.299999999999955
72,-34.0,-177.29999999999995
24,-64.0,-31.5
48,-70.0,-28.5
72,-63.0,-86.5
24,-14.0,-19.0
48,-3.0,-21.0
72,-14.0,-50.0
24,19.0,-1.7000000000000002
48,6.0,-1.7000000000000002
72,0.0,-1.7000000000000002
24,100.0,-43.69999999999999
48,5.0,-31.69999999999999
72,0.0,-30.69999999999999
24,0.0,-49.80000000000001
48,0.0,-47.80000000000001
72,0.0,-47.80000000000001
24,0.0,-53.0
48,0.0,-51.0
72,0.0,-50.0
24,0.0,-51.700000000000045
48,0.0,-49.700000000000045
72,0.0,-48.700000000000045
24,0.0,-48.299999999999955
48,0.0,-48.299999999999955
72,0.0,-47.299999999999955
24,-15.0,-49.0
48,-15.0,-49.0
72,-15.0,-48.0
24,-46.0,-36.5
48,-46.0,-36.5
72,-46.0,-34.5
24,-54.0,-22.299999999999955
48,-16.0,-27.299999999999955
72,-17.0,-29.299999999999955
24,-24.0,-5.0
48,7.0,-15.0
72,33.0,-143.0
24,-3.0,-34.700000000000045
48,16.0,-38.700000000000045
72,73.0,-483.70000000000005
24,34.0,-73.69999999999999
48,54.0,-80.69999999999999
72,87.0,-290.7
24,90.0,-104.19999999999999
48,90.0,-58.19999999999999
72,90.0,-101.19999999999999
24,0.0,-1.7000000000000002
48,0.0,-1.7000000000000002
72,0.0,-1.7000000000000002
24,0.0,-30.5
48,0.0,-30.5
72,0.0,-27.5
24,-3.0,-38.30000000000001
48,-3.0,-41.30000000000001
72,-3.0,-37.30000000000001
24,0.0,-39.700000000000045
48,0.0,-44.700000000000045
72,0.0,-38.700000000000045
24,0.0,-30.700000000000045
48,0.0,-34.700000000000045
72,0.0,-30.700000000000045
24,-1.0,70.5
48,-1.0,65.5
72,-1.0,68.5
24,-10.0,218.0
48,-10.0,212.0
72,-10.0,215.0
24,-18.0,118.0
48,-18.0,113.0
72,-18.0,116.0
24,-20.0,249.70000000000005
48,-20.0,240.70000000000005
72,-20.0,247.70000000000005
24,-31.0,264.2
48,-25.0,255.2
72,-31.0,262.2
24,-44.0,64.19999999999999
48,31.0,53.19999999999999
72,-44.0,63.19999999999999
24,-69.0,159.3
48,-18.0,147.3
72,-69.0,158.3
24,-85.0,-4.699999999999989
48,-74.0,-7.699999999999989
72,-85.0,-4.699999999999989
24,62.0,-1.0
48,62.0,-1.0
72,62.0,-1.0
24,-52.0,-32.19999999999999
48,40.0,-39.19999999999999
72,40.0,-67.19999999999999
24,8.0,-37.19999999999999
48,2.0,-29.19999999999999
72,62.0,-51.19999999999999
24,-28.0,-31.0
48,-74.0,-23.0
72,21.0,-86.0
24,-90.0,-36.200000000000045
48,-87.0,-30.200000000000045
72,3.0,-88.20000000000005
24,69.0,-63.200000000000045
48,47.0,-25.200000000000045
72,69.0,-54.200000000000045
24,27.0,-48.0
48,-66.0,8.0
72,-61.0,1.0
24,64.0,88.0
48,-30.0,126.0
72,-26.0,118.0
24,-3.0,226.70000000000005
48,23.0,240.70000000000005
72,73.0,210.70000000000005
24,-15.0,79.5
48,-8.0,91.5
72,78.0,8.5
24,-40.0,33.19999999999999
48,32.0,41.19999999999999
72,54.0,-125.80000000000001
24,0.0,-33.19999999999999
48,-85.0,0.8000000000000114
72,-4.0,-23.19999999999999
24,2.0,1.0
48,-17.0,25.0
72,-65.0,15.0
24,7.0,-1.0
48,7.0,-1.0
72,7.0,-1.0
24,28.0,-45.7
48,28.0,-51.7
72,28.0,-39.7
24,0.0,-41.80000000000001
48,0.0,-17.80000000000001
72,0.0,-184.8
24,1.0,-49.0
48,1.0,-62.0
72,1.0,-393.0
24,32.0,-115.29999999999995
48,32.0,-136.29999999999995
72,32.0,-195.29999999999995
24,69.0,63.799999999999955
48,69.0,-62.200000000000045
72,69.0,21.799999999999955
24,12.0,87.29999999999995
48,12.0,10.299999999999955
72,11.0,67.29999999999995
24,0.0,-104.70000000000005
48,0.0,-433.70000000000005
72,0.0,-124.70000000000005
24,0.0,-53.799999999999955
48,0.0,-62.799999999999955
72,0.0,-527.8
24,1.0,-60.700000000000045
48,-6.0,-3.7000000000000455
72,1.0,-253.70000000000005
24,26.0,-166.5
48,14.0,-42.5
72,26.0,-185.5
24,36.0,91.0
48,36.0,101.0
72,36.0,-81.0
24,1.0,47.0
48,1.0,59.0
72,1.0,-12.0
24,38.0,-2.3
48,38.0,-3.3
72,38.0,-2.3
24,0.0,0.1999999999999993
48,0.0,-21.8
72,0.0,-20.8
24,0.0,-77.5
48,0.0,-70.5
72,0.0,-43.5
24,8.0,91.30000000000001
48,8.0,-79.69999999999999
72,8.0,169.3
24,10.0,102.0
48,10.0,-85.0
72,10.0,-58.0
24,28.0,173.5
48,29.0,-33.5
72,29.0,-101.5
24,40.0,77.30000000000001
48,18.0,368.3
72,40.0,-218.7
24,0.0,221.8
48,-3.0,218.8
72,-13.0,443.8
24,0.0,264.3
48,0.0,60.30000000000001
72,0.0,-87.69999999999999
24,0.0,56.80000000000001
48,0.0,12.800000000000011
72,0.0,-172.2
24,0.0,-114.30000000000001
48,0.0,-80.30000000000001
72,0.0,-206.3
24,0.0,-83.0
48,0.0,-65.0
72,0.0,-110.0
24,0.0,-25.700000000000003
48,0.0,-26.700000000000003
72,0.0,-36.7
24,17.0,-2.3
48,17.0,-1.2999999999999998
72,17.0,-2.3
24,54.0,-82.3
48,54.0,-73.3
72,54.0,-80.3
24,66.0,-106.19999999999999
48,66.0,-115.19999999999999
72,33.0,33.80000000000001
24,70.0,-60.80000000000001
48,63.0,-19.80000000000001
72,49.0,56.19999999999999
24,74.0,-263.5
48,44.0,36.5
72,74.0,-301.5
24,0.0,-214.70000000000005
48,-30.0,14.299999999999955
72,-1.0,-238.70000000000005
24,-11.0,344.5
48,-5.0,283.5
72,-2.0,186.5
24,-35.0,468.0
48,-1.0,296.0
72,-40.0,482.0
24,-12.0,-172.5
48,-16.0,-133.5
72,0.0,-354.5
24,97.0,-271.79999999999995
48,26.0,99.20000000000005
72,97.0,-176.79999999999995
24,26.0,-41.799999999999955
48,82.0,-210.79999999999995
72,88.0,-267.79999999999995
24,-26.0,89.0
48,14.0,56.0
72,53.0,-39.0
24,-5.0,112.5
48,-26.0,114.5
72,74.0,51.5
24,13.0,-0.5
48,-4.0,-0.5
72,10.0,-0.5
24,-2.0,-31.799999999999997
48,-22.0,-28.799999999999997
72,-2.0,-28.799999999999997
24,4.0,45.19999999999999
48,-4.0,46.19999999999999
72,-23.0,54.19999999999999
24,19.0,41.0
48,9.0,45.0
72,21.0,51.0
24,25.0,172.5
48,22.0,179.5
72,39.0,150.5
24,23.0,283.0
48,26.0,289.0
72,34.0,254.0
24,19.0,279.20000000000005
48,21.0,250.20000000000005
72,5.0,308.20000000000005
24,-49.0,226.70000000000005
48,-46.0,195.70000000000005
72,-80.0,270.70000000000005
24,-52.0,206.20000000000005
48,-74.0,234.20000000000005
72,-65.0,229.20000000000005
24,-1.0,347.3
48,16.0,354.3
72,51.0,260.3
24,23.0,-21.0
48,33.0,-17.0
72,-2.0,-16.0
24,13.0,1.1999999999999886
48,-11.0,12.199999999999989
72,89.0,-15.800000000000011
24,-15.0,15.0
48,-15.0,20.0
72,85.0,3.0
24,-1.0,-1.5
48,-1.0,-0.5
72,-1.0,-0.5
24,-3.0,-36.19999999999999
48,-3.0,-34.19999999999999
72,-3.0,-32.19999999999999
24,0.0,-50.80000000000001
48,0.0,-44.80000000000001
72,0.0,-47.80000000000001
24,0.0,-46.5
48,0.0,-39.5
72,0.0,-43.5
24,-4.0,-28.700000000000045
48,-4.0,-20.700000000000045
72,-4.0,-23.700000000000045
24,-7.0,21.700000000000045
48,-7.0,29.700000000000045
72,-7.0,26.700000000000045
24,-14.0,125.0
48,-10.0,132.0
72,-14.0,130.0
24,1.0,44.700000000000045
48,2.0,49.700000000000045
72,0.0,50.700000000000045
24,44.0,-117.79999999999995
48,-18.0,80.20000000000005
72,1.0,85.20000000000005
24,73.0,-132.2
48,-11.0,308.8
72,-27.0,317.8
24,74.0,-221.3
48,-5.0,76.69999999999999
72,-23.0,84.69999999999999
24,90.0,-195.7
48,-7.0,1.3000000000000114
72,7.0,5.300000000000011
24,60.0,-35.0
48,-11.0,5.0
72,-11.0,8.0
24,1.0,-1.2999999999999998
48,1.0,-1.2999999999999998
72,-4.0,-1.2999999999999998
24,7.0,-34.3
48,5.0,-32.3
72,5.0,-30.299999999999997
24,54.0,-46.80000000000001
48,0.0,-41.80000000000001
72,0.0,-38.80000000000001
24,69.0,-46.200000000000045
48,0.0,-38.200000000000045
72,0.0,-35.200000000000045
24,3.0,80.5
48,-8.0,85.5
72,-8.0,92.5
24,39.0,299.8
48,-1.0,306.8
72,-11.0,314.8
24,60.0,274.0
48,9.0,321.0
72,-13.0,333.0
24,55.0,157.29999999999995
48,23.0,235.29999999999995
72,-18.0,303.29999999999995
24,31.0,583.2
48,89.0,197.2
72,14.0,602.2
24,49.0,236.5
48,87.0,31.5
72,16.0,448.5
24,82.0,-76.30000000000001
48,55.0,117.69999999999999
72,-6.0,290.7
24,80.0,-184.5
48,-20.0,-9.5
72,-20.0,3.5
24,82.0,-28.299999999999997
48,-12.0,6.700000000000003
72,-8.0,5.700000000000003
24,0.0,-0.7000000000000002
48,0.0,-0.7000000000000002
72,100.0,-1.7000000000000002
24,0.0,-32.0
48,0.0,-32.0
72,100.0,-98.0
24,5.0,-50.80000000000001
48,0.0,-49.80000000000001
72,0.0,-45.80000000000001
24,10.0,-51.200000000000045
48,5.0,-48.200000000000045
72,0.0,-45.200000000000045
24,1.0,-47.799999999999955
48,-9.0,-42.799999999999955
72,-9.0,-40.799999999999955
24,-60.0,-50.299999999999955
48,-65.0,-47.299999999999955
72,-65.0,-44.299999999999955
24,-20.0,-52.700000000000045
48,-25.0,-52.700000000000045
72,-25.0,-49.700000000000045
24,-6.0,-50.5
48,-6.0,-50.5
72,-12.0,-48.5
24,24.0,-53.700000000000045
48,31.0,-57.700000000000045
72,4.0,-49.700000000000045
24,40.0,-101.0
48,53.0,-208.0
72,67.0,-197.0
24,49.0,-347.29999999999995
48,49.0,-421.29999999999995
72,49.0,-389.29999999999995
24,80.0,-302.8
48,80.0,-240.8
72,80.0,-289.8
24,86.0,-97.3
48,86.0,-95.3
72,86.0,-88.3
24,-40.0,-0.2999999999999998
48,22.0,-2.3
72,22.0,-1.2999999999999998
24,12.0,-34.2
48,12.0,-97.2
72,12.0,-84.2
24,0.0,-57.69999999999999
48,0.0,-178.7
72,0.0,-198.7
24,2.0,-93.79999999999995
48,-2.0,-49.799999999999955
72,2.0,-132.79999999999995
24,9.0,-107.5
48,9.0,-57.5
72,9.0,-234.5
24,22.0,-102.70000000000005
48,22.0,-95.70000000000005
72,14.0,-104.70000000000005
24,57.0,-121.5
48,57.0,-260.5
72,28.0,-2.5
24,67.0,-82.20000000000005
48,67.0,-158.20000000000005
72,67.0,-124.20000000000005
24,29.0,-155.5
48,29.0,-530.5
72,29.0,-408.5
24,2.0,-328.5
48,2.0,-614.5
72,2.0,-488.5
24,22.0,-279.29999999999995
48,22.0,-489.29999999999995
72,22.0,-177.29999999999995
24,45.0,-71.69999999999999
48,45.0,-171.7
72,45.0,26.30000000000001
24,84.0,19.700000000000003
48,84.0,-18.299999999999997
72,84.0,37.7
24,-24.0,0.0
48,1.0,0.0
72,1.0,1.0
24,-10.0,-0.7000000000000028
48,0.0,-8.700000000000003
72,0.0,1.2999999999999972
24,1.0,-54.2
48,-77.0,166.8
72,-7.0,114.8
24,0.0,-66.30000000000001
48,-81.0,318.7
72,0.0,134.7
24,0.0,0.19999999999998863
48,-60.0,460.2
72,0.0,143.2
24,-3.0,212.2
48,-36.0,407.2
72,14.0,86.19999999999999
24,37.0,154.20000000000005
48,45.0,-15.799999999999955
72,51.0,-179.79999999999995
24,-37.0,6.2000000000000455
48,0.0,-374.79999999999995
72,0.0,-357.79999999999995
24,-30.0,-143.5
48,-35.0,-94.5
72,0.0,-521.5
24,-3.0,-141.29999999999995
48,-26.0,33.700000000000045
72,8.0,-248.29999999999995
24,43.0,43.19999999999999
48,55.0,-39.80000000000001
72,94.0,-23.80000000000001
24,-26.0,3.3000000000000114
48,37.0,-119.69999999999999
72,47.0,-43.69999999999999
24,10.0,-7.200000000000003
48,71.0,-36.2
72,94.0,-53.2
24,8.0,-0.8
48,8.0,0.19999999999999996
72,-87.0,0.19999999999999996
24,81.0,-47.0
48,81.0,-39.0
72,-13.0,-32.0
24,-1.0,-39.69999999999999
48,93.0,-65.69999999999999
72,44.0,-47.69999999999999
24,77.0,-58.30000000000001
48,-17.0,-37.30000000000001
72,77.0,-62.30000000000001
24,42.0,-35.0
48,-26.0,-10.0
72,34.0,-35.0
24,-49.0,-92.0
48,0.0,-66.0
72,-95.0,-33.0
24,16.0,-122.5
48,-29.0,-40.5
72,-40.0,-38.5
24,1.0,-306.20000000000005
48,-60.0,-19.200000000000045
72,-70.0,-17.200000000000045
24,-14.0,-207.5
48,-1.0,-257.5
72,17.0,-425.5
24,-11.0,-276.20000000000005
48,0.0,-237.20000000000005
72,-73.0,-94.20000000000005
24,-35.0,-172.8
48,-100.0,0.19999999999998863
72,-15.0,-58.80000000000001
24,-8.0,-122.69999999999999
48,-66.0,-15.699999999999989
72,6.0,-64.69999999999999
24,23.0,-4.700000000000003
48,-1.0,-2.700000000000003
72,5.0,-4.700000000000003
24,5.0,-0.7
48,0.0,-0.7
72,0.0,-0.7
24,5.0,-31.0
48,0.0,-32.0
72,0.0,-31.0
24,5.0,-46.19999999999999
48,9.0,-49.19999999999999
72,0.0,-45.19999999999999
24,0.0,-49.700000000000045
48,5.0,-52.700000000000045
72,0.0,-48.700000000000045
24,5.0,-49.700000000000045
48,0.0,-51.700000000000045
72,0.0,-47.700000000000045
24,5.0,-45.700000000000045
48,0.0,-46.700000000000045
72,6.0,-42.700000000000045
24,-27.0,-31.0
48,-27.0,-31.0
72,-27.0,-28.0
24,-12.0,31.700000000000045
48,-12.0,32.700000000000045
72,-6.0,35.700000000000045
24,-6.0,134.20000000000005
48,24.0,130.20000000000005
72,5.0,139.20000000000005
24,-10.0,190.0
48,21.0,187.0
72,-3.0,195.0
24,1.0,68.80000000000001
48,-13.0,68.80000000000001
72,3.0,71.80000000000001
24,-18.0,-14.300000000000011
48,-18.0,-14.300000000000011
72,-18.0,-11.300000000000011
24,-2.0,1.2000000000000028
48,-2.0,0.20000000000000284
72,-2.0,2.200000000000003
24,-5.0,0.5
48,-5.0,0.5
72,-5.0,0.5
24,-2.0,33.2
48,-2.0,31.200000000000003
72,-2.0,31.200000000000003
24,-7.0,60.19999999999999
48,-7.0,56.19999999999999
72,-7.0,62.19999999999999
24,-15.0,117.30000000000001
48,-4.0,110.30000000000001
72,-10.0,117.30000000000001
24,-29.0,155.5
48,-29.0,155.5
72,-6.0,150.5
24,-7.0,268.8
48,-12.0,271.8
72,15.0,263.8
24,-26.0,305.5
48,-26.0,308.5
72,10.0,281.5
24,-63.0,300.29999999999995
48,-63.0,302.29999999999995
72,-48.0,297.29999999999995
24,12.0,320.8
48,-88.0,337.8
72,-32.0,216.8
24,-95.0,284.7
48,-100.0,288.7
72,0.0,-91.30000000000001
24,-95.0,224.0
48,-100.0,228.0
72,0.0,-19.0
24,-95.0,166.0
48,-100.0,169.0
72,-41.0,135.0
24,-95.0,32.7
48,-100.0,34.7
72,-74.0,29.700000000000003
24,6.0,-0.30000000000000004
48,0.0,-0.30000000000000004
72,11.0,-0.30000000000000004
24,58.0,-29.0
48,-1.0,-27.0
72,13.0,-28.0
24,-3.0,-35.19999999999999
48,-3.0,-32.19999999999999
72,97.0,-52.19999999999999
24,-3.0,-17.69999999999999
48,-8.0,-13.699999999999989
72,64.0,-13.699999999999989
24,-3.0,-24.0
48,-8.0,-22.0
72,8.0,-19.0
24,-2.0,-24.700000000000045
48,-8.0,-24.700000000000045
72,2.0,-23.700000000000045
24,14.0,-21.299999999999955
48,-6.0,-20.299999999999955
72,9.0,-40.299999999999955
24,-1.0,38.799999999999955
48,-6.0,38.799999999999955
72,22.0,-11.200000000000045
24,1.0,-1.2000000000000455
48,-4.0,1.7999999999999545
72,-4.0,2.7999999999999545
24,8.0,-39.0
48,-2.0,-35.0
72,-2.0,-36.0
24,-7.0,-26.0
48,-38.0,-18.0
72,-38.0,-21.0
24,-36.0,-18.69999999999999
48,-41.0,-13.699999999999989
72,-31.0,-18.69999999999999
24,-1.0,-4.700000000000003
48,-6.0,-2.700000000000003
72,-6.0,-5.700000000000003
24,45.0,0.0
48,0.0,0.0
72,5.0,0.0
24,83.0,-33.7
48,0.0,-29.700000000000003
72,5.0,-31.700000000000003
24,7.0,-43.19999999999999
48,8.0,-43.19999999999999
72,0.0,-47.19999999999999
24,-2.0,-43.299999999999955
48,1.0,-44.299999999999955
72,1.0,-49.299999999999955
24,-24.0,-37.0
48,-20.0,-40.0
72,-17.0,-43.0
24,-54.0,-26.5
48,-41.0,-32.5
72,-48.0,-30.5
24,-72.0,-25.299999999999955
48,-50.0,-34.299999999999955
72,-48.0,-42.299999999999955
24,-78.0,-9.700000000000045
48,-41.0,-19.700000000000045
72,-37.0,-21.700000000000045
24,-70.0,-25.700000000000045
48,-26.0,-67.70000000000005
72,30.0,-594.7
24,-62.0,-25.5
48,13.0,-162.5
72,38.0,-496.5
24,-70.0,9.0
48,-30.0,-26.0
72,22.0,-205.0
24,-48.0,-16.30000000000001
48,-49.0,-18.30000000000001
72,-43.0,-21.30000000000001
24,74.0,-41.0
48,74.0,-11.0
72,-26.0,2.0
24,0.0,0.19999999999999996
48,0.0,0.19999999999999996
72,0.0,0.19999999999999996
24,-14.0,-27.299999999999997
48,-14.0,-27.299999999999997
72,-10.0,-27.299999999999997
24,-26.0,5.5
48,-26.0,7.5
72,-26.0,6.5
24,-18.0,68.19999999999999
48,-15.0,70.19999999999999
72,-22.0,70.19999999999999
24,-11.0,52.200000000000045
48,-16.0,55.200000000000045
72,-5.0,53.200000000000045
24,6.0,148.70000000000005
48,-10.0,153.70000000000005
72,19.0,110.70000000000005
24,11.0,85.0
48,-16.0,112.0
72,0.0,9.0
24,82.0,-444.20000000000005
48,-18.0,-3.2000000000000455
72,-6.0,-98.20000000000005
24,40.0,-36.799999999999955
48,89.0,-530.8
72,27.0,5.2000000000000455
24,28.0,-163.70000000000005
48,84.0,-357.70000000000005
72,4.0,-28.700000000000045
24,1.0,-77.70000000000005
48,-11.0,-58.700000000000045
72,-11.0,-60.700000000000045
24,-6.0,-52.80000000000001
48,-6.0,-53.80000000000001
72,-3.0,-54.80000000000001
24,-3.0,-24.700000000000003
48,-3.0,-23.700000000000003
72,35.0,-26.700000000000003
24,0.0,0.19999999999999996
48,5.0,0.19999999999999996
72,0.0,0.19999999999999996
24,-69.0,-29.0
48,-69.0,-29.0
72,-74.0,-28.0
24,-5.0,-19.5
48,-5.0,-18.5
72,0.0,-20.5
24,-4.0,-17.19999999999999
48,20.0,-15.199999999999989
72,76.0,-17.19999999999999
24,-6.0,23.299999999999955
48,-2.0,25.299999999999955
72,56.0,24.299999999999955
24,-65.0,-35.700000000000045
48,29.0,-36.700000000000045
72,29.0,-68.70000000000005
24,2.0,-13.200000000000045
48,2.0,-13.200000000000045
72,2.0,-41.200000000000045
24,-21.0,35.5
48,-23.0,26.5
72,-59.0,34.5
24,0.0,89.0
48,-28.0,131.0
72,0.0,70.0
24,0.0,256.3
48,-73.0,316.3
72,0.0,184.3
24,0.0,-73.30000000000001
48,0.0,146.7
72,0.0,-169.3
24,0.0,-32.0
48,0.0,126.0
72,0.0,-63.0
24,0.0,1.1999999999999993
48,0.0,50.2
72,0.0,5.199999999999999
24,0.0,-1.3
48,0.0,-1.3
72,0.0,-1.3
24,0.0,-19.3
48,0.0,-22.3
72,0.0,-17.3
24,-1.0,10.5
48,0.0,-41.5
72,0.0,-33.5
24,0.0,29.700000000000003
48,0.0,-13.299999999999997
72,0.0,-25.299999999999997
24,0.0,22.700000000000003
48,0.0,139.7
72,0.0,54.7
24,0.0,584.7
48,0.0,371.7
72,0.0,279.7
24,-5.0,205.0
48,0.0,22.0
72,0.0,360.0
24,0.0,68.80000000000001
48,0.0,332.8
72,-17.0,422.8
24,0.0,-152.7
48,0.0,286.3
72,0.0,84.30000000000001
24,0.0,-46.80000000000001
48,-5.0,301.2
72,0.0,125.19999999999999
24,0.0,163.8
48,-46.0,382.8
72,0.0,218.8
24,0.0,109.3
48,0.0,183.3
72,0.0,91.3
24,0.0,-10.700000000000003
48,0.0,16.299999999999997
72,0.0,-11.700000000000003
24,0.0,-0.7
48,-10.0,0.30000000000000004
72,-5.0,-0.7
24,0.0,17.3
48,-3.0,57.3
72,0.0,25.3
24,0.0,-55.2
48,0.0,-9.200000000000003
72,-1.0,30.799999999999997
24,45.0,-112.5
48,45.0,-100.5
72,35.0,96.5
24,20.0,-320.3
48,20.0,-337.3
72,15.0,8.699999999999989
24,1.0,-324.0
48,1.0,-235.0
72,-42.0,210.0
24,0.0,-423.0
48,0.0,15.0
72,-28.0,-47.0
24,0.0,-291.29999999999995
48,-42.0,-19.299999999999955
72,0.0,-87.29999999999995
24,0.0,-157.29999999999995
48,0.0,-146.29999999999995
72,0.0,-211.29999999999995
24,-11.0,-215.20000000000005
48,0.0,-157.20000000000005
72,0.0,-170.20000000000005
24,0.0,-295.2
48,0.0,-141.2
72,0.0,-102.19999999999999
24,0.0,-149.3
48,0.0,-97.30000000000001
72,0.0,-68.30000000000001
24,-28.0,-24.299999999999997
48,0.0,-32.3
72,-6.0,-16.299999999999997
24,0.0,0.8
48,0.0,0.8
72,-18.0,0.8
24,-4.0,2.799999999999997
48,0.0,-1.2000000000000028
72,-41.0,5.799999999999997
24,0.0,-38.69999999999999
48,0.0,45.30000000000001
72,0.0,29.30000000000001
24,0.0,1.5
48,0.0,26.5
72,0.0,77.5
24,0.0,66.0
48,0.0,-61.0
72,0.0,104.0
24,0.0,-110.20000000000005
48,-1.0,-174.20000000000005
72,0.0,-124.20000000000005
24,0.0,50.299999999999955
48,0.0,-88.70000000000005
72,0.0,-60.700000000000045
24,0.0,-104.79999999999995
48,-6.0,-97.79999999999995
72,0.0,-51.799999999999955
24,2.0,-280.0
48,2.0,-213.0
72,2.0,-80.0
24,16.0,-55.0
48,16.0,162.0
72,9.0,248.0
24,24.0,-268.5
48,-7.0,-189.5
72,12.0,-64.5
24,0.0,-144.8
48,0.0,-154.8
72,0.0,-51.80000000000001
24,5.0,43.8
48,5.0,27.8
72,5.0,58.8
24,-7.0,-0.7
48,-1.0,-0.7
72,-7.0,-0.7
24,-22.0,32.7
48,-12.0,30.700000000000003
72,-22.0,31.700000000000003
24,-28.0,159.8
48,-42.0,166.8
72,-29.0,164.8
24,-67.0,198.2
48,-100.0,206.2
72,-87.0,205.2
24,-46.0,271.2
48,-85.0,331.2
72,-65.0,325.2
24,-32.0,319.5
48,-74.0,373.5
72,-36.0,343.5
24,35.0,336.3
48,-1.0,424.3
72,28.0,406.3
24,26.0,289.2
48,-27.0,405.2
72,0.0,387.2
24,22.0,303.7
48,-27.0,364.7
72,-6.0,356.7
24,30.0,213.0
48,-14.0,248.0
72,24.0,244.0
24,32.0,6.5
48,-16.0,21.5
72,5.0,17.5
24,41.0,115.0
48,46.0,96.0
72,-54.0,126.0
24,-19.0,18.799999999999997
48,-29.0,20.799999999999997
72,-35.0,20.799999999999997
24,-67.0,-0.5
48,-57.0,-0.5
72,22.0,-0.5
24,-31.0,-24.799999999999997
48,-57.0,-22.799999999999997
72,23.0,-30.799999999999997
24,8.0,-28.69999999999999
48,-18.0,-19.69999999999999
72,56.0,-145.7
24,34.0,-73.30000000000001
48,-12.0,-9.300000000000011
72,66.0,-55.30000000000001
24,55.0,-13.5
48,4.0,17.5
72,13.0,-1.5
24,-1.0,77.0
48,-1.0,47.0
72,-11.0,58.0
24,46.0,-293.29999999999995
48,46.0,-301.29999999999995
72,-6.0,72.70000000000005
24,9.0,-356.29999999999995
48,14.0,-554.3
72,-15.0,-268.29999999999995
24,66.0,-280.0
48,70.0,-428.0
72,30.0,-74.0
24,18.0,-58.5
48,28.0,-29.5
72,37.0,-5.5
24,80.0,-108.80000000000001
48,10.0,16.19999999999999
72,80.0,-3.8000000000000114
24,64.0,7.199999999999989
48,28.0,9.199999999999989
72,91.0,5.199999999999989
24,-32.0,0.7999999999999972
48,0.0,-0.20000000000000284
72,-69.0,1.7999999999999972
24,97.0,-0.5
48,97.0,-0.5
72,97.0,-0.5
24,91.0,-50.7
48,91.0,-43.7
72,91.0,-15.700000000000003
24,99.0,-68.19999999999999
48,99.0,-266.2
72,99.0,-247.2
24,29.0,0.8000000000000114
48,29.0,-168.2
72,29.0,-389.2
24,0.0,-145.7
48,0.0,-67.69999999999999
72,0.0,-147.7
24,0.0,-120.19999999999999
48,0.0,-163.2
72,0.0,-144.2
24,0.0,-73.8
48,0.0,-73.8
72,0.0,-90.8
24,0.0,20.5
48,0.0,-97.5
72,0.0,-99.5
24,0.0,201.8
48,0.0,-103.19999999999999
72,0.0,316.8
24,0.0,5.0
48,0.0,-78.0
72,0.0,289.0
24,0.0,-18.5
48,0.0,-31.5
72,0.0,280.5
24,0.0,-37.3
48,0.0,-5.299999999999997
72,-3.0,166.7
24,0.0,-27.200000000000003
48,0.0,-33.2
72,0.0,15.799999999999997
24,0.0,-1.5
48,0.0,-1.5
72,-41.0,-1.5
24,0.0,-50.3
48,0.0,-2.299999999999997
72,-37.0,8.700000000000003
24,0.0,10.799999999999997
48,0.0,164.8
72,-84.0,204.8
24,0.0,286.3
48,0.0,353.3
72,-10.0,400.3
24,0.0,432.0
48,0.0,490.0
72,-49.0,531.0
24,0.0,511.0
48,-39.0,533.0
72,-35.0,544.0
24,-27.0,478.8
48,-30.0,491.8
72,-74.0,497.8
24,-4.0,358.2
48,-10.0,367.2
72,-90.0,394.2
24,1.0,-299.0
48,-81.0,210.0
72,-75.0,209.0
24,28.0,-295.70000000000005
48,-18.0,26.299999999999955
72,-32.0,38.299999999999955
24,47.0,239.5
48,-26.0,258.5
72,-22.0,245.5
24,37.0,67.30000000000001
48,21.0,64.30000000000001
72,-63.0,79.30000000000001
24,51.0,-8.5
48,-16.0,-3.5
72,-49.0,-1.5
24,39.0,-0.3
48,-2.0,-0.3
72,29.0,-0.3
24,7.0,-30.299999999999997
48,-4.0,-28.299999999999997
72,50.0,-32.3
24,40.0,-42.69999999999999
48,-19.0,-40.69999999999999
72,26.0,-45.69999999999999
24,99.0,-75.19999999999999
48,10.0,-48.19999999999999
72,38.0,-48.19999999999999
24,93.0,-70.79999999999995
48,-1.0,-41.799999999999955
72,28.0,-50.799999999999955
24,26.0,-42.700000000000045
48,-3.0,-37.700000000000045
72,16.0,-46.700000000000045
24,3.0,-32.299999999999955
48,-1.0,-25.299999999999955
72,-15.0,-37.299999999999955
24,-28.0,16.299999999999955
48,-1.0,19.299999999999955
72,-34.0,6.2999999999999545
24,-15.0,-39.200000000000045
48,-4.0,-31.200000000000045
72,-27.0,-46.200000000000045
24,0.0,-20.5
48,65.0,-24.5
72,-7.0,-34.5
24,23.0,-54.30000000000001
48,96.0,-74.30000000000001
72,-4.0,-60.30000000000001
24,-3.0,-54.19999999999999
48,89.0,-53.19999999999999
72,-11.0,-55.19999999999999
24,21.0,-12.200000000000003
48,100.0,-12.200000000000003
72,0.0,-12.200000000000003
24,18.0,-0.3
48,-1.0,-0.3
72,0.0,-0.3
24,6.0,5.200000000000003
48,-7.0,5.200000000000003
72,-9.0,5.200000000000003
24,-5.0,6.800000000000011
48,6.0,-8.199999999999989
72,-15.0,19.80000000000001
24,-47.0,-10.699999999999989
48,-9.0,-70.69999999999999
72,-38.0,-11.699999999999989
24,-34.0,-23.0
48,-28.0,-58.0
72,13.0,-89.0
24,16.0,179.0
48,20.0,152.0
72,69.0,170.0
24,-18.0,327.0
48,2.0,205.0
72,27.0,297.0
24,-42.0,296.3
48,1.0,102.30000000000001
72,1.0,82.30000000000001
24,-40.0,331.7
48,-13.0,261.7
72,0.0,194.7
24,-61.0,145.5
48,-32.0,150.5
72,-15.0,147.5
24,-23.0,179.2
48,4.0,185.2
72,-3.0,179.2
24,-66.0,97.80000000000001
48,0.0,98.80000000000001
72,-87.0,95.80000000000001
24,-92.0,13.700000000000003
48,2.0,13.700000000000003
72,-2.0,12.700000000000003
24,-1.0,-0.5
48,9.0,-0.5
72,9.0,-0.5
24,-28.0,-39.2
48,1.0,-53.2
72,1.0,-77.2
24,36.0,-97.7
48,36.0,-112.7
72,36.0,-96.7
24,71.0,-220.8
48,71.0,-271.8
72,71.0,-276.8
24,63.0,-225.2
48,63.0,-362.2
72,63.0,-325.2
24,15.0,-278.3
48,15.0,-408.3
72,15.0,-242.3
24,0.0,-139.0
48,0.0,61.0
72,-8.0,307.0
24,0.0,-30.200000000000045
48,0.0,-128.20000000000005
72,-3.0,-6.2000000000000455
24,7.0,-515.2
48,-32.0,65.79999999999995
72,7.0,-165.20000000000005
24,12.0,-125.29999999999995
48,29.0,-399.29999999999995
72,31.0,-168.29999999999995
24,21.0,128.7
48,50.0,152.7
72,50.0,18.69999999999999
24,49.0,54.5
48,59.0,19.5
72,59.0,-36.5
24,55.0,40.7
48,55.0,6.699999999999999
72,55.0,11.7
24,0.0,-0.2
48,0.0,-0.2
72,0.0,-0.2
24,0.0,-21.8
48,0.0,-22.8
72,0.0,-26.8
24,0.0,-18.5
48,0.0,-25.5
72,0.0,-45.5
24,0.0,-50.3
48,0.0,-17.299999999999997
72,0.0,-97.3
24,0.0,-90.0
48,0.0,-17.0
72,0.0,-115.0
24,0.0,-96.30000000000001
48,0.0,22.69999999999999
72,0.0,-73.30000000000001
24,3.0,-0.8000000000000114
48,3.0,75.19999999999999
72,3.0,-84.80000000000001
24,0.0,83.30000000000001
48,0.0,85.30000000000001
72,0.0,-188.7
24,0.0,99.80000000000001
48,0.0,37.80000000000001
72,0.0,-98.19999999999999
24,0.0,74.30000000000001
48,0.0,-50.69999999999999
72,0.0,-95.69999999999999
24,0.0,-0.5
48,0.0,147.5
72,0.0,-85.5
24,0.0,-13.799999999999997
48,0.0,60.2
72,0.0,-69.8
24,0.0,-5.199999999999999
48,-1.0,9.8
72,0.0,-15.2
24,54.0,0.0
48,6.0,0.0
72,0.0,0.0
24,2.0,-26.299999999999997
48,47.0,-27.299999999999997
72,-4.0,-26.299999999999997
24,0.0,-51.69999999999999
48,100.0,-85.69999999999999
72,6.0,-50.69999999999999
24,0.0,-53.700000000000045
48,100.0,-90.70000000000005
72,7.0,-49.700000000000045
24,0.0,-50.200000000000045
48,100.0,-72.20000000000005
72,10.0,-44.200000000000045
24,0.0,-49.5
48,7.0,-58.5
72,6.0,-38.5
24,0.0,-58.0
48,6.0,-69.0
72,12.0,-46.0
24,0.0,-24.299999999999955
48,99.0,-61.299999999999955
72,13.0,-15.299999999999955
24,-3.0,-6.0
48,-3.0,-15.0
72,41.0,-7.0
24,-20.0,-59.5
48,-20.0,-63.5
72,-6.0,-59.5
24,0.0,10.199999999999989
48,-15.0,10.199999999999989
72,-1.0,12.199999999999989
24,-100.0,60.30000000000001
48,-100.0,59.30000000000001
72,-95.0,61.30000000000001
24,-87.0,27.7
48,-94.0,27.7
72,-79.0,28.7
24,-6.0,0.0
48,-6.0,0.0
72,0.0,0.0
24,-11.0,-26.799999999999997
48,-11.0,-27.799999999999997
72,-11.0,-27.799999999999997
24,-11.0,-51.69999999999999
48,89.0,-130.7
72,-11.0,-53.69999999999999
24,-2.0,-55.200000000000045
48,98.0,-298.20000000000005
72,-2.0,-57.200000000000045
24,0.0,-47.799999999999955
48,100.0,-277.79999999999995
72,0.0,-53.799999999999955
24,-76.0,-30.200000000000045
48,24.0,-187.20000000000005
72,-76.0,-37.200000000000045
24,-96.0,154.20000000000005
48,4.0,-21.799999999999955
72,-96.0,147.20000000000005
24,-100.0,147.5
48,0.0,-178.5
72,-88.0,135.5
24,-92.0,140.70000000000005
48,0.0,-166.29999999999995
72,-100.0,133.70000000000005
24,-88.0,114.5
48,0.0,-193.5
72,-1.0,80.5
24,-55.0,68.80000000000001
48,27.0,-157.2
72,27.0,15.800000000000011
24,-15.0,51.5
48,41.0,-50.5
72,41.0,-6.5
24,0.0,0.0
48,95.0,0.0
72,95.0,0.0
24,5.0,-26.0
48,100.0,-70.0
72,100.0,-80.0
24,0.0,-47.19999999999999
48,100.0,-283.2
72,100.0,-278.2
24,0.0,-48.30000000000001
48,100.0,-476.3
72,100.0,-471.3
24,0.0,34.799999999999955
48,100.0,-558.2
72,100.0,-552.2
24,0.0,-3.2999999999999545
48,100.0,-670.3
72,100.0,-725.3
24,-8.0,-48.799999999999955
48,92.0,-836.8
72,92.0,-842.8
24,-25.0,-21.700000000000045
48,75.0,-805.7
72,75.0,-811.7
24,-34.0,-23.0
48,66.0,-739.0
72,66.0,-725.0
24,-13.0,9.0
48,87.0,-584.0
72,87.0,-580.0
24,-10.0,54.0
48,90.0,-367.0
72,90.0,-356.0
24,-20.0,-15.800000000000011
48,80.0,-237.8
72,80.0,-231.8
24,7.0,0.0
48,7.0,0.0
72,7.0,0.0
24,-1.0,-17.0
48,9.0,-55.0
72,9.0,-59.0
24,0.0,-13.199999999999989
48,0.0,-162.2
72,0.0,-214.2
24,2.0,18.0
48,2.0,-229.0
72,2.0,-336.0
24,0.0,55.200000000000045
48,0.0,-289.79999999999995
72,0.0,-483.79999999999995
24,3.0,5.7999999999999545
48,3.0,-304.20000000000005
72,3.0,-623.2
24,-4.0,-43.0
48,10.0,-286.0
72,10.0,-689.0
24,19.0,-91.79999999999995
48,15.0,-372.79999999999995
72,19.0,-721.8
24,0.0,-93.79999999999995
48,-30.0,-250.79999999999995
72,-37.0,-154.79999999999995
24,18.0,-100.20000000000005
48,18.0,-339.20000000000005
72,-35.0,-63.200000000000045
24,13.0,-55.0
48,13.0,-307.0
72,-36.0,-33.0
24,1.0,25.19999999999999
48,1.0,-74.80000000000001
72,1.0,12.199999999999989
24,0.0,0.0
48,0.0,0.0
72,0.0,0.0
24,0.0,10.200000000000003
48,0.0,-23.799999999999997
72,0.0,-3.799999999999997
24,0.0,-17.0
48,0.0,-32.0
72,0.0,-46.0
24,0.0,149.2
48,-2.0,204.2
72,0.0,24.19999999999999
24,-8.0,412.2
48,0.0,387.2
72,0.0,247.2
24,-3.0,384.5
48,0.0,435.5
72,0.0,287.5
24,0.0,347.5
48,0.0,319.5
72,0.0,536.5
24,5.0,98.5
48,5.0,331.5
72,5.0,526.5
24,0.0,236.2
48,0.0,277.2
72,0.0,535.2
24,0.0,190.5
48,0.0,63.5
72,0.0,327.5
24,0.0,202.2
48,0.0,117.2
72,0.0,261.2
24,0.0,87.7
48,0.0,38.7
72,0.0,35.7
24,-100.0,0.0
48,-100.0,0.0
72,-100.0,0.0
24,-100.0,47.3
48,-100.0,46.3
72,-77.0,44.3
24,-24.0,222.8
48,8.0,214.8
72,-19.0,222.8
24,-30.0,414.5
48,32.0,339.5
72,-30.0,412.5
24,-100.0,507.7
48,-48.0,445.7
72,-100.0,501.7
24,-39.0,402.5
48,-1.0,356.5
72,-39.0,393.5
24,-30.0,127.0
48,8.0,93.0
72,-30.0,117.0
24,-20.0,219.20000000000005
48,29.0,158.20000000000005
72,-7.0,210.20000000000005
24,-16.0,207.3
48,-16.0,212.3
72,84.0,-338.7
24,-18.0,43.299999999999955
48,-18.0,47.299999999999955
72,77.0,-214.70000000000005
24,-17.0,23.19999999999999
48,-13.0,24.19999999999999
72,35.0,-17.80000000000001
24,-8.0,-11.699999999999989
48,-8.0,-10.699999999999989
72,56.0,-46.69999999999999
24,100.0,0.0
48,0.0,0.0
72,0.0,0.0
24,77.0,-25.0
48,0.0,-22.0
72,0.0,-22.0
24,0.0,-44.80000000000001
48,0.0,-44.80000000000001
72,5.0,-43.80000000000001
24,0.0,-46.80000000000001
48,0.0,-47.80000000000001
72,5.0,-44.80000000000001
24,0.0,-43.299999999999955
48,0.0,-44.299999999999955
72,5.0,-38.299999999999955
24,0.0,-43.299999999999955
48,5.0,-45.299999999999955
72,5.0,-39.299999999999955
24,0.0,-60.5
48,5.0,-61.5
72,5.0,-55.5
24,6.0,-65.20000000000005
48,23.0,-65.20000000000005
72,5.0,-60.200000000000045
24,2.0,-64.29999999999995
48,97.0,-124.29999999999995
72,65.0,-63.299999999999955
24,-9.0,-61.0
48,-2.0,-64.0
72,84.0,-97.0
24,-6.0,-46.0
48,88.0,-106.0
72,88.0,-85.0
24,-3.0,-21.80000000000001
48,91.0,-63.80000000000001
72,-9.0,-18.80000000000001
24,-31.0,0.0
48,-27.0,0.0
72,-20.0,0.0
24,-53.0,-4.299999999999997
48,-34.0,-6.299999999999997
72,-53.0,-2.299999999999997
24,-4.0,60.0
48,83.0,40.0
72,-4.0,58.0
24,-96.0,140.8
48,-90.0,138.8
72,-55.0,134.8
24,-100.0,148.3
48,-100.0,148.3
72,-74.0,145.3
24,-93.0,131.5
48,-93.0,129.5
72,-84.0,129.5
24,-59.0,180.20000000000005
48,-59.0,182.20000000000005
72,-59.0,184.20000000000005
24,-49.0,146.79999999999995
48,-49.0,150.79999999999995
72,-49.0,150.79999999999995
24,-48.0,68.79999999999995
48,-48.0,72.79999999999995
72,-48.0,69.79999999999995
24,-36.0,-44.200000000000045
48,-36.0,-45.200000000000045
72,-36.0,-47.200000000000045
24,-58.0,-53.0
48,-58.0,-56.0
72,-55.0,-58.0
24,-2.0,-25.69999999999999
48,3.0,-26.69999999999999
72,-2.0,-25.69999999999999
24,66.0,-13.700000000000003
48,80.0,-32.7
72,80.0,-27.700000000000003
24,4.0,69.30000000000001
48,4.0,20.30000000000001
72,4.0,-99.69999999999999
24,-4.0,107.69999999999999
48,0.0,59.69999999999999
72,0.0,-141.3
24,0.0,167.5
48,-30.0,118.5
72,0.0,-102.5
24,8.0,16.5
48,-16.0,128.5
72,8.0,-117.5
24,0.0,-186.70000000000005
48,-9.0,-44.700000000000045
72,0.0,-409.70000000000005
24,14.0,81.80000000000001
48,14.0,-124.19999999999999
72,14.0,-274.2
24,25.0,-115.70000000000005
48,25.0,-356.70000000000005
72,25.0,-366.70000000000005
24,74.0,-30.19999999999999
48,74.0,12.800000000000011
72,74.0,-381.2
24,-21.0,147.8
48,44.0,-20.19999999999999
72,44.0,-110.19999999999999
24,-54.0,45.19999999999999
48,46.0,-44.80000000000001
72,46.0,-62.80000000000001
24,0.0,-15.5
48,0.0,-14.5
72,0.0,-12.5
24,0.0,-20.200000000000003
48,0.0,-28.200000000000003
72,0.0,-25.200000000000003
24,0.0,0.7999999999999972
48,0.0,-16.200000000000003
72,0.0,-14.200000000000003
24,0.0,51.3
48,0.0,30.299999999999997
72,0.0,-42.7
24,0.0,298.7
48,0.0,13.699999999999989
72,0.0,-181.3
24,-19.0,364.8
48,0.0,-123.19999999999999
72,0.0,-286.2
24,-13.0,-52.799999999999955
48,0.0,-426.79999999999995
72,0.0,-497.79999999999995
24,-11.0,-160.5
48,7.0,-619.5
72,7.0,-678.5
24,0.0,-270.8
48,0.0,-370.8
72,0.0,-280.8
24,10.0,23.5
48,10.0,-173.5
72,10.0,-174.5
24,7.0,-22.5
48,26.0,-72.5
72,33.0,-141.5
24,85.0,-25.299999999999997
48,62.0,-25.299999999999997
72,-1.0,-20.299999999999997
24,58.0,-57.69999999999999
48,93.0,-72.69999999999999
72,100.0,-83.69999999999999
24,65.0,-62.69999999999999
48,13.0,-78.69999999999999
72,94.0,-93.69999999999999
24,100.0,-126.70000000000005
48,81.0,-78.70000000000005
72,100.0,-57.700000000000045
24,67.0,-113.70000000000005
48,67.0,-182.70000000000005
72,67.0,-57.700000000000045
24,-13.0,-67.20000000000005
48,82.0,-250.20000000000005
72,82.0,-91.20000000000005
24,-6.0,-71.29999999999995
48,89.0,-460.29999999999995
72,89.0,-104.29999999999995
24,7.0,-70.70000000000005
48,100.0,-215.70000000000005
72,100.0,-243.70000000000005
24,7.0,-66.5
48,100.0,-161.5
72,100.0,-307.5
24,-7.0,-59.5
48,93.0,-179.5
72,93.0,-185.5
24,1.0,-44.5
48,91.0,-118.5
72,91.0,-93.5
24,0.0,-22.700000000000003
48,0.0,-22.700000000000003
72,0.0,-22.700000000000003
24,0.0,-51.0
48,0.0,-51.0
72,0.0,-49.0
24,-2.0,-55.19999999999999
48,-2.0,-56.19999999999999
72,-2.0,-52.19999999999999
24,0.0,-47.0
48,0.0,-49.0
72,0.0,-45.0
24,0.0,-45.5
48,0.0,-46.5
72,0.0,-43.5
24,0.0,-47.200000000000045
48,0.0,-45.200000000000045
72,0.0,-42.200000000000045
24,0.0,11.299999999999955
48,0.0,15.299999999999955
72,0.0,18.299999999999955
24,0.0,-47.0
48,0.0,-44.0
72,0.0,-49.0
24,0.0,-55.5
48,0.0,-52.5
72,0.0,-55.5
24,-10.0,-59.69999999999999
48,-10.0,-58.69999999999999
72,-10.0,-60.69999999999999
24,2.0,-32.19999999999999
48,-3.0,-31.19999999999999
72,-3.0,-32.19999999999999
24,0.0,-21.799999999999997
48,0.0,-21.799999999999997
72,0.0,-21.799999999999997
24,0.0,-51.5
48,0.0,-52.5
72,0.0,-51.5
24,0.0,-54.19999999999999
48,0.0,-55.19999999999999
72,0.0,-57.19999999999999
24,0.0,-44.5
48,0.0,-46.5
72,0.0,-49.5
24,-5.0,-39.200000000000045
48,-5.0,-42.200000000000045
72,-5.0,-42.200000000000045
24,-74.0,-60.5
48,-74.0,-59.5
72,-74.0,-61.5
24,-75.0,-30.700000000000045
48,-75.0,-29.700000000000045
72,-75.0,-33.700000000000045
24,-100.0,-9.5
48,-100.0,-10.5
72,-100.0,-10.5
24,-100.0,59.799999999999955
48,-100.0,60.799999999999955
72,-100.0,56.799999999999955
24,-100.0,-40.30000000000001
48,-100.0,-40.30000000000001
72,-100.0,-43.30000000000001
24,-52.0,-15.800000000000011
48,-52.0,-14.800000000000011
72,-52.0,-16.80000000000001
24,60.0,-9.299999999999997
48,83.0,-44.3
72,-10.0,-8.299999999999997
24,-50.0,25.5
48,39.0,-178.5
72,39.0,-180.5
24,-94.0,219.2
48,0.0,-184.8
72,0.0,-170.8
24,-55.0,129.7
48,0.0,-287.3
72,-19.0,7.699999999999989
24,0.0,-184.2
48,0.0,-414.2
72,0.0,-455.2
24,0.0,-243.2
48,0.0,-361.2
72,0.0,-360.2
24,0.0,-187.0
48,0.0,-237.0
72,0.0,-255.0
24,0.0,-132.2
48,0.0,-170.2
72,0.0,311.8
24,0.0,-106.80000000000001
48,0.0,-112.80000000000001
72,0.0,16.19999999999999
24,0.0,-54.0
48,0.0,-61.0
72,0.0,24.0
24,0.0,-53.7
48,0.0,-56.7
72,0.0,30.299999999999997
24,0.0,-25.7
48,0.0,-28.7
72,0.0,-29.7
24,0.0,-40.2
48,0.0,-38.2
72,0.0,-41.2
24,0.0,-113.0
48,0.0,-103.0
72,0.0,-117.0
24,0.0,-126.0
48,0.0,-107.0
72,0.0,-128.0
24,0.0,-109.7
48,0.0,-35.7
72,0.0,-106.7
24,0.0,-186.8
48,0.0,-112.80000000000001
72,0.0,-174.8
24,0.0,-158.8
48,0.0,-120.80000000000001
72,0.0,-161.8
24,0.0,-101.19999999999999
48,0.0,-83.19999999999999
72,0.0,-103.19999999999999
24,0.0,-86.7
48,0.0,-61.7
72,0.0,-87.7
24,0.0,-41.5
48,0.0,-38.5
72,0.0,-47.5
24,0.0,-62.7
48,0.0,-62.7
72,0.0,-64.7
24,0.0,-11.0
48,0.0,-11.0
72,0.0,-11.0
24,0.0,-31.299999999999997
48,0.0,-28.299999999999997
72,0.0,-28.299999999999997
24,0.0,-73.8
48,0.0,-74.8
72,0.0,-66.8
24,0.0,-18.5
48,0.0,-17.5
72,0.0,-15.5
24,0.0,-189.7
48,0.0,-188.7
72,0.0,-188.7
24,0.0,-134.2
48,0.0,-141.2
72,0.0,-93.19999999999999
24,0.0,-45.5
48,0.0,-59.5
72,0.0,45.5
24,0.0,-58.7
48,0.0,-70.7
72,0.0,-61.7
24,0.0,-102.0
48,0.0,-106.0
72,0.0,-95.0
24,0.0,-54.8
48,0.0,-64.8
72,0.0,-52.8
24,0.0,-32.5
48,0.0,-34.5
72,0.0,-30.5
24,-1.0,-17.700000000000003
48,99.0,-20.700000000000003
72,-1.0,-17.700000000000003
24,4.0,-29.69999999999999
48,4.0,-27.69999999999999
72,46.0,-35.69999999999999
24,0.0,-25.5
48,5.0,-23.5
72,11.0,-27.5
24,0.0,91.80000000000001
48,90.0,77.80000000000001
72,0.0,86.80000000000001
24,-29.0,50.799999999999955
48,-22.0,46.799999999999955
72,-28.0,41.799999999999955
24,-25.0,40.200000000000045
48,-20.0,33.200000000000045
72,-6.0,29.200000000000045
24,-15.0,83.79999999999995
48,-20.0,74.79999999999995
72,0.0,66.79999999999995
24,-9.0,58.200000000000045
48,-14.0,57.200000000000045
72,20.0,43.200000000000045
24,-31.0,37.299999999999955
48,-31.0,36.299999999999955
72,30.0,-39.700000000000045
24,-22.0,5.699999999999989
48,-22.0,5.699999999999989
72,22.0,-72.30000000000001
24,-15.0,15.0
48,-15.0,14.0
72,-2.0,-28.0
24,-93.0,-19.5
48,-94.0,-20.5
72,-2.0,-21.5
24,-40.0,5.0
48,-42.0,1.0
72,23.0,-11.0
24,-95.0,10.300000000000011
48,-95.0,6.300000000000011
72,5.0,-36.69999999999999
24,0.0,-34.799999999999955
48,0.0,-39.799999999999955
72,52.0,-45.799999999999955
24,0.0,-38.700000000000045
48,0.0,-45.700000000000045
72,81.0,-79.70000000000005
24,0.0,-53.700000000000045
48,0.0,-59.700000000000045
72,6.0,-61.700000000000045
24,0.0,-65.29999999999995
48,0.0,-69.29999999999995
72,5.0,-71.29999999999995
24,0.0,-66.20000000000005
48,0.0,-71.20000000000005
72,5.0,-74.20000000000005
24,0.0,-63.700000000000045
48,0.0,-69.70000000000005
72,0.0,-72.70000000000005
24,0.0,-58.80000000000001
48,0.0,-61.80000000000001
72,0.0,-63.80000000000001
24,0.0,-30.5
48,5.0,-31.5
72,0.0,-32.5
24,36.0,-12.700000000000003
48,36.0,-13.700000000000003
72,36.0,-14.700000000000003
24,5.0,-50.0
48,5.0,-52.0
72,5.0,-28.0
24,7.0,-153.0
48,7.0,-78.0
72,7.0,-57.0
24,0.0,-18.5
48,0.0,-59.5
72,0.0,-58.5
24,0.0,-62.200000000000045
48,0.0,-41.200000000000045
72,0.0,28.799999999999955
24,0.0,-189.70000000000005
48,0.0,-207.70000000000005
72,0.0,60.299999999999955
24,0.0,-166.5
48,0.0,-61.5
72,0.0,58.5
24,0.0,-24.299999999999955
48,0.0,-19.299999999999955
72,0.0,13.700000000000045
24,0.0,31.80000000000001
48,0.0,16.80000000000001
72,0.0,65.80000000000001
24,0.0,-36.80000000000001
48,0.0,23.19999999999999
72,0.0,-25.80000000000001
24,0.0,-36.5
48,0.0,-42.5
72,0.0,-3.5
24,5.0,-13.299999999999997
48,7.0,-14.299999999999997
72,0.0,-13.299999999999997
24,0.0,-34.19999999999999
48,5.0,-36.19999999999999
72,0.0,-33.19999999999999
24,0.0,-37.0
48,7.0,-41.0
72,0.0,-35.0
24,-6.0,-31.0
48,4.0,-34.0
72,0.0,-37.0
24,-4.0,-32.200000000000045
48,63.0,-48.200000000000045
72,91.0,-107.20000000000005
24,9.0,-44.0
48,99.0,-105.0
72,99.0,-112.0
24,83.0,-85.79999999999995
48,83.0,-85.79999999999995
72,35.0,-73.79999999999995
24,-17.0,-50.5
48,77.0,-74.5
72,62.0,-82.5
24,-16.0,-19.5
48,-12.0,-17.5
72,78.0,-61.5
24,79.0,-6.199999999999989
48,-15.0,25.80000000000001
72,69.0,12.800000000000011
24,9.0,11.5
48,-34.0,16.5
72,56.0,-4.5
24,-87.0,3.5
48,0.0,-3.5
72,-15.0,0.5
24,16.0,85.7
48,44.0,39.7
72,34.0,62.7
24,23.0,163.2
48,-10.0,220.2
72,18.0,202.2
24,-2.0,210.5
48,-23.0,261.5
72,0.0,244.5
24,28.0,266.3
48,-3.0,287.3
72,35.0,268.3
24,28.0,182.29999999999995
48,55.0,161.29999999999995
72,51.0,207.29999999999995
24,0.0,144.20000000000005
48,-15.0,171.20000000000005
72,-17.0,189.20000000000005
24,60.0,-249.79999999999995
48,57.0,-12.799999999999955
72,42.0,-24.799999999999955
24,38.0,-300.0
48,37.0,-22.0
72,36.0,-60.0
24,16.0,-123.69999999999999
48,12.0,13.300000000000011
72,24.0,-49.69999999999999
24,24.0,-21.80000000000001
48,15.0,-60.80000000000001
72,27.0,-65.80000000000001
24,7.0,-21.5
48,7.0,-19.5
72,7.0,-21.5
24,0.0,-36.5
48,0.0,-44.5
72,0.0,-40.5
24,0.0,-57.5
48,0.0,-50.5
72,0.0,-48.5
24,16.0,-99.19999999999999
48,16.0,-90.19999999999999
72,16.0,-148.2
24,37.0,410.2
48,40.0,127.19999999999999
72,40.0,-115.80000000000001
24,11.0,-161.0
48,11.0,249.0
72,11.0,-185.0
24,31.0,204.8
48,33.0,-106.19999999999999
72,33.0,-14.199999999999989
24,16.0,-209.5
48,16.0,-176.5
72,16.0,-226.5
24,1.0,-53.8
48,1.0,-78.8
72,1.0,-93.8
24,0.0,-59.3
48,0.0,101.7
72,0.0,-83.3
24,0.0,-26.0
48,0.0,-36.0
72,0.0,-39.0
24,10.0,-12.0
48,10.0,-12.0
72,10.0,10.0
24,0.0,32.7
48,0.0,47.7
72,0.0,7.699999999999999
24,0.0,117.69999999999999
48,0.0,35.69999999999999
72,-22.0,208.7
24,15.0,-113.80000000000001
48,15.0,250.2
72,-7.0,143.2
24,80.0,-256.3
48,80.0,249.7
72,80.0,-215.3
24,96.0,-426.29999999999995
48,96.0,63.700000000000045
72,96.0,-366.29999999999995
24,-44.0,170.20000000000005
48,-10.0,169.20000000000005
72,15.0,-18.799999999999955
24,-62.0,54.200000000000045
48,8.0,-167.79999999999995
72,8.0,-77.79999999999995
24,0.0,-357.2
48,0.0,-75.19999999999999
72,0.0,-46.19999999999999
24,-55.0,3.8000000000000114
48,1.0,-75.19999999999999
72,-26.0,-3.1999999999999886
24,-37.0,-5.200000000000003
48,0.0,-41.2
72,0.0,-4.200000000000003
24,0.0,5.199999999999999
48,0.0,-1.8000000000000007
72,0.0,-9.8
24,0.0,28.200000000000003
48,0.0,-1.7999999999999972
72,0.0,-32.8
24,0.0,33.0
48,0.0,-18.0
72,0.0,-152.0
24,0.0,-1.6999999999999886
48,0.0,-135.7
72,0.0,-330.7
24,0.0,144.7
48,0.0,-8.300000000000011
72,0.0,-299.3
24,0.0,102.80000000000001
48,0.0,136.8
72,0.0,-319.2
24,0.0,167.2
48,0.0,70.19999999999999
72,0.0,-292.8
24,0.0,84.0
48,0.0,256.0
72,0.0,20.0
24,0.0,41.30000000000001
48,0.0,211.3
72,0.0,107.30000000000001
24,0.0,48.0
48,0.0,127.0
72,0.0,15.0
24,0.0,3.299999999999997
48,0.0,22.299999999999997
72,0.0,17.299999999999997
24,0.0,1.1999999999999993
48,0.0,-2.8000000000000007
72,-84.0,17.2
24,0.0,-40.3
48,0.0,-2.299999999999997
72,-100.0,90.7
24,0.0,-6.699999999999989
48,-30.0,155.3
72,-100.0,248.3
24,1.0,-56.30000000000001
48,-8.0,65.69999999999999
72,-99.0,279.7
24,4.0,-115.19999999999999
48,-18.0,159.8
72,-96.0,335.8
24,0.0,34.30000000000001
48,-60.0,397.3
72,-89.0,419.3
24,0.0,110.0
48,-61.0,447.0
72,-64.0,471.0
24,0.0,114.19999999999999
48,0.0,120.19999999999999
72,-100.0,458.2
24,0.0,229.7
48,0.0,-6.299999999999997
72,-65.0,356.7
24,0.0,96.3
48,0.0,13.299999999999997
72,0.0,120.3
24,0.0,28.5
48,-45.0,34.5
72,-34.0,21.5
24,0.0,-9.7
48,0.0,-5.699999999999999
72,0.0,7.300000000000001
24,0.0,-17.200000000000003
48,0.0,-34.2
72,0.0,-29.200000000000003
24,0.0,-56.7
48,0.0,-70.7
72,0.0,-24.700000000000003
24,0.0,-131.2
48,0.0,-236.2
72,0.0,-256.2
24,0.0,-222.0
48,0.0,-316.0
72,0.0,-313.0
24,0.0,-192.7
48,0.0,-310.7
72,0.0,-338.7
24,0.0,-81.0
48,0.0,-88.0
72,0.0,-180.0
24,2.0,-69.5
48,2.0,-189.5
72,2.0,-310.5
24,0.0,-58.30000000000001
48,0.0,-118.30000000000001
72,0.0,-226.3
24,0.0,-83.69999999999999
48,0.0,-177.7
72,0.0,-204.7
24,1.0,-15.5
48,1.0,-16.5
72,1.0,-61.5
24,-75.0,-2.1999999999999993
48,0.0,-22.2
72,-5.0,-16.2
24,-19.0,27.5
48,3.0,-123.5
72,3.0,-109.5
24,77.0,90.0
48,72.0,-16.0
72,77.0,-198.0
24,2.0,81.19999999999999
48,44.0,-26.80000000000001
72,55.0,-188.8
24,-82.0,263.8
48,-31.0,176.8
72,-6.0,-1.1999999999999886
24,30.0,372.3
48,23.0,377.3
72,79.0,-154.7
24,45.0,-221.5
48,20.0,-26.5
72,59.0,-586.5
24,-29.0,-102.0
48,-31.0,-106.0
72,16.0,-138.0
24,-11.0,41.69999999999999
48,38.0,-1.3000000000000114
72,84.0,-49.30000000000001
24,0.0,56.80000000000001
48,94.0,23.80000000000001
72,94.0,-103.19999999999999
24,77.0,-15.5
48,99.0,-25.5
72,99.0,-34.5
24,0.0,-21.5
48,0.0,-20.5
72,0.0,-21.5
24,0.0,-94.7
48,0.0,-79.7
72,0.0,-73.7
24,0.0,-63.8
48,0.0,-13.799999999999997
72,0.0,-14.799999999999997
24,0.0,13.700000000000003
48,0.0,102.7
72,0.0,176.7
24,0.0,6.700000000000003
48,-37.0,493.7
72,0.0,354.7
24,0.0,-60.7
48,-20.0,381.3
72,0.0,335.3
24,0.0,-46.69999999999999
48,-17.0,359.3
72,0.0,485.3
24,-3.0,208.0
48,0.0,326.0
72,0.0,354.0
24,-1.0,123.80000000000001
48,-28.0,258.8
72,0.0,200.8
24,0.0,78.2
48,-31.0,170.2
72,0.0,186.2
24,0.0,0.5
48,-50.0,63.5
72,0.0,35.5
24,13.0,-11.799999999999997
48,58.0,-11.799999999999997
72,4.0,-11.799999999999997
24,70.0,-51.0
48,57.0,-49.0
72,83.0,-60.0
24,60.0,-57.69999999999999
48,-26.0,-15.699999999999989
72,60.0,-43.69999999999999
24,24.0,-45.200000000000045
48,-26.0,-22.200000000000045
72,19.0,-38.200000000000045
24,83.0,-74.0
48,86.0,-86.0
72,97.0,-218.0
24,-40.0,-60.200000000000045
48,-78.0,-29.200000000000045
72,0.0,-77.20000000000005
24,-35.0,-26.0
48,-16.0,-23.0
72,-15.0,-20.0
24,-89.0,-6.5
48,-83.0,0.5
72,0.0,-378.5
24,-88.0,-27.799999999999955
48,-83.0,-25.799999999999955
72,0.0,-320.79999999999995
24,-28.0,-32.30000000000001
48,-74.0,-38.30000000000001
72,10.0,-250.3
24,-42.0,-13.5
48,45.0,-89.5
72,45.0,-94.5
24,6.0,2.5
48,-51.0,7.5
72,17.0,-2.5
24,77.0,-18.0
48,85.0,-93.0
72,85.0,-48.0
24,78.0,153.0
48,91.0,-137.0
72,91.0,-120.0
24,33.0,-58.30000000000001
48,33.0,-178.3
72,33.0,-158.3
24,7.0,-110.30000000000001
48,7.0,-109.30000000000001
72,7.0,-102.30000000000001
24,-68.0,223.7
48,0.0,61.69999999999999
72,0.0,-199.3
24,0.0,194.8
48,0.0,12.800000000000011
72,0.0,151.8
24,0.0,36.69999999999999
48,0.0,-110.30000000000001
72,0.0,-30.30000000000001
24,0.0,-35.30000000000001
48,0.0,6.699999999999989
72,0.0,-35.30000000000001
24,0.0,-44.80000000000001
48,0.0,54.19999999999999
72,0.0,17.19999999999999
24,0.0,6.200000000000003
48,0.0,11.200000000000003
72,0.0,-2.799999999999997
24,0.0,-11.8
48,0.0,-11.8
72,0.0,-10.8
24,0.0,-36.3
48,0.0,-57.3
72,0.0,-62.3
24,0.0,-74.8
48,0.0,-115.8
72,0.0,-120.8
24,0.0,-91.69999999999999
48,0.0,-84.69999999999999
72,0.0,-120.69999999999999
24,0.0,124.7
48,0.0,-52.3
72,0.0,-39.3
24,0.0,185.8
48,0.0,7.799999999999997
72,0.0,13.799999999999997
24,0.0,133.3
48,0.0,-83.69999999999999
72,0.0,-78.69999999999999
24,-1.0,175.3
48,0.0,206.3
72,0.0,11.300000000000011
24,0.0,81.7
48,0.0,38.7
72,0.0,27.700000000000003
24,0.0,42.8
48,0.0,12.799999999999997
72,0.0,-3.200000000000003
24,0.0,30.700000000000003
48,0.0,7.700000000000003
72,0.0,1.7000000000000028
24,0.0,-5.5
48,0.0,-5.5
72,100.0,-6.5
24,0.0,-28.80000000000001
48,0.0,-28.80000000000001
72,0.0,-30.80000000000001
24,0.0,-47.80000000000001
48,0.0,-48.80000000000001
72,0.0,-50.80000000000001
24,0.0,-39.700000000000045
48,0.0,-38.700000000000045
72,0.0,-43.700000000000045
24,0.0,-41.200000000000045
48,0.0,-40.200000000000045
72,0.0,-46.200000000000045
24,0.0,-57.0
48,0.0,-55.0
72,0.0,-62.0
24,0.0,-64.5
48,0.0,-62.5
72,0.0,-68.5
24,0.0,-67.20000000000005
48,0.0,-66.20000000000005
72,0.0,-72.20000000000005
24,0.0,-67.0
48,0.0,-67.0
72,0.0,-72.0
24,0.0,-57.80000000000001
48,0.0,-58.80000000000001
72,0.0,-61.80000000000001
24,0.0,-18.0
48,0.0,-18.0
72,0.0,-19.0
24,-8.0,-9.5
48,-8.0,-9.5
72,-8.0,-9.5
24,-2.0,-45.19999999999999
48,-2.0,-43.19999999999999
72,98.0,-66.19999999999999
24,0.0,-49.80000000000001
48,0.0,-47.80000000000001
72,100.0,-115.80000000000001
24,0.0,-23.0
48,5.0,-20.0
72,100.0,-45.0
24,-8.0,-32.0
48,12.0,-33.0
72,-2.0,-28.0
24,-5.0,-50.700000000000045
48,0.0,-48.700000000000045
72,-5.0,-45.700000000000045
24,-1.0,-62.299999999999955
48,99.0,-104.29999999999995
72,4.0,-56.299999999999955
24,0.0,-66.29999999999995
48,6.0,-64.29999999999995
72,99.0,-135.29999999999995
24,0.0,-61.700000000000045
48,100.0,-108.70000000000005
72,100.0,-180.70000000000005
24,0.0,-52.30000000000001
48,5.0,-52.30000000000001
72,100.0,-67.30000000000001
24,75.0,-21.80000000000001
48,100.0,-35.80000000000001
72,73.0,-20.80000000000001
24,9.0,16.3
48,9.0,9.3
72,9.0,15.3
24,23.0,44.2
48,42.0,-0.7999999999999972
72,42.0,-40.8
24,0.0,214.7
48,-3.0,181.7
72,0.0,78.7
24,18.0,264.8
48,18.0,232.8
72,1.0,295.8
24,16.0,137.5
48,16.0,143.5
72,16.0,-101.5
24,39.0,-127.70000000000005
48,-37.0,20.299999999999955
72,39.0,-228.70000000000005
24,11.0,-24.799999999999955
48,7.0,-32.799999999999955
72,0.0,-23.799999999999955
24,92.0,-116.0
48,88.0,-67.0
72,24.0,-32.0
24,58.0,-117.5
48,41.0,-36.5
72,-31.0,-25.5
24,91.0,-95.30000000000001
48,3.0,-31.30000000000001
72,91.0,-57.30000000000001
24,29.0,-28.700000000000003
48,-51.0,-13.700000000000003
72,19.0,-20.700000000000003
24,0.0,0.0
48,0.0,-8.0
72,-18.0,1.0
24,0.0,23.200000000000003
48,0.0,-28.799999999999997
72,-12.0,51.2
24,0.0,21.700000000000003
48,0.0,-55.3
72,-2.0,49.7
24,0.0,165.5
48,0.0,-20.5
72,-23.0,311.5
24,0.0,97.5
48,0.0,-29.5
72,-35.0,317.5
24,0.0,163.8
48,0.0,-35.19999999999999
72,-7.0,306.8
24,-4.0,268.0
48,0.0,3.0
72,0.0,120.0
24,0.0,7.799999999999997
48,0.0,-56.2
72,-9.0,262.8
24,0.0,-75.3
48,0.0,-76.3
72,0.0,-46.3
24,0.0,-90.8
48,0.0,-79.8
72,0.0,-89.8
24,0.0,-18.0
48,0.0,-14.0
72,0.0,-17.0
24,0.0,1.3
48,0.0,0.30000000000000004
72,0.0,0.30000000000000004
24,0.0,-37.2
48,0.0,-49.2
72,0.0,-52.2
24,0.0,-181.7
48,0.0,-180.7
72,0.0,-188.7
24,0.0,-141.0
48,0.0,-120.0
72,0.0,-151.0
24,0.0,-94.2
48,0.0,-73.2
72,0.0,-112.2
24,0.0,-120.80000000000001
48,0.0,-101.80000000000001
72,0.0,-126.80000000000001
24,0.0,-176.0
48,0.0,-93.0
72,0.0,-186.0
24,0.0,-193.5
48,0.0,-204.5
72,0.0,-83.5
24,0.0,-143.3
48,0.0,-160.3
72,0.0,-153.3
24,0.0,-131.0
48,0.0,-128.0
72,0.0,-94.0
24,1.0,-29.700000000000003
48,1.0,-31.700000000000003
72,1.0,-11.700000000000003
24,0.0,2.3000000000000007
48,0.0,4.300000000000001
72,0.0,3.3000000000000007
24,9.0,20.0
48,20.0,-15.0
72,20.0,2.0
24,-25.0,27.30000000000001
48,-11.0,39.30000000000001
72,-75.0,49.30000000000001
24,0.0,18.19999999999999
48,0.0,29.19999999999999
72,-7.0,30.19999999999999
24,89.0,79.5
48,-2.0,119.5
72,89.0,-2.5
24,41.0,52.200000000000045
48,47.0,73.20000000000005
72,47.0,-25.799999999999955
24,3.0,159.7
48,-16.0,161.7
72,-10.0,24.69999999999999
24,12.0,59.30000000000001
48,12.0,71.30000000000001
72,12.0,84.30000000000001
24,5.0,70.80000000000001
48,5.0,96.80000000000001
72,5.0,79.80000000000001
24,-92.0,65.30000000000001
48,-93.0,71.30000000000001
72,1.0,26.30000000000001
24,10.0,-18.799999999999997
48,10.0,-20.799999999999997
72,10.0,-16.799999999999997
24,-14.0,-4.699999999999999
48,-9.0,-4.699999999999999
72,-1.0,-4.699999999999999
24,0.0,-31.5
48,0.0,-33.5
72,0.0,-33.5
24,0.0,-35.80000000000001
48,0.0,-39.80000000000001
72,0.0,-38.80000000000001
24,0.0,-20.700000000000045
48,0.0,-25.700000000000045
72,0.0,-25.700000000000045
24,0.0,-6.7000000000000455
48,0.0,-11.700000000000045
72,0.0,-11.700000000000045
24,0.0,-47.299999999999955
48,0.0,-50.299999999999955
72,0.0,-51.299999999999955
24,-14.0,-58.5
48,-19.0,-61.5
72,-19.0,-61.5
24,-94.0,-55.5
48,-100.0,-61.5
72,-100.0,-63.5
24,-91.0,-29.5
48,-97.0,-32.5
72,-97.0,-33.5
24,-92.0,-36.30000000000001
48,-98.0,-37.30000000000001
72,-98.0,-37.30000000000001
24,-81.0,2.5
48,-97.0,2.5
72,-97.0,1.5
24,0.0,-6.300000000000001
48,0.0,-6.300000000000001
72,0.0,-6.300000000000001
24,0.0,-37.30000000000001
48,0.0,-35.30000000000001
72,0.0,-35.30000000000001
24,-3.0,-42.80000000000001
48,-3.0,-40.80000000000001
72,-3.0,-40.80000000000001
24,-2.0,-37.5
48,-2.0,-36.5
72,-2.0,-38.5
24,-2.0,-39.200000000000045
48,-2.0,-38.200000000000045
72,-2.0,-39.200000000000045
24,-7.0,-46.700000000000045
48,-7.0,-48.700000000000045
72,-7.0,-45.700000000000045
24,-11.0,-61.5
48,-11.0,-59.5
72,-11.0,-58.5
24,-2.0,-67.70000000000005
48,-2.0,-69.70000000000005
72,-2.0,-68.70000000000005
24,-2.0,-68.79999999999995
48,-2.0,-70.79999999999995
72,-2.0,-71.79999999999995
24,-4.0,-55.5
48,-4.0,-58.5
72,-4.0,-60.5
24,-1.0,-11.5
48,-1.0,-12.5
72,-1.0,-13.5
24,-2.0,-6.199999999999999
48,-2.0,-6.199999999999999
72,-2.0,-6.199999999999999
24,0.0,-40.69999999999999
48,0.0,-41.69999999999999
72,0.0,-38.69999999999999
24,-3.0,-46.5
48,-3.0,-47.5
72,-3.0,-45.5
24,-51.0,-26.799999999999955
48,-51.0,-27.799999999999955
72,-51.0,-25.799999999999955
24,-100.0,-4.0
48,-91.0,-6.0
72,-100.0,-1.0
24,-26.0,-91.79999999999995
48,-42.0,-59.799999999999955
72,-100.0,62.200000000000045
24,24.0,-57.5
48,38.0,-253.5
72,-62.0,177.5
24,22.0,94.0
48,-48.0,104.0
72,-78.0,119.0
24,32.0,13.5
48,-61.0,51.5
72,-68.0,66.5
24,60.0,62.0
48,-15.0,96.0
72,-40.0,111.0
24,0.0,34.8
48,-95.0,43.8
72,-100.0,50.8
24,0.0,-8.5
48,0.0,-9.5
72,0.0,-9.5
24,0.0,-69.5
48,0.0,-70.5
72,0.0,-72.5
24,0.0,-77.7
48,0.0,-80.7
72,0.0,-82.7
24,0.0,-95.8
48,0.0,-105.8
72,0.0,-102.8
24,0.0,-195.8
48,0.0,-200.8
72,0.0,-194.8
24,0.0,-186.8
48,0.0,-190.8
72,0.0,-185.8
24,0.0,-123.69999999999999
48,0.0,-123.69999999999999
72,0.0,-117.69999999999999
24,0.0,-178.3
48,0.0,-170.3
72,0.0,-159.3
24,0.0,-251.5
48,0.0,-241.5
72,0.0,-241.5
24,0.0,-161.5
48,0.0,-158.5
72,0.0,-157.5
24,0.0,-74.2
48,0.0,-75.2
72,0.0,-74.2
24,0.0,-4.300000000000001
48,100.0,-17.3
72,100.0,-16.3
24,0.0,-38.19999999999999
48,100.0,-171.2
72,100.0,-179.2
24,5.0,-48.5
48,100.0,-352.5
72,100.0,-366.5
24,0.0,-45.200000000000045
48,100.0,-503.20000000000005
72,100.0,-519.2
24,5.0,-46.0
48,100.0,-607.0
72,100.0,-556.0
24,-1.0,-55.700000000000045
48,99.0,-659.7
72,99.0,-565.7
24,0.0,-60.299999999999955
48,100.0,-609.3
72,7.0,-88.29999999999995
24,5.0,-60.0
48,5.0,-66.0
72,5.0,-56.0
24,5.0,-63.0
48,6.0,-67.0
72,6.0,-57.0
24,0.0,-47.30000000000001
48,6.0,-50.30000000000001
72,0.0,-43.30000000000001
24,0.0,-6.799999999999997
48,5.0,-8.799999999999997
72,5.0,-5.799999999999997
24,0.0,-3.3000000000000007
48,0.0,-4.300000000000001
72,0.0,-3.3000000000000007
24,0.0,-35.30000000000001
48,0.0,-33.30000000000001
72,0.0,-36.30000000000001
24,0.0,-45.30000000000001
48,0.0,-42.30000000000001
72,0.0,-46.30000000000001
24,0.0,-41.799999999999955
48,5.0,-37.799999999999955
72,0.0,-42.799999999999955
24,0.0,-39.5
48,6.0,-34.5
72,5.0,-40.5
24,0.0,-47.5
48,6.0,-43.5
72,5.0,-49.5
24,-14.0,-55.799999999999955
48,45.0,-58.799999999999955
72,37.0,-60.799999999999955
24,-20.0,-68.0
48,-15.0,-72.0
72,-15.0,-69.0
24,5.0,-54.69999999999999
48,6.0,-59.69999999999999
72,62.0,-63.69999999999999
24,5.0,-22.19999999999999
48,82.0,-33.19999999999999
72,100.0,-44.19999999999999
24,5.0,4.700000000000003
48,9.0,3.700000000000003
72,100.0,-1.2999999999999972
24,0.0,-2.0
48,0.0,-2.0
72,0.0,-2.0
24,0.0,-27.69999999999999
48,7.0,-27.69999999999999
72,0.0,-26.69999999999999
24,-6.0,-28.30000000000001
48,65.0,-34.30000000000001
72,-1.0,-27.30000000000001
24,2.0,19.69999999999999
48,97.0,-27.30000000000001
72,2.0,18.69999999999999
24,-48.0,1.7999999999999545
48,47.0,-83.20000000000005
72,-47.0,-1.2000000000000455
24,-2.0,-19.299999999999955
48,92.0,-82.29999999999995
72,92.0,-47.299999999999955
24,-10.0,-8.0
48,74.0,-84.0
72,59.0,-29.0
24,31.0,-14.299999999999955
48,59.0,-29.299999999999955
72,61.0,-27.299999999999955
24,40.0,-6.800000000000011
48,80.0,-61.80000000000001
72,75.0,-22.80000000000001
24,5.0,-13.5
48,93.0,-39.5
72,81.0,-29.5
24,-1.0,12.299999999999997
48,10.0,11.299999999999997
72,51.0,10.299999999999997
24,11.0,-4.0
48,6.0,-4.0
72,5.0,-4.0
24,0.0,-34.0
48,5.0,-30.0
72,6.0,-32.0
24,0.0,-37.80000000000001
48,0.0,-30.80000000000001
72,0.0,-35.80000000000001
24,0.0,-21.700000000000045
48,0.0,-13.700000000000045
72,0.0,-22.700000000000045
24,0.0,27.0
48,0.0,34.0
72,0.0,24.0
24,0.0,-10.200000000000045
48,0.0,-4.2000000000000455
72,0.0,-13.200000000000045
24,0.0,-54.799999999999955
48,0.0,-49.799999999999955
72,0.0,-56.799999999999955
24,0.0,-57.299999999999955
48,0.0,-52.299999999999955
72,0.0,-54.299999999999955
24,0.0,-64.80000000000001
48,0.0,-60.80000000000001
72,0.0,-63.80000000000001
24,5.0,-46.5
48,0.0,-44.5
72,5.0,-46.5
24,0.0,-6.0
48,0.0,-6.0
72,32.0,-7.0
24,0.0,-3.3000000000000007
48,0.0,-3.3000000000000007
72,0.0,-3.3000000000000007
24,0.0,-36.80000000000001
48,0.0,-37.80000000000001
72,0.0,-39.80000000000001
24,0.0,-45.69999999999999
48,0.0,-47.69999999999999
72,0.0,-51.69999999999999
24,0.0,-40.200000000000045
48,0.0,-42.200000000000045
72,0.0,-49.200000000000045
24,0.0,-41.0
48,0.0,-41.0
72,0.0,-51.0
24,0.0,-49.299999999999955
48,0.0,-47.299999999999955
72,0.0,-60.299999999999955
24,0.0,-58.299999999999955
48,0.0,-54.299999999999955
72,0.0,-67.29999999999995
24,0.0,-65.5
48,0.0,-59.5
72,0.0,-61.5
24,0.0,-71.0
48,0.0,-66.0
72,0.0,-67.0
24,5.0,-52.80000000000001
48,0.0,-51.80000000000001
72,0.0,-51.80000000000001
24,6.0,-8.0
48,0.0,-8.0
72,0.0,-8.0
24,-1.0,-3.0
48,-1.0,-3.0
72,0.0,-3.0
24,0.0,-36.0
48,6.0,-38.0
72,0.0,-38.0
24,0.0,-43.0
48,100.0,-72.0
72,12.0,-49.0
24,95.0,-117.0
48,3.0,-45.0
72,95.0,-68.0
24,17.0,-186.5
48,-72.0,-43.5
72,-83.0,-48.5
24,93.0,-119.0
48,93.0,-81.0
72,-7.0,-59.0
24,95.0,-100.70000000000005
48,6.0,-59.700000000000045
72,-5.0,-63.700000000000045
24,-3.0,-61.5
48,97.0,-140.5
72,2.0,-64.5
24,0.0,-65.19999999999999
48,100.0,-90.19999999999999
72,5.0,-71.19999999999999
24,0.0,-44.0
48,0.0,-44.0
72,5.0,-47.0
24,-2.0,-6.700000000000003
48,9.0,-6.700000000000003
72,-2.0,-7.700000000000003
24,79.0,-2.6999999999999993
48,56.0,-2.6999999999999993
72,-11.0,-2.6999999999999993
24,7.0,-56.5
48,7.0,-60.5
72,-86.0,-34.5
24,22.0,-63.69999999999999
48,35.0,-87.69999999999999
72,-16.0,-18.69999999999999
24,24.0,-122.0
48,24.0,-142.0
72,-14.0,-53.0
24,14.0,-88.79999999999995
48,14.0,-174.79999999999995
72,2.0,-70.79999999999995
24,0.0,-98.29999999999995
48,0.0,-160.29999999999995
72,-10.0,-70.29999999999995
24,7.0,-247.20000000000005
48,7.0,-226.20000000000005
72,7.0,-86.20000000000005
24,3.0,-221.70000000000005
48,3.0,-138.70000000000005
72,3.0,-123.70000000000005
24,46.0,-195.0
48,46.0,-85.0
72,46.0,-140.0
24,28.0,-125.0
48,28.0,-141.0
72,28.0,-64.0
24,41.0,-23.700000000000003
48,41.0,-37.7
72,41.0,-21.700000000000003
24,0.0,-3.5
48,0.0,-6.5
72,0.0,-5.5
24,0.0,20.200000000000003
48,0.0,-44.8
72,0.0,-54.8
24,0.0,31.80000000000001
48,0.0,-98.19999999999999
72,0.0,-149.2
24,0.0,60.19999999999999
48,0.0,-14.800000000000011
72,0.0,-131.8
24,0.0,112.80000000000001
48,0.0,17.80000000000001
72,0.0,-24.19999999999999
24,0.0,-131.3
48,0.0,-81.30000000000001
72,0.0,-35.30000000000001
24,0.0,-175.2
48,0.0,-235.2
72,0.0,-261.2
24,-1.0,257.7
48,0.0,-100.30000000000001
72,0.0,-117.30000000000001
24,0.0,-79.0
48,0.0,-38.0
72,0.0,-76.0
24,0.0,-70.8
48,0.0,-35.8
72,0.0,-78.8
24,12.0,-31.700000000000003
48,12.0,-44.7
72,12.0,-37.7
24,67.0,-2.1999999999999993
48,79.0,-8.2
72,79.0,-8.2
24,11.0,-100.80000000000001
48,11.0,-128.8
72,11.0,-131.8
24,44.0,-56.5
48,93.0,-332.5
72,93.0,-337.5
24,47.0,-61.80000000000001
48,93.0,-470.8
72,93.0,-468.8
24,71.0,-186.79999999999995
48,91.0,-581.8
72,91.0,-570.8
24,100.0,-377.20000000000005
48,100.0,-641.2
72,100.0,-601.2
24,73.0,-181.20000000000005
48,95.0,-639.2
72,95.0,-589.2
24,-5.0,-58.5
48,82.0,-521.5
72,82.0,-549.5
24,7.0,-67.30000000000001
48,93.0,-350.3
72,93.0,-434.3
24,-3.0,-56.69999999999999
48,97.0,-227.7
72,97.0,-256.7
24,-7.0,-1.2000000000000028
48,88.0,-47.2
72,88.0,-57.2
24,0.0,-1.8000000000000007
48,0.0,-1.8000000000000007
72,100.0,-4.800000000000001
24,0.0,-35.30000000000001
48,0.0,-37.30000000000001
72,0.0,-38.30000000000001
24,0.0,-43.5
48,0.0,-45.5
72,0.0,-48.5
24,0.0,-42.69999999999999
48,0.0,-42.69999999999999
72,0.0,-48.69999999999999
24,0.0,-42.700000000000045
48,0.0,-41.700000000000045
72,0.0,-47.700000000000045
24,-7.0,-45.799999999999955
48,-7.0,-44.799999999999955
72,-7.0,-49.799999999999955
24,-47.0,-49.299999999999955
48,-47.0,-48.299999999999955
72,-47.0,-51.299999999999955
24,-40.0,-44.299999999999955
48,-40.0,-41.299999999999955
72,-40.0,-46.299999999999955
24,-25.0,-45.5
48,-25.0,-43.5
72,-25.0,-47.5
24,0.0,-33.69999999999999
48,0.0,-31.69999999999999
72,0.0,-34.69999999999999
24,0.0,-3.200000000000003
48,0.0,-2.200000000000003
72,0.0,-4.200000000000003
24,0.0,-1.2999999999999998
48,0.0,-1.2999999999999998
72,0.0,-1.2999999999999998
24,0.0,-31.69999999999999
48,0.0,-31.69999999999999
72,5.0,-35.69999999999999
24,-1.0,-39.5
48,-1.0,-40.5
72,-1.0,-49.5
24,0.0,-35.0
48,0.0,-36.0
72,6.0,-47.0
24,0.0,-36.0
48,0.0,-37.0
72,0.0,-48.0
24,0.0,-43.799999999999955
48,0.0,-44.799999999999955
72,6.0,-54.799999999999955
24,0.0,-49.700000000000045
48,0.0,-50.700000000000045
72,7.0,-58.700000000000045
24,-1.0,-49.5
48,5.0,-52.5
72,5.0,-49.5
24,-16.0,-44.0
48,-13.0,-46.0
72,-10.0,-43.0
24,-21.0,-24.0
48,32.0,-32.0
72,-13.0,-24.0
24,-3.0,-0.7000000000000028
48,-1.0,-1.7000000000000028
72,0.0,-0.7000000000000028
24,-54.0,0.20000000000000018
48,-22.0,0.20000000000000018
72,-46.0,0.20000000000000018
24,-42.0,-23.5
48,-15.0,-24.5
72,0.0,-88.5
24,15.0,-18.0
48,-3.0,-16.0
72,88.0,-188.0
24,-8.0,59.69999999999999
48,-68.0,99.69999999999999
72,9.0,54.69999999999999
24,-6.0,155.2
48,76.0,-79.80000000000001
72,67.0,-22.80000000000001
24,6.0,46.5
48,77.0,-466.5
72,59.0,-128.5
24,74.0,40.19999999999999
48,96.0,-402.8
72,10.0,79.19999999999999
24,52.0,-14.299999999999955
48,91.0,-353.29999999999995
72,28.0,-24.299999999999955
24,35.0,-38.0
48,92.0,-195.0
72,34.0,-44.0
24,36.0,19.30000000000001
48,39.0,21.30000000000001
72,28.0,20.30000000000001
24,-6.0,0.7999999999999972
48,1.0,1.7999999999999972
72,18.0,1.7999999999999972
24,0.0,-2.5
48,0.0,-2.5
72,75.0,-3.5
24,1.0,-31.80000000000001
48,-5.0,-30.80000000000001
72,0.0,-32.80000000000001
24,16.0,-25.19999999999999
48,0.0,-21.19999999999999
72,13.0,-25.19999999999999
24,0.0,47.0
48,0.0,49.0
72,10.0,43.0
24,0.0,30.30000000000001
48,0.0,28.30000000000001
72,90.0,-51.69999999999999
24,-4.0,-37.799999999999955
48,-4.0,-40.799999999999955
72,96.0,-191.79999999999995
24,-6.0,-34.0
48,-6.0,-37.0
72,87.0,-95.0
24,-13.0,-22.299999999999955
48,22.0,-23.299999999999955
72,54.0,-38.299999999999955
24,-25.0,-36.0
48,6.0,-37.0
72,7.0,-48.0
24,-10.0,-21.69999999999999
48,-5.0,-22.69999999999999
72,8.0,-39.69999999999999
24,-15.0,16.5
48,29.0,15.5
72,41.0,12.5
24,0.0,-2.5
48,0.0,-0.5
72,0.0,-0.5
24,0.0,27.299999999999997
48,0.0,16.299999999999997
72,0.0,-9.700000000000003
24,0.0,97.0
48,0.0,24.0
72,0.0,-4.0
24,-88.0,256.5
48,0.0,100.5
72,0.0,3.5
24,-100.0,273.8
48,0.0,183.8
72,0.0,-84.19999999999999
24,-70.0,261.7
48,0.0,160.7
72,0.0,-78.30000000000001
24,-26.0,211.7
48,5.0,91.69999999999999
72,5.0,24.69999999999999
24,-60.0,289.8
48,20.0,144.8
72,20.0,-24.19999999999999
24,-58.0,128.0
48,11.0,44.0
72,11.0,-108.0
24,-10.0,4.199999999999989
48,0.0,19.19999999999999
72,0.0,-78.80000000000001
24,88.0,-30.799999999999997
48,88.0,-0.7999999999999972
72,74.0,-21.799999999999997
24,-34.0,1.7
48,11.0,-0.30000000000000004
72,11.0,-0.30000000000000004
24,-2.0,-14.0
48,0.0,-15.0
72,0.0,-34.0
24,0.0,-55.5
48,0.0,-20.5
72,0.0,-52.5
24,1.0,-62.80000000000001
48,1.0,-2.8000000000000114
72,1.0,-19.80000000000001
24,0.0,-90.5
48,-82.0,321.5
72,0.0,44.5
24,13.0,-163.8
48,-37.0,305.2
72,-82.0,247.2
24,81.0,-256.0
48,69.0,111.0
72,81.0,197.0
24,25.0,-54.80000000000001
48,12.0,16.19999999999999
72,41.0,-138.8
24,-52.0,-11.300000000000011
48,-94.0,35.69999999999999
72,-51.0,-10.300000000000011
24,-85.0,-41.0
48,-59.0,-25.0
72,-10.0,-101.0
24,-38.0,8.5
48,0.0,-5.5
72,0.0,-23.5
24,0.0,0.0
48,0.0,0.0
72,0.0,0.0
24,0.0,-49.2
48,0.0,-51.2
72,0.0,-50.2
24,0.0,-12.7
48,0.0,-16.7
72,0.0,-16.7
24,0.0,-47.5
48,0.0,-66.5
72,0.0,-56.5
24,0.0,-56.2
48,0.0,-40.2
72,0.0,-60.2
24,0.0,-33.8
48,0.0,-3.799999999999997
72,0.0,-39.8
24,0.0,-30.700000000000003
48,0.0,-20.700000000000003
72,0.0,-37.7
24,0.0,-68.3
48,0.0,-67.3
72,0.0,-77.3
24,0.0,-52.5
48,0.0,-53.5
72,0.0,-56.5
24,0.0,-24.299999999999997
48,0.0,-24.299999999999997
72,0.0,-28.299999999999997
24,0.0,-14.0
48,0.0,-14.0
72,0.0,-16.0
24,0.0,0.0
48,0.0,0.0
72,0.0,1.0
24,0.0,-37.5
48,0.0,-39.5
72,0.0,-27.5
24,0.0,-84.0
48,0.0,-85.0
72,0.0,-72.0
24,0.0,-141.8
48,0.0,-138.8
72,0.0,-144.8
24,0.0,-44.69999999999999
48,0.0,-32.69999999999999
72,0.0,-76.69999999999999
24,15.0,-40.8
48,15.0,-21.799999999999997
72,15.0,30.200000000000003
24,0.0,-29.200000000000003
48,0.0,-20.200000000000003
72,0.0,-23.200000000000003
24,0.0,-141.2
48,0.0,-76.19999999999999
72,0.0,-205.2
24,0.0,-127.30000000000001
48,0.0,-147.3
72,0.0,-133.3
24,0.0,-88.8
48,0.0,-63.8
72,0.0,-82.8
24,0.0,-24.7
48,0.0,-13.7
72,0.0,-24.7
24,61.0,-0.2
48,61.0,-0.2
72,61.0,0.8
24,70.0,-25.700000000000003
48,70.0,-25.700000000000003
72,70.0,-5.700000000000003
24,0.0,-22.700000000000003
48,0.0,-4.700000000000003
72,0.0,9.299999999999997
24,0.0,-69.5
48,0.0,10.5
72,0.0,-22.5
24,0.0,-120.0
48,0.0,-66.0
72,0.0,-90.0
24,0.0,-139.2
48,0.0,-136.2
72,0.0,-125.19999999999999
24,0.0,-69.80000000000001
48,0.0,-122.80000000000001
72,0.0,-145.8
24,0.0,-67.0
48,0.0,-8.0
72,-21.0,219.0
24,-25.0,154.7
48,0.0,-50.3
72,0.0,-58.3
24,0.0,-52.2
48,0.0,-47.2
72,0.0,-48.2
24,1.0,-13.2
48,1.0,-12.2
72,1.0,-7.199999999999999
24,0.0,-0.2
48,0.0,0.8
72,0.0,0.8
24,0.0,-41.2
48,0.0,-36.2
72,0.0,-39.2
24,0.0,-92.5
48,0.0,-97.5
72,0.0,-91.5
24,0.0,-42.7
48,0.0,-69.7
72,0.0,-61.7
24,0.0,-65.2
48,0.0,-59.2
72,0.0,-49.2
24,0.0,-75.30000000000001
48,0.0,-100.30000000000001
72,0.0,-85.30000000000001
24,0.0,-23.0
48,0.0,-69.0
72,0.0,-36.0
24,1.0,-93.0
48,1.0,-64.0
72,1.0,-85.0
24,10.0,-82.7
48,10.0,-70.7
72,10.0,-79.7
24,41.0,-62.5
48,41.0,-78.5
72,41.0,-71.5
24,67.0,-18.5
48,67.0,-17.5
72,67.0,-19.5
24,-100.0,1.5
48,-100.0,1.5
72,-95.0,1.5
24,-39.0,-16.5
48,-5.0,-19.5
72,-39.0,-17.5
24,-98.0,17.80000000000001
48,-93.0,17.80000000000001
72,-98.0,15.800000000000011
24,-73.0,84.5
48,-73.0,84.5
72,-73.0,80.5
24,-100.0,177.5
48,-100.0,176.5
72,-100.0,173.5
24,-78.0,115.19999999999999
48,-78.0,114.19999999999999
72,-78.0,110.19999999999999
24,-62.0,125.30000000000001
48,-62.0,124.30000000000001
72,-62.0,120.30000000000001
24,50.0,142.2
48,-50.0,159.2
72,-50.0,151.2
24,3.0,126.0
48,-3.0,135.0
72,-3.0,128.0
24,85.0,-13.800000000000011
48,-15.0,20.19999999999999
72,-15.0,15.199999999999989
24,-94.0,8.799999999999997
48,-100.0,9.799999999999997
72,-100.0,8.799999999999997
24,37.0,1.5
48,60.0,1.5
72,63.0,1.5
24,7.0,-21.700000000000003
48,10.0,-21.700000000000003
72,84.0,-28.700000000000003
24,-1.0,-31.5
48,9.0,-32.5
72,57.0,-39.5
24,0.0,-0.19999999999998863
48,10.0,-3.1999999999999886
72,63.0,-17.19999999999999
24,0.0,26.799999999999955
48,10.0,23.799999999999955
72,7.0,21.799999999999955
24,0.0,38.799999999999955
48,5.0,35.799999999999955
72,7.0,33.799999999999955
24,5.0,31.5
48,6.0,28.5
72,7.0,26.5
24,5.0,-8.5
48,0.0,-9.5
72,92.0,-42.5
24,11.0,-11.0
48,10.0,-10.0
72,81.0,-42.0
24,97.0,-19.69999999999999
48,7.0,-7.699999999999989
72,61.0,-16.69999999999999
24,69.0,-1.7999999999999972
48,-26.0,0.20000000000000284
72,-13.0,-0.7999999999999972
24,0.0,0.5
48,0.0,0.5
72,11.0,0.5
24,0.0,-29.700000000000003
48,0.0,-29.700000000000003
72,0.0,-30.700000000000003
24,0.0,-43.19999999999999
48,0.0,-42.19999999999999
72,6.0,-43.19999999999999
24,5.0,-43.0
48,5.0,-42.0
72,6.0,-42.0
24,5.0,-41.200000000000045
48,5.0,-42.200000000000045
72,5.0,-41.200000000000045
24,71.0,-53.799999999999955
48,8.0,-48.799999999999955
72,0.0,-45.799999999999955
24,99.0,-76.29999999999995
48,79.0,-68.29999999999995
72,4.0,-54.299999999999955
24,100.0,-90.70000000000005
48,100.0,-121.70000000000005
72,5.0,-64.70000000000005
24,96.0,-96.0
48,97.0,-124.0
72,8.0,-70.0
24,85.0,-82.0
48,85.0,-81.0
72,32.0,-52.0
24,83.0,-11.799999999999997
48,83.0,-10.799999999999997
72,83.0,-10.799999999999997
24,81.0,0.7
48,-13.0,0.7
72,-6.0,0.7
24,-19.0,-15.799999999999997
48,-26.0,-15.799999999999997
72,-22.0,-14.799999999999997
24,11.0,16.5
48,74.0,-0.5
72,-8.0,18.5
24,-81.0,-1.0
48,4.0,-73.0
72,-45.0,0.0
24,-84.0,273.0
48,0.0,189.0
72,0.0,242.0
24,-86.0,275.7
48,0.0,202.7
72,-24.0,259.7
24,-26.0,51.0
48,-79.0,57.0
72,0.0,34.0
24,0.0,21.0
48,0.0,8.0
72,0.0,-12.0
24,0.0,-120.0
48,0.0,113.0
72,0.0,111.0
24,0.0,-34.3
48,0.0,88.7
72,0.0,98.7
24,0.0,-5.699999999999999
48,0.0,-2.6999999999999993
72,0.0,5.300000000000001
24,0.0,0.0
48,0.0,0.0
72,0.0,0.0
24,0.0,-54.0
48,0.0,-56.0
72,0.0,-56.0
24,0.0,-21.700000000000003
48,0.0,-33.7
72,0.0,-34.7
24,0.0,-66.0
48,0.0,-75.0
72,0.0,-75.0
24,0.0,-26.5
48,0.0,-30.5
72,0.0,-27.5
24,0.0,-37.7
48,0.0,-39.7
72,0.0,-41.7
24,0.0,-44.7
48,0.0,-65.7
72,0.0,-65.7
24,0.0,-57.8
48,0.0,-55.8
72,0.0,-53.8
24,0.0,-68.0
48,0.0,-75.0
72,0.0,-78.0
24,0.0,-54.8
48,0.0,-53.8
72,0.0,-54.8
24,0.0,-10.7
48,0.0,-7.699999999999999
72,0.0,-9.7
24,100.0,1.3
48,100.0,0.30000000000000004
72,100.0,1.3
24,0.0,-23.799999999999997
48,100.0,-35.8
72,0.0,-24.799999999999997
24,0.0,-33.69999999999999
48,100.0,-73.69999999999999
72,0.0,-34.69999999999999
24,0.0,-34.19999999999999
48,100.0,-80.19999999999999
72,0.0,-34.19999999999999
24,-1.0,-33.299999999999955
48,5.0,-35.299999999999955
72,-1.0,-33.299999999999955
24,-1.0,-39.700000000000045
48,-1.0,-39.700000000000045
72,-1.0,-39.700000000000045
24,-16.0,-39.5
48,-16.0,-37.5
72,-16.0,-37.5
24,-44.0,-49.700000000000045
48,-49.0,-48.700000000000045
72,-49.0,-49.700000000000045
24,-100.0,-49.19999999999999
48,-28.0,-60.19999999999999
72,-100.0,-49.19999999999999
24,-100.0,50.80000000000001
48,0.0,34.80000000000001
72,-100.0,50.80000000000001
24,-93.0,21.7
48,-95.0,22.7
72,-100.0,22.7
24,6.0,0.5
48,100.0,0.5
72,0.0,0.5
24,5.0,-27.5
48,6.0,-28.5
72,0.0,-27.5
24,5.0,-37.30000000000001
48,6.0,-37.30000000000001
72,74.0,-45.30000000000001
24,-1.0,-34.19999999999999
48,93.0,-63.19999999999999
72,93.0,-63.19999999999999
24,5.0,-33.5
48,99.0,-80.5
72,85.0,-51.5
24,2.0,-38.200000000000045
48,96.0,-91.20000000000005
72,96.0,-72.20000000000005
24,4.0,-40.799999999999955
48,99.0,-93.79999999999995
72,99.0,-76.79999999999995
24,34.0,-44.200000000000045
48,100.0,-107.20000000000005
72,100.0,-142.20000000000005
24,5.0,-42.0
48,45.0,-57.0
72,100.0,-97.0
24,6.0,-35.19999999999999
48,100.0,-46.19999999999999
72,100.0,-63.19999999999999
24,0.0,-2.0
48,6.0,-2.0
72,100.0,-9.0
24,0.0,0.7
48,0.0,0.7
72,0.0,0.7
24,0.0,-25.299999999999997
48,0.0,-26.299999999999997
72,0.0,-26.299999999999997
24,0.0,-38.19999999999999
48,0.0,-40.19999999999999
72,0.0,-41.19999999999999
24,0.0,-36.30000000000001
48,0.0,-39.30000000000001
72,0.0,-37.30000000000001
24,0.0,-33.700000000000045
48,0.0,-35.700000000000045
72,0.0,-35.700000000000045
24,0.0,-41.200000000000045
48,0.0,-41.200000000000045
72,0.0,-40.200000000000045
24,0.0,-48.0
48,0.0,-44.0
72,0.0,-46.0
24,0.0,-47.700000000000045
48,0.0,-49.700000000000045
72,0.0,-49.700000000000045
24,0.0,-51.69999999999999
48,0.0,-53.69999999999999
72,0.0,-50.69999999999999
24,0.0,-39.0
48,0.0,-41.0
72,0.0,-39.0
24,0.0,-3.200000000000003
48,0.0,-4.200000000000003
72,0.0,-4.200000000000003
24,0.0,0.8
48,0.0,0.8
72,0.0,0.8
24,0.0,-27.299999999999997
48,0.0,-26.299999999999997
72,0.0,-27.299999999999997
24,0.0,-43.5
48,0.0,-43.5
72,0.0,-44.5
24,0.0,-43.19999999999999
48,0.0,-42.19999999999999
72,0.0,-44.19999999999999
24,0.0,-43.700000000000045
48,0.0,-42.700000000000045
72,0.0,-43.700000000000045
24,0.0,-50.299999999999955
48,0.0,-49.299999999999955
72,0.0,-50.299999999999955
24,0.0,-56.299999999999955
48,0.0,-56.299999999999955
72,0.0,-56.299999999999955
24,0.0,-56.5
48,0.0,-56.5
72,0.0,-58.5
24,0.0,-63.19999999999999
48,0.0,-65.19999999999999
72,0.0,-66.19999999999999
24,0.0,-52.5
48,0.0,-53.5
72,0.0,-53.5
24,0.0,0.8
48,0.0,0.8
72,0.0,0.8
24,0.0,-24.799999999999997
48,0.0,-24.799999999999997
72,0.0,-24.799999999999997
24,0.0,-38.69999999999999
48,0.0,-39.69999999999999
72,5.0,-38.69999999999999
24,0.0,-38.30000000000001
48,0.0,-38.30000000000001
72,5.0,-37.30000000000001
24,0.0,-37.200000000000045
48,0.0,-38.200000000000045
72,0.0,-36.200000000000045
24,0.0,-40.700000000000045
48,6.0,-42.700000000000045
72,11.0,-44.700000000000045
24,0.0,-46.0
48,78.0,-55.0
72,100.0,-99.0
24,0.0,-49.5
48,41.0,-51.5
72,100.0,-76.5
24,0.0,-50.0
48,36.0,-67.0
72,100.0,-77.0
24,0.0,-31.69999999999999
48,80.0,-47.69999999999999
72,100.0,-63.69999999999999
24,0.0,1.0
48,5.0,1.0
72,7.0,1.0
24,0.0,-22.200000000000003
48,0.0,-23.200000000000003
72,0.0,-23.200000000000003
24,0.0,-40.5
48,0.0,-41.5
72,0.0,-42.5
24,0.0,-39.19999999999999
48,0.0,-40.19999999999999
72,0.0,-41.19999999999999
24,0.0,-37.700000000000045
48,0.0,-39.700000000000045
72,0.0,-40.700000000000045
24,0.0,-42.700000000000045
48,0.0,-43.700000000000045
72,5.0,-44.700000000000045
24,0.0,-48.0
48,0.0,-48.0
72,5.0,-49.0
24,0.0,-51.799999999999955
48,0.0,-50.799999999999955
72,0.0,-50.799999999999955
24,0.0,-46.69999999999999
48,0.0,-45.69999999999999
72,0.0,-44.69999999999999
24,5.0,-33.30000000000001
48,0.0,-32.30000000000001
72,0.0,-31.30000000000001
24,0.0,0.0
48,0.0,0.0
72,0.0,0.0
24,0.0,-24.700000000000003
48,0.0,-23.700000000000003
72,0.0,-24.700000000000003
24,0.0,-40.5
48,0.0,-39.5
72,0.0,-40.5
24,0.0,-39.5
48,0.0,-39.5
72,0.0,-39.5
24,0.0,-39.200000000000045
48,0.0,-37.200000000000045
72,0.0,-37.200000000000045
24,0.0,-48.200000000000045
48,0.0,-43.200000000000045
72,0.0,-45.200000000000045
24,0.0,-52.200000000000045
48,0.0,-47.200000000000045
72,0.0,-48.200000000000045
24,0.0,-57.0
48,0.0,-51.0
72,0.0,-50.0
24,0.0,-60.0
48,0.0,-54.0
72,0.0,-53.0
24,0.0,-35.0
48,0.0,-32.0
72,0.0,-32.0
24,-86.0,0.0
48,-9.0,0.0
72,8.0,0.0
24,-86.0,-9.799999999999997
48,14.0,-11.799999999999997
72,14.0,-40.8
24,-76.0,-22.30000000000001
48,-70.0,-23.30000000000001
72,12.0,-37.30000000000001
24,91.0,-2.6999999999999886
48,4.0,20.30000000000001
72,67.0,-81.69999999999999
24,100.0,-10.800000000000011
48,96.0,19.19999999999999
72,14.0,30.19999999999999
24,73.0,-13.199999999999989
48,59.0,44.80000000000001
72,65.0,37.80000000000001
24,90.0,15.0
48,6.0,80.0
72,90.0,0.0
24,88.0,237.3
48,88.0,219.3
72,88.0,236.3
24,-86.0,231.7
48,-2.0,212.7
72,-6.0,176.7
24,11.0,52.5
48,13.0,-63.5
72,-8.0,55.5
24,24.0,0.0
48,2.0,0.0
72,24.0,0.0
24,0.0,28.5
48,0.0,-1.5
72,0.0,-19.5
24,0.0,99.0
48,0.0,41.0
72,0.0,-64.0
24,2.0,133.2
48,2.0,2.200000000000003
72,2.0,-75.8
24,0.0,-74.0
48,0.0,34.0
72,0.0,-124.0
24,4.0,54.8
48,4.0,186.8
72,4.0,-52.2
24,0.0,-7.199999999999989
48,0.0,16.80000000000001
72,0.0,-152.2
24,0.0,-90.69999999999999
48,0.0,69.30000000000001
72,0.0,-119.69999999999999
24,0.0,-70.0
48,0.0,49.0
72,0.0,-83.0
24,0.0,-52.3
48,0.0,-43.3
72,0.0,-71.3
24,-8.0,0.0
48,3.0,0.0
72,3.0,0.0
24,41.0,-23.5
48,41.0,-26.5
72,38.0,-25.5
24,53.0,27.19999999999999
48,53.0,-25.80000000000001
72,53.0,-37.80000000000001
24,56.0,30.30000000000001
48,56.0,-39.69999999999999
72,56.0,-78.69999999999999
24,-94.0,136.0
48,0.0,77.0
72,0.0,-58.0
24,-55.0,161.0
48,19.0,109.0
72,15.0,12.0
24,-54.0,144.8
48,33.0,71.80000000000001
72,33.0,98.80000000000001
24,-40.0,49.80000000000001
48,33.0,8.800000000000011
72,42.0,-20.19999999999999
24,55.0,142.8
48,41.0,132.8
72,35.0,130.8
24,77.0,-17.19999999999999
48,71.0,-2.1999999999999886
72,67.0,-10.199999999999989
24,37.0,0.0
48,37.0,0.0
72,37.0,0.0
24,54.0,-1.2000000000000028
48,54.0,-8.200000000000003
72,54.0,-24.200000000000003
24,-95.0,71.80000000000001
48,0.0,12.800000000000011
72,0.0,-14.199999999999989
24,9.0,110.69999999999999
48,9.0,52.69999999999999
72,9.0,36.69999999999999
24,41.0,115.80000000000001
48,41.0,41.80000000000001
72,41.0,101.80000000000001
24,65.0,87.0
48,65.0,123.0
72,65.0,96.0
24,81.0,-36.0
48,81.0,1.0
72,65.0,49.0
24,33.0,-107.0
48,33.0,-100.0
72,33.0,38.0
24,1.0,-119.0
48,1.0,-91.0
72,1.0,-7.0
24,73.0,-48.0
48,73.0,-60.0
72,30.0,13.0
24,48.0,0.0
48,15.0,0.0
72,30.0,0.0
24,76.0,-17.0
48,76.0,-20.0
72,76.0,-19.0
24,98.0,-43.30000000000001
48,98.0,-92.30000000000001
72,98.0,-75.30000000000001
24,58.0,-52.80000000000001
48,100.0,-118.80000000000001
72,100.0,-104.80000000000001
24,22.0,-21.0
48,22.0,-119.0
72,22.0,-90.0
24,40.0,137.2
48,40.0,95.19999999999999
72,40.0,83.19999999999999
24,8.0,146.3
48,8.0,72.30000000000001
72,8.0,133.3
24,25.0,6.699999999999989
48,25.0,20.69999999999999
72,25.0,39.69999999999999
24,56.0,-20.80000000000001
48,56.0,3.1999999999999886
72,56.0,30.19999999999999
24,78.0,-34.80000000000001
48,78.0,-14.800000000000011
72,78.0,-25.80000000000001
24,0.0,0.0
48,0.0,0.0
72,0.0,0.0
24,0.0,-19.299999999999997
48,0.0,-20.299999999999997
72,5.0,-22.299999999999997
24,0.0,-33.80000000000001
48,0.0,-36.80000000000001
72,0.0,-41.80000000000001
24,5.0,-33.0
48,5.0,-38.0
72,6.0,-43.0
24,5.0,-31.5
48,0.0,-37.5
72,5.0,-41.5
24,6.0,-35.799999999999955
48,71.0,-52.799999999999955
72,0.0,-45.799999999999955
24,10.0,-40.0
48,5.0,-47.0
72,0.0,-49.0
24,67.0,-52.700000000000045
48,5.0,-45.700000000000045
72,0.0,-49.700000000000045
24,100.0,-79.80000000000001
48,0.0,-46.80000000000001
72,0.0,-49.80000000000001
24,6.0,-32.69999999999999
48,0.0,-33.69999999999999
72,0.0,-35.69999999999999
24,-21.0,0.0
48,1.0,0.0
72,-86.0,0.0
24,-13.0,9.0
48,-22.0,9.0
72,-28.0,10.0
24,6.0,40.19999999999999
48,-12.0,42.19999999999999
72,-28.0,84.19999999999999
24,13.0,81.69999999999999
48,-73.0,120.69999999999999
72,-20.0,112.69999999999999
24,21.0,90.5
48,-7.0,114.5
72,16.0,85.5
24,-91.0,247.5
48,-9.0,163.5
72,-12.0,174.5
24,31.0,170.5
48,24.0,149.5
72,21.0,98.5
24,68.0,65.5
48,81.0,12.5
72,74.0,15.5
24,-10.0,22.69999999999999
48,14.0,-9.300000000000011
72,12.0,-32.30000000000001
24,-9.0,14.0
48,0.0,-39.0
72,0.0,4.0
24,0.0,13.8
48,0.0,11.8
72,0.0,-0.1999999999999993
24,0.0,0.0
48,0.0,0.0
72,0.0,0.0
24,0.0,-12.0
48,0.0,-17.0
72,0.0,-17.0
24,1.0,-45.5
48,1.0,-50.5
72,1.0,-50.5
24,2.0,-75.7
48,2.0,-84.7
72,2.0,-85.7
24,30.0,-104.2
48,30.0,-105.2
72,30.0,-106.2
24,0.0,-125.80000000000001
48,0.0,-125.80000000000001
72,0.0,-124.80000000000001
24,0.0,-102.0
48,0.0,-103.0
72,0.0,-106.0
24,0.0,-134.2
48,0.0,-134.2
72,0.0,-137.2
24,0.0,-88.7
48,0.0,-92.7
72,0.0,-90.7
24,0.0,-55.2
48,0.0,-55.2
72,0.0,-54.2
24,0.0,-12.8
48,0.0,-12.8
72,0.0,-12.8
24,0.0,0.0
48,0.0,0.0
72,0.0,0.0
24,0.0,-15.0
48,0.0,-15.0
72,0.0,-9.0
24,0.0,-31.0
48,0.0,-56.0
72,0.0,-42.0
24,0.0,-47.2
48,0.0,-72.2
72,0.0,-18.200000000000003
24,0.0,42.5
48,0.0,44.5
72,-6.0,118.5
24,1.0,28.19999999999999
48,-2.0,81.19999999999999
72,1.0,60.19999999999999
24,-10.0,148.3
48,-6.0,173.3
72,0.0,126.30000000000001
24,54.0,132.5
48,78.0,146.5
72,100.0,128.5
24,76.0,8.699999999999989
48,56.0,23.69999999999999
72,76.0,7.699999999999989
24,5.0,-20.5
48,6.0,-18.5
72,97.0,-57.5
24,6.0,2.0
48,6.0,1.0
72,39.0,0.0
24,-34.0,0.0
48,-34.0,0.0
72,-40.0,0.0
24,-90.0,-11.799999999999997
48,-96.0,-10.799999999999997
72,-96.0,-9.799999999999997
24,95.0,-153.7
48,-5.0,-40.69999999999999
72,-5.0,-38.69999999999999
24,64.0,-172.0
48,-30.0,32.0
72,-31.0,37.0
24,22.0,-91.0
48,-66.0,51.0
72,-72.0,57.0
24,5.0,63.19999999999999
48,-48.0,329.2
72,-79.0,335.2
24,24.0,161.2
48,8.0,283.2
72,15.0,289.2
24,-70.0,315.2
48,0.0,12.199999999999989
72,-4.0,231.2
24,-25.0,63.19999999999999
48,0.0,-70.80000000000001
72,0.0,110.19999999999999
24,0.0,-44.7
48,0.0,-7.700000000000003
72,0.0,55.3
24,0.0,-2.0
48,0.0,9.0
72,0.0,21.0
24,92.0,0.0
48,4.0,0.0
72,7.0,0.0
24,-3.0,-30.69999999999999
48,-3.0,-29.69999999999999
72,-3.0,-30.69999999999999
24,2.0,-30.69999999999999
48,6.0,-33.69999999999999
72,1.0,-34.69999999999999
24,3.0,-15.199999999999989
48,13.0,-25.19999999999999
72,2.0,-20.19999999999999
24,-6.0,4.7999999999999545
48,83.0,-61.200000000000045
72,-12.0,-3.2000000000000455
24,-38.0,41.5
48,55.0,11.5
72,-23.0,30.5
24,-17.0,152.7
48,-9.0,154.7
72,56.0,83.69999999999999
24,-56.0,93.0
48,-36.0,78.0
72,44.0,45.0
24,-80.0,103.2
48,-70.0,100.2
72,20.0,57.2
24,-62.0,14.200000000000003
48,-63.0,14.200000000000003
72,-32.0,10.200000000000003
24,0.0,0.0
48,0.0,0.0
72,100.0,0.0
24,5.0,-16.799999999999997
48,0.0,-16.799999999999997
72,0.0,-16.799999999999997
24,5.0,-32.5
48,0.0,-31.5
72,0.0,-30.5
24,5.0,-29.80000000000001
48,0.0,-28.80000000000001
72,0.0,-25.80000000000001
24,6.0,-30.200000000000045
48,0.0,-28.200000000000045
72,0.0,-25.200000000000045
24,5.0,-31.5
48,0.0,-31.5
72,0.0,-26.5
24,5.0,-35.700000000000045
48,0.0,-36.700000000000045
72,0.0,-31.700000000000045
24,0.0,-36.5
48,0.0,-36.5
72,0.0,-33.5
24,0.0,-28.80000000000001
48,0.0,-29.80000000000001
72,0.0,-26.80000000000001
24,0.0,-20.5
48,0.0,-21.5
72,0.0,-20.5
24,0.0,-0.20000000000000284
48,0.0,-1.2000000000000028
72,0.0,-0.20000000000000284
24,-1.0,0.0
48,-1.0,0.0
72,4.0,0.0
24,-10.0,-18.200000000000003
48,-5.0,-18.200000000000003
72,-4.0,-18.200000000000003
24,-2.0,-34.80000000000001
48,-2.0,-36.80000000000001
72,4.0,-36.80000000000001
24,-82.0,-34.19999999999999
48,-82.0,-35.19999999999999
72,-76.0,-37.19999999999999
24,-56.0,-33.5
48,-56.0,-33.5
72,-56.0,-35.5
24,-12.0,-39.5
48,-12.0,-39.5
72,-18.0,-40.5
24,-42.0,-49.700000000000045
48,-43.0,-47.700000000000045
72,-48.0,-49.700000000000045
24,-6.0,-51.299999999999955
48,-5.0,-52.299999999999955
72,-6.0,-51.299999999999955
24,-2.0,-53.5
48,20.0,-57.5
72,-8.0,-52.5
24,-2.0,-44.19999999999999
48,-1.0,-44.19999999999999
72,-7.0,-43.19999999999999
24,-7.0,2.200000000000003
48,-12.0,2.200000000000003
72,-12.0,3.200000000000003
24,0.0,-16.700000000000003
48,0.0,-16.700000000000003
72,0.0,-15.700000000000003
24,0.0,-33.19999999999999
48,0.0,-32.19999999999999
72,0.0,-30.19999999999999
24,0.0,-33.30000000000001
48,0.0,-32.30000000000001
72,0.0,-29.30000000000001
24,0.0,-32.799999999999955
48,0.0,-30.799999999999955
72,0.0,-27.799999999999955
24,0.0,-40.200000000000045
48,0.0,-39.200000000000045
72,0.0,-35.200000000000045
24,0.0,-50.299999999999955
48,0.0,-49.299999999999955
72,0.0,-45.299999999999955
24,0.0,-55.0
48,0.0,-53.0
72,0.0,-50.0
24,0.0,-59.0
48,0.0,-57.0
72,0.0,-55.0
24,0.0,-45.80000000000001
48,0.0,-45.80000000000001
72,0.0,-44.80000000000001
24,0.0,-4.0
48,0.0,-3.0
72,0.0,-3.0
24,0.0,-14.799999999999997
48,0.0,-14.799999999999997
72,0.0,-14.799999999999997
24,0.0,-36.0
48,0.0,-37.0
72,0.0,-36.0
24,0.0,-37.30000000000001
48,100.0,-99.30000000000001
72,0.0,-37.30000000000001
24,0.0,-36.799999999999955
48,100.0,-200.79999999999995
72,0.0,-34.799999999999955
24,0.0,-43.799999999999955
48,100.0,-125.79999999999995
72,0.0,-39.799999999999955
24,99.0,-133.29999999999995
48,11.0,-54.299999999999955
72,-1.0,-48.299999999999955
24,-11.0,-65.79999999999995
48,61.0,-86.79999999999995
72,-22.0,-56.799999999999955
24,34.0,-71.30000000000001
48,50.0,-140.3
72,-50.0,-56.30000000000001
24,37.0,-80.69999999999999
48,37.0,-88.69999999999999
72,-63.0,-40.69999999999999
24,19.0,-11.299999999999997
48,-21.0,-9.299999999999997
72,-81.0,-6.299999999999997
24,0.0,-13.700000000000003
48,0.0,-13.700000000000003
72,0.0,-13.700000000000003
24,-42.0,-23.5
48,-42.0,-23.5
72,-42.0,-22.5
24,-4.0,-18.0
48,-9.0,-17.0
72,-9.0,-15.0
24,5.0,-26.5
48,0.0,-24.5
72,0.0,-22.5
24,0.0,-33.299999999999955
48,0.0,-32.299999999999955
72,0.0,-27.299999999999955
24,5.0,-37.299999999999955
48,0.0,-35.299999999999955
72,0.0,-28.299999999999955
24,0.0,-39.200000000000045
48,0.0,-40.200000000000045
72,0.0,-40.200000000000045
24,-1.0,-33.19999999999999
48,-1.0,-35.19999999999999
72,-1.0,-36.19999999999999
24,0.0,-38.69999999999999
48,0.0,-39.69999999999999
72,0.0,-41.69999999999999
24,0.0,-6.299999999999997
48,0.0,-6.299999999999997
72,0.0,-6.299999999999997
24,0.0,-2.5
48,0.0,1.5
72,0.0,1.5
24,0.0,-2.3000000000000114
48,0.0,5.699999999999989
72,0.0,6.699999999999989
24,0.0,-30.80000000000001
48,0.0,-103.80000000000001
72,0.0,-106.80000000000001
24,11.0,-139.7
48,11.0,-175.7
72,11.0,-187.7
24,99.0,-153.70000000000005
48,99.0,-231.70000000000005
72,99.0,-272.70000000000005
24,74.0,-178.79999999999995
48,74.0,-205.79999999999995
72,74.0,-303.79999999999995
24,0.0,-171.20000000000005
48,0.0,-231.20000000000005
72,0.0,-246.20000000000005
24,1.0,-21.30000000000001
48,1.0,-6.300000000000011
72,1.0,-64.30000000000001
24,0.0,-9.800000000000011
48,0.0,-67.80000000000001
72,0.0,-65.80000000000001
24,0.0,-14.200000000000003
48,0.0,-21.200000000000003
72,0.0,-16.200000000000003
24,47.0,-19.299999999999997
48,3.0,-18.299999999999997
72,87.0,-19.299999999999997
24,67.0,-46.30000000000001
48,-1.0,-40.30000000000001
72,52.0,-49.30000000000001
24,84.0,-73.0
48,84.0,-89.0
72,84.0,-98.0
24,12.0,-50.0
48,23.0,-140.0
72,23.0,-51.0
24,81.0,-93.5
48,57.0,-47.5
72,-1.0,-32.5
24,61.0,-110.20000000000005
48,-28.0,-42.200000000000045
72,-30.0,-40.200000000000045
24,99.0,-62.299999999999955
48,100.0,-76.29999999999995
72,100.0,-50.299999999999955
24,100.0,-79.80000000000001
48,100.0,-89.80000000000001
72,100.0,-51.80000000000001
24,100.0,-77.19999999999999
48,100.0,-64.19999999999999
72,100.0,-42.19999999999999
24,100.0,1.7999999999999972
48,92.0,4.799999999999997
72,100.0,4.799999999999997
24,0.0,-12.700000000000003
48,0.0,-12.700000000000003
72,0.0,-12.700000000000003
24,-25.0,-34.5
48,-31.0,-29.5
72,-26.0,-28.5
24,0.0,-32.5
48,6.0,-31.5
72,0.0,-30.5
24,-39.0,-30.799999999999955
48,-39.0,-28.799999999999955
72,-33.0,-30.799999999999955
24,6.0,-32.799999999999955
48,6.0,-31.799999999999955
72,5.0,-32.799999999999955
24,6.0,-32.299999999999955
48,6.0,-33.299999999999955
72,0.0,-31.299999999999955
24,0.0,-31.700000000000045
48,12.0,-35.700000000000045
72,0.0,-30.700000000000045
24,-7.0,-27.69999999999999
48,-12.0,-30.69999999999999
72,-12.0,-28.69999999999999
24,-16.0,-18.19999999999999
48,-20.0,-20.19999999999999
72,-26.0,-19.19999999999999
24,-11.0,-0.29999999999999716
48,-12.0,-0.29999999999999716
72,-17.0,-0.29999999999999716
24,-15.0,-11.799999999999997
48,-81.0,-8.799999999999997
72,0.0,-13.799999999999997
24,0.0,-10.5
48,0.0,-3.5
72,0.0,-46.5
24,-54.0,-25.19999999999999
48,0.0,-64.19999999999999
72,0.0,-116.19999999999999
24,19.0,-91.69999999999999
48,19.0,-97.69999999999999
72,19.0,-106.69999999999999
24,1.0,-6.0
48,1.0,44.0
72,1.0,-5.0
24,50.0,42.30000000000001
48,50.0,-33.69999999999999
72,50.0,-111.69999999999999
24,0.0,-43.700000000000045
48,-28.0,-54.700000000000045
72,0.0,-104.70000000000005
24,0.0,-27.19999999999999
48,0.0,-120.19999999999999
72,0.0,-33.19999999999999
24,0.0,-18.19999999999999
48,0.0,-90.19999999999999
72,0.0,-28.19999999999999
24,0.0,14.0
48,0.0,-7.0
72,0.0,7.0
24,0.0,-2.0
48,0.0,-1.0
72,0.0,-1.0
24,0.0,33.5
48,0.0,60.5
72,0.0,16.5
24,0.0,53.19999999999999
48,-24.0,102.19999999999999
72,0.0,15.199999999999989
24,68.0,272.3
48,69.0,251.3
72,69.0,264.3
24,-7.0,253.5
48,-1.0,228.5
72,0.0,143.5
24,-2.0,202.8
48,-22.0,263.8
72,-11.0,198.8
24,-2.0,90.30000000000001
48,-4.0,139.3
72,0.0,94.30000000000001
24,-15.0,32.5
48,0.0,8.5
72,0.0,-28.5
24,-7.0,-23.80000000000001
48,-1.0,-35.80000000000001
72,-3.0,-38.80000000000001
24,-24.0,2.5
48,-24.0,-0.5
72,-15.0,-4.5
24,48.0,-18.299999999999997
48,9.0,-16.299999999999997
72,10.0,-15.299999999999997
24,30.0,-50.30000000000001
48,8.0,-45.30000000000001
72,10.0,-39.30000000000001
24,6.0,-52.0
48,5.0,-51.0
72,-3.0,-41.0
24,1.0,-50.700000000000045
48,0.0,-52.700000000000045
72,-8.0,-39.700000000000045
24,9.0,-53.0
48,8.0,-53.0
72,0.0,-41.0
24,-1.0,-54.700000000000045
48,-1.0,-53.700000000000045
72,-9.0,-43.700000000000045
24,-62.0,-21.0
48,-62.0,-18.0
72,-63.0,-14.0
24,-29.0,-24.19999999999999
48,-92.0,43.80000000000001
72,-92.0,46.80000000000001
24,2.0,-92.0
48,-92.0,7.0
72,-93.0,10.0
24,2.0,-18.5
48,-92.0,1.5
72,-93.0,2.5
24,92.0,6.800000000000001
48,8.0,20.8
72,9.0,19.8
24,60.0,116.8
48,26.0,123.8
72,15.0,121.8
24,8.0,242.7
48,16.0,241.7
72,13.0,240.7
24,10.0,288.8
48,15.0,285.8
72,14.0,284.8
24,10.0,304.8
48,11.0,302.8
72,76.0,267.8
24,15.0,324.0
48,53.0,316.0
72,76.0,291.0
24,-31.0,252.0
48,52.0,171.0
72,49.0,171.0
24,-25.0,169.5
48,64.0,113.5
72,51.0,92.5
24,-14.0,80.30000000000001
48,53.0,65.30000000000001
72,15.0,72.30000000000001
24,8.0,2.700000000000003
48,92.0,-5.299999999999997
72,62.0,-2.299999999999997
24,69.0,0.20000000000000284
48,93.0,-3.799999999999997
72,93.0,-3.799999999999997
24,82.0,-4.800000000000011
48,85.0,-29.80000000000001
72,82.0,-26.80000000000001
24,90.0,-98.69999999999999
48,66.0,-68.69999999999999
72,84.0,-89.69999999999999
24,79.0,-67.79999999999995
48,65.0,-57.799999999999955
72,91.0,-96.79999999999995
24,3.0,-35.700000000000045
48,67.0,-73.70000000000005
72,92.0,-110.70000000000005
24,67.0,-54.299999999999955
48,63.0,-60.299999999999955
72,100.0,-119.29999999999995
24,8.0,-36.700000000000045
48,8.0,-38.700000000000045
72,81.0,-93.70000000000005
24,5.0,-25.19999999999999
48,5.0,-27.19999999999999
72,63.0,-49.19999999999999
24,0.0,-17.19999999999999
48,1.0,-18.19999999999999
72,62.0,-35.19999999999999
24,4.0,0.5
48,5.0,-0.5
72,70.0,-5.5
24,-100.0,-13.700000000000003
48,-48.0,-13.700000000000003
72,-88.0,-13.700000000000003
24,-88.0,-39.69999999999999
48,5.0,-57.69999999999999
72,-81.0,-39.69999999999999
24,-93.0,-32.0
48,-7.0,-76.0
72,-93.0,-32.0
24,92.0,-71.20000000000005
48,55.0,-52.200000000000045
72,-1.0,-36.200000000000045
24,42.0,-43.299999999999955
48,-2.0,-37.299999999999955
72,-2.0,-33.299999999999955
24,100.0,-40.799999999999955
48,10.0,14.200000000000045
72,5.0,18.200000000000045
24,6.0,-10.0
48,3.0,-11.0
72,8.0,-12.0
24,-3.0,101.69999999999999
48,-3.0,102.69999999999999
72,92.0,79.69999999999999
24,0.0,69.80000000000001
48,1.0,68.80000000000001
72,1.0,68.80000000000001
24,5.0,10.700000000000003
48,6.0,10.700000000000003
72,7.0,10.700000000000003
24,0.0,-13.200000000000003
48,0.0,-14.200000000000003
72,0.0,-14.200000000000003
24,0.0,-35.69999999999999
48,0.0,-35.69999999999999
72,0.0,-36.69999999999999
24,0.0,-36.0
48,0.0,-36.0
72,0.0,-37.0
24,0.0,-33.200000000000045
48,0.0,-33.200000000000045
72,0.0,-34.200000000000045
24,0.0,-35.0
48,0.0,-33.0
72,0.0,-34.0
24,0.0,-38.799999999999955
48,0.0,-36.799999999999955
72,0.0,-37.799999999999955
24,0.0,-43.799999999999955
48,0.0,-39.799999999999955
72,0.0,-39.799999999999955
24,0.0,-51.5
48,0.0,-49.5
72,0.0,-48.5
24,0.0,-38.30000000000001
48,0.0,-36.30000000000001
72,0.0,-35.30000000000001
24,0.0,-4.5
48,0.0,-3.5
72,0.0,-3.5
24,0.0,-12.0
48,0.0,-12.0
72,0.0,-12.0
24,20.0,-39.69999999999999
48,-41.0,-31.69999999999999
72,-41.0,-30.69999999999999
24,50.0,-144.2
48,-50.0,-22.19999999999999
72,-50.0,-19.19999999999999
24,2.0,-35.700000000000045
48,91.0,-81.70000000000005
72,-9.0,-30.700000000000045
24,46.0,-95.0
48,-48.0,-32.0
72,-54.0,-27.0
24,83.0,-58.5
48,83.0,-101.5
72,83.0,-80.5
24,5.0,-35.5
48,6.0,-35.5
72,0.0,-32.5
24,61.0,-52.0
48,0.0,-45.0
72,0.0,-45.0
24,5.0,-37.30000000000001
48,0.0,-37.30000000000001
72,0.0,-37.30000000000001
24,6.0,-4.700000000000003
48,0.0,-4.700000000000003
72,5.0,-4.700000000000003
24,0.0,-12.700000000000003
48,89.0,-15.700000000000003
72,72.0,-17.700000000000003
24,0.0,-33.0
48,96.0,-72.0
72,100.0,-109.0
24,0.0,33.0
48,8.0,25.0
72,77.0,-6.0
24,0.0,106.0
48,7.0,95.0
72,17.0,87.0
24,0.0,135.3
48,0.0,124.30000000000001
72,12.0,120.30000000000001
24,0.0,-1.2999999999999545
48,0.0,-8.299999999999955
72,13.0,-12.299999999999955
24,0.0,-39.799999999999955
48,0.0,-43.799999999999955
72,11.0,-45.799999999999955
24,0.0,-42.69999999999999
48,0.0,-44.69999999999999
72,11.0,-47.69999999999999
24,0.0,-35.30000000000001
48,0.0,-36.30000000000001
72,5.0,-37.30000000000001
24,0.0,-2.299999999999997
48,0.0,-2.299999999999997
72,5.0,-3.299999999999997
24,0.0,-11.5
48,0.0,-11.5
72,0.0,-11.5
24,0.0,-30.69999999999999
48,0.0,-29.69999999999999
72,0.0,-29.69999999999999
24,0.0,-30.5
48,5.0,-28.5
72,6.0,-28.5
24,0.0,-27.0
48,0.0,-26.0
72,0.0,-24.0
24,0.0,-29.5
48,0.0,-29.5
72,0.0,-25.5
24,0.0,-31.700000000000045
48,0.0,-30.700000000000045
72,0.0,-26.700000000000045
24,0.0,-34.299999999999955
48,0.0,-31.299999999999955
72,0.0,-34.299999999999955
24,0.0,-32.19999999999999
48,0.0,-29.19999999999999
72,0.0,-32.19999999999999
24,0.0,-22.19999999999999
48,0.0,-20.19999999999999
72,0.0,-22.19999999999999
24,0.0,-0.5
48,0.0,0.5
72,0.0,0.5
24,0.0,-13.200000000000003
48,0.0,-12.200000000000003
72,0.0,-12.200000000000003
24,0.0,-46.80000000000001
48,0.0,-44.80000000000001
72,0.0,-45.80000000000001
24,0.0,-25.5
48,0.0,-23.5
72,0.0,-23.5
24,0.0,48.0
48,0.0,51.0
72,0.0,50.0
24,0.0,64.30000000000001
48,0.0,67.30000000000001
72,0.0,67.30000000000001
24,5.0,36.799999999999955
48,0.0,38.799999999999955
72,0.0,37.799999999999955
24,6.0,-37.700000000000045
48,0.0,-39.700000000000045
72,0.0,-38.700000000000045
24,6.0,-51.30000000000001
48,100.0,-68.30000000000001
72,0.0,-53.30000000000001
24,5.0,-33.69999999999999
48,74.0,-39.69999999999999
72,0.0,-34.69999999999999
24,2.0,-1.0
48,3.0,-2.0
72,-3.0,-2.0
24,0.0,-11.0
48,0.0,-12.0
72,5.0,-13.0
24,0.0,-30.69999999999999
48,0.0,-32.69999999999999
72,5.0,-36.69999999999999
24,0.0,-30.0
48,0.0,-33.0
72,5.0,-40.0
24,0.0,-28.799999999999955
48,0.0,-33.799999999999955
72,5.0,-40.799999999999955
24,0.0,-31.0
48,0.0,-37.0
72,5.0,-43.0
24,-79.0,17.700000000000045
48,-80.0,10.700000000000045
72,-86.0,3.7000000000000455
24,-74.0,-33.799999999999955
48,-81.0,-35.799999999999955
72,-46.0,-48.799999999999955
24,5.0,-97.30000000000001
48,-95.0,-32.30000000000001
72,-85.0,-41.30000000000001
24,35.0,-42.30000000000001
48,-65.0,-17.30000000000001
72,-54.0,-23.30000000000001
24,94.0,-7.200000000000003
48,-6.0,-0.20000000000000284
72,5.0,-2.200000000000003
24,5.0,-9.799999999999997
48,5.0,-9.799999999999997
72,100.0,-14.799999999999997
24,5.0,-30.0
48,5.0,-30.0
72,7.0,-33.0
24,5.0,4.300000000000011
48,5.0,5.300000000000011
72,37.0,1.3000000000000114
24,5.0,77.19999999999999
48,5.0,78.19999999999999
72,11.0,74.19999999999999
24,5.0,29.200000000000045
48,5.0,32.200000000000045
72,26.0,25.200000000000045
24,4.0,-12.799999999999955
48,4.0,-11.799999999999955
72,8.0,-15.799999999999955
24,3.0,18.80000000000001
48,-2.0,19.80000000000001
72,8.0,21.80000000000001
24,1.0,-12.199999999999989
48,1.0,-12.199999999999989
72,1.0,-10.199999999999989
24,3.0,-18.19999999999999
48,3.0,-19.19999999999999
72,3.0,-17.19999999999999
24,3.0,0.20000000000000284
48,3.0,-0.7999999999999972
72,3.0,0.20000000000000284
24,61.0,-11.200000000000003
48,89.0,-15.200000000000003
72,89.0,-16.200000000000003
24,54.0,-42.80000000000001
48,-17.0,-29.80000000000001
72,-23.0,-27.80000000000001
24,16.0,-29.30000000000001
48,5.0,-31.30000000000001
72,-2.0,-26.30000000000001
24,-61.0,-11.800000000000011
48,-61.0,-13.800000000000011
72,-62.0,-9.800000000000011
24,-89.0,198.7
48,-95.0,197.7
72,-93.0,202.7
24,0.0,57.30000000000001
48,0.0,-21.69999999999999
72,-15.0,66.30000000000001
24,4.0,42.0
48,4.0,-49.0
72,4.0,85.0
24,9.0,60.69999999999999
48,9.0,-65.30000000000001
72,9.0,88.69999999999999
24,15.0,-4.300000000000011
48,15.0,-110.30000000000001
72,15.0,-69.30000000000001
24,1.0,6.799999999999997
48,1.0,-9.200000000000003
72,1.0,-4.200000000000003
24,7.0,-14.700000000000003
48,1.0,-14.700000000000003
72,95.0,-18.700000000000003
24,5.0,-39.19999999999999
48,0.0,-37.19999999999999
72,11.0,-42.19999999999999
24,0.0,-35.19999999999999
48,0.0,-31.19999999999999
72,10.0,-42.19999999999999
24,0.0,-29.200000000000045
48,0.0,-23.200000000000045
72,0.0,-37.200000000000045
24,0.0,-35.299999999999955
48,0.0,-27.299999999999955
72,0.0,-41.299999999999955
24,0.0,-36.299999999999955
48,0.0,-28.299999999999955
72,0.0,-39.299999999999955
24,0.0,-35.299999999999955
48,0.0,-31.299999999999955
72,0.0,-32.299999999999955
24,5.0,-55.30000000000001
48,0.0,-50.30000000000001
72,0.0,-51.30000000000001
24,5.0,-40.19999999999999
48,0.0,-35.19999999999999
72,0.0,-36.19999999999999
24,5.0,-7.200000000000003
48,0.0,-4.200000000000003
72,0.0,-5.200000000000003
24,0.0,-10.5
48,0.0,-10.5
72,0.0,-11.5
24,0.0,-30.19999999999999
48,0.0,-30.19999999999999
72,0.0,-32.19999999999999
24,0.0,-26.5
48,0.0,-26.5
72,0.0,-28.5
24,0.0,-20.299999999999955
48,0.0,-20.299999999999955
72,0.0,-22.299999999999955
24,0.0,-16.5
48,0.0,-19.5
72,0.0,-20.5
24,0.0,-17.0
48,0.0,-22.0
72,0.0,-23.0
24,0.0,-26.299999999999955
48,0.0,-26.299999999999955
72,0.0,-30.299999999999955
24,0.0,-26.5
48,0.0,-25.5
72,0.0,-29.5
24,0.0,-23.30000000000001
48,0.0,-23.30000000000001
72,0.0,-26.30000000000001
24,0.0,-4.799999999999997
48,0.0,-3.799999999999997
72,0.0,-5.799999999999997
24,3.0,-15.5
48,3.0,-20.5
72,3.0,-17.5
24,1.0,-32.0
48,1.0,-52.0
72,1.0,-53.0
24,0.0,-61.30000000000001
48,0.0,-57.30000000000001
72,-41.0,-11.300000000000011
24,-17.0,42.0
48,7.0,-18.0
72,-65.0,47.0
24,73.0,51.30000000000001
48,60.0,67.30000000000001
72,-21.0,126.30000000000001
24,0.0,-3.7000000000000455
48,0.0,-33.700000000000045
72,-3.0,30.299999999999955
24,0.0,-64.70000000000005
48,0.0,-78.70000000000005
72,0.0,-108.70000000000005
24,0.0,-93.80000000000001
48,0.0,-76.80000000000001
72,0.0,-74.80000000000001
24,0.0,-78.80000000000001
48,0.0,-65.80000000000001
72,0.0,-96.80000000000001
24,0.0,-15.799999999999997
48,-1.0,-17.799999999999997
72,0.0,-18.799999999999997
24,4.0,-11.5
48,49.0,-12.5
72,98.0,-14.5
24,100.0,-44.30000000000001
48,100.0,-63.30000000000001
72,100.0,-63.30000000000001
24,8.0,-31.19999999999999
48,99.0,-107.19999999999999
72,88.0,-51.19999999999999
24,49.0,-63.299999999999955
48,63.0,-89.29999999999995
72,18.0,-33.299999999999955
24,5.0,-58.5
48,-44.0,-21.5
72,6.0,-50.5
24,1.0,-49.799999999999955
48,1.0,-50.799999999999955
72,1.0,-78.79999999999995
24,0.0,-139.5
48,0.0,-129.5
72,0.0,-74.5
24,0.0,-76.69999999999999
48,0.0,-126.69999999999999
72,0.0,-138.7
24,0.0,-8.300000000000011
48,0.0,-21.30000000000001
72,0.0,-8.300000000000011
24,1.0,13.0
48,1.0,9.0
72,1.0,12.0
24,10.0,-13.0
48,63.0,-14.0
72,98.0,-15.0
24,-12.0,-33.80000000000001
48,25.0,-39.80000000000001
72,62.0,-60.80000000000001
24,-26.0,-29.80000000000001
48,64.0,-96.80000000000001
72,64.0,-76.80000000000001
24,-6.0,-30.200000000000045
48,24.0,-37.200000000000045
72,73.0,-118.20000000000005
24,-32.0,-33.0
48,52.0,-86.0
72,52.0,-126.0
24,-9.0,-44.5
48,2.0,-85.5
72,2.0,-105.5
24,0.0,-36.69999999999999
48,0.0,23.30000000000001
72,0.0,-14.699999999999989
24,0.0,73.5
48,0.0,122.5
72,0.0,41.5
24,0.0,53.69999999999999
48,0.0,57.69999999999999
72,0.0,41.69999999999999
24,0.0,36.5
48,0.0,36.5
72,0.0,41.5
24,0.0,-13.0
48,0.0,-14.0
72,0.0,-14.0
24,0.0,-37.30000000000001
48,44.0,-46.30000000000001
72,0.0,-39.30000000000001
24,0.0,-36.69999999999999
48,100.0,-82.69999999999999
72,0.0,-39.69999999999999
24,0.0,-32.700000000000045
48,77.0,-54.700000000000045
72,0.0,-36.700000000000045
24,10.0,-35.0
48,5.0,-44.0
72,0.0,-38.0
24,9.0,-42.0
48,24.0,-49.0
72,0.0,-42.0
24,81.0,-144.29999999999995
48,81.0,-102.29999999999995
72,-14.0,-44.299999999999955
24,53.0,-71.5
48,36.0,-62.5
72,43.0,-60.5
24,64.0,-115.0
48,64.0,-106.0
72,64.0,-122.0
24,90.0,-31.299999999999997
48,90.0,-42.3
72,90.0,-28.299999999999997
24,9.0,-23.799999999999997
48,9.0,-15.799999999999997
72,9.0,-17.799999999999997
24,0.0,-81.80000000000001
48,0.0,-115.80000000000001
72,0.0,-91.80000000000001
24,0.0,-173.7
48,0.0,-75.69999999999999
72,0.0,-115.69999999999999
24,2.0,-79.30000000000001
48,2.0,-184.3
72,2.0,-213.3
24,46.0,-246.79999999999995
48,46.0,-161.79999999999995
72,46.0,-272.79999999999995
24,100.0,-51.299999999999955
48,100.0,-157.29999999999995
72,100.0,-242.29999999999995
24,93.0,-104.20000000000005
48,93.0,-151.20000000000005
72,93.0,-213.20000000000005
24,100.0,-107.0
48,100.0,-197.0
72,97.0,-107.0
24,100.0,-58.80000000000001
48,100.0,-96.80000000000001
72,100.0,-114.80000000000001
24,0.0,-3.799999999999997
48,5.0,-5.799999999999997
72,5.0,-4.799999999999997
24,99.0,-15.200000000000003
48,-1.0,-10.200000000000003
72,99.0,-13.200000000000003
24,6.0,-34.69999999999999
48,5.0,-31.69999999999999
72,0.0,-31.69999999999999
24,5.0,-33.69999999999999
48,0.0,-30.69999999999999
72,0.0,-31.69999999999999
24,0.0,-31.200000000000045
48,0.0,-29.200000000000045
72,0.0,-29.200000000000045
24,0.0,-36.299999999999955
48,0.0,-31.299999999999955
72,0.0,-31.299999999999955
24,0.0,-45.0
48,0.0,-39.0
72,0.0,-39.0
24,0.0,-41.5
48,0.0,-42.5
72,0.0,-43.5
24,0.0,-42.0
48,0.0,-42.0
72,0.0,-43.0
24,0.0,-38.5
48,0.0,-38.5
72,0.0,-38.5
24,0.0,-11.5
48,0.0,-11.5
72,0.0,-11.5
24,5.0,-12.200000000000003
48,49.0,-12.200000000000003
72,10.0,-11.200000000000003
24,10.0,-32.19999999999999
48,11.0,-32.19999999999999
72,10.0,-31.19999999999999
24,56.0,-35.30000000000001
48,11.0,-30.30000000000001
72,11.0,-30.30000000000001
24,100.0,-45.200000000000045
48,11.0,-25.200000000000045
72,100.0,-49.200000000000045
24,100.0,-63.299999999999955
48,12.0,-25.299999999999955
72,100.0,-85.29999999999995
24,30.0,-76.5
48,20.0,-47.5
72,30.0,-84.5
24,2.0,-59.5
48,2.0,-129.5
72,2.0,-82.5
24,0.0,-29.30000000000001
48,0.0,-100.30000000000001
72,0.0,-103.30000000000001
24,-37.0,-32.19999999999999
48,1.0,-85.19999999999999
72,5.0,-62.19999999999999
24,-26.0,-9.5
48,60.0,-29.5
72,60.0,-19.5
24,1.0,-9.0
48,1.0,-13.0
72,0.0,-12.0
24,11.0,-87.30000000000001
48,11.0,-98.30000000000001
72,10.0,-87.30000000000001
24,34.0,-127.69999999999999
48,34.0,-91.69999999999999
72,10.0,-104.69999999999999
24,1.0,-167.79999999999995
48,1.0,-138.79999999999995
72,-11.0,-99.79999999999995
24,0.0,-249.79999999999995
48,0.0,-206.79999999999995
72,0.0,-124.79999999999995
24,0.0,-244.5
48,0.0,-247.5
72,0.0,-41.5
24,0.0,-255.3
48,0.0,-133.3
72,0.0,-160.3
24,0.0,-160.2
48,0.0,-121.19999999999999
72,0.0,-66.19999999999999
24,0.0,1.0
48,0.0,15.0
72,0.0,72.0
24,0.0,16.0
48,0.0,15.0
72,0.0,40.0
24,0.0,-14.200000000000003
48,0.0,-13.200000000000003
72,0.0,-15.200000000000003
24,0.0,-40.19999999999999
48,0.0,-39.19999999999999
72,0.0,-46.19999999999999
24,0.0,-40.0
48,0.0,-38.0
72,0.0,-47.0
24,0.0,-34.700000000000045
48,0.0,-33.700000000000045
72,0.0,-41.700000000000045
24,0.0,-38.200000000000045
48,0.0,-36.200000000000045
72,0.0,-44.200000000000045
24,0.0,-44.299999999999955
48,0.0,-43.299999999999955
72,0.0,-50.299999999999955
24,0.0,-49.5
48,0.0,-47.5
72,0.0,-53.5
24,0.0,-49.299999999999955
48,0.0,-49.299999999999955
72,0.0,-52.299999999999955
24,0.0,-42.0
48,0.0,-43.0
72,0.0,-45.0
24,0.0,-16.69999999999999
48,0.0,-16.69999999999999
72,0.0,-17.69999999999999
24,98.0,-18.799999999999997
48,-2.0,-13.799999999999997
72,-2.0,-13.799999999999997
24,99.0,-30.19999999999999
48,4.0,-0.19999999999998863
72,99.0,-14.199999999999989
24,100.0,-72.5
48,5.0,-9.5
72,6.0,-11.5
24,100.0,-129.20000000000005
48,0.0,-10.200000000000045
72,5.0,-14.200000000000045
24,43.0,-42.200000000000045
48,-11.0,-21.200000000000045
72,-11.0,-27.200000000000045
24,69.0,-68.5
48,0.0,-25.5
72,0.0,-31.5
24,0.0,-43.799999999999955
48,0.0,-26.799999999999955
72,0.0,-27.799999999999955
24,0.0,-43.0
48,0.0,-29.0
72,0.0,-30.0
24,0.0,-41.30000000000001
48,0.0,-32.30000000000001
72,0.0,-34.30000000000001
24,0.0,-14.199999999999989
48,0.0,-9.199999999999989
72,0.0,-10.199999999999989
24,0.0,-14.700000000000003
48,0.0,-13.700000000000003
72,0.0,-14.700000000000003
24,-1.0,-35.5
48,-1.0,-33.5
72,-1.0,-36.5
24,0.0,-35.0
48,0.0,-33.0
72,0.0,-36.0
24,0.0,-30.0
48,0.0,-28.0
72,0.0,-32.0
24,0.0,-33.299999999999955
48,0.0,-31.299999999999955
72,0.0,-35.299999999999955
24,0.0,-39.799999999999955
48,0.0,-37.799999999999955
72,0.0,-40.799999999999955
24,5.0,-42.700000000000045
48,0.0,-38.700000000000045
72,0.0,-38.700000000000045
24,-10.0,-37.299999999999955
48,-15.0,-34.299999999999955
72,-15.0,-34.299999999999955
24,-56.0,-34.30000000000001
48,-62.0,-33.30000000000001
72,-57.0,-33.30000000000001
24,10.0,-23.19999999999999
48,12.0,-25.19999999999999
72,22.0,-35.19999999999999
24,-100.0,-12.799999999999997
48,-100.0,-12.799999999999997
72,-100.0,-12.799999999999997
24,-44.0,-35.19999999999999
48,-44.0,-36.19999999999999
72,-44.0,-34.19999999999999
24,-32.0,-23.30000000000001
48,-32.0,-23.30000000000001
72,-42.0,-20.30000000000001
24,-37.0,-30.5
48,63.0,-50.5
72,-37.0,-30.5
24,-3.0,-33.200000000000045
48,-9.0,-34.200000000000045
72,-9.0,-36.200000000000045
24,72.0,-47.5
48,-1.0,-37.5
72,-1.0,-38.5
24,100.0,-61.799999999999955
48,100.0,-87.79999999999995
72,0.0,-33.799999999999955
24,83.0,-89.5
48,83.0,-141.5
72,-11.0,-10.5
24,3.0,-9.300000000000011
48,3.0,-135.3
72,3.0,-32.30000000000001
24,3.0,-37.2
48,3.0,-32.2
72,3.0,-24.200000000000003
24,0.0,-11.5
48,0.0,-11.5
72,0.0,-12.5
24,0.0,-28.5
48,0.0,-28.5
72,0.0,-29.5
24,0.0,-23.30000000000001
48,0.0,-25.30000000000001
72,0.0,-26.30000000000001
24,0.0,-18.299999999999955
48,0.0,-23.299999999999955
72,0.0,-21.299999999999955
24,0.0,-19.700000000000045
48,0.0,-23.700000000000045
72,0.0,-21.700000000000045
24,0.0,-24.200000000000045
48,0.0,-28.200000000000045
72,0.0,-26.200000000000045
24,0.0,-31.700000000000045
48,0.0,-29.700000000000045
72,0.0,-33.700000000000045
24,0.0,-36.0
48,0.0,-36.0
72,0.0,-37.0
24,0.0,-26.5
48,0.0,-26.5
72,0.0,-25.5
24,0.0,-5.800000000000011
48,0.0,-4.800000000000011
72,0.0,-4.800000000000011
24,0.0,-2.0
48,-94.0,3.0
72,0.0,1.0
24,4.0,-40.80000000000001
48,-96.0,2.1999999999999886
72,-96.0,0.19999999999998863
24,1.0,-112.19999999999999
48,-42.0,37.80000000000001
72,-89.0,41.80000000000001
24,5.0,-145.0
48,5.0,61.0
72,-90.0,105.0
24,0.0,-229.2
48,0.0,130.8
72,-95.0,193.8
24,0.0,-134.70000000000005
48,0.0,57.299999999999955
72,-95.0,107.29999999999995
24,2.0,-240.20000000000005
48,2.0,-64.20000000000005
72,2.0,-245.20000000000005
24,99.0,-76.30000000000001
48,6.0,-15.300000000000011
72,100.0,-74.30000000000001
24,100.0,-134.8
48,6.0,-49.80000000000001
72,98.0,-65.80000000000001
24,6.0,-17.19999999999999
48,63.0,-20.19999999999999
72,5.0,-16.19999999999999
24,-5.0,-14.0
48,-10.0,-14.0
72,-10.0,-14.0
24,6.0,-29.0
48,6.0,-29.0
72,0.0,-30.0
24,100.0,-85.80000000000001
48,5.0,-25.80000000000001
72,0.0,-26.80000000000001
24,100.0,-85.20000000000005
48,100.0,-92.20000000000005
72,0.0,-22.200000000000045
24,-21.0,-38.799999999999955
48,43.0,-88.79999999999995
72,-52.0,-23.799999999999955
24,-21.0,-4.7000000000000455
48,21.0,-195.70000000000005
72,-73.0,5.2999999999999545
24,0.0,-265.29999999999995
48,0.0,-97.29999999999995
72,0.0,-80.29999999999995
24,8.0,-164.7
48,8.0,-207.7
72,8.0,-90.69999999999999
24,18.0,-86.5
48,18.0,-78.5
72,18.0,-52.5
24,32.0,-0.20000000000000284
48,32.0,-55.2
72,32.0,-5.200000000000003
24,97.0,-30.200000000000003
48,97.0,-17.200000000000003
72,97.0,-18.200000000000003
24,11.0,-36.80000000000001
48,100.0,-51.80000000000001
72,100.0,-80.80000000000001
24,100.0,-59.80000000000001
48,100.0,-114.80000000000001
72,100.0,-128.8
24,100.0,-189.0
48,100.0,-152.0
72,100.0,-132.0
24,100.0,-380.5
48,100.0,-277.5
72,100.0,-292.5
24,87.0,-333.70000000000005
48,87.0,-307.70000000000005
72,87.0,-92.70000000000005
24,9.0,-4.0
48,94.0,-37.0
72,94.0,-385.0
24,100.0,-62.0
48,100.0,-18.0
72,100.0,-192.0
24,100.0,-73.30000000000001
48,75.0,-23.30000000000001
72,100.0,-90.30000000000001
24,100.0,-87.2
48,100.0,-14.200000000000003
72,100.0,-48.2
24,0.0,4.0
48,0.0,4.0
72,0.0,-3.0
24,0.0,39.8
48,0.0,39.8
72,0.0,-10.200000000000003
24,-89.0,206.2
48,0.0,93.19999999999999
72,0.0,63.19999999999999
24,-85.0,301.0
48,-13.0,230.0
72,0.0,172.0
24,-84.0,332.7
48,0.0,2.6999999999999886
72,0.0,152.7
24,0.0,220.2
48,0.0,251.2
72,0.0,204.2
24,0.0,84.30000000000001
48,0.0,140.3
72,0.0,-25.69999999999999
24,0.0,21.0
48,-15.0,217.0
72,0.0,28.0
24,0.0,45.7
48,0.0,121.7
72,0.0,29.700000000000003
24,0.0,-1.7000000000000028
48,0.0,-12.700000000000003
72,0.0,-46.7
24,0.0,-8.3
48,0.0,-8.3
72,0.0,-11.3
24,0.0,-29.299999999999997
48,0.0,-52.3
72,0.0,-55.3
24,0.0,93.7
48,0.0,-29.299999999999997
72,0.0,-28.299999999999997
24,0.0,139.5
48,0.0,-85.5
72,0.0,-141.5
24,0.0,-38.80000000000001
48,0.0,-5.800000000000011
72,0.0,-147.8
24,0.0,163.7
48,0.0,-165.3
72,0.0,-237.3
24,0.0,-346.2
48,0.0,-248.2
72,0.0,-354.2
24,0.0,-314.8
48,0.0,-204.8
72,0.0,-319.8
24,0.0,-150.3
48,0.0,-146.3
72,0.0,-160.3
24,0.0,-39.5
48,0.0,-48.5
72,0.0,-49.5
24,0.0,-19.3
48,0.0,-19.3
72,0.0,-19.3
24,0.0,-84.7
48,0.0,-87.7
72,0.0,-90.7
24,0.0,-86.8
48,0.0,-98.8
72,0.0,-108.8
24,0.0,-92.5
48,0.0,-109.5
72,0.0,-125.5
24,0.0,-166.0
48,0.0,-171.0
72,0.0,-204.0
24,0.0,-205.2
48,0.0,-229.2
72,0.0,-265.2
24,0.0,-191.8
48,0.0,-192.8
72,0.0,-156.8
24,0.0,-100.69999999999999
48,0.0,-112.69999999999999
72,0.0,-43.69999999999999
24,0.0,-104.69999999999999
48,0.0,-100.69999999999999
72,0.0,-49.69999999999999
24,0.0,-55.2
48,0.0,-48.2
72,0.0,-27.200000000000003
24,0.0,-19.3
48,0.0,-19.3
72,0.0,-16.3
24,0.0,-42.8
48,0.0,-41.8
72,0.0,4.200000000000003
24,0.0,-55.5
48,0.0,-45.5
72,0.0,-2.5
24,0.0,-60.8
48,0.0,-5.799999999999997
72,0.0,16.200000000000003
24,0.0,-44.7
48,0.0,73.3
72,0.0,10.299999999999997
24,0.0,-148.2
48,0.0,-105.19999999999999
72,0.0,-47.19999999999999
24,0.0,-104.19999999999999
48,0.0,-135.2
72,0.0,12.800000000000011
24,0.0,17.69999999999999
48,0.0,-42.30000000000001
72,0.0,52.69999999999999
24,0.0,-74.2
48,0.0,-43.2
72,0.0,-34.2
24,0.0,10.8
48,0.0,12.8
72,0.0,3.8000000000000007
24,0.0,-18.700000000000003
48,0.0,-18.700000000000003
72,0.0,-19.700000000000003
24,0.0,-45.19999999999999
48,0.0,-47.19999999999999
72,0.0,-48.19999999999999
24,0.0,-45.5
48,0.0,-47.5
72,0.0,-49.5
24,0.0,-44.0
48,0.0,-47.0
72,0.0,-47.0
24,0.0,-48.799999999999955
48,0.0,-51.799999999999955
72,0.0,-50.799999999999955
24,0.0,-59.200000000000045
48,0.0,-60.200000000000045
72,0.0,-60.200000000000045
24,0.0,-63.700000000000045
48,0.0,-62.700000000000045
72,0.0,-63.700000000000045
24,0.0,-62.299999999999955
48,0.0,-62.299999999999955
72,0.0,-64.29999999999995
24,0.0,-62.5
48,0.0,-62.5
72,0.0,-65.5
24,0.0,-32.69999999999999
48,0.0,-31.69999999999999
72,0.0,-33.69999999999999
24,0.0,-19.200000000000003
48,0.0,-19.200000000000003
72,0.0,-20.200000000000003
24,0.0,-44.69999999999999
48,0.0,-43.69999999999999
72,0.0,-44.69999999999999
24,0.0,-45.19999999999999
48,0.0,-44.19999999999999
72,0.0,-44.19999999999999
24,0.0,-42.0
48,0.0,-41.0
72,0.0,-41.0
24,0.0,-47.700000000000045
48,0.0,-46.700000000000045
72,0.0,-46.700000000000045
24,0.0,-55.200000000000045
48,0.0,-54.200000000000045
72,0.0,-54.200000000000045
24,0.0,-57.700000000000045
48,0.0,-55.700000000000045
72,0.0,-56.700000000000045
24,0.0,-69.0
48,0.0,-67.0
72,0.0,-69.0
24,0.0,-65.5
48,0.0,-64.5
72,0.0,-65.5
24,0.0,-36.19999999999999
48,0.0,-35.19999999999999
72,0.0,-36.19999999999999
24,0.0,-19.0
48,0.0,-18.0
72,0.0,-18.0
24,0.0,-40.69999999999999
48,0.0,-39.69999999999999
72,0.0,-38.69999999999999
24,0.0,-42.80000000000001
48,0.0,-40.80000000000001
72,0.0,-39.80000000000001
24,0.0,-39.299999999999955
48,0.0,-37.299999999999955
72,0.0,-35.299999999999955
24,0.0,-42.799999999999955
48,0.0,-41.799999999999955
72,0.0,-39.799999999999955
24,0.0,-48.200000000000045
48,0.0,-47.200000000000045
72,0.0,-45.200000000000045
24,0.0,-47.799999999999955
48,0.0,-49.799999999999955
72,0.0,-47.799999999999955
24,0.0,-54.200000000000045
48,0.0,-56.200000000000045
72,0.0,-54.200000000000045
24,0.0,-49.5
48,0.0,-51.5
72,0.0,-49.5
24,0.0,-23.0
48,0.0,-24.0
72,0.0,-23.0
24,4.0,-17.700000000000003
48,5.0,-18.700000000000003
72,98.0,-24.700000000000003
24,5.0,-40.19999999999999
48,7.0,-42.19999999999999
72,7.0,-42.19999999999999
24,5.0,-40.69999999999999
48,7.0,-43.69999999999999
72,12.0,-43.69999999999999
24,5.0,-38.299999999999955
48,7.0,-42.299999999999955
72,87.0,-62.299999999999955
24,11.0,-43.700000000000045
48,100.0,-86.70000000000005
72,6.0,-47.700000000000045
24,-38.0,-49.5
48,50.0,-109.5
72,-39.0,-52.5
24,0.0,100.30000000000001
48,0.0,97.30000000000001
72,0.0,80.30000000000001
24,53.0,-6.199999999999989
48,31.0,33.80000000000001
72,53.0,-45.19999999999999
24,100.0,-22.69999999999999
48,100.0,-81.69999999999999
72,100.0,-32.69999999999999
24,9.0,-14.199999999999989
48,9.0,-30.19999999999999
72,9.0,-20.19999999999999
24,0.0,-12.3
48,0.0,6.699999999999999
72,0.0,9.7
24,0.0,-51.8
48,0.0,40.2
72,0.0,57.2
24,0.0,-138.5
48,0.0,84.5
72,0.0,-44.5
24,0.0,-97.0
48,0.0,192.0
72,0.0,-64.0
24,0.0,-118.0
48,0.0,-7.0
72,0.0,-121.0
24,0.0,-162.0
48,0.0,-143.0
72,0.0,-161.0
24,0.0,-234.2
48,0.0,-235.2
72,0.0,-226.2
24,0.0,-188.2
48,0.0,-179.2
72,0.0,-189.2
24,0.0,-123.30000000000001
48,0.0,-120.30000000000001
72,0.0,-123.30000000000001
24,0.0,-40.3
48,0.0,-37.3
72,0.0,-39.3
24,0.0,-18.8
48,0.0,-18.8
72,0.0,-24.8
24,0.0,-2.299999999999997
48,0.0,-37.3
72,0.0,-45.3
24,0.0,21.799999999999997
48,0.0,-18.200000000000003
72,0.0,-9.200000000000003
24,0.0,-86.5
48,0.0,-89.5
72,0.0,-75.5
24,0.0,-100.30000000000001
48,0.0,-111.30000000000001
72,0.0,4.699999999999989
24,0.0,-50.19999999999999
48,0.0,-127.19999999999999
72,0.0,-24.19999999999999
24,0.0,-75.19999999999999
48,0.0,-113.19999999999999
72,0.0,-143.2
24,0.0,-85.30000000000001
48,0.0,-118.30000000000001
72,0.0,-128.3
24,0.0,21.19999999999999
48,0.0,-106.80000000000001
72,0.0,-112.80000000000001
24,0.0,-15.5
48,0.0,-55.5
72,0.0,-56.5
24,0.0,0.0
48,0.0,0.0
72,0.0,0.0
24,1.0,3.200000000000003
48,1.0,-32.8
72,1.0,-30.799999999999997
24,0.0,29.700000000000003
48,0.0,-116.3
72,0.0,-111.3
24,0.0,36.19999999999999
48,0.0,-128.8
72,0.0,-111.80000000000001
24,0.0,-22.30000000000001
48,0.0,-202.3
72,0.0,-178.3
24,0.0,-71.69999999999999
48,0.0,-257.7
72,0.0,-240.7
24,7.0,-10.699999999999989
48,7.0,-374.7
72,7.0,-369.7
24,11.0,-323.0
48,11.0,-429.0
72,11.0,-538.0
24,0.0,-350.70000000000005
48,0.0,-392.70000000000005
72,0.0,-511.70000000000005
24,0.0,-126.19999999999999
48,0.0,-199.2
72,0.0,-201.2
24,0.0,-33.3
48,0.0,-82.3
72,0.0,-56.3
24,0.0,0.0
48,-20.0,0.0
72,0.0,0.0
24,2.0,-1.0
48,2.0,-1.0
72,2.0,3.0
24,21.0,-17.19999999999999
48,21.0,-24.19999999999999
72,21.0,-33.19999999999999
24,87.0,-83.30000000000001
48,87.0,-12.300000000000011
72,87.0,-112.30000000000001
24,22.0,-35.200000000000045
48,36.0,-128.20000000000005
72,36.0,-73.20000000000005
24,90.0,-54.799999999999955
48,2.0,-24.799999999999955
72,59.0,-43.799999999999955
24,86.0,-26.200000000000045
48,-2.0,-15.200000000000045
72,8.0,-22.200000000000045
24,-16.0,-14.299999999999955
48,-17.0,-8.299999999999955
72,-16.0,-24.299999999999955
24,-91.0,-18.700000000000045
48,-86.0,-13.700000000000045
72,-85.0,-28.700000000000045
24,-92.0,-20.19999999999999
48,-98.0,-15.199999999999989
72,-45.0,-30.19999999999999
24,-53.0,-12.0
48,-68.0,-8.0
72,-2.0,-20.0
24,0.0,0.0
48,0.0,0.0
72,0.0,0.0
24,0.0,-12.200000000000003
48,0.0,-13.200000000000003
72,0.0,-13.200000000000003
24,0.0,-18.69999999999999
48,0.0,-20.69999999999999
72,0.0,-23.69999999999999
24,-1.0,-20.5
48,-1.0,-18.5
72,-1.0,-24.5
24,0.0,-19.700000000000045
48,0.0,-17.700000000000045
72,0.0,-22.700000000000045
24,0.0,-28.200000000000045
48,0.0,-25.200000000000045
72,0.0,-29.200000000000045
24,0.0,-38.700000000000045
48,0.0,-37.700000000000045
72,0.0,-39.700000000000045
24,0.0,-43.299999999999955
48,0.0,-40.299999999999955
72,0.0,-41.299999999999955
24,0.0,-53.5
48,0.0,-50.5
72,0.0,-51.5
24,0.0,-56.69999999999999
48,0.0,-54.69999999999999
72,0.0,-54.69999999999999
24,0.0,-20.80000000000001
48,0.0,-18.80000000000001
72,0.0,-19.80000000000001
24,-69.0,0.0
48,-63.0,0.0
72,-69.0,0.0
24,-58.0,-22.200000000000003
48,-58.0,-22.200000000000003
72,-63.0,-21.200000000000003
24,82.0,-61.80000000000001
48,-6.0,-38.80000000000001
72,57.0,-39.80000000000001
24,4.0,-89.19999999999999
48,4.0,-106.19999999999999
72,4.0,-63.19999999999999
24,17.0,-54.0
48,17.0,-131.0
72,17.0,-24.0
24,0.0,-80.0
48,0.0,-130.0
72,0.0,-60.0
24,0.0,-32.0
48,0.0,-67.0
72,0.0,-14.0
24,1.0,8.299999999999955
48,1.0,1.2999999999999545
72,1.0,-10.700000000000045
24,0.0,7.0
48,0.0,-44.0
72,0.0,-37.0
24,0.0,21.80000000000001
48,0.0,-14.199999999999989
72,0.0,12.800000000000011
24,1.0,-14.199999999999989
48,95.0,-52.19999999999999
72,1.0,-15.199999999999989
24,81.0,0.0
48,83.0,0.0
72,83.0,0.0
24,62.0,-30.799999999999997
48,62.0,-31.799999999999997
72,62.0,-25.799999999999997
24,-64.0,-55.69999999999999
48,26.0,-87.69999999999999
72,26.0,-129.7
24,63.0,-101.19999999999999
48,63.0,-149.2
72,63.0,-50.19999999999999
24,100.0,-118.29999999999995
48,100.0,-82.29999999999995
72,54.0,-38.299999999999955
24,97.0,-94.5
48,97.0,-86.5
72,92.0,-55.5
24,93.0,-101.79999999999995
48,93.0,-191.79999999999995
72,-2.0,-40.799999999999955
24,100.0,-136.29999999999995
48,100.0,-330.29999999999995
72,100.0,-116.29999999999995
24,88.0,-80.0
48,88.0,-43.0
72,31.0,6.0
24,1.0,-59.0
48,-44.0,15.0
72,-53.0,12.0
24,0.0,-43.80000000000001
48,-42.0,15.199999999999989
72,-45.0,13.199999999999989
24,4.0,0.0
48,3.0,0.0
72,4.0,0.0
24,25.0,-22.799999999999997
48,-4.0,-20.799999999999997
72,39.0,-24.799999999999997
24,-4.0,-34.0
48,-3.0,-31.0
72,91.0,-86.0
24,6.0,-15.699999999999989
48,18.0,-19.69999999999999
72,100.0,-67.69999999999999
24,98.0,-47.299999999999955
48,6.0,-17.299999999999955
72,100.0,-115.29999999999995
24,100.0,-91.5
48,5.0,-28.5
72,100.0,-104.5
24,8.0,-56.5
48,5.0,-44.5
72,56.0,-62.5
24,41.0,-63.299999999999955
48,11.0,-54.299999999999955
72,100.0,-109.29999999999995
24,8.0,-60.0
48,10.0,-52.0
72,95.0,-86.0
24,9.0,-51.80000000000001
48,6.0,-45.80000000000001
72,67.0,-54.80000000000001
24,7.0,-31.19999999999999
48,0.0,-29.19999999999999
72,11.0,-30.19999999999999
24,5.0,0.0
48,6.0,0.0
72,6.0,0.0
24,12.0,-24.5
48,0.0,-24.5
72,30.0,-25.5
24,5.0,-38.30000000000001
48,0.0,-37.30000000000001
72,100.0,-74.30000000000001
24,5.0,-34.19999999999999
48,7.0,-33.19999999999999
72,0.0,-34.19999999999999
24,0.0,-22.5
48,0.0,-21.5
72,5.0,-23.5
24,0.0,-28.299999999999955
48,6.0,-31.299999999999955
72,0.0,-31.299999999999955
24,0.0,-40.200000000000045
48,0.0,-41.200000000000045
72,0.0,-41.200000000000045
24,5.0,-48.799999999999955
48,100.0,-67.79999999999995
72,11.0,-46.799999999999955
24,-30.0,-48.0
48,64.0,-76.0
72,64.0,-65.0
24,3.0,-37.80000000000001
48,3.0,-35.80000000000001
72,87.0,-50.80000000000001
24,5.0,-26.69999999999999
48,5.0,-24.69999999999999
72,96.0,-42.69999999999999
24,6.0,0.0
48,11.0,0.0
72,0.0,0.0
24,5.0,-27.200000000000003
48,6.0,-25.200000000000003
72,0.0,-24.200000000000003
24,0.0,-38.80000000000001
48,43.0,-42.80000000000001
72,0.0,-38.80000000000001
24,0.0,-37.0
48,0.0,-34.0
72,0.0,-36.0
24,0.0,-31.299999999999955
48,0.0,-27.299999999999955
72,0.0,-29.299999999999955
24,0.0,-36.5
48,0.0,-33.5
72,0.0,-34.5
24,0.0,-46.700000000000045
48,0.0,-45.700000000000045
72,0.0,-46.700000000000045
24,0.0,-49.799999999999955
48,0.0,-43.799999999999955
72,0.0,-47.799999999999955
24,0.0,-47.299999999999955
48,0.0,-43.299999999999955
72,0.0,-45.299999999999955
24,0.0,-41.0
48,0.0,-37.0
72,0.0,-38.0
24,0.0,-28.80000000000001
48,0.0,-26.80000000000001
72,0.0,-26.80000000000001
24,98.0,0.0
48,6.0,0.0
72,100.0,0.0
24,49.0,-30.200000000000003
48,49.0,-26.200000000000003
72,88.0,-39.2
24,-69.0,-39.19999999999999
48,18.0,-74.19999999999999
72,18.0,-134.2
24,1.0,-33.69999999999999
48,83.0,-66.69999999999999
72,93.0,-108.69999999999999
24,4.0,-30.799999999999955
48,87.0,-61.799999999999955
72,91.0,-151.79999999999995
24,-68.0,-38.0
48,-72.0,-43.0
72,16.0,-138.0
24,22.0,-55.200000000000045
48,4.0,-52.200000000000045
72,53.0,-163.20000000000005
24,9.0,-49.299999999999955
48,7.0,-52.299999999999955
72,68.0,-61.299999999999955
24,100.0,-83.70000000000005
48,63.0,-59.700000000000045
72,99.0,-75.70000000000005
24,13.0,-41.5
48,19.0,-44.5
72,100.0,-71.5
24,13.0,-25.69999999999999
48,64.0,-39.69999999999999
72,97.0,-117.69999999999999
24,13.0,0.0
48,16.0,0.0
72,-78.0,0.0
24,4.0,-18.8
48,4.0,-22.8
72,-85.0,38.2
24,1.0,-55.2
48,1.0,-73.2
72,-67.0,166.8
24,33.0,-45.5
48,33.0,-159.5
72,33.0,-31.5
24,32.0,-1.5
48,32.0,-156.5
72,32.0,3.5
24,0.0,-18.0
48,0.0,-78.0
72,0.0,-21.0
24,0.0,28.80000000000001
48,0.0,-59.19999999999999
72,-14.0,423.8
24,0.0,1.2000000000000028
48,0.0,-82.8
72,0.0,-61.8
24,0.0,-64.3
48,0.0,-67.3
72,0.0,-62.3
24,0.0,-68.2
48,0.0,-62.2
72,0.0,-61.2
24,0.0,-63.8
48,0.0,-63.8
72,0.0,-58.8
24,80.0,0.0
48,78.0,0.0
72,72.0,0.0
24,-40.0,-7.5
48,25.0,-20.5
72,54.0,-60.5
24,-39.0,-21.69999999999999
48,39.0,-46.69999999999999
72,39.0,-188.7
24,55.0,-55.19999999999999
48,52.0,85.80000000000001
72,56.0,-202.2
24,3.0,43.69999999999999
48,-15.0,357.7
72,3.0,-63.30000000000001
24,7.0,80.30000000000001
48,7.0,321.3
72,7.0,-80.69999999999999
24,0.0,53.69999999999999
48,-15.0,396.7
72,0.0,-124.30000000000001
24,1.0,393.2
48,1.0,338.2
72,-81.0,500.2
24,-29.0,380.5
48,0.0,357.5
72,-27.0,355.5
24,0.0,206.2
48,-5.0,199.2
72,-1.0,219.2
24,0.0,36.8
48,-23.0,93.8
72,-17.0,87.8
24,5.0,0.0
48,0.0,0.0
72,9.0,0.0
24,0.0,-26.0
48,0.0,-27.0
72,0.0,-27.0
24,0.0,-41.19999999999999
48,0.0,-42.19999999999999
72,6.0,-43.19999999999999
24,0.0,-36.69999999999999
48,42.0,-46.69999999999999
72,11.0,-38.69999999999999
24,0.0,-26.799999999999955
48,6.0,-29.799999999999955
72,11.0,-30.799999999999955
24,0.0,-21.299999999999955
48,6.0,-24.299999999999955
72,8.0,-25.299999999999955
24,6.0,-38.799999999999955
48,16.0,-41.799999999999955
72,8.0,-41.799999999999955
24,12.0,-30.799999999999955
48,81.0,-45.799999999999955
72,6.0,-31.799999999999955
24,56.0,-30.799999999999955
48,100.0,-45.799999999999955
72,100.0,-150.79999999999995
24,12.0,-1.8000000000000114
48,100.0,-74.80000000000001
72,69.0,-19.80000000000001
24,100.0,-42.69999999999999
48,100.0,-59.69999999999999
72,13.0,5.300000000000011
24,0.0,0.0
48,0.0,0.0
72,0.0,0.0
24,0.0,-27.0
48,0.0,-26.0
72,0.0,-30.0
24,0.0,-59.0
48,0.0,-57.0
72,0.0,-56.0
24,0.0,-97.30000000000001
48,0.0,-115.30000000000001
72,0.0,-105.30000000000001
24,0.0,-53.3
48,0.0,-35.3
72,0.0,-57.3
24,0.0,-98.19999999999999
48,0.0,-107.19999999999999
72,0.0,-90.19999999999999
24,0.0,-192.2
48,0.0,-198.2
72,0.0,-141.2
24,0.0,-115.30000000000001
48,0.0,-126.30000000000001
72,0.0,-125.30000000000001
24,0.0,-137.2
48,0.0,-128.2
72,0.0,-128.2
24,0.0,-82.2
48,0.0,-80.2
72,0.0,-94.2
24,0.0,-64.0
48,0.0,-53.0
72,0.0,-68.0
24,67.0,0.0
48,67.0,0.0
72,-14.0,1.0
24,1.0,-28.5
48,1.0,-27.5
72,1.0,29.5
24,0.0,-109.5
48,0.0,-87.5
72,0.0,79.5
24,0.0,-95.69999999999999
48,0.0,4.300000000000011
72,0.0,141.3
24,0.0,-39.5
48,0.0,-90.5
72,0.0,85.5
24,0.0,202.0
48,0.0,60.0
72,0.0,278.0
24,0.0,-94.30000000000001
48,0.0,38.69999999999999
72,0.0,220.7
24,11.0,51.30000000000001
48,11.0,76.30000000000001
72,11.0,183.3
24,74.0,-250.70000000000005
48,74.0,-8.700000000000045
72,74.0,-121.70000000000005
24,91.0,-197.0
48,91.0,-48.0
72,91.0,-89.0
24,92.0,-78.69999999999999
48,92.0,11.300000000000011
72,78.0,28.30000000000001
24,0.0,0.8
48,9.0,0.8
72,9.0,0.8
24,22.0,-15.200000000000003
48,22.0,-18.200000000000003
72,22.0,-15.200000000000003
24,-25.0,-26.19999999999999
48,0.0,-66.19999999999999
72,0.0,-43.19999999999999
24,10.0,-56.700000000000045
48,-19.0,-39.700000000000045
72,10.0,-68.70000000000005
24,3.0,-93.0
48,-91.0,-5.0
72,3.0,-64.0
24,1.0,-117.29999999999995
48,1.0,-57.299999999999955
72,-71.0,-25.299999999999955
24,7.0,-45.700000000000045
48,-81.0,-9.700000000000045
72,-77.0,-10.700000000000045
24,-3.0,-23.700000000000045
48,2.0,-34.700000000000045
72,2.0,-57.700000000000045
24,0.0,13.299999999999955
48,0.0,-0.7000000000000455
72,0.0,-81.70000000000005
24,0.0,-1.0
48,0.0,29.0
72,0.0,-7.0
24,2.0,-60.69999999999999
48,2.0,-32.69999999999999
72,2.0,-45.69999999999999
24,-11.0,1.0
48,9.0,1.0
72,9.0,1.0
24,0.0,-26.200000000000003
48,0.0,-15.200000000000003
72,0.0,-28.200000000000003
24,0.0,-103.80000000000001
48,0.0,-44.80000000000001
72,0.0,-94.80000000000001
24,0.0,-66.80000000000001
48,0.0,-18.80000000000001
72,0.0,-83.80000000000001
24,0.0,151.3
48,0.0,34.30000000000001
72,0.0,126.30000000000001
24,0.0,61.19999999999999
48,0.0,37.19999999999999
72,0.0,104.19999999999999
24,0.0,-59.80000000000001
48,0.0,55.19999999999999
72,0.0,26.19999999999999
24,0.0,101.5
48,0.0,63.5
72,0.0,128.5
24,0.0,-0.30000000000001137
48,0.0,-28.30000000000001
72,0.0,93.69999999999999
24,0.0,1.1999999999999886
48,0.0,47.19999999999999
72,0.0,95.19999999999999
24,0.0,-14.0
48,0.0,48.0
72,0.0,15.0
24,3.0,0.19999999999999996
48,98.0,0.19999999999999996
72,4.0,0.19999999999999996
24,6.0,-26.299999999999997
48,7.0,-27.299999999999997
72,10.0,-26.299999999999997
24,76.0,-64.80000000000001
48,6.0,-32.80000000000001
72,16.0,-30.80000000000001
24,0.0,-30.0
48,11.0,-34.0
72,7.0,-27.0
24,20.0,-32.700000000000045
48,100.0,-134.70000000000005
72,100.0,-51.700000000000045
24,51.0,-43.200000000000045
48,100.0,-211.20000000000005
72,100.0,-211.20000000000005
24,-40.0,-35.299999999999955
48,55.0,-133.29999999999995
72,55.0,-163.29999999999995
24,48.0,-38.299999999999955
48,96.0,-211.29999999999995
72,96.0,-137.29999999999995
24,10.0,-50.5
48,98.0,-127.5
72,98.0,-80.5
24,84.0,-85.80000000000001
48,84.0,-104.80000000000001
72,79.0,-78.80000000000001
24,66.0,-79.69999999999999
48,66.0,-91.69999999999999
72,66.0,-62.69999999999999
24,71.0,1.0
48,80.0,1.0
72,80.0,0.0
24,-87.0,-23.299999999999997
48,1.0,-43.3
72,1.0,-38.3
24,13.0,-53.80000000000001
48,13.0,-98.80000000000001
72,13.0,-71.80000000000001
24,76.0,-95.5
48,76.0,-143.5
72,76.0,-133.5
24,39.0,-36.200000000000045
48,96.0,-131.20000000000005
72,96.0,-188.20000000000005
24,17.0,-22.5
48,100.0,-214.5
72,100.0,-239.5
24,9.0,-32.200000000000045
48,93.0,-139.20000000000005
72,95.0,-304.20000000000005
24,32.0,-137.79999999999995
48,32.0,-141.79999999999995
72,32.0,-270.79999999999995
24,3.0,-171.20000000000005
48,3.0,-236.20000000000005
72,3.0,-277.20000000000005
24,20.0,-161.8
48,20.0,-193.8
72,20.0,-216.8
24,15.0,-66.69999999999999
48,15.0,-107.69999999999999
72,15.0,-110.69999999999999
24,-79.0,1.8
48,4.0,0.8
72,4.0,1.8
24,1.0,-6.700000000000003
48,1.0,-62.7
72,1.0,-32.7
24,0.0,-12.199999999999989
48,0.0,-115.19999999999999
72,0.0,-82.19999999999999
24,0.0,145.7
48,0.0,-0.30000000000001137
72,0.0,3.6999999999999886
24,0.0,137.0
48,0.0,18.0
72,0.0,-49.0
24,0.0,-110.20000000000005
48,0.0,-201.20000000000005
72,0.0,-199.20000000000005
24,0.0,-225.0
48,0.0,-368.0
72,0.0,-198.0
24,0.0,-46.19999999999999
48,0.0,-92.19999999999999
72,0.0,-171.2
24,0.0,-226.0
48,0.0,-259.0
72,0.0,-321.0
24,0.0,-42.0
48,0.0,-88.0
72,0.0,-99.0
24,0.0,-26.200000000000003
48,0.0,-22.200000000000003
72,0.0,-38.2
24,100.0,1.8
48,65.0,1.8
72,14.0,1.8
24,74.0,27.299999999999997
48,-7.0,39.3
72,38.0,32.3
24,28.0,114.2
48,-55.0,181.2
72,-57.0,178.2
24,0.0,132.8
48,0.0,192.8
72,-84.0,221.8
24,0.0,243.3
48,0.0,249.3
72,-84.0,363.3
24,0.0,102.19999999999999
48,0.0,84.19999999999999
72,0.0,61.19999999999999
24,0.0,182.5
48,0.0,221.5
72,0.0,4.5
24,0.0,142.7
48,0.0,186.7
72,0.0,-245.3
24,0.0,40.5
48,0.0,110.5
72,0.0,-69.5
24,24.0,-40.5
48,24.0,-51.5
72,24.0,-179.5
24,1.0,4.800000000000011
48,3.0,-75.19999999999999
72,3.0,-95.19999999999999
24,0.0,2.8
48,-35.0,2.8
72,-100.0,2.8
24,0.0,-4.299999999999997
48,-4.0,-3.299999999999997
72,-95.0,4.700000000000003
24,0.0,-22.0
48,0.0,19.0
72,0.0,36.0
24,0.0,106.5
48,0.0,194.5
72,0.0,213.5
24,0.0,220.0
48,0.0,254.0
72,0.0,316.0
24,0.0,59.5
48,0.0,288.5
72,0.0,355.5
24,0.0,-27.69999999999999
48,0.0,327.3
72,0.0,348.3
24,0.0,23.0
48,0.0,257.0
72,0.0,378.0
24,0.0,42.30000000000001
48,0.0,36.30000000000001
72,0.0,317.3
24,0.0,21.80000000000001
48,0.0,27.80000000000001
72,0.0,31.80000000000001
24,0.0,39.2
48,0.0,17.200000000000003
72,0.0,47.2
24,9.0,1.0
48,-76.0,3.0
72,8.0,3.0
24,64.0,-2.5
48,49.0,29.5
72,64.0,21.5
24,0.0,32.7
48,-14.0,110.7
72,-3.0,168.7
24,0.0,126.7
48,0.0,89.7
72,0.0,316.7
24,22.0,241.2
48,22.0,33.2
72,22.0,232.2
24,64.0,290.8
48,64.0,19.80000000000001
72,64.0,220.8
24,66.0,103.0
48,66.0,24.0
72,66.0,159.0
24,49.0,-36.0
48,49.0,-38.0
72,49.0,-63.0
24,0.0,-51.19999999999999
48,0.0,21.80000000000001
72,0.0,-49.19999999999999
24,0.0,-99.5
48,0.0,-140.5
72,0.0,-106.5
24,29.0,-19.299999999999997
48,29.0,22.700000000000003
72,29.0,10.700000000000003
24,0.0,0.2999999999999998
48,0.0,0.2999999999999998
72,0.0,0.2999999999999998
24,6.0,-34.69999999999999
48,5.0,-34.69999999999999
72,0.0,-35.69999999999999
24,5.0,-47.5
48,0.0,-47.5
72,5.0,-48.5
24,6.0,-45.0
48,6.0,-46.0
72,6.0,-47.0
24,0.0,-38.299999999999955
48,0.0,-40.299999999999955
72,11.0,-42.299999999999955
24,5.0,-50.799999999999955
48,10.0,-55.799999999999955
72,100.0,-73.79999999999995
24,11.0,-57.799999999999955
48,6.0,-60.799999999999955
72,100.0,-134.79999999999995
24,0.0,-62.700000000000045
48,8.0,-64.70000000000005
72,82.0,-113.70000000000005
24,5.0,-67.70000000000005
48,71.0,-94.70000000000005
72,92.0,-126.70000000000005
24,6.0,-57.0
48,81.0,-92.0
72,97.0,-155.0
24,100.0,-69.5
48,99.0,-77.5
72,100.0,-107.5
24,-1.0,2.7
48,-11.0,2.7
72,-22.0,3.7
24,0.0,-8.200000000000003
48,-17.0,27.799999999999997
72,0.0,18.799999999999997
24,0.0,67.5
48,0.0,160.5
72,0.0,150.5
24,0.0,68.80000000000001
48,0.0,218.8
72,-20.0,333.8
24,0.0,164.8
48,0.0,384.8
72,0.0,373.8
24,0.0,259.0
48,-78.0,564.0
72,0.0,377.0
24,-5.0,288.0
48,0.0,379.0
72,0.0,407.0
24,-8.0,230.3
48,1.0,299.3
72,1.0,305.3
24,0.0,-217.3
48,0.0,-31.30000000000001
72,0.0,53.69999999999999
24,98.0,-130.3
48,98.0,-120.30000000000001
72,98.0,-97.30000000000001
24,42.0,-122.19999999999999
48,46.0,-51.19999999999999
72,46.0,-57.19999999999999
24,0.0,0.0
48,-100.0,0.0
72,-95.0,0.0
24,1.0,-34.2
48,-99.0,-6.200000000000003
72,-89.0,-7.200000000000003
24,9.0,-24.30000000000001
48,-86.0,30.69999999999999
72,-85.0,29.69999999999999
24,24.0,-24.30000000000001
48,-76.0,39.69999999999999
72,-65.0,35.69999999999999
24,0.0,-28.700000000000045
48,-94.0,36.299999999999955
72,-42.0,26.299999999999955
24,66.0,-36.0
48,-23.0,9.0
72,66.0,-123.0
24,0.0,-43.299999999999955
48,0.0,-58.299999999999955
72,0.0,-118.29999999999995
24,11.0,-55.5
48,11.0,-4.5
72,-9.0,8.5
24,11.0,-38.299999999999955
48,3.0,2.7000000000000455
72,11.0,-31.299999999999955
24,12.0,-3.0
48,12.0,40.0
72,12.0,42.0
24,3.0,-12.300000000000011
48,3.0,-36.30000000000001
72,2.0,-5.300000000000011
24,42.0,0.0
48,42.0,0.0
72,42.0,1.0
24,0.0,-28.799999999999997
48,0.0,-30.799999999999997
72,0.0,-30.799999999999997
24,37.0,-80.80000000000001
48,36.0,-24.80000000000001
72,37.0,-83.80000000000001
24,72.0,-92.19999999999999
48,72.0,-279.2
72,72.0,-274.2
24,70.0,-11.0
48,100.0,-218.0
72,100.0,-407.0
24,-1.0,10.299999999999955
48,99.0,-240.70000000000005
72,97.0,-301.70000000000005
24,-1.0,-45.700000000000045
48,99.0,-552.7
72,99.0,-455.70000000000005
24,-11.0,-64.5
48,51.0,-443.5
72,32.0,-226.5
24,-41.0,-118.79999999999995
48,-7.0,-289.79999999999995
72,0.0,-385.79999999999995
24,9.0,-231.2
48,20.0,-261.2
72,20.0,-335.2
24,56.0,-209.0
48,56.0,-164.0
72,56.0,-203.0
24,86.0,-40.0
48,86.0,-40.0
72,86.0,-36.0
24,-87.0,-0.5
48,6.0,-4.5
72,6.0,-4.5
24,7.0,-46.5
48,7.0,-127.5
72,7.0,-122.5
24,11.0,-60.69999999999999
48,11.0,-183.7
72,11.0,-221.7
24,5.0,-29.80000000000001
48,5.0,-332.8
72,5.0,-394.8
24,4.0,0.2999999999999545
48,-9.0,-129.70000000000005
72,4.0,-411.70000000000005
24,1.0,-102.0
48,1.0,-535.0
72,1.0,-655.0
24,31.0,-106.0
48,31.0,-414.0
72,31.0,-685.0
24,8.0,81.5
48,8.0,142.5
72,8.0,-318.5
24,51.0,-109.79999999999995
48,51.0,-155.79999999999995
72,51.0,-565.8
24,-100.0,-28.19999999999999
48,0.0,-54.19999999999999
72,0.0,-109.19999999999999
24,-100.0,-24.0
48,-100.0,-23.0
72,0.0,-206.0
24,-26.0,-2.0
48,-31.0,-1.0
72,69.0,-5.0
24,75.0,-5.5
48,75.0,-6.5
72,75.0,-1.5
24,24.0,-138.3
48,24.0,-131.3
72,24.0,-115.30000000000001
24,35.0,-240.8
48,35.0,-309.8
72,35.0,-186.8
24,62.0,-81.0
48,91.0,-440.0
72,91.0,-418.0
24,-16.0,-20.799999999999955
48,79.0,-317.79999999999995
72,-4.0,-26.799999999999955
24,70.0,-411.70000000000005
48,-30.0,-22.700000000000045
72,70.0,-564.7
24,-60.0,80.79999999999995
48,-65.0,75.79999999999995
72,-60.0,71.79999999999995
24,42.0,-64.70000000000005
48,-19.0,-47.700000000000045
72,-34.0,-52.700000000000045
24,83.0,-147.29999999999995
48,-8.0,-55.299999999999955
72,34.0,-58.299999999999955
24,84.0,-110.30000000000001
48,48.0,-49.30000000000001
72,84.0,-253.3
24,31.0,-95.69999999999999
48,52.0,-217.7
72,52.0,-119.69999999999999
24,63.0,-37.3
48,63.0,-41.3
72,63.0,-31.299999999999997
24,16.0,-0.5
48,-31.0,-1.5
72,7.0,-1.5
24,44.0,-36.19999999999999
48,-50.0,-18.19999999999999
72,44.0,-32.19999999999999
24,-61.0,-4.0
48,-48.0,-10.0
72,4.0,-8.0
24,88.0,-142.20000000000005
48,88.0,-120.20000000000005
72,4.0,-27.200000000000045
24,50.0,-24.0
48,50.0,-56.0
72,-40.0,91.0
24,-8.0,-43.0
48,23.0,-161.0
72,-48.0,-29.0
24,-60.0,174.70000000000005
48,30.0,115.70000000000005
72,-12.0,163.70000000000005
24,-67.0,219.3
48,-84.0,220.3
72,-94.0,221.3
24,-99.0,184.2
48,-94.0,184.2
72,-99.0,185.2
24,-100.0,139.7
48,-88.0,138.7
72,-66.0,135.7
24,-100.0,159.0
48,-21.0,83.0
72,-4.0,84.0
24,-65.0,23.7
48,-74.0,17.7
72,0.0,-21.3
24,0.0,-1.5
48,0.0,-2.5
72,0.0,-2.5
24,0.0,-29.700000000000003
48,0.0,-42.7
72,0.0,-42.7
24,0.0,-77.8
48,0.0,-93.8
72,0.0,-88.8
24,0.0,-77.7
48,0.0,-74.7
72,0.0,-83.7
24,0.0,-87.8
48,0.0,-58.8
72,0.0,-95.8
24,0.0,-17.700000000000003
48,0.0,-45.7
72,0.0,-58.7
24,0.0,-178.0
48,0.0,-185.0
72,0.0,-174.0
24,0.0,-83.5
48,0.0,-128.5
72,0.0,-107.5
24,0.0,-49.7
48,0.0,-72.7
72,0.0,-67.7
24,0.0,-52.7
48,0.0,-20.700000000000003
72,0.0,-65.7
24,0.0,-54.5
48,0.0,-48.5
72,0.0,-63.5
24,0.0,-24.3
48,0.0,-23.3
72,0.0,-23.3
24,0.0,-2.7
48,0.0,-2.7
72,0.0,-2.7
24,0.0,-33.7
48,0.0,-31.700000000000003
72,0.0,-32.7
24,0.0,-47.7
48,0.0,-39.7
72,0.0,-39.7
24,0.0,-56.2
48,0.0,-45.2
72,0.0,-57.2
24,0.0,-137.7
48,0.0,-130.7
72,0.0,-135.7
24,0.0,-178.5
48,0.0,-173.5
72,0.0,-178.5
24,0.0,-185.5
48,0.0,-180.5
72,0.0,-192.5
24,0.0,-140.8
48,0.0,-121.80000000000001
72,0.0,-132.8
24,0.0,-102.5
48,0.0,-98.5
72,0.0,-94.5
24,0.0,-52.5
48,0.0,-67.5
72,0.0,-72.5
24,0.0,-24.0
48,0.0,-28.0
72,0.0,-37.0
24,0.0,-12.0
48,0.0,-16.0
72,0.0,-17.0
24,0.0,1.5
48,0.0,-1.5
72,0.0,-2.5
24,4.0,-18.0
48,4.0,0.0
72,4.0,-48.0
24,0.0,58.0
48,0.0,223.0
72,0.0,-68.0
24,0.0,214.3
48,-49.0,398.3
72,0.0,-61.7
24,0.0,301.5
48,-3.0,341.5
72,0.0,12.5
24,0.0,172.0
48,0.0,452.0
72,0.0,42.0
24,0.0,176.2
48,0.0,324.2
72,0.0,9.199999999999989
24,0.0,99.30000000000001
48,0.0,272.3
72,0.0,44.30000000000001
24,0.0,72.30000000000001
48,0.0,144.3
72,0.0,37.30000000000001
24,0.0,28.80000000000001
48,0.0,114.80000000000001
72,0.0,24.80000000000001
24,0.0,38.3
48,0.0,10.299999999999997
72,0.0,-4.700000000000003
24,0.0,15.3
48,0.0,5.300000000000001
72,0.0,6.300000000000001
24,4.0,-4.0
48,36.0,-6.0
72,19.0,-5.0
24,15.0,-33.19999999999999
48,23.0,-34.19999999999999
72,100.0,-54.19999999999999
24,5.0,-33.69999999999999
48,95.0,-41.69999999999999
72,16.0,-35.69999999999999
24,46.0,-30.0
48,100.0,-51.0
72,15.0,-32.0
24,11.0,-13.5
48,100.0,-67.5
72,16.0,-20.5
24,-11.0,-20.799999999999955
48,79.0,-82.79999999999995
72,21.0,-30.799999999999955
24,66.0,-57.299999999999955
48,72.0,-94.29999999999995
72,72.0,-92.29999999999995
24,65.0,-61.0
48,100.0,-111.0
72,100.0,-94.0
24,100.0,-71.29999999999995
48,32.0,-58.299999999999955
72,100.0,-126.29999999999995
24,84.0,-145.5
48,66.0,-93.5
72,84.0,-159.5
24,20.0,-82.0
48,20.0,-118.0
72,20.0,-100.0
24,5.0,-1.7000000000000028
48,5.0,-8.700000000000003
72,5.0,-4.700000000000003
24,1.0,-5.699999999999999
48,1.0,-5.699999999999999
72,1.0,-5.699999999999999
24,53.0,-50.19999999999999
48,53.0,-83.19999999999999
72,53.0,-111.19999999999999
24,-8.0,-27.19999999999999
48,0.0,-102.19999999999999
72,0.0,-155.2
24,-3.0,18.19999999999999
48,0.0,14.199999999999989
72,0.0,-72.80000000000001
24,0.0,105.5
48,0.0,-9.5
72,0.0,29.5
24,0.0,132.0
48,0.0,-19.0
72,0.0,-61.0
24,0.0,106.5
48,0.0,131.5
72,0.0,115.5
24,0.0,5.7999999999999545
48,0.0,103.79999999999995
72,-85.0,253.79999999999995
24,-35.0,48.200000000000045
48,0.0,3.2000000000000455
72,-93.0,57.200000000000045
24,4.0,-18.0
48,4.0,-18.0
72,6.0,-21.0
24,-10.0,-7.199999999999989
48,-10.0,-7.199999999999989
72,-10.0,-9.199999999999989
24,5.0,5.0
48,0.0,5.0
72,0.0,4.0
24,93.0,-4.199999999999999
48,93.0,-5.199999999999999
72,93.0,-4.199999999999999
24,5.0,-22.69999999999999
48,47.0,-25.69999999999999
72,58.0,-43.69999999999999
24,3.0,-30.5
48,10.0,-30.5
72,71.0,-46.5
24,-21.0,-29.200000000000045
48,-20.0,-27.200000000000045
72,-20.0,-27.200000000000045
24,74.0,-20.5
48,5.0,-14.5
72,5.0,-13.5
24,100.0,-44.799999999999955
48,7.0,-27.799999999999955
72,6.0,-27.799999999999955
24,100.0,-107.20000000000005
48,100.0,-101.20000000000005
72,5.0,-36.200000000000045
24,100.0,-105.79999999999995
48,100.0,-111.79999999999995
72,70.0,-36.799999999999955
24,71.0,-99.5
48,71.0,-99.5
72,71.0,-83.5
24,80.0,-166.2
48,80.0,-48.19999999999999
72,80.0,-29.19999999999999
24,97.0,-68.0
48,97.0,-120.0
72,57.0,7.0
24,97.0,-21.700000000000003
48,97.0,-14.700000000000003
72,95.0,0.29999999999999716
24,-2.0,-5.800000000000001
48,55.0,-4.800000000000001
72,87.0,-9.8
24,-69.0,-25.80000000000001
48,25.0,-37.80000000000001
72,1.0,-28.80000000000001
24,-51.0,-26.5
48,-8.0,-25.5
72,38.0,-50.5
24,3.0,-6.2999999999999545
48,55.0,-8.299999999999955
72,97.0,-43.299999999999955
24,-16.0,17.5
48,0.0,2.5
72,0.0,-58.5
24,28.0,76.70000000000005
48,-49.0,96.70000000000005
72,39.0,-141.29999999999995
24,-11.0,56.299999999999955
48,-88.0,86.29999999999995
72,0.0,-98.70000000000005
24,19.0,12.700000000000045
48,36.0,31.700000000000045
72,56.0,-44.299999999999955
24,6.0,33.700000000000045
48,6.0,-28.299999999999955
72,6.0,-130.29999999999995
24,10.0,62.69999999999999
48,10.0,-67.30000000000001
72,10.0,-244.3
24,0.0,-4.799999999999997
48,-7.0,107.2
72,0.0,-21.799999999999997
24,0.0,12.3
48,0.0,11.3
72,0.0,-15.7
24,-37.0,-0.5
48,0.0,-10.5
72,0.0,-11.5
24,1.0,-86.80000000000001
48,1.0,-118.80000000000001
72,1.0,-130.8
24,44.0,-138.7
48,44.0,-207.7
72,44.0,-267.7
24,24.0,-319.29999999999995
48,-5.0,-22.299999999999955
72,24.0,-428.29999999999995
24,1.0,39.0
48,15.0,-64.0
72,38.0,-379.0
24,-9.0,42.799999999999955
48,5.0,-38.200000000000045
72,32.0,-489.20000000000005
24,11.0,-132.79999999999995
48,-6.0,-218.79999999999995
72,11.0,-357.79999999999995
24,0.0,-135.20000000000005
48,-43.0,-102.20000000000005
72,-32.0,-158.20000000000005
24,0.0,-149.70000000000005
48,-26.0,-208.70000000000005
72,-16.0,-233.70000000000005
24,2.0,-183.2
48,2.0,-229.2
72,2.0,-253.2
24,5.0,-132.3
48,5.0,-147.3
72,5.0,-155.3
24,75.0,-30.5
48,75.0,-34.5
72,75.0,-34.5
24,99.0,-12.0
48,80.0,-9.0
72,99.0,-16.0
24,99.0,-108.0
48,99.0,-126.0
72,99.0,-165.0
24,18.0,-48.30000000000001
48,100.0,-344.3
72,100.0,-333.3
24,-3.0,-38.299999999999955
48,97.0,-464.29999999999995
72,58.0,-135.29999999999995
24,-49.0,-18.700000000000045
48,-30.0,-30.700000000000045
72,36.0,-251.70000000000005
24,-94.0,-18.5
48,-54.0,-36.5
72,-21.0,-141.5
24,20.0,-46.700000000000045
48,12.0,-55.700000000000045
72,42.0,-106.70000000000005
24,43.0,-72.79999999999995
48,54.0,-158.79999999999995
72,86.0,-209.79999999999995
24,-34.0,-63.700000000000045
48,1.0,-243.70000000000005
72,-54.0,11.299999999999955
24,-25.0,19.0
48,19.0,-244.0
72,19.0,-305.0
24,56.0,-23.0
48,56.0,-171.0
72,56.0,-222.0
24,7.0,-10.0
48,7.0,-48.0
72,-6.0,-25.0
24,0.0,-8.3
48,0.0,-7.300000000000001
72,0.0,-7.300000000000001
24,0.0,-50.7
48,0.0,-40.7
72,0.0,39.3
24,0.0,-58.8
48,0.0,-17.799999999999997
72,0.0,217.2
24,0.0,-111.30000000000001
48,0.0,236.7
72,0.0,317.7
24,0.0,-41.3
48,0.0,532.7
72,0.0,530.7
24,0.0,-95.19999999999999
48,0.0,484.8
72,0.0,428.8
24,0.0,-96.0
48,0.0,486.0
72,0.0,449.0
24,0.0,-72.0
48,0.0,418.0
72,0.0,377.0
24,0.0,-137.2
48,0.0,79.80000000000001
72,0.0,-47.19999999999999
24,0.0,-83.0
48,0.0,44.0
72,0.0,-64.0
24,0.0,-22.5
48,0.0,91.5
72,0.0,89.5
24,0.0,-9.8
48,0.0,17.2
72,0.0,33.2
24,0.0,-9.8
48,-8.0,-3.8000000000000007
72,0.0,-9.8
24,0.0,-69.7
48,-7.0,59.3
72,0.0,-73.7
24,0.0,-72.7
48,0.0,-19.700000000000003
72,0.0,-69.7
24,0.0,-51.8
48,0.0,-52.8
72,0.0,-75.8
24,0.0,-178.2
48,0.0,-240.2
72,0.0,-209.2
24,0.0,-250.2
48,0.0,-219.2
72,0.0,-100.19999999999999
24,0.0,-146.2
48,0.0,-28.19999999999999
72,0.0,-11.199999999999989
24,0.0,-122.0
48,0.0,-181.0
72,0.0,-157.0
24,0.0,-84.5
48,0.0,-96.5
72,0.0,-24.5
24,0.0,-60.0
48,0.0,-95.0
72,0.0,-83.0
24,0.0,-51.8
48,0.0,-54.8
72,0.0,-51.8
24,0.0,-11.5
48,0.0,-16.5
72,0.0,-16.5
24,0.0,-17.3
48,0.0,-12.3
72,0.0,-17.3
24,0.0,-48.8
48,0.0,54.2
72,0.0,-56.8
24,0.0,-40.3
48,0.0,93.7
72,0.0,-68.3
24,0.0,18.700000000000003
48,0.0,-5.299999999999997
72,0.0,-38.3
24,0.0,-102.0
48,0.0,-125.0
72,0.0,-170.0
24,0.0,-190.2
48,0.0,-232.2
72,0.0,-240.2
24,0.0,-159.5
48,0.0,-148.5
72,0.0,-169.5
24,0.0,-77.0
48,0.0,-38.0
72,0.0,-84.0
24,0.0,-108.5
48,0.0,-51.5
72,0.0,-58.5
24,0.0,-58.7
48,0.0,-52.7
72,0.0,-25.700000000000003
24,0.0,-15.2
48,0.0,-16.2
72,0.0,-22.2
24,0.0,-14.2
48,0.0,-19.2
72,0.0,-19.2
24,0.0,-9.5
48,0.0,-9.5
72,0.0,-9.5
24,0.0,-75.0
48,0.0,-81.0
72,0.0,-79.0
24,0.0,-180.7
48,0.0,-189.7
72,0.0,-186.7
24,0.0,-216.3
48,0.0,-218.3
72,0.0,-226.3
24,0.0,-209.2
48,0.0,-213.2
72,0.0,-218.2
24,0.0,-132.2
48,0.0,-144.2
72,0.0,-135.2
24,0.0,-73.5
48,0.0,-79.5
72,0.0,-72.5
24,0.0,2.299999999999997
48,0.0,-89.7
72,0.0,-71.7
24,0.0,-56.0
48,0.0,-68.0
72,0.0,-46.0
24,0.0,-56.3
48,0.0,-61.3
72,0.0,-48.3
24,0.0,-18.5
48,0.0,-18.5
72,0.0,-16.5
24,0.0,-32.3
48,0.0,-28.299999999999997
72,0.0,-32.3
24,-91.0,-2.3000000000000007
48,0.0,-3.3000000000000007
72,0.0,-2.3000000000000007
24,90.0,10.800000000000011
48,90.0,-59.19999999999999
72,89.0,19.80000000000001
24,59.0,-188.0
48,59.0,30.0
72,59.0,100.0
24,93.0,-241.70000000000005
48,36.0,-57.700000000000045
72,97.0,-49.700000000000045
24,47.0,-121.5
48,11.0,-40.5
72,6.0,-41.5
24,1.0,-52.200000000000045
48,0.0,-43.200000000000045
72,1.0,-43.200000000000045
24,4.0,36.700000000000045
48,3.0,37.700000000000045
72,3.0,38.700000000000045
24,-8.0,35.5
48,-7.0,29.5
72,54.0,20.5
24,93.0,-86.70000000000005
48,95.0,-124.70000000000005
72,1.0,-65.70000000000005
24,41.0,-68.79999999999995
48,94.0,-91.79999999999995
72,4.0,-71.79999999999995
24,96.0,-122.5
48,50.0,-67.5
72,93.0,-73.5
24,3.0,-37.2
48,3.0,-43.2
72,3.0,-22.200000000000003
24,0.0,-12.0
48,6.0,-12.0
72,0.0,-12.0
24,7.0,-43.30000000000001
48,94.0,-51.30000000000001
72,0.0,-43.30000000000001
24,100.0,-81.0
48,100.0,-70.0
72,0.0,-47.0
24,-3.0,-43.0
48,-3.0,-44.0
72,7.0,-42.0
24,0.0,-38.799999999999955
48,7.0,-39.799999999999955
72,0.0,-34.799999999999955
24,5.0,-56.200000000000045
48,10.0,-57.200000000000045
72,0.0,-51.200000000000045
24,100.0,-79.20000000000005
48,11.0,-60.200000000000045
72,0.0,-55.200000000000045
24,100.0,-142.20000000000005
48,100.0,-132.20000000000005
72,0.0,-59.200000000000045
24,69.0,-190.79999999999995
48,-31.0,-65.79999999999995
72,-26.0,-63.799999999999955
24,0.0,-67.70000000000005
48,-69.0,-53.700000000000045
72,-5.0,-63.700000000000045
24,-86.0,-36.80000000000001
48,-97.0,-37.80000000000001
72,3.0,-54.80000000000001
24,-90.0,0.5
48,-93.0,0.5
72,0.0,-24.5
24,6.0,-11.700000000000003
48,0.0,-11.700000000000003
72,0.0,-10.700000000000003
24,0.0,-38.19999999999999
48,0.0,-37.19999999999999
72,0.0,-36.19999999999999
24,5.0,-41.69999999999999
48,0.0,-40.69999999999999
72,0.0,-39.69999999999999
24,0.0,-38.700000000000045
48,0.0,-38.700000000000045
72,0.0,-36.700000000000045
24,0.0,-32.200000000000045
48,0.0,-33.200000000000045
72,0.0,-30.200000000000045
24,0.0,-48.200000000000045
48,0.0,-47.200000000000045
72,0.0,-47.200000000000045
24,0.0,-63.5
48,0.0,-56.5
72,0.0,-56.5
24,-69.0,-64.70000000000005
48,-74.0,-61.700000000000045
72,-74.0,-61.700000000000045
24,-54.0,-7.0
48,-54.0,-7.0
72,-54.0,-8.0
24,-38.0,-55.5
48,-38.0,-55.5
72,-38.0,-55.5
24,10.0,-39.80000000000001
48,0.0,-39.80000000000001
72,0.0,-38.80000000000001
24,0.0,-4.0
48,0.0,-4.0
72,100.0,-14.0
24,7.0,-14.700000000000003
48,60.0,-15.700000000000003
72,0.0,-15.700000000000003
24,0.0,-42.80000000000001
48,5.0,-41.80000000000001
72,6.0,-42.80000000000001
24,0.0,-47.80000000000001
48,0.0,-46.80000000000001
72,0.0,-47.80000000000001
24,6.0,-44.700000000000045
48,6.0,-42.700000000000045
72,0.0,-43.700000000000045
24,5.0,-40.299999999999955
48,37.0,-40.299999999999955
72,0.0,-39.299999999999955
24,6.0,-51.5
48,100.0,-162.5
72,0.0,-51.5
24,0.0,-59.700000000000045
48,100.0,-87.70000000000005
72,0.0,-59.700000000000045
24,0.0,-61.299999999999955
48,100.0,-81.29999999999995
72,0.0,-62.299999999999955
24,0.0,-59.5
48,100.0,-73.5
72,0.0,-62.5
24,0.0,-52.200000000000045
48,5.0,-53.200000000000045
72,6.0,-53.200000000000045
24,0.0,-33.69999999999999
48,100.0,-87.69999999999999
72,5.0,-33.69999999999999
24,0.0,5.299999999999997
48,100.0,-7.700000000000003
72,0.0,5.299999999999997
24,0.0,-14.200000000000003
48,0.0,-14.200000000000003
72,0.0,-14.200000000000003
24,0.0,-38.69999999999999
48,0.0,-38.69999999999999
72,0.0,-38.69999999999999
24,0.0,-43.19999999999999
48,0.0,-43.19999999999999
72,0.0,-43.19999999999999
24,0.0,-39.5
48,0.0,-38.5
72,0.0,-38.5
24,0.0,-35.700000000000045
48,0.0,-34.700000000000045
72,0.0,-35.700000000000045
24,0.0,-46.299999999999955
48,0.0,-48.299999999999955
72,0.0,-47.299999999999955
24,0.0,-57.200000000000045
48,0.0,-60.200000000000045
72,0.0,-58.200000000000045
24,-17.0,-57.0
48,-17.0,-60.0
72,-17.0,-61.0
24,-23.0,-59.299999999999955
48,-23.0,-61.299999999999955
72,-23.0,-62.299999999999955
24,-1.0,-41.0
48,-1.0,-45.0
72,-1.0,-41.0
24,0.0,-38.19999999999999
48,0.0,-40.19999999999999
72,0.0,-37.19999999999999
24,0.0,-1.7999999999999972
48,0.0,-1.7999999999999972
72,0.0,-2.799999999999997
24,6.0,-15.200000000000003
48,5.0,-16.200000000000003
72,0.0,-16.200000000000003
24,1.0,-39.19999999999999
48,83.0,-61.19999999999999
72,-4.0,-43.19999999999999
24,0.0,-43.30000000000001
48,5.0,-48.30000000000001
72,0.0,-48.30000000000001
24,0.0,-40.0
48,0.0,-43.0
72,0.0,-45.0
24,-3.0,-35.799999999999955
48,-3.0,-37.799999999999955
72,-3.0,-39.799999999999955
24,0.0,-41.200000000000045
48,5.0,-44.200000000000045
72,0.0,-44.200000000000045
24,100.0,-107.29999999999995
48,6.0,-59.299999999999955
72,0.0,-57.299999999999955
24,46.0,-65.5
48,0.0,-63.5
72,0.0,-60.5
24,0.0,-62.200000000000045
48,62.0,-69.20000000000005
72,0.0,-62.200000000000045
24,5.0,-62.200000000000045
48,62.0,-70.20000000000005
72,0.0,-60.200000000000045
24,0.0,-46.69999999999999
48,100.0,-99.69999999999999
72,0.0,-44.69999999999999
24,-25.0,-6.799999999999997
48,48.0,-16.799999999999997
72,-52.0,-5.799999999999997
24,6.0,-15.299999999999997
48,6.0,-16.299999999999997
72,13.0,-16.299999999999997
24,51.0,-56.5
48,5.0,-40.5
72,15.0,-39.5
24,100.0,-85.19999999999999
48,100.0,-54.19999999999999
72,11.0,-39.19999999999999
24,88.0,-52.700000000000045
48,6.0,-37.700000000000045
72,6.0,-32.700000000000045
24,97.0,-56.0
48,0.0,-35.0
72,5.0,-29.0
24,5.0,-46.700000000000045
48,5.0,-48.700000000000045
72,0.0,-40.700000000000045
24,5.0,-59.5
48,5.0,-61.5
72,93.0,-60.5
24,0.0,-56.0
48,0.0,-69.0
72,0.0,-62.0
24,0.0,-64.29999999999995
48,0.0,-72.29999999999995
72,0.0,-63.299999999999955
24,0.0,-57.700000000000045
48,100.0,-89.70000000000005
72,5.0,-53.700000000000045
24,-12.0,-30.80000000000001
48,52.0,-54.80000000000001
72,-12.0,-29.80000000000001
24,-2.0,3.5
48,4.0,-1.5
72,-2.0,3.5
24,6.0,-15.200000000000003
48,12.0,-16.200000000000003
72,100.0,-21.200000000000003
24,56.0,-35.19999999999999
48,16.0,-27.19999999999999
72,91.0,-71.19999999999999
24,77.0,-44.5
48,100.0,-69.5
72,100.0,-90.5
24,46.0,207.0
48,56.0,221.0
72,88.0,158.0
24,21.0,102.20000000000005
48,20.0,121.20000000000005
72,21.0,128.20000000000005
24,0.0,409.5
48,-6.0,459.5
72,0.0,478.5
24,0.0,99.80000000000001
48,0.0,317.8
72,-17.0,401.8
24,-10.0,460.8
48,0.0,395.8
72,0.0,403.8
24,0.0,261.2
48,0.0,191.2
72,0.0,183.2
24,0.0,123.80000000000001
48,0.0,111.80000000000001
72,0.0,336.8
24,1.0,118.5
48,1.0,73.5
72,-99.0,281.5
24,0.0,13.5
48,0.0,13.5
72,-100.0,88.5
24,-6.0,-15.0
48,-11.0,-15.0
72,-11.0,-15.0
24,2.0,-31.30000000000001
48,-3.0,-32.30000000000001
72,-3.0,-32.30000000000001
24,0.0,-29.69999999999999
48,0.0,-30.69999999999999
72,0.0,-30.69999999999999
24,5.0,-25.0
48,0.0,-26.0
72,0.0,-26.0
24,0.0,-24.700000000000045
48,0.0,-22.700000000000045
72,0.0,-23.700000000000045
24,5.0,-33.200000000000045
48,0.0,-31.200000000000045
72,0.0,-32.200000000000045
24,6.0,-39.5
48,6.0,-40.5
72,0.0,-40.5
24,100.0,-62.0
48,62.0,-50.0
72,0.0,-39.0
24,100.0,-39.5
48,56.0,-28.5
72,5.0,-14.5
24,100.0,-27.299999999999955
48,100.0,-37.299999999999955
72,45.0,13.700000000000045
24,72.0,-26.80000000000001
48,72.0,-18.80000000000001
72,63.0,9.199999999999989
24,61.0,22.799999999999997
48,61.0,25.799999999999997
72,61.0,28.799999999999997
24,0.0,-16.700000000000003
48,0.0,-16.700000000000003
72,0.0,-16.700000000000003
24,0.0,-35.80000000000001
48,1.0,-34.80000000000001
72,0.0,-35.80000000000001
24,0.0,-39.69999999999999
48,0.0,-39.69999999999999
72,0.0,-38.69999999999999
24,0.0,-38.299999999999955
48,0.0,-38.299999999999955
72,0.0,-35.299999999999955
24,0.0,-37.0
48,0.0,-39.0
72,0.0,-36.0
24,0.0,-53.200000000000045
48,0.0,-53.200000000000045
72,0.0,-53.200000000000045
24,0.0,-64.70000000000005
48,0.0,-65.70000000000005
72,0.0,-66.70000000000005
24,0.0,-69.79999999999995
48,0.0,-71.79999999999995
72,0.0,-73.79999999999995
24,0.0,-66.79999999999995
48,0.0,-69.79999999999995
72,0.0,-69.79999999999995
24,0.0,-65.0
48,0.0,-68.0
72,0.0,-67.0
24,0.0,-47.80000000000001
48,0.0,-49.80000000000001
72,0.0,-49.80000000000001
24,0.0,-5.5
48,0.0,-5.5
72,0.0,-6.5
24,0.0,-17.200000000000003
48,0.0,-18.200000000000003
72,100.0,-47.2
24,0.0,-37.30000000000001
48,0.0,-39.30000000000001
72,100.0,-83.30000000000001
24,0.0,-40.5
48,0.0,-47.5
72,100.0,-178.5
24,0.0,-35.0
48,0.0,-44.0
72,100.0,-328.0
24,0.0,-31.5
48,0.0,-43.5
72,100.0,-81.5
24,0.0,-41.799999999999955
48,0.0,-55.799999999999955
72,94.0,-92.79999999999995
24,0.0,-48.299999999999955
48,0.0,-64.29999999999995
72,17.0,-76.29999999999995
24,0.0,-47.799999999999955
48,0.0,-61.799999999999955
72,100.0,-99.79999999999995
24,-3.0,-45.799999999999955
48,-3.0,-58.799999999999955
72,97.0,-102.79999999999995
24,0.0,-38.200000000000045
48,0.0,-53.200000000000045
72,0.0,-60.200000000000045
24,-3.0,-23.5
48,-3.0,-31.5
72,-3.0,-36.5
24,-2.0,2.200000000000003
48,-2.0,0.20000000000000284
72,-2.0,-1.7999999999999972
24,0.0,19.0
48,0.0,0.0
72,0.0,16.0
24,0.0,42.8
48,0.0,-91.2
72,0.0,42.8
24,0.0,103.69999999999999
48,0.0,-119.30000000000001
72,0.0,225.7
24,0.0,366.7
48,0.0,-131.3
72,0.0,348.7
24,-61.0,543.3
48,0.0,-68.69999999999999
72,0.0,520.3
24,-32.0,381.8
48,0.0,-195.2
72,0.0,217.8
24,0.0,222.0
48,0.0,-344.0
72,0.0,-200.0
24,-4.0,184.7
48,0.0,-155.3
72,0.0,-83.30000000000001
24,0.0,-95.0
48,0.0,-104.0
72,0.0,196.0
24,0.0,-110.19999999999999
48,0.0,-113.19999999999999
72,0.0,150.8
24,0.0,-78.5
48,0.0,-81.5
72,0.0,-65.5
24,0.0,-47.7
48,0.0,-41.7
72,0.0,-26.700000000000003
24,0.0,-33.7
48,0.0,-28.700000000000003
72,0.0,-29.700000000000003
24,0.0,-48.5
48,0.0,-2.5
72,0.0,-25.5
24,0.0,-51.5
48,0.0,-174.5
72,0.0,-162.5
24,0.0,-6.5
48,0.0,-161.5
72,0.0,-6.5
24,0.0,-114.19999999999999
48,0.0,-239.2
72,0.0,-86.19999999999999
24,0.0,415.2
48,0.0,-90.80000000000001
72,0.0,298.2
24,0.0,414.8
48,0.0,162.8
72,0.0,185.8
24,0.0,65.5
48,0.0,69.5
72,0.0,188.5
24,0.0,383.7
48,0.0,94.7
72,0.0,263.7
24,0.0,328.5
48,0.0,101.5
72,0.0,215.5
24,0.0,78.2
48,0.0,0.20000000000000284
72,0.0,39.2
24,0.0,-2.5
48,0.0,8.5
72,0.0,-4.5
24,0.0,0.0
48,0.0,0.0
72,0.0,0.0
24,0.0,7.5
48,0.0,-3.5
72,0.0,5.5
24,0.0,-67.19999999999999
48,0.0,-49.19999999999999
72,0.0,-80.19999999999999
24,0.0,-96.30000000000001
48,0.0,-24.30000000000001
72,0.0,-45.30000000000001
24,0.0,37.19999999999999
48,0.0,150.2
72,0.0,69.19999999999999
24,0.0,146.2
48,0.0,-47.80000000000001
72,0.0,216.2
24,0.0,-202.5
48,0.0,94.5
72,0.0,-169.5
24,0.0,78.79999999999995
48,0.0,-148.20000000000005
72,0.0,-299.20000000000005
24,0.0,185.5
48,0.0,140.5
72,0.0,-88.5
24,0.0,-84.0
48,0.0,-16.0
72,0.0,-52.0
24,0.0,-1.1999999999999886
48,0.0,-68.19999999999999
72,0.0,50.80000000000001
24,0.0,8.5
48,0.0,-90.5
72,0.0,-101.5
24,1.0,18.700000000000003
48,1.0,13.700000000000003
72,1.0,-24.299999999999997
24,0.0,0.0
48,0.0,0.0
72,-89.0,0.0
24,0.0,-18.700000000000003
48,0.0,-26.700000000000003
72,-90.0,-9.700000000000003
24,0.0,-52.30000000000001
48,0.0,-57.30000000000001
72,0.0,-18.30000000000001
24,0.0,37.5
48,0.0,-4.5
72,0.0,54.5
24,0.0,186.5
48,0.0,224.5
72,0.0,262.5
24,0.0,245.3
48,0.0,207.3
72,0.0,37.30000000000001
24,0.0,119.0
48,0.0,-257.0
72,0.0,-243.0
24,0.0,-451.0
48,0.0,-329.0
72,0.0,-494.0
24,30.0,243.0
48,30.0,-12.0
72,30.0,-242.0
24,21.0,-41.0
48,21.0,-128.0
72,21.0,-255.0
24,2.0,-2.8000000000000114
48,2.0,-116.80000000000001
72,2.0,-82.80000000000001
24,0.0,-7.300000000000011
48,0.0,-30.30000000000001
72,0.0,-66.30000000000001
24,100.0,6.700000000000003
48,98.0,8.700000000000003
72,100.0,-24.299999999999997
24,2.0,0.0
48,2.0,0.0
72,-41.0,0.0
24,0.0,-38.2
48,0.0,-23.200000000000003
72,-95.0,-19.200000000000003
24,0.0,-66.30000000000001
48,0.0,-63.30000000000001
72,-94.0,-14.300000000000011
24,9.0,-53.200000000000045
48,9.0,-84.20000000000005
72,9.0,-56.200000000000045
24,55.0,-81.5
48,55.0,-238.5
72,55.0,-60.5
24,100.0,-34.799999999999955
48,100.0,-57.799999999999955
72,100.0,-40.799999999999955
24,24.0,-139.70000000000005
48,24.0,-147.70000000000005
72,24.0,-130.70000000000005
24,1.0,-116.70000000000005
48,1.0,-344.70000000000005
72,1.0,-91.70000000000005
24,-17.0,-33.200000000000045
48,0.0,-115.20000000000005
72,0.0,-143.20000000000005
24,0.0,1.2000000000000455
48,0.0,-141.79999999999995
72,0.0,-138.79999999999995
24,0.0,68.69999999999999
48,0.0,-3.3000000000000114
72,0.0,-12.300000000000011
24,0.0,-40.69999999999999
48,0.0,-17.69999999999999
72,0.0,-49.69999999999999
24,0.0,20.0
48,0.0,17.0
72,0.0,16.0
24,100.0,0.0
48,0.0,0.0
72,100.0,0.0
24,-13.0,-21.700000000000003
48,-13.0,-22.700000000000003
72,87.0,-33.7
24,0.0,-33.80000000000001
48,0.0,-36.80000000000001
72,10.0,-35.80000000000001
24,100.0,-63.5
48,6.0,-32.5
72,6.0,-32.5
24,6.0,-28.200000000000045
48,0.0,-29.200000000000045
72,6.0,-29.200000000000045
24,10.0,-25.700000000000045
48,95.0,-51.700000000000045
72,95.0,-59.700000000000045
24,79.0,-66.70000000000005
48,79.0,-122.70000000000005
72,79.0,-80.70000000000005
24,91.0,-82.20000000000005
48,-4.0,-44.200000000000045
72,91.0,-71.20000000000005
24,13.0,-181.5
48,13.0,-99.5
72,13.0,-114.5
24,12.0,-139.0
48,12.0,-243.0
72,12.0,-106.0
24,100.0,-77.79999999999995
48,100.0,-115.79999999999995
72,100.0,-33.799999999999955
24,1.0,-2.1999999999999886
48,96.0,-73.19999999999999
72,96.0,-54.19999999999999
24,-78.0,21.0
48,22.0,0.0
72,10.0,-4.0
24,3.0,0.0
48,-2.0,0.0
72,88.0,0.0
24,6.0,-21.5
48,-4.0,-21.5
72,2.0,-22.5
24,3.0,-31.0
48,23.0,-31.0
72,-2.0,-30.0
24,100.0,-121.5
48,5.0,-24.5
72,64.0,-34.5
24,78.0,-34.5
48,0.0,-20.5
72,5.0,-23.5
24,100.0,-204.0
48,0.0,-19.0
72,5.0,-18.0
24,100.0,-32.200000000000045
48,0.0,-25.200000000000045
72,0.0,-26.200000000000045
24,26.0,-30.200000000000045
48,6.0,-28.200000000000045
72,0.0,-33.200000000000045
24,-17.0,-18.799999999999955
48,-23.0,-25.799999999999955
72,63.0,-51.799999999999955
24,-37.0,-21.200000000000045
48,-74.0,-19.200000000000045
72,-12.0,-35.200000000000045
24,-43.0,-20.799999999999955
48,-54.0,-19.799999999999955
72,-49.0,-39.799999999999955
24,1.0,-24.80000000000001
48,1.0,-11.800000000000011
72,1.0,-34.80000000000001
24,-21.0,15.700000000000003
48,23.0,-27.299999999999997
72,23.0,-10.299999999999997
24,13.0,0.0
48,-82.0,0.0
72,13.0,0.0
24,-29.0,6.799999999999997
48,0.0,2.799999999999997
72,-30.0,6.799999999999997
24,1.0,-79.0
48,0.0,-53.0
72,-93.0,-17.0
24,-92.0,-19.799999999999955
48,-92.0,-17.799999999999955
72,-92.0,-11.799999999999955
24,6.0,-19.5
48,5.0,-22.5
72,5.0,-14.5
24,5.0,-17.5
48,5.0,-20.5
72,0.0,-13.5
24,0.0,-28.799999999999955
48,0.0,-31.799999999999955
72,0.0,-22.799999999999955
24,0.0,-42.799999999999955
48,0.0,-45.799999999999955
72,0.0,-36.799999999999955
24,0.0,-47.5
48,0.0,-48.5
72,0.0,-40.5
24,0.0,-43.799999999999955
48,0.0,-46.799999999999955
72,0.0,-40.799999999999955
24,0.0,-29.5
48,0.0,-32.5
72,0.0,-27.5
24,0.0,-7.800000000000011
48,0.0,-9.800000000000011
72,0.0,-5.800000000000011
24,0.0,5.300000000000011
48,0.0,4.300000000000011
72,0.0,5.300000000000011
24,0.0,0.0
48,-94.0,0.0
72,-100.0,0.0
24,0.0,-37.0
48,-94.0,-19.0
72,-93.0,-19.0
24,0.0,-112.19999999999999
48,0.0,-60.19999999999999
72,0.0,-48.19999999999999
24,0.0,-91.69999999999999
48,0.0,-146.7
72,0.0,-77.69999999999999
24,0.0,-139.70000000000005
48,0.0,-106.70000000000005
72,0.0,-188.70000000000005
24,0.0,-379.70000000000005
48,0.0,26.299999999999955
72,0.0,-13.700000000000045
24,0.0,-215.29999999999995
48,-18.0,240.70000000000005
72,0.0,72.70000000000005
24,0.0,123.19999999999999
48,0.0,352.2
72,0.0,254.2
24,0.0,328.7
48,0.0,153.7
72,0.0,590.7
24,0.0,168.5
48,0.0,225.5
72,0.0,377.5
24,0.0,204.7
48,0.0,77.69999999999999
72,0.0,299.7
24,0.0,14.0
48,0.0,2.0
72,0.0,50.0
24,0.0,68.3
48,0.0,65.3
72,0.0,63.3
24,1.0,-0.2
48,1.0,-0.2
72,1.0,-0.2
24,11.0,-39.5
48,11.0,-32.5
72,11.0,-36.5
24,0.0,-142.3
48,0.0,-64.30000000000001
72,0.0,-69.30000000000001
24,0.0,-159.5
48,0.0,-54.5
72,0.0,-101.5
24,0.0,-107.79999999999995
48,0.0,-33.799999999999955
72,0.0,-99.79999999999995
24,3.0,-38.5
48,3.0,6.5
72,3.0,-66.5
24,0.0,-85.29999999999995
48,-33.0,6.7000000000000455
72,0.0,-58.299999999999955
24,-60.0,-20.200000000000045
48,27.0,-35.200000000000045
72,-66.0,-38.200000000000045
24,-74.0,-40.0
48,19.0,-55.0
72,19.0,-116.0
24,-66.0,-50.5
48,24.0,-43.5
72,-67.0,-16.5
24,55.0,-110.5
48,5.0,-20.5
72,44.0,-25.5
24,44.0,-210.8
48,44.0,-26.80000000000001
72,-49.0,2.1999999999999886
24,90.0,0.8000000000000114
48,-10.0,15.800000000000011
72,90.0,8.800000000000011
24,0.0,0.5
48,5.0,0.5
72,6.0,0.5
24,0.0,-29.0
48,5.0,-28.0
72,5.0,-28.0
24,5.0,-41.5
48,5.0,-38.5
72,0.0,-37.5
24,0.0,-44.200000000000045
48,0.0,-39.200000000000045
72,0.0,-39.200000000000045
24,0.0,-42.299999999999955
48,0.0,-36.299999999999955
72,0.0,-37.299999999999955
24,0.0,-43.299999999999955
48,0.0,-37.299999999999955
72,0.0,-37.299999999999955
24,0.0,-53.200000000000045
48,5.0,-48.200000000000045
72,0.0,-49.200000000000045
24,0.0,-62.799999999999955
48,5.0,-59.799999999999955
72,0.0,-60.799999999999955
24,5.0,-63.700000000000045
48,49.0,-61.700000000000045
72,0.0,-58.700000000000045
24,5.0,-62.0
48,11.0,-69.0
72,0.0,-57.0
24,0.0,-58.799999999999955
48,13.0,-64.79999999999995
72,0.0,-54.799999999999955
24,-8.0,-37.19999999999999
48,92.0,-69.19999999999999
72,-8.0,-35.19999999999999
24,-6.0,-1.8000000000000114
48,94.0,-20.80000000000001
72,-6.0,-0.8000000000000114
24,97.0,0.30000000000000004
48,47.0,0.30000000000000004
72,7.0,0.30000000000000004
24,20.0,-24.799999999999997
48,20.0,-34.8
72,-80.0,-16.799999999999997
24,-43.0,-45.69999999999999
48,1.0,-72.69999999999999
72,-20.0,-43.69999999999999
24,-89.0,-26.200000000000045
48,-15.0,-51.200000000000045
72,0.0,-93.20000000000005
24,-2.0,-24.299999999999955
48,-2.0,-31.299999999999955
72,0.0,-79.29999999999995
24,-70.0,21.299999999999955
48,0.0,8.299999999999955
72,0.0,-23.700000000000045
24,0.0,17.0
48,0.0,21.0
72,0.0,16.0
24,0.0,-14.200000000000045
48,0.0,0.7999999999999545
72,-2.0,72.79999999999995
24,0.0,124.79999999999995
48,0.0,42.799999999999955
72,0.0,89.79999999999995
24,-1.0,337.5
48,0.0,256.5
72,0.0,184.5
24,0.0,266.3
48,0.0,230.3
72,0.0,183.3
24,0.0,47.3
48,0.0,90.3
72,0.0,152.3
24,0.0,43.2
48,0.0,44.2
72,0.0,96.2
24,0.0,0.30000000000000004
48,0.0,0.30000000000000004
72,0.0,0.30000000000000004
24,0.0,-25.799999999999997
48,0.0,-26.799999999999997
72,6.0,-25.799999999999997
24,0.0,-37.69999999999999
48,0.0,-39.69999999999999
72,62.0,-46.69999999999999
24,0.0,-40.200000000000045
48,6.0,-43.200000000000045
72,100.0,-68.20000000000005
24,0.0,-40.799999999999955
48,90.0,-52.799999999999955
72,100.0,-124.79999999999995
24,24.0,-39.299999999999955
48,100.0,-94.29999999999995
72,100.0,-176.29999999999995
24,-43.0,-39.700000000000045
48,35.0,-71.70000000000005
72,45.0,-267.70000000000005
24,15.0,-99.5
48,15.0,-151.5
72,15.0,-219.5
24,-88.0,-37.5
48,-34.0,-76.5
72,0.0,-89.5
24,0.0,16.0
48,0.0,2.0
72,-95.0,71.0
24,10.0,39.30000000000001
48,10.0,89.30000000000001
72,4.0,20.30000000000001
24,6.0,3.5
48,6.0,-22.5
72,6.0,-122.5
24,46.0,-17.299999999999997
48,-9.0,9.700000000000003
72,-49.0,22.700000000000003
24,-10.0,-0.19999999999999996
48,90.0,-0.19999999999999996
72,-5.0,-0.19999999999999996
24,100.0,-29.5
48,11.0,-21.5
72,6.0,-23.5
24,7.0,-22.69999999999999
48,100.0,-57.69999999999999
72,100.0,-39.69999999999999
24,98.0,-48.299999999999955
48,98.0,-121.29999999999995
72,98.0,-78.29999999999995
24,0.0,-43.299999999999955
48,0.0,-88.29999999999995
72,0.0,-46.299999999999955
24,0.0,-35.200000000000045
48,0.0,72.79999999999995
72,-32.0,103.79999999999995
24,0.0,-98.70000000000005
48,0.0,106.29999999999995
72,-6.0,116.29999999999995
24,8.0,-375.29999999999995
48,8.0,5.7000000000000455
72,8.0,81.70000000000005
24,16.0,-314.0
48,16.0,-439.0
72,16.0,-16.0
24,17.0,-56.299999999999955
48,17.0,-151.29999999999995
72,17.0,116.70000000000005
24,0.0,46.0
48,0.0,-26.0
72,0.0,144.0
24,0.0,181.3
48,0.0,51.3
72,0.0,176.3
24,0.0,39.3
48,0.0,46.3
72,0.0,36.3
24,-53.0,1.7
48,-53.0,1.7
72,-58.0,1.7
24,-53.0,27.200000000000003
48,41.0,13.200000000000003
72,41.0,22.200000000000003
24,-92.0,41.0
48,-98.0,53.0
72,-87.0,42.0
24,-57.0,18.69999999999999
48,-75.0,32.69999999999999
72,0.0,-60.30000000000001
24,0.0,-160.79999999999995
48,-100.0,87.20000000000005
72,0.0,-38.799999999999955
24,0.0,-212.20000000000005
48,-100.0,105.79999999999995
72,0.0,48.799999999999955
24,0.0,102.29999999999995
48,-100.0,311.29999999999995
72,0.0,216.29999999999995
24,0.0,134.0
48,-100.0,310.0
72,0.0,268.0
24,74.0,-70.5
48,-21.0,213.5
72,74.0,148.5
24,62.0,-476.70000000000005
48,10.0,10.299999999999955
72,-33.0,7.2999999999999545
24,29.0,-295.70000000000005
48,-66.0,42.299999999999955
72,-71.0,42.299999999999955
24,30.0,-125.69999999999999
48,-70.0,14.300000000000011
72,-70.0,15.300000000000011
24,99.0,-21.0
48,4.0,12.0
72,-1.0,13.0
24,0.0,0.19999999999999996
48,-70.0,0.19999999999999996
72,0.0,0.19999999999999996
24,6.0,-14.200000000000003
48,-2.0,-10.200000000000003
72,6.0,-53.2
24,0.0,-128.8
48,-49.0,16.19999999999999
72,0.0,-168.8
24,0.0,-121.30000000000001
48,0.0,-17.30000000000001
72,0.0,40.69999999999999
24,0.0,-89.5
48,0.0,-152.5
72,0.0,-176.5
24,-25.0,316.3
48,0.0,189.3
72,0.0,132.3
24,0.0,-201.79999999999995
48,0.0,-234.79999999999995
72,0.0,105.20000000000005
24,0.0,-6.800000000000011
48,0.0,469.2
72,0.0,9.199999999999989
24,0.0,46.0
48,0.0,128.0
72,0.0,113.0
24,0.0,-115.30000000000001
48,0.0,-1.3000000000000114
72,0.0,102.69999999999999
24,0.0,-45.0
48,0.0,-69.0
72,0.0,21.0
24,0.0,27.5
48,0.0,-6.5
72,0.0,56.5
24,0.0,-35.2
48,0.0,-31.200000000000003
72,0.0,-47.2
24,0.0,-1.3
48,0.0,-1.3
72,0.0,-1.3
24,0.0,-32.7
48,0.0,-32.7
72,0.0,-31.700000000000003
24,0.0,-29.299999999999997
48,0.0,-24.299999999999997
72,0.0,101.7
24,0.0,-119.30000000000001
48,0.0,-86.30000000000001
72,0.0,20.69999999999999
24,0.0,-66.7
48,0.0,217.3
72,0.0,377.3
24,0.0,-75.0
48,0.0,286.0
72,0.0,713.0
24,0.0,-112.5
48,0.0,320.5
72,0.0,571.5
24,0.0,215.2
48,0.0,612.2
72,0.0,540.2
24,52.0,-346.20000000000005
48,52.0,167.79999999999995
72,52.0,159.79999999999995
24,31.0,-186.79999999999995
48,31.0,-19.799999999999955
72,-69.0,244.20000000000005
24,6.0,127.19999999999999
48,6.0,121.19999999999999
72,-94.0,206.2
24,-24.0,7.699999999999989
48,60.0,-134.3
72,-40.0,21.69999999999999
24,-1.0,11.699999999999989
48,99.0,-21.30000000000001
72,5.0,15.699999999999989
24,0.0,-0.20000000000000018
48,0.0,-0.20000000000000018
72,0.0,-0.20000000000000018
24,0.0,-31.19999999999999
48,0.0,-31.19999999999999
72,0.0,-31.19999999999999
24,0.0,-44.5
48,0.0,-44.5
72,0.0,-41.5
24,0.0,-48.5
48,0.0,-48.5
72,0.0,-41.5
24,0.0,-47.700000000000045
48,0.0,-48.700000000000045
72,0.0,-40.700000000000045
24,0.0,-49.700000000000045
48,0.0,-55.700000000000045
72,0.0,-41.700000000000045
24,0.0,-60.5
48,0.0,-63.5
72,0.0,-50.5
24,0.0,-67.79999999999995
48,0.0,-66.79999999999995
72,0.0,-54.799999999999955
24,0.0,-68.0
48,0.0,-71.0
72,6.0,-58.0
24,0.0,-65.20000000000005
48,0.0,-62.200000000000045
72,0.0,-55.200000000000045
24,-2.0,-53.5
48,-2.0,-53.5
72,-2.0,-49.5
24,0.0,-33.5
48,0.0,-35.5
72,0.0,-31.5
24,0.0,-8.699999999999989
48,6.0,-10.699999999999989
72,0.0,-6.699999999999989
24,0.0,-0.7000000000000002
48,0.0,-0.7000000000000002
72,0.0,-0.7000000000000002
24,0.0,-32.30000000000001
48,0.0,-32.30000000000001
72,0.0,-34.30000000000001
24,0.0,-48.69999999999999
48,0.0,-46.69999999999999
72,0.0,-50.69999999999999
24,0.0,-49.5
48,0.0,-47.5
72,0.0,-53.5
24,0.0,-45.799999999999955
48,0.0,-43.799999999999955
72,0.0,-52.799999999999955
24,0.0,-46.200000000000045
48,0.0,-46.200000000000045
72,0.0,-55.200000000000045
24,0.0,-54.700000000000045
48,0.0,-55.700000000000045
72,0.0,-63.700000000000045
24,0.0,-63.200000000000045
48,0.0,-62.200000000000045
72,5.0,-70.20000000000005
24,0.0,-59.5
48,0.0,-61.5
72,0.0,-66.5
24,0.0,-57.799999999999955
48,0.0,-58.799999999999955
72,5.0,-62.799999999999955
24,0.0,-57.700000000000045
48,5.0,-57.700000000000045
72,6.0,-61.700000000000045
24,0.0,-45.80000000000001
48,0.0,-45.80000000000001
72,6.0,-49.80000000000001
24,0.0,-15.5
48,0.0,-15.5
72,6.0,-17.5
24,0.0,-0.2999999999999998
48,0.0,-0.2999999999999998
72,0.0,-0.2999999999999998
24,0.0,-30.30000000000001
48,0.0,-30.30000000000001
72,0.0,-31.30000000000001
24,0.0,-41.80000000000001
48,0.0,-42.80000000000001
72,0.0,-42.80000000000001
24,0.0,-44.299999999999955
48,0.0,-46.299999999999955
72,0.0,-46.299999999999955
24,0.0,-45.700000000000045
48,0.0,-46.700000000000045
72,0.0,-46.700000000000045
24,-1.0,-47.799999999999955
48,-1.0,-48.799999999999955
72,-1.0,-49.799999999999955
24,-1.0,-59.299999999999955
48,-1.0,-57.299999999999955
72,-1.0,-61.299999999999955
24,0.0,-53.299999999999955
48,5.0,-53.299999999999955
72,0.0,-57.299999999999955
24,-9.0,-55.5
48,-9.0,-54.5
72,86.0,-166.5
24,-54.0,-54.700000000000045
48,-55.0,-55.700000000000045
72,20.0,-69.70000000000005
24,-2.0,-49.0
48,-2.0,-52.0
72,40.0,-63.0
24,22.0,-23.80000000000001
48,-48.0,-26.80000000000001
72,-48.0,-27.80000000000001
24,-90.0,-5.199999999999989
48,-94.0,-7.199999999999989
72,-28.0,-15.199999999999989
24,0.0,0.2999999999999998
48,0.0,0.2999999999999998
72,0.0,1.2999999999999998
24,0.0,-2.799999999999997
48,0.0,-10.799999999999997
72,0.0,-21.799999999999997
24,0.0,31.69999999999999
48,0.0,33.69999999999999
72,0.0,-14.300000000000011
24,0.0,7.0
48,-9.0,97.0
72,0.0,40.0
24,6.0,22.200000000000045
48,-83.0,170.20000000000005
72,6.0,49.200000000000045
24,3.0,-89.0
48,-91.0,36.0
72,3.0,-47.0
24,1.0,-187.20000000000005
48,1.0,-34.200000000000045
72,1.0,-54.200000000000045
24,0.0,-180.70000000000005
48,0.0,-97.70000000000005
72,-43.0,-30.700000000000045
24,0.0,-101.5
48,0.0,-5.5
72,-22.0,68.5
24,1.0,-5.2000000000000455
48,1.0,-10.200000000000045
72,-58.0,64.79999999999995
24,3.0,52.5
48,3.0,75.5
72,-97.0,151.5
24,-84.0,50.0
48,5.0,-34.0
72,-95.0,52.0
24,58.0,-28.0
48,58.0,12.0
72,52.0,20.0
24,-90.0,0.2999999999999998
48,-92.0,0.2999999999999998
72,0.0,0.2999999999999998
24,0.0,-21.799999999999997
48,0.0,-14.799999999999997
72,0.0,-16.799999999999997
24,0.0,-12.5
48,0.0,19.5
72,0.0,24.5
24,0.0,53.30000000000001
48,0.0,116.30000000000001
72,0.0,17.30000000000001
24,2.0,-142.5
48,2.0,16.5
72,2.0,7.5
24,0.0,-248.5
48,0.0,-21.5
72,0.0,-112.5
24,0.0,-237.70000000000005
48,0.0,-9.700000000000045
72,0.0,-133.70000000000005
24,0.0,-243.5
48,0.0,-53.5
72,0.0,-112.5
24,0.0,-169.20000000000005
48,0.0,-60.200000000000045
72,0.0,-20.200000000000045
24,0.0,-182.5
48,0.0,-84.5
72,0.0,-42.5
24,37.0,-77.69999999999999
48,37.0,51.30000000000001
72,37.0,123.30000000000001
24,3.0,-83.80000000000001
48,3.0,-26.80000000000001
72,3.0,-14.800000000000011
24,9.0,57.3
48,9.0,27.299999999999997
72,9.0,32.3
24,0.0,-0.20000000000000018
48,0.0,-0.20000000000000018
72,0.0,-1.2000000000000002
24,0.0,-29.0
48,0.0,-29.0
72,0.0,-29.0
24,0.0,-38.5
48,0.0,-38.5
72,0.0,-36.5
24,0.0,-41.200000000000045
48,0.0,-41.200000000000045
72,0.0,-38.200000000000045
24,0.0,-42.200000000000045
48,0.0,-42.200000000000045
72,0.0,-38.200000000000045
24,0.0,-42.299999999999955
48,0.0,-43.299999999999955
72,0.0,-38.299999999999955
24,0.0,-48.700000000000045
48,0.0,-49.700000000000045
72,0.0,-46.700000000000045
24,0.0,-58.700000000000045
48,0.0,-58.700000000000045
72,0.0,-58.700000000000045
24,0.0,-63.200000000000045
48,0.0,-63.200000000000045
72,0.0,-62.200000000000045
24,0.0,-62.799999999999955
48,5.0,-64.79999999999995
72,0.0,-64.79999999999995
24,0.0,-50.299999999999955
48,100.0,-65.29999999999995
72,0.0,-53.299999999999955
24,0.0,-28.19999999999999
48,100.0,-51.19999999999999
72,6.0,-32.19999999999999
24,0.0,-3.5
48,100.0,-36.5
72,84.0,-10.5
24,2.0,0.5
48,2.0,-3.5
72,-43.0,1.5
24,45.0,1.7999999999999972
48,45.0,-82.2
72,45.0,9.799999999999997
24,0.0,-20.0
48,0.0,-150.0
72,0.0,34.0
24,0.0,-36.30000000000001
48,0.0,-205.3
72,0.0,6.699999999999989
24,0.0,-69.20000000000005
48,0.0,-169.20000000000005
72,0.0,-498.20000000000005
24,0.0,50.799999999999955
48,-79.0,108.79999999999995
72,0.0,55.799999999999955
24,0.0,280.20000000000005
48,0.0,350.20000000000005
72,0.0,293.20000000000005
24,0.0,240.29999999999995
48,-7.0,317.29999999999995
72,0.0,266.29999999999995
24,0.0,207.79999999999995
48,0.0,208.79999999999995
72,0.0,220.79999999999995
24,0.0,96.20000000000005
48,0.0,35.200000000000045
72,0.0,144.20000000000005
24,0.0,135.3
48,0.0,116.30000000000001
72,0.0,37.30000000000001
24,0.0,61.30000000000001
48,0.0,12.300000000000011
72,0.0,-31.69999999999999
24,0.0,32.0
48,0.0,34.0
72,0.0,19.0
24,0.0,-1.5
48,100.0,-1.5
72,0.0,-1.5
24,0.0,-31.19999999999999
48,5.0,-39.19999999999999
72,0.0,-27.19999999999999
24,6.0,-43.5
48,21.0,-39.5
72,0.0,-38.5
24,96.0,-64.70000000000005
48,96.0,-98.70000000000005
72,-4.0,-36.700000000000045
24,100.0,-54.200000000000045
48,100.0,-52.200000000000045
72,0.0,-26.200000000000045
24,94.0,-63.799999999999955
48,0.0,-35.799999999999955
72,-6.0,-37.799999999999955
24,96.0,-60.0
48,3.0,-31.0
72,-4.0,-35.0
24,-1.0,-20.700000000000045
48,-35.0,-7.7000000000000455
72,-41.0,-11.700000000000045
24,94.0,-62.299999999999955
48,-1.0,-36.299999999999955
72,-6.0,-43.299999999999955
24,50.0,-75.0
48,-45.0,-43.0
72,-50.0,-48.0
24,87.0,-110.29999999999995
48,68.0,-64.29999999999995
72,-13.0,-49.299999999999955
24,99.0,3.1999999999999886
48,99.0,4.199999999999989
72,-1.0,37.19999999999999
24,38.0,-39.0
48,6.0,-28.0
72,-62.0,-20.0
24,3.0,-2.0
48,3.0,-9.0
72,3.0,-3.0
24,1.0,32.7
48,1.0,-32.3
72,1.0,43.7
24,0.0,155.0
48,0.0,90.0
72,0.0,-71.0
24,0.0,344.7
48,0.0,342.7
72,0.0,-55.3
24,0.0,557.3
48,0.0,494.3
72,0.0,3.299999999999997
24,0.0,283.5
48,0.0,572.5
72,0.0,530.5
24,0.0,-148.2
48,0.0,423.8
72,0.0,370.8
24,0.0,-339.7
48,0.0,355.3
72,0.0,-349.7
24,0.0,-135.3
48,0.0,312.7
72,0.0,397.7
24,0.0,-78.5
48,0.0,291.5
72,0.0,50.5
24,0.0,-105.0
48,0.0,23.0
72,0.0,-112.0
24,0.0,-164.8
48,0.0,-120.80000000000001
72,0.0,-164.8
24,0.0,-46.5
48,0.0,-51.5
72,0.0,56.5
24,0.0,-0.5
48,0.0,-0.5
72,0.0,-1.5
24,0.0,-7.0
48,0.0,-18.0
72,0.0,-27.0
24,0.0,-24.700000000000003
48,0.0,-52.7
72,0.0,-54.7
24,0.0,31.0
48,0.0,-86.0
72,0.0,-95.0
24,0.0,-103.19999999999999
48,0.0,-211.2
72,0.0,-58.19999999999999
24,0.0,-399.79999999999995
48,0.0,-511.79999999999995
72,0.0,-185.79999999999995
24,0.0,14.5
48,0.0,-484.5
72,0.0,-78.5
24,0.0,23.69999999999999
48,0.0,-367.3
72,0.0,-276.3
24,0.0,-222.7
48,0.0,-357.7
72,0.0,-9.699999999999989
24,0.0,-79.5
48,0.0,-188.5
72,0.0,-129.5
24,0.0,-111.80000000000001
48,0.0,-58.80000000000001
72,0.0,-107.80000000000001
24,1.0,24.69999999999999
48,1.0,-14.300000000000011
72,1.0,-119.30000000000001
24,0.0,38.7
48,0.0,-4.299999999999997
72,0.0,-26.299999999999997
24,98.0,-2.5
48,98.0,-10.5
72,98.0,-2.5
24,77.0,-31.80000000000001
48,77.0,-124.80000000000001
72,77.0,-33.80000000000001
24,-42.0,47.30000000000001
48,-27.0,43.30000000000001
72,51.0,-275.7
24,-36.0,63.69999999999999
48,45.0,42.69999999999999
72,59.0,-453.3
24,8.0,131.79999999999995
48,84.0,111.79999999999995
72,97.0,-528.2
24,23.0,83.79999999999995
48,-12.0,84.79999999999995
72,36.0,-397.20000000000005
24,27.0,-49.5
48,34.0,-245.5
72,34.0,-135.5
24,-34.0,-50.700000000000045
48,-9.0,-185.70000000000005
72,3.0,-568.7
24,-94.0,-39.200000000000045
48,0.0,-82.20000000000005
72,0.0,-652.2
24,-100.0,-22.0
48,0.0,-90.0
72,0.0,-445.0
24,-100.0,3.5
48,0.0,-35.5
72,-69.0,-20.5
24,-100.0,18.80000000000001
48,-89.0,4.800000000000011
72,-77.0,-1.1999999999999886
24,-100.0,28.5
48,0.0,6.5
72,0.0,-8.5
24,-8.0,-2.1999999999999993
48,4.0,-3.1999999999999993
72,-11.0,-2.1999999999999993
24,-42.0,-19.80000000000001
48,2.0,-64.80000000000001
72,2.0,-41.80000000000001
24,0.0,-194.8
48,0.0,-174.8
72,0.0,-66.80000000000001
24,0.0,-224.2
48,0.0,-79.19999999999999
72,-19.0,43.80000000000001
24,0.0,-205.3
48,0.0,28.69999999999999
72,0.0,210.7
24,0.0,163.2
48,0.0,-139.8
72,0.0,373.2
24,0.0,444.3
48,0.0,-34.69999999999999
72,-12.0,615.3
24,0.0,107.69999999999999
48,0.0,-134.3
72,0.0,465.7
24,0.0,27.69999999999999
48,0.0,-23.30000000000001
72,0.0,63.69999999999999
24,0.0,126.7
48,0.0,34.7
72,0.0,67.7
24,0.0,84.3
48,0.0,0.29999999999999716
72,0.0,8.299999999999997
24,0.0,78.0
48,0.0,11.0
72,0.0,-5.0
24,0.0,32.8
48,0.0,4.799999999999997
72,0.0,-12.200000000000003
24,4.0,-5.5
48,-84.0,-4.5
72,4.0,-4.5
24,99.0,-48.69999999999999
48,11.0,-30.69999999999999
72,99.0,-57.69999999999999
24,19.0,-46.0
48,100.0,-54.0
72,100.0,-67.0
24,5.0,-57.200000000000045
48,5.0,-37.200000000000045
72,10.0,-47.200000000000045
24,100.0,-102.0
48,6.0,-45.0
72,100.0,-109.0
24,6.0,-71.20000000000005
48,11.0,-50.200000000000045
72,100.0,-107.20000000000005
24,-1.0,-78.70000000000005
48,94.0,-100.70000000000005
72,8.0,-64.70000000000005
24,-8.0,-75.70000000000005
48,81.0,-109.70000000000005
72,87.0,-137.70000000000005
24,76.0,-76.79999999999995
48,100.0,-121.79999999999995
72,100.0,-137.79999999999995
24,35.0,-128.20000000000005
48,35.0,-177.20000000000005
72,35.0,-119.20000000000005
24,7.0,-137.5
48,7.0,-289.5
72,7.0,-126.5
24,0.0,-12.5
48,0.0,-54.5
72,0.0,-45.5
24,0.0,0.5
48,0.0,22.5
72,0.0,7.5
24,98.0,-6.0
48,4.0,-5.0
72,-2.0,-5.0
24,83.0,-48.0
48,4.0,-40.0
72,-1.0,-37.0
24,96.0,-100.80000000000001
48,1.0,-52.80000000000001
72,96.0,-76.80000000000001
24,23.0,-65.0
48,100.0,-75.0
72,100.0,-104.0
24,65.0,-59.700000000000045
48,99.0,-113.70000000000005
72,6.0,-79.70000000000005
24,11.0,-55.700000000000045
48,12.0,-57.700000000000045
72,7.0,-78.70000000000005
24,12.0,-61.5
48,94.0,-69.5
72,75.0,-84.5
24,-6.0,-58.5
48,75.0,-70.5
72,83.0,-86.5
24,15.0,-50.299999999999955
48,72.0,-59.299999999999955
72,99.0,-75.29999999999995
24,-26.0,-51.0
48,41.0,-58.0
72,61.0,-79.0
24,-26.0,-52.0
48,-80.0,-49.0
72,-2.0,-74.0
24,-86.0,12.699999999999989
48,-89.0,12.699999999999989
72,-84.0,10.699999999999989
24,-5.0,35.5
48,-89.0,57.5
72,-82.0,55.5
24,0.0,-6.0
48,0.0,-8.0
72,0.0,-8.0
24,0.0,-43.0
48,0.0,-60.0
72,0.0,-62.0
24,0.0,-77.0
48,0.0,-104.0
72,-19.0,121.0
24,0.0,-252.3
48,0.0,-256.3
72,-18.0,117.69999999999999
24,-9.0,377.7
48,-37.0,234.7
72,0.0,122.69999999999999
24,0.0,-251.5
48,0.0,27.5
72,0.0,-114.5
24,0.0,-158.20000000000005
48,0.0,-27.200000000000045
72,0.0,-503.20000000000005
24,0.0,119.5
48,0.0,51.5
72,0.0,-631.5
24,13.0,-339.29999999999995
48,13.0,-59.299999999999955
72,13.0,-125.29999999999995
24,2.0,-73.20000000000005
48,2.0,98.79999999999995
72,2.0,13.799999999999955
24,2.0,193.8
48,2.0,91.80000000000001
72,2.0,134.8
24,0.0,-43.0
48,0.0,-60.0
72,0.0,-58.0
24,1.0,19.299999999999997
48,1.0,-63.7
72,1.0,19.299999999999997
24,10.0,-4.0
48,0.0,-4.0
72,3.0,-4.0
24,65.0,-49.19999999999999
48,65.0,-60.19999999999999
72,65.0,-45.19999999999999
24,100.0,-80.5
48,81.0,-35.5
72,24.0,-28.5
24,97.0,-61.299999999999955
48,100.0,-85.29999999999995
72,10.0,-32.299999999999955
24,-5.0,-31.799999999999955
48,94.0,-68.79999999999995
72,6.0,-31.799999999999955
24,5.0,-30.799999999999955
48,100.0,-44.799999999999955
72,100.0,-68.79999999999995
24,7.0,-18.200000000000045
48,76.0,-13.200000000000045
72,76.0,-21.200000000000045
24,100.0,-56.200000000000045
48,89.0,-52.200000000000045
72,100.0,-70.20000000000005
24,4.0,-16.200000000000045
48,99.0,-25.200000000000045
72,78.0,-47.200000000000045
24,97.0,-45.0
48,93.0,-20.0
72,48.0,-59.0
24,6.0,-10.799999999999955
48,5.0,-6.7999999999999545
72,0.0,-38.799999999999955
24,-1.0,2.5
48,5.0,0.5
72,99.0,-72.5
24,100.0,-12.699999999999989
48,6.0,7.300000000000011
72,14.0,3.3000000000000114
24,47.0,-4.199999999999999
48,47.0,-4.199999999999999
72,47.0,-6.199999999999999
24,23.0,-47.30000000000001
48,23.0,-48.30000000000001
72,23.0,-63.30000000000001
24,7.0,-38.69999999999999
48,23.0,-85.69999999999999
72,33.0,-89.69999999999999
24,20.0,-36.200000000000045
48,65.0,-105.20000000000005
72,65.0,-87.20000000000005
24,0.0,-55.200000000000045
48,-89.0,-27.200000000000045
72,0.0,-70.20000000000005
24,0.0,-103.29999999999995
48,0.0,-63.299999999999955
72,0.0,-64.29999999999995
24,5.0,-220.79999999999995
48,-26.0,-59.799999999999955
72,5.0,-97.79999999999995
24,37.0,-197.20000000000005
48,37.0,-92.20000000000005
72,37.0,-147.20000000000005
24,10.0,-92.20000000000005
48,-53.0,-21.200000000000045
72,10.0,-131.20000000000005
24,2.0,-11.0
48,2.0,-84.0
72,2.0,-43.0
24,0.0,-65.79999999999995
48,0.0,-82.79999999999995
72,0.0,-126.79999999999995
24,0.0,-26.5
48,-10.0,28.5
72,0.0,9.5
24,0.0,58.7
48,-5.0,79.7
72,0.0,5.700000000000003
24,96.0,-6.0
48,84.0,-5.0
72,96.0,-6.0
24,22.0,-57.80000000000001
48,22.0,-38.80000000000001
72,22.0,-44.80000000000001
24,61.0,-16.30000000000001
48,61.0,-66.30000000000001
72,61.0,-22.30000000000001
24,0.0,-100.79999999999995
48,0.0,-104.79999999999995
72,0.0,-61.799999999999955
24,0.0,-47.0
48,0.0,-146.0
72,0.0,15.0
24,6.0,-63.200000000000045
48,6.0,-102.20000000000005
72,-3.0,84.79999999999995
24,0.0,14.200000000000045
48,0.0,-234.79999999999995
72,0.0,51.200000000000045
24,0.0,-110.0
48,0.0,-303.0
72,-71.0,75.0
24,0.0,43.700000000000045
48,0.0,127.70000000000005
72,0.0,123.70000000000005
24,0.0,45.0
48,0.0,132.0
72,0.0,97.0
24,0.0,-41.80000000000001
48,0.0,173.2
72,0.0,123.19999999999999
24,0.0,36.30000000000001
48,0.0,146.3
72,0.0,145.3
24,0.0,34.2
48,0.0,56.2
72,0.0,69.2
24,1.0,-10.8
48,1.0,-12.8
72,1.0,-5.800000000000001
24,100.0,-130.7
48,100.0,-113.69999999999999
72,100.0,-69.69999999999999
24,100.0,-160.5
48,100.0,-361.5
72,100.0,-285.5
24,0.0,-37.700000000000045
48,13.0,-91.70000000000005
72,0.0,-40.700000000000045
24,0.0,-45.0
48,0.0,-72.0
72,0.0,-50.0
24,-2.0,-48.299999999999955
48,-2.0,-65.29999999999995
72,-2.0,-43.299999999999955
24,-27.0,-56.0
48,-27.0,-55.0
72,-27.0,-46.0
24,-12.0,47.799999999999955
48,-12.0,51.799999999999955
72,-12.0,58.799999999999955
24,-1.0,90.29999999999995
48,-1.0,92.29999999999995
72,-1.0,110.29999999999995
24,0.0,-34.799999999999955
48,0.0,-31.799999999999955
72,0.0,-21.799999999999955
24,0.0,-48.0
48,0.0,-43.0
72,0.0,-40.0
24,0.0,-35.30000000000001
48,0.0,-31.30000000000001
72,0.0,-31.30000000000001
24,0.0,-5.5
48,0.0,-4.5
72,0.0,-5.5
24,0.0,-6.199999999999999
48,0.0,-6.199999999999999
72,0.0,-7.199999999999999
24,0.0,-33.19999999999999
48,0.0,-31.19999999999999
72,0.0,-35.19999999999999
24,0.0,-43.19999999999999
48,0.0,-40.19999999999999
72,0.0,-42.19999999999999
24,0.0,-43.700000000000045
48,0.0,-40.700000000000045
72,0.0,-41.700000000000045
24,0.0,-43.700000000000045
48,0.0,-38.700000000000045
72,0.0,-40.700000000000045
24,0.0,-46.0
48,0.0,-41.0
72,0.0,-43.0
24,0.0,-54.5
48,0.0,-50.5
72,0.0,-51.5
24,-40.0,-58.700000000000045
48,-45.0,-54.700000000000045
72,-45.0,-53.700000000000045
24,-71.0,-52.0
48,-70.0,-50.0
72,-76.0,-60.0
24,-78.0,-51.700000000000045
48,-72.0,-49.700000000000045
72,-85.0,-57.700000000000045
24,35.0,-45.299999999999955
48,-55.0,-25.299999999999955
72,-65.0,-32.299999999999955
24,75.0,-87.19999999999999
48,-1.0,-6.199999999999989
72,-20.0,-9.199999999999989
24,0.0,-60.80000000000001
48,-90.0,-12.800000000000011
72,-93.0,-11.800000000000011
24,0.0,-7.699999999999999
48,0.0,-7.699999999999999
72,-64.0,-7.699999999999999
24,39.0,-53.19999999999999
48,39.0,-35.19999999999999
72,-54.0,-22.19999999999999
24,24.0,-59.0
48,24.0,-45.0
72,24.0,-135.0
24,-11.0,-41.799999999999955
48,-39.0,-30.799999999999955
72,18.0,-132.79999999999995
24,7.0,-189.0
48,7.0,-77.0
72,7.0,-84.0
24,25.0,-343.0
48,25.0,48.0
72,25.0,90.0
24,52.0,25.299999999999955
48,52.0,298.29999999999995
72,52.0,44.299999999999955
24,20.0,43.700000000000045
48,20.0,28.700000000000045
72,20.0,-380.29999999999995
24,72.0,-55.799999999999955
48,72.0,-85.79999999999995
72,72.0,-105.79999999999995
24,88.0,-90.29999999999995
48,88.0,-96.29999999999995
72,88.0,-117.29999999999995
24,59.0,-66.20000000000005
48,59.0,-80.20000000000005
72,59.0,-62.200000000000045
24,30.0,149.3
48,30.0,144.3
72,-60.0,221.3
24,80.0,65.5
48,80.0,59.5
72,80.0,82.5
24,92.0,-2.3000000000000007
48,76.0,-1.3000000000000007
72,92.0,-2.3000000000000007
24,94.0,-67.5
48,94.0,-38.5
72,94.0,-24.5
24,20.0,-21.5
48,100.0,-240.5
72,59.0,-20.5
24,-30.0,-17.799999999999955
48,-48.0,-111.79999999999995
72,2.0,-32.799999999999955
24,0.0,-56.200000000000045
48,0.0,-65.20000000000005
72,-100.0,8.799999999999955
24,0.0,-70.0
48,0.0,-40.0
72,0.0,-26.0
24,1.0,-73.70000000000005
48,-87.0,19.299999999999955
72,-99.0,18.299999999999955
24,0.0,-35.200000000000045
48,-94.0,51.799999999999955
72,-100.0,50.799999999999955
24,1.0,-50.0
48,1.0,-37.0
72,1.0,-10.0
24,0.0,-42.299999999999955
48,0.0,-54.299999999999955
72,0.0,-103.29999999999995
24,0.0,-102.0
48,0.0,-105.0
72,0.0,-84.0
24,0.0,-120.30000000000001
48,0.0,-143.3
72,0.0,-115.30000000000001
24,1.0,-59.0
48,1.0,-49.0
72,1.0,-65.0
24,0.0,-0.20000000000000018
48,0.0,-3.2
72,0.0,9.8
24,0.0,-13.5
48,0.0,-32.5
72,0.0,72.5
24,0.0,-101.5
48,0.0,-92.5
72,0.0,-111.5
24,0.0,-241.8
48,0.0,-208.8
72,0.0,-346.8
24,-13.0,-305.29999999999995
48,-46.0,-3.2999999999999545
72,0.0,-700.3
24,0.0,520.2
48,-3.0,270.2
72,0.0,-255.8
24,12.0,401.8
48,14.0,17.80000000000001
72,14.0,-50.19999999999999
24,9.0,-415.20000000000005
48,-52.0,80.79999999999995
72,-9.0,-12.200000000000045
24,0.0,-596.3
48,0.0,79.70000000000005
72,0.0,-700.3
24,0.0,-117.69999999999999
48,-29.0,246.3
72,0.0,-40.69999999999999
24,-53.0,158.3
48,0.0,-224.7
72,0.0,76.30000000000001
24,-18.0,-69.19999999999999
48,0.0,-250.2
72,0.0,-81.19999999999999
24,15.0,6.800000000000011
48,94.0,-31.19999999999999
72,94.0,-81.19999999999999
24,-33.0,-3.1999999999999993
48,-33.0,-3.1999999999999993
72,-27.0,-4.199999999999999
24,6.0,6.300000000000011
48,-2.0,6.300000000000011
72,4.0,1.3000000000000114
24,-8.0,33.19999999999999
48,86.0,-7.800000000000011
72,-9.0,21.19999999999999
24,97.0,-93.70000000000005
48,4.0,11.299999999999955
72,58.0,-1.7000000000000455
24,97.0,-108.70000000000005
48,40.0,-16.700000000000045
72,97.0,-36.700000000000045
24,24.0,-75.70000000000005
48,24.0,-365.70000000000005
72,24.0,-79.70000000000005
24,24.0,-102.5
48,24.0,-106.5
72,24.0,-83.5
24,0.0,-201.79999999999995
48,0.0,-130.79999999999995
72,0.0,-71.79999999999995
24,0.0,-87.79999999999995
48,0.0,-516.8
72,0.0,-197.79999999999995
24,0.0,-172.29999999999995
48,0.0,55.700000000000045
72,0.0,149.70000000000005
24,-6.0,-23.299999999999955
48,0.0,-103.29999999999995
72,-89.0,-3.2999999999999545
24,0.0,-27.5
48,0.0,-84.5
72,0.0,-12.5
24,0.0,-49.30000000000001
48,0.0,-50.30000000000001
72,0.0,8.699999999999989
24,100.0,-8.0
48,5.0,-7.0
72,6.0,-7.0
24,0.0,-33.19999999999999
48,0.0,-33.19999999999999
72,100.0,-48.19999999999999
24,100.0,-77.80000000000001
48,0.0,-41.80000000000001
72,0.0,-37.80000000000001
24,100.0,-76.0
48,100.0,-74.0
72,0.0,-40.0
24,100.0,-82.20000000000005
48,100.0,-111.20000000000005
72,11.0,-36.200000000000045
24,93.0,-44.299999999999955
48,100.0,-89.29999999999995
72,100.0,-115.29999999999995
24,100.0,-79.70000000000005
48,100.0,-142.70000000000005
72,0.0,-45.700000000000045
24,100.0,-113.20000000000005
48,100.0,-99.20000000000005
72,6.0,-48.200000000000045
24,0.0,-53.799999999999955
48,100.0,-88.79999999999995
72,86.0,-67.79999999999995
24,-31.0,-48.299999999999955
48,-25.0,-47.299999999999955
72,-31.0,-45.299999999999955
24,-53.0,-7.5
48,-52.0,-7.5
72,-47.0,-5.5
24,-5.0,15.0
48,0.0,14.0
72,41.0,6.0
24,-12.0,41.69999999999999
48,-8.0,40.69999999999999
72,81.0,-9.300000000000011
24,-9.0,6.0
48,-45.0,7.0
72,0.0,7.0
24,0.0,9.299999999999997
48,0.0,39.3
72,0.0,44.3
24,0.0,140.7
48,0.0,137.7
72,0.0,181.7
24,0.0,242.8
48,0.0,338.8
72,0.0,342.8
24,0.0,216.8
48,0.0,44.80000000000001
72,0.0,401.8
24,0.0,63.19999999999999
48,0.0,225.2
72,0.0,230.2
24,0.0,30.19999999999999
48,0.0,175.2
72,0.0,-26.80000000000001
24,0.0,-14.0
48,0.0,146.0
72,0.0,-22.0
24,0.0,-46.5
48,0.0,-27.5
72,0.0,11.5
24,0.0,-3.700000000000003
48,0.0,-28.700000000000003
72,0.0,-15.700000000000003
24,0.0,-30.799999999999997
48,0.0,-13.799999999999997
72,0.0,-29.799999999999997
24,0.0,-45.7
48,0.0,-37.7
72,0.0,-33.7
24,0.0,7.7
48,0.0,3.7
72,0.0,-1.2999999999999998
24,42.0,-4.7
48,42.0,-5.7
72,42.0,-2.7
24,0.0,-82.5
48,0.0,-69.5
72,0.0,-44.5
24,0.0,-164.7
48,0.0,-166.7
72,0.0,-164.7
24,50.0,-52.69999999999999
48,50.0,-23.69999999999999
72,50.0,-22.69999999999999
24,0.0,72.5
48,0.0,416.5
72,0.0,-60.5
24,0.0,65.5
48,-7.0,322.5
72,0.0,284.5
24,18.0,136.3
48,18.0,117.30000000000001
72,-82.0,596.3
24,0.0,246.8
48,0.0,166.8
72,-100.0,600.8
24,-61.0,85.20000000000005
48,20.0,-410.79999999999995
72,-57.0,79.20000000000005
24,-35.0,176.5
48,25.0,-219.5
72,-33.0,170.5
24,22.0,-312.2
48,22.0,-190.2
72,-56.0,165.8
24,97.0,-135.7
48,2.0,-20.69999999999999
72,97.0,-343.7
24,-2.0,-6.800000000000011
48,1.0,-10.800000000000011
72,-2.0,-49.80000000000001
24,57.0,-10.299999999999997
48,-37.0,-8.299999999999997
72,57.0,-11.299999999999997
24,2.0,-50.69999999999999
48,-92.0,-23.69999999999999
72,-92.0,-31.69999999999999
24,0.0,-369.2
48,0.0,-84.19999999999999
72,-100.0,-48.19999999999999
24,2.0,-536.3
48,2.0,-167.29999999999995
72,-98.0,-22.299999999999955
24,0.0,-637.0
48,0.0,-61.0
72,-100.0,41.0
24,0.0,-600.0
48,0.0,-44.0
72,0.0,49.0
24,0.0,-592.8
48,0.0,-577.8
72,0.0,115.20000000000005
24,0.0,-379.70000000000005
48,0.0,-166.70000000000005
72,0.0,226.29999999999995
24,0.0,-178.0
48,-6.0,-54.0
72,0.0,117.0
24,0.0,-211.8
48,0.0,45.19999999999999
72,0.0,24.19999999999999
24,5.0,-122.19999999999999
48,5.0,-172.2
72,5.0,28.80000000000001
24,0.0,-208.0
48,0.0,-87.0
72,0.0,1.0
24,9.0,-30.5
48,9.0,-30.5
72,9.0,-21.5
24,0.0,-8.799999999999997
48,0.0,-8.799999999999997
72,0.0,-8.799999999999997
24,0.0,-34.5
48,0.0,-34.5
72,0.0,-35.5
24,0.0,-52.80000000000001
48,0.0,-53.80000000000001
72,0.0,-53.80000000000001
24,0.0,-52.5
48,0.0,-54.5
72,0.0,-56.5
24,0.0,-52.799999999999955
48,0.0,-54.799999999999955
72,0.0,-53.799999999999955
24,0.0,-53.700000000000045
48,0.0,-54.700000000000045
72,0.0,-53.700000000000045
24,0.0,-53.0
48,0.0,-55.0
72,0.0,-51.0
24,-2.0,-50.200000000000045
48,-2.0,-52.200000000000045
72,-2.0,-48.200000000000045
24,-24.0,-48.299999999999955
48,-24.0,-53.299999999999955
72,-24.0,-50.299999999999955
24,0.0,-52.5
48,0.0,-56.5
72,0.0,-52.5
24,0.0,-47.5
48,0.0,-51.5
72,0.0,-46.5
24,0.0,-30.19999999999999
48,0.0,-32.19999999999999
72,0.0,-29.19999999999999
24,0.0,-4.199999999999989
48,0.0,-5.199999999999989
72,0.0,-4.199999999999989
24,0.0,-9.200000000000003
48,0.0,-10.200000000000003
72,0.0,-10.200000000000003
24,0.0,-35.19999999999999
48,0.0,-35.19999999999999
72,0.0,-37.19999999999999
24,0.0,-49.19999999999999
48,0.0,-46.19999999999999
72,0.0,-48.19999999999999
24,0.0,-50.799999999999955
48,0.0,-46.799999999999955
72,0.0,-48.799999999999955
24,0.0,-49.5
48,0.0,-45.5
72,0.0,-47.5
24,6.0,-53.0
48,0.0,-48.0
72,0.0,-48.0
24,-5.0,-57.700000000000045
48,-12.0,-51.700000000000045
72,-12.0,-52.700000000000045
24,-17.0,-60.700000000000045
48,-27.0,-55.700000000000045
72,-27.0,-54.700000000000045
24,11.0,-59.200000000000045
48,-4.0,-53.200000000000045
72,-4.0,-52.200000000000045
24,-11.0,-57.700000000000045
48,-18.0,-51.700000000000045
72,-18.0,-48.700000000000045
24,-99.0,-50.799999999999955
48,-94.0,-45.799999999999955
72,-93.0,-40.799999999999955
24,-5.0,-34.0
48,-12.0,-30.0
72,-2.0,-27.0
24,-23.0,24.5
48,-37.0,26.5
72,63.0,-7.5
24,1.0,-13.700000000000003
48,-89.0,-10.700000000000003
72,1.0,-15.700000000000003
24,-5.0,-24.30000000000001
48,-7.0,-25.30000000000001
72,77.0,-60.30000000000001
24,-76.0,-35.69999999999999
48,0.0,-88.69999999999999
72,0.0,-57.69999999999999
24,27.0,-70.5
48,27.0,-138.5
72,27.0,-133.5
24,4.0,-57.200000000000045
48,4.0,-33.200000000000045
72,4.0,-75.20000000000005
24,0.0,94.70000000000005
48,0.0,50.700000000000045
72,0.0,-51.299999999999955
24,0.0,288.0
48,0.0,232.0
72,0.0,308.0
24,0.0,27.69999999999999
48,0.0,308.7
72,0.0,404.7
24,5.0,-480.0
48,5.0,-43.0
72,5.0,93.0
24,19.0,-427.0
48,19.0,-287.0
72,19.0,-310.0
24,2.0,-75.5
48,2.0,53.5
72,2.0,-137.5
24,0.0,211.8
48,0.0,42.80000000000001
72,0.0,28.80000000000001
24,-3.0,113.8
48,0.0,-7.200000000000003
72,0.0,-15.200000000000003
24,0.0,10.7
48,-23.0,15.7
72,0.0,12.7
24,0.0,41.8
48,-55.0,70.8
72,0.0,39.8
24,-68.0,-0.30000000000001137
48,0.0,-91.30000000000001
72,0.0,-356.3
24,39.0,-51.799999999999955
48,40.0,-210.79999999999995
72,40.0,-405.79999999999995
24,-44.0,82.79999999999995
48,24.0,-53.200000000000045
72,9.0,-168.20000000000005
24,-18.0,212.70000000000005
48,0.0,189.70000000000005
72,-58.0,223.70000000000005
24,-83.0,169.20000000000005
48,0.0,-50.799999999999955
72,-65.0,-50.799999999999955
24,14.0,-99.20000000000005
48,14.0,-516.2
72,14.0,-285.20000000000005
24,19.0,77.29999999999995
48,19.0,-277.70000000000005
72,-2.0,279.29999999999995
24,7.0,35.200000000000045
48,7.0,-150.79999999999995
72,7.0,14.200000000000045
24,0.0,-61.299999999999955
48,0.0,-493.29999999999995
72,0.0,-91.29999999999995
24,0.0,-55.80000000000001
48,0.0,-79.80000000000001
72,0.0,-142.8
24,2.0,-17.30000000000001
48,-72.0,25.69999999999999
72,2.0,-140.3
24,0.0,-16.3
48,0.0,-14.3
72,0.0,3.6999999999999993
24,0.0,-57.0
48,0.0,-53.0
72,0.0,58.0
24,0.0,-66.3
48,0.0,-60.3
72,0.0,-67.3
24,0.0,-90.0
48,0.0,-92.0
72,0.0,-68.0
24,0.0,-101.30000000000001
48,0.0,-115.30000000000001
72,0.0,-44.30000000000001
24,0.0,-131.5
48,0.0,-212.5
72,0.0,-146.5
24,0.0,-106.0
48,0.0,-132.0
72,0.0,-96.0
24,0.0,-157.3
48,0.0,-180.3
72,0.0,-96.30000000000001
24,0.0,-199.0
48,0.0,-217.0
72,0.0,-217.0
24,0.0,-154.3
48,0.0,-179.3
72,0.0,-182.3
24,0.0,-27.0
48,0.0,-54.0
72,0.0,-59.0
24,0.0,-46.0
48,0.0,-67.0
72,0.0,-79.0
24,0.0,-49.0
48,0.0,-67.0
72,0.0,-69.0
24,0.0,8.5
48,-5.0,-5.5
72,0.0,-18.5
24,-84.0,110.3
48,0.0,-4.700000000000003
72,0.0,-50.7
24,0.0,-44.7
48,-1.0,166.3
72,0.0,-7.700000000000003
24,0.0,-160.0
48,0.0,81.0
72,0.0,22.0
24,88.0,11.0
48,88.0,131.0
72,49.0,396.0
24,66.0,69.19999999999999
48,66.0,280.2
72,52.0,285.2
24,-11.0,411.8
48,0.0,209.8
72,-15.0,363.8
24,-13.0,280.2
48,0.0,99.19999999999999
72,-9.0,371.2
24,50.0,-99.5
48,-33.0,389.5
72,-23.0,229.5
24,36.0,-237.7
48,-64.0,322.3
72,-21.0,201.3
24,0.0,184.2
48,-100.0,398.2
72,-40.0,242.2
24,-33.0,153.7
48,-99.0,209.7
72,-81.0,185.7
24,30.0,57.30000000000001
48,-5.0,67.30000000000001
72,41.0,54.30000000000001
24,82.0,-13.200000000000003
48,82.0,-14.200000000000003
72,71.0,-14.200000000000003
24,78.0,-29.80000000000001
48,64.0,-35.80000000000001
72,77.0,-39.80000000000001
24,92.0,-152.8
48,92.0,-248.8
72,92.0,-131.8
24,71.0,-73.0
48,94.0,-115.0
72,6.0,-52.0
24,89.0,-104.79999999999995
48,31.0,-22.799999999999955
72,-1.0,-23.799999999999955
24,91.0,13.700000000000045
48,91.0,42.700000000000045
72,1.0,79.70000000000005
24,-22.0,23.299999999999955
48,-24.0,30.299999999999955
72,25.0,31.299999999999955
24,99.0,-17.200000000000045
48,75.0,2.7999999999999545
72,50.0,12.799999999999955
24,90.0,-171.79999999999995
48,90.0,-158.79999999999995
72,90.0,-64.79999999999995
24,7.0,-99.70000000000005
48,7.0,-42.700000000000045
72,-15.0,22.299999999999955
24,5.0,198.2
48,10.0,158.2
72,10.0,158.2
24,58.0,122.5
48,58.0,124.5
72,21.0,143.5
24,5.0,32.8
48,5.0,70.8
72,5.0,41.8
24,3.0,-2.8000000000000007
48,3.0,2.1999999999999993
72,3.0,-0.8000000000000007
24,2.0,-16.30000000000001
48,2.0,-31.30000000000001
72,-12.0,18.69999999999999
24,77.0,76.19999999999999
48,84.0,-20.80000000000001
72,84.0,84.19999999999999
24,16.0,-84.19999999999999
48,16.0,87.80000000000001
72,5.0,192.8
24,2.0,-4.7000000000000455
48,1.0,78.29999999999995
72,-59.0,88.29999999999995
24,0.0,-94.29999999999995
48,0.0,-410.29999999999995
72,-82.0,92.70000000000005
24,0.0,133.20000000000005
48,0.0,280.20000000000005
72,-36.0,322.20000000000005
24,0.0,358.8
48,-36.0,530.8
72,-40.0,529.8
24,0.0,-1.5
48,-56.0,449.5
72,-1.0,430.5
24,0.0,-104.69999999999999
48,-5.0,326.3
72,0.0,315.3
24,0.0,-74.30000000000001
48,-16.0,241.7
72,-46.0,256.7
24,0.0,-123.69999999999999
48,0.0,131.3
72,-94.0,189.3
24,0.0,-66.80000000000001
48,0.0,30.19999999999999
72,-90.0,87.19999999999999
24,99.0,-11.799999999999997
48,4.0,-10.799999999999997
72,99.0,-14.799999999999997
24,98.0,-61.30000000000001
48,33.0,-29.30000000000001
72,98.0,-74.30000000000001
24,86.0,-80.19999999999999
48,-8.0,-27.19999999999999
72,86.0,-106.19999999999999
24,35.0,-51.700000000000045
48,36.0,-64.70000000000005
72,36.0,-105.70000000000005
24,6.0,-85.29999999999995
48,6.0,-89.29999999999995
72,6.0,-156.29999999999995
24,0.0,-21.700000000000045
48,-55.0,39.299999999999955
72,0.0,-131.70000000000005
24,0.0,-18.5
48,-58.0,77.5
72,0.0,-39.5
24,0.0,259.79999999999995
48,-89.0,315.79999999999995
72,0.0,264.79999999999995
24,4.0,250.29999999999995
48,4.0,228.29999999999995
72,4.0,261.29999999999995
24,45.0,186.29999999999995
48,45.0,200.29999999999995
72,-48.0,236.29999999999995
24,83.0,-14.0
48,83.0,-15.0
72,-11.0,29.0
24,19.0,-19.80000000000001
48,95.0,-57.80000000000001
72,95.0,-55.80000000000001
24,7.0,-7.300000000000011
48,100.0,-44.30000000000001
72,100.0,-30.30000000000001
24,0.0,-11.700000000000003
48,-6.0,-8.700000000000003
72,0.0,-15.700000000000003
24,23.0,-85.69999999999999
48,-64.0,-38.69999999999999
72,23.0,-69.69999999999999
24,-19.0,33.80000000000001
48,3.0,13.800000000000011
72,3.0,-18.19999999999999
24,-25.0,314.0
48,0.0,250.0
72,0.0,244.0
24,1.0,488.3
48,-39.0,523.3
72,1.0,472.3
24,11.0,182.29999999999995
48,11.0,158.29999999999995
72,11.0,81.29999999999995
24,41.0,-8.799999999999955
48,-12.0,25.200000000000045
72,41.0,-123.79999999999995
24,4.0,-6.5
48,4.0,40.5
72,4.0,-548.5
24,59.0,-512.2
48,48.0,-236.20000000000005
72,51.0,-25.200000000000045
24,20.0,124.70000000000005
48,39.0,-222.29999999999995
72,39.0,82.70000000000005
24,-32.0,144.8
48,-5.0,128.8
72,27.0,-14.199999999999989
24,-82.0,83.5
48,0.0,-237.5
72,0.0,-97.5
24,0.0,-66.2
48,0.0,-46.2
72,0.0,14.799999999999997
24,-90.0,-3.799999999999997
48,4.0,-3.799999999999997
72,-96.0,-2.799999999999997
24,-72.0,100.2
48,-95.0,104.2
72,-100.0,104.2
24,64.0,21.5
48,64.0,223.5
72,-1.0,271.5
24,12.0,170.7
48,12.0,134.7
72,-24.0,165.7
24,20.0,-2.7999999999999545
48,-8.0,-223.79999999999995
72,-29.0,-57.799999999999955
24,-73.0,260.70000000000005
48,-29.0,158.70000000000005
72,-39.0,236.70000000000005
24,-48.0,357.29999999999995
48,-58.0,359.29999999999995
72,-66.0,362.29999999999995
24,-25.0,-32.700000000000045
48,-30.0,22.299999999999955
72,10.0,-222.70000000000005
24,53.0,-151.29999999999995
48,86.0,-792.3
72,86.0,-662.3
24,73.0,-490.0
48,73.0,-153.0
72,73.0,-491.0
24,82.0,-397.7
48,82.0,-116.69999999999999
72,82.0,-121.69999999999999
24,91.0,-224.2
48,91.0,-215.2
72,91.0,-220.2
24,94.0,37.3
48,95.0,-42.7
72,95.0,-53.7
24,-18.0,-14.299999999999997
48,0.0,-17.299999999999997
72,0.0,-17.299999999999997
24,-94.0,-38.30000000000001
48,0.0,-83.30000000000001
72,0.0,-87.30000000000001
24,14.0,-62.5
48,44.0,-120.5
72,-56.0,-52.5
24,0.0,-52.200000000000045
48,0.0,-97.20000000000005
72,-95.0,-16.200000000000045
24,-69.0,55.0
48,0.0,-38.0
72,-94.0,57.0
24,0.0,63.299999999999955
48,0.0,1.2999999999999545
72,0.0,71.29999999999995
24,-92.0,15.299999999999955
48,2.0,-37.700000000000045
72,2.0,-32.700000000000045
24,-86.0,1.7000000000000455
48,8.0,-151.29999999999995
72,8.0,-49.299999999999955
24,67.0,71.70000000000005
48,-9.0,81.70000000000005
72,86.0,-512.3
24,-62.0,125.70000000000005
48,-50.0,127.70000000000005
72,25.0,-460.29999999999995
24,1.0,144.3
48,1.0,201.3
72,1.0,47.30000000000001
24,0.0,246.2
48,0.0,199.2
72,0.0,5.199999999999989
24,0.0,90.2
48,-15.0,157.2
72,0.0,-1.7999999999999972
24,0.0,-30.799999999999997
48,0.0,-31.799999999999997
72,0.0,-31.799999999999997
24,0.0,-60.8
48,0.0,-55.8
72,0.0,-61.8
24,0.0,-121.5
48,0.0,-114.5
72,0.0,-121.5
24,0.0,-67.2
48,0.0,-61.2
72,0.0,-45.2
24,0.0,-142.7
48,0.0,-143.7
72,0.0,-109.69999999999999
24,0.0,-118.80000000000001
48,0.0,-157.8
72,0.0,-155.8
24,0.0,-23.700000000000003
48,0.0,-96.7
72,0.0,-98.7
24,0.0,-72.30000000000001
48,0.0,-142.3
72,0.0,-139.3
24,0.0,382.7
48,0.0,-51.30000000000001
72,0.0,-139.3
24,0.0,-22.5
48,0.0,-76.5
72,0.0,-176.5
24,0.0,-39.30000000000001
48,0.0,-69.30000000000001
72,0.0,-88.30000000000001
24,0.0,33.2
48,0.0,11.200000000000003
72,0.0,-79.8
24,-26.0,147.7
48,-90.0,151.7
72,0.0,-37.3
24,87.0,-6.200000000000003
48,87.0,-6.200000000000003
72,-4.0,3.799999999999997
24,11.0,-8.199999999999989
48,11.0,-19.19999999999999
72,-82.0,27.80000000000001
24,16.0,7.0
48,16.0,22.0
72,-73.0,62.0
24,97.0,-104.70000000000005
48,97.0,-68.70000000000005
72,97.0,-55.700000000000045
24,86.0,-367.79999999999995
48,39.0,-5.7999999999999545
72,15.0,-10.799999999999955
24,34.0,-395.70000000000005
48,-61.0,137.29999999999995
72,-60.0,131.29999999999995
24,0.0,-213.5
48,-90.0,320.5
72,-64.0,315.5
24,0.0,-188.5
48,-90.0,253.5
72,0.0,173.5
24,-48.0,407.3
48,38.0,342.3
72,-50.0,414.3
24,30.0,333.5
48,30.0,339.5
72,-65.0,408.5
24,27.0,48.5
48,-10.0,117.5
72,-48.0,134.5
24,2.0,114.0
48,-5.0,130.0
72,81.0,-143.0
24,-60.0,27.69999999999999
48,-31.0,14.699999999999989
72,5.0,-153.3
24,46.0,28.7
48,27.0,21.7
72,46.0,-3.3000000000000007
24,0.0,-6.200000000000003
48,-7.0,-2.200000000000003
72,0.0,-4.200000000000003
24,-19.0,-7.199999999999989
48,74.0,-34.19999999999999
72,74.0,-31.19999999999999
24,0.0,-75.0
48,0.0,-41.0
72,-10.0,-50.0
24,29.0,-126.20000000000005
48,29.0,-72.20000000000005
72,29.0,-61.200000000000045
24,-15.0,-24.700000000000045
48,64.0,-87.70000000000005
72,25.0,-33.700000000000045
24,0.0,-43.200000000000045
48,100.0,-122.20000000000005
72,100.0,-84.20000000000005
24,9.0,-25.799999999999955
48,85.0,-45.799999999999955
72,71.0,-53.799999999999955
24,-69.0,23.200000000000045
48,31.0,-49.799999999999955
72,31.0,-66.79999999999995
24,-93.0,70.79999999999995
48,-87.0,65.79999999999995
72,-22.0,44.799999999999955
24,-95.0,-1.0
48,-94.0,-5.0
72,-94.0,5.0
24,1.0,39.0
48,-93.0,58.0
72,-99.0,69.0
24,9.0,72.80000000000001
48,1.0,74.80000000000001
72,-76.0,92.80000000000001
24,0.0,44.0
48,-49.0,52.0
72,-93.0,62.0
24,-36.0,39.8
48,-85.0,40.8
72,-94.0,42.8
24,-5.0,-11.299999999999997
48,-4.0,-12.299999999999997
72,63.0,-14.299999999999997
24,3.0,37.5
48,4.0,27.5
72,98.0,-15.5
24,4.0,-32.80000000000001
48,98.0,-71.80000000000001
72,98.0,-185.8
24,6.0,-52.299999999999955
48,94.0,-150.29999999999995
72,99.0,-201.29999999999995
24,0.0,-51.799999999999955
48,84.0,-74.79999999999995
72,94.0,-70.79999999999995
24,-5.0,-53.299999999999955
48,-11.0,-41.299999999999955
72,83.0,-85.29999999999995
24,72.0,-2.5
48,72.0,-398.5
72,72.0,-8.5
24,56.0,4.2000000000000455
48,60.0,-289.79999999999995
72,60.0,28.200000000000045
24,85.0,-364.79999999999995
48,-9.0,42.200000000000045
72,-9.0,47.200000000000045
24,80.0,-732.2
48,-15.0,43.799999999999955
72,-20.0,46.799999999999955
24,36.0,-292.5
48,-64.0,238.5
72,-59.0,288.5
24,19.0,67.2
48,30.0,54.2
72,-64.0,339.2
24,14.0,96.30000000000001
48,90.0,-42.69999999999999
72,0.0,101.30000000000001
24,67.0,16.7
48,4.0,22.7
72,94.0,1.6999999999999993
24,0.0,-20.0
48,0.0,-9.0
72,-100.0,0.0
24,0.0,-54.19999999999999
48,0.0,-37.19999999999999
72,0.0,27.80000000000001
24,0.0,-279.7
48,0.0,-213.7
72,0.0,17.30000000000001
24,0.0,-53.0
48,0.0,-245.0
72,0.0,54.0
24,0.0,90.70000000000005
48,0.0,-254.29999999999995
72,0.0,129.70000000000005
24,0.0,84.5
48,0.0,-122.5
72,0.0,104.5
24,1.0,-120.70000000000005
48,1.0,-157.70000000000005
72,1.0,-65.70000000000005
24,0.0,-83.70000000000005
48,0.0,-38.700000000000045
72,0.0,30.299999999999955
24,0.0,173.5
48,0.0,175.5
72,0.0,253.5
24,0.0,-275.70000000000005
48,0.0,123.29999999999995
72,0.0,192.29999999999995
24,0.0,-254.0
48,0.0,141.0
72,0.0,212.0
24,0.0,-31.19999999999999
48,0.0,-150.2
72,0.0,126.80000000000001
24,0.0,24.200000000000003
48,0.0,-94.8
72,0.0,1.2000000000000028
24,0.0,20.5
48,0.0,-7.5
72,0.0,1.5
24,0.0,7.5
48,0.0,13.5
72,0.0,18.5
24,0.0,-13.799999999999997
48,0.0,21.200000000000003
72,0.0,57.2
24,0.0,-70.80000000000001
48,0.0,-110.80000000000001
72,0.0,-24.80000000000001
24,0.0,-95.19999999999999
48,0.0,-122.19999999999999
72,0.0,56.80000000000001
24,0.0,-150.7
48,0.0,-184.7
72,0.0,-37.69999999999999
24,0.0,-242.29999999999995
48,0.0,-325.29999999999995
72,0.0,-178.29999999999995
24,0.0,-217.20000000000005
48,0.0,-297.20000000000005
72,0.0,-99.20000000000005
24,0.0,-267.5
48,0.0,-345.5
72,0.0,-255.5
24,0.0,-135.0
48,0.0,-152.0
72,0.0,-133.0
24,8.0,-105.69999999999999
48,8.0,26.30000000000001
72,8.0,1.3000000000000114
24,78.0,-101.30000000000001
48,78.0,-126.30000000000001
72,78.0,-8.300000000000011
24,63.0,-165.7
48,63.0,-132.7
72,63.0,-239.7
24,67.0,-89.0
48,67.0,-93.0
72,67.0,-172.0
24,66.0,6.0
48,90.0,-14.0
72,90.0,-15.0
24,0.0,-13.200000000000003
48,0.0,-14.200000000000003
72,0.0,-16.200000000000003
24,0.0,-37.80000000000001
48,0.0,-40.80000000000001
72,0.0,-46.80000000000001
24,0.0,-46.5
48,0.0,-48.5
72,0.0,-49.5
24,0.0,-47.299999999999955
48,0.0,-46.299999999999955
72,0.0,-49.299999999999955
24,0.0,-38.0
48,0.0,-34.0
72,0.0,-37.0
24,-5.0,35.5
48,-5.0,38.5
72,-5.0,36.5
24,-6.0,30.5
48,-6.0,34.5
72,-6.0,30.5
24,-9.0,-37.5
48,-9.0,-33.5
72,-9.0,-38.5
24,-6.0,-47.299999999999955
48,-6.0,-44.299999999999955
72,-6.0,-47.299999999999955
24,-21.0,-35.5
48,-21.0,-33.5
72,-21.0,-36.5
24,-11.0,-17.0
48,-11.0,-17.0
72,-11.0,-18.0
24,-5.0,-27.0
48,-5.0,-27.0
72,-5.0,-26.0
24,-1.0,-1.6999999999999886
48,-1.0,-1.6999999999999886
72,-1.0,-1.6999999999999886
24,0.0,17.200000000000003
48,0.0,16.200000000000003
72,0.0,17.200000000000003
24,0.0,-16.299999999999997
48,0.0,-16.299999999999997
72,0.0,-16.299999999999997
24,0.0,-37.5
48,0.0,-35.5
72,0.0,-37.5
24,0.0,-51.0
48,7.0,-52.0
72,0.0,-54.0
24,-51.0,-53.700000000000045
48,0.0,-58.700000000000045
72,-46.0,-57.700000000000045
24,-5.0,-51.200000000000045
48,89.0,-122.20000000000005
72,-6.0,-56.200000000000045
24,32.0,-48.200000000000045
48,89.0,-150.20000000000005
72,-11.0,-52.200000000000045
24,28.0,-43.0
48,63.0,-163.0
72,-26.0,-48.0
24,-38.0,-40.200000000000045
48,53.0,-237.20000000000005
72,7.0,-49.200000000000045
24,59.0,-92.5
48,59.0,-160.5
72,59.0,-102.5
24,15.0,-93.20000000000005
48,15.0,-164.20000000000005
72,15.0,-78.20000000000005
24,0.0,-52.200000000000045
48,0.0,-99.20000000000005
72,0.0,-58.200000000000045
24,0.0,54.69999999999999
48,0.0,44.69999999999999
72,0.0,-43.30000000000001
24,-2.0,136.0
48,0.0,102.0
72,0.0,16.0
24,0.0,8.3
48,0.0,10.3
72,0.0,-0.6999999999999993
24,0.0,20.0
48,0.0,8.0
72,0.0,-4.0
24,-15.0,56.5
48,0.0,-15.5
72,0.0,-110.5
24,0.0,27.700000000000003
48,0.0,113.7
72,0.0,54.7
24,0.0,224.5
48,0.0,216.5
72,0.0,-130.5
24,0.0,124.0
48,0.0,306.0
72,0.0,-199.0
24,0.0,107.5
48,0.0,378.5
72,0.0,-133.5
24,0.0,-171.3
48,0.0,179.7
72,0.0,-194.3
24,0.0,-106.69999999999999
48,0.0,120.30000000000001
72,0.0,-160.7
24,0.0,-181.7
48,0.0,-170.7
72,0.0,-235.7
24,0.0,-103.5
48,0.0,-129.5
72,0.0,-134.5
24,0.0,-44.3
48,0.0,-45.3
72,0.0,-29.299999999999997
24,0.0,-25.299999999999997
48,0.0,-19.299999999999997
72,0.0,-30.299999999999997
24,0.0,-39.8
48,0.0,-30.799999999999997
72,0.0,-39.8
24,0.0,-6.5
48,0.0,-5.5
72,0.0,-5.5
24,0.0,-12.0
48,0.0,-12.0
72,0.0,-12.0
24,0.0,-40.2
48,0.0,-46.2
72,0.0,-41.2
24,0.0,-34.2
48,0.0,-37.2
72,0.0,-36.2
24,0.0,-86.2
48,0.0,-92.2
72,0.0,-91.2
24,0.0,-121.69999999999999
48,0.0,-127.69999999999999
72,0.0,-129.7
24,0.0,-90.8
48,0.0,-104.8
72,0.0,-60.8
24,0.0,-162.7
48,0.0,-185.7
72,0.0,-167.7
24,0.0,-119.30000000000001
48,0.0,-140.3
72,0.0,-126.30000000000001
24,0.0,-187.7
48,0.0,-218.7
72,0.0,-220.7
24,0.0,-128.0
48,0.0,-132.0
72,0.0,-130.0
24,0.0,-100.2
48,0.0,-98.2
72,0.0,-98.2
24,0.0,-29.299999999999997
48,0.0,-35.3
72,0.0,-37.3
24,0.0,-1.5
48,0.0,-6.5
72,0.0,-4.5
24,0.0,-7.5
48,0.0,-7.5
72,0.0,-6.5
24,0.0,-34.7
48,0.0,-34.7
72,0.0,-31.700000000000003
24,0.0,-71.5
48,0.0,-69.5
72,0.0,-67.5
24,0.0,-124.0
48,0.0,-123.0
72,0.0,-119.0
24,0.0,-117.30000000000001
48,0.0,-113.30000000000001
72,0.0,-98.30000000000001
24,0.0,-158.3
48,0.0,-155.3
72,0.0,-151.3
24,0.0,-174.0
48,0.0,-181.0
72,0.0,-133.0
24,0.0,-294.3
48,0.0,-312.3
72,0.0,-258.3
24,0.0,-348.2
48,0.0,-403.2
72,0.0,-346.2
24,0.0,-220.7
48,-7.0,-33.69999999999999
72,0.0,-265.7
24,1.0,-151.0
48,-5.0,252.0
72,-15.0,261.0
24,0.0,-86.5
48,0.0,-4.5
72,-8.0,211.5
24,6.0,-138.3
48,6.0,-142.3
72,6.0,-122.30000000000001
24,5.0,14.799999999999997
48,5.0,-0.20000000000000284
72,5.0,-22.200000000000003
24,12.0,23.5
48,13.0,11.5
72,13.0,4.5
24,100.0,-15.299999999999997
48,10.0,-12.299999999999997
72,5.0,-12.299999999999997
24,53.0,-42.5
48,9.0,-36.5
72,-2.0,-37.5
24,6.0,-46.5
48,19.0,-52.5
72,6.0,-47.5
24,5.0,-47.5
48,10.0,-52.5
72,30.0,-49.5
24,-4.0,-47.0
48,2.0,-51.0
72,1.0,-46.0
24,0.0,-43.700000000000045
48,6.0,-45.700000000000045
72,6.0,-42.700000000000045
24,-20.0,-20.5
48,-14.0,-21.5
72,-20.0,-20.5
24,-59.0,27.5
48,-56.0,27.5
72,34.0,-19.5
24,-24.0,82.5
48,67.0,55.5
72,69.0,29.5
24,-51.0,18.200000000000045
48,-30.0,4.2000000000000455
72,-8.0,3.2000000000000455
24,-17.0,1.2999999999999545
48,0.0,25.299999999999955
72,-43.0,75.29999999999995
24,41.0,103.0
48,36.0,118.0
72,41.0,114.0
24,68.0,36.69999999999999
48,75.0,15.699999999999989
72,66.0,36.69999999999999
24,4.0,39.3
48,90.0,34.3
72,94.0,33.3
24,11.0,-10.200000000000003
48,5.0,-10.200000000000003
72,8.0,-11.200000000000003
24,5.0,-38.80000000000001
48,5.0,-37.80000000000001
72,6.0,-39.80000000000001
24,0.0,-50.5
48,5.0,-46.5
72,0.0,-51.5
24,1.0,27.5
48,1.0,30.5
72,-4.0,25.5
24,-33.0,15.799999999999955
48,-33.0,22.799999999999955
72,-38.0,19.799999999999955
24,-60.0,-47.5
48,-56.0,-37.5
72,-61.0,-43.5
24,-64.0,48.0
48,-64.0,60.0
72,-74.0,53.0
24,10.0,-48.299999999999955
48,99.0,-53.299999999999955
72,5.0,-44.299999999999955
24,-2.0,-25.0
48,-2.0,-15.0
72,4.0,-15.0
24,1.0,171.70000000000005
48,0.0,179.70000000000005
72,1.0,178.70000000000005
24,-74.0,141.3
48,-23.0,140.3
72,-70.0,147.3
24,-6.0,157.7
48,-12.0,162.7
72,-76.0,175.7
24,54.0,27.5
48,61.0,46.5
72,61.0,28.5
24,0.0,-2.200000000000003
48,0.0,-3.200000000000003
72,0.0,-8.200000000000003
24,4.0,6.5
48,91.0,1.5
72,10.0,6.5
24,53.0,-1.3000000000000114
48,32.0,3.6999999999999886
72,66.0,-14.300000000000011
24,80.0,-74.30000000000001
48,80.0,-54.30000000000001
72,80.0,-87.30000000000001
24,67.0,-81.20000000000005
48,61.0,-76.20000000000005
72,85.0,-127.20000000000005
24,95.0,-624.0
48,94.0,-123.0
72,74.0,-121.0
24,5.0,-40.700000000000045
48,76.0,-49.700000000000045
72,96.0,-183.70000000000005
24,-44.0,-65.5
48,-32.0,-67.5
72,16.0,-183.5
24,67.0,-750.3
48,-25.0,-63.299999999999955
72,67.0,-89.29999999999995
24,19.0,-234.5
48,99.0,-467.5
72,80.0,-80.5
24,100.0,-598.7
48,100.0,-616.7
72,100.0,-406.70000000000005
24,48.0,-64.79999999999995
48,62.0,-80.79999999999995
72,12.0,-43.799999999999955
24,3.0,-43.0
48,88.0,-180.0
72,96.0,-310.0
24,99.0,-201.7
48,99.0,-217.7
72,99.0,-174.7
24,79.0,-21.799999999999997
48,96.0,-48.8
72,68.0,-1.7999999999999972
24,81.0,-51.3
48,81.0,-42.3
72,81.0,-46.3
24,70.0,-209.3
48,70.0,-212.3
72,70.0,-190.3
24,28.0,-51.0
48,58.0,-232.0
72,71.0,-334.0
24,45.0,94.69999999999999
48,96.0,-417.3
72,65.0,7.699999999999989
24,50.0,47.700000000000045
48,95.0,-344.29999999999995
72,95.0,-538.3
24,14.0,-58.0
48,92.0,-277.0
72,95.0,-771.0
24,68.0,-561.2
48,68.0,-520.2
72,68.0,-667.2
24,90.0,-637.3
48,90.0,-949.3
72,90.0,-406.29999999999995
24,9.0,-21.299999999999955
48,52.0,-783.3
72,52.0,-416.29999999999995
24,-72.0,153.0
48,12.0,-574.0
72,12.0,-255.0
24,21.0,241.7
48,78.0,-306.3
72,78.0,-111.30000000000001
24,51.0,-23.19999999999999
48,51.0,-53.19999999999999
72,32.0,57.80000000000001
24,3.0,-13.5
48,3.0,-86.5
72,-2.0,-8.5
24,-38.0,34.2
48,21.0,4.199999999999999
72,38.0,10.2
24,1.0,23.0
48,-62.0,27.0
72,-94.0,27.0
24,0.0,50.8
48,-90.0,158.8
72,-89.0,159.8
24,0.0,81.8
48,-60.0,345.8
72,-56.0,355.8
24,0.0,336.7
48,-30.0,440.7
72,-45.0,438.7
24,0.0,35.8
48,0.0,537.8
72,-77.0,664.8
24,0.0,-33.7
48,0.0,587.3
72,0.0,805.3
24,0.0,12.700000000000003
48,0.0,451.7
72,-88.0,841.7
24,0.0,-15.800000000000011
48,0.0,249.2
72,-85.0,723.2
24,0.0,-112.30000000000001
48,0.0,155.7
72,0.0,212.7
24,0.0,-103.7
48,0.0,377.3
72,0.0,37.3
24,0.0,-10.0
48,0.0,-30.0
72,0.0,17.0
24,2.0,-99.7
48,2.0,-104.7
72,-86.0,302.3
24,0.0,-43.8
48,0.0,-17.799999999999997
72,-88.0,181.2
24,0.0,-5.199999999999999
48,0.0,-11.2
72,-87.0,44.8
24,0.0,-29.0
48,0.0,-33.0
72,0.0,-36.0
24,35.0,-120.19999999999999
48,35.0,-126.19999999999999
72,35.0,-141.2
24,10.0,-105.19999999999999
48,10.0,-115.19999999999999
72,10.0,-71.19999999999999
24,0.0,-140.5
48,0.0,-132.5
72,0.0,-116.5
24,0.0,-95.5
48,0.0,-95.5
72,0.0,-48.5
24,0.0,-196.0
48,0.0,-164.0
72,0.0,-41.0
24,0.0,-177.8
48,0.0,3.1999999999999886
72,0.0,192.2
24,0.0,-185.7
48,0.0,98.30000000000001
72,0.0,329.3
24,0.0,-102.80000000000001
48,0.0,-175.8
72,0.0,184.2
24,0.0,-107.80000000000001
48,0.0,-91.80000000000001
72,0.0,256.2
24,0.0,1.1999999999999886
48,0.0,-107.80000000000001
72,-68.0,411.2
24,0.0,44.5
48,0.0,-25.5
72,-86.0,374.5
24,1.0,11.8
48,1.0,52.8
72,1.0,48.8
24,64.0,54.0
48,64.0,4.0
72,64.0,8.0
24,0.0,-21.2
48,0.0,-19.2
72,0.0,10.8
24,0.0,-54.8
48,0.0,-46.8
72,0.0,93.2
24,0.0,-66.7
48,0.0,-99.7
72,0.0,249.3
24,0.0,-42.3
48,0.0,-98.3
72,0.0,424.7
24,1.0,-35.80000000000001
48,1.0,-138.8
72,1.0,504.2
24,18.0,-44.5
48,18.0,-137.5
72,18.0,535.5
24,3.0,-70.0
48,3.0,-183.0
72,3.0,509.0
24,11.0,518.2
48,47.0,-115.80000000000001
72,47.0,519.2
24,58.0,84.0
48,58.0,-163.0
72,58.0,572.0
24,-57.0,442.5
48,30.0,-95.5
72,30.0,453.5
24,15.0,239.5
48,85.0,39.5
72,85.0,199.5
24,78.0,13.5
48,78.0,212.5
72,78.0,292.5
24,-2.0,197.7
48,23.0,186.7
72,91.0,170.7
24,51.0,46.0
48,23.0,46.0
72,82.0,40.0
24,3.0,22.5
48,47.0,13.5
72,47.0,22.5
24,-20.0,65.3
48,0.0,56.3
72,0.0,74.3
24,0.0,107.3
48,-6.0,292.3
72,0.0,277.3
24,-2.0,214.0
48,-3.0,382.0
72,1.0,373.0
24,4.0,59.19999999999999
48,4.0,266.2
72,4.0,264.2
24,0.0,-92.69999999999999
48,0.0,74.30000000000001
72,0.0,228.3
24,0.0,182.8
48,0.0,-34.19999999999999
72,0.0,356.8
24,0.0,358.7
48,0.0,-155.3
72,0.0,291.7
24,0.0,-40.5
48,0.0,-62.5
72,0.0,210.5
24,0.0,-106.80000000000001
48,0.0,-127.80000000000001
72,0.0,358.2
24,0.0,8.699999999999989
48,0.0,-111.30000000000001
72,0.0,274.7
24,0.0,126.3
48,0.0,-52.7
72,0.0,281.3
24,0.0,108.2
48,0.0,20.200000000000003
72,0.0,104.2
24,0.0,43.3
48,0.0,28.3
72,0.0,23.3
24,0.0,-5.0
48,0.0,-17.0
72,0.0,-8.0
24,0.0,-6.699999999999989
48,0.0,-15.699999999999989
72,0.0,20.30000000000001
24,8.0,-61.0
48,8.0,-1.0
72,8.0,55.0
24,0.0,-104.30000000000001
48,0.0,87.69999999999999
72,0.0,12.699999999999989
24,10.0,-22.69999999999999
48,10.0,268.3
72,10.0,216.3
24,1.0,-25.19999999999999
48,1.0,332.8
72,1.0,296.8
24,0.0,48.80000000000001
48,0.0,534.8
72,0.0,136.8
24,9.0,111.5
48,9.0,540.5
72,9.0,226.5
24,3.0,63.799999999999955
48,3.0,252.79999999999995
72,3.0,-141.20000000000005
24,0.0,130.3
48,0.0,239.3
72,0.0,47.30000000000001
24,0.0,273.3
48,0.0,286.3
72,0.0,417.3
24,0.0,133.5
48,0.0,149.5
72,0.0,111.5
24,0.0,104.0
48,0.0,110.0
72,0.0,44.0
24,-28.0,26.8
48,0.0,0.8000000000000007
72,0.0,-10.2
24,-15.0,13.5
48,0.0,7.5
72,0.0,-10.5
24,-18.0,108.0
48,0.0,3.0
72,0.0,-41.0
24,0.0,66.80000000000001
48,0.0,43.80000000000001
72,0.0,-93.19999999999999
24,0.0,-63.30000000000001
48,0.0,-31.30000000000001
72,0.0,-203.3
24,0.0,11.5
48,0.0,39.5
72,0.0,-110.5
24,0.0,45.30000000000001
48,0.0,35.30000000000001
72,0.0,-106.69999999999999
24,0.0,-49.5
48,0.0,112.5
72,0.0,-133.5
24,0.0,-37.0
48,0.0,200.0
72,0.0,-79.0
24,0.0,-84.19999999999999
48,0.0,67.80000000000001
72,0.0,-109.19999999999999
24,0.0,-145.0
48,0.0,63.0
72,0.0,-80.0
24,0.0,-72.0
48,0.0,104.0
72,0.0,56.0
24,0.0,-2.700000000000003
48,0.0,100.3
72,0.0,69.3
24,0.0,22.5
48,0.0,70.5
72,0.0,24.5
24,0.0,7.699999999999999
48,0.0,39.7
72,0.0,5.699999999999999
24,72.0,-38.0
48,72.0,-34.0
72,72.0,-25.0
24,22.0,-46.69999999999999
48,22.0,-51.69999999999999
72,22.0,-71.69999999999999
24,0.0,126.0
48,0.0,165.0
72,-8.0,213.0
24,0.0,-11.5
48,0.0,177.5
72,0.0,211.5
24,0.0,293.5
48,0.0,249.5
72,0.0,180.5
24,0.0,277.0
48,0.0,223.0
72,0.0,286.0
24,0.0,93.5
48,0.0,-107.5
72,0.0,-98.5
24,2.0,-47.299999999999955
48,2.0,-361.29999999999995
72,2.0,-363.29999999999995
24,59.0,20.799999999999955
48,59.0,-35.200000000000045
72,59.0,-269.20000000000005
24,-8.0,58.200000000000045
48,1.0,-115.79999999999995
72,1.0,-18.799999999999955
24,-15.0,86.69999999999999
48,0.0,87.69999999999999
72,0.0,112.69999999999999
24,0.0,-9.0
48,-35.0,299.0
72,0.0,232.0
24,3.0,-16.200000000000003
48,2.0,129.8
72,3.0,9.799999999999997
24,0.0,19.8
48,0.0,54.8
72,0.0,23.8
24,0.0,-15.0
48,0.0,-16.0
72,-46.0,-16.0
24,0.0,-27.30000000000001
48,0.0,13.699999999999989
72,-19.0,-19.30000000000001
24,0.0,49.5
48,-4.0,103.5
72,-77.0,109.5
24,5.0,36.19999999999999
48,-87.0,87.19999999999999
72,-95.0,93.19999999999999
24,20.0,23.299999999999955
48,17.0,35.299999999999955
72,-80.0,88.29999999999995
24,13.0,99.5
48,13.0,88.5
72,-87.0,181.5
24,0.0,252.29999999999995
48,0.0,315.29999999999995
72,-100.0,425.29999999999995
24,0.0,211.20000000000005
48,0.0,226.20000000000005
72,-100.0,280.20000000000005
24,-87.0,753.7
48,-24.0,734.7
72,-57.0,757.7
24,-87.0,727.5
48,-1.0,691.5
72,-33.0,595.5
24,-69.0,391.5
48,25.0,218.5
72,-57.0,340.5
24,-99.0,87.0
48,1.0,-40.0
72,-89.0,87.0
24,37.0,-74.19999999999999
48,-63.0,8.800000000000011
72,37.0,-82.19999999999999
24,31.0,-33.7
48,-69.0,6.299999999999997
72,31.0,-32.7
24,0.0,-22.700000000000003
48,0.0,-13.700000000000003
72,0.0,-12.700000000000003
24,0.0,54.0
48,-80.0,108.0
72,0.0,97.0
24,-79.0,311.0
48,0.0,270.0
72,-90.0,313.0
24,0.0,429.0
48,0.0,455.0
72,-82.0,504.0
24,0.0,452.0
48,0.0,438.0
72,-88.0,524.0
24,0.0,480.8
48,0.0,460.8
72,-94.0,545.8
24,0.0,468.7
48,0.0,416.7
72,-46.0,501.7
24,0.0,703.8
48,0.0,657.8
72,-32.0,698.8
24,0.0,609.7
48,0.0,621.7
72,0.0,137.7
24,0.0,366.0
48,0.0,478.0
72,0.0,453.0
24,0.0,232.5
48,0.0,287.5
72,0.0,188.5
24,0.0,58.3
48,0.0,221.3
72,0.0,11.299999999999997
24,0.0,71.0
48,0.0,84.0
72,0.0,-9.0
24,0.0,33.3
48,0.0,15.3
72,0.0,21.3
24,5.0,-13.200000000000003
48,100.0,-23.200000000000003
72,100.0,-30.200000000000003
24,0.0,-26.5
48,100.0,-92.5
72,100.0,-86.5
24,0.0,-36.80000000000001
48,0.0,-38.80000000000001
72,100.0,-164.8
24,-2.0,-55.799999999999955
48,5.0,-59.799999999999955
72,98.0,-129.79999999999995
24,-1.0,-64.29999999999995
48,-1.0,-59.299999999999955
72,99.0,-244.29999999999995
24,0.0,-65.70000000000005
48,0.0,-61.700000000000045
72,100.0,-172.70000000000005
24,0.0,-66.79999999999995
48,0.0,-63.799999999999955
72,0.0,-60.799999999999955
24,-5.0,-66.29999999999995
48,-5.0,-62.299999999999955
72,-5.0,-59.299999999999955
24,-19.0,-64.5
48,-19.0,-59.5
72,-19.0,-68.5
24,-64.0,-66.20000000000005
48,-64.0,-58.200000000000045
72,-64.0,-66.20000000000005
24,-37.0,-64.20000000000005
48,-37.0,-62.200000000000045
72,-37.0,-63.200000000000045
24,-26.0,-52.0
48,-26.0,-48.0
72,-26.0,-50.0
24,-28.0,-16.5
48,-28.0,-16.5
72,-28.0,-15.5
24,-42.0,19.200000000000003
48,-42.0,20.200000000000003
72,-42.0,20.200000000000003
24,0.0,-18.299999999999997
48,0.0,-18.299999999999997
72,0.0,-17.299999999999997
24,0.0,-45.5
48,0.0,-45.5
72,0.0,-41.5
24,0.0,-65.5
48,0.0,-61.5
72,0.0,-59.5
24,0.0,-71.79999999999995
48,0.0,-65.79999999999995
72,0.0,-62.799999999999955
24,0.0,-70.0
48,0.0,-64.0
72,0.0,-60.0
24,0.0,-80.0
48,0.0,-74.0
72,0.0,-69.0
24,0.0,-80.79999999999995
48,0.0,-72.79999999999995
72,0.0,-68.79999999999995
24,-5.0,-78.5
48,-5.0,-73.5
72,-5.0,-70.5
24,-88.0,-68.70000000000005
48,-88.0,-73.70000000000005
72,-88.0,-68.70000000000005
24,-57.0,-58.799999999999955
48,-57.0,-62.799999999999955
72,-57.0,-58.799999999999955
24,-37.0,-51.5
48,-37.0,-52.5
72,-37.0,-51.5
24,-35.0,-21.0
48,-35.0,-20.0
72,-35.0,-19.0
24,-33.0,88.19999999999999
48,-33.0,87.19999999999999
72,-33.0,88.19999999999999
24,-14.0,19.5
48,-14.0,19.5
72,-14.0,19.5
24,0.0,-14.0
48,-88.0,-11.0
72,0.0,-14.0
24,2.0,-57.5
48,2.0,-71.5
72,2.0,-101.5
24,0.0,-111.5
48,0.0,-65.5
72,0.0,-126.5
24,26.0,-123.5
48,26.0,-88.5
72,26.0,-372.5
24,2.0,-95.29999999999995
48,2.0,-124.29999999999995
72,2.0,-102.29999999999995
24,0.0,-128.0
48,0.0,-106.0
72,0.0,-81.0
24,-92.0,-29.0
48,3.0,-69.0
72,3.0,-126.0
24,11.0,-28.299999999999955
48,33.0,-93.29999999999995
72,33.0,-122.29999999999995
24,-4.0,-77.20000000000005
48,-97.0,-45.200000000000045
72,3.0,-123.20000000000005
24,-29.0,1.2000000000000455
48,0.0,-32.799999999999955
72,0.0,-57.799999999999955
24,0.0,-38.200000000000045
48,0.0,-30.200000000000045
72,0.0,-24.200000000000045
24,0.0,-138.2
48,0.0,108.80000000000001
72,-22.0,130.8
24,0.0,-143.2
48,-91.0,75.80000000000001
72,-15.0,76.80000000000001
24,0.0,-34.8
48,-38.0,27.200000000000003
72,0.0,15.200000000000003
24,0.0,-8.0
48,0.0,-12.0
72,0.0,-11.0
24,0.0,38.2
48,0.0,-42.8
72,0.0,-50.8
24,0.0,-165.3
48,0.0,-60.30000000000001
72,0.0,57.69999999999999
24,0.0,-119.80000000000001
48,0.0,237.2
72,0.0,105.19999999999999
24,0.0,-194.3
48,0.0,205.7
72,0.0,-30.30000000000001
24,0.0,-286.8
48,0.0,-20.80000000000001
72,0.0,-154.8
24,0.0,-367.2
48,0.0,82.80000000000001
72,0.0,-10.199999999999989
24,0.0,-580.8
48,0.0,-539.8
72,0.0,-292.79999999999995
24,0.0,-347.7
48,0.0,-378.7
72,0.0,-316.7
24,0.0,-209.0
48,0.0,-298.0
72,0.0,-285.0
24,0.0,-272.5
48,0.0,-284.5
72,0.0,-272.5
24,0.0,-89.2
48,0.0,-86.2
72,0.0,-101.2
24,0.0,-11.3
48,0.0,-13.3
72,0.0,-15.3
24,0.0,-5.199999999999999
48,0.0,-5.199999999999999
72,0.0,-2.1999999999999993
24,0.0,-15.2
48,0.0,-13.2
72,0.0,-15.2
24,0.0,-74.7
48,0.0,-64.7
72,0.0,-74.7
24,0.0,-80.7
48,0.0,-80.7
72,0.0,-83.7
24,0.0,-140.5
48,0.0,-192.5
72,0.0,-189.5
24,0.0,-236.8
48,0.0,-253.8
72,0.0,-244.8
24,0.0,-231.2
48,0.0,-223.2
72,0.0,-233.2
24,0.0,-168.7
48,0.0,-174.7
72,0.0,-217.7
24,0.0,-162.5
48,0.0,-177.5
72,0.0,-215.5
24,0.0,-203.3
48,0.0,-177.3
72,0.0,-194.3
24,0.0,-109.2
48,0.0,-74.2
72,0.0,-88.2
24,0.0,-62.2
48,0.0,-32.2
72,0.0,-68.2
24,0.0,-26.799999999999997
48,0.0,-13.799999999999997
72,0.0,-40.8
24,0.0,-27.0
48,0.0,-29.0
72,0.0,-32.0
24,0.0,-20.5
48,0.0,-19.5
72,0.0,-22.5
24,0.0,-23.0
48,0.0,-23.0
72,0.0,-21.0
24,0.0,-44.2
48,0.0,-38.2
72,0.0,-33.2
24,0.0,-82.3
48,0.0,-88.3
72,0.0,-88.3
24,0.0,-109.0
48,0.0,-113.0
72,0.0,-114.0
24,0.0,-113.5
48,0.0,-121.5
72,0.0,-121.5
24,0.0,-143.0
48,0.0,-152.0
72,0.0,-141.0
24,0.0,-209.3
48,0.0,-223.3
72,0.0,-217.3
24,0.0,-197.8
48,0.0,-192.8
72,0.0,-183.8
24,0.0,-142.2
48,0.0,-150.2
72,0.0,196.8
24,0.0,-159.3
48,0.0,-168.3
72,0.0,52.69999999999999
24,0.0,-86.5
48,0.0,-88.5
72,0.0,247.5
24,0.0,-67.0
48,0.0,-79.0
72,0.0,112.0
24,0.0,-1.6999999999999993
48,0.0,-7.699999999999999
72,0.0,16.3
24,0.0,-17.7
48,0.0,-13.7
72,0.0,8.3
24,0.0,14.2
48,0.0,-13.8
72,0.0,1.1999999999999993
24,0.0,53.2
48,0.0,-71.8
72,0.0,-41.8
24,0.0,80.5
48,0.0,-108.5
72,0.0,-56.5
24,0.0,230.3
48,0.0,-229.7
72,0.0,-232.7
24,0.0,82.5
48,0.0,-331.5
72,0.0,-347.5
24,0.0,3.2999999999999545
48,0.0,-254.70000000000005
72,0.0,-346.70000000000005
24,0.0,-29.700000000000045
48,0.0,-155.70000000000005
72,0.0,-189.70000000000005
24,0.0,244.3
48,0.0,-171.7
72,0.0,224.3
24,20.0,310.2
48,20.0,-38.80000000000001
72,20.0,-65.80000000000001
24,-43.0,624.0
48,5.0,321.0
72,5.0,7.0
24,0.0,487.7
48,0.0,326.7
72,0.0,37.7
24,0.0,369.5
48,0.0,270.5
72,0.0,106.5
24,1.0,173.3
48,1.0,100.3
72,1.0,70.3
24,-19.0,18.200000000000003
48,6.0,-10.799999999999997
72,6.0,0.20000000000000284
24,0.0,-14.8
48,0.0,12.2
72,0.0,-15.8
24,0.0,-74.3
48,0.0,-85.3
72,0.0,-91.3
24,0.0,-4.0
48,-95.0,343.0
72,0.0,-56.0
24,0.0,251.3
48,-95.0,519.3
72,0.0,-69.7
24,0.0,197.3
48,0.0,458.3
72,0.0,-249.7
24,0.0,-180.0
48,0.0,608.0
72,0.0,-214.0
24,0.0,-202.8
48,0.0,663.2
72,0.0,-205.8
24,0.0,-206.5
48,0.0,455.5
72,0.0,-195.5
24,0.0,-139.3
48,0.0,-175.3
72,0.0,-136.3
24,0.0,-175.3
48,0.0,-156.3
72,0.0,-121.30000000000001
24,0.0,-150.5
48,0.0,-141.5
72,0.0,-127.5
24,0.0,-74.3
48,0.0,-39.3
72,0.0,-63.3
24,0.0,6.2
48,0.0,48.2
72,0.0,10.2
24,0.0,2.8
48,0.0,2.8
72,0.0,4.8
24,3.0,-26.5
48,3.0,-22.5
72,3.0,-28.5
24,2.0,-106.2
48,2.0,-81.2
72,2.0,-115.2
24,38.0,-318.3
48,38.0,-202.3
72,-1.0,69.69999999999999
24,0.0,-542.3
48,0.0,-89.29999999999995
72,-94.0,29.700000000000045
24,87.0,-662.0
48,87.0,-192.0
72,-8.0,8.0
24,-60.0,-299.79999999999995
48,0.0,-191.79999999999995
72,-90.0,-35.799999999999955
24,0.0,-218.70000000000005
48,0.0,-18.700000000000045
72,-89.0,13.299999999999955
24,-14.0,-56.200000000000045
48,0.0,8.799999999999955
72,0.0,-101.20000000000005
24,0.0,-192.29999999999995
48,0.0,-402.29999999999995
72,0.0,-495.29999999999995
24,0.0,236.0
48,0.0,-160.0
72,0.0,-353.0
24,0.0,194.7
48,0.0,-62.30000000000001
72,0.0,-257.3
24,3.0,151.0
48,3.0,36.0
72,3.0,-177.0
24,97.0,-32.30000000000001
48,97.0,-54.30000000000001
72,97.0,-212.3
24,75.0,-18.799999999999997
48,75.0,-20.799999999999997
72,75.0,-52.8
24,0.0,-12.299999999999997
48,0.0,-15.299999999999997
72,-48.0,-9.299999999999997
24,15.0,-79.19999999999999
48,15.0,-88.19999999999999
72,-71.0,-25.19999999999999
24,0.0,-123.69999999999999
48,0.0,-55.69999999999999
72,-64.0,-32.69999999999999
24,1.0,-120.29999999999995
48,1.0,-80.29999999999995
72,-27.0,-35.299999999999955
24,2.0,-53.0
48,2.0,-27.0
72,2.0,-118.0
24,1.0,37.200000000000045
48,0.0,86.20000000000005
72,1.0,92.20000000000005
24,3.0,-246.29999999999995
48,3.0,126.70000000000005
72,3.0,104.70000000000005
24,5.0,270.0
48,5.0,207.0
72,-67.0,278.0
24,39.0,-22.299999999999955
48,33.0,-16.299999999999955
72,21.0,-9.299999999999955
24,-3.0,1.0
48,7.0,-1.0
72,7.0,-13.0
24,6.0,52.5
48,-4.0,55.5
72,-17.0,49.5
24,0.0,-32.0
48,-83.0,41.0
72,0.0,-201.0
24,31.0,52.80000000000001
48,-46.0,102.80000000000001
72,31.0,54.80000000000001
24,1.0,31.7
48,1.0,36.7
72,1.0,-21.3
24,73.0,-26.700000000000003
48,73.0,-23.700000000000003
72,73.0,-42.7
24,81.0,-63.5
48,81.0,-150.5
72,81.0,-160.5
24,0.0,-222.5
48,0.0,-31.5
72,0.0,-181.5
24,0.0,-216.0
48,-7.0,-67.0
72,0.0,-569.0
24,0.0,-36.200000000000045
48,-28.0,-26.200000000000045
72,0.0,-335.20000000000005
24,-74.0,19.799999999999955
48,-74.0,16.799999999999955
72,0.0,-788.2
24,-74.0,135.70000000000005
48,-6.0,114.70000000000005
72,0.0,-539.3
24,-64.0,96.70000000000005
48,0.0,45.700000000000045
72,0.0,-615.3
24,0.0,29.200000000000045
48,0.0,-75.79999999999995
72,-3.0,-248.79999999999995
24,0.0,-169.29999999999995
48,0.0,133.70000000000005
72,0.0,-560.3
24,0.0,-130.5
48,0.0,155.5
72,0.0,-409.5
24,0.0,-62.30000000000001
48,0.0,3.6999999999999886
72,0.0,-30.30000000000001
24,0.0,31.69999999999999
48,-2.0,56.69999999999999
72,0.0,18.69999999999999
24,0.0,20.299999999999997
48,-75.0,25.299999999999997
72,0.0,9.299999999999997
24,-12.0,-17.0
48,37.0,-41.0
72,37.0,-21.0
24,17.0,4.800000000000011
48,39.0,-154.2
72,39.0,-24.19999999999999
24,9.0,-235.5
48,9.0,15.5
72,9.0,-205.5
24,14.0,-331.7
48,10.0,202.3
72,14.0,-342.7
24,23.0,-454.2
48,23.0,-312.2
72,23.0,-428.2
24,0.0,-378.0
48,0.0,-703.0
72,0.0,-538.0
24,-2.0,-87.79999999999995
48,0.0,-612.8
72,0.0,-549.8
24,0.0,44.8
48,0.0,-8.200000000000003
72,0.0,825.8
24,0.0,760.8
48,-25.0,815.8
72,0.0,-32.2
24,0.0,578.8
48,-34.0,496.8
72,0.0,198.8
24,0.0,459.2
48,0.0,387.2
72,0.0,435.2
24,0.0,296.5
48,0.0,-24.5
72,0.0,261.5
24,0.0,149.5
48,-3.0,168.5
72,0.0,128.5
24,0.0,19.5
48,0.0,58.5
72,0.0,58.5
24,83.0,-17.0
48,84.0,-31.0
72,84.0,-31.0
24,27.0,-61.5
48,23.0,-67.5
72,10.0,36.5
24,73.0,136.0
48,73.0,-8.0
72,73.0,190.0
24,-51.0,560.8
48,0.0,42.8
72,0.0,201.8
24,-27.0,598.8
48,0.0,29.799999999999997
72,0.0,289.8
24,-9.0,418.2
48,4.0,-154.8
72,4.0,300.2
24,53.0,210.79999999999995
48,69.0,-430.20000000000005
72,69.0,173.79999999999995
24,48.0,74.29999999999995
48,72.0,-750.7
72,72.0,-120.70000000000005
24,7.0,-22.799999999999955
48,48.0,-740.8
72,48.0,-4.7999999999999545
24,61.0,-423.5
48,68.0,-569.5
72,68.0,-125.5
24,22.0,-249.29999999999995
48,22.0,-644.3
72,22.0,-126.29999999999995
24,-59.0,-75.19999999999999
48,-81.0,-44.19999999999999
72,-36.0,-45.19999999999999
24,0.0,-116.30000000000001
48,-82.0,-29.30000000000001
72,-100.0,-8.300000000000011
24,8.0,-15.299999999999997
48,8.0,-34.3
72,8.0,-15.299999999999997
24,-13.0,5.699999999999999
48,-83.0,7.699999999999999
72,-87.0,7.699999999999999
24,-76.0,97.8
48,2.0,-3.200000000000003
72,-79.0,98.8
24,2.0,18.5
48,42.0,16.5
72,1.0,14.5
24,7.0,-3.2999999999999545
48,9.0,-5.2999999999999545
72,96.0,-384.29999999999995
24,9.0,-65.29999999999995
48,11.0,-67.29999999999995
72,4.0,-68.29999999999995
24,85.0,-823.2
48,7.0,-70.20000000000005
72,-10.0,-68.20000000000005
24,77.0,-267.29999999999995
48,22.0,-72.29999999999995
72,1.0,-67.29999999999995
24,-37.0,36.200000000000045
48,-23.0,30.200000000000045
72,-31.0,31.200000000000045
24,-39.0,-64.20000000000005
48,42.0,-162.20000000000005
72,-40.0,-64.20000000000005
24,-77.0,256.20000000000005
48,9.0,180.20000000000005
72,-26.0,240.20000000000005
24,-85.0,515.0
48,-58.0,488.0
72,-85.0,514.0
24,-98.0,441.7
48,-55.0,419.7
72,-98.0,438.7
24,-77.0,226.8
48,-80.0,232.8
72,-100.0,238.8
24,0.0,-19.0
48,-95.0,51.0
72,-95.0,52.0
24,-56.0,0.7000000000000028
48,0.0,-0.29999999999999716
72,-58.0,0.7000000000000028
24,-80.0,79.5
48,3.0,42.5
72,3.0,42.5
24,-7.0,-1.5
48,-1.0,150.5
72,1.0,-180.5
24,-28.0,172.8
48,0.0,266.8
72,0.0,-125.19999999999999
24,21.0,166.0
48,21.0,-190.0
72,21.0,-217.0
24,56.0,-42.30000000000001
48,56.0,-285.3
72,56.0,-240.3
24,31.0,-184.2
48,31.0,-162.2
72,31.0,-204.2
24,12.0,-307.79999999999995
48,12.0,120.20000000000005
72,12.0,110.20000000000005
24,35.0,65.29999999999995
48,35.0,173.29999999999995
72,-12.0,340.29999999999995
24,30.0,46.299999999999955
48,30.0,103.29999999999995
72,-65.0,120.29999999999995
24,53.0,404.0
48,45.0,437.0
72,-41.0,461.0
24,34.0,172.2
48,34.0,-56.80000000000001
72,-59.0,201.2
24,2.0,1.0
48,2.0,-164.0
72,-87.0,17.0
24,-94.0,12.200000000000003
48,0.0,-9.799999999999997
72,-89.0,12.200000000000003
24,25.0,-17.700000000000003
48,100.0,-24.700000000000003
72,100.0,-20.700000000000003
24,30.0,-68.30000000000001
48,30.0,-105.30000000000001
72,30.0,-82.30000000000001
24,1.0,-112.0
48,1.0,-109.0
72,-88.0,-55.0
24,-4.0,-91.0
48,0.0,-184.0
72,-89.0,-61.0
24,3.0,-97.0
48,3.0,-281.0
72,-60.0,-63.0
24,0.0,-84.79999999999995
48,0.0,-120.79999999999995
72,-89.0,-64.79999999999995
24,0.0,-110.70000000000005
48,-22.0,-76.70000000000005
72,-94.0,-63.700000000000045
24,1.0,-318.70000000000005
48,1.0,-111.70000000000005
72,-94.0,-65.70000000000005
24,13.0,-99.70000000000005
48,13.0,-331.70000000000005
72,13.0,-135.70000000000005
24,-30.0,-69.70000000000005
48,2.0,-425.70000000000005
72,2.0,-130.70000000000005
24,1.0,-119.79999999999995
48,1.0,-456.79999999999995
72,1.0,-209.79999999999995
24,0.0,-6.699999999999989
48,0.0,-216.7
72,0.0,-83.69999999999999
24,0.0,55.80000000000001
48,0.0,-46.19999999999999
72,0.0,-31.19999999999999
24,0.0,33.8
48,0.0,20.8
72,0.0,23.8
24,3.0,-18.799999999999997
48,3.0,-17.799999999999997
72,3.0,-17.799999999999997
24,1.0,-45.19999999999999
48,1.0,-50.19999999999999
72,1.0,-46.19999999999999
24,0.0,-48.5
48,0.0,-70.5
72,0.0,-40.5
24,0.0,-89.70000000000005
48,0.0,-105.70000000000005
72,0.0,-108.70000000000005
24,0.0,-60.700000000000045
48,0.0,-98.70000000000005
72,0.0,-91.70000000000005
24,-62.0,-54.799999999999955
48,3.0,-120.79999999999995
72,3.0,-89.79999999999995
24,-37.0,-50.0
48,3.0,-140.0
72,3.0,-84.0
24,-13.0,-31.0
48,16.0,-99.0
72,16.0,-53.0
24,18.0,49.200000000000045
48,-70.0,137.20000000000005
72,18.0,70.20000000000005
24,8.0,39.299999999999955
48,-78.0,97.29999999999995
72,8.0,39.299999999999955
24,30.0,-75.20000000000005
48,30.0,-72.20000000000005
72,30.0,-87.20000000000005
24,0.0,-35.30000000000001
48,-28.0,-2.3000000000000114
72,0.0,-64.30000000000001
24,0.0,22.30000000000001
48,0.0,45.30000000000001
72,0.0,46.30000000000001
24,0.0,6.0
48,-88.0,16.0
72,-2.0,14.0
24,0.0,-15.799999999999997
48,0.0,-14.799999999999997
72,-100.0,-14.799999999999997
24,-51.0,-48.30000000000001
48,-43.0,-48.30000000000001
72,-98.0,-47.30000000000001
24,12.0,-61.80000000000001
48,-62.0,-59.80000000000001
72,-74.0,-59.80000000000001
24,-1.0,-62.0
48,-38.0,-60.0
72,-45.0,-60.0
24,55.0,-67.70000000000005
48,-45.0,-60.700000000000045
72,-45.0,-58.700000000000045
24,26.0,-65.0
48,-61.0,-61.0
72,-61.0,-60.0
24,41.0,-63.799999999999955
48,-18.0,-63.799999999999955
72,-18.0,-62.799999999999955
24,4.0,-61.200000000000045
48,-7.0,-60.200000000000045
72,-7.0,-61.200000000000045
24,-19.0,-61.5
48,-13.0,-55.5
72,-8.0,-59.5
24,-94.0,-60.5
48,-92.0,-57.5
72,-93.0,-59.5
24,-20.0,-54.700000000000045
48,-21.0,-54.700000000000045
72,-21.0,-55.700000000000045
24,-23.0,-50.69999999999999
48,-25.0,-50.69999999999999
72,-1.0,-52.69999999999999
24,4.0,-27.80000000000001
48,-2.0,-26.80000000000001
72,13.0,-28.80000000000001
24,6.0,2.700000000000003
48,0.0,1.7000000000000028
72,80.0,1.7000000000000028
24,60.0,-15.799999999999997
48,57.0,-15.799999999999997
72,-40.0,-15.799999999999997
24,-72.0,-43.69999999999999
48,3.0,-46.69999999999999
72,-97.0,-45.69999999999999
24,-48.0,-58.30000000000001
48,41.0,-69.30000000000001
72,-54.0,-56.30000000000001
24,-50.0,-64.29999999999995
48,43.0,-116.29999999999995
72,-52.0,-62.299999999999955
24,-79.0,-68.0
48,13.0,-93.0
72,-81.0,-64.0
24,7.0,-83.0
48,-23.0,-64.0
72,-88.0,-64.0
24,-4.0,-45.5
48,0.0,-88.5
72,-94.0,-39.5
24,-31.0,-58.200000000000045
48,0.0,-132.20000000000005
72,-93.0,-52.200000000000045
24,0.0,-120.5
48,-88.0,-53.5
72,-89.0,-51.5
24,0.0,-131.20000000000005
48,-89.0,-45.200000000000045
72,-89.0,-45.200000000000045
24,1.0,-134.70000000000005
48,-82.0,-29.700000000000045
72,-85.0,-30.700000000000045
24,0.0,-124.19999999999999
48,-87.0,-26.19999999999999
72,-85.0,-27.19999999999999
24,0.0,-85.69999999999999
48,-88.0,-20.69999999999999
72,-65.0,-20.69999999999999
24,0.0,2.700000000000003
48,-42.0,17.700000000000003
72,0.0,11.700000000000003
24,-23.0,-10.799999999999997
48,14.0,-10.799999999999997
72,-81.0,-10.799999999999997
24,100.0,-57.5
48,7.0,-43.5
72,100.0,-52.5
24,79.0,-62.30000000000001
48,48.0,-64.30000000000001
72,78.0,-61.30000000000001
24,96.0,-63.700000000000045
48,100.0,-94.70000000000005
72,100.0,-65.70000000000005
24,8.0,-65.70000000000005
48,100.0,-159.70000000000005
72,50.0,-66.70000000000005
24,3.0,-60.299999999999955
48,97.0,-113.29999999999995
72,11.0,-63.299999999999955
24,2.0,-44.200000000000045
48,2.0,-46.200000000000045
72,12.0,-46.200000000000045
24,-25.0,-62.700000000000045
48,-25.0,-62.700000000000045
72,-15.0,-62.700000000000045
24,-12.0,-60.299999999999955
48,-12.0,-55.299999999999955
72,-7.0,-51.299999999999955
24,-11.0,-38.0
48,54.0,-40.0
72,89.0,-86.0
24,-7.0,26.799999999999955
48,-2.0,26.799999999999955
72,0.0,30.799999999999955
24,-4.0,69.30000000000001
48,-4.0,70.30000000000001
72,-4.0,73.30000000000001
24,-4.0,-4.800000000000011
48,-4.0,10.199999999999989
72,-4.0,12.199999999999989
24,89.0,-23.799999999999997
48,17.0,6.200000000000003
72,1.0,11.200000000000003
24,0.0,-13.5
48,6.0,-13.5
72,100.0,-13.5
24,0.0,-44.0
48,100.0,-67.0
72,5.0,-43.0
24,5.0,-56.0
48,0.0,-59.0
72,5.0,-58.0
24,-3.0,-60.700000000000045
48,-3.0,-62.700000000000045
72,3.0,-60.700000000000045
24,-10.0,-55.799999999999955
48,-10.0,-56.799999999999955
72,69.0,-72.79999999999995
24,-13.0,-21.0
48,-13.0,-20.0
72,87.0,-55.0
24,-20.0,-37.299999999999955
48,-26.0,-36.299999999999955
72,74.0,-66.29999999999995
24,-1.0,-5.7000000000000455
48,-7.0,0.2999999999999545
72,8.0,0.2999999999999545
24,-7.0,-19.5
48,-2.0,-15.5
72,93.0,-53.5
24,-10.0,-34.0
48,-10.0,-30.0
72,90.0,-106.0
24,86.0,-28.799999999999955
48,-5.0,-18.799999999999955
72,95.0,-369.79999999999995
24,2.0,-14.5
48,4.0,-13.5
72,97.0,-365.5
24,-2.0,-5.300000000000011
48,-2.0,-3.3000000000000114
72,98.0,-102.30000000000001
24,-4.0,4.0
48,2.0,4.0
72,96.0,-10.0
24,36.0,-16.700000000000003
48,-53.0,-14.700000000000003
72,36.0,-20.700000000000003
24,64.0,-54.5
48,-7.0,-42.5
72,88.0,-161.5
24,22.0,-55.0
48,96.0,-83.0
72,96.0,-187.0
24,65.0,-58.299999999999955
48,51.0,-64.29999999999995
72,98.0,-136.29999999999995
24,98.0,-74.70000000000005
48,8.0,-48.700000000000045
72,98.0,-444.70000000000005
24,47.0,14.799999999999955
48,-7.0,19.799999999999955
72,88.0,-649.2
24,-11.0,-32.0
48,-27.0,-33.0
72,73.0,-821.0
24,-44.0,-37.799999999999955
48,-49.0,-36.799999999999955
72,51.0,-562.8
24,-35.0,-59.5
48,-35.0,-59.5
72,-22.0,-60.5
24,-22.0,-42.799999999999955
48,-27.0,-44.799999999999955
72,-21.0,-42.799999999999955
24,-18.0,-43.0
48,-18.0,-48.0
72,-17.0,-44.0
24,-2.0,-32.5
48,-2.0,-35.5
72,86.0,-35.5
24,-12.0,8.300000000000011
48,-12.0,7.300000000000011
72,-1.0,7.300000000000011
24,-12.0,-14.200000000000003
48,-12.0,-15.200000000000003
72,-7.0,-14.200000000000003
24,-8.0,-18.200000000000003
48,-14.0,-17.200000000000003
72,86.0,-21.200000000000003
24,-43.0,-47.19999999999999
48,-48.0,-43.19999999999999
72,52.0,-171.2
24,-27.0,-61.80000000000001
48,-10.0,-70.80000000000001
72,-22.0,-59.80000000000001
24,3.0,-19.5
48,49.0,-62.5
72,-4.0,-16.5
24,-5.0,-12.700000000000045
48,44.0,-412.70000000000005
72,-4.0,47.299999999999955
24,14.0,-148.20000000000005
48,46.0,-570.2
72,-33.0,39.799999999999955
24,-37.0,-37.200000000000045
48,0.0,-563.2
72,-62.0,55.799999999999955
24,1.0,-458.20000000000005
48,-6.0,-103.20000000000005
72,-44.0,-56.200000000000045
24,0.0,-58.80000000000001
48,0.0,218.2
72,0.0,590.2
24,0.0,53.0
48,0.0,-68.0
72,0.0,170.0
24,-27.0,305.0
48,0.0,-120.0
72,0.0,-132.0
24,0.0,-87.19999999999999
48,-29.0,281.8
72,-18.0,185.8
24,0.0,-79.2
48,0.0,-54.2
72,-30.0,125.8
24,3.0,54.2
48,3.0,5.2
72,3.0,54.2
24,-77.0,-1.3000000000000007
48,-34.0,-1.3000000000000007
72,12.0,-2.3000000000000007
24,-32.0,27.30000000000001
48,-27.0,26.30000000000001
72,53.0,17.30000000000001
24,5.0,-51.69999999999999
48,-37.0,53.30000000000001
72,34.0,-54.69999999999999
24,56.0,-93.5
48,19.0,21.5
72,82.0,-291.5
24,91.0,-317.70000000000005
48,51.0,-25.700000000000045
72,91.0,-332.70000000000005
24,90.0,-207.20000000000005
48,87.0,-115.20000000000005
72,90.0,-132.20000000000005
24,83.0,-338.70000000000005
48,83.0,-519.7
72,83.0,-434.70000000000005
24,39.0,46.799999999999955
48,87.0,-564.2
72,64.0,-21.200000000000045
24,91.0,-26.0
48,91.0,329.0
72,65.0,403.0
24,-30.0,338.0
48,70.0,66.0
72,43.0,203.0
24,29.0,-168.29999999999995
48,60.0,-168.29999999999995
72,12.0,-97.29999999999995
24,-17.0,182.5
48,15.0,185.5
72,-17.0,184.5
24,-11.0,50.80000000000001
48,-11.0,58.80000000000001
72,-11.0,51.80000000000001
24,-9.0,-22.0
48,-9.0,-22.0
72,-9.0,-20.0
24,30.0,-13.0
48,5.0,-12.0
72,95.0,-25.0
24,21.0,-50.30000000000001
48,-7.0,-45.30000000000001
72,73.0,-140.3
24,11.0,-47.30000000000001
48,25.0,-60.30000000000001
72,34.0,-80.30000000000001
24,7.0,-13.200000000000045
48,27.0,-50.200000000000045
72,23.0,-30.200000000000045
24,7.0,32.5
48,53.0,-154.5
72,51.0,-107.5
24,25.0,-71.79999999999995
48,62.0,-348.79999999999995
72,51.0,-196.79999999999995
24,61.0,-159.5
48,85.0,-422.5
72,39.0,-16.5
24,92.0,-409.0
48,32.0,42.0
72,62.0,-103.0
24,38.0,-301.79999999999995
48,38.0,-446.79999999999995
72,38.0,-222.79999999999995
24,94.0,132.8
48,94.0,-209.2
72,94.0,155.8
24,46.0,-13.700000000000045
48,27.0,-14.700000000000045
72,-5.0,38.299999999999955
24,32.0,-12.699999999999989
48,-68.0,184.3
72,-68.0,159.3
24,94.0,-138.3
48,21.0,-46.30000000000001
72,94.0,-173.3
24,-7.0,-21.200000000000003
48,-7.0,-21.200000000000003
72,-7.0,-22.200000000000003
24,-15.0,-9.200000000000003
48,-2.0,-9.200000000000003
72,65.0,-15.200000000000003
24,-10.0,-29.30000000000001
48,-10.0,-28.30000000000001
72,78.0,-111.30000000000001
24,23.0,39.69999999999999
48,-9.0,54.69999999999999
72,21.0,46.69999999999999
24,-23.0,-3.8000000000000114
48,-69.0,68.19999999999999
72,-40.0,45.19999999999999
24,42.0,201.5
48,15.0,281.5
72,37.0,209.5
24,-40.0,267.2
48,-51.0,353.2
72,-17.0,210.2
24,-38.0,543.2
48,-6.0,171.2
72,0.0,179.2
24,32.0,350.3
48,47.0,224.3
72,47.0,205.3
24,42.0,193.3
48,-2.0,595.3
72,-4.0,677.3
24,0.0,394.3
48,0.0,193.3
72,0.0,206.3
24,-57.0,342.7
48,-36.0,322.7
72,-19.0,197.7
24,-61.0,256.0
48,-61.0,257.0
72,-80.0,264.0
24,-84.0,70.0
48,-89.0,71.0
72,-95.0,73.0
24,-89.0,-22.299999999999997
48,-89.0,-22.299999999999997
72,-100.0,-20.299999999999997
24,-52.0,-10.799999999999997
48,5.0,-18.799999999999997
72,-69.0,-10.799999999999997
24,-16.0,-1.5
48,29.0,-30.5
72,-31.0,-3.5
24,14.0,179.0
48,68.0,16.0
72,75.0,145.0
24,-54.0,306.5
48,12.0,116.5
72,-5.0,279.5
24,-13.0,170.70000000000005
48,15.0,60.700000000000045
72,25.0,57.700000000000045
24,-51.0,198.29999999999995
48,-39.0,155.29999999999995
72,-29.0,61.299999999999955
24,-49.0,592.7
48,-17.0,377.7
72,-19.0,377.7
24,-16.0,-36.5
48,1.0,-274.5
72,1.0,-296.5
24,-21.0,-19.0
48,25.0,-19.0
72,19.0,-122.0
24,-49.0,411.3
48,2.0,-173.7
72,2.0,380.3
24,1.0,100.69999999999999
48,1.0,-151.3
72,1.0,265.7
24,5.0,96.0
48,5.0,-19.0
72,5.0,252.0
24,-59.0,204.2
48,25.0,92.2
72,25.0,148.2
24,-82.0,-7.299999999999997
48,7.0,-20.299999999999997
72,7.0,-23.299999999999997
24,-23.0,-10.5
48,64.0,-16.5
72,72.0,-10.5
24,-27.0,-12.800000000000011
48,73.0,-70.80000000000001
72,73.0,-45.80000000000001
24,-32.0,85.5
48,62.0,-272.5
72,-38.0,84.5
24,82.0,377.0
48,82.0,-90.0
72,-18.0,412.0
24,80.0,286.0
48,80.0,-335.0
72,-20.0,318.0
24,31.0,99.5
48,7.0,-132.5
72,-35.0,111.5
24,-8.0,240.5
48,64.0,108.5
72,-14.0,245.5
24,3.0,185.70000000000005
48,7.0,170.70000000000005
72,-3.0,190.70000000000005
24,16.0,145.79999999999995
48,51.0,102.79999999999995
72,-5.0,160.79999999999995
24,49.0,93.5
48,99.0,-450.5
72,-1.0,128.5
24,68.0,-28.799999999999955
48,73.0,-112.79999999999995
72,15.0,80.20000000000005
24,63.0,-90.19999999999999
48,94.0,-383.2
72,61.0,-90.19999999999999
24,-4.0,-24.19999999999999
48,-11.0,-67.19999999999999
72,25.0,-57.19999999999999
24,-4.0,8.299999999999997
48,-4.0,8.299999999999997
72,-4.0,10.299999999999997
24,18.0,-9.700000000000003
48,18.0,-11.700000000000003
72,-82.0,-8.700000000000003
24,84.0,-81.69999999999999
48,84.0,-62.69999999999999
72,-16.0,-23.69999999999999
24,9.0,-53.80000000000001
48,96.0,-94.80000000000001
72,96.0,-154.8
24,-7.0,-48.0
48,76.0,-142.0
72,76.0,-171.0
24,88.0,-88.79999999999995
48,1.0,-37.799999999999955
72,88.0,-155.79999999999995
24,23.0,-118.0
48,23.0,-93.0
72,23.0,-254.0
24,16.0,-91.20000000000005
48,-31.0,-52.200000000000045
72,16.0,-206.20000000000005
24,53.0,-67.0
48,42.0,-48.0
72,53.0,-192.0
24,68.0,-69.70000000000005
48,68.0,-69.70000000000005
72,68.0,-408.70000000000005
24,43.0,-127.70000000000005
48,43.0,-22.700000000000045
72,31.0,-149.70000000000005
24,6.0,-88.79999999999995
48,-87.0,-27.799999999999955
72,-3.0,-160.79999999999995
24,4.0,27.19999999999999
48,-91.0,69.19999999999999
72,4.0,15.199999999999989
24,0.0,-29.19999999999999
48,-70.0,14.800000000000011
72,0.0,-219.2
24,99.0,10.0
48,99.0,12.0
72,99.0,-5.0
24,2.0,-9.0
48,9.0,-9.0
72,88.0,-10.0
24,-88.0,-4.0
48,-92.0,-6.0
72,1.0,-21.0
24,44.0,-220.2
48,-51.0,21.80000000000001
72,44.0,-44.19999999999999
24,0.0,-437.70000000000005
48,0.0,-79.70000000000005
72,-4.0,-69.70000000000005
24,29.0,-615.5
48,29.0,-100.5
72,-4.0,-41.5
24,0.0,-706.0
48,0.0,-1.0
72,0.0,26.0
24,0.0,-806.5
48,0.0,-94.5
72,-55.0,-19.5
24,88.0,-129.5
48,88.0,-109.5
72,2.0,-18.5
24,85.0,-718.3
48,85.0,-152.29999999999995
72,85.0,-198.29999999999995
24,0.0,-4.7999999999999545
48,-41.0,81.20000000000005
72,0.0,-208.79999999999995
24,0.0,-57.80000000000001
48,-40.0,165.2
72,0.0,-80.80000000000001
24,0.0,-87.80000000000001
48,0.0,-4.800000000000011
72,0.0,-137.8
24,0.0,64.3
48,0.0,98.3
72,0.0,91.3
24,0.0,9.700000000000003
48,0.0,14.700000000000003
72,-17.0,21.700000000000003
24,96.0,-9.8
48,96.0,-8.8
72,96.0,-8.8
24,92.0,-16.69999999999999
48,94.0,-20.69999999999999
72,94.0,-114.69999999999999
24,98.0,5.699999999999989
48,98.0,-3.3000000000000114
72,19.0,58.69999999999999
24,0.0,46.0
48,0.0,43.0
72,-77.0,135.0
24,0.0,83.80000000000001
48,0.0,55.80000000000001
72,0.0,144.8
24,0.0,288.3
48,0.0,287.3
72,0.0,368.3
24,0.0,-187.70000000000005
48,0.0,159.29999999999995
72,0.0,267.29999999999995
24,0.0,220.0
48,0.0,285.0
72,0.0,320.0
24,0.0,268.79999999999995
48,0.0,208.79999999999995
72,0.0,195.79999999999995
24,0.0,110.5
48,0.0,23.5
72,0.0,44.5
24,-29.0,49.5
48,0.0,-72.5
72,0.0,-19.5
24,-23.0,82.30000000000001
48,0.0,24.30000000000001
72,0.0,24.30000000000001
24,-92.0,88.69999999999999
48,0.0,38.69999999999999
72,0.0,31.69999999999999
24,-93.0,2.0
48,1.0,-7.0
72,1.0,-7.0
24,2.0,-1.0
48,2.0,-2.0
72,2.0,-15.0
24,53.0,45.3
48,53.0,15.299999999999997
72,53.0,-48.7
24,-94.0,196.2
48,-100.0,197.2
72,0.0,-86.80000000000001
24,-97.0,379.3
48,-97.0,379.3
72,3.0,196.3
24,-100.0,412.8
48,-100.0,411.8
72,0.0,-226.2
24,-39.0,22.0
48,-39.0,21.0
72,61.0,-127.0
24,-40.0,-31.200000000000045
48,-40.0,-32.200000000000045
72,60.0,-183.20000000000005
24,-23.0,-47.200000000000045
48,-23.0,-48.200000000000045
72,77.0,-154.20000000000005
24,-23.0,-62.700000000000045
48,-19.0,-53.700000000000045
72,76.0,-828.7
24,0.0,-76.70000000000005
48,-48.0,-22.700000000000045
72,52.0,-517.7
24,72.0,-413.70000000000005
48,-23.0,11.299999999999955
72,72.0,-573.7
24,0.0,-315.5
48,-100.0,2.5
72,0.0,-405.5
24,-63.0,41.30000000000001
48,-91.0,64.30000000000001
72,4.0,-154.7
24,2.0,17.5
48,27.0,17.5
72,97.0,-41.5
24,-14.0,1.8000000000000007
48,-14.0,0.8000000000000007
72,-8.0,0.8000000000000007
24,-12.0,8.199999999999989
48,88.0,-8.800000000000011
72,-7.0,-1.8000000000000114
24,-12.0,22.0
48,-5.0,24.0
72,-6.0,24.0
24,-10.0,0.0
48,90.0,-48.0
72,0.0,3.0
24,-12.0,-3.5
48,88.0,-35.5
72,-2.0,-1.5
24,-8.0,62.0
48,92.0,5.0
72,92.0,34.0
24,-35.0,58.0
48,49.0,26.0
72,65.0,36.0
24,-18.0,-50.0
48,-4.0,-54.0
72,48.0,-85.0
24,-44.0,-47.799999999999955
48,-45.0,-49.799999999999955
72,-50.0,-42.799999999999955
24,-31.0,-19.0
48,-21.0,-23.0
72,69.0,-44.0
24,58.0,-34.0
48,2.0,-30.0
72,2.0,-26.0
24,-11.0,-12.0
48,-13.0,-9.0
72,-18.0,-7.0
24,-62.0,3.3000000000000114
48,-56.0,3.3000000000000114
72,-62.0,4.300000000000011
24,-15.0,4.700000000000003
48,-15.0,3.700000000000003
72,-15.0,4.700000000000003
24,-100.0,-4.0
48,-100.0,-4.0
72,-98.0,-4.0
24,-100.0,66.7
48,-100.0,65.7
72,-81.0,61.7
24,-100.0,164.3
48,-100.0,161.3
72,-100.0,166.3
24,-78.0,82.30000000000001
48,-27.0,52.30000000000001
72,-50.0,83.30000000000001
24,58.0,-135.29999999999995
48,56.0,-120.29999999999995
72,66.0,-156.29999999999995
24,78.0,-272.20000000000005
48,79.0,-215.20000000000005
72,90.0,-395.20000000000005
24,94.0,-225.0
48,81.0,-193.0
72,69.0,-72.0
24,61.0,68.29999999999995
48,86.0,-135.70000000000005
72,77.0,-166.70000000000005
24,88.0,-414.29999999999995
48,40.0,-52.299999999999955
72,88.0,-401.29999999999995
24,93.0,-339.5
48,55.0,-8.5
72,67.0,-30.5
24,65.0,-328.0
48,31.0,-211.0
72,4.0,-67.0
24,-22.0,1.5
48,3.0,1.5
72,-5.0,5.5
24,-17.0,-42.80000000000001
48,-17.0,-39.80000000000001
72,-17.0,-35.80000000000001
24,-12.0,-4.5
48,-12.0,-4.5
72,-12.0,-2.5
24,100.0,-19.799999999999997
48,100.0,-28.799999999999997
72,0.0,-12.799999999999997
24,11.0,-44.80000000000001
48,100.0,-159.8
72,94.0,-139.8
24,99.0,-75.19999999999999
48,9.0,-58.19999999999999
72,-1.0,-65.19999999999999
24,-16.0,-66.0
48,73.0,-99.0
72,-10.0,-73.0
24,30.0,-69.5
48,71.0,-84.5
72,-8.0,-76.5
24,32.0,-33.299999999999955
48,48.0,-38.299999999999955
72,94.0,-58.299999999999955
24,-23.0,-3.2000000000000455
48,-8.0,-5.2000000000000455
72,71.0,-107.20000000000005
24,-42.0,117.79999999999995
48,10.0,46.799999999999955
72,45.0,32.799999999999955
24,-48.0,133.70000000000005
48,-29.0,45.700000000000045
72,5.0,-297.29999999999995
24,0.0,-62.0
48,63.0,-311.0
72,29.0,-65.0
24,-10.0,-17.200000000000045
48,-13.0,-19.200000000000045
72,82.0,-129.20000000000005
24,-29.0,-18.30000000000001
48,-24.0,-18.30000000000001
72,-17.0,-26.30000000000001
24,-1.0,-43.30000000000001
48,-1.0,-43.30000000000001
72,12.0,-47.30000000000001
24,-1.0,-9.200000000000003
48,4.0,-8.200000000000003
72,10.0,-10.200000000000003
24,-80.0,-11.7
48,-2.0,-12.7
72,-9.0,-11.7
24,-69.0,-43.30000000000001
48,-72.0,-47.30000000000001
72,-56.0,-48.30000000000001
24,80.0,-97.30000000000001
48,-10.0,-55.30000000000001
72,48.0,-59.30000000000001
24,21.0,-60.799999999999955
48,-54.0,-51.799999999999955
72,-47.0,-68.79999999999995
24,13.0,0.7000000000000455
48,-55.0,-0.2999999999999545
72,24.0,-165.29999999999995
24,60.0,63.799999999999955
48,20.0,73.79999999999995
72,19.0,60.799999999999955
24,8.0,58.799999999999955
48,-55.0,81.79999999999995
72,-61.0,80.79999999999995
24,54.0,47.799999999999955
48,-35.0,83.79999999999995
72,-41.0,82.79999999999995
24,27.0,-153.0
48,51.0,-116.0
72,51.0,-284.0
24,56.0,-18.799999999999955
48,63.0,-49.799999999999955
72,63.0,-149.79999999999995
24,68.0,-63.5
48,72.0,-255.5
72,72.0,-126.5
24,59.0,-80.19999999999999
48,59.0,-179.2
72,59.0,-156.2
24,33.0,-50.5
48,70.0,-105.5
72,70.0,-86.5
24,0.0,-12.0
48,95.0,-15.0
72,95.0,-15.0
24,3.0,-12.2
48,31.0,-12.2
72,51.0,-11.2
24,82.0,-35.5
48,73.0,-33.5
72,98.0,-52.5
24,90.0,93.30000000000001
48,90.0,81.30000000000001
72,90.0,34.30000000000001
24,-78.0,280.3
48,0.0,265.3
72,0.0,174.3
24,69.0,271.8
48,-24.0,352.8
72,69.0,201.8
24,-26.0,421.7
48,-89.0,476.7
72,0.0,281.7
24,0.0,8.800000000000011
48,-95.0,483.8
72,0.0,394.8
24,0.0,-200.5
48,-90.0,326.5
72,0.0,276.5
24,0.0,-135.79999999999995
48,-9.0,-91.79999999999995
72,0.0,17.200000000000045
24,0.0,-250.20000000000005
48,-9.0,-147.20000000000005
72,0.0,-163.20000000000005
24,0.0,-56.69999999999999
48,0.0,207.3
72,0.0,-56.69999999999999
24,32.0,-92.19999999999999
48,32.0,100.80000000000001
72,32.0,-155.2
24,2.0,-204.3
48,-89.0,-18.30000000000001
72,2.0,-184.3
24,4.0,19.0
48,4.0,34.0
72,4.0,32.0
24,67.0,-3.5
48,-21.0,-1.5
72,7.0,-1.5
24,69.0,-49.19999999999999
48,25.0,-26.19999999999999
72,-13.0,-25.19999999999999
24,9.0,-39.30000000000001
48,-1.0,-40.30000000000001
72,80.0,-52.30000000000001
24,-15.0,-15.700000000000045
48,-21.0,-16.700000000000045
72,67.0,-124.70000000000005
24,6.0,-49.700000000000045
48,0.0,-49.700000000000045
72,84.0,-186.70000000000005
24,-4.0,-52.299999999999955
48,-10.0,-52.299999999999955
72,72.0,-203.29999999999995
24,-7.0,-43.5
48,-13.0,-44.5
72,80.0,-174.5
24,-5.0,78.70000000000005
48,-11.0,76.70000000000005
72,85.0,-221.29999999999995
24,-12.0,40.5
48,-7.0,34.5
72,83.0,-275.5
24,18.0,-35.700000000000045
48,-1.0,-38.700000000000045
72,91.0,-72.70000000000005
24,27.0,-60.799999999999955
48,20.0,-69.79999999999995
72,86.0,-97.79999999999995
24,-34.0,-53.80000000000001
48,-40.0,-51.80000000000001
72,60.0,-71.80000000000001
24,-2.0,-37.69999999999999
48,-8.0,-37.69999999999999
72,92.0,-46.69999999999999
24,3.0,-3.0
48,-2.0,-3.0
72,27.0,-4.0
24,19.0,-10.2
48,1.0,-10.2
72,11.0,-9.2
24,-15.0,-44.0
48,-24.0,-44.0
72,-24.0,-44.0
24,-24.0,-43.19999999999999
48,-30.0,-44.19999999999999
72,-13.0,-39.19999999999999
24,-7.0,-26.200000000000045
48,-14.0,-26.200000000000045
72,-26.0,-14.200000000000045
24,-10.0,2.7999999999999545
48,35.0,-0.20000000000004547
72,-26.0,13.799999999999955
24,-24.0,72.70000000000005
48,9.0,70.70000000000005
72,-35.0,84.70000000000005
24,69.0,-55.0
48,8.0,-27.0
72,-31.0,-11.0
24,16.0,-38.200000000000045
48,-56.0,-12.200000000000045
72,-84.0,6.7999999999999545
24,-69.0,-43.0
48,-94.0,-50.0
72,-27.0,-326.0
24,-47.0,-39.200000000000045
48,18.0,-53.200000000000045
72,-2.0,-71.20000000000005
24,-18.0,-62.0
48,-17.0,-64.0
72,-9.0,-74.0
24,-12.0,-59.19999999999999
48,-12.0,-64.19999999999999
72,86.0,-86.19999999999999
24,-7.0,-26.5
48,-7.0,-24.5
72,93.0,-54.5
24,-1.0,15.200000000000003
48,-1.0,15.200000000000003
72,50.0,12.200000000000003
24,0.0,-9.8
48,3.0,-8.8
72,7.0,-9.8
24,-3.0,-41.30000000000001
48,-6.0,-40.30000000000001
72,-6.0,-41.30000000000001
24,-76.0,36.19999999999999
48,-62.0,36.19999999999999
72,-60.0,38.19999999999999
24,-98.0,70.69999999999999
48,-99.0,71.69999999999999
72,-100.0,73.69999999999999
24,-60.0,83.0
48,-72.0,88.0
72,-72.0,88.0
24,-28.0,150.29999999999995
48,-89.0,160.29999999999995
72,-89.0,160.29999999999995
24,-90.0,348.70000000000005
48,-96.0,353.70000000000005
72,-96.0,352.70000000000005
24,18.0,63.0
48,-42.0,79.0
72,-42.0,78.0
24,-37.0,-14.200000000000045
48,-44.0,-9.200000000000045
72,-39.0,-7.2000000000000455
24,-25.0,-39.0
48,64.0,-67.0
72,-36.0,-32.0
24,-47.0,-19.200000000000045
48,43.0,-138.20000000000005
72,-57.0,-16.200000000000045
24,39.0,-243.2
48,-29.0,-48.19999999999999
72,-28.0,-49.19999999999999
24,-35.0,-9.0
48,34.0,-17.0
72,-35.0,-8.0
24,6.0,13.799999999999997
48,96.0,8.799999999999997
72,-4.0,13.799999999999997
24,54.0,-6.199999999999999
48,-8.0,-4.199999999999999
72,86.0,-4.199999999999999
24,53.0,-6.5
48,-21.0,36.5
72,53.0,28.5
24,36.0,43.5
48,-24.0,63.5
72,-34.0,63.5
24,-34.0,160.0
48,-40.0,206.0
72,-100.0,303.0
24,52.0,183.0
48,27.0,242.0
72,4.0,359.0
24,15.0,487.2
48,51.0,272.2
72,27.0,368.2
24,18.0,381.8
48,24.0,362.8
72,35.0,313.8
24,15.0,428.7
48,24.0,372.7
72,74.0,-95.30000000000001
24,31.0,24.0
48,28.0,59.0
72,17.0,111.0
24,-8.0,10.299999999999955
48,39.0,-174.70000000000005
72,23.0,-30.700000000000045
24,7.0,81.0
48,8.0,78.0
72,77.0,-194.0
24,30.0,31.5
48,-4.0,63.5
72,26.0,62.5
24,-17.0,54.0
48,-11.0,53.0
72,9.0,43.0
24,-9.0,11.799999999999997
48,-3.0,10.799999999999997
72,62.0,0.7999999999999972
24,89.0,-15.8
48,30.0,-4.800000000000001
72,-11.0,-3.8000000000000007
24,86.0,-125.19999999999999
48,21.0,-22.19999999999999
72,-14.0,-15.199999999999989
24,16.0,-45.19999999999999
48,9.0,-39.19999999999999
72,77.0,-308.2
24,15.0,-14.0
48,19.0,-22.0
72,60.0,-388.0
24,9.0,94.5
48,18.0,96.5
72,57.0,-375.5
24,24.0,151.29999999999995
48,35.0,140.29999999999995
72,53.0,25.299999999999955
24,15.0,517.2
48,6.0,532.2
72,23.0,492.2
24,7.0,591.5
48,29.0,521.5
72,13.0,528.5
24,67.0,-87.5
48,52.0,377.5
72,3.0,519.5
24,-29.0,337.2
48,-2.0,323.2
72,54.0,110.19999999999999
24,15.0,144.8
48,6.0,134.8
72,76.0,-242.2
24,-21.0,42.19999999999999
48,-26.0,55.19999999999999
72,38.0,-35.80000000000001
24,-9.0,84.19999999999999
48,-14.0,92.19999999999999
72,-14.0,89.19999999999999
24,-42.0,34.8
48,-47.0,37.8
72,-45.0,36.8
24,-14.0,-8.3
48,9.0,-8.3
72,-14.0,-8.3
24,-41.0,44.7
48,-18.0,40.7
72,-41.0,46.7
24,15.0,101.19999999999999
48,9.0,98.19999999999999
72,-6.0,97.19999999999999
24,47.0,166.7
48,45.0,184.7
72,53.0,165.7
24,14.0,235.5
48,-5.0,325.5
72,-3.0,329.5
24,-14.0,15.5
48,-49.0,207.5
72,-21.0,81.5
24,-13.0,203.2
48,-24.0,295.2
72,3.0,80.19999999999999
24,-42.0,182.29999999999995
48,-19.0,107.29999999999995
72,7.0,-85.70000000000005
24,63.0,357.2
48,20.0,583.2
72,82.0,285.2
24,34.0,462.2
48,32.0,467.2
72,81.0,126.19999999999999
24,17.0,302.3
48,-4.0,326.3
72,-36.0,348.3
24,-62.0,317.5
48,-52.0,309.5
72,-82.0,322.5
24,-53.0,116.2
48,-60.0,116.2
72,-60.0,118.2
24,-20.0,10.200000000000003
48,-28.0,10.200000000000003
72,-28.0,11.200000000000003
24,16.0,-7.199999999999999
48,-11.0,-7.199999999999999
72,83.0,-9.2
24,20.0,-47.5
48,-5.0,-45.5
72,56.0,-62.5
24,26.0,-59.0
48,-11.0,-51.0
72,89.0,-154.0
24,-8.0,-29.700000000000045
48,-20.0,-23.700000000000045
72,80.0,-138.70000000000005
24,-33.0,-9.200000000000045
48,-33.0,-5.2000000000000455
72,67.0,-121.20000000000005
24,-20.0,118.70000000000005
48,-20.0,124.70000000000005
72,80.0,-213.29999999999995
24,-1.0,13.299999999999955
48,-7.0,24.299999999999955
72,93.0,-401.70000000000005
24,96.0,-311.79999999999995
48,-4.0,91.20000000000005
72,96.0,-317.79999999999995
24,-9.0,53.799999999999955
48,-9.0,63.799999999999955
72,44.0,20.799999999999955
24,-9.0,12.700000000000045
48,-15.0,23.700000000000045
72,55.0,-31.299999999999955
24,44.0,-276.20000000000005
48,-47.0,-34.200000000000045
72,-47.0,-54.200000000000045
24,61.0,-122.0
48,-14.0,-14.0
72,86.0,-321.0
24,-8.0,10.699999999999989
48,-2.0,14.699999999999989
72,88.0,-110.30000000000001
24,-1.0,-3.799999999999997
48,-1.0,-1.7999999999999972
72,56.0,-13.799999999999997
24,-23.0,-6.199999999999999
48,-28.0,-6.199999999999999
72,72.0,-17.2
24,9.0,28.299999999999997
48,-91.0,58.3
72,9.0,-56.7
24,4.0,66.0
48,63.0,-107.0
72,63.0,-230.0
24,-37.0,27.19999999999999
48,0.0,-136.8
72,0.0,-380.8
24,0.0,28.0
48,0.0,126.0
72,0.0,-353.0
24,0.0,78.69999999999999
48,0.0,412.7
72,0.0,196.7
24,0.0,349.7
48,0.0,579.7
72,0.0,213.7
24,0.0,483.3
48,-11.0,621.3
72,0.0,-0.6999999999999886
24,0.0,384.5
48,0.0,387.5
72,0.0,180.5
24,0.0,-201.2
48,0.0,-206.2
72,-1.0,281.8
24,0.0,319.5
48,0.0,365.5
72,0.0,-36.5
24,0.0,42.8
48,0.0,297.8
72,0.0,-12.200000000000003
24,0.0,2.799999999999997
48,0.0,142.8
72,-100.0,164.8
24,0.0,11.7
48,0.0,34.7
72,-100.0,38.7
24,0.0,-3.7
48,0.0,-3.7
72,0.0,-1.7000000000000002
24,0.0,-41.2
48,0.0,-53.2
72,0.0,-52.2
24,0.0,-152.5
48,0.0,-147.5
72,0.0,-143.5
24,0.0,-23.200000000000003
48,0.0,-24.200000000000003
72,0.0,-26.200000000000003
24,0.0,-155.0
48,0.0,-164.0
72,0.0,-154.0
24,0.0,-125.19999999999999
48,0.0,-119.19999999999999
72,0.0,-107.19999999999999
24,0.0,-120.80000000000001
48,0.0,-113.80000000000001
72,0.0,-79.80000000000001
24,0.0,-105.2
48,0.0,-109.2
72,0.0,-87.2
24,0.0,-105.8
48,0.0,-95.8
72,0.0,-35.8
24,0.0,-242.5
48,0.0,-243.5
72,0.0,-149.5
24,0.0,-202.3
48,0.0,-203.3
72,0.0,-170.3
24,0.0,-231.7
48,0.0,-232.7
72,0.0,-206.7
24,0.0,-164.7
48,0.0,-167.7
72,0.0,-145.7
24,0.0,-59.8
48,0.0,-60.8
72,0.0,-48.8
24,6.0,-11.2
48,6.0,-11.2
72,6.0,-11.2
24,0.0,-51.0
48,0.0,-50.0
72,0.0,-50.0
24,0.0,-236.0
48,0.0,-225.0
72,0.0,-240.0
24,0.0,-216.3
48,0.0,-158.3
72,0.0,-218.3
24,1.0,-147.2
48,1.0,-19.19999999999999
72,1.0,-143.2
24,25.0,-131.3
48,25.0,-68.30000000000001
72,25.0,-113.30000000000001
24,31.0,-244.3
48,31.0,-226.3
72,31.0,-211.3
24,0.0,-303.2
48,0.0,-291.2
72,0.0,-294.2
24,0.0,-393.5
48,0.0,-20.5
72,0.0,-400.5
24,0.0,-307.5
48,0.0,-237.5
72,0.0,-293.5
24,0.0,-280.7
48,0.0,-211.7
72,0.0,-238.7
24,0.0,-254.3
48,-11.0,58.69999999999999
72,0.0,-185.3
24,0.0,-65.0
48,-46.0,97.0
72,0.0,-43.0
24,0.0,-3.5
48,-59.0,33.5
72,0.0,-5.5
24,0.0,-8.5
48,-16.0,-0.5
72,-48.0,-0.5
24,-8.0,28.700000000000003
48,-53.0,82.7
72,-75.0,83.7
24,0.0,-40.0
48,0.0,42.0
72,0.0,-76.0
24,0.0,-24.0
48,0.0,54.0
72,0.0,-41.0
24,15.0,-132.2
48,15.0,170.8
72,5.0,211.8
24,9.0,-199.7
48,9.0,-27.69999999999999
72,-21.0,477.3
24,83.0,-604.2
48,63.0,-81.20000000000005
72,64.0,-5.2000000000000455
24,17.0,344.8
48,3.0,558.8
72,42.0,398.8
24,22.0,321.3
48,64.0,160.3
72,52.0,134.3
24,0.0,-31.5
48,27.0,7.5
72,29.0,-11.5
24,22.0,-162.0
48,22.0,-63.0
72,-36.0,115.0
24,36.0,12.300000000000011
48,32.0,91.30000000000001
72,4.0,114.30000000000001
24,3.0,73.0
48,-20.0,78.0
72,-4.0,78.0
24,-52.0,10.7
48,-51.0,10.7
72,-52.0,10.7
24,-15.0,-0.1999999999999993
48,-7.0,-0.1999999999999993
72,-15.0,-0.1999999999999993
24,-43.0,37.0
48,-40.0,35.0
72,-43.0,36.0
24,-37.0,86.19999999999999
48,16.0,54.19999999999999
72,-22.0,81.19999999999999
24,11.0,45.30000000000001
48,52.0,-49.69999999999999
72,-8.0,49.30000000000001
24,7.0,47.700000000000045
48,-1.0,89.70000000000005
72,-2.0,70.70000000000005
24,14.0,-16.0
48,25.0,-108.0
72,15.0,-61.0
24,-2.0,-3.7000000000000455
48,50.0,-292.70000000000005
72,37.0,-159.70000000000005
24,21.0,-8.0
48,52.0,-186.0
72,70.0,-312.0
24,51.0,-164.29999999999995
48,64.0,-165.29999999999995
72,38.0,-91.29999999999995
24,72.0,-258.79999999999995
48,54.0,-89.79999999999995
72,84.0,-242.79999999999995
24,100.0,-422.5
48,19.0,-69.5
72,53.0,-136.5
24,100.0,-343.5
48,9.0,-65.5
72,35.0,-70.5
24,78.0,-122.69999999999999
48,0.0,-41.69999999999999
72,0.0,-43.69999999999999
24,0.0,-6.0
48,6.0,-6.0
72,0.0,-6.0
24,6.0,-45.5
48,5.0,-45.5
72,0.0,-46.5
24,0.0,-63.30000000000001
48,6.0,-66.30000000000001
72,0.0,-63.30000000000001
24,-1.0,-65.5
48,5.0,-71.5
72,9.0,-64.5
24,-2.0,-66.79999999999995
48,-1.0,-71.79999999999995
72,3.0,-63.799999999999955
24,-3.0,-70.29999999999995
48,92.0,-92.29999999999995
72,-3.0,-66.29999999999995
24,1.0,-69.29999999999995
48,-3.0,-70.29999999999995
72,-4.0,-65.29999999999995
24,-6.0,-69.70000000000005
48,-6.0,-67.70000000000005
72,-6.0,-64.70000000000005
24,2.0,-65.70000000000005
48,56.0,-128.70000000000005
72,15.0,-69.70000000000005
24,-4.0,-61.299999999999955
48,96.0,-511.29999999999995
72,19.0,-66.29999999999995
24,22.0,-61.5
48,-6.0,-90.5
72,2.0,-60.5
24,12.0,-21.30000000000001
48,-3.0,-21.30000000000001
72,25.0,-24.30000000000001
24,-3.0,-24.69999999999999
48,-3.0,-24.69999999999999
72,32.0,-30.69999999999999
24,5.0,-6.0
48,100.0,-6.0
72,100.0,-6.0
24,-3.0,-37.30000000000001
48,13.0,-36.30000000000001
72,76.0,-41.30000000000001
24,-54.0,-50.30000000000001
48,-26.0,-53.30000000000001
72,40.0,-64.30000000000001
24,72.0,-68.29999999999995
48,72.0,-65.29999999999995
72,22.0,-36.299999999999955
24,-15.0,-10.200000000000045
48,56.0,-19.200000000000045
72,74.0,-35.200000000000045
24,-28.0,10.799999999999955
48,-25.0,11.799999999999955
72,44.0,-17.200000000000045
24,-66.0,51.299999999999955
48,-58.0,9.299999999999955
72,-66.0,53.299999999999955
24,-13.0,46.0
48,36.0,-111.0
72,-13.0,44.0
24,69.0,-534.3
48,43.0,30.700000000000045
72,69.0,-203.29999999999995
24,19.0,-463.79999999999995
48,-40.0,28.200000000000045
72,19.0,-254.79999999999995
24,-31.0,15.799999999999955
48,12.0,3.7999999999999545
72,69.0,-9.200000000000045
24,-30.0,-9.199999999999989
48,17.0,-113.19999999999999
72,-16.0,-13.199999999999989
24,-4.0,7.0
48,-3.0,-5.0
72,68.0,-8.0
24,3.0,-7.300000000000001
48,3.0,-7.300000000000001
72,3.0,-6.300000000000001
24,0.0,-65.19999999999999
48,0.0,-74.19999999999999
72,0.0,-50.19999999999999
24,0.0,-95.80000000000001
48,0.0,-97.80000000000001
72,0.0,-156.8
24,1.0,-124.20000000000005
48,1.0,-101.20000000000005
72,1.0,-182.20000000000005
24,12.0,-87.70000000000005
48,12.0,-53.700000000000045
72,12.0,-164.70000000000005
24,4.0,-103.70000000000005
48,4.0,-35.700000000000045
72,4.0,-146.70000000000005
24,0.0,-47.799999999999955
48,0.0,-39.799999999999955
72,0.0,-211.79999999999995
24,-39.0,15.5
48,1.0,20.5
72,1.0,-135.5
24,-35.0,-66.20000000000005
48,0.0,-59.200000000000045
72,0.0,-328.20000000000005
24,60.0,-403.79999999999995
48,62.0,-107.79999999999995
72,62.0,-487.79999999999995
24,-1.0,-120.29999999999995
48,0.0,-114.29999999999995
72,0.0,-217.29999999999995
24,1.0,-90.0
48,1.0,-127.0
72,1.0,-188.0
24,0.0,-52.19999999999999
48,0.0,-79.19999999999999
72,0.0,-137.2
24,70.0,-13.2
48,70.0,-6.199999999999999
72,70.0,-6.199999999999999
24,45.0,-106.30000000000001
48,45.0,-52.30000000000001
72,45.0,-56.30000000000001
24,11.0,-287.0
48,11.0,-75.0
72,11.0,-61.0
24,79.0,-408.5
48,79.0,-163.5
72,46.0,-61.5
24,57.0,-318.5
48,57.0,-195.5
72,57.0,-96.5
24,24.0,-368.70000000000005
48,24.0,-240.70000000000005
72,24.0,-89.70000000000005
24,63.0,-454.79999999999995
48,63.0,-69.79999999999995
72,16.0,-58.799999999999955
24,69.0,-131.0
48,69.0,-30.0
72,22.0,-25.0
24,84.0,-230.70000000000005
48,84.0,-103.70000000000005
72,84.0,-59.700000000000045
24,76.0,-177.5
48,76.0,-91.5
72,76.0,-45.5
24,1.0,-155.0
48,1.0,-43.0
72,1.0,-59.0
24,0.0,-8.699999999999989
48,0.0,39.30000000000001
72,0.0,-6.699999999999989
24,0.0,56.2
48,0.0,73.2
72,-66.0,78.2
24,4.0,-7.199999999999999
48,-72.0,-7.199999999999999
72,4.0,-7.199999999999999
24,86.0,-65.30000000000001
48,61.0,-45.30000000000001
72,73.0,-52.30000000000001
24,4.0,-77.69999999999999
48,4.0,80.30000000000001
72,4.0,-174.7
24,14.0,187.8
48,14.0,235.8
72,14.0,-153.2
24,-19.0,229.7
48,-54.0,252.7
72,12.0,-230.3
24,45.0,-6.7000000000000455
48,11.0,7.2999999999999545
72,75.0,-104.70000000000005
24,76.0,-95.20000000000005
48,50.0,34.799999999999955
72,84.0,-11.200000000000045
24,69.0,-24.700000000000045
48,83.0,27.299999999999955
72,83.0,-10.700000000000045
24,28.0,-195.79999999999995
48,28.0,-196.79999999999995
72,28.0,25.200000000000045
24,7.0,-172.5
48,7.0,64.5
72,7.0,20.5
24,4.0,10.699999999999989
48,-44.0,71.69999999999999
72,2.0,-145.3
24,2.0,-133.3
48,-47.0,-57.30000000000001
72,-26.0,-97.30000000000001
24,-67.0,-45.0
48,-68.0,-37.0
72,-12.0,-42.0
24,0.0,-4.199999999999999
48,0.0,-8.2
72,0.0,-3.1999999999999993
24,0.0,-19.799999999999997
48,0.0,-50.8
72,0.0,-8.799999999999997
24,0.0,-89.5
48,0.0,-18.5
72,0.0,-27.5
24,0.0,-159.5
48,0.0,118.5
72,0.0,92.5
24,0.0,-231.2
48,0.0,128.8
72,0.0,173.8
24,0.0,5.0
48,-3.0,239.0
72,0.0,250.0
24,0.0,162.70000000000005
48,0.0,150.70000000000005
72,0.0,73.70000000000005
24,0.0,74.79999999999995
48,0.0,43.799999999999955
72,0.0,-169.20000000000005
24,0.0,232.8
48,0.0,298.8
72,0.0,-33.19999999999999
24,0.0,-83.30000000000001
48,0.0,180.7
72,0.0,52.69999999999999
24,0.0,-67.19999999999999
48,0.0,-38.19999999999999
72,0.0,130.8
24,0.0,15.300000000000011
48,0.0,-47.69999999999999
72,0.0,97.30000000000001
24,0.0,28.0
48,0.0,-25.0
72,0.0,38.0
24,0.0,-10.3
48,0.0,-9.3
72,0.0,-4.300000000000001
24,0.0,-65.7
48,0.0,-75.7
72,0.0,19.299999999999997
24,0.0,36.80000000000001
48,0.0,-8.199999999999989
72,0.0,-135.2
24,0.0,107.0
48,0.0,-44.0
72,0.0,-104.0
24,0.0,169.7
48,0.0,2.6999999999999886
72,0.0,-109.30000000000001
24,0.0,-329.0
48,0.0,-243.0
72,0.0,-242.0
24,0.0,-184.7
48,0.0,-123.69999999999999
72,0.0,-103.69999999999999
24,0.0,-108.69999999999999
48,0.0,-157.7
72,0.0,-156.7
24,0.0,-80.19999999999999
48,0.0,432.8
72,0.0,-122.19999999999999
24,0.0,-151.2
48,0.0,233.8
72,0.0,-172.2
24,0.0,65.19999999999999
48,0.0,58.19999999999999
72,0.0,-170.8
24,0.0,182.3
48,0.0,91.3
72,0.0,-7.700000000000003
24,0.0,26.7
48,0.0,48.7
72,0.0,4.699999999999999
24,3.0,-6.0
48,3.0,-5.0
72,3.0,-6.0
24,46.0,-98.2
48,46.0,-106.2
72,46.0,-114.2
24,0.0,-23.700000000000003
48,0.0,-48.7
72,0.0,-53.7
24,0.0,-12.299999999999997
48,0.0,-89.3
72,0.0,-96.3
24,0.0,55.8
48,0.0,-41.2
72,0.0,-78.2
24,0.0,-67.3
48,0.0,73.7
72,0.0,-76.3
24,0.0,-381.7
48,0.0,-371.7
72,0.0,-387.7
24,0.0,-235.8
48,0.0,-251.8
72,0.0,-249.8
24,0.0,-374.3
48,0.0,-421.3
72,0.0,-404.3
24,0.0,-234.0
48,0.0,-194.0
72,0.0,-175.0
24,0.0,-215.7
48,0.0,-215.7
72,0.0,-193.7
24,0.0,-146.5
48,0.0,-141.5
72,0.0,-135.5
24,0.0,-53.5
48,0.0,-49.5
72,0.0,-47.5
24,0.0,-12.2
48,0.0,-9.2
72,0.0,-12.2
24,0.0,-23.0
48,0.0,-10.0
72,0.0,-12.0
24,0.0,8.700000000000003
48,0.0,-45.3
72,0.0,-39.3
24,0.0,-39.7
48,0.0,-81.7
72,0.0,-69.7
24,0.0,236.5
48,0.0,62.5
72,0.0,-119.5
24,0.0,-93.5
48,0.0,281.5
72,0.0,-192.5
24,0.0,-268.5
48,0.0,36.5
72,0.0,-327.5
24,0.0,4.699999999999989
48,0.0,9.699999999999989
72,0.0,-233.3
24,0.0,-149.7
48,0.0,15.300000000000011
72,0.0,-339.7
24,0.0,-15.5
48,0.0,-11.5
72,0.0,-334.5
24,0.0,-107.0
48,0.0,-122.0
72,0.0,-373.0
24,0.0,107.80000000000001
48,0.0,29.80000000000001
72,0.0,-163.2
24,0.0,74.2
48,0.0,32.2
72,0.0,-64.8
24,0.0,-4.300000000000001
48,0.0,-3.3000000000000007
72,0.0,-3.3000000000000007
24,0.0,-27.200000000000003
48,0.0,-21.200000000000003
72,-2.0,-8.200000000000003
24,2.0,-36.0
48,2.0,-22.0
72,2.0,-70.0
24,10.0,-15.5
48,10.0,-75.5
72,10.0,-202.5
24,9.0,-115.0
48,9.0,-103.0
72,9.0,-24.0
24,0.0,431.5
48,-12.0,366.5
72,0.0,397.5
24,-21.0,319.0
48,-39.0,286.0
72,0.0,207.0
24,0.0,-237.79999999999995
48,-13.0,226.20000000000005
72,0.0,-458.79999999999995
24,-76.0,145.5
48,-1.0,-106.5
72,0.0,118.5
24,-73.0,276.0
48,0.0,206.0
72,-39.0,243.0
24,0.0,235.7
48,0.0,-8.300000000000011
72,-11.0,113.69999999999999
24,0.0,-1.1999999999999886
48,0.0,-207.2
72,0.0,-71.19999999999999
24,0.0,-86.0
48,0.0,-138.0
72,0.0,-36.0
24,100.0,-4.699999999999999
48,5.0,-4.699999999999999
72,5.0,-4.699999999999999
24,96.0,-50.30000000000001
48,5.0,-39.30000000000001
72,0.0,-40.30000000000001
24,6.0,-56.5
48,100.0,-90.5
72,0.0,-58.5
24,6.0,-65.29999999999995
48,100.0,-118.29999999999995
72,0.0,-67.29999999999995
24,0.0,-68.29999999999995
48,100.0,-85.29999999999995
72,5.0,-71.29999999999995
24,0.0,-68.20000000000005
48,100.0,-75.20000000000005
72,0.0,-73.20000000000005
24,5.0,-67.0
48,7.0,-67.0
72,5.0,-73.0
24,1.0,-65.5
48,3.0,-66.5
72,1.0,-71.5
24,-8.0,-2.5
48,49.0,-2.5
72,-9.0,-4.5
24,-4.0,-34.700000000000045
48,53.0,-36.700000000000045
72,-2.0,-38.700000000000045
24,-4.0,53.700000000000045
48,1.0,50.700000000000045
72,-2.0,49.700000000000045
24,-5.0,19.0
48,-6.0,15.0
72,-5.0,15.0
24,-2.0,-39.30000000000001
48,4.0,-41.30000000000001
72,5.0,-41.30000000000001
24,9.0,-3.5
48,4.0,-3.5
72,7.0,-3.5
24,11.0,-39.0
48,6.0,-41.0
72,14.0,-40.0
24,6.0,-57.69999999999999
48,6.0,-59.69999999999999
72,43.0,-60.69999999999999
24,6.0,-65.79999999999995
48,6.0,-70.79999999999995
72,5.0,-70.79999999999995
24,6.0,-69.79999999999995
48,6.0,-75.79999999999995
72,6.0,-75.79999999999995
24,6.0,-69.20000000000005
48,6.0,-75.20000000000005
72,5.0,-75.20000000000005
24,0.0,-71.70000000000005
48,6.0,-77.70000000000005
72,5.0,-78.70000000000005
24,-3.0,-57.5
48,2.0,-63.5
72,8.0,-64.5
24,92.0,-77.70000000000005
48,-2.0,-50.700000000000045
72,22.0,-55.700000000000045
24,63.0,-29.5
48,41.0,-23.5
72,-6.0,-26.5
24,-6.0,-62.0
48,19.0,-65.0
72,-13.0,-70.0
24,-9.0,-54.0
48,-3.0,-56.0
72,-1.0,-60.0
24,-6.0,-37.80000000000001
48,-6.0,-39.80000000000001
72,-6.0,-40.80000000000001
24,5.0,-2.6999999999999993
48,8.0,-2.6999999999999993
72,7.0,-2.6999999999999993
24,10.0,-38.19999999999999
48,52.0,-37.19999999999999
72,5.0,-39.19999999999999
24,0.0,-55.30000000000001
48,5.0,-52.30000000000001
72,5.0,-52.30000000000001
24,0.0,-61.0
48,5.0,-58.0
72,5.0,-58.0
24,0.0,-62.200000000000045
48,13.0,-62.200000000000045
72,5.0,-60.200000000000045
24,1.0,-61.299999999999955
48,73.0,-64.29999999999995
72,-4.0,-59.299999999999955
24,-5.0,-61.0
48,11.0,-64.0
72,0.0,-60.0
24,-15.0,-62.5
48,-9.0,-63.5
72,-15.0,-59.5
24,-12.0,-61.200000000000045
48,-12.0,-58.200000000000045
72,-12.0,-55.200000000000045
24,-8.0,-59.299999999999955
48,-8.0,-56.299999999999955
72,-8.0,-54.299999999999955
24,-5.0,-50.5
48,-5.0,-49.5
72,-5.0,-48.5
24,3.0,-51.80000000000001
48,-2.0,-51.80000000000001
72,-2.0,-50.80000000000001
24,10.0,-37.19999999999999
48,5.0,-37.19999999999999
72,0.0,-37.19999999999999
24,6.0,-3.0
48,5.0,-3.0
72,5.0,-3.0
24,6.0,-40.69999999999999
48,0.0,-40.69999999999999
72,0.0,-40.69999999999999
24,14.0,-56.19999999999999
48,3.0,-55.19999999999999
72,3.0,-56.19999999999999
24,7.0,-59.299999999999955
48,5.0,-57.299999999999955
72,6.0,-59.299999999999955
24,7.0,-61.700000000000045
48,5.0,-58.700000000000045
72,6.0,-60.700000000000045
24,6.0,-64.0
48,5.0,-62.0
72,5.0,-64.0
24,-1.0,-67.0
48,-1.0,-65.0
72,-6.0,-66.0
24,-3.0,-56.799999999999955
48,-3.0,-55.799999999999955
72,-3.0,-56.799999999999955
24,5.0,-62.700000000000045
48,4.0,-63.700000000000045
72,-6.0,-61.700000000000045
24,6.0,-60.799999999999955
48,0.0,-61.799999999999955
72,-6.0,-60.799999999999955
24,6.0,-55.5
48,1.0,-56.5
72,-5.0,-54.5
24,3.0,-19.5
48,4.0,-19.5
72,-2.0,-19.5
24,-1.0,-18.69999999999999
48,5.0,-20.69999999999999
72,-1.0,-18.69999999999999
24,8.0,-2.6999999999999993
48,15.0,-2.6999999999999993
72,100.0,-2.6999999999999993
24,61.0,-37.5
48,17.0,-37.5
72,100.0,-55.5
24,64.0,-52.5
48,100.0,-106.5
72,60.0,-54.5
24,25.0,-53.799999999999955
48,100.0,-117.79999999999995
72,15.0,-56.799999999999955
24,18.0,-52.799999999999955
48,100.0,-128.79999999999995
72,7.0,-54.799999999999955
24,86.0,-55.5
48,100.0,-138.5
72,7.0,-57.5
24,67.0,-54.799999999999955
48,87.0,-134.79999999999995
72,-6.0,-57.799999999999955
24,63.0,30.799999999999955
48,90.0,-36.200000000000045
72,-3.0,25.799999999999955
24,0.0,-41.299999999999955
48,-1.0,-49.299999999999955
72,-8.0,-48.299999999999955
24,34.0,-26.799999999999955
48,-7.0,-32.799999999999955
72,-12.0,-30.799999999999955
24,-3.0,-43.200000000000045
48,-4.0,-48.200000000000045
72,-9.0,-46.200000000000045
24,-1.0,-40.0
48,-2.0,-44.0
72,-7.0,-41.0
24,4.0,-19.69999999999999
48,4.0,-21.69999999999999
72,-1.0,-19.69999999999999
24,0.0,-1.7999999999999998
48,0.0,-1.7999999999999998
72,0.0,-1.7999999999999998
24,0.0,-40.69999999999999
48,0.0,-39.69999999999999
72,0.0,-39.69999999999999
24,0.0,-58.0
48,0.0,-55.0
72,5.0,-55.0
24,0.0,-58.200000000000045
48,0.0,-54.200000000000045
72,6.0,-54.200000000000045
24,0.0,-57.5
48,0.0,-52.5
72,6.0,-53.5
24,-34.0,-60.299999999999955
48,-34.0,-56.299999999999955
72,-34.0,-57.299999999999955
24,-20.0,-59.5
48,-20.0,-55.5
72,-15.0,-56.5
24,-22.0,-64.70000000000005
48,-12.0,-61.700000000000045
72,-17.0,-61.700000000000045
24,-19.0,-61.200000000000045
48,-19.0,-59.200000000000045
72,-14.0,-65.20000000000005
24,-17.0,-60.700000000000045
48,-17.0,-57.700000000000045
72,8.0,-70.70000000000005
24,16.0,-63.0
48,-9.0,-63.0
72,73.0,-370.0
24,-5.0,-54.0
48,-5.0,-57.0
72,95.0,-391.0
24,-4.0,-24.0
48,-4.0,-26.0
72,96.0,-175.0
24,92.0,-1.2999999999999998
48,2.0,-2.3
72,92.0,-2.3
24,68.0,-53.30000000000001
48,-22.0,-39.30000000000001
72,68.0,-60.30000000000001
24,7.0,-75.30000000000001
48,-61.0,-51.30000000000001
72,-93.0,-51.30000000000001
24,13.0,-99.70000000000005
48,-80.0,-44.700000000000045
72,-87.0,-43.700000000000045
24,0.0,-113.0
48,0.0,-104.0
72,-100.0,-65.0
24,3.0,-43.799999999999955
48,3.0,-48.799999999999955
72,-97.0,0.20000000000004547
24,-41.0,-34.5
48,7.0,-94.5
72,-93.0,-25.5
24,-28.0,-65.29999999999995
48,53.0,-82.29999999999995
72,-36.0,-63.299999999999955
24,31.0,-118.70000000000005
48,31.0,-94.70000000000005
72,-69.0,-59.700000000000045
24,61.0,-11.700000000000045
48,61.0,10.299999999999955
72,-39.0,48.299999999999955
24,8.0,-48.299999999999955
48,36.0,-48.299999999999955
72,-49.0,-25.299999999999955
24,6.0,-60.80000000000001
48,87.0,-88.80000000000001
72,-12.0,-60.80000000000001
24,-7.0,-31.30000000000001
48,88.0,-50.30000000000001
72,-12.0,-32.30000000000001
24,0.0,-1.7999999999999998
48,0.0,-1.7999999999999998
72,0.0,-1.7999999999999998
24,5.0,-36.0
48,0.0,-36.0
72,0.0,-36.0
24,6.0,-50.80000000000001
48,0.0,-50.80000000000001
72,0.0,-50.80000000000001
24,6.0,-55.0
48,0.0,-55.0
72,0.0,-54.0
24,0.0,-50.299999999999955
48,5.0,-50.299999999999955
72,0.0,-49.299999999999955
24,-6.0,-4.2000000000000455
48,-11.0,-1.2000000000000455
72,-11.0,-2.2000000000000455
24,-21.0,-17.5
48,-26.0,-13.5
72,-26.0,-15.5
24,-61.0,-19.700000000000045
48,-54.0,-17.700000000000045
72,-61.0,-17.700000000000045
24,-83.0,24.200000000000045
48,-75.0,22.200000000000045
72,-83.0,23.200000000000045
24,-45.0,-33.700000000000045
48,-10.0,-51.700000000000045
72,-39.0,-38.700000000000045
24,-24.0,-54.5
48,42.0,-192.5
72,-24.0,-56.5
24,-34.0,-48.5
48,16.0,-123.5
72,-34.0,-49.5
24,-35.0,-20.19999999999999
48,-37.0,-28.19999999999999
72,-37.0,-20.19999999999999
24,0.0,-1.7000000000000002
48,0.0,-1.7000000000000002
72,0.0,-1.7000000000000002
24,6.0,-38.5
48,0.0,-39.5
72,0.0,-37.5
24,0.0,-54.19999999999999
48,0.0,-53.19999999999999
72,0.0,-54.19999999999999
24,0.0,-55.0
48,0.0,-54.0
72,6.0,-56.0
24,0.0,-58.700000000000045
48,0.0,-57.700000000000045
72,0.0,-61.700000000000045
24,0.0,-56.200000000000045
48,0.0,-56.200000000000045
72,6.0,-61.200000000000045
24,-5.0,-48.299999999999955
48,-5.0,-53.299999999999955
72,1.0,-55.299999999999955
24,-8.0,-45.5
48,-8.0,-53.5
72,-8.0,-53.5
24,-13.0,24.700000000000045
48,-13.0,21.700000000000045
72,-13.0,22.700000000000045
24,-17.0,-30.799999999999955
48,-11.0,-35.799999999999955
72,-17.0,-30.799999999999955
24,-18.0,-55.700000000000045
48,21.0,-65.70000000000005
72,-18.0,-55.700000000000045
24,-11.0,-51.5
48,47.0,-160.5
72,-11.0,-49.5
24,-44.0,-27.80000000000001
48,56.0,-165.8
72,-44.0,-25.80000000000001
24,5.0,-2.2
48,6.0,-2.2
72,11.0,-2.2
24,0.0,-39.30000000000001
48,0.0,-40.30000000000001
72,11.0,-40.30000000000001
24,0.0,-58.69999999999999
48,0.0,-59.69999999999999
72,5.0,-59.69999999999999
24,7.0,-62.0
48,0.0,-62.0
72,7.0,-62.0
24,-3.0,-69.5
48,-8.0,-68.5
72,-3.0,-69.5
24,-10.0,-70.70000000000005
48,-15.0,-66.70000000000005
72,-15.0,-69.70000000000005
24,-20.0,-46.799999999999955
48,-26.0,-41.799999999999955
72,-26.0,-43.799999999999955
24,-22.0,12.5
48,-27.0,18.5
72,-27.0,16.5
24,-39.0,-56.0
48,-15.0,-63.0
72,-39.0,-54.0
24,-20.0,-60.5
48,-30.0,-57.5
72,-33.0,-56.5
24,-15.0,-68.0
48,-43.0,-61.0
72,-48.0,-63.0
24,-20.0,-58.80000000000001
48,-35.0,-55.80000000000001
72,-27.0,-58.80000000000001
24,-37.0,-36.69999999999999
48,-37.0,-36.69999999999999
72,-37.0,-36.69999999999999
24,0.0,-1.7999999999999998
48,0.0,-1.7999999999999998
72,10.0,-1.7999999999999998
24,-2.0,-39.5
48,-2.0,-39.5
72,3.0,-39.5
24,5.0,-56.0
48,0.0,-55.0
72,0.0,-52.0
24,-1.0,-61.799999999999955
48,-6.0,-59.799999999999955
72,-1.0,-56.799999999999955
24,-14.0,-63.299999999999955
48,-14.0,-60.299999999999955
72,-14.0,-56.299999999999955
24,-43.0,-65.0
48,-43.0,-62.0
72,-43.0,-57.0
24,-46.0,-71.29999999999995
48,-46.0,-67.29999999999995
72,-46.0,-63.299999999999955
24,-57.0,-73.79999999999995
48,-57.0,-69.79999999999995
72,-52.0,-66.79999999999995
24,-51.0,-72.29999999999995
48,-51.0,-70.29999999999995
72,-51.0,-74.29999999999995
24,-57.0,-70.0
48,-62.0,-68.0
72,-62.0,-73.0
24,-80.0,-66.5
48,-80.0,-63.5
72,-75.0,-69.5
24,-65.0,-52.19999999999999
48,-70.0,-50.19999999999999
72,-65.0,-53.19999999999999
24,-55.0,-29.80000000000001
48,-60.0,-28.80000000000001
72,-60.0,-29.80000000000001
24,3.0,0.2999999999999998
48,98.0,0.2999999999999998
72,-2.0,0.2999999999999998
24,4.0,-30.5
48,99.0,-45.5
72,43.0,-29.5
24,26.0,-51.0
48,91.0,-55.0
72,-4.0,-46.0
24,-4.0,-50.700000000000045
48,87.0,-53.700000000000045
72,-3.0,-47.700000000000045
24,-6.0,-50.5
48,87.0,-52.5
72,-1.0,-50.5
24,-67.0,-26.700000000000045
48,6.0,-25.700000000000045
72,-62.0,-25.700000000000045
24,-100.0,89.5
48,-21.0,90.5
72,-95.0,88.5
24,-96.0,58.0
48,-35.0,57.0
72,-91.0,55.0
24,-58.0,-13.700000000000045
48,-58.0,-8.700000000000045
72,-64.0,-10.700000000000045
24,-80.0,2.7000000000000455
48,-74.0,7.7000000000000455
72,-85.0,5.7000000000000455
24,-62.0,316.5
48,-87.0,327.5
72,-98.0,327.5
24,-75.0,196.8
48,-100.0,202.8
72,-100.0,203.8
24,-88.0,137.8
48,-100.0,139.8
72,-100.0,140.8
24,72.0,1.3
48,83.0,-0.7
72,83.0,1.3
24,19.0,20.299999999999997
48,100.0,-42.7
72,47.0,17.299999999999997
24,74.0,-46.69999999999999
48,98.0,-104.69999999999999
72,98.0,-294.7
24,82.0,-64.20000000000005
48,17.0,-72.20000000000005
72,92.0,-447.20000000000005
24,55.0,-65.0
48,91.0,-86.0
72,92.0,-617.0
24,-1.0,-64.79999999999995
48,16.0,-68.79999999999995
72,94.0,-679.8
24,-24.0,-65.79999999999995
48,-10.0,-67.79999999999995
72,71.0,-658.8
24,-26.0,-25.200000000000045
48,-15.0,-27.200000000000045
72,74.0,-507.20000000000005
24,-78.0,-72.70000000000005
48,16.0,-130.70000000000005
72,17.0,-165.70000000000005
24,-99.0,-58.5
48,1.0,-244.5
72,1.0,-125.5
24,-95.0,33.19999999999999
48,0.0,-7.800000000000011
72,0.0,-82.80000000000001
24,-100.0,-19.0
48,0.0,-32.0
72,0.0,-86.0
24,-85.0,9.0
48,-66.0,8.0
72,-82.0,7.0
24,-3.0,-1.5
48,23.0,-0.5
72,-66.0,-1.5
24,-28.0,-32.5
48,-17.0,-34.5
72,64.0,-40.5
24,85.0,-73.69999999999999
48,-9.0,-46.69999999999999
72,-3.0,-52.69999999999999
24,26.0,-81.70000000000005
48,26.0,-54.700000000000045
72,26.0,-104.70000000000005
24,-47.0,-42.0
48,-47.0,-39.0
72,42.0,-58.0
24,-56.0,-0.7000000000000455
48,-60.0,2.2999999999999545
72,34.0,-34.700000000000045
24,-20.0,39.799999999999955
48,-27.0,40.799999999999955
72,67.0,1.7999999999999545
24,-15.0,108.0
48,-25.0,109.0
72,75.0,47.0
24,-22.0,407.5
48,4.0,405.5
72,70.0,404.5
24,-38.0,284.8
48,-33.0,284.8
72,-39.0,282.8
24,27.0,-51.799999999999955
48,-46.0,-52.799999999999955
72,-54.0,-53.799999999999955
24,-64.0,-53.19999999999999
48,-52.0,-55.19999999999999
72,-17.0,-61.19999999999999
24,-22.0,-18.19999999999999
48,-49.0,-21.19999999999999
72,35.0,-24.19999999999999
24,7.0,-1.7000000000000002
48,100.0,-1.7000000000000002
72,6.0,-1.7000000000000002
24,61.0,-36.0
48,58.0,-36.0
72,7.0,-36.0
24,6.0,-49.0
48,100.0,-52.0
72,100.0,-59.0
24,5.0,-48.200000000000045
48,81.0,-47.200000000000045
72,83.0,-54.200000000000045
24,-52.0,-44.799999999999955
48,13.0,-43.799999999999955
72,43.0,-57.799999999999955
24,-19.0,-36.799999999999955
48,9.0,-36.799999999999955
72,76.0,-45.799999999999955
24,-6.0,-8.5
48,3.0,-8.5
72,89.0,-23.5
24,2.0,-55.799999999999955
48,7.0,-57.799999999999955
72,92.0,-76.79999999999995
24,-7.0,-17.700000000000045
48,-7.0,-15.700000000000045
72,-7.0,-20.700000000000045
24,-5.0,-33.700000000000045
48,-5.0,-31.700000000000045
72,-10.0,-36.700000000000045
24,-5.0,-57.799999999999955
48,-10.0,-56.799999999999955
72,-5.0,-61.799999999999955
24,1.0,-46.5
48,1.0,-44.5
72,-4.0,-49.5
24,-1.0,-23.80000000000001
48,-2.0,-22.80000000000001
72,-2.0,-25.80000000000001
24,11.0,-0.7000000000000002
48,9.0,-0.7000000000000002
72,54.0,-0.7000000000000002
24,5.0,-36.5
48,17.0,-35.5
72,7.0,-35.5
24,0.0,-52.0
48,0.0,-49.0
72,12.0,-53.0
24,5.0,-56.299999999999955
48,5.0,-51.299999999999955
72,11.0,-57.299999999999955
24,0.0,-55.700000000000045
48,0.0,-50.700000000000045
72,11.0,-57.700000000000045
24,-11.0,-55.299999999999955
48,-6.0,-50.299999999999955
72,-11.0,-57.299999999999955
24,-2.0,-51.299999999999955
48,2.0,-45.299999999999955
72,-3.0,-53.299999999999955
24,0.0,14.5
48,4.0,19.5
72,-7.0,11.5
24,-11.0,131.0
48,0.0,136.0
72,31.0,134.0
24,90.0,112.70000000000005
48,-3.0,130.70000000000005
72,-4.0,127.70000000000005
24,42.0,-10.0
48,1.0,1.0
72,7.0,-3.0
24,-1.0,-37.5
48,3.0,-32.5
72,93.0,-38.5
24,-52.0,37.5
48,-52.0,39.5
72,-57.0,39.5
24,95.0,2.8
48,95.0,2.8
72,1.0,2.8
24,0.0,-8.799999999999997
48,0.0,-5.799999999999997
72,-93.0,9.200000000000003
24,12.0,-39.19999999999999
48,12.0,-1.1999999999999886
72,-83.0,42.80000000000001
24,99.0,-159.0
48,99.0,-45.0
72,4.0,11.0
24,97.0,-170.20000000000005
48,97.0,-88.20000000000005
72,3.0,-27.200000000000045
24,68.0,-44.5
48,68.0,-13.5
72,-26.0,32.5
24,59.0,-4.2000000000000455
48,36.0,49.799999999999955
72,-41.0,62.799999999999955
24,53.0,114.80000000000001
48,-47.0,443.8
72,-41.0,453.8
24,0.0,173.5
48,0.0,596.5
72,-100.0,648.5
24,0.0,187.2
48,-67.0,543.2
72,-100.0,555.2
24,0.0,102.19999999999999
48,-66.0,388.2
72,-100.0,399.2
24,0.0,189.7
48,-100.0,289.7
72,-100.0,294.7
24,-25.0,19.5
48,0.0,-88.5
72,-100.0,29.5
24,0.0,-2.3
48,0.0,-3.3
72,0.0,-1.2999999999999998
24,0.0,2.700000000000003
48,0.0,-75.3
72,0.0,-4.299999999999997
24,0.0,50.19999999999999
48,0.0,-51.80000000000001
72,0.0,-139.8
24,0.0,135.8
48,0.0,-45.19999999999999
72,0.0,-265.2
24,-4.0,468.3
48,0.0,-95.69999999999999
72,0.0,15.300000000000011
24,-8.0,454.8
48,0.0,-220.2
72,-4.0,348.8
24,0.0,-6.300000000000011
48,-28.0,250.7
72,-2.0,54.69999999999999
24,0.0,112.19999999999999
48,-84.0,413.2
72,0.0,2.1999999999999886
24,3.0,-103.0
48,6.0,-606.0
72,6.0,-471.0
24,36.0,-255.20000000000005
48,36.0,-655.2
72,-16.0,-32.200000000000045
24,12.0,-362.79999999999995
48,12.0,-538.8
72,-50.0,-54.799999999999955
24,15.0,-192.2
48,15.0,-330.2
72,15.0,-75.19999999999999
24,0.0,-9.700000000000003
48,0.0,-95.7
72,-18.0,-5.700000000000003
24,-66.0,0.7
48,0.0,-1.3
72,0.0,0.7
24,2.0,-1.7999999999999972
48,2.0,-47.8
72,2.0,-48.8
24,21.0,-114.19999999999999
48,-6.0,-47.19999999999999
72,21.0,-257.2
24,1.0,-64.69999999999999
48,1.0,-106.69999999999999
72,1.0,-137.7
24,0.0,-72.5
48,0.0,100.5
72,0.0,-48.5
24,0.0,81.80000000000001
48,0.0,283.8
72,0.0,-36.19999999999999
24,8.0,78.5
48,8.0,100.5
72,8.0,-72.5
24,0.0,-274.0
48,-37.0,449.0
72,0.0,341.0
24,0.0,-406.70000000000005
48,0.0,195.29999999999995
72,-11.0,226.29999999999995
24,0.0,-131.0
48,0.0,186.0
72,-4.0,160.0
24,2.0,-168.5
48,2.0,-147.5
72,2.0,-38.5
24,0.0,-93.2
48,0.0,20.799999999999997
72,0.0,-52.2
24,71.0,-20.3
48,69.0,76.7
72,71.0,4.699999999999999
24,-95.0,1.0
48,0.0,0.0
72,-10.0,0.0
24,-100.0,48.5
48,0.0,-35.5
72,0.0,-32.5
24,-100.0,96.69999999999999
48,-15.0,14.699999999999989
72,0.0,-117.30000000000001
24,-100.0,130.7
48,0.0,-259.3
72,0.0,-261.3
24,-100.0,65.79999999999995
48,0.0,-490.20000000000005
72,-40.0,44.799999999999955
24,-96.0,179.20000000000005
48,4.0,-409.79999999999995
72,-64.0,192.20000000000005
24,-4.0,81.5
48,22.0,28.5
72,22.0,19.5
24,-39.0,-11.0
48,-21.0,-68.0
72,-47.0,43.0
24,-11.0,-2.5
48,-11.0,-11.5
72,-95.0,150.5
24,-31.0,-106.0
48,-66.0,-20.0
72,-100.0,1.0
24,-57.0,-47.700000000000045
48,-49.0,-50.700000000000045
72,-54.0,-50.700000000000045
24,-69.0,-42.69999999999999
48,-65.0,-50.69999999999999
72,-95.0,-45.69999999999999
24,11.0,-16.19999999999999
48,-14.0,-17.19999999999999
72,15.0,-21.19999999999999
24,2.0,0.19999999999999996
48,21.0,0.19999999999999996
72,-64.0,0.19999999999999996
24,2.0,-38.0
48,-83.0,-28.0
72,-47.0,-31.0
24,-91.0,-13.699999999999989
48,-74.0,-16.69999999999999
72,1.0,-26.69999999999999
24,61.0,-11.0
48,-11.0,-13.0
72,3.0,-14.0
24,-8.0,27.5
48,-39.0,32.5
72,-34.0,27.5
24,-83.0,103.20000000000005
48,-81.0,110.20000000000005
72,-17.0,100.20000000000005
24,-31.0,-18.200000000000045
48,-31.0,-11.200000000000045
72,-33.0,-18.200000000000045
24,12.0,-62.799999999999955
48,29.0,-99.79999999999995
72,-26.0,-95.79999999999995
24,41.0,-48.299999999999955
48,84.0,-38.299999999999955
72,84.0,-218.29999999999995
24,-31.0,-112.20000000000005
48,-46.0,-32.200000000000045
72,3.0,-491.20000000000005
24,1.0,-269.8
48,1.0,64.19999999999999
72,1.0,-208.8
24,1.0,-145.3
48,1.0,87.69999999999999
72,1.0,-34.30000000000001
24,2.0,-75.7
48,2.0,9.299999999999997
72,2.0,-18.700000000000003
24,1.0,-0.8
48,1.0,-1.8
72,-19.0,0.19999999999999996
24,6.0,-81.8
48,6.0,-91.8
72,-5.0,-46.8
24,5.0,-246.8
48,-83.0,-57.80000000000001
72,5.0,-165.8
24,86.0,-237.20000000000005
48,6.0,-38.200000000000045
72,42.0,-47.200000000000045
24,81.0,-453.0
48,-10.0,-7.0
72,27.0,-15.0
24,76.0,-446.0
48,-16.0,156.0
72,-12.0,153.0
24,77.0,-186.29999999999995
48,-15.0,145.70000000000005
72,-10.0,140.70000000000005
24,79.0,-92.70000000000005
48,18.0,239.29999999999995
72,-7.0,236.29999999999995
24,-6.0,246.0
48,18.0,247.0
72,74.0,-278.0
24,42.0,-2.0
48,71.0,-232.0
72,71.0,-459.0
24,46.0,-240.3
48,46.0,-418.3
72,46.0,-406.3
24,11.0,-228.0
48,11.0,-270.0
72,-55.0,-64.0
24,15.0,-64.0
48,15.0,-98.0
72,15.0,-34.0
24,58.0,-0.2999999999999998
48,5.0,-1.2999999999999998
72,100.0,-2.3
24,10.0,-35.2
48,-1.0,-33.2
72,99.0,-100.2
24,17.0,-48.69999999999999
48,-1.0,-47.69999999999999
72,18.0,-49.69999999999999
24,13.0,-46.5
48,-2.0,-43.5
72,12.0,-46.5
24,10.0,-42.299999999999955
48,-6.0,-39.299999999999955
72,90.0,-42.299999999999955
24,-6.0,-39.0
48,-21.0,-37.0
72,7.0,-40.0
24,-4.0,-50.799999999999955
48,-15.0,-48.799999999999955
72,29.0,-51.799999999999955
24,39.0,-44.200000000000045
48,-20.0,-34.200000000000045
72,80.0,-44.200000000000045
24,79.0,-105.70000000000005
48,-15.0,-54.700000000000045
72,-5.0,-54.700000000000045
24,88.0,-73.79999999999995
48,-6.0,-56.799999999999955
72,-1.0,-56.799999999999955
24,1.0,-56.799999999999955
48,-4.0,-56.799999999999955
72,89.0,-57.799999999999955
24,-24.0,1.0
48,-26.0,0.0
72,-9.0,0.0
24,-11.0,6.0
48,-16.0,6.0
72,32.0,5.0
24,-17.0,-0.8
48,-17.0,-0.8
72,-12.0,-0.8
24,-6.0,-32.5
48,-6.0,-34.5
72,-6.0,-32.5
24,3.0,-45.19999999999999
48,0.0,-49.19999999999999
72,-2.0,-45.19999999999999
24,0.0,-44.5
48,47.0,-91.5
72,0.0,-43.5
24,0.0,-37.299999999999955
48,43.0,-69.29999999999995
72,0.0,-35.299999999999955
24,-19.0,-1.2000000000000455
48,21.0,-20.200000000000045
72,-19.0,-1.2000000000000455
24,-36.0,-7.5
48,-9.0,-16.5
72,-22.0,-11.5
24,-66.0,11.299999999999955
48,-28.0,-12.700000000000045
72,-34.0,4.2999999999999545
24,-40.0,-5.0
48,-44.0,-16.0
72,-76.0,-1.0
24,-52.0,-88.5
48,-28.0,-77.5
72,-39.0,-69.5
24,-17.0,-74.69999999999999
48,-33.0,-65.69999999999999
72,-78.0,-7.699999999999989
24,15.0,-65.5
48,-56.0,-20.5
72,15.0,-9.5
24,28.0,0.29999999999999716
48,-52.0,21.299999999999997
72,28.0,14.299999999999997
24,-88.0,0.30000000000000004
48,0.0,0.30000000000000004
72,-100.0,0.30000000000000004
24,-85.0,45.5
48,0.0,31.5
72,-100.0,44.5
24,-9.0,140.0
48,-65.0,140.0
72,-78.0,140.0
24,54.0,108.5
48,25.0,90.5
72,-18.0,110.5
24,-59.0,126.5
48,-14.0,52.5
72,-54.0,124.5
24,-19.0,180.0
48,0.0,-89.0
72,-38.0,182.0
24,-15.0,325.0
48,31.0,86.0
72,15.0,286.0
24,31.0,395.2
48,64.0,227.2
72,80.0,237.2
24,32.0,2.7000000000000455
48,51.0,-47.299999999999955
72,62.0,-122.29999999999995
24,36.0,-18.700000000000045
48,69.0,-57.700000000000045
72,61.0,-238.70000000000005
24,-2.0,11.5
48,8.0,-11.5
72,36.0,-125.5
24,13.0,24.5
48,-2.0,-39.5
72,-27.0,-52.5
24,-14.0,-4.0
48,0.0,-54.0
72,-68.0,-15.0
24,-47.0,-0.19999999999999996
48,27.0,-0.19999999999999996
72,27.0,-1.2
24,88.0,-36.2
48,88.0,-38.2
72,88.0,-93.2
24,13.0,27.80000000000001
48,98.0,-94.19999999999999
72,58.0,5.800000000000011
24,-29.0,57.0
48,-36.0,55.0
72,11.0,-41.0
24,14.0,246.2
48,56.0,227.2
72,50.0,34.19999999999999
24,0.0,370.8
48,0.0,-13.199999999999989
72,0.0,-80.19999999999999
24,-83.0,315.29999999999995
48,-55.0,294.29999999999995
72,-26.0,32.299999999999955
24,-24.0,256.79999999999995
48,53.0,212.79999999999995
72,43.0,-37.200000000000045
24,-31.0,193.0
48,-28.0,192.0
72,-16.0,189.0
24,-28.0,378.7
48,-38.0,378.7
72,-20.0,318.7
24,22.0,-3.1999999999999886
48,22.0,-235.2
72,17.0,-25.19999999999999
24,1.0,-16.69999999999999
48,1.0,-123.69999999999999
72,-7.0,84.30000000000001
24,0.0,-26.0
48,0.0,-47.0
72,0.0,-29.0
24,0.0,-1.2
48,0.0,-1.2
72,0.0,-0.19999999999999996
24,0.0,-50.3
48,0.0,-51.3
72,0.0,-13.299999999999997
24,0.0,-67.8
48,0.0,-48.8
72,0.0,-19.799999999999997
24,0.0,-71.5
48,0.0,-103.5
72,0.0,35.5
24,0.0,-92.80000000000001
48,0.0,-137.8
72,0.0,147.2
24,0.0,-104.0
48,0.0,-72.0
72,0.0,383.0
24,0.0,-109.0
48,0.0,-112.0
72,0.0,116.0
24,0.0,-73.69999999999999
48,0.0,-142.7
72,0.0,14.300000000000011
24,33.0,7.0
48,33.0,105.0
72,33.0,564.0
24,36.0,482.8
48,43.0,44.8
72,43.0,379.8
24,7.0,175.3
48,26.0,157.3
72,20.0,90.30000000000001
24,5.0,-1.6999999999999886
48,5.0,-18.69999999999999
72,5.0,-51.69999999999999
24,-49.0,57.3
48,-62.0,55.3
72,0.0,29.3
24,84.0,-0.7
48,84.0,-0.7
72,80.0,0.30000000000000004
24,58.0,-42.5
48,58.0,-43.5
72,3.0,-0.5
24,60.0,82.19999999999999
48,60.0,65.19999999999999
72,60.0,62.19999999999999
24,0.0,17.0
48,-48.0,79.0
72,-66.0,45.0
24,40.0,104.19999999999999
48,40.0,95.19999999999999
72,40.0,156.2
24,-6.0,342.7
48,0.0,382.7
72,-76.0,413.7
24,74.0,470.5
48,74.0,543.5
72,74.0,458.5
24,32.0,299.5
48,21.0,595.5
72,32.0,248.5
24,66.0,58.5
48,66.0,93.5
72,66.0,216.5
24,71.0,-127.5
48,71.0,-243.5
72,71.0,-481.5
24,66.0,151.5
48,87.0,130.5
72,49.0,198.5
24,80.0,94.30000000000001
48,80.0,-94.69999999999999
72,28.0,99.30000000000001
24,31.0,-5.799999999999997
48,34.0,-13.799999999999997
72,68.0,-5.799999999999997
24,0.0,-0.5
48,-69.0,0.5
72,0.0,-0.5
24,0.0,-8.5
48,-10.0,55.5
72,0.0,39.5
24,0.0,-94.8
48,0.0,-30.799999999999997
72,-1.0,120.2
24,51.0,-43.19999999999999
48,51.0,-52.19999999999999
72,28.0,292.8
24,53.0,-34.80000000000001
48,53.0,212.2
72,4.0,347.2
24,0.0,-194.5
48,0.0,365.5
72,-90.0,517.5
24,0.0,-457.7
48,-44.0,299.3
72,-95.0,355.3
24,0.0,-747.0
48,0.0,-181.0
72,-89.0,62.0
24,0.0,-486.0
48,0.0,-400.0
72,-1.0,-73.0
24,60.0,-211.5
48,54.0,-5.5
72,60.0,-248.5
24,29.0,-234.2
48,3.0,43.80000000000001
72,-53.0,120.80000000000001
24,2.0,-89.69999999999999
48,-2.0,-3.6999999999999886
72,-42.0,94.30000000000001
24,0.0,7.700000000000003
48,-57.0,19.700000000000003
72,-88.0,26.700000000000003
24,0.0,-0.8
48,-64.0,0.19999999999999996
72,-28.0,0.19999999999999996
24,0.0,-48.8
48,-12.0,-31.799999999999997
72,0.0,-32.8
24,0.0,-255.2
48,0.0,-83.19999999999999
72,-23.0,-53.19999999999999
24,0.0,-363.7
48,-45.0,16.30000000000001
72,-6.0,-6.699999999999989
24,0.0,-382.29999999999995
48,-13.0,47.700000000000045
72,-7.0,39.700000000000045
24,0.0,-494.0
48,-24.0,97.0
72,-11.0,54.0
24,0.0,-499.29999999999995
48,0.0,-142.29999999999995
72,0.0,-265.29999999999995
24,0.0,-293.29999999999995
48,0.0,-259.29999999999995
72,0.0,-307.29999999999995
24,0.0,-51.0
48,-24.0,115.0
72,0.0,127.0
24,5.0,185.3
48,4.0,254.3
72,5.0,448.3
24,0.0,26.200000000000003
48,0.0,241.2
72,0.0,5.200000000000003
24,11.0,-33.3
48,11.0,122.7
72,11.0,75.7
24,0.0,-80.2
48,0.0,-84.2
72,0.0,-31.200000000000003
24,0.0,0.0
48,0.0,-1.0
72,-54.0,0.0
24,-19.0,-7.700000000000003
48,0.0,-23.700000000000003
72,-54.0,24.299999999999997
24,-56.0,87.0
48,0.0,66.0
72,-57.0,110.0
24,-22.0,266.8
48,0.0,193.8
72,-32.0,239.8
24,-7.0,352.2
48,-41.0,447.2
72,-18.0,237.2
24,0.0,-183.3
48,-11.0,481.7
72,0.0,95.69999999999999
24,0.0,-372.8
48,0.0,-21.80000000000001
72,0.0,-76.80000000000001
24,0.0,-70.0
48,0.0,153.0
72,0.0,-66.0
24,-5.0,413.2
48,0.0,21.19999999999999
72,-83.0,504.2
24,0.0,20.30000000000001
48,0.0,-133.7
72,-84.0,362.3
24,0.0,-177.7
48,0.0,-208.7
72,-74.0,171.3
24,0.0,-71.19999999999999
48,0.0,4.800000000000011
72,-93.0,116.80000000000001
24,17.0,11.200000000000003
48,17.0,9.200000000000003
72,-78.0,40.2
24,1.0,-1.0
48,1.0,-1.0
72,1.0,-1.0
24,7.0,-23.700000000000003
48,7.0,-28.700000000000003
72,7.0,-66.7
24,53.0,-116.19999999999999
48,53.0,-174.2
72,-27.0,-40.19999999999999
24,1.0,-168.8
48,1.0,-161.8
72,-99.0,204.2
24,0.0,-179.3
48,0.0,-24.30000000000001
72,-100.0,394.7
24,0.0,328.3
48,0.0,318.3
72,-54.0,513.3
24,0.0,453.3
48,0.0,34.30000000000001
72,-25.0,417.3
24,5.0,279.2
48,5.0,267.2
72,5.0,-25.80000000000001
24,42.0,112.29999999999995
48,45.0,-83.70000000000005
72,46.0,-221.70000000000005
24,-2.0,6.800000000000011
48,5.0,-246.2
72,5.0,-296.2
24,0.0,70.5
48,0.0,-150.5
72,0.0,-165.5
24,0.0,-51.69999999999999
48,0.0,-117.69999999999999
72,0.0,-92.69999999999999
24,0.0,-47.3
48,0.0,-79.3
72,0.0,-68.3
24,-92.0,-0.5
48,2.0,-0.5
72,2.0,-0.5
24,-95.0,-16.0
48,0.0,-64.0
72,0.0,-57.0
24,-96.0,25.0
48,4.0,-29.0
72,4.0,-79.0
24,-20.0,-46.69999999999999
48,80.0,-104.69999999999999
72,72.0,-75.69999999999999
24,-17.0,-51.700000000000045
48,83.0,-103.70000000000005
72,21.0,-56.700000000000045
24,-40.0,-35.799999999999955
48,54.0,-79.79999999999995
72,25.0,-40.799999999999955
24,-64.0,69.29999999999995
48,28.0,33.299999999999955
72,-56.0,66.29999999999995
24,37.0,-18.700000000000045
48,79.0,-81.70000000000005
72,-6.0,-18.700000000000045
24,50.0,-59.0
48,-10.0,-54.0
72,-6.0,-61.0
24,-14.0,54.200000000000045
48,-15.0,54.200000000000045
72,6.0,49.200000000000045
24,-14.0,20.30000000000001
48,-10.0,20.30000000000001
72,60.0,2.3000000000000114
24,13.0,16.5
48,-13.0,20.5
72,13.0,17.5
24,-5.0,20.299999999999997
48,-5.0,21.299999999999997
72,5.0,20.299999999999997
24,-5.0,-0.5
48,-5.0,-0.5
72,21.0,-0.5
24,0.0,-30.0
48,0.0,-29.0
72,62.0,-30.0
24,0.0,-48.30000000000001
48,0.0,-48.30000000000001
72,0.0,-44.30000000000001
24,-14.0,-46.69999999999999
48,-14.0,-46.69999999999999
72,-14.0,-42.69999999999999
24,-17.0,-34.700000000000045
48,-17.0,-34.700000000000045
72,-17.0,-28.700000000000045
24,-14.0,-43.799999999999955
48,-14.0,-43.799999999999955
72,-14.0,-37.799999999999955
24,-10.0,-58.200000000000045
48,-10.0,-58.200000000000045
72,-5.0,-53.200000000000045
24,-44.0,-58.0
48,-44.0,-58.0
72,-39.0,-54.0
24,18.0,-73.20000000000005
48,-56.0,-57.200000000000045
72,-56.0,-55.200000000000045
24,37.0,-85.0
48,-63.0,-57.0
72,-63.0,-56.0
24,-26.0,-51.69999999999999
48,-88.0,-42.69999999999999
72,-72.0,-45.69999999999999
24,-4.0,-40.80000000000001
48,-84.0,-16.80000000000001
72,-95.0,-16.80000000000001
24,-52.0,-6.799999999999997
48,-90.0,-6.799999999999997
72,-90.0,-6.799999999999997
24,0.0,-0.7
48,0.0,-0.7
72,0.0,-0.7
24,1.0,-74.2
48,1.0,-54.2
72,1.0,-44.2
24,0.0,-104.69999999999999
48,0.0,-87.69999999999999
72,0.0,-87.69999999999999
24,18.0,-199.8
48,18.0,-240.8
72,18.0,-240.8
24,1.0,-71.79999999999995
48,1.0,-326.79999999999995
72,1.0,-326.79999999999995
24,2.0,-255.5
48,2.0,-473.5
72,2.0,-473.5
24,1.0,-293.29999999999995
48,1.0,-57.299999999999955
72,1.0,-57.299999999999955
24,1.0,-37.299999999999955
48,-25.0,-10.299999999999955
72,-25.0,-10.299999999999955
24,2.0,-219.79999999999995
48,2.0,109.20000000000005
72,2.0,72.20000000000005
24,0.0,-381.79999999999995
48,0.0,-85.79999999999995
72,0.0,-332.79999999999995
24,0.0,-36.0
48,0.0,77.0
72,0.0,-84.0
24,-2.0,53.0
48,-4.0,35.0
72,0.0,-140.0
24,1.0,19.0
48,1.0,-5.0
72,1.0,-20.0
24,0.0,-0.2
48,0.0,-0.2
72,0.0,-0.2
24,0.0,-21.2
48,0.0,-16.2
72,0.0,-29.2
24,0.0,-38.0
48,0.0,-3.0
72,0.0,-50.0
24,0.0,-98.30000000000001
48,0.0,4.699999999999989
72,0.0,-136.3
24,12.0,-56.19999999999999
48,12.0,71.80000000000001
72,12.0,-112.19999999999999
24,36.0,-175.7
48,36.0,60.30000000000001
72,36.0,-208.7
24,86.0,-278.8
48,86.0,1.1999999999999886
72,86.0,-323.8
24,0.0,-271.2
48,0.0,-79.19999999999999
72,0.0,-344.2
24,0.0,109.5
48,0.0,-141.5
72,0.0,-161.5
24,2.0,136.7
48,2.0,-92.30000000000001
72,2.0,-99.30000000000001
24,85.0,21.799999999999997
48,85.0,-78.2
72,85.0,-28.200000000000003
24,69.0,41.3
48,69.0,-19.700000000000003
72,69.0,6.299999999999997
24,0.0,-3.6999999999999993
48,0.0,-8.7
72,0.0,-2.6999999999999993
24,91.0,0.0
48,90.0,0.0
72,91.0,0.0
24,60.0,-69.8
48,59.0,-59.8
72,60.0,-77.8
24,87.0,-159.2
48,87.0,-220.2
72,87.0,-207.2
24,33.0,-235.0
48,33.0,-445.0
72,33.0,-410.0
24,3.0,-238.79999999999995
48,3.0,-506.79999999999995
72,3.0,-473.79999999999995
24,0.0,-24.299999999999955
48,0.0,-477.29999999999995
72,0.0,-532.3
24,24.0,-332.79999999999995
48,24.0,-481.79999999999995
72,24.0,-505.79999999999995
24,8.0,-296.29999999999995
48,8.0,-548.3
72,8.0,-489.29999999999995
24,2.0,71.5
48,2.0,-218.5
72,2.0,-269.5
24,14.0,-34.80000000000001
48,14.0,-234.8
72,14.0,-233.8
24,51.0,110.0
48,51.0,-157.0
72,51.0,-149.0
24,6.0,8.0
48,6.0,-145.0
72,6.0,-156.0
24,-3.0,12.0
48,0.0,-20.0
72,0.0,-24.0
24,0.0,0.0
48,0.0,0.0
72,0.0,0.0
24,0.0,-38.5
48,0.0,-39.5
72,0.0,-38.5
24,0.0,-59.5
48,0.0,-64.5
72,0.0,-65.5
24,3.0,-78.8
48,3.0,-90.8
72,3.0,-96.8
24,2.0,-74.5
48,2.0,-129.5
72,2.0,-144.5
24,0.0,-47.5
48,0.0,-206.5
72,0.0,-229.5
24,0.0,57.69999999999999
48,0.0,-187.3
72,0.0,-207.3
24,0.0,20.19999999999999
48,0.0,-108.80000000000001
72,0.0,-105.80000000000001
24,-42.0,440.0
48,0.0,-207.0
72,0.0,-230.0
24,-23.0,209.3
48,0.0,-257.7
72,0.0,-275.7
24,0.0,6.699999999999989
48,0.0,-179.3
72,0.0,-189.3
24,0.0,3.700000000000003
48,0.0,-83.3
72,0.0,-84.3
24,1.0,-6.800000000000001
48,1.0,-16.8
72,1.0,-16.8
24,0.0,0.0
48,0.0,0.0
72,-41.0,0.0
24,0.0,-27.0
48,0.0,-16.0
72,0.0,-13.0
24,0.0,-86.2
48,0.0,-76.2
72,0.0,-79.2
24,1.0,-155.2
48,1.0,-137.2
72,1.0,-156.2
24,16.0,-237.7
48,16.0,-136.7
72,16.0,-222.7
24,5.0,-236.3
48,3.0,-7.300000000000011
72,5.0,-186.3
24,33.0,-312.0
48,32.0,229.0
72,8.0,128.0
24,0.0,-469.20000000000005
48,-31.0,187.79999999999995
72,-52.0,234.79999999999995
24,0.0,-428.0
48,0.0,-60.0
72,0.0,-87.0
24,0.0,-280.7
48,0.0,159.3
72,-20.0,61.30000000000001
24,0.0,-168.0
48,-70.0,223.0
72,0.0,-46.0
24,0.0,-43.8
48,-73.0,174.2
72,-25.0,125.2
24,0.0,-8.5
48,-71.0,39.5
72,0.0,11.5
24,85.0,0.0
48,100.0,0.0
72,100.0,0.0
24,95.0,-61.2
48,32.0,-30.200000000000003
72,100.0,-65.2
24,100.0,-270.2
48,100.0,-255.2
72,6.0,-49.19999999999999
24,85.0,-448.5
48,74.0,-208.5
72,-9.0,-48.5
24,49.0,-563.2
48,5.0,-30.200000000000045
72,-41.0,-23.200000000000045
24,47.0,-268.79999999999995
48,-43.0,172.20000000000005
72,-23.0,174.20000000000005
24,0.0,-247.0
48,-95.0,161.0
72,-69.0,164.0
24,-31.0,146.79999999999995
48,-84.0,169.79999999999995
72,-95.0,179.79999999999995
24,-86.0,252.0
48,-33.0,113.0
72,-89.0,259.0
24,-19.0,165.3
48,23.0,22.30000000000001
72,34.0,-168.7
24,-36.0,70.80000000000001
48,-16.0,9.800000000000011
72,6.0,-274.2
24,-37.0,6.800000000000011
48,50.0,-73.19999999999999
72,50.0,-182.2
24,-8.0,-6.5
48,86.0,-22.5
72,73.0,-29.5
24,-14.0,-0.2
48,76.0,-0.2
72,68.0,-0.2
24,-89.0,-26.5
48,11.0,-44.5
72,-48.0,-28.5
24,-29.0,-18.80000000000001
48,44.0,-106.80000000000001
72,65.0,-212.8
24,-35.0,72.80000000000001
48,46.0,-94.19999999999999
72,56.0,-277.2
24,-14.0,74.5
48,-5.0,51.5
72,32.0,-353.5
24,-20.0,285.2
48,-40.0,367.2
72,-11.0,370.2
24,15.0,94.5
48,1.0,142.5
72,14.0,97.5
24,53.0,225.3
48,19.0,419.3
72,45.0,237.3
24,46.0,-263.0
48,46.0,-252.0
72,46.0,-348.0
24,73.0,-324.5
48,-22.0,41.5
72,73.0,-275.5
24,35.0,-210.2
48,35.0,-197.2
72,35.0,-160.2
24,9.0,-124.80000000000001
48,9.0,-125.80000000000001
72,9.0,-73.80000000000001
24,0.0,0.0
48,0.0,0.0
72,0.0,0.0
24,0.0,-45.8
48,0.0,-45.8
72,0.0,-45.8
24,0.0,-107.7
48,0.0,-104.7
72,0.0,-104.7
24,0.0,-114.80000000000001
48,0.0,-125.80000000000001
72,0.0,-105.80000000000001
24,0.0,-109.30000000000001
48,0.0,-143.3
72,0.0,-132.3
24,0.0,-90.3
48,0.0,-60.3
72,0.0,-56.3
24,0.0,-69.3
48,0.0,-54.3
72,0.0,-47.3
24,0.0,-41.3
48,0.0,-34.3
72,0.0,13.700000000000003
24,0.0,-87.5
48,0.0,-61.5
72,0.0,-58.5
24,0.0,-104.3
48,0.0,-100.3
72,0.0,-86.3
24,0.0,-54.7
48,0.0,-54.7
72,0.0,-39.7
24,0.0,-80.3
48,0.0,-80.3
72,0.0,-65.3
24,0.0,0.0
48,0.0,0.0
72,0.0,0.0
24,0.0,-30.299999999999997
48,0.0,-29.299999999999997
72,0.0,-32.3
24,0.0,-49.8
48,0.0,-18.799999999999997
72,0.0,-12.799999999999997
24,0.0,-79.2
48,0.0,-70.2
72,0.0,192.8
24,0.0,-94.30000000000001
48,0.0,-125.30000000000001
72,0.0,122.69999999999999
24,0.0,-32.5
48,0.0,-117.5
72,0.0,9.5
24,0.0,-160.7
48,0.0,-182.7
72,0.0,36.30000000000001
24,0.0,-123.0
48,0.0,-127.0
72,0.0,-32.0
24,0.0,-47.19999999999999
48,0.0,-74.19999999999999
72,0.0,-73.19999999999999
24,0.0,-15.700000000000003
48,0.0,-22.700000000000003
72,0.0,-97.7
24,0.0,-66.7
48,0.0,-55.7
72,0.0,-85.7
24,26.0,-49.0
48,26.0,-51.0
72,26.0,-60.0
24,0.0,0.0
48,-39.0,0.0
72,-62.0,0.0
24,0.0,32.2
48,-18.0,47.2
72,0.0,13.2
24,-43.0,202.3
48,-15.0,170.3
72,0.0,56.3
24,-27.0,259.5
48,-28.0,281.5
72,0.0,147.5
24,-11.0,243.3
48,-10.0,257.3
72,-6.0,234.3
24,0.0,207.3
48,0.0,173.3
72,0.0,44.30000000000001
24,0.0,142.0
48,0.0,101.0
72,-7.0,181.0
24,-4.0,233.3
48,-5.0,312.3
72,6.0,228.3
24,47.0,-0.8000000000000114
48,20.0,329.2
72,45.0,132.2
24,54.0,52.5
48,53.0,185.5
72,54.0,-156.5
24,90.0,22.19999999999999
48,76.0,83.19999999999999
72,86.0,-13.800000000000011
24,74.0,53.2
48,57.0,97.2
72,94.0,-26.799999999999997
24,0.0,0.0
48,0.0,0.0
72,0.0,0.0
24,0.0,7.199999999999999
48,0.0,-0.8000000000000007
72,0.0,34.2
24,0.0,-89.69999999999999
48,0.0,-33.69999999999999
72,0.0,20.30000000000001
24,0.0,-21.200000000000003
48,0.0,37.8
72,0.0,125.8
24,0.0,-30.30000000000001
48,0.0,56.69999999999999
72,0.0,36.69999999999999
24,0.0,-11.0
48,0.0,77.0
72,0.0,57.0
24,0.0,3.8000000000000114
48,0.0,22.80000000000001
72,0.0,-7.199999999999989
24,29.0,231.5
48,37.0,187.5
72,35.0,107.5
24,53.0,66.69999999999999
48,53.0,-111.30000000000001
72,53.0,153.7
24,55.0,166.3
48,57.0,-33.69999999999999
72,56.0,169.3
24,76.0,65.19999999999999
48,76.0,0.19999999999998863
72,74.0,85.19999999999999
24,76.0,-15.799999999999997
48,76.0,-63.8
72,76.0,-54.8
24,-74.0,0.0
48,-2.0,0.0
72,-8.0,0.0
24,-38.0,-7.299999999999997
48,6.0,-11.299999999999997
72,1.0,-13.299999999999997
24,1.0,35.80000000000001
48,88.0,0.8000000000000114
72,48.0,14.800000000000011
24,-14.0,122.5
48,10.0,109.5
72,63.0,-123.5
24,-12.0,80.0
48,13.0,77.0
72,81.0,-384.0
24,-12.0,38.0
48,-49.0,28.0
72,21.0,-536.0
24,59.0,48.0
48,59.0,67.0
72,59.0,-528.0
24,5.0,10.5
48,5.0,-3.5
72,5.0,-193.5
24,-3.0,46.19999999999999
48,-15.0,57.19999999999999
72,0.0,-177.8
24,9.0,-225.5
48,9.0,-263.5
72,9.0,-210.5
24,68.0,-258.5
48,23.0,-51.5
72,68.0,-161.5
24,96.0,-110.5
48,40.0,20.5
72,91.0,15.5
24,24.0,0.0
48,24.0,0.0
72,24.0,0.0
24,32.0,17.0
48,41.0,-3.0
72,41.0,-10.0
24,4.0,-22.0
48,4.0,-7.0
72,4.0,-40.0
24,0.0,-23.799999999999997
48,0.0,-52.8
72,0.0,-35.8
24,0.0,-24.0
48,0.0,-56.0
72,0.0,-54.0
24,0.0,-27.299999999999997
48,0.0,-23.299999999999997
72,0.0,-29.299999999999997
24,0.0,34.3
48,0.0,-4.700000000000003
72,0.0,6.299999999999997
24,0.0,-97.80000000000001
48,0.0,-125.80000000000001
72,0.0,-147.8
24,0.0,-90.80000000000001
48,0.0,-148.8
72,0.0,-156.8
24,0.0,-128.3
48,0.0,-162.3
72,0.0,-179.3
24,24.0,-79.69999999999999
48,24.0,-43.69999999999999
72,24.0,-109.69999999999999
24,91.0,-69.5
48,71.0,27.5
72,91.0,-68.5
24,0.0,0.0
48,0.0,0.0
72,0.0,0.0
24,0.0,-11.0
48,0.0,-6.0
72,0.0,-14.0
24,0.0,-72.8
48,0.0,-33.8
72,0.0,-74.8
24,0.0,-105.80000000000001
48,0.0,-107.80000000000001
72,0.0,-83.80000000000001
24,12.0,-100.5
48,12.0,-114.5
72,9.0,302.5
24,20.0,117.80000000000001
48,20.0,-53.19999999999999
72,18.0,191.8
24,0.0,-122.19999999999999
48,0.0,277.8
72,0.0,193.8
24,9.0,69.0
48,9.0,145.0
72,-6.0,280.0
24,-3.0,286.2
48,-35.0,294.2
72,-3.0,101.19999999999999
24,-15.0,124.0
48,-15.0,45.0
72,0.0,-174.0
24,0.0,12.800000000000011
48,-28.0,52.80000000000001
72,0.0,-7.199999999999989
24,-4.0,17.5
48,0.0,-24.5
72,-100.0,117.5
24,77.0,-47.0
48,42.0,-8.0
72,-23.0,-8.0
24,-59.0,17.19999999999999
48,-71.0,12.199999999999989
72,-78.0,22.19999999999999
24,11.0,-24.80000000000001
48,-76.0,72.19999999999999
72,-79.0,82.19999999999999
24,76.0,152.5
48,30.0,162.5
72,-3.0,180.5
24,39.0,-364.70000000000005
48,29.0,-126.70000000000005
72,-56.0,105.29999999999995
24,0.0,-378.2
48,-11.0,132.8
72,-79.0,286.8
24,-44.0,68.69999999999999
48,0.0,-36.30000000000001
72,-46.0,213.7
24,10.0,192.8
48,22.0,251.8
72,42.0,-292.2
24,-38.0,139.5
48,19.0,-47.5
72,21.0,-366.5
24,-48.0,83.30000000000001
48,25.0,-31.69999999999999
72,31.0,-199.7
24,0.0,-71.0
48,0.0,-92.0
72,0.0,-103.0
24,0.0,-49.0
48,0.0,-52.0
72,0.0,-52.0
24,0.0,-150.5
48,0.0,-149.5
72,0.0,-99.5
24,0.0,19.5
48,0.0,-277.5
72,0.0,-251.5
24,0.0,103.69999999999999
48,0.0,-352.3
72,0.0,-313.3
24,1.0,-364.0
48,1.0,-345.0
72,1.0,-175.0
24,0.0,-193.5
48,0.0,-186.5
72,0.0,-26.5
24,0.0,-120.80000000000001
48,0.0,-182.8
72,0.0,-100.80000000000001
24,-6.0,398.0
48,0.0,-183.0
72,0.0,9.0
24,0.0,-192.5
48,0.0,-191.5
72,0.0,109.5
24,0.0,-56.2
48,0.0,-92.2
72,0.0,0.7999999999999972
24,9.0,2.5
48,9.0,-30.5
72,9.0,-24.5
24,40.0,-51.0
48,40.0,-50.0
72,40.0,-36.0
24,0.0,-59.8
48,0.0,-84.8
72,0.0,-53.8
24,0.0,-161.0
48,0.0,-118.0
72,0.0,-94.0
24,5.0,-57.69999999999999
48,5.0,-105.69999999999999
72,5.0,-3.6999999999999886
24,12.0,-114.80000000000001
48,12.0,-181.8
72,12.0,99.19999999999999
24,0.0,-243.8
48,0.0,-256.8
72,0.0,33.19999999999999
24,0.0,-355.3
48,0.0,-365.3
72,0.0,-184.3
24,0.0,-94.19999999999999
48,0.0,101.80000000000001
72,-2.0,125.80000000000001
24,0.0,0.0
48,0.0,94.0
72,0.0,179.0
24,5.0,-21.19999999999999
48,-14.0,95.80000000000001
72,-7.0,110.80000000000001
24,45.0,-47.8
48,45.0,35.2
72,20.0,19.200000000000003
24,73.0,-1.7999999999999972
48,41.0,-1.7999999999999972
72,73.0,-20.799999999999997
24,-4.0,65.5
48,72.0,66.5
72,74.0,-94.5
24,43.0,100.0
48,14.0,126.0
72,98.0,-165.0
24,54.0,-81.79999999999995
48,54.0,-1.7999999999999545
72,75.0,7.2000000000000455
24,-27.0,-29.5
48,-46.0,76.5
72,0.0,75.5
24,-42.0,175.5
48,-3.0,270.5
72,-16.0,239.5
24,-31.0,238.5
48,-47.0,402.5
72,-35.0,402.5
24,0.0,-43.30000000000001
48,-47.0,326.7
72,-10.0,128.7
24,-26.0,144.7
48,-42.0,276.7
72,0.0,28.69999999999999
24,17.0,33.80000000000001
48,22.0,58.80000000000001
72,56.0,-134.2
24,-29.0,-43.19999999999999
48,-19.0,-60.19999999999999
72,0.0,-121.19999999999999
24,14.0,-5.0
48,16.0,-5.0
72,-7.0,-4.0
24,-70.0,20.5
48,-13.0,22.5
72,-95.0,26.5
24,-59.0,104.80000000000001
48,-7.0,100.80000000000001
72,-94.0,112.80000000000001
24,-37.0,108.30000000000001
48,-63.0,112.30000000000001
72,-79.0,116.30000000000001
24,1.0,20.299999999999955
48,-95.0,38.299999999999955
72,-58.0,3.2999999999999545
24,31.0,32.5
48,-11.0,36.5
72,13.0,7.5
24,20.0,-17.200000000000045
48,-35.0,3.7999999999999545
72,-33.0,-13.200000000000045
24,-26.0,-155.29999999999995
48,5.0,-237.29999999999995
72,3.0,-204.29999999999995
24,3.0,-120.0
48,32.0,-302.0
72,25.0,-136.0
24,49.0,-130.3
48,80.0,-299.3
72,75.0,-142.3
24,95.0,-118.30000000000001
48,96.0,-165.3
72,57.0,-56.30000000000001
24,0.0,-19.700000000000003
48,0.0,-19.700000000000003
72,0.0,-20.700000000000003
24,4.0,-44.0
48,-1.0,-44.0
72,10.0,-47.0
24,11.0,-47.19999999999999
48,0.0,-47.19999999999999
72,0.0,-50.19999999999999
24,7.0,-46.200000000000045
48,5.0,-47.200000000000045
72,0.0,-49.200000000000045
24,5.0,-48.5
48,0.0,-49.5
72,0.0,-51.5
24,-15.0,-55.799999999999955
48,-20.0,-56.799999999999955
72,-20.0,-57.799999999999955
24,-11.0,-42.700000000000045
48,-17.0,-42.700000000000045
72,-17.0,-44.700000000000045
24,-6.0,-25.299999999999955
48,0.0,-30.299999999999955
72,-1.0,-27.299999999999955
24,-9.0,-11.200000000000045
48,62.0,-58.200000000000045
72,-32.0,-7.2000000000000455
24,12.0,-53.5
48,87.0,-96.5
72,-3.0,-46.5
24,-7.0,-25.30000000000001
48,83.0,-56.30000000000001
72,-12.0,-24.30000000000001
24,0.0,-5.0
48,-18.0,13.0
72,-63.0,21.0
24,0.0,0.5
48,0.0,70.5
72,-2.0,80.5
24,0.0,-102.5
48,-38.0,131.5
72,-2.0,-13.5
24,0.0,-117.30000000000001
48,-45.0,233.7
72,0.0,61.69999999999999
24,0.0,-73.5
48,-38.0,240.5
72,0.0,53.5
24,-48.0,159.0
48,-22.0,78.0
72,0.0,-130.0
24,-78.0,168.5
48,-21.0,-30.5
72,0.0,-138.5
24,35.0,35.5
48,28.0,115.5
72,60.0,-72.5
24,26.0,37.69999999999999
48,28.0,61.69999999999999
72,71.0,-197.3
24,53.0,84.69999999999999
48,51.0,88.69999999999999
72,91.0,-88.30000000000001
24,68.0,32.2
48,75.0,21.200000000000003
72,80.0,-20.799999999999997
24,-100.0,-15.799999999999997
48,-84.0,-15.799999999999997
72,-100.0,-14.799999999999997
24,-41.0,-38.69999999999999
48,-46.0,-34.69999999999999
72,-45.0,-35.69999999999999
24,-42.0,-42.80000000000001
48,-47.0,-38.80000000000001
72,-47.0,-37.80000000000001
24,-63.0,-41.299999999999955
48,-63.0,-36.299999999999955
72,-63.0,-36.299999999999955
24,-100.0,-14.5
48,-100.0,-10.5
72,-100.0,-10.5
24,-24.0,14.200000000000045
48,-34.0,18.200000000000045
72,-16.0,16.200000000000045
24,-1.0,82.5
48,-12.0,83.5
72,34.0,35.5
24,1.0,21.700000000000045
48,34.0,5.7000000000000455
72,16.0,21.700000000000045
24,-12.0,-0.7000000000000455
48,-2.0,-13.700000000000045
72,-10.0,0.2999999999999545
24,-28.0,-50.69999999999999
48,-32.0,-49.69999999999999
72,-37.0,-47.69999999999999
24,3.0,-32.19999999999999
48,1.0,-31.19999999999999
72,-14.0,-29.19999999999999
24,0.0,-18.299999999999997
48,0.0,-18.299999999999997
72,0.0,-18.299999999999997
24,0.0,-43.30000000000001
48,0.0,-43.30000000000001
72,0.0,-43.30000000000001
24,0.0,-48.80000000000001
48,0.0,-48.80000000000001
72,0.0,-49.80000000000001
24,0.0,-45.700000000000045
48,0.0,-47.700000000000045
72,0.0,-47.700000000000045
24,0.0,-46.799999999999955
48,0.0,-48.799999999999955
72,0.0,-49.799999999999955
24,0.0,-62.0
48,0.0,-66.0
72,5.0,-66.0
24,0.0,-68.70000000000005
48,0.0,-72.70000000000005
72,0.0,-73.70000000000005
24,0.0,-68.20000000000005
48,0.0,-71.20000000000005
72,0.0,-72.20000000000005
24,0.0,-66.70000000000005
48,0.0,-69.70000000000005
72,0.0,-70.70000000000005
24,0.0,-60.69999999999999
48,0.0,-63.69999999999999
72,0.0,-64.69999999999999
24,-9.0,-35.19999999999999
48,-9.0,-37.19999999999999
72,-9.0,-38.19999999999999
24,33.0,-18.5
48,23.0,-18.5
72,0.0,-18.5
24,26.0,-47.80000000000001
48,9.0,-48.80000000000001
72,0.0,-49.80000000000001
24,1.0,-50.5
48,0.0,-52.5
72,0.0,-54.5
24,0.0,-42.0
48,0.0,-44.0
72,0.0,-48.0
24,0.0,-42.799999999999955
48,5.0,-45.799999999999955
72,0.0,-50.799999999999955
24,0.0,-56.5
48,0.0,-59.5
72,0.0,-65.5
24,0.0,-59.799999999999955
48,5.0,-63.799999999999955
72,0.0,-68.79999999999995
24,0.0,-54.0
48,0.0,-57.0
72,0.0,-62.0
24,0.0,-54.799999999999955
48,0.0,-57.799999999999955
72,0.0,-62.799999999999955
24,-1.0,-44.80000000000001
48,5.0,-47.80000000000001
72,-1.0,-52.80000000000001
24,0.0,-21.5
48,6.0,-24.5
72,16.0,-27.5
24,-100.0,12.8
48,-100.0,12.8
72,-100.0,11.8
24,-100.0,119.7
48,-100.0,119.7
72,-100.0,117.7
24,-100.0,259.7
48,-100.0,259.7
72,-100.0,257.7
24,-100.0,377.3
48,-100.0,379.3
72,-100.0,375.3
24,-100.0,446.0
48,-100.0,448.0
72,-100.0,443.0
24,-99.0,490.3
48,-99.0,492.3
72,-99.0,487.3
24,-88.0,439.0
48,-88.0,441.0
72,-88.0,435.0
24,-100.0,366.3
48,-100.0,370.3
72,-100.0,372.3
24,-89.0,292.5
48,-100.0,297.5
72,-100.0,300.5
24,-74.0,180.2
48,-100.0,186.2
72,-100.0,188.2
24,-100.0,79.3
48,-100.0,80.3
72,-100.0,81.3
24,0.0,-11.5
48,-84.0,9.5
72,-36.0,2.5
24,4.0,-33.5
48,-68.0,119.5
72,4.0,-1.5
24,0.0,1.7999999999999972
48,-54.0,250.8
72,0.0,6.799999999999997
24,0.0,67.19999999999999
48,-63.0,377.2
72,0.0,8.199999999999989
24,0.0,62.30000000000001
48,-78.0,384.3
72,-15.0,62.30000000000001
24,-9.0,72.19999999999999
48,-84.0,370.2
72,-4.0,-56.80000000000001
24,0.0,-122.69999999999999
48,-86.0,310.3
72,0.0,-117.69999999999999
24,0.0,-7.5
48,0.0,124.5
72,-73.0,332.5
24,-31.0,21.69999999999999
48,-32.0,196.7
72,-86.0,245.7
24,-4.0,-24.5
48,-59.0,122.5
72,-100.0,146.5
24,-12.0,-28.299999999999997
48,-65.0,28.700000000000003
72,-100.0,31.700000000000003
24,0.0,-11.7
48,0.0,-11.7
72,0.0,-13.7
24,0.0,-8.0
48,0.0,-7.0
72,0.0,-8.0
24,0.0,-8.0
48,0.0,-7.0
72,0.0,-4.0
24,0.0,6.199999999999989
48,0.0,27.19999999999999
72,0.0,-31.80000000000001
24,0.0,151.8
48,0.0,16.80000000000001
72,0.0,-59.19999999999999
24,0.0,-6.699999999999989
48,0.0,0.30000000000001137
72,0.0,-32.69999999999999
24,0.0,223.3
48,0.0,-1.6999999999999886
72,0.0,41.30000000000001
24,0.0,26.30000000000001
48,0.0,134.3
72,0.0,46.30000000000001
24,-18.0,140.7
48,0.0,-3.3000000000000114
72,0.0,-39.30000000000001
24,0.0,-3.799999999999997
48,0.0,7.200000000000003
72,0.0,-47.8
24,0.0,-52.5
48,0.0,-53.5
72,0.0,-62.5
24,0.0,-15.2
48,0.0,-15.2
72,0.0,-16.2
24,0.0,-36.0
48,0.0,-29.0
72,0.0,-40.0
24,0.0,-23.200000000000003
48,0.0,-27.200000000000003
72,0.0,-41.2
24,0.0,-4.300000000000001
48,0.0,6.699999999999999
72,0.0,-16.3
24,0.0,-29.799999999999997
48,0.0,-9.799999999999997
72,0.0,-28.799999999999997
24,0.0,-87.3
48,0.0,22.700000000000003
72,0.0,-43.3
24,5.0,-60.5
48,0.0,229.5
72,5.0,55.5
24,0.0,-48.0
48,0.0,-11.0
72,0.0,33.0
24,0.0,42.69999999999999
48,0.0,-22.30000000000001
72,0.0,-65.30000000000001
24,0.0,-3.8000000000000114
48,0.0,-49.80000000000001
72,0.0,-79.80000000000001
24,-7.0,7.200000000000003
48,0.0,0.20000000000000284
72,0.0,-3.799999999999997
24,0.0,-12.3
48,0.0,-14.3
72,0.0,-14.3
24,6.0,-39.5
48,-7.0,35.5
72,6.0,-4.5
24,0.0,0.7999999999999972
48,0.0,45.8
72,-6.0,194.8
24,9.0,24.0
48,9.0,38.0
72,-3.0,263.0
24,12.0,52.19999999999999
48,12.0,190.2
72,12.0,234.2
24,0.0,32.30000000000001
48,-5.0,223.3
72,0.0,265.3
24,0.0,-126.19999999999999
48,-16.0,303.8
72,-22.0,335.8
24,2.0,-273.2
48,2.0,-268.2
72,-9.0,83.80000000000001
24,0.0,-175.8
48,0.0,-155.8
72,-58.0,167.2
24,0.0,-12.700000000000003
48,0.0,-61.7
72,-56.0,209.3
24,0.0,-40.5
48,0.0,-22.5
72,-22.0,40.5
24,0.0,-0.6999999999999993
48,0.0,4.300000000000001
72,0.0,-1.6999999999999993
24,0.0,26.299999999999997
48,0.0,8.299999999999997
72,0.0,-27.700000000000003
24,0.0,103.3
48,0.0,122.3
72,0.0,-4.700000000000003
24,0.0,-48.19999999999999
48,-14.0,174.8
72,0.0,-72.19999999999999
24,0.0,55.5
48,0.0,169.5
72,0.0,53.5
24,0.0,127.19999999999999
48,0.0,38.19999999999999
72,0.0,64.19999999999999
24,0.0,-56.5
48,0.0,5.5
72,-28.0,448.5
24,0.0,-75.0
48,0.0,-7.0
72,0.0,269.0
24,0.0,-68.30000000000001
48,0.0,-6.300000000000011
72,0.0,52.69999999999999
24,0.0,-96.0
48,0.0,-24.0
72,0.0,-46.0
24,0.0,-23.0
48,0.0,5.0
72,0.0,-17.0
24,4.0,-3.0
48,5.0,-7.0
72,5.0,0.0
24,1.0,20.200000000000003
48,1.0,-57.8
72,1.0,-80.8
24,18.0,125.19999999999999
48,34.0,95.19999999999999
72,34.0,-172.8
24,61.0,208.3
48,57.0,137.3
72,61.0,-106.69999999999999
24,-16.0,207.3
48,0.0,-52.69999999999999
72,0.0,-189.7
24,-7.0,118.30000000000001
48,0.0,-233.7
72,0.0,-325.7
24,0.0,-123.80000000000001
48,0.0,-281.8
72,0.0,-142.8
24,0.0,-194.0
48,0.0,-250.0
72,-35.0,129.0
24,0.0,-197.3
48,0.0,-73.30000000000001
72,-21.0,121.69999999999999
24,31.0,-104.30000000000001
48,-18.0,101.69999999999999
72,27.0,46.69999999999999
24,10.0,-46.3
48,-48.0,32.7
72,10.0,-31.299999999999997
24,0.0,-3.2
48,0.0,-4.2
72,0.0,-4.2
24,0.0,-20.8
48,0.0,-17.8
72,0.0,-22.8
24,0.0,-33.2
48,0.0,-25.200000000000003
72,0.0,-36.2
24,0.0,-41.7
48,0.0,-10.700000000000003
72,0.0,-40.7
24,0.0,-14.200000000000003
48,0.0,-6.200000000000003
72,0.0,-19.200000000000003
24,0.0,-36.8
48,0.0,-30.799999999999997
72,0.0,-36.8
24,0.0,-64.2
48,0.0,-48.2
72,0.0,-59.2
24,0.0,-51.8
48,0.0,-48.8
72,0.0,-26.799999999999997
24,0.0,-69.5
48,0.0,-73.5
72,0.0,-66.5
24,0.0,-17.5
48,0.0,-17.5
72,0.0,-12.5
24,0.0,-29.7
48,0.0,-28.7
72,0.0,-26.7
24,0.0,-10.0
48,0.0,-11.0
72,0.0,-10.0
24,0.0,-50.3
48,0.0,-53.3
72,0.0,-53.3
24,0.0,-82.7
48,0.0,-91.7
72,0.0,-85.7
24,0.0,-80.8
48,0.0,-88.8
72,0.0,-65.8
24,0.0,-106.30000000000001
48,0.0,-152.3
72,0.0,-115.30000000000001
24,0.0,-164.8
48,0.0,-177.8
72,0.0,-158.8
24,0.0,-135.7
48,0.0,-137.7
72,0.0,-137.7
24,0.0,-23.30000000000001
48,0.0,-103.30000000000001
72,0.0,-106.30000000000001
24,0.0,-121.30000000000001
48,0.0,-156.3
72,0.0,-157.3
24,0.0,-76.5
48,0.0,-88.5
72,0.0,-87.5
24,0.0,-26.5
48,0.0,-38.5
72,0.0,-36.5
24,0.0,-17.5
48,0.0,-19.5
72,0.0,-19.5
24,1.0,-62.8
48,1.0,-59.8
72,1.0,-60.8
24,0.0,-140.7
48,0.0,-146.7
72,0.0,-146.7
24,0.0,-318.8
48,0.0,-325.8
72,0.0,-325.8
24,0.0,-111.80000000000001
48,0.0,-117.80000000000001
72,0.0,-115.80000000000001
24,0.0,-199.7
48,0.0,-177.7
72,0.0,-198.7
24,1.0,-180.5
48,1.0,-186.5
72,1.0,-130.5
24,0.0,-187.8
48,0.0,-228.8
72,0.0,-225.8
24,0.0,-119.69999999999999
48,0.0,-133.7
72,0.0,-139.7
24,0.0,-69.7
48,0.0,-96.7
72,0.0,-89.7
24,0.0,-34.8
48,0.0,-40.8
72,0.0,-38.8
24,0.0,-9.3
48,0.0,-7.300000000000001
72,0.0,-8.3
24,0.0,-78.8
48,0.0,-72.8
72,0.0,-78.8
24,0.0,-93.0
48,0.0,-94.0
72,0.0,-90.0
24,0.0,-96.80000000000001
48,0.0,-76.80000000000001
72,0.0,-73.80000000000001
24,0.0,-116.19999999999999
48,0.0,-95.19999999999999
72,0.0,-109.19999999999999
24,0.0,-104.19999999999999
48,0.0,-95.19999999999999
72,0.0,-0.19999999999998863
24,0.0,-141.2
48,0.0,-85.19999999999999
72,0.0,-76.19999999999999
24,1.0,-171.2
48,1.0,-144.2
72,1.0,-18.19999999999999
24,0.0,-208.7
48,0.0,-114.69999999999999
72,0.0,71.30000000000001
24,0.0,-156.0
48,0.0,-3.0
72,0.0,79.0
24,0.0,-43.8
48,-7.0,39.2
72,0.0,30.200000000000003
24,-20.0,8.8
48,-14.0,8.8
72,-20.0,8.8
24,-20.0,-45.0
48,-20.0,-46.0
72,-20.0,-46.0
24,-7.0,-46.69999999999999
48,-7.0,-47.69999999999999
72,-7.0,-46.69999999999999
24,-1.0,-42.799999999999955
48,-1.0,-43.799999999999955
72,-1.0,-42.799999999999955
24,-2.0,-32.299999999999955
48,-2.0,-31.299999999999955
72,-2.0,-32.299999999999955
24,-64.0,-30.200000000000045
48,-64.0,-29.200000000000045
72,-60.0,-34.200000000000045
24,-27.0,-40.299999999999955
48,-27.0,-40.299999999999955
72,-27.0,-45.299999999999955
24,-32.0,-69.5
48,-32.0,-68.5
72,-31.0,-70.5
24,-25.0,-73.79999999999995
48,-25.0,-73.79999999999995
72,-25.0,-75.79999999999995
24,-4.0,-62.0
48,-4.0,-63.0
72,13.0,-66.0
24,7.0,-24.69999999999999
48,36.0,-26.69999999999999
72,17.0,-25.69999999999999
24,0.0,-10.299999999999997
48,0.0,-10.299999999999997
72,5.0,-10.299999999999997
24,-1.0,-43.5
48,-1.0,-45.5
72,4.0,-44.5
24,-1.0,-51.30000000000001
48,-1.0,-51.30000000000001
72,4.0,-52.30000000000001
24,0.0,-45.799999999999955
48,0.0,-45.799999999999955
72,5.0,-45.799999999999955
24,0.0,-28.299999999999955
48,0.0,-30.299999999999955
72,5.0,-28.299999999999955
24,-9.0,94.20000000000005
48,-9.0,91.20000000000005
72,-4.0,94.20000000000005
24,-13.0,22.799999999999955
48,-13.0,19.799999999999955
72,-7.0,21.799999999999955
24,-49.0,-65.0
48,-49.0,-68.0
72,-49.0,-63.0
24,-26.0,-74.0
48,-26.0,-75.0
72,-26.0,-71.0
24,-2.0,-61.69999999999999
48,-2.0,-63.69999999999999
72,-2.0,-59.69999999999999
24,-2.0,2.299999999999997
48,5.0,0.29999999999999716
72,-2.0,2.299999999999997
24,0.0,-9.0
48,0.0,-9.0
72,0.0,-9.0
24,0.0,-40.69999999999999
48,0.0,-40.69999999999999
72,0.0,-42.69999999999999
24,0.0,-39.80000000000001
48,0.0,-38.80000000000001
72,5.0,-41.80000000000001
24,0.0,-40.700000000000045
48,0.0,-37.700000000000045
72,5.0,-41.700000000000045
24,-2.0,-30.200000000000045
48,-2.0,-28.200000000000045
72,3.0,-31.200000000000045
24,-100.0,26.700000000000045
48,-100.0,28.700000000000045
72,-93.0,25.700000000000045
24,-87.0,18.799999999999955
48,-90.0,20.799999999999955
72,-74.0,17.799999999999955
24,-24.0,-41.0
48,-31.0,-37.0
72,-15.0,-41.0
24,-23.0,-65.20000000000005
48,-42.0,-61.200000000000045
72,-6.0,-108.20000000000005
24,98.0,-86.30000000000001
48,26.0,-43.30000000000001
72,98.0,-84.30000000000001
24,14.0,-41.0
48,-40.0,-24.0
72,14.0,-38.0
24,40.0,-10.2
48,40.0,-17.2
72,40.0,-3.1999999999999993
24,4.0,-95.80000000000001
48,4.0,-54.80000000000001
72,4.0,-110.80000000000001
24,49.0,-87.69999999999999
48,48.0,-12.699999999999989
72,49.0,-118.69999999999999
24,0.0,-193.0
48,0.0,-227.0
72,0.0,-359.0
24,1.0,-551.3
48,1.0,-415.29999999999995
72,1.0,-249.29999999999995
24,0.0,-498.70000000000005
48,-11.0,76.29999999999995
72,-26.0,-88.70000000000005
24,0.0,-320.3
48,-15.0,246.7
72,0.0,-152.3
24,0.0,-186.7
48,0.0,-159.7
72,0.0,-148.7
24,0.0,112.69999999999999
48,-1.0,85.69999999999999
72,0.0,-102.30000000000001
24,2.0,-92.0
48,2.0,-161.0
72,2.0,-182.0
24,0.0,-79.0
48,0.0,-89.0
72,0.0,-90.0
24,0.0,-5.800000000000001
48,0.0,-4.800000000000001
72,-93.0,11.2
24,0.0,-42.8
48,0.0,-39.8
72,0.0,-14.799999999999997
24,2.0,-48.3
48,2.0,22.700000000000003
72,-7.0,96.7
24,0.0,-86.80000000000001
48,-93.0,296.2
72,-30.0,249.2
24,-1.0,78.0
48,-86.0,317.0
72,-93.0,293.0
24,-8.0,275.8
48,-74.0,345.8
72,-93.0,344.8
24,-5.0,-6.199999999999989
48,-83.0,253.8
72,-63.0,250.8
24,12.0,95.0
48,-15.0,199.0
72,-61.0,343.0
24,-31.0,120.69999999999999
48,1.0,-23.30000000000001
72,-51.0,202.7
24,-12.0,45.5
48,2.0,-77.5
72,2.0,-6.5
24,8.0,-16.799999999999997
48,30.0,-48.8
72,30.0,-60.8
24,-16.0,-5.5
48,78.0,-7.5
72,54.0,-5.5
24,5.0,2.0
48,97.0,-24.0
72,100.0,-26.0
24,10.0,64.30000000000001
48,73.0,11.300000000000011
72,100.0,1.3000000000000114
24,6.0,87.69999999999999
48,78.0,42.69999999999999
72,100.0,-51.30000000000001
24,7.0,112.29999999999995
48,100.0,49.299999999999955
72,100.0,50.299999999999955
24,6.0,59.200000000000045
48,60.0,42.200000000000045
72,100.0,-104.79999999999995
24,67.0,10.799999999999955
48,72.0,-4.2000000000000455
72,92.0,-93.20000000000005
24,-9.0,-27.299999999999955
48,0.0,-85.29999999999995
72,0.0,-253.29999999999995
24,0.0,36.0
48,-2.0,-26.0
72,0.0,-171.0
24,0.0,55.0
48,0.0,-25.0
72,0.0,-54.0
24,0.0,3.0
48,0.0,-46.0
72,0.0,-21.0
24,0.0,-6.300000000000001
48,0.0,-6.300000000000001
72,0.0,-6.300000000000001
24,0.0,-30.0
48,0.0,-31.0
72,0.0,-31.0
24,0.0,-30.80000000000001
48,0.0,-33.80000000000001
72,0.0,-33.80000000000001
24,0.0,-22.299999999999955
48,0.0,-25.299999999999955
72,0.0,-25.299999999999955
24,0.0,-20.799999999999955
48,0.0,-24.799999999999955
72,0.0,-23.799999999999955
24,0.0,-35.200000000000045
48,0.0,-38.200000000000045
72,0.0,-37.200000000000045
24,0.0,-45.299999999999955
48,0.0,-48.299999999999955
72,0.0,-47.299999999999955
24,0.0,-52.700000000000045
48,0.0,-54.700000000000045
72,0.0,-55.700000000000045
24,0.0,-50.799999999999955
48,0.0,-53.799999999999955
72,0.0,-53.799999999999955
24,0.0,-38.69999999999999
48,0.0,-41.69999999999999
72,0.0,-40.69999999999999
24,0.0,-6.0
48,0.0,-7.0
72,0.0,-7.0
24,97.0,-6.699999999999999
48,97.0,-7.699999999999999
72,58.0,-6.699999999999999
24,37.0,-43.19999999999999
48,95.0,-104.19999999999999
72,44.0,-44.19999999999999
24,-1.0,-41.0
48,89.0,-95.0
72,0.0,-45.0
24,27.0,-42.700000000000045
48,-1.0,-44.700000000000045
72,84.0,-71.70000000000005
24,-2.0,-32.799999999999955
48,58.0,-45.799999999999955
72,0.0,-36.799999999999955
24,63.0,-117.5
48,67.0,-130.5
72,67.0,-146.5
24,0.0,-157.5
48,0.0,-184.5
72,0.0,-191.5
24,0.0,-110.79999999999995
48,0.0,-100.79999999999995
72,0.0,-139.79999999999995
24,0.0,15.300000000000011
48,0.0,14.300000000000011
72,0.0,-66.69999999999999
24,0.0,16.80000000000001
48,0.0,39.80000000000001
72,0.0,-34.19999999999999
24,0.0,-7.700000000000003
48,0.0,2.299999999999997
72,0.0,-9.700000000000003
24,0.0,-8.7
48,0.0,-7.699999999999999
72,0.0,-8.7
24,0.0,4.299999999999997
48,0.0,22.299999999999997
72,0.0,24.299999999999997
24,0.0,-28.200000000000003
48,0.0,-9.200000000000003
72,0.0,70.8
24,0.0,40.19999999999999
48,0.0,-1.8000000000000114
72,0.0,257.2
24,0.0,81.69999999999999
48,0.0,-70.30000000000001
72,0.0,401.7
24,0.0,-152.8
48,0.0,-196.8
72,0.0,281.2
24,0.0,-213.2
48,0.0,-190.2
72,0.0,229.8
24,0.0,-223.8
48,0.0,8.199999999999989
72,0.0,-182.8
24,0.0,-76.4
48,0.0,38.599999999999994
72,0.0,-35.400000000000006
24,0.0,-120.9
48,0.0,-78.9
72,0.0,-97.9
24,0.0,-45.8
48,0.0,-22.799999999999997
72,0.0,-36.8
24,0.0,-10.2
48,-94.0,-1.1999999999999993
72,-94.0,-1.1999999999999993
24,4.0,42.8
48,-49.0,74.8
72,51.0,-30.200000000000003
24,37.0,123.30000000000001
48,-13.0,181.3
72,87.0,-70.69999999999999
24,45.0,30.69999999999999
48,-37.0,184.7
72,63.0,-152.3
24,58.0,-306.3
48,-42.0,96.69999999999999
72,-11.0,79.69999999999999
24,8.0,-51.200000000000045
48,-61.0,140.79999999999995
72,39.0,-239.20000000000005
24,0.0,-256.29999999999995
48,-76.0,48.700000000000045
72,0.0,-336.29999999999995
24,-2.0,-232.70000000000005
48,-11.0,-268.70000000000005
72,-77.0,-15.700000000000045
24,0.0,-211.8
48,0.0,-219.8
72,-31.0,-22.80000000000001
24,0.0,-13.0
48,0.0,-131.0
72,0.0,-54.0
24,0.0,-11.5
48,0.0,-32.5
72,0.0,-22.5
24,87.0,-5.0
48,87.0,-8.0
72,87.0,-4.0
24,0.0,-41.0
48,0.0,-39.0
72,0.0,-23.0
24,0.0,-82.5
48,0.0,-0.5
72,-17.0,29.5
24,86.0,-122.29999999999995
48,86.0,-138.29999999999995
72,86.0,-232.29999999999995
24,51.0,-263.20000000000005
48,51.0,-156.20000000000005
72,51.0,-265.20000000000005
24,45.0,-63.0
48,45.0,-41.0
72,45.0,-63.0
24,0.0,94.0
48,0.0,201.0
72,0.0,33.0
24,0.0,-96.0
48,0.0,51.0
72,0.0,-124.0
24,0.0,-131.2
48,0.0,-82.19999999999999
72,0.0,-113.19999999999999
24,0.0,-96.0
48,0.0,-74.0
72,0.0,-22.0
24,0.0,-71.5
48,0.0,-49.5
72,0.0,-68.5
24,40.0,-7.699999999999999
48,-53.0,-4.699999999999999
72,40.0,-6.699999999999999
24,95.0,-55.69999999999999
48,0.0,-38.69999999999999
72,-5.0,-34.69999999999999
24,100.0,-128.8
48,100.0,-100.80000000000001
72,100.0,-111.80000000000001
24,100.0,-124.0
48,100.0,-110.0
72,100.0,-117.0
24,99.0,-117.79999999999995
48,99.0,-102.79999999999995
72,99.0,-107.79999999999995
24,5.0,-146.29999999999995
48,5.0,-73.29999999999995
72,5.0,-175.29999999999995
24,3.0,-210.79999999999995
48,-91.0,-40.799999999999955
72,3.0,-130.79999999999995
24,0.0,-204.0
48,-89.0,-33.0
72,0.0,-81.0
24,0.0,1.1999999999999886
48,0.0,52.19999999999999
72,0.0,34.19999999999999
24,-93.0,42.30000000000001
48,0.0,24.30000000000001
72,0.0,18.30000000000001
24,6.0,-9.299999999999997
48,6.0,15.700000000000003
72,6.0,25.700000000000003
24,55.0,-5.199999999999999
48,21.0,-4.199999999999999
72,55.0,-5.199999999999999
24,0.0,-52.0
48,0.0,-65.0
72,0.0,-81.0
24,-94.0,-20.19999999999999
48,6.0,-61.19999999999999
72,6.0,-80.19999999999999
24,-91.0,-28.5
48,4.0,-115.5
72,4.0,-104.5
24,1.0,-56.700000000000045
48,1.0,-70.70000000000005
72,1.0,-32.700000000000045
24,0.0,-71.5
48,0.0,-58.5
72,0.0,-51.5
24,0.0,-59.5
48,0.0,-46.5
72,0.0,-28.5
24,-64.0,-22.0
48,0.0,-72.0
72,-3.0,-37.0
24,40.0,-63.19999999999999
48,40.0,-23.19999999999999
72,40.0,-22.19999999999999
24,7.0,-34.0
48,7.0,-25.0
72,-35.0,0.0
24,1.0,-22.200000000000003
48,-23.0,-22.200000000000003
72,-88.0,-17.200000000000003
24,0.0,-0.3000000000000007
48,0.0,-3.3000000000000007
72,0.0,-5.300000000000001
24,0.0,44.8
48,0.0,0.7999999999999972
72,0.0,-36.2
24,-95.0,154.0
48,0.0,-26.0
72,0.0,-57.0
24,-90.0,107.30000000000001
48,0.0,-19.69999999999999
72,0.0,-190.7
24,1.0,-72.5
48,1.0,-46.5
72,1.0,-430.5
24,-80.0,-9.5
48,-16.0,-21.5
72,8.0,-269.5
24,2.0,87.70000000000005
48,-62.0,124.70000000000005
72,4.0,-171.29999999999995
24,31.0,-35.799999999999955
48,31.0,10.200000000000045
72,31.0,-108.79999999999995
24,4.0,105.69999999999999
48,-64.0,164.7
72,4.0,-28.30000000000001
24,5.0,27.69999999999999
48,-85.0,58.69999999999999
72,5.0,-47.30000000000001
24,-39.0,20.299999999999997
48,-98.0,22.299999999999997
72,2.0,8.299999999999997
24,0.0,-5.5
48,0.0,-4.5
72,5.0,-5.5
24,0.0,-52.19999999999999
48,0.0,-57.19999999999999
72,5.0,-62.19999999999999
24,0.0,-72.30000000000001
48,0.0,-85.30000000000001
72,0.0,-93.30000000000001
24,0.0,-68.5
48,0.0,-87.5
72,0.0,-97.5
24,0.0,-64.29999999999995
48,0.0,-89.29999999999995
72,0.0,-97.29999999999995
24,0.0,-75.0
48,16.0,-106.0
72,74.0,-289.0
24,0.0,-72.20000000000005
48,96.0,-226.20000000000005
72,100.0,-527.2
24,0.0,-75.0
48,46.0,-166.0
72,100.0,-381.0
24,0.0,-72.69999999999999
48,74.0,-214.7
72,100.0,-363.7
24,0.0,-64.30000000000001
48,94.0,-182.3
72,86.0,-155.3
24,-1.0,-19.799999999999997
48,24.0,-22.799999999999997
72,44.0,-27.799999999999997
24,42.0,-0.2999999999999998
48,42.0,-4.3
72,42.0,-4.3
24,0.0,33.5
48,0.0,-48.5
72,0.0,-48.5
24,0.0,136.8
48,0.0,-24.200000000000003
72,0.0,-30.200000000000003
24,0.0,28.799999999999997
48,0.0,-46.2
72,0.0,-55.2
24,0.0,71.7
48,0.0,-19.299999999999997
72,0.0,-26.299999999999997
24,0.0,-8.799999999999997
48,0.0,-33.8
72,0.0,-60.8
24,0.0,-73.3
48,0.0,-79.3
72,0.0,-54.3
24,0.0,-153.7
48,0.0,-169.7
72,0.0,-149.7
24,0.0,-164.0
48,0.0,-167.0
72,0.0,-166.0
24,0.0,-64.8
48,0.0,-62.8
72,0.0,-69.8
24,0.0,-42.5
48,0.0,-41.5
72,0.0,-40.5
24,0.0,-3.7
48,0.0,-3.7
72,0.0,-3.7
24,0.0,-49.8
48,0.0,-50.8
72,0.0,-46.8
24,0.0,-50.2
48,0.0,-31.200000000000003
72,0.0,-51.2
24,0.0,-51.7
48,0.0,-58.7
72,0.0,-62.7
24,0.0,-65.7
48,0.0,-72.7
72,0.0,-70.7
24,0.0,-75.0
48,0.0,-79.0
72,0.0,-74.0
24,0.0,-8.299999999999997
48,0.0,-30.299999999999997
72,0.0,-27.299999999999997
24,0.0,-83.0
48,0.0,-79.0
72,0.0,-80.0
24,0.0,-67.2
48,0.0,-70.2
72,0.0,-70.2
24,0.0,-87.5
48,0.0,-87.5
72,0.0,-79.5
24,0.0,-13.7
48,0.0,-14.7
72,0.0,-13.7
24,0.0,0.19999999999999996
48,0.0,0.19999999999999996
72,0.0,-0.8
24,0.0,-52.3
48,0.0,-60.3
72,0.0,-67.3
24,0.0,-68.5
48,0.0,-92.5
72,0.0,-122.5
24,0.0,-14.0
48,-2.0,39.0
72,0.0,-85.0
24,0.0,-65.0
48,0.0,94.0
72,0.0,-114.0
24,0.0,-8.299999999999997
48,0.0,35.7
72,0.0,-59.3
24,0.0,-39.5
48,0.0,-20.5
72,0.0,-109.5
24,0.0,-130.2
48,0.0,-55.19999999999999
72,0.0,-163.2
24,0.0,-17.700000000000003
48,0.0,-10.700000000000003
72,0.0,-57.7
24,0.0,-61.5
48,0.0,-67.5
72,0.0,-77.5
24,0.0,-14.5
48,0.0,-19.5
72,0.0,-19.5
24,0.0,-0.2999999999999998
48,0.0,-1.2999999999999998
72,0.0,-1.2999999999999998
24,0.0,-17.3
48,0.0,-15.3
72,0.0,-13.3
24,0.0,-26.200000000000003
48,0.0,-47.2
72,0.0,-51.2
24,0.0,-1.0
48,0.0,-65.0
72,0.0,-65.0
24,0.0,-60.19999999999999
48,0.0,-41.19999999999999
72,0.0,-80.19999999999999
24,0.0,-34.7
48,0.0,-12.700000000000003
72,0.0,-62.7
24,0.0,-39.3
48,0.0,-44.3
72,0.0,-75.3
24,0.0,-64.0
48,-13.0,271.0
72,0.0,-95.0
24,0.0,-51.7
48,0.0,125.3
72,0.0,-88.7
24,0.0,-38.0
48,0.0,46.0
72,0.0,-67.0
24,0.0,-27.200000000000003
48,0.0,-19.200000000000003
72,0.0,-34.2
24,0.0,-2.3000000000000007
48,89.0,-2.3000000000000007
72,7.0,-2.3000000000000007
24,6.0,-45.0
48,100.0,-57.0
72,11.0,-43.0
24,6.0,-64.80000000000001
48,11.0,-61.80000000000001
72,7.0,-59.80000000000001
24,11.0,-72.20000000000005
48,7.0,-64.20000000000005
72,59.0,-135.20000000000005
24,6.0,-75.0
48,5.0,-64.0
72,90.0,-148.0
24,84.0,-71.5
48,12.0,-60.5
72,7.0,-60.5
24,60.0,-99.70000000000005
48,12.0,-71.70000000000005
72,100.0,-497.70000000000005
24,2.0,-68.29999999999995
48,6.0,-67.29999999999995
72,12.0,-67.29999999999995
24,12.0,-51.39999999999998
48,11.0,-50.39999999999998
72,14.0,-51.39999999999998
24,-88.0,-27.30000000000001
48,-90.0,-28.30000000000001
72,-82.0,-38.30000000000001
24,-88.0,7.0
48,-38.0,-5.0
72,0.0,-26.0
24,3.0,-6.199999999999999
48,-3.0,-4.199999999999999
72,3.0,-7.199999999999999
24,14.0,-62.19999999999999
48,51.0,-141.2
72,51.0,-131.2
24,25.0,-67.0
48,100.0,-343.0
72,100.0,-343.0
24,66.0,-81.79999999999995
48,66.0,-462.79999999999995
72,66.0,-312.79999999999995
24,-68.0,-29.299999999999955
48,5.0,-545.3
72,5.0,-321.29999999999995
24,-7.0,17.200000000000045
48,13.0,-522.8
72,0.0,-155.79999999999995
24,-19.0,1.2999999999999545
48,55.0,-403.70000000000005
72,55.0,-224.70000000000005
24,90.0,-39.299999999999955
48,-3.0,-16.299999999999955
72,90.0,-175.29999999999995
24,98.0,-62.60000000000002
48,69.0,-68.60000000000002
72,39.0,-45.60000000000002
24,49.0,-56.80000000000001
48,52.0,-62.80000000000001
72,8.0,-54.80000000000001
24,-1.0,2.299999999999997
48,20.0,1.2999999999999972
72,71.0,-1.7000000000000028
24,45.0,-2.5
48,84.0,-2.5
72,78.0,-2.5
24,-2.0,-46.0
48,98.0,-57.0
72,76.0,-48.0
24,5.0,-68.69999999999999
48,0.0,-72.69999999999999
72,0.0,-71.69999999999999
24,-4.0,-64.0
48,-4.0,-67.0
72,2.0,-80.0
24,-21.0,-62.700000000000045
48,-21.0,-62.700000000000045
72,-26.0,-87.70000000000005
24,-13.0,-63.299999999999955
48,-13.0,-64.29999999999995
72,87.0,-277.29999999999995
24,-9.0,-74.79999999999995
48,91.0,-216.79999999999995
72,-9.0,-81.79999999999995
24,-3.0,-71.79999999999995
48,-3.0,-72.79999999999995
72,97.0,-114.79999999999995
24,-2.0,-65.89999999999998
48,-2.0,-66.89999999999998
72,98.0,-164.89999999999998
24,-2.0,-47.0
48,-2.0,-48.0
72,8.0,-55.0
24,0.0,-7.200000000000003
48,0.0,-7.200000000000003
72,100.0,-30.200000000000003
24,-8.0,-1.7999999999999998
48,-8.0,-1.7999999999999998
72,-8.0,-1.7999999999999998
24,6.0,-45.0
48,0.0,-46.0
72,0.0,-48.0
24,5.0,-64.5
48,0.0,-64.5
72,0.0,-68.5
24,5.0,-65.70000000000005
48,0.0,-64.70000000000005
72,0.0,-69.70000000000005
24,-34.0,-63.5
48,-34.0,-61.5
72,-34.0,-65.5
24,-79.0,-65.70000000000005
48,-79.0,-64.70000000000005
72,-79.0,-67.70000000000005
24,6.0,-66.29999999999995
48,0.0,-63.299999999999955
72,0.0,-67.29999999999995
24,10.0,-57.299999999999955
48,4.0,-59.299999999999955
72,-1.0,-61.299999999999955
24,6.0,-48.10000000000002
48,6.0,-50.10000000000002
72,0.0,-50.10000000000002
24,5.0,-33.5
48,4.0,-34.5
72,-1.0,-34.5
24,6.0,0.0
48,5.0,0.0
72,0.0,0.0
24,6.0,0.20000000000000018
48,0.0,0.20000000000000018
72,0.0,0.20000000000000018
24,-28.0,-40.30000000000001
48,-28.0,-39.30000000000001
72,-28.0,-40.30000000000001
24,-1.0,-55.30000000000001
48,-1.0,-55.30000000000001
72,4.0,-55.30000000000001
24,-3.0,-41.0
48,-3.0,-39.0
72,-3.0,-41.0
24,0.0,-35.200000000000045
48,0.0,-33.200000000000045
72,0.0,-35.200000000000045
24,0.0,-59.700000000000045
48,0.0,-57.700000000000045
72,0.0,-57.700000000000045
24,0.0,-63.299999999999955
48,0.0,-60.299999999999955
72,0.0,-62.299999999999955
24,0.0,-61.799999999999955
48,0.0,-57.799999999999955
72,0.0,-61.799999999999955
24,0.0,-54.69999999999999
48,0.0,-50.69999999999999
72,0.0,-52.69999999999999
24,0.0,-27.5
48,0.0,-25.5
72,0.0,-26.5
24,0.0,-5.0
48,0.0,-4.0
72,0.0,-4.0
24,8.0,-0.7999999999999998
48,8.0,-0.7999999999999998
72,6.0,-0.7999999999999998
24,5.0,-43.0
48,7.0,-47.0
72,7.0,-45.0
24,6.0,-61.30000000000001
48,6.0,-69.30000000000001
72,7.0,-66.30000000000001
24,5.0,-65.79999999999995
48,6.0,-74.79999999999995
72,7.0,-70.79999999999995
24,0.0,-65.29999999999995
48,6.0,-75.29999999999995
72,7.0,-70.29999999999995
24,0.0,-67.79999999999995
48,7.0,-76.79999999999995
72,7.0,-70.79999999999995
24,0.0,-69.79999999999995
48,7.0,-77.79999999999995
72,6.0,-71.79999999999995
24,0.0,-68.70000000000005
48,6.0,-75.70000000000005
72,7.0,-75.70000000000005
24,0.0,-65.30000000000001
48,7.0,-71.30000000000001
72,7.0,-71.30000000000001
24,4.0,-44.19999999999999
48,6.0,-48.19999999999999
72,6.0,-48.19999999999999
24,-2.0,-11.0
48,5.0,-13.0
72,5.0,-13.0
24,8.0,-0.20000000000000018
48,6.0,-0.20000000000000018
72,6.0,-0.20000000000000018
24,0.0,-42.5
48,7.0,-44.5
72,0.0,-43.5
24,0.0,-62.30000000000001
48,7.0,-64.30000000000001
72,0.0,-63.30000000000001
24,0.0,-65.30000000000001
48,11.0,-68.30000000000001
72,0.0,-65.30000000000001
24,0.0,-64.79999999999995
48,0.0,-68.79999999999995
72,0.0,-64.79999999999995
24,0.0,-69.5
48,0.0,-73.5
72,0.0,-69.5
24,0.0,-73.0
48,0.0,-76.0
72,0.0,-72.0
24,0.0,-74.0
48,0.0,-75.0
72,0.0,-75.0
24,0.0,-68.80000000000001
48,0.0,-68.80000000000001
72,0.0,-68.80000000000001
24,5.0,-47.5
48,0.0,-47.5
72,0.0,-46.5
24,5.0,-9.0
48,0.0,-9.0
72,0.0,-9.0
24,0.0,-0.7
48,0.0,-0.7
72,0.0,0.30000000000000004
24,0.0,-33.2
48,0.0,-34.2
72,0.0,-33.2
24,0.0,-64.8
48,0.0,-63.8
72,0.0,-49.8
24,0.0,-56.3
48,0.0,-60.3
72,0.0,-47.3
24,0.0,-53.7
48,0.0,-57.7
72,0.0,-48.7
24,0.0,-74.0
48,0.0,-85.0
72,0.0,-89.0
24,0.0,-38.8
48,0.0,-47.8
72,0.0,-71.8
24,0.0,-46.8
48,0.0,-50.8
72,0.0,-65.8
24,0.0,-53.0
48,0.0,-54.0
72,0.0,-70.0
24,0.0,-38.2
48,0.0,-32.2
72,0.0,-29.200000000000003
24,0.0,-15.8
48,0.0,-17.8
72,0.0,-18.8
24,0.0,0.20000000000000018
48,0.0,0.20000000000000018
72,6.0,0.20000000000000018
24,0.0,-37.0
48,0.0,-36.0
72,10.0,-41.0
24,0.0,-68.0
48,0.0,-66.0
72,5.0,-75.0
24,6.0,-68.5
48,5.0,-66.5
72,0.0,-75.5
24,6.0,-64.29999999999995
48,0.0,-65.29999999999995
72,0.0,-71.29999999999995
24,8.0,-82.29999999999995
48,0.0,-74.29999999999995
72,0.0,-80.29999999999995
24,6.0,-75.29999999999995
48,5.0,-74.29999999999995
72,0.0,-77.29999999999995
24,0.0,-68.20000000000005
48,0.0,-60.200000000000045
72,0.0,-64.20000000000005
24,0.0,-64.69999999999999
48,0.0,-59.69999999999999
72,0.0,-62.69999999999999
24,0.0,-47.80000000000001
48,0.0,-46.80000000000001
72,0.0,-47.80000000000001
24,0.0,-7.299999999999997
48,0.0,-7.299999999999997
72,0.0,-8.299999999999997
24,0.0,0.2999999999999998
48,0.0,0.2999999999999998
72,86.0,0.2999999999999998
24,0.0,-38.19999999999999
48,0.0,-37.19999999999999
72,0.0,-35.19999999999999
24,0.0,-69.5
48,0.0,-67.5
72,0.0,-64.5
24,0.0,-72.20000000000005
48,0.0,-69.20000000000005
72,0.0,-66.20000000000005
24,0.0,-75.20000000000005
48,0.0,-72.20000000000005
72,0.0,-69.20000000000005
24,0.0,-76.5
48,0.0,-73.5
72,0.0,-71.5
24,0.0,-72.20000000000005
48,0.0,-69.20000000000005
72,0.0,-68.20000000000005
24,0.0,-68.79999999999995
48,0.0,-66.79999999999995
72,0.0,-65.79999999999995
24,0.0,-63.69999999999999
48,0.0,-60.69999999999999
72,0.0,-60.69999999999999
24,0.0,-48.0
48,0.0,-47.0
72,0.0,-46.0
24,0.0,-12.0
48,0.0,-12.0
72,0.0,-12.0
24,100.0,0.7999999999999998
48,0.0,-0.20000000000000018
72,5.0,-0.20000000000000018
24,90.0,-45.30000000000001
48,0.0,-35.30000000000001
72,5.0,-35.30000000000001
24,61.0,-71.69999999999999
48,-1.0,-62.69999999999999
72,-6.0,-62.69999999999999
24,6.0,-57.19999999999999
48,5.0,-56.19999999999999
72,0.0,-56.19999999999999
24,-17.0,-66.70000000000005
48,-21.0,-65.70000000000005
72,-27.0,-66.70000000000005
24,11.0,-73.20000000000005
48,5.0,-72.20000000000005
72,10.0,-72.20000000000005
24,12.0,-73.0
48,5.0,-73.0
72,39.0,-79.0
24,7.0,-67.5
48,11.0,-66.5
72,10.0,-66.5
24,71.0,-70.0
48,62.0,-65.0
72,10.0,-59.0
24,65.0,-61.0
48,-25.0,-45.0
72,29.0,-56.0
24,61.0,-16.799999999999997
48,-33.0,-10.799999999999997
72,61.0,-18.799999999999997
24,0.0,0.5
48,0.0,0.5
72,100.0,0.5
24,0.0,-41.5
48,0.0,-41.5
72,89.0,-51.5
24,0.0,-67.69999999999999
48,0.0,-68.69999999999999
72,5.0,-68.69999999999999
24,0.0,-73.79999999999995
48,0.0,-75.79999999999995
72,0.0,-75.79999999999995
24,0.0,-74.5
48,0.0,-76.5
72,0.0,-76.5
24,0.0,-75.0
48,0.0,-77.0
72,0.0,-78.0
24,0.0,-77.70000000000005
48,0.0,-78.70000000000005
72,0.0,-79.70000000000005
24,0.0,-77.20000000000005
48,0.0,-77.20000000000005
72,0.0,-77.20000000000005
24,0.0,-71.30000000000001
48,6.0,-72.30000000000001
72,0.0,-71.30000000000001
24,0.0,-45.69999999999999
48,100.0,-70.69999999999999
72,0.0,-45.69999999999999
24,0.0,-8.0
48,100.0,-10.0
72,0.0,-8.0
24,-35.0,1.0
48,-30.0,1.0
72,-35.0,1.0
24,5.0,-37.80000000000001
48,0.0,-37.80000000000001
72,0.0,-38.80000000000001
24,0.0,-60.0
48,0.0,-61.0
72,0.0,-62.0
24,10.0,-66.0
48,22.0,-68.0
72,5.0,-71.0
24,7.0,-66.0
48,36.0,-69.0
72,100.0,-92.0
24,20.0,-126.29999999999995
48,20.0,-169.29999999999995
72,20.0,-98.29999999999995
24,17.0,-110.79999999999995
48,17.0,-106.79999999999995
72,17.0,-126.79999999999995
24,72.0,-116.79999999999995
48,72.0,-84.79999999999995
72,72.0,-94.79999999999995
24,40.0,-68.5
48,5.0,-67.5
72,6.0,-67.5
24,0.0,-44.69999999999999
48,0.0,-45.69999999999999
72,0.0,-45.69999999999999
24,0.0,-9.0
48,0.0,-9.0
72,0.0,-8.0
24,-28.0,2.0
48,-58.0,2.0
72,-83.0,2.0
24,-65.0,-1.5
48,-62.0,-2.5
72,-63.0,-3.5
24,-65.0,23.30000000000001
48,-7.0,5.300000000000011
72,-63.0,18.30000000000001
24,42.0,118.30000000000001
48,33.0,118.30000000000001
72,38.0,100.30000000000001
24,87.0,-64.29999999999995
48,73.0,-81.29999999999995
72,87.0,-114.29999999999995
24,86.0,-50.200000000000045
48,-3.0,-29.200000000000045
72,81.0,-65.20000000000005
24,-24.0,82.30000000000001
48,2.0,-309.7
72,-44.0,78.30000000000001
24,0.0,14.199999999999989
48,-17.0,59.19999999999999
72,-92.0,80.19999999999999
24,-15.0,198.7
48,0.0,221.7
72,-92.0,273.7
24,0.0,43.69999999999999
48,-37.0,77.69999999999999
72,-92.0,82.69999999999999
24,0.0,21.7
48,-56.0,29.7
72,-87.0,30.7
24,-15.0,0.8
48,69.0,0.8
72,-20.0,0.8
24,-1.0,-37.2
48,99.0,-46.2
72,5.0,-38.2
24,-1.0,-62.69999999999999
48,-1.0,-64.69999999999999
72,-1.0,-64.69999999999999
24,-2.0,-67.80000000000001
48,-2.0,-66.80000000000001
72,-2.0,-67.80000000000001
24,-5.0,-62.0
48,-11.0,-62.0
72,-6.0,-63.0
24,67.0,-74.0
48,-28.0,-56.0
72,-28.0,-57.0
24,82.0,-63.799999999999955
48,-11.0,-14.799999999999955
72,-12.0,-15.799999999999955
24,79.0,-89.0
48,99.0,-101.0
72,4.0,-69.0
24,100.0,-85.30000000000001
48,100.0,-106.30000000000001
72,100.0,-93.30000000000001
24,100.0,-77.5
48,100.0,-72.5
72,100.0,-80.5
24,100.0,-9.299999999999997
48,100.0,-10.299999999999997
72,100.0,-10.299999999999997
24,0.0,1.0
48,0.0,1.0
72,0.0,1.0
24,0.0,-32.5
48,0.0,-32.5
72,0.0,-32.5
24,0.0,-58.5
48,0.0,-58.5
72,0.0,-59.5
24,0.0,-57.30000000000001
48,0.0,-57.30000000000001
72,0.0,-58.30000000000001
24,0.0,-56.799999999999955
48,0.0,-56.799999999999955
72,0.0,-57.799999999999955
24,0.0,-66.79999999999995
48,0.0,-66.79999999999995
72,0.0,-68.79999999999995
24,0.0,-68.70000000000005
48,0.0,-68.70000000000005
72,0.0,-70.70000000000005
24,0.0,-64.79999999999995
48,0.0,-64.79999999999995
72,0.0,-66.79999999999995
24,0.0,-59.5
48,0.0,-59.5
72,0.0,-60.5
24,0.0,-44.80000000000001
48,0.0,-44.80000000000001
72,0.0,-45.80000000000001
24,0.0,-10.200000000000003
48,0.0,-10.200000000000003
72,0.0,-10.200000000000003
24,0.0,1.0
48,0.0,1.0
72,0.0,1.0
24,0.0,-33.5
48,0.0,-33.5
72,0.0,-32.5
24,0.0,-66.80000000000001
48,0.0,-64.80000000000001
72,0.0,-63.80000000000001
24,0.0,-68.29999999999995
48,0.0,-67.29999999999995
72,0.0,-65.29999999999995
24,0.0,-63.799999999999955
48,0.0,-61.799999999999955
72,0.0,-58.799999999999955
24,0.0,-71.5
48,0.0,-66.5
72,0.0,-64.5
24,0.0,-70.0
48,0.0,-64.0
72,0.0,-62.0
24,0.0,-61.700000000000045
48,0.0,-57.700000000000045
72,0.0,-57.700000000000045
24,0.0,-54.69999999999999
48,0.0,-52.69999999999999
72,0.0,-52.69999999999999
24,0.0,-41.19999999999999
48,0.0,-40.19999999999999
72,0.0,-41.19999999999999
24,0.0,-7.700000000000003
48,0.0,-7.700000000000003
72,0.0,-8.700000000000003
24,0.0,0.5
48,0.0,0.5
72,100.0,0.5
24,0.0,-25.5
48,0.0,-25.5
72,0.0,-24.5
24,0.0,-32.69999999999999
48,0.0,-33.69999999999999
72,0.0,-32.69999999999999
24,0.0,-29.0
48,0.0,-31.0
72,0.0,-29.0
24,0.0,-26.799999999999955
48,0.0,-30.799999999999955
72,0.0,-29.799999999999955
24,0.0,-31.299999999999955
48,0.0,-34.299999999999955
72,0.0,-35.299999999999955
24,0.0,-33.700000000000045
48,0.0,-34.700000000000045
72,0.0,-38.700000000000045
24,0.0,-35.5
48,0.0,-36.5
72,0.0,-34.5
24,0.0,-41.0
48,0.0,-41.0
72,0.0,-41.0
24,0.0,-53.19999999999999
48,0.0,-52.19999999999999
72,0.0,-52.19999999999999
24,0.0,-6.799999999999997
48,0.0,-5.799999999999997
72,0.0,-6.799999999999997
24,0.0,0.7
48,0.0,0.7
72,0.0,0.7
24,0.0,-31.799999999999997
48,0.0,-31.799999999999997
72,0.0,-32.8
24,0.0,-56.80000000000001
48,0.0,-55.80000000000001
72,0.0,-56.80000000000001
24,0.0,-62.0
48,0.0,-60.0
72,0.0,-62.0
24,0.0,-60.200000000000045
48,0.0,-57.200000000000045
72,0.0,-59.200000000000045
24,0.0,-65.5
48,0.0,-61.5
72,0.0,-65.5
24,0.0,-66.70000000000005
48,0.0,-65.70000000000005
72,0.0,-66.70000000000005
24,0.0,-65.29999999999995
48,0.0,-63.299999999999955
72,0.0,-63.299999999999955
24,0.0,-59.0
48,0.0,-58.0
72,0.0,-58.0
24,0.0,-44.0
48,0.0,-44.0
72,0.0,-44.0
24,0.0,-9.700000000000003
48,0.0,-8.700000000000003
72,0.0,-8.700000000000003
24,0.0,0.7
48,0.0,0.7
72,0.0,0.7
24,0.0,-31.200000000000003
48,0.0,-31.200000000000003
72,0.0,-30.200000000000003
24,0.0,-63.80000000000001
48,0.0,-62.80000000000001
72,0.0,-59.80000000000001
24,0.0,-66.80000000000001
48,0.0,-65.80000000000001
72,0.0,-61.80000000000001
24,0.0,-60.299999999999955
48,0.0,-59.299999999999955
72,0.0,-54.299999999999955
24,0.0,-67.70000000000005
48,0.0,-65.70000000000005
72,0.0,-61.700000000000045
24,0.0,-65.5
48,0.0,-64.5
72,0.0,-62.5
24,0.0,-60.700000000000045
48,0.0,-58.700000000000045
72,0.0,-56.700000000000045
24,0.0,-55.19999999999999
48,0.0,-53.19999999999999
72,0.0,-52.19999999999999
24,0.0,-42.19999999999999
48,0.0,-41.19999999999999
72,0.0,-41.19999999999999
24,59.0,0.7
48,0.0,0.7
72,6.0,0.7
24,100.0,-41.5
48,100.0,-35.5
72,18.0,-30.5
24,100.0,-104.5
48,100.0,-110.5
72,100.0,-85.5
24,100.0,-124.5
48,100.0,-121.5
72,100.0,-92.5
24,66.0,-86.70000000000005
48,91.0,-141.70000000000005
72,91.0,-99.70000000000005
24,100.0,-113.0
48,100.0,-193.0
72,100.0,-143.0
24,100.0,-146.29999999999995
48,100.0,-205.29999999999995
72,6.0,-80.29999999999995
24,0.0,-72.70000000000005
48,0.0,-70.70000000000005
72,100.0,-190.70000000000005
24,0.0,-69.19999999999999
48,8.0,-68.19999999999999
72,9.0,-112.19999999999999
24,8.0,-49.0
48,100.0,-72.0
72,0.0,-51.0
24,5.0,0.8
48,5.0,0.8
72,51.0,0.8
24,5.0,-27.0
48,0.0,-27.0
72,0.0,-29.0
24,0.0,-53.80000000000001
48,0.0,-55.80000000000001
72,0.0,-58.80000000000001
24,0.0,-58.0
48,0.0,-60.0
72,0.0,-65.0
24,0.0,-58.5
48,0.0,-59.5
72,0.0,-63.5
24,0.0,-60.299999999999955
48,0.0,-61.299999999999955
72,0.0,-65.29999999999995
24,0.0,-56.299999999999955
48,0.0,-56.299999999999955
72,0.0,-60.299999999999955
24,0.0,-51.799999999999955
48,0.0,-48.799999999999955
72,0.0,-49.799999999999955
24,0.0,-40.30000000000001
48,0.0,-37.30000000000001
72,0.0,-39.30000000000001
24,0.0,-44.69999999999999
48,0.0,-42.69999999999999
72,0.0,-44.69999999999999
24,-41.0,0.0
48,48.0,1.0
72,48.0,0.0
24,58.0,8.0
48,6.0,11.0
72,74.0,5.0
24,12.0,79.0
48,-76.0,119.0
72,11.0,80.0
24,20.0,187.5
48,-64.0,221.5
72,20.0,179.5
24,3.0,220.2
48,0.0,222.2
72,-4.0,200.2
24,5.0,276.5
48,-6.0,284.5
72,5.0,211.5
24,9.0,237.3
48,8.0,209.3
72,9.0,170.3
24,0.0,67.69999999999999
48,-16.0,212.7
72,0.0,43.69999999999999
24,0.0,-172.7
48,0.0,15.300000000000011
72,0.0,-110.69999999999999
24,2.0,-94.0
48,2.0,-20.0
72,2.0,-45.0
24,6.0,0.0
48,7.0,0.0
72,0.0,0.0
24,6.0,-34.5
48,6.0,-35.5
72,0.0,-34.5
24,6.0,-73.5
48,6.0,-75.5
72,0.0,-72.5
24,5.0,-80.69999999999999
48,6.0,-82.69999999999999
72,0.0,-77.69999999999999
24,0.0,-78.5
48,5.0,-81.5
72,0.0,-75.5
24,0.0,-83.29999999999995
48,0.0,-87.29999999999995
72,0.0,-81.29999999999995
24,0.0,-82.29999999999995
48,0.0,-85.29999999999995
72,0.0,-80.29999999999995
24,0.0,-78.79999999999995
48,0.0,-77.79999999999995
72,0.0,-71.79999999999995
24,0.0,-74.19999999999999
48,0.0,-76.19999999999999
72,0.0,-70.19999999999999
24,0.0,-46.0
48,0.0,-49.0
72,0.0,-44.0
24,9.0,0.0
48,9.0,0.0
72,9.0,0.0
24,0.0,-8.299999999999997
48,0.0,-9.299999999999997
72,0.0,-4.299999999999997
24,0.0,-70.69999999999999
48,0.0,-41.69999999999999
72,-6.0,-42.69999999999999
24,1.0,-8.199999999999989
48,1.0,47.80000000000001
72,-2.0,42.80000000000001
24,35.0,-63.19999999999999
48,20.0,1.8000000000000114
72,6.0,17.80000000000001
24,0.0,131.0
48,0.0,188.0
72,0.0,193.0
24,0.0,117.19999999999999
48,0.0,177.2
72,0.0,192.2
24,2.0,83.5
48,2.0,92.5
72,0.0,148.5
24,0.0,19.5
48,0.0,10.5
72,0.0,44.5
24,-7.0,-19.19999999999999
48,0.0,-17.19999999999999
72,-2.0,2.8000000000000114
24,-63.0,0.0
48,32.0,0.0
72,32.0,0.0
24,2.0,15.299999999999997
48,91.0,13.299999999999997
72,91.0,11.299999999999997
24,12.0,88.80000000000001
48,10.0,97.80000000000001
72,5.0,100.80000000000001
24,13.0,103.69999999999999
48,5.0,112.69999999999999
72,5.0,116.69999999999999
24,59.0,-2.3000000000000114
48,11.0,11.699999999999989
72,5.0,16.69999999999999
24,8.0,-76.79999999999995
48,11.0,-70.79999999999995
72,0.0,-63.799999999999955
24,8.0,-80.0
48,12.0,-77.0
72,0.0,-70.0
24,8.0,-78.20000000000005
48,6.0,-77.20000000000005
72,7.0,-71.20000000000005
24,7.0,-72.80000000000001
48,8.0,-71.80000000000001
72,7.0,-66.80000000000001
24,6.0,-50.19999999999999
48,16.0,-50.19999999999999
72,11.0,-47.19999999999999
24,0.0,0.0
48,0.0,0.0
72,0.0,0.0
24,0.0,-28.700000000000003
48,0.0,-28.700000000000003
72,0.0,-28.700000000000003
24,0.0,-65.19999999999999
48,0.0,-67.19999999999999
72,0.0,-65.19999999999999
24,0.0,-74.19999999999999
48,0.0,-76.19999999999999
72,0.0,-75.19999999999999
24,-1.0,-73.0
48,-1.0,-76.0
72,-1.0,-74.0
24,0.0,-76.0
48,0.0,-80.0
72,0.0,-77.0
24,0.0,-74.79999999999995
48,0.0,-78.79999999999995
72,0.0,-76.79999999999995
24,0.0,-73.5
48,0.0,-78.5
72,0.0,-75.5
24,0.0,-67.80000000000001
48,0.0,-71.80000000000001
72,0.0,-68.80000000000001
24,0.0,-46.19999999999999
48,0.0,-48.19999999999999
72,0.0,-46.19999999999999
24,0.0,0.0
48,0.0,0.0
72,0.0,0.0
24,0.0,-26.799999999999997
48,0.0,-27.799999999999997
72,0.0,-26.799999999999997
24,0.0,-64.0
48,0.0,-64.0
72,0.0,-64.0
24,0.0,-75.80000000000001
48,0.0,-75.80000000000001
72,0.0,-76.80000000000001
24,0.0,-74.20000000000005
48,0.0,-75.20000000000005
72,0.0,-74.20000000000005
24,0.0,-76.79999999999995
48,0.0,-78.79999999999995
72,0.0,-78.79999999999995
24,0.0,-76.5
48,0.0,-78.5
72,0.0,-76.5
24,0.0,-76.79999999999995
48,5.0,-76.79999999999995
72,0.0,-71.79999999999995
24,5.0,-74.0
48,100.0,-91.0
72,0.0,-68.0
24,64.0,-57.69999999999999
48,100.0,-62.69999999999999
72,5.0,-47.69999999999999
24,0.0,0.0
48,0.0,0.0
72,0.0,0.0
24,0.0,-27.5
48,6.0,-26.5
72,0.0,-27.5
24,5.0,-62.80000000000001
48,0.0,-59.80000000000001
72,0.0,-62.80000000000001
24,0.0,-66.0
48,7.0,-63.0
72,0.0,-67.0
24,66.0,-90.20000000000005
48,0.0,-58.200000000000045
72,0.0,-63.200000000000045
24,100.0,-134.0
48,0.0,-57.0
72,0.0,-63.0
24,0.0,-58.799999999999955
48,34.0,-56.799999999999955
72,0.0,-61.799999999999955
24,0.0,-61.0
48,5.0,-62.0
72,0.0,-57.0
24,7.0,-48.19999999999999
48,7.0,-42.19999999999999
72,5.0,-46.19999999999999
24,100.0,-74.0
48,8.0,-50.0
72,27.0,-52.0
24,-32.0,0.0
48,68.0,0.0
72,-27.0,0.0
24,-76.0,-13.700000000000003
48,-76.0,-13.700000000000003
72,-71.0,-13.700000000000003
24,-50.0,-49.30000000000001
48,-50.0,-50.30000000000001
72,-50.0,-50.30000000000001
24,-9.0,-56.19999999999999
48,-9.0,-58.19999999999999
72,-9.0,-58.19999999999999
24,0.0,-59.799999999999955
48,0.0,-62.799999999999955
72,0.0,-62.799999999999955
24,5.0,-68.20000000000005
48,0.0,-71.20000000000005
72,0.0,-71.20000000000005
24,6.0,-73.5
48,0.0,-77.5
72,0.0,-78.5
24,-25.0,-65.79999999999995
48,-24.0,-66.79999999999995
72,-30.0,-68.79999999999995
24,39.0,-75.69999999999999
48,-20.0,-61.69999999999999
72,-1.0,-62.69999999999999
24,52.0,-75.5
48,38.0,-59.5
72,-43.0,-46.5
24,62.0,-11.700000000000003
48,62.0,-11.700000000000003
72,-31.0,-9.700000000000003
24,5.0,0.0
48,-75.0,0.0
72,5.0,0.0
24,50.0,-33.2
48,0.0,-27.200000000000003
72,50.0,-31.200000000000003
24,27.0,-172.8
48,-24.0,-62.80000000000001
72,-27.0,-70.80000000000001
24,12.0,-116.30000000000001
48,-34.0,-65.30000000000001
72,45.0,-96.30000000000001
24,7.0,-69.0
48,10.0,-65.0
72,91.0,-104.0
24,-2.0,-64.79999999999995
48,31.0,-62.799999999999955
72,83.0,-118.79999999999995
24,-78.0,-40.0
48,-68.0,-39.0
72,1.0,-94.0
24,34.0,17.80000000000001
48,10.0,52.80000000000001
72,34.0,24.80000000000001
24,79.0,47.5
48,79.0,97.5
72,79.0,80.5
24,-63.0,55.19999999999999
48,25.0,32.19999999999999
72,25.0,13.199999999999989
24,5.0,8.200000000000003
48,93.0,7.200000000000003
72,95.0,-21.799999999999997
24,0.0,0.0
48,0.0,0.0
72,12.0,0.0
24,-2.0,-25.299999999999997
48,3.0,-25.299999999999997
72,9.0,-25.299999999999997
24,6.0,-61.5
48,10.0,-60.5
72,5.0,-61.5
24,100.0,-92.0
48,7.0,-67.0
72,10.0,-69.0
24,45.0,-152.20000000000005
48,3.0,-74.20000000000005
72,-44.0,-64.20000000000005
24,0.0,-108.5
48,0.0,-67.5
72,-93.0,-22.5
24,0.0,-82.5
48,0.0,-66.5
72,0.0,-47.5
24,2.0,-53.19999999999999
48,2.0,-63.19999999999999
72,2.0,-51.19999999999999
24,0.0,-65.69999999999999
48,0.0,-36.69999999999999
72,0.0,-23.69999999999999
24,1.0,-31.5
48,1.0,-21.5
72,1.0,-10.5
24,0.0,3.700000000000003
48,0.0,4.700000000000003
72,0.0,5.700000000000003
24,1.0,0.0
48,-87.0,0.0
72,-87.0,0.0
24,-29.0,-10.5
48,-58.0,-0.5
72,0.0,-1.5
24,-51.0,-21.69999999999999
48,-74.0,-7.699999999999989
72,-45.0,-6.699999999999989
24,-80.0,-6.699999999999989
48,-5.0,-20.69999999999999
72,-37.0,-5.699999999999989
24,-94.0,212.8
48,0.0,176.8
72,-95.0,213.8
24,-61.0,176.7
48,0.0,148.7
72,-100.0,188.7
24,-90.0,11.0
48,-20.0,-157.0
72,-94.0,16.0
24,-100.0,-53.299999999999955
48,0.0,-92.29999999999995
72,-89.0,-52.299999999999955
24,-78.0,-56.30000000000001
48,16.0,-169.3
72,16.0,-342.3
24,-89.0,-19.80000000000001
48,0.0,-84.80000000000001
72,0.0,-196.8
24,4.0,5.199999999999999
48,8.0,8.2
72,8.0,5.199999999999999
24,0.0,0.0
48,0.0,0.0
72,0.0,0.0
24,0.0,-17.2
48,0.0,-10.2
72,0.0,-16.2
24,0.0,-51.3
48,0.0,-37.3
72,0.0,-47.3
24,0.0,-100.8
48,0.0,-96.8
72,0.0,-98.8
24,0.0,-83.3
48,0.0,-70.3
72,0.0,-76.3
24,0.0,7.5
48,0.0,50.5
72,0.0,-51.5
24,0.0,83.30000000000001
48,0.0,296.3
72,0.0,-26.69999999999999
24,-71.0,232.7
48,-71.0,233.7
72,-20.0,211.7
24,-56.0,134.7
48,-56.0,139.7
72,-55.0,130.7
24,-59.0,99.8
48,41.0,89.8
72,-49.0,94.8
24,-17.0,17.200000000000003
48,68.0,15.200000000000003
72,-17.0,16.200000000000003
24,0.0,0.0
48,0.0,0.0
72,100.0,0.0
24,0.0,-23.799999999999997
48,7.0,-23.799999999999997
72,5.0,-23.799999999999997
24,0.0,-61.69999999999999
48,89.0,-82.69999999999999
72,96.0,-86.69999999999999
24,0.0,-75.69999999999999
48,100.0,-116.69999999999999
72,55.0,-93.69999999999999
24,0.0,-78.20000000000005
48,8.0,-81.20000000000005
72,6.0,-79.20000000000005
24,0.0,-77.20000000000005
48,100.0,-121.20000000000005
72,0.0,-78.20000000000005
24,0.0,-75.5
48,100.0,-116.5
72,0.0,-76.5
24,0.0,-69.5
48,0.0,-68.5
72,0.0,-70.5
24,0.0,-59.69999999999999
48,0.0,-58.69999999999999
72,0.0,-60.69999999999999
24,0.0,-45.19999999999999
48,0.0,-45.19999999999999
72,0.0,-46.19999999999999
24,0.0,-9.299999999999997
48,0.0,-9.299999999999997
72,0.0,-9.299999999999997
24,5.0,0.0
48,0.0,0.0
72,0.0,0.0
24,0.0,-22.299999999999997
48,0.0,-21.299999999999997
72,0.0,-22.299999999999997
24,0.0,-48.80000000000001
48,0.0,-46.80000000000001
72,0.0,-47.80000000000001
24,5.0,-65.30000000000001
48,0.0,-62.30000000000001
72,0.0,-62.30000000000001
24,6.0,-70.0
48,5.0,-67.0
72,0.0,-63.0
24,10.0,-70.29999999999995
48,5.0,-64.29999999999995
72,0.0,-56.299999999999955
24,38.0,-70.29999999999995
48,4.0,-61.299999999999955
72,4.0,-52.299999999999955
24,-32.0,-66.0
48,-31.0,-64.0
72,-31.0,-50.0
24,-41.0,-63.30000000000001
48,-29.0,-64.30000000000001
72,-29.0,-52.30000000000001
24,-13.0,-43.5
48,78.0,-60.5
72,-12.0,-38.5
24,-2.0,-9.799999999999997
48,88.0,-10.799999999999997
72,8.0,-7.799999999999997
24,7.0,-22.700000000000003
48,-4.0,-21.700000000000003
72,38.0,-31.700000000000003
24,-4.0,-61.80000000000001
48,-9.0,-59.80000000000001
72,16.0,-65.80000000000001
24,-5.0,-23.30000000000001
48,-5.0,-21.30000000000001
72,95.0,-93.30000000000001
24,-2.0,-54.799999999999955
48,-2.0,-52.799999999999955
72,98.0,-89.79999999999995
24,0.0,-77.70000000000005
48,0.0,-75.70000000000005
72,100.0,-120.70000000000005
24,0.0,-77.0
48,0.0,-76.0
72,100.0,-116.0
24,0.0,-75.29999999999995
48,0.0,-72.29999999999995
72,0.0,-74.29999999999995
24,0.0,-69.80000000000001
48,0.0,-66.80000000000001
72,0.0,-69.80000000000001
24,0.0,-48.80000000000001
48,5.0,-46.80000000000001
72,0.0,-48.80000000000001
24,5.0,-9.200000000000003
48,6.0,-8.200000000000003
72,0.0,-9.200000000000003
24,0.0,-18.799999999999997
48,15.0,-19.799999999999997
72,64.0,-20.799999999999997
24,-34.0,-59.19999999999999
48,-29.0,-60.19999999999999
72,-24.0,-61.19999999999999
24,-21.0,-65.30000000000001
48,-16.0,-67.30000000000001
72,-6.0,-69.30000000000001
24,-32.0,-64.5
48,-32.0,-66.5
72,-26.0,-68.5
24,-3.0,-63.799999999999955
48,7.0,-67.79999999999995
72,-3.0,-65.79999999999995
24,0.0,-59.700000000000045
48,5.0,-66.70000000000005
72,0.0,-64.70000000000005
24,0.0,-50.200000000000045
48,0.0,-55.200000000000045
72,0.0,-55.200000000000045
24,0.0,-40.69999999999999
48,0.0,-45.69999999999999
72,0.0,-46.69999999999999
24,0.0,-28.69999999999999
48,0.0,-31.69999999999999
72,11.0,-34.69999999999999
24,0.0,-2.5
48,0.0,-3.5
72,0.0,-4.5
24,0.0,-19.700000000000003
48,0.0,-19.700000000000003
72,0.0,-19.700000000000003
24,0.0,-58.30000000000001
48,0.0,-58.30000000000001
72,0.0,-60.30000000000001
24,0.0,-69.19999999999999
48,0.0,-69.19999999999999
72,0.0,-71.19999999999999
24,0.0,-71.70000000000005
48,0.0,-71.70000000000005
72,0.0,-72.70000000000005
24,0.0,-72.20000000000005
48,0.0,-72.20000000000005
72,0.0,-71.20000000000005
24,0.0,-70.5
48,0.0,-70.5
72,0.0,-68.5
24,0.0,-65.29999999999995
48,0.0,-66.29999999999995
72,0.0,-65.29999999999995
24,0.0,-56.5
48,0.0,-58.5
72,0.0,-56.5
24,-4.0,-42.30000000000001
48,-9.0,-44.30000000000001
72,-9.0,-41.30000000000001
24,-89.0,-3.299999999999997
48,-89.0,-4.299999999999997
72,-89.0,-3.299999999999997
24,0.0,-20.299999999999997
48,0.0,-19.299999999999997
72,0.0,-20.299999999999997
24,-20.0,-53.30000000000001
48,-20.0,-52.30000000000001
72,-20.0,-53.30000000000001
24,-13.0,-3.3000000000000114
48,-13.0,-2.3000000000000114
72,-13.0,-3.3000000000000114
24,-22.0,184.8
48,-22.0,186.8
72,-22.0,184.8
24,-41.0,215.3
48,-41.0,216.3
72,-41.0,215.3
24,-66.0,178.7
48,-66.0,179.7
72,-41.0,177.7
24,-83.0,122.80000000000001
48,-83.0,127.80000000000001
72,-83.0,122.80000000000001
24,-57.0,78.0
48,-57.0,82.0
72,-57.0,79.0
24,-8.0,29.69999999999999
48,-8.0,32.69999999999999
72,-8.0,29.69999999999999
24,-27.0,18.2
48,-27.0,19.2
72,-27.0,18.2
24,1.0,-15.3
48,1.0,-12.3
72,1.0,-13.3
24,0.0,-44.7
48,0.0,-28.700000000000003
72,0.0,-27.700000000000003
24,0.0,-76.2
48,0.0,-33.2
72,0.0,32.8
24,5.0,-182.0
48,5.0,-158.0
72,5.0,-80.0
24,67.0,-153.7
48,67.0,-134.7
72,67.0,118.30000000000001
24,3.0,-301.7
48,3.0,-206.7
72,3.0,-256.7
24,0.0,-253.3
48,0.0,-111.30000000000001
72,0.0,-220.3
24,3.0,-170.2
48,3.0,-169.2
72,3.0,-175.2
24,2.0,-83.7
48,2.0,71.3
72,2.0,-94.7
24,0.0,-23.5
48,0.0,-8.5
72,0.0,-23.5
24,0.0,2.5
48,0.0,10.5
72,0.0,3.5
24,10.0,6.799999999999997
48,10.0,40.8
72,10.0,82.8
24,0.0,155.5
48,6.0,86.5
72,-10.0,155.5
24,-19.0,237.0
48,-13.0,262.0
72,9.0,232.0
24,21.0,45.0
48,9.0,113.0
72,2.0,55.0
24,93.0,-162.7
48,93.0,114.30000000000001
72,4.0,136.3
24,66.0,26.30000000000001
48,-18.0,99.30000000000001
72,53.0,47.30000000000001
24,100.0,106.69999999999999
48,12.0,174.7
72,60.0,171.7
24,100.0,13.199999999999989
48,45.0,50.19999999999999
72,8.0,53.19999999999999
24,100.0,-12.5
48,6.0,-6.5
72,62.0,-8.5
24,8.0,-19.700000000000003
48,3.0,3.299999999999997
72,-54.0,4.299999999999997
24,0.0,-23.799999999999997
48,0.0,-42.8
72,-81.0,84.2
24,10.0,-99.19999999999999
48,10.0,11.800000000000011
72,-79.0,210.8
24,4.0,-161.0
48,4.0,-87.0
72,-29.0,209.0
24,0.0,-90.80000000000001
48,0.0,-17.80000000000001
72,0.0,-6.800000000000011
24,0.0,-153.8
48,0.0,146.2
72,-66.0,258.2
24,70.0,-284.7
48,70.0,-241.7
72,70.0,-195.7
24,15.0,-188.8
48,15.0,-167.8
72,15.0,-37.80000000000001
24,1.0,-136.8
48,1.0,-88.80000000000001
72,1.0,-87.80000000000001
24,0.0,-34.2
48,0.0,-28.200000000000003
72,0.0,-29.200000000000003
24,0.0,5.0
48,0.0,-14.0
72,0.0,-13.0
24,0.0,6.700000000000003
48,0.0,-75.3
72,0.0,-75.3
24,0.0,-144.5
48,0.0,-144.5
72,0.0,-147.5
24,0.0,-103.8
48,0.0,-93.8
72,0.0,-103.8
24,0.0,-92.2
48,0.0,-77.2
72,0.0,-66.2
24,0.0,-77.0
48,0.0,-59.0
72,0.0,-62.0
24,0.0,-41.0
48,0.0,-13.0
72,0.0,-22.0
24,0.0,-56.3
48,0.0,-50.3
72,0.0,-28.299999999999997
24,0.0,-43.3
48,0.0,88.7
72,0.0,41.7
24,0.0,-14.0
48,0.0,9.0
72,0.0,1.0
24,0.0,3.5
48,0.0,-1.5
72,0.0,-0.5
24,0.0,-42.3
48,0.0,-55.3
72,0.0,-24.299999999999997
24,0.0,-48.19999999999999
48,0.0,-51.19999999999999
72,0.0,-49.19999999999999
24,0.0,-4.699999999999989
48,0.0,-2.6999999999999886
72,0.0,-13.699999999999989
24,0.0,70.2
48,0.0,96.2
72,0.0,42.2
24,0.0,93.69999999999999
48,0.0,5.699999999999989
72,0.0,53.69999999999999
24,0.0,87.69999999999999
48,0.0,24.69999999999999
72,0.0,169.7
24,0.0,56.099999999999994
48,0.0,32.099999999999994
72,0.0,24.099999999999994
24,0.0,40.3
48,0.0,43.3
72,0.0,28.299999999999997
24,0.0,10.0
48,0.0,19.0
72,0.0,22.0
24,0.0,-17.299999999999997
48,100.0,-25.299999999999997
72,100.0,-30.299999999999997
24,0.0,-60.5
48,100.0,-97.5
72,100.0,-118.5
24,0.0,-70.30000000000001
48,100.0,-104.30000000000001
72,100.0,-148.3
24,0.0,-62.0
48,49.0,-57.0
72,100.0,-105.0
24,0.0,-52.0
48,0.0,-48.0
72,54.0,-58.0
24,0.0,-43.299999999999955
48,0.0,-38.299999999999955
72,5.0,-39.299999999999955
24,1.0,-45.60000000000002
48,0.0,-43.60000000000002
72,31.0,-39.60000000000002
24,0.0,-59.80000000000001
48,0.0,-57.80000000000001
72,0.0,-55.80000000000001
24,0.0,-39.69999999999999
48,0.0,-38.69999999999999
72,0.0,-38.69999999999999
24,0.0,-3.700000000000003
48,0.0,-3.700000000000003
72,0.0,-3.700000000000003
24,100.0,-19.799999999999997
48,100.0,-21.799999999999997
72,100.0,-23.799999999999997
24,11.0,-50.0
48,100.0,-106.0
72,100.0,-97.0
24,6.0,-62.69999999999999
48,100.0,-117.69999999999999
72,100.0,-121.69999999999999
24,6.0,-72.29999999999995
48,100.0,-279.29999999999995
72,100.0,-318.29999999999995
24,6.0,-68.79999999999995
48,95.0,-142.79999999999995
72,95.0,-185.79999999999995
24,87.0,-175.79999999999995
48,87.0,-178.79999999999995
72,87.0,-168.79999999999995
24,58.0,-203.79999999999995
48,58.0,-243.79999999999995
72,58.0,-270.79999999999995
24,85.0,-107.69999999999999
48,85.0,-178.7
72,85.0,-107.69999999999999
24,100.0,-143.5
48,100.0,-106.5
72,100.0,-103.5
24,100.0,-28.299999999999997
48,100.0,-30.299999999999997
72,100.0,-33.3
24,-5.0,-17.5
48,95.0,-19.5
72,-5.0,-17.5
24,-2.0,-11.199999999999989
48,98.0,-41.19999999999999
72,-2.0,-11.199999999999989
24,-4.0,-70.0
48,2.0,-82.0
72,-4.0,-70.0
24,-1.0,-72.29999999999995
48,-1.0,-70.29999999999995
72,-1.0,-72.29999999999995
24,0.0,-72.0
48,0.0,-69.0
72,0.0,-71.0
24,0.0,-71.0
48,0.0,-67.0
72,0.0,-70.0
24,0.0,-69.20000000000005
48,0.0,-65.20000000000005
72,0.0,-68.20000000000005
24,0.0,-65.80000000000001
48,0.0,-61.80000000000001
72,0.0,-64.80000000000001
24,0.0,-44.0
48,0.0,-42.0
72,0.0,-44.0
24,0.0,-8.5
48,0.0,-8.5
72,0.0,-8.5
24,97.0,-17.799999999999997
48,0.0,-17.799999999999997
72,10.0,-17.799999999999997
24,48.0,-64.19999999999999
48,0.0,-57.19999999999999
72,10.0,-58.19999999999999
24,0.0,-75.0
48,0.0,-73.0
72,46.0,-77.0
24,0.0,-77.20000000000005
48,0.0,-74.20000000000005
72,10.0,-77.20000000000005
24,0.0,-77.79999999999995
48,0.0,-73.79999999999995
72,100.0,-93.79999999999995
24,0.0,-76.5
48,0.0,-72.5
72,5.0,-75.5
24,0.0,-75.0
48,0.0,-72.0
72,0.0,-72.0
24,0.0,-72.19999999999999
48,0.0,-69.19999999999999
72,0.0,-69.19999999999999
24,0.0,-47.5
48,0.0,-45.5
72,0.0,-45.5
24,0.0,-12.799999999999997
48,0.0,-12.799999999999997
72,0.0,-11.799999999999997
24,0.0,-16.700000000000003
48,6.0,-16.700000000000003
72,0.0,-16.700000000000003
24,0.0,-62.19999999999999
48,15.0,-62.19999999999999
72,5.0,-60.19999999999999
24,0.0,-75.19999999999999
48,6.0,-75.19999999999999
72,5.0,-73.19999999999999
24,5.0,-78.79999999999995
48,6.0,-79.79999999999995
72,5.0,-76.79999999999995
24,79.0,-89.5
48,0.0,-79.5
72,59.0,-79.5
24,-53.0,-76.0
48,-54.0,-77.0
72,41.0,-113.0
24,-69.0,-65.29999999999995
48,11.0,-85.29999999999995
72,20.0,-96.29999999999995
24,-94.0,-45.19999999999999
48,0.0,-79.19999999999999
72,0.0,-63.19999999999999
24,-59.0,-33.69999999999999
48,0.0,-56.69999999999999
72,0.0,-69.69999999999999
24,0.0,5.5
48,0.0,-0.5
72,0.0,-8.5
24,7.0,-14.799999999999997
48,0.0,-13.799999999999997
72,5.0,-13.799999999999997
24,7.0,-55.0
48,0.0,-52.0
72,0.0,-54.0
24,6.0,-66.69999999999999
48,6.0,-60.69999999999999
72,0.0,-63.69999999999999
24,6.0,-71.0
48,28.0,-64.0
72,81.0,-80.0
24,6.0,-69.29999999999995
48,100.0,-92.29999999999995
72,100.0,-119.29999999999995
24,6.0,-69.20000000000005
48,100.0,-157.20000000000005
72,100.0,-125.20000000000005
24,-10.0,-74.5
48,24.0,-76.5
72,84.0,-136.5
24,-89.0,-56.0
48,-7.0,-84.0
72,0.0,-115.0
24,-14.0,-20.0
48,49.0,-87.0
72,49.0,-75.0
24,45.0,-8.200000000000003
48,73.0,-19.200000000000003
72,73.0,-20.200000000000003
24,0.0,-12.0
48,-3.0,-13.0
72,0.0,-15.0
24,0.0,2.5
48,-13.0,-1.5
72,0.0,-10.5
24,-10.0,12.5
48,0.0,11.5
72,0.0,8.5
24,-11.0,208.7
48,0.0,166.7
72,0.0,177.7
24,-3.0,56.19999999999999
48,-4.0,56.19999999999999
72,0.0,93.19999999999999
24,-3.0,203.0
48,-6.0,175.0
72,0.0,221.0
24,-1.0,248.0
48,-6.0,276.0
72,-2.0,290.0
24,0.0,120.69999999999999
48,-9.0,160.7
72,-1.0,106.69999999999999
24,0.0,41.5
48,0.0,78.5
72,-9.0,23.5
24,0.0,29.2
48,-2.0,36.2
72,0.0,27.2
24,0.0,-23.799999999999997
48,0.0,-20.799999999999997
72,0.0,-23.799999999999997
24,0.0,-27.30000000000001
48,0.0,-58.30000000000001
72,0.0,-95.30000000000001
24,1.0,-11.0
48,1.0,20.0
72,1.0,-136.0
24,30.0,97.80000000000001
48,5.0,118.80000000000001
72,30.0,-155.2
24,-19.0,191.0
48,5.0,94.0
72,5.0,-34.0
24,-9.0,202.2
48,1.0,62.19999999999999
72,1.0,-8.800000000000011
24,0.0,185.7
48,0.0,102.69999999999999
72,0.0,27.69999999999999
24,0.0,43.5
48,0.0,-15.5
72,0.0,-12.5
24,0.0,-13.0
48,0.0,-29.0
72,0.0,-19.0
24,0.0,-24.5
48,0.0,-22.5
72,-1.0,-14.5
24,-13.0,-12.200000000000003
48,-13.0,-12.200000000000003
72,-13.0,-12.200000000000003
24,-12.0,-4.0
48,-12.0,-4.0
72,-12.0,-5.0
24,0.0,12.0
48,0.0,11.0
72,0.0,12.0
24,0.0,-32.799999999999955
48,0.0,-34.799999999999955
72,0.0,-35.799999999999955
24,0.0,-60.799999999999955
48,0.0,-65.79999999999995
72,0.0,-65.79999999999995
24,0.0,-51.0
48,0.0,-56.0
72,0.0,-53.0
24,0.0,-66.5
48,0.0,-67.5
72,0.0,-67.5
24,0.0,-72.5
48,0.0,-70.5
72,0.0,-70.5
24,0.0,-50.80000000000001
48,0.0,-48.80000000000001
72,0.0,-48.80000000000001
24,0.0,-14.299999999999997
48,0.0,-14.299999999999997
72,0.0,-13.299999999999997
24,-1.0,-15.5
48,-1.0,-15.5
72,-1.0,-15.5
24,3.0,-52.30000000000001
48,-2.0,-54.30000000000001
72,-2.0,-55.30000000000001
24,5.0,-64.80000000000001
48,5.0,-67.80000000000001
72,0.0,-69.80000000000001
24,-90.0,-63.700000000000045
48,-95.0,-66.70000000000005
72,-95.0,-69.70000000000005
24,0.0,-42.299999999999955
48,0.0,-45.299999999999955
72,-5.0,-49.299999999999955
24,5.0,-62.299999999999955
48,5.0,-63.299999999999955
72,5.0,-69.29999999999995
24,6.0,-61.299999999999955
48,5.0,-62.299999999999955
72,5.0,-60.299999999999955
24,6.0,-59.5
48,6.0,-61.5
72,5.0,-58.5
24,6.0,-41.0
48,10.0,-42.0
72,10.0,-41.0
24,6.0,-11.799999999999997
48,11.0,-11.799999999999997
72,10.0,-11.799999999999997
24,0.0,-6.5
48,0.0,-1.5
72,0.0,-8.5
24,0.0,35.2
48,0.0,51.2
72,0.0,44.2
24,0.0,-20.799999999999997
48,0.0,-11.799999999999997
72,0.0,133.2
24,0.0,38.3
48,0.0,180.3
72,0.0,259.3
24,0.0,-60.0
48,0.0,-40.0
72,0.0,-11.0
24,0.0,119.80000000000001
48,0.0,-48.19999999999999
72,0.0,107.80000000000001
24,0.0,61.30000000000001
48,0.0,170.3
72,0.0,187.3
24,0.0,123.8
48,-13.0,178.8
72,0.0,107.8
24,-11.0,90.8
48,0.0,110.8
72,0.0,53.8
24,0.0,43.7
48,-3.0,43.7
72,0.0,28.7
24,-91.0,4.800000000000001
48,-14.0,-2.1999999999999993
72,-79.0,3.8000000000000007
24,-87.0,77.8
48,-28.0,57.8
72,-31.0,64.8
24,-92.0,105.69999999999999
48,-91.0,90.69999999999999
72,-37.0,92.69999999999999
24,-89.0,160.3
48,0.0,140.3
72,-1.0,124.30000000000001
24,-46.0,59.30000000000001
48,-21.0,54.30000000000001
72,42.0,-31.69999999999999
24,-40.0,30.19999999999999
48,1.0,62.19999999999999
72,1.0,-77.80000000000001
24,-19.0,29.0
48,2.0,23.0
72,2.0,-25.0
24,-22.0,-9.300000000000011
48,0.0,-60.30000000000001
72,0.0,-74.30000000000001
24,-17.0,-44.80000000000001
48,4.0,-108.80000000000001
72,4.0,-89.80000000000001
24,6.0,-6.200000000000003
48,35.0,-21.200000000000003
72,35.0,-16.200000000000003
24,0.0,-5.800000000000001
48,-95.0,1.1999999999999993
72,-93.0,1.1999999999999993
24,2.0,11.5
48,-98.0,46.5
72,-39.0,44.5
24,39.0,61.0
48,-8.0,83.0
72,-55.0,83.0
24,-78.0,-3.8000000000000114
48,16.0,-52.80000000000001
72,-84.0,6.199999999999989
24,-93.0,46.5
48,-99.0,53.5
72,-99.0,60.5
24,-92.0,226.7
48,-100.0,235.7
72,-100.0,236.7
24,-1.0,192.2
48,-100.0,252.2
72,-100.0,252.2
24,-39.0,108.0
48,-45.0,109.0
72,-45.0,111.0
24,-3.0,8.699999999999989
48,-9.0,8.699999999999989
72,-9.0,11.699999999999989
24,81.0,-15.5
48,6.0,-3.5
72,0.0,-2.5
24,0.0,-16.0
48,0.0,-16.0
72,0.0,-16.0
24,0.0,-51.0
48,0.0,-51.0
72,0.0,-51.0
24,0.0,-69.69999999999999
48,0.0,-70.69999999999999
72,5.0,-70.69999999999999
24,0.0,-76.70000000000005
48,0.0,-77.70000000000005
72,5.0,-79.70000000000005
24,0.0,-74.20000000000005
48,0.0,-76.20000000000005
72,0.0,-77.20000000000005
24,0.0,-67.20000000000005
48,0.0,-70.20000000000005
72,0.0,-70.20000000000005
24,0.0,-65.20000000000005
48,0.0,-65.20000000000005
72,0.0,-66.20000000000005
24,0.0,-62.19999999999999
48,0.0,-60.19999999999999
72,0.0,-61.19999999999999
24,0.0,-51.19999999999999
48,0.0,-49.19999999999999
72,0.0,-50.19999999999999
24,0.0,-17.799999999999997
48,0.0,-16.799999999999997
72,0.0,-17.799999999999997
24,0.0,-16.200000000000003
48,0.0,-16.200000000000003
72,0.0,-16.200000000000003
24,0.0,-61.69999999999999
48,0.0,-62.69999999999999
72,0.0,-61.69999999999999
24,0.0,-75.30000000000001
48,0.0,-75.30000000000001
72,0.0,-74.30000000000001
24,0.0,-76.70000000000005
48,0.0,-76.70000000000005
72,0.0,-75.70000000000005
24,0.0,-75.79999999999995
48,0.0,-74.79999999999995
72,0.0,-73.79999999999995
24,0.0,-73.70000000000005
48,0.0,-73.70000000000005
72,0.0,-72.70000000000005
24,0.0,-70.79999999999995
48,0.0,-70.79999999999995
72,0.0,-70.79999999999995
24,0.0,-65.69999999999999
48,0.0,-66.69999999999999
72,0.0,-65.69999999999999
24,0.0,-42.69999999999999
48,0.0,-43.69999999999999
72,0.0,-42.69999999999999
24,0.0,-13.200000000000003
48,0.0,-13.200000000000003
72,0.0,-13.200000000000003
24,73.0,-17.799999999999997
48,73.0,-14.799999999999997
72,73.0,-20.799999999999997
24,100.0,-35.30000000000001
48,100.0,-21.30000000000001
72,100.0,-32.30000000000001
24,100.0,-213.0
48,88.0,-81.0
72,100.0,-77.0
24,100.0,-265.79999999999995
48,12.0,-72.79999999999995
72,100.0,-116.79999999999995
24,100.0,-128.29999999999995
48,38.0,-88.29999999999995
72,100.0,-100.29999999999995
24,28.0,-66.5
48,100.0,-133.5
72,100.0,-150.5
24,88.0,-82.29999999999995
48,88.0,-75.29999999999995
72,88.0,-77.29999999999995
24,100.0,-217.2
48,100.0,-158.2
72,100.0,-56.19999999999999
24,100.0,-82.5
48,100.0,-45.5
72,78.0,-19.5
24,100.0,-29.5
48,100.0,-34.5
72,86.0,-25.5
24,17.0,-17.0
48,-33.0,-15.0
72,16.0,-16.0
24,0.0,-54.30000000000001
48,-55.0,-34.30000000000001
72,0.0,-54.30000000000001
24,1.0,-47.5
48,1.0,-36.5
72,-1.0,-32.5
24,2.0,-26.30000000000001
48,-44.0,30.69999999999999
72,-93.0,31.69999999999999
24,9.0,-26.200000000000045
48,-85.0,66.79999999999995
72,9.0,29.799999999999955
24,-4.0,-15.299999999999955
48,7.0,-39.299999999999955
72,-3.0,-5.2999999999999545
24,1.0,25.0
48,1.0,4.0
72,1.0,39.0
24,2.0,19.5
48,2.0,-111.5
72,2.0,2.5
24,1.0,58.19999999999999
48,1.0,-17.80000000000001
72,1.0,57.19999999999999
24,0.0,24.200000000000003
48,0.0,11.200000000000003
72,0.0,34.2
24,0.0,-15.200000000000003
48,0.0,-15.200000000000003
72,0.0,-16.200000000000003
24,0.0,-45.5
48,0.0,-45.5
72,0.0,-49.5
24,0.0,-56.5
48,0.0,-55.5
72,0.0,-63.5
24,0.0,-59.5
48,0.0,-59.5
72,0.0,-68.5
24,0.0,-59.799999999999955
48,0.0,-60.799999999999955
72,0.0,-70.79999999999995
24,0.0,-59.0
48,0.0,-61.0
72,0.0,-70.0
24,0.0,-57.700000000000045
48,0.0,-58.700000000000045
72,0.0,-64.70000000000005
24,-2.0,-54.0
48,-2.0,-55.0
72,3.0,-60.0
24,-33.0,-44.80000000000001
48,-33.0,-44.80000000000001
72,52.0,-62.80000000000001
24,-13.0,-21.0
48,-8.0,-21.0
72,47.0,-26.0
24,50.0,-13.299999999999997
48,50.0,-13.299999999999997
72,44.0,-10.299999999999997
24,5.0,-78.30000000000001
48,5.0,-90.30000000000001
72,5.0,-74.30000000000001
24,0.0,-25.0
48,0.0,-40.0
72,0.0,-20.0
24,0.0,20.80000000000001
48,0.0,-8.199999999999989
72,0.0,21.80000000000001
24,0.0,-10.5
48,0.0,-43.5
72,-43.0,14.5
24,-7.0,22.299999999999955
48,1.0,11.299999999999955
72,-91.0,33.299999999999955
24,-12.0,29.30000000000001
48,-43.0,40.30000000000001
72,-40.0,31.30000000000001
24,3.0,-9.300000000000011
48,2.0,46.69999999999999
72,-80.0,60.69999999999999
24,55.0,-31.5
48,-39.0,-5.5
72,-33.0,-6.5
24,47.0,-26.299999999999997
48,75.0,-34.3
72,75.0,-27.299999999999997
24,0.0,-17.299999999999997
48,0.0,-17.299999999999997
72,0.0,-17.299999999999997
24,0.0,-59.5
48,0.0,-59.5
72,0.0,-60.5
24,0.0,-78.19999999999999
48,0.0,-80.19999999999999
72,0.0,-80.19999999999999
24,0.0,-80.5
48,0.0,-83.5
72,0.0,-82.5
24,0.0,-80.29999999999995
48,0.0,-84.29999999999995
72,0.0,-81.29999999999995
24,0.0,-82.29999999999995
48,0.0,-83.29999999999995
72,0.0,-80.29999999999995
24,0.0,-69.79999999999995
48,0.0,-75.79999999999995
72,0.0,-75.79999999999995
24,0.0,-72.30000000000001
48,0.0,-74.30000000000001
72,0.0,-74.30000000000001
24,0.0,-60.69999999999999
48,0.0,-60.69999999999999
72,0.0,-60.69999999999999
24,0.0,-24.700000000000003
48,0.0,-25.700000000000003
72,0.0,-24.700000000000003
24,36.0,-16.0
48,-6.0,-15.0
72,68.0,-16.0
24,-2.0,-47.5
48,98.0,-64.5
72,98.0,-74.5
24,97.0,-71.80000000000001
48,98.0,-86.80000000000001
72,7.0,-64.80000000000001
24,30.0,-50.700000000000045
48,-30.0,-14.700000000000045
72,23.0,-46.700000000000045
24,0.0,-88.20000000000005
48,0.0,-120.20000000000005
72,0.0,-107.20000000000005
24,2.0,-161.79999999999995
48,2.0,-149.79999999999995
72,2.0,-88.79999999999995
24,0.0,-101.0
48,0.0,-95.0
72,0.0,-112.0
24,53.0,-44.30000000000001
48,-40.0,2.6999999999999886
72,53.0,-72.30000000000001
24,-1.0,-48.19999999999999
48,47.0,-48.19999999999999
72,99.0,-83.19999999999999
24,-13.0,-20.5
48,-13.0,-20.5
72,87.0,-28.5
24,9.0,-16.0
48,86.0,-17.0
72,0.0,-16.0
24,100.0,-56.0
48,6.0,-46.0
72,0.0,-47.0
24,5.0,-69.69999999999999
48,6.0,-65.69999999999999
72,0.0,-67.69999999999999
24,0.0,-72.5
48,6.0,-68.5
72,6.0,-70.5
24,6.0,-72.79999999999995
48,6.0,-67.79999999999995
72,6.0,-69.79999999999995
24,5.0,-69.0
48,0.0,-63.0
72,0.0,-67.0
24,6.0,-67.5
48,6.0,-61.5
72,1.0,-64.5
24,0.0,-60.200000000000045
48,0.0,-55.200000000000045
72,0.0,-58.200000000000045
24,-5.0,-50.30000000000001
48,-5.0,-46.30000000000001
72,-5.0,-49.30000000000001
24,-53.0,-21.80000000000001
48,-59.0,-20.80000000000001
72,-59.0,-21.80000000000001
24,19.0,-14.799999999999997
48,100.0,-15.799999999999997
72,0.0,-15.799999999999997
24,5.0,-51.19999999999999
48,100.0,-65.19999999999999
72,5.0,-52.19999999999999
24,0.0,-68.30000000000001
48,0.0,-71.30000000000001
72,5.0,-70.30000000000001
24,0.0,-70.5
48,0.0,-73.5
72,5.0,-72.5
24,0.0,-71.5
48,0.0,-74.5
72,5.0,-72.5
24,0.0,-72.29999999999995
48,0.0,-74.29999999999995
72,0.0,-72.29999999999995
24,0.0,-73.29999999999995
48,0.0,-74.29999999999995
72,0.0,-72.29999999999995
24,0.0,-69.70000000000005
48,0.0,-68.70000000000005
72,0.0,-66.70000000000005
24,0.0,-55.80000000000001
48,0.0,-54.80000000000001
72,0.0,-54.80000000000001
24,0.0,-20.30000000000001
48,0.0,-20.30000000000001
72,0.0,-23.30000000000001
24,-2.0,-3.5
48,-7.0,6.5
72,0.0,-9.5
24,0.0,-11.5
48,0.0,63.5
72,0.0,-16.5
24,0.0,81.0
48,-12.0,182.0
72,-6.0,108.0
24,-43.0,260.7
48,-38.0,257.7
72,0.0,110.69999999999999
24,-77.0,351.7
48,-59.0,349.7
72,-18.0,246.7
24,-89.0,354.2
48,-65.0,352.2
72,-26.0,280.2
24,-100.0,323.3
48,-83.0,322.3
72,-89.0,309.3
24,-96.0,246.5
48,-96.0,246.5
72,-87.0,239.5
24,-99.0,130.5
48,-99.0,130.5
72,-89.0,125.5
24,-95.0,38.8
48,-95.0,38.8
72,5.0,-18.200000000000003
24,-86.0,7.800000000000001
48,-100.0,8.8
72,-100.0,8.8
24,-74.0,68.3
48,-100.0,72.3
72,-100.0,71.3
24,-84.0,104.0
48,-93.0,107.0
72,-96.0,106.0
24,-95.0,122.0
48,-88.0,124.0
72,-95.0,124.0
24,-100.0,145.5
48,-96.0,148.5
72,-100.0,148.5
24,-64.0,214.7
48,-92.0,220.7
72,-92.0,220.7
24,-100.0,88.0
48,-100.0,92.0
72,-100.0,93.0
24,-85.0,46.5
48,-85.0,48.5
72,-85.0,48.5
24,-69.0,-20.5
48,-74.0,-17.5
72,-35.0,-17.5
24,-43.0,28.299999999999997
48,-100.0,33.3
72,-18.0,7.299999999999997
24,0.0,-17.0
48,0.0,-17.0
72,0.0,-16.0
24,0.0,-49.2
48,0.0,-50.2
72,0.0,-46.2
24,0.0,-80.8
48,0.0,-78.8
72,0.0,-77.8
24,0.0,-76.0
48,0.0,-85.0
72,0.0,-87.0
24,0.0,-89.2
48,0.0,-98.2
72,0.0,-96.2
24,0.0,-55.2
48,0.0,-54.2
72,0.0,-47.2
24,0.0,-60.3
48,0.0,-58.3
72,0.0,-63.3
24,0.0,-69.5
48,0.0,-68.5
72,0.0,-70.5
24,0.0,-50.3
48,0.0,-49.3
72,0.0,-55.3
24,0.0,-36.5
48,0.0,-38.5
72,0.0,-40.5
24,0.0,-1.0
48,0.0,1.0
72,0.0,3.0
24,0.0,5.299999999999997
48,0.0,35.3
72,0.0,42.3
24,0.0,78.5
48,0.0,104.5
72,0.0,48.5
24,0.0,147.0
48,0.0,110.0
72,0.0,105.0
24,0.0,249.5
48,0.0,277.5
72,0.0,287.5
24,0.0,189.7
48,0.0,101.69999999999999
72,0.0,256.7
24,0.0,118.5
48,0.0,67.5
72,0.0,123.5
24,0.0,144.8
48,0.0,139.8
72,0.0,74.80000000000001
24,0.0,52.80000000000001
48,0.0,46.80000000000001
72,0.0,44.80000000000001
24,0.0,20.700000000000003
48,0.0,20.700000000000003
72,0.0,24.700000000000003
24,9.0,-12.200000000000003
48,10.0,-12.200000000000003
72,10.0,-13.200000000000003
24,-23.0,-21.0
48,-22.0,-22.0
72,72.0,-42.0
24,4.0,-3.3000000000000114
48,10.0,-4.300000000000011
72,5.0,-10.300000000000011
24,-8.0,-0.20000000000004547
48,40.0,-3.2000000000000455
72,29.0,-12.200000000000045
24,5.0,-24.200000000000045
48,90.0,-38.200000000000045
72,78.0,-48.200000000000045
24,2.0,-53.5
48,2.0,-53.5
72,96.0,-79.5
24,-12.0,-35.299999999999955
48,-8.0,-37.299999999999955
72,47.0,-53.299999999999955
24,4.0,-42.200000000000045
48,5.0,-44.200000000000045
72,66.0,-59.200000000000045
24,5.0,-44.69999999999999
48,6.0,-46.69999999999999
72,100.0,-62.69999999999999
24,-4.0,-25.0
48,71.0,-31.0
72,86.0,-39.0
24,1.0,-18.200000000000003
48,40.0,-19.200000000000003
72,65.0,-23.200000000000003
24,21.0,-77.30000000000001
48,21.0,-109.30000000000001
72,21.0,-86.30000000000001
24,-63.0,-54.80000000000001
48,-18.0,-64.80000000000001
72,26.0,-99.80000000000001
24,-94.0,-31.5
48,6.0,-190.5
72,-42.0,-42.5
24,-15.0,-65.70000000000005
48,0.0,-153.70000000000005
72,-40.0,-81.70000000000005
24,-41.0,-62.5
48,49.0,-71.5
72,-36.0,-61.5
24,0.0,-58.0
48,6.0,-57.0
72,100.0,-265.0
24,0.0,-58.799999999999955
48,77.0,-70.79999999999995
72,7.0,-59.799999999999955
24,0.0,-52.80000000000001
48,6.0,-51.80000000000001
72,0.0,-52.80000000000001
24,0.0,-28.0
48,6.0,-27.0
72,100.0,-51.0
24,0.0,-19.799999999999997
48,0.0,-19.799999999999997
72,0.0,-19.799999999999997
24,0.0,-65.5
48,0.0,-64.5
72,0.0,-64.5
24,0.0,-76.30000000000001
48,0.0,-75.30000000000001
72,0.0,-75.30000000000001
24,0.0,-76.20000000000005
48,0.0,-75.20000000000005
72,0.0,-74.20000000000005
24,-3.0,-76.70000000000005
48,-3.0,-75.70000000000005
72,-3.0,-74.70000000000005
24,0.0,-71.5
48,0.0,-71.5
72,0.0,-71.5
24,-19.0,-70.29999999999995
48,-19.0,-67.29999999999995
72,-19.0,-66.29999999999995
24,-1.0,-66.29999999999995
48,-1.0,-63.299999999999955
72,-1.0,-62.299999999999955
24,-2.0,-43.0
48,-2.0,-40.0
72,-2.0,-39.0
24,-28.0,-23.69999999999999
48,-28.0,-22.69999999999999
72,-28.0,-21.69999999999999
24,0.0,-18.5
48,0.0,-18.5
72,0.0,-18.5
24,0.0,-62.80000000000001
48,0.0,-59.80000000000001
72,0.0,-59.80000000000001
24,0.0,-73.30000000000001
48,0.0,-68.30000000000001
72,0.0,-69.30000000000001
24,0.0,-74.20000000000005
48,0.0,-69.20000000000005
72,0.0,-70.20000000000005
24,0.0,-75.70000000000005
48,0.0,-68.70000000000005
72,0.0,-69.70000000000005
24,0.0,-74.29999999999995
48,0.0,-67.29999999999995
72,0.0,-66.29999999999995
24,0.0,-72.0
48,0.0,-68.0
72,0.0,-64.0
24,0.0,-64.79999999999995
48,0.0,-61.799999999999955
72,0.0,-58.799999999999955
24,0.0,-44.19999999999999
48,0.0,-41.19999999999999
72,0.0,-38.19999999999999
24,-5.0,-26.19999999999999
48,-5.0,-25.19999999999999
72,-5.0,-23.19999999999999
24,-17.0,-18.5
48,-17.0,-19.5
72,-12.0,-19.5
24,-29.0,-42.69999999999999
48,-29.0,-43.69999999999999
72,-24.0,-44.69999999999999
24,-22.0,174.5
48,-22.0,173.5
72,-16.0,172.5
24,-64.0,319.8
48,-59.0,318.8
72,30.0,208.8
24,-84.0,401.0
48,-29.0,285.0
72,0.0,128.0
24,4.0,59.5
48,4.0,-11.5
72,3.0,213.5
24,0.0,-15.300000000000011
48,0.0,-4.300000000000011
72,0.0,41.69999999999999
24,0.0,-58.19999999999999
48,0.0,-24.19999999999999
72,0.0,28.80000000000001
24,0.0,-59.0
48,0.0,-41.0
72,0.0,-67.0
24,0.0,-32.3
48,0.0,-29.299999999999997
72,0.0,-35.3
24,0.0,-16.5
48,0.0,-15.5
72,0.0,-16.5
24,0.0,-47.2
48,0.0,-47.2
72,0.0,-49.2
24,0.0,-62.0
48,0.0,-67.0
72,0.0,-65.0
24,0.0,-62.5
48,0.0,-68.5
72,0.0,-63.5
24,0.0,-45.5
48,0.0,-57.5
72,0.0,-58.5
24,0.0,-31.700000000000003
48,0.0,-47.7
72,0.0,-42.7
24,0.0,-66.7
48,0.0,-81.7
72,0.0,-80.7
24,0.0,-79.5
48,0.0,-89.5
72,0.0,-88.5
24,0.0,-61.5
48,0.0,-68.5
72,0.0,-67.5
24,0.0,-34.2
48,0.0,-36.2
72,0.0,-35.2
24,0.0,-11.5
48,0.0,-15.5
72,0.0,-14.5
24,0.0,-33.7
48,0.0,-50.7
72,0.0,6.299999999999997
24,0.0,-45.30000000000001
48,0.0,-79.30000000000001
72,0.0,10.699999999999989
24,0.0,0.19999999999998863
48,0.0,-34.80000000000001
72,0.0,89.19999999999999
24,0.0,-64.5
48,0.0,-46.5
72,-79.0,342.5
24,37.0,14.199999999999989
48,37.0,10.199999999999989
72,-40.0,344.2
24,23.0,-154.2
48,23.0,-118.19999999999999
72,23.0,15.800000000000011
24,73.0,-122.80000000000001
48,73.0,-75.80000000000001
72,40.0,74.19999999999999
24,88.0,-59.19999999999999
48,98.0,-96.19999999999999
72,96.0,-4.199999999999989
24,89.0,-75.30000000000001
48,100.0,-78.30000000000001
72,100.0,-36.30000000000001
24,0.0,-20.700000000000003
48,6.0,-20.700000000000003
72,100.0,-24.700000000000003
24,0.0,-57.19999999999999
48,5.0,-57.19999999999999
72,12.0,-63.19999999999999
24,0.0,-67.0
48,5.0,-68.0
72,11.0,-73.0
24,5.0,-65.79999999999995
48,5.0,-64.79999999999995
72,17.0,-71.79999999999995
24,8.0,-33.700000000000045
48,-2.0,-30.700000000000045
72,15.0,-38.700000000000045
24,-16.0,194.2
48,-23.0,198.2
72,77.0,136.2
24,7.0,126.19999999999999
48,6.0,120.19999999999999
72,2.0,124.19999999999999
24,-68.0,82.5
48,-21.0,68.5
72,-70.0,83.5
24,9.0,63.69999999999999
48,97.0,-25.30000000000001
72,9.0,66.69999999999999
24,94.0,2.0
48,94.0,-8.0
72,94.0,5.0
24,3.0,9.200000000000003
48,8.0,8.200000000000003
72,3.0,9.200000000000003
24,5.0,52.0
48,15.0,48.0
72,43.0,47.0
24,-1.0,30.0
48,53.0,12.0
72,75.0,19.0
24,-100.0,-4.2999999999999545
48,-40.0,-22.299999999999955
72,-8.0,-15.299999999999955
24,-83.0,48.299999999999955
48,0.0,11.299999999999955
72,0.0,-14.700000000000045
24,0.0,194.3
48,0.0,190.3
72,-3.0,190.3
24,0.0,296.0
48,0.0,222.0
72,0.0,310.0
24,0.0,251.0
48,0.0,123.0
72,-17.0,274.0
24,0.0,152.8
48,0.0,90.80000000000001
72,-5.0,158.8
24,0.0,13.299999999999997
48,0.0,-4.700000000000003
72,0.0,24.299999999999997
24,0.0,-17.2
48,0.0,-11.2
72,0.0,-9.2
24,0.0,-34.8
48,0.0,25.200000000000003
72,0.0,15.200000000000003
24,0.0,-93.5
48,0.0,-38.5
72,0.0,-17.5
24,0.0,-65.3
48,0.0,-67.3
72,0.0,12.700000000000003
24,0.0,-84.3
48,0.0,-37.3
72,0.0,-13.299999999999997
24,0.0,-63.5
48,0.0,-10.5
72,0.0,-24.5
24,0.0,-76.3
48,0.0,78.7
72,0.0,-54.3
24,0.0,-90.7
48,0.0,-4.700000000000003
72,0.0,-67.7
24,0.0,-84.0
48,0.0,-43.0
72,0.0,-88.0
24,0.0,-24.299999999999997
48,0.0,-16.299999999999997
72,0.0,-37.3
24,0.0,-26.799999999999997
48,0.0,-28.799999999999997
72,0.0,-26.799999999999997
24,0.0,-101.69999999999999
48,0.0,-120.69999999999999
72,0.0,-123.69999999999999
24,0.0,-105.19999999999999
48,0.0,-153.2
72,0.0,-156.2
24,0.0,46.69999999999999
48,0.0,-131.3
72,0.0,-141.3
24,0.0,172.8
48,0.0,-156.2
72,0.0,-169.2
24,0.0,170.7
48,0.0,-238.3
72,0.0,-241.3
24,0.0,202.8
48,0.0,-229.2
72,0.0,-236.2
24,22.0,56.5
48,22.0,-268.5
72,22.0,-271.5
24,53.0,-19.0
48,57.0,-267.0
72,57.0,-264.0
24,10.0,6.199999999999989
48,98.0,-124.80000000000001
72,98.0,-129.8
24,0.0,-11.700000000000003
48,0.0,-19.700000000000003
72,0.0,-19.700000000000003
24,1.0,-10.199999999999989
48,1.0,-46.19999999999999
72,1.0,13.800000000000011
24,0.0,-138.2
48,0.0,-128.2
72,0.0,-14.199999999999989
24,0.0,-373.5
48,0.0,-106.5
72,0.0,-55.5
24,0.0,2.0
48,0.0,3.0
72,-1.0,120.0
24,1.0,37.5
48,1.0,107.5
72,1.0,129.5
24,0.0,39.80000000000001
48,-73.0,119.80000000000001
72,0.0,17.80000000000001
24,-84.0,2.8000000000000114
48,0.0,-12.199999999999989
72,0.0,-47.19999999999999
24,-84.0,-15.800000000000011
48,0.0,-65.80000000000001
72,0.0,-230.8
24,0.0,-24.69999999999999
48,-82.0,-23.69999999999999
72,0.0,-112.69999999999999
24,97.0,0.0
48,97.0,0.0
72,8.0,0.0
24,-11.0,-21.799999999999997
48,89.0,-27.799999999999997
72,89.0,-26.799999999999997
24,-10.0,-54.5
48,-10.0,-53.5
72,-4.0,-57.5
24,0.0,-62.19999999999999
48,0.0,-59.19999999999999
72,5.0,-66.19999999999999
24,0.0,-40.799999999999955
48,0.0,-35.799999999999955
72,0.0,-45.799999999999955
24,0.0,18.200000000000045
48,0.0,22.200000000000045
72,0.0,12.200000000000045
24,0.0,19.799999999999955
48,0.0,21.799999999999955
72,5.0,11.799999999999955
24,-19.0,51.0
48,-19.0,54.0
72,-13.0,45.0
24,-7.0,91.30000000000001
48,-7.0,94.30000000000001
72,-1.0,85.30000000000001
24,-24.0,99.19999999999999
48,-24.0,101.19999999999999
72,-18.0,94.19999999999999
24,0.0,48.2
48,0.0,49.2
72,5.0,46.2
24,74.0,0.0
48,85.0,0.0
72,5.0,0.0
24,56.0,-25.200000000000003
48,63.0,-24.200000000000003
72,10.0,-22.200000000000003
24,6.0,-56.5
48,0.0,-56.5
72,6.0,-54.5
24,0.0,-63.30000000000001
48,0.0,-65.30000000000001
72,5.0,-62.30000000000001
24,1.0,-65.29999999999995
48,1.0,-67.29999999999995
72,-4.0,-63.299999999999955
24,-32.0,-65.29999999999995
48,-27.0,-68.29999999999995
72,-22.0,-63.299999999999955
24,-43.0,-39.5
48,25.0,-56.5
72,-38.0,-38.5
24,-55.0,90.0
48,-50.0,88.0
72,-44.0,91.0
24,-100.0,31.80000000000001
48,-100.0,27.80000000000001
72,0.0,-15.199999999999989
24,-93.0,99.19999999999999
48,-93.0,95.19999999999999
72,-41.0,94.19999999999999
24,-91.0,52.2
48,-31.0,46.2
72,-91.0,52.2
24,22.0,-7.200000000000003
48,11.0,-8.200000000000003
72,11.0,-9.200000000000003
24,10.0,-45.5
48,5.0,-46.5
72,37.0,-56.5
24,-6.0,-71.19999999999999
48,-5.0,-72.19999999999999
72,21.0,-80.19999999999999
24,-49.0,-71.70000000000005
48,-50.0,-70.70000000000005
72,-49.0,-77.70000000000005
24,6.0,-76.70000000000005
48,0.0,-74.70000000000005
72,5.0,-81.70000000000005
24,5.0,-79.70000000000005
48,0.0,-77.70000000000005
72,5.0,-83.70000000000005
24,5.0,-78.29999999999995
48,5.0,-78.29999999999995
72,6.0,-82.29999999999995
24,-18.0,-68.0
48,-18.0,-67.0
72,-17.0,-71.0
24,-54.0,-8.0
48,-53.0,-7.0
72,-53.0,-10.0
24,-40.0,-14.199999999999989
48,-39.0,-13.199999999999989
72,-39.0,-14.199999999999989
24,91.0,0.0
48,91.0,0.0
72,91.0,0.0
24,78.0,-37.3
48,78.0,-27.299999999999997
72,78.0,-37.3
24,72.0,-236.8
48,35.0,-69.80000000000001
72,71.0,-189.8
24,0.0,-281.8
48,-93.0,90.19999999999999
72,0.0,-226.8
24,0.0,-252.7
48,-93.0,235.3
72,0.0,-139.7
24,-88.0,214.8
48,-88.0,218.8
72,0.0,-144.2
24,-31.0,192.8
48,-88.0,279.8
72,0.0,-99.19999999999999
24,-62.0,306.5
48,-76.0,310.5
72,-66.0,310.5
24,-45.0,238.0
48,-88.0,252.0
72,-89.0,253.0
24,20.0,26.5
48,-73.0,218.5
72,-74.0,219.5
24,25.0,-30.799999999999997
48,-68.0,83.2
72,-69.0,84.2
24,0.0,0.0
48,0.0,0.0
72,0.0,0.0
24,0.0,-11.0
48,0.0,5.0
72,0.0,-17.0
24,0.0,-3.700000000000003
48,0.0,97.3
72,0.0,-6.700000000000003
24,0.0,50.8
48,0.0,27.799999999999997
72,0.0,38.8
24,0.0,-3.3000000000000114
48,0.0,17.69999999999999
72,0.0,10.699999999999989
24,0.0,8.199999999999989
48,0.0,56.19999999999999
72,0.0,248.2
24,0.0,3.5
48,0.0,12.5
72,0.0,261.5
24,0.0,-32.30000000000001
48,0.0,6.699999999999989
72,0.0,280.7
24,0.0,11.0
48,0.0,-43.0
72,0.0,258.0
24,0.0,14.299999999999997
48,0.0,5.299999999999997
72,-2.0,158.3
24,0.0,-26.5
48,0.0,-33.5
72,0.0,20.5
24,-10.0,0.0
48,-88.0,0.0
72,-10.0,0.0
24,-91.0,21.200000000000003
48,-1.0,18.200000000000003
72,-43.0,20.200000000000003
24,-89.0,160.0
48,-86.0,161.0
72,-88.0,158.0
24,-87.0,267.8
48,-86.0,267.8
72,1.0,249.8
24,-73.0,340.3
48,-31.0,331.3
72,1.0,262.3
24,0.0,231.5
48,0.0,251.5
72,0.0,188.5
24,0.0,449.5
48,0.0,120.5
72,0.0,253.5
24,0.0,85.5
48,0.0,57.5
72,0.0,-126.5
24,0.0,-204.2
48,0.0,-226.2
72,0.0,-120.19999999999999
24,0.0,-238.8
48,0.0,-199.8
72,0.0,-135.8
24,0.0,-28.700000000000003
48,0.0,-47.7
72,0.0,-73.7
24,0.0,0.0
48,0.0,0.0
72,0.0,0.0
24,0.0,-29.0
48,0.0,-31.0
72,0.0,-32.0
24,0.0,-63.5
48,0.0,-68.5
72,0.0,-71.5
24,0.0,-69.5
48,0.0,-76.5
72,0.0,-79.5
24,0.0,-67.20000000000005
48,0.0,-73.20000000000005
72,0.0,-77.20000000000005
24,0.0,-66.79999999999995
48,0.0,-71.79999999999995
72,0.0,-75.79999999999995
24,0.0,-65.0
48,0.0,-68.0
72,0.0,-72.0
24,0.0,-60.700000000000045
48,0.0,-64.70000000000005
72,0.0,-70.70000000000005
24,0.0,-57.0
48,0.0,-62.0
72,0.0,-65.0
24,0.0,-50.80000000000001
48,0.0,-55.80000000000001
72,0.0,-55.80000000000001
24,0.0,-37.30000000000001
48,0.0,-39.30000000000001
72,0.0,-40.30000000000001
24,0.0,0.0
48,0.0,0.0
72,0.0,0.0
24,30.0,-26.5
48,30.0,-35.5
72,30.0,-34.5
24,0.0,-105.19999999999999
48,0.0,-74.19999999999999
72,0.0,-79.19999999999999
24,0.0,-93.19999999999999
48,0.0,-40.19999999999999
72,0.0,-60.19999999999999
24,0.0,-197.5
48,0.0,-92.5
72,0.0,-95.5
24,0.0,-150.70000000000005
48,0.0,-184.70000000000005
72,0.0,-163.70000000000005
24,3.0,92.80000000000001
48,3.0,23.80000000000001
72,3.0,53.80000000000001
24,0.0,13.300000000000011
48,0.0,3.3000000000000114
72,0.0,-19.69999999999999
24,0.0,14.0
48,0.0,-121.0
72,0.0,20.0
24,0.0,41.7
48,0.0,-3.299999999999997
72,0.0,105.7
24,0.0,25.299999999999997
48,0.0,41.3
72,0.0,67.3
24,17.0,0.0
48,-5.0,0.0
72,-76.0,0.0
24,2.0,-20.799999999999997
48,2.0,-7.799999999999997
72,-91.0,-2.799999999999997
24,0.0,1.6999999999999886
48,-80.0,90.69999999999999
72,-94.0,93.69999999999999
24,2.0,60.0
48,-58.0,86.0
72,-87.0,96.0
24,-76.0,154.7
48,3.0,79.69999999999999
72,3.0,101.69999999999999
24,0.0,-269.2
48,0.0,89.80000000000001
72,-81.0,232.8
24,0.0,-76.30000000000001
48,0.0,149.7
72,-88.0,263.7
24,-67.0,166.3
48,22.0,-152.7
72,22.0,123.30000000000001
24,-82.0,157.3
48,7.0,18.30000000000001
72,7.0,19.30000000000001
24,-28.0,88.19999999999999
48,66.0,-24.80000000000001
72,66.0,-7.800000000000011
24,4.0,-19.80000000000001
48,98.0,-74.80000000000001
72,98.0,-117.80000000000001
24,0.0,0.0
48,0.0,0.0
72,0.0,0.0
24,0.0,-21.0
48,0.0,-22.0
72,0.0,-22.0
24,0.0,-45.0
48,0.0,-47.0
72,0.0,-47.0
24,0.0,-50.0
48,0.0,-54.0
72,0.0,-55.0
24,0.0,-49.299999999999955
48,0.0,-53.299999999999955
72,0.0,-54.299999999999955
24,0.0,-49.799999999999955
48,0.0,-53.799999999999955
72,0.0,-55.799999999999955
24,0.0,-51.5
48,0.0,-56.5
72,0.0,-58.5
24,0.0,-53.299999999999955
48,0.0,-56.299999999999955
72,0.0,-55.299999999999955
24,0.0,-49.299999999999955
48,0.0,-51.299999999999955
72,0.0,-49.299999999999955
24,0.0,-33.0
48,0.0,-34.0
72,0.0,-32.0
24,0.0,-16.69999999999999
48,0.0,-16.69999999999999
72,0.0,-15.699999999999989
24,100.0,0.0
48,100.0,0.0
72,52.0,0.0
24,84.0,-33.5
48,100.0,-45.5
72,12.0,-28.5
24,40.0,-61.80000000000001
48,97.0,-114.80000000000001
72,97.0,-84.80000000000001
24,-41.0,-60.5
48,48.0,-115.5
72,48.0,-129.5
24,54.0,-119.20000000000005
48,54.0,-107.20000000000005
72,28.0,-62.200000000000045
24,30.0,-143.79999999999995
48,-65.0,-51.799999999999955
72,-64.0,-52.799999999999955
24,33.0,-145.70000000000005
48,-27.0,-62.700000000000045
72,33.0,-79.70000000000005
24,95.0,-93.29999999999995
48,0.0,-65.29999999999995
72,1.0,-65.29999999999995
24,6.0,-67.0
48,5.0,-68.0
72,5.0,-66.0
24,0.0,-64.69999999999999
48,0.0,-67.69999999999999
72,5.0,-63.69999999999999
24,0.0,-34.69999999999999
48,6.0,-41.69999999999999
72,0.0,-35.69999999999999
24,0.0,0.0
48,6.0,0.0
72,100.0,0.0
24,0.0,-32.8
48,5.0,-33.8
72,100.0,-94.8
24,0.0,-65.69999999999999
48,0.0,-66.69999999999999
72,100.0,-269.7
24,0.0,-68.70000000000005
48,0.0,-70.70000000000005
72,100.0,-375.70000000000005
24,0.0,-65.79999999999995
48,0.0,-67.79999999999995
72,82.0,-194.79999999999995
24,5.0,-69.20000000000005
48,0.0,-72.20000000000005
72,100.0,-217.20000000000005
24,0.0,-74.70000000000005
48,6.0,-78.70000000000005
72,78.0,-394.70000000000005
24,0.0,-72.79999999999995
48,0.0,-72.79999999999995
72,55.0,-142.79999999999995
24,0.0,-71.79999999999995
48,0.0,-69.79999999999995
72,100.0,-541.8
24,0.0,-62.0
48,0.0,-59.0
72,100.0,-428.0
24,0.0,-12.699999999999989
48,0.0,-9.699999999999989
72,100.0,-192.7
24,5.0,-0.2
48,0.0,-0.2
72,0.0,-0.2
24,0.0,-63.299999999999955
48,0.0,-73.29999999999995
72,0.0,-73.29999999999995
24,0.0,-66.79999999999995
48,0.0,-77.79999999999995
72,0.0,-78.79999999999995
24,0.0,-71.5
48,0.0,-85.5
72,0.0,-87.5
24,0.0,-72.29999999999995
48,0.0,-81.29999999999995
72,0.0,-88.29999999999995
24,0.0,-70.0
48,0.0,-77.0
72,0.0,-86.0
24,0.0,-66.0
48,0.0,-72.0
72,5.0,-80.0
24,0.0,-47.80000000000001
48,0.0,-52.80000000000001
72,0.0,-58.80000000000001
24,-30.0,1.0
48,15.0,1.0
72,47.0,1.0
24,94.0,-31.0
48,94.0,-38.0
72,94.0,-46.0
24,91.0,-105.80000000000001
48,91.0,-90.80000000000001
72,91.0,-124.80000000000001
24,46.0,-132.3
48,46.0,-137.3
72,46.0,-187.3
24,13.0,-125.70000000000005
48,13.0,-178.70000000000005
72,13.0,-213.70000000000005
24,5.0,-125.20000000000005
48,5.0,-246.20000000000005
72,5.0,-247.20000000000005
24,-87.0,-60.0
48,4.0,-298.0
72,4.0,-330.0
24,-33.0,-4.7000000000000455
48,12.0,-225.70000000000005
72,12.0,-133.70000000000005
24,-48.0,43.69999999999999
48,0.0,-187.3
72,0.0,-250.3
24,5.0,7.699999999999989
48,5.0,-138.3
72,5.0,-232.3
24,0.0,0.0
48,0.0,0.0
72,0.0,1.0
24,0.0,-36.3
48,0.0,20.700000000000003
72,0.0,11.700000000000003
24,0.0,-60.5
48,0.0,79.5
72,0.0,64.5
24,0.0,-106.69999999999999
48,0.0,124.30000000000001
72,0.0,103.30000000000001
24,0.0,-89.69999999999999
48,0.0,38.30000000000001
72,0.0,103.30000000000001
24,0.0,-75.69999999999999
48,0.0,146.3
72,0.0,221.3
24,0.0,92.19999999999999
48,0.0,212.2
72,0.0,349.2
24,0.0,70.69999999999999
48,0.0,130.7
72,0.0,321.7
24,0.0,-7.0
48,0.0,61.0
72,0.0,244.0
24,0.0,-29.5
48,0.0,65.5
72,0.0,155.5
24,0.0,25.799999999999997
48,0.0,52.8
72,0.0,70.8
24,3.0,1.0
48,96.0,1.0
72,96.0,0.0
24,-17.0,-9.799999999999997
48,76.0,-61.8
72,76.0,-47.8
24,-93.0,-30.80000000000001
48,-56.0,-43.80000000000001
72,-4.0,-124.80000000000001
24,-88.0,2.5
48,-88.0,-4.5
72,-7.0,-62.5
24,-88.0,235.0
48,-83.0,228.0
72,0.0,169.0
24,0.0,304.0
48,-45.0,306.0
72,0.0,248.0
24,0.0,92.70000000000005
48,0.0,47.700000000000045
72,0.0,21.700000000000045
24,0.0,-101.70000000000005
48,0.0,-425.70000000000005
72,0.0,-99.70000000000005
24,-71.0,-23.299999999999955
48,6.0,-254.29999999999995
72,6.0,-67.29999999999995
24,31.0,-5.199999999999989
48,31.0,-9.199999999999989
72,31.0,19.80000000000001
24,12.0,-20.19999999999999
48,79.0,-47.19999999999999
72,80.0,-34.19999999999999
24,0.0,1.0
48,0.0,1.0
72,0.0,1.0
24,-1.0,-26.700000000000003
48,-1.0,-27.700000000000003
72,-1.0,-27.700000000000003
24,0.0,-63.30000000000001
48,0.0,-64.30000000000001
72,0.0,-64.30000000000001
24,0.0,-74.0
48,5.0,-76.0
72,0.0,-75.0
24,5.0,-75.0
48,5.0,-77.0
72,91.0,-115.0
24,6.0,-77.20000000000005
48,10.0,-80.20000000000005
72,36.0,-86.20000000000005
24,-31.0,-76.70000000000005
48,59.0,-161.70000000000005
72,59.0,-173.70000000000005
24,-45.0,-39.200000000000045
48,45.0,-233.20000000000005
72,41.0,-78.20000000000005
24,57.0,-134.5
48,57.0,-181.5
72,57.0,-74.5
24,6.0,-111.80000000000001
48,6.0,-212.8
72,6.0,-169.8
24,5.0,-31.69999999999999
48,5.0,-15.699999999999989
72,5.0,-17.69999999999999
24,0.0,1.0
48,0.0,1.0
72,0.0,1.0
24,0.0,-11.0
48,0.0,-1.0
72,0.0,-2.0
24,0.0,-86.19999999999999
48,0.0,-32.19999999999999
72,0.0,-23.19999999999999
24,0.0,-2.1999999999999886
48,0.0,-93.19999999999999
72,0.0,-46.19999999999999
24,0.0,-97.70000000000005
48,0.0,-53.700000000000045
72,0.0,-23.700000000000045
24,0.0,-65.0
48,0.0,34.0
72,0.0,79.0
24,0.0,-16.0
48,0.0,-24.0
72,0.0,152.0
24,81.0,-88.5
48,81.0,-231.5
72,81.0,87.5
24,81.0,-273.29999999999995
48,81.0,-295.29999999999995
72,33.0,-25.299999999999955
24,43.0,-253.8
48,43.0,-228.8
72,-51.0,-35.80000000000001
24,43.0,-112.80000000000001
48,43.0,-126.80000000000001
72,-17.0,-34.80000000000001
24,0.0,2.0
48,0.0,2.0
72,0.0,2.0
24,0.0,-27.5
48,0.0,-27.5
72,0.0,-26.5
24,0.0,-60.69999999999999
48,0.0,-59.69999999999999
72,0.0,-58.69999999999999
24,0.0,-66.5
48,0.0,-64.5
72,0.0,-62.5
24,0.0,-57.799999999999955
48,0.0,-55.799999999999955
72,0.0,-54.799999999999955
24,-1.0,-64.79999999999995
48,-1.0,-62.799999999999955
72,-1.0,-61.799999999999955
24,0.0,-70.0
48,0.0,-67.0
72,0.0,-68.0
24,0.0,-71.0
48,0.0,-68.0
72,0.0,-70.0
24,0.0,-71.29999999999995
48,0.0,-67.29999999999995
72,0.0,-68.29999999999995
24,0.0,-68.80000000000001
48,0.0,-65.80000000000001
72,0.0,-65.80000000000001
24,0.0,-58.5
48,0.0,-56.5
72,0.0,-56.5
24,0.0,2.0
48,0.0,2.0
72,0.0,2.0
24,0.0,-24.700000000000003
48,0.0,-24.700000000000003
72,0.0,-23.700000000000003
24,0.0,-60.69999999999999
48,0.0,-59.69999999999999
72,0.0,-57.69999999999999
24,0.0,-61.0
48,0.0,-61.0
72,0.0,-59.0
24,0.0,-44.799999999999955
48,0.0,-47.799999999999955
72,0.0,-44.799999999999955
24,0.0,-52.700000000000045
48,0.0,-55.700000000000045
72,0.0,-54.700000000000045
24,0.0,-65.0
48,0.0,-66.0
72,0.0,-68.0
24,0.0,-67.70000000000005
48,0.0,-65.70000000000005
72,0.0,-65.70000000000005
24,0.0,-70.0
48,0.0,-65.0
72,0.0,-67.0
24,0.0,-65.30000000000001
48,0.0,-63.30000000000001
72,0.0,-64.30000000000001
24,0.0,-50.80000000000001
48,0.0,-51.80000000000001
72,0.0,-50.80000000000001
24,0.0,2.0
48,0.0,2.0
72,0.0,3.0
24,0.0,-18.799999999999997
48,0.0,-19.799999999999997
72,0.0,-18.799999999999997
24,0.0,-26.30000000000001
48,0.0,-29.30000000000001
72,0.0,-28.30000000000001
24,0.0,-23.299999999999955
48,5.0,-27.299999999999955
72,5.0,-27.299999999999955
24,0.0,-24.200000000000045
48,5.0,-24.200000000000045
72,5.0,-28.200000000000045
24,0.0,-33.200000000000045
48,0.0,-32.200000000000045
72,6.0,-37.200000000000045
24,0.0,-34.5
48,5.0,-32.5
72,6.0,-36.5
24,0.0,-30.700000000000045
48,0.0,-35.700000000000045
72,0.0,-30.700000000000045
24,0.0,-30.5
48,0.0,-36.5
72,0.0,-24.5
24,0.0,-29.30000000000001
48,5.0,-33.30000000000001
72,6.0,-26.30000000000001
24,5.0,-29.30000000000001
48,0.0,-31.30000000000001
72,44.0,-31.30000000000001
24,6.0,3.0
48,6.0,3.0
72,6.0,3.0
24,0.0,-34.7
48,0.0,-38.7
72,0.0,-33.7
24,2.0,-106.0
48,2.0,-142.0
72,2.0,-149.0
24,-13.0,-62.5
48,0.0,-160.5
72,0.0,-299.5
24,31.0,-117.5
48,31.0,-276.5
72,31.0,-542.5
24,0.0,145.8
48,0.0,108.80000000000001
72,0.0,-381.2
24,0.0,259.5
48,0.0,-291.5
72,0.0,-400.5
24,0.0,112.30000000000001
48,0.0,-351.7
72,0.0,-415.7
24,0.0,93.69999999999999
48,0.0,-320.3
72,0.0,-314.3
24,0.0,7.5
48,0.0,-117.5
72,0.0,-222.5
24,0.0,10.799999999999997
48,0.0,-105.2
72,0.0,-107.2
24,0.0,0.0
48,0.0,0.0
72,0.0,0.0
24,0.0,-49.3
48,0.0,-50.3
72,0.0,-51.3
24,0.0,-75.0
48,0.0,-71.0
72,0.0,-74.0
24,0.0,-114.19999999999999
48,0.0,-118.19999999999999
72,0.0,-117.19999999999999
24,0.0,-124.0
48,0.0,-128.0
72,0.0,-120.0
24,0.0,-70.7
48,0.0,-73.7
72,0.0,-11.700000000000003
24,0.0,-141.7
48,0.0,-139.7
72,0.0,-106.69999999999999
24,0.0,-148.5
48,0.0,-84.5
72,0.0,-79.5
24,0.0,-84.7
48,0.0,-4.700000000000003
72,0.0,-29.700000000000003
24,0.0,-80.5
48,0.0,-17.5
72,0.0,-16.5
24,0.0,-63.2
48,0.0,-24.200000000000003
72,0.0,-25.200000000000003
24,0.0,3.0
48,0.0,2.0
72,-100.0,4.0
24,-58.0,31.799999999999997
48,-75.0,34.8
72,-100.0,39.8
24,-73.0,155.0
48,-86.0,157.0
72,-100.0,166.0
24,-31.0,235.5
48,-30.0,278.5
72,0.0,285.5
24,-32.0,325.7
48,-48.0,397.7
72,-43.0,372.7
24,-23.0,358.3
48,-41.0,448.3
72,-41.0,432.3
24,0.0,365.2
48,-31.0,440.2
72,-21.0,369.2
24,0.0,182.5
48,0.0,351.5
72,-12.0,252.5
24,-3.0,121.69999999999999
48,0.0,24.69999999999999
72,0.0,132.7
24,0.0,5.699999999999989
48,0.0,29.69999999999999
72,0.0,126.69999999999999
24,-23.0,31.5
48,0.0,47.5
72,0.0,20.5
24,0.0,1.0
48,0.0,0.0
72,0.0,1.0
24,0.0,-21.3
48,0.0,-19.3
72,0.0,-22.3
24,0.0,-31.700000000000003
48,0.0,-55.7
72,0.0,-51.7
24,0.0,-95.8
48,0.0,-93.8
72,0.0,-54.8
24,0.0,-55.2
48,0.0,-62.2
72,0.0,-62.2
24,0.0,-123.5
48,0.0,-111.5
72,0.0,-118.5
24,0.0,-64.30000000000001
48,0.0,-102.30000000000001
72,0.0,34.69999999999999
24,0.0,-11.799999999999997
48,0.0,-16.799999999999997
72,0.0,3.200000000000003
24,0.0,-69.2
48,0.0,-53.2
72,0.0,-73.2
24,0.0,-51.2
48,0.0,-36.2
72,0.0,-41.2
24,0.0,-10.0
48,0.0,-8.0
72,0.0,-8.0
24,0.0,0.0
48,0.0,0.0
72,0.0,0.0
24,0.0,-40.2
48,0.0,-40.2
72,0.0,-40.2
24,0.0,-51.5
48,0.0,-60.5
72,0.0,-53.5
24,0.0,-64.8
48,0.0,-74.8
72,0.0,-59.8
24,0.0,-64.7
48,0.0,-69.7
72,0.0,-35.7
24,0.0,-77.7
48,0.0,-79.7
72,0.0,-20.700000000000003
24,0.0,-72.2
48,0.0,-69.2
72,0.0,-36.2
24,0.0,-84.8
48,0.0,-67.8
72,0.0,38.2
24,0.0,-52.2
48,0.0,-56.2
72,0.0,17.799999999999997
24,0.0,-41.5
48,0.0,-45.5
72,0.0,-15.5
24,0.0,-34.7
48,0.0,-36.7
72,0.0,-23.700000000000003
24,0.0,-3.8000000000000007
48,0.0,-2.8000000000000007
72,0.0,5.199999999999999
24,-100.0,3.7
48,0.0,1.7
72,0.0,0.7
24,0.0,-59.3
48,0.0,-45.3
72,-47.0,19.700000000000003
24,0.0,-116.69999999999999
48,0.0,-55.69999999999999
72,-27.0,70.30000000000001
24,0.0,-112.19999999999999
48,0.0,-6.199999999999989
72,0.0,171.8
24,0.0,-26.19999999999999
48,0.0,40.80000000000001
72,0.0,291.8
24,0.0,98.19999999999999
48,0.0,201.2
72,0.0,137.2
24,3.0,-81.70000000000005
48,3.0,-393.70000000000005
72,3.0,-67.70000000000005
24,0.0,-322.70000000000005
48,0.0,-167.70000000000005
72,0.0,-2.7000000000000455
24,0.0,-209.29999999999995
48,0.0,-598.3
72,0.0,-103.29999999999995
24,0.0,14.0
48,0.0,-382.0
72,0.0,2.0
24,-95.0,90.69999999999999
48,0.0,-41.30000000000001
72,0.0,55.69999999999999
24,-10.0,11.299999999999997
48,0.0,-29.700000000000003
72,0.0,2.299999999999997
24,0.0,0.19999999999999996
48,0.0,-0.8
72,0.0,-0.8
24,0.0,-43.3
48,0.0,-52.3
72,0.0,-53.3
24,0.0,-71.2
48,0.0,-91.2
72,0.0,-88.2
24,0.0,20.299999999999997
48,0.0,-74.7
72,0.0,-102.7
24,0.0,82.7
48,0.0,-31.299999999999997
72,0.0,-41.3
24,0.0,15.300000000000011
48,0.0,-108.69999999999999
72,0.0,-102.69999999999999
24,0.0,-15.0
48,0.0,-40.0
72,0.0,-42.0
24,0.0,-90.8
48,0.0,-89.8
72,0.0,-101.8
24,0.0,-138.5
48,0.0,-95.5
72,0.0,-137.5
24,0.0,-61.5
48,0.0,-61.5
72,0.0,-61.5
24,0.0,-20.0
48,0.0,-23.0
72,0.0,-20.0
24,0.0,-13.0
48,0.0,-13.0
72,0.0,-13.0
24,0.0,0.0
48,0.0,0.0
72,0.0,0.0
24,0.0,-50.2
48,0.0,-46.2
72,0.0,-50.2
24,0.0,-82.7
48,0.0,-78.7
72,0.0,-83.7
24,0.0,-119.0
48,0.0,-111.0
72,0.0,-108.0
24,0.0,0.5
48,0.0,-38.5
72,0.0,-16.5
24,0.0,-43.8
48,0.0,-5.799999999999997
72,0.0,-1.7999999999999972
24,0.0,-162.8
48,0.0,-143.8
72,0.0,-85.80000000000001
24,0.0,-239.3
48,0.0,-225.3
72,0.0,-236.3
24,0.0,-107.5
48,0.0,-106.5
72,0.0,-89.5
24,0.0,-66.0
48,0.0,-75.0
72,0.0,-58.0
24,0.0,-5.799999999999997
48,0.0,-38.8
72,0.0,-24.799999999999997
24,0.0,8.2
48,0.0,-14.8
72,0.0,-8.8
24,2.0,5.5
48,2.0,-0.5
72,2.0,0.5
24,-55.0,36.7
48,3.0,33.7
72,34.0,-19.299999999999997
24,-32.0,192.2
48,-54.0,202.2
72,30.0,39.19999999999999
24,-4.0,343.8
48,0.0,341.8
72,0.0,-8.200000000000003
24,-1.0,405.3
48,11.0,397.3
72,11.0,16.30000000000001
24,7.0,571.0
48,37.0,365.0
72,37.0,47.0
24,18.0,532.3
48,6.0,495.3
72,18.0,-11.699999999999989
24,9.0,483.2
48,9.0,335.2
72,9.0,140.2
24,-67.0,368.3
48,6.0,179.3
72,6.0,43.30000000000001
24,5.0,194.8
48,5.0,99.80000000000001
72,5.0,-24.19999999999999
24,0.0,79.7
48,0.0,51.7
72,0.0,-20.299999999999997
24,9.0,22.7
48,9.0,17.7
72,9.0,-4.300000000000001
24,1.0,6.7
48,1.0,6.7
72,1.0,6.7
24,0.0,55.3
48,0.0,62.3
72,-46.0,72.3
24,0.0,211.2
48,0.0,220.2
72,-95.0,235.2
24,0.0,351.8
48,-67.0,391.8
72,-95.0,391.8
24,0.0,419.7
48,-76.0,473.7
72,-78.0,466.7
24,-48.0,410.5
48,-25.0,406.5
72,-94.0,415.5
24,0.0,326.7
48,-40.0,400.7
72,-94.0,406.7
24,0.0,213.3
48,0.0,213.3
72,-15.0,269.3
24,0.0,96.69999999999999
48,0.0,101.69999999999999
72,-94.0,190.7
24,0.0,66.5
48,0.0,30.5
72,-89.0,170.5
24,0.0,3.5
48,0.0,-40.5
72,0.0,43.5
24,0.0,0.29999999999999716
48,0.0,-9.700000000000003
72,0.0,10.299999999999997
24,6.0,8.0
48,3.0,8.0
72,-1.0,8.0
24,-53.0,42.5
48,0.0,-13.5
72,0.0,-69.5
24,-15.0,54.30000000000001
48,-44.0,167.3
72,0.0,-79.69999999999999
24,0.0,130.7
48,-13.0,336.7
72,-36.0,339.7
24,0.0,228.8
48,0.0,350.8
72,0.0,180.8
24,0.0,16.299999999999955
48,0.0,-19.700000000000045
72,0.0,-128.70000000000005
24,0.0,159.8
48,0.0,-11.199999999999989
72,0.0,-66.19999999999999
24,0.0,-14.8
48,0.0,6.199999999999999
72,0.0,31.2
24,-5.0,3.7
48,-5.0,3.7
72,95.0,-5.3
24,0.0,-31.19999999999999
48,0.0,-38.19999999999999
72,100.0,-168.2
24,-1.0,-33.80000000000001
48,5.0,-41.80000000000001
72,99.0,-333.8
24,-95.0,33.299999999999955
48,-94.0,22.299999999999955
72,0.0,-354.70000000000005
24,-94.0,394.2
48,-15.0,370.2
72,0.0,338.2
24,0.0,217.0
48,0.0,209.0
72,0.0,-244.0
24,0.0,312.7
48,0.0,62.69999999999999
72,0.0,243.7
24,0.0,-270.20000000000005
48,-9.0,-60.200000000000045
72,0.0,176.79999999999995
24,0.0,-118.19999999999999
48,0.0,-66.19999999999999
72,0.0,210.8
24,0.0,-39.0
48,0.0,-56.0
72,0.0,25.0
24,0.0,-3.0
48,0.0,28.0
72,0.0,11.0
24,0.0,5.799999999999997
48,0.0,4.799999999999997
72,0.0,7.799999999999997
24,30.0,2.0
48,49.0,2.0
72,-41.0,2.0
24,44.0,-63.80000000000001
48,-45.0,-32.80000000000001
72,44.0,-57.80000000000001
24,-83.0,-34.80000000000001
48,-83.0,-32.80000000000001
72,6.0,-63.80000000000001
24,-68.0,-43.799999999999955
48,26.0,-55.799999999999955
72,-2.0,-54.799999999999955
24,-82.0,-48.799999999999955
48,12.0,-62.799999999999955
72,-74.0,-61.799999999999955
24,11.0,-55.799999999999955
48,35.0,-56.799999999999955
72,100.0,-294.79999999999995
24,-43.0,-55.799999999999955
48,-4.0,-66.79999999999995
72,57.0,-458.79999999999995
24,-74.0,-37.299999999999955
48,17.0,-83.29999999999995
72,20.0,-109.29999999999995
24,-90.0,59.0
48,-94.0,54.0
72,0.0,-185.0
24,-85.0,-4.5
48,-94.0,-6.5
72,0.0,-179.5
24,0.0,23.19999999999999
48,0.0,26.19999999999999
72,0.0,-50.80000000000001
24,0.0,27.200000000000003
48,0.0,32.2
72,0.0,4.200000000000003
24,-85.0,9.5
48,-24.0,9.5
72,5.0,1.5
24,-39.0,49.8
48,1.0,42.8
72,1.0,-6.200000000000003
24,-6.0,161.7
48,-7.0,168.7
72,87.0,69.69999999999999
24,6.0,34.200000000000045
48,0.0,45.200000000000045
72,89.0,-11.799999999999955
24,-12.0,33.200000000000045
48,-12.0,44.200000000000045
72,83.0,3.2000000000000455
24,15.0,254.29999999999995
48,8.0,263.29999999999995
72,97.0,237.29999999999995
24,-10.0,32.299999999999955
48,65.0,26.299999999999955
72,-16.0,32.299999999999955
24,96.0,-370.5
48,2.0,10.5
72,96.0,-29.5
24,12.0,-413.5
48,-69.0,-21.5
72,12.0,-39.5
24,0.0,33.0
48,0.0,77.0
72,-95.0,113.0
24,0.0,-22.69999999999999
48,0.0,-15.699999999999989
72,-100.0,34.30000000000001
24,0.0,-33.2
48,0.0,-27.200000000000003
72,-95.0,-8.200000000000003
24,-88.0,8.7
48,-71.0,8.7
72,-92.0,8.7
24,-18.0,-8.199999999999989
48,10.0,-18.19999999999999
72,-33.0,-13.199999999999989
24,60.0,-59.0
48,85.0,-78.0
72,85.0,-102.0
24,2.0,-110.29999999999995
48,2.0,-94.29999999999995
72,2.0,-155.29999999999995
24,1.0,-119.29999999999995
48,-78.0,-53.299999999999955
72,1.0,-241.29999999999995
24,0.0,-9.0
48,-15.0,87.0
72,0.0,-186.0
24,0.0,-34.0
48,0.0,-164.0
72,0.0,-339.0
24,2.0,-107.29999999999995
48,2.0,-168.29999999999995
72,2.0,-494.29999999999995
24,0.0,-71.29999999999995
48,0.0,-44.299999999999955
72,0.0,-222.29999999999995
24,0.0,-32.0
48,0.0,-75.0
72,0.0,-153.0
24,1.0,-85.80000000000001
48,1.0,-77.80000000000001
72,1.0,-132.8
24,20.0,-6.700000000000003
48,20.0,-11.700000000000003
72,20.0,-13.700000000000003
24,0.0,1.1999999999999993
48,0.0,2.1999999999999993
72,0.0,2.1999999999999993
24,0.0,-55.0
48,0.0,-46.0
72,0.0,-46.0
24,0.0,-57.0
48,0.0,-46.0
72,0.0,-45.0
24,0.0,-54.5
48,0.0,-44.5
72,0.0,-41.5
24,0.0,-57.200000000000045
48,0.0,-47.200000000000045
72,0.0,-42.200000000000045
24,0.0,-54.5
48,0.0,-46.5
72,0.0,-41.5
24,0.0,-55.200000000000045
48,0.0,-51.200000000000045
72,0.0,-46.200000000000045
24,0.0,-59.0
48,0.0,-56.0
72,0.0,-53.0
24,0.0,-57.200000000000045
48,0.0,-55.200000000000045
72,0.0,-52.200000000000045
24,0.0,-32.69999999999999
48,0.0,-30.69999999999999
72,0.0,-29.69999999999999
24,0.0,-13.799999999999997
48,0.0,-12.799999999999997
72,0.0,-12.799999999999997
24,-11.0,7.0
48,48.0,7.0
72,-4.0,7.0
24,30.0,28.0
48,-15.0,29.0
72,67.0,19.0
24,-9.0,137.8
48,17.0,88.80000000000001
72,17.0,41.80000000000001
24,3.0,187.7
48,3.0,161.7
72,3.0,-215.3
24,1.0,75.5
48,1.0,-133.5
72,1.0,-540.5
24,7.0,57.200000000000045
48,7.0,-43.799999999999955
72,7.0,-575.8
24,1.0,131.70000000000005
48,1.0,-27.299999999999955
72,1.0,-270.29999999999995
24,0.0,322.2
48,0.0,217.2
72,0.0,-364.8
24,-18.0,502.3
48,-8.0,426.3
72,-6.0,150.3
24,0.0,351.8
48,0.0,278.8
72,0.0,32.8
24,0.0,21.799999999999997
48,0.0,107.8
72,0.0,9.799999999999997
24,9.0,4.0
48,-10.0,53.0
72,-85.0,59.0
24,0.0,-0.3000000000000007
48,11.0,-0.3000000000000007
72,71.0,-3.3000000000000007
24,0.0,-43.69999999999999
48,0.0,-45.69999999999999
72,100.0,-178.7
24,0.0,-59.69999999999999
48,0.0,-62.69999999999999
72,100.0,-292.7
24,0.0,-61.700000000000045
48,5.0,-65.70000000000005
72,100.0,-221.70000000000005
24,6.0,-57.700000000000045
48,0.0,-56.700000000000045
72,79.0,-90.70000000000005
24,-1.0,-57.0
48,-1.0,-53.0
72,83.0,-228.0
24,5.0,-54.5
48,5.0,-48.5
72,8.0,-61.5
24,6.0,-53.799999999999955
48,6.0,-54.799999999999955
72,6.0,-51.799999999999955
24,-1.0,-49.799999999999955
48,0.0,-46.799999999999955
72,0.0,-48.799999999999955
24,-8.0,-33.299999999999955
48,-7.0,-33.299999999999955
72,-6.0,-34.299999999999955
24,4.0,-19.0
48,-1.0,-19.0
72,4.0,-19.0
24,5.0,-6.700000000000003
48,0.0,-6.700000000000003
72,10.0,-6.700000000000003
24,0.0,-0.6999999999999993
48,0.0,-0.6999999999999993
72,0.0,-0.6999999999999993
24,-9.0,-39.80000000000001
48,-9.0,-41.80000000000001
72,-9.0,-41.80000000000001
24,-19.0,-55.69999999999999
48,-19.0,-56.69999999999999
72,-19.0,-57.69999999999999
24,4.0,-57.799999999999955
48,-1.0,-58.799999999999955
72,5.0,-55.799999999999955
24,0.0,-47.299999999999955
48,0.0,-47.299999999999955
72,6.0,-42.299999999999955
24,0.0,-55.799999999999955
48,0.0,-54.799999999999955
72,5.0,-49.799999999999955
24,0.0,-62.0
48,5.0,-61.0
72,5.0,-56.0
24,0.0,-64.79999999999995
48,0.0,-60.799999999999955
72,0.0,-59.799999999999955
24,-8.0,-65.79999999999995
48,-13.0,-60.799999999999955
72,-13.0,-58.799999999999955
24,42.0,-71.0
48,-1.0,-61.0
72,-1.0,-60.0
24,4.0,-59.19999999999999
48,-2.0,-56.19999999999999
72,-2.0,-57.19999999999999
24,-18.0,-20.5
48,-23.0,-19.5
72,-23.0,-19.5
24,5.0,-1.6999999999999993
48,6.0,-1.6999999999999993
72,0.0,-0.6999999999999993
24,0.0,-43.5
48,5.0,-44.5
72,0.0,-44.5
24,0.0,-59.69999999999999
48,0.0,-60.69999999999999
72,6.0,-60.69999999999999
24,0.0,-58.799999999999955
48,0.0,-59.799999999999955
72,0.0,-58.799999999999955
24,6.0,-57.799999999999955
48,0.0,-52.799999999999955
72,0.0,-54.799999999999955
24,5.0,-59.5
48,0.0,-58.5
72,0.0,-61.5
24,0.0,-58.799999999999955
48,0.0,-58.799999999999955
72,0.0,-61.799999999999955
24,0.0,-60.299999999999955
48,0.0,-60.299999999999955
72,11.0,-62.299999999999955
24,0.0,-63.5
48,0.0,-63.5
72,6.0,-65.5
24,0.0,-60.200000000000045
48,0.0,-61.200000000000045
72,0.0,-62.200000000000045
24,0.0,-38.0
48,6.0,-40.0
72,5.0,-40.0
24,6.0,-12.0
48,100.0,-28.0
72,76.0,-15.0
24,0.0,-6.199999999999999
48,0.0,-7.199999999999999
72,0.0,-9.2
24,0.0,-52.3
48,0.0,-55.3
72,0.0,-47.3
24,0.0,-125.80000000000001
48,0.0,-143.8
72,0.0,-137.8
24,0.0,-204.7
48,0.0,-251.7
72,0.0,-240.7
24,0.0,-299.8
48,0.0,-344.8
72,0.0,-345.8
24,0.0,-329.8
48,0.0,-376.8
72,0.0,-345.8
24,0.0,-346.5
48,0.0,-347.5
72,0.0,-373.5
24,0.0,-284.5
48,0.0,-294.5
72,0.0,-321.5
24,0.0,-238.7
48,0.0,-236.7
72,0.0,-269.7
24,0.0,-177.3
48,0.0,-182.3
72,0.0,-204.3
24,0.0,-64.3
48,0.0,-72.3
72,0.0,-72.3
24,0.0,-26.0
48,0.0,-27.0
72,0.0,-25.0
24,0.0,-5.0
48,0.0,-5.0
72,0.0,-5.0
24,0.0,-35.0
48,0.0,-34.0
72,0.0,-28.0
24,0.0,-114.5
48,0.0,-111.5
72,0.0,-103.5
24,0.0,-84.5
48,0.0,-70.5
72,0.0,-64.5
24,0.0,-87.8
48,0.0,-79.8
72,0.0,-62.8
24,0.0,-78.0
48,0.0,-82.0
72,0.0,-23.0
24,0.0,-108.5
48,0.0,-108.5
72,0.0,-67.5
24,0.0,-99.0
48,0.0,-97.0
72,0.0,-96.0
24,0.0,-87.7
48,0.0,-88.7
72,0.0,-90.7
24,0.0,-30.700000000000003
48,0.0,-30.700000000000003
72,0.0,-33.7
24,0.0,-39.3
48,0.0,-40.3
72,0.0,-44.3
24,0.0,-10.0
48,0.0,-11.0
72,0.0,-12.0
24,0.0,-5.8
48,0.0,-5.8
72,0.0,-5.8
24,0.0,-59.5
48,0.0,-59.5
72,0.0,-55.5
24,0.0,-55.7
48,0.0,-54.7
72,0.0,-46.7
24,0.0,-86.2
48,0.0,-89.2
72,0.0,-76.2
24,0.0,-42.2
48,0.0,-54.2
72,0.0,-45.2
24,0.0,-51.8
48,0.0,-60.8
72,0.0,-38.8
24,0.0,-52.3
48,0.0,-70.3
72,0.0,-69.3
24,0.0,-83.80000000000001
48,0.0,-129.8
72,0.0,-121.80000000000001
24,0.0,-71.0
48,0.0,-79.0
72,0.0,-77.0
24,0.0,-60.0
48,0.0,-68.0
72,0.0,-65.0
24,0.0,-37.8
48,0.0,-37.8
72,0.0,-35.8
24,0.0,-14.5
48,0.0,-14.5
72,0.0,-13.5
24,0.0,-2.8000000000000007
48,0.0,-4.800000000000001
72,0.0,-4.800000000000001
24,0.0,-14.299999999999997
48,0.0,-30.299999999999997
72,0.0,-54.3
24,0.0,-9.5
48,0.0,-14.5
72,0.0,-91.5
24,0.0,66.80000000000001
48,0.0,109.80000000000001
72,0.0,-55.19999999999999
24,0.0,323.0
48,0.0,232.0
72,0.0,150.0
24,0.0,143.2
48,0.0,257.2
72,0.0,126.19999999999999
24,0.0,123.19999999999999
48,0.0,175.2
72,0.0,72.19999999999999
24,0.0,-53.30000000000001
48,0.0,241.7
72,0.0,64.69999999999999
24,0.0,-60.0
48,0.0,49.0
72,0.0,-4.0
24,0.0,-124.0
48,0.0,-95.0
72,0.0,-132.0
24,0.0,-9.299999999999997
48,0.0,3.700000000000003
72,0.0,-66.3
24,3.0,1.0
48,1.0,17.0
72,3.0,-39.0
24,0.0,-0.8000000000000007
48,0.0,17.2
72,0.0,-3.8000000000000007
24,0.0,-44.0
48,0.0,48.0
72,0.0,11.0
24,0.0,-282.0
48,0.0,-18.0
72,0.0,-271.0
24,0.0,-190.3
48,0.0,148.7
72,0.0,124.69999999999999
24,-13.0,228.8
48,0.0,224.8
72,0.0,299.8
24,-5.0,550.5
48,0.0,337.5
72,0.0,474.5
24,0.0,423.7
48,0.0,162.7
72,0.0,374.7
24,-71.0,415.0
48,-8.0,264.0
72,1.0,-27.0
24,-10.0,22.30000000000001
48,0.0,-117.69999999999999
72,0.0,-170.7
24,0.0,-22.19999999999999
48,0.0,69.80000000000001
72,0.0,-0.19999999999998863
24,0.0,-80.69999999999999
48,0.0,-58.69999999999999
72,0.0,7.300000000000011
24,10.0,-34.7
48,10.0,-33.7
72,10.0,-18.700000000000003
24,-79.0,-0.7000000000000028
48,-4.0,-5.700000000000003
72,-50.0,-2.700000000000003
24,-2.0,-31.80000000000001
48,13.0,-34.80000000000001
72,8.0,-38.80000000000001
24,-81.0,-44.80000000000001
48,4.0,-102.80000000000001
72,4.0,-130.8
24,-93.0,29.200000000000045
48,0.0,-50.799999999999955
72,0.0,-103.79999999999995
24,0.0,74.79999999999995
48,0.0,109.79999999999995
72,0.0,129.79999999999995
24,0.0,89.30000000000001
48,0.0,132.3
72,0.0,238.3
24,0.0,92.5
48,0.0,252.5
72,0.0,278.5
24,0.0,-38.19999999999999
48,0.0,-14.199999999999989
72,0.0,-114.19999999999999
24,0.0,245.0
48,0.0,18.0
72,0.0,-84.0
24,0.0,-56.5
48,0.0,-118.5
72,0.0,63.5
24,1.0,-54.69999999999999
48,1.0,10.300000000000011
72,1.0,-22.69999999999999
24,3.0,-27.5
48,3.0,1.5
72,3.0,-48.5
24,5.0,-4.299999999999997
48,0.0,-4.299999999999997
72,0.0,-3.299999999999997
24,6.0,-36.69999999999999
48,6.0,-35.69999999999999
72,6.0,-32.69999999999999
24,5.0,-56.80000000000001
48,0.0,-54.80000000000001
72,0.0,-50.80000000000001
24,4.0,-60.700000000000045
48,-1.0,-57.700000000000045
72,-1.0,-54.700000000000045
24,11.0,-62.5
48,5.0,-57.5
72,74.0,-63.5
24,11.0,-65.0
48,0.0,-60.0
72,66.0,-65.0
24,6.0,-66.29999999999995
48,54.0,-65.29999999999995
72,0.0,-58.299999999999955
24,-28.0,-64.29999999999995
48,-22.0,-68.29999999999995
72,26.0,-76.29999999999995
24,-98.0,-69.20000000000005
48,2.0,-111.20000000000005
72,-52.0,-147.20000000000005
24,-82.0,-68.29999999999995
48,12.0,-157.29999999999995
72,12.0,-186.29999999999995
24,-33.0,-38.5
48,62.0,-162.5
72,5.0,-124.5
24,-2.0,-20.5
48,92.0,-47.5
72,92.0,-89.5
24,0.0,-25.700000000000003
48,0.0,-33.7
72,0.0,-33.7
24,45.0,-171.8
48,45.0,-199.8
72,45.0,-197.8
24,35.0,51.5
48,77.0,-319.5
72,77.0,-323.5
24,-7.0,-51.700000000000045
48,30.0,-591.7
72,30.0,-615.7
24,28.0,2.7000000000000455
48,37.0,-434.29999999999995
72,37.0,-542.3
24,-8.0,55.299999999999955
48,68.0,-672.7
72,68.0,-693.7
24,-43.0,-24.299999999999955
48,46.0,-811.3
72,46.0,-757.3
24,-74.0,-67.79999999999995
48,2.0,-637.8
72,2.0,-699.8
24,39.0,-284.79999999999995
48,52.0,-470.79999999999995
72,52.0,-589.8
24,74.0,-359.2
48,74.0,-84.19999999999999
72,74.0,-97.19999999999999
24,83.0,-235.5
48,83.0,-73.5
72,83.0,-67.5
24,81.0,-74.2
48,81.0,-35.2
72,81.0,-32.2
24,-7.0,-8.799999999999997
48,-22.0,-3.799999999999997
72,0.0,-27.799999999999997
24,0.0,-168.5
48,0.0,-179.5
72,0.0,-190.5
24,19.0,-320.0
48,19.0,-374.0
72,19.0,-377.0
24,0.0,-309.7
48,0.0,-105.69999999999999
72,0.0,-363.7
24,38.0,-449.70000000000005
48,38.0,-338.70000000000005
72,-54.0,37.299999999999955
24,0.0,-406.20000000000005
48,0.0,-448.20000000000005
72,-23.0,-42.200000000000045
24,2.0,-306.0
48,2.0,-308.0
72,2.0,-87.0
24,0.0,-228.20000000000005
48,0.0,-220.20000000000005
72,0.0,-180.20000000000005
24,0.0,200.8
48,0.0,-116.19999999999999
72,0.0,-138.2
24,0.0,-32.5
48,0.0,-203.5
72,0.0,-139.5
24,0.0,-67.5
48,0.0,-94.5
72,0.0,-56.5
24,0.0,-7.0
48,0.0,-9.0
72,0.0,2.0
24,0.0,-21.3
48,0.0,-24.3
72,0.0,-22.3
24,0.0,-52.7
48,0.0,-68.7
72,0.0,-65.7
24,0.0,-68.3
48,0.0,-48.3
72,0.0,-19.299999999999997
24,0.0,-64.3
48,0.0,-42.3
72,0.0,190.7
24,0.0,-8.200000000000003
48,0.0,-55.2
72,0.0,132.8
24,0.0,-120.5
48,0.0,12.5
72,0.0,371.5
24,0.0,-146.5
48,0.0,-146.5
72,0.0,-85.5
24,0.0,-106.30000000000001
48,0.0,-151.3
72,0.0,-26.30000000000001
24,1.0,-88.80000000000001
48,1.0,-116.80000000000001
72,1.0,-76.80000000000001
24,0.0,-69.0
48,0.0,-80.0
72,0.0,-60.0
24,0.0,-33.2
48,0.0,-69.2
72,0.0,-70.2
24,1.0,-34.8
48,1.0,-30.799999999999997
72,1.0,-36.8
24,-100.0,2.700000000000003
48,-100.0,2.700000000000003
72,-100.0,2.700000000000003
24,-100.0,43.80000000000001
48,-100.0,41.80000000000001
72,-100.0,41.80000000000001
24,-42.0,119.80000000000001
48,-42.0,116.80000000000001
72,-42.0,116.80000000000001
24,-3.0,61.799999999999955
48,8.0,58.799999999999955
72,3.0,57.799999999999955
24,-7.0,-47.0
48,4.0,-50.0
72,8.0,-52.0
24,-12.0,-58.299999999999955
48,88.0,-113.29999999999995
72,2.0,-63.299999999999955
24,-58.0,-59.5
48,18.0,-131.5
72,-70.0,-60.5
24,6.0,-133.5
48,6.0,-130.5
72,6.0,-147.5
24,9.0,-140.20000000000005
48,9.0,-83.20000000000005
72,9.0,-96.20000000000005
24,5.0,-125.79999999999995
48,5.0,-182.79999999999995
72,-76.0,-6.7999999999999545
24,66.0,-61.19999999999999
48,66.0,-95.19999999999999
72,66.0,-162.2
24,87.0,-35.5
48,87.0,-70.5
72,87.0,-79.5
24,0.0,-4.5
48,0.0,-18.5
72,0.0,-3.5
24,0.0,16.0
48,0.0,-105.0
72,0.0,-125.0
24,0.0,107.80000000000001
48,0.0,29.80000000000001
72,0.0,-106.19999999999999
24,0.0,195.2
48,0.0,-65.80000000000001
72,0.0,58.19999999999999
24,0.0,339.3
48,0.0,279.3
72,0.0,77.30000000000001
24,0.0,69.20000000000005
48,0.0,-226.79999999999995
72,0.0,-336.79999999999995
24,0.0,136.0
48,0.0,-248.0
72,0.0,173.0
24,0.0,115.30000000000001
48,0.0,-252.7
72,0.0,-248.7
24,5.0,-47.0
48,5.0,-495.0
72,5.0,-441.0
24,0.0,-163.0
48,0.0,-317.0
72,0.0,-323.0
24,0.0,65.2
48,0.0,-90.8
72,0.0,-83.8
24,23.0,27.799999999999997
48,23.0,-40.2
72,23.0,-32.2
24,0.0,-34.8
48,0.0,-35.8
72,0.0,-23.799999999999997
24,2.0,-141.2
48,2.0,-144.2
72,2.0,-131.2
24,4.0,-186.3
48,4.0,-194.3
72,4.0,-36.30000000000001
24,-13.0,-162.5
48,2.0,-268.5
72,-72.0,198.5
24,49.0,-565.2
48,49.0,-676.2
72,49.0,-85.20000000000005
24,0.0,-265.70000000000005
48,-48.0,164.29999999999995
72,0.0,243.29999999999995
24,39.0,-40.19999999999999
48,-25.0,473.8
72,39.0,492.8
24,-44.0,312.70000000000005
48,50.0,-328.29999999999995
72,-44.0,312.70000000000005
24,-27.0,-6.2000000000000455
48,13.0,-50.200000000000045
72,-17.0,-7.2000000000000455
24,-91.0,-50.700000000000045
48,-76.0,-53.700000000000045
72,-91.0,-48.700000000000045
24,-86.0,-35.0
48,-76.0,-36.0
72,-86.0,-35.0
24,-17.0,-17.30000000000001
48,-22.0,-17.30000000000001
72,-12.0,-17.30000000000001
24,99.0,-18.700000000000003
48,99.0,-18.700000000000003
72,97.0,-20.700000000000003
24,95.0,-49.69999999999999
48,95.0,-56.69999999999999
72,58.0,-36.69999999999999
24,-56.0,-3.5
48,0.0,-18.5
72,0.0,-48.5
24,-1.0,-45.799999999999955
48,24.0,-62.799999999999955
72,25.0,-155.79999999999995
24,95.0,-163.29999999999995
48,95.0,-83.29999999999995
72,95.0,-207.29999999999995
24,0.0,-160.0
48,0.0,-113.0
72,0.0,-160.0
24,6.0,-116.29999999999995
48,-13.0,-39.299999999999955
72,12.0,-172.29999999999995
24,95.0,-129.79999999999995
48,95.0,-218.79999999999995
72,95.0,-137.79999999999995
24,96.0,-141.20000000000005
48,96.0,-362.20000000000005
72,61.0,-141.20000000000005
24,59.0,-178.29999999999995
48,59.0,-182.29999999999995
72,59.0,-267.29999999999995
24,0.0,-53.69999999999999
48,-12.0,80.30000000000001
72,0.0,24.30000000000001
24,0.0,14.0
48,-1.0,26.0
72,0.0,-56.0
24,-87.0,0.0
48,-16.0,0.0
72,-21.0,0.0
24,0.0,-15.799999999999997
48,10.0,-21.799999999999997
72,-32.0,-26.799999999999997
24,-25.0,-39.69999999999999
48,-89.0,-34.69999999999999
72,-100.0,-42.69999999999999
24,82.0,-70.70000000000005
48,82.0,-60.700000000000045
72,-2.0,-53.700000000000045
24,27.0,-108.70000000000005
48,27.0,-90.70000000000005
72,-68.0,-65.70000000000005
24,100.0,-129.5
48,24.0,-59.5
72,29.0,-62.5
24,100.0,-156.5
48,64.0,-65.5
72,69.0,-65.5
24,56.0,-172.70000000000005
48,-31.0,-61.700000000000045
72,56.0,-84.70000000000005
24,1.0,-149.0
48,1.0,-99.0
72,1.0,-129.0
24,0.0,-178.0
48,0.0,-104.0
72,0.0,-104.0
24,0.0,-187.20000000000005
48,0.0,-81.20000000000005
72,0.0,-60.200000000000045
24,0.0,-72.19999999999999
48,0.0,-115.19999999999999
72,0.0,-33.19999999999999
24,0.0,-65.5
48,0.0,-49.5
72,0.0,-49.5
24,0.0,0.0
48,0.0,0.0
72,0.0,0.0
24,0.0,-10.0
48,0.0,-8.0
72,0.0,-4.0
24,0.0,-61.5
48,0.0,-59.5
72,0.0,-57.5
24,0.0,-98.5
48,0.0,-91.5
72,0.0,-72.5
24,0.0,-58.2
48,0.0,94.8
72,0.0,-52.2
24,0.0,-87.69999999999999
48,0.0,-113.69999999999999
72,0.0,-118.69999999999999
24,0.0,15.5
48,0.0,-51.5
72,0.0,-7.5
24,0.0,-50.3
48,0.0,-40.3
72,0.0,-23.299999999999997
24,0.0,-96.5
48,0.0,-83.5
72,0.0,-99.5
24,0.0,-84.7
48,0.0,-62.7
72,0.0,-75.7
24,0.0,-58.7
48,0.0,-56.7
72,0.0,-40.7
24,0.0,-30.5
48,0.0,-33.5
72,0.0,-9.5
24,0.0,-22.3
48,0.0,-24.3
72,0.0,-7.300000000000001
24,8.0,0.0
48,-47.0,0.0
72,5.0,0.0
24,-39.0,14.0
48,-94.0,17.0
72,0.0,-9.0
24,0.0,67.5
48,0.0,109.5
72,0.0,75.5
24,0.0,253.7
48,-60.0,341.7
72,0.0,273.7
24,0.0,269.3
48,0.0,388.3
72,0.0,419.3
24,0.0,-45.19999999999999
48,0.0,339.8
72,0.0,418.8
24,0.0,97.19999999999999
48,0.0,149.2
72,0.0,345.2
24,0.0,-70.80000000000001
48,0.0,68.19999999999999
72,0.0,159.2
24,0.0,9.800000000000011
48,0.0,-0.19999999999998863
72,0.0,176.8
24,0.0,82.69999999999999
48,0.0,42.69999999999999
72,0.0,-10.300000000000011
24,0.0,-59.0
48,0.0,-32.0
72,0.0,-67.0
24,0.0,-21.299999999999997
48,0.0,6.700000000000003
72,0.0,-12.299999999999997
24,0.0,-2.200000000000003
48,0.0,-0.20000000000000284
72,0.0,-12.200000000000003
24,44.0,0.0
48,-27.0,0.0
72,73.0,0.0
24,8.0,19.0
48,-46.0,21.0
72,48.0,-13.0
24,-17.0,21.69999999999999
48,-10.0,21.69999999999999
72,34.0,19.69999999999999
24,64.0,-16.30000000000001
48,2.0,-9.300000000000011
72,8.0,-11.300000000000011
24,57.0,-18.5
48,-2.0,-6.5
72,8.0,-8.5
24,-26.0,-11.200000000000045
48,-29.0,-1.2000000000000455
72,-23.0,-4.2000000000000455
24,-85.0,239.5
48,-90.0,247.5
72,-96.0,243.5
24,-90.0,274.0
48,-95.0,285.0
72,-100.0,281.0
24,-44.0,-11.0
48,-44.0,-3.0
72,-44.0,1.0
24,-90.0,111.5
48,-90.0,113.5
72,-96.0,120.5
24,-13.0,215.8
48,86.0,-0.19999999999998863
72,-13.0,218.8
24,-13.0,21.30000000000001
48,82.0,-149.7
72,-18.0,19.30000000000001
24,-21.0,8.0
48,79.0,-53.0
72,-21.0,5.0
24,93.0,0.0
48,93.0,0.0
72,-7.0,0.0
24,55.0,-15.200000000000003
48,55.0,-22.200000000000003
72,-39.0,-12.200000000000003
24,-43.0,-44.5
48,25.0,-69.5
72,25.0,-70.5
24,99.0,-81.29999999999995
48,99.0,-86.29999999999995
72,83.0,-61.299999999999955
24,97.0,-112.0
48,75.0,-63.0
72,97.0,-102.0
24,2.0,-147.79999999999995
48,-19.0,-78.79999999999995
72,2.0,-129.79999999999995
24,0.0,-167.5
48,0.0,-81.5
72,0.0,-44.5
24,0.0,-230.20000000000005
48,0.0,-36.200000000000045
72,-7.0,29.799999999999955
24,0.0,-223.29999999999995
48,0.0,-265.29999999999995
72,0.0,132.70000000000005
24,0.0,-83.0
48,0.0,-22.0
72,0.0,263.0
24,0.0,-77.0
48,0.0,-97.0
72,0.0,4.0
24,0.0,0.30000000000001137
48,0.0,21.30000000000001
72,0.0,72.30000000000001
24,0.0,-10.0
48,0.0,-4.0
72,0.0,-17.0
24,0.0,0.0
48,0.0,0.0
72,0.0,0.0
24,0.0,-37.5
48,0.0,-38.5
72,0.0,-39.5
24,0.0,-49.8
48,0.0,-56.8
72,0.0,58.2
24,0.0,-96.19999999999999
48,0.0,-117.19999999999999
72,0.0,-104.19999999999999
24,0.0,28.299999999999997
48,0.0,-102.7
72,0.0,-60.7
24,0.0,-126.5
48,0.0,-166.5
72,0.0,-129.5
24,0.0,-113.69999999999999
48,0.0,-136.7
72,0.0,-77.69999999999999
24,0.0,223.8
48,0.0,-133.2
72,0.0,-139.2
24,0.0,25.5
48,0.0,-84.5
72,0.0,-89.5
24,0.0,-38.5
48,0.0,46.5
72,0.0,-85.5
24,0.0,175.0
48,0.0,25.0
72,0.0,-76.0
24,0.0,35.5
48,0.0,-9.5
72,0.0,-48.5
24,0.0,3.6999999999999993
48,0.0,4.699999999999999
72,0.0,-10.3
24,-16.0,0.0
48,-16.0,0.0
72,-16.0,0.0
24,-45.0,-1.5
48,-45.0,1.5
72,-45.0,3.5
24,58.0,-68.5
48,-2.0,10.5
72,-2.0,11.5
24,-50.0,20.30000000000001
48,-50.0,34.30000000000001
72,-50.0,33.30000000000001
24,-86.0,107.70000000000005
48,-86.0,121.70000000000005
72,-86.0,121.70000000000005
24,-9.0,86.79999999999995
48,-9.0,99.79999999999995
72,-9.0,95.79999999999995
24,-15.0,15.200000000000045
48,-15.0,24.200000000000045
72,-15.0,16.200000000000045
24,-3.0,0.0
48,-3.0,5.0
72,-3.0,-2.0
24,1.0,-27.200000000000045
48,96.0,-88.20000000000005
72,96.0,-119.20000000000005
24,-67.0,-18.299999999999955
48,0.0,-45.299999999999955
72,0.0,-108.29999999999995
24,-87.0,-30.0
48,-97.0,-29.0
72,3.0,-87.0
24,81.0,71.80000000000001
48,-11.0,77.80000000000001
72,46.0,74.80000000000001
24,-15.0,-7.300000000000011
48,-15.0,-8.300000000000011
72,-15.0,-8.300000000000011
24,8.0,0.0
48,8.0,0.0
72,98.0,0.0
24,53.0,-26.0
48,53.0,-30.0
72,53.0,-32.0
24,5.0,-34.5
48,100.0,-89.5
72,100.0,-119.5
24,88.0,-94.79999999999995
48,66.0,-73.79999999999995
72,88.0,-300.79999999999995
24,9.0,-60.799999999999955
48,99.0,-92.79999999999995
72,99.0,-196.79999999999995
24,49.0,-52.0
48,95.0,-138.0
72,95.0,-423.0
24,16.0,-92.5
48,16.0,-101.5
72,16.0,-74.5
24,74.0,-119.79999999999995
48,74.0,-216.79999999999995
72,74.0,-142.79999999999995
24,17.0,-230.29999999999995
48,17.0,-196.29999999999995
72,17.0,-552.3
24,31.0,-378.79999999999995
48,31.0,-322.79999999999995
72,31.0,-239.79999999999995
24,98.0,-200.20000000000005
48,98.0,-316.20000000000005
72,98.0,-281.20000000000005
24,95.0,-90.19999999999999
48,95.0,-205.2
72,95.0,-209.2
24,50.0,-44.30000000000001
48,50.0,-94.30000000000001
72,50.0,-92.30000000000001
24,-54.0,1.0
48,5.0,1.0
72,5.0,1.0
24,0.0,-37.5
48,0.0,-25.5
72,0.0,-43.5
24,0.0,-35.0
48,0.0,-25.0
72,0.0,-54.0
24,0.0,43.69999999999999
48,0.0,81.69999999999999
72,0.0,45.69999999999999
24,0.0,-94.5
48,0.0,-33.5
72,0.0,-62.5
24,0.0,-84.29999999999995
48,0.0,-106.29999999999995
72,0.0,-35.299999999999955
24,0.0,-6.2000000000000455
48,0.0,-68.20000000000005
72,0.0,-35.200000000000045
24,0.0,-10.700000000000045
48,0.0,0.2999999999999545
72,0.0,7.2999999999999545
24,0.0,-45.799999999999955
48,0.0,28.200000000000045
72,0.0,149.20000000000005
24,0.0,-25.30000000000001
48,0.0,4.699999999999989
72,0.0,271.7
24,0.0,-12.300000000000011
48,0.0,-3.3000000000000114
72,0.0,86.69999999999999
24,0.0,-1.3000000000000114
48,0.0,-83.30000000000001
72,0.0,64.69999999999999
24,0.0,33.0
48,0.0,18.0
72,0.0,40.0
24,93.0,-33.5
48,3.0,-23.5
72,3.0,-43.5
24,100.0,-129.2
48,10.0,-62.19999999999999
72,5.0,-313.2
24,100.0,-119.0
48,0.0,-71.0
72,0.0,-451.0
24,89.0,-118.79999999999995
48,5.0,-68.79999999999995
72,0.0,-361.79999999999995
24,-20.0,-66.20000000000005
48,-58.0,-65.20000000000005
72,-69.0,-138.20000000000005
24,50.0,-111.5
48,-31.0,-73.5
72,-37.0,-85.5
24,0.0,36.0
48,-23.0,164.0
72,-11.0,102.0
24,0.0,357.8
48,0.0,419.8
72,0.0,318.8
24,0.0,63.69999999999999
48,0.0,254.7
72,0.0,77.69999999999999
24,0.0,-50.0
48,0.0,242.0
72,0.0,138.0
24,0.0,-62.19999999999999
48,0.0,132.8
72,0.0,94.80000000000001
24,0.0,-79.19999999999999
48,0.0,-48.19999999999999
72,0.0,-59.19999999999999
24,0.0,0.0
48,0.0,1.0
72,-5.0,1.0
24,0.0,-36.5
48,0.0,-64.5
72,-2.0,-27.5
24,0.0,-183.8
48,0.0,-125.80000000000001
72,0.0,-140.8
24,0.0,-420.20000000000005
48,0.0,-301.20000000000005
72,0.0,-309.20000000000005
24,0.0,-507.20000000000005
48,0.0,-528.2
72,0.0,-377.20000000000005
24,0.0,-435.20000000000005
48,0.0,-589.2
72,0.0,-531.2
24,0.0,-679.3
48,0.0,-597.3
72,0.0,-217.29999999999995
24,0.0,-684.7
48,0.0,-700.7
72,0.0,-557.7
24,0.0,-451.3
48,0.0,-370.3
72,0.0,-403.3
24,0.0,-257.2
48,0.0,-274.2
72,0.0,-215.2
24,0.0,-173.7
48,0.0,-138.7
72,0.0,-143.7
24,0.0,47.3
48,0.0,-69.7
72,0.0,-82.7
24,0.0,4.299999999999997
48,0.0,-31.700000000000003
72,0.0,-33.7
24,0.0,0.0
48,0.0,0.0
72,0.0,0.0
24,34.0,-5.700000000000003
48,34.0,11.299999999999997
72,34.0,-29.700000000000003
24,0.0,-46.3
48,0.0,-45.3
72,0.0,-76.3
24,0.0,36.0
48,0.0,360.0
72,0.0,-46.0
24,0.0,42.2
48,0.0,290.2
72,0.0,-45.8
24,0.0,370.3
48,0.0,583.3
72,0.0,-116.69999999999999
24,0.0,214.7
48,0.0,76.69999999999999
72,0.0,-244.3
24,0.0,70.30000000000001
48,0.0,194.3
72,0.0,-48.69999999999999
24,0.0,-79.2
48,-11.0,455.8
72,0.0,23.799999999999997
24,0.0,-78.3
48,0.0,-15.299999999999997
72,0.0,59.7
24,0.0,-83.0
48,0.0,1.0
72,0.0,157.0
24,32.0,54.7
48,32.0,6.700000000000003
72,32.0,13.700000000000003
24,1.0,-20.0
48,1.0,-24.0
72,1.0,0.0
24,6.0,2.0
48,6.0,1.0
72,1.0,1.0
24,0.0,-33.8
48,0.0,-53.8
72,-12.0,-51.8
24,7.0,-45.69999999999999
48,7.0,-59.69999999999999
72,-8.0,-59.69999999999999
24,97.0,-123.5
48,97.0,-113.5
72,85.0,-168.5
24,100.0,-153.5
48,100.0,-150.5
72,95.0,-238.5
24,100.0,-143.79999999999995
48,100.0,-144.79999999999995
72,100.0,-362.79999999999995
24,100.0,-164.5
48,100.0,-153.5
72,100.0,-347.5
24,55.0,-205.70000000000005
48,55.0,-184.70000000000005
72,55.0,-419.70000000000005
24,4.0,-219.5
48,4.0,-246.5
72,4.0,-508.5
24,0.0,-85.70000000000005
48,0.0,-175.70000000000005
72,0.0,-255.70000000000005
24,5.0,-152.0
48,5.0,-250.0
72,5.0,-47.0
24,66.0,17.80000000000001
48,66.0,-76.19999999999999
72,66.0,-59.19999999999999
24,5.0,-32.5
48,5.0,-46.5
72,5.0,-55.5
24,0.0,1.0
48,0.0,1.0
72,0.0,1.0
24,0.0,-8.5
48,0.0,-2.5
72,0.0,-6.5
24,0.0,25.30000000000001
48,0.0,62.30000000000001
72,0.0,-46.69999999999999
24,0.0,-46.80000000000001
48,0.0,56.19999999999999
72,0.0,-19.80000000000001
24,0.0,267.2
48,0.0,248.2
72,0.0,16.19999999999999
24,0.0,-100.0
48,0.0,370.0
72,0.0,-105.0
24,0.0,194.0
48,0.0,462.0
72,0.0,398.0
24,0.0,138.8
48,0.0,347.8
72,0.0,544.8
24,0.0,218.8
48,0.0,430.8
72,0.0,209.8
24,0.0,89.8
48,0.0,164.8
72,0.0,-34.2
24,0.0,-55.3
48,0.0,-20.299999999999997
72,0.0,-80.3
24,0.0,-38.0
48,0.0,-41.0
72,0.0,-42.0
24,0.0,-27.0
48,0.0,-22.0
72,0.0,-28.0
24,0.0,0.0
48,0.0,0.0
72,-21.0,0.0
24,0.0,-25.799999999999997
48,0.0,-22.799999999999997
72,-9.0,-37.8
24,0.0,-56.5
48,0.0,-68.5
72,0.0,-48.5
24,-4.0,187.7
48,0.0,-41.3
72,0.0,-34.3
24,0.0,-66.0
48,0.0,-141.0
72,0.0,-88.0
24,0.0,10.800000000000011
48,0.0,-122.19999999999999
72,0.0,-41.19999999999999
24,0.0,62.8
48,0.0,-27.200000000000003
72,0.0,3.799999999999997
24,0.0,136.8
48,0.0,-16.200000000000003
72,0.0,50.8
24,0.0,-12.700000000000003
48,0.0,82.3
72,0.0,57.3
24,0.0,-65.5
48,0.0,23.5
72,0.0,16.5
24,0.0,-96.5
48,0.0,-14.5
72,0.0,-141.5
24,0.0,-75.3
48,0.0,-62.3
72,0.0,-93.3
24,0.0,-15.0
48,0.0,-15.0
72,-3.0,-30.0
24,0.0,0.0
48,0.0,0.0
72,-88.0,0.0
24,0.0,-59.3
48,0.0,-65.3
72,-83.0,-68.3
24,0.0,-132.5
48,0.0,-51.5
72,-81.0,-143.5
24,0.0,-170.0
48,0.0,-98.0
72,-87.0,-189.0
24,0.0,-136.5
48,-5.0,27.5
72,-96.0,-219.5
24,0.0,-92.30000000000001
48,0.0,-116.30000000000001
72,-97.0,-104.30000000000001
24,0.0,13.699999999999989
48,0.0,-98.30000000000001
72,-81.0,-144.3
24,0.0,90.5
48,0.0,-204.5
72,-57.0,-208.5
24,0.0,-36.0
48,0.0,-52.0
72,-38.0,-105.0
24,0.0,93.19999999999999
48,0.0,-23.80000000000001
72,-31.0,39.19999999999999
24,0.0,-0.7999999999999972
48,0.0,42.2
72,-28.0,62.2
24,0.0,-9.799999999999997
48,0.0,26.200000000000003
72,-28.0,40.2
24,0.0,-16.299999999999997
48,0.0,-6.299999999999997
72,-30.0,41.7
24,1.0,0.5
48,-78.0,2.5
72,-2.0,0.5
24,5.0,-13.0
48,-16.0,44.0
72,4.0,-22.0
24,0.0,-62.0
48,0.0,-103.0
72,0.0,-104.0
24,-3.0,-34.69999999999999
48,0.0,-198.7
72,0.0,-148.7
24,2.0,-314.7
48,2.0,-174.7
72,2.0,-299.7
24,0.0,-390.8
48,0.0,-256.8
72,0.0,-349.8
24,0.0,-97.69999999999999
48,0.0,-205.7
72,-1.0,-76.69999999999999
24,0.0,-115.30000000000001
48,0.0,-99.30000000000001
72,-2.0,105.69999999999999
24,0.0,-293.5
48,0.0,-391.5
72,-2.0,-379.5
24,0.0,-122.80000000000001
48,0.0,-338.8
72,-1.0,-162.8
24,-1.0,19.80000000000001
48,0.0,-228.2
72,0.0,24.80000000000001
24,0.0,-51.80000000000001
48,0.0,107.19999999999999
72,0.0,-109.80000000000001
24,0.0,-35.3
48,0.0,-38.3
72,0.0,-46.3
24,9.0,3.5
48,97.0,-0.5
72,24.0,-0.5
24,-5.0,-20.700000000000003
48,90.0,-120.7
72,5.0,-117.7
24,-21.0,-43.0
48,79.0,-77.0
72,-15.0,-106.0
24,0.0,-72.70000000000005
48,0.0,-392.70000000000005
72,-96.0,-117.70000000000005
24,5.0,-28.299999999999955
48,5.0,-66.29999999999995
72,-90.0,-134.29999999999995
24,1.0,9.0
48,1.0,-156.0
72,-93.0,-150.0
24,0.0,171.20000000000005
48,0.0,-80.79999999999995
72,-97.0,-208.79999999999995
24,0.0,7.0
48,0.0,-177.0
72,-100.0,-218.0
24,0.0,24.69999999999999
48,0.0,-211.3
72,-95.0,-91.30000000000001
24,0.0,-136.8
48,0.0,-149.8
72,-76.0,-206.8
24,0.0,-92.69999999999999
48,0.0,-51.69999999999999
72,-49.0,-104.69999999999999
24,0.0,-66.8
48,0.0,-49.8
72,-27.0,-48.8
24,0.0,-8.0
48,0.0,2.0
72,-14.0,-18.0
24,0.0,3.8
48,0.0,-0.2
72,-100.0,2.8
24,-2.0,30.0
48,0.0,-65.0
72,-100.0,-21.0
24,0.0,69.5
48,0.0,-134.5
72,-95.0,-90.5
24,0.0,219.7
48,0.0,-101.30000000000001
72,-88.0,-135.3
24,0.0,-158.0
48,0.0,-321.0
72,-80.0,-345.0
24,0.0,-256.0
48,0.0,-200.0
72,-76.0,-416.0
24,0.0,-256.0
48,0.0,-302.0
72,-82.0,-330.0
24,0.0,-169.2
48,0.0,-255.2
72,-92.0,-199.2
24,0.0,-127.80000000000001
48,0.0,-200.8
72,-100.0,-182.8
24,0.0,-133.2
48,0.0,-175.2
72,-100.0,-176.2
24,0.0,-50.7
48,0.0,-89.7
72,-100.0,-90.7
24,0.0,5.199999999999999
48,0.0,-16.8
72,-100.0,-1.8000000000000007
24,0.0,47.2
48,0.0,-24.8
72,-100.0,-20.8
24,0.0,0.2999999999999998
48,0.0,-0.7000000000000002
72,-69.0,0.2999999999999998
24,0.0,-36.7
48,0.0,-40.7
72,-86.0,-27.700000000000003
24,0.0,-176.8
48,0.0,-58.80000000000001
72,-98.0,-29.80000000000001
24,5.0,-286.2
48,5.0,9.800000000000011
72,-95.0,-1.1999999999999886
24,37.0,-536.7
48,37.0,-94.70000000000005
72,-61.0,-176.70000000000005
24,0.0,-470.0
48,0.0,-50.0
72,-96.0,-1.0
24,0.0,-436.0
48,0.0,-92.0
72,-97.0,157.0
24,-2.0,-191.79999999999995
48,-16.0,-140.79999999999995
72,-98.0,194.20000000000005
24,2.0,-187.0
48,2.0,-447.0
72,-91.0,42.0
24,-75.0,40.0
48,-79.0,-55.0
72,-71.0,20.0
24,-55.0,59.700000000000045
48,-71.0,68.70000000000005
72,-29.0,66.70000000000005
24,1.0,-5.199999999999989
48,-11.0,11.800000000000011
72,-31.0,20.80000000000001
24,-84.0,35.0
48,0.0,1.0
72,-18.0,26.0
24,0.0,0.7999999999999998
48,-95.0,1.7999999999999998
72,-96.0,-2.2
24,0.0,-10.5
48,-100.0,22.5
72,-98.0,-55.5
24,3.0,69.80000000000001
48,3.0,63.80000000000001
72,-89.0,37.80000000000001
24,0.0,-18.5
48,0.0,-49.5
72,-71.0,-82.5
24,-3.0,126.5
48,-93.0,167.5
72,-43.0,139.5
24,7.0,15.0
48,-87.0,141.0
72,-13.0,101.0
24,13.0,-61.0
48,-87.0,24.0
72,4.0,18.0
24,96.0,-82.79999999999995
48,-4.0,-20.799999999999955
72,93.0,-23.799999999999955
24,99.0,-26.299999999999955
48,-1.0,33.700000000000045
72,99.0,32.700000000000045
24,98.0,85.0
48,-2.0,124.0
72,98.0,125.0
24,90.0,28.0
48,-10.0,59.0
72,90.0,58.0
24,0.0,-22.0
48,-5.0,-11.0
72,95.0,-12.0
24,-4.0,-8.699999999999989
48,-9.0,-2.6999999999999886
72,91.0,-3.6999999999999886
24,0.0,3.5
48,0.0,3.5
24,0.0,-26.19999999999999
48,0.0,-25.19999999999999
24,0.0,-52.69999999999999
48,0.0,-52.69999999999999
24,0.0,-54.5
48,0.0,-56.5
24,0.0,-49.700000000000045
48,0.0,-55.700000000000045
24,0.0,-44.0
48,0.0,-57.0
24,0.0,-56.0
48,0.0,-74.0
24,-2.0,-57.700000000000045
48,-2.0,-75.70000000000005
24,-3.0,-62.299999999999955
48,-3.0,-80.29999999999995
24,0.0,-49.700000000000045
48,0.0,-64.70000000000005
24,-2.0,-63.0
48,-2.0,-71.0
24,0.0,-60.69999999999999
48,0.0,-66.69999999999999
24,0.0,-38.5
48,0.0,-42.5
24,57.0,1.0
48,57.0,5.0
72,57.0,7.0
24,77.0,-60.3
48,77.0,-44.3
72,77.0,23.700000000000003
24,81.0,-121.19999999999999
48,81.0,-135.2
72,81.0,-28.19999999999999
24,18.0,-234.8
48,18.0,-192.8
72,18.0,-62.80000000000001
24,0.0,-233.8
48,0.0,-217.8
72,0.0,-68.80000000000001
24,0.0,-38.7
48,0.0,-1.7000000000000028
72,0.0,154.3
24,0.0,-49.69999999999999
48,0.0,-132.7
72,0.0,36.30000000000001
24,0.0,-66.5
48,0.0,-65.5
72,0.0,5.5
24,0.0,7.5
48,0.0,-104.5
72,0.0,374.5
24,0.0,152.2
48,0.0,66.19999999999999
72,0.0,410.2
24,0.0,260.3
48,0.0,314.3
72,0.0,434.3
24,0.0,195.5
48,0.0,123.5
72,0.0,218.5
24,0.0,63.8
48,0.0,37.8
72,0.0,78.8
24,0.0,0.5
48,0.0,1.5
72,0.0,6.5
24,2.0,-40.3
48,2.0,-44.3
72,2.0,46.7
24,0.0,-66.69999999999999
48,0.0,-20.69999999999999
72,0.0,34.30000000000001
24,0.0,-49.80000000000001
48,0.0,-126.80000000000001
72,0.0,140.2
24,0.0,107.30000000000001
48,0.0,-58.69999999999999
72,0.0,299.3
24,0.0,395.3
48,-9.0,536.3
72,0.0,527.3
24,0.0,604.5
48,-3.0,659.5
72,0.0,583.5
24,0.0,-145.8
48,-25.0,621.2
72,0.0,292.2
24,0.0,-151.5
48,-1.0,310.5
72,0.0,77.5
24,0.0,-101.69999999999999
48,0.0,-105.69999999999999
72,0.0,66.30000000000001
24,0.0,-53.2
48,0.0,-60.2
72,0.0,253.8
24,0.0,-42.8
48,0.0,-22.799999999999997
72,0.0,250.2
24,0.0,-28.3
48,0.0,-25.3
72,0.0,62.7
24,0.0,-0.3
48,0.0,-0.3
72,0.0,-0.3
24,0.0,-49.8
48,0.0,-48.8
72,0.0,-48.8
24,0.0,-84.3
48,0.0,-94.3
72,0.0,-98.3
24,0.0,-120.0
48,0.0,-125.0
72,0.0,-135.0
24,0.0,-150.8
48,0.0,-146.8
72,0.0,-149.8
24,0.0,-107.80000000000001
48,0.0,-112.80000000000001
72,0.0,-110.80000000000001
24,0.0,-136.3
48,0.0,-157.3
72,0.0,-169.3
24,0.0,-169.2
48,0.0,-166.2
72,0.0,-174.2
24,0.0,-63.7
48,0.0,-56.7
72,0.0,-58.7
24,0.0,-55.8
48,0.0,-54.8
72,0.0,-59.8
24,0.0,-71.8
48,0.0,-68.8
72,0.0,-69.8
24,0.0,-75.7
48,0.0,-82.7
72,0.0,-77.7
24,0.0,-6.300000000000001
48,0.0,-8.3
72,0.0,-7.300000000000001
24,0.0,-2.0
48,0.0,-2.0
72,0.0,-1.0
24,0.0,-28.5
48,0.0,-27.5
72,0.0,-20.5
24,0.0,-101.2
48,0.0,-94.2
72,0.0,-95.2
24,0.0,-117.69999999999999
48,0.0,-115.69999999999999
72,0.0,-72.69999999999999
24,0.0,-160.7
48,0.0,-161.7
72,0.0,-33.69999999999999
24,0.0,-125.19999999999999
48,0.0,-134.2
72,0.0,-2.1999999999999886
24,0.0,-231.0
48,0.0,-252.0
72,0.0,-93.0
24,0.0,-80.30000000000001
48,0.0,-94.30000000000001
72,0.0,375.7
24,0.0,92.70000000000005
48,0.0,-480.29999999999995
72,0.0,-532.3
24,0.0,34.19999999999999
48,0.0,-277.8
72,0.0,-440.8
24,0.0,109.80000000000001
48,0.0,-39.19999999999999
72,0.0,-210.2
24,7.0,28.80000000000001
48,-14.0,81.80000000000001
72,7.0,-201.2
24,3.0,-46.19999999999999
48,3.0,-22.19999999999999
72,3.0,-33.19999999999999
24,-2.0,-35.19999999999999
48,-2.0,-33.19999999999999
72,-2.0,-38.19999999999999
24,-2.0,-60.80000000000001
48,-2.0,-58.80000000000001
72,-2.0,-60.80000000000001
24,0.0,-62.799999999999955
48,0.0,-61.799999999999955
72,0.0,-62.799999999999955
24,0.0,-61.200000000000045
48,0.0,-61.200000000000045
72,0.0,-60.200000000000045
24,0.0,-63.200000000000045
48,0.0,-64.20000000000005
72,0.0,-62.200000000000045
24,0.0,-63.200000000000045
48,0.0,-61.200000000000045
72,89.0,-68.20000000000005
24,0.0,-66.20000000000005
48,0.0,-65.20000000000005
72,5.0,-66.20000000000005
24,-1.0,-63.799999999999955
48,6.0,-58.799999999999955
72,-1.0,-58.799999999999955
24,1.0,-85.5
48,1.0,-126.5
72,-93.0,-57.5
24,0.0,-112.70000000000005
48,0.0,-108.70000000000005
72,-89.0,-55.700000000000045
24,0.0,-85.19999999999999
48,0.0,-108.19999999999999
72,0.0,-85.19999999999999
24,-92.0,-15.699999999999989
48,0.0,-21.69999999999999
72,0.0,-36.69999999999999
24,100.0,2.3000000000000007
48,100.0,-0.6999999999999993
72,100.0,0.3000000000000007
24,67.0,-34.69999999999999
48,100.0,-80.69999999999999
72,100.0,-85.69999999999999
24,100.0,-115.0
48,100.0,-134.0
72,100.0,-170.0
24,23.0,-166.70000000000005
48,23.0,-185.70000000000005
72,23.0,-195.70000000000005
24,10.0,-193.29999999999995
48,10.0,-175.29999999999995
72,10.0,-207.29999999999995
24,1.0,-143.70000000000005
48,1.0,-177.70000000000005
72,1.0,-289.70000000000005
24,1.0,-132.0
48,1.0,-223.0
72,1.0,-330.0
24,0.0,-130.70000000000005
48,0.0,-175.70000000000005
72,0.0,-415.70000000000005
24,0.0,-120.70000000000005
48,0.0,-137.70000000000005
72,0.0,-209.70000000000005
24,0.0,-123.70000000000005
48,0.0,-124.70000000000005
72,0.0,-207.70000000000005
24,2.0,-150.20000000000005
48,-35.0,-59.200000000000045
72,2.0,-150.20000000000005
24,1.0,-73.5
48,-34.0,-2.5
72,1.0,-56.5
24,-91.0,-24.5
48,-34.0,-21.5
72,1.0,-44.5
24,5.0,2.3000000000000007
48,5.0,2.3000000000000007
72,0.0,2.3000000000000007
24,5.0,-33.69999999999999
48,5.0,-34.69999999999999
72,0.0,-32.69999999999999
24,6.0,-60.30000000000001
48,0.0,-66.30000000000001
72,0.0,-62.30000000000001
24,-20.0,-65.5
48,-24.0,-73.5
72,-30.0,-65.5
24,-80.0,-66.79999999999995
48,-50.0,-69.79999999999995
72,-89.0,-57.799999999999955
24,0.0,-84.5
48,-21.0,-68.5
72,0.0,-75.5
24,0.0,-119.0
48,0.0,-113.0
72,0.0,-187.0
24,-90.0,-68.70000000000005
48,0.0,-287.70000000000005
72,0.0,-126.70000000000005
24,5.0,-70.5
48,99.0,-153.5
72,99.0,-180.5
24,10.0,-69.5
48,100.0,-139.5
72,72.0,-76.5
24,21.0,-68.29999999999995
48,30.0,-75.29999999999995
72,0.0,-69.29999999999995
24,6.0,-64.5
48,0.0,-62.5
72,10.0,-65.5
24,5.0,-37.5
48,10.0,-36.5
72,7.0,-38.5
24,0.0,0.5
48,0.0,0.5
72,0.0,-4.5
24,-32.0,-7.5
48,0.0,-45.5
72,0.0,-97.5
24,0.0,-89.30000000000001
48,0.0,-32.30000000000001
72,0.0,-141.3
24,2.0,-140.29999999999995
48,2.0,-167.29999999999995
72,2.0,-176.29999999999995
24,2.0,-193.5
48,2.0,-159.5
72,2.0,-498.5
24,0.0,-45.700000000000045
48,0.0,98.29999999999995
72,0.0,-142.70000000000005
24,0.0,-432.20000000000005
48,0.0,5.7999999999999545
72,0.0,-464.20000000000005
24,0.0,23.0
48,0.0,371.0
72,0.0,109.0
24,0.0,9.300000000000011
48,0.0,376.3
72,0.0,-59.69999999999999
24,0.0,-30.19999999999999
48,0.0,-54.19999999999999
72,0.0,-149.2
24,0.0,35.0
48,0.0,-18.0
72,0.0,-105.0
24,0.0,8.0
48,0.0,56.0
72,0.0,-55.0
24,0.0,6.800000000000001
48,0.0,12.8
72,0.0,-8.2
24,0.0,-0.30000000000000004
48,0.0,-0.30000000000000004
72,0.0,-0.30000000000000004
24,0.0,-12.0
48,0.0,-14.0
72,0.0,-14.0
24,0.0,-54.8
48,0.0,-62.8
72,0.0,-66.8
24,0.0,-64.5
48,0.0,-54.5
72,0.0,-73.5
24,0.0,-96.19999999999999
48,0.0,-101.19999999999999
72,0.0,-100.19999999999999
24,0.0,-103.80000000000001
48,0.0,-95.80000000000001
72,0.0,-108.80000000000001
24,0.0,-73.0
48,0.0,-110.0
72,0.0,-92.0
24,0.0,-127.80000000000001
48,0.0,-149.8
72,0.0,-142.8
24,0.0,-100.30000000000001
48,0.0,-94.30000000000001
72,0.0,-108.30000000000001
24,0.0,-71.2
48,0.0,-73.2
72,0.0,-81.2
24,0.0,-41.2
48,0.0,-45.2
72,0.0,-53.2
24,0.0,-14.700000000000003
48,0.0,-2.700000000000003
72,0.0,-3.700000000000003
24,0.0,-9.3
48,0.0,0.6999999999999993
72,0.0,12.7
24,0.0,2.0
48,0.0,4.0
72,0.0,6.0
24,0.0,-1.2000000000000028
48,0.0,46.8
72,0.0,56.8
24,0.0,12.200000000000003
48,0.0,110.2
72,0.0,227.2
24,0.0,14.5
48,0.0,253.5
72,0.0,322.5
24,0.0,-37.19999999999999
48,0.0,386.8
72,0.0,392.8
24,0.0,-22.69999999999999
48,0.0,481.3
72,-3.0,580.3
24,0.0,33.30000000000001
48,0.0,500.3
72,0.0,604.3
24,0.0,316.5
48,0.0,550.5
72,0.0,680.5
24,0.0,456.5
48,0.0,474.5
72,0.0,568.5
24,0.0,364.7
48,0.0,480.7
72,0.0,392.7
24,0.0,246.5
48,-31.0,416.5
72,0.0,274.5
24,0.0,180.7
48,0.0,238.7
72,0.0,145.7
24,0.0,82.3
48,0.0,91.3
72,0.0,55.3
24,-16.0,0.6999999999999993
48,-16.0,0.6999999999999993
72,-11.0,0.6999999999999993
24,0.0,-29.69999999999999
48,0.0,-27.69999999999999
72,0.0,-29.69999999999999
24,3.0,-57.80000000000001
48,-2.0,-51.80000000000001
72,4.0,-56.80000000000001
24,0.0,-60.799999999999955
48,0.0,-53.799999999999955
72,5.0,-60.799999999999955
24,-3.0,-58.5
48,3.0,-52.5
72,3.0,-59.5
24,-17.0,-10.5
48,-7.0,-2.5
72,83.0,-36.5
24,-19.0,220.20000000000005
48,-19.0,226.20000000000005
72,-14.0,216.20000000000005
24,-29.0,61.0
48,-29.0,70.0
72,-23.0,59.0
24,-39.0,0.20000000000004547
48,-39.0,3.2000000000000455
72,-39.0,19.200000000000045
24,-16.0,-61.200000000000045
48,-16.0,-57.200000000000045
72,-16.0,-41.200000000000045
24,-2.0,-62.299999999999955
48,-2.0,-56.299999999999955
72,-2.0,-43.299999999999955
24,0.0,-48.19999999999999
48,0.0,-43.19999999999999
72,0.0,-34.19999999999999
24,0.0,-21.0
48,0.0,-19.0
72,0.0,-13.0
24,28.0,-0.5
48,99.0,-1.5
72,10.0,-0.5
24,100.0,-49.30000000000001
48,100.0,-47.30000000000001
72,85.0,-33.30000000000001
24,-17.0,-55.5
48,49.0,-67.5
72,-14.0,-51.5
24,-12.0,-68.79999999999995
48,24.0,-74.79999999999995
72,-39.0,-54.799999999999955
24,63.0,-72.79999999999995
48,68.0,-83.79999999999995
72,70.0,-86.79999999999995
24,0.0,-114.20000000000005
48,-26.0,-91.20000000000005
72,0.0,-132.20000000000005
24,-38.0,-75.29999999999995
48,-6.0,-89.29999999999995
72,4.0,-279.29999999999995
24,5.0,-105.0
48,5.0,-105.0
72,-1.0,-99.0
24,4.0,-147.5
48,3.0,-112.5
72,4.0,-108.5
24,2.0,-79.5
48,2.0,-138.5
72,2.0,-129.5
24,0.0,-97.70000000000005
48,0.0,-154.70000000000005
72,0.0,-153.70000000000005
24,0.0,-70.19999999999999
48,0.0,-143.2
72,0.0,-107.19999999999999
24,-3.0,-13.199999999999989
48,0.0,-67.19999999999999
72,0.0,-95.19999999999999
24,0.0,-0.8
48,0.0,13.2
72,0.0,2.2
24,0.0,-39.5
48,0.0,-35.5
72,0.0,24.5
24,0.0,-63.2
48,0.0,124.8
72,0.0,-90.2
24,0.0,-105.80000000000001
48,0.0,-103.80000000000001
72,0.0,223.2
24,0.0,-84.7
48,0.0,2.299999999999997
72,0.0,-79.7
24,0.0,-78.8
48,0.0,-45.8
72,0.0,-79.8
24,0.0,-119.69999999999999
48,0.0,-118.69999999999999
72,0.0,-117.69999999999999
24,0.0,-49.0
48,0.0,-23.0
72,0.0,-18.0
24,0.0,-66.8
48,0.0,-52.8
72,0.0,-56.8
24,0.0,-39.8
48,0.0,-60.8
72,0.0,-52.8
24,0.0,-35.7
48,0.0,-40.7
72,0.0,-40.7
24,0.0,-57.0
48,0.0,-64.0
72,0.0,-64.0
24,0.0,-30.799999999999997
48,0.0,-28.799999999999997
72,0.0,-29.799999999999997
24,0.0,0.6999999999999993
48,-26.0,7.699999999999999
72,0.0,9.7
24,0.0,-66.80000000000001
48,0.0,-13.800000000000011
72,-100.0,23.19999999999999
24,0.0,-86.30000000000001
48,0.0,-44.30000000000001
72,0.0,45.69999999999999
24,0.0,26.19999999999999
48,0.0,19.19999999999999
72,0.0,146.2
24,0.0,-155.5
48,0.0,63.5
72,-88.0,170.5
24,0.0,-274.0
48,0.0,92.0
72,0.0,319.0
24,0.0,-332.0
48,0.0,-186.0
72,0.0,431.0
24,3.0,-161.20000000000005
48,3.0,-706.2
72,3.0,120.79999999999995
24,0.0,-70.29999999999995
48,0.0,-756.3
72,0.0,-92.29999999999995
24,62.0,-200.0
48,62.0,-124.0
72,62.0,-178.0
24,91.0,-115.20000000000005
48,-2.0,-58.200000000000045
72,91.0,-61.200000000000045
24,66.0,-92.80000000000001
48,66.0,-117.80000000000001
72,66.0,-80.80000000000001
24,-29.0,9.699999999999989
48,58.0,-45.30000000000001
72,-36.0,6.699999999999989
24,0.0,1.6999999999999993
48,0.0,1.6999999999999993
72,-5.0,1.6999999999999993
24,0.0,-51.30000000000001
48,0.0,-24.30000000000001
72,-13.0,-17.30000000000001
24,0.0,-90.69999999999999
48,0.0,-75.69999999999999
72,-91.0,-21.69999999999999
24,0.0,-116.20000000000005
48,0.0,-126.20000000000005
72,0.0,-67.20000000000005
24,0.0,-46.5
48,0.0,-49.5
72,0.0,-39.5
24,0.0,-95.20000000000005
48,0.0,-117.20000000000005
72,0.0,-175.20000000000005
24,-66.0,-58.5
48,24.0,-253.5
72,24.0,-178.5
24,52.0,-77.70000000000005
48,100.0,-227.70000000000005
72,100.0,-127.70000000000005
24,2.0,-70.5
48,91.0,-160.5
72,91.0,-142.5
24,17.0,-74.5
48,97.0,-162.5
72,97.0,-132.5
24,100.0,-134.79999999999995
48,74.0,-98.79999999999995
72,100.0,-181.79999999999995
24,100.0,-97.5
48,100.0,-123.5
72,100.0,-113.5
24,98.0,-71.80000000000001
48,98.0,-85.80000000000001
72,98.0,-84.80000000000001
24,0.0,-2.6999999999999993
48,0.0,-2.6999999999999993
72,0.0,-2.6999999999999993
24,0.0,-36.19999999999999
48,0.0,-34.19999999999999
72,0.0,-37.19999999999999
24,0.0,-52.5
48,0.0,-51.5
72,0.0,-52.5
24,0.0,-60.799999999999955
48,0.0,-58.799999999999955
72,0.0,-60.799999999999955
24,0.0,-63.0
48,0.0,-63.0
72,0.0,-65.0
24,0.0,-62.299999999999955
48,0.0,-64.29999999999995
72,0.0,-65.29999999999995
24,0.0,-61.5
48,0.0,-63.5
72,0.0,-64.5
24,-3.0,-59.299999999999955
48,-3.0,-63.299999999999955
72,-3.0,-63.299999999999955
24,-11.0,-62.700000000000045
48,-11.0,-62.700000000000045
72,-11.0,-58.700000000000045
24,-14.0,-60.299999999999955
48,-14.0,-62.299999999999955
72,-14.0,-58.299999999999955
24,-8.0,-58.299999999999955
48,-8.0,-61.299999999999955
72,-8.0,-57.299999999999955
24,-5.0,-55.0
48,-5.0,-57.0
72,-5.0,-55.0
24,-2.0,-39.69999999999999
48,-2.0,-40.69999999999999
72,-2.0,-39.69999999999999
24,0.0,-2.8000000000000007
48,0.0,-2.8000000000000007
72,0.0,-1.8000000000000007
24,0.0,-36.19999999999999
48,0.0,-34.19999999999999
72,0.0,-34.19999999999999
24,0.0,-47.0
48,0.0,-49.0
72,0.0,-53.0
24,-4.0,-54.5
48,-4.0,-54.5
72,-4.0,-60.5
24,-100.0,-57.200000000000045
48,-100.0,-58.200000000000045
72,-100.0,-63.200000000000045
24,-100.0,-58.700000000000045
48,-100.0,-62.700000000000045
72,-95.0,-63.700000000000045
24,-71.0,-57.5
48,-71.0,-64.5
72,-70.0,-61.5
24,-22.0,-58.700000000000045
48,-27.0,-66.70000000000005
72,-21.0,-60.700000000000045
24,-95.0,-60.0
48,-95.0,-65.0
72,5.0,-103.0
24,-88.0,-49.799999999999955
48,-99.0,-53.799999999999955
72,1.0,-142.79999999999995
24,1.0,-73.29999999999995
48,-27.0,-63.299999999999955
72,10.0,-185.29999999999995
24,70.0,-130.5
48,70.0,-99.5
72,70.0,-165.5
24,1.0,-60.80000000000001
48,-91.0,-46.80000000000001
72,-42.0,-48.80000000000001
24,-73.0,10.5
48,2.0,9.5
72,2.0,9.5
24,16.0,-70.5
48,16.0,-83.5
72,-1.0,-30.5
24,0.0,9.800000000000011
48,0.0,-235.2
72,0.0,-30.19999999999999
24,4.0,185.8
48,4.0,-213.2
72,4.0,42.80000000000001
24,0.0,300.3
48,0.0,-212.7
72,0.0,-11.699999999999989
24,0.0,-14.699999999999989
48,0.0,-250.7
72,0.0,-135.7
24,0.0,-76.69999999999999
48,0.0,-268.7
72,0.0,-149.7
24,0.0,-141.3
48,0.0,-156.3
72,0.0,-43.30000000000001
24,0.0,16.0
48,0.0,-159.0
72,0.0,-176.0
24,0.0,-242.8
48,0.0,-207.8
72,0.0,-230.8
24,2.0,-146.3
48,2.0,-39.30000000000001
72,2.0,-112.30000000000001
24,1.0,-51.2
48,1.0,201.8
72,1.0,12.799999999999997
24,6.0,-25.700000000000003
48,6.0,1.2999999999999972
72,6.0,-4.700000000000003
24,0.0,-1.3000000000000007
48,0.0,3.6999999999999993
72,0.0,-3.3000000000000007
24,0.0,-14.699999999999989
48,-94.0,42.30000000000001
72,0.0,-15.699999999999989
24,0.0,-78.19999999999999
48,-22.0,50.80000000000001
72,0.0,-40.19999999999999
24,0.0,-235.0
48,-95.0,23.0
72,-2.0,-20.0
24,2.0,-181.70000000000005
48,-98.0,-45.700000000000045
72,-1.0,-110.70000000000005
24,0.0,-185.79999999999995
48,-90.0,-33.799999999999955
72,-2.0,-72.79999999999995
24,0.0,-103.29999999999995
48,-95.0,1.7000000000000455
72,-52.0,-6.2999999999999545
24,2.0,-181.79999999999995
48,-82.0,-44.799999999999955
72,-14.0,-62.799999999999955
24,0.0,-442.29999999999995
48,0.0,-499.29999999999995
72,-94.0,-53.299999999999955
24,0.0,-366.20000000000005
48,0.0,-168.20000000000005
72,-88.0,14.799999999999955
24,0.0,-264.29999999999995
48,0.0,-157.29999999999995
72,0.0,-30.299999999999955
24,0.0,-34.30000000000001
48,0.0,-1.3000000000000114
72,0.0,-31.30000000000001
24,0.0,-52.80000000000001
48,0.0,-27.80000000000001
72,0.0,-29.80000000000001
24,16.0,-2.8000000000000007
48,90.0,-4.800000000000001
72,82.0,-5.800000000000001
24,4.0,-28.69999999999999
48,5.0,-31.69999999999999
72,75.0,-59.69999999999999
24,7.0,-42.80000000000001
48,5.0,-45.80000000000001
72,10.0,-47.80000000000001
24,11.0,-50.299999999999955
48,0.0,-52.299999999999955
72,7.0,-55.299999999999955
24,0.0,-55.799999999999955
48,0.0,-56.799999999999955
72,7.0,-58.799999999999955
24,6.0,-60.299999999999955
48,0.0,-60.299999999999955
72,85.0,-85.29999999999995
24,6.0,-64.79999999999995
48,0.0,-63.799999999999955
72,100.0,-113.79999999999995
24,13.0,-67.5
48,0.0,-67.5
72,100.0,-117.5
24,12.0,-67.5
48,6.0,-68.5
72,100.0,-164.5
24,11.0,-70.5
48,46.0,-68.5
72,100.0,-148.5
24,-55.0,-93.70000000000005
48,4.0,-68.70000000000005
72,33.0,-136.70000000000005
24,0.0,-98.0
48,-5.0,-61.0
72,0.0,-124.0
24,-10.0,-31.5
48,-15.0,-22.5
72,0.0,-72.5
24,5.0,-4.699999999999999
48,0.0,-3.6999999999999993
72,5.0,-4.699999999999999
24,83.0,-45.5
48,0.0,-36.5
72,0.0,-38.5
24,48.0,-60.69999999999999
48,0.0,-59.69999999999999
72,0.0,-55.69999999999999
24,19.0,-65.70000000000005
48,5.0,-69.70000000000005
72,6.0,-64.70000000000005
24,7.0,-67.5
48,6.0,-73.5
72,6.0,-67.5
24,-2.0,-69.29999999999995
48,97.0,-90.29999999999995
72,18.0,-69.29999999999995
24,-20.0,-71.0
48,80.0,-102.0
72,51.0,-76.0
24,-88.0,-76.0
48,3.0,-129.0
72,3.0,-134.0
24,1.0,-115.0
48,-42.0,-72.0
72,-14.0,-75.0
24,0.0,-119.29999999999995
48,-45.0,-68.29999999999995
72,-40.0,-67.29999999999995
24,0.0,-106.79999999999995
48,0.0,-89.79999999999995
72,-85.0,-48.799999999999955
24,0.0,-79.5
48,0.0,-68.5
72,-17.0,-19.5
24,1.0,-33.0
48,-23.0,-3.0
72,-87.0,8.0
24,100.0,-4.300000000000001
48,100.0,-4.300000000000001
72,10.0,-4.300000000000001
24,99.0,-62.30000000000001
48,27.0,-46.30000000000001
72,5.0,-44.30000000000001
24,-25.0,-62.69999999999999
48,68.0,-67.69999999999999
72,-19.0,-63.69999999999999
24,99.0,-78.20000000000005
48,100.0,-99.20000000000005
72,100.0,-77.20000000000005
24,-4.0,-65.5
48,90.0,-126.5
72,90.0,-123.5
24,-15.0,-60.299999999999955
48,79.0,-134.29999999999995
72,79.0,-113.29999999999995
24,61.0,-96.70000000000005
48,61.0,-140.70000000000005
72,61.0,-108.70000000000005
24,88.0,-96.70000000000005
48,88.0,-122.70000000000005
72,88.0,-140.70000000000005
24,85.0,-139.70000000000005
48,75.0,-82.70000000000005
72,85.0,-100.70000000000005
24,83.0,-94.79999999999995
48,83.0,-132.79999999999995
72,83.0,-151.79999999999995
24,60.0,-2.2000000000000455
48,60.0,3.7999999999999545
72,60.0,-26.200000000000045
24,75.0,55.30000000000001
48,75.0,30.30000000000001
72,75.0,-8.699999999999989
24,62.0,-9.300000000000011
48,62.0,-36.30000000000001
72,62.0,-42.30000000000001
24,-77.0,-3.3000000000000007
48,0.0,-4.300000000000001
72,0.0,-6.300000000000001
24,-62.0,-30.80000000000001
48,32.0,-63.80000000000001
72,8.0,-41.80000000000001
24,-93.0,-52.80000000000001
48,2.0,-73.80000000000001
72,-98.0,-39.80000000000001
24,56.0,-76.79999999999995
48,58.0,-92.79999999999995
72,-42.0,-55.799999999999955
24,-46.0,-63.0
48,-7.0,-64.0
72,-83.0,-53.0
24,2.0,-122.20000000000005
48,-92.0,-65.20000000000005
72,-50.0,-50.200000000000045
24,2.0,-118.79999999999995
48,2.0,-71.79999999999995
72,-92.0,-27.799999999999955
24,0.0,-47.200000000000045
48,0.0,-18.200000000000045
72,-94.0,32.799999999999955
24,1.0,-45.0
48,-57.0,3.0
72,-94.0,25.0
24,-12.0,5.2999999999999545
48,23.0,-30.700000000000045
72,-77.0,35.299999999999955
24,39.0,-104.0
48,39.0,-45.0
72,-7.0,20.0
24,9.0,63.80000000000001
48,9.0,69.80000000000001
72,-91.0,126.80000000000001
24,2.0,54.2
48,2.0,48.2
72,-92.0,91.2
24,43.0,-3.3000000000000007
48,46.0,-5.300000000000001
72,46.0,-4.300000000000001
24,1.0,59.8
48,1.0,37.8
72,1.0,53.8
24,1.0,-33.19999999999999
48,1.0,93.80000000000001
72,1.0,95.80000000000001
24,1.0,240.0
48,1.0,209.0
72,1.0,222.0
24,5.0,276.7
48,5.0,93.69999999999999
72,5.0,254.7
24,53.0,275.8
48,53.0,237.8
72,53.0,330.8
24,72.0,171.29999999999995
48,72.0,337.29999999999995
72,72.0,212.29999999999995
24,84.0,-8.700000000000045
48,55.0,83.29999999999995
72,84.0,-50.700000000000045
24,93.0,38.5
48,93.0,25.5
72,93.0,-2.5
24,76.0,25.700000000000045
48,87.0,3.7000000000000455
72,43.0,64.70000000000005
24,-65.0,5.0
48,35.0,-130.0
72,35.0,10.0
24,-100.0,149.3
48,0.0,129.3
72,-77.0,161.3
24,-100.0,53.0
48,-62.0,52.0
72,-95.0,64.0
24,-85.0,-3.3000000000000007
48,4.0,-5.300000000000001
72,4.0,-5.300000000000001
24,-90.0,72.7
48,0.0,44.7
72,0.0,23.700000000000003
24,20.0,184.8
48,-80.0,316.8
72,20.0,253.8
24,11.0,342.8
48,-89.0,468.8
72,11.0,367.8
24,2.0,209.2
48,-88.0,572.2
72,2.0,440.2
24,1.0,97.19999999999999
48,-87.0,491.2
72,1.0,392.2
24,0.0,304.5
48,-42.0,582.5
72,0.0,431.5
24,0.0,-17.0
48,0.0,468.0
72,0.0,304.0
24,0.0,145.5
48,0.0,437.5
72,-62.0,540.5
24,0.0,216.7
48,0.0,357.7
72,0.0,517.7
24,0.0,134.3
48,0.0,289.3
72,0.0,430.3
24,0.0,90.0
48,0.0,223.0
72,0.0,221.0
24,5.0,-13.300000000000011
48,-29.0,55.69999999999999
72,5.0,33.69999999999999
24,100.0,-8.700000000000003
48,100.0,-10.700000000000003
72,100.0,-6.700000000000003
24,99.0,-32.69999999999999
48,99.0,-32.69999999999999
72,33.0,-7.699999999999989
24,31.0,-2.0
48,77.0,-13.0
72,98.0,-19.0
24,62.0,-3.2999999999999545
48,68.0,-5.2999999999999545
72,98.0,-2.2999999999999545
24,45.0,-82.29999999999995
48,-35.0,27.700000000000045
72,-34.0,42.700000000000045
24,0.0,-307.0
48,-88.0,87.0
72,-89.0,96.0
24,-90.0,534.0
48,-90.0,543.0
72,-95.0,556.0
24,-48.0,521.5
48,-95.0,573.5
72,-94.0,593.5
24,-92.0,346.5
48,-92.0,358.5
72,-92.0,371.5
24,-66.0,275.79999999999995
48,-66.0,286.79999999999995
72,-66.0,292.79999999999995
24,-54.0,182.7
48,-54.0,191.7
72,-54.0,194.7
24,-52.0,17.80000000000001
48,-52.0,22.80000000000001
72,-52.0,24.80000000000001
24,-6.0,2.3000000000000114
48,-6.0,3.3000000000000114
72,-6.0,6.300000000000011
24,-3.0,-7.299999999999997
48,-3.0,-6.299999999999997
72,-3.0,-4.299999999999997
24,-12.0,-43.0
48,-12.0,-37.0
72,-12.0,-28.0
24,1.0,-62.19999999999999
48,-4.0,-64.19999999999999
72,-4.0,-62.19999999999999
24,-43.0,-60.700000000000045
48,-48.0,-65.70000000000005
72,-48.0,-63.700000000000045
24,-51.0,-60.299999999999955
48,-61.0,-68.29999999999995
72,-61.0,-66.29999999999995
24,-86.0,-58.700000000000045
48,-92.0,-68.70000000000005
72,-92.0,-66.70000000000005
24,-93.0,-55.5
48,-99.0,-65.5
72,-99.0,-62.5
24,-69.0,-55.0
48,-93.0,-65.0
72,-98.0,-61.0
24,5.0,-69.5
48,-90.0,-69.5
72,-95.0,-56.5
24,15.0,-88.0
48,15.0,-100.0
72,-85.0,-54.0
24,34.0,-97.70000000000005
48,34.0,-98.70000000000005
72,-61.0,-54.700000000000045
24,93.0,-90.0
48,93.0,-100.0
72,93.0,-93.0
24,100.0,-96.69999999999999
48,100.0,-52.69999999999999
72,100.0,-87.69999999999999
24,6.0,-3.799999999999997
48,-3.0,-1.7999999999999972
72,6.0,-3.799999999999997
24,34.0,-132.5
48,34.0,-79.5
72,34.0,-75.5
24,25.0,-273.5
48,25.0,-145.5
72,-67.0,-52.5
24,-6.0,-61.200000000000045
48,8.0,-73.20000000000005
72,-81.0,-44.200000000000045
24,-87.0,-13.5
48,-87.0,-0.5
72,-29.0,-22.5
24,18.0,-73.79999999999995
48,-72.0,-5.7999999999999545
72,-8.0,-27.799999999999955
24,1.0,7.2999999999999545
48,-93.0,137.29999999999995
72,-39.0,113.29999999999995
24,1.0,160.20000000000005
48,-99.0,236.20000000000005
72,-61.0,235.20000000000005
24,-34.0,194.0
48,-36.0,193.0
72,54.0,-308.0
24,-60.0,28.5
48,29.0,-25.5
72,29.0,-42.5
24,34.0,83.0
48,34.0,46.0
72,34.0,-15.0
24,0.0,106.5
48,0.0,107.5
72,0.0,9.5
24,3.0,38.8
48,3.0,88.8
72,3.0,-3.200000000000003
24,0.0,16.2
48,0.0,9.2
72,0.0,4.199999999999999
24,4.0,-67.19999999999999
48,4.0,-88.19999999999999
72,4.0,-128.2
24,0.0,-139.3
48,0.0,-131.3
72,0.0,8.699999999999989
24,0.0,29.0
48,0.0,-312.0
72,0.0,-289.0
24,0.0,-38.19999999999999
48,0.0,-447.2
72,0.0,-445.2
24,0.0,422.0
48,0.0,-274.0
72,0.0,-289.0
24,0.0,102.5
48,0.0,-417.5
72,0.0,-435.5
24,0.0,95.80000000000001
48,0.0,-287.2
72,0.0,-236.2
24,0.0,275.5
48,0.0,-306.5
72,0.0,-348.5
24,0.0,-295.5
48,0.0,-292.5
72,0.0,-319.5
24,0.0,-101.5
48,0.0,-103.5
72,0.0,-113.5
24,0.0,-59.2
48,0.0,-55.2
72,0.0,-34.2
24,3.0,-12.5
48,3.0,-13.5
72,3.0,-13.5
24,0.0,-25.2
48,0.0,-22.2
72,0.0,-24.2
24,0.0,-77.3
48,0.0,-67.3
72,0.0,-78.3
24,0.0,-106.8
48,0.0,-106.8
72,0.0,-101.8
24,1.0,-95.0
48,1.0,-159.0
72,1.0,-155.0
24,0.0,-260.5
48,0.0,-304.5
72,0.0,-304.5
24,7.0,-229.5
48,7.0,-219.5
72,7.0,-212.5
24,0.0,-132.5
48,0.0,-113.5
72,0.0,-149.5
24,2.0,-113.19999999999999
48,2.0,-128.2
72,2.0,-142.2
24,1.0,-131.3
48,1.0,-162.3
72,1.0,-161.3
24,0.0,-32.7
48,0.0,-36.7
72,0.0,-112.7
24,1.0,100.2
48,1.0,-0.7999999999999972
72,1.0,-86.8
24,0.0,9.700000000000003
48,0.0,-0.29999999999999716
72,0.0,-33.3
24,0.0,5.800000000000001
48,0.0,-15.2
72,0.0,-13.2
24,0.0,-14.7
48,-4.0,3.3000000000000007
72,0.0,-15.7
24,0.0,-31.299999999999997
48,0.0,41.7
72,0.0,-8.299999999999997
24,1.0,-52.5
48,1.0,-41.5
72,1.0,-48.5
24,0.0,-117.0
48,0.0,-49.0
72,0.0,-123.0
24,1.0,-164.3
48,1.0,16.69999999999999
72,1.0,-167.3
24,0.0,-196.5
48,0.0,109.5
72,0.0,-290.5
24,2.0,-136.0
48,2.0,-181.0
72,2.0,-264.0
24,0.0,39.5
48,0.0,-59.5
72,0.0,-15.5
24,0.0,302.3
48,0.0,429.3
72,0.0,96.30000000000001
24,5.0,421.5
48,5.0,245.5
72,5.0,264.5
24,0.0,274.5
48,0.0,180.5
72,0.0,100.5
24,1.0,93.3
48,1.0,-5.700000000000003
72,1.0,79.3
24,2.0,100.8
48,2.0,-7.200000000000003
72,2.0,39.8
24,-23.0,5.699999999999999
48,-23.0,7.699999999999999
72,77.0,-18.3
24,-20.0,68.5
48,-23.0,72.5
72,77.0,-54.5
24,-19.0,231.0
48,-49.0,239.0
72,51.0,32.0
24,-76.0,338.0
48,0.0,301.0
72,-50.0,180.0
24,-59.0,177.5
48,12.0,111.5
72,3.0,80.5
24,-43.0,420.5
48,31.0,338.5
72,31.0,371.5
24,-28.0,387.20000000000005
48,53.0,330.20000000000005
72,53.0,352.20000000000005
24,-48.0,392.0
48,46.0,336.0
72,-47.0,380.0
24,-59.0,320.0
48,41.0,272.0
72,41.0,228.0
24,-13.0,224.5
48,-15.0,232.5
72,80.0,122.5
24,3.0,13.299999999999955
48,6.0,21.299999999999955
72,83.0,-3.7000000000000455
24,-4.0,20.69999999999999
48,1.0,28.69999999999999
72,90.0,-110.30000000000001
24,-4.0,8.800000000000011
48,-3.0,13.800000000000011
72,89.0,-43.19999999999999
24,-4.0,9.3
48,11.0,10.3
72,1.0,10.3
24,-39.0,73.5
48,23.0,74.5
72,-39.0,79.5
24,-73.0,132.5
48,-73.0,147.5
72,-73.0,156.5
24,-53.0,218.2
48,-53.0,233.2
72,-53.0,247.2
24,-71.0,336.5
48,-87.0,353.5
72,-82.0,369.5
24,-17.0,498.7
48,-39.0,515.7
72,-40.0,533.7
24,-51.0,501.0
48,-88.0,526.0
72,-31.0,541.0
24,22.0,71.70000000000005
48,62.0,-199.29999999999995
72,-8.0,167.70000000000005
24,49.0,-289.20000000000005
48,-18.0,62.799999999999955
72,-41.0,81.79999999999995
24,-22.0,-142.20000000000005
48,-24.0,-99.20000000000005
72,-84.0,-19.200000000000045
24,-44.0,251.2
48,20.0,147.2
72,-54.0,277.2
24,-85.0,86.69999999999999
48,-55.0,97.69999999999999
72,-80.0,109.69999999999999
24,-30.0,67.69999999999999
48,-51.0,74.69999999999999
72,23.0,73.69999999999999
24,-13.0,2.3000000000000007
48,5.0,0.3000000000000007
72,45.0,-3.6999999999999993
24,-55.0,6.5
48,-10.0,-13.5
72,45.0,-118.5
24,5.0,-6.199999999999989
48,55.0,-216.2
72,30.0,-89.19999999999999
24,-4.0,-61.799999999999955
48,-6.0,-89.79999999999995
72,5.0,-68.79999999999995
24,24.0,181.7
48,-17.0,300.7
72,3.0,244.7
24,24.0,115.0
48,-18.0,239.0
72,10.0,126.0
24,22.0,-96.70000000000005
48,3.0,36.299999999999955
72,40.0,-245.70000000000005
24,-11.0,-47.799999999999955
48,-21.0,149.20000000000005
72,36.0,-328.79999999999995
24,-29.0,-82.20000000000005
48,-40.0,-4.2000000000000455
72,7.0,-552.2
24,-43.0,14.0
48,2.0,-245.0
72,2.0,-430.0
24,-47.0,-32.30000000000001
48,2.0,-329.3
72,-82.0,123.69999999999999
24,-6.0,18.80000000000001
48,5.0,-254.2
72,-29.0,-29.19999999999999
24,0.0,-29.80000000000001
48,0.0,-123.80000000000001
72,0.0,-73.80000000000001
24,0.0,25.8
48,-1.0,23.8
72,0.0,21.8
24,-1.0,59.3
48,0.0,-1.7000000000000028
72,0.0,9.299999999999997
24,34.0,-33.5
48,34.0,69.5
72,34.0,44.5
24,17.0,-42.69999999999999
48,17.0,-6.699999999999989
72,17.0,215.3
24,0.0,-21.19999999999999
48,0.0,-87.19999999999999
72,0.0,-28.19999999999999
24,26.0,-128.0
48,26.0,-140.0
72,26.0,-165.0
24,0.0,-123.80000000000001
48,0.0,-198.8
72,0.0,-203.8
24,0.0,-197.5
48,0.0,-270.5
72,0.0,-294.5
24,0.0,-126.69999999999999
48,0.0,487.3
72,0.0,-122.69999999999999
24,0.0,-46.80000000000001
48,0.0,328.2
72,0.0,-100.80000000000001
24,1.0,-122.19999999999999
48,1.0,-120.19999999999999
72,1.0,-263.2
24,35.0,-50.30000000000001
48,35.0,-138.3
72,35.0,-140.3
24,28.0,-77.7
48,28.0,-105.7
72,28.0,-121.7
24,0.0,-24.0
48,0.0,-32.0
72,0.0,-36.0
24,-2.0,-3.6999999999999993
48,0.0,-24.7
72,0.0,-25.7
24,-10.0,39.5
48,1.0,-71.5
72,1.0,-66.5
24,30.0,106.2
48,30.0,-68.8
72,30.0,-93.8
24,23.0,161.0
48,23.0,54.0
72,23.0,-132.0
24,10.0,-70.0
48,10.0,23.0
72,10.0,-146.0
24,5.0,63.0
48,5.0,-155.0
72,5.0,-31.0
24,2.0,65.80000000000001
48,2.0,-36.19999999999999
72,2.0,159.8
24,65.0,-301.0
48,65.0,-232.0
72,65.0,-111.0
24,10.0,-249.20000000000005
48,10.0,-300.20000000000005
72,10.0,-697.2
24,0.0,-274.79999999999995
48,-13.0,-2.7999999999999545
72,0.0,-237.79999999999995
24,5.0,-137.7
48,-24.0,133.3
72,3.0,-68.69999999999999
24,2.0,65.19999999999999
48,-3.0,50.19999999999999
72,2.0,-31.80000000000001
24,-4.0,23.0
48,1.0,-21.0
72,1.0,-118.0
24,-88.0,-0.7000000000000028
48,-84.0,-1.7000000000000028
72,0.0,-33.7
24,0.0,-3.8000000000000007
48,0.0,-16.8
72,0.0,-8.8
24,0.0,-8.700000000000003
48,0.0,-63.7
72,-25.0,59.3
24,4.0,9.200000000000003
48,4.0,-42.8
72,4.0,-15.799999999999997
24,27.0,195.3
48,27.0,-164.7
72,27.0,-49.69999999999999
24,0.0,206.2
48,0.0,-112.80000000000001
72,0.0,-98.80000000000001
24,0.0,215.7
48,0.0,-212.3
72,0.0,-204.3
24,0.0,91.30000000000001
48,0.0,-152.7
72,0.0,72.30000000000001
24,0.0,3.3000000000000114
48,0.0,-137.7
72,0.0,-10.699999999999989
24,-15.0,337.8
48,0.0,-207.2
72,0.0,-64.19999999999999
24,-21.0,304.5
48,0.0,19.5
72,0.0,-129.5
24,-13.0,253.5
48,0.0,241.5
72,0.0,-37.5
24,0.0,5.5
48,0.0,34.5
72,0.0,-5.5
24,0.0,-29.200000000000003
48,-20.0,102.8
72,0.0,-27.200000000000003
24,0.0,-24.2
48,-6.0,-0.1999999999999993
72,0.0,-24.2
24,0.0,-15.5
48,0.0,-11.5
72,-42.0,11.5
24,0.0,-68.0
48,0.0,-52.0
72,-72.0,109.0
24,0.0,-96.7
48,0.0,-80.7
72,0.0,53.3
24,0.0,-62.3
48,0.0,18.700000000000003
72,0.0,113.7
24,0.0,-163.2
48,0.0,23.80000000000001
72,0.0,96.80000000000001
24,0.0,-391.7
48,-12.0,184.3
72,0.0,0.30000000000001137
24,0.0,-217.8
48,-1.0,144.2
72,0.0,317.2
24,0.0,-34.69999999999999
48,-1.0,375.3
72,-6.0,511.3
24,0.0,-7.699999999999989
48,0.0,88.30000000000001
72,0.0,73.30000000000001
24,0.0,-118.19999999999999
48,0.0,-29.19999999999999
72,0.0,-57.19999999999999
24,0.0,38.5
48,0.0,-41.5
72,0.0,156.5
24,0.0,12.199999999999989
48,0.0,-85.80000000000001
72,0.0,8.199999999999989
24,0.0,-34.3
48,0.0,-51.3
72,-27.0,55.7
24,0.0,4.7
48,0.0,2.7
72,-35.0,34.7
24,-88.0,-10.5
48,0.0,-11.5
72,-85.0,-10.5
24,-92.0,-16.19999999999999
48,-1.0,-35.19999999999999
72,-88.0,-15.199999999999989
24,-23.0,-26.19999999999999
48,-26.0,-27.19999999999999
72,-23.0,-24.19999999999999
24,-22.0,222.5
48,-16.0,223.5
72,-15.0,225.5
24,-7.0,167.0
48,-7.0,169.0
72,-16.0,171.0
24,-53.0,253.70000000000005
48,-53.0,256.70000000000005
72,-59.0,260.70000000000005
24,0.0,20.700000000000045
48,-10.0,22.700000000000045
72,-10.0,30.700000000000045
24,9.0,2.2000000000000455
48,4.0,5.2000000000000455
72,4.0,12.200000000000045
24,8.0,-59.5
48,-2.0,-64.5
72,3.0,-55.5
24,4.0,-71.79999999999995
48,-2.0,-74.79999999999995
72,4.0,-66.79999999999995
24,-3.0,-63.799999999999955
48,-8.0,-66.79999999999995
72,-2.0,-60.799999999999955
24,-13.0,-45.80000000000001
48,-7.0,-49.80000000000001
72,-13.0,-45.80000000000001
24,1.0,-26.19999999999999
48,30.0,-29.19999999999999
72,5.0,-27.19999999999999
24,39.0,-1.7999999999999972
48,29.0,-2.799999999999997
72,5.0,-1.7999999999999972
24,-13.0,22.5
48,26.0,-11.5
72,-58.0,24.5
24,0.0,-55.5
48,0.0,-70.5
72,0.0,103.5
24,0.0,-34.8
48,-29.0,308.2
72,-41.0,322.2
24,1.0,-68.5
48,-1.0,135.5
72,-92.0,492.5
24,70.0,-103.19999999999999
48,67.0,230.8
72,-18.0,556.8
24,-28.0,492.2
48,-10.0,505.2
72,-59.0,592.2
24,-11.0,170.0
48,59.0,-6.0
72,-8.0,181.0
24,73.0,-311.79999999999995
48,73.0,-398.79999999999995
72,-21.0,-28.799999999999955
24,11.0,-43.700000000000045
48,7.0,-38.700000000000045
72,7.0,-37.700000000000045
24,25.0,-11.5
48,0.0,-6.5
72,29.0,-15.5
24,35.0,-26.799999999999955
48,5.0,-21.799999999999955
72,4.0,-19.799999999999955
24,62.0,2.0
48,6.0,44.0
72,6.0,46.0
24,7.0,63.0
48,5.0,67.0
72,19.0,53.0
24,37.0,20.7
48,2.0,21.7
72,1.0,21.7
24,0.0,-22.700000000000003
48,-43.0,2.299999999999997
72,-100.0,5.299999999999997
24,-89.0,124.3
48,-64.0,124.3
72,-100.0,131.3
24,0.0,-182.0
48,0.0,-134.0
72,-100.0,189.0
24,0.0,-193.0
48,0.0,-199.0
72,-100.0,335.0
24,-21.0,373.8
48,0.0,16.80000000000001
72,-100.0,499.8
24,2.0,-36.5
48,-79.0,522.5
72,-98.0,571.5
24,0.0,-139.7
48,0.0,-239.7
72,-100.0,632.3
24,-26.0,291.0
48,-93.0,533.0
72,-100.0,568.0
24,-95.0,61.799999999999955
48,-95.0,76.79999999999995
72,-100.0,88.79999999999995
24,-6.0,-21.5
48,0.0,-16.5
72,-6.0,-11.5
24,5.0,7.7999999999999545
48,0.0,13.799999999999955
72,0.0,14.799999999999955
24,5.0,-7.199999999999989
48,0.0,-2.1999999999999886
72,0.0,-4.199999999999989
24,0.0,4.800000000000011
48,0.0,8.800000000000011
72,5.0,5.800000000000011
24,0.0,5.5
48,0.0,6.5
72,0.0,5.5
24,5.0,-6.5
48,100.0,-10.5
72,100.0,-11.5
24,-1.0,-37.5
48,99.0,-57.5
72,99.0,-50.5
24,-13.0,-53.19999999999999
48,-7.0,-58.19999999999999
72,87.0,-94.19999999999999
24,-2.0,-63.0
48,38.0,-66.0
72,4.0,-52.0
24,4.0,-68.70000000000005
48,4.0,-70.70000000000005
72,-2.0,-54.700000000000045
24,-9.0,-73.79999999999995
48,23.0,-73.79999999999995
72,-4.0,-56.799999999999955
24,-2.0,-64.0
48,-2.0,-63.0
72,3.0,-49.0
24,-39.0,-56.200000000000045
48,-39.0,-52.200000000000045
72,-33.0,-40.200000000000045
24,59.0,-72.5
48,0.0,-61.5
72,0.0,-55.5
24,-2.0,-73.20000000000005
48,-9.0,-65.20000000000005
72,-9.0,-58.200000000000045
24,-32.0,-70.20000000000005
48,-38.0,-62.200000000000045
72,-38.0,-57.200000000000045
24,-73.0,-35.30000000000001
48,-78.0,-29.30000000000001
72,-78.0,-24.30000000000001
24,-1.0,20.5
48,-1.0,24.5
72,-1.0,27.5
24,-10.0,5.5
48,-15.0,5.5
72,-15.0,6.5
24,81.0,18.5
48,5.0,19.5
72,-2.0,20.5
24,25.0,25.0
48,-42.0,40.0
72,-69.0,48.0
24,-59.0,-45.69999999999999
48,-60.0,-47.69999999999999
72,-78.0,-41.69999999999999
24,35.0,-31.299999999999955
48,-2.0,-28.299999999999955
72,-6.0,-22.299999999999955
24,44.0,37.700000000000045
48,4.0,38.700000000000045
72,4.0,46.700000000000045
24,11.0,-32.5
48,6.0,-33.5
72,-4.0,-25.5
24,-56.0,10.799999999999955
48,-54.0,16.799999999999955
72,-67.0,22.799999999999955
24,57.0,245.0
48,79.0,241.0
72,-2.0,258.0
24,9.0,-11.799999999999955
48,18.0,-13.799999999999955
72,-2.0,0.20000000000004547
24,7.0,-26.299999999999955
48,8.0,-28.299999999999955
72,-4.0,-17.299999999999955
24,5.0,-1.2000000000000455
48,11.0,-4.2000000000000455
72,-1.0,3.7999999999999545
24,-13.0,17.30000000000001
48,-8.0,14.300000000000011
72,-19.0,21.30000000000001
24,-16.0,18.5
48,-67.0,20.5
72,-73.0,26.5
24,-73.0,-4.5
48,-85.0,-5.5
72,-86.0,-4.5
24,-6.0,-6.0
48,4.0,-7.0
72,0.0,-7.0
24,-3.0,-35.80000000000001
48,97.0,-138.8
72,7.0,-39.80000000000001
24,4.0,-44.0
48,26.0,-52.0
72,50.0,-92.0
24,10.0,-19.700000000000045
48,21.0,-26.700000000000045
72,49.0,-99.70000000000005
24,5.0,-47.0
48,6.0,-53.0
72,39.0,-94.0
24,2.0,-43.5
48,2.0,-50.5
72,34.0,-71.5
24,-2.0,-39.5
48,-2.0,-49.5
72,45.0,-142.5
24,-30.0,-38.799999999999955
48,-14.0,-47.799999999999955
72,70.0,-666.8
24,-87.0,-33.5
48,-87.0,-46.5
72,13.0,-549.5
24,10.0,-30.299999999999955
48,-12.0,-43.299999999999955
72,88.0,-619.3
24,-16.0,-22.799999999999955
48,-16.0,-32.799999999999955
72,84.0,-420.79999999999995
24,-8.0,4.0
48,9.0,-5.0
72,87.0,-338.0
24,-4.0,16.5
48,86.0,-72.5
72,89.0,-167.5
24,10.0,-3.299999999999997
48,34.0,-26.299999999999997
72,34.0,-41.3
24,0.0,-15.0
48,0.0,-6.0
72,-100.0,10.0
24,0.0,-117.19999999999999
48,0.0,-42.19999999999999
72,-90.0,77.80000000000001
24,30.0,-80.69999999999999
48,30.0,-131.7
72,30.0,151.3
24,16.0,-129.0
48,16.0,-224.0
72,-19.0,320.0
24,7.0,-153.3
48,-5.0,157.7
72,-4.0,330.7
24,10.0,78.19999999999999
48,10.0,-194.8
72,10.0,256.2
24,27.0,-342.70000000000005
48,27.0,-342.70000000000005
72,-53.0,373.29999999999995
24,2.0,-481.70000000000005
48,2.0,-571.7
72,-76.0,197.29999999999995
24,21.0,-220.20000000000005
48,21.0,-293.20000000000005
72,21.0,175.79999999999995
24,8.0,160.5
48,8.0,-416.5
72,8.0,138.5
24,5.0,-108.0
48,5.0,-172.0
72,5.0,100.0
24,0.0,-84.19999999999999
48,0.0,-21.19999999999999
72,0.0,-3.1999999999999886
24,0.0,-21.200000000000003
48,0.0,-55.2
72,0.0,-16.200000000000003
24,0.0,-16.3
48,0.0,-20.3
72,0.0,7.699999999999999
24,-3.0,1.7000000000000028
48,2.0,3.700000000000003
72,-3.0,2.700000000000003
24,-1.0,18.0
48,-1.0,23.0
72,-1.0,22.0
24,-43.0,100.0
48,-32.0,103.0
72,49.0,-105.0
24,73.0,84.0
48,-27.0,119.0
72,-27.0,130.0
24,98.0,-63.700000000000045
48,9.0,-34.700000000000045
72,-2.0,-21.700000000000045
24,62.0,-62.299999999999955
48,-6.0,-40.299999999999955
72,-38.0,-27.299999999999955
24,2.0,-74.0
48,2.0,-72.0
72,-98.0,-25.0
24,11.0,-55.799999999999955
48,-32.0,-53.799999999999955
72,-61.0,-32.799999999999955
24,-40.0,-20.799999999999955
48,-40.0,-20.799999999999955
72,-50.0,-11.799999999999955
24,-65.0,-7.2000000000000455
48,-51.0,-10.200000000000045
72,-65.0,1.7999999999999545
24,22.0,-423.29999999999995
48,-8.0,-81.29999999999995
72,-78.0,11.700000000000045
24,-79.0,44.0
48,11.0,-263.0
72,-89.0,54.0
24,-72.0,84.0
48,9.0,-120.0
72,-91.0,83.0
24,-31.0,-2.5
48,-100.0,16.5
72,-100.0,15.5
24,-26.0,-4.299999999999997
48,8.0,-9.299999999999997
72,13.0,-11.299999999999997
24,44.0,-50.69999999999999
48,0.0,-41.69999999999999
72,43.0,-57.69999999999999
24,38.0,-45.19999999999999
48,91.0,-115.19999999999999
72,91.0,-93.19999999999999
24,-73.0,-24.0
48,12.0,-73.0
72,12.0,-57.0
24,12.0,5.2000000000000455
48,-72.0,30.200000000000045
72,-24.0,13.200000000000045
24,17.0,269.29999999999995
48,17.0,252.29999999999995
72,-13.0,285.29999999999995
24,6.0,-118.79999999999995
48,6.0,12.200000000000045
72,-3.0,27.200000000000045
24,2.0,-101.5
48,-28.0,81.5
72,2.0,3.5
24,45.0,21.200000000000045
48,45.0,-31.799999999999955
72,45.0,-3.7999999999999545
24,1.0,201.20000000000005
48,10.0,128.20000000000005
72,10.0,159.20000000000005
24,6.0,25.5
48,6.0,-9.5
72,6.0,8.5
24,9.0,43.30000000000001
48,9.0,30.30000000000001
72,9.0,-26.69999999999999
24,-17.0,36.0
48,20.0,8.0
72,20.0,-21.0
24,22.0,6.700000000000003
48,22.0,4.700000000000003
72,22.0,2.700000000000003
24,5.0,-6.0
48,5.0,-20.0
72,5.0,8.0
24,47.0,-31.69999999999999
48,47.0,-66.69999999999999
72,47.0,-50.69999999999999
24,99.0,-154.3
48,99.0,-107.30000000000001
72,99.0,-133.3
24,100.0,-120.70000000000005
48,100.0,-5.7000000000000455
72,100.0,-80.70000000000005
24,78.0,-97.29999999999995
48,98.0,-694.3
72,91.0,-138.29999999999995
24,69.0,-94.20000000000005
48,99.0,-424.20000000000005
72,6.0,-81.20000000000005
24,55.0,-86.70000000000005
48,100.0,-497.70000000000005
72,7.0,-83.70000000000005
24,9.0,-79.29999999999995
48,70.0,-115.29999999999995
72,-1.0,-79.29999999999995
24,1.0,-72.29999999999995
48,0.0,-56.299999999999955
72,0.0,-53.299999999999955
24,0.0,-75.79999999999995
48,0.0,-58.799999999999955
72,0.0,-53.799999999999955
24,0.0,-68.20000000000005
48,0.0,-52.200000000000045
72,5.0,-49.200000000000045
24,0.0,-47.69999999999999
48,0.0,-29.69999999999999
72,0.0,-31.69999999999999
24,0.0,-17.69999999999999
48,0.0,-6.699999999999989
72,5.0,-8.699999999999989
24,0.0,-0.29999999999999716
48,0.0,3.700000000000003
72,0.0,3.700000000000003
24,-20.0,-4.0
48,21.0,-8.0
72,-16.0,-3.0
24,-1.0,40.19999999999999
48,26.0,23.19999999999999
72,92.0,23.19999999999999
24,-53.0,61.30000000000001
48,11.0,44.30000000000001
72,-51.0,61.30000000000001
24,38.0,-351.79999999999995
48,38.0,-223.79999999999995
72,14.0,-52.799999999999955
24,60.0,-401.29999999999995
48,60.0,-204.29999999999995
72,57.0,-71.29999999999995
24,71.0,-740.2
48,71.0,-167.20000000000005
72,71.0,-88.20000000000005
24,78.0,-186.29999999999995
48,78.0,-98.29999999999995
72,78.0,-669.3
24,14.0,-40.200000000000045
48,28.0,-187.20000000000005
72,52.0,-485.20000000000005
24,95.0,-291.0
48,95.0,-32.0
72,94.0,-499.0
24,40.0,-45.5
48,72.0,-186.5
72,78.0,-594.5
24,-23.0,-8.299999999999955
48,12.0,-437.29999999999995
72,12.0,-414.29999999999995
24,-2.0,105.19999999999999
48,-54.0,109.19999999999999
72,27.0,-237.8
24,-1.0,141.8
48,-62.0,165.8
72,0.0,-32.2
24,0.0,9.0
48,0.0,30.0
72,0.0,0.0
24,0.0,-24.7
48,0.0,-15.7
72,0.0,-2.6999999999999993
24,0.0,-21.3
48,0.0,17.7
72,0.0,93.7
24,0.0,48.0
48,0.0,-100.0
72,0.0,195.0
24,0.0,52.69999999999999
48,0.0,-98.30000000000001
72,0.0,398.7
24,0.0,-191.2
48,0.0,187.8
72,0.0,433.8
24,0.0,-79.0
48,0.0,521.0
72,0.0,536.0
24,1.0,-314.2
48,1.0,7.800000000000011
72,1.0,476.8
24,0.0,381.3
48,0.0,121.30000000000001
72,0.0,585.3
24,0.0,286.5
48,0.0,-246.5
72,0.0,246.5
24,0.0,127.0
48,0.0,-31.0
72,0.0,218.0
24,7.0,248.0
48,8.0,1.0
72,-1.0,362.0
24,0.0,93.19999999999999
48,0.0,76.19999999999999
72,0.0,201.2
24,-23.0,123.0
48,0.0,17.0
72,0.0,59.0
24,-6.0,39.3
48,1.0,16.3
72,1.0,20.3
24,0.0,1.6999999999999993
48,0.0,11.7
72,0.0,6.699999999999999
24,0.0,-27.80000000000001
48,0.0,-69.80000000000001
72,0.0,-22.80000000000001
24,-92.0,136.5
48,2.0,27.5
72,2.0,-47.5
24,-84.0,230.3
48,10.0,142.3
72,10.0,111.30000000000001
24,3.0,96.79999999999995
48,97.0,73.79999999999995
72,97.0,-146.20000000000005
24,34.0,42.700000000000045
48,4.0,40.700000000000045
72,91.0,-131.29999999999995
24,70.0,-28.299999999999955
48,100.0,-46.299999999999955
72,40.0,-46.299999999999955
24,5.0,-45.799999999999955
48,68.0,-54.799999999999955
72,65.0,-117.79999999999995
24,5.0,-47.299999999999955
48,70.0,-50.299999999999955
72,100.0,-110.29999999999995
24,42.0,-55.0
48,25.0,-46.0
72,79.0,-246.0
24,-66.0,-33.5
48,-49.0,-34.5
72,-66.0,-41.5
24,-6.0,-28.5
48,84.0,-58.5
72,71.0,-44.5
24,0.0,-22.69999999999999
48,100.0,-57.69999999999999
72,100.0,-60.69999999999999
24,0.0,-0.7999999999999972
48,100.0,-13.799999999999997
72,100.0,-5.799999999999997
24,0.0,-2.299999999999997
48,89.0,-7.299999999999997
72,100.0,-8.299999999999997
24,57.0,-44.19999999999999
48,44.0,-47.19999999999999
72,22.0,-28.19999999999999
24,-10.0,-45.5
48,85.0,-131.5
72,85.0,-105.5
24,6.0,-47.200000000000045
48,96.0,-71.20000000000005
72,96.0,-136.20000000000005
24,43.0,-58.0
48,-9.0,-45.0
72,77.0,-189.0
24,-14.0,-49.299999999999955
48,-2.0,-49.299999999999955
72,80.0,-100.29999999999995
24,-26.0,-45.299999999999955
48,-52.0,-42.299999999999955
72,40.0,-87.29999999999995
24,-33.0,-51.700000000000045
48,-43.0,-47.700000000000045
72,35.0,-81.70000000000005
24,-76.0,-46.0
48,-65.0,-40.0
72,-82.0,-33.0
24,-38.0,-28.299999999999955
48,-50.0,-22.299999999999955
72,-50.0,-16.299999999999955
24,15.0,-32.200000000000045
48,-59.0,-21.200000000000045
72,-64.0,-18.200000000000045
24,73.0,-56.69999999999999
48,52.0,-40.69999999999999
72,-22.0,-7.699999999999989
24,74.0,-213.0
48,74.0,-23.0
72,74.0,-12.0
24,89.0,-68.2
48,89.0,-30.200000000000003
72,89.0,-14.200000000000003
24,82.0,-6.700000000000003
48,82.0,-6.700000000000003
72,82.0,-14.700000000000003
24,70.0,-48.0
48,56.0,-52.0
72,-24.0,-32.0
24,41.0,-69.19999999999999
48,41.0,-82.19999999999999
72,41.0,-103.19999999999999
24,40.0,-104.79999999999995
48,40.0,-110.79999999999995
72,40.0,-112.79999999999995
24,9.0,-70.0
48,9.0,-140.0
72,-85.0,-59.0
24,3.0,58.5
48,3.0,-99.5
72,-87.0,79.5
24,0.0,189.79999999999995
48,0.0,160.79999999999995
72,0.0,215.79999999999995
24,2.0,312.5
48,2.0,294.5
72,2.0,283.5
24,0.0,138.20000000000005
48,0.0,205.20000000000005
72,-100.0,248.20000000000005
24,0.0,137.5
48,0.0,219.5
72,0.0,213.5
24,0.0,44.19999999999999
48,0.0,108.19999999999999
72,-11.0,129.2
24,2.0,-136.3
48,2.0,31.69999999999999
72,2.0,-330.3
24,5.0,-32.30000000000001
48,5.0,62.69999999999999
72,5.0,-1.3000000000000114
24,15.0,-22.5
48,15.0,22.5
72,15.0,24.5
24,0.0,1.7000000000000028
48,0.0,-4.299999999999997
72,0.0,-4.299999999999997
24,0.0,-0.19999999999998863
48,-2.0,1.8000000000000114
72,0.0,-12.199999999999989
24,3.0,-66.5
48,3.0,-11.5
72,3.0,-169.5
24,0.0,-33.299999999999955
48,0.0,-29.299999999999955
72,0.0,-128.29999999999995
24,2.0,111.20000000000005
48,2.0,31.200000000000045
72,2.0,-43.799999999999955
24,2.0,-40.5
48,2.0,-365.5
72,2.0,-56.5
24,0.0,72.70000000000005
48,0.0,-65.29999999999995
72,0.0,-29.299999999999955
24,0.0,-113.0
48,0.0,-105.0
72,0.0,-185.0
24,7.0,38.5
48,7.0,-530.5
72,7.0,-9.5
24,4.0,230.7
48,4.0,-227.3
72,4.0,209.7
24,0.0,394.0
48,0.0,117.0
72,0.0,272.0
24,0.0,250.2
48,0.0,97.2
72,0.0,165.2
24,0.0,86.3
48,0.0,24.299999999999997
72,0.0,-22.700000000000003
24,0.0,42.0
48,0.0,-1.0
72,0.0,-11.0
24,0.0,-19.5
48,0.0,-19.5
72,0.0,-17.5
24,0.0,-83.0
48,0.0,-89.0
72,0.0,-75.0
24,0.0,-126.30000000000001
48,0.0,-121.30000000000001
72,0.0,-87.30000000000001
24,0.0,-65.3
48,0.0,-59.3
72,0.0,112.7
24,1.0,-79.69999999999999
48,1.0,60.30000000000001
72,1.0,233.3
24,0.0,-50.19999999999999
48,0.0,312.8
72,-82.0,689.8
24,0.0,-99.30000000000001
48,0.0,465.7
72,0.0,609.7
24,0.0,124.69999999999999
48,-19.0,697.7
72,-84.0,721.7
24,14.0,19.5
48,-30.0,700.5
72,-39.0,726.5
24,34.0,-129.5
48,34.0,474.5
72,34.0,496.5
24,23.0,-232.5
48,23.0,194.5
72,-67.0,248.5
24,13.0,147.5
48,-87.0,200.5
72,-77.0,219.5
24,1.0,112.7
48,-47.0,85.7
72,-92.0,156.7
24,3.0,37.0
48,3.0,26.0
72,3.0,39.0
24,8.0,151.7
48,-43.0,150.7
72,55.0,150.7
24,-44.0,319.3
48,-44.0,317.3
72,47.0,202.3
24,-34.0,391.3
48,-91.0,421.3
72,3.0,269.3
24,-8.0,220.3
48,-61.0,468.3
72,0.0,288.3
24,-42.0,490.2
48,-27.0,551.2
72,4.0,199.2
24,-41.0,310.29999999999995
48,-19.0,85.29999999999995
72,-11.0,149.29999999999995
24,-51.0,313.79999999999995
48,0.0,-301.20000000000005
72,0.0,87.79999999999995
24,48.0,-138.0
48,-38.0,314.0
72,48.0,-238.0
24,34.0,52.200000000000045
48,-17.0,127.20000000000005
72,21.0,-0.7999999999999545
24,-24.0,79.0
48,-20.0,86.0
72,52.0,-257.0
24,65.0,-74.80000000000001
48,90.0,-284.8
72,31.0,-15.800000000000011
24,91.0,2.8000000000000114
48,91.0,-139.2
72,31.0,7.800000000000011
24,6.0,2.799999999999997
48,6.0,-1.2000000000000028
72,-56.0,8.799999999999997
24,0.0,-12.700000000000003
48,0.0,31.299999999999997
72,-94.0,96.3
24,0.0,-32.80000000000001
48,0.0,-7.800000000000011
72,0.0,-17.80000000000001
24,0.0,-78.30000000000001
48,0.0,-123.30000000000001
72,0.0,274.7
24,0.0,129.0
48,0.0,-218.0
72,0.0,317.0
24,0.0,35.69999999999999
48,0.0,-269.3
72,0.0,249.7
24,0.0,-3.1999999999999886
48,0.0,-102.19999999999999
72,0.0,27.80000000000001
24,0.0,507.3
48,0.0,521.3
72,0.0,48.30000000000001
24,0.0,392.2
48,0.0,142.2
72,0.0,430.2
24,10.0,227.3
48,-3.0,538.3
72,10.0,222.3
24,0.0,-26.30000000000001
48,0.0,-25.30000000000001
72,0.0,-38.30000000000001
24,-79.0,296.0
48,13.0,-71.0
72,13.0,131.0
24,49.0,89.2
48,69.0,-5.799999999999997
72,69.0,-34.8
24,0.0,-19.2
48,0.0,-10.2
72,0.0,-14.2
24,16.0,-51.30000000000001
48,16.0,-71.30000000000001
72,16.0,-54.30000000000001
24,6.0,127.80000000000001
48,6.0,-166.2
72,6.0,-118.19999999999999
24,15.0,199.8
48,15.0,-78.19999999999999
72,15.0,85.80000000000001
24,0.0,89.19999999999999
48,0.0,-91.80000000000001
72,0.0,51.19999999999999
24,35.0,93.5
48,35.0,193.5
72,35.0,169.5
24,60.0,-101.29999999999995
48,60.0,143.70000000000005
72,60.0,-43.299999999999955
24,15.0,261.5
48,15.0,-107.5
72,15.0,-74.5
24,0.0,62.5
48,0.0,-255.5
72,0.0,-223.5
24,0.0,63.0
48,0.0,-418.0
72,0.0,-312.0
24,0.0,-220.2
48,0.0,-219.2
72,0.0,-230.2
24,26.0,-226.3
48,-39.0,-20.30000000000001
72,26.0,-257.3
24,61.0,-184.8
48,61.0,-74.80000000000001
72,61.0,-156.8
24,40.0,-6.0
48,92.0,-9.0
72,92.0,-26.0
24,24.0,-50.5
48,24.0,-30.5
72,24.0,-51.5
24,12.0,-28.80000000000001
48,12.0,-46.80000000000001
72,-28.0,-54.80000000000001
24,0.0,-78.20000000000005
48,0.0,-50.200000000000045
72,-50.0,-84.20000000000005
24,0.0,-60.299999999999955
48,-33.0,2.7000000000000455
72,-64.0,-10.299999999999955
24,1.0,54.299999999999955
48,-82.0,116.29999999999995
72,-72.0,120.29999999999995
24,-26.0,260.5
48,-49.0,258.5
72,-55.0,254.5
24,2.0,82.29999999999995
48,-87.0,121.29999999999995
72,2.0,78.29999999999995
24,19.0,88.0
48,6.0,197.0
72,19.0,108.0
24,3.0,154.0
48,3.0,221.0
72,3.0,193.0
24,1.0,-12.5
48,1.0,26.5
72,1.0,153.5
24,0.0,67.19999999999999
48,0.0,120.19999999999999
72,0.0,81.19999999999999
24,-16.0,72.5
48,0.0,70.5
72,0.0,-84.5
24,0.0,29.2
48,-38.0,40.2
72,0.0,-15.8
24,0.0,15.799999999999997
48,0.0,-7.200000000000003
72,0.0,58.8
24,0.0,30.5
48,0.0,41.5
72,0.0,131.5
24,0.0,-5.0
48,0.0,-88.0
72,0.0,214.0
24,1.0,-205.7
48,1.0,-135.7
72,1.0,169.3
24,0.0,-247.8
48,0.0,-222.8
72,0.0,172.2
24,4.0,-302.7
48,4.0,122.30000000000001
72,4.0,340.3
24,7.0,-414.3
48,7.0,98.69999999999999
72,7.0,416.7
24,0.0,-284.0
48,0.0,-122.0
72,0.0,379.0
24,0.0,-119.19999999999999
48,0.0,-17.19999999999999
72,0.0,-121.19999999999999
24,0.0,-148.7
48,0.0,-149.7
72,0.0,272.3
24,1.0,-62.7
48,1.0,-63.7
72,1.0,155.3
24,0.0,-15.0
48,0.0,-11.0
72,-7.0,194.0
24,0.0,-0.20000000000000018
48,0.0,1.7999999999999998
72,0.0,46.8
24,0.0,-50.0
48,0.0,-48.0
72,0.0,-31.0
24,0.0,-49.2
48,0.0,-51.2
72,0.0,-36.2
24,0.0,-42.8
48,0.0,-48.8
72,0.0,-27.799999999999997
24,0.0,-139.5
48,0.0,-139.5
72,0.0,-124.5
24,0.0,-175.5
48,0.0,-176.5
72,0.0,-178.5
24,0.0,-166.5
48,0.0,-183.5
72,0.0,-179.5
24,0.0,-157.7
48,0.0,-22.69999999999999
72,0.0,-163.7
24,0.0,-144.5
48,0.0,-159.5
72,0.0,-166.5
24,0.0,-87.19999999999999
48,0.0,-158.2
72,0.0,-163.2
24,5.0,-34.7
48,5.0,45.3
72,5.0,-42.7
24,0.0,-148.3
48,0.0,-125.30000000000001
72,0.0,-153.3
24,0.0,-41.5
48,0.0,-33.5
72,0.0,-30.5
24,-3.0,8.5
48,-50.0,31.5
72,0.0,-17.5
24,0.0,14.799999999999997
48,-27.0,89.8
72,0.0,90.8
24,44.0,-37.30000000000001
48,44.0,-38.30000000000001
72,2.0,216.7
24,4.0,-361.3
48,4.0,-132.3
72,4.0,47.69999999999999
24,-9.0,45.5
48,-32.0,256.5
72,0.0,-153.5
24,2.0,82.0
48,2.0,289.0
72,2.0,46.0
24,52.0,212.8
48,52.0,312.8
72,52.0,42.80000000000001
24,32.0,-90.5
48,32.0,35.5
72,32.0,-229.5
24,48.0,-56.19999999999999
48,66.0,-55.19999999999999
72,66.0,-152.2
24,22.0,5.799999999999997
48,-5.0,11.799999999999997
72,22.0,-10.200000000000003
24,22.0,18.69999999999999
48,22.0,-111.30000000000001
72,22.0,-115.30000000000001
24,20.0,50.5
48,20.0,-129.5
72,20.0,-268.5
24,0.0,76.5
48,0.0,-368.5
72,0.0,-413.5
24,-47.0,130.0
48,37.0,-510.0
72,37.0,-574.0
24,-46.0,233.29999999999995
48,43.0,-554.7
72,43.0,-592.7
24,-62.0,462.8
48,5.0,-330.2
72,5.0,-366.2
24,23.0,204.8
48,34.0,-254.2
72,34.0,-321.2
24,0.0,-208.0
48,-43.0,306.0
72,0.0,-432.0
24,0.0,-106.69999999999999
48,0.0,56.30000000000001
72,0.0,-333.7
24,0.0,105.19999999999999
48,0.0,-79.80000000000001
72,0.0,-211.8
24,0.0,115.5
48,0.0,26.5
72,0.0,-51.5
24,0.0,-68.2
48,0.0,-70.2
72,0.0,-77.2
24,0.0,-40.2
48,0.0,-39.2
72,0.0,-39.2
24,0.0,-35.8
48,0.0,-43.8
72,0.0,-42.8
24,0.0,-44.8
48,0.0,-11.799999999999997
72,0.0,-31.799999999999997
24,0.0,-59.2
48,0.0,-55.2
72,0.0,-68.2
24,0.0,-77.3
48,0.0,-70.3
72,0.0,-73.3
24,0.0,-86.8
48,0.0,-59.8
72,0.0,-75.8
24,30.0,-69.7
48,30.0,-99.7
72,30.0,-95.7
24,16.0,-49.3
48,16.0,-92.3
72,16.0,-80.3
24,0.0,232.0
48,0.0,-131.0
72,0.0,-150.0
24,20.0,-73.80000000000001
48,20.0,-125.80000000000001
72,20.0,-132.8
24,0.0,-85.2
48,0.0,-85.2
72,0.0,-69.2
24,2.0,-70.5
48,2.0,-79.5
72,2.0,-72.5
24,15.0,-69.7
48,15.0,-84.7
72,15.0,-86.7
24,0.0,-25.5
48,0.0,-28.5
72,0.0,-29.5
24,0.0,-51.0
48,0.0,-65.0
72,0.0,-63.0
24,0.0,38.7
48,0.0,-99.3
72,0.0,-60.3
24,0.0,172.2
48,0.0,-144.8
72,0.0,-131.8
24,0.0,409.2
48,0.0,-145.8
72,0.0,-144.8
24,0.0,311.2
48,0.0,-25.799999999999997
72,0.0,-30.799999999999997
24,0.0,-38.69999999999999
48,0.0,-153.7
72,0.0,-80.69999999999999
24,0.0,-75.0
48,0.0,-188.0
72,0.0,-127.0
24,1.0,-19.19999999999999
48,1.0,-179.2
72,1.0,-172.2
24,0.0,-54.30000000000001
48,0.0,-137.3
72,0.0,-129.3
24,0.0,-90.0
48,0.0,-109.0
72,0.0,-127.0
24,0.0,-63.0
48,0.0,-97.0
72,0.0,-103.0
24,0.0,39.3
48,0.0,-12.7
72,0.0,-18.7
24,-64.0,34.7
48,0.0,-20.3
72,0.0,-23.3
24,0.0,-1.1999999999999993
48,0.0,10.8
72,0.0,-19.2
24,-13.0,80.0
48,0.0,68.0
72,0.0,-78.0
24,1.0,-32.5
48,-6.0,122.5
72,1.0,-91.5
24,0.0,33.30000000000001
48,0.0,121.30000000000001
72,0.0,-97.69999999999999
24,0.0,326.0
48,-48.0,550.0
72,0.0,-134.0
24,0.0,241.8
48,-21.0,550.8
72,0.0,-164.2
24,0.0,110.80000000000001
48,-3.0,293.8
72,0.0,-217.2
24,0.0,81.5
48,0.0,-35.5
72,0.0,-216.5
24,0.0,94.19999999999999
48,0.0,162.2
72,0.0,448.2
24,11.0,205.7
48,11.0,230.7
72,11.0,219.7
24,14.0,211.3
48,14.0,2.299999999999997
72,8.0,327.3
24,-74.0,349.3
48,8.0,-38.7
72,8.0,78.3
24,-14.0,119.7
48,0.0,-40.3
72,0.0,18.700000000000003
24,-2.0,34.0
48,-55.0,35.0
72,0.0,-5.0
24,80.0,30.69999999999999
48,80.0,46.69999999999999
72,65.0,16.69999999999999
24,0.0,-91.30000000000001
48,0.0,-98.30000000000001
72,0.0,4.699999999999989
24,0.0,90.19999999999999
48,-19.0,17.19999999999999
72,14.0,155.2
24,55.0,-27.30000000000001
48,-28.0,327.7
72,55.0,260.7
24,23.0,10.5
48,23.0,380.5
72,23.0,309.5
24,16.0,484.8
48,-9.0,634.8
72,16.0,509.8
24,13.0,367.8
48,-82.0,494.8
72,13.0,287.8
24,5.0,12.799999999999955
48,-42.0,94.79999999999995
72,5.0,-701.2
24,9.0,31.5
48,9.0,14.5
72,9.0,-496.5
24,1.0,69.0
48,1.0,33.0
72,1.0,-409.0
24,-60.0,159.5
48,21.0,102.5
72,21.0,-119.5
24,-20.0,33.69999999999999
48,64.0,-0.30000000000001137
72,64.0,-171.3
24,38.0,-9.700000000000003
48,68.0,-15.700000000000003
72,71.0,-61.7
24,-9.0,-13.199999999999989
48,55.0,-22.19999999999999
72,86.0,-62.19999999999999
24,-40.0,-29.5
48,-15.0,-39.5
72,16.0,-76.5
24,-24.0,-32.5
48,-20.0,-39.5
72,51.0,-64.5
24,84.0,-55.5
48,-3.0,-33.5
72,84.0,-81.5
24,-53.0,-13.0
48,16.0,-31.0
72,37.0,-37.0
24,-91.0,139.79999999999995
48,3.0,55.799999999999955
72,-6.0,112.79999999999995
24,-68.0,329.79999999999995
48,-4.0,200.79999999999995
72,-49.0,326.79999999999995
24,7.0,261.5
48,48.0,283.5
72,46.0,274.5
24,-4.0,296.7
48,17.0,-161.3
72,17.0,189.7
24,87.0,-117.0
48,70.0,211.0
72,73.0,198.0
24,42.0,-286.8
48,42.0,51.19999999999999
72,33.0,-15.800000000000011
24,87.0,-59.5
48,87.0,136.5
72,82.0,140.5
24,72.0,-35.3
48,46.0,25.700000000000003
72,60.0,10.700000000000003
24,-1.0,4.699999999999989
48,5.0,4.699999999999989
72,4.0,2.6999999999999886
24,-30.0,-7.0
48,22.0,-8.0
72,29.0,-11.0
24,-11.0,-24.700000000000045
48,-1.0,-27.700000000000045
72,-5.0,-28.700000000000045
24,-19.0,3.0
48,-19.0,-1.0
72,-13.0,-3.0
24,-27.0,182.0
48,-27.0,177.0
72,-27.0,178.0
24,-15.0,423.70000000000005
48,-15.0,416.70000000000005
72,-15.0,421.70000000000005
24,-16.0,312.5
48,-16.0,305.5
72,-16.0,309.5
24,-14.0,264.5
48,-14.0,264.5
72,-14.0,251.5
24,-17.0,199.29999999999995
48,-17.0,197.29999999999995
72,-17.0,186.29999999999995
24,-14.0,158.7
48,-14.0,156.7
72,-14.0,149.7
24,-14.0,117.69999999999999
48,-14.0,116.69999999999999
72,-14.0,110.69999999999999
24,-7.0,86.69999999999999
48,-7.0,86.69999999999999
72,25.0,82.69999999999999
24,-6.0,29.799999999999997
48,-6.0,28.799999999999997
72,-6.0,27.799999999999997
24,0.0,-8.300000000000011
48,0.0,0.6999999999999886
72,0.0,-0.30000000000001137
24,0.0,-26.69999999999999
48,100.0,-48.69999999999999
72,5.0,-12.699999999999989
24,0.0,-34.200000000000045
48,100.0,-53.200000000000045
72,60.0,-29.200000000000045
24,-18.0,-31.700000000000045
48,82.0,-44.700000000000045
72,82.0,-36.700000000000045
24,-23.0,35.700000000000045
48,77.0,26.700000000000045
72,75.0,41.700000000000045
24,-9.0,60.5
48,-2.0,75.5
72,1.0,77.5
24,-7.0,-4.2000000000000455
48,93.0,-181.20000000000005
72,0.0,14.799999999999955
24,-11.0,85.70000000000005
48,-11.0,94.70000000000005
72,89.0,-3.2999999999999545
24,-8.0,61.5
48,-3.0,65.5
72,76.0,38.5
24,1.0,60.299999999999955
48,-5.0,62.299999999999955
72,95.0,40.299999999999955
24,0.0,76.69999999999999
48,-5.0,76.69999999999999
72,-5.0,83.69999999999999
24,39.0,37.69999999999999
48,-2.0,40.69999999999999
72,-2.0,45.69999999999999
24,32.0,-41.5
48,-68.0,11.5
72,-68.0,13.5
24,0.0,31.80000000000001
48,0.0,-52.19999999999999
72,-92.0,48.80000000000001
24,0.0,-18.5
48,0.0,-48.5
72,0.0,134.5
24,0.0,100.69999999999999
48,0.0,-34.30000000000001
72,0.0,198.7
24,0.0,26.30000000000001
48,0.0,208.3
72,-90.0,310.3
24,0.0,-139.0
48,0.0,427.0
72,-79.0,501.0
24,0.0,-115.5
48,0.0,591.5
72,0.0,608.5
24,0.0,-15.300000000000011
48,0.0,161.7
72,-29.0,587.7
24,0.0,57.80000000000001
48,-60.0,653.8
72,0.0,600.8
24,0.0,78.69999999999999
48,0.0,444.7
72,0.0,-120.30000000000001
24,0.0,20.0
48,0.0,316.0
72,0.0,-111.0
24,0.0,-72.69999999999999
48,0.0,112.30000000000001
72,0.0,-109.69999999999999
24,0.0,133.3
48,0.0,110.3
72,0.0,-23.700000000000003
24,1.0,-46.5
48,1.0,46.5
72,1.0,-0.5
24,0.0,159.2
48,0.0,196.2
72,0.0,-22.799999999999997
24,0.0,378.7
48,0.0,213.7
72,0.0,101.69999999999999
24,0.0,494.2
48,0.0,410.2
72,0.0,129.2
24,0.0,455.0
48,0.0,408.0
72,0.0,173.0
24,1.0,484.3
48,1.0,-13.699999999999989
72,1.0,-4.699999999999989
24,33.0,495.7
48,33.0,124.69999999999999
72,33.0,11.699999999999989
24,0.0,356.2
48,0.0,242.2
72,0.0,412.2
24,0.0,456.2
48,0.0,237.2
72,0.0,456.2
24,0.0,171.3
48,0.0,77.30000000000001
72,0.0,379.3
24,0.0,162.2
48,0.0,31.200000000000003
72,0.0,240.2
24,0.0,72.0
48,0.0,-3.0
72,0.0,99.0
24,1.0,-85.5
48,1.0,24.5
72,1.0,-106.5
24,0.0,-125.30000000000001
48,0.0,33.69999999999999
72,0.0,-126.30000000000001
24,1.0,114.0
48,1.0,131.0
72,1.0,-137.0
24,1.0,72.30000000000001
48,1.0,214.3
72,1.0,-124.69999999999999
24,0.0,229.70000000000005
48,0.0,267.70000000000005
72,0.0,-278.29999999999995
24,0.0,182.0
48,0.0,179.0
72,0.0,-367.0
24,1.0,-83.0
48,1.0,-62.0
72,1.0,-464.0
24,0.0,-415.70000000000005
48,0.0,-442.70000000000005
72,0.0,-75.70000000000005
24,7.0,-304.0
48,7.0,-12.0
72,7.0,-138.0
24,37.0,-177.0
48,37.0,-2.0
72,37.0,-61.0
24,4.0,-85.80000000000001
48,4.0,46.19999999999999
72,4.0,-27.80000000000001
24,38.0,19.80000000000001
48,38.0,21.80000000000001
72,38.0,66.80000000000001
24,11.0,-54.0
48,11.0,-113.0
72,11.0,-85.0
24,54.0,-233.8
48,54.0,-55.80000000000001
72,54.0,-77.80000000000001
24,2.0,65.19999999999999
48,-69.0,134.2
72,2.0,41.19999999999999
24,6.0,3.2999999999999545
48,-83.0,49.299999999999955
72,6.0,-43.700000000000045
24,2.0,25.799999999999955
48,2.0,4.7999999999999545
72,2.0,-25.200000000000045
24,-44.0,156.70000000000005
48,2.0,38.700000000000045
72,2.0,-0.2999999999999545
24,55.0,351.29999999999995
48,61.0,182.29999999999995
72,61.0,-193.70000000000005
24,1.0,308.0
48,23.0,303.0
72,48.0,283.0
24,11.0,89.20000000000005
48,76.0,47.200000000000045
72,76.0,-7.7999999999999545
24,6.0,-59.69999999999999
48,-2.0,114.30000000000001
72,10.0,-298.7
24,1.0,-229.8
48,1.0,58.19999999999999
72,1.0,-197.8
24,11.0,-53.5
48,11.0,54.5
72,11.0,11.5
24,0.0,-32.3
48,0.0,-30.299999999999997
72,0.0,-29.299999999999997
24,0.0,-29.0
48,0.0,-36.0
72,0.0,45.0
24,3.0,46.0
48,3.0,-23.0
72,3.0,13.0
24,1.0,-38.2
48,1.0,-70.2
72,1.0,-35.2
24,0.0,-169.7
48,0.0,-219.7
72,0.0,-215.7
24,0.0,-134.5
48,0.0,-4.5
72,0.0,-156.5
24,0.0,99.69999999999999
48,0.0,-47.30000000000001
72,0.0,-115.30000000000001
24,1.0,-25.5
48,1.0,-128.5
72,1.0,-86.5
24,0.0,-157.0
48,0.0,-171.0
72,0.0,-144.0
24,0.0,-197.3
48,0.0,-192.3
72,0.0,-210.3
24,0.0,-163.7
48,0.0,-152.7
72,0.0,-161.7
24,0.0,-61.2
48,0.0,-41.2
72,0.0,-55.2
24,0.0,-124.30000000000001
48,0.0,-128.3
72,0.0,-128.3
24,0.0,-109.0
48,0.0,-97.0
72,0.0,-87.0
24,0.0,-161.0
48,0.0,-151.0
72,0.0,-158.0
24,0.0,-76.5
48,0.0,-49.5
72,0.0,-58.5
24,0.0,-259.8
48,0.0,-205.8
72,0.0,-206.8
24,0.0,-646.7
48,0.0,-602.7
72,0.0,-639.7
24,0.0,-510.79999999999995
48,0.0,-463.79999999999995
72,0.0,-544.8
24,3.0,-257.2
48,3.0,-273.2
72,3.0,-253.2
24,0.0,-191.2
48,0.0,-250.2
72,0.0,-230.2
24,0.0,-112.69999999999999
48,0.0,-122.69999999999999
72,0.0,-119.69999999999999
24,0.0,-143.7
48,0.0,-75.69999999999999
72,0.0,-142.7
24,0.0,-5.700000000000003
48,0.0,41.3
72,0.0,-47.7
24,0.0,-60.7
48,0.0,-85.7
72,0.0,-86.7
24,0.0,-50.0
48,0.0,-66.0
72,0.0,-91.0
24,0.0,-157.7
48,0.0,-58.69999999999999
72,0.0,-101.69999999999999
24,0.0,-124.80000000000001
48,0.0,-73.80000000000001
72,0.0,-30.80000000000001
24,0.0,18.19999999999999
48,0.0,12.199999999999989
72,0.0,-134.8
24,0.0,-26.30000000000001
48,0.0,248.7
72,0.0,-162.3
24,0.0,-71.80000000000001
48,0.0,201.2
72,0.0,-165.8
24,0.0,-150.5
48,0.0,71.5
72,0.0,-52.5
24,0.0,-74.3
48,0.0,57.7
72,0.0,-48.3
24,0.0,-17.200000000000003
48,0.0,253.8
72,0.0,-106.2
24,0.0,251.5
48,0.0,27.5
72,0.0,3.5
24,3.0,3.700000000000003
48,3.0,-97.3
72,3.0,-98.3
24,0.0,-75.5
48,0.0,-28.5
72,0.0,-88.5
24,0.0,-133.8
48,0.0,140.2
72,0.0,96.19999999999999
24,0.0,-27.0
48,0.0,43.0
72,0.0,-14.0
24,1.0,-553.5
48,1.0,15.5
72,-6.0,-197.5
24,0.0,-433.0
48,0.0,310.0
72,0.0,-44.0
24,0.0,378.0
48,0.0,583.0
72,0.0,201.0
24,0.0,582.2
48,0.0,491.2
72,0.0,616.2
24,0.0,322.5
48,0.0,101.5
72,0.0,-115.5
24,1.0,321.3
48,1.0,258.3
72,1.0,182.3
24,0.0,-65.30000000000001
48,0.0,107.69999999999999
72,0.0,22.69999999999999
24,1.0,161.7
48,1.0,-50.30000000000001
72,1.0,-27.30000000000001
24,1.0,65.8
48,1.0,-58.2
72,1.0,-32.2
24,7.0,3.299999999999997
48,7.0,-63.7
72,7.0,-44.7
24,1.0,-102.5
48,1.0,-250.5
72,1.0,-198.5
24,0.0,107.5
48,0.0,-93.5
72,0.0,118.5
24,1.0,49.0
48,1.0,-40.0
72,1.0,432.0
24,0.0,26.30000000000001
48,0.0,-158.7
72,-20.0,568.3
24,1.0,-247.0
48,1.0,-274.0
72,1.0,284.0
24,1.0,-202.0
48,1.0,-353.0
72,1.0,-248.0
24,6.0,538.2
48,16.0,551.2
72,16.0,38.19999999999999
24,0.0,-214.7
48,0.0,-90.69999999999999
72,0.0,-7.699999999999989
24,0.0,-247.5
48,0.0,-87.5
72,0.0,-253.5
24,0.0,-205.3
48,-15.0,-30.30000000000001
72,-8.0,139.7
24,-66.0,164.3
48,-26.0,183.3
72,0.0,137.3
24,56.0,-65.69999999999999
48,56.0,-133.7
72,18.0,-35.69999999999999
24,91.0,-118.80000000000001
48,91.0,-77.80000000000001
72,91.0,-226.8
24,96.0,-105.5
48,96.0,-117.5
72,96.0,-344.5
24,91.0,-126.29999999999995
48,91.0,-113.29999999999995
72,91.0,-307.29999999999995
24,87.0,-106.0
48,87.0,-284.0
72,87.0,-279.0
24,62.0,9.0
48,62.0,-242.0
72,62.0,-36.0
24,80.0,112.20000000000005
48,80.0,48.200000000000045
72,23.0,172.20000000000005
24,86.0,-29.200000000000045
48,86.0,-104.20000000000005
72,86.0,-258.20000000000005
24,65.0,-185.0
48,65.0,-352.0
72,65.0,-391.0
24,64.0,-127.0
48,64.0,-296.0
72,64.0,-396.0
24,85.0,-47.69999999999999
48,85.0,-246.7
72,85.0,-248.7
24,70.0,-34.69999999999999
48,70.0,-155.7
72,70.0,-135.7
24,94.0,-5.5
48,94.0,-22.5
72,94.0,-18.5
24,95.0,-25.30000000000001
48,95.0,-169.3
72,95.0,-51.30000000000001
24,85.0,-69.0
48,85.0,-161.0
72,85.0,-340.0
24,29.0,-75.0
48,71.0,-507.0
72,71.0,-512.0
24,71.0,-33.200000000000045
48,71.0,-471.20000000000005
72,71.0,-432.20000000000005
24,62.0,277.79999999999995
48,62.0,-481.20000000000005
72,62.0,-106.20000000000005
24,14.0,102.5
48,43.0,-640.5
72,43.0,-214.5
24,18.0,-73.70000000000005
48,44.0,-341.70000000000005
72,44.0,91.29999999999995
24,52.0,34.799999999999955
48,52.0,-472.20000000000005
72,52.0,56.799999999999955
24,-36.0,60.700000000000045
48,42.0,-214.29999999999995
72,55.0,46.700000000000045
24,51.0,48.80000000000001
48,51.0,-44.19999999999999
72,51.0,149.8
24,8.0,-158.8
48,-58.0,18.19999999999999
72,8.0,-10.800000000000011
24,19.0,-33.19999999999999
48,80.0,-55.19999999999999
72,47.0,-31.19999999999999
24,71.0,-28.30000000000001
48,-8.0,-14.300000000000011
72,87.0,-214.3
24,3.0,153.0
48,-3.0,155.0
72,88.0,144.0
24,4.0,-5.7000000000000455
48,-1.0,-3.7000000000000455
72,11.0,4.2999999999999545
24,-2.0,-50.200000000000045
48,-2.0,-48.200000000000045
72,9.0,-40.200000000000045
24,-15.0,-51.799999999999955
48,-15.0,-49.799999999999955
72,1.0,-44.799999999999955
24,-27.0,-55.799999999999955
48,-27.0,-53.799999999999955
72,-10.0,-56.799999999999955
24,-42.0,-40.0
48,-42.0,-41.0
72,-27.0,-30.0
24,-28.0,-33.700000000000045
48,-28.0,-36.700000000000045
72,-18.0,-22.700000000000045
24,-57.0,-42.0
48,-57.0,-43.0
72,-52.0,-29.0
24,-66.0,-13.300000000000011
48,-66.0,-15.300000000000011
72,-56.0,-3.3000000000000114
24,-4.0,-9.300000000000011
48,-4.0,-10.300000000000011
72,1.0,-5.300000000000011
24,-31.0,-31.19999999999999
48,-19.0,-35.19999999999999
72,13.0,-42.19999999999999
24,-6.0,-46.30000000000001
48,1.0,-52.30000000000001
72,43.0,-85.30000000000001
24,-3.0,-54.0
48,5.0,-61.0
72,64.0,-193.0
24,-21.0,-40.799999999999955
48,-14.0,-49.799999999999955
72,52.0,-202.79999999999995
24,-23.0,62.299999999999955
48,-6.0,51.299999999999955
72,52.0,-166.70000000000005
24,-23.0,71.20000000000005
48,-5.0,59.200000000000045
72,25.0,11.200000000000045
24,-70.0,18.799999999999955
48,-24.0,-84.20000000000005
72,-16.0,-84.20000000000005
24,-13.0,84.20000000000005
48,87.0,-270.79999999999995
72,87.0,-512.8
24,-7.0,-21.700000000000045
48,-4.0,-50.700000000000045
72,41.0,-47.700000000000045
24,-6.0,25.0
48,21.0,11.0
72,32.0,-5.0
24,-17.0,51.80000000000001
48,-17.0,48.80000000000001
72,-17.0,43.80000000000001
24,-45.0,19.0
48,-45.0,13.0
72,-35.0,13.0
24,13.0,-56.0
48,13.0,-42.0
72,13.0,-26.0
24,49.0,-109.80000000000001
48,49.0,-116.80000000000001
72,49.0,-104.80000000000001
24,23.0,-47.19999999999999
48,25.0,-198.2
72,25.0,-179.2
24,0.0,-54.7
48,0.0,-73.7
72,0.0,-100.7
24,5.0,32.8
48,5.0,61.8
72,5.0,16.799999999999997
24,0.0,-30.0
48,-7.0,411.0
72,0.0,88.0
24,0.0,19.299999999999997
48,0.0,33.3
72,0.0,114.3
24,0.0,-73.7
48,0.0,-50.7
72,0.0,101.3
24,0.0,-15.0
48,0.0,-104.0
72,0.0,-72.0
24,0.0,-64.0
48,0.0,-132.0
72,0.0,203.0
24,0.0,-48.5
48,0.0,-64.5
72,0.0,121.5
24,0.0,14.5
48,0.0,-38.5
72,0.0,-19.5
24,0.0,-88.5
48,0.0,-89.5
72,0.0,-84.5
24,0.0,-149.3
48,0.0,-142.3
72,0.0,-112.30000000000001
24,0.0,-70.2
48,0.0,-59.2
72,0.0,8.799999999999997
24,0.0,-70.5
48,0.0,-30.5
72,0.0,-51.5
24,0.0,-246.2
48,0.0,-239.2
72,0.0,-218.2
24,0.0,-215.2
48,0.0,-203.2
72,0.0,-178.2
24,0.0,-140.2
48,0.0,-124.19999999999999
72,0.0,-48.19999999999999
24,0.0,-137.2
48,0.0,-148.2
72,0.0,16.80000000000001
24,0.0,-38.30000000000001
48,0.0,-242.3
72,0.0,-209.3
24,0.0,-116.5
48,0.0,-143.5
72,0.0,-73.5
24,0.0,206.0
48,0.0,-15.0
72,0.0,34.0
24,0.0,160.8
48,0.0,-33.2
72,0.0,0.7999999999999972
24,0.0,47.7
48,0.0,-63.3
72,-9.0,-9.299999999999997
24,0.0,131.0
48,0.0,-23.0
72,0.0,-117.0
24,0.0,50.80000000000001
48,0.0,-131.2
72,0.0,-353.2
24,0.0,127.69999999999999
48,0.0,-234.3
72,0.0,-378.3
24,1.0,262.20000000000005
48,1.0,-61.799999999999955
72,1.0,-517.8
24,-10.0,164.79999999999995
48,3.0,-197.20000000000005
72,3.0,-723.2
24,12.0,87.29999999999995
48,12.0,-235.70000000000005
72,12.0,-673.7
24,39.0,-671.3
48,-27.0,-19.299999999999955
72,39.0,-547.3
24,72.0,-520.3
48,4.0,-43.299999999999955
72,72.0,-192.29999999999995
24,47.0,-22.700000000000045
48,4.0,-20.700000000000045
72,86.0,-83.70000000000005
24,-18.0,-26.5
48,-25.0,-25.5
72,55.0,-56.5
24,-28.0,15.5
48,-39.0,15.5
72,41.0,-18.5
24,62.0,-33.0
48,65.0,-36.0
72,94.0,-44.0
24,28.0,-47.80000000000001
48,17.0,-47.80000000000001
72,-37.0,-45.80000000000001
24,-69.0,-32.299999999999955
48,-86.0,-32.299999999999955
72,-89.0,-31.299999999999955
24,0.0,-84.5
48,-11.0,-34.5
72,-95.0,-25.5
24,0.0,-111.0
48,0.0,-93.0
72,-100.0,-50.0
24,2.0,-161.5
48,-74.0,-62.5
72,-98.0,-64.5
24,38.0,-197.79999999999995
48,-51.0,-65.79999999999995
72,-62.0,-68.79999999999995
24,73.0,-136.79999999999995
48,18.0,-67.79999999999995
72,73.0,-141.79999999999995
24,44.0,-302.5
48,-51.0,-51.5
72,44.0,-136.5
24,10.0,-184.70000000000005
48,-90.0,45.299999999999955
72,10.0,-31.700000000000045
24,1.0,-104.0
48,1.0,22.0
72,1.0,-24.0
24,0.0,-67.30000000000001
48,0.0,-59.30000000000001
72,0.0,-75.30000000000001
24,39.0,-3.8000000000000114
48,39.0,-7.800000000000011
72,39.0,1.1999999999999886
24,31.0,-61.0
48,31.0,-45.0
72,31.0,-56.0
24,26.0,-88.29999999999995
48,34.0,-75.29999999999995
72,18.0,-80.29999999999995
24,-49.0,-59.5
48,27.0,-93.5
72,0.0,-57.5
24,-41.0,-21.799999999999955
48,-81.0,-11.799999999999955
72,-82.0,-7.7999999999999545
24,24.0,-40.5
48,-4.0,-7.5
72,-4.0,-8.5
24,8.0,2.0
48,8.0,49.0
72,-71.0,55.0
24,6.0,-199.29999999999995
48,6.0,-384.29999999999995
72,6.0,-282.29999999999995
24,3.0,-251.29999999999995
48,3.0,-382.29999999999995
72,3.0,-418.29999999999995
24,5.0,-180.20000000000005
48,5.0,-239.20000000000005
72,5.0,-192.20000000000005
24,14.0,-50.30000000000001
48,14.0,-57.30000000000001
72,14.0,73.69999999999999
24,85.0,-4.800000000000011
48,85.0,4.199999999999989
72,85.0,48.19999999999999
24,33.0,-57.69999999999999
48,33.0,-85.69999999999999
72,33.0,-82.69999999999999
24,9.0,-75.5
48,9.0,-152.5
72,9.0,-107.5
24,21.0,-65.20000000000005
48,21.0,-189.20000000000005
72,21.0,-40.200000000000045
24,7.0,-131.0
48,7.0,-73.0
72,-11.0,-70.0
24,2.0,-190.29999999999995
48,2.0,-80.29999999999995
72,2.0,-366.29999999999995
24,0.0,-191.70000000000005
48,0.0,-60.700000000000045
72,0.0,-613.7
24,0.0,-77.5
48,0.0,-48.5
72,0.0,-605.5
24,0.0,114.5
48,0.0,132.5
72,0.0,191.5
24,2.0,-111.79999999999995
48,2.0,-110.79999999999995
72,2.0,-176.79999999999995
24,9.0,-193.5
48,9.0,-157.5
72,9.0,-151.5
24,14.0,-58.30000000000001
48,14.0,-45.30000000000001
72,14.0,-71.30000000000001
24,0.0,-93.7
48,-4.0,-60.7
72,0.0,-13.700000000000003
24,2.0,-197.7
48,2.0,-187.7
72,2.0,68.30000000000001
24,1.0,-144.2
48,0.0,22.80000000000001
72,1.0,276.8
24,0.0,-144.0
48,0.0,-139.0
72,0.0,404.0
24,7.0,420.8
48,7.0,-127.19999999999999
72,7.0,515.8
24,5.0,473.3
48,5.0,-81.69999999999999
72,-6.0,448.3
24,9.0,178.5
48,9.0,-76.5
72,9.0,-307.5
24,7.0,216.29999999999995
48,7.0,-358.70000000000005
72,7.0,270.29999999999995
24,0.0,62.700000000000045
48,0.0,-97.29999999999995
72,0.0,139.70000000000005
24,16.0,-91.30000000000001
48,16.0,117.69999999999999
72,15.0,-58.30000000000001
24,21.0,-107.30000000000001
48,17.0,101.69999999999999
72,-12.0,146.7
24,16.0,36.5
48,14.0,95.5
72,11.0,111.5
24,5.0,-88.3
48,5.0,-94.3
72,5.0,3.700000000000003
24,12.0,-98.0
48,12.0,-110.0
72,-11.0,205.0
24,36.0,-90.8
48,36.0,-96.8
72,22.0,386.2
24,20.0,-39.0
48,20.0,-41.0
72,1.0,536.0
24,2.0,48.0
48,2.0,139.0
72,2.0,408.0
24,9.0,25.30000000000001
48,9.0,-159.7
72,9.0,-93.69999999999999
24,1.0,-144.2
48,1.0,-275.2
72,1.0,-235.2
24,11.0,57.7
48,11.0,-24.299999999999997
72,11.0,-51.3
24,7.0,-92.19999999999999
48,7.0,-105.19999999999999
72,7.0,-44.19999999999999
24,2.0,27.0
48,2.0,7.0
72,2.0,90.0
24,0.0,-160.8
48,0.0,-156.8
72,0.0,-71.80000000000001
24,0.0,-76.0
48,0.0,-84.0
72,0.0,48.0
24,0.0,0.7000000000000002
48,0.0,-0.2999999999999998
72,0.0,-5.3
24,2.0,-134.0
48,2.0,-82.0
72,2.0,-100.0
24,0.0,-23.200000000000003
48,0.0,-23.200000000000003
72,0.0,171.8
24,0.0,24.299999999999997
48,0.0,18.299999999999997
72,0.0,85.3
24,0.0,-6.299999999999997
48,0.0,-0.29999999999999716
72,0.0,50.7
24,37.0,-46.3
48,37.0,-32.3
72,37.0,3.700000000000003
24,50.0,-230.8
48,50.0,-192.8
72,50.0,-203.8
24,20.0,-276.7
48,20.0,-254.7
72,20.0,-300.7
24,19.0,-271.0
48,19.0,-281.0
72,19.0,-215.0
24,1.0,-148.3
48,1.0,-181.3
72,1.0,174.7
24,4.0,-41.8
48,4.0,-72.8
72,4.0,20.200000000000003
24,1.0,27.0
48,1.0,-15.0
72,1.0,26.0
24,0.0,-104.7
48,0.0,7.299999999999997
72,0.0,31.299999999999997
24,48.0,-175.8
48,48.0,-23.80000000000001
72,29.0,77.19999999999999
24,71.0,-252.0
48,71.0,-257.0
72,65.0,162.0
24,58.0,-259.2
48,58.0,-265.2
72,58.0,296.8
24,48.0,-490.20000000000005
48,48.0,-518.2
72,48.0,-78.20000000000005
24,41.0,-521.3
48,41.0,-815.3
72,41.0,-388.29999999999995
24,20.0,-899.3
48,20.0,-643.3
72,20.0,-757.3
24,6.0,-860.7
48,6.0,-833.7
72,6.0,-525.7
24,0.0,-783.3
48,0.0,-782.3
72,0.0,-315.29999999999995
24,0.0,-432.5
48,0.0,-417.5
72,0.0,-28.5
24,0.0,-248.0
48,0.0,-232.0
72,0.0,-12.0
24,0.0,-21.8
48,0.0,-14.8
72,-8.0,159.2
24,0.0,-85.3
48,0.0,-94.3
72,0.0,-83.3
24,26.0,-161.7
48,26.0,-74.69999999999999
72,26.0,-116.69999999999999
24,66.0,-179.7
48,66.0,99.30000000000001
72,10.0,195.3
24,72.0,-236.2
48,72.0,321.8
72,14.0,385.8
24,70.0,-245.8
48,70.0,415.2
72,70.0,-86.80000000000001
24,69.0,-398.5
48,34.0,309.5
72,69.0,-92.5
24,27.0,-790.5
48,27.0,-240.5
72,24.0,-233.5
24,2.0,-620.0
48,2.0,-7.0
72,2.0,-707.0
24,1.0,-321.70000000000005
48,1.0,48.299999999999955
72,1.0,-588.7
24,4.0,-309.0
48,2.0,164.0
72,4.0,-269.0
24,6.0,-297.5
48,6.0,35.5
72,-40.0,-12.5
24,5.0,-153.5
48,5.0,14.5
72,5.0,-158.5
24,19.0,-103.3
48,19.0,-109.3
72,19.0,-103.3
24,4.0,-217.2
48,4.0,-271.2
72,4.0,-243.2
24,9.0,-18.19999999999999
48,9.0,-417.2
72,9.0,-391.2
24,17.0,34.200000000000045
48,34.0,-561.8
72,29.0,-228.79999999999995
24,49.0,-590.3
48,49.0,-666.3
72,45.0,-63.299999999999955
24,0.0,-648.5
48,0.0,-770.5
72,0.0,-621.5
24,2.0,-772.7
48,2.0,-578.7
72,2.0,-784.7
24,2.0,-776.5
48,2.0,-759.5
72,2.0,-637.5
24,1.0,25.799999999999997
48,1.0,-46.2
72,1.0,184.8
24,17.0,44.3
48,17.0,21.299999999999997
72,17.0,-9.700000000000003
24,0.0,-45.8
48,0.0,-31.799999999999997
72,0.0,-53.8
24,0.0,-7.700000000000003
48,0.0,-28.700000000000003
72,0.0,-35.7
24,2.0,-67.5
48,2.0,-22.5
72,2.0,-132.5
24,23.0,-94.19999999999999
48,23.0,-153.2
72,-71.0,39.80000000000001
24,38.0,3.8000000000000114
48,46.0,-155.2
72,-44.0,28.80000000000001
24,45.0,49.0
48,61.0,-501.0
72,-9.0,-30.0
24,-15.0,17.200000000000045
48,8.0,-751.8
72,-6.0,-171.79999999999995
24,4.0,-60.299999999999955
48,4.0,-415.29999999999995
72,4.0,-785.3
24,9.0,-52.299999999999955
48,9.0,-643.3
72,9.0,-407.29999999999995
24,37.0,-747.5
48,37.0,-255.5
72,-15.0,-65.5
24,41.0,-150.20000000000005
48,41.0,-150.20000000000005
72,41.0,-664.2
24,39.0,-42.5
48,39.0,-56.5
72,39.0,-150.5
24,-14.0,48.5
48,54.0,24.5
72,43.0,9.5
24,-5.0,208.0
48,84.0,126.0
72,-2.0,201.0
24,100.0,-52.19999999999999
48,47.0,-26.19999999999999
72,20.0,-29.19999999999999
24,12.0,-49.80000000000001
48,10.0,-46.80000000000001
72,82.0,-75.80000000000001
24,56.0,-62.799999999999955
48,8.0,-53.799999999999955
72,3.0,-57.799999999999955
24,11.0,-54.700000000000045
48,8.0,-54.700000000000045
72,9.0,-57.700000000000045
24,13.0,-52.299999999999955
48,7.0,-52.299999999999955
72,18.0,-53.299999999999955
24,20.0,-51.200000000000045
48,2.0,-50.200000000000045
72,-4.0,-48.200000000000045
24,-6.0,-41.799999999999955
48,-4.0,-39.799999999999955
72,-1.0,-37.799999999999955
24,-21.0,18.200000000000045
48,-16.0,22.200000000000045
72,58.0,12.200000000000045
24,-30.0,5.2999999999999545
48,-30.0,7.2999999999999545
72,-25.0,9.299999999999955
24,-16.0,-28.5
48,-22.0,-27.5
72,-17.0,-25.5
24,-7.0,13.699999999999989
48,-13.0,12.699999999999989
72,-13.0,14.699999999999989
24,-16.0,33.19999999999999
48,-10.0,32.19999999999999
72,-16.0,34.19999999999999
24,38.0,-78.69999999999999
48,-18.0,-37.69999999999999
72,-56.0,-21.69999999999999
24,-8.0,-50.69999999999999
48,-46.0,-21.69999999999999
72,-35.0,-21.69999999999999
24,-53.0,-28.299999999999955
48,1.0,-82.29999999999995
72,1.0,-42.299999999999955
24,1.0,-140.79999999999995
48,1.0,-147.79999999999995
72,1.0,-89.79999999999995
24,3.0,-214.79999999999995
48,3.0,-387.79999999999995
72,3.0,-87.79999999999995
24,9.0,-95.0
48,9.0,-139.0
72,9.0,-46.0
24,8.0,-118.5
48,8.0,-412.5
72,8.0,114.5
24,-1.0,114.5
48,5.0,-268.5
72,5.0,100.5
24,16.0,230.5
48,16.0,-54.5
72,16.0,249.5
24,18.0,232.7
48,18.0,435.7
72,18.0,71.7
24,26.0,210.0
48,26.0,319.0
72,26.0,209.0
24,5.0,129.8
48,3.0,185.8
72,5.0,128.8
24,0.0,-73.2
48,0.0,-42.2
72,0.0,-103.2
24,0.0,-94.80000000000001
48,0.0,32.19999999999999
72,0.0,-165.8
24,1.0,-206.0
48,1.0,41.0
72,1.0,-252.0
24,0.0,-195.70000000000005
48,0.0,-28.700000000000045
72,0.0,-470.70000000000005
24,0.0,-48.5
48,0.0,-300.5
72,0.0,-583.5
24,0.0,-253.29999999999995
48,0.0,-186.29999999999995
72,0.0,-38.299999999999955
24,0.0,-199.5
48,0.0,-140.5
72,0.0,135.5
24,0.0,-435.70000000000005
48,0.0,-212.70000000000005
72,0.0,-182.70000000000005
24,0.0,-540.8
48,0.0,-508.79999999999995
72,0.0,-523.8
24,0.0,-357.0
48,0.0,-317.0
72,0.0,-312.0
24,0.0,-153.5
48,0.0,40.5
72,0.0,-18.5
24,0.0,-3.200000000000003
48,0.0,115.8
72,0.0,22.799999999999997
24,0.0,-18.799999999999997
48,0.0,1.2000000000000028
72,0.0,-48.8
24,1.0,-176.0
48,1.0,-156.0
72,1.0,-124.0
24,0.0,-243.7
48,0.0,-174.7
72,0.0,-188.7
24,0.0,-522.3
48,0.0,-318.29999999999995
72,0.0,-443.29999999999995
24,0.0,-398.20000000000005
48,0.0,-276.20000000000005
72,0.0,-210.20000000000005
24,0.0,-61.80000000000001
48,0.0,-375.8
72,0.0,0.19999999999998863
24,1.0,-168.5
48,1.0,-404.5
72,1.0,159.5
24,12.0,-624.8
48,12.0,-662.8
72,12.0,-658.8
24,0.0,-719.8
48,0.0,-728.8
72,0.0,-747.8
24,5.0,-614.8
48,5.0,-594.8
72,5.0,-621.8
24,1.0,-440.2
48,1.0,-463.2
72,1.0,-438.2
24,0.0,-170.8
48,0.0,-160.8
72,0.0,-161.8
24,0.0,-122.0
48,0.0,-133.0
72,0.0,-119.0
24,15.0,-56.30000000000001
48,15.0,-271.3
72,15.0,-58.30000000000001
24,69.0,-133.79999999999995
48,69.0,-455.79999999999995
72,69.0,-413.79999999999995
24,87.0,-42.700000000000045
48,87.0,-618.7
72,87.0,-635.7
24,13.0,-40.299999999999955
48,13.0,-705.3
72,13.0,-757.3
24,7.0,-29.700000000000045
48,9.0,-662.7
72,9.0,-678.7
24,-21.0,-28.0
48,62.0,-598.0
72,62.0,-269.0
24,-21.0,-56.299999999999955
48,63.0,-62.299999999999955
72,69.0,-172.29999999999995
24,-34.0,-27.299999999999955
48,-23.0,-31.299999999999955
72,58.0,-129.29999999999995
24,-36.0,-58.700000000000045
48,-27.0,-60.700000000000045
72,55.0,-296.70000000000005
24,-29.0,32.19999999999999
48,-20.0,30.19999999999999
72,63.0,-328.8
24,-28.0,-5.5
48,-13.0,-9.5
72,65.0,-124.5
24,-19.0,40.5
48,-28.0,40.5
72,72.0,-33.5
24,89.0,-118.19999999999999
48,-11.0,106.80000000000001
72,60.0,35.80000000000001
24,13.0,66.80000000000001
48,-6.0,67.80000000000001
72,93.0,-132.2
24,51.0,-128.20000000000005
48,-4.0,-45.200000000000045
72,44.0,-162.20000000000005
24,3.0,-59.0
48,-2.0,-59.0
72,98.0,-439.0
24,-1.0,-60.299999999999955
48,-1.0,-61.299999999999955
72,59.0,-289.29999999999995
24,-4.0,-57.0
48,-4.0,-62.0
72,96.0,-550.0
24,-7.0,-86.29999999999995
48,-33.0,-60.299999999999955
72,-33.0,-65.29999999999995
24,-33.0,-66.0
48,-44.0,-59.0
72,-44.0,-66.0
24,-38.0,-63.799999999999955
48,-50.0,-56.799999999999955
72,-50.0,-63.799999999999955
24,-24.0,-60.80000000000001
48,-35.0,-52.80000000000001
72,-35.0,-60.80000000000001
24,-41.0,-45.30000000000001
48,-46.0,-40.30000000000001
72,-46.0,-46.30000000000001
24,-3.0,-30.19999999999999
48,83.0,-34.19999999999999
72,-3.0,-33.19999999999999
24,5.0,-53.80000000000001
48,5.0,-53.80000000000001
72,0.0,-58.80000000000001
24,0.0,-62.799999999999955
48,0.0,-61.799999999999955
72,7.0,-67.79999999999995
24,5.0,-67.5
48,5.0,-65.5
72,7.0,-71.5
24,6.0,-71.29999999999995
48,0.0,-69.29999999999995
72,5.0,-76.29999999999995
24,0.0,-73.20000000000005
48,0.0,-70.20000000000005
72,5.0,-78.20000000000005
24,0.0,-75.0
48,0.0,-70.0
72,0.0,-80.0
24,-9.0,-72.79999999999995
48,-9.0,-67.79999999999995
72,-9.0,-75.79999999999995
24,-25.0,-72.0
48,-25.0,-67.0
72,-18.0,-76.0
24,-7.0,-57.5
48,-7.0,-55.5
72,-7.0,-61.5
24,-41.0,-34.69999999999999
48,-41.0,-33.69999999999999
72,-41.0,-37.69999999999999
24,0.0,-29.19999999999999
48,0.0,-29.19999999999999
72,0.0,-31.19999999999999
24,0.0,-53.80000000000001
48,0.0,-52.80000000000001
72,0.0,-54.80000000000001
24,0.0,-62.799999999999955
48,0.0,-59.799999999999955
72,0.0,-62.799999999999955
24,-3.0,-59.799999999999955
48,-3.0,-55.799999999999955
72,-3.0,-60.799999999999955
24,-14.0,-69.0
48,-14.0,-64.0
72,-9.0,-70.0
24,-29.0,-69.5
48,-29.0,-63.5
72,-15.0,-72.5
24,-48.0,-67.5
48,-48.0,-64.5
72,-41.0,-74.5
24,-17.0,-67.0
48,-17.0,-67.0
72,23.0,-84.0
24,-44.0,-67.70000000000005
48,-44.0,-68.70000000000005
72,-18.0,-74.70000000000005
24,-21.0,-66.0
48,-21.0,-69.0
72,8.0,-75.0
24,-25.0,-57.80000000000001
48,-25.0,-58.80000000000001
72,-5.0,-67.80000000000001
24,-17.0,-38.5
48,-17.0,-38.5
72,-10.0,-42.5
24,-2.0,-30.80000000000001
48,-2.0,-29.80000000000001
72,-7.0,-30.80000000000001
24,0.0,-53.80000000000001
48,5.0,-53.80000000000001
72,6.0,-53.80000000000001
24,-2.0,-59.5
48,-2.0,-60.5
72,98.0,-84.5
24,0.0,-60.299999999999955
48,0.0,-61.299999999999955
72,6.0,-61.299999999999955
24,0.0,-65.79999999999995
48,0.0,-65.79999999999995
72,5.0,-67.79999999999995
24,0.0,-69.29999999999995
48,0.0,-67.29999999999995
72,12.0,-70.29999999999995
24,-17.0,-64.20000000000005
48,-17.0,-61.200000000000045
72,29.0,-74.20000000000005
24,-85.0,-49.700000000000045
48,-85.0,-49.700000000000045
72,-79.0,-50.700000000000045
24,-87.0,-28.200000000000045
48,-100.0,-28.200000000000045
72,-94.0,-27.200000000000045
24,-86.0,-40.5
48,-87.0,-41.5
72,-86.0,-39.5
24,-45.0,-32.5
48,-35.0,-37.5
72,-31.0,-34.5
24,-39.0,127.8
48,-33.0,122.8
72,-29.0,125.8
24,40.0,-23.19999999999999
48,38.0,-4.199999999999989
72,-53.0,9.800000000000011
24,5.0,43.5
48,85.0,-86.5
72,9.0,14.5
24,49.0,33.0
48,49.0,41.0
72,49.0,-278.0
24,4.0,30.299999999999955
48,-23.0,27.299999999999955
72,18.0,-499.70000000000005
24,-22.0,-51.299999999999955
48,66.0,-123.29999999999995
72,66.0,-711.3
24,-8.0,-62.200000000000045
48,80.0,-106.20000000000005
72,80.0,-460.20000000000005
24,50.0,-26.200000000000045
48,-16.0,-19.200000000000045
72,56.0,-37.200000000000045
24,24.0,89.70000000000005
48,24.0,77.70000000000005
72,24.0,-117.29999999999995
24,28.0,8.799999999999955
48,15.0,32.799999999999955
72,52.0,10.799999999999955
24,-3.0,200.2
48,-10.0,195.2
72,72.0,111.19999999999999
24,-2.0,29.80000000000001
48,-10.0,6.800000000000011
72,-2.0,26.80000000000001
24,37.0,-3.6999999999999886
48,76.0,-23.69999999999999
72,-10.0,0.30000000000001137
24,0.0,-19.80000000000001
48,11.0,-23.80000000000001
72,100.0,-35.80000000000001
24,0.0,-49.19999999999999
48,51.0,-50.19999999999999
72,47.0,-51.19999999999999
24,-3.0,-56.799999999999955
48,97.0,-87.79999999999995
72,97.0,-84.79999999999995
24,4.0,-52.700000000000045
48,99.0,-85.70000000000005
72,99.0,-94.70000000000005
24,4.0,-33.799999999999955
48,42.0,-43.799999999999955
72,98.0,-85.79999999999995
24,-31.0,-51.299999999999955
48,58.0,-94.29999999999995
72,58.0,-100.29999999999995
24,-24.0,-63.0
48,28.0,-115.0
72,28.0,-82.0
24,-62.0,-43.799999999999955
48,26.0,-84.79999999999995
72,-17.0,-35.799999999999955
24,26.0,-54.5
48,33.0,-63.5
72,-55.0,-39.5
24,70.0,-95.5
48,70.0,-95.5
72,54.0,-73.5
24,79.0,-59.5
48,79.0,-52.5
72,79.0,-49.5
24,97.0,15.699999999999989
48,97.0,28.69999999999999
72,97.0,20.69999999999999
24,-58.0,-23.80000000000001
48,1.0,-48.80000000000001
72,-69.0,-21.80000000000001
24,80.0,46.69999999999999
48,65.0,59.69999999999999
72,32.0,85.69999999999999
24,69.0,7.199999999999989
48,69.0,107.19999999999999
72,69.0,63.19999999999999
24,42.0,108.79999999999995
48,53.0,50.799999999999955
72,41.0,115.79999999999995
24,-47.0,184.0
48,35.0,59.0
72,-9.0,148.0
24,-82.0,73.0
48,1.0,-35.0
72,-47.0,37.0
24,-20.0,269.79999999999995
48,53.0,145.79999999999995
72,11.0,169.79999999999995
24,4.0,-85.20000000000005
48,-66.0,-11.200000000000045
72,5.0,-112.20000000000005
24,12.0,12.200000000000045
48,-21.0,-152.79999999999995
72,12.0,-32.799999999999955
24,0.0,158.7
48,-84.0,177.7
72,5.0,38.69999999999999
24,2.0,138.7
48,-87.0,153.7
72,8.0,85.7
24,-18.0,-26.80000000000001
48,-18.0,-24.80000000000001
72,-18.0,-27.80000000000001
24,-3.0,-42.0
48,-10.0,-34.0
72,-10.0,-45.0
24,-4.0,-45.700000000000045
48,-4.0,-35.700000000000045
72,-4.0,-48.700000000000045
24,-4.0,-46.799999999999955
48,-4.0,-34.799999999999955
72,1.0,-52.799999999999955
24,-10.0,-38.299999999999955
48,-10.0,-25.299999999999955
72,10.0,-49.299999999999955
24,-2.0,-58.299999999999955
48,-2.0,-45.299999999999955
72,29.0,-74.29999999999995
24,0.0,-52.299999999999955
48,0.0,-40.299999999999955
72,30.0,-88.29999999999995
24,0.0,-39.5
48,0.0,-26.5
72,0.0,-48.5
24,0.0,-49.5
48,0.0,-42.5
72,0.0,-54.5
24,0.0,-43.5
48,0.0,-42.5
72,0.0,-45.5
24,0.0,-38.80000000000001
48,0.0,-41.80000000000001
72,0.0,-36.80000000000001
24,-2.0,-32.5
48,-2.0,-37.5
72,-2.0,-28.5
24,-20.0,-11.800000000000011
48,-20.0,-11.800000000000011
72,-20.0,-12.800000000000011
24,-7.0,64.19999999999999
48,-7.0,61.19999999999999
72,-7.0,60.19999999999999
24,-7.0,256.8
48,-7.0,250.8
72,15.0,248.8
24,-9.0,173.5
48,-9.0,165.5
72,27.0,151.5
24,-12.0,103.29999999999995
48,20.0,89.29999999999995
72,14.0,94.29999999999995
24,-12.0,562.0
48,30.0,499.0
72,-13.0,564.0
24,-52.0,614.2
48,-14.0,469.2
72,-60.0,631.2
24,73.0,59.80000000000001
48,75.0,-96.19999999999999
72,47.0,101.80000000000001
24,62.0,99.69999999999999
48,67.0,-178.3
72,46.0,93.69999999999999
24,58.0,-348.20000000000005
48,58.0,-160.20000000000005
72,7.0,6.7999999999999545
24,-5.0,-28.30000000000001
48,67.0,-69.30000000000001
72,36.0,4.699999999999989
24,-12.0,74.3
48,-12.0,74.3
72,76.0,-12.700000000000003
24,-13.0,3.700000000000003
48,-20.0,3.700000000000003
72,-20.0,4.700000000000003
24,-14.0,40.30000000000001
48,-14.0,40.30000000000001
72,14.0,40.30000000000001
24,-9.0,41.69999999999999
48,-9.0,41.69999999999999
72,-9.0,44.69999999999999
24,-17.0,-47.5
48,-17.0,-46.5
72,-16.0,-46.5
24,-35.0,57.700000000000045
48,-35.0,56.700000000000045
72,-35.0,59.700000000000045
24,-15.0,77.79999999999995
48,-15.0,75.79999999999995
72,12.0,77.79999999999995
24,18.0,62.700000000000045
48,93.0,44.700000000000045
72,21.0,56.700000000000045
24,69.0,-165.79999999999995
48,3.0,45.200000000000045
72,-3.0,45.200000000000045
24,56.0,190.7
48,-4.0,275.7
72,3.0,277.7
24,-19.0,344.2
48,25.0,336.2
72,-13.0,345.2
24,-14.0,324.3
48,-19.0,326.3
72,-19.0,324.3
24,-73.0,118.3
48,-73.0,118.3
72,-73.0,116.3
24,1.0,47.2
48,1.0,39.2
72,1.0,-16.799999999999997
24,0.0,-0.7000000000000028
48,0.0,172.3
72,0.0,78.3
24,0.0,-46.80000000000001
48,-21.0,229.2
72,0.0,92.19999999999999
24,0.0,-114.30000000000001
48,0.0,222.7
72,0.0,146.7
24,0.0,20.69999999999999
48,0.0,337.7
72,0.0,156.7
24,0.0,503.7
48,0.0,651.7
72,0.0,165.7
24,0.0,311.7
48,0.0,689.7
72,0.0,617.7
24,0.0,143.7
48,0.0,439.7
72,0.0,560.7
24,0.0,-4.300000000000011
48,0.0,218.7
72,0.0,478.7
24,0.0,136.3
48,0.0,173.3
72,0.0,377.3
24,0.0,77.2
48,0.0,112.2
72,0.0,237.2
24,0.0,50.8
48,0.0,150.8
72,0.0,70.8
24,0.0,-42.7
48,0.0,-36.7
72,0.0,-18.700000000000003
24,0.0,-119.0
48,0.0,-120.0
72,0.0,-73.0
24,0.0,-62.8
48,0.0,-70.8
72,0.0,-72.8
24,0.0,-142.0
48,0.0,-135.0
72,0.0,-131.0
24,0.0,-125.30000000000001
48,0.0,-115.30000000000001
72,0.0,-103.30000000000001
24,0.0,-61.5
48,0.0,-81.5
72,0.0,-76.5
24,0.0,-125.69999999999999
48,0.0,-127.69999999999999
72,0.0,-113.69999999999999
24,0.0,-157.8
48,0.0,-169.8
72,0.0,-152.8
24,0.0,-103.3
48,0.0,-115.3
72,0.0,-110.3
24,0.0,-126.69999999999999
48,0.0,-137.7
72,0.0,-129.7
24,0.0,-67.3
48,0.0,-50.3
72,0.0,-71.3
24,0.0,-18.0
48,0.0,-8.0
72,0.0,-27.0
24,0.0,-23.5
48,0.0,8.5
72,0.0,-11.5
24,0.0,-124.5
48,0.0,-105.5
72,0.0,-78.5
24,0.0,-87.2
48,0.0,151.8
72,0.0,0.7999999999999972
24,0.0,-124.80000000000001
48,0.0,-75.80000000000001
72,0.0,22.19999999999999
24,0.0,-166.3
48,0.0,46.69999999999999
72,0.0,109.69999999999999
24,0.0,-182.5
48,0.0,-110.5
72,0.0,344.5
24,0.0,-73.2
48,0.0,30.799999999999997
72,0.0,32.8
24,0.0,-115.80000000000001
48,0.0,-71.80000000000001
72,0.0,33.19999999999999
24,0.0,-71.7
48,0.0,-24.700000000000003
72,0.0,169.3
24,0.0,-65.8
48,0.0,4.200000000000003
72,0.0,457.2
24,41.0,-25.2
48,41.0,68.8
72,41.0,335.8
24,11.0,2.0
48,8.0,179.0
72,-54.0,180.0
24,0.0,-75.3
48,0.0,-11.299999999999997
72,0.0,20.700000000000003
24,0.0,-76.2
48,0.0,-71.2
72,-22.0,117.8
24,34.0,4.799999999999997
48,34.0,-104.2
72,28.0,228.8
24,55.0,74.30000000000001
48,55.0,-109.69999999999999
72,34.0,429.3
24,-5.0,235.5
48,0.0,-50.5
72,-56.0,648.5
24,-3.0,361.0
48,0.0,72.0
72,-51.0,724.0
24,7.0,-110.69999999999999
48,7.0,229.3
72,-50.0,702.3
24,21.0,-115.5
48,4.0,399.5
72,-24.0,669.5
24,10.0,-61.7
48,10.0,287.3
72,-49.0,624.3
24,30.0,59.3
48,24.0,214.3
72,-36.0,439.3
24,23.0,-53.8
48,23.0,123.2
72,-33.0,261.2
24,29.0,-7.299999999999997
48,-10.0,107.7
72,-54.0,119.7
24,0.0,-61.7
48,0.0,-16.700000000000003
72,0.0,-63.7
24,0.0,-16.0
48,0.0,-63.0
72,0.0,-66.0
24,0.0,-50.30000000000001
48,0.0,-127.30000000000001
72,0.0,-131.3
24,0.0,91.7
48,0.0,-93.3
72,0.0,-102.3
24,0.0,355.2
48,0.0,-128.8
72,0.0,-142.8
24,0.0,364.8
48,0.0,-91.2
72,0.0,-113.2
24,-3.0,491.5
48,7.0,-57.5
72,7.0,-99.5
24,25.0,-17.5
48,18.0,636.5
72,25.0,-188.5
24,0.0,-82.19999999999999
48,-40.0,531.8
72,0.0,-192.2
24,16.0,-43.0
48,-79.0,444.0
72,16.0,-130.0
24,0.0,43.3
48,-90.0,314.3
72,0.0,-68.7
24,0.0,20.5
48,-89.0,148.5
72,0.0,-37.5
24,0.0,0.7000000000000002
48,0.0,1.7000000000000002
72,-1.0,60.7
24,0.0,-34.5
48,0.0,-35.5
72,0.0,33.5
24,0.0,-47.3
48,0.0,-40.3
72,0.0,127.7
24,0.0,-78.7
48,0.0,-74.7
72,0.0,-33.7
24,0.0,-60.0
48,0.0,-50.0
72,0.0,-6.0
24,0.0,-122.69999999999999
48,0.0,-109.69999999999999
72,0.0,157.3
24,-13.0,478.3
48,0.0,-82.69999999999999
72,0.0,207.3
24,-2.0,246.7
48,0.0,5.699999999999989
72,0.0,15.699999999999989
24,0.0,175.8
48,0.0,-23.200000000000003
72,0.0,-26.200000000000003
24,0.0,131.2
48,0.0,-5.799999999999997
72,0.0,38.2
24,-14.0,97.8
48,0.0,-27.200000000000003
72,-21.0,75.8
24,0.0,-86.0
48,0.0,-88.0
72,0.0,-86.0
24,0.0,-74.2
48,0.0,-44.2
72,0.0,26.799999999999997
24,34.0,-159.5
48,34.0,-115.5
72,34.0,2.5
24,1.0,-284.3
48,1.0,-221.3
72,1.0,-150.3
24,3.0,-460.3
48,3.0,-354.3
72,3.0,-366.3
24,0.0,-251.8
48,0.0,-124.80000000000001
72,0.0,-200.8
24,1.0,-48.0
48,5.0,-338.0
72,5.0,-345.0
24,0.0,-347.0
48,0.0,-144.0
72,0.0,-142.0
24,40.0,-208.2
48,38.0,199.8
72,40.0,34.80000000000001
24,74.0,-196.3
48,36.0,214.7
72,74.0,-48.30000000000001
24,56.0,-199.8
48,5.0,125.19999999999999
72,56.0,-96.80000000000001
24,73.0,-152.8
48,57.0,-50.80000000000001
72,73.0,-104.80000000000001
24,-5.0,-20.0
48,50.0,-38.0
72,95.0,-109.0
24,16.0,-21.0
48,51.0,-38.0
72,0.0,-20.0
24,32.0,16.0
48,70.0,-69.0
72,5.0,18.0
24,39.0,124.0
48,74.0,18.0
72,23.0,144.0
24,33.0,111.70000000000005
48,57.0,70.70000000000005
72,40.0,111.70000000000005
24,14.0,129.79999999999995
48,52.0,86.79999999999995
72,36.0,110.79999999999995
24,38.0,-60.200000000000045
48,43.0,-56.200000000000045
72,40.0,-62.200000000000045
24,57.0,27.200000000000045
48,23.0,158.20000000000005
72,37.0,126.20000000000005
24,94.0,-272.70000000000005
48,41.0,-12.700000000000045
72,26.0,7.2999999999999545
24,77.0,-106.19999999999999
48,55.0,40.80000000000001
72,38.0,19.80000000000001
24,72.0,-15.800000000000011
48,9.0,64.19999999999999
72,25.0,57.19999999999999
24,-41.0,-6.199999999999989
48,9.0,-3.1999999999999886
72,-41.0,-4.199999999999989
24,-2.0,-19.5
48,6.0,-17.5
72,93.0,-28.5
24,23.0,-48.69999999999999
48,41.0,-48.69999999999999
72,-2.0,-45.69999999999999
24,-4.0,-45.0
48,91.0,-82.0
72,2.0,-41.0
24,-22.0,-2.7999999999999545
48,51.0,-57.799999999999955
72,-44.0,6.2000000000000455
24,30.0,-2.5
48,87.0,-46.5
72,-8.0,21.5
24,8.0,-16.5
48,70.0,-51.5
72,-25.0,2.5
24,-25.0,-75.5
48,21.0,-6.5
72,-66.0,17.5
24,-45.0,25.5
48,11.0,-128.5
72,-79.0,41.5
24,-12.0,-35.0
48,37.0,50.0
72,4.0,90.0
24,69.0,-68.69999999999999
48,91.0,67.30000000000001
72,91.0,31.30000000000001
24,4.0,25.0
48,94.0,-17.0
72,94.0,-15.0
24,3.0,-1.3000000000000114
48,98.0,-34.30000000000001
72,98.0,-41.30000000000001
24,71.0,-45.19999999999999
48,71.0,-52.19999999999999
72,-6.0,-34.19999999999999
24,-26.0,-54.80000000000001
48,60.0,-113.80000000000001
72,60.0,-79.80000000000001
24,-68.0,-51.0
48,-79.0,-55.0
72,4.0,-79.0
24,2.0,-19.299999999999955
48,-98.0,12.700000000000045
72,-77.0,9.700000000000045
24,0.0,77.70000000000005
48,-86.0,106.70000000000005
72,0.0,52.700000000000045
24,1.0,215.70000000000005
48,-64.0,257.70000000000005
72,1.0,101.70000000000005
24,30.0,75.79999999999995
48,3.0,209.79999999999995
72,30.0,-88.20000000000005
24,84.0,194.79999999999995
48,84.0,195.79999999999995
72,84.0,-16.200000000000045
24,3.0,-15.299999999999955
48,49.0,-50.299999999999955
72,86.0,-250.29999999999995
24,95.0,-74.0
48,18.0,-52.0
72,74.0,-179.0
24,7.0,-35.0
48,96.0,-111.0
72,14.0,-43.0
24,87.0,-40.80000000000001
48,-13.0,-20.80000000000001
72,-13.0,-22.80000000000001
24,60.0,-53.19999999999999
48,-23.0,-31.19999999999999
72,60.0,-74.19999999999999
24,3.0,-242.3
48,1.0,-99.30000000000001
72,-65.0,-74.30000000000001
24,9.0,-285.29999999999995
48,9.0,-122.29999999999995
72,-37.0,-89.29999999999995
24,4.0,-90.20000000000005
48,5.0,-117.20000000000005
72,5.0,-67.20000000000005
24,-78.0,-3.0
48,1.0,-155.0
72,-12.0,-43.0
24,-74.0,-38.799999999999955
48,1.0,-284.79999999999995
72,1.0,-140.79999999999995
24,-84.0,-5.2999999999999545
48,1.0,-446.29999999999995
72,1.0,-107.29999999999995
24,23.0,-350.5
48,2.0,-216.5
72,-51.0,-119.5
24,-28.0,-113.29999999999995
48,21.0,-189.29999999999995
72,-1.0,-120.29999999999995
24,-29.0,-41.799999999999955
48,-26.0,-30.799999999999955
72,25.0,-144.79999999999995
24,-28.0,-106.69999999999999
48,43.0,-114.69999999999999
72,7.0,-115.69999999999999
24,-61.0,-69.80000000000001
48,-60.0,-70.80000000000001
72,-57.0,-74.80000000000001
24,34.0,-25.5
48,34.0,-25.5
72,34.0,-74.5
24,12.0,-99.19999999999999
48,20.0,-113.19999999999999
72,13.0,-87.19999999999999
24,77.0,10.699999999999989
48,77.0,11.699999999999989
72,77.0,-8.300000000000011
24,71.0,93.69999999999999
48,71.0,87.69999999999999
72,71.0,1.6999999999999886
24,61.0,79.30000000000001
48,61.0,-27.69999999999999
72,61.0,115.30000000000001
24,84.0,-376.0
48,84.0,-137.0
72,45.0,64.0
24,83.0,-655.3
48,83.0,-57.299999999999955
72,33.0,-3.2999999999999545
24,53.0,-464.20000000000005
48,36.0,-209.20000000000005
72,53.0,-46.200000000000045
24,66.0,-162.70000000000005
48,84.0,-188.70000000000005
72,84.0,-144.70000000000005
24,9.0,-39.5
48,77.0,-78.5
72,13.0,-51.5
24,-21.0,-17.5
48,4.0,-19.5
72,-1.0,-20.5
24,-44.0,-39.19999999999999
48,24.0,-48.19999999999999
72,-36.0,-41.19999999999999
24,55.0,-67.5
48,47.0,-30.5
72,55.0,-66.5
24,67.0,-10.199999999999989
48,53.0,5.800000000000011
72,84.0,1.8000000000000114
24,88.0,-164.8
48,66.0,-21.80000000000001
72,32.0,89.19999999999999
24,76.0,68.69999999999999
48,65.0,122.69999999999999
72,76.0,185.7
24,36.0,-101.79999999999995
48,66.0,-282.79999999999995
72,58.0,-114.79999999999995
24,58.0,-202.5
48,56.0,-282.5
72,37.0,-43.5
24,24.0,-377.5
48,24.0,-432.5
72,11.0,-106.5
24,31.0,-66.0
48,55.0,-154.0
72,62.0,-122.0
24,-30.0,106.29999999999995
48,13.0,94.29999999999995
72,-14.0,-10.700000000000045
24,20.0,315.8
48,-63.0,335.8
72,-67.0,344.8
24,-77.0,-36.69999999999999
48,-83.0,-34.69999999999999
72,-85.0,-36.69999999999999
24,-79.0,16.80000000000001
48,-78.0,19.80000000000001
72,-80.0,16.80000000000001
24,62.0,-63.2
48,-4.0,24.799999999999997
72,-22.0,26.799999999999997
24,-35.0,104.80000000000001
48,-39.0,100.80000000000001
72,-94.0,121.80000000000001
24,-2.0,-14.699999999999989
48,-54.0,186.3
72,-90.0,197.3
24,7.0,37.5
48,-32.0,252.5
72,-67.0,375.5
24,-10.0,379.7
48,15.0,341.7
72,17.0,393.7
24,25.0,315.2
48,15.0,336.2
72,12.0,349.2
24,9.0,253.0
48,7.0,215.0
72,19.0,185.0
24,-15.0,376.5
48,-36.0,376.5
72,-54.0,398.5
24,-23.0,335.2
48,-44.0,390.2
72,-82.0,403.2
24,-40.0,46.69999999999999
48,-71.0,67.69999999999999
72,-77.0,73.69999999999999
24,-68.0,199.8
48,-88.0,210.8
72,-94.0,212.8
24,-66.0,123.5
48,-80.0,129.5
72,-86.0,130.5
24,80.0,-123.8
48,29.0,-28.799999999999997
72,6.0,-23.799999999999997
24,40.0,-89.5
48,77.0,-317.5
72,2.0,-44.5
24,28.0,46.30000000000001
48,59.0,-324.7
72,-8.0,101.30000000000001
24,38.0,73.80000000000001
48,73.0,-214.2
72,7.0,157.8
24,49.0,-63.700000000000045
48,62.0,-191.70000000000005
72,20.0,110.29999999999995
24,60.0,-254.20000000000005
48,46.0,-141.20000000000005
72,-7.0,140.79999999999995
24,71.0,-167.70000000000005
48,16.0,83.29999999999995
72,10.0,95.29999999999995
24,32.0,127.5
48,52.0,-14.5
72,74.0,187.5
24,89.0,-253.0
48,64.0,-30.0
72,95.0,24.0
24,27.0,-6.7999999999999545
48,-6.0,-0.7999999999999545
72,38.0,8.200000000000045
24,-1.0,-14.5
48,-7.0,-15.5
72,-1.0,-4.5
24,-4.0,-34.5
48,3.0,-35.5
72,1.0,-28.5
24,6.0,-32.19999999999999
48,40.0,-31.19999999999999
72,13.0,-33.19999999999999
24,11.0,-51.19999999999999
48,89.0,-56.19999999999999
72,14.0,-52.19999999999999
24,11.0,-40.5
48,53.0,-39.5
72,11.0,-40.5
24,-17.0,30.5
48,23.0,35.5
72,-21.0,31.5
24,-34.0,47.200000000000045
48,-25.0,52.200000000000045
72,-40.0,48.200000000000045
24,-29.0,30.200000000000045
48,5.0,35.200000000000045
72,-29.0,30.200000000000045
24,-52.0,52.5
48,13.0,45.5
72,-8.0,-21.5
24,-8.0,-19.299999999999955
48,23.0,-88.29999999999995
72,-8.0,-18.299999999999955
24,20.0,-33.5
48,15.0,-28.5
72,13.0,-34.5
24,-12.0,-16.799999999999955
48,-16.0,-8.799999999999955
72,-7.0,-12.799999999999955
24,-2.0,-8.5
48,-2.0,-1.5
72,4.0,-2.5
24,-2.0,-35.0
48,-2.0,-33.0
72,-2.0,-32.0
24,22.0,-33.80000000000001
48,-7.0,-32.80000000000001
72,87.0,-71.80000000000001
24,-7.0,-37.80000000000001
48,-16.0,-42.80000000000001
72,-16.0,-38.80000000000001
24,-16.0,4.300000000000011
48,3.0,-3.6999999999999886
72,22.0,-7.699999999999989
24,-13.0,130.70000000000005
48,-1.0,113.70000000000005
72,18.0,97.70000000000005
24,10.0,-21.0
48,-7.0,-14.0
72,51.0,-298.0
24,9.0,-113.79999999999995
48,52.0,-398.79999999999995
72,47.0,-309.79999999999995
24,40.0,-220.70000000000005
48,40.0,-397.70000000000005
72,40.0,-278.70000000000005
24,29.0,-229.79999999999995
48,46.0,-486.79999999999995
72,15.0,-49.799999999999955
24,47.0,-21.200000000000045
48,33.0,37.799999999999955
72,21.0,54.799999999999955
24,-5.0,-49.299999999999955
48,79.0,-281.29999999999995
72,43.0,-159.29999999999995
24,-13.0,-28.80000000000001
48,56.0,-119.80000000000001
72,51.0,-97.80000000000001
24,-8.0,-33.69999999999999
48,8.0,-32.69999999999999
72,-8.0,-30.69999999999999
24,35.0,-33.0
48,48.0,-32.0
72,22.0,-31.0
24,28.0,-60.0
48,39.0,-66.0
72,24.0,-60.0
24,6.0,-62.799999999999955
48,30.0,-65.79999999999995
72,29.0,-63.799999999999955
24,0.0,-61.299999999999955
48,0.0,-65.29999999999995
72,21.0,-65.29999999999995
24,0.0,-65.5
48,0.0,-69.5
72,7.0,-67.5
24,0.0,-71.0
48,0.0,-73.0
72,0.0,-72.0
24,0.0,-71.70000000000005
48,5.0,-71.70000000000005
72,0.0,-71.70000000000005
24,0.0,-72.0
48,0.0,-77.0
72,10.0,-74.0
24,0.0,-70.29999999999995
48,1.0,-73.29999999999995
72,0.0,-71.29999999999995
24,0.0,-66.5
48,0.0,-66.5
72,1.0,-67.5
24,-2.0,-59.80000000000001
48,-2.0,-56.80000000000001
72,9.0,-62.80000000000001
24,-1.0,-44.5
48,-1.0,-41.5
72,-1.0,-44.5
24,-44.0,2.0
48,-38.0,3.0
72,-37.0,2.0
24,-14.0,-26.19999999999999
48,-25.0,-25.19999999999999
72,64.0,-28.19999999999999
24,9.0,-53.19999999999999
48,5.0,-55.19999999999999
72,100.0,-78.19999999999999
24,27.0,-59.200000000000045
48,11.0,-61.200000000000045
72,100.0,-97.20000000000005
24,38.0,-27.700000000000045
48,7.0,-31.700000000000045
72,100.0,-86.70000000000005
24,4.0,-36.200000000000045
48,4.0,-42.200000000000045
72,68.0,-44.200000000000045
24,-3.0,-49.0
48,13.0,-56.0
72,3.0,-44.0
24,-17.0,-53.700000000000045
48,3.0,-64.70000000000005
72,-10.0,-51.700000000000045
24,-41.0,-57.799999999999955
48,-46.0,-59.799999999999955
72,-29.0,-55.799999999999955
24,-27.0,-43.5
48,46.0,-46.5
72,-24.0,-41.5
24,-26.0,-47.799999999999955
48,52.0,-44.799999999999955
72,52.0,-88.79999999999995
24,1.0,-22.5
48,-2.0,-21.5
72,91.0,-49.5
24,-11.0,-21.19999999999999
48,78.0,-23.19999999999999
72,40.0,-22.19999999999999
24,-7.0,0.7999999999999998
48,34.0,0.7999999999999998
72,66.0,0.7999999999999998
24,-76.0,-24.299999999999997
48,-23.0,-36.3
72,-29.0,-25.299999999999997
24,55.0,-22.5
48,76.0,-35.5
72,75.0,-21.5
24,76.0,25.5
48,71.0,-59.5
72,59.0,24.5
24,33.0,95.0
48,68.0,56.0
72,46.0,92.0
24,2.0,95.79999999999995
48,78.0,93.79999999999995
72,41.0,76.79999999999995
24,20.0,4.7000000000000455
48,54.0,13.700000000000045
72,48.0,-104.29999999999995
24,23.0,6.0
48,59.0,-134.0
72,84.0,-321.0
24,21.0,-24.700000000000045
48,34.0,34.299999999999955
72,-20.0,52.299999999999955
24,-16.0,119.5
48,15.0,51.5
72,50.0,113.5
24,-19.0,351.8
48,12.0,374.8
72,12.0,320.8
24,35.0,169.5
48,35.0,174.5
72,35.0,171.5
24,-2.0,53.7
48,0.0,54.7
72,0.0,50.7
24,4.0,0.2999999999999998
48,14.0,0.2999999999999998
72,94.0,0.2999999999999998
24,-42.0,-27.299999999999997
48,3.0,-28.299999999999997
72,31.0,-29.299999999999997
24,-19.0,-4.0
48,33.0,-3.0
72,-32.0,-7.0
24,26.0,125.80000000000001
48,78.0,141.8
72,42.0,136.8
24,42.0,100.69999999999999
48,55.0,169.7
72,91.0,118.69999999999999
24,58.0,64.79999999999995
48,14.0,245.79999999999995
72,86.0,148.79999999999995
24,63.0,-232.29999999999995
48,-3.0,108.70000000000005
72,70.0,23.700000000000045
24,75.0,-279.20000000000005
48,46.0,73.79999999999995
72,84.0,-88.20000000000005
24,32.0,167.20000000000005
48,-18.0,285.20000000000005
72,29.0,210.20000000000005
24,-1.0,10.200000000000045
48,18.0,-15.799999999999955
72,26.0,-43.799999999999955
24,15.0,19.0
48,-17.0,17.0
72,-12.0,5.0
24,4.0,-34.80000000000001
48,-14.0,-31.80000000000001
72,-14.0,-34.80000000000001
24,-9.0,-14.0
48,-14.0,-14.0
72,-10.0,-15.0
24,77.0,-0.20000000000000018
48,77.0,-1.2000000000000002
72,77.0,-1.2000000000000002
24,42.0,-38.8
48,42.0,-52.8
72,42.0,-74.8
24,21.0,-46.30000000000001
48,21.0,-170.3
72,11.0,-91.30000000000001
24,0.0,110.5
48,0.0,-56.5
72,0.0,-151.5
24,39.0,213.7
48,39.0,-12.300000000000011
72,39.0,-215.3
24,66.0,368.8
48,66.0,239.8
72,66.0,-108.19999999999999
24,66.0,295.0
48,66.0,88.0
72,66.0,-263.0
24,7.0,297.3
48,7.0,-74.69999999999999
72,7.0,-149.7
24,12.0,278.7
48,12.0,11.699999999999989
72,-14.0,360.7
24,-10.0,150.5
48,9.0,-71.5
72,9.0,-83.5
24,-3.0,165.0
48,10.0,118.0
72,10.0,-308.0
24,-37.0,17.19999999999999
48,8.0,-25.80000000000001
72,8.0,-279.8
24,0.0,-0.20000000000000284
48,0.0,-50.2
72,0.0,-96.2
24,0.0,-3.3
48,0.0,-4.3
72,0.0,-4.3
24,0.0,-56.8
48,0.0,-64.8
72,0.0,-63.8
24,0.0,-122.5
48,0.0,-115.5
72,0.0,-115.5
24,0.0,-107.0
48,0.0,-101.0
72,0.0,-100.0
24,0.0,-88.5
48,0.0,-44.5
72,0.0,-42.5
24,0.0,-143.0
48,0.0,-75.0
72,0.0,-9.0
24,9.0,-130.7
48,9.0,3.3000000000000114
72,9.0,-18.69999999999999
24,8.0,-112.5
48,8.0,-78.5
72,8.0,347.5
24,0.0,-138.8
48,0.0,-98.80000000000001
72,0.0,-35.80000000000001
24,1.0,-118.80000000000001
48,1.0,-19.80000000000001
72,1.0,-47.80000000000001
24,0.0,-62.2
48,0.0,21.799999999999997
72,0.0,34.8
24,0.0,-55.5
48,0.0,-30.5
72,-7.0,114.5
24,20.0,0.29999999999999716
48,20.0,-24.700000000000003
72,18.0,20.299999999999997
24,7.0,0.19999999999999996
48,7.0,-0.8
72,7.0,0.19999999999999996
24,17.0,-6.0
48,17.0,-24.0
72,17.0,-10.0
