target_time_utc,forecast_issue_time_utc,lead_time,value__ghi_fcst,shap__ghi_fcst,value__dhi_fcst,shap__dhi_fcst,value__gti_fcst,shap__gti_fcst,value__rh_fcst,shap__rh_fcst,value__terrestrial_fcst,shap__terrestrial_fcst,value__solar_elevation,shap__solar_elevation,value__temp_fcst,shap__temp_fcst,value__dni_fcst,shap__dni_fcst,value__diffuse_fraction,shap__diffuse_fraction,value__ghi_fcst_lag1,shap__ghi_fcst_lag1,value__cloud_cover_roll3,shap__cloud_cover_roll3,value__ghi_fcst_lag2,shap__ghi_fcst_lag2,value__wind_dir_cos,shap__wind_dir_cos,value__ghi_clear_sky,shap__ghi_clear_sky,value__doy_cos,shap__doy_cos
2025-06-11 00:00:00+00:00,2025-06-10 00:00:00+00:00,24,-0.43016188029654273,-77.37822496914596,0.18964886105299278,23.683036339183964,-0.6020802277993946,-24.594963076831633,0.8072017901338276,-39.358241309974,-0.19330221011351134,18.12203448798582,0.041053243722459595,-1.216020264895907,0.3123365564259234,-8.330575014644609,-0.6294759028965285,-8.01073708715507,1.2477452882349676,-12.305475907820751,-0.630313034299777,-6.040717666180556,0.8564848271208129,-10.334210483589983,-0.9171069372097944,-6.951708019234043,0.08238996567589232,-2.707652718314284,0.028856500346822907,0.6293795030109941,-1.307139623749093,3.628997083156018
2025-06-11 00:00:00+00:00,2025-06-08 00:00:00+00:00,72,-0.03490608822657642,6.735844188598956,0.6757763160968805,24.225388968125017,-0.3146553825579262,-3.3236338963953265,0.6205525920439321,-47.343875725459085,-0.19330221011351134,8.027091648704674,0.041053243722459595,0.4190926462646779,0.5270798852837278,-8.735256840397403,-0.10904422554709006,-12.404601359857095,0.7731946803921304,-11.03949462905965,-0.5403533694345911,-4.832427330745989,0.6828940782431446,-7.710179364289098,-0.9267510199266455,-4.665920321804694,0.027933819155876498,-4.556428547775805,0.028856500346822907,1.811302502140104,-1.307139623749093,5.461173447826164
2025-06-11 01:00:00+00:00,2025-06-08 01:00:00+00:00,72,0.2956095310043437,25.66817723505313,1.4900398032953925,25.419327991280788,0.03156090830111509,2.1553244917807257,0.5272279929989844,-41.83546642625911,0.4364228663179325,14.833754400695641,0.6535910195800128,9.920278757390701,0.6559258825984104,-4.651373670473203,-0.2844179869175762,-14.450620007641339,1.1098488353078866,-16.64981241948865,-0.010590898561829777,-3.6760255813081026,0.8564848271208129,-12.983320972410915,-0.46383504951778937,-4.5107412137740255,0.027933819155876498,-2.8725608213515685,0.6559625912879533,2.473136192807071,-1.307139623749093,9.239647333702829
2025-06-11 02:00:00+00:00,2025-06-08 02:00:00+00:00,72,1.000936677198163,110.20326321243796,2.425835154254876,28.7634578754542,0.6658241761012816,15.687565737495737,0.38724109443156274,-60.2299256574498,0.9554270501900018,15.280115213786196,1.2650147272426207,10.95784998993635,0.8062462127988739,-6.671487794209777,0.06164397731349747,-25.795634544362038,0.7690769694355409,-21.833818019006273,0.31259752706494914,-5.0990921946299075,0.8564848271208129,-11.28977631241162,0.0473013344753227,-2.344761423072254,-0.02655552079778641,-4.9752421515083,1.1482411897926803,4.510178748315052,-1.307139623749093,9.212670049180524
2025-06-11 03:00:00+00:00,2025-06-08 03:00:00+00:00,72,1.338267051464772,228.11422152939716,2.960575354803153,33.20180308573687,0.9915101208716469,34.1062606100945,0.20059189634166727,-11.390345817204278,1.3285777505944325,20.435655738812855,1.8490384794482497,13.582499866015365,0.9350922101135565,-2.499683669505064,0.10214059014904851,-12.493071522102598,0.7411077420603904,-19.946391307661344,1.0022882910313742,-0.08678886742368322,0.8564848271208129,-9.192244688789396,0.35912667565351053,0.54199371057438,-0.2703902179910269,-4.368822344290409,1.4669106224390085,6.973388396104365,-1.307139623749093,6.048432379456373
2025-06-11 04:00:00+00:00,2025-06-09 04:00:00+00:00,48,1.9141138519804988,341.5337014198357,1.6601844125607532,34.70468255855071,1.5212552631294611,42.16567079877466,-0.5460048960179147,21.82396607101426,1.5303239923252168,22.891677855348618,2.2359372283433494,13.464192990293453,1.1176240396426902,2.265419717009446,0.9642833559703692,-13.97915128802318,-0.6943549549795317,-11.887734654442864,1.4520866153573038,19.2779464049731,0.8564848271208129,-6.34852661584041,1.1917324835416616,5.153897859113419,-0.053791891784217866,-8.023401048807756,1.5881281487135963,7.2805714507566055,-1.307139623749093,4.896577730774994
2025-06-11 05:00:00+00:00,2025-06-09 05:00:00+00:00,48,1.5870056102674233,294.41638594717017,3.3251709460860686,36.368449520871955,1.2332082861883362,36.72167954060576,-0.5926671955403886,30.68427950037597,1.5470918198041603,24.082274273262346,1.9427105835737,14.443212744011642,1.149835538971361,1.1659719683552476,0.15836729226783033,-8.481751271204413,0.7038045405467669,-10.88598465747393,1.8952212608043304,25.98732030266835,0.8564848271208129,-7.85217868920717,1.458552105374544,12.774157608856425,-0.08101166731780222,-8.659778355181666,1.5030199013651016,5.625906088959278,-1.307139623749093,6.292004115131019
2025-06-11 06:00:00+00:00,2025-06-09 06:00:00+00:00,48,1.477969529696398,278.0926779350273,2.839043491042181,34.96525116590532,1.1165585925026755,36.52649260630495,-0.31269339840554533,33.67380940037664,1.3775504530726177,20.310370546434882,1.3712438602801005,13.291556172739586,1.0209895416566783,-0.4726411517192731,0.26379235874054613,-11.421389615100985,0.4788486024810393,-10.802356885964683,1.575364674617003,14.432390986458808,0.8564848271208129,-8.230125157393301,1.8861064391549458,4.261771110354925,0.05517019014230796,-9.038243048121414,1.2178303395714467,5.679718567840054,-1.307139623749093,1.672128486726863
2025-06-11 07:00:00+00:00,2025-06-09 07:00:00+00:00,48,0.6772358130029318,89.42165347651694,2.2556905449895157,35.40114913429955,0.40204033544677403,16.298218950178846,-0.3593556979280192,29.034427035950618,1.033144599774947,17.36813265448041,0.7618180093195323,10.571274709750051,0.9995152087708976,-0.8828465081723055,-0.29947871069939275,-15.424842289600482,1.1665506076268672,-12.799511409148677,1.4687458125545603,11.864468458374496,0.8564848271208129,-10.921317967916083,1.5774957922157085,16.40014506227359,-0.2703902179910269,-6.033035301826434,0.753816334250921,2.01599097746268,-1.307139623749093,5.450467038711346
2025-06-11 08:00:00+00:00,2025-06-09 08:00:00+00:00,48,0.2581283783080538,22.87532453936493,1.4292738714149065,33.86359108296928,0.010097364662953561,2.0409449254899212,-0.21936879936059758,22.698735326583627,0.537828299166783,15.375294850734283,0.14870580130720668,2.7422466036327533,0.9350922101135565,-0.13590262920331295,-0.3563747783195886,-10.632712331277908,1.122261213049578,-14.974317512194707,0.6857635442834981,-1.4973752049473528,0.8564848271208129,-14.045333724622479,1.474625576569296,9.947937368358133,-0.4033490843377302,-1.9520071609228993,0.147084547597164,2.9406949453821514,-1.307139623749093,3.6611292904167025
2025-06-11 09:00:00+00:00,2025-06-10 09:00:00+00:00,24,-0.5869012461173915,-118.46175267731844,-0.04126168009285388,17.566994616570728,-0.7112643410891731,-24.56457720014395,0.43390339395403665,-9.304169922572026,-0.07486279379398789,33.95229584892846,-0.4567265020409094,-3.4979804961263024,0.6881373819270813,2.2070095225744075,-0.847689056357515,-8.403189650470605,1.4838493242072373,-11.366888719337368,0.23263338051811724,-2.6025553665100407,0.8564848271208129,-12.497484440279951,0.3687707583703617,-1.070892978262728,-1.436296118984745,8.944485839567559,-0.5492055340677674,-2.6585403280704742,-1.307139623749093,4.181790749214916
2025-06-11 10:00:00+00:00,2025-06-10 10:00:00+00:00,24,-0.6141602662601477,-124.05046614260543,-0.1992531029821174,11.183594280755017,-0.8036508984882166,-26.12296123617472,0.5738902925214583,-15.040229924577813,-0.7631421884058701,10.23161904412148,-1.045586141679125,-12.164078707775534,0.5915028839410694,-1.9031154328337314,-0.5099941608941173,-6.827958193902765,1.1357340796963182,-9.543446984461037,-0.5503488877529451,-3.782844953991725,0.8564848271208129,-10.99259326446618,0.2819740139187012,-0.12053310681241754,-1.4467225998135742,7.800565865102032,-1.2455730852521592,-6.950158114543849,-1.307139623749093,0.43338097014879734
2025-06-11 11:00:00+00:00,2025-06-10 11:00:00+00:00,24,-0.9923791707408913,-180.9504291591914,-0.928444285547949,-14.567909285029609,-1.0994745216750526,-32.673822570907404,0.9471886887012493,-22.631343256660305,-1.4804325861162426,-30.954263551176723,-1.598549419030777,-11.888731852550018,0.3767595550832649,-2.547921395344338,-0.595338262324411,-7.333650990137534,0.949017721276825,-5.545932959107817,-0.5770036032685557,-4.912097252865037,0.6828940782431446,0.07080482901569034,-0.4734791322346405,-3.4760661243925934,-1.4921827689208966,4.175896026983493,-1.6487171206643145,-9.04784333233611,-1.307139623749093,-0.9958551681530367
2025-06-11 22:00:00+00:00,2025-06-10 22:00:00+00:00,24,-1.0673414761334712,-176.2836930620912,-1.062129335685018,-28.85535795963908,-1.1321364359070374,-32.264263530446854,1.367149384403514,-34.19581809029476,-1.607122838179373,-28.050847091342867,-1.14765666905175,-9.913024956161673,0.1405418933396797,-2.348568303281457,-0.8004987885078232,-8.34109401128304,-0.022358904336968716,-5.186755438212098,-1.1400844685358305,-7.312729638335239,0.7510904438736572,-0.6150033464948553,-1.0424800125288596,-3.30762553819551,-0.08101166731780222,-0.6431942509630776,-1.3553988543010713,-7.732796551415643,-1.3163473737700102,-0.06755117198232065
2025-06-11 23:00:00+00:00,2025-06-10 23:00:00+00:00,24,-0.590308623635236,-132.1780996228214,-0.29647859399089493,12.275856781189793,-0.8310246932731182,-25.572704627935167,1.1338378867911447,-39.99534413587536,-0.8914293764193764,-3.681937612263586,-0.5629212030477024,-0.7285359734780822,0.28012505709725266,-3.5466492850184106,-0.2355543053143491,-4.096446906955448,0.6701219485365975,-5.422747619443634,-1.0201382487155826,-8.077998474077525,0.6518957302292754,-1.709423081129645,-1.0424800125288596,-4.163900639942899,-0.37697121699841857,-0.808643262146923,-0.676727053929301,-0.24066187118575416,-1.3163473737700102,0.9137553339177368
2025-06-11 23:00:00+00:00,2025-06-08 23:00:00+00:00,72,-1.098007873794072,-161.3885326085734,-1.0742825220611154,-33.55411610809697,-1.12373765796167,-30.20624819950353,1.2738247853585665,-37.670886730646814,-0.8914293764193764,-5.121593088473612,-0.5629212030477024,1.1017898084945277,0.23717639132569193,-3.88330792964226,-1.2131626201295966,-8.68686891680776,-0.022358904336968716,-4.794685484983298,-1.1001023952624145,-8.125908154232963,0.713892426257014,3.7989507278964765,-1.0424800125288596,-6.55733665320053,0.29855799186993714,-1.1385587727100244,-0.676727053929301,1.4517502910539501,-1.3163473737700102,0.42634769423631685
2025-06-12 00:00:00+00:00,2025-06-09 00:00:00+00:00,72,-1.0571193435799375,-155.68000361175575,-0.9770570310523378,-25.765985830963597,-1.0811216365351752,-30.3660740169691,1.2271624858360926,-36.954784913131476,-0.19436683408042835,15.366901495168737,0.040260710757223615,4.682569875127652,0.3123365564259234,-4.918429789654443,-1.2322395369198975,-9.02517678295487,-0.022358904336968716,-5.633729391296296,-1.0501248036706445,-8.245723269310426,0.713892426257014,2.3778169653881474,-1.0039036816614548,-6.739435461092829,0.3783495153565083,-2.1303490500998747,0.027793235818412275,2.617315646623897,-1.3163473737700102,0.5540511344112554
2025-06-12 01:00:00+00:00,2025-06-09 01:00:00+00:00,72,-1.0946004962762275,-144.7783334283653,-1.0256697765567266,-27.718078864806063,-1.105695838671621,-29.874133993725163,1.367149384403514,-40.408879872215714,0.43509208635928615,32.69642248162925,0.6527236378696435,15.520949610999084,0.2693878906543627,-3.5535222052087674,-1.2931517975485778,-9.719256859525588,-0.022358904336968716,-6.147624257442854,-1.0101427303972286,-9.978947097136825,0.8564848271208129,-9.818344375357261,-0.955683268077199,-6.007142307444902,0.29855799186993714,-1.1255625319501177,0.6548559349798977,6.496587722418551,-1.3163473737700102,1.0407996196485918
2025-06-12 02:00:00+00:00,2025-06-09 02:00:00+00:00,72,-1.060526721097782,-151.33101178295368,-0.9405974719240462,-19.076854417011074,-1.0752113853884349,-30.117878493531215,1.367149384403514,-42.596361427815495,0.9540962702313555,33.6368852521779,1.2642663044983022,16.00454198160453,0.23717639132569193,-3.7496874589008033,-1.287127508035851,-9.173868651545716,-0.022358904336968716,-5.9213492815581095,-1.046792964231193,-10.993898267095307,0.8564848271208129,-9.888490816569918,-0.9171069372097944,-6.829774455550397,0.3518566090111809,-1.7803588163238497,1.14732831838222,8.655297195659113,-1.3163473737700102,1.0195213609329477
2025-06-12 03:00:00+00:00,2025-06-09 03:00:00+00:00,72,-1.023045568401492,-153.214739669429,-0.8555251672913659,-11.169538726894809,-1.0419273394567932,-30.66764201751253,1.413811683925988,-45.10472826580253,1.3275131266275157,35.81963105733628,1.848975653888546,17.450688441228845,0.23717639132569193,-4.9076071496345435,-1.2774217082653472,-9.306296350650411,-0.022358904336968716,-6.163335649982212,-1.0134745698366798,-10.65209964924268,0.8564848271208129,-11.03327789336588,-0.9524685738382487,-8.17064520698084,0.430982176075196,-3.3980961187542564,1.4664143986468654,10.51945861118727,-1.3163473737700102,1.9483616179068068
2025-06-12 04:00:00+00:00,2025-06-10 04:00:00+00:00,48,-0.08601675099424448,-0.5852458673655322,0.9917591618754076,29.455767700526884,-0.22724587875613775,-3.1988468157210646,0.7605394906113537,-64.5474512714679,1.5297916803417582,21.162446312274856,2.238745796492455,17.71832203882657,0.6237143832697397,-8.677699412910895,-0.858733587130847,-15.749234190383982,1.4900853579862612,-11.88535667320648,-0.5037031356006265,-4.831843773505984,0.8564848271208129,-8.318566275713682,-0.43811749560618624,-9.258959893546237,-0.7561393233109833,9.132700919006062,1.5882405483952209,7.167385403448779,-1.3163473737700102,0.6014242245996606
2025-06-12 05:00:00+00:00,2025-06-10 05:00:00+00:00,48,0.14227754270133952,5.216999882891416,1.4778866169192952,32.88803488946139,-0.027852669016114735,-2.3595798968530812,0.5738902925214583,-46.47099526109115,1.5470918198041603,20.659204428780093,1.9464320314308874,16.855800403626038,0.7310860476986419,-7.692071895496639,-0.7690386099413619,-14.274276822035176,1.513942150970585,-12.331193507127258,-0.06056849015359971,-4.973105193938981,0.8564848271208129,-9.27228569242257,-0.42847341288933505,-8.889869321047028,-0.6342608588846731,8.36431533010342,1.5038877752779345,9.023507939523649,-1.3163473737700102,3.9607428994202936
2025-06-12 06:00:00+00:00,2025-06-10 06:00:00+00:00,48,-0.1984602090831142,-10.623680083655758,0.833767738986144,30.979364421387487,-0.33020867504934764,-1.7929644165270877,0.7138771910888799,-61.76880374469518,1.3783489210478055,23.263375134618826,1.374624135431441,15.882884235302297,0.6129772168268498,-9.80677619284631,-0.9089359997369022,-15.98126671701561,1.6357831587166782,-12.967273931989654,0.16266475228963934,-4.886260966088732,0.8564848271208129,-10.124834182988344,-0.0009190791089331578,-8.541932119778405,-0.6342608588846731,5.9658079768882475,1.219542639303415,6.291586317178665,-1.3163473737700102,1.4986171003220876
2025-06-12 07:00:00+00:00,2025-06-10 07:00:00+00:00,48,-0.15075692383329067,-14.2962596735442,0.8823804844905329,30.674979116099863,-0.3006574193156469,-1.9390049641516203,0.667214891566406,-62.64375691233572,1.035007691717052,16.358158552103987,0.7651023328036299,14.624050358301282,0.6559258825984104,-6.841788300526996,-0.8202450707995381,-16.494738223828513,1.5352866805546426,-13.638626154387408,-0.17051919165549356,-3.578140577364799,0.8564848271208129,-11.89683235213604,0.214465434900743,-6.268286275685029,-0.7798527799450875,8.088239373285043,0.756392360401802,2.3063606018464307,-1.3163473737700102,0.6125494240124686
2025-06-12 08:00:00+00:00,2025-06-11 08:00:00+00:00,24,-0.8799357126520216,-135.32595749967794,-0.5881550670172275,4.8167464703182725,-0.9274551067199313,-25.80684647642879,1.3204870848810402,-48.57008245217146,0.5404898590840757,32.09461098959095,0.15200712023281238,6.280247153606741,0.35528522219748415,-6.390193485239679,-1.1649683040277836,-9.277600598159955,1.8351794858391803,-7.97852768278481,-0.8168960429090514,-8.35927482626904,0.8564848271208129,-13.819185338878166,-0.5956375133147553,-7.584398967566358,-0.2703902179910269,2.9419275784607124,0.1504567473579363,2.2396615957074926,-1.3163473737700102,1.6333541161594378
2025-06-12 09:00:00+00:00,2025-06-11 09:00:00+00:00,24,-0.9617127730802905,-154.12745639527722,-0.7704528626586855,-5.492782026777838,-1.0042883716275532,-28.486738645493062,1.3204870848810402,-42.67417809309663,-0.07166892189323658,22.38261389233408,-0.453355497903049,-0.8184722051469487,0.36602238864037456,-5.1693982945159425,-1.168315131534854,-9.761322077858718,1.8386298236635636,-8.79585592299708,-0.8368870795457594,-7.583727774299276,0.8564848271208129,-12.046006075153569,-0.7306546713506717,-6.486420033832275,-0.2971796935118471,3.149935967918938,-0.5452466087266783,1.1635774011813382,-1.3163473737700102,0.3847325332193219
2025-06-12 10:00:00+00:00,2025-06-11 10:00:00+00:00,24,-0.958305395562446,-160.87906646156864,-0.7826060490347827,-6.018221533009853,-1.0245076518664011,-30.20248954645197,1.367149384403514,-38.59620614000321,-0.7594160045216602,9.324312986495315,-1.0421263427605783,-8.173477269160925,0.3445480557545942,-2.7791006030080365,-1.0531842652916341,-8.865749895923377,1.6708656036632958,-9.006528086777086,-0.9168512260925913,-7.814634149681713,0.8564848271208129,-11.729951241875982,-0.7499428367843741,-4.255643648920175,-0.42960387771710595,2.9986735081417466,-1.2417092314010827,-6.038350929613591,-1.3163473737700102,-0.04043674662737665
2025-06-12 11:00:00+00:00,2025-06-11 11:00:00+00:00,24,-1.128674271454673,-173.6068455996883,-1.1472016403176986,-42.61105204420245,-1.1532889136953708,-32.23823945170019,1.413811683925988,-33.25903971619898,-1.476174090248574,-25.205160838645217,-1.5952587362201278,-10.11663550757319,0.3123365564259234,-2.117999645908766,-1.1522503595009161,-7.488984261011027,-0.022358904336968716,-5.047880254081111,-0.9135193866531399,-5.796697022956715,0.8564848271208129,-6.080076328171731,-0.8270954985191834,-2.6297985202175456,-0.2971796935118471,0.08173633739027772,-1.64843179122935,-7.979415883156606,-1.3163473737700102,0.5508556923813136
2025-06-12 22:00:00+00:00,2025-06-11 22:00:00+00:00,24,-1.1661554241509626,-174.41724756190825,-1.2322739449503788,-56.358392995533606,-1.1741303256338753,-32.063626646147405,1.6471231815383574,-32.98653983776163,-1.6076551501628318,-24.54237171845251,-1.1481820848706805,-9.610793020104802,0.35528522219748415,-2.2360027031826726,-1.2402719229368662,-7.281288755634472,-0.022358904336968716,-5.348887984670058,-1.1400844685358305,-6.222968105672586,0.8564848271208129,-4.288668315733441,-1.0424800125288596,-3.8307475888561395,0.7335736277506864,-2.0336112451321626,-1.3559120937132523,-6.9253804357378606,-1.3251372702782385,1.8818214183923914
2025-06-12 22:00:00+00:00,2025-06-09 22:00:00+00:00,72,-1.1218595164189837,-174.33098670214832,-1.1472016403176986,-48.578828102262996,-1.1532889136953708,-32.16511360300684,1.6004608820158834,-32.91756323009527,-1.6076551501628318,-26.564430293877013,-1.1481820848706805,-10.001966226711367,0.48413121951216714,-2.245706572503252,-1.0642287960649661,-7.347544604057268,-0.022358904336968716,-5.228930803104024,-1.1400844685358305,-7.262777983342423,0.8564848271208129,-4.219534513786377,-1.0424800125288596,-3.904450790542038,0.0006891491790450478,-0.652465952924427,-1.3559120937132523,-7.193593564800438,-1.3251372702782385,1.3623998796874952
2025-06-12 23:00:00+00:00,2025-06-09 23:00:00+00:00,72,-0.8151955398129754,-149.09791434789676,-0.551695507888936,9.422948022034674,-0.9486075845082644,-25.96338588449835,1.367149384403514,-43.78915278674343,-0.8924940003862933,-5.536088103452671,-0.5637045831697239,-4.141183874976458,0.580765717498179,-3.45870187181991,-0.7526391551567172,-10.060793813021148,1.2677557472656562,-8.232078139835382,-1.0734476797468038,-8.209496004410811,0.8564848271208129,-7.806388262958972,-1.0424800125288596,-4.774569363338311,-0.5332329757624148,3.183957110165847,-0.6777243745409014,0.5504903435386542,-1.3251372702782385,1.059482804414459
2025-06-13 00:00:00+00:00,2025-06-10 00:00:00+00:00,72,0.07072261482660423,-1.9825301542234106,0.31118072481396475,13.590117093595893,-0.26892870263314717,-4.899169100685532,0.7605394906113537,-71.79393716755595,-0.19569761403907468,8.577827040151172,0.03930498166439496,1.705974023141726,0.7418232141415324,-8.39943100769644,0.31031326108882407,-14.723153702834425,-0.07438977838461194,-11.719474484349902,-0.7735821301961842,-9.178995999726153,0.806887470298622,-7.161181573966721,-0.9781861277498518,-3.930609216480539,-1.195170465674773,5.521663973041339,0.026563880218370747,1.1359791753542872,-1.3251372702782385,-2.161343595335396
2025-06-13 01:00:00+00:00,2025-06-10 01:00:00+00:00,72,0.7044948331456882,73.64981456591688,0.9309932299949216,29.7012066622792,0.32987305828657854,15.97085070643399,0.43390339395403665,-64.26066332360416,0.4337613064006398,15.334515757397176,0.6516964221388731,8.677441921694086,0.9350922101135565,-7.915421211511528,0.5499461105950607,-24.636596136944092,-0.2617281616160019,-16.983113067512825,0.09269612406116143,-3.5263945289984626,0.806887470298622,-9.624224605907509,-0.6888636462443166,-5.133724363529375,-1.456708185002268,8.256600010225904,0.6536224599521133,2.8345147254874603,-1.3251372702782385,1.6144770836438793
2025-06-13 02:00:00+00:00,2025-06-10 02:00:00+00:00,72,0.5988661300925074,56.63877881067809,1.648031226184656,30.621915550808,0.32365174129000995,16.564221970732486,0.3405787949090889,-36.56082829252996,0.9530316462644381,15.889789116153946,1.2633454130156414,12.973051932921091,0.9887780423280076,-7.370963458307831,-0.15991600365455924,-24.450250183581094,0.6618499378621255,-16.12170156849224,0.7124182597991087,-1.4325609701801019,0.806887470298622,-9.42426922210948,0.1469568558827848,-5.120863476388699,-1.5317132017188122,8.391949239143086,1.1463236415142966,5.293701875102554,-1.3251372702782385,2.53034395306651
2025-06-13 03:00:00+00:00,2025-06-11 03:00:00+00:00,48,1.161083420536856,175.4923062649649,2.9970349139314445,36.34567202608472,0.837843591056403,26.208622628956693,0.1539295968191934,-1.0735382747935909,1.3267146586523282,21.005155635079895,1.8486844788767474,13.73544816064154,1.1713098718571413,3.7131829073754514,-0.09799969477375789,-18.377669070374743,1.0201563531641873,-15.050629173196846,0.8390281584982592,-1.0407272673713315,0.8564848271208129,-8.34634221442954,0.6355903802032441,-0.04811168918459618,-1.5366783375260578,15.5515774844748,1.4658531952949267,5.0222719302524546,-1.3251372702782385,2.343275836691235
2025-06-13 04:00:00+00:00,2025-06-11 04:00:00+00:00,48,0.8407899338594697,112.95830278059893,2.729664813657306,36.37761981143882,0.5777925405998364,17.92944995296633,0.060604997774245654,16.887434404158697,1.5292593683582993,22.51224708968884,2.2412100860118396,17.499418015559705,1.2035213711858121,16.668709242871543,-0.4169523561975617,-12.388534057922755,1.325513644592492,-14.057438040100063,1.1588847446855868,7.4614542947879166,0.8564848271208129,-6.945779858585569,0.8670483654076722,1.0497620373476757,-1.5262812813107685,18.636254458644608,1.5883042503574953,6.452871784441788,-1.3251372702782385,5.3138767543893834
2025-06-13 05:00:00+00:00,2025-06-11 05:00:00+00:00,48,0.5409407122891503,68.75502737096426,2.2192309858612242,47.91667537323932,0.3189857535425835,17.365127088202858,0.013942698251771779,19.03118891853874,1.5470918198041603,25.23446647058474,1.9499709689966553,18.317559779001044,1.2357328705144828,22.510246319773877,-0.5782694420383523,-12.850607862601612,1.4183406414336082,-13.624621312899102,0.8456918373771618,-1.8066306891146227,0.8564848271208129,-3.6762464842376597,1.1756590123469097,5.986228346263621,-1.5072020665059376,18.102076500262356,1.504711387166358,8.38639107952723,-1.3251372702782385,5.778895569953297
2025-06-13 06:00:00+00:00,2025-06-11 06:00:00+00:00,48,1.4745621521785535,285.9404871675197,2.6081329498963344,39.81011376497664,1.112203670605077,35.329918711936564,-0.4060179974504931,32.710035486241054,1.379147389022993,19.981622818017843,1.3778899161572755,14.712182406207587,1.493424865143848,9.712419491977608,0.3267127158734687,-6.723438710175153,0.3123568560663971,-7.780017591780986,0.5524899667054448,-2.1567852562277463,0.8564848271208129,-6.8962748157772,0.873477753885573,2.6429761925389115,-1.4141333077685758,15.451827437339178,1.22120302135863,5.503108780248657,-1.3251372702782385,4.178446826405914
2025-06-13 07:00:00+00:00,2025-06-11 07:00:00+00:00,48,0.7794571385382679,103.51780311799413,2.2435373586134184,40.12406818755052,0.4863391807502783,20.21225903489175,-0.31269339840554533,26.587634107502062,1.036604627667428,18.023851553714668,0.7682874694917876,11.687874719942073,1.4504761993722872,25.244247477107546,-0.17698482394061807,-11.189955009520023,0.9611496184597912,-10.097401479424441,1.465413973115109,12.343363633278374,0.8564848271208129,-5.181688865663792,0.5905846608579386,-1.5074689484446027,-1.2780758846115687,19.423142315956586,0.7588975546525876,2.382359345252463,-1.3251372702782385,5.217316858919718
2025-06-13 08:00:00+00:00,2025-06-12 08:00:00+00:00,24,0.3603497038433899,34.5537394081872,1.3442015667822262,33.162641685274586,0.0875527612702323,3.067917944379947,-0.45268029697296697,19.12216617722455,0.5426191070179096,17.46470185427577,0.15520613860953472,3.209022511318097,1.547110697358299,19.42260579070887,-0.18133569969980956,-10.604099380756573,0.7717853683643539,-12.776837445494554,1.365458789931569,13.11226456991153,0.7076927566542401,-3.2664190218161813,1.6514337597115674,19.442309055159804,-0.243518169068962,-6.30435648634429,0.1537302587832243,2.0386643453455826,-1.3251372702782385,7.293214376573153
2025-06-13 09:00:00+00:00,2025-06-12 09:00:00+00:00,24,-0.8628988250627989,-137.43602971114538,-0.6489209988977136,3.1942915105403515,-0.9305657652182154,-30.045935437183307,0.013942698251771779,12.37840520299703,-0.06847504999248526,43.585837260250685,-0.4500993226454197,0.9018312824566369,1.300155869171824,29.56331291187853,-1.0474946585296143,-6.411070255686237,1.2411942450999203,-6.755482680480819,0.3759024764145244,-1.5129414386699487,0.7076927566542401,0.15598421114567604,1.3749700551618338,16.71665756580883,-0.08101166731780222,0.7517871280886225,-0.5414173813429737,1.6565200918440004,-1.3251372702782385,5.134138361512916
2025-06-13 10:00:00+00:00,2025-06-12 10:00:00+00:00,24,-1.0060086808122695,-160.96567933451308,-0.8919847264196574,-20.40737033200483,-1.0587248953475283,-34.53028666770712,0.3405787949090889,-7.58107815568966,-0.7556898206374506,11.652501126643342,-1.038800170879603,-13.558493314930113,1.149835538971361,9.2559761078093,-1.1047254089005174,-8.23778357814671,1.5982988853281481,-7.08573249206392,-0.8202278823485027,-6.44395658766403,0.7076927566542401,6.824596849444414,0.420205866193568,-1.1965343293933675,-0.21657173223206927,1.6211607400424992,-1.2379844887526692,-10.560958286395321,-1.3251372702782385,1.4762841237125264
2025-06-13 11:00:00+00:00,2025-06-12 11:00:00+00:00,24,-1.1184521389011393,-170.31229783249205,-1.1350484539416013,-40.69434576184487,-1.1501782551970865,-32.90722362470832,0.6205525920439321,-17.11692930809863,-1.471915594380906,-33.60868460531302,-1.592106286456813,-16.761294512526106,1.0424638745424586,4.872181311878412,-1.102717312396275,-6.810332712249561,-0.022358904336968716,-5.860943514282467,-0.9601651388054586,-5.806208398747718,0.7634897830792049,-0.19677142929293248,-0.7338693655896221,-2.436912804882888,-0.5587532721696522,1.996184472625696,-1.6481357999695425,-10.76726781029975,-1.3251372702782385,1.286175421808202
2025-06-13 22:00:00+00:00,2025-06-12 22:00:00+00:00,24,-1.0673414761334712,-174.92091372650782,-1.049976149308921,-28.005220089386842,-1.1293368432585817,-31.493580795892846,1.2271624858360926,-34.41019028411858,-1.60818746214629,-31.21893148630895,-1.1488964526883214,-15.146877697235656,0.7310860476986419,2.49593428735838,-0.828946822317921,-8.074165406104159,-0.022358904336968716,-5.4015323925094645,-1.1400844685358305,-7.459555946977209,0.7324914350653355,-0.4162694876702448,-1.0424800125288596,-3.624495054479353,-1.1031638329891629,3.3509372769716177,-1.3566182078098858,-11.703551972390866,-1.333506712201986,0.299166411600243
2025-06-13 22:00:00+00:00,2025-06-10 22:00:00+00:00,72,-1.0707488536513157,-176.5521755707796,-1.062129335685018,-30.94333049928141,-1.1321364359070374,-31.842007387702395,1.5071362829709358,-35.040906232354196,-1.60818746214629,-28.75386242546544,-1.1488964526883214,-11.34557740653937,0.5163427188408375,-2.0026819381090752,-0.828946822317921,-8.106045526593501,-0.022358904336968716,-5.38180521641311,-1.1400844685358305,-7.312250070279713,0.0009304219380198167,5.487413336514674,-1.0424800125288596,-3.6791267716864957,0.24489646742705207,-0.9897514200679273,-1.3566182078098858,-8.631662121215378,-1.333506712201986,1.3955989945746012
2025-06-13 23:00:00+00:00,2025-06-10 23:00:00+00:00,72,-0.7061594592419502,-129.350487309452,-0.4423168305040613,7.5562763843187915,-0.8944821266381179,-25.54047428361023,1.2271624858360926,-43.165482325562365,-0.8935586243532105,-3.747405003926116,-0.5646599189838016,-2.0254457373323413,0.6559258825984104,5.260050898483219,-0.4872357338460389,-7.242128898864121,0.8502538259000042,-5.758706973575867,-1.0234700881550338,-7.916228365792799,-0.061066274089718806,7.719903121766865,-1.0424800125288596,-5.123045753550725,-0.08101166731780222,-2.1955493155973835,-0.6789194656259304,-2.0258896914031235,-1.333506712201986,1.6868207391549976
2025-06-14 00:00:00+00:00,2025-06-11 00:00:00+00:00,72,0.1695365628440958,1.9495235931963983,-0.04126168009285388,10.188223134408384,-0.22662374705648095,-4.543836495690087,0.7605394906113537,-45.391411858244155,-0.19702839399772099,9.04154322524229,0.038189313272080846,-0.24060523600146494,0.9028807107848857,1.7735129403508882,0.7092550999316087,-18.270270161533936,-0.764498734227043,-2.003857808003834,-0.6669632681337416,-5.5305778307242095,-0.3586504150228642,9.483906927774362,-0.9299657141655959,-3.98544517909057,1.5465806466301943,-6.8044894079461535,0.025172092293218665,1.1149373971280887,-1.333506712201986,4.4421056832834145
2025-06-14 01:00:00+00:00,2025-06-11 01:00:00+00:00,72,0.830567801305936,99.48638438760496,0.1531893019247012,21.61681330482862,0.40483992809522984,14.141692607273809,0.43390339395403665,-28.606475114070758,0.4321643704502642,15.944685167161111,0.6505131236068527,10.00580539055857,1.0854125403140193,8.70051654273444,1.0579945261683388,-6.582034386464383,-1.1617482619578137,-8.94356362404912,0.18931946780524997,-3.1679033077893983,-0.6438352167504618,9.15402544471379,-0.5859934305979042,-3.237537438665177,1.1608005405725297,-5.695514277368065,0.6522656262417088,2.9725729092276563,-1.333506712201986,7.521820734993968
2025-06-14 02:00:00+00:00,2025-06-12 02:00:00+00:00,48,1.205379328268835,189.28885183862738,1.526499362423684,42.85329359517478,0.8229124302646382,27.57442026523787,0.1539295968191934,7.556421646371204,0.9514347103140628,16.202249985781776,1.262256471253937,13.030917803801367,1.3108930356147144,13.640869200174452,0.613870515980104,-17.72448639301987,-0.2529374805672604,-17.917845527317752,0.8157052824220998,-0.47984407530789847,0.24271753644620045,8.843694030409766,0.22089482337864377,-3.601907033352664,0.2717685163491163,-5.240838275951147,1.1452301369746196,5.619357294203052,-1.333506712201986,4.542786407161066
2025-06-14 03:00:00+00:00,2025-06-12 03:00:00+00:00,48,1.4813769072142426,266.4898230908751,2.5473670180158483,41.042018042684745,1.1109594072057636,36.313548769006545,-0.31269339840554533,30.41802304093376,1.3256500346854108,20.78714854012042,1.8481702431945688,16.232117209857964,1.4397390329293969,8.999184189656352,0.379257907734473,-14.828377725893178,0.26031591512238594,-12.95548269166037,1.202198657398454,7.895960551921834,0.24271753644620045,7.3347002231729705,0.8445455057350195,3.7159393512108836,0.5854814553539961,-9.442093532921023,1.4652292751285532,5.540764538292219,-1.333506712201986,4.989403226959604
2025-06-14 04:00:00+00:00,2025-06-12 04:00:00+00:00,48,1.648338405588625,322.12121472852334,2.984881727555347,43.88849944228251,1.2820456246113994,34.950398665417616,-0.4993425964954408,31.072647681582236,1.5287270563748407,22.41070985809352,2.2433295502862767,14.099079069832596,1.5256363644725184,10.40358760103784,0.3230312056156912,-5.796777937582342,0.39763537379794617,-9.306658318396288,1.4720776519940117,17.48957847766443,0.2675162148572959,5.965822601697441,1.2174500374532646,12.327299449919039,-0.9387945691149238,12.798824006680917,1.5883206267796415,7.162519799426407,-1.333506712201986,4.097529708500309
2025-06-14 05:00:00+00:00,2025-06-12 05:00:00+00:00,48,1.8595958116949862,344.4403845082009,2.158465053980738,37.25077417630923,1.4739732539555401,41.782852293270025,-0.5926671955403886,26.713706756365237,1.5470918198041603,24.182024161499783,1.9533251548938426,14.15443627528051,1.6330080289014206,13.388424835083088,0.757114733282715,-7.529087670335439,-0.339823525710416,-8.160305490586053,1.6353377845271269,20.53003697770284,0.8378858183124912,-4.670206721048539,1.4778402708082463,10.068846198766037,-1.390246753325309,13.064365214141013,1.5054911085574807,7.078165198000219,-1.333506712201986,4.039982819477298
2025-06-14 06:00:00+00:00,2025-06-12 06:00:00+00:00,48,1.7675966187131837,323.09362986451566,1.271282448525643,42.88030703427315,1.3626116797169625,41.67490823827166,-0.6859917945853363,23.845580271963033,1.3796797010064517,18.536815622396542,1.3810389642624865,12.222294072667628,1.7081681940016524,29.488536337325,1.0278730786047057,-19.922591846117708,-0.8605917165952498,-7.891645433276215,1.8419118297731092,21.87173765690783,0.7076927566542401,-1.6066794149590535,1.6353602885168155,8.563783727117737,-1.2294617184024599,11.527492776986186,1.2228108193911684,4.304686929984949,-1.333506712201986,4.2532991024705895
2025-06-14 07:00:00+00:00,2025-06-13 07:00:00+00:00,24,1.4234514894108854,255.91933425639144,0.6879295024729777,40.33163949124529,1.0098630060115241,36.52337380172063,-0.21936879936059758,20.118363637682474,1.0379354076260743,15.171722119380615,0.7713708482680908,9.671396189434734,1.5793221966869695,8.011397739834907,1.088450656482679,-17.97955497509319,-1.07602843340841,-16.838204873571268,1.8152571142574985,12.022307024291926,-0.2594557013784824,6.186882546260309,1.7864509177474839,8.34178871311399,-1.3776660857121874,10.186244807289649,0.7613302510674348,0.43032769966961054,-1.333506712201986,6.711199777650067
2025-06-14 08:00:00+00:00,2025-06-13 08:00:00+00:00,24,0.874863709037915,134.01966914572486,0.5663976387120058,30.286745390676867,0.47234121750799907,16.78870322820747,0.013942698251771779,16.801516508137176,0.5450145109434733,17.28533590581123,0.15830002973458246,4.458342049334896,1.4182647000436162,12.886967794479434,0.8481484414750281,-12.828940567656907,-0.7982557479226764,-15.66870083574897,1.415436381523339,11.851199638597652,-0.8422246440392255,4.384477933238038,1.8089537774201365,7.977506797714439,-1.4024037283882287,14.92221410574911,0.15690252757924927,2.3073125362578066,-1.333506712201986,5.071779801876026
2025-06-14 09:00:00+00:00,2025-06-13 09:00:00+00:00,24,0.2956095310043437,26.661032063448555,0.019504251787632085,17.0620786434604,-0.1065523290227073,-2.4962032769189006,0.20059189634166727,7.61053169683464,-0.06581349007519259,11.394641669954613,-0.4469609771025908,-3.4592260059448994,1.3216302020576043,11.218549986030984,0.768493946806754,-10.469768675560266,-0.8362076444679598,-12.27872682482388,0.8790102317716751,0.6935140079782262,-1.4621916043166117,4.3231799250995815,1.4231904687460897,6.388675028827159,-1.2294617184024599,7.150825001751186,-0.5377211361481475,-5.793615353472304,-1.333506712201986,6.255828269289998
2025-06-14 10:00:00+00:00,2025-06-13 10:00:00+00:00,24,-0.6584561739921267,-133.0233947948577,-0.28432540761479774,6.406002074997475,-0.8328910883720889,-30.284907272804716,0.3405787949090889,-5.743131397894179,-0.7522297927449701,12.39756970427087,-1.035610733128318,-16.264302857518974,1.1927842047429216,8.561728056545837,-0.5789388075397663,-6.633896233735165,1.1288186590141147,-6.707494379825414,0.31259752706494914,-0.5509892259581896,-0.9228203488752856,14.166134447907826,0.9056246962750769,3.755655129085674,-0.8033284759463019,5.673981246101452,-1.2344029862143064,-10.343063832129573,-1.333506712201986,2.0317056029081195
2025-06-14 11:00:00+00:00,2025-06-13 11:00:00+00:00,24,-1.1014152513119164,-174.7213704538522,-1.0985888948133098,-40.529236707689364,-1.1414684114018903,-32.9630889375906,0.6205525920439321,-16.625015697968976,-1.468189410496696,-33.67985100147527,-1.5890963442486485,-17.620136005241672,1.0209895416566783,3.6104557002999957,-1.0538536307930482,-6.927126031765429,-0.022358904336968716,-5.459231123036257,-0.620317515981423,-4.509569408402343,-0.34625107581731646,7.709213966783447,0.35912667565351053,-2.2182140715379814,-0.45572759967214815,0.7598314299997933,-1.6478316933579649,-10.745800006274889,-1.333506712201986,0.7656865880574103
2025-06-14 11:00:00+00:00,2025-06-11 11:00:00+00:00,72,-1.098007873794072,-205.90679732037847,-1.1228952675655042,-48.67403743949507,-1.1470675966988022,-34.85781612732469,-0.12604420031564983,7.968960525484022,-1.468189410496696,-36.154007202938196,-1.5890963442486485,-17.410207786306838,1.3538417013862751,8.471498285334603,-0.9788846946346723,-3.760493607505726,-0.022358904336968716,-3.673756721440719,-0.6469722314970336,-4.538133321537299,-0.20985834455629152,5.342467358943283,0.35912667565351053,-2.2150206929896434,-1.390246753325309,4.2344361662071845,-1.6478316933579649,-11.868629439658353,-1.333506712201986,0.7430144778844338
2025-06-14 22:00:00+00:00,2025-06-11 22:00:00+00:00,72,-1.0639340986156267,-172.81661760790405,-1.049976149308921,-25.95944227983409,-1.1293368432585817,-31.325920084192575,0.9938509882237231,-26.193568653349416,-1.608985930121478,-27.922462296968405,-1.1497973536692545,-14.075047393117398,0.6666630490413009,1.9376994223055084,-0.7988253747542879,-8.158779128949963,-0.022358904336968716,-5.582543554783313,-1.1400844685358305,-7.652297445965217,0.8564848271208129,-5.042988980658627,-1.0424800125288596,-3.461837882313886,-0.8033284759463019,3.3701189160566525,-1.3575143156372822,-10.527361029618179,-1.3414532228887357,0.2913281803951835
2025-06-14 23:00:00+00:00,2025-06-11 23:00:00+00:00,72,-0.5562348484567906,-120.44980917492549,-0.3329381531191865,10.834553186794217,-0.8263587055256918,-25.11452253968606,0.5738902925214583,-13.732174327949682,-0.8948894043118568,-10.975433754891283,-0.5657843852835113,-1.0064546370408933,0.8384577121275443,-0.4177209190481139,-0.08293897099194135,-3.731658954420492,0.3835147719418018,-5.1309045677577965,-1.016806409276131,-9.557230820365474,0.8564848271208129,-7.671415225436916,-1.0424800125288596,-4.608465345132592,-0.5841031569959068,3.4454275486982895,-0.6803088275300436,-1.3626052147505023,-1.3414532228887357,2.118707564874354
2025-06-15 00:00:00+00:00,2025-06-12 00:00:00+00:00,72,0.17294394036194033,19.61529742724458,-0.17494673022992302,-0.366881938698449,-0.23346719575270633,1.5397626370099609,0.38724109443156274,-13.94347890776161,-0.19862532994809665,11.158314106702845,0.03691693609093604,2.9429832172189925,1.0532010409853487,2.516591777342608,0.7929257876083674,-8.714143638595782,-0.961816744526219,-4.390601386963291,-0.5203623327978831,-3.7662822328782055,0.29851456287116523,2.9617245036206308,-0.9235363256876952,-3.9766193063979483,-0.8495380569548255,6.535576083411041,0.023621470305478776,2.2000249020454197,-1.3414532228887357,5.550998565132999
2025-06-15 01:00:00+00:00,2025-06-12 01:00:00+00:00,72,0.8169382912345579,108.41182861616052,0.141036115548604,22.141904525329636,0.39270835995192116,16.799815801219474,0.20059189634166727,6.0791630504356675,0.4305674344998888,17.11307361593625,0.6491774320747388,11.328402520407534,1.1927842047429216,10.78768061592453,1.0442725333893503,-9.51284524849599,-1.1641775104487888,-11.656450470415649,0.1926513072447013,-3.078287738752563,-0.20985834455629152,6.097825301286077,-0.444546884084087,-3.3434717970649634,-0.7080280917624252,7.453726109926878,0.6507888014398748,4.7096647712724105,-1.3414532228887357,3.408557236919282
2025-06-15 02:00:00+00:00,2025-06-13 02:00:00+00:00,48,1.0827137376264317,167.04725708564766,2.1706182403568355,38.676804268297495,0.7277262802171393,18.85939775701467,0.1539295968191934,7.971424477757012,0.9501039303554165,15.979640434295012,1.2610037890874706,14.975567864876847,1.1927842047429216,12.649834965126074,0.2483969522080227,-15.076432081719297,0.42861935500720366,-14.248036601883344,0.6591088287678873,-0.6521844754382802,0.36051125889890384,-1.6261707911941214,0.10516583077642971,-4.143501687928931,-0.6590533974253011,10.885289402805114,1.144050665097951,4.011241619473895,-1.3414532228887357,0.8652242138482419
2025-06-15 03:00:00+00:00,2025-06-13 03:00:00+00:00,48,1.4915990397677763,285.7240705203966,2.4866010861353622,39.541244763579826,1.1187360534514743,35.67460921533542,-0.31269339840554533,32.319265561253154,1.3243192547267646,18.98443116204434,1.8474381030774376,13.348827348140473,1.3323673685004946,9.65980653530361,0.4087099897966921,-5.376833067203658,0.20502565807290732,-10.130628383813544,1.082252437578206,4.409830106029344,0.8564848271208129,-6.038569619746736,0.6934548765043511,0.004339442248875096,-0.5332329757624145,4.3308545594487,1.4645447653941572,4.197101012184595,-1.3414532228887357,4.577389789516932
2025-06-15 04:00:00+00:00,2025-06-13 04:00:00+00:00,48,1.7096712009098265,325.35969673592126,2.8755030501704724,37.09531510805943,1.3352378849320607,35.30321035532355,-0.5926671955403886,28.972861922181764,1.5279285883996532,20.852734933094915,2.2451038419445317,13.169445814419884,1.4290018664865065,9.694740096325928,0.41540364481083275,-9.350591713738808,0.26097805765581067,-12.081834581846804,1.4820731703123657,15.582657247927745,0.8564848271208129,-6.004564434036262,1.1017210448510506,4.948075985494445,-0.4296038777171057,-7.666906232441942,1.5882909043303424,4.166903586295994,-1.3414532228887357,5.3527812240457315
2025-06-15 05:00:00+00:00,2025-06-13 05:00:00+00:00,48,1.8221146589986963,337.25309381649316,2.3529160359982932,37.89954869766625,1.4397560104744132,41.041898801088266,-0.7326540941078102,30.091082837796673,1.5470918198041603,23.07161145606533,1.956492060671319,13.779355259921873,1.5148991980296287,9.129664495469136,0.6647422940875733,-5.677367416952223,-0.18531466533048646,-10.61725237676786,1.6953108944372508,20.47155723887589,0.8564848271208129,-5.1030055559833745,1.4874843535250974,11.345074947559608,-0.6836449719951653,11.76115697787098,1.5062271640343359,5.994092911959782,-1.3414532228887357,4.614188992662544
2025-06-15 06:00:00+00:00,2025-06-13 06:00:00+00:00,48,1.6585605381421584,324.09322492184015,2.158465053980738,38.5017989224658,1.2689808589186056,34.868880506863896,-0.45268029697296697,31.77937325218681,1.3804781689816394,18.29299632092474,1.384068840424033,13.246461591066538,1.396790367157836,8.181339135920359,0.6510203013085849,-5.9021702829859475,-0.18334105526244415,-11.724904263562134,1.8052615959391445,19.026262172349785,0.8564848271208129,-5.63837079481521,1.6932247848179225,10.216450917175061,-0.5587532721696529,6.097768505808187,1.2243652272064838,3.2848866769546534,-1.3414532228887357,6.1150762754381836
2025-06-15 07:00:00+00:00,2025-06-14 07:00:00+00:00,24,0.6567915478958646,89.98731050890437,2.1949246131090296,37.95816230983817,0.3830653186072398,19.110589043691714,-0.6393294950628624,25.58575182955298,1.0392661875847207,18.644753214463652,0.7743497645584124,10.909717711066225,1.3538417013862751,18.24053925873192,-0.3065070484642404,-14.781431905479293,1.1430833090560026,-10.571242185427076,1.6053512295720649,13.615806268812985,0.8564848271208129,-9.030598726714873,1.9471856296950034,21.922524855664477,-0.21657173223207002,-7.529448659977619,0.7636886594631127,2.9385736098098287,-1.3414532228887357,7.596348456729044
2025-06-15 08:00:00+00:00,2025-06-14 08:00:00+00:00,24,-0.03490608822657642,-10.805492795135326,0.9917591618754076,37.466481344170575,-0.23004547140459355,2.0269395869492137,-0.779316393630284,18.235212440703073,0.546877602885578,16.10963005505297,0.16128587838791414,3.478851488432913,1.2572072034002633,13.991049138378187,-0.6003585035850165,-15.189120887099115,1.311006334862961,-12.56567249892293,0.6657725076467901,-1.375006784126917,0.8564848271208129,-13.997847990227134,1.6064280403662619,23.597466342243138,-0.02655552079778644,-5.994507252121048,0.15997089839001835,3.673077507295687,-1.3414532228887357,7.78493419617008
2025-06-15 09:00:00+00:00,2025-06-14 09:00:00+00:00,24,-0.6175676437779922,-135.7449460799395,-0.12633398472553423,14.748200487946319,-0.7367717407751043,-28.245301505841034,-0.5460048960179147,16.96608028003557,-0.06315193015789994,37.90122503564584,-0.44394351666955967,-0.5539433801661406,1.09614970675691,18.974756775154855,-0.8637538283914525,-7.103698793053322,1.4081522587131179,-8.009298369948079,-0.010590898561829777,-3.936504972965012,0.8564848271208129,-10.6174232988842,0.6998842649822519,0.7823649021435742,-0.05379189178421756,2.122236908375692,-0.5341612263103339,2.8686581504078914,-1.3414532228887357,5.548138233447679
2025-06-15 10:00:00+00:00,2025-06-14 10:00:00+00:00,24,-0.7197889693133284,-149.1508115426952,-0.3815508986235753,9.690867925236407,-0.8711521879009857,-28.686425427991832,-0.3593556979280192,12.19100869031349,-0.749035920844219,9.14455982736987,-1.032561162782093,-18.261666087296646,1.0317267080995682,4.146217497461521,-0.68235577750824,-6.034318825186543,1.203084263731691,-7.106150344538799,-0.5803354427080071,-4.375214534068818,0.8564848271208129,-10.223768120939056,0.0473013344753227,-2.2174749166184338,-0.37697121699841857,2.973737814135354,-1.2309688565315644,-9.971604248770912,-1.3414532228887357,2.0774467152239753
2025-06-15 10:00:00+00:00,2025-06-12 10:00:00+00:00,72,-0.9923791707408913,-177.082568593789,-0.8555251672913659,-6.795197197109511,-1.0481486564533617,-31.49409940049865,0.24725419586414116,-3.724860223992516,-0.749035920844219,8.709250960257336,-1.032561162782093,-14.542089163364546,1.0424638745424586,6.099589023413013,-1.0960236573821343,-7.76787944549302,1.6744215045617517,-7.946765800766432,-0.7369318963622196,-6.771232392568003,0.8564848271208129,-11.274913314186966,-0.09414521203849448,-4.78708930089286,-1.3374208877652598,7.9014559117161625,-1.2309688565315644,-13.07488824937956,-1.3414532228887357,0.5791227342322978
2025-06-15 11:00:00+00:00,2025-06-12 11:00:00+00:00,72,-1.0707488536513157,-200.16545654968155,-1.049976149308921,-32.72434011599044,-1.1293368432585817,-34.28704678675731,0.1539295968191934,3.490331640728736,-1.4644632266124866,-29.123521171537522,-1.5862330830597375,-15.358064520111597,0.9673037094422272,2.870326797172486,-0.9303556957821524,-6.17274139832458,-0.022358904336968716,-4.211840748644421,-0.9468377810476533,-6.536370839387282,0.8564848271208129,-6.226252182334351,-0.6535020096158624,-3.7730380783090753,-1.3085459368284618,4.539649322760984,-1.6475222171369395,-11.53095563807192,-1.3414532228887357,0.3341852027356456
2025-06-15 22:00:00+00:00,2025-06-12 22:00:00+00:00,72,-1.1014152513119164,-176.9813110699021,-1.1107420811894069,-39.83394852318289,-1.1442680040503463,-32.54877774259216,0.8538640896563015,-22.334932769289527,-1.610050554088395,-26.864506744402192,-1.1508823193684892,-10.072001649987097,0.4733940530692768,-2.8490195922234656,-0.9748685016261881,-7.5022241315013884,-0.022358904336968716,-4.991238473520234,-1.1400844685358305,-7.622504565573907,0.8564848271208129,-6.616924011064235,-1.0424800125288596,-3.7154130285253455,-1.1594222422144396,3.9516524799818717,-1.3585974105885334,-7.669713164170056,-1.3489744508381294,-0.2314718584933359
2025-06-15 23:00:00+00:00,2025-06-12 23:00:00+00:00,72,-0.6482340414385931,-129.07944921979114,-0.29647859399089493,13.801642522434324,-0.8543546320102504,-24.307518459594483,0.8072017901338276,-23.346756535537928,-0.8962201842705032,-5.015139966100666,-0.567075128572193,-0.492360303346116,0.5485542181695082,-3.9535002789660076,-0.42766220422018675,-5.115100213782324,1.0151708964820543,-6.948781601812119,-1.0534566431100958,-8.851629026814434,0.8564848271208129,-9.163349501597864,-1.0424800125288596,-4.507075381719947,-1.177475794172049,5.8734401136460495,-0.6818889434879106,1.0349655138141431,-1.3489744508381294,1.32758531628071
2025-06-16 00:00:00+00:00,2025-06-13 00:00:00+00:00,72,-0.16438643390466884,-4.405561338873215,0.5663976387120058,22.730202525781454,-0.4089083350559402,-8.152982639997829,0.38724109443156274,-24.521325608831027,-0.200222265898472,11.09374973799785,0.03549108293868295,3.86942370943891,0.5163427188408375,-12.853900222044675,-0.30449895195999827,-11.016751004900543,0.9839624218005174,-12.340053258287092,-0.610321997663069,-3.582468263309286,0.8564848271208129,-8.875171458832293,-0.9588979623161494,-4.429692827071501,-1.1594222422144396,9.770295725275615,0.019725631755226947,2.1698279184233478,-1.3489744508381294,1.1400357300544286
2025-06-16 01:00:00+00:00,2025-06-14 01:00:00+00:00,48,0.9327891268412721,163.27840628968502,-0.07772123922114546,3.047455080642596,0.47451867845679785,19.33149896874707,0.013942698251771779,11.539457073742424,0.42897049854951314,16.067358351424435,0.6476930043293764,8.521746153182342,0.859932045013325,1.5506802603378473,1.3069984926943723,15.618983754453874,-1.4427965186875193,13.811072791729885,0.28261097210988717,-1.922864646701311,-0.3400514062145426,5.7742951319733775,-0.5506317939694498,-1.6222091320894279,-1.0234740110360667,5.36424080889731,0.6468463096741501,2.7454369601487656,-1.3489744508381294,2.479228002120264
2025-06-16 02:00:00+00:00,2025-06-14 02:00:00+00:00,48,1.508635927356999,297.0717755373582,-0.004802120964562302,18.139949254093718,1.054656488386818,40.92944321607875,-0.31269339840554533,13.860145800754164,0.9487731503967701,14.132429139134164,1.2595915937365103,10.401153933900435,1.0746753738711294,3.84427072446919,1.5004451226030384,10.343010793382323,-1.6274479887995619,14.924922647166248,0.9356515022423477,-0.9677032709942539,-0.9600183664919288,4.329140580570132,0.330194427502957,0.4824182170342913,-1.0027562125845983,4.7418435948982145,1.1403522818901168,3.794539883946411,-1.3489744508381294,1.649489683074524
2025-06-16 03:00:00+00:00,2025-06-14 03:00:00+00:00,48,1.9141138519804988,370.01095400489265,0.06811699729202085,25.83724440750641,1.4742843198053688,46.379143572760455,-0.6393294950628624,12.069102013577437,1.3232546307598472,19.027751355066407,1.846493096902031,10.093886700206733,1.2572072034002633,7.820407866053312,1.585119858531918,12.554797640064349,-1.702700718865165,22.22645682862999,1.4987323675096222,21.81540995860952,-1.5799853267693151,7.281300312618362,0.9602744983372336,2.769862088193479,-0.9604100420971526,6.54455206826721,1.4613210061645616,5.430067670149254,-1.3489744508381294,2.6605375805719946
2025-06-16 04:00:00+00:00,2025-06-14 04:00:00+00:00,48,2.1287786356047045,402.8202350192546,0.12888292917250682,28.34384147394439,1.7069615754770335,46.56110503275088,-0.6859917945853363,12.26759013055907,1.5273962764161944,22.54811710521322,2.2465328268040006,9.157293786332195,1.3323673685004946,8.52352263069133,1.6112251130870665,10.575132727361918,-1.7219676669375916,24.72444873839684,1.8952212608043304,29.26714419026341,-1.5799853267693151,7.993866466967309,1.5035578247198496,9.657672504960264,-0.7321953293925962,7.28713286897492,1.5857199185769986,8.323678838071688,-1.3489744508381294,2.8878394298646053
2025-06-16 05:00:00+00:00,2025-06-14 05:00:00+00:00,48,2.145815523193927,395.4045286357365,0.1531893019247012,31.111720748113278,1.7296693825145086,45.997431811827546,-0.6393294950628624,12.308553834716419,1.5470918198041603,21.935892639528433,1.9594688450707103,8.5908640642345,1.3753160342720554,8.168344939720955,1.6048661408236329,9.544485367102283,-1.7119075968097113,25.0177313674429,2.105127145489764,28.62223514147259,-1.6233830139887322,9.946858490028523,1.8861064391549458,10.493584388377572,-0.5841031569959068,1.6275199067450206,1.5044334554929737,8.144521973386269,-1.3489744508381294,2.7463484127118973
2025-06-16 06:00:00+00:00,2025-06-15 06:00:00+00:00,24,1.941372872123255,355.6773713964828,0.1774956746768956,31.029529515553264,1.5097458266858095,46.19398316563879,-0.6859917945853363,12.717478356400454,1.381010480965098,19.458860312723026,1.3869768741285737,9.770652940894742,1.4397390329293969,8.068484813355285,1.5305665701666715,11.476546481402826,-1.6414657565366477,21.319616741722374,2.1084589849292157,24.759987108266035,-1.6233830139887322,12.04031319192206,2.078988093491969,10.084802301036863,-0.7321953293925962,5.64256638396496,1.2234172094136362,3.3073899998894656,-1.3489744508381294,2.7853136720348175
2025-06-16 07:00:00+00:00,2025-06-15 07:00:00+00:00,24,1.5495244575711333,290.5458680806323,0.141036115548604,25.39926445099315,1.1090930121067928,40.41553018347681,-0.7326540941078102,14.0417028348666,1.040596967543367,15.596729375151739,0.7772213499034389,8.80770394028931,1.493424865143848,10.00457834358539,1.4124235591670882,9.284154780144966,-1.5366631530390613,19.88046340850715,1.9218759763199411,17.298191341578914,-1.6233830139887322,8.710812104792893,2.091846870447771,10.862223568686185,-0.756139323310983,5.571925965309347,0.7635989946539106,0.5251354411429225,-1.3489744508381294,4.940747962569909
2025-06-16 08:00:00+00:00,2025-06-15 08:00:00+00:00,24,1.0043440547160074,159.05115953389225,0.019504251787632085,15.445543607310828,0.5603728530094443,18.435710667739336,-0.6393294950628624,13.623359229589871,0.5490068508194123,16.725919604449786,0.16416065111817663,2.029982183784092,1.4612133658151776,14.782029699427655,1.2410659908050867,10.524022770300363,-1.392023991343008,9.291755056534008,1.5387144407830382,11.096330741113903,-1.6233830139887322,7.055368757441615,1.911823993066549,9.976194405080056,-0.7080280917624252,8.934682252572737,0.1607003178745282,2.211175231275829,-1.3489744508381294,3.893118003973644
2025-06-16 09:00:00+00:00,2025-06-15 09:00:00+00:00,24,0.3433128162541672,42.60783354780888,-0.12633398472553423,4.181025018255312,-0.08135599518660448,-2.9451757933394944,-0.45268029697296697,12.056222586388232,-0.06049037024060727,12.62658345978989,-0.4410500803354647,-2.816060759408369,1.3753160342720554,10.084890842939048,0.9271335706418883,-11.99395002303964,-1.0767395105633033,1.588315313560009,1.0056201304708257,0.6440580106810398,-1.6233830139887322,7.964513799494298,1.542134155587254,8.68713613401512,-0.6590533974253011,6.22027141659501,-0.5327052101425349,-2.319681956125866,-1.3489744508381294,5.934447124993839
2025-06-16 10:00:00+00:00,2025-06-15 10:00:00+00:00,24,-0.3415700648325848,-99.17806694243619,-0.43016364412796404,5.989828960178601,-0.7084647484407173,-27.686525320638275,-0.07938190079317597,9.44402710535569,-0.746108204935197,0.25938634373169533,-1.0296546465404792,-13.13385835643306,1.2357328705144828,6.899134791853018,0.4739731261845638,-3.1978135663984517,-0.5857890785649774,-4.279386216316728,0.35924327921726773,-2.5447800729320567,-1.6233830139887322,13.748152595517974,1.0277830773551917,3.3581916167102235,-1.177475794172049,5.730574850429331,-1.229049296237796,-6.293827556961896,-1.3489744508381294,2.283436952018363
2025-06-16 10:00:00+00:00,2025-06-13 10:00:00+00:00,72,-0.3381626873147402,-96.31960591885284,-0.43016364412796404,6.2302390066637905,-0.7072204850414036,-27.951584250611383,0.10726729729671952,7.603385148920874,-0.746108204935197,0.9867427927654394,-1.0296546465404792,-12.556330383886998,1.063938207428239,2.935208781168748,0.4840136087057748,-3.5221714490822142,-0.5936743245091186,-4.518865990809274,0.3659069580961704,-2.4545913012399017,-1.6233830139887322,14.387810403689933,1.030997771594142,3.2736224731269083,-1.1222606017251535,4.950779703431652,-1.229049296237796,-6.032424581879431,-1.3489744508381294,2.042938346540648
2025-06-16 11:00:00+00:00,2025-06-13 11:00:00+00:00,72,-0.9514906405267569,-179.5992830766652,-0.928444285547949,-16.774266099110836,-1.0988523899753957,-34.01039770982099,0.38724109443156274,-15.453029517364266,-1.4612693547117352,-35.58051714395173,-1.5835206042836378,-15.347740081612418,0.870669211456215,2.015933520443873,-0.312531337976967,-4.398204753337193,0.34796887226931467,-5.579595358973157,-0.30712460867299807,-4.062219004325299,-1.6233830139887322,11.701166302640411,0.4105617834767168,-2.9109468391375346,-1.3512491295017786,3.6993271731353072,-1.6472663072118465,-10.85653276472163,-1.3489744508381294,0.9595891280873964
2025-06-16 22:00:00+00:00,2025-06-13 22:00:00+00:00,72,-1.0468972110264039,-181.35726904625372,-1.049976149308921,-27.344468035969236,-1.129025777408753,-32.67107995769527,1.040513287746197,-26.486125915914336,-1.6113813340470413,-28.633577419380188,-1.152148788973197,-11.791122321645483,0.5056055523979476,-2.318177374586537,-0.6495568679389506,-7.021852288530711,-0.022358904336968716,-5.407594447705043,-1.1400844685358305,-6.9129465519742475,-1.6233830139887322,10.959151235693565,-1.0424800125288596,-3.953385085036803,-1.2460478541796545,3.1693783435395084,-1.361005613866149,-8.687520416816485,-1.3560681703978104,-3.362078646591592
2025-06-16 23:00:00+00:00,2025-06-13 23:00:00+00:00,72,-0.46082827795714354,-105.10696902629763,-0.5760018806411303,13.028899738904103,-0.8297804298738046,-24.535449176499622,0.667214891566406,-16.581658047297175,-0.8978171202208787,-5.076718256070326,-0.56852922336597,1.328399364672116,0.7096117148128617,0.6847368380340466,0.47564653993809897,-3.996995377995672,-0.6565878488912136,-3.0613741559026475,-1.0001472120788746,-8.166453574740666,-1.6233830139887322,14.50001595618561,-1.0424800125288596,-5.18883355773169,-1.2622542217882133,4.253036260798669,-0.685532286198315,0.7926246350012824,-1.3560681703978104,-2.279035589281173
2025-06-17 00:00:00+00:00,2025-06-14 00:00:00+00:00,72,0.22064722561176386,35.753878051941015,-0.27217222123870055,1.0965465592500452,-0.2104483228654025,2.125040792747142,0.24725419586414116,-0.4820211165947904,-0.202085357840577,11.359909336564273,0.03391503251691864,2.9888037228189375,1.010252375213788,2.6812479155706526,0.9478839011857245,-8.989332374786786,-1.1512656963500638,2.046390730618838,-0.4270708284932459,-3.6738368779055284,-1.6233830139887322,10.475409297655617,-0.9074628544929432,-3.9012960302482886,-1.0438798394676427,5.682563244766857,0.01568237846681352,2.342657496073331,-1.3560681703978104,0.5063911765940843
2025-06-17 01:00:00+00:00,2025-06-15 01:00:00+00:00,48,0.874863709037915,151.9354739281525,-0.07772123922114546,4.819746843826842,0.4291030643818475,19.447154976469488,-0.3593556979280192,12.980800489468068,0.4273735625991375,16.49628260200649,0.6460635071837411,10.256246579819333,1.343104534943385,14.550464751816637,1.2229931222669066,5.747993882086873,-1.4115371642642232,13.048389762199118,0.23263338051811724,-1.8668141654801655,-1.6233830139887322,7.967469234746183,-0.36739422234927765,-2.2538215253033584,-0.8947117670801372,7.127725673923608,0.6427938308754667,2.541047180586288,-1.3560681703978104,-0.8943036576861241
2025-06-17 02:00:00+00:00,2025-06-15 02:00:00+00:00,48,1.4370809994822635,285.384994463204,0.055963810915923666,20.950080157169687,0.9952429110695882,41.470713083750326,-0.5460048960179147,14.109445718313745,0.9471762144463942,14.731670657779787,1.2580240708109414,10.682994376500664,1.4826876987009576,10.885203252073355,1.3943506906289083,11.240568502353607,-1.5566517670737676,13.417652863933757,0.8790102317716751,-1.1168462552877618,-1.6233830139887322,7.971930896584833,0.2819740139187012,-1.3242885555340318,-1.0438798394676427,7.617360462155761,1.1365763238878268,3.7826596369735475,-1.3560681703978104,-0.020674744938592907
2025-06-17 03:00:00+00:00,2025-06-15 03:00:00+00:00,48,1.8493736791414526,348.3935584353474,0.141036115548604,29.01245097395234,1.4182924668362515,46.15518128536791,-0.6859917945853363,12.616617977862019,1.3221900067929304,19.79807687657109,1.8453401764521034,10.870621266737736,1.6007965295727502,8.80420018150096,1.4947555158410186,9.817291993263693,-1.6373341084397237,20.3556855848898,1.4287637392811443,22.068135176246727,-1.6233830139887322,6.186191712117867,0.9056246962750769,2.072921981026935,-1.212500866754261,7.945250153234482,1.458043177997792,6.974819705705123,-1.3560681703978104,0.3280118949851098
2025-06-17 04:00:00+00:00,2025-06-15 04:00:00+00:00,48,2.081075350354881,397.3920641252114,0.1653424883007984,31.35407198564923,1.664656619900367,46.588382844001416,-0.8726409926752318,12.715741845912158,1.5265978084410068,24.541248318657075,2.2476166091578373,9.313795646622866,1.697431027558762,14.62097446496759,1.5529903144640425,9.332604030735741,-1.6878754062266113,15.195037759489866,1.8319163114547552,28.74784363382576,-1.6233830139887322,7.749087871201482,1.4360492457018912,9.027509769500844,-1.3231850447489248,9.010928391154838,1.583107263011257,8.90156767255292,-1.3560681703978104,0.2606669219353939
2025-06-17 05:00:00+00:00,2025-06-16 05:00:00+00:00,24,2.0878901053905703,395.47599410821977,0.20180204742908997,31.01073651287346,1.6783435172928178,46.75329154181552,-1.1526147898100751,12.956299836928617,1.5470918198041603,24.40335505785915,1.9622523279488928,9.308586926178709,1.826277024873445,15.108888732983864,1.5329093494216204,8.83242460384426,-1.6678148455212936,15.126539891887882,2.031826677821835,28.668297128738956,-1.6233830139887322,7.897961793333019,1.8057390831811861,10.114799462511641,-1.3374208877652598,9.583796061705515,1.5025982884166245,9.332114318058398,-1.3560681703978104,0.12735788136859327
2025-06-17 06:00:00+00:00,2025-06-16 06:00:00+00:00,24,1.9379654946054106,360.50004394935087,0.11672974279640963,27.63434564995651,1.5063241023376968,46.38960586801252,-1.3392639878999706,13.95877647585547,1.3815427929485566,19.949428437090713,1.3897601287981631,10.22153552468636,1.8155398584305547,13.848633441158775,1.5436191974442457,11.899756118993821,-1.67866134264853,14.744166225387582,2.0651450722163482,25.005576974707434,-1.6233830139887322,10.402495331921708,2.0179089029519117,7.721362655720225,-1.3085459368284618,6.674251895039618,1.2224157626241963,3.3777640737794568,-1.3560681703978104,-1.7378979123032936
2025-06-17 07:00:00+00:00,2025-06-16 07:00:00+00:00,24,1.559746590124667,299.426729448778,0.04381062453982647,20.40977982787125,1.1165585925026755,40.891880987859196,-1.3859262874224445,14.001649246821481,1.0419277475020132,15.75609454526642,0.779982536557988,9.769880838694796,1.8155398584305547,19.091122030600747,1.4545935857561745,10.076996776855497,-1.609970717857795,13.76863431260525,1.9185441368804899,17.421898396019365,-1.6233830139887322,7.7895618536297775,2.050055845341416,8.94567362826404,-1.3374208877652598,7.048324208169167,0.7634328145623783,0.32191678100206683,-1.3560681703978104,-1.075128579846022
2025-06-17 08:00:00+00:00,2025-06-16 08:00:00+00:00,24,1.0247883198230747,184.55022706666196,-0.07772123922114546,3.2156176706983994,0.574059750401895,18.95076880009158,-1.3392639878999706,13.593443906293993,0.5508699427615169,16.644787235579624,0.1669211614941184,3.90782681525968,1.772591192658994,17.459906078868496,1.305325078940837,14.703586954621828,-1.4890829944408204,11.283267148863155,1.5487099591013922,15.086341478810276,-1.6233830139887322,11.216805420865919,1.9086092988275987,9.15941081706806,-1.425431918522844,7.367026481316976,0.16132145273933776,0.7215750918077803,-1.3560681703978104,-1.2738541354373398
2025-06-17 09:00:00+00:00,2025-06-16 09:00:00+00:00,24,0.3705718363969235,39.46438779740041,-0.23571266211040898,0.2158505374697326,-0.06798016364398217,-2.5172013900202277,-1.1526147898100751,12.854766650562064,-0.05809496631504393,12.380395723842836,-0.43828392349847045,-2.524201562741796,1.697431027558762,15.896094613742726,1.031554588862483,-7.269744072603454,-1.2403923873713485,4.003520452555173,1.0256111671075336,-0.31350872200067403,-1.6233830139887322,8.307883961846443,1.5517782383041052,8.3451183156485,-1.4467225998135742,7.57740248079947,-0.5313925348973229,-2.6849202264921197,-1.3560681703978104,1.284675621068965
2025-06-17 09:00:00+00:00,2025-06-14 09:00:00+00:00,72,0.37738659143261255,39.81711068742461,-0.22355947573431179,0.12282052709205721,-0.06300311004672723,-2.517921826484777,-1.0592901907651273,13.061382845008039,-0.05809496631504393,12.595929440257395,-0.43828392349847045,-2.4036533303481247,1.7511168597732132,15.80029854232851,1.0379135611259167,-7.269748212420713,-1.2308732129859217,3.0577262197937127,1.0256111671075336,-0.29783476394395275,-1.6233830139887322,8.35462607856141,1.5517782383041052,8.202827306364721,-1.4467225998135742,7.700424640964647,-0.5313925348973229,-2.684230379672249,-1.3560681703978104,1.2709458420912514
2025-06-17 10:00:00+00:00,2025-06-14 10:00:00+00:00,72,-0.3211257997255175,-91.47610255160218,-0.49092957600845005,3.04588808509566,-0.7059762216420898,-29.240721236585927,-0.7326540941078102,10.294174446928457,-0.7431804890261752,2.467027195258046,-1.0268944548733372,-14.868169760147763,1.6115336960156406,7.8143357072041,0.5793981926572797,-3.4041664843303483,-0.7696677129766776,-4.068512686138267,0.39256167361178107,-2.7140703921797225,-1.6233830139887322,13.223551844576738,1.047071242788894,3.2548054386906187,-1.556591987250328,5.87688093539821,-1.2272902652498836,-6.350641737813111,-1.3560681703978104,-2.1403676362683166
2025-06-17 11:00:00+00:00,2025-06-14 11:00:00+00:00,72,-0.9480832630089123,-203.86738624097026,-0.928444285547949,-19.281266802720133,-1.0988523899753957,-35.96560540588855,-0.3593556979280192,7.747455801508965,-1.458075482810984,-39.98163180541762,-1.5809629677178636,-16.49784643089943,1.3216302020576043,8.733715242188808,-0.2911116419317169,-2.8898216829408887,0.30705240132748873,-4.159587671207739,-0.2904654114757414,-4.197151538797154,-1.6233830139887322,8.990202311350606,0.4362793373883199,-2.8924214155378407,-1.436296118984745,4.220333314354933,-1.6470175970970302,-12.102919978783852,-1.3560681703978104,-2.9872366722767443
2025-06-17 22:00:00+00:00,2025-06-14 22:00:00+00:00,72,-1.0639340986156267,-177.63603025207223,-1.062129335685018,-30.085325535156784,-1.1321364359070374,-31.654158746048097,0.667214891566406,-21.444268682486207,-1.6127121140056877,-32.73577479007776,-1.1535940549231534,-14.458255434493243,0.7955090463559835,2.239622595975376,-0.7663611479357056,-7.198550370852375,-0.022358904336968716,-5.344417403812745,-1.1400844685358305,-7.188251811277334,0.713892426257014,-0.7527824676182291,-1.0424800125288596,-3.7595830771185565,-1.1031638329891627,3.24649701422975,-1.3635842558655367,-11.149009336425044,-1.362732282422035,8.191801229063882
2025-06-17 23:00:00+00:00,2025-06-14 23:00:00+00:00,72,-0.7061594592419502,-129.7410327095057,-0.3693977122474781,10.170116461612194,-0.8860833486927503,-24.2541580010362,0.43390339395403665,-10.189171328074837,-0.8996802121629837,-6.7394767856051345,-0.5701436179745597,-0.8682818690913314,0.9458293765564465,3.6630292414378354,-0.5521641874832036,-7.762910089050027,1.1465455120304668,-6.571688417519719,-1.016806409276131,-8.358525488130063,0.713892426257014,0.3612545218874386,-1.0424800125288596,-4.706845681153143,-1.3512491295017788,3.8551977933790584,-0.6893529554656903,-4.0432894975583205,-1.362732282422035,12.699645341448008
2025-06-18 00:00:00+00:00,2025-06-16 00:00:00+00:00,48,0.14568492021918406,-7.524673102178768,0.09242337004421525,13.971409618608241,-0.23782211765030428,1.0331444304186108,0.060604997774245654,12.81449144896245,-0.20394844978268198,10.802404661502516,0.03219216339876251,2.6116769603044814,1.1176240396426902,3.345997956806751,0.5921161371841468,-13.880144103157761,-0.5357160426405373,-9.707230232335647,-0.5670080849502017,-3.0704062852433047,-0.21605801415906536,6.198916920466965,-0.913892242970844,-4.164057686024754,-1.043879839467643,6.042766709991779,0.011495486718281281,2.484463063834957,-1.362732282422035,13.020630941902233
2025-06-18 01:00:00+00:00,2025-06-16 01:00:00+00:00,48,0.7487907408776671,104.66969193927869,0.7486954343534636,43.85152004842798,0.3544472604230244,18.380387789249017,-0.21936879936059758,25.982672046522158,0.4252443146653035,17.82164359358556,0.6442926704041202,11.932994617829541,1.343104534943385,19.424216447984065,0.6958677899033274,-12.093764914288798,-0.49902761647559873,-8.605598978596916,0.16599659172909068,-3.792175889145622,0.31091390207671293,9.009951654677579,-0.4895526034293925,-4.67171789257132,-1.1031638329891627,14.337632582845288,0.6386346918092047,3.759328631382929,-1.362732282422035,12.668867228234904
2025-06-18 02:00:00+00:00,2025-06-16 02:00:00+00:00,48,1.1951571957153015,219.19445963912773,1.720950344441239,37.56355194092161,0.8135804547697854,28.58259361307419,-0.4993425964954408,32.805138424479345,0.9453131225042892,16.210016173068606,1.2563054156246733,14.582299649481257,1.5363735309154087,17.023503288917002,0.5385668970710212,-8.095682074312746,-0.08278280285273469,-7.915857088897633,0.7557321725119759,-0.5178998795871284,0.8564848271208129,-6.555961712871507,0.21768012913969337,-4.231756207958336,-1.3776660857121874,16.803466845486984,1.1327254406847314,5.457951591454685,-1.362732282422035,10.480929909293463
2025-06-18 03:00:00+00:00,2025-06-16 03:00:00+00:00,48,1.668782670695692,333.704828606062,1.720950344441239,38.90287439277031,1.2668033979698066,36.4664194035345,-0.779316393630284,28.898506092952747,1.3208592268342843,19.837734604270246,1.8439842497341388,14.104576282053669,1.6866938611158717,26.03993475071195,0.8284021591833131,-6.295256226684207,-0.49271149043666135,-6.395537265543841,1.1922031390801,8.001178780577595,0.8564848271208129,-4.66862490069718,0.7866810094339125,1.6382698133334708,-1.466249832844845,12.683892573534987,1.4547130573566445,4.584541465298043,-1.362732282422035,11.691905750339323
2025-06-18 04:00:00+00:00,2025-06-16 04:00:00+00:00,48,1.9072990969448098,347.94453004975975,1.7817162763217251,38.875554556518125,1.508501563286496,42.18915260643223,-0.9659655917201796,25.62978522091077,1.525799340465819,21.812365804578466,2.2483555682891674,11.966376577971646,1.7833283591018843,27.023773819066808,0.9227826948826969,-13.083594763296848,-0.6131141882723978,-5.2895712157763795,1.6553288211638348,21.272949208421462,0.8564848271208129,-4.860204361213409,1.2078059547364135,4.9795582742279585,-1.5452023482721045,13.8368821241061,1.5804537026307854,5.836134543149467,-1.362732282422035,11.931361474726273
2025-06-18 05:00:00+00:00,2025-06-17 05:00:00+00:00,24,2.074260595319192,383.8948495487739,0.32333391119006194,33.971384726097156,1.6655898174498525,46.77942982039189,-0.9193032921977057,12.078916200832358,1.5468256638124307,22.342099589307562,1.9648389698466386,9.338934078245979,1.772591192658994,16.20242530554051,1.4847150333198076,6.778440177318817,-1.5909051288262424,12.273813428986983,2.021831159503481,25.790215231449835,0.13112348359627093,0.19893846598887918,1.5839251806936092,9.922693105276139,-1.5203842309175024,9.913389530602736,1.5007213486699766,7.365994210127132,-1.362732282422035,7.9931019061716615
2025-06-18 06:00:00+00:00,2025-06-17 06:00:00+00:00,24,1.7982630163737845,331.5209298024162,1.1619037711407683,42.640825160999114,1.3868748160035802,43.29715053244672,-0.779316393630284,22.380561828947602,1.3820751049320155,19.507592092525044,1.3924153682298037,12.07906592709478,1.7189053604445428,25.97128560839533,1.0887853392333862,-16.8889798777935,-0.9499631063077177,-6.208155340510926,2.0518177144585428,20.266853760341625,0.08772579637685389,7.949647422663087,2.008264820235061,8.228118331797354,-1.5140238468376905,11.743001659207497,1.2213595056915754,4.839898537802388,-1.362732282422035,10.392545407108233
2025-06-18 07:00:00+00:00,2025-06-17 07:00:00+00:00,24,1.4643400196250198,271.3026705287946,0.6150103842163945,34.246708795971536,1.0419027885438525,37.86227764555542,-0.779316393630284,19.180843433644228,1.04299237146893,16.431031448800336,0.782630022673354,10.589538684197251,1.7403796933303228,31.857220796071523,1.1543831583719646,-6.200499939096733,-1.15285293277276,-12.483709001811746,1.7819387198629852,12.742758504692924,-0.09206462210358812,5.435501273327124,2.0371970683856144,7.5743020826493055,-1.5582552978962956,10.650747183274664,0.7631877692352442,0.39248413510830993,-1.362732282422035,10.953501668722016
2025-06-18 08:00:00+00:00,2025-06-17 08:00:00+00:00,24,0.6976800781099991,99.53620110816121,1.5508057351758784,41.210224474823335,0.3556915238223382,20.081565583495777,-0.779316393630284,26.965286526311182,0.5527330347036219,18.11560492205768,0.1695640365715544,5.215284869013813,1.7189053604445428,36.73933070313669,0.2045535118654011,-11.267380938505958,0.39208918489200767,-7.697010944905841,1.455418454796755,14.4286670089033,0.4969039901599288,1.1920346448646484,1.7768068350306327,8.123816460856096,-1.5411751763040396,19.46293872525938,0.16183117672006778,1.9132097450749892,-1.362732282422035,15.29450849618134
2025-06-18 09:00:00+00:00,2025-06-17 09:00:00+00:00,24,-0.6107528887423032,-135.52567247171183,-0.11418079834943705,16.890926727847518,-0.7311725554781926,-31.606423235177306,-0.3593556979280192,18.103941290104817,-0.0556995623894806,44.15532215032025,-0.43564844902704686,-0.843468438632763,1.5685850302440798,25.474513665672077,-0.8594029526322613,-4.999944843865987,1.4027506759197497,-3.735869016230776,0.7057545809202059,3.458136441261532,0.6332967214209537,4.07856046868223,1.4617667996134944,23.329329576020747,-1.5072020665059378,7.406116611973233,-0.5302267884827296,0.854543190479184,-1.362732282422035,16.217225087277225
2025-06-18 09:00:00+00:00,2025-06-15 09:00:00+00:00,72,0.3058316635578773,18.659254126264187,0.055963810915923666,15.289829780814122,-0.09722035352785442,0.6244739664379922,-1.0592901907651273,16.601681395031495,-0.0556995623894806,12.667123346026454,-0.43564844902704686,-2.766058051291395,1.8155398584305547,24.92922526307265,0.7557760022798868,-11.293565930219398,-0.8000481206527756,-10.047501582582578,0.7524003330725246,-0.4109092254227327,0.7200920958597878,1.1583665472320388,1.2720998395154213,5.210444722017471,-1.556591987250328,12.48297329326579,-0.5302267884827296,-5.038419499024066,-1.362732282422035,16.480250556700806
2025-06-18 10:00:00+00:00,2025-06-15 10:00:00+00:00,72,-0.3551995749039629,-100.87234527733925,-0.39370408499967247,6.921954870267268,-0.7090868801403741,-27.7439896477023,-0.779316393630284,11.653675218117064,-0.7405189291088825,-1.7949836857622923,-1.0242839694436787,-12.451980871332779,1.6652195282300917,13.03053258853974,0.39431863151628976,-3.2708830753709806,-0.46774027995516404,-3.914600612833082,0.32259304538330313,-2.8220688826800817,0.6270970518181799,-0.8317949129620609,0.783466315194962,2.0218321923069795,-1.5582552978962956,6.520957591396305,-1.2256953704124331,-5.992865392231577,-1.362732282422035,11.956974229381885
2025-06-18 11:00:00+00:00,2025-06-15 11:00:00+00:00,72,-0.9991939257765804,-209.59892081015403,-0.928444285547949,-17.168495980259188,-1.0994745216750526,-36.783079185161604,-0.4060179974504931,8.757260114620406,-1.4548816109102327,-40.25813752841066,-1.578564218184678,-16.713120988196874,1.396790367157836,9.429874260996442,-0.6636135434686461,-4.896882460943347,1.0742362314867235,-5.213549609853877,-0.32378380587025474,-3.851081426566503,0.6270970518181799,1.0658987223511942,0.3687707583703617,-2.7079645812675555,-0.8033284759463017,5.198758469364186,-1.6467787776277671,-13.001947098926044,-1.362732282422035,7.579013961221587
2025-06-18 22:00:00+00:00,2025-06-15 22:00:00+00:00,72,-1.1388964040082064,-177.66846474224653,-1.18366119944599,-52.90126116420254,-1.1619987574905668,-33.293890248833165,0.4805656934765105,-14.822905094962325,-1.6145752059477927,-31.135849079672845,-1.155215203917415,-12.833249172225303,0.9028807107848857,1.9384213340291705,-1.120790180934455,-6.423629986137499,-0.022358904336968716,-4.996627215670279,-1.1400844685358305,-7.497736806798138,0.8564848271208129,-4.767696896925725,-1.0424800125288596,-3.603660506769176,-1.551842928354837,3.9641258945355564,-1.3663286155457761,-9.642924420599382,-1.3689648148928395,5.596661929801635
2025-06-18 23:00:00+00:00,2025-06-16 23:00:00+00:00,48,-1.0434898335085594,-161.01389744286942,-0.9649038446762406,-25.07156499364985,-1.0895204144805428,-28.569488205024086,0.8538640896563015,-22.34324045630376,-0.9018094600968177,-10.241977826214002,-0.5719150760671481,1.6519948858813416,0.8921435443419954,10.056880951302846,-1.131165346206373,-8.432866204602036,-0.022358904336968716,-5.24137597101415,-1.0934387163835118,-7.51661749699421,0.8564848271208129,-6.671303423977548,-1.0424800125288596,-5.308640543125732,-1.5203842309175024,3.870100623848185,-0.6933467089407921,2.8158738933371357,-1.3689648148928395,4.4838697156688205
2025-06-19 00:00:00+00:00,2025-06-17 00:00:00+00:00,48,-0.7572701220096183,-117.60779851990782,-0.3693977122474781,15.869695662993086,-0.8506218418123093,-24.496452126851878,0.5272279929989844,-9.413549364620495,-0.20634385370824532,34.138577787680546,0.030326010932897364,6.181650126581626,0.9565665429993369,11.466055152085453,-0.9698482603655826,-6.9181249691572235,1.583984025018355,-9.197063744476296,-0.9968153726394232,-9.436263898402162,0.8564848271208129,-8.216083297447474,-0.9974742931835542,-7.148550622487074,-1.551842928354837,5.424997070486293,0.007168879265899796,2.9156807842208665,-1.3689648148928395,9.78580849590904
2025-06-19 01:00:00+00:00,2025-06-17 01:00:00+00:00,48,0.28198002093296554,32.17422052237176,1.4414270577910038,38.90890291282001,0.015696549959865316,2.7631680230822466,-0.07938190079317597,22.05131732100537,0.4231150667314692,15.798410896960194,0.6423843425481267,11.56756646173644,1.2249957040715924,21.083765894870297,-0.28006711115838473,-6.738724613890869,1.0788739540870895,-13.467951269044887,-0.7169408597255116,-8.38234978628745,0.8564848271208129,-7.5776336873574435,-0.9042481602539928,-4.646918706200472,-1.4467225998135742,20.3793928169036,0.6343723007449447,4.013319402911944,-1.3689648148928395,7.469070539849535
2025-06-19 02:00:00+00:00,2025-06-17 02:00:00+00:00,48,0.8135309137167133,113.18220094569487,2.401528781502682,40.769113245123954,0.5062473951392977,19.273164804580784,-0.3593556979280192,27.691321682378817,0.9434500305621848,17.1653167597131,1.2544398871473175,14.392101566598408,1.3538417013862751,25.658837314513814,-0.15322234864041856,-11.795826071407,1.0563478728853088,-11.389152854661106,0.29927016930714384,-5.7590269291827685,0.8564848271208129,-5.182814768978764,-0.63421384418216,-5.037097419167918,-1.4662498328448452,21.77325975217527,1.1288022928083845,6.820144679625104,-1.3689648148928395,7.899520855769649
2025-06-19 03:00:00+00:00,2025-06-17 03:00:00+00:00,48,-0.07579461844071086,-13.837157069658936,1.0646782801319907,46.65058797626837,-0.22724587875613775,2.221788297647623,-0.31269339840554533,20.60583013804478,1.3195284468756379,20.792567475573524,1.8424302292608636,18.011955686031648,1.2786815362860435,20.743102354822472,-0.8399913530912532,-15.205646681349732,1.581620103132335,-10.891280923280396,0.8190371218615512,-2.0883531861205222,0.8564848271208129,-4.087901656337588,0.34626789869770896,-4.742326343317131,-1.4921827689208964,18.536124437365668,1.4513323615590294,8.011630183967265,-1.3689648148928395,6.937561099349843
2025-06-19 04:00:00+00:00,2025-06-18 04:00:00+00:00,24,-0.869713580098488,-118.73804143899457,-0.5030827623845472,11.740465986386916,-0.9084800898803972,-24.93397965951896,0.8538640896563015,-28.11310116412477,1.5250008724906314,42.938218346529446,2.2487504038105475,24.96991149908626,0.7310860476986419,17.885483791381848,-1.2255458819057568,-8.554764377661812,2.2171881651047287,-6.427686553145604,-0.9368422627292993,-8.233508787366858,0.8564848271208129,-10.294889713610026,-0.43811749560618624,-8.906673356327374,-1.551842928354837,7.2932432449825555,1.5777598787949425,9.197399470707241,-1.3689648148928395,6.050382679947264
2025-06-19 05:00:00+00:00,2025-06-18 05:00:00+00:00,24,-1.009416058330114,-136.6565800335645,-0.7947592354108799,-2.787449334772149,-1.029484705463656,-27.623218309907458,1.1338378867911447,-33.553406326874835,1.5468256638124307,47.86869096947138,1.9672248619011128,21.145775348912974,0.6559258825984104,22.429549862372134,-1.2841153632794877,-8.112960678637567,2.7351534518180127,-5.284970255624563,-0.8268915612274054,-6.305243059797101,0.8564848271208129,-9.39522401636174,-0.8463836639528858,-7.9256354109429195,-1.5411751763040396,6.245708317343346,1.4988021447315762,13.426800087975385,-1.3689648148928395,6.192267225847002
2025-06-19 06:00:00+00:00,2025-06-18 06:00:00+00:00,24,-0.6584561739921267,-115.62701556511219,-0.07772123922114546,18.943437566452808,-0.7274397652802514,-29.031847055250925,0.24725419586414116,0.7702555619344683,1.382607416915474,48.17608643178313,1.3949390310491252,23.21511799415354,0.9565665429993369,10.505797452168279,-1.1244716911922326,-7.552783118038442,1.8929726443975947,-5.978247932727922,-0.9634969782449099,-8.583061758947794,0.8564848271208129,-9.912559843036608,-0.7402987540675229,-9.806004693273655,-1.483989826691148,6.429954890694375,1.2202468414392798,9.22996262760216,-1.3689648148928395,12.086744857147613
2025-06-19 07:00:00+00:00,2025-06-18 07:00:00+00:00,24,-0.6652709290278158,-107.4246921402053,-0.11418079834943705,18.54204594964152,-0.7386381358740749,-29.076601602805464,0.38724109443156274,-10.713533326388472,1.0443231514275764,42.042318028598366,0.7851602448104461,18.654474862916693,0.9028807107848857,9.729776420085328,-1.0973623883849626,-7.443340501466221,1.8141637918179387,-6.845472736706539,-0.620317515981423,-5.466456851320363,0.8564848271208129,-12.438749165801198,-0.8721012178644889,-10.798092786155678,-1.4753446368629408,6.970302389296317,0.7628612724986089,6.1242656824869846,-1.3689648148928395,11.235703119040856
2025-06-19 08:00:00+00:00,2025-06-18 08:00:00+00:00,24,-1.0775636086870048,-147.5245013313754,-0.989210217428435,-29.3091601625163,-1.0913868095795134,-27.81392238858669,0.5738902925214583,-17.304126261426116,0.5543299706539976,35.33734777860314,0.1720856907708109,12.287234237650798,0.784771879913093,14.861041442713514,-1.2854540942823158,-7.5123388530988455,-0.022358904336968716,-5.70627789956083,-0.6269811948603257,-5.043081411042779,0.8564848271208129,-12.231723130689852,-0.5409877112525987,-7.345032594746045,-1.4753446368629408,4.87896048347593,0.16222612918128193,8.80936449951348,-1.3689648148928395,4.788776525822123
2025-06-19 08:00:00+00:00,2025-06-16 08:00:00+00:00,72,-1.0775636086870048,-140.3441619210888,-0.989210217428435,-23.757487773129558,-1.0913868095795134,-26.639213445144136,0.667214891566406,-20.98186576579905,0.5543299706539976,37.48744793891232,0.1720856907708109,13.504091121511582,0.8169833792417639,18.479526806745714,-1.2854540942823158,-6.570927048338424,-0.022358904336968716,-5.79623688667983,-0.8802009922586267,-6.903802652162508,0.8564848271208129,-9.608314369399785,-0.4413321898451366,-7.217981449722503,-0.2971796935118468,0.7584760445264984,0.16222612918128193,10.129785712420977,-1.3689648148928395,3.4153112187824863
2025-06-19 09:00:00+00:00,2025-06-16 09:00:00+00:00,72,-1.1048226288297611,-145.3310041077169,-1.062129335685018,-33.76271273064244,-1.116583143415616,-26.837195184301954,0.7605394906113537,-20.1344885667411,-0.05330415846391727,27.10625419070691,-0.4331472306713333,4.527344758563951,0.7740347134702031,14.873947171505305,-1.2841153632794877,-8.330826839326964,-0.022358904336968716,-6.571481290377904,-1.0301337670339366,-7.815615717413782,0.8564848271208129,-8.716301071770008,-0.7917338618907291,-6.825071698341793,-0.10820655599122846,0.10944417771478016,-0.5292117639799501,3.104212073066095,-1.3689648148928395,2.937920293647143
2025-06-19 10:00:00+00:00,2025-06-16 10:00:00+00:00,72,-1.1559332915974292,-157.93390207656867,-1.1958143858220873,-57.78889961928111,-1.1607544940912529,-30.432895608816494,0.7605394906113537,-22.529916193647566,-0.7378573691915898,13.694579986640214,-1.0218267021837333,-8.201682937368679,0.7418232141415324,3.167246473987932,-1.2981720388091833,-6.912407137605496,-0.022358904336968716,-5.5304729531191,-1.056788482549547,-7.036574989624962,0.8564848271208129,-6.543297799221728,-0.9363951026434967,-4.574444907259727,-0.5075500415037004,2.290073607372472,-1.2242683325881782,-7.584928788634845,-1.3689648148928395,3.1580819019152333
2025-06-19 11:00:00+00:00,2025-06-16 11:00:00+00:00,72,-1.1661554241509626,-174.67519648137127,-1.2201207585742817,-54.53063386029075,-1.171019667135591,-32.68607380489426,0.667214891566406,-22.108062813803638,-1.45222005099294,-25.990109328068026,-1.5763284035845457,-13.552829475844742,0.7418232141415324,2.2580102382868708,-1.2790951220188824,-6.548871283257287,-0.022358904336968716,-5.331351760154847,-1.106766074141317,-5.961360441757923,0.8564848271208129,-3.90382707725649,-0.9621126565550998,-2.807536618526031,-0.6590533974253011,2.498353247140242,-1.6465524870413804,-9.495870383482544,-1.3689648148928395,2.919663954913048
2025-06-19 22:00:00+00:00,2025-06-16 22:00:00+00:00,72,-1.18659968925803,-167.9444563529082,-1.2687335040786705,-54.000559021693014,-1.1831512352789,-32.12840069175992,1.5537985824934095,-34.325067529931644,-1.6167044538816266,-24.614719252847667,-1.1570090602469223,-8.630320759321473,0.49486838595505717,-2.502856559152453,-1.3282934863728164,-8.021352403654037,-0.022358904336968716,-5.638495246263708,-1.1400844685358305,-6.409852396849531,0.8564848271208129,-4.5679819262618135,-1.0424800125288596,-2.8274122330801625,-1.5317132017188122,3.3028721202729177,-1.3692336517184056,-6.847969552818417,-1.3747639235035942,1.0884776701134133
2025-06-19 23:00:00+00:00,2025-06-17 23:00:00+00:00,48,-1.1457111590438955,-156.62211744435282,-1.1593548266937956,-46.96230875111507,-1.1529778478455421,-30.965438906628044,1.5537985824934095,-38.21625723519777,-0.9042048640223812,-6.08023994138869,-0.5738401219950822,1.3682974056585453,0.4519197201834964,-3.8542170312145796,-1.293486480299285,-9.014234531782353,-0.022358904336968716,-5.504256649955244,-1.1300889502174765,-8.258719824356108,0.8564848271208129,-6.675583460018797,-1.0424800125288596,-6.67242910178864,-1.5603947090692205,3.9222432406070906,-0.6975090369087669,2.0662639321102056,-1.3747639235035942,0.1332030724468682
2025-06-20 00:00:00+00:00,2025-06-18 00:00:00+00:00,48,-1.1627480466331181,-150.58366309537644,-1.1958143858220873,-53.96188031859142,-1.1632430208898803,-30.121598321162168,1.6004608820158834,-39.64244296292403,-0.20873925763380866,16.75911097654791,0.028320320021236862,5.865263340972877,0.3874967215261549,-3.7466028307002546,-1.3212651486079685,-8.692044042969117,-0.022358904336968716,-6.381911312404988,-1.096770555822963,-8.270270062063027,0.8564848271208129,-6.224703979653814,-1.0328359298120084,-7.140464402882819,-1.5411751763040396,3.827466042537243,0.0027066857027745537,3.2157049777295534,-1.3747639235035942,-0.17586629527312686
2025-06-20 01:00:00+00:00,2025-06-18 01:00:00+00:00,48,-1.1661554241509626,-143.19714877415612,-1.1958143858220873,-51.393380166872696,-1.1654204818386793,-28.82387505688718,1.6471231815383574,-41.52110713993312,0.4209858187976352,33.3228848245921,0.6403425417962394,14.22081837831127,0.3767595550832649,-3.367534800733751,-1.3282934863728164,-8.518311977398781,-0.022358904336968716,-6.358760404196703,-1.1134297530202197,-9.46650980355595,0.8564848271208129,-6.712498004369046,-1.0006889874225045,-6.664195387306472,-1.5544543136844833,3.911924275987365,0.630010197057972,5.119458277544016,-1.3747639235035942,-0.6783464140146382
2025-06-20 02:00:00+00:00,2025-06-18 02:00:00+00:00,48,-1.1218595164189837,-144.68961577033528,-1.062129335685018,-30.86184367181327,-1.127470448159611,-28.0450785463041,1.5537985824934095,-46.45795368567935,0.9415869386200798,32.05559456167783,1.2524318575009585,17.704381575789714,0.4197082208548257,-4.047470792206032,-1.3199264176051404,-9.110941981364238,-0.022358904336968716,-6.464555955396658,-1.116761592459671,-11.457530844874235,0.8564848271208129,-7.968025783194971,-1.0167624586172566,-6.659725943134951,-1.556591987250328,4.185644838867436,1.1248095887636174,6.711049056415511,-1.3747639235035942,-0.5820923100093934
2025-06-20 03:00:00+00:00,2025-06-18 03:00:00+00:00,48,-1.0503045885442486,-146.51703747172397,-0.9041379127957546,-18.564755855732926,-1.0655683440437538,-29.04985193814691,1.5071362829709358,-46.8136806334614,1.3179315109252618,35.09267323100572,1.8406830771652294,15.752388159057443,0.4626568866263864,-3.6234785180287323,-1.2918130665457497,-9.890541788102313,-0.022358904336968716,-6.651970108079281,-1.0734476797468038,-10.600753263302716,0.8564848271208129,-8.948175072782224,-1.019977152856207,-8.20738593931708,-1.4467225998135742,4.685555335371388,1.447902772387067,9.418700356769104,-1.3747639235035942,0.6097921339713608
2025-06-20 04:00:00+00:00,2025-06-19 04:00:00+00:00,24,-0.9276389979018451,-139.38810386293991,-0.6246146261455192,6.916132699116177,-0.958561691702774,-23.876439956155913,1.413811683925988,-48.50333498734952,1.5242024045154432,37.43520260313316,2.2488021835174328,16.360619360492564,0.5700285510552886,-3.8015340452279047,-1.2493083572059562,-9.884167035673972,2.3605718363702213,-6.613993327040746,-1.0301337670339366,-10.94232439671417,0.8564848271208129,-9.733980331308631,-0.9235363256876952,-7.74500411075195,-1.3512491295017786,6.590652883448879,1.5750263200863335,8.613219416357545,-1.3747639235035942,1.0670121630935991
2025-06-20 05:00:00+00:00,2025-06-19 05:00:00+00:00,24,-0.965120150598135,-138.98111005059422,-0.7218401171542967,0.8636465816490718,-0.9909125400849308,-25.19668988135005,1.460473983448462,-49.77205443070456,1.5465595078207017,39.62982728326339,1.9694057286795215,16.46526821163939,0.5700285510552886,0.5146597382935784,-1.2603528879792882,-9.925650450665714,2.3302158338950947,-6.9746075961927225,-0.8835328316980781,-8.14492627475796,0.8564848271208129,-9.992504815936709,-0.9363951026434967,-7.8653914823890725,-1.3646655577420912,5.877589511260321,1.4968400073368913,9.846550557536544,-1.3747639235035942,0.017570292059436356
2025-06-20 06:00:00+00:00,2025-06-19 06:00:00+00:00,24,-1.1320816489725174,-137.91951383373967,-1.0985888948133098,-38.0584115669612,-1.1358692261049785,-26.290756930504116,1.460473983448462,-48.27544924208985,1.383139728898932,42.82140298247657,1.3973272155262857,22.78657393283771,0.5592913846123987,5.071593280215775,-1.3212651486079685,-8.108064927252018,-0.022358904336968716,-6.6823693639874495,-0.9201830655320427,-6.767251111918517,0.8564848271208129,-6.6026678863413775,-0.7949485561296795,-7.263359578808795,-1.5603947090692205,3.625035541491853,1.2190759472402029,7.914694145992533,-1.3747639235035942,-1.0856141808478703
2025-06-20 07:00:00+00:00,2025-06-19 07:00:00+00:00,24,-1.1320816489725174,-141.61113562306383,-1.0985888948133098,-39.730250161133576,-1.1361802919548072,-27.317097747884613,1.6004608820158834,-47.475098671834395,1.0453877753944936,33.488544882640944,0.7875693608378075,19.805945168931526,0.5378170517266183,-2.8977261998841355,-1.3202611003558475,-8.17048586264083,-0.022358904336968716,-6.741777690814387,-1.0834431980651578,-9.560315253985214,0.8564848271208129,-8.005563836569351,-0.8303101927581339,-6.196291397063133,-1.4467225998135742,3.0690701243835505,0.7624504868737135,5.508214146144601,-1.3747639235035942,-0.409828897729312
2025-06-20 07:00:00+00:00,2025-06-17 07:00:00+00:00,72,-1.060526721097782,-144.6534093545746,-0.928444285547949,-17.166635051255586,-1.0749003195386067,-28.82349397528103,1.6471231815383574,-49.33514459041774,1.0453877753944936,32.73002533477739,0.7875693608378075,15.895921323397173,0.48413121951216714,-4.6769397140394515,-1.2924824320471637,-9.833116539409918,-0.022358904336968716,-6.683682853600634,-1.0534566431100958,-9.448764819253698,0.8564848271208129,-10.989925563647194,-1.0006889874225045,-7.607872348267945,-1.551842928354837,4.919267115938278,0.7624504868737135,5.624897033811754,-1.3747639235035942,-0.7320371715076279
2025-06-20 08:00:00+00:00,2025-06-17 08:00:00+00:00,72,-1.1661554241509626,-141.96718233295408,-1.2079675721981844,-50.90021584811102,-1.165731547688508,-29.01378306851309,1.6004608820158834,-39.95084849121894,0.5561930625961022,33.57356499187369,0.17448230991186697,12.009564935246425,0.48413121951216714,-2.4529626154318436,-1.323607927862918,-8.58153592740223,-0.022358904336968716,-6.3822432901270485,-1.0134745698366798,-6.102369332324664,0.8564848271208129,-6.396158632647905,-0.9588979623161494,-5.798043197913244,-1.5582552978962956,3.8884872599267077,0.16250269764183362,5.326239838581326,-1.3747639235035942,-0.44180732321764654
2025-06-20 09:00:00+00:00,2025-06-17 09:00:00+00:00,72,-1.1627480466331181,-147.76849065104363,-1.1958143858220873,-49.673672803274975,-1.162931955040052,-29.642269622818063,1.5537985824934095,-39.70568949556058,-0.051174910530082954,23.440529237992532,-0.43078402598457066,2.536481032035877,0.49486838595505717,-3.788674986154499,-1.3219345141093828,-8.889651657706839,-0.022358904336968716,-6.394986826054386,-1.116761592459671,-8.76022055695952,0.8564848271208129,-6.435481731989848,-0.9203216314487448,-5.426373314933658,-1.5366783375260578,3.6609505321499394,-0.5283514751202542,1.949203367880847,-1.3747639235035942,-0.28908932445097896
2025-06-20 10:00:00+00:00,2025-06-17 10:00:00+00:00,72,-1.1593406691152737,-152.78213763824965,-1.1958143858220873,-51.63562068116325,-1.162309823340395,-30.11317116398609,1.5537985824934095,-36.930110879971195,-0.7351958092742972,16.197227541071094,-1.01952630454755,-4.964879799436279,0.4733940530692768,-1.8070440249482769,-1.3082125213303943,-8.053019056352818,-0.022358904336968716,-5.935518258998546,-1.1134297530202197,-8.458022201025402,0.8564848271208129,-6.912685353370332,-1.019977152856207,-4.1215773210040565,-1.5072020665059378,3.52710039422141,-1.2230129955608764,-5.361134961212577,-1.3747639235035942,-0.053103134341851474
2025-06-20 11:00:00+00:00,2025-06-17 11:00:00+00:00,72,-1.18659968925803,-167.2737430715807,-1.2687335040786705,-48.930280010180546,-1.1831512352789,-32.47817302444873,1.5537985824934095,-34.28350920329799,-1.4492923350839184,-22.885213087107925,-1.5742595834616986,-10.160563796815692,0.4519197201834964,-2.4749768140211406,-1.3282934863728164,-7.854430136447473,-0.022358904336968716,-5.693586479990609,-1.1100979135807685,-5.785698895210561,0.8564848271208129,-4.333019830120171,-1.0167624586172566,-2.499476700378293,-1.499920967902617,3.155392430464187,-1.6463412811411557,-7.34055866603837,-1.3747639235035942,0.6361198240192363
2025-06-20 22:00:00+00:00,2025-06-18 22:00:00+00:00,48,-1.18659968925803,-167.97301661569267,-1.2687335040786705,-53.686223680623975,-1.1831512352789,-32.13786851934546,1.6004608820158834,-34.73483459701635,-1.61909985780719,-23.856714611815523,-1.1589721405079638,-8.49440824781559,0.48413121951216714,-2.5497377878399563,-1.3282934863728164,-8.021447579212303,-0.022358904336968716,-5.643676015817613,-1.1400844685358305,-6.375576429473655,0.8564848271208129,-4.483914258760719,-1.0424800125288596,-2.8282344128702355,-0.6836449719951653,2.7392174580766153,-1.37229396238943,-6.764161817594094,-1.3801278922047626,0.942543693325613
2025-06-20 23:00:00+00:00,2025-06-18 23:00:00+00:00,48,-1.1593406691152737,-156.3473433623102,-1.2079675721981844,-53.552459013796835,-1.1647983501390224,-30.382656589518312,1.5071362829709358,-35.92292848609372,-0.9068664239396739,-3.7155727008098856,-0.5759149979592711,1.7363449709211236,0.44118255374060605,-3.644686218630567,-1.2931517975485778,-9.230293490497392,-0.022358904336968716,-5.266647033584832,-1.136752629096379,-7.1950121520276,0.8564848271208129,-6.115952227424418,-1.0424800125288596,-6.2708966461197235,0.3518566090111809,-1.7350191159195234,-0.7018351109313901,2.549700462311129,-1.3801278922047626,1.0597925148110359
2025-06-21 00:00:00+00:00,2025-06-19 00:00:00+00:00,48,-1.1763775567044963,-151.25308137691806,-1.244427131326476,-62.38423593007037,-1.1750635231833606,-30.611121084755613,1.7404477805833052,-40.592208918525415,-0.21140081755110132,16.633676174909347,0.02617908568866359,5.65974329213784,0.4519197201834964,-3.402959843262454,-1.3212651486079685,-8.36129315810832,-0.022358904336968716,-6.592703987777006,-1.1100979135807685,-8.16982102879907,0.8564848271208129,-4.568325041251004,-1.0392653182899092,-7.470607449909873,-0.5841031569959068,2.219755744076299,-0.0018867106831837674,3.3534048987981016,-1.3801278922047626,-0.2524210251975407
2025-06-21 01:00:00+00:00,2025-06-19 01:00:00+00:00,48,-1.1661554241509626,-142.90072263176853,-1.1958143858220873,-57.77809182722737,-1.1654204818386793,-28.623885619562458,1.7404477805833052,-42.57997956774257,0.4185904148720718,32.92812104778065,0.6381714944451408,14.63084129785423,0.4519197201834964,-2.6166125842183288,-1.3282934863728164,-8.31361533761045,-0.022358904336968716,-6.632181387604151,-1.126757110778025,-9.465271493068837,0.8564848271208129,-5.745283810702596,-1.0135477643783062,-7.112010054253696,-0.45572759967214815,0.30037908329397095,0.625552089579453,5.174987720366585,-1.3801278922047626,-0.5759315994766923
2025-06-21 02:00:00+00:00,2025-06-19 02:00:00+00:00,48,-1.1627480466331181,-144.6944856467463,-1.18366119944599,-55.88371371645684,-1.162309823340395,-30.34018047655801,1.7404477805833052,-45.58412629076268,0.9397238466779748,33.745483914165426,1.2502858487663935,17.82984478653784,0.4519197201834964,-2.9413652276274,-1.3282934863728164,-8.08569028686414,-0.022358904336968716,-6.578975276552236,-1.116761592459671,-10.86116404126356,0.8564848271208129,-4.540731029485158,-1.029621235573058,-8.372730949131888,-1.1031638329891629,2.909905645686342,1.1207501136072329,7.365070937169029,-1.3801278922047626,-0.8546785837087112
2025-06-21 03:00:00+00:00,2025-06-20 03:00:00+00:00,24,-1.1457111590438955,-141.52117016110623,-1.1472016403176986,-41.96165794771723,-1.1476897283984588,-28.610211007599204,1.6004608820158834,-41.55976788421463,1.3163345749748865,37.519032279040836,1.8387478381606601,18.059271588985936,0.2693878906543627,-1.9196174457839104,-1.3209304658572616,-9.127335790715353,-0.022358904336968716,-6.539682181064866,-1.086775037504609,-9.165283661033351,0.8564848271208129,-6.519657659668988,-1.0071183759004052,-7.208118169289941,1.213879165112351,-3.8195833946189057,1.444425954791711,9.839557183824626,-1.3801278922047626,1.4756430657243467
2025-06-21 04:00:00+00:00,2025-06-20 04:00:00+00:00,24,-1.1218595164189837,-142.74206530686274,-1.0742825220611154,-30.97901322018882,-1.1268483164599543,-28.125214867348532,1.6004608820158834,-43.28061978113568,1.5234039365402554,36.60667305626072,2.2485123816448067,19.554679341337476,0.28012505709725266,-2.3659812562514526,-1.3179183211008982,-9.27918163874849,-0.022358904336968716,-6.628291688404552,-1.096770555822963,-10.287573089557444,0.8564848271208129,-8.364565925386175,-0.9910449047056533,-7.701650643215687,1.1965487640328634,-4.2645217869063625,1.5722534520079636,10.2523352212392,-1.3801278922047626,2.184004476634665
2025-06-21 05:00:00+00:00,2025-06-20 05:00:00+00:00,24,-1.1457111590438955,-141.90936967902394,-1.1350484539416013,-34.874664448208634,-1.1476897283984588,-28.33767269233975,1.6004608820158834,-41.797708062891914,1.5462933518289728,38.43066141852293,1.9713769402054486,19.248711268482754,0.28012505709725266,-2.6142777192540643,-1.324946658865746,-9.13927336887559,-0.022358904336968716,-6.593795804003278,-1.0734476797468038,-9.36684009896881,0.8564848271208129,-7.123103727495428,-1.0006889874225045,-7.179569555715275,1.3099242351865519,-3.9607768932933225,1.4948340916571718,10.29028578324264,-1.3801278922047626,1.794846999981345
2025-06-21 06:00:00+00:00,2025-06-20 06:00:00+00:00,24,-1.1525259140795845,-141.09690121381254,-1.1593548266937956,-41.057047862008176,-1.1535999795451992,-28.57503167481664,1.460473983448462,-42.538624411583136,1.3836720408823908,37.54324839030192,1.399575674817349,17.90800260993867,0.08685606112522858,-2.5435147286092255,-1.3246119761150388,-8.82865346403316,-0.022358904336968716,-6.541871694725981,-1.096770555822963,-10.402728817497481,0.8564848271208129,-6.4373349847453625,-0.9781861277498518,-6.920891631777768,1.1965487640328634,-3.5985714266275894,1.2178447717603613,6.982459114147201,-1.3801278922047626,1.8628670573559682
2025-06-21 07:00:00+00:00,2025-06-20 07:00:00+00:00,24,-1.1457111590438955,-141.80254620847796,-1.1472016403176986,-40.67843510065637,-1.1480007942482875,-28.128325244926632,1.5071362829709358,-42.434918329390804,1.0464523993614103,34.85868126115229,0.7898532427068734,17.074563502006995,0.06538172823944821,-2.5988475093515473,-1.3202611003558475,-8.793536107335045,-0.022358904336968716,-6.3824768329429356,-1.1034342347018657,-9.975864775463847,0.8564848271208129,-7.93288106857903,-1.0006889874225045,-7.149220553135935,1.2794541829696586,-3.7031938969161278,0.761952316956571,4.874786155339958,-1.3801278922047626,1.6868972286666108
2025-06-21 07:00:00+00:00,2025-06-18 07:00:00+00:00,72,-0.42334712526085366,-64.77881414939478,0.3962530294466451,26.432205551158436,-0.5327125432876549,-21.9495596218565,0.5738902925214583,-18.910931706515512,1.0464523993614103,38.86633388407371,0.7898532427068734,20.383070765279015,0.784771879913093,4.339730881289234,-0.9822315221417427,-6.016762374306429,1.7437378660756444,-5.922069746269509,0.026059335272134842,-3.003110002569766,0.8564848271208129,-9.252408940777087,-0.955683268077199,-10.289675335012166,-0.3238784352976633,2.2013206952206774,0.761952316956571,2.9966621110413705,-1.3801278922047626,0.8988236185365626
2025-06-21 08:00:00+00:00,2025-06-18 08:00:00+00:00,72,-0.0076470680838201235,2.3968229003959687,1.0889846528841851,23.618379754964558,-0.20640446681763305,4.202490289673556,0.4805656934765105,-26.78081028591322,0.5577899985464779,14.876001858152721,0.17674984483164302,4.422737257344683,0.8277205456846543,-6.060354925547878,-0.604374696593501,-15.426109738230359,1.3834934742817737,-14.806203014296486,-0.3904205946592813,-3.5371846111574183,0.8564848271208129,-14.364749738157544,0.08266297110377699,-4.299417834763388,-0.4557275996721475,3.495110999959447,0.16265701051104067,1.200828839603947,-1.3801278922047626,-0.6883717058964208
2025-06-21 09:00:00+00:00,2025-06-18 09:00:00+00:00,72,-0.5119389407248116,-93.13281782658284,0.09242337004421525,20.205721274662135,-0.6530950271712569,-22.209433740084258,0.6205525920439321,-20.580164582857943,-0.04904566259624895,28.74264073635915,-0.4285627809292389,-1.8918613510700417,0.7740347134702031,2.5065250403072636,-0.7857727474767137,-8.190997237946574,1.424722212325483,-8.844605238438866,0.016063816953780855,-2.2976230853588056,0.8564848271208129,-10.065857875290195,-0.31917380876502177,-3.9473421530427637,-0.8722578660761182,6.010409295128605,-0.527650161860367,-5.191100029497324,-1.3801278922047626,1.6893017885829886
2025-06-21 10:00:00+00:00,2025-06-18 10:00:00+00:00,72,-1.0434898335085594,-160.65651519033946,-0.9649038446762406,-25.781291683885925,-1.0832990974839742,-30.790949469251647,0.9471886887012493,-22.701306062464877,-0.7328004053487337,15.408275887092683,-1.017386569190186,-5.844447188635091,0.6237143832697397,0.05046556981159137,-1.159278697265764,-7.738204644011717,-0.022358904336968716,-6.2346602271687654,-0.47704842008501586,1.854521588239805,0.8564848271208129,-8.53866081454764,0.07301888838692581,-4.040596186881421,-0.938794569114924,3.462827242219145,-1.2219333262204473,-8.372362418466,-1.3801278922047626,-0.525978602940791
2025-06-21 11:00:00+00:00,2025-06-19 11:00:00+00:00,48,-1.1627480466331181,-171.43283912131324,-1.2201207585742817,-50.96895505014903,-1.171019667135591,-32.21259406236931,1.460473983448462,-34.02222965610868,-1.4468969311583546,-23.15287089238488,-1.5723618315518935,-10.611416238493034,0.29086222354014307,-2.3165943244056826,-1.2549979639679758,-7.264211041637982,-0.022358904336968716,-5.244130524499382,-1.076779519186255,-5.402004598647935,0.8564848271208129,-3.897280359882162,-1.0167624586172566,-3.018173883222313,1.5217625292755925,-2.5587081282610127,-1.6461476041088448,-7.923690878161209,-1.3801278922047626,0.3564475401464431
2025-06-21 22:00:00+00:00,2025-06-19 22:00:00+00:00,48,-1.1831923117401855,-167.88818600355634,-1.2687335040786705,-56.302054076257214,-1.1828401694290713,-32.00032132814559,1.6004608820158834,-31.626621159658974,-1.6214952617327534,-24.98307207046452,-1.1611006304889537,-9.122119794558767,0.18349055911124082,-2.405307364396765,-1.2985067215598904,-8.013972696099092,-0.022358904336968716,-5.545316787452112,-1.1400844685358305,-6.409140778650001,0.8564848271208129,-4.417974695855889,-1.0424800125288596,-2.9904334173518805,1.0851091182996295,-2.445027612950293,-1.3755037681810727,-6.588089445389207,-1.3850551337117079,-1.4741928130200548
2025-06-21 23:00:00+00:00,2025-06-19 23:00:00+00:00,48,-1.1627480466331181,-156.81732517626324,-1.2079675721981844,-55.75875039377018,-1.1660426135383364,-30.289687798163186,1.6004608820158834,-34.764436363027755,-0.9097941398486957,-4.717354346415773,-0.5781356432070862,1.3046419430341198,0.19422772555413081,-3.5565092965227474,-1.3048656938233238,-8.71655377188819,-0.022358904336968716,-5.465377545634388,-1.1334207896569277,-7.096112538116968,0.8564848271208129,-5.5706804303238515,-1.0424800125288596,-6.626436201724586,1.3790443840702775,-2.918798459509232,-0.7063197590806958,2.4514994333383475,-1.3850551337117079,-2.1990906238571943
2025-06-22 00:00:00+00:00,2025-06-20 00:00:00+00:00,48,-0.958305395562446,-157.25780928539143,-0.7826060490347827,-4.875274459126396,-1.0058437008766954,-27.58895962837848,1.460473983448462,-41.38652572455086,-0.21406237746839396,16.585359741247366,0.023906571099924067,2.5854026047786043,0.19422772555413081,-5.712848082135504,-1.141540511478291,-8.453548864056811,1.6708656036632958,-9.805958492857494,-1.1134297530202197,-10.395468785663775,0.8564848271208129,-9.868230982523409,-1.0360506240509588,-7.304376659493121,0.430982176075196,-4.445982301767853,-0.00660665102401999,2.3748145208432576,-1.3850551337117079,-1.2062595318621712
2025-06-22 01:00:00+00:00,2025-06-20 01:00:00+00:00,48,-0.9037873552769333,-137.35358016760023,-0.6489209988977136,7.45093270790543,-0.9495407820577497,-24.262930403597363,1.413811683925988,-46.59790785488763,0.41592885495477916,35.78159720244432,0.6358756509102242,14.191962538491383,0.24791355776858193,-6.871257135914983,-1.1666417177813186,-8.22704578647178,1.7838077893428121,-6.215664140819179,-0.9135193866531399,-8.151394616754931,0.8564848271208129,-10.916178609581225,-1.0167624586172566,-7.856162332969606,0.3518566090111809,-2.1631561568589714,0.621001874281855,3.8809768020753026,-1.3850551337117079,-2.4889816206804882
2025-06-22 02:00:00+00:00,2025-06-21 02:00:00+00:00,24,0.6431620378244864,69.33319885207669,2.1098523084763494,20.868250106583695,0.3622239066687351,11.155918052592966,0.667214891566406,-85.91032367553055,0.9375945987441409,13.576520423881432,1.2480065465556878,10.686897923209566,0.5592913846123987,-11.362016704059975,-0.2586474151131344,-27.99456090544363,1.0793566910120347,-16.427456616930908,0.6724361865256927,-2.2657053978852764,0.8564848271208129,-12.669315375981574,-0.2163035931186093,-7.4867058910135285,0.1638668459136755,-0.49519697264578777,1.1166267418317164,3.8330184124798765,-1.3850551337117079,-12.418038630535614
2025-06-22 03:00:00+00:00,2025-06-21 03:00:00+00:00,24,0.5852366200211293,52.66505899821745,2.231384172237321,24.446430497982497,0.34076036303057355,15.533738686454846,0.5272279929989844,-49.06626532211277,1.31500379501624,22.893126499838825,1.8366296482772366,15.173531621916041,0.6451887161555205,-6.248616822349566,-0.48188080983472636,-26.951075268674014,1.3326045586952457,-16.473525428035668,0.6524451498889847,-1.590321290705762,0.8564848271208129,-11.74654273608597,0.7063136534601527,-1.7950183851888628,0.29855799186993714,-1.8251964271207888,1.4409035657140212,7.93080724307178,-1.3850551337117079,-2.4348619374190323
2025-06-22 04:00:00+00:00,2025-06-21 04:00:00+00:00,24,0.5886439975389739,55.94355462369325,2.2435373586134184,27.19217913832341,0.3569357872216518,15.12910645546906,0.293916495386615,-27.487848885266256,1.5223393125733387,23.904413877720305,2.2478828913467366,16.630308958782937,0.720348881255752,-2.9946490826188543,-0.5330872706929026,-25.41168950819945,1.3385864197076192,-17.529872047515067,0.5958038794183121,-1.651841004592293,0.8564848271208129,-11.917431406898364,0.6870254880264504,-1.7998737443888928,-0.053791891784217866,-1.8955933492026265,1.5694416022542432,8.23426873266053,-1.3850551337117079,-3.2834911627751975
2025-06-22 05:00:00+00:00,2025-06-21 05:00:00+00:00,24,0.919159616769894,128.222697101225,2.8147371182899867,27.749553519108485,0.6471602251115759,16.546644613222192,0.013942698251771779,19.363157730302238,1.5460271958372431,24.10456299617004,1.9731335275961681,15.238222436244719,0.8384577121275443,-0.14178504923784233,-0.3684233573450417,-18.53146979236999,1.2605468096827102,-15.294437657825474,0.5991357188577634,-1.1232809857700883,0.8564848271208129,-12.026084667404417,0.6323756859642937,-1.738901084279616,0.0006891491790450478,-7.3703783767244335,1.4927833799973527,8.816814036924926,-1.3850551337117079,-3.0200639517017747
2025-06-22 06:00:00+00:00,2025-06-21 06:00:00+00:00,24,0.8271604237880915,100.52854637786113,2.595979763520237,28.313860240285322,0.5532183384633905,16.566808259418004,-0.26603109888307147,32.42428013205467,1.3842043528658494,22.85770843859989,1.401679820100333,15.347687128800521,0.870669211456215,0.6367129364646161,-0.35336263356322517,-16.61270823129572,1.2214525880848464,-11.507249644654156,0.9223241444845424,-0.6579992020379531,0.8564848271208129,-12.118114950194729,0.6355903802032441,-2.2091201344215756,0.24489646742705207,-6.358332381847807,1.2165510361848075,6.394962024038488,-1.3850551337117079,-4.599393712401453
2025-06-22 06:00:00+00:00,2025-06-19 06:00:00+00:00,72,-0.45401352292145447,-69.95519626472533,0.31118072481396475,34.25077192057369,-0.5510654284275323,-22.97975009944298,0.5738902925214583,-16.97048472595268,1.3842043528658494,48.9116829409377,1.401679820100333,20.73386918190197,0.6022400503839593,-6.080948365941536,-1.0247362314815363,-5.985889150358645,1.695691059935847,-6.416657520530773,0.8556873556955158,2.3000660367098664,0.8564848271208129,-6.879459653692338,0.12123930197118167,-8.4607121852204,-1.5072020665059378,2.110478041293097,1.2165510361848075,9.07271323738811,-1.3850551337117079,-8.00403184142493
2025-06-22 07:00:00+00:00,2025-06-19 07:00:00+00:00,72,-0.5255684507961897,-75.15713911132623,0.1653424883007984,23.16916217489927,-0.6198109812396151,-22.642718037619822,0.7605394906113537,-38.56511523596013,1.0475170233283277,42.23242752179593,0.7920074779505294,17.38844778044665,0.5700285510552886,-7.31143844107822,-1.0260749624843644,-6.028656467804859,1.7221617535471703,-6.037099208666213,-0.4204071496143433,-2.9899341226915968,0.8564848271208129,-9.428418249881243,0.8831218366024242,4.125453764818725,-1.2294617184024599,3.1888130748760837,0.7613634101492815,1.338280340870249,-1.3850551337117079,-8.51477925359373
2025-06-22 08:00:00+00:00,2025-06-19 08:00:00+00:00,72,-0.6959373266884166,-118.23248376464127,-0.2114062893582146,12.692027659633561,-0.7747217744541727,-24.010881074960547,0.9938509882237231,-40.05925332482357,0.5593869344968536,31.09933504003436,0.17888401296611064,4.129870502800221,0.4733940530692768,-7.037342818632974,-1.0568657755494115,-7.634510594869506,1.6986016306712493,-8.398258912293704,-0.49037577784282116,-5.080594793675994,0.8564848271208129,-11.291392403283316,-0.3481060569155753,-9.028329808987955,-1.1951704656747733,4.832828932516391,0.1626849382120692,2.0388213486310316,-1.3850551337117079,-2.798560112207317
2025-06-22 09:00:00+00:00,2025-06-19 09:00:00+00:00,72,-0.5698643585281687,-120.38522393845969,-0.029108493716756688,17.976900279735904,-0.6985106412462077,-22.952028801108508,1.040513287746197,-43.71677405406818,-0.04691641466241494,26.39705804475298,-0.4264876277646323,-3.5168487387202725,0.4626568866263864,-6.310695719866794,-0.8306202360714563,-8.445234889222109,1.4113629897441409,-10.90344090693656,-0.6569677498153876,-5.956620351921897,0.8564848271208129,-10.024631952681771,-0.4156146359335335,-4.603086046765493,-0.8265592603902088,5.587966963669725,-0.5271122880140237,-0.3834283138137212,-1.3850551337117079,-3.2786183357535976
2025-06-22 10:00:00+00:00,2025-06-19 10:00:00+00:00,72,-0.6823078166170384,-121.75297867907551,-0.3086317803669921,16.296747117919626,-0.8440894589659124,-25.591489913889696,0.9471886887012493,-23.34704560477376,-0.7304050014231703,20.061718168278027,-1.0154114272605004,-8.242962610515368,0.4626568866263864,-3.1083027227814606,-0.643532578426224,-7.739033996740204,1.207858668556346,-8.327039074325167,-0.5336896905556885,-4.1769317925192295,0.8564848271208129,-9.423666211525413,-0.576349347881053,-3.6851342605114072,-0.9387945691149238,4.751509948399017,-1.221033409578945,-5.6761660061576285,-1.3850551337117079,-2.8884270777412646
2025-06-22 11:00:00+00:00,2025-06-20 11:00:00+00:00,48,-1.0468972110264039,-176.65771388967596,-1.0013634038045323,-23.989239376907317,-1.1175163409651014,-32.26950502754189,1.1805001863136186,-29.87717639056453,-1.4445015272327917,-30.265861179226565,-1.5706392361222472,-12.928792143294965,0.3123365564259234,-2.2573118932905056,-0.8657619248956948,-8.159790567052333,-0.022358904336968716,-5.281203604643205,-0.5436852088740425,-4.151414952989345,0.8564848271208129,-5.504506377134157,0.06980419414797542,-3.2397541625908066,-0.16248854755558578,0.019310576808030933,-1.6459737603214157,-8.63934860839391,-1.3850551337117079,-3.4869655694201995
2025-06-22 22:00:00+00:00,2025-06-20 22:00:00+00:00,48,-1.0741562311691601,-176.37022703246927,-1.0742825220611154,-32.781201053982215,-1.1352470944053217,-31.158121802847237,1.040513287746197,-26.634135464124636,-1.6244229776417753,-27.04098633195249,-1.1633903960333791,-11.036036251454426,0.09759322756811895,-2.6874413796073675,-0.8175676087938819,-7.972328633528345,-0.022358904336968716,-4.903709108229338,-1.1400844685358305,-7.331145895799279,0.806887470298622,-3.9301523070097395,-1.0424800125288596,-3.53049630638097,0.32525673365575336,-1.3717574733227051,-1.378856931303782,-8.25480654208009,-1.3895441899743965,-1.1587564766032723
2025-06-22 23:00:00+00:00,2025-06-20 23:00:00+00:00,48,-1.1252668939368282,-161.73167307267127,-1.1350484539416013,-43.115899686944104,-1.1427126748012042,-29.820929305966626,1.1338378867911447,-28.38246376171617,-0.912988011749447,-5.368240065295324,-0.5804977070271952,1.7398598406191585,0.1298047268967897,-3.34984401379271,-1.2462962124495929,-8.332171378851541,-0.022358904336968716,-5.198008052686489,-1.026801927594485,-6.3687926610533125,0.806887470298622,-2.9912072621589227,-1.0424800125288596,-6.752681216295033,0.5089283398617905,-2.3087339392229884,-0.7109574817269383,1.3699112899408215,-1.3895441899743965,-1.9468737689764342
2025-06-23 00:00:00+00:00,2025-06-21 00:00:00+00:00,48,0.22064722561176386,36.73470289724664,-0.27217222123870055,0.6182905203398331,-0.21511431061282893,2.0614544161696493,0.24725419586414116,0.5838662121147478,-0.21699009337741595,9.234557891574998,0.02150729303269863,2.8959689248194387,0.4197082208548257,-2.315687705158838,0.9659567697239043,-12.51588020422372,-1.1512656963500638,1.5108658712672902,-1.076779519186255,-16.189217128595956,0.23031819724065272,5.85240375283381,-0.9331804084045463,-4.171694932683585,0.0006891491790450478,0.05675147782537433,-0.011448215063407865,1.4821180753016623,-1.3895441899743965,2.3908562177611308
2025-06-23 01:00:00+00:00,2025-06-21 01:00:00+00:00,48,0.8953079741449822,157.3072339818693,-0.08987442559724265,4.9234148841048455,0.44061250082549913,18.15638224521275,-0.032719601270702094,12.003792450837672,0.4132672950374865,15.484091881633994,0.6334596688597252,7.740638365892182,0.5915028839410694,-0.8130967027926697,1.2711874383687198,14.489012413727682,-1.4342260808880318,16.046357411059912,0.2392970593970199,-2.1404492924125136,-0.321452397406221,7.467181749681105,-0.9814008219888022,-2.102083114737572,0.08238996567589232,-0.9677886565785608,0.616363621608536,1.862589322532511,-1.3895441899743965,-0.42130625618626705
2025-06-23 02:00:00+00:00,2025-06-22 02:00:00+00:00,24,0.45234889682519236,36.67692729530286,1.6601844125607532,20.867535168817902,0.19984753305829522,-5.158509030075359,0.6205525920439321,-70.53093073745221,0.9351991948185773,12.559271890193447,1.2455987804816604,12.314039644688513,0.48413121951216714,-13.431239404979257,-0.3366284960278734,-23.201755369455515,0.9635659299319169,-14.087916523848094,0.006068298635426869,-4.61677160052039,0.8564848271208129,-14.944808395585536,-0.8270954985191834,-6.474566009730606,1.0452581378257328,-6.57608474856594,1.1124424276963123,3.9952340060919145,-1.3895441899743965,-6.148534136127756
2025-06-23 03:00:00+00:00,2025-06-22 03:00:00+00:00,24,-0.9753422831516687,-150.25353610900711,-0.7461464899064911,-3.2317838525439697,-1.001177713129269,-26.648800889151566,0.8538640896563015,-22.648653510070435,1.313140703074135,46.17443521252891,1.8343337070969314,17.451224327585763,0.3338108893117038,-5.138508187584499,-1.2590141569764604,-7.904475184967349,2.340334501386803,-3.1028380016154404,0.46586214127971026,0.7301352731460953,0.8564848271208129,-8.710292333158367,0.06337480567007464,-6.811389681935332,0.8736361644342084,-3.4636382264356005,1.4373372478246624,12.601527006936657,-1.3895441899743965,-0.4465031328292926
2025-06-23 04:00:00+00:00,2025-06-22 04:00:00+00:00,24,-1.0775636086870048,-150.2501451465148,-0.9649038446762406,-26.035914473115458,-1.0885872169310575,-27.16184925803093,0.9471886887012493,-21.48506132677371,1.5215408445981504,45.700317236160295,2.2469159979414233,21.89020415156857,0.30159938998303304,-3.8083967881976837,-1.3041963283219098,-7.407970900871616,-0.022358904336968716,-6.597067751668419,-0.9301785838503966,-6.125982400810548,0.8564848271208129,-6.209822158784719,0.5070026106452284,-4.558283538248219,0.940172867473014,-2.4912524330843837,1.5665909987618154,12.147813423536634,-1.3895441899743965,-2.6517130238338473
2025-06-23 05:00:00+00:00,2025-06-22 05:00:00+00:00,24,-1.0639340986156267,-150.98600679005992,-0.928444285547949,-19.10123932918631,-1.076766714637577,-28.385386015094245,0.9005263891787754,-21.25234487177173,1.5457610398455142,42.64064959505708,1.97467020032047,20.742607932882986,0.3230737228688138,-4.797674979082593,-1.3011841835655464,-7.64512673339802,-0.022358904336968716,-6.758278682620832,-1.0301337670339366,-9.312760453541253,0.8564848271208129,-6.412122117390536,-0.839954275474985,-8.299969969507238,0.8047067743043916,-2.6200907428708886,1.4906866843026776,13.354240759426032,-1.3895441899743965,-0.38063463580220175
2025-06-23 05:00:00+00:00,2025-06-20 05:00:00+00:00,72,-1.0264529459193368,-150.56273768397998,-0.8555251672913659,-8.082304773405381,-1.044104800405592,-27.688282750309348,1.5071362829709358,-45.68659554378774,1.5457610398455142,38.3299469409739,1.97467020032047,19.578366785502382,0.2693878906543627,-6.019943370845135,-1.2841153632794877,-8.051510177760239,-0.022358904336968716,-6.462814266043259,-1.0401292853522905,-9.186742791673067,0.8564848271208129,-7.086073903181218,-0.9492538795992983,-7.71427351783572,0.7335736277506864,-2.217702766851424,1.4906866843026776,12.13318898347827,-1.3895441899743965,-0.0372752219441515
2025-06-23 06:00:00+00:00,2025-06-20 06:00:00+00:00,72,-0.9957865482587359,-147.3246720532545,-0.7826060490347827,-5.048503363598105,-1.0182863348698326,-26.45111042759065,0.9938509882237231,-26.60507860421636,1.3844705088575784,44.18577982082081,1.4036347329231393,19.165651517364143,0.3123365564259234,-5.321766600698332,-1.2710627360019133,-7.507230109697519,2.486788899293117,-4.2859692187713145,-0.9801561754421666,-10.246842120053053,0.8564848271208129,-9.633905850371688,-0.9460391853603479,-8.585620386112987,0.9831110533134326,-3.5794895472944708,1.2151922406489624,9.069391209511654,-1.3895441899743965,-1.0546214321578256
2025-06-23 07:00:00+00:00,2025-06-20 07:00:00+00:00,72,-0.9548980180446014,-142.90026019419616,-0.7218401171542967,2.6540738765231016,-0.9853133547880191,-26.280055384833403,0.8538640896563015,-22.960221705383002,1.048581647295245,39.55309742455456,0.7940273820282342,19.133767936362524,0.36602238864037456,-7.270007041401405,-1.236925095429796,-7.539651476409517,2.1177238165692067,-4.780769691091222,-0.9501696204871046,-7.406986453711475,0.8564848271208129,-10.85846262128798,-0.8881746890592409,-9.537890919320335,0.5346112741205048,-3.115910032005818,0.7606801665018393,3.8483771729830165,-1.3895441899743965,-3.2888544236051973
2025-06-23 08:00:00+00:00,2025-06-20 08:00:00+00:00,72,-1.0775636086870048,-147.43286686837453,-0.989210217428435,-24.37769164070869,-1.0913868095795134,-28.00060216404349,0.9471886887012493,-22.012605004153045,0.5609838704472292,33.64345309475947,0.1808803100849778,11.935699868163768,0.3338108893117038,-4.540684472723966,-1.2854540942823158,-7.520947302153356,-0.022358904336968716,-6.443037095211732,-0.9101875472136887,-6.7734685525516465,0.8564848271208129,-9.27891368298062,-0.8592424409086874,-7.556657367398331,0.08238996567589232,-0.3387551863331032,0.16258210496839764,5.764437077856645,-1.3895441899743965,-4.175848183593424
2025-06-23 09:00:00+00:00,2025-06-20 09:00:00+00:00,72,-1.098007873794072,-150.55451178470832,-1.049976149308921,-28.882594030194173,-1.1112950239685329,-29.333965736398934,1.0871755872686708,-26.772439763762204,-0.04505332272030996,22.54163811908343,-0.42456287433338813,1.8457456359479163,0.3230737228688138,-4.593212984131379,-1.2780910737667612,-8.757761132608016,-0.022358904336968716,-6.5962053490239185,-1.0301337670339366,-7.606502866078016,0.8564848271208129,-7.841726297801267,-0.8206661100412826,-6.944102646669709,-0.2971796935118471,0.28010318283100144,-0.5267425287475535,2.5655392053591104,-1.3895441899743965,-4.812827095866931
2025-06-23 10:00:00+00:00,2025-06-21 10:00:00+00:00,48,-1.002601303294425,-163.98205640955925,-0.8798315400435602,-18.9427540989842,-1.0546810392997588,-30.262260528336668,1.367149384403514,-38.20224502395064,-0.7282757534893362,12.766456736087234,-1.0136049399414961,-8.579863745256986,0.1298047268967897,-2.4309000831723773,-1.110415015662537,-7.933982482339292,1.650241378452254,-8.544740831411985,-0.9701606571238126,-7.1237691946068225,0.8564848271208129,-9.154537518953097,-0.9814008219888022,-5.201794080414159,-1.3776660857121874,4.769885785073692,-1.2203174370958456,-6.615892764471235,-1.3895441899743965,-1.4767875500499252
2025-06-23 11:00:00+00:00,2025-06-21 11:00:00+00:00,48,-1.1763775567044963,-173.4235142339552,-1.244427131326476,-51.194535237564054,-1.1769299182823314,-32.44695839548952,1.367149384403514,-32.46920012874122,-1.4423722792989573,-22.526127060051643,-1.569095897712434,-10.525457124257327,0.08685606112522858,-2.5409651898403602,-1.3038616455712029,-6.807370852884693,-0.022358904336968716,-5.335656534847136,-0.9568332993660073,-4.595875731380624,0.8564848271208129,-3.4430297833738726,-0.8785306063423897,-2.692549373329838,-1.3512491295017786,2.902918546072729,-1.6458218870564407,-7.854575739861946,-1.3895441899743965,-0.9574825333225149
2025-06-23 22:00:00+00:00,2025-06-21 22:00:00+00:00,48,-1.1627480466331181,-174.0550840090235,-1.2201207585742817,-59.13399526654614,-1.171019667135591,-32.30659340060513,1.1338378867911447,-27.769444734151893,-1.6273506935507973,-25.047645595283143,-1.165837035339479,-9.41334820392618,-0.181573099947027,-2.617961599353755,-1.237929143681917,-7.1277020958389095,-0.022358904336968716,-5.434122346453156,-1.1400844685358305,-6.307425244314087,0.8564848271208129,-3.344066859790568,-1.0424800125288596,-3.2299909484867797,-0.08101166731780222,-0.8138148558535608,-1.3823470166727416,-7.702569773788747,-1.3935937326088585,-2.571313393544893
2025-06-23 23:00:00+00:00,2025-06-21 23:00:00+00:00,48,-1.0366750784728702,-167.60085731798043,-0.9649038446762406,-23.43665527829826,-1.087654019381572,-29.63408385076685,0.9938509882237231,-24.77830618146273,-0.9161818836501981,-7.623792477681762,-0.5829966019089504,0.0893532265686495,-0.10641293484679515,-4.1635690599672746,-1.1047254089005174,-8.926458228407764,-0.022358904336968716,-4.885502558844603,-1.1134297530202197,-8.537247260679878,0.8564848271208129,-6.798159257258518,-1.0424800125288596,-3.776448172304988,0.6604316957833914,-2.8094006823573374,-0.715742515310381,2.316894994429382,-1.3935937326088585,-2.618382163787812
2025-06-24 00:00:00+00:00,2025-06-22 00:00:00+00:00,48,-0.7197889693133284,-113.53032389865184,-0.3329381531191865,20.490162766612904,-0.8248033762765496,-20.30576485731123,0.7138771910888799,-22.104167761369567,-0.22018396527816697,24.477757183514246,0.01898596747765696,1.8868015421057442,0.08685606112522858,-5.329798839927279,-0.9116134617425585,-8.191628740404088,1.406337497695583,-10.855947442253596,-0.9901516937605206,-9.636520585985387,0.8564848271208129,-8.363629398592618,-1.0167624586172566,-7.485923338679739,0.8047067743043916,-2.9494661565092053,-0.016406279606801428,1.2208086461250716,-1.3935937326088585,6.999946059955234
2025-06-24 01:00:00+00:00,2025-06-23 01:00:00+00:00,24,-1.0503045885442486,-156.25365040139573,-0.9405974719240462,-20.927437701066324,-1.0696122000915234,-28.781560405137466,0.6205525920439321,-18.394133627617567,0.4106057351201938,30.183733971400116,0.630928357496563,12.296986301999272,0.10833039401100933,-4.960397441005819,-1.2623609844835306,-7.140081023569538,-0.022358904336968716,-5.614965079293701,-1.066784000867901,-8.636975863577293,0.8564848271208129,-9.737641866421606,-0.9781861277498518,-6.666200032770208,0.5089283398617905,-2.631492008146708,0.6116415277505859,6.0016921097278235,-1.3935937326088585,-1.8079869793342016
2025-06-24 02:00:00+00:00,2025-06-23 02:00:00+00:00,24,-0.8049734072594418,-121.32458743817996,-0.40585727137576966,10.38241618783032,-0.8590206197576769,-23.9126264704838,0.8072017901338276,-28.919237565539447,0.9330699468847432,32.12820765737159,1.2430674649383526,18.02262458114025,0.17275339266835044,-8.548169145144513,-1.15860933176435,-7.478279165797989,1.910873180234272,-7.634177471395487,-1.0034790515183258,-12.208339151453696,0.8564848271208129,-11.18220226823824,-0.971756739271951,-7.939294883365333,0.32525673365575336,1.4881939734291796,1.1082001682796283,4.828343028951972,-1.3935937326088585,3.677203116928469
2025-06-24 03:00:00+00:00,2025-06-23 03:00:00+00:00,24,0.9873071671267847,126.85229566218128,0.09242337004421525,19.148379818754588,0.6792000076439043,18.6656368388267,0.38724109443156274,-39.08160527806508,1.3115437671237598,19.523044115113084,1.831865209543804,13.079054437787077,0.43044538729771603,-7.154749858621384,0.5921161371841468,-24.29877079390266,-1.3170649893135677,24.589360796566076,-0.7635866118778302,-7.607264711148819,0.48450465095438106,-3.986454374887543,-0.9106775487318935,-8.882859496411164,-0.02655552079778641,-3.5967755644732673,1.4337286062726882,5.920717914236476,-1.3935937326088585,-2.3446933744018
2025-06-24 04:00:00+00:00,2025-06-23 04:00:00+00:00,24,1.2667121235900367,228.10687120675522,2.1341586812285436,32.159339726664555,0.9485830335953238,35.80134498589954,0.1539295968191934,6.479175984370435,1.5204762206312337,20.054650288327352,2.2456143125576986,12.919283625838935,0.6022400503839593,-4.741566685411207,0.18045635381449468,-12.599624860430792,0.1758238135729886,-18.219232032876263,0.9889609332735689,-0.5622037047996341,0.48450465095438106,-2.737610131353823,-0.6792195635274655,-7.537721035531915,0.0006891491790450478,-4.784150784917887,1.5637017603260404,6.612975637317102,-1.3935937326088585,-3.246708228095367
2025-06-24 05:00:00+00:00,2025-06-23 05:00:00+00:00,24,1.7778187512667174,336.3458155055449,2.085545935724155,31.064953606760806,1.4014949109455161,41.49076870878344,0.013942698251771779,14.7352655611975,1.5454948838537845,22.238587263190944,1.9759813695474784,13.878895920442012,0.720348881255752,0.2990268149541094,0.6938596933990855,-8.603061369224731,-0.32703221744080424,-16.734733270679772,1.262171767308578,7.364564022498905,0.397709276515547,-2.123215789976525,1.0117096061604398,5.59677965195588,-0.10820655599122807,-8.111552153527914,1.4885426500170917,6.123949256470992,-1.3935937326088585,-2.2174660156365835
2025-06-24 05:00:00+00:00,2025-06-21 05:00:00+00:00,72,1.6244867629637132,305.53231585760255,3.1914858959489996,39.95963033083344,1.2636927394715223,36.590561158198994,-0.9193032921977057,33.63679352462664,1.5454948838537845,22.180918775126713,1.9759813695474784,14.359928853741922,1.1283612060855805,1.5313889890931047,0.23065876642054983,-10.799800771212844,0.5669951477551022,-10.87158325726611,2.0351585172612863,20.492898555426464,-0.8422246440392255,15.372624213379321,1.8603888852433428,12.928451055620227,0.05517019014230796,-8.396002351902348,1.4885426500170917,10.255182890305827,-1.3935937326088585,1.5501625391929017
2025-06-24 06:00:00+00:00,2025-06-21 06:00:00+00:00,72,-0.38586597256456373,-51.26404935527306,0.43271258857493666,39.79483971193647,-0.49227398280995915,-3.0449434222682874,0.43390339395403665,-5.6955610420276575,1.385002820841037,46.04434941819793,1.4054351934241467,18.367190964072762,0.4519197201834964,-3.956788257337196,-0.9892598599065905,-5.7469929411910865,1.6324136583545734,-6.786636873186922,1.6120149084509674,27.691889904835868,-0.25325603177570855,15.884749586575811,2.0211235971908623,57.116360073496026,-0.4557275996721475,-1.0549344714147704,1.21376567988436,5.370392443117281,-1.3935937326088585,2.8322345914275724
2025-06-24 07:00:00+00:00,2025-06-21 07:00:00+00:00,72,-0.723196346831173,-101.22877718681744,-0.24786584848650617,17.92856271492939,-0.7880976059967951,-23.691917812241922,0.7138771910888799,-22.086914272024167,1.0496462712621617,46.632012541945635,0.7959080277934508,17.14628675178601,0.3767595550832649,-6.986479482640625,-1.1217942291865761,-6.919030949872609,1.793557162400517,-6.230622871351081,-0.35377036082531665,-2.613900672072067,0.3047142324739391,11.48113952082666,1.6128574288441628,50.98205085309748,-0.4557275996721475,1.3492845921550085,0.7598987630246052,2.6602026018062483,-1.3935937326088585,2.178474608540457
2025-06-24 08:00:00+00:00,2025-06-21 08:00:00+00:00,72,-0.8731209576163326,-130.39294293786324,-0.5760018806411303,14.689668333132762,-0.9218559214230196,-25.639495913540742,0.667214891566406,-23.036784889772964,0.5625808063976045,35.79570696536571,0.18273403892194298,8.545223807932148,0.3445480557545942,-6.240987596650465,-1.1619561592714203,-7.4982770085104695,1.8161222435905278,-6.47433759790032,-0.6836224653309982,-6.8610633693930385,0.8564848271208129,-11.59457603033131,-0.2838121721365675,-6.635358456737294,-0.2703902179910269,2.8184740727804702,0.16234391839892218,3.073846009575184,-1.3935937326088585,-1.8476879630277834
2025-06-24 09:00:00+00:00,2025-06-21 09:00:00+00:00,72,-0.9548980180446014,-154.64594165829763,-0.7582996762825883,-3.9755468362152064,-0.9986891863306415,-27.36606179669947,0.5738902925214583,-12.65414771863463,-0.04319023077820497,26.344311103020008,-0.4227929783732278,-1.122283794490255,0.35528522219748415,-5.562326540779399,-1.1649683040277836,-8.475068924561246,1.8128439656233681,-6.442700519765902,-0.8302234006668567,-7.700232549298314,0.8564848271208129,-10.54037059893014,-0.6020669017926561,-7.008638349537422,0.1909374139841354,0.05713682987240648,-0.5265457404241503,1.7693226123461516,-1.3935937326088585,-2.399363505100703
2025-06-24 10:00:00+00:00,2025-06-22 10:00:00+00:00,48,-0.48808729809989987,-95.89085743537305,-0.05341486646895108,19.301035067913908,-0.7255733701812809,-30.330497786576494,0.3405787949090889,-5.3214079641936936,-0.7264126615472314,13.228426123534106,-1.0119712768650373,-12.460506309290633,0.3874967215261549,-1.9040479906534207,-0.2897729109288886,-4.762334734725662,0.8809377545607641,-4.481886151720551,-0.20050574661055554,-3.7751124237434777,0.8564848271208129,-8.953756847858127,-0.1166480717111472,-2.4318783127162678,0.3783495153565083,-3.047798567399178,-1.2197896801264239,-5.194832168581162,-1.3935937326088585,1.2285359266840041
2025-06-24 11:00:00+00:00,2025-06-22 11:00:00+00:00,48,-0.9821570381873578,-181.82627947848704,-0.9041379127957546,-10.751109536803153,-1.0935642705283124,-32.69708574858378,0.667214891566406,-19.380952234798166,-1.440243031365123,-29.82358568898651,-1.5677359168754024,-11.684529659110265,0.18349055911124082,-2.3694500697572844,-0.6013625518371377,-7.595378535739529,1.0064950702256308,-6.322382938284031,-0.45372554400885656,-4.46041962598322,0.8564848271208129,-6.613870061755156,-0.13593623714484954,-2.9751330018919777,0.32525673365575336,-1.858174337396149,-1.6456939269739184,-8.62622160654567,-1.3935937326088585,-1.9063540464155415
2025-06-24 22:00:00+00:00,2025-06-22 22:00:00+00:00,48,-1.0775636086870048,-176.4704040961998,-1.0864357084372125,-34.05284255118078,-1.1380466870537778,-31.532101686520768,1.3204870848810402,-34.8486710635944,-1.6305445654515487,-26.060108890397863,-1.168435966957631,-11.290888533873149,0.04390739535366783,-2.902286207975914,-0.8132167330346904,-7.687493195042214,-0.022358904336968716,-5.277826151794796,-1.1400844685358305,-7.304180597233458,0.8564848271208129,-4.924135416898015,-1.0424800125288596,-3.621138634831099,-1.4839898266911478,3.217130455640739,-1.3859673881254875,-8.359093201007267,-1.3972025632902774,-5.290734267655971
2025-06-24 23:00:00+00:00,2025-06-22 23:00:00+00:00,48,-0.6925299491705721,-129.506976336284,-0.3693977122474781,13.645930192943863,-0.8845280194436081,-22.662902049681612,1.040513287746197,-32.14779029585584,-0.9196419115426786,-8.771673730910102,-0.5856275921027088,-2.708989291616692,0.17275339266835044,-4.768583683152136,-0.49024787860240227,-7.295530027299569,1.0450757565063362,-7.937168291763388,-1.0301337670339366,-8.927701802272649,0.8564848271208129,-5.950757088966963,-1.0424800125288596,-4.033144555143737,-1.0027562125845981,2.7508841049196007,-0.7206689381863473,-0.4718014736210235,-1.3972025632902774,-7.106050680695949
2025-06-25 00:00:00+00:00,2025-06-24 00:00:00+00:00,24,-0.09623888354777808,-5.318634484011413,0.6150103842163945,15.915120950726704,-0.3650480502301318,-3.6147010175163263,0.7138771910888799,-52.15600490986033,-0.2233778371789183,7.588439911383404,0.016347420600494857,0.9322390365813444,0.4626568866263864,-7.827822756293271,-0.18066633419839553,-14.785980146893005,0.8507153394298023,-11.096299289255272,-0.6236493554208743,-5.444375756303042,0.8564848271208129,-10.24075272880891,-0.9267510199266455,-3.796120215285086,-0.18955911562604533,0.6082130869290101,-0.021475615481537064,-0.43341598739432396,-1.3972025632902774,-14.210177163482362
2025-06-25 01:00:00+00:00,2025-06-24 01:00:00+00:00,24,0.5681997324319067,58.693533061700165,1.404967498662712,14.82188302657045,0.23250944729028025,3.108309234382465,0.43390339395403665,-45.67923558999404,0.40767801921117186,14.458234856378997,0.6282865873999153,6.256058693301771,0.6237143832697397,-11.888505248835905,0.1670690437862133,-25.165797325155907,0.44620230818591655,-14.049727579807197,-0.0705640084719537,-3.0447267553350805,0.8564848271208129,-12.39104225011444,-0.5442024054915491,-3.8031341445572533,-0.35047831065309115,-2.472760150396152,0.6068398337586212,1.345953740806451,-1.3972025632902774,-30.478838848699887
2025-06-25 02:00:00+00:00,2025-06-24 02:00:00+00:00,24,1.2973785212506377,229.4199187420829,1.0646782801319907,23.89856746232973,0.8891694562780939,26.621242944370444,0.20059189634166727,-12.34070755150228,0.9306745429591796,14.63613176023901,1.2404175066117056,12.48603793461972,0.784771879913093,-1.3162642848191222,0.8939999783218919,-6.157591305989692,-0.703180484670761,-17.03073535878547,0.5791446822210555,-0.6494172885961074,0.8564848271208129,-8.206498040625727,-0.010563161825784328,-1.3985631264960647,-0.4033490843377302,-0.9914000153863868,1.1039029433536198,4.361349213598657,-1.3972025632902774,-25.45147100814342
2025-06-25 03:00:00+00:00,2025-06-24 03:00:00+00:00,24,1.6278941404815577,318.5426224089129,2.1949246131090296,28.49226021613277,1.2325861544886794,35.50331201191615,-0.032719601270702094,21.609530792385556,1.309946831173384,16.542466621204248,1.8292292455234878,14.473804288699691,0.9350922101135565,-1.0675385686367276,0.6476734738015145,-11.291909242930325,-0.13207074655711926,-12.749870157292547,1.29215832226364,7.978047091637533,0.8564848271208129,-6.471948325747366,0.6163022147695417,1.560431747398824,-0.2971796935118471,-8.052655334349042,1.4300791715072556,6.635827498209153,-1.3972025632902774,-16.89016546838192
2025-06-25 04:00:00+00:00,2025-06-24 04:00:00+00:00,24,0.7692350059847344,86.00620828061602,2.6324393226485285,24.797430416782465,0.5140240413850085,17.39342228709609,-0.07938190079317597,19.89108761382909,1.5194115966643165,19.63612510841951,2.243980683747614,13.420965832100075,0.9565665429993369,-1.9323367900252864,-0.4604611137894762,-14.834816945562123,1.369751915582083,-12.509270046659234,1.6153467478904189,18.018259414651308,0.8564848271208129,-9.28074651964365,1.3042467819049253,16.437934108823285,-0.48171229266408044,3.8808837305438457,1.5607738831888962,8.52595719327822,-1.3972025632902774,-32.81671684087101
2025-06-25 04:00:00+00:00,2025-06-22 04:00:00+00:00,72,1.9652245147481668,361.7898626341369,1.4778866169192952,33.46759826462651,1.5595163626583581,42.72455454523984,-0.3593556979280192,21.109704135485607,1.5194115966643165,22.195616650039263,2.243980683747614,12.203816086257843,1.0532010409853487,2.0334227663527837,1.0690390569416708,-16.86230950749853,-0.8381181652609854,-10.087513878607247,1.798597917060242,29.583993702617498,0.6828940782431446,-2.0010710722670777,1.0952916563731498,0.37074766472415616,-1.456708185002268,10.015411588066078,1.5607738831888962,9.077537322240106,-1.3972025632902774,-12.446355651863787
2025-06-25 05:00:00+00:00,2025-06-22 05:00:00+00:00,72,2.074260595319192,385.0070598076236,0.6028571978402973,32.24588130214881,1.666211949149509,47.551786923133406,-0.45268029697296697,11.493236762072323,1.5452287278620553,22.684020127809166,1.977061189432747,10.927543868101939,1.1390983725284705,4.253242277812267,1.4050605386515336,7.5291349358075434,-1.4225528938050016,5.140499612769008,1.9451988523961004,29.114467316040866,0.41010861572109475,-2.389229379606573,1.7928803062253846,10.549184496844836,-1.5603947090692205,10.325808518631984,1.486349765362827,9.095424985839426,-1.3972025632902774,-6.405613875868876
2025-06-25 06:00:00+00:00,2025-06-22 06:00:00+00:00,72,1.8970769643912762,334.87528845780906,0.5299380795837142,31.665573186776037,1.4733511222558833,45.91515435530511,-0.6859917945853363,12.011790177331703,1.3852689768327666,18.490280748306212,1.4070757314896256,11.800698249386445,1.1390983725284705,3.5281128952318963,1.3732656773343652,6.8273133057834325,-1.4038740202389632,2.2148816598002043,2.0518177144585428,25.200806933057006,0.29851456287116523,-0.9315384054376705,1.9343268527392017,7.730499648172669,-1.4141333077685758,7.755948234896307,1.2122684723070245,4.481136674924459,-1.3972025632902774,-6.971927388474493
2025-06-25 07:00:00+00:00,2025-06-22 07:00:00+00:00,72,1.4643400196250198,284.6962697806096,1.1132910256363795,35.219806351630396,1.0487462372400778,36.86283300882314,-0.6859917945853363,23.56907570321546,1.0504447392373493,16.549371349062856,0.7976442992528496,8.62596968470417,1.1713098718571413,3.458931528000644,0.9830255900099631,-13.34251316297875,-0.7837878500488501,-9.814653406444796,1.878562063607074,14.851705649017147,0.29851456287116523,11.358289604833315,2.0371970683856144,8.211719925192433,-1.456708185002268,9.7220568325875,0.7590151985800228,-1.8693369146526704,-1.3972025632902774,-14.404203098194536
2025-06-25 08:00:00+00:00,2025-06-22 08:00:00+00:00,72,0.9361965043591166,131.00476186719254,0.7851549934817552,32.24254356098241,0.5280220046272878,16.9239586789403,-0.6859917945853363,19.40566511389539,0.5639115863562509,16.878237080541854,0.1844403618276407,3.7506927151600467,1.1820470383000317,6.652390011685722,0.828067476432606,-16.217159291211043,-0.6467156011416194,-13.989521661147695,1.455418454796755,12.746913671316804,0.1497224924045925,12.896525882310726,1.870032967960194,8.790350162249755,-1.5411751763040398,11.398809570771817,0.16196562444634477,0.44917093020777454,-1.3972025632902774,-25.396770402169565
2025-06-25 09:00:00+00:00,2025-06-23 09:00:00+00:00,48,0.3399054387363227,39.67060272637757,-0.06556805284504827,5.608258051833468,-0.0751346781900359,-3.5251920696245307,-0.4060179974504931,12.32189229510114,-0.04159329482782961,12.000452034872659,-0.42118249802911284,-2.499391986847668,1.2679443698431532,8.476997058744324,0.8638785307582588,-13.523753882973883,-0.9953552256795426,1.8317445285747558,0.958974378318507,0.5462082580512448,0.2365178668434266,2.2099503515850483,1.5003431304808992,6.589864681943551,-0.6092749084206894,3.2428374992665545,-0.5265269024099365,-3.0344799923433796,-1.3972025632902774,-12.30588251121108
2025-06-25 10:00:00+00:00,2025-06-23 10:00:00+00:00,48,-0.3551995749039629,-99.5654987177392,-0.3450913394952837,12.975340568503134,-0.6975774436967223,-27.181431049780095,-0.07938190079317597,10.186959415699075,-0.7245495696051265,4.563943250672374,-1.0105146723635712,-12.486898515477632,1.2035213711858121,8.263691105804527,0.3303942261312461,-3.548558477729658,-0.3532547849061146,-4.487721428239821,0.3559114397778164,-2.9867195477852015,-0.20365867495351764,5.649557251699485,0.9827773580098863,2.3610980372940285,-1.0234740110360667,4.381913329784171,-1.219454438515216,-6.2835342488501285,-1.3972025632902774,-6.126442473999594
2025-06-25 11:00:00+00:00,2025-06-23 11:00:00+00:00,48,-0.9719349056338241,-192.1053451877621,-0.8798315400435602,-15.327415492542901,-1.087654019381572,-34.92923130287941,0.24725419586414116,-5.480928899012093,-1.4386460954147477,-39.15060986446145,-1.56656336152152,-14.945369607248239,0.9673037094422272,3.465942671500767,-0.5786041247890593,-6.712585238808713,1.0585839177104859,-6.3282979972631805,-0.32378380587025474,-3.7994927709612876,-0.20365867495351764,6.576517235389833,0.4009177007598656,-2.5736489851909856,-1.1031638329891627,3.5140924488356533,-1.645591598771518,-11.749813476460965,-1.3972025632902774,-7.483481383590857
2025-06-25 22:00:00+00:00,2025-06-23 22:00:00+00:00,48,-1.1082300063476056,-175.09697340113283,-1.1350484539416013,-40.17938128081692,-1.1501782551970865,-32.004396833083334,1.460473983448462,-32.54913957057141,-1.6337384373522996,-26.656593220931835,-1.1711825346908962,-10.367945606063252,0.44118255374060605,-2.365549359257855,-0.9631546053514419,-7.722322952986764,-0.022358904336968716,-5.259799520375958,-1.1400844685358305,-7.113590058610093,0.8564848271208129,-4.455700850630863,-1.0424800125288596,-3.1580336960432556,-0.13536827397796267,-0.7504438090386697,-1.3897113197078017,-7.442478631162135,-1.400369614107594,-5.219063351393258
2025-06-25 23:00:00+00:00,2025-06-23 23:00:00+00:00,48,-0.9719349056338241,-165.48544357112308,-0.8312187945391715,0.5280020391539223,-1.0465933272042196,-28.40518151093128,1.2738247853585665,-37.82382526577791,-0.9233680954268884,-7.14698037936683,-0.5883858996980084,-2.577341790755794,0.5163427188408375,-3.232048441027592,-1.0086714594475985,-9.387132675463834,1.496848703445129,-8.118318779984252,-1.0601203219889985,-7.313346865256867,0.8564848271208129,-8.61182513363246,-1.0424800125288596,-4.365005256824073,-0.42960387771710595,1.133233830282753,-0.7257307969971838,3.658822608245133,-1.400369614107594,-6.348483517005572
2025-06-26 00:00:00+00:00,2025-06-25 00:00:00+00:00,24,-0.5698643585281687,-115.76817781841966,-0.04126168009285388,22.564331220426403,-0.7103311435396878,-24.451281625637566,1.040513287746197,-41.28918535294274,-0.22683786507139864,25.3759883541573,0.013596482740396825,-1.2341006412556792,0.7525603805844228,6.791087211135694,-0.7707120236948971,-7.288815464688565,1.3728342173718646,-11.05926591954014,-0.6369767131786797,-5.338895451946304,0.8564848271208129,-9.150027644691553,-0.9749714335109014,-6.9687663452605895,-1.043879839467643,3.768096451828134,-0.02665100344782612,-1.7601112047010312,-1.400369614107594,-7.433807487484216
2025-06-26 01:00:00+00:00,2025-06-25 01:00:00+00:00,24,0.1865734504333185,6.330485901273103,1.3442015667822262,16.73364565915283,-0.06082564909792827,-3.746919951298791,0.7605394906113537,-63.31255490597598,0.4047503033021499,13.664396890345992,0.6255391842335788,8.029474467949875,0.9350922101135565,-3.043351919696485,-0.37411296410706124,-19.897891486071615,1.1920160183178157,-17.302145058585843,-0.5336896905556885,-4.667568860148509,0.8564848271208129,-13.310624923760091,-0.5570611824473507,-5.898441853043883,-1.3231850447489246,6.467950336115023,0.6019627292783881,2.3653698766114717,-1.400369614107594,-18.777386242008316
2025-06-26 02:00:00+00:00,2025-06-25 02:00:00+00:00,24,1.2735268786257259,189.98063642403596,0.773001807105658,26.032516058545024,0.8664616492406183,23.404490329031272,0.38724109443156274,-60.66467353109448,0.9282791390336166,15.078560682470439,1.2376536973835286,13.809820026514824,1.1713098718571413,12.760807932628065,0.9659567697239043,-8.192602792620468,-0.9180023894599673,-17.56297504381261,0.2059786650025066,-3.7421576476705742,0.8564848271208129,-8.223260182097162,-0.45740566103988856,-2.845485810562755,-1.499920967902617,7.16295866011222,1.0995536445957175,4.0155590114146475,-1.400369614107594,-16.88212024708958
2025-06-26 03:00:00+00:00,2025-06-25 03:00:00+00:00,24,1.7369302210525828,314.2308444023717,0.43271258857493666,29.747063010006173,1.3218620533894385,37.59465409462012,0.1539295968191934,5.172260028268477,1.3080837392312794,15.806474160527504,1.8264306904049394,13.663803618813011,1.343104534943385,10.308251917545562,1.295284596419626,8.12229170281142,-1.4060815231365775,10.485365233867899,1.2688354461874807,6.123583276737295,0.397709276515547,-0.68142047646249,0.25625646000709806,-4.70685621790507,-1.5582552978962956,9.517055345947176,1.4263903573711612,6.017814262136814,-1.400369614107594,-7.107199696793338
2025-06-26 04:00:00+00:00,2025-06-25 04:00:00+00:00,24,1.9686318922660113,351.0314055174144,0.45701896132713105,32.95852205682886,1.5654266138050983,46.34577867103444,-0.032719601270702094,9.892492502542124,1.5183469726973997,26.116737820466124,2.2420181159122494,12.05183496908851,1.4826876987009576,8.362528787830776,1.361217098308912,8.063079883250039,-1.475385537889572,11.432461395005612,1.7219656099528613,20.164441230182835,-0.061066274089718806,2.260494634725664,1.2817439222322726,6.7436135750688315,-1.414133307768576,9.595753227875942,1.5578072293600371,6.386730329601253,-1.400369614107594,-2.54274228270543
2025-06-26 04:00:00+00:00,2025-06-23 04:00:00+00:00,72,-0.3313479322790511,-60.06416915431146,0.25041479293347874,24.948467898364253,-0.4403259858886116,-13.008445439642566,0.667214891566406,-32.16926182860098,1.5183469726973997,28.51447893530048,2.2420181159122494,18.98463724937723,0.9565665429993369,5.7935894915927655,-0.8962180552100351,-7.139272003269176,0.949017721276825,-6.506169474222407,-0.9701606571238126,-11.925311966296366,0.8564848271208129,-5.635264215681179,0.3205503447861059,-6.8840785765470605,-1.2294617184024599,1.2572196111773237,1.5578072293600371,10.20890526445228,-1.400369614107594,-18.099217288912012
2025-06-26 05:00:00+00:00,2025-06-23 05:00:00+00:00,72,-0.44038401285007633,-66.79320725813125,0.2747211656856731,33.03962868622995,-0.5345789383866255,-23.842687266588882,0.4805656934765105,-7.438415493740822,1.5446964158785967,45.3759304401992,1.9779036251377422,22.937617580977346,1.0424638745424586,14.40703005785533,-1.0150304317110324,-7.209707449539044,1.5227461680567214,-6.486197529020755,-0.3004609297940954,-3.276391417507059,0.8564848271208129,-5.034018836564352,-0.8785306063423897,-9.13007254630478,-0.2971796935118471,1.5627034677617342,1.4841063790364633,13.146988055030397,-1.400369614107594,-17.10488693240582
2025-06-26 06:00:00+00:00,2025-06-23 06:00:00+00:00,72,0.639754660306642,101.5430752539952,1.903248140082697,38.568682890391116,0.3923972941020927,18.178590183364623,0.10726729729671952,17.576897107235087,1.3855351328244958,21.75290156277571,1.408550703747963,16.306092270932457,1.3860532007149458,33.245408930636316,-0.3470036612997916,-16.220020120283944,0.8641396249706743,-12.075369324746783,-0.4070797918565379,-5.854348880498125,0.8378858183124912,-4.986019241436655,-0.23237706431336125,-5.831680579833796,-1.0438798394676427,19.026628368049888,1.2106976042169875,6.383800534342298,-1.400369614107594,-11.599355591922414
2025-06-26 07:00:00+00:00,2025-06-23 07:00:00+00:00,72,-0.9617127730802905,-126.19323652474489,-0.7096869307781996,4.9413311145690155,-0.9906014742351024,-26.551325524129616,0.7138771910888799,-19.952389987157698,1.0515093632042667,49.64728343852038,0.7992309702333091,22.05995177092282,1.09614970675691,30.89791207959286,-1.2489736744552493,-7.831778015437738,2.361931060361645,-4.836259469947929,0.6491133104495334,0.9191242003811038,0.8378858183124912,-8.166371630797194,-0.33524727995977377,-5.971906723805007,-1.1410153090887607,4.014201183257086,0.7580253597689935,7.843866106538745,-1.400369614107594,-9.71227151164805
2025-06-26 08:00:00+00:00,2025-06-24 08:00:00+00:00,48,0.9089374842163603,141.47151772913344,0.46917214770322824,34.13710309875748,0.5006482098423861,18.87891698400763,0.013942698251771779,14.722660386105321,0.5652423663148972,16.582004657936988,0.1859943781092394,4.944961186954171,1.4719505322580673,21.565451343052874,0.9120728468600717,-12.581242849890721,-0.917876430943473,-14.688651733865832,1.395445344886631,14.289176377188355,0.8564848271208129,-7.4833584194157625,1.2399528971259175,5.1425426002763635,-0.8947117670801372,18.8870106177636,0.16144238823654153,2.103376615961118,-1.400369614107594,-8.2834935038165
2025-06-26 09:00:00+00:00,2025-06-24 09:00:00+00:00,48,0.2887947759686546,29.75244775720901,0.1774956746768956,23.316396792900573,-0.09722035352785442,1.2116113889574762,0.1539295968191934,11.771271809252182,-0.03999635887745396,13.472667174743956,-0.41973601762251167,-3.496142502120686,1.4075275336007265,16.177936706393623,0.6423185497902019,-10.890878270320343,-0.6182333097373824,-12.790181249090232,0.9123286261661884,0.7167566867926991,0.8564848271208129,-7.792365274394974,1.4039023033123874,6.466517836767162,-0.37697121699841857,-4.118459815895542,-0.5266910298420027,-3.9484814457588473,-1.400369614107594,-7.975762068611556
2025-06-26 10:00:00+00:00,2025-06-24 10:00:00+00:00,48,-0.40631023767163094,-88.46209717846291,-0.16279354385382583,16.660182898240233,-0.6994438387956928,-23.300127874303563,0.5272279929989844,-10.095066236388726,-0.7229526336547508,9.394916756344426,-1.0092393560095836,-12.758563868569397,1.2357328705144828,11.320078859673686,0.0321918952512784,-3.2087940062514466,0.2477940641013962,-4.013228736688925,0.30593384818604646,-3.139159971637704,0.844085487915265,-8.308582823763436,0.9377716386645808,2.5083640848755646,0.6106532067787789,-5.2244677656185825,-1.219315960539266,-6.658534018565989,-1.400369614107594,-1.640892141004607
2025-06-26 11:00:00+00:00,2025-06-24 11:00:00+00:00,48,-0.9548980180446014,-166.2084412474088,-0.8919847264196574,-7.959574893008329,-1.0901425461801997,-32.18507732729749,0.9471886887012493,-20.812780720654473,-1.437049159464372,-34.38603310464444,-1.5655822085672852,-14.324440578566078,0.8814063778991054,2.242240162754919,-0.4350252247357417,-6.421044485419836,0.6949511788219596,-5.917748503253724,-0.37376139746202464,-4.336088559078395,0.37911026770722545,0.30732440068044625,0.3526972871756098,-2.7945562534898696,1.0452581378257322,-3.0315242117466537,-1.6455163652211775,-10.183444482380477,-1.400369614107594,-5.12739250154259
2025-06-26 22:00:00+00:00,2025-06-24 22:00:00+00:00,48,-1.1593406691152737,-166.8305283479972,-1.2201207585742817,-55.159997526936564,-1.171019667135591,-32.395518963599685,1.5071362829709358,-32.53968896398606,-1.6371984652447804,-25.295694134225112,-1.1740721033659878,-9.417159880833633,0.5378170517266183,-2.1379403065020264,-1.2061342823647487,-8.03746106827809,-0.022358904336968716,-5.61231596621451,-1.1400844685358305,-6.262545258428474,0.8254864791069435,-3.373863706988358,-1.0424800125288596,-3.564844059750768,1.553221226712927,-2.4586052036544865,-1.3935720953726938,-6.969531026653043,-1.4030939478795184,-4.22128848867079
2025-06-26 23:00:00+00:00,2025-06-25 23:00:00+00:00,24,-0.5664569810103242,-119.3544384098347,-0.40585727137576966,8.871804679063597,-0.8490665125631671,-24.31757474212355,1.3204870848810402,-43.20307462139784,-0.927094279311098,-7.819128488447805,-0.591266802345788,-0.5885868088930561,0.6988745483699716,3.7783169119516686,-0.008639400334979754,-4.290019542626417,0.20181218494235148,-5.793765945621794,-1.0301337670339366,-7.58961495615433,-0.02386825647307563,9.450912997301533,-1.0424800125288596,-4.979187558432578,1.5596335962543857,-0.2390022903474471,-0.7309222226036464,-1.6327804721412817,-1.4030939478795184,1.6087814534102038
2025-06-27 00:00:00+00:00,2025-06-26 00:00:00+00:00,24,-1.0843783637226938,-145.31470961590583,-1.0256697765567266,-25.50191989810267,-1.1022741143235084,-29.358712265922584,1.5071362829709358,-40.32570170785327,-0.23029789296387926,20.22759661854561,0.010737889395881547,6.3195500452831785,0.5163427188408375,-1.3048528765018303,-1.2583447914750463,-8.551429008645114,-0.022358904336968716,-6.711086402321981,-0.5303578511162371,0.7513163018271626,0.41010861572109475,4.2097101890005515,-0.9363951026434967,-6.636020553654704,0.05517019014230828,-0.9111963887111308,-0.03192734251017904,2.8144328608753315,-1.4030939478795184,-5.673646895975158
2025-06-27 01:00:00+00:00,2025-06-26 01:00:00+00:00,24,-1.1150447613832948,-143.29370966183853,-1.062129335685018,-29.41566535265019,-1.1224933945623563,-27.431963925728336,1.5071362829709358,-39.51616780455508,0.4015564314013986,29.64005406848788,0.6226908299633973,17.265002506256426,0.5056055523979476,-3.8003035315328595,-1.3078778385796872,-8.172921090839372,-0.022358904336968716,-6.46701985476929,-1.036797445912839,-8.124283202539837,0.4163082853238686,0.3840379863748832,-0.4541909668009382,-6.377550068618054,0.32525673365575336,-1.3807882942607959,0.5970142627405205,4.241548181210144,-1.4030939478795184,-6.162377293475134
2025-06-27 02:00:00+00:00,2025-06-26 02:00:00+00:00,24,-1.009416058330114,-141.54127338081102,-0.7947592354108799,-4.490801465978387,-1.031662166412455,-28.336557442574016,1.460473983448462,-46.86098244345642,0.9258837351080529,31.37969128178368,1.234780616643416,17.419135876194193,0.5270798852837278,-4.0727880808613275,-1.2744095635089838,-8.234048411306434,2.7351534518180127,-4.871456986974646,-1.066784000867901,-10.022521580701808,0.7200920958597878,-1.83556498607266,-0.9428244911213975,-6.94616575663003,0.7094063901205147,-3.0647960176575917,1.0951550104641012,5.474376862413781,-1.4030939478795184,-5.3547126733698125
2025-06-27 03:00:00+00:00,2025-06-26 03:00:00+00:00,24,0.019611952058936174,-12.837345187327804,1.2226697030212543,19.667535057352474,-0.1451244944014324,-4.8663542607920665,1.1805001863136186,-81.72149536017906,1.3062206472891744,14.639514345625185,1.8234741124502856,14.094907284031137,0.6988745483699716,-4.429106300659832,-0.7837646509724714,-18.424063639084956,1.5119719249247048,-13.468230265695876,-0.9634969782449099,-13.271487711059553,0.8564848271208129,-12.546012361410568,-0.971756739271951,-8.366002758376105,0.3783495153565079,-3.670874737285102,1.4226634251543586,4.512697625691779,-1.4030939478795184,-20.63910520420576
2025-06-27 03:00:00+00:00,2025-06-24 03:00:00+00:00,72,-0.5255684507961897,-85.79559535779177,0.22610842018128438,22.143968279030336,-0.6139007300928748,-22.86247982599706,1.3204870848810402,-71.44946714776698,1.3062206472891744,37.63893699870462,1.8234741124502856,15.85898438140958,0.5592913846123987,-4.228926567246258,-1.0685796718241578,-7.677621584991743,1.9019626912844592,-6.460883020158203,-0.8768691528191753,-8.979775742983378,0.8564848271208129,-6.569505877661389,-1.0071183759004052,-9.979909502250553,0.4830905910221705,0.7713057245205776,1.4226634251543586,8.560828968912979,-1.4030939478795184,-4.890278719641827
2025-06-27 04:00:00+00:00,2025-06-24 04:00:00+00:00,72,-0.9071947327947779,-132.53578924971623,-0.5760018806411303,7.611896270517246,-0.9408309382625537,-23.945455999461018,1.3204870848810402,-45.40908193481379,1.5172823487304825,42.9703140186547,2.239729718636246,18.92572039779417,0.5700285510552886,-3.555969077055119,-1.2426147021918155,-7.948058464348879,2.343016557830389,-3.79585556579894,-0.49037577784282116,-5.71569048992744,0.8564848271208129,-6.992177955807572,-0.7885191676517788,-8.191643609362036,-1.5411751763040396,3.7011554481968236,1.5548015215707807,10.551471051946129,-1.4030939478795184,-8.50324633120742
2025-06-27 05:00:00+00:00,2025-06-24 05:00:00+00:00,72,1.8595958116949862,299.17489737449876,2.036933190219766,27.023817948810592,1.4749064515050254,39.4876594561773,0.7605394906113537,-105.18410417255305,1.5444302598868678,17.45049451667304,1.9785025464878543,12.136514743655287,0.9565665429993369,-2.4348777108572865,0.7892442773505903,-14.605033165749791,-0.4181725376853242,-26.523564405236495,-0.8635417950613701,-20.163725967937996,0.8564848271208129,-5.802157013641038,-0.4156146359335335,-7.0878932280281095,-1.06396748206631,6.195944505585117,1.4818107259546476,6.845178972749976,-1.4030939478795184,-12.48001504960198
2025-06-27 06:00:00+00:00,2025-06-24 06:00:00+00:00,72,-1.1150447613832948,-141.224344320863,-1.0378229629328237,-29.543218918345538,-1.1212491311630424,-25.76940067392725,1.6004608820158834,-43.059956429476046,1.3858012888162248,39.54061037184635,1.4098543884865036,21.79154306390671,0.5056055523979476,-2.482476051383512,-1.3212651486079685,-0.6340679422543894,-0.022358904336968716,-6.706761209021891,1.8419118297731092,52.48163926107172,0.8564848271208129,-5.916723584570481,-0.7756603906959773,-7.873880236141934,-0.9168929202911194,3.313433065362188,1.2090499842015445,13.570554207355734,-1.4030939478795184,-6.974991053212461
2025-06-27 07:00:00+00:00,2025-06-24 07:00:00+00:00,72,-0.017869200637353734,-12.899276824097969,0.8459209253622412,17.10068361969097,-0.1896069109268978,-3.4246179021131486,1.2271624858360926,-90.21140672385474,1.0520416751877253,15.710495725117855,0.8006627984296133,11.710422140031529,0.7418232141415324,-5.934096781507496,-0.6575892539559194,-18.5940020104474,1.010170947193287,-12.389977584548612,-1.066784000867901,-11.837376024246577,0.8564848271208129,-15.530429903734104,1.8346713313317398,42.43351045070274,-0.16248854755558548,-1.4255117920999507,0.756925099492633,0.7741779987653183,-1.4030939478795184,-20.3925624743037
2025-06-27 08:00:00+00:00,2025-06-25 08:00:00+00:00,48,0.5613849773962176,55.57434538607698,1.5508057351758784,23.71764879127428,0.2521065958294713,2.8703922456462503,0.3405787949090889,-24.10500254197053,0.5663069902818145,17.017707859564254,0.18739121675611123,7.284031249764719,1.1927842047429216,21.63389653823388,0.004747909693301622,-21.710072362063965,0.6215981148135897,-14.012121519823,0.9989564515919229,-0.02478428576275474,0.49070432055715496,-4.121159886004258,1.7543039753579799,10.127453881267565,1.2948863215760462,-12.298393014265264,0.16076939085982034,1.6278146071358142,-1.4030939478795184,-9.732998308797857
2025-06-27 09:00:00+00:00,2025-06-25 09:00:00+00:00,48,-0.8901578452055552,-127.74742282513303,-0.6367678125216164,10.189848001261707,-0.947674386958779,-24.83518330318464,0.9005263891787754,-23.518684517379167,-0.038665578918807626,39.36071554829284,-0.41845805741493697,0.6315575356214943,0.9243550436706661,15.897875829073332,-1.108741601909002,-8.45386595686715,1.6661782797516957,-8.547128231037938,0.5724810033421528,4.103688946187822,0.49070432055715496,2.796487598981453,1.021353688877291,9.09612884914429,1.508580364864028,-6.130549800300185,-0.5270430678123205,-2.070523444038487,-1.4030939478795184,-4.809530755385852
2025-06-27 10:00:00+00:00,2025-06-25 10:00:00+00:00,48,-0.43356925781438727,-82.71176380665561,-0.10202761197333984,20.52580249568442,-0.7041098265431193,-24.487564994827085,0.8538640896563015,-19.432755050615334,-0.7213556977043754,13.739882931923074,-1.0081494657522605,-10.740266117223412,0.9028807107848857,0.8397414707303139,-0.09733032927234386,-5.231115418496407,0.506804604139167,-5.248258802105883,-0.8468825978641134,-7.180644753888136,0.6270970518181799,-2.685432339520163,0.609872826291641,0.39370862000868945,1.448100898171664,-3.8040807568039186,-1.2193783436344374,-5.914883672063294,-1.4030939478795184,-3.893077555271857
2025-06-27 11:00:00+00:00,2025-06-25 11:00:00+00:00,48,-0.9855644157052023,-177.33469372842197,-0.9041379127957546,-9.302806903091977,-1.0935642705283124,-31.149960243635952,0.9938509882237231,-24.951899120964367,-1.4357183795057258,-34.37040365564565,-1.5647962662709287,-14.463098538735103,0.8169833792417639,2.6546984502976154,-0.6291412201458215,-8.133713711573732,1.0658883308060636,-8.46236290097433,-0.4004161129776353,-4.299713644657499,0.8378858183124912,-5.111907292162202,-0.7595869195012253,-3.8095477427070037,1.4580864833603582,-4.465819865639887,-1.6454693998069372,-11.621462981339375,-1.4030939478795184,-5.481956634660355
2025-06-27 22:00:00+00:00,2025-06-25 22:00:00+00:00,48,-1.1457111590438955,-172.3829834813003,-1.1958143858220873,-53.16481152194915,-1.165109415988851,-31.97334548486715,1.460473983448462,-33.30790042538578,-1.64092464912899,-27.670893728579227,-1.1771001257068765,-10.247429533458533,0.5592913846123987,-1.2764197106140927,-1.1438832907332404,-7.303140240184253,-0.022358904336968716,-5.25090625051843,-1.1400844685358305,-6.985514369876978,0.8564848271208129,-3.9124172039412146,-1.0424800125288596,-3.8100641773319674,-1.1031638329891627,2.5237230674853297,-1.3975430775698405,-7.7522086521602604,-1.4053747584318574,-5.198373261961743
2025-06-27 23:00:00+00:00,2025-06-26 23:00:00+00:00,24,-0.9276389979018451,-154.9475258284016,-0.7461464899064911,5.641586699326641,-1.0195305982691463,-25.09839208513206,1.1338378867911447,-32.899194918710684,-0.9308204631953078,-9.041225185220052,-0.5942657038048264,1.4701454435555432,0.8384577121275443,10.81223941979881,-0.9343718887906369,-9.01911776274025,1.4498917621164171,-7.996229207540947,-1.0501248036706445,-7.17613965944822,0.8378858183124912,-5.790359400066457,-1.0424800125288596,-4.4542036014116455,-1.551842928354837,4.55286504805667,-0.736237513185749,1.7365690047513196,-1.4053747584318574,-5.4630090449760775
2025-06-28 00:00:00+00:00,2025-06-27 00:00:00+00:00,24,-0.6073455112244587,-111.21176617805044,-0.08987442559724265,27.230900913404106,-0.7377049383245896,-23.457576664572077,0.9005263891787754,-26.3211258593277,-0.2337579208563596,29.11086538218796,0.007776209341195155,1.7256218408808277,0.9028807107848857,10.156387026544039,-0.8175676087938819,-7.303079675084503,1.461608113948922,-9.032404988449676,-0.8835328316980781,-8.418664441682276,0.8378858183124912,-7.17717659784924,-0.955683268077199,-7.279013069324011,-1.5603947090692205,3.9530538458208033,-0.0372997282713373,-1.7266510247158597,-1.4053747584318574,-5.639215524071821
2025-06-28 01:00:00+00:00,2025-06-27 01:00:00+00:00,24,0.7726423835025789,89.18165099351144,0.08027018366811806,17.388017451973713,0.3519587336243969,13.84761624017501,0.4805656934765105,-25.935071310630942,0.3986287154923769,15.154889561820822,0.6197459909060605,8.694358762570698,1.160572705414251,7.455686866003228,1.032223954363897,-4.828293706420873,-1.1936101200925413,-6.794755491712476,-0.5703399243896531,-4.375323501893169,0.534102007776572,-1.1238368252994848,-0.7949485561296795,-3.5548784890973177,-1.3374208877652598,6.390825149101052,0.591998275952052,3.5345147215792885,-1.4053747584318574,-11.2995910292689
2025-06-28 02:00:00+00:00,2025-06-27 02:00:00+00:00,24,1.0077514322338519,143.86752224210673,1.8546353945783083,32.3013048919119,0.66022499080437,17.47061952501529,0.24725419586414116,-25.590895969920503,0.9232221751907602,14.666786965433236,1.2318025624385263,15.79884623764544,1.2894187027289339,30.816564789315215,0.27684498601812063,-20.55351067173655,0.2477940641013962,-17.035201595559837,0.7790550485881352,-1.3365939036784658,0.37291059810445154,-2.4892823770241024,-0.4927672976683429,-5.601125073661824,-0.6590533974253011,8.250476963511915,1.0907095801070097,4.006272419673401,-1.4053747584318574,-14.70727799787938
2025-06-28 02:00:00+00:00,2025-06-25 02:00:00+00:00,72,-0.04512822078011003,-7.859709275152148,0.9796059754993104,24.525468881256856,-0.21729177156162807,-4.266730227480255,0.7605394906113537,-63.07800160187398,0.9232221751907602,14.12782202275987,1.2318025624385263,14.523000915730632,0.9243550436706661,-1.5766879880616982,-0.7061182528084394,-16.81679203240299,1.3246732519065194,-12.399572175573434,-0.4170753101748919,-5.742026624681285,0.7510904438736572,-6.524825312802811,-0.31917380876502177,-7.284834586344196,0.0823899656758923,-1.316493565651906,1.0907095801070097,4.970147239192641,-1.4053747584318574,-20.7083195263677
2025-06-28 03:00:00+00:00,2025-06-25 03:00:00+00:00,72,0.557977599878373,48.968896595102834,1.58726529430417,21.302037330309812,0.31680829259378457,10.504809081284579,0.667214891566406,-71.18620108550458,1.3043575553470694,14.172742011511785,1.8203637136566184,14.845989367479886,0.9458293765564465,-2.0606773445695605,-0.3152087999826233,-30.592841460431334,0.6688016399494118,-16.559226526791036,-0.020586416880183762,-5.914725133296506,0.8564848271208129,-11.82289076497896,-0.3448913626766249,-7.207431813932948,0.8279375587482983,-5.577080783137898,1.4188994605307996,5.039585491969036,-1.4053747584318574,-16.235366638288184
2025-06-28 04:00:00+00:00,2025-06-25 04:00:00+00:00,72,1.2292309708937468,164.0270134139074,3.118566777692416,22.187644355165286,0.9149879218138532,21.68385034606788,0.5738902925214583,-95.5066063201043,1.516217724763565,17.539800181005553,2.2371186919975887,14.003265576998482,0.9995152087708976,-4.979955085398957,-0.13381074909941074,-29.11370260649074,1.0181524480405997,-24.201760983891223,0.5691491639027015,-1.2027685115163937,0.8564848271208129,-10.481971865302443,0.037657251758471524,-4.515369530799213,1.3916250516833988,-5.221975117770277,1.5517563459364079,5.816534927319653,-1.4053747584318574,-12.180622899365794
2025-06-28 05:00:00+00:00,2025-06-25 05:00:00+00:00,72,1.3007858987684822,190.12362054768423,3.36163050521436,27.965690176826286,0.9812449478273089,30.7099286348681,0.3405787949090889,-66.53891933346266,1.5438979479034092,19.435140532713447,1.978851832597149,14.883512988182312,1.1068868731997998,5.995296554240745,-0.1401697213628443,-27.9474650523786,1.1072966589429618,-22.57344182665934,1.2255215334746132,7.825160024976032,0.8564848271208129,-7.7412349969104035,0.6066581320526906,-1.489368734625856,1.23084001676055,-3.7905831837224584,1.4794609561197558,8.390897939048598,-1.4053747584318574,-20.540731598089344
2025-06-28 06:00:00+00:00,2025-06-25 06:00:00+00:00,72,1.7539671086418056,325.87244551402256,1.1862101438929626,33.05427667552302,1.3532797042221096,41.607352323930385,-0.07938190079317597,17.17153947780389,1.3858012888162248,15.551551833819836,1.4109810805358896,14.576103787195844,1.3753160342720554,6.53149517338611,1.029546492358241,-14.592181477468287,-0.9095496108200876,-12.236143603436076,1.2954901617030912,7.759135831949306,0.8564848271208129,-6.547574762294284,1.2399528971259175,6.471162383803276,0.10958485434931779,-6.798996787185761,1.207322496807324,3.2853377483148054,-1.4053747584318574,-11.608040848650104
2025-06-28 07:00:00+00:00,2025-06-26 07:00:00+00:00,48,-0.2666077594400049,-52.27064543344937,0.10457655642031244,26.02392299699254,-0.40330914975902854,-8.315601574458269,0.43390339395403665,-9.43624766259549,1.052840143162913,24.367223726740686,0.8019346169291038,22.372292843532723,1.010252375213788,6.718721297632383,-0.7054488873070254,-7.896058425248562,0.3926963696431823,-6.230927138233821,-0.7136090202860602,-7.257673485788238,0.8564848271208129,-8.221280783686776,-0.7177958943948701,-9.030617012900848,-0.10820655599122846,-1.6770066693126255,0.7557103127325251,2.2619996671863647,-1.4053747584318574,-14.859425296277896
2025-06-28 08:00:00+00:00,2025-06-26 08:00:00+00:00,48,-1.0468972110264039,-138.18805784513586,-0.928444285547949,-14.803597101189613,-1.065879409893582,-25.84370211280301,0.7605394906113537,-20.8934031988491,0.5673716142487316,40.24559410340754,0.18862612580986624,12.744588960450827,0.8169833792417639,19.2297722715172,-1.266711860242722,-6.988659572843105,-0.022358904336968716,-6.44052666712559,-0.23715598044452016,0.6683842033685549,0.8564848271208129,-10.96217599202315,-0.6309991499432096,-7.526780143208902,1.1045421313472525,-4.269389785812585,0.15994192208290392,9.334898294118364,-1.4053747584318574,-7.044029558476401
2025-06-28 09:00:00+00:00,2025-06-26 09:00:00+00:00,48,0.32968330618278907,32.86611541113602,-0.10202761197333984,4.858288522318382,-0.08042279763711933,-0.5135679233457818,0.43390339395403665,-20.076712717167304,-0.03733479896016129,13.140600708234189,-0.41735298553127154,-2.8944704087982527,1.063938207428239,5.26439408984265,0.8585236067469462,-11.071842624809008,-1.0320177227613825,7.170262164212207,-1.0001472120788746,-15.465396958951635,0.35431158929613,2.9134098188575726,-0.17129787377330383,-1.3944269897640302,-0.16248854755558548,-0.6237652592136701,-0.5275877885094263,-0.565160330701936,-1.4053747584318574,-9.043964060788095
2025-06-28 10:00:00+00:00,2025-06-26 10:00:00+00:00,48,-0.40631023767163094,-83.70830684942838,-0.29647859399089493,14.934298873698962,-0.712508604488487,-23.339930102066887,0.5738902925214583,-13.158507181393459,-0.7202910737374582,11.699403031489656,-1.0072489618010538,-12.170680575898604,1.0532010409853487,4.377909981682679,0.13728227897328713,-4.418725816773879,-0.08757377193902638,-5.850587191828061,0.3459159214594624,-3.1261707573657986,-0.15406131813132673,6.1249469115848285,-0.9074628544929432,-3.047778448871523,-1.436296118984745,3.4807691309958484,-1.2196454362323668,-7.432720588452595,-1.4053747584318574,-4.467535179741481
2025-06-28 11:00:00+00:00,2025-06-26 11:00:00+00:00,48,-1.1218595164189837,-176.33049573441352,-1.1350484539416013,-42.60999357185223,-1.1501782551970865,-33.06152196053549,0.9938509882237231,-25.278150162241264,-1.4346537555388086,-35.40605512320416,-1.5642090940567452,-15.926635694958541,0.870669211456215,3.05074475116263,-1.1358509047162715,-6.456917071105024,-0.022358904336968716,-5.363864771807325,-0.37376139746202464,-2.7783528559330755,-0.15406131813132673,5.863962350195593,0.39127361804301447,-2.1148835525965715,-1.4753446368629408,2.874973269948952,-1.6454515551318398,-11.251686705634633,-1.4053747584318574,-5.991846895889259
2025-06-28 22:00:00+00:00,2025-06-27 22:00:00+00:00,24,-1.0809709862048493,-179.15260071545757,-1.0864357084372125,-36.82716748807506,-1.1380466870537778,-31.811426377934087,0.9938509882237231,-24.504935621938642,-1.6446508330131997,-31.58088913692935,-1.1802621756421758,-11.558822277118717,0.5592913846123987,-1.120354105682437,-0.8339670635785266,-6.553722944739303,-0.022358904336968716,-5.5135934006220975,-1.1400844685358305,-7.441177389820248,0.14352282280181866,6.832840324828318,-1.0424800125288596,-3.9146416636996952,-1.0234740110360667,2.844790601034352,-1.4016177408682284,-9.635668736855216,-1.4072113708360736,-7.9457650958195325
2025-06-28 23:00:00+00:00,2025-06-27 23:00:00+00:00,24,-0.5391979608675679,-109.75922869153635,-0.5273891351367416,9.728677852182285,-0.8596427514573338,-25.124248675026447,0.667214891566406,-17.68838805013304,-0.9348128030712468,-12.317383112929713,-0.5973781711124908,0.2936469583439218,0.7740347134702031,0.5150226348922324,0.21727145639226844,-4.05814434918969,-0.28087717481620483,-5.673862921918831,-1.0334656064733878,-8.290088105988614,0.12492381399349706,7.320398562837961,-1.0424800125288596,-5.355337303586049,-1.364665557742091,2.196101802482918,-0.7416711772815611,-0.323385415665917,-1.4072113708360736,-7.780416574276859
2025-06-29 00:00:00+00:00,2025-06-28 00:00:00+00:00,24,0.13887016518349496,1.4656327498212895,-0.2114062893582146,4.643396395661113,-0.26550697828503456,-1.3815687702709483,0.6205525920439321,-27.520305480634498,-0.23748410474056927,9.54857196829803,0.004715805508756049,1.4321663486979723,0.9673037094422272,1.3894574589947726,0.7892442773505903,-7.966813848015079,-0.9748523125121725,-1.9396039254671351,-0.5037031356006265,-3.902802147963958,-0.42684678065337667,8.840612421308068,-0.9396097968824471,-4.031740843924899,-1.5072020665059376,5.48853582341149,-0.04276349505809506,-0.1503508407042252,-1.4072113708360736,-5.458883171359742
2025-06-29 01:00:00+00:00,2025-06-28 01:00:00+00:00,24,0.7896792710918016,106.41081044828915,0.007351065411534891,12.259269419940681,0.36346817006804893,18.232908979425435,0.38724109443156274,-20.256680951792355,0.39543484359162556,16.570366699313674,0.6167088786627573,8.644692882038413,1.160572705414251,7.115197782338856,1.091128118488335,3.575807253551768,-1.2777596410100365,20.117651555855428,0.159332912850188,-1.645678193323871,-0.8732229920530947,8.314418297074726,-0.42847341288933505,-2.8427245204834186,-1.55944373896185,3.6893493881552706,0.5869183688132827,3.358569770682197,-1.4072113708360736,-15.432501423654267
2025-06-29 02:00:00+00:00,2025-06-28 02:00:00+00:00,24,1.3416744289826166,236.688216259569,0.20180204742908997,27.155609694817777,0.9177875144623091,29.981128304166727,0.20059189634166727,1.5020620690478235,0.9208267712651972,15.248052497124679,1.2287235154817042,13.706534457858707,1.3216302020576043,14.823344548266524,1.2497677423234692,2.777181657793081,-1.405696982158835,15.1653139396057,0.7957142457853918,-0.9283023041984637,-1.3443978818639084,5.978265978530592,0.21125074066179259,-1.1473659071194853,-1.551842928354837,7.289138605286549,1.0862196692347517,4.642688378546994,-1.4072113708360736,-6.189594875453409
2025-06-29 02:00:00+00:00,2025-06-26 02:00:00+00:00,72,1.331452296429083,225.2137002178453,0.22610842018128438,24.891845996200285,0.9096998023667702,28.69515508527785,0.4805656934765105,-31.123623896021858,0.9208267712651972,14.815909641395828,1.2287235154817042,13.846649784633675,1.1820470383000317,12.904005832481062,1.2290174117796333,13.824807362599655,-1.3820771390631146,23.828068405314944,-0.47371658064556454,-3.5389324890099743,-0.8484243136419993,4.455264252059359,0.19839196370599105,-1.2146848135826092,-1.55944373896185,5.489645070065806,1.0862196692347517,3.7748972422767437,-1.4072113708360736,-7.122588663442137
2025-06-29 03:00:00+00:00,2025-06-26 03:00:00+00:00,72,1.743744976088272,319.47227279662275,0.31118072481396475,28.752056176107423,1.3296386996351492,37.96547667685495,0.1539295968191934,5.447425415798221,1.3024944634049644,20.842076773018047,1.8171033053139307,12.473606332677322,1.3538417013862751,9.240121873531825,1.3431442297707321,7.1296464194811,-1.4901981361452539,20.725677452417287,1.3254767166581531,7.088450386720323,-0.8732229920530947,2.979375539608005,-0.39954116473878154,-5.906084893626581,-1.4921827689208964,7.65176086110945,1.4150993641498926,6.024302302146229,-1.4072113708360736,-5.978856703870421
2025-06-29 04:00:00+00:00,2025-06-26 04:00:00+00:00,72,1.9754466473017005,339.78506404349343,0.3476402839422563,28.029059617324567,1.5744475234501227,45.52848916898086,0.10726729729671952,7.329943607963509,1.514886944804919,25.46340956620438,2.2341883323290546,10.402201020171287,1.396790367157836,8.546525305365943,1.401044345643049,17.533683939227775,-1.5456477114086355,27.939423305771793,1.728629288831764,22.91507784816572,-0.8980216704641902,2.5293371243155405,1.3363937242944293,10.028144476794626,-1.390246753325309,8.276156100662114,1.5486711591334517,5.799140085322951,-1.4072113708360736,-3.370322299765311
2025-06-29 05:00:00+00:00,2025-06-26 05:00:00+00:00,72,1.9924835348909231,375.22381609916647,0.42055940219883947,30.04291400454086,1.599332791436397,46.2449680986002,-0.26603109888307147,12.101815495303724,1.5433656359199504,24.057353975447462,1.978945465465225,10.679415170889076,1.5148991980296287,8.505330206376758,1.3749390910879005,4.843803107513087,-1.5060158536307262,19.811059176114554,1.9551943707144543,29.560150784600875,-1.4125942474944209,4.1437206508927975,1.7253717272074265,12.333722920044089,-1.4753446368629408,9.017529107084492,1.4770551592762309,8.301004517289075,-1.4072113708360736,-4.553607869068889
2025-06-29 06:00:00+00:00,2025-06-26 06:00:00+00:00,72,1.83233679155223,339.9230775620761,0.3840998430705479,31.039651837355887,1.4220252570341925,45.30066492563509,-0.3593556979280192,12.421725653847608,1.3860674448079544,15.934995016015904,1.4119251676290971,12.62468825152352,1.5793221966869695,7.082362252358162,1.3468257400285093,5.5737751930148365,-1.4740380952312808,10.614837201831232,1.971853567911711,22.98186632759076,-1.4125942474944209,4.5443626118352185,1.943970935456053,8.551922926541693,-1.5366783375260578,9.45186679961909,1.2055120443510612,4.014022887270096,-1.4072113708360736,-8.411328210789202
2025-06-29 07:00:00+00:00,2025-06-27 07:00:00+00:00,48,1.205379328268835,216.35950483695157,1.9883204447153775,33.80540130503617,0.842820644653658,27.364091577614232,-0.12604420031564983,29.04997340643319,1.0533724551463717,16.076366265442537,0.8030414045656753,10.565368411582213,1.3108930356147144,12.879548967024716,0.3929799005134613,-5.388693378168867,0.12610233412216074,-11.486044931378052,1.4887368491912683,12.989380407107701,-0.18505966614519606,12.35824912552717,1.9568297124118545,10.216780051302813,-0.6590533974253011,8.163922144454471,0.7543769935783908,0.5823707782375006,-1.4072113708360736,-19.326176262089543
2025-06-29 08:00:00+00:00,2025-06-27 08:00:00+00:00,48,0.8510120664130032,120.82253867730047,1.028218721003699,26.8638099430197,0.4704748224090284,16.931863060421804,-0.032719601270702094,18.21648242180862,0.5681700822239193,17.04589511670538,0.18969454017495815,5.644762437291429,1.2894187027289339,10.970306215819058,0.6101890057223269,-12.723575376348885,-0.3328519024411962,-12.741591239216294,1.202198657398454,5.934509347399085,-0.09826429170636199,14.384187270467436,1.4939137420029982,8.178284294806215,-0.02655552079778644,-10.013709105647596,0.15895544969949746,2.565567218884249,-1.4072113708360736,-23.547516514207704
2025-06-29 09:00:00+00:00,2025-06-27 09:00:00+00:00,48,0.2581283783080538,21.419778250626617,0.2747211656856731,21.219344538584156,-0.1102851192206484,-1.9575664288584502,0.10726729729671952,13.580958598722951,-0.036270174993244295,13.795805587754145,-0.41642495180679595,-1.8493993521876024,1.2249957040715924,8.867602951934584,0.5315385593061739,-9.912418935646206,-0.44517990298961635,-11.526160697070836,0.8556873556955158,-0.209437691988314,0.013329761143567542,9.031879720324497,1.2174500374532646,4.297133505313554,-0.02655552079778644,-3.363305241096064,-0.5283297146311524,-3.0666692086886163,-1.4072113708360736,-11.810651579267061
2025-06-29 10:00:00+00:00,2025-06-27 10:00:00+00:00,48,-0.35860695242180746,-75.05092738547548,-0.29647859399089493,15.233077375484354,-0.6894897316011831,-27.01715331570231,0.43390339395403665,-10.36979289427838,-0.7192264497705412,6.937366350510454,-1.0065415612088415,-10.731380534588455,1.0317267080995682,3.230190201406871,0.27349815851105025,-4.981031709810167,-0.22926793217369104,-5.588913247241304,0.27594729323098455,-2.676943231261715,-0.4082477718450551,8.128852863718253,0.8831218366024242,2.0594404108451667,0.0006891491790446654,-0.8535558844733837,-1.2201207629130124,-5.123296415973333,-1.4072113708360736,-7.231152258626074
2025-06-29 11:00:00+00:00,2025-06-28 11:00:00+00:00,24,-1.1900070667758744,-169.68337236685983,-1.2808866904547676,-53.16117567547072,-1.1859508279273556,-33.702440899025795,1.2738247853585665,-31.087420021438767,-1.433855287563621,-28.821106683866127,-1.5638239404042318,-10.809609226739848,0.43044538729771603,-1.7777131593555462,-1.3282934863728164,-7.671915218401807,-0.022358904336968716,-5.484951531828491,-0.34710668194641403,-1.472911709724476,-0.774028278408713,7.248057306461007,0.39448831228196485,-1.2640330292100426,-0.8265592603902084,2.4381001171775236,-1.6454633370814025,-7.852512445033488,-1.4072113708360736,-5.939706296441763
2025-06-29 22:00:00+00:00,2025-06-28 22:00:00+00:00,24,-1.0775636086870048,-174.49750058493905,-1.0742825220611154,-32.9494094887827,-1.1352470944053217,-31.126283023033942,1.1805001863136186,-29.50693474712468,-1.6483770168974092,-31.388158611602435,-1.183553957009545,-12.175671283608182,0.5485542181695082,-1.4312701569833308,-0.8312896015728702,-6.990568037040298,-0.022358904336968716,-5.604454160760304,-1.1400844685358305,-7.236693751173782,0.5093033293654765,0.39398491990953427,-1.0424800125288596,-3.971505763226531,-1.212500866754261,3.0412878859170753,-1.4057896803847678,-9.167385824636018,-1.4086032416090086,-7.264169717756419
2025-06-29 23:00:00+00:00,2025-06-28 23:00:00+00:00,24,-0.5391979608675679,-109.27249624220332,-0.5395423215128388,8.94418410519106,-0.8621312782559611,-25.500685491439505,0.9471886887012493,-22.34019485928256,-0.939071298938915,-12.659278342068705,-0.6005999459992271,-0.8856531914615766,0.720348881255752,1.3153695460089219,0.23567900768115535,-4.161826261698757,-0.3175904552965938,-5.584006866615207,-1.0301337670339366,-8.136347187546422,-0.0052692476647540456,7.160529612951463,-1.0424800125288596,-5.339851906169753,-1.4254319185228437,2.040589165593743,-0.747217946027565,-0.9501721676371663,-1.4086032416090086,-8.129090508354881
2025-06-30 00:00:00+00:00,2025-06-29 00:00:00+00:00,24,-0.5426053383854125,-100.79008145745345,-0.28432540761479774,16.695924085970436,-0.7081536825908888,-23.018567461210584,0.9005263891787754,-23.297213915272874,-0.24121028862477925,28.375291644967227,0.0015608218905007207,-0.7784055146905269,0.8062462127988739,3.9640714298400934,-0.5695676905199695,-8.17913441222746,0.4692331137357421,-5.952767700270694,-0.5037031356006265,-2.5344656888021233,-0.05486660448694494,11.82946266444794,-0.9363951026434967,-8.154191952150297,-1.5317132017188122,3.2644530879536577,-0.04831422929348487,-3.393315903778661,-1.4086032416090086,-5.760751172318847
2025-06-30 01:00:00+00:00,2025-06-29 01:00:00+00:00,24,0.2547210007902092,15.820988635712979,0.89453367086663,23.63963353978048,-0.020387088620232512,-2.097898219832163,0.7605394906113537,-69.63590188196343,0.39224097169087424,14.739814889682213,0.6135834374032157,9.141065165208806,0.9458293765564465,0.009993162368445808,-0.07858809523275005,-16.007719860701084,0.40325402583368447,-13.706828665008967,-0.5070349750400778,-4.531898223440067,-0.2284573533646131,20.42631953198484,-0.42847341288933505,-3.5560226386058598,-1.5452023482721042,5.747744366484036,0.5817778882151192,2.6663459316161155,-1.4086032416090086,-16.85830956620537
2025-06-30 01:00:00+00:00,2025-06-27 01:00:00+00:00,72,-0.7606774995274628,-115.60069711351453,-0.3450913394952837,18.06299339224778,-0.8316468249727752,-21.845897277755704,0.9471886887012493,-26.16461633717938,0.39224097169087424,38.22007309164113,0.6135834374032157,15.178291444230242,0.8277205456846543,16.049489485523203,-1.0782854715946617,-6.814338734247931,1.7281551181384132,-6.202911488826849,-1.1034342347018657,-9.863910593133827,0.4969039901599288,-1.0054808956282262,-0.5474170997304995,-7.9984200191912915,-1.4839898266911478,2.1677531486151045,0.5817778882151192,6.183015313935754,-1.4086032416090086,-7.404100201925495
2025-06-30 02:00:00+00:00,2025-06-27 02:00:00+00:00,72,-0.8083807847772864,-110.61401840156279,-0.43016364412796404,15.503857513871473,-0.8618202124061328,-22.288373277687352,0.9938509882237231,-32.338598527282585,0.9181652113479045,41.72484988315674,1.2255471291321436,27.834270548139806,0.859932045013325,18.75146004285519,-1.1539237732544514,-6.633685528599107,1.8255472927461114,-4.826437831352879,-0.7202726991649628,-7.701191441042968,0.8564848271208129,-7.964079044718383,-1.0071183759004052,-8.245878963674363,-1.499920967902617,2.275456864266006,1.0816873634177673,9.920816883798386,-1.4086032416090086,-9.095031636845073
2025-06-30 03:00:00+00:00,2025-06-27 03:00:00+00:00,72,-0.8458619374735763,-115.16699853048856,-0.47877638963235286,13.510590822628208,-0.8895050730408629,-21.79504535496506,1.040513287746197,-35.37911221477435,1.3006313714628595,44.91485458769189,1.8136963062643765,29.200351098655833,0.859932045013325,19.80939074504071,-1.200109992852022,-7.098590949146436,2.0251530367440678,-4.078964998127002,-0.7669184513172815,-7.904040301541722,0.8564848271208129,-6.808863051139088,-0.6374285384211105,-8.344358779507012,-1.5452023482721042,3.434070207271995,1.4112638511068236,12.837591891801532,-1.4086032416090086,-13.836695053639783
2025-06-30 04:00:00+00:00,2025-06-27 04:00:00+00:00,72,-0.29386677958276125,-56.080515166157504,0.6393167569685889,25.463629984878644,-0.40828620335628335,-13.984421815295772,0.667214891566406,-34.35500194991517,1.5138223208380022,29.482615686573617,2.230942035216934,20.312767703205054,1.0209895416566783,6.272314036217411,-0.9678401638613403,-7.563973479234537,1.655573877746364,-7.555482344546436,-0.8035686851512461,-11.567410110391291,0.8564848271208129,-7.672590597549529,-0.6824342577664159,-8.431201676481669,-1.5603947090692205,4.2024851447925515,1.5455452951840332,7.17826085335902,-1.4086032416090086,-16.995047362128478
2025-06-30 05:00:00+00:00,2025-06-27 05:00:00+00:00,72,1.655153160624314,319.07691195518936,1.8181758354500166,33.43229230959473,1.299154246351963,32.39881174641876,0.10726729729671952,15.31869170845683,1.5428333239364918,17.64714298215136,1.9787775945992565,14.134953685853878,1.343104534943385,14.717411649418786,0.6466694255493936,-9.04373875612129,-0.4156390965795486,-10.957933626090682,-0.2638106959601308,-10.342540121469215,0.8564848271208129,-5.36402929695093,-0.7177958943948701,-7.8009856041663905,-1.55944373896185,14.110949975500095,1.4745913794701757,6.125638296201364,-1.4086032416090086,-10.846284548923741
2025-06-30 06:00:00+00:00,2025-06-28 06:00:00+00:00,48,1.2530826135186586,226.95177898656786,2.97272854117925,32.31070897375628,0.9240088314588777,27.89869983350877,-0.12604420031564983,32.75825310994663,1.3860674448079544,16.437233954924615,1.4126811751153463,17.33421202091093,1.4612133658151776,18.314135425901995,-0.019349248357604817,-6.035468488996025,0.8658879990175343,-9.285871857450651,1.6753198578005428,17.59435475576236,0.8564848271208129,-5.893057373974118,-0.06199826964899057,-5.115358840526156,-1.499920967902617,16.2100947364147,1.2036155690975983,6.644024709122881,-1.4086032416090086,-19.455309861528363
2025-06-30 07:00:00+00:00,2025-06-28 07:00:00+00:00,48,1.4132293568573517,249.15391491066302,0.8580741117383385,34.31794340589431,1.0092408743118675,36.77214341865149,-0.21936879936059758,23.420718063585575,1.0539047671298303,16.12682723843735,0.8039783241405312,10.419685512034778,1.5363735309154087,11.512438328472435,1.0031065550523852,-14.121577177527794,-0.9417162234632062,-12.766094804505363,1.2488444095507727,6.013174893113428,0.8564848271208129,-7.797343877122729,1.6739366193842202,7.633492423867238,-1.4662498328448452,11.35617656357391,0.7529212642568859,2.7588053006478965,-1.4086032416090086,-9.957870351245933
2025-06-30 08:00:00+00:00,2025-06-28 08:00:00+00:00,48,0.874863709037915,129.93373111574672,0.6393167569685889,28.114750972591352,0.4819842588526804,18.796387323835177,-0.26603109888307147,21.23527661126629,0.5689685501991072,17.063059292814483,0.190592117108891,5.048922701497125,1.5578478638011894,23.26539416059641,0.7942645186111958,-16.306613828812914,-0.728827663053822,-12.563125360437883,1.405440863204985,12.9884057629756,0.806887470298622,-3.8046632520393247,1.2624557567985701,5.494516512676995,-1.1410153090887607,18.189087223119667,0.15780565424679327,1.3386619988293895,-1.4086032416090086,-15.196761483589544
2025-06-30 09:00:00+00:00,2025-06-28 09:00:00+00:00,48,-0.5494200934211015,-107.83832433110919,0.031657438163729276,32.946735639953545,-0.6795356244066734,-24.279466169464175,0.20059189634166727,11.106599886541288,-0.03547170701805631,40.46128369959057,-0.4156778537865192,-2.2760750565914285,1.3860532007149458,25.577810531455977,-0.8276080913150929,-6.048809540301939,1.471205551088315,-4.7664874109052064,0.8790102317716751,4.761637283562294,0.806887470298622,-3.598863073272294,1.4135463860292385,24.16433919677281,0.0823899656758923,-2.184581644262266,-0.5292730809970388,0.4788017829210801,-1.4086032416090086,-6.424397929499703
2025-06-30 10:00:00+00:00,2025-06-28 10:00:00+00:00,48,-0.9548980180446014,-157.7706957932566,-0.7826060490347827,-7.507541694551722,-1.02077486166846,-31.550340239926594,0.43390339395403665,-10.887540094945463,-0.7184279817953534,20.909948157542747,-1.0060307051834092,-14.236143893721783,1.214258537628702,13.964481091701964,-1.0531842652916341,-6.4734931812649705,1.6095907316594755,-6.682712939780309,-0.5136986539189805,-1.664312397663396,0.806887470298622,-1.4502847678333826,0.9056246962750769,8.782252436308093,-1.212500866754261,5.565828121620165,-1.2208074861283444,-9.978887980361568,-1.4086032416090086,-7.021789205581359
2025-06-30 11:00:00+00:00,2025-06-29 11:00:00+00:00,24,-0.9446758854910678,-179.07419763646394,-0.9041379127957546,-15.409837654426873,-1.0929421388286555,-34.23702967223591,0.5272279929989844,-13.832741872121264,-1.4333229755801624,-38.67882020217635,-1.56364371110536,-16.14405967715523,1.1713098718571413,8.664276136086459,-0.34332215104201413,-5.007009016494145,0.4620568482383329,-5.335282619116887,-0.36043403970421933,-3.4288319817201045,0.2737158844600698,4.907158269755135,0.29804748511345314,-2.8914342838678997,-1.0027562125845981,3.1142627889620376,-1.6455048874402005,-11.847297108393757,-1.4086032416090086,-5.68882423024333
2025-06-30 22:00:00+00:00,2025-06-29 22:00:00+00:00,24,-1.0775636086870048,-176.5817583362474,-1.0864357084372125,-35.33161856560106,-1.1380466870537778,-32.30871764711216,1.1338378867911447,-29.360152721098412,-1.6523693567733484,-32.89440982183993,-1.1869713005767062,-14.492082141780134,0.859932045013325,2.8235464687539533,-0.7971519610007528,-6.628958272445006,-0.022358904336968716,-5.514950818407729,-1.1400844685358305,-6.614112654662759,-1.3195992034528128,7.605141240806412,-1.0424800125288596,-4.016284721705326,-1.2460478541796545,3.2203631175922305,-1.410052608390246,-11.323940907360242,-1.4095499588737075,-3.263941408720486
2025-06-30 23:00:00+00:00,2025-06-29 23:00:00+00:00,24,-0.6243823988136813,-127.91012146457355,-0.3329381531191865,12.529943474735813,-0.8590206197576769,-22.76182834346499,0.9005263891787754,-21.007388028706742,-0.9433297948065833,-9.01694924264264,-0.6039269430816938,-0.045941823623564915,1.0209895416566783,9.395102582970546,-0.2650063873765682,-4.4725092917376,0.7378057763444671,-5.509444116446599,-1.0301337670339366,-7.318887333547453,-0.7430299303948437,9.25765861865159,-1.0424800125288596,-4.970242961442417,-1.5317132017188122,1.7534664862157403,-0.752872769662304,-3.8347693656228783,-1.4095499588737075,-2.96832263344693
2025-07-01 00:00:00+00:00,2025-06-30 00:00:00+00:00,24,-0.07238724092286633,0.7297110033464232,0.5542444523359086,25.29677171136201,-0.3538496796363083,1.3006120535383385,0.5272279929989844,-18.497856579438483,-0.2449364725089889,10.004510148193281,-0.0016848143775293994,-0.15424345806378661,1.1927842047429216,19.78117308111738,-0.08193492273982039,-12.971643949086195,0.6710937108109539,-9.550348104774203,-0.5869991215869097,-2.9290144981495945,-0.16646065733687446,8.437304583076243,-0.9363951026434967,-4.662904233491791,-1.5452023482721045,8.180807874349323,-0.05394776613395925,-1.8933895685372601,-1.4095499588737075,-2.990254435034015
2025-07-01 01:00:00+00:00,2025-06-30 01:00:00+00:00,24,0.6670136804493982,96.52172974986435,0.7243890616012693,31.313798384686198,0.2906787612081964,5.084284607523258,0.24725419586414116,-11.440772576729074,0.38904709979012325,15.8532141389497,0.6103733463145886,11.296728587750334,1.3645788678291655,32.90105820839021,0.6125317849772759,-18.8321852958698,-0.43412985939030546,-9.479027372435077,-0.047241132395794395,-2.48311668781679,0.3667109285016777,-2.1717639257747874,-0.5088407688630948,-4.877295099201744,-1.55944373896185,14.023759723187506,0.5765799308184859,3.726119636569903,-1.4095499588737075,-8.867712723478563
2025-07-01 01:00:00+00:00,2025-06-28 01:00:00+00:00,72,0.7692350059847344,106.93125829106401,0.019504251787632085,18.885591164331462,0.3491591409759411,18.80113349043159,0.24725419586414116,-0.559437386538565,0.38904709979012325,16.577016590498083,0.6103733463145886,10.645881362557065,1.396790367157836,20.51940389721879,1.0620107191768233,-5.862203859608775,-1.2522148025521305,3.6306843054388036,0.14267371565293135,-1.7074557820928284,-0.24705636217293467,3.3651792247401238,-0.5538464882084003,-3.5961751914749396,-1.55944373896185,8.743979635135634,0.5765799308184859,4.014766607698656,-1.4095499588737075,-4.050390305166653
2025-07-01 02:00:00+00:00,2025-06-28 02:00:00+00:00,72,1.3280449189112384,242.07382591152177,0.1774956746768956,27.48784956300808,0.908144473117628,29.471317115660707,0.013942698251771779,12.510096203890336,0.9155036514306119,14.833902325256899,1.2222767338002596,13.807166993245838,1.5578478638011894,14.712146931583435,1.245751549314985,1.7763289771586568,-1.418442393273507,13.980625961602584,0.7757232091486839,-0.8281289412019185,-0.637635547147688,3.229695514059868,0.19517726946704064,-1.2091650026669647,-1.5487586267146582,6.948843350469219,1.077114521015936,4.271915043505907,-1.4095499588737075,-2.5819337349798928
2025-07-01 03:00:00+00:00,2025-06-28 03:00:00+00:00,72,1.743744976088272,329.8562993105828,0.2625679793095759,29.65102241814961,1.331816160583948,40.21940455144175,-0.26603109888307147,14.412121577060038,1.2987682795207551,23.776537397930724,1.8101457505878706,11.431249346155964,1.697431027558762,18.72038745119287,1.3605477328074977,8.967262613443703,-1.5227753095331948,12.722240579328467,1.3221448772187019,8.636636656353135,-1.1894061417945618,4.224884936993474,0.8059691748676148,1.9472129710409696,-1.5140238468376905,7.563755860723244,1.4073934538962396,7.249128838818951,-1.4095499588737075,-2.7225048923616306
2025-07-01 04:00:00+00:00,2025-06-28 04:00:00+00:00,72,1.9822614023373895,379.5110261438206,0.2990275384378675,32.131402944212226,1.583157367245319,45.76982900548136,-0.4993425964954408,12.534377750566877,1.5124915408793558,24.703886433732414,2.2273832812031973,10.156768065514813,1.8155398584305547,17.52220598906486,1.4231334071897133,10.390112913272123,-1.5779483043123956,14.509254024613076,1.728629288831764,21.702331163648765,-1.220404489808431,3.4576052191129287,1.3331790300554789,10.956344777499448,-1.390246753325309,8.080041231991826,1.542377968621786,5.524140089283386,-1.4095499588737075,-1.641899744835866
2025-07-01 05:00:00+00:00,2025-06-29 05:00:00+00:00,48,1.8561884341771417,355.838274592091,1.903248140082697,37.252184824727784,1.4764617807541676,41.50228889640556,-0.4993425964954408,26.175566260236195,1.5423010119530338,21.10276412778375,1.9783425682708018,12.802463393240302,1.8048026919876643,28.37184760606629,0.8240512834241218,-7.167051808446587,-0.5020603165023066,-6.035879451390093,1.9185441368804899,25.50758921526324,0.7200920958597878,-1.5583905832639773,1.5453488498262045,11.061227004330606,-1.3776660857121874,13.713583111574943,1.4720676182364285,8.799153216448525,-1.4095499588737075,-5.951285341749725
2025-07-01 06:00:00+00:00,2025-06-29 06:00:00+00:00,48,0.9396038818769612,141.08614383902858,2.7539711864095007,40.46086816050197,0.6540036738078014,20.91955253219884,-0.31269339840554533,31.097374811687438,1.3860674448079544,25.153667009556937,1.4132437791422319,14.011551322507966,1.7511168597732132,42.858472605031444,-0.28341393866545506,-4.008355942781716,1.167799502315559,-9.117257643591678,1.838579990333658,36.91207630521146,0.7200920958597878,-0.0811582133090547,1.9086092988275987,18.966474949617606,-1.3085459368284618,19.95187218138137,1.2016300561053506,11.805182634787686,-1.4095499588737075,-10.074659658294422
2025-07-01 07:00:00+00:00,2025-06-29 07:00:00+00:00,48,0.22746198064745293,19.94890465347464,1.526499362423684,41.88362453231221,0.02222893280626222,3.2468099908036017,-0.17270649983812372,24.921347050661158,1.0541709231215592,19.43558294993017,0.8047407298796032,16.18872710364731,1.7189053604445428,39.27924360315594,-0.5950035795737041,-9.1332259078979,1.3367134932728557,-10.036612423301854,0.9423151811212503,-0.6763557411374289,0.7200920958597878,2.8087696557035304,1.8314566370927894,42.80621519888046,-1.390246753325309,16.073523275039292,0.7513393775678076,4.133289135708335,-1.4095499588737075,-11.95689231864492
2025-07-01 08:00:00+00:00,2025-06-29 08:00:00+00:00,48,-0.42334712526085366,-91.14171578399967,0.2990275384378675,43.436438537037496,-0.547954769929248,-24.376445791536405,0.1539295968191934,13.578253491830148,0.5697670181742949,38.028616156660625,0.19131474041937957,8.574889770772792,1.6652195282300917,35.85727494502455,-0.8784798694225621,-4.913634929244565,1.4944138990799363,-5.821442475933933,0.24596073827592257,-1.7498801131201462,0.8564848271208129,-9.44879198194548,0.9667038868151343,7.379174108536724,-1.3374208877652598,10.30220292128092,0.15648843039078958,2.2914293100634517,-1.4095499588737075,-5.660839856911901
2025-07-01 09:00:00+00:00,2025-06-29 09:00:00+00:00,48,-0.590308623635236,-123.41230728581117,-0.06556805284504827,19.270370259946848,-0.7121975386386584,-23.618729275350166,0.24725419586414116,2.3611988538750217,-0.034673239042868634,40.29305113976782,-0.4151153345584363,-1.9119589614820127,1.6330080289014206,32.92252060006656,-0.8527092976181205,-7.256398240100467,1.4271247602600725,-8.082447924802691,-0.3904205946592813,-2.301798367329428,0.8564848271208129,-7.611139555150466,0.29483279087450276,-2.9598891884790115,-1.195170465674773,6.60352000215633,-0.5304218337869417,1.53703678471994,-1.4095499588737075,-1.949133619839124
2025-07-01 10:00:00+00:00,2025-06-30 10:00:00+00:00,24,-0.39608810511809733,-113.72710984766545,-0.2114062893582146,14.044390915392787,-0.6953999827479234,-23.820554927766974,0.013942698251771779,10.622455557903908,-0.7178956698118949,9.588984427549038,-1.005719558499043,-13.313794719261844,1.7189053604445428,16.24516298549277,0.09477756963349379,-2.5196359199961953,0.09129779726396144,-4.078399107073178,0.1460055550923827,-3.2824600599440323,0.6580953998320492,0.3071443368942875,0.7641781497612598,0.7040268208340776,-1.4254319185228437,5.396457710077523,-1.2217084036076005,-7.952834597962577,-1.4095499588737075,-1.9396469000539305
2025-07-01 11:00:00+00:00,2025-06-30 11:00:00+00:00,24,-0.9787496606695132,-193.42882429033546,-0.8919847264196574,-14.161264630360678,-1.090453612030028,-33.75775574776844,0.3405787949090889,-8.0048534524514,-1.433056819588433,-38.321516154282186,-1.5636709678563794,-16.728141865446336,1.396790367157836,11.691822736445484,-0.6080562068512784,-6.337239279026959,1.0621183111438297,-6.5471510424913335,-0.36376587914367065,-3.1127172981290547,0.8564848271208129,-6.013708098458268,0.19839196370599105,-2.9005719160307235,-1.1031638329891627,4.375207927307556,-1.6455759754899544,-12.706865012525967,-1.4095499588737075,-3.2073178822933643
2025-07-01 22:00:00+00:00,2025-06-30 22:00:00+00:00,24,-1.0877857412405383,-178.17322659276888,-1.0985888948133098,-38.364483882517355,-1.141157345552062,-31.0867891862684,0.9471886887012493,-21.440967603616972,-1.6563616966492873,-31.82129318047282,-1.190510157807871,-14.783881329468796,0.9350922101135565,3.1258425114987762,-0.8570601733773119,-6.701408333365778,-0.022358904336968716,-5.498383711595472,-1.1400844685358305,-6.536676597334289,0.7634897830792049,-0.42873288571474366,-1.0424800125288596,-3.5347333495587,-1.4141333077685758,3.5054674276527225,-1.4144003476624167,-10.723950263054759,-1.4100512424813005,-4.967286060372541
2025-07-01 23:00:00+00:00,2025-06-30 23:00:00+00:00,24,-0.6175676437779922,-128.7174706494271,-0.39370408499967247,16.63933457424532,-0.8664862001535593,-21.96959377409839,0.7605394906113537,-19.79093309958392,-0.9475882906742515,-11.131377501987316,-0.6073552423730882,0.24375841213178942,1.09614970675691,13.951967203341159,-0.1753114101870829,-3.657228129594256,0.48988318384053237,-4.837358264090932,-1.0401292853522905,-7.657266760297604,0.8564848271208129,-6.13908848562034,-1.0424800125288596,-4.966674137755002,-1.456708185002268,2.3591987623688127,-0.7586308073303496,-0.6227396189601542,-1.4100512424813005,-4.134629199408849
2025-07-02 00:00:00+00:00,2025-07-01 00:00:00+00:00,24,-0.0076470680838201235,10.202552286976909,0.3840998430705479,25.52451046301738,-0.3224320288036369,2.144283640383369,0.5272279929989844,-12.74879201596116,-0.2489288123849279,9.049059541330259,-0.005017384761065925,1.1290907644885813,1.2894187027289339,30.710540617898808,0.15401641650863884,-10.351988613474628,0.2114193498963305,-8.91234500478669,-0.5803354427080071,-3.038467066944042,0.8564848271208129,-2.7524994390817086,-0.9460391853603479,-3.9448001529212444,-1.1031638329891627,12.111829004587225,-0.059660179372359026,-6.312379507528174,-1.4100512424813005,-3.8138266056198518
2025-07-02 00:00:00+00:00,2025-06-29 00:00:00+00:00,72,0.019611952058936174,11.034962613758966,0.31118072481396475,22.122596235454356,-0.30936726311084295,2.9262420757727137,0.3405787949090889,1.7057833146486066,-0.2489288123849279,9.92726131895782,-0.005017384761065925,1.5976261099080336,1.214258537628702,20.678787360555752,0.25274782796721396,-11.11128798842686,0.03051349427238993,-10.788556994074392,-0.5836672821474583,-2.863837443257532,0.45350630294051175,-0.32524121792425054,-0.9428244911213975,-4.362641630912912,-1.1594222422144393,11.038759711890519,-0.059660179372359026,-5.240881216377297,-1.4100512424813005,-8.36195453817852
2025-07-02 01:00:00+00:00,2025-06-29 01:00:00+00:00,72,0.5545702223605284,80.36725519861929,1.1740569575168653,35.9919486337545,0.21757828649851563,4.183195295575645,0.1539295968191934,15.3435373324042,0.3855870718976426,16.089692681950954,0.6070820292260014,10.46338561834625,1.3645788678291655,30.45936910028347,0.2570987037264055,-12.488238255717704,0.20944589534961477,-13.042363423010832,0.04271853246939149,-2.377878604560654,0.8564848271208129,-4.732840088419735,-0.5056260746241444,-4.108105693338337,-1.456708185002268,18.128753707920065,0.5713273523497313,3.0468978870179146,-1.4100512424813005,-13.474649900671954
2025-07-02 02:00:00+00:00,2025-06-29 02:00:00+00:00,72,1.1440465329476335,191.26915784392244,1.5021929896714896,35.81409508249252,0.7712754991931193,19.972776141374013,-0.032719601270702094,25.707333395566693,0.9128420915133192,15.833228007874904,1.2189153475644197,15.653646248785694,1.5363735309154087,23.355988047945015,0.5696923928867756,-13.034154896311867,-0.21286381287516323,-8.469781139164368,0.5658173244632502,-0.6162385528919551,0.8564848271208129,-6.068629129520849,0.09873644229852895,-4.45183327284098,-1.556591987250328,18.635552414019795,1.0725027801741212,5.671609313253042,-1.4100512424813005,-13.405994682975576
2025-07-02 03:00:00+00:00,2025-06-29 03:00:00+00:00,72,1.6244867629637132,319.83853589411024,1.4535802441671009,37.85316148173251,1.2328972203385078,36.30682519595345,-0.21936879936059758,29.06859595209311,1.2969051875786501,24.063883460049574,1.806454298598352,14.145184692880276,1.675956694672982,28.19577200986537,0.874588378780884,-6.439266868695489,-0.6469876969917058,-5.483581034404391,1.14222554748833,8.00682441378332,0.8564848271208129,-3.991478623886261,0.6034434378137402,0.6732689526091459,-1.55944373896185,12.376738618875502,1.4034885263727088,7.031328118478004,-1.4100512424813005,-9.165943361188027
2025-07-02 04:00:00+00:00,2025-06-29 04:00:00+00:00,72,1.8595958116949862,348.25138733462984,1.5021929896714896,38.08684283540994,1.4736621881057117,41.59812391047851,-0.4060179974504931,24.313910333698075,1.5114269169124386,23.31444010625871,2.2235156057065186,12.12880889964661,1.7833283591018843,28.60087512431813,0.9602671629618845,-13.44096583790713,-0.7629081903749206,-5.239703573097352,1.6120149084509674,19.946431825446354,0.8564848271208129,-4.254412088190117,1.1595855411521576,3.9405481130316766,-1.5140238468376905,13.435482743475294,1.539168274151162,6.910256871720614,-1.4100512424813005,-4.673835854867886
2025-07-02 05:00:00+00:00,2025-06-30 05:00:00+00:00,48,1.7778187512667174,346.2242478773327,2.3529160359982932,38.63444910854935,1.407094096242428,41.69817612887313,-0.45268029697296697,30.42919535274516,1.541768699969575,28.867550473675358,1.9776349394232624,13.08108661767872,1.8584885242021154,30.49569028765018,0.6198948054928308,-4.974954213563647,-0.14991487578914584,-5.725308650131088,1.6553288211638348,20.243278355161536,0.8564848271208129,-3.8388530238487664,1.5132019074367007,11.105767280571847,-1.4024037283882287,15.148605368087498,1.4694818292977658,9.55100394781203,-1.4100512424813005,-6.263434353328341
2025-07-02 06:00:00+00:00,2025-06-30 06:00:00+00:00,48,1.8425589241057636,335.91079847022314,0.3840998430705479,33.75546084901521,1.4354010885768151,45.315862107355386,-0.5926671955403886,12.8652159764068,1.3860674448079544,20.790598121975044,1.413607797870189,11.682570115823522,1.9336486893023472,18.604297421570983,1.3572009053004275,8.1186816970169,-1.4776888675999407,6.281798291279764,1.7619476832262773,20.13082699461778,0.31091390207671293,1.820349957685833,1.6546484539505177,8.117273654473859,-1.5317132017188122,9.52562300089208,1.199552522725266,5.351913880905472,-1.4100512424813005,-1.9185070862630278
2025-07-02 07:00:00+00:00,2025-06-30 07:00:00+00:00,48,1.4745621521785535,277.1003009864923,0.3597934703183535,32.47377955298377,1.0602556736837296,38.06816177018306,-0.6393294950628624,14.811471914075243,1.0544370791132884,16.132167379450063,0.8053241533804207,10.561053885051964,1.9229115228594569,31.474092341852458,1.236380432295188,0.3275863349621462,-1.3465482152565487,-3.91565388642071,1.8252526325758525,13.329685655516696,-0.22225768376183921,3.7483755136039596,1.7575186695969303,6.781070946796502,-1.5203842309175026,8.77364554566404,0.7496277008692511,-0.2757683768660497,-1.4100512424813005,-1.4430937475035366
2025-07-02 08:00:00+00:00,2025-06-30 08:00:00+00:00,48,0.8339751788237806,116.53276659451257,1.028218721003699,43.68705300065947,0.460831781064347,19.327508231409464,-0.5926671955403886,25.73760102369679,0.5700331741660242,18.739511638320973,0.19185850396356738,7.231512408289614,1.8907000235307867,27.771438640296793,0.5847531166685922,-11.151882072832315,-0.3141292706048401,-7.635392007934075,1.465413973115109,14.833942193090868,-0.22225768376183921,7.503225088437297,1.8185978601369877,7.835087523874377,-1.5603947090692205,15.052893916731382,0.15499986641951044,1.2370398102480136,-1.4100512424813005,-7.08081407843571
2025-07-02 09:00:00+00:00,2025-07-01 09:00:00+00:00,24,0.20361033802254117,23.39144359033561,0.6150103842163945,30.865576759864254,-0.12832693851069732,0.03551659697635277,-0.4060179974504931,19.53141319542706,-0.034407083051139306,12.699934596670483,-0.41474080149651577,-4.3824708764186715,1.8370141913163354,28.227254724631404,0.25408655897004223,-8.176884127828707,0.11749333562870005,-10.232787146321712,0.8290326401799052,-0.6106700102507732,0.8564848271208129,-3.060924757345099,1.284958616471223,5.267601365631133,-1.5366783375260578,14.102858826973478,-0.5317796543327955,-8.514178006847233,-1.4100512424813005,-3.3703187804969392
2025-07-02 10:00:00+00:00,2025-07-01 10:00:00+00:00,24,-0.5153463182426562,-121.01378201165953,-0.06556805284504827,19.062436457753346,-0.7345942798263053,-30.112832144889268,0.10726729729671952,9.871432072887606,-0.7176295138201655,14.882724026891903,-1.0056110297752814,-14.108753329451966,1.6115336960156406,13.064691239447791,-0.36674994359150653,-3.247948473972875,0.9844330574978066,-5.064901684638097,0.22263786219976325,-1.3814377479015496,0.8564848271208129,-7.025950661717518,0.857404282690821,2.353981268863686,-1.364665557742091,6.249019330652654,-1.2228259687904353,-8.883433400652923,-1.4100512424813005,-2.84657888404282
2025-07-02 11:00:00+00:00,2025-07-01 11:00:00+00:00,24,-0.9821570381873578,-196.78057121239763,-0.8919847264196574,-14.764247282453477,-1.090453612030028,-33.760433435033065,0.293916495386615,-5.742654428530973,-1.433056819588433,-37.505809103535874,-1.5639079468355237,-16.687706757885348,1.396790367157836,11.497544778691388,-0.6321533649021849,-5.8522957028424205,1.1214497681232423,-6.627068188824993,-0.48038025952446717,-3.570207340531808,0.8564848271208129,-6.556835831732618,0.27232993120185,-2.89614547049769,-1.3374208877652596,5.13476700097735,-1.6456759972168276,-12.586258271621038,-1.4100512424813005,-3.8219327599705695
2025-07-02 22:00:00+00:00,2025-07-01 22:00:00+00:00,24,-1.0843783637226938,-176.87788609443882,-1.0864357084372125,-35.466852365587066,-1.138357752903606,-32.0267346312124,1.0871755872686708,-27.49710181263658,-1.6603540365252263,-30.72152751070765,-1.1941665926620708,-14.680100599626051,0.9350922101135565,3.0889588384440096,-0.8543827113716557,-7.253475681323633,-0.022358904336968716,-5.246992200989845,-1.1400844685358305,-6.5937064031572,0.8564848271208129,-5.702168197271955,-1.0424800125288596,-3.654836473654021,-1.5452023482721042,3.2723447311135123,-1.418826822974374,-11.983589300783244,-1.4101069440939031,-4.492294725393645
2025-07-02 23:00:00+00:00,2025-07-01 23:00:00+00:00,24,-0.552827470938946,-119.75490380436747,-0.5273891351367416,13.09634341248946,-0.8661751343037307,-23.55873602824071,0.7605394906113537,-17.737137865775026,-0.9521129425336491,-11.138892866153492,-0.610881078851986,-0.1658636006026682,1.1283612060855805,11.860113298831317,0.1955170775963112,-4.178052731163303,-0.23218790444649126,-5.511749763653343,-1.036797445912839,-7.329175646428758,0.5279023381737982,1.0100454458682966,-1.0424800125288596,-5.723106923018187,-1.5603947090692205,2.509109383501103,-0.7644874134731675,-1.0057409041425642,-1.4101069440939031,-3.6603032558739415
2025-07-02 23:00:00+00:00,2025-06-29 23:00:00+00:00,72,-0.5494200934211015,-121.15022122048212,-0.551695507888936,12.053512657959832,-0.8689747269521867,-23.625676274816477,0.8072017901338276,-18.325055293138238,-0.9521129425336491,-10.448835625027048,-0.610881078851986,-0.29241061020157627,1.0854125403140193,12.066191487390235,0.232332180174085,-4.295214560522303,-0.31915272255107835,-5.555713778207577,-1.0334656064733878,-7.129618205546598,-1.6233830139887322,9.611227915395595,-1.0424800125288596,-5.773425436793268,-1.456708185002268,3.2444589059336466,-0.7644874134731675,-1.535130020594527,-1.4101069440939031,-3.6669878430076532
2025-07-03 00:00:00+00:00,2025-06-30 00:00:00+00:00,72,0.11842590007642775,-1.521317180631657,-0.1870999166060202,5.407779500411405,-0.2763942830290296,-2.5294710188921923,0.6205525920439321,-23.823304691306497,-0.25292115226086687,9.463675149324636,-0.008433366912910821,1.0365236253042454,1.2572072034002633,11.905064859560467,0.7517598092714023,-9.31915042027778,-0.9136076180954082,-4.414304944740188,-0.5136986539189805,-3.2251001819523095,-1.6233830139887322,5.3950807617195,-0.9396097968824471,-4.070561663385999,-1.55944373896185,5.431919684500046,-0.06544776681837487,0.024129687128085348,-1.4101069440939031,-1.4174874427290274
2025-07-03 01:00:00+00:00,2025-06-30 01:00:00+00:00,72,0.7760497610204234,96.13465932579949,0.031657438163729276,19.735115661828758,0.35662472137182333,18.143925702228355,0.38724109443156274,-23.15246405754606,0.3823931999968916,15.973494482499847,0.6037126685690751,10.598726519433269,1.4290018664865065,22.640840155340207,1.0737246154515696,-6.937882063554074,-1.2445848804591357,5.7792886688232254,0.13934187621348004,-1.6243517576444793,-1.6233830139887322,2.101196343549684,-0.43811749560618624,-3.0979494902694897,-1.5544543136844833,9.150363482197648,0.566022780818031,3.593960053522589,-1.4101069440939031,-3.3973503562724487
2025-07-03 02:00:00+00:00,2025-06-30 02:00:00+00:00,72,1.345081806500461,245.99506761335542,0.1653424883007984,28.035006495626817,0.9243198973087061,28.809084523040802,0.060604997774245654,11.829860108272275,0.9104466875877556,14.581055646537033,1.2154656911589914,13.607836507851124,1.6115336960156406,15.457442670765563,1.275538314127911,6.814270808502323,-1.435519715085857,15.127480122207755,0.7823868880275866,-0.7427533315723222,-1.6233830139887322,3.6520259921621423,0.19196257522809027,-1.38669099238071,-1.483989826691148,7.514440128106349,1.0678535686830006,4.168192087664305,-1.4101069440939031,-2.4874263617065404
2025-07-03 03:00:00+00:00,2025-06-30 03:00:00+00:00,72,1.7607818636774946,335.1730118008792,0.25041479293347874,29.26185571547273,1.34923584817434,45.92745826006715,-0.26603109888307147,13.624454029335702,1.2950420956365452,25.04878420986893,1.802624250317344,11.238144459556361,1.7618540262161035,18.69329160566214,1.3856489391105253,8.154962416848294,-1.536844435222675,13.399698381035043,1.3388040744159586,16.218249401735623,-1.6233830139887322,4.07583673277158,0.8123985633455155,2.0279668013582834,-1.2460478541796545,7.9874718853540285,1.3995492484342718,6.706154969321634,-1.4101069440939031,-2.009911604080237
2025-07-03 04:00:00+00:00,2025-07-01 04:00:00+00:00,48,1.9924835348909231,382.56169906025787,0.2990275384378675,32.13444677783494,1.594977869538799,46.04620814329742,-0.5926671955403886,12.86069101802855,1.5100961369537922,24.715419175479887,2.219342564740332,10.34383953678905,1.8907000235307867,17.158129643507507,1.4351819862151667,9.892619520959864,-1.5810933329856973,14.326945884563187,1.7419566465895693,26.59183449030127,-1.5799853267693151,5.862030148542034,1.34282311277233,10.737132612915758,-1.2780758846115685,7.828223905877637,1.5359151851213881,7.299395907357362,-1.4101069440939031,-2.021603027986928
2025-07-03 05:00:00+00:00,2025-07-01 05:00:00+00:00,48,2.0333720651050577,395.2853556784202,0.2990275384378675,31.192538013260837,1.6419488128628918,46.499895434432865,-0.7326540941078102,12.50656666953675,1.5409702319943874,23.421352654916426,1.9766494609942171,10.03474997833875,1.9658601886310176,16.805873416232668,1.4512467582491042,9.920051246024043,-1.5934739744015276,14.172675394110769,1.971853567911711,27.478557099314216,-1.6233830139887322,6.51608228618811,1.738230504163228,12.002826414958308,-1.1951704656747733,7.8890155662585615,1.466831909892053,8.390292429297794,-1.4101069440939031,-3.876159562723814
2025-07-03 06:00:00+00:00,2025-07-01 06:00:00+00:00,48,1.8766326992842088,355.82920476536896,0.2625679793095759,30.187209165975094,1.4668187394094863,46.03710861373601,-0.779316393630284,12.566275670741005,1.3858012888162248,17.837536752936437,1.4137681730669978,10.260469773701832,1.998071687959689,16.154575977145065,1.4288230139517326,9.971066712644179,-1.5675960705861036,14.11038695490148,2.011835641185127,24.266663702116613,-1.5861849963720889,10.47418606472108,1.960044406650805,7.441685973583672,-1.0438798394676427,7.50219970445673,1.1973800023421677,3.8932495290106184,-1.4101069440939031,-5.66943187349226
2025-07-03 07:00:00+00:00,2025-07-01 07:00:00+00:00,48,1.5052285498391544,288.01341967161954,0.20180204742908997,26.499819964243166,1.0866962709191461,40.2787463986481,-0.825978693152758,13.91172110070008,1.054703235105018,15.8378637551815,0.805724280887057,9.687325352797092,1.998071687959689,23.09817932428996,1.323397947479017,5.36354426104963,-1.475567237477661,7.269639625665957,1.858571026970366,13.268168378913039,-1.5427873091526718,5.376636264918905,1.9986207375182097,7.6459168449159165,-1.1031638329891629,7.123993182242615,0.7477826927583883,-0.09655524678884225,-1.4101069440939031,-3.3010769495114443
2025-07-03 08:00:00+00:00,2025-07-01 08:00:00+00:00,48,0.9770850345732511,146.21053146656507,0.09242337004421525,13.932643595612877,0.5560179311118464,20.387414038021056,-0.779316393630284,12.867913077474993,0.5705654861494825,17.456053963204845,0.19221968644404963,5.887062311641774,1.9658601886310176,25.084631621242018,1.148024186108531,5.329473620638419,-1.3112157649018377,4.439255661745987,1.495400528070171,12.8522051262701,-1.5055892915360287,4.788264050078897,1.8507448025264917,7.998058639996615,-1.177475794172049,7.7599766115179625,0.15333621468819134,0.6904107533164189,-1.4101069440939031,-12.12654520386953
2025-07-03 09:00:00+00:00,2025-07-02 09:00:00+00:00,24,0.3433128162541672,41.5387128078275,-0.10202761197333984,3.6683848573661533,-0.06362524174638406,-3.2414349418477206,-0.4993425964954408,14.22171709250472,-0.03414092705940998,12.664057697832995,-0.41455745306424935,-3.6708384529707883,1.9336486893023472,16.80972797440955,0.8792739372907825,-11.268857257516588,-1.0455740146888397,2.6437918737862347,0.9789654149552149,0.4714222745394137,-1.5055892915360287,3.3174213633367464,1.4906990477640478,6.152909589267695,-1.3231850447489248,7.506583722508872,-0.5333499921971026,-3.0410088807758844,-1.4101069440939031,-0.0777731309587207
2025-07-03 10:00:00+00:00,2025-07-02 10:00:00+00:00,24,-0.33475530979689566,-102.90779162081839,-0.40585727137576966,6.5092641336665125,-0.685756941403242,-26.362382249684963,-0.07938190079317597,10.532434296132912,-0.7176295138201655,3.9492631324773733,-1.0057077999263213,-12.589428999625486,1.7618540262161035,14.884670685618756,0.4277869065869932,-3.1065594442571665,-0.5456223448142287,-4.917936359393966,0.35924327921726773,-2.875091169150809,-1.4683912739193856,7.179889424651653,1.0020655234435887,3.386853802637551,-1.3646655577420912,5.494444621764883,-1.2241623200782026,-6.549084681360735,-1.4101069440939031,-2.168113773713472
2025-07-03 11:00:00+00:00,2025-07-02 11:00:00+00:00,24,-0.9412685079732233,-197.2706868690819,-0.9041379127957546,-16.53344340090558,-1.0929421388286555,-34.748603848577645,0.20059189634166727,1.9873662751331076,-1.4335891315718914,-39.38072873490722,-1.564356583739975,-16.22792821482619,1.5041620315867383,9.67891454177718,-0.3202290412432288,-2.9568254457215555,0.42069852751451536,-4.958427166538317,-0.30379276923354676,-3.2034763062854377,-1.4621916043166117,6.527556438650574,0.40413239499881604,-2.9980301481805114,-1.4753446368629408,4.016715413314373,-1.6458039800859425,-12.254876433553443,-1.4101069440939031,-3.0919193921772776
2025-07-03 22:00:00+00:00,2025-07-02 22:00:00+00:00,24,-1.0809709862048493,-177.2928779443939,-1.0864357084372125,-35.27526739313417,-1.1380466870537778,-32.45178394378285,0.7605394906113537,-20.102839353796213,-1.6646125323928946,-30.837344117777818,-1.1979367707987136,-16.069847386370625,0.9673037094422272,2.9762611892791853,-0.8195757052981241,-6.893039268482617,-0.022358904336968716,-5.524555318783885,-1.1400844685358305,-6.949920234508141,0.7696894526819787,-0.9784626998804969,-1.0424800125288596,-3.475467538092,-1.3085459368284615,3.6399180604334704,-1.4233260502422134,-11.39046608102084,-1.4097170472285123,-4.404463673136687
2025-07-03 23:00:00+00:00,2025-07-02 23:00:00+00:00,24,-0.5426053383854125,-124.97567187965126,-0.5638486942650331,12.279949924331717,-0.8689747269521867,-23.46941105248259,0.4805656934765105,-8.030195561990654,-0.9563714384013172,-12.83571720191959,-0.6145008294945064,-0.3488187741473957,1.1390983725284705,12.102389844256516,0.2761756205167064,-3.79323416700434,-0.37961657652925085,-5.473970243380634,-1.0334656064733878,-7.478423245434782,0.39150960691277314,0.4494519683930069,-1.0424800125288596,-4.885939657536719,-1.5203842309175024,2.760489875550799,-0.7704381213013644,-1.7263197390133123,-1.4097170472285123,-3.29611870643202
2025-07-03 23:00:00+00:00,2025-06-30 23:00:00+00:00,72,-0.5494200934211015,-125.5479660558026,-0.551695507888936,10.901903211875668,-0.869285792802015,-23.320345794639827,0.5738902925214583,-10.193681798890816,-0.9563714384013172,-11.706236153072041,-0.6145008294945064,-0.014050909962322276,1.0854125403140193,11.486282556963475,0.2393605179389326,-4.06196521228281,-0.31915272255107835,-5.533649603982688,-1.0334656064733878,-7.505768614048036,-1.6233830139887322,11.881713086869803,-1.0424800125288596,-5.206854282781183,-1.0639674820663099,2.716731902314612,-0.7704381213013644,-1.181313115815341,-1.4097170472285123,-3.735534639579804
2025-07-04 00:00:00+00:00,2025-07-01 00:00:00+00:00,72,0.12864803262996136,9.15085267996466,-0.22355947573431179,2.488828025424809,-0.27141722943177465,2.4190480709148243,0.293916495386615,0.14066175335632555,-0.25664733614507657,10.057186816207892,-0.011929419583135533,1.6823451067285053,1.3108930356147144,14.007552039045077,0.7989500771210942,-9.18037006442012,-0.9807062965315261,3.644627649270452,-0.5136986539189805,-3.1904188376809075,-1.5923846659748628,3.5621253345774737,-0.9396097968824471,-4.048795186968549,-1.3374208877652596,5.832870052745053,-0.07130703278794218,-0.42432876139146275,-1.4097170472285123,-0.7376662842312041
2025-07-04 01:00:00+00:00,2025-07-01 01:00:00+00:00,72,0.786271893573957,119.12204085967866,-0.004802120964562302,18.28256505787411,0.36440136761753406,19.520997465159684,0.060604997774245654,12.632297246176796,0.37919932809614026,16.08656846055311,0.600268221856,10.242865329071172,1.5041620315867383,19.665065696422083,1.1078622560236868,-4.6912536910098455,-1.2876439438516984,12.1147124870313,0.14933739453183403,-1.5332312400483028,-1.5613863179609935,3.232650653976474,-0.43811749560618624,-2.3842430788816924,-1.5544543136844833,10.911105409348313,0.5606686320001776,3.2251221957369647,-1.4097170472285123,-3.7008175803223793
2025-07-04 02:00:00+00:00,2025-07-01 02:00:00+00:00,72,1.3553039390539947,247.67379219324792,0.141036115548604,26.481609165741286,0.9339629386533875,29.825501612308518,-0.17270649983812372,15.586355730483527,0.9077851276704629,14.898337155561853,1.2119302058148165,13.59395268893295,1.6544823617872013,17.499329638394297,1.2986314239266965,6.482125049021387,-1.4587984509520577,10.651631932981292,0.7923824063459406,-0.7128827468869015,-1.5241883003443504,3.9574033593394256,0.20160665794494143,-1.5644291501342855,-1.2460478541796545,7.494505056866484,1.0631681157131996,5.167650766471659,-1.4097170472285123,-3.216854164607472
2025-07-04 03:00:00+00:00,2025-07-02 03:00:00+00:00,48,1.7778187512667174,333.0191240134301,0.2747211656856731,30.852342057982796,1.3657223382152468,45.466237618822866,-0.45268029697296697,14.132737888192562,1.2931790036944402,23.86765276759423,1.7986575630516473,12.40565231468722,1.8370141913163354,19.244558426836782,1.3980322008866857,10.923556275405318,-1.5265996677179445,10.887856670062618,1.252176248990224,8.86184920587661,0.6704947390375969,-1.4105833431753263,0.6484491571590457,-3.0847573241888675,-1.425431918522844,7.767920791957197,1.3955756321952772,7.035782850920654,-1.4097170472285123,-5.453134813575757
2025-07-04 04:00:00+00:00,2025-07-02 04:00:00+00:00,48,1.8493736791414526,345.00180418675313,1.830329021826114,39.32132364660323,1.4661966077098294,41.56384981100327,-0.6393294950628624,27.15784764978842,1.5087653569951458,25.48298140888876,2.2148677061845508,13.5576504957953,1.9443858557452378,29.814784660341342,0.8585236067469462,-7.153635734232363,-0.5446201135138871,-5.766115442490514,1.7619476832262773,24.3480642502985,0.6704947390375969,-0.877062258889424,1.2656704510375205,9.865626549201817,-1.390246753325309,13.43460522486901,1.5326175528618424,8.137769301210687,-1.4097170472285123,-5.247739032644568
2025-07-04 05:00:00+00:00,2025-07-02 05:00:00+00:00,48,1.7778187512667174,347.81595890537005,2.462294713383168,38.73602648961777,1.4092715571912269,41.51689144747248,-0.7326540941078102,30.22665009070382,1.5404379200109288,24.428260625870013,1.9753810819985602,13.543918520133676,2.019546020845469,30.707973267825434,0.5897733579291977,-5.317381495907025,-0.07745778147710367,-6.201262482013434,1.8319163114547552,25.162642868703294,0.6704947390375969,-1.0391323400191579,1.7575186695969303,11.48052479846071,-1.3374208877652598,15.46518448508817,1.464115692635345,9.390818277711906,-1.4097170472285123,-4.601906005366541
2025-07-04 06:00:00+00:00,2025-07-02 06:00:00+00:00,48,1.8766326992842088,349.3870804872982,0.23826160655738157,29.37863483611633,1.4689962003582853,45.7278278555154,-0.9659655917201796,12.274473539195844,1.3855351328244958,17.05575055769034,1.4137199524615043,10.071301636498655,2.0947061859457006,16.324335251026277,1.4358513517165805,9.664264799734315,-1.5831788185233353,13.307718772643137,1.7619476832262773,24.49383980420757,0.12492381399349706,-1.0384729376026456,1.8250272486148884,7.219305493299744,-1.3374208877652598,7.953447415451535,1.1951095286815319,4.075281930927129,-1.4097170472285123,-4.269623985428133
2025-07-04 07:00:00+00:00,2025-07-02 07:00:00+00:00,48,1.5154506823926879,287.61364628321553,0.1653424883007984,26.897905034378628,1.0969614439634843,40.33131916691268,-1.0126278912426534,13.849079464406595,1.054703235105018,15.800124719264028,0.8059369310494526,9.47166637073662,2.105443352388591,21.38250910179767,1.3471604227792164,4.581357035329328,-1.5061482320578006,11.36039189964781,1.858571026970366,17.377541836468335,-0.24085669257016082,2.5965389267391474,1.7575186695969303,6.302165062864055,-1.2935080232179559,7.631111004096281,0.7458008803470318,-0.5473754881170885,-1.4097170472285123,-2.5354013466883267
2025-07-04 08:00:00+00:00,2025-07-03 08:00:00+00:00,24,0.6363472827887974,94.02350382374169,1.6723375989368503,34.222178159504885,0.31991895109206886,18.929655878255517,-0.825978693152758,24.628794638314027,0.5705654861494825,18.223554511810658,0.19239472682739406,7.399082967354881,2.05175752017414,37.147090786255944,0.05896651530784115,-10.752956794920044,0.6219544483405243,-8.25362279352168,1.2188578545957107,8.146909051213788,0.6642950694348231,1.6922894286210342,1.6353602885168155,9.338072724512433,-1.5072020665059376,17.89638660266756,0.15149386295171877,1.7485801269983352,-1.4097170472285123,-16.748946691590366
2025-07-04 09:00:00+00:00,2025-07-03 09:00:00+00:00,24,0.02301932957678071,-17.282094085685003,0.8580741117383385,35.79324330108169,-0.24031064444893174,0.22373077021243967,-0.45268029697296697,17.317744638657512,-0.03387477106768066,13.044850971151925,-0.41456830479200407,-4.709400937431162,1.9658601886310176,30.825493844986305,-0.20275539574505969,-13.012833500870823,0.9096231337950593,-8.971050612765149,0.6457814710100821,-1.6420773248669644,0.8564848271208129,-4.380182375277991,1.2335235086480167,3.89179179024269,-1.5411751763040396,12.94571518102861,-0.5351360970239565,-8.437745038479564,-1.4097170472285123,-7.308943295520456
2025-07-04 10:00:00+00:00,2025-07-03 10:00:00+00:00,24,-0.5494200934211015,-129.7911065440335,-0.10202761197333984,18.73926242705901,-0.7532582308160111,-29.345456647135183,0.20059189634166727,5.6841385277885985,-0.7178956698118949,18.332958292705253,-1.006012348777886,-13.7854626813319,1.6544823617872013,15.29657165490871,-0.4353599074864486,-3.3070954777592005,1.0609151133792871,-5.8596239157974725,0.04605037190884282,-0.9359647051505378,0.8564848271208129,-7.763723999325965,0.6805960995485496,1.2110663975915639,-1.5262812813107685,7.140347691669628,-1.225719307762938,-9.628986307309221,-1.4097170472285123,-1.843131271742618
2025-07-04 11:00:00+00:00,2025-07-03 11:00:00+00:00,24,-0.9923791707408913,-192.48072824195265,-0.9162910991718518,-14.38810325547599,-1.0963638631767683,-33.26682898395369,0.43390339395403665,-11.048565031445227,-1.43412144355535,-37.34366562645101,-1.565018536490536,-16.466626284342773,1.4075275336007265,12.496615503797129,-0.6559158402023842,-5.966751100304763,1.0699183518243132,-6.84551467768216,-0.5136986539189805,-3.464761211490491,0.8564848271208129,-6.53938637751088,0.10195113653747934,-2.847249530811314,-1.5140238468376905,5.095892595457093,-1.6459585920393607,-12.437541535652942,-1.4097170472285123,-2.2109925562807238
2025-07-04 22:00:00+00:00,2025-07-03 22:00:00+00:00,24,-1.0843783637226938,-183.5917261932214,-1.0985888948133098,-41.74595709432438,-1.141157345552062,-33.02060667521891,0.43390339395403665,-13.181672567512255,-1.6686048722688336,-32.095137890004814,-1.2018169482166992,-15.097795551262474,1.0209895416566783,3.5239867550680586,-0.8165635605417607,-5.740850722988148,-0.022358904336968716,-5.493025734151137,-1.1400844685358305,-7.210251695778441,-0.6004375295310448,7.321123214004834,-1.0424800125288596,-3.832689361251095,-0.9817327549553423,2.8047192288087253,-1.4278921254032302,-11.021520828412203,-1.4088816672618831,-5.307199973241747
2025-07-04 22:00:00+00:00,2025-07-01 22:00:00+00:00,72,-1.0843783637226938,-187.6875450950414,-1.0985888948133098,-40.917980575740074,-1.141157345552062,-32.82231913673392,0.293916495386615,-7.125036135199727,-1.6686048722688336,-32.22387854215576,-1.2018169482166992,-14.859212743875139,0.9887780423280076,2.8534809453718983,-0.8165635605417607,-5.398832456090087,-0.022358904336968716,-5.518478505592583,-1.1400844685358305,-7.1053341889315025,-0.6686338951615574,5.885677076925456,-1.0424800125288596,-3.8818601978337752,-1.0639674820663099,2.850949964902672,-1.4278921254032302,-10.497700866425948,-1.4088816672618831,-5.841214645050763
2025-07-04 23:00:00+00:00,2025-07-01 23:00:00+00:00,72,-0.5800864910817024,-151.4014928274164,-0.4423168305040613,8.65216482603585,-0.8627534099556181,-25.79669125502256,-0.032719601270702094,10.544477792628888,-0.9608960902607149,-9.804371814827663,-0.6182109997797599,1.0099823811577853,1.214258537628702,14.388019390521746,0.025163557486430604,-1.783105239644465,0.14594034853401516,-4.023365449413579,-1.036797445912839,-7.837065323430807,-0.12306297011745743,8.818129913655218,-1.0424800125288596,-4.945057688720056,-1.2622542217882131,2.892876869089561,-0.7764786257456854,-1.1444217777688646,-1.4088816672618831,-5.188542834461794
2025-07-05 00:00:00+00:00,2025-07-02 00:00:00+00:00,72,0.11842590007642775,-10.151325083676808,-0.1992531029821174,4.360036073447369,-0.2760832171792011,2.3397649629719277,-0.21936879936059758,11.219907286286062,-0.26063967602101556,9.988995979801762,-0.015502367917462536,2.4946177957382925,1.4075275336007265,11.593974172314486,0.768493946806754,-11.412525607473235,-0.9318686508343517,-8.650583358515966,-0.5436852088740425,-4.0171307594997625,0.261316545254522,2.478561598435427,-0.9428244911213975,-4.02518373985566,-1.2294617184024599,7.19976901399596,-0.07723467109660681,-0.18994567653332006,-1.4088816672618831,-7.385315164304094
2025-07-05 01:00:00+00:00,2025-07-02 01:00:00+00:00,72,0.7658276284668898,101.12985926945758,0.09242337004421525,14.859600211380181,0.3525808653240539,16.539353018825768,-0.4060179974504931,13.135741253534226,0.3757393002036599,16.41603055083042,0.5967514380163345,10.59802728789112,1.5900593631298598,19.394829453248594,1.039586974879452,-10.706296804560438,-1.1766428422863222,-9.160413127181574,0.13934187621348004,-3.7710357743124825,0.261316545254522,3.5765090188899045,-0.46704974375673974,-2.7341139210256027,-1.1594222422144396,8.815598155756994,0.5552671247370301,2.853466970860208,-1.4088816672618831,-15.24188632396451
2025-07-05 02:00:00+00:00,2025-07-02 02:00:00+00:00,72,1.3416744289826166,249.30451423967597,0.20180204742908997,27.79383324253565,0.9249420290083632,30.605507449969263,-0.4993425964954408,16.33832339589426,0.9051235677531703,15.472651484601299,1.2083110706452458,14.415023160017578,1.7618540262161035,26.39939081572674,1.2634897351024579,1.2015168562601277,-1.405696982158835,6.6171762355195165,0.7723913697092326,-0.751296034898572,0.5403016773793459,-0.1591173332873357,0.19196257522809027,-1.536665327665841,-1.4662498328448452,8.125603753259309,1.058447463165623,5.242661778909143,-1.4088816672618831,-6.707924151019014
2025-07-05 03:00:00+00:00,2025-07-03 03:00:00+00:00,48,1.5835982327495788,309.8206975544498,1.7695630899456278,40.51913227653901,1.2024127670553215,36.37184821416225,-0.5460048960179147,30.11266888841761,1.2910497557606062,21.289350490525905,1.7945558699381239,14.856161082367661,1.8692256906450058,34.86652364049833,0.738707181993828,-6.534176000217983,-0.39485071262203136,-3.490797349120404,1.0256111671075336,0.48121226871312855,0.6642950694348231,-0.8262530509477605,0.7095283476991031,0.14533099950003942,-1.1951704656747733,11.918983370123891,1.3915675283815887,5.950973615721094,-1.4088816672618831,-7.259677227859861
2025-07-05 04:00:00+00:00,2025-07-03 04:00:00+00:00,48,1.9890761573730786,382.25328214892903,0.2747211656856731,31.143648867798024,1.5959110670882841,45.72121569996074,-0.6859917945853363,11.586849031778893,1.507700733028229,20.935066213311092,2.210094547622316,9.480354457786103,1.9658601886310176,17.97317502285988,1.440536910226479,10.339153099999344,-1.5950788269963017,13.88101166694164,1.5720328351775517,22.341288433845076,0.2675162148572959,0.13637858221491603,1.047071242788894,-0.8443216998437224,-0.9604100420971526,6.6486239687189626,1.5292741070915155,5.545501784310192,-1.4088816672618831,-3.756428600701817
2025-07-05 05:00:00+00:00,2025-07-03 05:00:00+00:00,48,2.0265573100693683,385.0424986802075,0.2868743520617703,30.707662392076113,1.6400824177639213,46.11545578809379,-0.779316393630284,11.259761084078958,1.539639452035741,22.780144784553315,1.9738249489166644,10.345030706474699,2.019546020845469,16.881768944881852,1.4492386617448618,9.53764507398542,-1.5988606093499986,14.78489053625394,1.9685217284722598,29.855526942194512,-0.35245074542009036,0.37691856450535266,1.574281097976758,11.875249784672116,-0.7080280917624252,3.9897839925399903,1.4613309395004979,8.024980904389473,-1.4088816672618831,-3.1813518510823977
2025-07-05 06:00:00+00:00,2025-07-03 06:00:00+00:00,48,1.845966301623608,337.7757383754526,0.31118072481396475,32.60625146050957,1.4444219982218396,45.43294744496065,-0.6859917945853363,13.602539699282971,1.3852689768327666,23.81808743126672,1.4134582775501794,11.002405240389756,2.019546020845469,17.210031014893815,1.3826367943541622,7.287119500197616,-1.5261207768339766,11.797155848736681,2.0051719623062243,23.8828036289103,-0.9724177056974765,2.6010197071043915,1.9568297124118545,7.836630718620516,-1.2622542217882133,7.906657496634653,1.192738123514755,5.7103484380219065,-1.4088816672618831,-3.0677572861666405
2025-07-05 07:00:00+00:00,2025-07-03 07:00:00+00:00,48,1.4677473971428645,275.02786787830695,0.42055940219883947,34.197780302154165,1.0608778053833865,38.12944072368498,-0.779316393630284,14.932462093541284,1.054703235105018,16.35726993888593,0.8059580377425514,10.710344672948953,2.05175752017414,23.587518129058115,1.2086017639865043,-5.267018620905983,-1.2984940004392935,-4.278825628547526,1.828584472015304,12.729498731709798,-1.1894061417945618,3.8858988939262953,1.9921913490403087,8.169053619412068,-1.3231850447489248,7.345135457896217,0.7436788410490357,-0.7508068192841666,-1.4088816672618831,-3.9995374423619423
2025-07-05 08:00:00+00:00,2025-07-04 08:00:00+00:00,24,0.9600481469840284,146.20592135143045,0.09242337004421525,13.765634850183591,0.546374889767165,19.29082678509917,-0.9193032921977057,13.760011210642967,0.5705654861494825,17.052981565532317,0.19238020542507125,6.105695205560128,2.1591291846030423,24.67592648750653,1.1242617108083315,0.61598902609701,-1.3013434606253047,4.346317966478903,1.465413973115109,12.733839157447582,-1.6233830139887322,4.9095063991847425,1.8057390831811861,8.822087622279211,-1.483989826691148,11.096813444271744,0.1494693119224866,0.6976044697734913,-1.4088816672618831,-9.209114960124266
2025-07-05 09:00:00+00:00,2025-07-04 09:00:00+00:00,24,0.32968330618278907,21.097988130295526,-0.12633398472553423,1.7177989477911288,-0.07109082214226646,-2.8026720352383307,-0.8726409926752318,13.190538928550955,-0.03414092705940998,13.506167095332463,-0.4147762096474905,-3.6274449083348,2.1376548517172616,16.010423614440093,0.8668906755146221,-10.50140990192391,-1.063462729809608,2.5779449487824793,0.9623062177579583,-0.1969868842721926,-1.6233830139887322,4.687511618646503,1.4714108823303456,6.74010830406276,-1.364665557742091,7.884052876902587,-0.5371410435371716,-3.129641130697469,-1.4088816672618831,-4.306367718692085
2025-07-05 10:00:00+00:00,2025-07-04 10:00:00+00:00,24,-0.3926807276002528,-113.4096394102357,-0.3693977122474781,12.07803663562885,-0.7069094191915751,-22.520852205426507,-0.3593556979280192,11.625877628079659,-0.7181618258036241,10.552326688202674,-1.0065269763874385,-12.711667607147236,1.9658601886310176,14.189593449992628,0.2326668629247919,-2.8623869185392024,-0.3095888428842012,-4.258073376016077,0.3459159214594624,-2.760525176940423,-1.6233830139887322,9.723953676003179,0.9859920522488367,2.5250910597705696,-1.2622542217882131,5.072412214449863,-1.227498514785729,-7.454621419054557,-1.4088816672618831,-0.6851645506191726
2025-07-05 11:00:00+00:00,2025-07-04 11:00:00+00:00,24,-1.0639340986156267,-207.279508103727,-1.0378229629328237,-36.30351703340889,-1.1262261847602975,-35.013086110738605,0.060604997774245654,6.419604136546164,-1.4351860675222674,-41.13142685572507,-1.5658952020167716,-18.522339073902117,1.643745195344311,10.555290343116752,-0.9199805305102344,-4.413353096143725,-0.022358904336968716,-4.005172415703872,-0.36043403970421933,-2.2845800226487007,-1.046813740930763,6.265338862403467,0.39127361804301447,-2.6836252971935264,-1.4839898266911478,4.286523714263726,-1.6461381542403681,-13.438614027732154,-1.4088816672618831,-2.1477150998208807
2025-07-05 11:00:00+00:00,2025-07-02 11:00:00+00:00,72,-0.9446758854910678,-203.05453451644436,-0.9041379127957546,-17.818387236850814,-1.0929421388286555,-35.896348871523486,-0.07938190079317597,7.142716652102098,-1.4351860675222674,-40.2463911440368,-1.5658952020167716,-16.580684832580033,1.547110697358299,9.610290702002278,-0.34332215104201413,-2.7273945458535,0.4620568482383329,-4.311951126878077,-0.30379276923354676,-3.180449730166291,-1.5489869787554458,7.515148659012559,0.40413239499881604,-3.153730173490891,-1.2622542217882131,4.458061524860779,-1.6461381542403681,-11.921379770270281,-1.4088816672618831,-3.1179194828599393
2025-07-05 22:00:00+00:00,2025-07-02 22:00:00+00:00,72,-1.0877857412405383,-187.2306510521039,-1.0985888948133098,-42.03306234205115,-1.141157345552062,-33.14338609529687,0.4805656934765105,-11.404053850524845,-1.672863368136502,-31.745382532408463,-1.205803464151918,-16.391403367722482,1.160572705414251,7.639943444978792,-0.8453462771025657,-6.328766799484233,-0.022358904336968716,-5.032902696810403,-1.1400844685358305,-7.009453603942162,0.8564848271208129,-4.673312695309248,-1.0424800125288596,-3.544689578908836,-1.499920967902617,4.114936403182076,-1.4325192176278192,-11.255682586714387,-1.4076010513963877,-4.072593431716131
2025-07-05 23:00:00+00:00,2025-07-02 23:00:00+00:00,72,-0.5630496034924797,-138.68697771233988,-0.5638486942650331,8.878027395443965,-0.8761292414982405,-26.191930969653413,0.1539295968191934,7.70184731480829,-0.9654207421201124,-13.612181833703756,-0.6220082154141938,-0.3873816349051667,1.3216302020576043,14.589646673062074,0.21693677364156133,-2.493000875558429,-0.30861166387475975,-4.985313401802901,-1.0401292853522905,-7.784797158067457,0.2675162148572959,5.786461010027294,-1.0424800125288596,-5.045282319482887,-1.5544543136844833,3.646965053543208,-0.7826047727006378,-0.7153650070501267,-1.4076010513963877,-2.980936618824432
2025-07-06 00:00:00+00:00,2025-07-03 00:00:00+00:00,72,0.1047963900050496,-6.729039606562723,-0.1992531029821174,0.6786381347034866,-0.2841709292747403,1.5360358638771507,0.013942698251771779,10.370089653874263,-0.26463201589695456,9.345567418058218,-0.01914919359389441,1.3684141529464269,1.493424865143848,12.54878352687209,0.7450661542572616,-11.645729959415632,-0.9147609464789205,-9.236191909178944,-0.5270260116767858,-3.0795446946745475,-0.321452397406221,0.6670306750010945,-0.9460391853603479,-4.253828596868871,-1.5317132017188122,7.616273569329005,-0.08322755351017873,-0.7463507191825935,-1.4076010513963877,-1.2685141399015392
2025-07-06 01:00:00+00:00,2025-07-03 01:00:00+00:00,72,0.7624202509490453,98.66019209373107,0.031657438163729276,16.111510150264532,0.3494702068257696,19.187395583026728,-0.21936879936059758,14.080368300149466,0.3725454283029086,16.554256971639276,0.5931648682340126,10.393767037037458,1.675956694672982,24.643117866436537,1.0633494501796514,-10.142492060124841,-1.2354224673063177,-4.117605847405302,0.1260145184556747,-2.045855047837469,-0.9042213400669641,5.762814330474438,-0.4509762725619878,-2.832153266949542,1.5617730074273106,-10.3136690605464,0.5498202910284834,2.717205227248315,-1.4076010513963877,-2.3989277659158335
2025-07-06 02:00:00+00:00,2025-07-04 02:00:00+00:00,48,1.3280449189112384,249.64329910158426,0.1774956746768956,26.96637538441795,0.9149879218138532,29.444026878972252,-0.17270649983812372,14.43777324873436,0.9024620078358776,14.837146144966734,1.2046102150384848,14.269070767418043,1.697431027558762,23.543114227066397,1.2574654455897314,3.8759756551055715,-1.418442393273507,9.66218774124475,0.7623958513908786,-0.6078297540649891,-1.003416053711346,4.123783018014426,0.1758891040333383,-1.3541988042249355,1.2308400167605498,-7.396473567863434,1.0536924734789566,4.956220019159123,-1.4076010513963877,0.3646685748169217
2025-07-06 03:00:00+00:00,2025-07-04 03:00:00+00:00,48,1.7539671086418056,334.6457590112602,0.25041479293347874,28.277116961844666,1.3489247823245116,46.22432217557917,-0.4060179974504931,13.276328837943504,1.2891866638185012,25.570748028016038,1.790320494077069,11.895464260805161,1.8370141913163354,16.393674719100243,1.3829714771048691,9.90280883290566,-1.534482731219486,16.249010662954067,1.3221448772187019,8.904372015527763,-1.6233830139887322,4.482672854174958,0.7931103979118133,1.8957386087442336,0.24489646742705207,-2.9602671677863794,1.387524630663009,6.678211713913221,-1.4076010513963877,-2.5454303076359213
2025-07-06 04:00:00+00:00,2025-07-04 04:00:00+00:00,48,1.9822614023373895,390.1762261800197,0.3719466566944507,32.85079911202252,1.5915561451906863,46.289631087413476,-0.7326540941078102,12.306942739632872,1.5063699530695829,24.57003656212324,2.205026556149084,10.099077488471677,1.976597355073908,16.81642649974566,1.4074033179064827,9.658307265144819,-1.5327566615298758,16.41799501981886,1.738624807150118,26.681194554828476,-1.6233830139887322,5.45865200779779,1.3331790300554789,10.655950538058894,-0.5075500415037004,1.5895674270786146,1.5258834563643293,9.07066295061982,-1.4076010513963877,-3.1976220744833648
2025-07-06 05:00:00+00:00,2025-07-04 05:00:00+00:00,48,2.0265573100693683,397.80226623847,0.32333391119006194,31.820277542083883,1.6422598787127203,46.936692266600375,-0.9659655917201796,12.313461595641693,1.5388409840605528,23.614894706732343,1.971976412595049,9.676660619803167,2.05175752017414,16.420302540069013,1.439532861974358,10.984415504504202,-1.5765759592278983,16.901323242525276,1.961858049593357,27.41552551363444,-1.6233830139887322,7.314357299871192,1.7350158099242776,11.841836428859345,-0.4557275996721475,-2.6759409231338855,1.4584753380212538,8.06135907978106,-1.4076010513963877,-3.860495379344383
2025-07-06 06:00:00+00:00,2025-07-04 06:00:00+00:00,48,1.8698179442485199,357.5690736865948,0.22610842018128438,29.66616591644762,1.4674408711091431,46.04416901765222,-1.0126278912426534,12.744676953497303,1.384736664849308,18.067086082611045,1.4129783780533711,9.597869484836341,2.0410203537312497,15.381703596212677,1.4331738897109243,9.280677478066538,-1.5888184544694381,16.96469093399195,2.0051719623062243,24.482338137232848,-1.5923846659748628,11.232440993492133,1.9504003239339538,6.845511554438715,-0.5332329757624148,1.0142014781827446,1.1902627884699655,3.3172515008190526,-1.4076010513963877,-5.85237086602175
2025-07-06 07:00:00+00:00,2025-07-05 07:00:00+00:00,24,1.5018211723213097,286.94909084495293,0.1774956746768956,26.738579985171423,1.090117995267259,40.260702863311394,-0.9659655917201796,13.91238940741515,1.0544370791132884,15.882164472706783,0.8057836400045056,9.350373632926935,2.0302831872883593,20.906762183791336,1.3277488232382086,5.076663447301184,-1.4919507055996684,10.815873405426617,1.838579990333658,16.058631887822386,-1.5489869787554458,6.012741063052832,1.9729031836066064,6.884220255612758,-0.5332329757624148,1.3271444740963285,0.7414131906235779,-0.17671758811528435,-1.4076010513963877,-3.504601482760258
2025-07-06 08:00:00+00:00,2025-07-05 08:00:00+00:00,24,0.9566407694661839,128.92797612443084,0.32333391119006194,25.583540523012438,0.5504187458149348,18.733265690183504,-0.9659655917201796,15.832741889739337,0.5702993301577536,17.75272758180241,0.19217283129469848,6.703308001872553,1.998071687959689,19.937067261990432,1.029881175108948,-11.992226822753793,-1.087870044804183,-11.95477597048949,1.4920686886307197,14.70365776269757,-1.0220150625196676,8.453643676832925,1.8314566370927894,8.000268914948636,-0.48171229266408044,-1.8320554366471067,0.14725915972130654,0.6804551976253538,-1.4076010513963877,-15.231187747321034
2025-07-06 09:00:00+00:00,2025-07-05 09:00:00+00:00,24,0.3535349488077008,38.28514435617727,-0.16279354385382583,0.12043513458065402,-0.05429326625153119,-2.906782501080361,-0.6393294950628624,12.023873783621273,-0.034673239042868634,13.757268748371006,-0.4151838717678622,-3.144742863067765,1.8799628570878961,15.514874737848098,0.9298110326475447,-13.820787982775805,-1.132981878946027,2.4077818005509313,0.958974378318507,-0.2003620400990937,-1.0282147321224413,1.7749789385100974,1.4971284362419488,6.023254393780456,-0.6342608588846731,3.474759452929876,-0.5393677484995204,-3.129176808836356,-1.4076010513963877,-6.67938531612059
2025-07-06 10:00:00+00:00,2025-07-05 10:00:00+00:00,24,-0.3279405547612066,-98.3336383610528,-0.4423168305040613,6.53056256071734,-0.6826462829049577,-26.638300980141572,-0.26603109888307147,10.999836650419834,-0.7192264497705412,0.7404398402799967,-1.0072538177689851,-13.011805318734401,1.6330080289014206,10.482539529219336,0.4793280501958764,-2.552521837411853,-0.644672408667332,-4.1917728144173125,0.3692387975356217,-2.931849624500708,-1.0282147321224413,6.658181512637637,0.9827773580098863,2.3410754151092843,-0.7321953293925966,4.338280323141044,-1.2295012699016954,-6.484282221003684,-1.4076010513963877,-3.68328739497247
2025-07-06 11:00:00+00:00,2025-07-05 11:00:00+00:00,24,-0.9412685079732233,-200.4075793998579,-0.9162910991718518,-14.495463632244332,-1.0957417314771114,-35.878651279666286,0.013942698251771779,6.0105944945861385,-1.4365168474809136,-38.977433218132305,-1.566987726312349,-16.547378761240175,1.3645788678291655,9.182042261534605,-0.29445846943878723,-2.5261511301978774,0.3246404922850046,-4.447093567358249,-0.2971290903546441,-3.8828672873648458,-1.0282147321224413,5.915255286979693,0.41377647771566717,-2.585342351714624,-0.6342608588846731,2.735986520950972,-1.6463406576133826,-12.22920640074571,-1.4076010513963877,-4.098900605700235
2025-07-06 11:00:00+00:00,2025-07-03 11:00:00+00:00,72,-0.9889717932230468,-209.4803268220622,-0.9162910991718518,-17.31367271770204,-1.0963638631767683,-36.162563992265675,-0.032719601270702094,7.736805592628164,-1.4365168474809136,-34.90992477915197,-1.566987726312349,-16.986475429423848,1.4719505322580673,10.013985114443825,-0.6311493166500637,-4.71334820450976,1.0084434549357595,-4.336846465011974,-0.620317515981423,-5.465332548942596,0.8564848271208129,-5.25866655554177,-0.7145812001559197,-4.177922116626488,-0.916892920291119,4.558936312629969,-1.6463406576133826,-13.295355784103064,-1.4076010513963877,-4.662576438040851
2025-07-06 22:00:00+00:00,2025-07-03 22:00:00+00:00,72,-1.1082300063476056,-172.71304665570295,-1.1350484539416013,-39.74586214073082,-1.1501782551970865,-31.980809547457685,1.1805001863136186,-29.575285028277552,-1.6771218640041703,-30.458199838281928,-1.2098927420815895,-13.445568391500874,0.7740347134702031,2.883957871867457,-0.9393921300512424,-7.42305330234506,-0.022358904336968716,-5.3519178495452815,-1.1400844685358305,-7.067756297904093,0.8564848271208129,-4.145788700033162,-1.0424800125288596,-3.475433155364186,-0.243518169068962,-0.5147723684029821,-1.4372015702983962,-10.877568581333742,-1.4058755785868637,-4.867331094709523
2025-07-06 23:00:00+00:00,2025-07-03 23:00:00+00:00,72,-0.9617127730802905,-155.25996708430225,-0.8069124217869771,3.8517853248297476,-1.0406830760574795,-25.423630972070995,1.040513287746197,-27.305509425243816,-0.9702115499712393,-9.001403759823887,-0.6258892222355918,0.8355554506808811,0.8277205456846543,11.746282860834706,-0.9805581083882075,-9.079638617046802,1.5246490816447147,-8.787829960377627,-1.0601203219889985,-7.471938538936956,0.8564848271208129,-7.565562017131241,-1.0424800125288596,-4.312272429818934,-0.053791891784217866,0.6872177927220416,-0.7888125580348387,3.197604166229984,-1.4058755785868637,-4.513532121761549
2025-07-07 00:00:00+00:00,2025-07-04 00:00:00+00:00,72,-0.3415700648325848,-67.79022720291502,0.3597934703183535,29.444760655993957,-0.5376895968849098,-24.748458121632787,0.7138771910888799,-26.644584155266372,-0.26862435577289356,16.790495230371977,-0.022867033842482995,0.6047505312663113,1.0746753738711294,14.977442780127204,-0.5140103539026016,-8.53310335194298,1.2447144441821263,-9.125681417967108,-0.9168512260925913,-9.06392599954048,0.8564848271208129,-9.510766655072977,-0.9653273507940502,-4.829385787949744,-0.2703902179910269,-0.3630319349767119,-0.08928272817199562,-0.47874248760010724,-1.4058755785868637,-4.343429701658444
2025-07-07 01:00:00+00:00,2025-07-04 01:00:00+00:00,72,0.4932374270393268,57.99988554487149,1.4171206850388094,26.739373238061727,0.18056145036893265,2.7593120676088705,0.38724109443156274,-22.605979299911013,0.3693515564021576,14.84450859683922,0.5895108680407772,8.901286826302687,1.2679443698431532,34.16761122206855,0.07268850808682964,-16.507854116000072,0.5941474494269118,-11.377924594815504,-0.3104564481124494,-2.8309788900642707,0.844085487915265,-9.234990357709272,-0.8270954985191834,-4.233551797763185,0.05517019014230796,-6.862585836724926,0.5443299778535924,2.7590124993425187,-1.4058755785868637,-5.310624275656015
2025-07-07 02:00:00+00:00,2025-07-05 02:00:00+00:00,48,1.338267051464772,251.46403554600212,0.1531893019247012,26.192500557860594,0.9252530948581916,29.27329684188511,-0.12604420031564983,14.199634231970705,0.900066603910314,14.91119024773665,1.200829322206845,13.618046785885198,1.547110697358299,12.658604501782264,1.2808932381392237,9.264602357991903,-1.4419470397121714,15.218945976013796,0.7457366541936219,-0.7076512220248339,-0.5942378599282709,4.308976028643279,0.09230705382062816,-1.04047302392535,-0.16248854755558578,-3.2891818606429166,1.0489038311617722,3.8168115303476844,-1.4058755785868637,-2.833076563090351
2025-07-07 03:00:00+00:00,2025-07-05 03:00:00+00:00,48,1.7641892411953393,339.92352795720484,0.20180204742908997,28.66785401630458,1.3598120870685066,45.85278769831836,-0.3593556979280192,11.869253240235084,1.2873235718763962,16.856333302728338,1.7859524550062025,11.146059355223722,1.697431027558762,17.493158709028886,1.4104154626628458,12.78016398889508,-1.5703729270524267,17.06675001175161,1.3321403955370559,14.589806315335204,-0.5942378599282709,2.938533715939948,0.7770369267170613,1.6592597635351545,-0.35047831065309115,-3.5280017624073725,1.3834464764787333,6.436155019088552,-1.4058755785868637,-6.587055572719536
2025-07-07 04:00:00+00:00,2025-07-05 04:00:00+00:00,48,1.9958909124087676,390.2524065438207,0.2868743520617703,30.777816488387284,1.6061762401326225,45.8838297069482,-0.5460048960179147,11.779734682373636,1.5050391731109365,24.195533712788787,2.199667126280998,9.630195394452835,1.7833283591018843,17.053573833289697,1.4462265169884987,10.056730832808778,-1.5896369092459848,17.51717583833959,1.748620325468472,27.218621060807198,-1.2142048202056572,3.435685863355633,1.34282311277233,10.839767443899175,-0.5332329757624148,1.6653794115122909,1.522444087613293,8.794333831856399,-1.4058755785868637,-2.9460016361053447
2025-07-07 05:00:00+00:00,2025-07-05 05:00:00+00:00,48,2.0401868201407467,400.60650222079795,0.2625679793095759,30.206580792716103,1.6568799736546562,46.74979690467334,-0.779316393630284,11.612346826735637,1.538042516085365,23.80874218973813,1.9698310391394298,9.141240090559139,1.8370141913163354,15.340007923905073,1.4709930405408191,12.0386409298136,-1.617697563953912,18.740249334187432,1.9751854073511623,27.63852452406345,-1.5303879699471241,6.272321910292307,1.7446598926411288,11.594176237994027,-0.4033490843377302,-3.5031744253787878,1.455546499253892,8.160554040029457,-1.4058755785868637,-4.224304629376804
2025-07-07 06:00:00+00:00,2025-07-06 06:00:00+00:00,24,1.8732253217663644,353.4480505236296,0.22610842018128438,28.993260717382956,1.4730400564060548,45.85801936708657,-0.779316393630284,11.689397130357909,1.3842043528658494,17.759273745231415,1.412275573574262,9.259957238523494,1.8048026919876643,15.501054212986428,1.4371900827194086,11.357843941095584,-1.589895520220418,17.261085171869265,2.0151674806245783,24.491949700424097,-1.1274094457668231,0.8355040859481229,1.9664737951287057,7.001481176418691,-0.4033490843377302,-3.6064446232847027,1.1876805012791645,3.1381502090175104,-1.4058755785868637,-4.757528550541506
2025-07-07 07:00:00+00:00,2025-07-06 07:00:00+00:00,24,1.5154506823926879,292.8133686509121,0.141036115548604,23.20977583623863,1.1038048926597097,40.464732045409946,-0.825978693152758,12.991721329624637,1.0539047671298303,15.682027446746655,0.8054098789975345,9.268253662624627,1.7618540262161035,19.014884318178595,1.3558621742975994,7.13183936867427,-1.5238112964702797,13.960810617598598,1.8552391875309144,17.846995116130504,-1.4621916043166117,4.464748267388806,2.00183543175716,6.849782766072292,-0.48171229266408044,-0.5344825157352655,0.7390005773700851,-0.32775453917995173,-1.4058755785868637,-3.233525893134053
2025-07-07 08:00:00+00:00,2025-07-06 08:00:00+00:00,24,0.9941219221624737,153.02951791861184,0.007351065411534891,12.75858940303473,0.5762372113506943,19.592281656969618,-0.779316393630284,11.444577197918681,0.5697670181742949,17.403956460407425,0.19176943712504357,4.572902304242679,1.6866938611158717,23.105113362051846,1.205589619230141,4.636227621625349,-1.3975107415021069,8.198637658351222,1.505396046388525,13.275675727797434,-1.5303879699471241,6.565422758771612,1.8475301082875413,7.6863101491140835,-0.6590533974253013,5.6609819119155835,0.14486009443438388,0.8815485686307447,-1.4058755785868637,-15.657212190880372
2025-07-07 09:00:00+00:00,2025-07-06 09:00:00+00:00,24,0.3603497038433899,39.68647171157629,-0.16279354385382583,2.4103959460211315,-0.04744981755530579,-3.2658148765168358,-0.4060179974504931,10.868528356526866,-0.035205551026326984,13.710592861117764,-0.4157938534169776,-2.3794934522212903,1.547110697358299,9.953039556017476,0.9431983426758261,-11.886994564314483,-1.1392417413005516,1.8467948704870565,0.9956246121524717,0.25061568236138704,-1.5303879699471241,4.6016178833324055,1.5099872131977503,5.8705941032827695,-0.6342608588846731,3.6163453364828206,-0.5418189795017174,-2.4373416859337698,-1.4058755785868637,-10.956102204903846
2025-07-07 10:00:00+00:00,2025-07-06 10:00:00+00:00,24,-0.3211257997255175,-97.17796924831329,-0.4544700168801585,8.96266766143789,-0.6795356244066734,-27.073309289775473,-0.12604420031564983,10.397159049505488,-0.7200249177457291,1.0984770312500713,-1.0081948512061316,-11.836847770425091,1.3323673685004946,8.666329288435596,0.5104535460116304,-2.65726603415389,-0.6871708121325093,-4.238755410427396,0.3759024764145244,-3.129303469457436,-1.5303879699471241,8.6802799697536,1.0181389946383406,2.4437580862858095,-0.7080280917624249,4.309191199984424,-1.2317286534829588,-6.113459947451108,-1.4058755785868637,-6.606803739090756
2025-07-07 10:00:00+00:00,2025-07-04 10:00:00+00:00,72,-0.32453317724336206,-84.9252050455406,-0.4423168305040613,10.441498204660313,-0.6798466902565019,-25.724638842387726,0.24725419586414116,0.05481822570866463,-0.7200249177457291,1.4011561655628708,-1.0081948512061316,-12.36466061756699,1.2035213711858121,7.036454764251664,0.4907072637199155,-4.343171575273878,-0.6522016533757293,-5.436803210559995,0.3659069580961704,-2.7145593900773517,-0.9042213400669641,7.77842249379339,1.0149243003993902,2.5844310502660255,-0.35047831065309115,-0.2851391853247464,-1.2317286534829588,-6.104740600132878,-1.4058755785868637,-4.585487723535104
2025-07-07 11:00:00+00:00,2025-07-04 11:00:00+00:00,72,-0.9412685079732233,-177.47920683627865,-0.9162910991718518,-13.061724471201657,-1.0957417314771114,-33.222660643464486,0.6205525920439321,-15.179866463744037,-1.438113783431289,-35.29852746177411,-1.568297008448088,-14.825157943702626,0.9565665429993369,3.3612942155377454,-0.29311973843595895,-3.871622216065954,0.3246404922850046,-5.6782362691380195,-0.29379725091519276,-3.5965510376232905,-0.9104210096697379,7.358151953314816,0.4105617834767168,-2.505874472937126,-0.2703902179910269,0.24747277398436832,-1.6465637835418774,-11.163606466285309,-1.4058755785868637,-3.495517241295362
2025-07-07 22:00:00+00:00,2025-07-04 22:00:00+00:00,72,-1.1082300063476056,-172.55530425096774,-1.1228952675655042,-40.346967840862106,-1.1470675966988022,-31.782299560443445,1.1805001863136186,-29.71951851348363,-1.6813803598718382,-33.11398351603009,-1.214081299434024,-13.268754526258824,0.7740347134702031,3.0760488764890503,-0.9695135776148756,-7.558006579737205,-0.022358904336968716,-5.200921669599085,-1.1400844685358305,-7.202754321053444,0.2737158844600698,6.380003973194861,-1.0424800125288596,-3.814749306849122,0.0006891491790450478,-0.8961245952241992,-1.4419335099434787,-10.752735802893902,-1.403705759428476,-3.97000408282263
2025-07-07 23:00:00+00:00,2025-07-04 23:00:00+00:00,72,-1.009416058330114,-155.16782359037128,-0.9041379127957546,-12.064889171707536,-1.070856463490837,-28.737676097243785,1.1338378867911447,-30.060992498107428,-0.9750023578223659,-9.977561246794528,-0.6298508947575645,2.314726703554785,0.8277205456846543,10.846851892494488,-1.0535189480423413,-9.334585101030834,1.5443962981238872,-7.5012354810089645,-1.0601203219889985,-6.604022917931352,0.5403016773793459,5.903029771590923,-1.0424800125288596,-4.497038077814948,-0.053791891784217866,-0.1778728643736649,-0.7950981368599955,3.6059328209587576,-1.403705759428476,-4.098899424144243
2025-07-08 00:00:00+00:00,2025-07-05 00:00:00+00:00,72,0.07412999234444877,-3.0113688020159426,-0.10202761197333984,8.156292235086337,-0.2963024974180489,-5.273971966567698,0.7138771910888799,-42.96307424515303,-0.2726166956488325,9.435532621026772,-0.026653188979340388,1.4940832315709094,1.063938207428239,4.285731655175111,0.6336167982718193,-14.401213429640999,-0.7237125660553978,-4.699149302527503,-0.9634969782449099,-9.432381765871398,0.3171135716794868,3.318500025624365,-0.9653273507940502,-4.094980879103827,-0.48171229266408044,2.218269203133448,-0.09539742761609511,0.11613458239353863,-1.403705759428476,-4.16019515688363
2025-07-08 01:00:00+00:00,2025-07-06 01:00:00+00:00,48,0.5716071099497512,63.85016142520655,1.0403719073797963,29.918588659853818,0.23188731559062342,-1.4482316487953515,0.5738902925214583,-39.13009192090276,0.36589152850967693,15.368734035071352,0.5857915911858048,8.333995902305494,1.09614970675691,10.880152552032861,0.3534873359300314,-20.05368341247996,0.033493604074862425,-12.721861409224026,0.05937772966664814,-2.453927275795996,-1.0716124193418584,24.078413105786147,-0.460620355278839,-4.5662362342612495,-0.13536827397796267,-1.4010182770334134,0.538797841150562,2.7666482346147654,-1.403705759428476,-7.771319985543721
2025-07-08 02:00:00+00:00,2025-07-06 02:00:00+00:00,48,-0.28364464702922765,-55.66669419797064,0.5907040114642002,31.741894544242687,-0.4157517837521657,-12.665235221081996,0.7138771910888799,-28.677014698997137,0.8974050439930213,23.05824190881026,1.1969698245519416,16.809174633946153,0.9887780423280076,7.728000808164853,-0.8594029526322613,-8.087610158287191,1.5026153453626903,-6.7058594448000095,0.5824765216605068,-0.8521592012389906,-0.4516454590644721,17.303982727216926,0.11480991349328089,-7.881447454757495,-0.243518169068962,0.763581894266569,1.044082038434707,5.008089068420151,-1.403705759428476,-7.588214809923258
2025-07-08 03:00:00+00:00,2025-07-06 03:00:00+00:00,48,-0.37905121752887466,-72.97220152606295,0.45701896132713105,33.862256204584824,-0.4857415999635622,-6.92134010746945,0.5272279929989844,-7.154206617304519,1.285460479934292,39.260709203372926,1.7814524676984809,19.271603375540135,1.063938207428239,12.458967629556847,-0.9788846946346723,-7.149690208917236,1.6561340142268375,-6.91464733459637,-0.2538151776417768,-3.584006076182924,0.1683215012129141,15.512632362794925,0.6195169090084922,-1.9164562586191822,-0.16248854755558578,0.18058466125773995,1.3793324443509616,6.360668856070511,-1.403705759428476,-10.928204755291466
2025-07-08 04:00:00+00:00,2025-07-06 04:00:00+00:00,48,-0.17801594397604698,-4.834991891771105,0.9066868572427272,26.437731265511584,-0.3056344729129018,1.551733572901553,0.38724109443156274,-8.963941575261588,1.50370839315229,19.399595346093914,2.194019556489796,18.410411331600073,1.1390983725284705,13.935493058203752,-0.9253354545215469,-13.155869604887965,1.6927397819174317,-10.458388428910903,-0.34710668194641403,-4.2846711053666375,0.6332967214209537,-5.3226094206555405,-0.1873713449680558,-8.255781937499492,-0.02655552079778641,-4.331369828074262,1.5189543648232477,5.520095206401428,-1.403705759428476,-13.35721007279638
2025-07-08 05:00:00+00:00,2025-07-06 05:00:00+00:00,48,1.0043440547160074,112.61189828014805,2.5838265771441398,23.796241517768035,0.7314590704150802,15.766237533626482,0.38724109443156274,-48.489375598829085,1.5372440481101775,14.96128208327004,1.9673846241197763,15.581178357472078,1.1927842047429216,24.75536462377202,-0.2164773885240482,-25.416246978876107,0.905463456855991,-23.576427221002174,-0.1505281550187856,-4.665214714196593,0.8130871399013958,-10.845825203957228,-0.2773827836586667,-6.957322442012937,0.24489646742705207,-5.729256346279085,1.4525419573299119,7.134838037506657,-1.403705759428476,-13.930863234108037
2025-07-08 06:00:00+00:00,2025-07-07 06:00:00+00:00,24,-0.7674922545631518,-101.05857973702304,-0.3207849667430893,19.932072837998245,-0.8201373885291232,-22.31095091429666,0.9005263891787754,-21.437716305585038,1.3836720408823908,57.38193875850757,1.41134528120019,25.05915169054211,0.9995152087708976,22.33966764192346,-1.1676457660334398,-6.808977387450048,1.9103727351463649,-6.806217331491055,-0.17718287053439624,-3.402239165175046,0.4287076245294163,1.2404344928069753,1.6032133461273115,42.977338649009816,0.4830905910221705,-1.1336863601773264,1.1849882157064815,9.959205696873372,-1.403705759428476,3.1507925524649028
2025-07-08 07:00:00+00:00,2025-07-07 07:00:00+00:00,24,-0.597123378670925,-96.59273527554458,-0.06556805284504827,23.299314470757164,-0.6786024268571882,-20.17102088536021,0.7138771910888799,-22.3773012539464,1.0533724551463717,45.85347913912595,0.804833001345101,25.700880778773065,1.1068868731997998,25.92753229586584,-1.0347767140027473,-6.629707377692935,1.4729204536492717,-6.73831657728549,-0.7269363780438656,-5.4247560422253285,0.6270970518181799,-1.592610907523643,-0.11343337747219681,-6.844420311739743,0.5089283398617905,-0.8299052050209456,0.7364376819118212,6.4645521843954405,-1.403705759428476,0.26092741188858376
2025-07-08 08:00:00+00:00,2025-07-07 08:00:00+00:00,24,0.5988661300925074,68.0711212658421,1.2955888212778375,26.552294612811288,0.28787916855974066,6.446051753271032,0.24725419586414116,-9.721453522088344,0.5692347061908363,16.41911892627748,0.19116698031563945,7.264713727157209,1.3216302020576043,29.24097236737024,0.15435109925934595,-16.106129925024977,0.27450734627950746,-14.944310167034084,-0.5603444060712991,-3.654027147929809,0.6890937478459186,-4.306847705669425,-0.6438579268990112,-3.4787450724564573,-0.37697121699841857,-6.362299032772926,0.14226889339052146,2.099893429898508,-1.403705759428476,-8.809211010181837
2025-07-08 09:00:00+00:00,2025-07-07 09:00:00+00:00,24,-1.0060086808122695,-138.98972309501897,-0.8555251672913659,1.2016936629390065,-1.0372613517093667,-29.52578079093788,0.8538640896563015,-19.363460791642517,-0.03600401900151497,41.41523435551507,-0.4166085757824137,2.7405718240078047,0.9458293765564465,25.13007740190486,-1.2094811098718192,-8.915537122135461,1.9878675837589421,-5.176810938164174,0.6091312371761174,3.5137954370172473,0.6890937478459186,3.023387484147094,-0.4831232149514917,-6.846968684056239,-0.2703902179910269,2.38202135545055,-0.5444973563299587,0.6857928367688507,-1.403705759428476,-5.3125771900566034
2025-07-08 10:00:00+00:00,2025-07-07 10:00:00+00:00,24,-1.11163738386545,-149.72542165007025,-1.0985888948133098,-38.14240629550017,-1.1287147115589249,-30.04530779399338,0.8538640896563015,-19.752608217817503,-0.7213556977043754,19.999403694663435,-1.009351900815576,-9.282517245271862,0.8921435443419954,3.827316122584892,-1.2496430399566631,-6.901065628585466,-0.022358904336968716,-5.617137258762826,-0.9601651388054586,-6.064551482992763,0.6890937478459186,8.314143305260295,0.6452344629200952,3.5608660678088744,-0.08101166731780222,-0.30935111838124313,-1.2341814967276394,-6.472909156497916,-1.403705759428476,-5.0557260478569175
2025-07-08 10:00:00+00:00,2025-07-05 10:00:00+00:00,72,-0.41312499270732006,-94.76567986734253,-0.1992531029821174,14.83115757351562,-0.6950889168980948,-22.90986640677915,0.293916495386615,-1.433951073060276,-0.7213556977043754,11.351410753414077,-1.009351900815576,-12.350220506055555,1.2894187027289339,11.747425719014235,0.03988959851754023,-2.7133810366705253,0.18013213226867916,-5.358471998388443,-0.05057297183524573,-3.471105380770462,0.5589006861876674,-1.1318282010516396,-0.7595869195012253,-2.7469458328305785,-0.16248854755558578,-0.5119732207929134,-1.2341814967276394,-7.2122000767517545,-1.403705759428476,-2.966726226247134
2025-07-08 11:00:00+00:00,2025-07-05 11:00:00+00:00,72,-0.9855644157052023,-186.43869152155213,-0.9041379127957546,-12.321294402269466,-1.0935642705283124,-34.06465351797666,0.5272279929989844,-11.415081304143289,-1.439976875373394,-36.34526765691404,-1.5698236985106566,-15.197571667663217,1.09614970675691,7.246963485528481,-0.6291412201458215,-7.250729827007262,1.0658883308060636,-6.907836759670422,-0.3804250763409273,-3.5070401752868405,0.5589006861876674,1.0098593198336203,0.008725003607918013,-3.33555402132974,-0.13536827397796267,0.30760371119579416,-1.6468049290682074,-12.314928058859396,-1.403705759428476,-3.574552010417147
2025-07-08 22:00:00+00:00,2025-07-05 22:00:00+00:00,72,-1.1014152513119164,-175.22499930565343,-1.1228952675655042,-35.945152675912155,-1.1470675966988022,-32.423147620931495,1.413811683925988,-33.35506064876647,-1.685905011731236,-28.45061713788047,-1.2183657622836646,-10.761069731655873,0.5915028839410694,-1.023886633330856,-0.9012382964706406,-8.126095910233728,-0.022358904336968716,-4.926848308351967,-1.1400844685358305,-7.072168846958622,0.8564848271208129,-5.683842747612716,-1.0424800125288596,-3.428935778033783,0.9831110533134326,-3.0334485234652537,-1.4467094592725158,-8.058786197679531,-1.4010922360056222,-2.7956934164016856
2025-07-08 23:00:00+00:00,2025-07-05 23:00:00+00:00,72,-0.6277897763315259,-130.50278397214984,-0.40585727137576966,12.638363883512147,-0.8730185829999562,-24.871792669578067,1.1338378867911447,-35.38960527025286,-0.9797931656734927,-13.132660880958882,-0.6338902501621172,0.8887532378349513,0.7096117148128617,3.5079476365438635,-0.1609200519066804,-3.3768922741908627,0.502784484892461,-4.609583823836412,-1.0534566431100958,-7.4641814332757495,0.8378858183124912,-5.243682267387067,-1.0424800125288596,-3.9242012003771944,0.7335736277506864,-1.9047687784866374,-0.8014578392226692,-3.683816107763797,-1.4010922360056222,2.0107042522773915
2025-07-09 00:00:00+00:00,2025-07-07 00:00:00+00:00,48,0.060500482273070616,-0.9373742970341186,0.007351065411534891,10.653001288445143,-0.2975467608173626,-2.21090034978812,0.7138771910888799,-43.57676650437926,-0.27687519151650086,9.492536634857867,-0.030505134947867434,1.6511164505841338,0.9780408758851172,2.210954664360501,0.545260552085162,-14.898315363040526,-0.5317679307966287,-10.788371624499518,-0.5603444060712991,-3.7975715650188517,-0.9414193576836073,12.874513745354163,-0.955683268077199,-4.011669192700838,0.13674657233605242,-0.750109222944362,-0.10156908247261529,0.030537569194468504,-1.4010922360056222,-5.530361648861321
2025-07-09 01:00:00+00:00,2025-07-07 01:00:00+00:00,48,0.6670136804493982,77.28451438769315,0.6879295024729777,25.439104496124276,0.29752220990442185,14.48140873819031,0.43390339395403665,-38.688155631290996,0.3624315006171966,15.97487804912574,0.5820089782008527,8.8769082499839,1.1390983725284705,10.534895908316246,0.6506856185578778,-21.89851136042938,-0.47272932675776025,-13.823785252776755,0.08270060574280744,-3.1940741135486657,-0.81742596562813,19.758389413224243,-0.4831232149514917,-4.553577784348118,0.13674657233605242,-2.096376332876856,0.5332253346499338,2.8690288976653586,-1.4010922360056222,-9.19769988412516
2025-07-09 02:00:00+00:00,2025-07-07 02:00:00+00:00,48,0.8816784640736041,125.10802230456302,1.7452567171934334,32.79501277249316,0.5641056432073855,18.26658624756399,0.1539295968191934,7.699591617259812,0.8944773280839996,15.751322897988116,1.1930328944944224,15.076976978474372,1.2786815362860435,16.34258754974069,0.17577079530459608,-14.822976512540572,0.3146871103451046,-15.34123655751546,0.6757680259651441,-1.4784495745524424,-0.7802279480114869,15.529724453896582,0.13731277316593363,-4.4827465144893575,0.1909374139841354,-8.431990977360753,1.039227407474832,3.924716683410359,-1.4010922360056222,-15.245610130496623
2025-07-09 03:00:00+00:00,2025-07-07 03:00:00+00:00,48,0.4284972542002806,36.330674920085414,1.6844907853129476,35.59024518398314,0.21197910120160388,3.6570411452987783,-0.032719601270702094,17.704992822818546,1.2833312320004573,17.73739435640613,1.7768209377848723,17.309048164541363,1.343104534943385,14.877009589425898,-0.477864616826242,-11.961478340356999,1.0449746427850413,-12.030340482419456,0.8856739106505778,-1.2891925704782998,-0.28425437978957785,12.237297574193843,0.7095283476991031,-3.4777794942737597,0.24489646742705207,-6.810166970497278,1.3751817492191063,5.716192382068008,-1.4010922360056222,-16.560619614424958
2025-07-09 04:00:00+00:00,2025-07-07 04:00:00+00:00,48,0.019611952058936174,-11.16127457658944,1.1619037711407683,35.49453876235944,-0.13237079455846693,4.441272970622092,-0.07938190079317597,14.36466470772822,1.502111457201914,17.244997792950073,2.188087026754022,19.90363918068623,1.3860532007149458,14.622985464433619,-0.7978213265021669,-16.110976202063384,1.413208029547884,-10.842364565921953,0.44253926520355097,-4.295849949478341,0.19931984922678342,13.785642606952333,0.9120540847529777,0.13980506034172774,0.29855799186993714,-5.864620351379535,1.515412527315598,7.334300556236336,-1.4010922360056222,-15.669448164868864
2025-07-09 05:00:00+00:00,2025-07-08 05:00:00+00:00,24,1.6313015179994022,283.4467177425062,2.4987542725114595,28.910463746129427,1.2876448099083113,34.67194115421912,0.060604997774245654,12.828519504918406,1.53617942414326,14.235252342205321,1.9646332087727891,12.687096379266203,1.396790367157836,12.400388181885345,0.4354846098532548,-14.713635805655938,0.07672259218178658,-17.994783705671875,0.6457814710100821,-6.097884239701307,0.5589006861876674,-2.488292840214267,0.18874788098913986,-7.59660777760271,0.3783495153565083,-10.346628344731561,1.4494591702211537,6.755946544136333,-1.4010922360056222,-5.587908724891502
2025-07-09 06:00:00+00:00,2025-07-08 06:00:00+00:00,24,-0.46082827795714354,-77.05969101613701,0.2868743520617703,35.13613023057155,-0.5538650210759881,-16.75405357598914,0.38724109443156274,-7.591542240939459,1.382873572907203,46.98120973330861,1.4101830271478146,22.965206948971552,1.1927842047429216,22.09569014357061,-1.0247362314815363,-6.640959433283732,1.6699018548216586,-7.261552335267865,1.6186785873298701,27.792039182735852,0.5589006861876674,-3.3801347999161995,0.6805960995485496,-1.1522594557215706,0.8047067743043916,-3.597723874870703,1.1821828640295442,7.183547237501658,-1.4010922360056222,-4.4080337358481385
2025-07-09 07:00:00+00:00,2025-07-08 07:00:00+00:00,24,1.4438957545179527,252.1780819542398,0.5542444523359086,25.524635463736626,1.0506126323390483,34.93986689857804,0.060604997774245654,14.817845108031802,1.052840143162913,14.577419301518018,0.804049366773747,11.946071248559248,1.3860532007149458,6.293719773679573,1.1386530690887342,-6.678892962874971,-1.1873104968967008,-17.55216621329319,-0.4270708284932459,-5.281854555097852,-0.061066274089718806,6.0153904137703025,1.6192868173220636,8.546880431320252,0.7094063901205149,-7.105873543547762,0.73372122079132,2.4147301832563715,-1.4010922360056222,0.10969309210988758
2025-07-09 08:00:00+00:00,2025-07-08 08:00:00+00:00,24,0.44212676427165876,47.9564998882191,1.3198951940300319,37.195638392368885,0.1646970920276827,2.858329991216259,0.10726729729671952,15.558390960853487,0.5687023942073779,17.216352403988274,0.19036254777327935,6.343509559549907,1.3860532007149458,16.833266519192673,-0.0725638057200234,-11.55712091549219,0.575714939273204,-12.995467329106997,1.435427418160047,11.566035037758246,-0.2594557013784824,15.338592527960587,-0.3545354453934761,-2.163131913742016,0.45710589803023755,-10.679031135801822,0.1394824265217077,1.3343575198462805,-1.4010922360056222,-3.5898104576009002
2025-07-09 09:00:00+00:00,2025-07-08 09:00:00+00:00,24,0.3058316635578773,25.99081992342047,0.055963810915923666,15.636398137431362,-0.07202401969175161,-1.9535794046072612,0.1539295968191934,9.898413502232707,-0.03706864296843197,12.836674525370556,-0.4176303160402379,-3.334496081392392,1.3753160342720554,10.18008206597497,0.7326828924811012,-11.24249668573594,-0.8000481206527756,-12.149544555840617,0.4558666229613563,-2.2691423235110832,-0.5818385207227232,6.887794421270288,1.4424786341797922,5.982222620705106,0.3518566090111809,-4.374358395890481,-0.5474053477886315,-3.4630811293068318,-1.4010922360056222,-1.2790027290717123
2025-07-09 09:00:00+00:00,2025-07-06 09:00:00+00:00,72,0.31264641859356634,19.870691582497766,0.04381062453982647,12.083441157002305,-0.06766909779415367,-2.703491821335096,-0.07938190079317597,12.390494631752215,-0.03706864296843197,13.445903957848524,-0.4176303160402379,-3.200783569026061,1.4504761993722872,9.919760294690338,0.7514251265206952,-10.974222490977136,-0.8239173756633186,-10.264729426585228,0.6924272231624007,-0.6770189692045598,-0.39584843263950736,6.02841361183151,1.0084949119214894,1.8762690679648044,0.6604316957833914,-4.815222483173041,-0.5474053477886315,-2.755908028724002,-1.4010922360056222,-4.26045450888693
2025-07-09 10:00:00+00:00,2025-07-06 10:00:00+00:00,72,-0.37564384001103013,-104.16844992476439,-0.3329381531191865,14.082342895107905,-0.69011186330084,-22.942315378667956,-0.032719601270702094,9.906125726294947,-0.7229526336547508,8.170910925184259,-1.0107266356933673,-11.182960050990665,1.2894187027289339,7.985902408677351,0.2584374347292337,-2.5921759119548846,-0.2685882106386687,-3.993693422901114,0.3292567242622058,-2.913644591862759,-0.8546239832447732,8.608472976112578,0.725601818893855,0.6379846876781191,0.430982176075196,-3.2746540312795114,-1.2368603768705972,-6.918210013530476,-1.4010922360056222,-2.359631881018137
2025-07-09 11:00:00+00:00,2025-07-06 11:00:00+00:00,72,-0.9514906405267569,-184.86933863523183,-0.9041379127957546,-13.90925260499334,-1.0929421388286555,-33.8661868432229,0.3405787949090889,-8.2674620153607,-1.442106123307228,-37.337874744282175,-1.571568191375923,-14.928324491100454,1.0746753738711294,6.433694961868732,-0.3864962258832217,-4.172260270034677,0.5483184886051512,-5.123284530662656,-0.34377484250696266,-3.7876785093114558,-1.307199864247265,8.120930221891044,0.3752001468482625,-2.5105071031806805,0.3783495153565083,-2.161633136856619,-1.6470612372273392,-11.194520315190877,-1.4010922360056222,-3.4762423056252056
2025-07-09 22:00:00+00:00,2025-07-06 22:00:00+00:00,72,-1.142303781526051,-172.84442848444257,-1.18366119944599,-52.88943101274452,-1.1619987574905668,-32.83729420113719,1.0871755872686708,-25.53753379644037,-1.6904296635906335,-31.96062779638186,-1.2227428815446835,-12.24910523489755,0.7096117148128617,2.548276020683116,-1.129826615203545,-7.635012781609848,-0.022358904336968716,-5.080243149091036,-1.1400844685358305,-7.579406430847801,0.2737158844600698,6.055557234002408,-1.0424800125288596,-3.360441197067402,0.29855799186993714,-1.6432591013470232,-1.4515239508379914,-9.922188863950616,-1.3980357817019309,-6.5114807012561275
2025-07-09 23:00:00+00:00,2025-07-06 23:00:00+00:00,72,-0.920824242866156,-151.6740464262349,-0.7461464899064911,3.653445677214574,-1.0182863348698326,-27.644537006660542,1.0871755872686708,-28.111129263287218,-0.9851162855080781,-10.56347209976088,-0.638004463260563,1.3149176458853555,0.7418232141415324,10.368246496982032,-0.8865122554395309,-10.468798428714436,1.3484489184020694,-8.516656312121253,-1.0934387163835118,-7.865901683661583,0.6332967214209537,2.335699462549614,-1.0424800125288596,-4.555031721208711,0.430982176075196,-3.7303140524550025,-0.8078881868816311,0.27664509009949007,-1.3980357817019309,-5.8256292094481
2025-07-10 00:00:00+00:00,2025-07-08 00:00:00+00:00,48,0.02301932957678071,-2.1961704552055554,0.1653424883007984,14.58087974044781,-0.3115447240596419,-1.262985288837145,0.9005263891787754,-51.11547710095891,-0.2813998433758982,10.1708575886735,-0.03442053723367009,1.0217744946255511,0.9136178772277761,-1.8387299120668814,0.37758449398093785,-15.598274227075569,-0.21312260943526248,-10.599927242794156,-0.5603444060712991,-3.871034850196618,-1.1584077937806925,16.656914104284844,-0.955683268077199,-4.232604389317241,0.1909374139841354,-1.658496385200536,-0.10779533681969393,-0.46001283141966204,-1.3980357817019309,-6.771353526617964
2025-07-10 01:00:00+00:00,2025-07-08 01:00:00+00:00,48,0.6124956401638856,56.400337547761744,0.9917591618754076,20.92048503006843,0.2648602956724368,-2.7636793135407327,0.667214891566406,-62.292094224174065,0.35870531673298695,15.1726654066556,0.5781647442186997,8.098342238264467,1.0317267080995682,1.6031702990975305,0.4415088993659813,-22.351822490471363,-0.07829481995371847,-13.979220776625754,0.04605037190884282,-2.779716376881563,-0.953818696889155,22.316155406670283,-0.4831232149514917,-4.54387834069582,0.08238996567589232,-1.4587319496581015,0.5276136978211439,2.7473991849238817,-1.3980357817019309,-10.862368360321348
2025-07-10 02:00:00+00:00,2025-07-08 02:00:00+00:00,48,0.6636063029315536,75.38942071177816,1.6358780398085588,28.968059134555418,0.3830653186072398,16.02988812909628,0.43390339395403665,-38.61785034120799,0.8918157681667069,13.729654511174104,1.1890194343558402,13.67506327141368,1.1283612060855805,10.32191311511148,-0.053486888929722476,-23.757792349799843,0.5365332170559843,-14.087333436301341,0.6224585949339227,-1.4880304766494423,-0.6066371991338186,23.83460393849093,0.10195113653747934,-5.075879124011794,0.05517019014230796,-3.0993763926610094,1.0343400517494925,3.2981050033601167,-1.3980357817019309,-15.06761944444299
2025-07-10 03:00:00+00:00,2025-07-08 03:00:00+00:00,48,0.5477554673248394,57.97459526583056,1.5629589215519757,30.48526077565138,0.3158750950442992,17.181619533532327,0.3405787949090889,-18.394417058027226,1.2812019840666233,16.80643932102547,1.7720579566903714,16.075790420924044,1.1820470383000317,17.268044448920627,-0.31152728972484584,-19.159523549313274,0.6602785683222365,-14.38246392156379,0.6724361865256927,-0.6670961430722442,-0.18505966614519606,18.70326790600695,0.6580932398758969,-2.066027239614785,0.1095848543493178,-3.679361996161615,1.3709934373722954,5.085465260620571,-1.3980357817019309,-17.31422197725632
2025-07-10 04:00:00+00:00,2025-07-08 04:00:00+00:00,48,0.16612918532625126,18.090105545511044,1.4900398032953925,32.410462365179626,-0.004211664429154241,2.5761386850577384,0.43390339395403665,-10.03520905831288,1.500780677243268,18.240615892433734,2.1818725779435857,17.173619623318714,1.160572705414251,15.858274517450774,-0.7422639898847991,-17.978460582036522,1.4599595820327913,-10.539947339992096,0.5591536455843475,-2.594003821646232,0.19931984922678342,16.858715788382312,0.7063136534601527,-3.1139547139147403,0.1909374139841354,0.005764246144527805,1.5118166878016643,6.261159028987614,-1.3980357817019309,-13.422752307949334
2025-07-10 05:00:00+00:00,2025-07-09 05:00:00+00:00,24,0.09116687993367145,-10.405371049565819,1.3442015667822262,35.68550496592711,-0.06735803194432517,3.485687338531819,0.1539295968191934,10.483570602123562,1.5351148001763435,17.177329926630495,1.9615730939248686,14.521034130289229,1.2679443698431532,13.267993747989586,-0.7824259199696433,-16.16850691691472,1.471205551088315,-11.249822203667202,1.0622614009414981,2.4980418750961055,-0.09206462210358812,15.031113735813173,1.4874843535250974,22.359771258384562,-0.18955911562604533,-3.0810251631441257,1.4462955202966792,7.9482045155101515,-1.3980357817019309,-16.515341795451288
2025-07-10 06:00:00+00:00,2025-07-09 06:00:00+00:00,24,-0.2563856268864713,-77.73845735261312,0.6757763160968805,44.62110972562608,-0.37624642082395515,-9.404542016938041,0.10726729729671952,15.39914433251328,1.3820751049320155,26.21348979950954,1.408784457990081,20.43072332347554,1.2786815362860435,26.823763624070878,-0.924666089020133,-5.8298801939776395,1.5632282239122375,-5.2305977656839735,0.1126871606978694,-4.441358144570686,0.40390894611832084,-0.005102143055181999,1.0824328794173483,6.8835580687594495,-0.7080280917624249,9.005142898290458,1.1792613593896277,5.948189914150034,-1.3980357817019309,-20.826291400315927
2025-07-10 07:00:00+00:00,2025-07-09 07:00:00+00:00,24,0.5034595595928605,52.24221685618832,1.903248140082697,23.750931500170285,0.26330496642329465,4.32811561559695,-0.21936879936059758,18.01984096668308,1.0523078311794543,16.873194375316235,0.8030554548734384,14.994339402467736,1.4075275336007265,20.818355233993685,-0.3958673429030185,-14.086498047322925,1.13949094807498,-11.25107113623626,-0.22716046212616617,-3.1627634846469994,0.7076927566542401,-1.9199694447862954,0.16624502131648713,-4.805276486510622,-0.4557275996721475,-6.25236845055118,0.7308479494255634,2.3861695469069217,-1.3980357817019309,-25.966771841855103
2025-07-10 08:00:00+00:00,2025-07-09 08:00:00+00:00,24,0.7896792710918016,101.07627761026001,1.0525250937558934,21.516680263148807,0.439057171576357,17.20922366305115,-0.31269339840554533,20.656204256400322,0.5676377702404609,15.900691548467794,0.18935336053000032,6.682661808608785,1.4612133658151776,17.268339854959194,0.515808470022943,-13.851695007478385,-0.23980379734244772,-9.879315043725297,0.5158397328714802,-2.702188839881123,0.5527010165848936,-2.6403949651572844,-0.16165379105645267,-2.250226142339065,-0.10820655599122807,-12.455066900519014,0.13649765967276645,2.132415993629423,-1.3980357817019309,-24.183649713908395
2025-07-10 08:00:00+00:00,2025-07-07 08:00:00+00:00,72,0.9668629020197175,133.3337980695662,0.18964886105299278,20.910557019746083,0.5650388407568707,18.237155688246656,-0.45268029697296697,13.713433859292605,0.5676377702404609,16.528971385253275,0.18935336053000032,7.547219404414865,1.493424865143848,11.317369986095603,1.0988258217545972,-5.87885550881298,-1.2166888344545552,-10.09440058766318,0.5924720399788608,-0.006782368254549567,0.050527778760210716,8.569496602886892,0.09230705382062816,-0.8934401263820639,0.5854814553539961,-7.132087133696128,0.13649765967276645,2.4929136120529622,-1.3980357817019309,-12.790281417732283
2025-07-10 09:00:00+00:00,2025-07-07 09:00:00+00:00,72,0.23768411320098654,20.741104286954158,0.12888292917250682,13.733954162807514,-0.11495110696807484,-2.089458182794211,0.060604997774245654,12.331888295754867,-0.0383994229270783,13.609073490389266,-0.4188612051974287,-2.7965516975619957,1.3108930356147144,10.63603035605351,0.5710311238896038,-9.471633775828355,-0.6157653800573664,-11.167011649704198,0.968969896636861,0.6624999120286291,-0.38344909343395966,6.041162849276127,0.6291609917253433,0.681515890314487,0.32525673365575336,-5.3493616838217894,-0.5505452692922389,-3.8138810472992675,-1.3980357817019309,-8.21755867102806
2025-07-10 10:00:00+00:00,2025-07-07 10:00:00+00:00,72,-0.8015660297415973,-131.15310033477303,-0.5395423215128388,7.206489958727755,-0.9184341970749068,-28.968609403107052,0.3405787949090889,-5.6307309087881485,-0.7245495696051265,26.526816766808068,-1.012320569800342,-18.056824529596597,1.1283612060855805,9.367041592045506,-0.8051843470177216,-8.579301811217109,1.1950611097594317,-9.317620834580111,0.25595625659427657,-1.2148653691381688,-0.38344909343395966,18.30502854295982,0.9924214407267374,3.9373948837780848,0.271768516349117,-1.2901693125264244,-1.2397656129519292,-8.975353423857257,-1.3980357817019309,-4.249946372144167
2025-07-10 11:00:00+00:00,2025-07-07 11:00:00+00:00,72,-0.958305395562446,-173.59571599895224,-0.9041379127957546,-13.4323968115501,-1.093253204678484,-33.70841290747261,0.4805656934765105,-13.139378975249722,-1.4445015272327917,-33.11012408044988,-1.5735306205329698,-13.800801495036062,0.9995152087708976,2.9574041297075655,-0.4333518109822065,-4.655858532361843,0.6396543431111945,-5.633567196853883,-0.7602547724383788,-6.658251675473925,-1.003416053711346,8.373244348998588,0.3044768735913539,-2.6919778626266466,0.3783495153565083,-2.045471224091246,-1.6473296333462881,-10.55631116359092,-1.3980357817019309,-5.398832468680596
2025-07-10 22:00:00+00:00,2025-07-07 22:00:00+00:00,72,-1.1252668939368282,-173.8588328734113,-1.1593548266937956,-51.83547458746993,-1.1560885063438264,-32.84525823423137,1.1805001863136186,-28.201162653823133,-1.6952204714417602,-32.107455290091316,-1.2272095469978719,-12.008923196234244,0.6559258825984104,2.7204842825875843,-1.0280830589886065,-7.144193440275943,-0.022358904336968716,-5.0794646762149736,-1.1400844685358305,-7.446669188378765,-0.9414193576836073,7.322056430936749,-1.0424800125288596,-3.7163789351799505,0.6850232703532548,-2.54991066797876,-1.4563716378725762,-10.25538713028599,-1.3945373009714042,-3.115850561710868
2025-07-10 23:00:00+00:00,2025-07-08 23:00:00+00:00,48,-0.6107528887423032,-132.4797949372224,-0.5030827623845472,9.252892522180469,-0.8826616243446375,-26.73384801205624,1.1338378867911447,-36.82370660739551,-0.9901732493509342,-10.146015674364024,-0.6421908791889779,0.71448381637004,0.7418232141415324,3.1273242683428153,0.017465854220168966,-3.7748126324551916,0.08280026241305977,-5.08030648515451,-1.056788482549547,-7.454973801656414,-1.2018054810001095,11.834742809332715,-1.0424800125288596,-4.523766754309986,0.6356391572427629,-0.4334647083994204,-0.8143859073363349,-3.5208146435375305,-1.3945373009714042,2.736853347259959
2025-07-11 00:00:00+00:00,2025-07-09 00:00:00+00:00,48,0.05709310475522608,1.3201270412828918,-0.07772123922114546,10.04244179276981,-0.30283488026444605,-2.8398091868870847,0.7605394906113537,-40.210145087365746,-0.28592449523529584,9.22573089966822,-0.03839726179018823,1.5228650160730721,0.9136178772277761,1.0695819753294287,0.5991444749489946,-14.60872371364973,-0.6603480492897332,-3.9664556326803226,-0.5736717638291045,-4.179048924660893,-1.3010001946444913,13.604388934241475,-0.9621126565550998,-3.9485224855716314,0.3518566090111809,-3.264764743797775,-0.11407406030651401,0.04876001413375761,-1.3945373009714042,-0.9438772206527678
2025-07-11 01:00:00+00:00,2025-07-09 01:00:00+00:00,48,0.7113095881813772,89.70064903119355,0.23826160655738157,22.251617132511196,0.32365174129000995,14.289270321245422,0.38724109443156274,-22.846331275253654,0.35497913284877697,15.324022092553474,0.5742603697919884,8.297318381937668,1.0854125403140193,7.520891114161322,0.9164237226192634,-9.736614538318689,-0.9862590386696994,-5.887039866079799,0.07936876630335611,-3.2077951588669165,-1.3753962298777775,15.626131717317774,-0.49598199190729325,-3.2878847784149117,0.29855799186993714,-1.336715779375232,0.5219639464662419,3.210555269011893,-1.3945373009714042,0.37637447856307726
2025-07-11 02:00:00+00:00,2025-07-09 02:00:00+00:00,48,1.2735268786257259,215.6044436826093,0.48132533407932543,25.37253672347748,0.8829481392815253,27.86147689160677,0.060604997774245654,13.000149183051967,0.8888880522576853,14.437633849375771,1.1849300694435811,14.268651767681023,1.2357328705144828,9.205261411787944,1.09849113900389,-6.767127031013554,-1.1507737279414374,-14.21911351985632,0.7190819386780113,0.390302024516234,-1.3195992034528128,8.808132729650838,0.13409807892698322,-1.570217006733983,0.29855799186993714,-4.820661283889173,1.029419879368682,3.0036326060489587,-1.3945373009714042,1.0417166618081453
2025-07-11 03:00:00+00:00,2025-07-09 03:00:00+00:00,48,1.433673621964419,259.92394395520085,2.036933190219766,33.28996464255714,1.0832745465710334,34.84847084447681,0.013942698251771779,16.188001111238922,1.2790727361327892,18.187175004197922,1.7671632997717561,14.532782752307988,1.3108930356147144,8.57243402340847,0.5037598909974897,-12.554486921548113,-0.07094396188743528,-16.208761621815604,1.2688354461874807,7.242833130309185,-1.133609115369597,12.34749089765627,0.7513193728054581,-0.595326246929489,0.32525673365575336,-8.845355369318117,1.3667663823503398,3.716012356452023,-1.3945373009714042,1.362519524476259
2025-07-11 04:00:00+00:00,2025-07-10 04:00:00+00:00,24,1.6415236505529358,273.14210970379594,2.1220054948524467,33.285371280389256,1.2947993244543652,36.114787150749834,-0.12604420031564983,28.843746553118184,1.4991837412928926,20.310951654114778,2.175379093361199,13.708689546313824,1.4075275336007265,8.208453904781,0.5720351721417247,-12.71984839009095,-0.19437344054351965,-19.390293213258065,1.1388937080488788,8.113494769405914,-0.26565537098125624,13.216509481126582,1.0245683831162413,5.104078865945475,0.5601315705277422,-9.919128171716077,1.5081648302668005,6.99226252862806,-1.3945373009714042,2.0940473851136137
2025-07-11 05:00:00+00:00,2025-07-10 05:00:00+00:00,24,1.0554547174836755,151.71678608683573,1.9275545128348914,39.335415426856386,0.7843402648859131,18.06525933792067,0.1539295968191934,4.5033875794346905,1.534050176209426,19.914821481807806,1.958200848041979,15.295005752541831,1.2894187027289339,15.544308769341885,0.02014331622582509,-21.03563493534042,0.25205035337104964,-18.888269688531672,1.6286741056482241,16.93064143336836,-0.0796652828980404,18.155644250560194,1.1563708469132072,7.706039330339058,0.7812310783031781,-9.946564186333244,1.4430483134458338,7.8056024898239285,-1.3945373009714042,2.345281512147024
2025-07-11 06:00:00+00:00,2025-07-10 06:00:00+00:00,24,-0.055350353333643645,13.75698143406704,1.1011378392602822,37.161851490556344,-0.20142741322037813,3.6858517234370005,0.43390339395403665,-10.904177012666842,1.3812766369568277,18.14699990871153,1.4071453470149449,15.818230921554083,1.1713098718571413,16.025534556671968,-0.8389873048391321,-13.749434859911357,1.5702218620178203,-11.42084784962912,1.0555977220625956,2.530130403649401,0.2365178668434266,19.517348735480603,1.6289309000389147,41.14959519424311,0.5854814553539961,-7.23648683213913,1.1762205953228049,4.754803634221607,-1.3945373009714042,0.49455676063979387
2025-07-11 07:00:00+00:00,2025-07-10 07:00:00+00:00,24,0.551162844842684,65.3774940976233,1.8789417673305027,29.779532470603726,0.3046767244504757,13.687658341234302,0.3405787949090889,-26.714285446481263,1.0515093632042667,14.829312468095955,0.801847867426558,14.960634275283807,1.2249957040715924,28.87902048569479,-0.33227762026868196,-25.938162024665523,1.010769315352939,-18.540016126914505,-0.03058193519853775,-4.452877140456604,0.5279023381737982,-3.5417659834527977,1.0760034909394476,7.079364249155299,0.8047067743043916,-12.197542482687354,0.7278146613769975,2.5315976392780724,-1.3945373009714042,0.8129040066581267
2025-07-11 08:00:00+00:00,2025-07-10 08:00:00+00:00,24,0.8612341989665369,106.09745624188156,0.7973081798578524,26.445489461334436,0.49380476114616056,15.590641677477322,0.43390339395403665,-48.63877122961205,0.5668393022652729,15.387182558865081,0.1881367731400244,6.777052178145848,1.2249957040715924,28.622486032322833,0.7156140721950427,-22.110992195901286,-0.5652526347498491,-20.207486425066215,0.5624854850237988,0.2117905657630262,0.397709276515547,-1.7015215954654164,0.028013169041620354,-1.8100765846867992,0.6604316957833914,-11.685038941310882,0.13331165250918592,1.9085242087196788,-1.3945373009714042,-0.5328670327679741
2025-07-11 08:00:00+00:00,2025-07-08 08:00:00+00:00,72,0.36716445887907895,42.54087624293454,1.3442015667822262,32.46069662402707,0.10777204150908018,2.696145197092356,0.10726729729671952,15.99348343865785,0.5668393022652729,15.886102803714492,0.1881367731400244,7.482402011095689,1.2894187027289339,20.425721342481218,-0.18535189270829394,-10.736808157787577,0.7572169397736992,-11.645900318355219,-0.06390032959305104,-2.966937718705964,0.44110696373496405,-0.2793348446552821,1.5839251806936092,20.94508884729794,0.7575176216690733,-14.473043540337269,0.13331165250918592,2.5328737023558903,-1.3945373009714042,0.9961663170250045
2025-07-11 09:00:00+00:00,2025-07-08 09:00:00+00:00,72,0.2887947759686546,30.8008505608478,0.10457655642031244,16.17002030351097,-0.07793427083849186,-1.729977763530049,0.1539295968191934,11.27914239742012,-0.03973020288572463,12.997905407360848,-0.4203032307146229,-2.8955823481606155,1.2679443698431532,9.460287528697185,0.6791336523679757,-9.981474275002512,-0.7151766724805297,-11.604602069872932,0.3825661552934271,-2.692125335231808,-0.05486660448694494,8.678508752224593,-0.004133773347883548,-1.0620898490516162,0.5854814553539961,-8.534015915358294,-0.5539192859268111,-5.368255857784753,-1.3945373009714042,3.296555994580764
2025-07-11 10:00:00+00:00,2025-07-08 10:00:00+00:00,72,-0.37564384001103013,-79.21778424609482,-0.3086317803669921,13.888831404374695,-0.6848237438537567,-23.346002345367367,0.43390339395403665,-7.766046242699494,-0.7266788175389607,8.8305446212349,-1.0141350666494104,-10.795960123968115,1.0854125403140193,6.647488634620195,0.24371139369812408,-4.4138921825766335,-0.2099084066909343,-5.409736984454082,0.30593384818604646,-2.5981958816600796,-0.3586504150228642,10.122542833606568,0.42663525467146873,-1.1690525369893312,0.45710589803023755,-2.9002613192312943,-1.242897266529858,-7.6138406478147065,-1.3945373009714042,-0.45581185029347904
2025-07-11 11:00:00+00:00,2025-07-08 11:00:00+00:00,72,-0.965120150598135,-175.40934081630522,-0.9041379127957546,-13.64483298374504,-1.093253204678484,-32.73834454020454,0.667214891566406,-18.667116663644002,-1.4471630871500842,-35.892559037297495,-1.5757108546236291,-14.898517437747511,0.9350922101135565,3.3974893474255476,-0.4798727133304842,-5.73184836361899,0.7365257039509376,-5.436387460721837,-0.34377484250696266,-3.7974174851849427,-0.9786173753002504,8.333476925388975,0.3526972871756098,-2.426445035220267,0.4830905910221705,-2.891662907363911,-1.6476068677550582,-11.455825471591268,-1.3945373009714042,-2.5780399250494854
2025-07-11 22:00:00+00:00,2025-07-09 22:00:00+00:00,48,-1.1354890264903619,-173.55483691844506,-1.171508013069893,-52.781920804072556,-1.1591991648421107,-32.662061997090255,1.367149384403514,-32.47930583095962,-1.700011279292887,-32.112017767688705,-1.2317627947512815,-12.075190876195146,0.6774002154841908,3.096227142507161,-1.0930115126257711,-7.544702743000242,-0.022358904336968716,-4.990857509922279,-1.1400844685358305,-7.429549901044064,0.09392546597962775,6.8980708706143865,-1.0424800125288596,-3.467743731463782,0.4830905910221705,-2.2794370278798954,-1.4612472984149176,-10.279275636853347,-1.3905978290707752,-2.692475119901941
2025-07-11 23:00:00+00:00,2025-07-09 23:00:00+00:00,48,-0.7163815917954839,-130.42152046588788,-0.4423168305040613,8.851820309958411,-0.906924760631255,-25.71827548729764,1.2738247853585665,-43.66019182022587,-0.9957625251772487,-10.53312716647046,-0.646447019255977,-1.12294068092503,0.7525603805844228,5.7643177989004,-0.43435585923432746,-4.566895463795098,0.923793848716558,-5.299004221579111,-1.086775037504609,-7.768170047670434,0.18072084041846181,11.08511379538367,-1.0424800125288596,-4.606925455257966,0.4047273826958199,-0.2071297290884091,-0.820947939704453,-3.683106630912232,-1.3905978290707752,2.8171972116380983
2025-07-12 00:00:00+00:00,2025-07-10 00:00:00+00:00,48,-0.5221610732783453,-100.43284953729038,0.031657438163729276,19.866736829604534,-0.6726921757104479,-22.927376082566987,1.0871755872686708,-53.66716166677808,-0.2904491470946935,22.87266835116509,-0.04243337900925422,-2.8546327892286816,0.8277205456846543,2.978482363763832,-0.6910575290266229,-9.159970242357003,1.3067848933051047,-9.089423212075886,-0.6769587864520956,-5.886295616874979,0.4349072941321902,1.7223254832901942,-0.9910449047056533,-7.81804000576079,0.3783495153565083,-0.7870355213114203,-0.12040335259736205,-2.540092966256023,-1.3905978290707752,2.397615880195417
2025-07-12 01:00:00+00:00,2025-07-10 01:00:00+00:00,48,0.04687097220169247,-0.829612626537277,0.9188400436188244,17.841842057332492,-0.1724982891863342,-3.3131280457779555,0.8538640896563015,-64.0056796914609,0.3512529489645673,12.934607722088375,0.5702970987237924,7.723477557258766,0.9673037094422272,1.7517057706486543,-0.3831493983761513,-15.988436633340434,0.9393589932165574,-11.049192838961865,-0.48704393840336985,-4.991294647426672,0.5527010165848936,-7.250885547760059,-0.5956375133147553,-5.967699503771963,0.21795003059015935,-1.4159658575627467,0.5162768697804686,2.383893150186033,-1.3905978290707752,-8.199216624877806
2025-07-12 02:00:00+00:00,2025-07-10 02:00:00+00:00,48,0.8816784640736041,118.0767960517703,1.8181758354500166,30.90659502990784,0.5690826968046405,16.23873391493793,0.3405787949090889,-27.192137065394327,0.885960336348663,14.745529739744592,1.180765148751455,14.793985832414517,1.1820470383000317,20.17085994815072,0.1553551475114671,-18.376066098011474,0.3838868133558378,-18.654351654329556,0.06937324798500212,-4.937411800385621,0.29231489326839133,13.384894866487853,-0.4123999416945831,-4.986768696428773,0.13674657233605242,-3.818458859888335,1.0244665916258677,3.9592951610384577,-1.3905978290707752,0.31870619220258933
2025-07-12 03:00:00+00:00,2025-07-11 03:00:00+00:00,24,1.4575252645893308,289.54581965585857,1.4171206850388094,38.39914184625199,1.1062934194583371,35.76232205586614,-0.12604420031564983,28.48894891311433,1.2769434881989552,18.18454033409126,1.762136431827042,14.095883779303335,1.3753160342720554,7.393771819880796,0.7189608997021131,-6.276693618967804,-0.5536044012419515,-10.762598060317895,1.252176248990224,7.158534207702978,-0.7492295999976175,12.006871123763961,0.7352459016107062,0.08181723257002763,1.0653457804244,-11.10358419845687,1.3624992838135215,4.26922157063548,-1.3905978290707752,0.4967219616693284
2025-07-12 04:00:00+00:00,2025-07-11 04:00:00+00:00,24,1.7539671086418056,332.4624597921205,1.9275545128348914,38.80745323548891,1.3974510548977466,41.21468053922534,-0.26603109888307147,24.45683059486665,1.4975868053425165,24.606990816399097,2.1686092856999757,13.218467437432789,1.4719505322580673,6.577153458316013,0.7420540095008984,-8.384207950492842,-0.4144727232309534,-13.611928560562859,1.4487547759178523,20.047955270535624,-0.6748335647643312,9.701263433569416,1.2656704510375205,9.342377754444355,1.1045421313472528,-10.483430283776855,1.504454808497567,6.190537845622596,-1.3905978290707752,2.1206017032265843
2025-07-12 05:00:00+00:00,2025-07-11 05:00:00+00:00,24,1.0452325849301418,147.36153862303564,2.4987542725114595,40.16247194278856,0.7731418942920896,18.269927986021155,0.060604997774245654,13.403012213427617,1.5329855522425093,18.565071033991543,1.9545133085766428,13.293844128671015,1.3216302020576043,15.462041336714963,-0.14987552113334823,-18.57804052623759,0.7672981759722168,-16.109552460362284,1.738624807150118,30.073223067024873,-0.33385173661176876,16.815940448324618,1.4553374111355937,19.945009182857156,0.7812310783031781,-11.272675733978252,1.4397147764621374,1.973282946118421,-1.3905978290707752,3.565801687085104
2025-07-12 06:00:00+00:00,2025-07-11 06:00:00+00:00,24,1.5938203653031122,298.0090477491573,1.6723375989368503,38.78407435438999,1.2394296031849048,35.63263075722202,-0.21936879936059758,29.20527527368428,1.3804781689816394,18.626260922849507,1.4052615936521478,12.741273683026716,1.4504761993722872,5.821398346428506,0.7226424099598902,-6.157295782217248,-0.4714537017652006,-10.780801423439154,1.0456022037442416,0.8172293184119425,-0.15406131813132673,10.33708756939716,1.7350158099242776,9.365981415517266,0.7812310783031781,-10.954935092447107,1.1730574412172239,4.349609588425114,-1.3905978290707752,1.0058048498612113
2025-07-12 07:00:00+00:00,2025-07-11 07:00:00+00:00,24,1.4030072243038183,247.85908358677287,1.0889846528841851,36.95238018313948,1.026349496052431,37.057980607242726,-0.26603109888307147,20.714052090034784,1.0504447392373493,14.130397077891459,0.8004233234384662,9.012657862960632,1.4719505322580673,6.338420208255544,0.9187665018742124,-13.69751026914104,-0.7602725337302981,-17.01693197822924,1.5820283534959056,11.202015596355839,-0.15406131813132673,10.793057765923276,1.0663594082225964,2.3578896379521908,0.9182712186492092,-7.984889807974902,0.7246181814716715,0.928313640441232,-1.3905978290707752,1.5062822921565608
2025-07-12 07:00:00+00:00,2025-07-09 07:00:00+00:00,72,1.2973785212506377,180.41351109038717,1.514346176047587,26.517749581592867,0.9383178605509854,31.61081373776824,0.3405787949090889,-59.180958878993906,1.0504447392373493,13.86344904374875,0.8004233234384662,9.51979374518535,1.2786815362860435,26.8435932200528,0.6567099080706046,-25.308679740148055,-0.3477657543215712,-26.465616419181565,1.2388488912324187,5.22022767145113,0.7014930870514663,-5.1465200222854515,0.23053890609549493,-1.0214761666376622,0.3518566090111809,-5.40386925026611,0.7246181814716715,2.2147612074407133,-1.3905978290707752,-3.1937979011920183
2025-07-12 08:00:00+00:00,2025-07-09 08:00:00+00:00,72,0.6636063029315536,70.45294535443632,1.5386525487997813,25.397741836753205,0.35040340437525475,14.302726220517128,0.5272279929989844,-50.613092950876776,0.5655085223066266,15.367731160327343,0.18671026613883282,2.5306148670661006,1.1713098718571413,13.465950855258125,0.15200832000439674,-28.961959813971824,0.4334120910007742,-16.540308144675027,1.29215832226364,6.441792092221155,0.8192868095041697,-13.687091103232023,1.252811674081719,3.86074948455821,0.08238996567589232,-6.3537879715408785,0.12992154920287632,1.7126230198583818,-1.3905978290707752,-5.089315812481751
2025-07-12 09:00:00+00:00,2025-07-09 09:00:00+00:00,72,0.050278349719537006,0.6936771718191819,0.7851549934817552,19.5370163136405,-0.21573644231248593,-3.3593615851995415,0.8538640896563015,-56.71657967603028,-0.041327138836100286,10.101404831439494,-0.421958245987764,-1.8415083954078428,1.0532010409853487,6.264902362310545,-0.11038295654991832,-16.210729561353396,0.7178450870431672,-11.739189331760112,0.6724361865256927,-1.5152022664256255,0.8192868095041697,-10.402368976251019,1.3042467819049253,3.9456154589330863,-0.16248854755558578,-0.6437512948358249,-0.5575294234068066,-2.2165320584412838,-1.3905978290707752,-7.46297648325144
2025-07-12 10:00:00+00:00,2025-07-09 10:00:00+00:00,72,-0.5596422259746351,-106.93553502972074,-0.13848717110163142,18.331512309294517,-0.7563688893142954,-27.20954395261078,1.1338378867911447,-42.410804375486755,-0.7288080654727946,16.830107437525037,-1.0161713504497945,-9.44130627089981,0.9136178772277761,2.4840024109947745,-0.42699283871877275,-6.307981376909811,1.0058736934802384,-6.85716805958057,0.07270508742445345,-2.5383294811533252,0.8564848271208129,-8.813955283022036,0.7063136534601527,1.7310737367542819,-0.2703902179910269,1.4557646708621799,-1.2462551490330331,-8.798205736543192,-1.3905978290707752,-3.6716154179520197
2025-07-12 11:00:00+00:00,2025-07-09 11:00:00+00:00,72,-1.023045568401492,-170.5029824782662,-0.9649038446762406,-20.024731556187348,-1.108495431320077,-31.953419381348937,1.2738247853585665,-38.26432938155339,-1.450090803059106,-33.240062212217566,-1.5781084980517481,-15.861755477866764,0.8169833792417639,3.3807738611647826,-0.7693732926920689,-9.238613203821812,-0.022358904336968716,-5.744325524257873,-0.5236941722373345,-3.4914823066483156,0.8564848271208129,-6.335343609884894,0.12766869044908244,-2.6770900866059617,-0.18955911562604533,-0.35160600884612053,-1.647889564987262,-11.161006377278731,-1.3905978290707752,-3.4940081515300467
2025-07-12 22:00:00+00:00,2025-07-10 22:00:00+00:00,48,-1.128674271454673,-170.6923544054332,-1.171508013069893,-50.2935682226339,-1.1591991648421107,-31.928831391798983,1.1805001863136186,-28.494797532630436,-1.704802087144014,-33.503778599570914,-1.2363998023492153,-10.804258370121321,0.6022400503839593,-0.9931139129643471,-1.0233975004787081,-7.271886351415814,-0.022358904336968716,-5.2162488224001535,-1.1400844685358305,-7.324102596854435,0.6704947390375969,-0.3138512887864067,-1.0424800125288596,-3.103282313074174,1.5425534746621297,-3.956971771157219,-1.4661458279128972,-8.686305435749436,-1.3862185317531592,-3.5308305814545076
2025-07-12 23:00:00+00:00,2025-07-10 23:00:00+00:00,48,-0.8049734072594418,-133.2963532729763,-0.551695507888936,12.532905668469715,-0.9517182430065487,-24.253767688737327,0.9005263891787754,-20.815658342569133,-1.001085645011834,-11.536008628668274,-0.6507705738641982,1.2952448474391796,0.7096117148128617,6.919769962479932,-0.6472140886840014,-8.880203101855896,1.166210889428507,-8.85580405091612,-1.0801113586257065,-8.34979199303338,0.6704947390375969,0.5792589018807427,-1.0424800125288596,-4.553499346014578,1.5608220373199402,-5.1077232117787945,-0.8275714253182951,-4.060093789258089,-1.3862185317531592,3.259163878936409
2025-07-13 00:00:00+00:00,2025-07-11 00:00:00+00:00,48,-1.1559332915974292,-144.6008668558718,-1.18366119944599,-51.45333285317661,-1.1579549014427972,-29.39475589962384,1.5071362829709358,-38.11028262872621,-0.29523995494582017,19.80312916935767,-0.04652715465419898,5.212269296523219,0.5485542181695082,-0.6832820887816711,-1.313902128092414,-8.423709748991921,-0.022358904336968716,-6.491932762090518,-0.7635866118778302,-5.901638108319889,0.6704947390375969,4.373474284215053,-0.9846155162277526,-6.28004037989913,1.5558326120425734,-3.3899932063434135,-0.12678153329721714,1.1644980125334,-1.3862185317531592,-3.541084471042734
2025-07-13 01:00:00+00:00,2025-07-11 01:00:00+00:00,48,-0.9889717932230468,-137.658606680366,-0.8069124217869771,2.727140037798424,-1.0182863348698326,-25.651361604715643,1.3204870848810402,-41.78491740296883,0.3475267650803576,39.0664239581564,0.5662759494701075,15.941223933538138,0.6451887161555205,22.3026868842715,-1.2242071509029286,-7.484272366296175,2.0781066607965837,-4.540491099688884,-1.106766074141317,-10.38152060568184,0.806887470298622,-5.6903885124606575,-0.6792195635274655,-5.92034444158455,1.5617730074273106,-4.024068398880508,0.5105530401556412,8.306176230252447,-1.3862185317531592,-2.0113024894081133
2025-07-13 02:00:00+00:00,2025-07-11 02:00:00+00:00,48,-0.9310463754196897,-127.66445487732551,-0.6610741852738108,9.578942684344792,-0.9644719428495143,-23.854765616488347,1.1805001863136186,-36.11937041748036,0.8830326204396413,44.428895854462986,1.1765247588689383,27.895159641842078,0.720348881255752,21.550882922913562,-1.2232031026508077,-7.2002120139207895,2.1484792401295323,-5.431101274417691,-0.9435059416082019,-8.306490387786384,0.8564848271208129,-9.19918185555938,-1.0103330701393556,-7.634240297586529,1.4481008981716643,-5.389271646687888,1.0194796908016346,11.727809418761392,-1.3862185317531592,-3.5400720979500417
2025-07-13 03:00:00+00:00,2025-07-12 03:00:00+00:00,24,1.6892269358027594,300.7249821862391,0.8094613662339496,38.89714916341586,1.310663682795615,36.19643158735363,-0.12604420031564983,16.92024726222222,1.2745480842733916,20.972959078886028,1.7569765269208564,13.918867743056364,1.300155869171824,6.134840206020519,1.1560565721254996,-3.81012791416475,-1.1297577357935296,-17.66618592731703,1.182207620761746,8.561263013611592,0.06292711796575844,10.428459463211036,0.6484491571590457,0.016407237179021893,1.5608220373199402,-9.819286414054186,1.3581906726285633,4.928045212231525,-1.3862185317531592,-2.0469592939815664
2025-07-13 04:00:00+00:00,2025-07-12 04:00:00+00:00,24,1.972039269783856,353.4320639070288,0.48132533407932543,30.557407090181187,1.6011991865353676,46.97570975872209,-0.3593556979280192,11.023379058917282,1.4959898693921412,25.15244861445092,2.1615656971315698,10.892772483355024,1.4397390329293969,7.1449652681026645,1.3749390910879005,9.641904978130034,-1.4614386002637123,9.146334017753729,1.6753198578005428,20.481642914669024,0.06292711796575844,2.848916806512043,1.1981618720195624,2.0889452683938874,1.5608220373199402,-8.447000303789391,1.500684347292122,6.584607414465367,-1.3862185317531592,1.6358029566817478
2025-07-13 05:00:00+00:00,2025-07-12 05:00:00+00:00,24,2.0129277999979904,380.1618769735735,0.4084062158227423,31.13589312498288,1.6491033274089455,47.1337828844426,-0.4993425964954408,11.157549163673773,1.5316547722838632,26.477327951631455,1.9505075796390343,10.282559950241579,1.5256363644725184,7.462958316486642,1.4084073661586038,10.879382232815143,-1.520184731117505,16.21047754080795,1.951862531275003,29.28664111681089,-0.5198418246949846,1.7143377323724969,1.6739366193842202,9.946983795824865,1.5501369250727484,-10.840975379373017,1.4362920537200745,8.851794557468287,-1.3862185317531592,2.55719055564702
2025-07-13 06:00:00+00:00,2025-07-12 06:00:00+00:00,24,1.8289294140343855,327.6119487106855,0.5663976387120058,28.835521734236746,1.4512654469180648,43.36491829689929,-0.4993425964954408,12.705991051906539,1.3794135450147227,18.478985922493717,1.4031292170754444,12.077240603061053,1.5793221966869695,5.331991293155176,1.295284596419626,6.255820139404083,-1.3540983536447309,-5.07480067553829,1.991844604548419,22.470444902637695,-1.0096157233141196,5.258597672404542,1.9407562412171024,4.718978217555083,1.0452581378257322,-9.1505878435096,1.169768734356855,3.1455451501022225,-1.3862185317531592,1.178762750978198
2025-07-13 06:00:00+00:00,2025-07-10 06:00:00+00:00,72,1.8800400768020533,345.9117770910561,0.3476402839422563,31.44053636932744,1.4966810609930155,46.17150005368193,-0.8726409926752318,12.87398275458463,1.3794135450147227,20.25406400316861,1.4031292170754444,10.825536188573173,1.6866938611158717,14.84270771420099,1.4134276074192094,11.252819084883608,-1.5142152143061194,13.809746919718995,2.0085038017456758,24.019041483362894,-1.6233830139887322,10.39480396300465,1.9568297124118545,5.911317478178755,1.5330915000769023,-10.391431244948677,1.169768734356855,3.811545525897326,-1.3862185317531592,-0.4429837156006568
2025-07-13 07:00:00+00:00,2025-07-10 07:00:00+00:00,72,1.5154506823926879,280.9359846379074,0.23826160655738157,25.38075694187424,1.12153564609993,40.77304417382181,-0.9193032921977057,13.86769711959761,1.0493801152704327,14.972503342745004,0.798778647429727,9.067315173754919,1.7403796933303228,23.070857468915435,1.3287528714903294,6.971350989973867,-1.4531590388203626,4.669856031992827,1.8619028664098172,14.938466537413078,-1.6233830139887322,7.318078865846205,1.995406043279259,5.471387268588207,1.5617730074273106,-8.529513808728389,0.7212553532331051,-0.12648751563776192,-1.3862185317531592,0.6111673591842505
2025-07-13 08:00:00+00:00,2025-07-10 08:00:00+00:00,72,0.9873071671267847,146.55479719387122,0.06811699729202085,13.295030205900707,0.5877466477943463,18.938314739394624,-0.8726409926752318,13.300025528978102,0.5644438983397095,16.287681501769203,0.18507143215145136,3.095391621712547,1.7403796933303228,19.13744941253772,1.1784803164228712,7.219193006540447,-1.3390125216195279,5.871337362356593,1.505396046388525,14.403408735508732,-1.486990282727707,6.602004426102747,1.853959496765442,4.266862981431899,1.5276595796688586,-9.408267959172225,0.12632456251399718,1.2326932485179882,-1.3862185317531592,0.21335497640453366
2025-07-13 09:00:00+00:00,2025-07-10 09:00:00+00:00,72,0.0775373698622933,-17.37634412461718,0.5907040114642002,27.89056996950509,-0.20329380831934876,-1.6275685898990908,-0.4993425964954408,13.864230110236889,-0.042924074786475946,11.328665607979836,-0.42382798572353775,-3.757724234584939,1.6866938611158717,12.65340173131397,0.041897695021782325,-13.421546175415896,0.3458145753194669,-9.834499489863292,0.9889609332735689,-0.23824186578840087,-1.0716124193418584,6.506023693333936,1.5099872131977503,5.755014301140145,0.9617883404552431,-6.826377648634309,-0.5613775857724479,-6.10606015263969,-1.3862185317531592,1.0412737381022867
2025-07-13 10:00:00+00:00,2025-07-10 10:00:00+00:00,72,-0.5289758283140343,-124.18917759981032,-0.40585727137576966,7.10254936869306,-0.7681893916077757,-28.492425556175892,-0.032719601270702094,10.767174536917787,-0.7312034693983581,14.679136190849064,-1.0184305218408822,-14.154180206679936,1.4504761993722872,8.865095625171449,-0.11741129431476592,-2.373005634349567,0.04537898780333416,-5.132514389922761,0.09935980294006408,-2.079984976759388,-0.8050266264225823,7.141072520775997,1.0117096061604398,3.9199627620095363,-0.8033284759463017,4.037054010719429,-1.2498388335881718,-8.841902926693116,-1.3862185317531592,-1.8615878188105714
2025-07-13 11:00:00+00:00,2025-07-11 11:00:00+00:00,48,-0.9617127730802905,-180.810778975327,-0.9162910991718518,-15.604210500642923,-1.0960527973269398,-33.34086111948941,0.4805656934765105,-11.690029285814573,-1.4532846749598574,-37.1242256956139,-1.5807228929909936,-16.333617395343573,1.1068868731997998,7.168002122413923,-0.4266581559680658,-4.802673557564927,0.5827068555881683,-5.191119201599615,-0.5270260116767858,-4.369067400375627,-0.4640447982700199,6.231781220551782,-0.7885191676517788,-3.49508112780677,1.2138791651123506,-3.794513645915511,-1.6481742789435914,-11.706942298398637,-1.3862185317531592,-2.025845488160769
2025-07-13 22:00:00+00:00,2025-07-11 22:00:00+00:00,48,-1.1150447613832948,-175.3713758418571,-1.1472016403176986,-52.28844762665949,-1.1529778478455421,-33.258907594517254,0.9005263891787754,-21.31850528746435,-1.7095928949951404,-30.87494687896341,-1.2411178645616887,-12.713443048090394,0.784771879913093,2.159883576984771,-0.9524447573288167,-7.178906004252942,-0.022358904336968716,-5.305240526463831,-1.1400844685358305,-7.59047325970039,0.8564848271208129,-4.174150228045603,-1.0424800125288596,-3.0163019038961054,0.32525673365575336,-1.0448055324351053,-1.471062214892901,-10.046696975395538,-1.3814007049230892,-0.33333543599023663
2025-07-13 23:00:00+00:00,2025-07-11 23:00:00+00:00,48,-0.7334184793847065,-134.07275641353024,-0.4544700168801585,9.527861599221087,-0.9140792751773089,-25.18674729806732,0.7605394906113537,-20.868633143802985,-1.0069410768298779,-17.872704451112245,-0.6551593764260885,-0.3398324042665011,0.9350922101135565,7.286396632099122,-0.4748524720698787,-7.674625811931846,1.0013478449466333,-6.846996281997658,-1.066784000867901,-7.856737060746786,0.8564848271208129,-7.95468011738414,-1.0424800125288596,-4.011678788751826,0.6356391572427622,-2.1599752015178524,-0.8342536759607176,-3.6218785062701184,-1.3814007049230892,6.0899566440982955
2025-07-14 00:00:00+00:00,2025-07-12 00:00:00+00:00,48,-0.12690528120837893,-17.173988837888533,0.45701896132713105,19.38290665597259,-0.38806692311743546,-14.369848860245138,0.7138771910888799,-47.11769811221953,-0.30003076279694685,8.880030637636137,-0.0506770218906481,1.307476025303029,1.0317267080995682,2.5127998569999894,-0.09733032927234386,-14.4531736158613,0.6568411974537295,-10.639556027369263,-0.6936179836493522,-6.566819865273996,0.8564848271208129,-10.13671216166382,-0.971756739271951,-3.5043073994130447,1.3099242351865519,-10.599674513498783,-0.13320711073174715,-1.2181241072768008,-1.3814007049230892,-0.9978548290366507
2025-07-14 01:00:00+00:00,2025-07-12 01:00:00+00:00,48,0.38760872398614615,40.907395447931236,1.3685079395344206,28.258037167200854,0.10528351471045289,1.5528050329275707,0.4805656934765105,-26.087890038341353,0.3435344252044186,14.370024712723318,0.5621977453166103,7.128074984103785,1.1713098718571413,19.687602113706415,-0.05147879242548019,-17.083103074471598,0.7445572596813976,-10.664993789246429,-0.10055056342701567,-3.0551812430653054,0.8564848271208129,-11.317512102055789,-0.6117109845095073,-2.377639925375797,1.2474261525377444,-13.000739918064747,0.5047928407851595,2.884136360492552,-1.3814007049230892,3.3103899530278422
2025-07-14 02:00:00+00:00,2025-07-13 02:00:00+00:00,24,1.1133801352870325,169.97231199656022,1.3563547531583233,39.110702081931194,0.7628767212477516,18.937197028768498,0.20059189634166727,-4.505165480453587,0.87983874853889,16.492117132210097,1.1722087576587588,16.353512446358717,1.3753160342720554,17.903679317394435,0.6055034472124281,-18.15543796150895,-0.30613113254309987,-15.268085999366019,0.7157500992385599,-0.4498584802104869,-0.1974590053507438,16.375793015551235,0.09230705382062816,-3.4516060058147677,1.4676281312029353,-10.592019198423161,1.0144585020809445,5.8316940722209685,-1.3814007049230892,0.9146855329090323
2025-07-14 03:00:00+00:00,2025-07-13 03:00:00+00:00,24,1.5427097025354441,285.8785607876044,1.830329021826114,40.424668947756075,1.1846820136151013,34.15299844630273,-0.07938190079317597,23.63183903056355,1.2724188363395577,19.183406374090538,1.7516825091078314,16.13985047098832,1.4719505322580673,8.434201087214193,0.68883945213848,-8.280830900141645,-0.31878066139695566,-10.653310504347022,1.112238992533268,4.80738305488709,-0.1974590053507438,12.361387639707893,0.7481046785665078,1.8003229535982288,1.553221226712927,-11.391033942673959,1.3538389254048493,4.758536181233795,-1.3814007049230892,3.049610052966164
2025-07-14 04:00:00+00:00,2025-07-13 04:00:00+00:00,24,1.8084851489273182,338.00271499148744,1.9518608855870858,36.86400757940586,1.4506433152184082,41.039166051521036,-0.45268029697296697,24.807718519102806,1.4941267774500362,21.81530604120341,2.154250721132019,13.726441953323736,1.6007965295727502,7.7399562996874325,0.7925911048576606,-6.915208615951963,-0.4374926917745916,-11.687681541071091,1.5320507619041357,20.439667505807332,0.34191225009058224,2.169161040929384,1.1306532930016042,3.8683754458621444,1.5608220373199402,-10.932520732149209,1.4968510488679483,4.808732183267771,-1.3814007049230892,5.135933056500832
2025-07-14 05:00:00+00:00,2025-07-13 05:00:00+00:00,24,1.941372872123255,341.6350687911664,1.3806611259105177,38.252415570104276,1.5816020379961768,44.55855399624825,-0.9193032921977057,21.39475017757513,1.5303239923252168,25.410140165245537,1.9461810320074588,12.451248090635143,1.7081681940016524,24.848005639905924,1.0643534984317724,-15.021975419847228,-0.8860670398841182,-7.561130951180697,1.7919342381813392,23.740441875026544,0.8564848271208129,-4.523802779410054,1.5357047671093533,7.875487035659003,1.5608220373199402,-11.920103563977108,1.432777205269688,8.065612171735912,-1.3814007049230892,3.9362501596099504
2025-07-14 06:00:00+00:00,2025-07-13 06:00:00+00:00,24,1.6006351203388014,302.8345874759087,2.401528781502682,38.36356952817151,1.2478283811302722,35.882449179545425,-1.1059524902876012,31.579980819550336,1.3783489210478055,18.718017495125153,1.4007443465860212,13.835222254728293,1.6007965295727502,9.33579712036376,0.516812518275064,-9.416311342131964,0.03717010846628563,-10.77032436261255,1.9218759763199411,18.513884288033434,0.8564848271208129,-7.2187184236530495,1.7864509177474839,5.703973177812908,1.5330915000769023,-12.361800623865193,1.1663512701192253,4.773593764523299,-1.3814007049230892,4.292389142150477
2025-07-14 06:00:00+00:00,2025-07-11 06:00:00+00:00,72,0.4455341417895033,40.35807454563031,1.8181758354500166,41.53160082641278,0.2371754350377067,3.2781757067679282,-0.26603109888307147,22.74773824587337,1.3783489210478055,23.495667947871773,1.4007443465860212,18.115350335073447,1.6330080289014206,24.812779894242095,-0.5237161536731056,-13.35538254435197,1.1681501141441466,-12.82721070352734,1.505396046388525,16.67322746736726,0.8564848271208129,-8.261206009484463,1.416761080268189,19.361666114263237,0.9831110533134326,-15.80237994978424,1.1663512701192253,6.291028349518313,-1.3814007049230892,4.573160269073206
2025-07-14 07:00:00+00:00,2025-07-11 07:00:00+00:00,72,0.9941219221624737,142.20311894047094,0.9674527891232132,38.50170683813366,0.6829327978418452,18.126980187843465,-0.4060179974504931,26.919849499239604,1.0483154913035153,16.59074069422807,0.7969107533547649,17.056599073836423,1.7081681940016524,34.990872190820205,0.4836789259550677,-12.933536247929691,-0.5332881374949479,-10.213010201069409,0.45919846240080764,-3.5542472800035942,0.7820887918875264,-3.998554366974785,1.5099872131977503,4.9421206416648715,1.0653457804244002,-15.201170325078513,0.7177230226445781,3.043978673086032,-1.3814007049230892,1.7620650019324697
2025-07-14 08:00:00+00:00,2025-07-11 08:00:00+00:00,72,0.5784218649854402,65.31571137488493,0.7000826888490749,35.20076162277613,0.27170374436866235,2.312508731523737,-0.45268029697296697,21.65214067798589,0.562846962389334,16.36841964634781,0.18321795700549312,5.229141636393906,1.7081681940016524,27.65327913070561,0.3631931357005353,-11.528508671255318,-0.354798905263231,-11.805022777805862,0.9956246121524717,-0.09525530266061384,0.7262917654625617,-2.352554490656287,0.5005732221673277,0.5413089058803467,0.9617883404552434,-14.34726442897626,0.12251795269326617,2.431899674665013,-1.3814007049230892,1.8208855779758448
2025-07-14 09:00:00+00:00,2025-07-11 09:00:00+00:00,72,0.20020296050469663,24.358589502562435,0.6028571978402973,24.652502792709157,-0.11370684356876119,-1.817629361527335,0.38724109443156274,-18.23211079756006,-0.04505332272030996,11.015579627550924,-0.42591408517532897,-4.763473866582681,1.2894187027289339,25.095840488936556,0.2634576759898392,-13.629145257497656,0.10686185849260872,-11.333272338855606,0.5891402005394095,-0.4954719380552371,0.7262917654625617,-3.9269075360914054,1.0181389946383406,2.2557692729477083,1.004134510942688,-10.107662666029752,-0.5654655774239129,-2.957643519273873,-1.3814007049230892,4.032474004446962
2025-07-14 10:00:00+00:00,2025-07-11 10:00:00+00:00,72,-1.1184521389011393,-140.55177122174646,-1.1107420811894069,-40.12766758919776,-1.1327585676066942,-29.39293926759187,0.9471886887012493,-21.941084501152034,-0.7338650293156508,23.24821628046439,-1.0209135763194745,-8.593877394041018,0.870669211456215,4.229131775555591,-1.2586794742257532,-7.894242310585249,-0.022358904336968716,-6.211844944538309,0.21930602276031194,2.945622106044756,0.7262917654625617,7.108600885309168,0.625946297486393,4.1674620649175775,1.3387991861233495,-4.9476102489634695,-1.2536476691426222,-5.558679362165071,-1.3814007049230892,-1.5358724610599652
2025-07-14 11:00:00+00:00,2025-07-12 11:00:00+00:00,48,-0.9753422831516687,-209.11488569758015,-0.9041379127957546,-19.09905691475067,-1.093253204678484,-35.66774391929165,-0.21936879936059758,8.66232378784939,-1.4567447028523377,-41.03028706074419,-1.583553119877714,-16.063325702285717,1.09614970675691,6.080420402101882,-0.546474580721184,-4.512146935768054,0.8933650500724257,-4.058587986436703,-0.2904654114757414,-3.398746869071783,-0.7430299303948437,5.770792761232773,0.4427087258662207,-2.756862973186941,-1.1031638329891627,3.9100106943047486,-1.648457553393197,-12.555275328258025,-1.3814007049230892,-0.8671459840960031
2025-07-14 22:00:00+00:00,2025-07-12 22:00:00+00:00,48,-1.1048226288297611,-178.43959288439677,-1.1350484539416013,-45.47806506828273,-1.1501782551970865,-33.42671609230414,0.9471886887012493,-21.692759732945724,-1.7146498588379966,-32.449147927902246,-1.245914346901379,-14.575793374966805,0.6666630490413009,2.3764984483863474,-0.8801532831760972,-6.283063252271478,-0.022358904336968716,-5.604413626112953,-1.1400844685358305,-7.112897786133577,-0.7926272872170346,5.441471972259716,-1.0424800125288596,-3.365934129139257,-1.3374208877652598,3.144084254865053,-1.475991498340499,-10.434814063418733,-1.3761457742530352,-2.3560723506666896
2025-07-14 23:00:00+00:00,2025-07-12 23:00:00+00:00,48,-0.597123378670925,-133.00032703194117,-0.6003082533933247,10.200621859762014,-0.8929267973889757,-27.74670023750736,0.7605394906113537,-20.117408137053964,-1.0125303526561924,-15.806371901067227,-0.659611355749404,-4.408317188916541,0.9028807107848857,1.4543113587447003,0.2072309738710574,-3.8927693749880663,-0.3002887943805485,-5.581879786020285,-1.056788482549547,-7.151394430756505,-1.3691965602750038,8.866018729464647,-1.0424800125288596,-4.237275033335713,-1.1951704656747733,1.8188874131640271,-0.8409921169021809,-3.1275761347348365,-1.3761457742530352,-0.8040323870164559
2025-07-15 00:00:00+00:00,2025-07-13 00:00:00+00:00,48,0.08775950241582692,9.51594124597389,-0.27217222123870055,0.27811537335001785,-0.2885258511723382,1.3510145007815186,0.43390339395403665,-11.909051993971302,-0.3048215706480738,8.785554623722001,-0.05488153219389583,2.4310545132252033,1.1176240396426902,6.900267557164958,0.8049743666338207,-9.086694717597542,-1.0050588700520373,3.5658237365607626,-0.5603444060712991,-3.69348779968576,-1.3691965602750038,5.174015250921785,-0.9621126565550998,-3.705328639246369,-1.0234740110360667,5.650893577310759,-0.13967872700566972,-0.001501840253052555,-1.3761457742530352,2.616265659029983
2025-07-15 01:00:00+00:00,2025-07-14 01:00:00+00:00,24,-0.6482340414385931,-108.32994223822004,-0.13848717110163142,18.420811603758118,-0.7364606749252759,-25.798657505901595,0.5738902925214583,-12.184754043486503,0.3395420853284797,42.15744173650943,0.5580631653340048,12.960341716312545,0.9780408758851172,9.619833857835534,-0.9889251771558834,-5.764430648565908,1.5884984149273735,-6.768597488759976,-0.6969498230888036,-4.598498164152461,-0.2284573533646131,14.01489096854584,-0.47669382647359093,-7.990934270314809,-1.4921827689208964,3.6465770049396524,0.4989965131538828,7.004422129163375,-1.3761457742530352,1.2203684893249533
2025-07-15 02:00:00+00:00,2025-07-14 02:00:00+00:00,24,-0.6959373266884166,-101.3114770045837,-0.2114062893582146,18.875223613768757,-0.7638344697101777,-24.423695723041472,0.7605394906113537,-23.82514088326247,0.8769110326298682,44.69073153786441,1.1678168293168762,23.856477164518136,0.9887780423280076,15.53315081313962,-1.0879912713651656,-6.865802753494079,1.6986016306712493,-6.1156646778313455,-0.610321997663069,-4.568341420826192,0.3047142324739391,9.389656286203902,-0.6149256787484577,-8.953886984280688,-1.390246753325309,2.9704920919655757,1.0094022110022534,8.84696764766971,-1.3761457742530352,-1.7230328169538793
2025-07-15 03:00:00+00:00,2025-07-14 03:00:00+00:00,24,-0.8424545599557317,-115.56625857787286,-0.46662320325625567,14.587517230036342,-0.8848390852934365,-22.558209842561865,0.9471886887012493,-27.427279489366132,1.2700234324139938,55.242022549843185,1.746253116467447,28.828840274865048,1.0209895416566783,26.40881763344722,-1.1987712618491941,-6.919671967865789,2.048976399199067,-4.379200421618072,-0.6569677498153876,-5.831834390995082,0.8564848271208129,-6.62188257393953,-0.5313436285357476,-8.117470131774596,-1.414133307768576,3.844098743291707,1.3494422899782352,14.35312974643141,-1.3761457742530352,-3.385494509229617
2025-07-15 04:00:00+00:00,2025-07-14 04:00:00+00:00,24,-0.7266037243490174,-108.72597734808875,-0.2114062893582146,17.324230498388058,-0.7818762890002265,-23.902572805046294,0.7138771910888799,-22.6132522854591,1.4925298414996608,57.97988576866317,2.1466666484878925,26.63229737214065,1.1713098718571413,31.709125452987852,-1.1622908420221272,-6.812191999515634,1.980228981828927,-5.796479730901639,-0.8002368457117948,-7.787144546263939,0.8564848271208129,-6.009107258137969,-0.576349347881053,-8.454524647703122,-1.1031638329891627,3.6680227893448096,1.4929524056836585,13.086125086658818,-1.3761457742530352,0.5491480844298061
2025-07-15 05:00:00+00:00,2025-07-14 05:00:00+00:00,24,1.617672007928024,311.0323488438357,2.1949246131090296,44.75104597894183,1.2901333367069387,35.14515173264391,-0.31269339840554533,34.191360810438844,1.5289932123665704,23.689721431677384,1.9415313080023495,14.900139920038983,1.7081681940016524,33.094783308819565,0.5114575942637518,-5.17686965232147,-0.1232417545011367,-4.419368552026303,-0.6869543047704496,-10.831759340833452,0.8564848271208129,-3.433007431958937,-0.7145812001559197,-5.4593875139861465,-1.4024037283882287,13.21695153952628,1.429167207303722,8.520000084741703,-1.3761457742530352,0.9936912695933611
2025-07-15 05:00:00+00:00,2025-07-12 05:00:00+00:00,72,1.9958909124087676,375.64408817295043,0.3719466566944507,34.04202922335384,1.6410156153134063,46.378743728627924,-0.4060179974504931,11.973418172887266,1.5289932123665704,27.08004927911897,1.9415313080023495,9.878295027772847,1.7511168597732132,18.070066994696774,1.4040564903994122,10.123826883086918,-1.5371388814360598,15.877043189696304,1.9352033340777464,28.887451153591076,-0.22225768376183921,0.5507868504604932,1.6385749827557659,11.231586185577997,-0.5841031569959068,3.131352516344014,1.429167207303722,8.613085018693042,-1.3761457742530352,3.219635838752091
2025-07-15 06:00:00+00:00,2025-07-12 06:00:00+00:00,72,1.2394531034472804,229.2296015117642,2.97272854117925,46.474180273749816,0.9308522801551032,29.372679027249923,-0.7326540941078102,32.99770822921107,1.377018141089159,18.3985258264317,1.398103210622775,13.452559883171483,1.772591192658994,29.615461123139617,-0.029724413629522956,3.271749055452146,0.8850913009172137,-7.375090834688395,1.9751854073511623,32.24684043573129,-0.01766858687030177,8.606731878854493,1.9246827700223506,16.85136212205032,-0.6590533974253011,8.101466056702685,1.1628017914311144,7.581440094218658,-1.3761457742530352,-0.5463836990289207
2025-07-15 07:00:00+00:00,2025-07-12 07:00:00+00:00,72,0.4455341417895033,43.741072975779524,1.903248140082697,44.62997646365002,0.2197557474473146,2.336062588663271,-0.5926671955403886,22.154503127912818,1.046984711344869,19.07830366467115,0.7948166249704162,13.485515261904231,1.7189053604445428,31.981659849758955,-0.4614651620415973,-9.354141918416751,1.2704118974822296,-11.055420670919178,1.2355170517929672,5.684224153436487,-0.01766858687030177,9.82813419637604,1.9632591008897553,19.92962390952756,-0.6092749084206894,9.777360526624284,0.7140180189147266,4.1408889618353495,-1.3761457742530352,-0.981312938801699
2025-07-15 08:00:00+00:00,2025-07-12 08:00:00+00:00,72,0.1150185225585832,-14.416829391635735,1.2834356349017402,44.858655197625,-0.09131010238111434,3.841664780895326,-0.3593556979280192,19.100214655262324,0.5612500264389583,17.8828839845835,0.18114759762461632,7.056462244036523,1.697431027558762,27.04777416928634,-0.5106635263955314,-14.174527095298783,1.306037598950999,-8.224645325968122,0.45919846240080764,-4.034764029307224,0.32331324128226063,10.315472933474684,1.2495969798427686,10.045924035969959,-0.8033284759463019,8.742780780902274,0.1184990030683229,2.84295876516595,-1.3761457742530352,-1.679472708072245
2025-07-15 09:00:00+00:00,2025-07-12 09:00:00+00:00,72,-0.24275611681509318,-86.21266803744872,0.5420912659598114,34.39470126440486,-0.43161614209341553,-13.175575389611401,-0.17270649983812372,18.385642066468687,-0.04718257065414396,14.172692430144725,-0.4282181021044454,-4.178239982257083,1.643745195344311,22.534099544380375,-0.5220427399195705,-8.784820190051873,1.2264803194397644,-5.469240259990739,0.1360100367740287,-1.3412528181435663,0.8564848271208129,-6.418528958522717,0.5005732221673277,-3.08696035698952,-1.3231850447489248,9.440651773464952,-0.5697951281523556,-9.527973412393578,-1.3761457742530352,0.5628812513658877
2025-07-15 10:00:00+00:00,2025-07-13 10:00:00+00:00,48,-0.49490205313558894,-116.95776595750108,-0.06556805284504827,19.889831599472185,-0.714063933737629,-25.159052001323506,0.10726729729671952,10.667263577522341,-0.7365265892329435,14.740826188747626,-1.023621424227942,-15.565533825735942,1.4075275336007265,11.457512040871784,-0.29077695918100976,-3.1153450506479237,0.8802703039066848,-4.426762831432391,0.22930154107866593,-0.9252879929363055,0.35431158929613,3.5695466911105855,0.9795626637709358,3.256909953367308,-1.456708185002268,5.952545935493738,-1.2576807955440752,-8.583847903805337,-1.3761457742530352,0.826981405335231
2025-07-15 11:00:00+00:00,2025-07-13 11:00:00+00:00,48,-0.9923791707408913,-191.77985833454764,-0.9162910991718518,-13.719689229765342,-1.0963638631767683,-35.17576652556193,0.3405787949090889,-8.214216275649058,-1.4604708867365477,-37.79237641218388,-1.5865979957108802,-17.17014712199792,1.149835538971361,7.581106335764121,-0.6418591646726889,-6.44101664557859,1.0699183518243132,-6.35463643148038,-0.4603892228877592,-3.9428301380985835,0.6084980430098583,0.9594205015723738,0.2787593196797508,-3.136365215774399,-1.2460478541796545,4.220688498375147,-1.64873598726788,-12.009685095675783,-1.3761457742530352,-1.3075853448607453
2025-07-15 22:00:00+00:00,2025-07-13 22:00:00+00:00,48,-1.11163738386545,-177.01793398541884,-1.1350484539416013,-43.03386203277598,-1.1501782551970865,-33.5717701221563,0.7605394906113537,-21.898742206384945,-1.7194406666891235,-32.34532105564135,-1.2507866207255807,-14.514832266758617,0.870669211456215,2.349040970789354,-0.945751102314676,-6.848619809081793,-0.022358904336968716,-5.395427264354842,-1.1400844685358305,-7.17811707815049,0.8564848271208129,-4.4636379814042755,-1.0424800125288596,-3.0311455400185014,-1.55944373896185,3.7531807432944104,-1.480928711638315,-10.039992094699537,-1.3704552947615258,2.1322114183560625
2025-07-15 23:00:00+00:00,2025-07-13 23:00:00+00:00,48,-0.641419286402904,-130.92091510688837,-0.5030827623845472,10.593348024350579,-0.8919935998394903,-26.53620808793218,0.667214891566406,-19.50101908434986,-1.0183857844742363,-16.914705278104464,-0.664124470233562,-4.111082114783411,1.0532010409853487,9.592298657795759,-0.057837764688913766,-3.75707497256387,0.23037235833306222,-5.323117716271253,-1.0634521614284498,-7.679370520674762,0.8564848271208129,-6.1585047315065875,-1.0424800125288596,-3.6453853774137848,-1.5603947090692205,3.870297353353326,-0.8477842088318314,-2.983809239327109,-1.3704552947615258,4.354101488530854
2025-07-16 00:00:00+00:00,2025-07-14 00:00:00+00:00,48,-0.1609790563868243,-5.526787258899922,0.45701896132713105,28.247921826956187,-0.40828620335628335,-10.41503690038773,0.43390339395403665,-6.667739565010042,-0.3096123784992005,8.077108638381965,-0.059139288830017,1.190820878876569,1.2249957040715924,25.853401269504094,-0.16292814841092268,-9.985560252846753,0.7632631101045259,-8.919646759825847,-0.6036583187841663,-2.453146784543711,0.8564848271208129,-5.2906536824636285,-0.9685420450330006,-3.855254660046239,-1.4662498328448452,12.25501208321269,-0.14482064139197634,-4.539514252427227,-1.3704552947615258,7.109006187351887
2025-07-16 01:00:00+00:00,2025-07-15 01:00:00+00:00,24,0.4046456115753689,52.71815747958433,1.3077420076539346,38.2015817074235,0.11990360965238901,5.686631235799037,0.24725419586414116,-4.7677254459333795,0.33581590144427,15.518980676484997,0.5538728129124226,10.374663898802208,1.396790367157836,34.53133277336863,0.0054172751947156525,-12.91431613114415,0.6343660802365684,-11.677004787472553,-0.103882402866467,-2.9193140813338005,0.844085487915265,-4.264167490857209,-0.5120554631020452,-2.947641718359325,-1.3646655577420912,18.220571611496634,0.49466409616935403,3.8737008112323523,-1.3704552947615258,4.731383743997759
2025-07-16 02:00:00+00:00,2025-07-15 02:00:00+00:00,24,0.7896792710918016,113.87130848847757,2.1827714267329323,42.457582417156516,0.5009592756922143,19.34752875216364,0.10726729729671952,20.864974378257767,0.873717160729117,15.565860598949651,1.1633485566838242,15.459577520479328,1.5148991980296287,32.473876900892314,-0.07825341248204294,-13.336493215707247,0.8826368242980838,-10.415601598652046,0.4192163891273917,-4.815061249936898,0.844085487915265,-4.95368150641946,-0.04271010421528823,-3.977304252967992,-1.1951704656747733,20.526136302740685,1.005877861032464,5.662482701493356,-1.3704552947615258,3.7432159871993624
2025-07-16 03:00:00+00:00,2025-07-15 03:00:00+00:00,24,1.1576760430190116,192.53904345092332,2.790430745537792,41.68545617076955,0.8518415542986824,27.15066682494137,0.013942698251771779,20.276110644981536,1.267628028488431,27.346512298707715,1.7406869834635101,15.226660806309539,1.622270862458531,26.139733342074894,-0.018345200105483864,-12.349103646346675,0.8523323113614901,-9.171300200026025,0.7957142457853918,-1.1941299917021775,0.8564848271208129,-5.276513894226071,0.46199689129992305,-0.5568977166689637,-1.06396748206631,18.68870764973308,1.3466025047738963,6.937167431244537,-1.3704552947615258,1.8124661662940598
2025-07-16 04:00:00+00:00,2025-07-15 04:00:00+00:00,24,0.2581283783080538,32.56888396307003,1.648031226184656,46.517902267959116,0.08070931257400689,3.367785441005893,0.1539295968191934,20.16898815226908,1.4906667495575558,29.223946250451903,2.1388157312145877,18.759998270976823,1.6115336960156406,30.645230151770942,-0.692061577278744,-9.845794931187116,1.419250056088583,-12.395861945329866,1.1555529052461355,6.902677527597596,0.8564848271208129,-1.6592979235508543,0.8252573403013171,1.8594421548685724,-1.0837308199415394,19.344655504480603,1.490602715769511,7.98702311913724,-1.3704552947615258,4.644017168755749
2025-07-16 05:00:00+00:00,2025-07-15 05:00:00+00:00,24,1.2905637662149485,247.78602181096255,3.0213412866836387,44.73181808133354,0.993687581820446,37.06649992744916,-0.12604420031564983,33.85904663105902,1.527662432407924,26.876644197753464,1.9365563308269798,15.56871002947468,1.7081681940016524,37.52021872056456,-0.04846664766911696,-4.282097516313193,0.8526957903461342,-7.263759660707942,0.27594729323098455,-4.652029988774707,0.8564848271208129,-5.106499019224999,1.1724443181079593,8.678857095765942,-1.177475794172049,14.225563928415673,1.4270700911380683,8.410328023485539,-1.3704552947615258,2.430104032898669
2025-07-16 05:00:00+00:00,2025-07-13 05:00:00+00:00,72,1.6313015179994022,315.80828178426515,2.790430745537792,43.061828103140904,1.29977637805162,36.6093882735343,-0.3593556979280192,32.151054607644916,1.527662432407924,31.641598855150093,1.9365563308269798,13.928487686876323,1.8048026919876643,35.40701771396917,0.3585075771906369,-5.532532665672949,0.2799758261456792,-4.847238592510209,1.7919342381813392,21.602077495209937,0.8564848271208129,-4.167885783816826,1.4296198572239904,11.75813162763482,-0.9604100420971526,15.045286091852972,1.4270700911380683,10.286330641705923,-1.3704552947615258,4.358906993831643
2025-07-16 06:00:00+00:00,2025-07-13 06:00:00+00:00,72,1.5154506823926879,294.0724470315933,2.474447899759265,44.183604027436246,1.1775274990690472,36.49260188866255,-0.45268029697296697,33.97249769116143,1.3756873611305127,25.58422535494853,1.3952021254984073,12.612025183851378,1.8370141913163354,36.72191644975697,0.4077059415445711,-5.3754659162847975,0.17184288712773516,-4.217458192459496,1.6186785873298701,16.23980835131828,0.8564848271208129,-4.979913186109084,1.7864509177474839,5.968052162936655,-1.1031638329891629,14.715138883404261,1.1607019087899977,7.476846857421735,-1.3704552947615258,6.1170716454443514
2025-07-16 07:00:00+00:00,2025-07-13 07:00:00+00:00,72,1.1849350631617679,219.7530661879908,2.036933190219766,44.1803543033857,0.853707949397653,29.1135614173547,-0.4993425964954408,33.526507419678325,1.0456539313862228,16.890679951376484,0.7924932939623429,12.27188811256095,1.8584885242021154,37.63933032587901,0.3585075771906369,-7.566986823542426,0.1894425976506429,-6.3940306323707965,1.505396046388525,13.626675092855155,0.8564848271208129,-5.980106650933714,1.6192868173220636,5.530534461831319,-1.1410153090887607,14.805349619687162,0.7116684656177427,1.4820566935323032,-1.3704552947615258,4.758242034494626
2025-07-16 08:00:00+00:00,2025-07-13 08:00:00+00:00,72,0.6976800781099991,104.94713986831736,1.4414270577910038,45.17045365628621,0.3839985161567251,20.24510693217933,-0.5460048960179147,27.484834403856897,0.5593869344968536,16.370768587820315,0.17885815715364728,3.842572967404223,1.8799628570878961,35.871064218797684,0.24203797994458892,-11.45439583873584,0.27817198426784046,-7.652047022347275,1.182207620761746,8.486451851041359,0.8564848271208129,-5.008880744110115,1.5099872131977503,4.357481451551724,-1.2935080232179559,20.23788643121114,0.11569779143784824,2.655538148966278,-1.3704552947615258,4.137919153318183
2025-07-16 09:00:00+00:00,2025-07-14 09:00:00+00:00,48,0.08094474738013784,-8.573786558009024,0.8094613662339496,39.34748088090818,-0.1871183841282703,1.3686700622105956,-0.07938190079317597,15.696918031021019,-0.0495779745797076,10.935189882371056,-0.4307415414150822,-4.734013694434443,1.772591192658994,29.56827078179005,-0.060180543943863164,-13.069308083406268,0.6764240743855723,-9.044216682106924,0.5291670906292856,-2.3896485645751455,0.8564848271208129,-2.6209169349459307,1.1306532930016042,2.3750139770131864,-1.1594222422144396,13.698236045276447,-0.5731235954015473,-8.676347336997743,-1.3704552947615258,5.264315067887737
2025-07-16 10:00:00+00:00,2025-07-14 10:00:00+00:00,48,-0.5426053383854125,-127.53503618492259,-0.10202761197333984,14.691060601911632,-0.7408155968228739,-29.20899750782742,0.24725419586414116,-0.5749265932749337,-0.7397204611336946,7.289973246584938,-1.0265549121583275,-15.426700214308356,1.6007965295727502,11.497528928575145,-0.39821012215796786,-4.280137873318051,1.0228307378216073,-6.052079298644928,0.10269164237951542,-0.8639363324257788,0.8564848271208129,-6.337388183327897,0.568081801185286,-0.006910432515947453,-1.390246753325309,6.118139725020854,-1.2611077317722779,-12.085878433240401,-1.3704552947615258,3.377042763397062
2025-07-16 11:00:00+00:00,2025-07-14 11:00:00+00:00,48,-1.002601303294425,-193.18759877655023,-0.928444285547949,-18.622094514307726,-1.0994745216750526,-34.576140418478936,0.4805656934765105,-11.291975353770107,-1.4644632266124866,-39.854531332770016,-1.5898560705891114,-18.366066678520998,1.3753160342720554,12.674620686798407,-0.6887147497716737,-6.222288328199639,1.1402605368701235,-7.035866769731629,-0.5070349750400778,-3.7172175958005456,0.8564848271208129,-5.1544637146291965,0.15660093859963597,-2.948905421624223,-1.556591987250328,4.7282946214787165,-1.6489858330803127,-12.763053071024142,-1.3704552947615258,2.698288159043313
2025-07-16 22:00:00+00:00,2025-07-14 22:00:00+00:00,48,-1.1218595164189837,-166.74667192095373,-1.1593548266937956,-49.599393134268986,-1.1560885063438264,-32.5421047832027,1.413811683925988,-32.98892710406932,-1.7244976305319795,-32.08745769343369,-1.255731988516774,-14.0223912905248,0.7740347134702031,2.722294030426018,-0.9772112808811372,-8.10585536646757,-0.022358904336968716,-5.823387479886773,-1.1400844685358305,-6.512269683049094,0.8564848271208129,-4.946803826194382,-1.0424800125288596,-3.089996700362989,1.5465806466301943,-3.5174013891669285,-1.485340831024741,-9.663322326714603,-1.3643309503529943,9.17165643514814
2025-07-16 23:00:00+00:00,2025-07-14 23:00:00+00:00,48,-0.8220102948486645,-136.85300868259776,-0.5760018806411303,10.92965120466493,-0.9607391526515733,-27.624519905483027,1.2738247853585665,-36.64820960042967,-1.02424121629228,-15.542625714412537,-0.6686966331116087,-3.7265859420740344,0.9243550436706661,9.583543075421355,-0.6689684674799586,-9.54988248143294,1.2087301868973548,-8.422147900862377,-1.0734476797468038,-7.4040074118362975,0.8564848271208129,-7.891388434405643,-1.0424800125288596,-3.5051070708024974,1.391625051683399,-5.422326355337579,-0.8535060142948363,-2.8987660108776865,-1.3643309503529943,8.2180250272228
2025-07-17 00:00:00+00:00,2025-07-16 00:00:00+00:00,24,0.04346359468384793,0.007377375455300827,-0.1870999166060202,6.884139467095575,-0.30936726311084295,-2.027403574111299,0.9005263891787754,-39.071791059011524,-0.31466934234205646,9.295916970689852,-0.06344887176804792,1.1082654723489698,1.063938207428239,4.438873564745522,0.671435949101714,-15.17934065603501,-0.8137268312912423,-4.762844512302567,-0.6802906258915469,-3.915205446751892,0.2737158844600698,5.752321213242056,-0.9749714335109014,-2.6034762726006626,-0.21657173223206927,1.2210829401672274,-0.1486361116679988,-0.07870672117459504,-1.3643309503529943,9.0756125879932
2025-07-17 01:00:00+00:00,2025-07-16 01:00:00+00:00,24,0.7079022106635326,89.3094910567613,0.06811699729202085,16.91159007595062,0.3308062558360639,12.429462569029853,0.5738902925214583,-35.06507130836945,0.3315574055766017,15.447205793321157,0.5496272920871144,9.870399342459635,1.2464700369573727,15.824538944241045,1.0091308445651117,-9.32446342798209,-1.159688967715713,-5.241987533866248,0.0660414085455508,-3.544130412451058,-0.34625107581731646,7.526558384693251,-0.5988522075537057,-2.4349817528521096,1.4853681250492379,-9.314992591924188,0.49179317522695865,2.8290705480877745,-1.3643309503529943,10.936565588756125
2025-07-17 02:00:00+00:00,2025-07-16 02:00:00+00:00,24,1.2803416336614148,222.50778736055042,0.23826160655738157,25.27259587717467,0.9037895512200298,30.19536219381909,0.24725419586414116,-6.236874199097171,0.8705232888283657,14.12173642673465,1.1588035019021048,14.307970981884434,1.3860532007149458,11.588398035198793,1.2086017639865043,2.98301918601858,-1.3480942591254423,11.688901895021878,0.7157500992385599,-0.40910792969925164,-0.9662180360947027,5.245698877509048,0.12123930197118167,-0.9924770568493699,1.4155116061266662,-7.981381382503959,1.003882868803286,5.169760384202553,-1.3643309503529943,9.73613115542164
2025-07-17 03:00:00+00:00,2025-07-16 03:00:00+00:00,24,1.7096712009098265,320.62746073419993,0.31118072481396475,28.248148388721006,1.3423923994781146,39.73012206408952,0.013942698251771779,10.410697417913822,1.2652326245628673,25.312406196285018,1.7349827308843813,13.744822151560696,1.5256363644725184,7.653472321583369,1.3384586712608335,7.557761462164306,-1.477661092332621,14.673436959910934,1.2754991250663832,7.766888908768477,-1.5861849963720889,4.831565113224448,0.7481046785665078,2.3486291904862617,1.426810216880934,-8.67735127043306,1.3453164804058748,4.222180503107962,-1.3643309503529943,12.766683489529294
2025-07-17 04:00:00+00:00,2025-07-16 04:00:00+00:00,24,1.9515950046767887,356.3420332267625,0.3962530294466451,31.926271071400077,1.597777462187255,47.087260430516366,-0.12604420031564983,12.65557312118488,1.4888036576154509,28.962134551914698,2.1307002523921503,10.961880285512128,1.6115336960156406,7.2168261581259125,1.3849795736091115,9.662580601729767,-1.5075467176349273,16.951202160746767,1.6953108944372508,21.206439018869855,-1.6233830139887322,5.05480668126815,1.2881733107101734,5.812721756765111,1.4376744173428349,-12.033572291184791,1.4897983283035867,6.275711692249256,-1.3643309503529943,11.582095337464574
2025-07-17 04:00:00+00:00,2025-07-14 04:00:00+00:00,72,1.433673621964419,244.6739757209342,2.984881727555347,37.52479542645695,1.1181139217518177,29.737896076448422,0.24725419586414116,-40.2180199838311,1.4888036576154509,25.46094793126174,2.1307002523921503,15.900623739554392,1.5363735309154087,20.49884448586452,0.12188687244076366,-17.093349591185348,0.6393864960305317,-21.585029643949945,1.1988668179590027,8.065572474104545,0.8564848271208129,-4.233267807163146,-0.766016307979126,-7.20275372702412,1.557970285608418,-7.795138654880699,1.4897983283035867,5.45645356663132,-1.3643309503529943,8.284258708727382
2025-07-17 05:00:00+00:00,2025-07-14 05:00:00+00:00,72,1.6278941404815577,222.8903324125685,2.595979763520237,29.90301281337881,1.3007095756011051,30.092714112330285,0.293916495386615,-50.62276579917961,1.5260654964575482,27.68362748846091,1.9312543154627182,12.855920513021509,1.5256363644725184,23.45957806366032,0.41071808630093437,-22.972878877686867,0.14774038629401917,-30.434807875215487,1.425431899841693,16.235000133739526,0.8564848271208129,-5.841223932865616,1.2142353432143143,6.355102061964046,1.2948863215760462,-8.45081783324576,1.4264817240612864,6.1808532933140015,-1.3643309503529943,7.897133050151379
2025-07-17 06:00:00+00:00,2025-07-14 06:00:00+00:00,72,-0.7913438971880636,-103.425821135453,-0.3572445258713809,15.335754281501949,-0.8391124053686575,-23.10601152284242,1.1805001863136186,-43.21264702671998,1.3743565811718663,60.28609943495816,1.3920374839257015,22.186110960407444,1.09614970675691,30.400978905697144,-1.1813677588124283,-7.093719115706823,1.9978565247443474,-6.531314601818645,1.6153467478904189,26.46050989482553,0.8564848271208129,-9.411785793215603,1.4328345514629408,26.610503484889335,1.5330915000769023,-4.928603548192611,1.1600471279777373,9.774779434192371,-1.3643309503529943,17.140048112730085
2025-07-17 07:00:00+00:00,2025-07-14 07:00:00+00:00,72,-0.1916454540474251,1.0186768857930928,0.22610842018128438,19.61866369997339,-0.32740908240089184,-3.26687145871705,0.9938509882237231,-55.1259851004094,1.0440569954358474,24.233051353535966,0.7899378171475514,15.475298746428596,1.149835538971361,16.935952010169267,-0.6555811574516772,-16.412730299415514,0.41053539068135925,-10.370621792860888,-0.7502592541200248,-8.076672110154485,0.8564848271208129,-9.723315282821336,1.6160721230831132,46.809214830330504,1.5425534746621299,-4.68877748874781,0.710669578749945,2.8221965663190196,-1.3643309503529943,15.964200010285214
2025-07-17 08:00:00+00:00,2025-07-14 08:00:00+00:00,72,-1.023045568401492,-130.03079935835953,-0.867678353667463,-6.486337044134993,-1.0444158662554206,-25.853867500887088,1.3204870848810402,-38.35885835908444,0.5575238425547486,42.90685142190808,0.1763474584961455,13.25379108004604,0.9780408758851172,25.891561978333613,-1.257006060472218,-7.167157012016387,-0.022358904336968716,-7.194056011454614,-0.1638555127765909,0.8905662641460851,0.8564848271208129,-10.932642210278766,-0.666360786571664,-5.549430236947872,1.4853681250492379,-6.1767463080764555,0.11410909755818133,9.111055085447571,-1.3643309503529943,8.209001919650047
2025-07-17 09:00:00+00:00,2025-07-15 09:00:00+00:00,48,0.3330906837006336,24.759992007943413,-0.07772123922114546,5.145220274365872,-0.03936210545976657,-2.8092436657667648,-0.07938190079317597,11.748206589091314,-0.05197337850527094,12.470411767316861,-0.4334858811933749,-4.082842621737418,1.5578478638011894,9.47194294958578,0.8702375030216924,-9.712918363736517,-1.0040548809231953,2.1881972925495146,0.9723017360763123,1.129527429576329,-1.5613863179609935,9.278244271539124,1.4906990477640478,3.107714074484207,1.5558326120425734,-10.253733058690116,-0.5754574759237558,-2.209053119944622,-1.3643309503529943,15.47871136347287
2025-07-17 10:00:00+00:00,2025-07-15 10:00:00+00:00,48,-0.3551995749039629,-81.64480426107289,-0.3815508986235753,7.407242261745932,-0.6733143074101048,-26.05883479733831,0.38724109443156274,-8.728851785885253,-0.7431804890261752,-0.837515872893208,-1.0297148464962707,-13.579889313654792,1.2786815362860435,9.144951978939492,0.38729029375144197,-3.8502754622550808,-0.43911890619290167,-5.3422009495323675,0.3492477608989138,-2.0394252060548563,-1.5613863179609935,12.00548537240901,0.9956361349656878,2.742898122278151,1.1236389000832436,-5.517319312439764,-1.2639392413034731,-5.661421028890717,-1.3643309503529943,12.521822348396014
2025-07-17 11:00:00+00:00,2025-07-15 11:00:00+00:00,48,-0.9719349056338241,-183.04194385458905,-0.9162910991718518,-15.05667771384055,-1.0963638631767683,-33.23550695618205,0.5738902925214583,-15.736841641558332,-1.4687217224801545,-40.499199184897755,-1.593325623363932,-16.174605705683785,1.0424638745424586,5.262456204365076,-0.4885744648488671,-5.538195478214694,0.7298853284095035,-5.294180751350228,-0.32378380587025474,-3.351329137876848,-1.3753962298777775,7.256795592680846,0.39448831228196485,-2.6331155319876376,1.1965487640328634,-4.226315683045497,-1.6492103612963198,-11.815476486551193,-1.3643309503529943,6.677432908543236
2025-07-17 22:00:00+00:00,2025-07-15 22:00:00+00:00,48,-1.1150447613832948,-175.27570761776767,-1.1472016403176986,-52.944762592509115,-1.1529778478455421,-32.554915459399815,1.5071362829709358,-30.481292897697763,-1.7295545943748354,-34.25093304379434,-1.2607476116616578,-14.080997878036225,0.6559258825984104,3.0575566545603965,-0.9387227645498282,-6.951586203581762,-0.022358904336968716,-5.392908652977156,-1.1400844685358305,-7.135156485149559,-1.6233830139887322,7.901765310481093,-1.0424800125288596,-3.2284550834904566,1.33879918612335,-3.6473453371976188,-1.4892481284986183,-9.712238470518736,-1.3577745533194818,-2.5165109170241053
2025-07-17 23:00:00+00:00,2025-07-15 23:00:00+00:00,48,-0.6550487964742822,-131.18430093692098,-0.4544700168801585,9.862819670439722,-0.8882608096415493,-27.23204075961852,1.1338378867911447,-33.99318017046019,-1.0303628041020534,-15.00118534996638,-0.6733256401557515,-2.552376374981671,0.7955090463559835,2.6416378671122676,-0.146863376376985,-4.023761938526958,0.4800464855862516,-4.827165752216655,-1.066784000867901,-7.433188678464139,-1.003416053711346,10.928795384447316,-1.0424800125288596,-4.003583744487448,1.3526274278598687,-3.953011721826118,-0.858164714639676,-4.16882629506649,-1.3577745533194818,2.7365077263101725
2025-07-18 00:00:00+00:00,2025-07-17 00:00:00+00:00,24,0.08775950241582692,5.526619393364792,-0.23571266211040898,5.044512345171719,-0.2807492049266275,-0.6728199873653298,0.5272279929989844,-15.047980392532633,-0.31972630618491277,9.257179874280956,-0.06780876516167993,2.7515672784696634,0.870669211456215,0.6108641806769965,0.8033009528802856,-9.364039106148738,-0.9489609774780028,-1.9560193727227293,-0.5603444060712991,-3.862063666537846,-1.5923846659748628,15.342767347681045,-0.9685420450330006,-4.133643075355013,1.1965487640328634,-8.891562391940678,-0.15249971770768925,0.0831732773275302,-1.3577745533194818,2.524758574169033
2025-07-18 01:00:00+00:00,2025-07-17 01:00:00+00:00,24,0.7624202509490453,108.90771039571922,-0.029108493716756688,9.751642344537393,0.3740444089622154,16.98180873800103,0.10726729729671952,8.394875724260848,0.3275650657006627,15.613608734907555,0.5453272812101972,8.356005436212737,1.0317267080995682,3.9864767096287537,1.139322434590148,4.178936701994937,-1.296611268106966,12.738344510312391,0.10935532125841807,-1.9268575239081984,-1.6233830139887322,12.293772379930157,-0.4831232149514917,-1.2236442084922274,1.294886321576046,-9.027403167378692,0.4888832565378578,2.45075136205503,-1.3577745533194818,2.664589749874436
2025-07-18 02:00:00+00:00,2025-07-17 02:00:00+00:00,24,1.345081806500461,252.03556595105604,0.11672974279640963,19.85844793921839,0.961025667588461,41.86512956453942,-0.21936879936059758,13.001010822315246,0.8673294169276143,14.006500581261474,1.1541812833498737,11.783360887792854,1.1713098718571413,6.12608618021413,1.3344424782523492,8.827290283875728,-1.4732199117081919,15.33627734723782,0.7690595302697812,-0.5026679909131293,-1.6233830139887322,8.211285112768023,0.16303032707753676,-0.6282168495161612,1.2474261525377444,-7.03501873534051,1.0018478562191149,3.213223546192609,-1.3577745533194818,1.3390643802394429
2025-07-18 03:00:00+00:00,2025-07-17 03:00:00+00:00,24,1.7812261287845619,346.3529892268043,0.18964886105299278,28.652787583634563,1.4089604913413987,46.733659735010505,-0.45268029697296697,12.008125045257867,1.2628372206373042,19.962675417416296,1.7291390507007018,11.519961924445315,1.300155869171824,6.785866530843772,1.4559323167590026,11.386497417661886,-1.5840723247123967,21.332766860156504,1.3388040744159586,16.396474245311804,-1.6233830139887322,6.694287242182958,0.799539786389714,1.8878411052410553,1.2474261525377444,-7.784225963217069,1.3439783524647066,4.428598912741272,-1.3577745533194818,-0.2666224684640322
2025-07-18 03:00:00+00:00,2025-07-15 03:00:00+00:00,72,1.6858195582849147,309.1569608575855,1.2226697030212543,41.12320353336152,1.3224841850890952,36.63281711395796,-0.3593556979280192,21.000212208388497,1.2628372206373042,19.190362100348626,1.7291390507007018,14.859036136237119,1.343104534943385,6.087812847779314,1.0369095128737957,-15.040412409493044,-0.8455831075133725,-11.460031549413126,1.3454677532948611,14.137771932207137,-0.8422246440392255,12.15508155689737,0.8091838691065651,2.2019906060631613,1.0851091182996295,-8.162277018035187,1.3439783524647066,5.081581796231035,-1.3577745533194818,0.5552100869190951
2025-07-18 04:00:00+00:00,2025-07-15 04:00:00+00:00,72,1.9584097597124779,335.00432301517503,1.0525250937558934,36.74079206555242,1.6027545157845098,43.44135788014386,-0.4993425964954408,14.48448854261594,1.4869405656733459,24.8982189701842,2.1223225891643396,12.618746077812164,1.4397390329293969,5.4400191068223345,1.206928350232969,-3.2257534807645043,-1.1000124457942337,-17.17683204117739,1.6719880183610913,21.43208655259046,-0.2594557013784824,7.094798832920015,1.3556818897281315,10.206675353934378,0.9617883404552431,-8.594638483709376,1.4889193282683968,6.320369179638686,-1.3577745533194818,2.4929605641948287
2025-07-18 05:00:00+00:00,2025-07-15 05:00:00+00:00,72,1.9515950046767887,343.68028978395535,1.4657334305431982,37.2605277412142,1.6030655816343382,43.835934060578694,-0.4993425964954408,18.754529499804672,1.5244685605071728,24.323779160212425,1.925623778392618,12.35879615014868,1.4826876987009576,5.859892896370623,1.0559864296640964,-15.602221902026212,-0.8382660036280103,-12.853609119026013,1.9385351735171978,26.62684160085625,0.29851456287116523,5.550055800741075,1.6707219251452698,11.552787369692014,0.940172867473014,-8.309514810754335,1.4257874108703694,8.63504816439874,-1.3577745533194818,3.1050332082342984
2025-07-18 06:00:00+00:00,2025-07-15 06:00:00+00:00,72,1.9107064744626543,344.7899362060223,0.2747211656856731,29.949199908164783,1.5433409384672798,46.19223449055088,-0.6393294950628624,11.479999918098164,1.3730258012132202,19.429492626027148,1.3886057451558647,10.070190024275442,1.4719505322580673,6.583128979978562,1.4740051852971823,11.527740845665011,-1.5707639918700462,21.393095466690802,1.931871494638295,23.317007017403938,0.2365178668434266,-0.18148324701223023,1.927897464261301,6.410637898148788,0.9617883404552431,-5.469668853478712,1.1592486571439053,3.0519364160637235,-1.3577745533194818,1.4580576693142908
2025-07-18 07:00:00+00:00,2025-07-15 07:00:00+00:00,72,1.4370809994822635,274.9402915085087,1.1740569575168653,42.61727130670744,1.0739425710761805,36.55443075754759,-0.5926671955403886,22.54668262152941,1.0424600594854714,16.349671722645926,0.7871472552564736,9.109466499350537,1.4397390329293969,5.591987900336393,0.9381781014152206,-13.084230875332892,-0.7199127727788328,-11.439692308110889,1.8918894213648791,13.49360285916089,0.2365178668434266,12.57819329772346,1.9214680757834002,7.260300496315377,1.0041345109426882,-7.42907982287839,0.7094861002021903,-0.746667674708116,-1.3577745533194818,1.0541685469803819
2025-07-18 08:00:00+00:00,2025-07-16 08:00:00+00:00,48,0.9838997896089402,136.7734752878096,0.1653424883007984,22.198451369735498,0.6029888744359392,17.324799866228496,-0.31269339840554533,13.480919121866892,0.5553945946209146,16.26471083591867,0.17361331924845863,1.9851986961962742,1.4397390329293969,8.172851053410943,1.1460160896042886,1.189878986972194,-1.2491755614047706,-4.744188435827236,1.4987323675096222,11.59854866135209,-1.1956058113973356,7.187999869043898,1.8603888852433428,6.605175935547117,1.0248523093941568,-10.876341913417422,0.11229630217851748,2.070100839034582,-1.3577745533194818,2.2873065481246813
2025-07-18 09:00:00+00:00,2025-07-16 09:00:00+00:00,48,0.34672019377201174,41.142253731521926,-0.10202761197333984,3.8795966323360562,-0.027541603166286413,-2.634739243602045,-0.17270649983812372,11.288066647227016,-0.054901094414292924,12.118487836169706,-0.4364525980244697,-2.8429659624332158,1.3323673685004946,8.836241967064254,0.9117381641093646,-10.300289346372955,-1.048925514799508,1.9231383136952656,0.9856290938341177,0.7298351648257894,-1.4621916043166117,6.9520571355191265,1.5035578247198496,5.319330539818417,0.940172867473014,-6.77217206704585,-0.5780448403383784,-1.9597240872785289,-1.3577745533194818,2.99503122507622
2025-07-18 10:00:00+00:00,2025-07-16 10:00:00+00:00,48,-0.34838481986827385,-90.92547285520689,-0.40585727137576966,6.277449245270724,-0.670514714761649,-26.573046431429834,0.20059189634166727,3.338882897306097,-0.7466405169186556,0.5148149598654953,-1.0331020163886222,-11.973204954057568,1.1068868731997998,3.600186099048278,0.4328071478475987,-3.4114929067882653,-0.5130477987448187,-4.798873954520405,0.3625751186567191,-2.60636592084502,-1.455991934713838,10.663473190134782,1.0084949119214894,2.62652164460443,0.8960900654382268,-4.561622725183822,-1.2670086505709437,-6.138615734166195,-1.3577745533194818,-1.283394970571373
2025-07-18 11:00:00+00:00,2025-07-16 11:00:00+00:00,48,-0.9685275281159795,-178.32867406379393,-0.928444285547949,-14.93308867201196,-1.0991634558252241,-33.32319263630906,0.5272279929989844,-15.038743136670112,-1.4732463743395523,-38.2123228791688,-1.5970046554546002,-15.543581420053632,0.8921435443419954,3.1214062356757366,-0.4356945902371557,-4.463887287155564,0.5714357520285174,-5.4713840528308175,-0.31712012699135206,-4.020370943974605,-1.5179886307415764,10.3739276288654,0.4073470892377664,-2.562983019564609,0.8279375587482987,-2.9892514589628174,-1.6494291820051437,-11.418846253705912,-1.3577745533194818,-2.74506672186656
2025-07-18 22:00:00+00:00,2025-07-16 22:00:00+00:00,48,-1.1184521389011393,-177.46329157289577,-1.1472016403176986,-52.543038562521545,-1.1532889136953708,-32.87389819113036,1.460473983448462,-29.08482104289419,-1.7343454022259626,-31.179696093629442,-1.2658304524317059,-11.343759267306728,0.4519197201834964,-1.8757051703579515,-0.9705176258669965,-6.915827442169636,-0.022358904336968716,-5.445316452901388,-1.1400844685358305,-7.107597958905315,-1.5551866483582197,7.15978438605761,-1.0424800125288596,-3.6171774668309764,0.5089283398617905,-1.5455785826467368,-1.4931825113605144,-7.8001397316427745,-1.3507880438043531,2.176991393798115
2025-07-18 23:00:00+00:00,2025-07-17 23:00:00+00:00,24,-0.634604531367215,-131.71205264096164,-0.5638486942650331,10.828937901590502,-0.8982149168360589,-26.94191205866354,0.7605394906113537,-19.278381913967184,-1.0364843919118265,-15.240799417799893,-0.6780091113876238,-3.2645555733228773,0.6559258825984104,1.4559528489112183,0.06197866006420438,-3.318973066778115,-0.01892904476287743,-5.2965475076652435,-1.0701158403073525,-7.332026884840314,-1.6233830139887322,12.82053424345637,-1.0424800125288596,-4.455401525705213,0.9617883404552431,-2.776755278905673,-0.8628822458516501,-2.7441911915820603,-1.3507880438043531,4.669955310686522
2025-07-19 00:00:00+00:00,2025-07-18 00:00:00+00:00,24,0.029834084612469784,0.7071789457048278,-0.11418079834943705,9.31462839649468,-0.3106115265101568,-3.627389390058503,0.7605394906113537,-36.101455676023754,-0.32478327002776874,9.679883510015632,-0.07221729914963305,2.0108617065787766,0.8384577121275443,1.0274608957961646,0.6105236884730336,-15.001750218643142,-0.6767242772025216,-4.104413854574031,-0.5969946399052637,-4.309181748246248,-1.6233830139887322,17.223960487952052,-0.9749714335109014,-4.191439975138965,0.9182712186492092,-5.418416460702209,-0.15640990458685664,0.3056587062023407,-1.3507880438043531,4.0578684500852535
2025-07-19 01:00:00+00:00,2025-07-18 01:00:00+00:00,24,0.6738284354850873,79.34437663791097,0.2990275384378675,18.043582436851153,0.3146308316449854,11.28135873540271,0.8072017901338276,-54.263466559850215,0.3235727258247237,14.39809593174843,0.5409735922346883,8.930890212965041,0.9995152087708976,5.011078823001946,0.865551944511794,-9.894763226853872,-0.8905726773461012,-6.429403541313666,0.05271405078774548,-3.1653777348850904,-1.6233830139887322,14.673623217616779,-0.518484851579946,-3.3801904152491553,0.5854814553539961,-3.586537071974275,0.48593470427262964,2.6758437154178445,-1.3507880438043531,6.964746809099336
2025-07-19 02:00:00+00:00,2025-07-18 02:00:00+00:00,24,0.7624202509490453,69.92419325124723,1.4535802441671009,30.758062939434854,0.4791846662042243,14.908096390295114,0.7138771910888799,-77.82975612141472,0.8641355450268631,14.929022741982097,1.1494816375908885,13.16284393884931,1.1283612060855805,9.196793556853999,0.1466533959930841,-25.497535255280166,0.1963954714288517,-15.40203121248994,0.6824317048440467,-0.8595135907100068,-1.220404489808431,20.42750164235115,0.1083805250153801,-3.9913173668371567,0.3783495153565083,-4.253229269592907,0.999772014694128,5.376524836092451,-1.3507880438043531,4.004115879294746
2025-07-19 03:00:00+00:00,2025-07-18 03:00:00+00:00,24,0.6124956401638856,69.203403058761,1.8181758354500166,35.66376479959442,0.3830653186072398,17.350814838471535,0.5272279929989844,-26.973570405318885,1.2604418167117406,27.01558020322024,1.723154773980503,16.076935242842197,1.2464700369573727,25.393234326923494,-0.31152728972484584,-16.400046242172603,0.8230890871905003,-13.773232039377932,0.7690595302697812,-0.9068026525376851,-0.6748335647643312,13.982523277482612,0.7159577361770039,-1.4216402529368999,0.21795003059015935,-2.8085217831170883,1.3425862574969187,5.790336377065614,-1.3507880438043531,8.072461634559609
2025-07-19 03:00:00+00:00,2025-07-16 03:00:00+00:00,72,0.19338820546900756,14.103290760933483,1.5508057351758784,31.920831463735368,0.01662974750935064,-2.3763382465396257,0.667214891566406,-63.25295741530097,1.2604418167117406,25.342119158140243,1.723154773980503,16.278493767466003,1.1283612060855805,11.892677179604492,-0.6863719705167244,-16.959801530533408,1.4671632807660586,-12.34593587183032,0.6990909020413033,-2.6952035944250547,-0.37724942383118576,16.174719748719305,0.7191724304159542,-3.068129866482331,0.271768516349117,-0.4374891997634153,1.3425862574969187,4.862532434485414,-1.3507880438043531,5.440206632912491
2025-07-19 04:00:00+00:00,2025-07-16 04:00:00+00:00,72,1.2087867057866797,150.3221292888791,1.9518608855870858,33.95840482263409,0.9299190826056181,24.421533616727608,0.43390339395403665,-60.82271197571928,1.4850774737312415,27.603442119159155,2.1136852585800114,16.038472058840426,1.2786815362860435,26.82775376617415,0.18982747083429166,-22.40882830131296,0.09240927643184094,-24.42175228654922,0.21264234388140926,-4.148876474378027,0.08772579637685389,11.710136497799125,0.7320312073717559,-1.266998669424767,0.32525673365575336,-3.6623564381195424,1.487962996666722,6.002372421005646,-1.3507880438043531,5.999083560001148
2025-07-19 05:00:00+00:00,2025-07-16 05:00:00+00:00,72,0.5409407122891503,66.32559450545733,1.903248140082697,33.10256049853595,0.3373386386824608,16.70650672530082,0.43390339395403665,-25.52718675563384,1.5228716245567968,25.906686412430822,1.9196635454224926,18.803200180277543,1.2894187027289339,35.21036403678911,-0.48522763734179675,-20.8356923165357,1.0594466436666563,-13.598748608663007,1.2055304968379053,7.732475330087567,0.45970597254328566,-1.492862835525562,0.2626858484849988,-7.091318381824008,0.1095848543493178,-5.032970430221427,1.4249838414697897,5.430063903203399,-1.3507880438043531,9.32597490979852
2025-07-19 06:00:00+00:00,2025-07-16 06:00:00+00:00,72,0.37738659143261255,42.98759848666602,1.7574099035695308,33.70078573844507,0.18304997716756014,5.288727079677486,0.38724109443156274,-23.26303289638173,1.3714288652628448,28.13581500183348,1.3849034300202818,16.149596104282477,1.343104534943385,34.883451584241094,-0.5752572972819889,-16.861939290502203,1.2538975722226635,-10.770057314508845,0.5524899667054448,-1.1887323835562233,0.6270970518181799,1.3901879295569834,1.2206647316922152,18.039632908776156,-0.243518169068962,-2.8570215826032226,1.1583029047030404,3.7712354465563003,-1.3507880438043531,9.400448995978241
2025-07-19 07:00:00+00:00,2025-07-16 07:00:00+00:00,72,1.0554547174836755,175.06062530050013,1.526499362423684,35.55724546164302,0.7491898238553008,18.51938105552631,-0.032719601270702094,24.090306115991105,1.040596967543367,16.087499613673334,0.7841186572633078,16.755428784020474,1.5041620315867383,17.483085516754567,0.37791917673164493,-12.245322157286015,-0.09909351137537158,-11.690074460794014,0.39256167361178107,-2.3072501371434138,0.4659056421460595,-1.7162294238054503,0.5905846608579386,1.0060744428124597,-0.4557275996721475,-4.518483480521505,0.7081144936181722,2.9489876667341437,-1.3507880438043531,4.462299430531389
2025-07-19 08:00:00+00:00,2025-07-17 08:00:00+00:00,48,0.3705718363969235,47.72466478695579,1.2469760757734487,36.38463741634811,0.12114787305170266,4.191357104604006,0.24725419586414116,-4.868928934158467,0.5529991906953512,16.664008321163326,0.17065353220820104,4.617512814785706,1.4397390329293969,18.03816231635848,-0.1351494801022388,-13.960283631515978,0.6274959570697507,-14.649565834699867,1.1288981897305248,4.926731013018536,0.09392546597962775,12.264104282316577,1.5582076267820062,16.089019724063018,-0.37697121699841857,-2.624553567162299,0.11025628041825182,2.5662257933179267,-1.3507880438043531,6.0175913495395665
2025-07-19 09:00:00+00:00,2025-07-17 09:00:00+00:00,48,0.27175788837943193,31.65961284413297,0.141036115548604,19.9888622314241,-0.06984655874295265,-4.302263387263385,0.5738902925214583,-30.164819444646813,-0.05782881032331461,11.041694695809822,-0.4396431876635446,-2.946772169142127,1.3108930356147144,15.068419934218658,0.6496815703057568,-12.824432375779779,-0.644672408667332,-10.072111443205587,0.3858979947328784,-2.2260120562801013,-0.35245074542009036,3.9030182823500543,1.146726764196356,1.3175542779889107,-0.5332329757624148,4.582081058185726,-0.5808879632857009,-6.034083956859656,-1.3507880438043531,7.4398151930276715
2025-07-19 10:00:00+00:00,2025-07-17 10:00:00+00:00,48,-0.38927335008240826,-83.33068969629382,-0.3450913394952837,12.643630648591595,-0.6838905463042714,-22.14025432567177,0.8072017901338276,-18.815136307218967,-0.7506328567945947,-0.2795003328423224,-1.036717213350255,-10.074124879694955,1.1713098718571413,6.148918720444629,0.2674738689983236,-4.721027040227617,-0.25947411342976556,-6.043727832570099,0.28927465098878985,-2.075810290924461,-0.6748335647643312,7.962757022144364,0.4298499489104191,-0.9389526082116755,-0.5332329757624148,2.1111680118673264,-1.2703160074343582,-6.775864061534941,-1.3507880438043531,0.9146302671409905
2025-07-19 11:00:00+00:00,2025-07-17 11:00:00+00:00,48,-0.9855644157052023,-173.8789348796287,-0.928444285547949,-15.175866302371041,-1.0991634558252241,-32.11687181572206,1.1805001863136186,-29.400747462933673,-1.478037182190679,-37.411833179662516,-1.600890880478286,-13.823477383362547,0.9673037094422272,3.6934151936568336,-0.556180380491688,-7.969124071256759,0.8321471117475869,-5.764801151793095,-0.357102200264768,-3.129705822349038,-1.0592130801363107,7.679845721589383,0.33662381598085783,-2.567890934612069,-0.6092749084206894,2.432603933007375,-1.649639459340377,-11.764220818097936,-1.3507880438043531,0.14277697212748336
2025-07-19 22:00:00+00:00,2025-07-18 22:00:00+00:00,24,-1.1457111590438955,-173.3861956676589,-1.1958143858220873,-60.77831671200525,-1.165109415988851,-32.37192348957955,1.2738247853585665,-32.0295842774073,-1.7394023660688185,-33.8186823808947,-1.2709772401967994,-13.54003511915718,0.784771879913093,3.1066797710084857,-1.111753746665365,-7.346376716463034,-0.022358904336968716,-5.154449760068789,-1.1400844685358305,-6.522528356638193,-0.5632395119144017,7.437148506069828,-1.0424800125288596,-3.477824707021528,-0.42960387771710595,-0.35360282368822515,-1.4971393733444804,-10.015222971898375,-1.343373489228176,1.2870343702630238
2025-07-19 23:00:00+00:00,2025-07-18 23:00:00+00:00,24,-0.641419286402904,-134.71291414260727,-0.5638486942650331,9.545210334085288,-0.9000813119350296,-29.206664288519427,1.1338378867911447,-34.713055763399176,-1.0426059797215996,-13.634025975487011,-0.6827444572538546,-3.1259570910004815,0.9028807107848857,2.5872386122023974,0.04490983977814575,-2.7487687908611287,0.012601036228892084,-5.3956531546592785,-1.096770555822963,-7.076788909807835,-0.4950431462838892,8.406874119566318,-1.0424800125288596,-4.322056587589941,-0.7080280917624249,1.7251010785119958,-0.8676556912894962,-4.202588907718643,-1.343373489228176,2.523911295485122
2025-07-20 00:00:00+00:00,2025-07-19 00:00:00+00:00,24,-0.031498710708731885,-3.496475258953395,0.12888292917250682,13.772595767509982,-0.33580786034625937,-1.8720674952927747,0.8538640896563015,-56.01098998570522,-0.3298402338706248,9.322205209379643,-0.07667261581581944,0.7884236459435335,1.0532010409853487,5.122918185380629,0.3347451018904374,-15.328486969172571,-0.1646904401194445,-11.177784815264332,-0.6036583187841663,-2.3911031926917072,0.09392546597962775,8.77610890522008,-1.0006889874225045,-3.73782348444727,-0.6590533974253013,5.548441921402981,-0.16036490378411758,-1.482232902718205,-1.343373489228176,2.4309304359641914
2025-07-20 01:00:00+00:00,2025-07-19 01:00:00+00:00,24,0.6840505680386209,87.47834903622744,0.11672974279640963,19.48970743029049,0.3217853461910393,12.587574114417434,0.5738902925214583,-36.09440843139608,0.3193142299570554,16.483250105972584,0.5365672052688927,9.761456322947225,1.1927842047429216,15.10048389168359,0.9646180387210762,-10.692223185097301,-1.0909056450516958,-3.3852204952692335,-0.007259059122378448,-3.5141311643705437,-0.24705636217293467,7.319399499684791,-0.5249142400578468,-3.702014244638448,-0.8947117670801369,7.747964195281552,0.4829480395745918,4.060187012727269,-1.343373489228176,3.825869873731852
2025-07-20 02:00:00+00:00,2025-07-19 02:00:00+00:00,24,1.256489991036503,204.91801366920959,0.32333391119006194,28.303782922526114,0.8944575757251769,30.844832730835474,0.293916495386615,-15.221327978196687,0.8609416731261124,15.330550193019798,1.1447044559770783,13.325065879567374,1.3216302020576043,14.414945843824684,1.1587340341311563,4.06651452752926,-1.2679428661719547,12.105287808295907,0.6924272231624007,0.21387243540188372,-0.5942378599282709,6.718351761727314,0.05051602871427308,-0.8477067740033721,-0.8722578660761182,8.10768127193929,0.997654630071224,4.634371239726409,-1.343373489228176,3.4828472921203275
2025-07-20 02:00:00+00:00,2025-07-17 02:00:00+00:00,72,1.2326383484115915,179.31433674576226,0.42055940219883947,29.662133499802465,0.874860427185986,27.772698570707043,0.38724109443156274,-45.303905323470616,0.8609416731261124,15.558526307880555,1.1447044559770783,15.277714232546868,1.2786815362860435,18.70459999836547,1.0951443114968196,-4.735321171569898,-1.1763507473772532,-12.068579796994282,0.6691043470862413,1.221127035407143,-0.8980216704641902,7.916913301010131,0.08266297110377699,-1.680758270999492,-1.1031638329891627,7.95081815872236,0.997654630071224,4.5547631071723265,-1.343373489228176,3.386249207031258
2025-07-20 03:00:00+00:00,2025-07-17 03:00:00+00:00,72,1.6040424978566459,229.40109294209668,0.9917591618754076,36.37845618370494,1.2584046200244388,32.73493040844474,0.4805656934765105,-65.1341825136796,1.257780256794448,21.13369516053204,1.717028910750804,13.26120025768021,1.2679443698431532,11.326971288560909,1.022518154593393,-13.603139986076846,-0.9579685659197684,-26.142449983433988,1.2288533729140647,8.003182474895649,-0.860823652847547,10.271951545591197,0.7030989592212024,1.9080287725997138,-1.0837308199415396,7.6021690951513925,1.3411383650132183,4.637574584140408,-1.343373489228176,2.8739993367269707
2025-07-20 04:00:00+00:00,2025-07-17 04:00:00+00:00,72,1.580190855231734,238.95737370690105,2.0490863765958633,37.94776981610288,1.2633816736216936,29.81365410302613,0.38724109443156274,-84.47721866090741,1.4832143817891366,22.99122826675047,2.1047909378443346,14.959489024676971,1.2894187027289339,23.580889645495116,0.5409096763259706,-17.47531310926364,-0.19381296231166636,-23.885867695021723,1.5920238718142596,15.532175592401408,-0.24085669257016082,13.436838376430403,1.2431675913648679,13.698929195997746,-1.0639674820663099,9.50301198683232,1.4869265924302981,7.485198491611533,-1.343373489228176,5.764141519385011
2025-07-20 05:00:00+00:00,2025-07-17 05:00:00+00:00,72,1.6858195582849147,271.2725333556879,2.2556905449895157,37.01805991701389,1.363544877266448,36.85456487205177,0.3405787949090889,-66.42184214580926,1.5212746886064215,25.52479223321665,1.913372756430338,14.04952731106142,1.300155869171824,18.311651085115507,0.5683536618839476,-14.750951318896417,-0.13937444803574855,-23.230107034199506,1.5687009957381002,15.426406728934618,0.19312017962400954,9.458668461692062,1.5935692634104603,14.611808977056365,-1.0837308199415396,10.316351437990992,1.4240676392657936,7.574116234768327,-1.343373489228176,6.16321577201327
2025-07-20 06:00:00+00:00,2025-07-17 06:00:00+00:00,72,0.12183327759427229,7.511003052861728,1.4292738714149065,44.30959839472265,-0.040295303009251895,6.301664897832903,0.293916495386615,0.9056315563754167,1.3695657733207398,26.95247193214009,1.3809271226470257,16.238144018958447,1.396790367157836,33.57046713939086,-0.7469495483946976,-12.22816026162605,1.5045325665716454,-11.854279312784655,1.6719880183610913,20.08464698015546,0.7758891222847526,-1.0184616134885323,1.5710664037378077,36.96578812775885,-1.0027562125845981,16.781583746086177,1.1572061822266373,7.685744377616078,-1.343373489228176,8.329536608176927
2025-07-20 07:00:00+00:00,2025-07-18 07:00:00+00:00,48,0.3092390410757218,25.530356264487967,1.5994184806802672,41.91251847667427,0.10839417320873718,5.068173326947179,0.293916495386615,-6.935042994274179,1.0384677196095324,19.21248203054566,0.7808490544076457,12.356856548629843,1.396790367157836,23.874817263926648,-0.5183612296617931,-12.290331901845883,1.2199450433673322,-14.003594996788452,1.2854946433847372,4.2537876464979565,-0.14166197892577903,13.59841874295589,1.7157276444905751,35.52415898494473,-0.6092749084206894,8.996968714849663,0.7065511127259317,3.702901468969258,-1.343373489228176,8.38540544088517
2025-07-20 08:00:00+00:00,2025-07-18 08:00:00+00:00,48,0.919159616769894,123.61481162626039,0.2747211656856731,25.921692000364438,0.5585064579104736,14.479696944847918,0.293916495386615,-19.74596710420476,0.5506037867697876,16.13294492346269,0.1674658551904014,4.491823331479053,1.4182647000436162,13.157661339959427,1.0178325960834946,-11.93056260337421,-1.1070742622020175,-19.13290672539851,0.32592488482275445,-3.670330999724838,-0.24085669257016082,7.775697060472456,1.2978173934270245,4.672043347222224,-0.48171229266408044,-1.067332980193786,0.1079858046119877,2.3263787865159875,-1.343373489228176,4.6878432386825715
2025-07-20 09:00:00+00:00,2025-07-18 09:00:00+00:00,48,0.2956095310043437,24.873093560245586,-0.029108493716756688,10.607016936773201,-0.05615966135050184,-2.755763331918743,0.4805656934765105,-14.806654813497014,-0.06102268222406593,11.990408392726227,-0.4430591768471552,-3.509675136320747,1.2894187027289339,10.509932313151774,0.7865668153449338,-6.395607798736467,-0.9005400900803845,-8.102137962341455,0.9223241444845424,0.935760223771785,-0.5322411639005323,3.6231083502842933,0.3719854526093121,-0.5325700143877465,-0.4557275996721475,0.9583361540670987,-0.583989183293356,-1.9960945592725599,-1.343373489228176,6.0646583209531775
2025-07-20 10:00:00+00:00,2025-07-18 10:00:00+00:00,48,-0.37905121752887466,-92.97398171929835,-0.40585727137576966,10.712959258436587,-0.6829573487547862,-22.172549324868502,0.6205525920439321,-14.827651878700655,-0.7548913526622628,0.46437785364794176,-1.040561244092625,-10.784701303260116,1.1283612060855805,5.05314853591895,0.35415670143144545,-3.728279806162402,-0.43575168575028284,-5.570566479926786,0.31259752706494914,-1.995600928972725,-0.9414193576836073,8.460758134617077,0.9474157213814319,2.882397334415956,-0.5587532721696522,2.5788657016873837,-1.2738612592283658,-7.062987546510914,-1.343373489228176,2.2160463396254864
2025-07-20 11:00:00+00:00,2025-07-18 11:00:00+00:00,48,-0.9787496606695132,-180.99946824179642,-0.9405974719240462,-15.089081255864693,-1.10196304847368,-33.1072910479547,0.7138771910888799,-20.423111581062184,-1.4833603020252644,-36.224918760472264,-1.604981707507568,-15.741705830657423,1.010252375213788,3.51355887385047,-0.477529934075535,-5.573162765337413,0.6097159516758109,-5.630541731494751,-0.34710668194641403,-3.3331111599233507,-1.5303879699471241,9.4864201051125,0.35912667565351053,-2.3146778727347526,-0.5075500415037004,2.132832954680752,-1.6498385829994724,-12.299657308442983,-1.343373489228176,1.1908783555208409
2025-07-20 22:00:00+00:00,2025-07-19 22:00:00+00:00,24,-1.1218595164189837,-176.2818342717588,-1.1593548266937956,-53.127555110462666,-1.1560885063438264,-33.26687500279291,1.1805001863136186,-28.22280601041267,-1.7441931739199452,-33.417001952308155,-1.2761844708897085,-13.529243802610521,0.7418232141415324,2.8678714596624273,-0.9634892881021488,-6.857444191549236,-0.022358904336968716,-5.47328165566094,-1.1400844685358305,-7.250709721916945,-1.5923846659748628,9.076738937715787,-1.0424800125288596,-3.8370263933846847,-0.5841031569959064,2.0353270234572225,-1.5011139174779249,-10.39729401932568,-1.3355330836769381,1.2236378386745017
2025-07-20 23:00:00+00:00,2025-07-19 23:00:00+00:00,24,-0.641419286402904,-134.88124337575164,-0.6003082533933247,10.343219793960003,-0.9050583655322844,-28.773044829803542,0.9938509882237231,-24.622555800903207,-1.0487275675313728,-12.905710402493403,-0.6875288777431602,-3.2855271350286404,0.8814063778991054,2.876147747473958,0.09544693513490782,-2.5451158522154853,-0.11806175703361046,-5.599252833650992,-1.0734476797468038,-7.701393850256531,-1.5241883003443504,11.903722975766462,-1.0424800125288596,-4.606218387689853,-0.5587532721696522,1.0128313760967806,-0.8724818846187892,-3.938292447205274,-1.3355330836769381,2.739308180180529
2025-07-21 00:00:00+00:00,2025-07-20 00:00:00+00:00,24,-0.13031265872622347,-14.26050547926941,0.3962530294466451,24.52552310125689,-0.385578396318808,-12.693116162804264,0.7138771910888799,-42.255028056019036,-0.33489719771348075,10.911034031677506,-0.08117266782468123,1.1064548648952155,1.0209895416566783,4.246764751677961,-0.03943021340002688,-13.782626596666915,0.554438492962677,-10.325992156531868,-0.6036583187841663,-3.4561945508834406,-0.9042213400669641,14.695316133890564,-0.9781861277498518,-4.897044150930051,-0.6342608588846731,5.365514219589065,-0.16436273010225178,-2.223817253880559,-1.3355330836769381,2.725577228257095
2025-07-21 01:00:00+00:00,2025-07-20 01:00:00+00:00,24,0.6363472827887974,88.37756601013598,0.46917214770322824,25.712046072933266,0.29410048555630924,15.571474071508005,0.43390339395403665,-32.16545453511195,0.3153218900811164,15.974220798148087,0.5321092704301684,11.544205874940985,1.1820470383000317,15.634586269989153,0.7420540095008984,-12.206248145078577,-0.6732161124872271,-14.346270929257331,-0.103882402866467,-2.559212142507294,-0.4020481022422812,10.334677495599378,-0.5249142400578468,-3.2095105908876795,-0.8265592603902084,6.310429118853522,0.47992394404896876,3.197311893432048,-1.3355330836769381,5.139825798789256
2025-07-21 02:00:00+00:00,2025-07-20 02:00:00+00:00,24,1.236045725929436,198.12564177346252,0.48132533407932543,32.16095509931024,0.8813928100323831,29.132501148997566,0.1539295968191934,5.246243820496492,0.857747801225361,15.586343749623692,1.1398497873311146,16.03643574399213,1.3323673685004946,13.67373797765864,1.0814223187178311,-14.266678197569105,-1.1290467683863143,-15.668853316492571,0.6457814710100821,1.3395126924204734,0.025729100349115266,8.748817135882277,-0.04271010421528823,-1.3720821726146604,-0.8722578660761182,9.014303060599664,0.9954950862183659,5.604473313101652,-1.3355330836769381,3.6147402165678892
2025-07-21 02:00:00+00:00,2025-07-18 02:00:00+00:00,72,0.6704210579672427,101.05568184146071,1.5629589215519757,41.02241272134378,0.4057731256447151,18.765025466268096,0.20059189634166727,8.296101815803642,0.857747801225361,16.882696910952824,1.1398497873311146,15.724362977065738,1.2894187027289339,18.857266429925037,-0.0022804280715461767,-10.679764513697675,0.44814368043723274,-10.517056489028269,0.6191267554944714,-0.28559153394343867,-0.44544578946169827,12.616908565728755,0.0794482768648266,-3.6433934222705733,-0.9817327549553423,13.593695780116198,0.9954950862183659,7.276732691033454,-1.3355330836769381,5.424468793784477
2025-07-21 03:00:00+00:00,2025-07-18 03:00:00+00:00,72,1.6074498753744904,282.2471046600125,1.210516516645157,43.929469479815054,1.2643148711711791,34.27878160039324,0.013942698251771779,15.220615608606247,1.2553848528688842,18.560957749351196,1.710760653713715,13.859359600107405,1.4290018664865065,7.75553292550689,0.961605893964713,-17.023633214818837,-0.806176694673853,-13.097943562194958,0.6790998654045953,-5.601622385106205,-0.2284573533646131,10.567546638603876,0.6548785456369465,2.432511481631771,-0.916892920291119,12.907173547314358,1.3396328812040974,4.924652517314679,-1.3355330836769381,5.104053634845624
2025-07-21 04:00:00+00:00,2025-07-18 04:00:00+00:00,72,1.9141138519804988,341.6749108397966,0.5056317068315198,32.152928863498445,1.5794245770473776,46.51498818198653,-0.07938190079317597,10.374446955815312,1.4810851338553026,23.05117924358893,2.0956424528719393,12.384282584843483,1.5256363644725184,8.655016755953028,1.323397947479017,6.383469597136168,-1.425598066194304,7.176538509454789,1.595355711253711,18.778994893141153,-0.45784512866724597,3.590496817573217,0.7127430419380535,1.165779452274555,-0.8033284759463017,8.836855896913097,1.4858073561605063,9.044015033433359,-1.3355330836769381,5.054263894619311
2025-07-21 05:00:00+00:00,2025-07-18 05:00:00+00:00,72,1.9515950046767887,345.2967045747457,0.5907040114642002,32.48914966592561,1.622662730173529,46.83042859338951,-0.07938190079317597,10.521272341539529,1.5194115966643165,26.296265287846676,1.9067508657743444,11.834907195071489,1.5363735309154087,8.244062223178382,1.3076678581957866,5.52887406994358,-1.3858593150882152,3.0674740574409336,1.8952212608043304,23.696694054636925,-0.5074424854894369,2.996158293246978,1.5967839576494107,13.55245952952604,-0.7321953293925966,4.976187288982161,1.423035364771855,9.622748716504193,-1.3355330836769381,5.703659009016968
2025-07-21 06:00:00+00:00,2025-07-19 06:00:00+00:00,48,1.559746590124667,297.16697000273257,2.27999691774171,44.336546237497195,1.2313418910893656,36.44368389559681,-0.26603109888307147,31.824822559437536,1.3677026813786348,18.975660925220595,1.376673481437861,14.128701457613307,1.622270862458531,13.032820624572228,0.5171472010257712,-5.475437050657164,-0.011146022439220712,-6.798644747455813,1.9352033340777464,16.797948677121248,-0.33385173661176876,12.082332532169556,1.8893211333938964,9.470777389243768,-0.8947117670801369,12.997394416228476,1.1559547077616033,6.058963009787809,-1.3355330836769381,6.139214648771141
2025-07-21 07:00:00+00:00,2025-07-19 07:00:00+00:00,48,1.1406391554297888,188.71124741350633,2.158465053980738,43.424533236706004,0.8278894838618932,26.753960426221884,-0.21936879936059758,29.062991691271108,1.0363384716756985,16.62283973792391,0.7773354660097485,12.046385086002084,1.5900593631298598,15.1882540877378,0.27282879300963603,-12.223376903525422,0.3441610579237503,-9.776569417321012,1.5487099591013922,9.581936531808422,-0.08586495250081426,12.049376832181672,1.9246827700223506,9.436870171073064,-0.8947117670801369,15.54882750237252,0.7047922036771093,1.3311061556614612,-1.3355330836769381,5.42607832549915
2025-07-21 08:00:00+00:00,2025-07-19 08:00:00+00:00,48,0.19338820546900756,25.880274903959428,1.3198951940300319,44.418862939565614,-0.01976495692057569,3.2592421047318627,0.1539295968191934,16.94395800373348,0.5479422268524949,18.28254851651768,0.16404801348641493,4.808384487915038,1.4612133658151776,21.18762190887284,-0.4099240184327141,-8.825376657992587,1.1390044264228774,-13.817713684897914,1.1388937080488788,4.336320511512116,0.3047142324739391,15.004609604062505,1.5517782383041052,20.501767786799018,-0.5841031569959064,11.723183108081262,0.10548154562411828,3.0411012772545383,-1.3355330836769381,5.044543193922147
2025-07-21 09:00:00+00:00,2025-07-19 09:00:00+00:00,48,-0.15075692383329067,-15.068481275826716,0.6879295024729777,28.28808414346997,-0.35291648208682297,3.4474747210909356,0.38724109443156274,-11.216813910710679,-0.06448271011654626,12.098220814747298,-0.44670212380963736,-5.764809108139549,1.3323673685004946,29.400199389765525,-0.41829108720038993,-11.698778171680674,1.167431647282286,-14.241941155199308,0.21264234388140926,-2.15341394993275,0.8564848271208129,-7.121639922650283,1.1563708469132072,0.9251348997892931,-0.5841031569959064,9.4522753968687,-0.5873509028314091,-6.407931724842623,-1.3355330836769381,6.237624807676801
2025-07-21 10:00:00+00:00,2025-07-19 10:00:00+00:00,48,-0.6005307561887696,-133.8335127829686,-0.17494673022992302,14.277914883286718,-0.773477511054859,-26.463029563102115,0.5738902925214583,-12.595146426900783,-0.7591498485299312,11.962994188272406,-1.0446349331701756,-15.428000494924783,1.1820470383000317,11.138160973483412,-0.4939293888601796,-5.080949750598479,1.1314169384611854,-8.047464550110469,-0.12387343950317496,-2.691907133883901,0.8564848271208129,-9.527982426756735,0.2626858484849988,-0.6844348135700872,-0.5841031569959064,7.02455471597795,-1.2776442469370495,-10.331208784219514,-1.3355330836769381,2.2517093763061258
2025-07-21 11:00:00+00:00,2025-07-20 11:00:00+00:00,24,-0.9889717932230468,-179.80174449103694,-0.9405974719240462,-15.780411664576718,-1.1022741143235084,-32.595510664121264,0.7605394906113537,-20.77053529227078,-1.4886834218598497,-35.6906077146922,-1.6092742164248466,-15.692878587964552,1.010252375213788,3.4076739168044146,-0.5488173599761332,-6.987672472126254,0.7707405203000212,-5.625208662423775,-0.3804250763409273,-3.3791226233245077,0.013329761143567542,7.518474994950764,0.25625646000709806,-3.156750705095706,-0.5075500415037004,2.0045627344414005,-1.6500242426253224,-12.046551299226026,-1.3355330836769381,1.2316405423563328
2025-07-21 22:00:00+00:00,2025-07-20 22:00:00+00:00,24,-1.1252668939368282,-177.73492133966582,-1.1593548266937956,-52.48905376478181,-1.1560885063438264,-33.59953316183021,0.9938509882237231,-23.700782637174132,-1.7489839817710722,-32.74889869652681,-1.2814484437886082,-13.508351608652037,0.7740347134702031,2.767644564907394,-0.9966228804221454,-6.453157621428118,-0.022358904336968716,-5.356101289794188,-1.1400844685358305,-7.148248209810536,-1.0282147321224413,7.0196815140577105,-1.0424800125288596,-4.168991303465841,-0.5332329757624148,1.5501655266183174,-1.5051011983753961,-10.617070937608908,-1.327269147252782,1.793560949847689
2025-07-21 23:00:00+00:00,2025-07-20 23:00:00+00:00,24,-0.6686783065456603,-134.68033789059368,-0.5395423215128388,7.544203579619193,-0.9041251679827991,-30.637862375212226,0.9005263891787754,-19.613515987734907,-1.0548491553411457,-14.93748135323361,-0.6923593984772572,-4.10154961242694,0.8814063778991054,3.060833389132156,-0.07155975746790226,-2.753666917587693,0.23862774178537757,-5.423939138463982,-1.076779519186255,-7.655885782391005,-0.54464050310608,11.42060152108159,-1.0424800125288596,-5.083405226163424,-0.5075500415037004,1.194952545415149,-0.8773574520308736,-4.197989871206533,-1.327269147252782,2.6846054382843025
2025-07-22 00:00:00+00:00,2025-07-21 00:00:00+00:00,24,-0.031498710708731885,1.597728526218683,0.055963810915923666,11.509423382110057,-0.3361189261960879,-2.078964964356637,0.6205525920439321,-34.43365083523482,-0.33995416155633673,10.158005921878905,-0.08571525430883324,0.3235588814779326,1.0209895416566783,1.1164832959618771,0.3909718040092194,-10.66879163980568,-0.28843579138569664,-11.243717890664481,-0.630313034299777,-3.3258513422333986,-0.011468917267527908,10.335965746699127,-0.9814008219888022,-4.838763726811967,-0.6092749084206894,5.041259792046587,-0.1684012206034217,-2.41074257235933,-1.327269147252782,4.732996693092976
2025-07-22 01:00:00+00:00,2025-07-21 01:00:00+00:00,24,0.639754660306642,96.83605375205262,0.2868743520617703,24.295232432341994,0.2962779465051082,15.612899100404578,0.293916495386615,-9.365480701582571,0.3113295502051774,16.743069225460314,0.5276010725517407,10.878042616764374,1.1713098718571413,8.431667541060028,0.8310796211889696,-11.475379212590731,-0.8725968071397923,-11.433515236033296,-0.007259059122378448,-2.488312113584684,-0.25325603177570855,7.883930511455299,-0.5506317939694498,-3.2887085879882196,-0.7561393233109833,6.696158640919758,0.4768632276130236,3.827350166925151,-1.327269147252782,5.8072165550684005
2025-07-22 01:00:00+00:00,2025-07-19 01:00:00+00:00,72,0.278572643415121,30.046492581147138,1.3685079395344206,28.350715200913307,0.031249842451286765,-1.833596229819189,0.5738902925214583,-41.742405113958334,0.3113295502051774,14.096258808787772,0.5276010725517407,10.570749492363229,1.09614970675691,10.238057235134898,-0.20108198199152452,-12.37891110526719,0.9896919473310843,-11.559878031550646,-0.20383758605000687,-3.4935365710095683,0.6270970518181799,-5.466038117187152,-0.6052815960316065,-4.326395299012201,-0.7080280917624249,6.783663093928439,0.4768632276130236,3.418812652833206,-1.327269147252782,4.472452045682058
2025-07-22 02:00:00+00:00,2025-07-19 02:00:00+00:00,72,0.7385686083241335,100.76991559400723,2.1706182403568355,39.538930157539575,0.4679862956104011,17.556830944866025,0.24725419586414116,-15.92666264626749,0.8545539293246097,15.750694749301168,1.1349178029063587,15.474462893354513,1.2249957040715924,25.870631510493002,-0.128121142337391,-20.315790450910765,0.9614068318276278,-13.60047220730219,0.29593832986769253,-3.9319356557271505,0.8564848271208129,-7.490110771158134,-0.13915093138379994,-5.817088538621894,-0.6836449719951649,14.103598200503802,0.9932928411913381,4.8744430142140684,-1.327269147252782,7.772297036912637
2025-07-22 03:00:00+00:00,2025-07-19 03:00:00+00:00,72,1.0247883198230747,172.5418121144166,2.729664813657306,40.33558669019883,0.7467012970566732,19.76422428533094,0.060604997774245654,15.966461153668256,1.2527232929515917,20.43879171432314,1.7043493428537877,16.168201811638234,1.300155869171824,19.21455910852733,-0.13749225935718798,-11.58015842681408,1.0029580025980118,-11.828303411531394,0.7457366541936219,-1.5403020144853667,0.8564848271208129,-7.175852716302896,0.3430532044587586,0.35615462888671284,-0.7080280917624249,18.740495459180114,1.3380680343225313,6.913957900662621,-1.327269147252782,3.3688235440601995
2025-07-22 04:00:00+00:00,2025-07-19 04:00:00+00:00,72,1.6415236505529358,311.34301636682915,2.535213831639751,36.61870356535397,1.319995658290468,35.3831400547711,-0.17270649983812372,30.097355831249487,1.478955885921468,20.730364561261176,2.086242735399578,12.732011535126937,1.4182647000436162,9.33136840858269,0.4676141539211302,-5.764623054551147,0.09252913880623502,-9.883312727048077,1.0256111671075336,0.7911102231890246,0.8564848271208129,-6.414843080362728,0.7770369267170613,3.4791094103025975,-0.6590533974253013,7.803760281799721,1.484602504689721,7.176837712421576,-1.327269147252782,6.391813164202418
2025-07-22 05:00:00+00:00,2025-07-19 05:00:00+00:00,72,1.8187072814808518,339.83483959534675,2.097699122100252,35.05886780697662,1.4910818756961037,40.57164990560398,-0.26603109888307147,25.18698104563668,1.5175485047222115,21.271576302135824,1.8997976393452074,13.403769692482461,1.4719505322580673,8.244417363343258,0.7494170300164529,-7.558235318303618,-0.34939754427450714,-11.838724246545699,1.6286741056482241,20.46867651089984,0.8564848271208129,-4.96276734155045,1.047071242788894,4.51095700275923,-0.6092749084206894,4.892107273517374,1.4218835187354337,8.361759553302845,-1.327269147252782,5.993182490955383
2025-07-22 06:00:00+00:00,2025-07-20 06:00:00+00:00,48,1.0963432476978099,174.43639065679105,1.7331035308173364,43.75448093326553,0.8263341546127511,27.288163443242738,-0.032719601270702094,22.99832218754069,1.3658395894365298,17.867387222416706,1.3721392607527099,15.785443217932237,1.4290018664865065,17.237004604937788,0.19150088458782685,-11.1593785117084,0.03460535163673511,-11.30294981871141,1.9685217284722598,28.02314570231941,-0.8980216704641902,12.012156761463146,1.9150386873054994,21.278871149282036,-0.5332329757624148,8.027084047202056,1.1545446161214374,9.573001890872408,-1.327269147252782,5.1649574471175335
2025-07-22 07:00:00+00:00,2025-07-20 07:00:00+00:00,48,0.5716071099497512,71.84739169383656,1.5994184806802672,43.89943740782185,0.3379607703821176,18.340225408768447,0.013942698251771779,20.00887098421126,1.0342092237418643,17.235398722316884,0.7735749201758912,15.803052385854324,1.4075275336007265,18.916106467607094,-0.20911436800849345,-8.584901350953942,0.6574063357976816,-15.127317524028697,1.0955797953360116,2.8900884191673004,-0.4020481022422812,11.165774273326868,1.9568297124118545,22.866830375448995,-0.7080280917624249,13.84759745058216,0.7028339204452145,3.8648231150435675,-1.327269147252782,6.093697768949037
2025-07-22 08:00:00+00:00,2025-07-20 08:00:00+00:00,48,0.8271604237880915,115.740198961663,0.8094613662339496,41.85413588659674,0.49629328794478783,17.245274293880293,0.013942698251771779,20.199090965176755,0.5450145109434733,17.837006957925464,0.16039771777778425,5.862088491582318,1.4182647000436162,14.830085465936996,0.6834845281271674,-10.958934268274952,-0.5197615606446818,-9.86153504431466,0.5824765216605068,0.7576495620085684,0.1869205100212357,11.711993271222568,1.1145798218068523,3.2018938381035356,-0.5841031569959064,11.838341951059386,0.10274009075760984,3.025949148025412,-1.327269147252782,5.4599239324612
2025-07-22 09:00:00+00:00,2025-07-20 09:00:00+00:00,48,0.2410914907188311,29.419859737032247,0.23826160655738157,23.30693968148242,-0.08073386348694765,-0.5021791096847583,0.293916495386615,-8.138292036830267,-0.06820889400075623,11.520144537647731,-0.4505736037720638,-4.819592104525614,1.2786815362860435,22.401239228060824,0.5532929381021311,-11.993248379960585,-0.47012539443535273,-12.671806659898639,0.8323644796193564,0.1832166476950646,0.7448907742708833,-0.3719685567230389,0.6195169090084922,0.4233509851500324,-0.6836449719951649,9.619724414884187,-0.5909755705297428,-6.89677371521098,-1.327269147252782,7.123157466814744
2025-07-22 10:00:00+00:00,2025-07-21 10:00:00+00:00,24,-1.0332677009550257,-162.1394441159234,-0.9405974719240462,-19.721276439027303,-1.071478595190494,-31.37993966149806,0.8538640896563015,-21.84309494450718,-0.7639406563810579,10.694088093397434,-1.0489391125793284,-10.811007188327572,0.9458293765564465,5.951853156857695,-1.1442179734839475,-8.590395394395696,-0.022358904336968716,-5.225587550359694,-0.3837569157803786,2.3342499524441958,0.8564848271208129,-10.381067581853083,0.011939697846868403,-4.614457770752284,-0.8265592603902084,4.639594311835914,-1.2816646845389106,-10.97845011465833,-1.327269147252782,0.9326107757338431
2025-07-22 11:00:00+00:00,2025-07-21 11:00:00+00:00,24,-1.053711966062093,-178.70410162745662,-1.0135165901806293,-27.47094240858345,-1.120315933613557,-32.702183036150366,0.8538640896563015,-21.87062861988235,-1.4945388536778936,-29.631695011994506,-1.6137651235823751,-15.928427455915227,0.9673037094422272,3.077551717625691,-0.8731249454112496,-8.098450088479087,-0.022358904336968716,-5.043252247285808,-0.9868198543210692,-6.906679739049412,0.8564848271208129,-7.058546597616928,-0.312744420287121,-3.393585545576268,-0.916892920291119,3.843117316697269,-1.6501944995426305,-12.000853406624087,-1.327269147252782,1.0318536739860835
2025-07-22 22:00:00+00:00,2025-07-21 22:00:00+00:00,24,-1.1320816489725174,-174.08035312251408,-1.171508013069893,-51.1348617038305,-1.1591991648421107,-32.71808538028238,1.1338378867911447,-27.196746234509305,-1.7537747896221987,-31.341979301746367,-1.286765331672519,-12.771068107691196,0.6988745483699716,2.6195223826471015,-1.0304258382435558,-7.655755199452922,-0.022358904336968716,-5.128910781879027,-1.1400844685358305,-7.388788203773673,0.8502851575180389,-4.862738832413239,-1.0424800125288596,-3.663679136742844,-0.2971796935118471,0.05096723565962005,-1.509096190961728,-9.86510914687949,-1.3185841253874493,1.627676779684237
2025-07-22 23:00:00+00:00,2025-07-21 23:00:00+00:00,24,-0.7368258569025511,-138.87622289213562,-0.47877638963235286,11.010425568794496,-0.9168788678257647,-27.949629879082913,1.1338378867911447,-32.155156653654856,-1.060970743150919,-14.156142188680679,-0.6972329404577233,-1.0665200861743769,0.8062462127988739,7.426982139958755,-0.40657719092564376,-4.908084169344819,0.9226559296536885,-5.355398844074822,-1.0834431980651578,-7.650700718567405,0.8502851575180389,-7.691244048365781,-1.0424800125288596,-4.590170609803736,-0.37697121699841857,0.13213786227859176,-0.8822788941196441,-4.04615842740123,-1.3185841253874493,2.291201756829927
2025-07-23 00:00:00+00:00,2025-07-22 00:00:00+00:00,24,0.029834084612469784,-1.7417446454198855,-0.22355947573431179,4.3506835061875515,-0.3078119338617008,-1.9997366450436789,0.8072017901338276,-40.86499344136767,-0.34501112539919304,9.913382671706904,-0.090298089498076,0.31588148892047413,0.9458293765564465,0.9627394886264423,0.7042348586710033,-13.523278422601875,-0.8530095541460652,-3.413883228220242,-0.6969498230888036,-4.26058225957166,0.32951291088503454,2.861719068508412,-0.9878302104667029,-4.65031670076588,-0.6836449719951649,5.722060671709055,-0.17247811079714623,-0.862413394071332,-1.3185841253874493,2.761307305453405
2025-07-23 00:00:00+00:00,2025-07-20 00:00:00+00:00,72,-0.014461823119509198,-1.917723056787719,0.031657438163729276,10.369777296300304,-0.32398735805277906,-2.2479618342165746,0.8072017901338276,-52.016820041169744,-0.34501112539919304,9.29315338624493,-0.090298089498076,0.37402004256462956,0.9243550436706661,-1.1490352087044218,0.4492066026322433,-14.872373465893132,-0.3619656377902812,-11.256214489850853,-0.6169856765419717,-3.1097475239610213,-0.2284573533646131,10.805375203799308,-0.9814008219888022,-4.882963963812624,-0.35047831065309115,2.6569101597917593,-0.17247811079714623,-0.8971889084176731,-1.3185841253874493,3.325726027540115
2025-07-23 01:00:00+00:00,2025-07-20 01:00:00+00:00,72,0.3330906837006336,20.01500260081491,1.0403719073797963,29.3546306759887,0.06982200783001188,-2.3394170071224916,0.667214891566406,-65.78852540561056,0.3070710543375091,15.056403103909663,0.5230439630055858,10.380566647909562,1.0209895416566783,3.149010136218682,0.02917975049491517,-15.076271383082569,0.43917949178686,-12.895304586052434,0.009400138074878198,-2.911321437272328,-0.14786164852855288,17.987349349772966,-0.5377730170136483,-4.256175251924165,-0.4557275996721475,1.310133490532032,0.4737667643487667,3.143908259625011,-1.3185841253874493,6.725134118378868
2025-07-23 02:00:00+00:00,2025-07-20 02:00:00+00:00,72,0.8203456687524023,87.49958430426527,1.7452567171934334,35.43578700178535,0.5382871776716258,17.313450258100936,0.38724109443156274,-47.34675532657615,0.8513600574238583,15.648304961043022,1.1299087284789266,16.097651159638946,1.149835538971361,12.276753082433219,0.12489901719712689,-19.77341902158527,0.40230097161462625,-16.404788163741532,0.3492477608989138,-3.6926654344047,0.12492381399349706,15.712514677789478,0.06658949990902503,-3.302637054997951,-0.6342608588846731,5.406707964477985,0.9910473789208173,5.679499510508007,-1.3185841253874493,6.352051156202251
2025-07-23 03:00:00+00:00,2025-07-20 03:00:00+00:00,72,1.205379328268835,204.1959676949956,1.720950344441239,38.17300132455771,0.9137436584145396,28.70988277788457,0.20059189634166727,-5.781215071564697,1.2503278890260285,19.08008354870444,1.697794397566829,15.687750716781988,1.2464700369573727,20.802085240783267,0.37022147346538314,-7.69281758122172,-0.0933417691190828,-16.797237401156664,0.8257008007404538,-1.0520570365810897,0.5217026685710242,-4.186069901946781,0.39448831228196485,0.6277565356405123,-0.7080280917624249,11.67352971442399,1.3364420440379818,5.351073665258191,-1.3185841253874493,5.506226739244199
2025-07-23 04:00:00+00:00,2025-07-20 04:00:00+00:00,72,1.5188580599105326,279.12255160956425,2.5716733907680425,35.84980282055197,1.2120558084000028,33.88191118912496,0.10726729729671952,13.892173916634691,1.4768266379876338,19.174547503738452,2.0765947598489576,14.503241173397733,1.3216302020576043,13.783946345811806,0.3334063708876093,-7.586061758041197,0.238973640740699,-13.985656213767987,1.202198657398454,7.659570112440973,0.5651003557904413,-1.974050287148273,0.8541895884518707,3.882042352749733,-0.5587532721696522,2.431188019757945,1.4833092186696653,7.601902898772476,-1.3185841253874493,7.624915059705535
2025-07-23 05:00:00+00:00,2025-07-21 05:00:00+00:00,48,1.9958909124087676,376.89141438064604,0.48132533407932543,31.599275645512662,1.6724332661460777,47.11113537039679,-0.12604420031564983,12.247991150922749,1.5156854127801072,23.118922025077662,1.8925131539792508,11.599532685221485,1.4826876987009576,7.165023252864934,1.3869876701133534,6.7181931345705035,-1.4696414171090129,6.895871954076058,1.941867012956649,23.48106748072767,-1.6233830139887322,5.768859112618902,1.7028688675347736,12.706423682079706,-0.5587532721696522,0.6537622830340097,1.4206085469095653,8.646470945424326,-1.3185841253874493,5.661601661458765
2025-07-23 06:00:00+00:00,2025-07-21 06:00:00+00:00,48,1.8084851489273182,325.30783116084984,0.5663976387120058,30.04728060971297,1.472417924706398,42.96766331187012,-0.3593556979280192,12.923763254551199,1.3637103415026957,18.648518240194143,1.3673213466622212,11.794418535552387,1.5578478638011894,6.216926717781626,1.2895949896576067,4.284413614801797,-1.3458960658427608,-5.887641378654382,1.9751854073511623,22.610426141473962,-1.5613863179609935,6.706973262966205,1.9311121585002513,8.726890378194053,-0.6342608588846731,3.0593888351792424,1.152971978476064,4.263094604005876,-1.3185841253874493,5.6675887538017795
2025-07-23 07:00:00+00:00,2025-07-21 07:00:00+00:00,48,1.4473031320357972,260.23875331297285,0.517784893207617,28.497509536957182,1.101316365861082,36.65028212157588,-0.31269339840554533,17.179530468123463,1.0315476638245717,14.542209968372749,0.769564492331667,8.621430718247893,1.5578478638011894,7.92187626648052,1.1761375371679217,-6.108546566638474,-1.2162594630245644,-15.025772226008145,1.7919342381813392,10.649311423437315,-1.5117889611388027,6.661673577978434,1.9632591008897553,8.309163093725406,-0.6342608588846731,2.766557732095632,0.7006723560506499,-0.17213554632607533,-1.3185841253874493,6.534059270179552
2025-07-23 08:00:00+00:00,2025-07-21 08:00:00+00:00,48,0.8884932191092931,131.65491568368626,0.5056317068315198,28.20550303674035,0.5466859556169935,17.05459741888811,-0.17270649983812372,19.108772900793156,0.5418206390427219,16.752685117876588,0.15651270064144143,3.731317829459793,1.4826876987009576,11.679878189900425,0.8926612473190638,-13.70256370576493,-0.8672665055054337,-12.311071118184103,1.4387592575994983,11.216487234458567,-1.3010001946444913,3.0133552890779116,1.7864509177474839,7.225832538141807,-0.6342608588846731,8.945830035140066,0.09975798177454988,1.7482808390067512,-1.3185841253874493,5.760968070148025
2025-07-23 09:00:00+00:00,2025-07-21 09:00:00+00:00,48,0.2956095310043437,18.459737245561104,-0.04126168009285388,9.263878089133028,-0.048071949254962616,-3.3598155780508754,0.013942698251771779,11.21172989118733,-0.07220123387669522,11.970376913542681,-0.45467517575737804,-3.9887697521648366,1.4182647000436162,9.26151329172513,0.8066477803873559,-11.185439694192256,-0.9166232014834906,-10.725363473934578,0.8923375895294804,0.7869894987279539,-1.3010001946444913,1.5149221591283077,1.4456933284187425,5.814370575404538,-0.5841031569959064,4.396432701397151,-0.5948656411696505,-4.8514256025035385,-1.3185841253874493,6.906109627953321
2025-07-23 10:00:00+00:00,2025-07-22 10:00:00+00:00,24,-0.3824585950467192,-96.28740469188044,-0.43016364412796404,8.160382051235672,-0.6820241512053008,-22.226749134696544,0.38724109443156274,-8.994375531579264,-0.7687314642321846,0.2702544213055217,-1.0534745935005172,-12.725206924598258,1.214258537628702,7.889343214052847,0.38595156274861386,-3.5480871521071213,-0.48597583876571954,-5.438751921730207,0.30593384818604646,-2.243076864990277,-1.1274094457668231,8.394514607665101,0.9474157213814319,3.0374688130928984,-0.48171229266408044,1.1815995312390937,-1.2859221185127843,-7.471970813490947,-1.3185841253874493,2.979521251589234
2025-07-23 11:00:00+00:00,2025-07-22 11:00:00+00:00,24,-0.9889717932230468,-180.17355779896818,-0.9527506583001434,-19.631579194375124,-1.1050737069719643,-33.06793067759373,0.667214891566406,-18.775845760635477,-1.5003942854959376,-36.36676494007399,-1.6184507352264224,-16.448442496542956,1.010252375213788,3.5444900059202693,-0.5146797194040158,-6.954080236145417,0.6518890529821518,-5.602877681097299,-0.35043852138586534,-3.281514261761914,-1.263802177027848,7.851992201258136,0.3526972871756098,-2.2096042182003357,-0.4033490843377302,0.35045648004379343,-1.6503478522978927,-12.313434735906311,-1.3185841253874493,1.618574577195716
2025-07-23 22:00:00+00:00,2025-07-22 22:00:00+00:00,24,-1.128674271454673,-175.8850968464994,-1.171508013069893,-53.111243152361524,-1.1591991648421107,-33.06853512759213,1.6004608820158834,-31.449490520182938,-1.7585655974733254,-33.48323764465821,-1.2921312708616737,-11.17316792216765,0.6129772168268498,-0.2524412215237714,-0.9899292254080047,-7.175411146731799,-0.022358904336968716,-5.226997597391259,-1.1400844685358305,-7.149486700947328,-1.3319985426583605,6.631484568672286,-1.0424800125288596,-3.865840025290273,-0.2971796935118471,-0.23570787907657248,-1.513093872843757,-8.35428665678403,-1.309480588118639,2.5458211533934123
2025-07-23 23:00:00+00:00,2025-07-22 23:00:00+00:00,24,-0.6482340414385931,-135.127158442229,-0.5760018806411303,8.658978809841065,-0.9019477070340001,-29.214190127777258,1.2738247853585665,-39.179730759369356,-1.0670923309606921,-13.239045159531395,-0.7021464098158269,-3.0722374542211677,0.7740347134702031,4.005460783999859,0.0716844598347085,-2.769806664266103,0.000822210001873698,-5.450137806019211,-1.0801113586257065,-7.450752625883744,-1.1832064721917879,10.059580636577076,-1.0424800125288596,-4.893635890516197,-0.35047831065309115,-1.1202895421266303,-0.887242691373741,-3.671833020380496,-1.309480588118639,3.1817232243927793
2025-07-24 00:00:00+00:00,2025-07-23 00:00:00+00:00,24,0.036648839648158855,-0.26268823164327587,-0.16279354385382583,7.470354766389254,-0.2975467608173626,-1.465595592459754,0.8538640896563015,-38.65857517193555,-0.3503342452337784,10.109352881468384,-0.09491889147494803,0.42878398671171486,0.9780408758851172,1.2859653942048028,0.68883945213848,-13.290326355803103,-0.7650845518186683,-4.251470128063742,-0.610321997663069,-2.9999383642937802,-1.1522081241779185,11.059374763085419,-0.9846155162277526,-4.761893450601584,-0.6590533974253013,5.093318678403799,-0.1765911341175064,-0.22088100304711636,-1.309480588118639,3.4497223443377125
2025-07-24 00:00:00+00:00,2025-07-21 00:00:00+00:00,72,0.050278349719537006,4.134222539294997,-0.13848717110163142,8.263739943136853,-0.28697052192319605,-2.213845056424703,0.7605394906113537,-38.828320201792835,-0.3503342452337784,9.191621791508124,-0.09491889147494803,1.722621976164006,0.859932045013325,-0.04865982614141061,0.7039001759202965,-14.115069400665588,-0.7462482631033328,-4.1029247279629475,-0.610321997663069,-4.208707851580111,-1.2576025074250743,11.309816642688483,-0.9814008219888022,-4.548616662066303,-0.2703902179910269,2.0821363258584427,-0.1765911341175064,0.2346525119644773,-1.309480588118639,4.298838933411937
2025-07-24 01:00:00+00:00,2025-07-21 01:00:00+00:00,72,0.7453833633598226,95.04305516110595,0.055963810915923666,16.202583573559643,0.38244318690758294,14.57070203615517,0.43390339395403665,-24.767122238764625,0.3030787144615701,15.685648781127092,0.5184392720443793,8.26538062739577,1.0317267080995682,3.642295295772659,1.1051847940180306,0.27344797405296783,-1.1990970031690316,-3.574448553211206,0.07270508742445345,-2.9723011739122227,-1.2948005250417174,10.848638181280442,-0.5313436285357476,-0.9822994916556599,-0.37697121699841857,0.09371403368879591,0.4706354088584193,2.9075553898784134,-1.309480588118639,6.502685882100906
2025-07-24 02:00:00+00:00,2025-07-21 02:00:00+00:00,72,1.3280449189112384,245.27812283255184,0.2747211656856731,26.05916744513492,0.9709797747829705,39.666009448244054,0.10726729729671952,9.652030556627082,0.847900029531378,13.924077873425368,1.124822758261262,11.642784859468888,1.1927842047429216,6.968189429697909,1.2788851416349813,9.749892486821189,-1.3425318485183861,6.760088762428098,0.7524003330725246,0.7076480670969585,-1.3939952386860992,6.9233699220520135,0.12766869044908244,-0.39514339624701306,-0.37697121699841857,-2.0405561026371513,0.9887581466621159,3.512266371257905,-1.309480588118639,5.529556614012745
2025-07-24 03:00:00+00:00,2025-07-21 03:00:00+00:00,72,1.7607818636774946,329.2308092160547,0.3962530294466451,28.060247323885896,1.4161150058874523,45.51674961110753,-0.12604420031564983,12.559224816122342,1.247666329108736,19.00260718702804,1.6910952344820458,12.852857638954607,1.3108930356147144,5.565340137140787,1.3859836218612325,9.781022018861696,-1.4396771848057566,7.292328709174592,1.3221448772187019,6.988643510029284,-1.486990282727707,5.580104174410037,0.783466315194962,2.4991310686334933,-0.2703902179910269,-3.530549419500942,1.3347530827232437,4.116190169760501,-1.309480588118639,5.296840341037473
2025-07-24 04:00:00+00:00,2025-07-22 04:00:00+00:00,48,1.9550023821946332,346.8645430230621,0.578550825088103,31.65633265467132,1.6288840471700976,46.45502557785555,-0.032719601270702094,10.548711748473641,1.4746973900537999,24.700134809434054,2.066701480665304,11.977340410629846,1.4290018664865065,7.379722396797336,1.3505072502862867,5.524184955534293,-1.3947254882423499,2.9116115272530774,1.698642733876702,19.352193419679566,-0.6562345559560095,2.9349858517053287,1.2881733107101734,9.187522658330797,-0.6836449719951649,5.027173750369184,1.4819246285939869,8.454273352904755,-1.309480588118639,5.941602708328565
2025-07-24 05:00:00+00:00,2025-07-22 05:00:00+00:00,48,1.978854024819545,341.8448949798033,0.7365422479773664,36.43434177824491,1.6584353029037984,44.92204119462322,-0.17270649983812372,12.249382897529763,1.5135561648462725,24.234113010632925,1.884897808120728,11.734030161261229,1.4719505322580673,6.977760101226437,1.2996354721788177,5.359061406159928,-1.3054540367388017,-5.655206486169943,1.9352033340777464,23.812643651808155,-0.5570398423116278,4.063875461556337,1.6964394790568729,13.071563086393974,-0.6342608588846731,2.757171041485753,1.4192068499831072,9.922453314010047,-1.309480588118639,6.546615187551769
2025-07-24 06:00:00+00:00,2025-07-22 06:00:00+00:00,48,1.83233679155223,328.22025547807084,0.48132533407932543,29.83343661221547,1.4988585219418145,45.11711219420967,-0.31269339840554533,12.028175594206127,1.3615810935688617,19.01030962564348,1.3622168101087178,12.256443281142014,1.5256363644725184,5.778059115109784,1.342140181518611,4.7999409527856445,-1.4107935714725048,3.249985617561309,1.9585262101539058,21.83367070900388,-0.8980216704641902,3.4285621354239715,1.9246827700223506,8.46016065878809,-0.5332329757624148,-0.706975812521108,1.1512328336588589,4.093963559701263,-1.309480588118639,6.381399208765727
2025-07-24 07:00:00+00:00,2025-07-22 07:00:00+00:00,48,1.433673621964419,257.89299039595903,0.7243890616012693,44.13381117859713,1.0932286537655433,35.832867390988106,-0.31269339840554533,17.92382655182168,1.028886103907279,15.378944534255275,0.7653013624549062,8.742549240311977,1.5148991980296287,6.106395571999841,1.0948096287461127,-11.40289576506601,-1.0544784420815436,-17.89475134016547,1.8152571142574985,12.447751177925081,-0.7678286088059391,12.375541412511707,1.9471856296950034,7.597254373110783,-0.5841031569959064,1.5861716778334198,0.6983035906518208,-0.9211200921445568,-1.309480588118639,6.972776228021844
2025-07-24 08:00:00+00:00,2025-07-22 08:00:00+00:00,48,0.9327891268412721,131.60503908667795,0.2625679793095759,26.58061221895462,0.584013857596405,17.187697545804312,-0.26603109888307147,16.19196593212953,0.5386267671419707,16.726479269615265,0.15239077280821778,2.8329507640430034,1.5041620315867383,12.64706808132621,1.0546476986612685,-13.741985977879699,-1.127639818833394,-14.334156803022333,1.425431899841693,11.854292929875486,-0.9724177056974765,2.7475566063190184,1.8089537774201365,6.768415821088489,-0.6342608588846731,8.37814130241524,0.09653177449024009,1.9966034317392694,-1.309480588118639,6.348779948957885
2025-07-24 09:00:00+00:00,2025-07-23 09:00:00+00:00,24,0.2887947759686546,22.202912382234818,0.019504251787632085,15.961252773586137,-0.04776088340513429,-3.153078155239837,0.20059189634166727,8.03981680665995,-0.07645972974436324,11.535821209444231,-0.45900832959670174,-3.324694988629112,1.3645788678291655,8.974964000573289,0.767155215803926,-9.399226853586093,-0.8282772623475343,-11.519440933787823,0.9423151811212503,1.2841967636668716,-1.4001949082888732,4.136550398288372,1.4778402708082463,5.8872369780256495,-0.4557275996721475,-0.02327184767119204,-0.5990235119955581,-3.9772565006076936,-1.309480588118639,7.033961745687715
2025-07-24 10:00:00+00:00,2025-07-23 10:00:00+00:00,24,-0.3926807276002528,-95.71461133312107,-0.39370408499967247,10.175144141033716,-0.6823352170551292,-22.48776911842388,0.43390339395403665,-9.040884241827282,-0.77405458406677,-1.5761890592766559,-1.0582421175297303,-12.853807607522198,1.2249957040715924,8.074206859448436,0.3320676398847813,-3.7435336023775463,-0.3695224887966312,-5.487834883948289,0.30593384818604646,-1.9649246054005682,-1.5923846659748628,12.336827521237197,0.9667038868151343,2.853408383747374,-0.4557275996721475,0.4662204758997407,-1.2904158649242534,-7.2887614074369385,-1.309480588118639,2.8826680665281916
2025-07-24 11:00:00+00:00,2025-07-23 11:00:00+00:00,24,-0.9957865482587359,-179.1439676472579,-0.9649038446762406,-23.350434003788013,-1.1081843654702486,-32.499585534831645,0.7138771910888799,-19.579782880753353,-1.5067820292974397,-38.22919812001738,-1.6233268900786824,-17.49010239669157,1.0209895416566783,4.603402553539724,-0.5354300499478519,-6.763472152265457,0.6414634856735666,-5.62873381293143,-0.36043403970421933,-2.9379973836286837,-1.5923846659748628,10.724457657356945,0.3526972871756098,-2.5916449758859486,-0.3238784352976633,0.0922268053700926,-1.6504832918628596,-12.66217902140002,-1.309480588118639,1.822759201683574
2025-07-24 22:00:00+00:00,2025-07-23 22:00:00+00:00,24,-1.1320816489725174,-177.19765567177524,-1.171508013069893,-54.09264768945546,-1.1591991648421107,-32.98213887737008,1.6004608820158834,-30.17317048443738,-1.7633564053244524,-34.29833507242062,-1.2975424517549634,-11.881819313606485,0.5700285510552886,-0.38214906581232705,-1.0244015487308291,-7.018133146380434,-0.022358904336968716,-5.372817282755527,-1.1400844685358305,-7.042297247034224,-1.5675859875637674,8.60132059190404,-1.0424800125288596,-3.808784302433984,0.1909374139841354,-0.9955199012587791,-1.517089303502517,-8.243305174006185,-1.2999612293294909,2.7588072331872353
2025-07-24 23:00:00+00:00,2025-07-23 23:00:00+00:00,24,-0.6550487964742822,-135.55421037306198,-0.5881550670172275,9.063793377286368,-0.9050583655322844,-29.014644652828775,1.2738247853585665,-37.72531090366886,-1.0732139187704652,-13.329240146774508,-0.7070967887011496,-3.1281792975518177,0.7418232141415324,4.066767521823461,0.06833763232763815,-2.7318807131700678,-0.011256713708635232,-5.52843425001694,-1.0834431980651578,-7.41829148213274,-1.4621916043166117,10.549021667518174,-1.0424800125288596,-4.8527473789139455,-0.18955911562604533,-1.4981836666647046,-0.8922454110919036,-3.9081970508813146,-1.2999612293294909,3.6337776136748987
2025-07-24 23:00:00+00:00,2025-07-21 23:00:00+00:00,72,-0.6550487964742822,-135.32741353501723,-0.5881550670172275,8.710124385640102,-0.9050583655322844,-29.905848136659134,1.2271624858360926,-35.712760590543795,-1.0732139187704652,-13.955539413457725,-0.7070967887011496,-3.045226693102427,0.7096117148128617,3.9628190559224725,0.06833763232763815,-2.8249497210220023,-0.011256713708635232,-5.539073951925832,-1.0834431980651578,-7.301334297762594,-1.3753962298777775,9.879213879898872,-1.0424800125288596,-4.844950139342231,-0.02655552079778641,-1.8364068157481226,-0.8922454110919036,-3.82089755954196,-1.2999612293294909,3.465859510680473
2025-07-25 00:00:00+00:00,2025-07-22 00:00:00+00:00,72,0.029834084612469784,3.2354227383545617,-0.17494673022992302,7.493357241536522,-0.30034635346581856,-1.023491263848881,0.8072017901338276,-35.7272842299185,-0.35539120907663435,8.946435008567573,-0.09957547229026459,0.06902740284648026,0.859932045013325,0.19477945943092465,0.6881700866370658,-13.38534565126643,-0.774660542171157,-4.3537508838999255,-0.6169856765419717,-3.5837609121252028,-1.1646074633834662,12.336900464155127,-0.9878302104667029,-4.583368783526874,-0.243518169068962,2.01210620504414,-0.18073812363561267,-0.38821461866827617,-1.2999612293294909,5.112292820943746
2025-07-25 01:00:00+00:00,2025-07-22 01:00:00+00:00,72,0.7147169656992217,91.0576962188741,0.031657438163729276,16.343721210023162,0.36097964326942145,14.503572698339747,0.43390339395403665,-24.599587326508978,0.29882021859390206,15.990711749148105,0.5137882206256039,8.15362088160873,1.0424638745424586,5.29024560430482,1.0730552499501553,-6.236750917582301,-1.2023214058356273,-3.575845501504353,0.05271405078774548,-2.896370231234218,-1.226604159411205,10.844682820265186,-0.5377730170136483,-1.8249217134841522,-0.18955911562604533,0.14434714984950267,0.4674699111753072,3.125773956299485,-1.2999612293294909,7.08630779236555
2025-07-25 02:00:00+00:00,2025-07-22 02:00:00+00:00,72,1.3007858987684822,238.72601025677034,0.1774956746768956,24.789179325744268,0.9516936920936081,41.7708186089315,0.10726729729671952,9.318172797781042,0.8447061576306267,13.989881271489196,1.1196599701217729,11.66973610561728,1.2035213711858121,7.873392129242155,1.2822319691420518,10.123670113082044,-1.4059810179375092,12.944430205237039,0.7224137781174627,0.7285456223461483,-1.3257988730555867,6.736607523064054,0.1083805250153801,-0.27752435758930194,-0.243518169068962,-2.4069189193211566,0.9864244922251197,3.50791660046043,-1.2999612293294909,5.979423376069235
2025-07-25 03:00:00+00:00,2025-07-22 03:00:00+00:00,72,1.7369302210525828,333.4081118551788,0.2625679793095759,28.194642921563673,1.4005617133960309,45.89189347515618,-0.12604420031564983,12.368531084940747,1.2450047691914432,19.796636110335438,1.684251192729713,11.266738395328485,1.3216302020576043,6.760122775829981,1.403721807648705,11.733113410760186,-1.52036710172163,17.671732320559407,1.2954901617030912,9.149311915337416,-1.4125942474944209,4.364998604384792,0.7545340670444085,2.5683316954025264,-0.16248854755558578,-2.8359319932864797,1.3329992387940444,4.059957684000785,-1.2999612293294909,5.278220771563041
2025-07-25 04:00:00+00:00,2025-07-23 04:00:00+00:00,48,1.9890761573730786,388.92654092027686,0.3840998430705479,31.01052472728937,1.666211949149509,47.012645962031215,-0.21936879936059758,11.741434246886971,1.472568142119966,24.532215488195234,2.0565657912208195,10.169451578414526,1.4290018664865065,6.831066132033619,1.4432143722321353,10.694884638672645,-1.527436673571019,19.393524736022997,1.7219656099528613,21.658197868234726,-1.6171833443859582,6.585920245328178,1.3074614761438756,9.664577973006857,-0.4033490843377302,-3.781092185360218,1.4804458055494085,6.447106166312286,-1.2999612293294909,6.133142539614371
2025-07-25 05:00:00+00:00,2025-07-23 05:00:00+00:00,48,2.0265573100693683,390.06503266560657,0.3840998430705479,31.189409202517623,1.7103832998251463,47.3514064190866,-0.3593556979280192,11.666574950872388,1.5114269169124386,24.54373901170046,1.8769523493258808,10.104005694378431,1.5256363644725184,7.155503130804037,1.449573344495569,10.43435932172164,-1.5394348756910639,21.272306456900644,1.9685217284722598,26.66963977595384,-1.6233830139887322,6.984286531531323,1.7189423387295255,12.155991007086126,-0.35047831065309115,-3.4915684086842456,1.417674801176544,8.000892788325723,-1.2999612293294909,6.0353061331033535
2025-07-25 06:00:00+00:00,2025-07-23 06:00:00+00:00,48,1.845966301623608,334.2232818582852,0.4084062158227423,29.193591987164663,1.5162782095322067,45.68166577981835,-0.5460048960179147,11.871804901533919,1.3591856896432981,19.076899119767987,1.3568229752087242,12.60861425386015,1.6007965295727502,5.134386771575179,1.3806286978499198,8.713565237783847,-1.4631601791077877,6.8411577745935945,2.0051719623062243,21.397842200829544,-1.6233830139887322,6.572293116072606,1.9568297124118545,8.208567013681394,0.08238996567589232,-5.269524281530787,1.149323230169625,3.367406562262625,-1.2999612293294909,6.094947906721564
2025-07-25 07:00:00+00:00,2025-07-23 07:00:00+00:00,48,1.3655260716075284,251.8458574581957,1.3685079395344206,43.766569582173645,1.0363036032469406,35.977725557607464,-0.5926671955403886,23.375012463293277,1.0262245439899864,16.408191014786905,0.7607828876697776,9.02057369084023,1.6115336960156406,5.647977148577386,0.8049743666338207,-6.30151929180219,-0.5188771344104063,-15.275476359219736,1.828584472015304,12.242861374784624,-1.003416053711346,15.44093906349139,1.9921913490403087,7.608462972037584,0.08238996567589232,-5.205148051066003,0.6957237539030752,-0.5502463915963363,-1.2999612293294909,7.123343862403579
2025-07-25 08:00:00+00:00,2025-07-23 08:00:00+00:00,48,0.5341259572534612,59.31763185410513,1.7452567171934334,39.19875134804058,0.2726369419181475,1.3040560311909595,-0.26603109888307147,18.062878721721606,0.5351667392494903,17.963159581526348,0.1480298947385551,3.3726698543523392,1.5148991980296287,10.423091600298036,-0.09164072251032432,-12.999296872690437,0.8935850211048544,-12.916643799007243,1.3587951110526666,10.71897781782731,-0.38344909343395966,14.17766555709219,1.821812554375938,8.897823108947772,-0.053791891784217866,-7.366350723731996,0.09305811542943465,1.8922376171621897,-1.2999612293294909,8.095967296801822
2025-07-25 09:00:00+00:00,2025-07-24 09:00:00+00:00,24,-0.362014329939652,-83.06746414157762,0.1531893019247012,38.06430053950608,-0.5227584360931452,-25.010784821642837,0.10726729729671952,15.185092808427736,-0.08071822561203155,26.472807640391345,-0.4635744168652401,-1.228138881556257,1.300155869171824,17.154196240664085,-0.5250548846759339,-5.790815524763671,0.8480184290910637,-4.546250812686075,0.9423151811212503,3.151483489363416,-0.9910167145057982,14.410050127722846,1.458552105374544,27.4584646180127,-0.053791891784217866,-1.3663902035926592,-0.6034514396335459,-4.086465578512696,-1.2999612293294909,7.252075554432453
2025-07-25 10:00:00+00:00,2025-07-24 10:00:00+00:00,24,-0.3926807276002528,-110.92022508924073,-0.41801045775186685,7.522062973866884,-0.6829573487547862,-23.443760820148697,0.10726729729671952,7.701357988210948,-0.7793777039013553,0.3283032202567848,-1.0632422913030803,-11.84247423816587,1.2357328705144828,6.850758650836656,0.36118503919629324,-2.377756553559738,-0.4294561347090612,-4.456594524929212,-0.33044748474915736,-3.320627208662498,-1.003416053711346,7.943272562662544,0.9667038868151343,2.984592488277851,0.1095848543493178,-0.9436761221785621,-1.2951449285909702,-7.649816442198944,-1.2999612293294909,3.103186807614956
2025-07-25 11:00:00+00:00,2025-07-24 11:00:00+00:00,24,-0.9957865482587359,-190.53563255659088,-0.9649038446762406,-26.15821749659105,-1.1081843654702486,-33.451031367108456,0.24725419586414116,-5.004410955300294,-1.5134359290906712,-37.939556510519544,-1.6283889006785226,-16.874671720250994,1.0746753738711294,5.919726609834348,-0.5304098086872464,-6.852419827694601,0.6414634856735666,-5.100343253864115,-0.36043403970421933,-3.047965163149496,-1.0096157233141196,7.7628379519800905,-0.26130931246391476,-3.471059033970869,0.24489646742705207,-0.752166508452222,-1.650600341790856,-12.836019855175692,-1.2999612293294909,2.300782015043741
2025-07-25 22:00:00+00:00,2025-07-24 22:00:00+00:00,24,-1.1388964040082064,-175.20924624314057,-1.18366119944599,-54.08868305009686,-1.1619987574905668,-32.90313688263766,1.2738247853585665,-30.574303130349755,-1.7678810571838497,-33.65834215293078,-1.302995192354882,-13.40846449608927,0.7418232141415324,3.0845750742853233,-1.0595432375550677,-7.089797929070826,-0.022358904336968716,-5.273155946808217,-1.1400844685358305,-7.188001853386982,-0.18505966614519606,6.772342773284344,-1.0424800125288596,-4.009198243164856,0.8509163553129158,-2.0516611973082037,-1.521077686090448,-10.200539662477233,-1.2900288659514219,3.022192291170617
2025-07-25 22:00:00+00:00,2025-07-22 22:00:00+00:00,72,-1.1320816489725174,-173.35179009143664,-1.171508013069893,-48.91826787358654,-1.1591991648421107,-32.76523240594811,1.2271624858360926,-28.060748718391874,-1.7678810571838497,-35.81616340739866,-1.302995192354882,-14.0460068758668,0.6451887161555205,2.670057348839872,-1.0210547212237588,-7.255957105285325,-0.022358904336968716,-5.231059806106755,-1.1400844685358305,-7.205783132618123,0.6394963910237277,-0.07687662695356076,-1.0424800125288596,-3.7107365833339387,0.8047067743043916,-2.2584995117381705,-1.521077686090448,-10.13804766518857,-1.2900288659514219,2.9166115103115233
2025-07-25 23:00:00+00:00,2025-07-22 23:00:00+00:00,72,-0.7027520817241056,-131.55753027274392,-0.5273891351367416,9.333225429015851,-0.9112796825288529,-27.483945693593835,0.9938509882237231,-23.741660510462815,-1.0793355065802384,-17.761664250792602,-0.712081209938408,-3.4899817289701143,0.7955090463559835,3.7537440957836417,-0.1886987202153643,-3.017329708922317,0.4831698371393021,-5.372749264299474,-1.0834431980651578,-7.399866005231278,0.5217026685710242,-0.6742926043907072,-1.0424800125288596,-4.936538989546266,0.5854814553539961,-0.44831918425732253,-0.8972837952680405,-4.667581501717878,-1.2900288659514219,7.945241333670113
2025-07-26 00:00:00+00:00,2025-07-23 00:00:00+00:00,72,-0.028091333190887347,-3.085789576797238,-0.04126168009285388,9.289006994791734,-0.33020867504934764,-3.7118453654183727,0.667214891566406,-43.75269521012979,-0.3604481729194904,9.371378996772723,-0.10426581167552146,-0.49175266059864914,0.9780408758851172,0.7395319330454951,0.48300956045365384,-12.389000267674113,-0.4595987161576877,-10.871384039713625,-0.6636314286942903,-4.436542154851013,0.1497224924045925,9.891835504753857,-0.9878302104667029,-4.672593442655098,0.45710589803023755,-4.615179552817276,-0.1849170958979144,-0.5280239911993565,-1.2900288659514219,6.70265467409916
2025-07-26 01:00:00+00:00,2025-07-23 01:00:00+00:00,72,0.6329399052709529,92.35030487387324,0.2868743520617703,23.13436727512959,0.30374352690099043,13.707072735947913,0.3405787949090889,-11.952645445748033,0.29482787871796307,15.67004743395551,0.5090918489473493,9.494054142375894,1.1390983725284705,7.064977267947713,0.8377732762031103,-11.961600953523796,-0.8662995968315286,-9.378573609998172,-0.0039272196829271185,-2.6595441534060353,-0.4702444678727937,12.38247557442173,-0.5827787363589538,-3.0685810544175083,0.4047273826958199,-5.0022342845916885,0.4642708468738832,3.205095418112664,-1.2900288659514219,10.120863567717292
2025-07-26 02:00:00+00:00,2025-07-23 02:00:00+00:00,72,1.0861211151442762,170.83153324085288,1.4535802441671009,37.22117758730177,0.7734529601419181,18.359922760141767,0.10726729729671952,10.933860239916063,0.8415122857298755,16.390752228276437,1.1144202600561866,15.129870112307119,1.2679443698431532,12.035382989819489,0.5670149308811192,-14.945239993944341,-0.1951945336950575,-12.588194328937398,0.6424496315706307,0.5203143304994565,-0.8298253048336778,13.400485850965122,0.053730722953223474,-3.9954818787339312,0.3783495153565083,-10.33417254460928,0.9840456142175854,5.75580517774646,-1.2900288659514219,7.839783511121163
2025-07-26 03:00:00+00:00,2025-07-24 03:00:00+00:00,48,0.7249390982527554,86.56708579800372,2.292150104117807,38.96914797450689,0.4913162343475333,17.931800407455732,0.38724109443156274,-36.30598251059224,1.2426093652658796,21.092660993339464,1.6772614835583588,15.129693666767166,1.214258537628702,19.563096362513903,-0.3269226962573695,-21.839294570976026,1.1112224818334189,-16.434443969633065,0.6957590626018519,-0.9451652946131718,-0.1974590053507438,18.69241230617379,0.36555606413141134,-2.008186313742362,0.32525673365575336,-3.534908345101169,1.3311784904175339,4.8010973077800605,-1.2900288659514219,11.999942469017235
2025-07-26 04:00:00+00:00,2025-07-24 04:00:00+00:00,48,1.5393023250175997,257.2347429894552,2.8268903046660836,37.94452425859288,1.2363189446866205,33.569626846017066,0.1539295968191934,6.218464253792941,1.4701727381944023,19.056297106853606,2.0461905138800374,13.23866950040011,1.343104534943385,9.338381292825579,0.2852120547857965,-13.718337780845795,0.40187067291896833,-18.510432973904493,0.7324092964358166,-2.6773559642317615,0.13732315319904478,13.365682884826253,0.7288165131328054,-0.748753554245216,0.430982176075196,-8.509355668646531,1.4788697603021612,6.571235860745919,-1.2900288659514219,8.59378120476384
2025-07-26 05:00:00+00:00,2025-07-24 05:00:00+00:00,48,1.6619679156600031,277.3650446734829,2.0490863765958633,32.09695561916163,1.3632338114166194,40.06881440396713,0.060604997774245654,14.539326342554833,1.5092976689786044,21.855827988503627,1.8686779149181607,12.304430582234477,1.4075275336007265,8.380238970842308,0.611527736725155,-12.532595194417233,-0.2615774813737064,-22.82579031697955,1.5287189224646842,14.67294648058572,0.07532645717130616,9.370974847307092,0.7641781497612598,2.6165911191517743,0.32525673365575336,-9.244670211063285,1.4160087705543056,6.2936084734882805,-1.2900288659514219,7.530850459506694
2025-07-26 06:00:00+00:00,2025-07-24 06:00:00+00:00,48,1.4677473971428645,254.93903230504148,2.1098523084763494,39.16438872553835,1.1663291284752242,33.239844588341086,0.1539295968191934,5.990858014877611,1.3567902857177352,20.36418236971192,1.3511374939108454,13.14540295197224,1.3860532007149458,8.993484129456169,0.4779893191930483,-13.612912427368277,-0.048877483165131574,-19.241861438095576,1.648665142284932,14.634579286032606,0.03812843955466299,11.22635298220044,1.532490072870403,8.106695802493725,0.4830905910221705,-9.050901437126873,1.147239273711726,4.2293531923383645,-1.2900288659514219,8.015578321109494
2025-07-26 07:00:00+00:00,2025-07-24 07:00:00+00:00,48,0.7044948331456882,92.48080128059834,1.6723375989368503,37.759421184960686,0.46145391276400405,17.507407802058708,0.24725419586414116,-12.115151099918506,1.0232968280809647,15.837241820934503,0.7560066792030192,10.761350707712916,1.343104534943385,21.459087543938338,-0.07189444021860937,-20.066523226271446,0.5075999514721485,-15.433851254870953,1.4587502942362063,10.015660916066503,-0.07346561329526653,15.198381489404257,1.648219065472617,22.898917320956667,0.3518566090111809,-6.096357618119552,0.6929290922263678,2.241458704858059,-1.2900288659514219,9.158575762765684
2025-07-26 08:00:00+00:00,2025-07-25 08:00:00+00:00,24,0.8578268214486923,122.7717453495248,0.46917214770322824,26.486661291069172,0.5314437289754005,16.012929709863137,0.013942698251771779,14.353047709136911,0.5314405553652807,16.2128270232186,0.1434282519219329,2.6330634205577255,1.4719505322580673,8.330238854704298,0.874588378780884,-14.056267525759099,-0.8769640149620208,-13.503519344879175,1.3288085560976046,6.141345953288052,-0.6438352167504618,7.296039576291274,1.3524671954891812,6.502108581751313,0.13674657233605242,-7.882413727547145,0.08933382330473304,2.2341425149042435,-1.2900288659514219,6.230845901010813
2025-07-26 09:00:00+00:00,2025-07-25 09:00:00+00:00,24,0.12524065511211682,5.84515923697561,0.32333391119006194,22.67426780888758,-0.15321220649697162,-1.6805659995693571,0.3405787949090889,-1.0556285227220927,-0.08550903346315854,11.41720345635917,-0.468374577537407,-3.2917327362057986,1.3323673685004946,15.235977449352717,0.30797048183387465,-12.175581512774432,-0.15913365405222085,-11.337108627490595,0.8623510345744184,0.43620647130548523,-0.6500348863532357,5.132097499041304,1.3396084185333796,5.860687892223268,0.32525673365575336,-2.1511443506935386,-0.608151451436495,-3.9078575869786185,-1.2900288659514219,9.85156944649319
2025-07-26 10:00:00+00:00,2025-07-25 10:00:00+00:00,24,-0.43016188029654273,-95.16058319434399,-0.3572445258713809,9.787092105685305,-0.6957110485977517,-21.560183534786177,0.5272279929989844,-10.020297253176885,-0.7852331357193992,-1.5743593094322506,-1.068475515585021,-12.493320737566917,1.1927842047429216,7.391708394020277,0.20354946361327997,-3.4323680271306074,-0.16728002893518087,-5.188916962669413,0.1460055550923827,-2.255067818765096,-1.0344144017252153,9.121512450962083,0.8895512250803249,2.752754919119298,0.4047273826958199,-2.813400019300309,-1.300107916426814,-7.107402256906386,-1.2900288659514219,4.181851514633061
2025-07-26 11:00:00+00:00,2025-07-25 11:00:00+00:00,24,-1.0128234358479586,-179.36175363989193,-0.9649038446762406,-24.857085992986956,-1.1081843654702486,-32.11050486067052,0.667214891566406,-18.781509684719733,-1.5203559848756325,-37.52420685923684,-1.633631514672117,-17.22083933108508,1.063938207428239,5.764105586599025,-0.6545771091995561,-7.24040489329673,0.949017721276825,-5.389287715548272,-0.39708427353818393,-3.078022610182689,-1.1894061417945618,8.242970010113984,0.19839196370599105,-3.198256340110424,0.430982176075196,-2.0879347494145604,-1.6506990781022683,-13.08030457902808,-1.2900288659514219,2.332396159472718
2025-07-26 22:00:00+00:00,2025-07-25 22:00:00+00:00,24,-1.1763775567044963,-172.00714768196937,-1.244427131326476,-60.53184314570618,-1.1769299182823314,-31.39318353843724,1.2738247853585665,-30.90738470703427,-1.7724057090432475,-35.42419789991158,-1.3084859860329459,-12.660678106864005,0.7525603805844228,3.3104500472402942,-1.2894702872908004,-7.322092092823026,-0.022358904336968716,-5.061776951250349,-1.1400844685358305,-6.176003821404317,0.45970597254328566,0.5942005729541998,-1.0424800125288596,-3.5731475898436704,0.8047067743043916,-2.5705031402846794,-1.5250544056013056,-9.919918549435671,-1.2796864371305519,2.33770460587667
2025-07-26 22:00:00+00:00,2025-07-23 22:00:00+00:00,72,-1.1354890264903619,-175.9386477486502,-1.18366119944599,-55.411634143239816,-1.1619987574905668,-32.47053528483165,1.413811683925988,-29.88835696650056,-1.7724057090432475,-35.12457336765808,-1.3084859860329459,-13.960657238842433,0.6774002154841908,3.300270820472598,-1.0177078937166883,-6.8890625197527315,-0.022358904336968716,-5.401583037041766,-1.1400844685358305,-7.027582512432673,-1.6233830139887322,8.59266276970029,-1.0424800125288596,-3.954715318172485,1.0851091182996295,-3.4802074544635047,-1.5250544056013056,-9.623592008698422,-1.2796864371305519,2.553445085911708
2025-07-26 23:00:00+00:00,2025-07-23 23:00:00+00:00,72,-0.6823078166170384,-137.59899664957234,-0.5760018806411303,9.681156667645359,-0.9109686166790246,-28.124649293722168,1.0871755872686708,-28.955961473127378,-1.0854570943900113,-17.382950436939733,-0.7170970063561367,-3.835151429969357,0.8277205456846543,3.5730780855763618,-0.03809148239719882,-3.252702893301372,0.1724948794382627,-5.398723706637073,-1.086775037504609,-7.159045274784294,-1.6233830139887322,14.485831241107427,-1.0424800125288596,-4.899273578727213,0.9182712186492092,-3.6992468875306694,-0.9023548187168506,-3.7391334646799796,-1.2796864371305519,2.4258267552178254
2025-07-27 00:00:00+00:00,2025-07-24 00:00:00+00:00,72,-0.958305395562446,-143.59853566792404,-0.7947592354108799,-5.544710665620148,-1.002733042378411,-29.369254256883405,1.0871755872686708,-28.532911540146483,-0.36550513676234636,23.725309180305647,-0.10898810561346475,2.051776381714461,0.7955090463559835,15.480064092559637,-1.1154352569231425,-9.00825139144635,1.5677444776080862,-9.223491026056506,-0.6436403920575823,-4.525300999575052,-1.003416053711346,19.412151233319516,-0.9910449047056533,-6.669912760757246,0.7335736277506864,-4.622036384915683,-0.18912630683673204,-0.7080058931666459,-1.2796864371305519,2.1113497863318784
2025-07-27 01:00:00+00:00,2025-07-24 01:00:00+00:00,72,-0.8731209576163326,-124.37185285744395,-0.5760018806411303,12.002916305412851,-0.9193673946243922,-25.97697984489843,0.9938509882237231,-27.27809699929953,0.29083553884202407,38.842694953113394,0.5043509707530021,16.019570122894706,0.8491948785704346,17.509056239002636,-1.1412058287275841,-8.45858746184643,1.8161222435905278,-7.662218722095467,-0.9135193866531399,-6.7631743502345945,-0.38344909343395966,18.847288781409326,-0.5634905709252515,-7.498081333322327,0.6850232703532548,-2.6548037390616033,0.4610385713497907,7.9125680494081445,-1.2796864371305519,2.734528290229942
2025-07-27 02:00:00+00:00,2025-07-24 02:00:00+00:00,72,-0.6993447042062612,-109.17301888345871,-0.1992531029821174,17.63609833081319,-0.7625902063108639,-26.197390332977985,0.8538640896563015,-19.819459522497223,0.8383184138291248,44.82962561247609,1.1091033035359263,22.358516111095838,0.9243550436706661,17.421724897184237,-1.092676829875064,-8.483846359549004,1.7768512054422623,-6.984115655276877,-0.8302234006668567,-5.666956113612141,0.2365178668434266,16.17360943908907,-0.823880804280233,-8.87981543352724,0.6106532067787792,-2.550069261561251,0.9816205312238898,8.910519103478697,-1.2796864371305519,3.7122574112622964
2025-07-27 03:00:00+00:00,2025-07-25 03:00:00+00:00,48,1.249675236000814,203.19522087856095,1.9761672583392802,39.11535400665961,0.9632031285372598,37.28599641796537,0.060604997774245654,14.049808987868525,1.239947805348587,18.348220680324925,1.6701251695239077,15.279095868469431,1.3753160342720554,11.556883882519493,0.34712836366659783,-11.403921004493093,0.06759133655910698,-16.887476365218056,0.9123286261661884,-0.18094113576493617,-0.28425437978957785,15.081944514747091,0.43306464314936954,-0.40741883601209394,0.24489646742705207,-8.239567746614073,1.3292886926425413,4.437828885964409,-1.2796864371305519,6.834736314324851
2025-07-27 04:00:00+00:00,2025-07-25 04:00:00+00:00,48,1.6858195582849147,310.0469192602163,2.036933190219766,35.60410939911856,1.3815866965564967,41.65338733046712,-0.12604420031564983,27.903063640737916,1.4677773342688392,21.01087086100603,2.0355784146779676,14.20743643405459,1.4719505322580673,7.858124036961783,0.6634035630847454,-12.149471431414575,-0.28892451710159833,-14.734481302433235,1.2455125701113212,8.858073600904307,-0.21605801415906536,8.624184879981055,0.9377716386645808,7.536855456144909,0.32525673365575336,-9.28517584613771,1.4771934497081514,5.973973266427816,-1.2796864371305519,7.216155992205356
2025-07-27 05:00:00+00:00,2025-07-25 05:00:00+00:00,48,1.2701195011078812,233.07870691652354,2.267843731365613,40.48470280594057,1.007374479212897,37.86232443126141,-0.21936879936059758,27.788733106698565,1.5069022650530408,21.321329765319945,1.8600760715108378,16.525612316290385,1.5148991980296287,12.511596441249354,0.15435109925934595,-5.899359049936003,0.27887322896235706,-12.75901080833331,1.6719880183610913,15.224712370729792,-0.06726594369249267,13.694108227123596,1.2592410625596198,16.973556443052715,0.5089283398617905,-10.149453876338761,1.4142051507978657,9.308468782369822,-1.2796864371305519,8.014629850293222
2025-07-27 06:00:00+00:00,2025-07-25 06:00:00+00:00,48,1.256489991036503,205.89679972987383,2.3043032904939045,39.28721685836803,0.977823223479196,38.55115390834419,-0.31269339840554533,29.495054431060726,1.3541287258004424,16.376892280238803,1.345158412126701,16.552105579584694,1.5793221966869695,12.721937973559744,0.19852922235267445,-11.61279474894994,0.3239715644630723,-14.899171415065762,1.2655036067480292,8.147373226520354,0.08152612677408003,13.592958809014547,1.6707219251452698,21.272743341072765,0.027933819155876498,-7.907407852573067,1.1449771710559804,4.41402754099568,-1.2796864371305519,6.750891477923363
2025-07-27 07:00:00+00:00,2025-07-26 07:00:00+00:00,24,1.4064146018216628,223.909258586322,0.5420912659598114,26.545746883619334,1.0826524148713763,34.58498207815309,-0.032719601270702094,16.296062034559192,1.0201029561802133,13.99492635145141,0.7509706685806294,12.244929557872362,1.4719505322580673,6.846816907936663,1.1316247313238863,-4.907955757842103,-1.1767390347274282,-23.126628299282064,-0.2971290903546441,-3.080123686750544,-0.30285338859789945,5.41705814758102,1.5035578247198496,8.096945933753101,0.5854814553539961,-5.9590088611727134,0.6899160278582716,2.796129917126673,-1.2796864371305519,6.802472979547499
2025-07-27 08:00:00+00:00,2025-07-26 08:00:00+00:00,24,0.7760497610204234,96.53052859520453,1.1011378392602822,28.91985163758205,0.47265228335782755,15.767613690528842,0.3405787949090889,-24.490930753505765,0.5274482154893416,16.66873913619896,0.13858431908391464,3.232406520958383,1.3538417013862751,22.17779847007855,0.5117922770144585,-21.136592156615226,-0.17512765634409652,-15.157057506564012,1.3987771843260823,12.919475755700406,-0.38344909343395966,10.374874080072322,-0.22916237007441087,-2.2660737652422758,0.45710589803023755,-8.799513686209226,0.08535595947908291,1.9892097927775332,-1.2796864371305519,8.611471554037529
2025-07-27 09:00:00+00:00,2025-07-26 09:00:00+00:00,24,0.23086935816529747,28.007353745830102,0.08027018366811806,14.429274241121918,-0.07980066593746234,-3.779522554692584,0.5272279929989844,-22.70903592101428,-0.09056599730601453,12.473114527759003,-0.4734096779919606,-3.4175879270496408,1.2357328705144828,10.637543880454691,0.6423185497902019,-12.793818893812714,-0.6737180801003668,-10.155240676562086,0.7823868880275866,0.4278984615184893,-0.730630591189296,4.845037415661169,1.4071169975513378,7.565696746794961,0.32525673365575336,-1.7853114695598227,-0.6131252696914491,-3.3998897817843394,-1.2796864371305519,7.970530361673572
2025-07-27 10:00:00+00:00,2025-07-26 10:00:00+00:00,24,-0.4369766353322318,-95.26151594655387,-0.3693977122474781,11.087638412241008,-0.698821707096036,-22.092189190939262,0.7138771910888799,-17.44540807515968,-0.7913547235291722,1.182883002880594,-1.0739419249592292,-10.89093369256382,1.1068868731997998,5.9397047915063474,0.20154136710903786,-4.454764291307313,-0.17738227101854723,-5.36984026894449,0.2492925777153739,-2.1424242217618295,-1.3195992034528128,9.706597844038553,0.8123985633455155,2.19392679329225,0.271768516349117,-0.5092512560302638,-1.3053029622642598,-6.72072476732611,-1.2796864371305519,2.423598446943002
2025-07-27 11:00:00+00:00,2025-07-26 11:00:00+00:00,24,-1.0196381908836476,-179.92529682967495,-0.9770570310523378,-25.196439992960055,-1.1112950239685329,-32.13121704903562,0.7138771910888799,-19.64647011166269,-1.5275421966523226,-35.99083255864349,-1.6390489283105087,-17.093697433010078,1.0317267080995682,4.121503646469264,-0.6756621224940993,-7.3416159926576645,-0.022358904336968716,-5.37295900990993,-0.4037479524170866,-3.0495432772867597,-1.2886008554389436,8.206362791302269,0.29804748511345314,-2.634661464349069,0.3518566090111809,-1.5717294311701901,-1.6507801234550088,-12.674203342959801,-1.2796864371305519,1.8878293524738272
2025-07-27 11:00:00+00:00,2025-07-24 11:00:00+00:00,72,-1.0128234358479586,-185.21663010871657,-0.9770570310523378,-26.669425455294746,-1.1112950239685329,-33.08559747599232,0.4805656934765105,-11.52444889759464,-1.5275421966523226,-36.84214477423405,-1.6390489283105087,-17.977917311046742,1.0854125403140193,7.337700609599497,-0.623451613383802,-6.759397474553225,0.814167017973858,-5.307854146429359,-0.38708875521983,-2.980819660173299,-0.5942378599282709,6.790511192517399,0.0473013344753227,-3.209287355048475,-0.13536827397796267,0.15908200855485813,-1.6507801234550088,-13.095944215833391,-1.2796864371305519,2.0243790356350626
2025-07-27 22:00:00+00:00,2025-07-24 22:00:00+00:00,72,-1.1388964040082064,-176.48807795633817,-1.18366119944599,-54.44603296129047,-1.1619987574905668,-32.76397621098224,1.367149384403514,-30.160573458687253,-1.776930360902645,-34.947631019166764,-1.314011525554865,-13.88203541397444,0.6451887161555205,2.9337222045227267,-1.0538536307930482,-6.84380609993821,-0.022358904336968716,-5.445599979232332,-1.1400844685358305,-7.027224358828077,-1.6233830139887322,8.492890291971346,-1.0424800125288596,-3.9621418238108106,1.0653457804244,-3.2266155998881403,-1.5290150461659096,-9.41723033631158,-1.268937003357963,2.4624119302607794
2025-07-27 23:00:00+00:00,2025-07-24 23:00:00+00:00,72,-0.6959373266884166,-136.38868225546022,-0.5760018806411303,9.501564250128208,-0.9147014068769658,-28.38521107319453,1.040513287746197,-25.565193992326577,-1.0918448381915138,-17.51427182427909,-0.7221417353603039,-3.683432220363097,0.8062462127988739,3.378633219384098,-0.08528175024689073,-3.186012248400507,0.2477940641013962,-5.434938572885047,-1.0901068769440605,-7.200884003270947,-1.6233830139887322,15.6460714109373,-1.0424800125288596,-4.951535782009424,0.8960900654382268,-3.7036328887826997,-0.9074557180873217,-4.463114403576777,-1.268937003357963,2.4394812207661554
2025-07-28 00:00:00+00:00,2025-07-25 00:00:00+00:00,72,-0.0689798634050218,-5.780716264105869,0.10457655642031244,13.646828996864278,-0.3460730333905976,-3.965873385841888,0.7138771910888799,-44.41849331141197,-0.37056210060520234,7.165655771575846,-0.11374079001678852,-0.5666606238160743,0.9887780423280076,3.380337160542092,0.3123213575930661,-13.79232898729043,-0.12732862180400067,-10.52035219723515,-0.6569677498153876,-4.646837565890632,-1.5055892915360287,13.03282538915939,-0.9942595989446037,-4.895199853524921,0.7575176216690733,-5.771997286858529,-0.19336427981661578,-1.3234653904703304,-1.268937003357963,6.742805811275612
2025-07-28 01:00:00+00:00,2025-07-25 01:00:00+00:00,72,0.3944234790218353,39.498617518687524,1.1740569575168653,36.07862690930032,0.13234624364552616,1.1651471330486587,0.5272279929989844,-30.633256072339528,0.28684319896608507,15.685325174516073,0.4995661528766433,10.96264105326887,1.1176240396426902,12.056902398855852,0.08072089410379839,-15.728639165515036,0.4890753224843392,-11.037469581393811,-0.04390929295634307,-3.0273936224331486,-1.133609115369597,17.45067973658522,-0.576349347881053,-4.159130895322268,0.7094063901205149,-7.9653562645089515,0.4577731980675188,2.7914095605005427,-1.268937003357963,10.775515258474728
2025-07-28 02:00:00+00:00,2025-07-26 02:00:00+00:00,48,0.9225669942877385,125.52411770365711,1.720950344441239,35.84658830996622,0.6387614471662085,16.398142552451933,0.3405787949090889,-27.495480896032127,0.8351245419283734,15.935519279834441,1.1037085417927224,14.061500101851394,1.2035213711858121,16.317724438716496,0.27215942750822203,-21.739660670967105,0.23648400511469553,-19.73007237309927,0.47252582015861294,-3.2469944973183407,-0.6190365383393664,14.276128833875202,0.018369086324769184,-2.0593855367247436,0.5601315705277422,-7.432481368525945,0.9791480688866215,3.8506781872086187,-1.268937003357963,11.764122989804644
2025-07-28 03:00:00+00:00,2025-07-26 03:00:00+00:00,48,1.338267051464772,225.52488383671255,2.036933190219766,36.82197704618845,1.0450134470421368,36.93336923555532,0.060604997774245654,13.448627495855199,1.2370200894395653,18.410753286551454,1.6628411664774632,14.269151762352537,1.3538417013862751,10.953677989743092,0.42745222383628606,-11.840107200679075,0.022873268403616743,-17.972084849132152,0.9256559839239937,-0.19420564531359077,-0.44544578946169827,10.322782928178592,0.5134319991231293,-1.6513130823997522,0.5854814553539961,-9.548444831116042,1.3273275752548923,4.217838764606312,-1.268937003357963,7.694537012071517
2025-07-28 04:00:00+00:00,2025-07-26 04:00:00+00:00,48,1.433673621964419,263.18276354984255,2.2435373586134184,38.983297886482774,1.153886494482087,34.575104400631325,0.060604997774245654,14.267049742453224,1.4653819303432756,18.394277693923076,2.024732226306532,13.617046454304552,1.3860532007149458,9.706377874904998,0.34746304641730474,-13.017940789163038,0.08387165073571144,-16.57372217607752,1.3321403955370559,11.994819295292137,-0.20365867495351764,14.342343249528689,0.9506304156203823,6.7321847273528554,0.7575176216690733,-10.352425977702818,1.475413786120402,6.575401864885418,-1.268937003357963,7.560879864041633
2025-07-28 05:00:00+00:00,2025-07-26 05:00:00+00:00,48,1.4643400196250198,256.50151474649374,2.4501415270070708,39.123099577082336,1.1846820136151013,33.31984003654083,0.1539295968191934,5.675496226846102,1.504506861127478,20.054513801927854,1.8511488372284284,13.711954987197252,1.343104534943385,10.881881387686976,0.30094214406902703,-13.268867858668054,0.2063867621372502,-19.40429671909372,1.425431899841693,16.18282956934523,-0.10446396130913585,13.956974581591448,1.34282311277233,15.371864645889014,0.6850232703532548,-8.918444176327759,1.4122603779682157,6.710547735583448,-1.268937003357963,7.6596684732144125
2025-07-28 06:00:00+00:00,2025-07-26 06:00:00+00:00,48,1.7164859559455157,239.54911968811044,1.149750584764671,30.063932856507954,1.407094096242428,39.47372505840723,0.293916495386615,-42.26483772605523,1.3514671658831499,19.942680262831985,1.3388842131314072,11.274300901003064,1.343104534943385,8.63793808675381,1.0308852233610688,-19.89674259566595,-0.9129653777880598,-33.32462871431355,1.455418454796755,14.967718711288324,-0.22225768376183921,8.592028147232812,1.4328345514629408,9.104279972486456,0.7812310783031781,-6.491981347909483,1.1425332611339225,3.517586346021174,-1.268937003357963,5.124284479059817
2025-07-28 07:00:00+00:00,2025-07-27 07:00:00+00:00,24,1.0656768500372091,130.0143020443316,1.8910949537065997,33.33351166836225,0.7824738697869424,16.425166093108835,0.5272279929989844,-51.269685670156356,1.016642928287733,14.498799340972873,0.7456731505143972,12.828057237961493,1.2572072034002633,24.8019761006384,0.2858814202872105,-23.659005881925847,0.20754255507924146,-22.862242997133936,0.948978860000153,1.4974329953439356,-0.01766858687030177,9.484808485153906,1.7028688675347736,10.289103956033951,0.027933819155876498,-4.6282489173668635,0.6866811985561848,2.8077455047842004,-1.268937003357963,10.00299963900492
2025-07-28 08:00:00+00:00,2025-07-27 08:00:00+00:00,24,0.7181243432170663,84.18372153762294,1.1740569575168653,34.14891260368742,0.4278588009825335,15.655992280091086,0.43390339395403665,-39.15623015509741,0.5231897196216733,15.499270088557196,0.13349690060481958,3.525919489118365,1.2679443698431532,23.967972909686857,0.40402443128679366,-20.80289928319918,-0.027686658360379673,-16.319498947893997,1.0655932403809496,3.6522186838062436,-0.20985834455629152,13.598707430147929,0.9731332752930351,2.926901118011136,0.05517019014230796,-4.134111458715454,0.08112187367223915,2.2030287042645744,-1.268937003357963,10.547882733825238
2025-07-28 09:00:00+00:00,2025-07-27 09:00:00+00:00,24,0.21723984809391933,26.410855119061246,0.141036115548604,18.21087394011731,-0.08508878538454577,-5.719563526696357,0.6205525920439321,-40.12231831898719,-0.09562296114887053,11.14309910378587,-0.47868027268036506,-2.945712719737114,1.1927842047429216,13.394990791115472,0.5901080406799049,-13.54207801353692,-0.5705831822873613,-12.588886758457319,0.7257456175569139,0.19979983906945714,-0.36485008462563806,7.887941534453767,1.0856475736562987,1.4922847150655005,-0.13536827397796267,-0.1090694552969134,-0.6183742633034982,-3.625634872078578,-1.268937003357963,7.86257920814781
2025-07-28 10:00:00+00:00,2025-07-27 10:00:00+00:00,24,-0.45060614540360994,-95.77410519226048,-0.3450913394952837,11.11270324593968,-0.7025544972939771,-21.93491473836553,0.8072017901338276,-18.698587698699974,-0.7977424673306747,0.4585247298367633,-1.0796413509779066,-11.09001325310007,1.0532010409853487,4.884244711969642,0.14732276149449816,-3.7957109178215998,-0.06888758752621693,-5.771963631145494,0.23596521995756858,-1.3993580457165264,-0.7988269568198084,10.381329015030786,0.7577487612833589,2.1183981130663567,-0.16248854755558578,1.1780418770505041,-1.3107276766824156,-6.704992454325183,-1.268937003357963,1.9911649874483026
2025-07-28 11:00:00+00:00,2025-07-27 11:00:00+00:00,24,-1.0264529459193368,-180.31660598824655,-0.989210217428435,-22.647718712849322,-1.1144056824668171,-32.59510046982204,0.9938509882237231,-23.05003104994563,-1.5349945644207421,-35.64564975925403,-1.6446348886104365,-16.36717576243667,0.9136178772277761,3.2792940809733517,-0.6970818185393495,-7.209604314029813,-0.022358904336968716,-5.558523891893763,-0.4170753101748919,-2.5804133434846053,-1.0778120889446323,7.572333769226497,0.28518870815765157,-2.7257908125129107,-0.2703902179910269,0.5516571191009849,-1.6508446107369497,-12.564632058176375,-1.268937003357963,1.7333203509553432
2025-07-28 11:00:00+00:00,2025-07-25 11:00:00+00:00,72,-1.023045568401492,-180.76893140209748,-0.989210217428435,-23.930447835598105,-1.1144056824668171,-32.20815371744814,0.9471886887012493,-20.138643510010816,-1.5349945644207421,-36.11484559739965,-1.6446348886104365,-16.078422118223763,0.9458293765564465,3.8641154771575374,-0.6706418812334938,-7.476308619500341,-0.022358904336968716,-5.4407777429543165,-0.4104116312959893,-2.569751878114315,-1.6233830139887322,11.701382646033087,0.3012621793524035,-2.8505547717527855,0.6356391572427629,-1.9739785973875614,-1.6508446107369497,-12.438700134892716,-1.268937003357963,2.033079813788711
2025-07-28 22:00:00+00:00,2025-07-25 22:00:00+00:00,72,-1.1457111590438955,-174.0940509058877,-1.1958143858220873,-59.742558998211415,-1.165109415988851,-33.048307542915126,1.5537985824934095,-31.251359202979746,-1.7814550127620423,-35.65266560514168,-1.3195687102266491,-13.599529805383801,0.6451887161555205,3.083552227127357,-1.090334050620115,-6.971552845844318,-0.022358904336968716,-5.311179932740111,-1.1400844685358305,-6.75749321817136,0.17452117081568796,5.923127160013963,-1.0424800125288596,-3.820263053461929,0.7094063901205149,-1.8768992108537141,-1.5329553939256109,-10.390412813487139,-1.2577837455640501,2.378225118247269
2025-07-28 23:00:00+00:00,2025-07-25 23:00:00+00:00,72,-0.7436406119382402,-138.07044592570563,-0.5395423215128388,8.893356774010272,-0.9246555140714754,-28.403981777634353,1.3204870848810402,-37.760976437069935,-1.098232581993016,-16.04126871687321,-0.727213185891546,-1.4277150764393567,0.7632975470273128,6.547600874164869,-0.3202290412432288,-3.472338225318249,0.708139365758548,-5.525517701897512,-1.096770555822963,-6.8973848927524735,0.3481119196933561,5.083220765406916,-1.0424800125288596,-5.282116589858262,0.5346112741205048,-2.3272885143296747,-0.9125840001436237,-4.176131218725148,-1.2577837455640501,2.1813113723780795
2025-07-29 00:00:00+00:00,2025-07-26 00:00:00+00:00,72,-0.34838481986827385,-76.14399423856244,0.2990275384378675,23.336295824060915,-0.5274244238405716,-25.768963778039897,1.0871755872686708,-61.55685032141454,-0.37561906444805865,13.368684408687354,-0.11852254588052068,-4.9758676400090955,0.8921435443419954,2.3685615445196206,-0.43234776273008535,-7.9216081794919955,1.13355026263878,-8.283301456901233,-0.7036135019677062,-6.000873562235265,0.577499694995989,-0.8539266373000228,-1.0006889874225045,-5.508179042144356,1.5617730074273106,-8.282890631988971,-0.19762981283429634,-3.849449373120414,-1.2577837455640501,3.1543962966150114
2025-07-29 01:00:00+00:00,2025-07-27 01:00:00+00:00,48,0.6840505680386209,86.19704916915157,0.11672974279640963,18.181367752442096,0.35351406287353904,13.156341284840638,0.38724109443156274,-25.352142945297693,0.28258470309841677,15.508864064654214,0.49473771292330665,8.949446830316175,1.0424638745424586,6.317153012483357,1.0067880653101626,-7.238779821026573,-1.0909056450516958,-1.8966538499062227,0.026059335272134842,-2.9212547734522043,-1.6233830139887322,12.163494847110112,-0.5667052651642018,-2.5089559697629102,0.13674657233605242,-0.8213132121270121,0.4544745941715073,2.8292978955392667,-1.2577837455640501,7.474613747255337
2025-07-29 02:00:00+00:00,2025-07-27 02:00:00+00:00,48,1.2769342561435704,231.22849935006073,0.2990275384378675,25.29334265678026,0.949516231144809,40.04189159789455,0.013942698251771779,10.400858553683516,0.831664514035893,13.837093246421762,1.0982351855203325,12.072686200504807,1.214258537628702,7.509942425367957,1.2239971705190278,5.326617135091136,-1.297997312765986,7.86869987782657,0.6924272231624007,0.6950528611700332,-1.6233830139887322,9.126856547858885,0.08266297110377699,-0.6225413360471796,0.08238996567589232,-2.6478759676544033,0.9766268596781422,3.6744255235494734,-1.2577837455640501,5.84469471482465
2025-07-29 03:00:00+00:00,2025-07-27 03:00:00+00:00,48,1.7233007109812046,326.30513309859424,0.3476402839422563,27.550646587949654,1.4077162279420847,45.902329674109815,-0.26603109888307147,12.648222553917538,1.2343585295222725,18.46692199505565,1.6554082579931986,12.481944101763444,1.3323673685004946,5.983352216499954,1.373935042835779,10.27266676026877,-1.4581067627113435,7.261710550130703,1.272167285626932,7.798156062937354,-1.6233830139887322,5.8645773122438625,0.725601818893855,3.3273183690732178,-0.02655552079778641,-2.8989407870501847,1.3252927467327724,3.801339147621227,-1.2577837455640501,5.0344248255434
2025-07-29 04:00:00+00:00,2025-07-27 04:00:00+00:00,48,1.978854024819545,367.97756740469157,0.3840998430705479,31.061451882598778,1.6777213855931612,47.091419811837596,-0.4993425964954408,11.970623180470358,1.462986526417712,25.071171337453286,2.013654665335977,9.66210877158981,1.4397390329293969,6.6156140634813125,1.4428796894814282,10.886721288536355,-1.524115177148344,19.463820196442427,1.708638252195056,21.69406107655015,-1.6233830139887322,6.58522936766534,1.284958616471223,6.976469879702807,-0.053791891784217866,-3.878478152252347,1.4735276455540993,7.2431975179037416,-1.2577837455640501,5.948329642538288
2025-07-29 05:00:00+00:00,2025-07-27 05:00:00+00:00,48,2.0163351775158347,388.8340496200424,0.44486577495103385,31.039142673387243,1.7203374070196558,47.429717716092775,-0.7326540941078102,11.913550458091136,1.5018453012101851,24.424339599796557,1.841898678303308,9.259346439711472,1.547110697358299,7.1488964219656985,1.432169841458803,10.713579406252713,-1.4989309650369733,18.09233041971223,1.9585262101539058,26.494667176407187,-1.6233830139887322,7.07129477748155,1.706083561773724,12.436536923811829,0.0006891491790450478,-3.985865228213157,1.4101709434044236,8.198977380352272,-1.2577837455640501,5.629566692606862
2025-07-29 06:00:00+00:00,2025-07-28 06:00:00+00:00,24,1.8221146589986963,321.27641694812075,0.48132533407932543,29.291852295863734,1.514411814433236,45.2310848249897,-0.5926671955403886,13.490348444193478,1.3485394499741274,18.978433167113206,1.3323138331280397,12.259812961511651,1.6330080289014206,7.2021887925885455,1.3448176435242674,4.846497850836285,-1.4069033893691298,0.17664928118352183,0.6524451498889847,-7.453805647212737,-0.9662180360947027,3.7190078425663615,1.911823993066549,8.191785522171063,-0.7080280917624249,5.702902211706427,1.1399040297632645,4.661975529290089,-1.2577837455640501,5.504881986529297
2025-07-29 07:00:00+00:00,2025-07-28 07:00:00+00:00,24,1.4507105095536417,272.3019648892243,0.3840998430705479,26.969867880011403,1.13148975329444,37.64343335239466,-0.26603109888307147,13.893463035645178,1.0131829003952522,15.21794929636262,0.7401127984255274,7.725346811059305,1.547110697358299,6.591377938105444,1.2434087700600358,2.2872852861326045,-1.3175180996579487,-4.1365541351615285,1.8052615959391445,10.836529193458116,-0.9290200184780595,4.724382103262806,0.6870254880264504,2.02685725375406,-0.02655552079778641,-3.8388383680272455,0.6832214741322681,-0.13142325769735932,-1.2577837455640501,5.474521546572688
2025-07-29 08:00:00+00:00,2025-07-28 08:00:00+00:00,24,0.1320554101478059,-9.576683799787075,1.1132910256363795,40.98376111379521,-0.060514583248099774,7.5962513010037425,0.060604997774245654,12.079607856518754,0.5186650677622757,17.92474809202844,0.12816514367227955,4.197930795617718,1.3323673685004946,14.04022336946567,-0.40222631516645224,-14.300173397131879,1.0032360452852345,-12.000369448087781,1.4420910970389498,15.773770652720186,-0.4020481022422812,14.37669885529078,1.7993096947032854,20.06700577494121,-0.08101166731780222,-3.136767830585202,0.07662922094916416,1.401216914078078,-1.2577837455640501,8.815015530536623
2025-07-29 09:00:00+00:00,2025-07-28 09:00:00+00:00,24,-0.07238724092286633,-20.11304844051734,0.3597934703183535,24.852873253925516,-0.2935029047695932,-0.42045493081467805,0.060604997774245654,10.947583980461877,-0.10121223697518518,13.024025179764799,-0.484186592743897,-4.30391461560775,1.3645788678291655,8.615939841188718,-0.07323317122143742,-13.61819330055021,0.32903339023757366,-10.247232883652162,0.15266923397128535,-2.4684581116546833,-0.5570398423116278,8.906085591226146,1.448908022657693,7.563830705269205,-0.053791891784217866,-0.970327276695914,-0.623899430968983,-5.885706080533104,-1.2577837455640501,6.183646547500042
2025-07-29 10:00:00+00:00,2025-07-28 10:00:00+00:00,24,-0.41993974774300913,-101.74783922621118,-0.43016364412796404,7.855916107912562,-0.6919782583998105,-22.405683060245025,0.24725419586414116,-0.9682545311701712,-0.8043963671239064,1.2224169348266587,-1.085573312121062,-12.642145869914579,1.2357328705144828,7.202296217768077,0.32637803312276154,-3.829163498389824,-0.3851688830835046,-5.539053064557295,-0.047241132395794395,-3.2492932590860204,-0.5570398423116278,8.063175793946428,0.20482135218389183,-1.5908474362157528,0.05517019014230796,-0.366314855138828,-1.3163791250621866,-7.946121723543041,-1.2577837455640501,2.3158008870005253
2025-07-29 10:00:00+00:00,2025-07-26 10:00:00+00:00,72,-0.832232427402198,-142.93134744282787,-0.6489209988977136,4.197033652104598,-0.9349206871158136,-27.649584914933858,0.5738902925214583,-14.96153193135493,-0.8043963671239064,19.948162073847545,-1.085573312121062,-14.957731710726152,0.6666630490413009,2.1872638610110298,-0.7660264651849986,-7.702778365193476,0.9156261185541857,-5.199524111909158,-0.7102771808466088,-5.119743544580122,0.025729100349115266,16.48819105425945,0.9184834732308784,7.064695822440019,1.0248523093941568,-6.019658539975869,-1.3163791250621866,-7.056802119184749,-1.2577837455640501,1.8338850519104086
2025-07-29 11:00:00+00:00,2025-07-26 11:00:00+00:00,72,-1.053711966062093,-179.06748697693874,-1.0135165901806293,-27.871185397177484,-1.120315933613557,-32.624648639585644,0.667214891566406,-19.56832702189161,-1.5429792441726202,-32.26748142784182,-1.6503829241037646,-12.835694458181305,0.5915028839410694,-1.0953311174250255,-0.8510358838645853,-7.38069757971387,-0.022358904336968716,-5.412490618861636,-0.7902413273934408,-6.238162981259527,-0.05486660448694494,7.417056503416495,-0.6277844557042592,-4.204920075947374,1.1045421313472528,-3.75966390215224,-1.650894113333241,-9.65792578958621,-1.2577837455640501,1.9030502753648917
2025-07-29 22:00:00+00:00,2025-07-26 22:00:00+00:00,72,-1.1763775567044963,-169.9709997091983,-1.2565803177025732,-61.381009515377556,-1.1800405767806157,-31.298052878779284,1.1338378867911447,-27.06978726227029,-1.7857135086297107,-34.822385563286794,-1.3251546432767953,-12.35295001463142,0.6559258825984104,2.379095259384319,-1.2479696262031281,-7.334615832412243,-0.022358904336968716,-4.963250154425839,-1.1400844685358305,-6.230972194002406,0.7386911046681094,-0.13877278289238446,-1.0424800125288596,-3.466099390918332,1.476722935221031,-3.4771298502032546,-1.536871431778273,-9.364940237488133,-1.2462299641772336,2.339362548023718
2025-07-29 23:00:00+00:00,2025-07-26 23:00:00+00:00,72,-1.0673414761334712,-161.58906999907708,-1.0256697765567266,-24.88415709665924,-1.1066290362211064,-30.418248221888096,1.1805001863136186,-27.567680245248656,-1.1043541698027892,-19.671326077943842,-0.7323093743325112,0.1011881297094983,0.6666630490413009,7.892066625246771,-1.110415015662537,-8.81769196541256,-0.022358904336968716,-4.5976937870375645,-1.126757110778025,-8.770461998435623,0.8564848271208129,-7.432418881998002,-1.0424800125288596,-4.106559870948072,1.4935610672789865,-5.490231962281162,-0.9177374370280191,0.6207560181061096,-1.2462299641772336,2.0499574629142656
2025-07-30 00:00:00+00:00,2025-07-27 00:00:00+00:00,72,-1.0639340986156267,-157.38956417920932,-0.989210217428435,-26.221557577432907,-1.0845433608832877,-30.633551137730965,1.5071362829709358,-39.28093424076416,-0.380942184282644,15.975036478481329,-0.12333229301672026,2.8774136961449392,0.44118255374060605,-3.1194943403085778,-1.2282233439114132,-9.72120952559179,-0.022358904336968716,-5.77795346776937,-1.0201382487155826,-8.416763508754151,0.8564848271208129,-8.886767470869238,-1.029621235573058,-7.302788059464208,1.5425534746621299,-5.259525919731644,-0.20192197279798313,2.577209502492767,-1.2462299641772336,1.9873529207881855
2025-07-30 01:00:00+00:00,2025-07-28 01:00:00+00:00,48,-0.2563856268864713,-66.9484510366406,0.6028571978402973,32.36701848300374,-0.3998874254109158,-12.413694802832227,0.8072017901338276,-34.77262449371257,0.27832620723074847,15.024611331347197,0.48986572837124676,12.840009173775242,0.9458293765564465,10.449266178996865,-0.6880453842702595,-7.586646150938091,1.4096755982533846,-8.055245541974307,-0.6069901582236177,-5.200292339884717,-0.38344909343395966,20.149398711253532,-0.5570611824473507,-6.83595887720143,0.8279375587482987,-8.473318198839461,0.4511423871451472,3.933161017282276,-1.2462299641772336,6.1191861392046585
2025-07-30 02:00:00+00:00,2025-07-28 02:00:00+00:00,48,0.830567801305936,97.56996668719071,2.0612395629719606,36.29163962409,0.5647277749070422,15.774820114886339,0.293916495386615,-32.63820082418503,0.8282044861434121,16.590216087238453,1.092682228165079,14.544907286621465,1.0532010409853487,2.117510985233012,0.03988959851754023,-24.508514962638504,0.694779801727555,-18.938524776547315,-0.22716046212616617,-4.2120850895712225,0.2365178668434266,23.573904567221916,-0.5281289342967972,-4.71786218318891,0.430982176075196,-7.208706584418552,0.9740553497900184,2.810119020046073,-1.2462299641772336,9.886237664112352
2025-07-30 03:00:00+00:00,2025-07-28 03:00:00+00:00,48,1.3348596739469274,254.04806674276426,2.656745695400723,37.05084116570011,1.0428359860933376,38.119161202526456,-0.26603109888307147,35.92611957376588,1.2314308136132504,15.191439293330964,1.6478251147214862,14.052985866595833,1.0317267080995682,0.5738049532189256,0.23634837318256938,-9.936129051445716,0.5089785841829325,-11.845156969538552,0.8356963190588078,-0.6523135999029338,0.8564848271208129,-8.222561338651149,-0.16165379105645267,-6.775264683420432,0.6356391572427629,-10.63399649919843,1.323181700846424,4.525836339461872,-1.2462299641772336,7.218089781586338
2025-07-30 04:00:00+00:00,2025-07-28 04:00:00+00:00,48,1.6449310280707803,333.7631119013296,2.839043491042181,35.69932011926409,1.3448809262767423,37.147447886349326,-0.17270649983812372,35.05278846378989,1.4603249665004192,20.163186338540015,2.00234843945854,13.485050064892574,0.9350922101135565,-1.0576605781949118,0.39632672802053165,-9.904090407197351,0.30004871163129576,-11.78385089584538,1.3288085560976046,8.789430049803977,0.8564848271208129,-6.244056646860904,0.8638336711687218,4.250869752435243,0.6356391572427629,-10.445270051620165,1.4715318730380564,6.977298146348517,-1.2462299641772336,7.986152122207422
2025-07-30 05:00:00+00:00,2025-07-28 05:00:00+00:00,48,1.6415236505529358,313.5810356933348,1.8789417673305027,35.47806989184637,1.3616784821674772,42.697975477244476,-0.12604420031564983,35.122285123897775,1.4991837412928926,23.678796212421933,1.8323284826338961,13.301595683330474,0.8921435443419954,0.042538016696855564,0.6463347427986865,-6.736656256880269,-0.36313966369043393,-12.233436805446177,1.6320059450876754,15.358437340294225,0.7882884614903003,-4.969539688426246,1.3396084185333796,12.857738667672521,0.6356391572427629,-10.888537312230532,1.4079333970385735,7.299257620128888,-1.2462299641772336,7.812781175120817
2025-07-30 06:00:00+00:00,2025-07-29 06:00:00+00:00,24,0.9089374842163603,132.93102319971976,2.6810520681529173,37.84341615498682,0.6680016370500808,17.513793691826017,0.10726729729671952,13.325984475474629,1.3453455780733767,19.248703667778127,1.3254466533477174,16.19255516835362,0.9887780423280076,-3.0299181293778665,-0.2780590146541424,-20.4800622687481,1.1539207379839311,-16.57832699401901,1.1688802630039408,8.052904806864971,0.8564848271208129,-12.394883381830851,0.8927659193192753,4.714119667989343,1.403782026746319,-13.810356863959552,1.137086110348792,5.240112169859776,-1.2462299641772336,9.403024762525433
2025-07-30 07:00:00+00:00,2025-07-29 07:00:00+00:00,24,-0.6720856840635049,-106.56651081807732,-0.16279354385382583,15.551682067184522,-0.7345942798263053,-29.146558314059718,0.5272279929989844,-12.723550141681486,1.0094567165110426,49.26811141651088,0.7342886577966197,17.303642644132644,0.7310860476986419,6.750864054050489,-1.0859831748609234,-7.54193430884264,1.687147886724645,-7.988230160311243,0.9123286261661884,1.9278893652800233,0.8564848271208129,-15.437118648915778,1.1853030950637609,17.052543122272258,1.476722935221031,-12.0021602088482,0.679533954071453,4.289659599642018,-1.2462299641772336,8.928616451839048
2025-07-30 08:00:00+00:00,2025-07-29 08:00:00+00:00,24,0.3944234790218353,34.160268519316986,1.5508057351758784,22.602072369158456,0.1643860261778544,-2.800863095516508,0.5738902925214583,-62.34312185376857,0.513874259911149,12.69317880602012,0.12258853029657638,2.329755092733149,0.7740347134702031,-8.180153523049476,-0.20108198199152452,-16.172281810318225,0.9565577606012922,-14.125950036226119,-0.6336448737392283,-5.657603841400503,0.8564848271208129,-16.688457010220176,0.9377716386645808,2.6803746447894152,1.476722935221031,-9.977205911168388,0.07187595634700124,1.7818205192182375,-1.2462299641772336,8.35466413924603
2025-07-30 09:00:00+00:00,2025-07-29 09:00:00+00:00,24,-0.7811217646345301,-132.1961321815777,-0.41801045775186685,2.2106860187794575,-0.8506218418123093,-22.71817366742208,0.8072017901338276,-24.970323387300166,-0.10706766879322885,27.342445819494053,-0.48992855570729843,-2.7225537756862037,0.6129772168268498,-4.082921909593701,-1.0086714594475985,-9.952319165774892,1.5918060736876352,-11.683446907242459,0.4092208708090377,-3.7934661039216433,0.8564848271208129,-13.75651849766876,-0.5538464882084003,-5.507758890626796,1.5330915000769023,-11.200698661624825,-0.6297014090314687,0.905613264229548,-1.2462299641772336,2.4215446698886587
2025-07-30 09:00:00+00:00,2025-07-27 09:00:00+00:00,72,-0.9685275281159795,-145.47666594472534,-0.7947592354108799,-8.580166976658113,-1.0036662399278964,-26.707453489914556,0.6205525920439321,-16.16052238199255,-0.10706766879322885,32.0427380888304,-0.48992855570729843,-0.4768696203783874,0.6881373819270813,15.421798431934334,-1.1653029867784905,-8.587742088324148,1.758121941094628,-10.875136275025014,-0.7769139696356355,-7.207984012911182,0.8502851575180389,-14.86514826635398,0.9988508292046382,4.5387571961917965,1.0248523093941568,-9.673560150353989,-0.6297014090314687,0.9382892325604713,-1.2462299641772336,2.863366370474493
2025-07-30 10:00:00+00:00,2025-07-27 10:00:00+00:00,72,-0.44038401285007633,-94.89641733227967,-0.3815508986235753,10.784598164968925,-0.6969553119970655,-22.888932842417603,0.3405787949090889,-6.686625061885853,-0.8115825789005965,1.4701404894010255,-1.0917370243911382,-10.580142417645662,0.720348881255752,0.133178333716674,0.23032408366984272,-3.565279981774757,-0.19843917228296787,-5.303744082394137,-0.9235149049714939,-6.1722540606916425,0.23031819724065272,8.79010197114996,-0.6920783404832671,-2.742242859962051,1.0851091182996295,-4.990796851239671,-1.3222538269447515,-5.71190131215906,-1.2462299641772336,2.4843588860467634
2025-07-30 11:00:00+00:00,2025-07-27 11:00:00+00:00,72,-1.023045568401492,-181.47594309831257,-1.0013634038045323,-28.572663418651747,-1.1172052751152728,-33.4150207026286,0.38724109443156274,-14.450471225150944,-1.551230079916227,-36.27163764636852,-1.656286753243519,-14.241158681770834,0.580765717498179,-0.6657613864991907,-0.633157413154306,-6.801233222767899,-0.022358904336968716,-5.246214762474985,-0.4070797918565379,-3.2888025566370485,-0.38344909343395966,7.794071558897947,-0.8335248869970843,-4.095558218123542,0.9831110533134326,-2.4126498685567803,-1.6509305430999908,-10.375886963043882,-1.2462299641772336,2.176667722065791
2025-07-30 22:00:00+00:00,2025-07-27 22:00:00+00:00,72,-1.1831923117401855,-166.08221137154428,-1.2687335040786705,-58.499141473979726,-1.1828401694290713,-31.606010784020814,1.413811683925988,-31.808220269811795,-1.7902381604891084,-29.788576790260382,-1.330766623911791,-9.602199509391223,0.4519197201834964,-2.150798740700121,-1.2877968735372651,-8.197538258117255,-0.022358904336968716,-5.4192851785756755,-1.1400844685358305,-6.194598370998893,0.8564848271208129,-4.696109671656077,-1.0424800125288596,-2.799342082057875,1.5558326120425734,-3.337263323025599,-1.540759329885606,-6.739745686239358,-1.2342790781473079,2.3294390994293446
2025-07-30 23:00:00+00:00,2025-07-27 23:00:00+00:00,72,-1.1831923117401855,-158.05553235615284,-1.2565803177025732,-52.01132419271944,-1.1800405767806157,-31.182498226219614,1.5071362829709358,-32.71686804182136,-1.111008069596021,-13.77521900131673,-0.7374285339333986,-0.7006928688967099,0.4626568866263864,-3.171063276500696,-1.3282934863728164,-8.507867167342123,-0.022358904336968716,-5.492103747627826,-1.1334207896569277,-7.005203404216901,0.8564848271208129,-5.854226639239431,-1.0424800125288596,-3.341705302144337,1.5596335962543857,-3.668480740331862,-0.9229140538749261,-0.1288128141422754,-1.2342790781473079,1.9419995640258663
2025-07-31 00:00:00+00:00,2025-07-29 00:00:00+00:00,48,-1.1593406691152737,-148.59883938526556,-1.1958143858220873,-55.41820098771158,-1.1604434282414247,-29.708503011247252,1.5537985824934095,-35.027219149582876,-0.3862653041172293,19.213252953121952,-0.1281691772210858,3.080378289164948,0.43044538729771603,-2.256982954612079,-1.3128980798402927,-9.150139533719639,-0.022358904336968716,-6.374406404861801,-1.136752629096379,-8.91383280267987,0.8564848271208129,-6.390949234457908,-1.0424800125288596,-7.017980156359103,0.5601315705277422,-2.428237657924486,-0.20624008230701904,2.4915246554450747,-1.2342790781473079,1.2531428296307605
2025-07-31 01:00:00+00:00,2025-07-29 01:00:00+00:00,48,-1.1525259140795845,-140.87535540129608,-1.171508013069893,-48.28132624548087,-1.1539110453950274,-28.627271218071733,1.6004608820158834,-37.001669149474225,0.2740677113630801,32.88692636564294,0.48495005221370485,13.364192292740501,0.30159938998303304,-1.6409616940058622,-1.3175836383501913,-9.047373372602092,-0.022358904336968716,-6.373316352721046,-1.1100979135807685,-9.81639927854118,0.8564848271208129,-8.251058104770875,-1.0392653182899092,-7.400352323952916,0.45710589803023743,-2.3471670489498577,0.44777597789787216,5.281803575247819,-1.2342790781473079,1.1273761160452542
2025-07-31 02:00:00+00:00,2025-07-29 02:00:00+00:00,48,-1.1593406691152737,-141.04224823796423,-1.18366119944599,-47.730627092492846,-1.1595102306919394,-29.02548881370882,1.6004608820158834,-38.88020868276104,0.8247444582509318,33.98261359879386,1.0870484648203353,16.530287473104565,0.40897105441193526,-1.4118584858208445,-1.323942610613625,-8.881481421706239,-0.022358904336968716,-6.39322700982378,-1.1034342347018657,-9.769113400029159,0.8564848271208129,-7.4013265285642085,-1.0135477643783062,-7.503973497418034,0.7094063901205147,-2.808573796188927,0.9714318103163605,5.602116114010627,-1.2342790781473079,1.377833762306925
2025-07-31 03:00:00+00:00,2025-07-29 03:00:00+00:00,48,-1.1252668939368282,-141.19178071571636,-1.0985888948133098,-36.23490394559662,-1.12964790910841,-28.612516828504578,1.5537985824934095,-41.85506791327454,1.2285030977042286,33.77278742757243,1.640090315908137,17.638177976201174,0.43044538729771603,-1.3853877351902344,-1.3132327625909999,-9.049579686822504,-0.022358904336968716,-6.699872544120681,-1.1100979135807685,-11.120498701267225,0.8564848271208129,-8.273969558997504,-1.0071183759004052,-9.800310517124498,0.3783495153565079,-2.0008494458266335,1.3209918246548458,6.5156949492095295,-1.2342790781473079,1.6425076746955005
2025-07-31 04:00:00+00:00,2025-07-29 04:00:00+00:00,48,-1.1388964040082064,-141.10845300924944,-1.1228952675655042,-38.248602169158545,-1.1414684114018903,-29.135120945469705,1.5537985824934095,-42.22233664404912,1.4576634065831267,37.20052834380761,1.9908162491145742,17.370695670951346,0.44118255374060605,-0.9661340779977302,-1.3212651486079685,-9.085516386312273,-0.022358904336968716,-6.805030662391251,-1.076779519186255,-9.288479037175685,0.8564848271208129,-7.0856926503562345,-1.0135477643783062,-9.296169266662593,0.19093741398413572,-0.24176323825209212,1.4694232862679026,7.456770242223179,-1.2342790781473079,0.5801250654240143
2025-07-31 05:00:00+00:00,2025-07-30 05:00:00+00:00,24,-1.14911853656174,-139.9118977948266,-1.1593548266937956,-44.83277380547473,-1.1501782551970865,-28.8341103192941,1.6004608820158834,-40.906403546215195,1.4962560253838701,39.5534933498909,1.822441521135743,17.539138830030502,0.40897105441193526,-1.314656215332807,-1.3212651486079685,-8.85835729516128,-0.022358904336968716,-6.629434355427746,-1.1134297530202197,-11.381592498773717,0.8564848271208129,-6.287638304627368,-1.0006889874225045,-6.857564518183998,1.5276595796688583,-5.342444661617172,1.405544345856569,7.632884672629017,-1.2342790781473079,1.1150517104440227
2025-07-31 06:00:00+00:00,2025-07-30 06:00:00+00:00,24,-1.128674271454673,-140.5403117080448,-1.1107420811894069,-38.252402528476345,-1.132447501756866,-27.88485651963912,1.6937854810608313,-43.18107438818186,1.3421517061726254,39.09343671549621,1.3182824788508354,20.97813272453864,0.48413121951216714,-2.0416955805397032,-1.313902128092414,-7.725673998724845,-0.022358904336968716,-6.648962571823278,-1.1001023952624145,-11.558295856701397,0.8564848271208129,-6.926959052671016,-1.0167624586172566,-7.715773384746977,1.5276595796688586,-4.956113457513851,1.1340762766964705,7.5798243522977895,-1.2342790781473079,1.997368126285499
2025-07-31 07:00:00+00:00,2025-07-30 07:00:00+00:00,24,-1.1559332915974292,-140.50420934357047,-1.18366119944599,-54.19708731266405,-1.156399572193655,-29.0827942292168,1.6937854810608313,-42.5264383771776,1.0054643766351037,37.60572625342207,0.7282001271560731,18.903180007127297,0.48413121951216714,-2.180548335512216,-1.3202611003558475,-7.60755257241128,-0.022358904336968716,-6.7275209320436735,-1.0801113586257065,-9.969801749205281,0.8564848271208129,-6.3510369036836005,-1.0039036816614548,-7.851881355523749,-0.2971796935118471,0.16355958228080156,0.6756159546353145,5.090833405044584,-1.2342790781473079,1.5780359793606284
2025-07-31 08:00:00+00:00,2025-07-30 08:00:00+00:00,24,-1.1695628016688073,-143.24144667557823,-1.2201207585742817,-59.06469669116984,-1.1682200744871354,-30.176161948614595,1.7404477805833052,-39.10307544185293,0.5090834520600224,34.50318346006826,0.11676685747946307,8.228688177378887,0.4733940530692768,-3.1148717208305783,-1.323273245112211,-7.937415493827516,-0.022358904336968716,-6.4521466300774435,-1.106766074141317,-8.225045476525604,0.8564848271208129,-5.625317418204405,-0.9846155162277526,-6.60705128386695,-1.3512491295017788,3.8402474025589948,0.06686031697001221,5.352894769648122,-1.2342790781473079,1.2326211075969116
2025-07-31 09:00:00+00:00,2025-07-30 09:00:00+00:00,24,-1.1729701791866518,-146.86252872714226,-1.2322739449503788,-56.68061903574287,-1.1716417988352479,-30.698807575521226,1.6937854810608313,-38.36618015941404,-0.11318925660300215,25.11996710870592,-0.4959057863057882,0.7035089840760891,0.4733940530692768,-2.9369751271328535,-1.3215998313586756,-8.677307684689692,-0.022358904336968716,-6.436579692104095,-1.1200934318991225,-8.177463768241427,0.8564848271208129,-6.0412396416255625,-1.0103330701393556,-5.815790428287172,-1.3512491295017788,3.684515599228637,-0.6357804923570558,2.026474195393138,-1.2342790781473079,1.2377980061695855
2025-07-31 09:00:00+00:00,2025-07-28 09:00:00+00:00,72,-1.0877857412405383,-151.17641357816962,-1.0378229629328237,-29.170777593095075,-1.1013409167740231,-29.69747159359055,0.9005263891787754,-20.311484684492843,-0.11318925660300215,25.207326923763183,-0.4959057863057882,1.2567344948836774,0.6129772168268498,1.0947019664752011,-1.2626956672342375,-9.201302850928037,-0.022358904336968716,-5.049942374141281,-1.0134745698366798,-7.919859866999698,0.8564848271208129,-9.653873136163009,-0.7113665059169694,-6.886136207899311,1.4155116061266662,-6.709590457299762,-0.6357804923570558,3.5750869575545883,-1.2342790781473079,1.2928702895884885
2025-07-31 10:00:00+00:00,2025-07-28 10:00:00+00:00,72,-1.1048226288297611,-165.11691939068376,-1.0864357084372125,-37.57337277335062,-1.1221823287125279,-29.96047622978972,0.9471886887012493,-22.264473730403324,-0.8187687906772867,1.0156530177633316,-1.0981314222844472,-9.49650308620345,0.6344515497126302,-1.0008407980185705,-1.2315701714184835,-7.6538424862108325,-0.022358904336968716,-4.402078829184238,-1.0401292853522905,-7.658134333723096,0.8564848271208129,-9.24263885469801,-0.9203216314487448,-4.9535695988434725,1.4037820267463186,-6.348839925250851,-1.3283477655505154,-7.171203826187902,-1.2342790781473079,1.3941711287137255
2025-07-31 11:00:00+00:00,2025-07-28 11:00:00+00:00,72,-1.1457111590438955,-170.9079007012887,-1.1958143858220873,-49.68722768620673,-1.165109415988851,-31.114315033035595,1.040513287746197,-25.360052043472614,-1.5597470716515638,-29.16987261994261,-1.6623409400813085,-13.623724705150343,0.6451887161555205,2.246137581083492,-1.1663070350306117,-7.3183539302018294,-0.022358904336968716,-4.941607550589641,-1.056788482549547,-5.626687933479751,0.8564848271208129,-5.561389466427938,-0.9460391853603479,-3.2073604471092705,1.426810216880934,-4.751018296716725,-1.6509560220398714,-10.179230793647555,-1.2342790781473079,1.614734168079428
2025-07-31 22:00:00+00:00,2025-07-28 22:00:00+00:00,72,-1.1900070667758744,-169.0421466548868,-1.2808866904547676,-62.29816479388123,-1.1859508279273556,-32.128283816526064,1.6937854810608313,-35.291549341828784,-1.7944966563567764,-30.409850306486558,-1.3364021355696256,-10.400221702949619,0.3874967215261549,-2.317603401950682,-1.3282934863728164,-7.5982005261223895,-0.022358904336968716,-5.723393676280463,-1.1400844685358305,-6.181385380961725,0.8564848271208129,-3.946567236907572,-1.0424800125288596,-2.9682610947132804,-1.5366783375260578,3.26944924447834,-1.5446154334271864,-6.968862914452719,-1.2219346239337205,2.2367750220441995
2025-07-31 23:00:00+00:00,2025-07-28 23:00:00+00:00,72,-1.1831923117401855,-160.69023273857215,-1.2565803177025732,-58.98051466997432,-1.1800405767806157,-31.897802730022512,1.7404477805833052,-36.74856025418614,-1.1173958133975233,-14.266598689081773,-0.7425691010306283,-1.774289743131139,0.3767595550832649,-3.2714573867384313,-1.3282934863728164,-7.847464681228403,-0.022358904336968716,-5.683041725078258,-1.1400844685358305,-7.447674538150603,0.8564848271208129,-4.700285999307831,-1.0424800125288596,-4.145289956360292,-1.55944373896185,3.4391049343128683,-0.9281121126273616,-0.5708525997148487,-1.2219346239337205,1.8679117421524574
